run_id,scenario_id,ns3_seed,ns3_run,sumo_seed,propagation,window_start_s,window_end_s,src,dst,tx,rx_ok,per,dist_m,within_evaluation_radius,v_src_mps,v_dst_mps,rssi_dbm,snr_db,phy_n,cbr_tx,cbr_rx,cbr_global
juelich_pilot_d30_r5_log_distance_s01_w1,juelich,12345,1,1,log-distance,5,6,veh0,veh1,5,0,1,776.167,0,8.39383,5.71856,nan,nan,0,0.01,0.01,0.00833333
juelich_pilot_d30_r5_log_distance_s01_w1,juelich,12345,1,1,log-distance,5,6,veh1,veh0,5,0,1,776.167,0,5.71856,8.39383,nan,nan,0,0.01,0.01,0.00833333
juelich_pilot_d30_r5_log_distance_s01_w1,juelich,12345,1,1,log-distance,6,7,veh0,veh1,5,0,1,765.282,0,8.38563,7.47437,nan,nan,0,0.01,0.01,0.00833333
juelich_pilot_d30_r5_log_distance_s01_w1,juelich,12345,1,1,log-distance,6,7,veh1,veh0,5,0,1,765.282,0,7.47437,8.38563,nan,nan,0,0.01,0.01,0.00833333
juelich_pilot_d30_r5_log_distance_s01_w1,juelich,12345,1,1,log-distance,7,8,veh0,veh1,5,0,1,753.943,0,8.3961,7.78427,nan,nan,0,0.01,0.01,0.00833333
juelich_pilot_d30_r5_log_distance_s01_w1,juelich,12345,1,1,log-distance,7,8,veh1,veh0,5,0,1,753.943,0,7.78427,8.3961,nan,nan,0,0.01,0.01,0.00833333
juelich_pilot_d30_r5_log_distance_s01_w1,juelich,12345,1,1,log-distance,8,9,veh0,veh1,5,0,1,742.734,0,8.37576,7.8006,nan,nan,0,0.01,0.01,0.00947222
juelich_pilot_d30_r5_log_distance_s01_w1,juelich,12345,1,1,log-distance,8,9,veh1,veh0,5,0,1,742.734,0,7.8006,8.37576,nan,nan,0,0.01,0.01,0.00947222
juelich_pilot_d30_r5_log_distance_s01_w1,juelich,12345,1,1,log-distance,8,9,veh2,veh3,4,4,0,266.873,1,6.44419,0,-75.2038,21.7725,4,0.009,0.00888889,0.00947222
juelich_pilot_d30_r5_log_distance_s01_w1,juelich,12345,1,1,log-distance,8,9,veh3,veh2,4,4,0,266.873,1,0,6.44419,-75.2038,21.7725,4,0.00888889,0.009,0.00947222
juelich_pilot_d30_r5_log_distance_s01_w1,juelich,12345,1,1,log-distance,9,10,veh0,veh1,5,0,1,731.715,0,8.40896,7.79301,nan,nan,0,0.01,0.01,0.01
juelich_pilot_d30_r5_log_distance_s01_w1,juelich,12345,1,1,log-distance,9,10,veh1,veh0,5,0,1,731.715,0,7.79301,8.40896,nan,nan,0,0.01,0.01,0.01
juelich_pilot_d30_r5_log_distance_s01_w1,juelich,12345,1,1,log-distance,9,10,veh2,veh3,5,5,0,264.84,1,6.70906,0,-75.1374,21.8389,5,0.01,0.01,0.01
juelich_pilot_d30_r5_log_distance_s01_w1,juelich,12345,1,1,log-distance,9,10,veh3,veh2,5,5,0,264.84,1,0,6.70906,-75.1374,21.8389,5,0.01,0.01,0.01
juelich_pilot_d30_r5_log_distance_s01_w1,juelich,12345,1,1,log-distance,10,11,veh0,veh1,5,0,1,720.929,0,8.42,7.78526,nan,nan,0,0.011,0.011,0.0114
juelich_pilot_d30_r5_log_distance_s01_w1,juelich,12345,1,1,log-distance,10,11,veh0,veh4,1,1,0,468.108,1,8.3986,0,-80.0846,16.8917,1,0.011,0.015,0.0114
juelich_pilot_d30_r5_log_distance_s01_w1,juelich,12345,1,1,log-distance,10,11,veh1,veh0,5,0,1,720.929,0,7.78526,8.42,nan,nan,0,0.011,0.011,0.0114
juelich_pilot_d30_r5_log_distance_s01_w1,juelich,12345,1,1,log-distance,10,11,veh1,veh4,1,1,0,251.004,1,7.79384,0,-74.6713,22.305,1,0.011,0.015,0.0114
juelich_pilot_d30_r5_log_distance_s01_w1,juelich,12345,1,1,log-distance,10,11,veh2,veh3,5,5,0,263.434,1,2.57617,0,-75.0911,21.8851,5,0.01,0.01,0.0114
juelich_pilot_d30_r5_log_distance_s01_w1,juelich,12345,1,1,log-distance,10,11,veh3,veh2,5,5,0,263.434,1,0,2.57617,-75.0911,21.8851,5,0.01,0.01,0.0114
juelich_pilot_d30_r5_log_distance_s01_w1,juelich,12345,1,1,log-distance,10,11,veh4,veh0,1,1,0,468.108,1,0,8.3986,-80.0846,16.8917,1,0.015,0.011,0.0114
juelich_pilot_d30_r5_log_distance_s01_w1,juelich,12345,1,1,log-distance,10,11,veh4,veh1,1,1,0,251.004,1,0,7.79384,-74.6713,22.305,1,0.015,0.011,0.0114
juelich_pilot_d30_r5_log_distance_s01_w1,juelich,12345,1,1,log-distance,11,12,veh0,veh1,5,0,1,710.465,0,8.39595,7.77678,nan,nan,0,0.015,0.015,0.013
juelich_pilot_d30_r5_log_distance_s01_w1,juelich,12345,1,1,log-distance,11,12,veh0,veh4,5,5,0,463.671,1,8.39595,1.39413,-80.0018,16.9745,5,0.015,0.015,0.013
juelich_pilot_d30_r5_log_distance_s01_w1,juelich,12345,1,1,log-distance,11,12,veh1,veh0,5,0,1,710.465,0,7.77678,8.39595,nan,nan,0,0.015,0.015,0.013
juelich_pilot_d30_r5_log_distance_s01_w1,juelich,12345,1,1,log-distance,11,12,veh1,veh4,5,5,0,249.573,1,7.77678,1.39413,-74.6216,22.3546,5,0.015,0.015,0.013
juelich_pilot_d30_r5_log_distance_s01_w1,juelich,12345,1,1,log-distance,11,12,veh2,veh3,5,5,0,263.219,1,0.000500316,1.17583,-75.084,21.8922,5,0.01,0.01,0.013
juelich_pilot_d30_r5_log_distance_s01_w1,juelich,12345,1,1,log-distance,11,12,veh3,veh2,5,5,0,263.219,1,1.17583,0.000500316,-75.084,21.8922,5,0.01,0.01,0.013
juelich_pilot_d30_r5_log_distance_s01_w1,juelich,12345,1,1,log-distance,11,12,veh4,veh0,5,5,0,463.671,1,1.39413,8.39595,-80.0018,16.9745,5,0.015,0.015,0.013
juelich_pilot_d30_r5_log_distance_s01_w1,juelich,12345,1,1,log-distance,11,12,veh4,veh1,5,5,0,249.573,1,1.39413,7.77678,-74.6216,22.3546,5,0.015,0.015,0.013
juelich_pilot_d30_r5_log_distance_s01_w1,juelich,12345,1,1,log-distance,12,13,veh0,veh1,5,0,1,700.232,0,8.41277,7.77566,nan,nan,0,0.015,0.015,0.013
juelich_pilot_d30_r5_log_distance_s01_w1,juelich,12345,1,1,log-distance,12,13,veh0,veh4,5,5,0,455.365,1,8.41277,3.51266,-79.8448,17.1315,5,0.015,0.015,0.013
juelich_pilot_d30_r5_log_distance_s01_w1,juelich,12345,1,1,log-distance,12,13,veh1,veh0,5,0,1,700.232,0,7.77566,8.41277,nan,nan,0,0.015,0.015,0.013
juelich_pilot_d30_r5_log_distance_s01_w1,juelich,12345,1,1,log-distance,12,13,veh1,veh4,5,5,0,248.57,1,7.77566,3.51266,-74.5867,22.3896,5,0.015,0.015,0.013
juelich_pilot_d30_r5_log_distance_s01_w1,juelich,12345,1,1,log-distance,12,13,veh2,veh3,5,5,0,263.343,1,0,3.27638,-75.0881,21.8882,5,0.01,0.01,0.013
juelich_pilot_d30_r5_log_distance_s01_w1,juelich,12345,1,1,log-distance,12,13,veh3,veh2,5,5,0,263.343,1,3.27638,0,-75.0881,21.8882,5,0.01,0.01,0.013
juelich_pilot_d30_r5_log_distance_s01_w1,juelich,12345,1,1,log-distance,12,13,veh4,veh0,5,5,0,455.365,1,3.51266,8.41277,-79.8448,17.1315,5,0.015,0.015,0.013
juelich_pilot_d30_r5_log_distance_s01_w1,juelich,12345,1,1,log-distance,12,13,veh4,veh1,5,5,0,248.57,1,3.51266,7.77566,-74.5867,22.3896,5,0.015,0.015,0.013
juelich_pilot_d30_r5_log_distance_s01_w1,juelich,12345,1,1,log-distance,13,14,veh0,veh1,5,0,1,690.203,0,8.40415,7.78926,nan,nan,0,0.017,0.015,0.0135
juelich_pilot_d30_r5_log_distance_s01_w1,juelich,12345,1,1,log-distance,13,14,veh0,veh4,5,5,0,445.943,1,8.40415,5.54132,-79.6631,17.3132,5,0.017,0.017,0.0135
juelich_pilot_d30_r5_log_distance_s01_w1,juelich,12345,1,1,log-distance,13,14,veh0,veh5,2,2,0,300.726,1,8.40462,0.494943,-76.2411,20.7352,2,0.017,0.012,0.0135
juelich_pilot_d30_r5_log_distance_s01_w1,juelich,12345,1,1,log-distance,13,14,veh1,veh0,5,0,1,690.203,0,7.78926,8.40415,nan,nan,0,0.015,0.017,0.0135
juelich_pilot_d30_r5_log_distance_s01_w1,juelich,12345,1,1,log-distance,13,14,veh1,veh4,5,5,0,249.409,1,7.78926,5.54132,-74.6159,22.3604,5,0.015,0.017,0.0135
juelich_pilot_d30_r5_log_distance_s01_w1,juelich,12345,1,1,log-distance,13,14,veh1,veh5,2,0,1,987.9,0,7.77811,0.494943,nan,nan,0,0.015,0.012,0.0135
juelich_pilot_d30_r5_log_distance_s01_w1,juelich,12345,1,1,log-distance,13,14,veh2,veh3,5,5,0,263.106,1,1.17853,5.31447,-75.0803,21.896,5,0.01,0.01,0.0135
juelich_pilot_d30_r5_log_distance_s01_w1,juelich,12345,1,1,log-distance,13,14,veh3,veh2,5,5,0,263.106,1,5.31447,1.17853,-75.0803,21.896,5,0.01,0.01,0.0135
juelich_pilot_d30_r5_log_distance_s01_w1,juelich,12345,1,1,log-distance,13,14,veh3,veh5,2,0,1,980.78,0,5.90599,0.494943,nan,nan,0,0.01,0.012,0.0135
juelich_pilot_d30_r5_log_distance_s01_w1,juelich,12345,1,1,log-distance,13,14,veh4,veh0,5,5,0,445.943,1,5.54132,8.40415,-79.6631,17.3132,5,0.017,0.017,0.0135
juelich_pilot_d30_r5_log_distance_s01_w1,juelich,12345,1,1,log-distance,13,14,veh4,veh1,5,5,0,249.409,1,5.54132,7.78926,-74.6159,22.3604,5,0.017,0.015,0.0135
juelich_pilot_d30_r5_log_distance_s01_w1,juelich,12345,1,1,log-distance,13,14,veh4,veh5,2,0,1,742.464,0,6.13687,0.494943,nan,nan,0,0.017,0.012,0.0135
juelich_pilot_d30_r5_log_distance_s01_w1,juelich,12345,1,1,log-distance,13,14,veh5,veh0,2,2,0,300.726,1,0.494943,8.40462,-76.2411,20.7352,2,0.012,0.017,0.0135
juelich_pilot_d30_r5_log_distance_s01_w1,juelich,12345,1,1,log-distance,13,14,veh5,veh1,2,0,1,987.9,0,0.494943,7.77811,nan,nan,0,0.012,0.015,0.0135
juelich_pilot_d30_r5_log_distance_s01_w1,juelich,12345,1,1,log-distance,13,14,veh5,veh3,2,0,1,980.78,0,0.494943,5.90599,nan,nan,0,0.012,0.01,0.0135
juelich_pilot_d30_r5_log_distance_s01_w1,juelich,12345,1,1,log-distance,13,14,veh5,veh4,2,0,1,742.464,0,0.494943,6.13687,nan,nan,0,0.012,0.017,0.0135
juelich_pilot_d30_r5_log_distance_s01_w1,juelich,12345,1,1,log-distance,14,15,veh0,veh1,5,0,1,680.379,0,8.38123,7.79186,nan,nan,0,0.02,0.015,0.015
juelich_pilot_d30_r5_log_distance_s01_w1,juelich,12345,1,1,log-distance,14,15,veh0,veh4,5,5,0,435.785,1,8.38123,7.07333,-79.4629,17.5133,5,0.02,0.02,0.015
juelich_pilot_d30_r5_log_distance_s01_w1,juelich,12345,1,1,log-distance,14,15,veh0,veh5,5,5,0,305.86,1,8.38123,2.06393,-76.3879,20.5884,5,0.02,0.015,0.015
juelich_pilot_d30_r5_log_distance_s01_w1,juelich,12345,1,1,log-distance,14,15,veh1,veh0,5,0,1,680.379,0,7.79186,8.38123,nan,nan,0,0.015,0.02,0.015
juelich_pilot_d30_r5_log_distance_s01_w1,juelich,12345,1,1,log-distance,14,15,veh1,veh4,5,5,0,251.877,1,7.79186,7.07333,-74.7014,22.2749,5,0.015,0.02,0.015
juelich_pilot_d30_r5_log_distance_s01_w1,juelich,12345,1,1,log-distance,14,15,veh1,veh5,5,0,1,986.22,0,7.79186,2.06393,nan,nan,0,0.015,0.015,0.015
juelich_pilot_d30_r5_log_distance_s01_w1,juelich,12345,1,1,log-distance,14,15,veh2,veh3,5,5,0,260.023,1,3.33886,7.23972,-74.9778,21.9985,5,0.01,0.01,0.015
juelich_pilot_d30_r5_log_distance_s01_w1,juelich,12345,1,1,log-distance,14,15,veh3,veh2,5,5,0,260.023,1,7.23972,3.33886,-74.9778,21.9985,5,0.01,0.01,0.015
juelich_pilot_d30_r5_log_distance_s01_w1,juelich,12345,1,1,log-distance,14,15,veh3,veh5,5,0,1,976.001,0,7.23972,2.06393,nan,nan,0,0.01,0.015,0.015
juelich_pilot_d30_r5_log_distance_s01_w1,juelich,12345,1,1,log-distance,14,15,veh4,veh0,5,5,0,435.785,1,7.07333,8.38123,-79.4629,17.5133,5,0.02,0.02,0.015
juelich_pilot_d30_r5_log_distance_s01_w1,juelich,12345,1,1,log-distance,14,15,veh4,veh1,5,5,0,251.877,1,7.07333,7.79186,-74.7014,22.2749,5,0.02,0.015,0.015
juelich_pilot_d30_r5_log_distance_s01_w1,juelich,12345,1,1,log-distance,14,15,veh4,veh5,5,0,1,740.664,0,7.07333,2.06393,nan,nan,0,0.02,0.015,0.015
juelich_pilot_d30_r5_log_distance_s01_w1,juelich,12345,1,1,log-distance,14,15,veh5,veh0,5,5,0,305.86,1,2.06393,8.38123,-76.3879,20.5884,5,0.015,0.02,0.015
juelich_pilot_d30_r5_log_distance_s01_w1,juelich,12345,1,1,log-distance,14,15,veh5,veh1,5,0,1,986.22,0,2.06393,7.79186,nan,nan,0,0.015,0.015,0.015
juelich_pilot_d30_r5_log_distance_s01_w1,juelich,12345,1,1,log-distance,14,15,veh5,veh3,5,0,1,976.001,0,2.06393,7.23972,nan,nan,0,0.015,0.01,0.015
juelich_pilot_d30_r5_log_distance_s01_w1,juelich,12345,1,1,log-distance,14,15,veh5,veh4,5,0,1,740.664,0,2.06393,7.07333,nan,nan,0,0.015,0.02,0.015
juelich_pilot_d30_r5_log_distance_s01_w1,juelich,12345,1,1,log-distance,15,16,veh0,veh1,5,0,1,670.816,0,8.40425,7.79782,nan,nan,0,0.02,0.015,0.015
juelich_pilot_d30_r5_log_distance_s01_w1,juelich,12345,1,1,log-distance,15,16,veh0,veh4,5,5,0,424.862,1,8.40425,7.28388,-79.2424,17.7339,5,0.02,0.02,0.015
juelich_pilot_d30_r5_log_distance_s01_w1,juelich,12345,1,1,log-distance,15,16,veh0,veh5,5,5,0,314.683,1,8.40425,4.02101,-76.6348,20.3415,5,0.02,0.015,0.015
juelich_pilot_d30_r5_log_distance_s01_w1,juelich,12345,1,1,log-distance,15,16,veh1,veh0,5,0,1,670.816,0,7.79782,8.40425,nan,nan,0,0.015,0.02,0.015
juelich_pilot_d30_r5_log_distance_s01_w1,juelich,12345,1,1,log-distance,15,16,veh1,veh4,5,5,0,255.826,1,7.79782,7.28388,-74.8365,22.1398,5,0.015,0.02,0.015
juelich_pilot_d30_r5_log_distance_s01_w1,juelich,12345,1,1,log-distance,15,16,veh1,veh5,5,0,1,985.225,0,7.79782,4.02101,nan,nan,0,0.015,0.015,0.015
juelich_pilot_d30_r5_log_distance_s01_w1,juelich,12345,1,1,log-distance,15,16,veh2,veh3,5,5,0,252.736,1,5.37278,9.10483,-74.7306,22.2456,5,0.01,0.01,0.015
juelich_pilot_d30_r5_log_distance_s01_w1,juelich,12345,1,1,log-distance,15,16,veh3,veh2,5,5,0,252.736,1,9.10483,5.37278,-74.7306,22.2456,5,0.01,0.01,0.015
juelich_pilot_d30_r5_log_distance_s01_w1,juelich,12345,1,1,log-distance,15,16,veh3,veh5,5,0,1,968.309,0,9.10483,4.02101,nan,nan,0,0.01,0.015,0.015
juelich_pilot_d30_r5_log_distance_s01_w1,juelich,12345,1,1,log-distance,15,16,veh4,veh0,5,5,0,424.862,1,7.28388,8.40425,-79.2424,17.7339,5,0.02,0.02,0.015
juelich_pilot_d30_r5_log_distance_s01_w1,juelich,12345,1,1,log-distance,15,16,veh4,veh1,5,5,0,255.826,1,7.28388,7.79782,-74.8365,22.1398,5,0.02,0.015,0.015
juelich_pilot_d30_r5_log_distance_s01_w1,juelich,12345,1,1,log-distance,15,16,veh4,veh5,5,0,1,738.92,0,7.28388,4.02101,nan,nan,0,0.02,0.015,0.015
juelich_pilot_d30_r5_log_distance_s01_w1,juelich,12345,1,1,log-distance,15,16,veh5,veh0,5,5,0,314.683,1,4.02101,8.40425,-76.6348,20.3415,5,0.015,0.02,0.015
juelich_pilot_d30_r5_log_distance_s01_w1,juelich,12345,1,1,log-distance,15,16,veh5,veh1,5,0,1,985.225,0,4.02101,7.79782,nan,nan,0,0.015,0.015,0.015
juelich_pilot_d30_r5_log_distance_s01_w1,juelich,12345,1,1,log-distance,15,16,veh5,veh3,5,0,1,968.309,0,4.02101,9.10483,nan,nan,0,0.015,0.01,0.015
juelich_pilot_d30_r5_log_distance_s01_w1,juelich,12345,1,1,log-distance,15,16,veh5,veh4,5,0,1,738.92,0,4.02101,7.28388,nan,nan,0,0.015,0.02,0.015
juelich_pilot_d30_r5_log_distance_s01_w1,juelich,12345,1,1,log-distance,16,17,veh0,veh1,5,0,1,661.532,0,8.38702,7.77299,nan,nan,0,0.024,0.019,0.0174286
juelich_pilot_d30_r5_log_distance_s01_w1,juelich,12345,1,1,log-distance,16,17,veh0,veh4,5,5,0,413.62,1,8.38702,7.29216,-79.0095,17.9668,5,0.024,0.024,0.0174286
juelich_pilot_d30_r5_log_distance_s01_w1,juelich,12345,1,1,log-distance,16,17,veh0,veh5,5,5,0,325.177,1,8.38702,5.99689,-76.9197,20.0566,5,0.024,0.015,0.0174286
juelich_pilot_d30_r5_log_distance_s01_w1,juelich,12345,1,1,log-distance,16,17,veh0,veh6,4,4,0,514.848,0,8.38084,0.732532,-80.9112,16.0651,4,0.024,0.02,0.0174286
juelich_pilot_d30_r5_log_distance_s01_w1,juelich,12345,1,1,log-distance,16,17,veh1,veh0,5,0,1,661.532,0,7.77299,8.38702,nan,nan,0,0.019,0.024,0.0174286
juelich_pilot_d30_r5_log_distance_s01_w1,juelich,12345,1,1,log-distance,16,17,veh1,veh4,5,5,0,260.609,1,7.77299,7.29216,-74.9973,21.9789,5,0.019,0.024,0.0174286
juelich_pilot_d30_r5_log_distance_s01_w1,juelich,12345,1,1,log-distance,16,17,veh1,veh5,5,0,1,985.711,0,7.77299,5.99689,nan,nan,0,0.019,0.015,0.0174286
juelich_pilot_d30_r5_log_distance_s01_w1,juelich,12345,1,1,log-distance,16,17,veh1,veh6,4,4,0,205.014,1,7.77045,0.732532,-72.9134,24.0629,4,0.019,0.02,0.0174286
juelich_pilot_d30_r5_log_distance_s01_w1,juelich,12345,1,1,log-distance,16,17,veh2,veh3,5,5,0,242.594,1,7.1533,10.7765,-74.3744,22.6019,5,0.01,0.01,0.0174286
juelich_pilot_d30_r5_log_distance_s01_w1,juelich,12345,1,1,log-distance,16,17,veh3,veh2,5,5,0,242.594,1,10.7765,7.1533,-74.3744,22.6019,5,0.01,0.01,0.0174286
juelich_pilot_d30_r5_log_distance_s01_w1,juelich,12345,1,1,log-distance,16,17,veh3,veh5,5,0,1,958.767,0,10.7765,5.99689,nan,nan,0,0.01,0.015,0.0174286
juelich_pilot_d30_r5_log_distance_s01_w1,juelich,12345,1,1,log-distance,16,17,veh4,veh0,5,5,0,413.62,1,7.29216,8.38702,-79.0095,17.9668,5,0.024,0.024,0.0174286
juelich_pilot_d30_r5_log_distance_s01_w1,juelich,12345,1,1,log-distance,16,17,veh4,veh1,5,5,0,260.609,1,7.29216,7.77299,-74.9973,21.9789,5,0.024,0.019,0.0174286
juelich_pilot_d30_r5_log_distance_s01_w1,juelich,12345,1,1,log-distance,16,17,veh4,veh5,5,0,1,738.475,0,7.29216,5.99689,nan,nan,0,0.024,0.015,0.0174286
juelich_pilot_d30_r5_log_distance_s01_w1,juelich,12345,1,1,log-distance,16,17,veh4,veh6,4,4,0,110.773,1,7.29443,0.732532,-67.5663,29.4099,4,0.024,0.02,0.0174286
juelich_pilot_d30_r5_log_distance_s01_w1,juelich,12345,1,1,log-distance,16,17,veh5,veh0,5,5,0,325.177,1,5.99689,8.38702,-76.9197,20.0566,5,0.015,0.024,0.0174286
juelich_pilot_d30_r5_log_distance_s01_w1,juelich,12345,1,1,log-distance,16,17,veh5,veh1,5,0,1,985.711,0,5.99689,7.77299,nan,nan,0,0.015,0.019,0.0174286
juelich_pilot_d30_r5_log_distance_s01_w1,juelich,12345,1,1,log-distance,16,17,veh5,veh3,5,0,1,958.767,0,5.99689,10.7765,nan,nan,0,0.015,0.01,0.0174286
juelich_pilot_d30_r5_log_distance_s01_w1,juelich,12345,1,1,log-distance,16,17,veh5,veh4,5,0,1,738.475,0,5.99689,7.29216,nan,nan,0,0.015,0.024,0.0174286
juelich_pilot_d30_r5_log_distance_s01_w1,juelich,12345,1,1,log-distance,16,17,veh5,veh6,4,0,1,838.937,0,6.20363,0.732532,nan,nan,0,0.015,0.02,0.0174286
juelich_pilot_d30_r5_log_distance_s01_w1,juelich,12345,1,1,log-distance,16,17,veh6,veh0,4,4,0,514.848,0,0.732532,8.38084,-80.9112,16.0651,4,0.02,0.024,0.0174286
juelich_pilot_d30_r5_log_distance_s01_w1,juelich,12345,1,1,log-distance,16,17,veh6,veh1,4,4,0,205.014,1,0.732532,7.77045,-72.9134,24.0629,4,0.02,0.019,0.0174286
juelich_pilot_d30_r5_log_distance_s01_w1,juelich,12345,1,1,log-distance,16,17,veh6,veh4,4,4,0,110.773,1,0.732532,7.29443,-67.5663,29.4099,4,0.02,0.024,0.0174286
juelich_pilot_d30_r5_log_distance_s01_w1,juelich,12345,1,1,log-distance,16,17,veh6,veh5,4,0,1,838.937,0,0.732532,6.20363,nan,nan,0,0.02,0.015,0.0174286
juelich_pilot_d30_r5_log_distance_s01_w1,juelich,12345,1,1,log-distance,17,18,veh0,veh1,5,0,1,652.533,0,8.39033,7.79908,nan,nan,0,0.025,0.02,0.0178571
juelich_pilot_d30_r5_log_distance_s01_w1,juelich,12345,1,1,log-distance,17,18,veh0,veh4,5,5,0,402.421,1,8.39033,7.28556,-78.771,18.2052,5,0.025,0.025,0.0178571
juelich_pilot_d30_r5_log_distance_s01_w1,juelich,12345,1,1,log-distance,17,18,veh0,veh5,5,5,0,337.348,1,8.39033,7.77977,-77.2388,19.7375,5,0.025,0.015,0.0178571
juelich_pilot_d30_r5_log_distance_s01_w1,juelich,12345,1,1,log-distance,17,18,veh0,veh6,5,5,0,506.884,0,8.39033,2.61135,-80.7757,16.2005,5,0.025,0.02,0.0178571
juelich_pilot_d30_r5_log_distance_s01_w1,juelich,12345,1,1,log-distance,17,18,veh1,veh0,5,0,1,652.533,0,7.79908,8.39033,nan,nan,0,0.02,0.025,0.0178571
juelich_pilot_d30_r5_log_distance_s01_w1,juelich,12345,1,1,log-distance,17,18,veh1,veh4,5,5,0,265.869,1,7.79908,7.28556,-75.1709,21.8054,5,0.02,0.025,0.0178571
juelich_pilot_d30_r5_log_distance_s01_w1,juelich,12345,1,1,log-distance,17,18,veh1,veh5,5,0,1,987.579,0,7.79908,7.77977,nan,nan,0,0.02,0.015,0.0178571
juelich_pilot_d30_r5_log_distance_s01_w1,juelich,12345,1,1,log-distance,17,18,veh1,veh6,5,5,0,207.07,1,7.79908,2.61135,-73,23.9763,5,0.02,0.02,0.0178571
juelich_pilot_d30_r5_log_distance_s01_w1,juelich,12345,1,1,log-distance,17,18,veh2,veh3,5,5,0,229.163,1,9.01805,12.0847,-73.8793,23.097,5,0.01,0.01,0.0178571
juelich_pilot_d30_r5_log_distance_s01_w1,juelich,12345,1,1,log-distance,17,18,veh3,veh2,5,5,0,229.163,1,12.0847,9.01805,-73.8793,23.097,5,0.01,0.01,0.0178571
juelich_pilot_d30_r5_log_distance_s01_w1,juelich,12345,1,1,log-distance,17,18,veh3,veh5,5,0,1,950.17,0,12.0847,7.77977,nan,nan,0,0.01,0.015,0.0178571
juelich_pilot_d30_r5_log_distance_s01_w1,juelich,12345,1,1,log-distance,17,18,veh4,veh0,5,5,0,402.421,1,7.28556,8.39033,-78.771,18.2052,5,0.025,0.025,0.0178571
juelich_pilot_d30_r5_log_distance_s01_w1,juelich,12345,1,1,log-distance,17,18,veh4,veh1,5,5,0,265.869,1,7.28556,7.79908,-75.1709,21.8054,5,0.025,0.02,0.0178571
juelich_pilot_d30_r5_log_distance_s01_w1,juelich,12345,1,1,log-distance,17,18,veh4,veh5,5,0,1,739.664,0,7.28556,7.77977,nan,nan,0,0.025,0.015,0.0178571
juelich_pilot_d30_r5_log_distance_s01_w1,juelich,12345,1,1,log-distance,17,18,veh4,veh6,5,5,0,110.625,1,7.28556,2.61135,-67.5547,29.4215,5,0.025,0.02,0.0178571
juelich_pilot_d30_r5_log_distance_s01_w1,juelich,12345,1,1,log-distance,17,18,veh5,veh0,5,5,0,337.348,1,7.77977,8.39033,-77.2388,19.7375,5,0.015,0.025,0.0178571
juelich_pilot_d30_r5_log_distance_s01_w1,juelich,12345,1,1,log-distance,17,18,veh5,veh1,5,0,1,987.579,0,7.77977,7.79908,nan,nan,0,0.015,0.02,0.0178571
juelich_pilot_d30_r5_log_distance_s01_w1,juelich,12345,1,1,log-distance,17,18,veh5,veh3,5,0,1,950.17,0,7.77977,12.0847,nan,nan,0,0.015,0.01,0.0178571
juelich_pilot_d30_r5_log_distance_s01_w1,juelich,12345,1,1,log-distance,17,18,veh5,veh4,5,0,1,739.664,0,7.77977,7.28556,nan,nan,0,0.015,0.025,0.0178571
juelich_pilot_d30_r5_log_distance_s01_w1,juelich,12345,1,1,log-distance,17,18,veh5,veh6,5,0,1,842.916,0,7.77977,2.61135,nan,nan,0,0.015,0.02,0.0178571
juelich_pilot_d30_r5_log_distance_s01_w1,juelich,12345,1,1,log-distance,17,18,veh6,veh0,5,5,0,506.884,0,2.61135,8.39033,-80.7757,16.2005,5,0.02,0.025,0.0178571
juelich_pilot_d30_r5_log_distance_s01_w1,juelich,12345,1,1,log-distance,17,18,veh6,veh1,5,5,0,207.07,1,2.61135,7.79908,-73,23.9763,5,0.02,0.02,0.0178571
juelich_pilot_d30_r5_log_distance_s01_w1,juelich,12345,1,1,log-distance,17,18,veh6,veh4,5,5,0,110.625,1,2.61135,7.28556,-67.5547,29.4215,5,0.02,0.025,0.0178571
juelich_pilot_d30_r5_log_distance_s01_w1,juelich,12345,1,1,log-distance,17,18,veh6,veh5,5,0,1,842.916,0,2.61135,7.77977,nan,nan,0,0.02,0.015,0.0178571
juelich_pilot_d30_r5_log_distance_s01_w1,juelich,12345,1,1,log-distance,18,19,veh0,veh1,5,0,1,643.88,0,8.38903,7.78333,nan,nan,0,0.025,0.02,0.015625
juelich_pilot_d30_r5_log_distance_s01_w1,juelich,12345,1,1,log-distance,18,19,veh0,veh4,5,5,0,391.292,1,8.38903,7.28868,-78.5274,18.4488,5,0.025,0.025,0.015625
juelich_pilot_d30_r5_log_distance_s01_w1,juelich,12345,1,1,log-distance,18,19,veh0,veh5,5,5,0,350.547,1,8.38903,8.13911,-77.5721,19.4042,5,0.025,0.015,0.015625
juelich_pilot_d30_r5_log_distance_s01_w1,juelich,12345,1,1,log-distance,18,19,veh0,veh6,5,5,0,496.667,1,8.38903,4.42342,-80.5988,16.3775,5,0.025,0.02,0.015625
juelich_pilot_d30_r5_log_distance_s01_w1,juelich,12345,1,1,log-distance,18,19,veh1,veh0,5,0,1,643.88,0,7.78333,8.38903,nan,nan,0,0.02,0.025,0.015625
juelich_pilot_d30_r5_log_distance_s01_w1,juelich,12345,1,1,log-distance,18,19,veh1,veh4,5,5,0,271.594,1,7.78333,7.28868,-75.3559,21.6203,5,0.02,0.025,0.015625
juelich_pilot_d30_r5_log_distance_s01_w1,juelich,12345,1,1,log-distance,18,19,veh1,veh5,5,0,1,990.205,0,7.78333,8.13911,nan,nan,0,0.02,0.015,0.015625
juelich_pilot_d30_r5_log_distance_s01_w1,juelich,12345,1,1,log-distance,18,19,veh1,veh6,5,5,0,209.623,1,7.78333,4.42342,-73.1064,23.8698,5,0.02,0.02,0.015625
juelich_pilot_d30_r5_log_distance_s01_w1,juelich,12345,1,1,log-distance,18,19,veh2,veh3,5,5,0,214.696,1,11.0313,12.1551,-73.3125,23.6637,5,0.01,0.01,0.015625
juelich_pilot_d30_r5_log_distance_s01_w1,juelich,12345,1,1,log-distance,18,19,veh2,veh5,1,0,1,999.061,0,11.7564,8.1292,nan,nan,0,0.01,0.015,0.015625
juelich_pilot_d30_r5_log_distance_s01_w1,juelich,12345,1,1,log-distance,18,19,veh3,veh2,5,5,0,214.696,1,12.1551,11.0313,-73.3125,23.6637,5,0.01,0.01,0.015625
juelich_pilot_d30_r5_log_distance_s01_w1,juelich,12345,1,1,log-distance,18,19,veh3,veh5,5,0,1,940.744,0,12.1551,8.13911,nan,nan,0,0.01,0.015,0.015625
juelich_pilot_d30_r5_log_distance_s01_w1,juelich,12345,1,1,log-distance,18,19,veh4,veh0,5,5,0,391.292,1,7.28868,8.38903,-78.5274,18.4488,5,0.025,0.025,0.015625
juelich_pilot_d30_r5_log_distance_s01_w1,juelich,12345,1,1,log-distance,18,19,veh4,veh1,5,5,0,271.594,1,7.28868,7.78333,-75.3559,21.6203,5,0.025,0.02,0.015625
juelich_pilot_d30_r5_log_distance_s01_w1,juelich,12345,1,1,log-distance,18,19,veh4,veh5,5,0,1,741.83,0,7.28868,8.13911,nan,nan,0,0.025,0.015,0.015625
juelich_pilot_d30_r5_log_distance_s01_w1,juelich,12345,1,1,log-distance,18,19,veh4,veh6,5,5,0,109.283,1,7.28868,4.42342,-67.4487,29.5276,5,0.025,0.02,0.015625
juelich_pilot_d30_r5_log_distance_s01_w1,juelich,12345,1,1,log-distance,18,19,veh5,veh0,5,5,0,350.547,1,8.13911,8.38903,-77.5721,19.4042,5,0.015,0.025,0.015625
juelich_pilot_d30_r5_log_distance_s01_w1,juelich,12345,1,1,log-distance,18,19,veh5,veh1,5,0,1,990.205,0,8.13911,7.78333,nan,nan,0,0.015,0.02,0.015625
juelich_pilot_d30_r5_log_distance_s01_w1,juelich,12345,1,1,log-distance,18,19,veh5,veh2,1,0,1,999.061,0,8.1292,11.7564,nan,nan,0,0.015,0.01,0.015625
juelich_pilot_d30_r5_log_distance_s01_w1,juelich,12345,1,1,log-distance,18,19,veh5,veh3,5,0,1,940.744,0,8.13911,12.1551,nan,nan,0,0.015,0.01,0.015625
juelich_pilot_d30_r5_log_distance_s01_w1,juelich,12345,1,1,log-distance,18,19,veh5,veh4,5,0,1,741.83,0,8.13911,7.28868,nan,nan,0,0.015,0.025,0.015625
juelich_pilot_d30_r5_log_distance_s01_w1,juelich,12345,1,1,log-distance,18,19,veh5,veh6,5,0,1,846.664,0,8.13911,4.42342,nan,nan,0,0.015,0.02,0.015625
juelich_pilot_d30_r5_log_distance_s01_w1,juelich,12345,1,1,log-distance,18,19,veh6,veh0,5,5,0,496.667,1,4.42342,8.38903,-80.5988,16.3775,5,0.02,0.025,0.015625
juelich_pilot_d30_r5_log_distance_s01_w1,juelich,12345,1,1,log-distance,18,19,veh6,veh1,5,5,0,209.623,1,4.42342,7.78333,-73.1064,23.8698,5,0.02,0.02,0.015625
juelich_pilot_d30_r5_log_distance_s01_w1,juelich,12345,1,1,log-distance,18,19,veh6,veh4,5,5,0,109.283,1,4.42342,7.28868,-67.4487,29.5276,5,0.02,0.025,0.015625
juelich_pilot_d30_r5_log_distance_s01_w1,juelich,12345,1,1,log-distance,18,19,veh6,veh5,5,0,1,846.664,0,4.42342,8.13911,nan,nan,0,0.02,0.015,0.015625
juelich_pilot_d30_r5_log_distance_s01_w1,juelich,12345,1,1,log-distance,19,20,veh0,veh1,5,0,1,635.45,0,8.41823,7.77944,nan,nan,0,0.03,0.02,0.02125
juelich_pilot_d30_r5_log_distance_s01_w1,juelich,12345,1,1,log-distance,19,20,veh0,veh4,5,5,0,380.175,1,8.41823,7.28212,-78.2771,18.6992,5,0.03,0.025,0.02125
juelich_pilot_d30_r5_log_distance_s01_w1,juelich,12345,1,1,log-distance,19,20,veh0,veh5,5,5,0,364.047,1,8.41823,8.13173,-77.9004,19.0759,5,0.03,0.02,0.02125
juelich_pilot_d30_r5_log_distance_s01_w1,juelich,12345,1,1,log-distance,19,20,veh0,veh6,5,5,0,484.931,1,8.41823,6.44025,-80.3911,16.5852,5,0.03,0.02,0.02125
juelich_pilot_d30_r5_log_distance_s01_w1,juelich,12345,1,1,log-distance,19,20,veh0,veh7,5,0,1,754.016,0,8.41823,1.20952,nan,nan,0,0.03,0.025,0.02125
juelich_pilot_d30_r5_log_distance_s01_w1,juelich,12345,1,1,log-distance,19,20,veh1,veh0,5,0,1,635.45,0,7.77944,8.41823,nan,nan,0,0.02,0.03,0.02125
juelich_pilot_d30_r5_log_distance_s01_w1,juelich,12345,1,1,log-distance,19,20,veh1,veh4,5,5,0,277.682,1,7.77944,7.28212,-75.5485,21.4278,5,0.02,0.025,0.02125
juelich_pilot_d30_r5_log_distance_s01_w1,juelich,12345,1,1,log-distance,19,20,veh1,veh5,5,0,1,992.806,0,7.77944,8.13173,nan,nan,0,0.02,0.02,0.02125
juelich_pilot_d30_r5_log_distance_s01_w1,juelich,12345,1,1,log-distance,19,20,veh1,veh6,5,5,0,212.283,1,7.77944,6.44025,-73.2159,23.7603,5,0.02,0.02,0.02125
juelich_pilot_d30_r5_log_distance_s01_w1,juelich,12345,1,1,log-distance,19,20,veh2,veh3,5,5,0,199.796,1,12.5645,12.1512,-72.6874,24.2889,5,0.015,0.015,0.02125
juelich_pilot_d30_r5_log_distance_s01_w1,juelich,12345,1,1,log-distance,19,20,veh2,veh5,5,0,1,987.867,0,12.5645,8.13173,nan,nan,0,0.015,0.02,0.02125
juelich_pilot_d30_r5_log_distance_s01_w1,juelich,12345,1,1,log-distance,19,20,veh2,veh7,5,5,0,399.052,1,12.5645,1.20952,-78.698,18.2783,5,0.015,0.025,0.02125
juelich_pilot_d30_r5_log_distance_s01_w1,juelich,12345,1,1,log-distance,19,20,veh3,veh2,5,5,0,199.796,1,12.1512,12.5645,-72.6874,24.2889,5,0.015,0.015,0.02125
juelich_pilot_d30_r5_log_distance_s01_w1,juelich,12345,1,1,log-distance,19,20,veh3,veh5,5,0,1,931.439,0,12.1512,8.13173,nan,nan,0,0.015,0.02,0.02125
juelich_pilot_d30_r5_log_distance_s01_w1,juelich,12345,1,1,log-distance,19,20,veh3,veh7,5,5,0,397.665,1,12.1512,1.20952,-78.668,18.3083,5,0.015,0.025,0.02125
juelich_pilot_d30_r5_log_distance_s01_w1,juelich,12345,1,1,log-distance,19,20,veh4,veh0,5,5,0,380.175,1,7.28212,8.41823,-78.2771,18.6992,5,0.025,0.03,0.02125
juelich_pilot_d30_r5_log_distance_s01_w1,juelich,12345,1,1,log-distance,19,20,veh4,veh1,5,5,0,277.682,1,7.28212,7.77944,-75.5485,21.4278,5,0.025,0.02,0.02125
juelich_pilot_d30_r5_log_distance_s01_w1,juelich,12345,1,1,log-distance,19,20,veh4,veh5,5,0,1,744.19,0,7.28212,8.13173,nan,nan,0,0.025,0.02,0.02125
juelich_pilot_d30_r5_log_distance_s01_w1,juelich,12345,1,1,log-distance,19,20,veh4,veh6,5,5,0,106.769,1,7.28212,6.44025,-67.2463,29.73,5,0.025,0.02,0.02125
juelich_pilot_d30_r5_log_distance_s01_w1,juelich,12345,1,1,log-distance,19,20,veh5,veh0,5,5,0,364.047,1,8.13173,8.41823,-77.9004,19.0759,5,0.02,0.03,0.02125
juelich_pilot_d30_r5_log_distance_s01_w1,juelich,12345,1,1,log-distance,19,20,veh5,veh1,5,0,1,992.806,0,8.13173,7.77944,nan,nan,0,0.02,0.02,0.02125
juelich_pilot_d30_r5_log_distance_s01_w1,juelich,12345,1,1,log-distance,19,20,veh5,veh2,5,0,1,987.867,0,8.13173,12.5645,nan,nan,0,0.02,0.015,0.02125
juelich_pilot_d30_r5_log_distance_s01_w1,juelich,12345,1,1,log-distance,19,20,veh5,veh3,5,0,1,931.439,0,8.13173,12.1512,nan,nan,0,0.02,0.015,0.02125
juelich_pilot_d30_r5_log_distance_s01_w1,juelich,12345,1,1,log-distance,19,20,veh5,veh4,5,0,1,744.19,0,8.13173,7.28212,nan,nan,0,0.02,0.025,0.02125
juelich_pilot_d30_r5_log_distance_s01_w1,juelich,12345,1,1,log-distance,19,20,veh5,veh6,5,0,1,848.868,0,8.13173,6.44025,nan,nan,0,0.02,0.02,0.02125
juelich_pilot_d30_r5_log_distance_s01_w1,juelich,12345,1,1,log-distance,19,20,veh5,veh7,5,0,1,593.994,0,8.13173,1.20952,nan,nan,0,0.02,0.025,0.02125
juelich_pilot_d30_r5_log_distance_s01_w1,juelich,12345,1,1,log-distance,19,20,veh6,veh0,5,5,0,484.931,1,6.44025,8.41823,-80.3911,16.5852,5,0.02,0.03,0.02125
juelich_pilot_d30_r5_log_distance_s01_w1,juelich,12345,1,1,log-distance,19,20,veh6,veh1,5,5,0,212.283,1,6.44025,7.77944,-73.2159,23.7603,5,0.02,0.02,0.02125
juelich_pilot_d30_r5_log_distance_s01_w1,juelich,12345,1,1,log-distance,19,20,veh6,veh4,5,5,0,106.769,1,6.44025,7.28212,-67.2463,29.73,5,0.02,0.025,0.02125
juelich_pilot_d30_r5_log_distance_s01_w1,juelich,12345,1,1,log-distance,19,20,veh6,veh5,5,0,1,848.868,0,6.44025,8.13173,nan,nan,0,0.02,0.02,0.02125
juelich_pilot_d30_r5_log_distance_s01_w1,juelich,12345,1,1,log-distance,19,20,veh7,veh0,5,0,1,754.016,0,1.20952,8.41823,nan,nan,0,0.025,0.03,0.02125
juelich_pilot_d30_r5_log_distance_s01_w1,juelich,12345,1,1,log-distance,19,20,veh7,veh2,5,5,0,399.052,1,1.20952,12.5645,-78.698,18.2783,5,0.025,0.015,0.02125
juelich_pilot_d30_r5_log_distance_s01_w1,juelich,12345,1,1,log-distance,19,20,veh7,veh3,5,5,0,397.665,1,1.20952,12.1512,-78.668,18.3083,5,0.025,0.015,0.02125
juelich_pilot_d30_r5_log_distance_s01_w1,juelich,12345,1,1,log-distance,19,20,veh7,veh5,5,0,1,593.994,0,1.20952,8.13173,nan,nan,0,0.025,0.02,0.02125
juelich_pilot_d30_r5_log_distance_s01_w1,juelich,12345,1,1,log-distance,20,21,veh0,veh1,5,0,1,627.122,0,8.39297,7.79518,nan,nan,0,0.03,0.02,0.02125
juelich_pilot_d30_r5_log_distance_s01_w1,juelich,12345,1,1,log-distance,20,21,veh0,veh4,5,5,0,369.07,1,8.39297,7.22773,-78.0196,18.9567,5,0.03,0.025,0.02125
juelich_pilot_d30_r5_log_distance_s01_w1,juelich,12345,1,1,log-distance,20,21,veh0,veh5,5,5,0,377.771,1,8.39297,8.14411,-78.2218,18.7545,5,0.03,0.02,0.02125
juelich_pilot_d30_r5_log_distance_s01_w1,juelich,12345,1,1,log-distance,20,21,veh0,veh6,5,5,0,471.711,1,8.39297,8.14796,-80.1509,16.8254,5,0.03,0.02,0.02125
juelich_pilot_d30_r5_log_distance_s01_w1,juelich,12345,1,1,log-distance,20,21,veh0,veh7,5,0,1,759.713,0,8.39297,3.31847,nan,nan,0,0.03,0.025,0.02125
juelich_pilot_d30_r5_log_distance_s01_w1,juelich,12345,1,1,log-distance,20,21,veh1,veh0,5,0,1,627.122,0,7.79518,8.39297,nan,nan,0,0.02,0.03,0.02125
juelich_pilot_d30_r5_log_distance_s01_w1,juelich,12345,1,1,log-distance,20,21,veh1,veh4,5,5,0,283.97,1,7.79518,7.22773,-75.743,21.2333,5,0.02,0.025,0.02125
juelich_pilot_d30_r5_log_distance_s01_w1,juelich,12345,1,1,log-distance,20,21,veh1,veh5,5,0,1,995.208,0,7.79518,8.14411,nan,nan,0,0.02,0.02,0.02125
juelich_pilot_d30_r5_log_distance_s01_w1,juelich,12345,1,1,log-distance,20,21,veh1,veh6,5,5,0,214.89,1,7.79518,8.14796,-73.322,23.6543,5,0.02,0.02,0.02125
juelich_pilot_d30_r5_log_distance_s01_w1,juelich,12345,1,1,log-distance,20,21,veh2,veh3,5,5,0,184.842,1,12.35,12.1519,-72.0115,24.9647,5,0.015,0.015,0.02125
juelich_pilot_d30_r5_log_distance_s01_w1,juelich,12345,1,1,log-distance,20,21,veh2,veh5,5,0,1,969.054,0,12.35,8.14411,nan,nan,0,0.015,0.02,0.02125
juelich_pilot_d30_r5_log_distance_s01_w1,juelich,12345,1,1,log-distance,20,21,veh2,veh7,5,5,0,388.824,1,12.35,3.31847,-78.4726,18.5037,5,0.015,0.025,0.02125
juelich_pilot_d30_r5_log_distance_s01_w1,juelich,12345,1,1,log-distance,20,21,veh3,veh2,5,5,0,184.842,1,12.1519,12.35,-72.0115,24.9647,5,0.015,0.015,0.02125
juelich_pilot_d30_r5_log_distance_s01_w1,juelich,12345,1,1,log-distance,20,21,veh3,veh5,5,0,1,922.997,0,12.1519,8.14411,nan,nan,0,0.015,0.02,0.02125
juelich_pilot_d30_r5_log_distance_s01_w1,juelich,12345,1,1,log-distance,20,21,veh3,veh7,5,5,0,393.716,1,12.1519,3.31847,-78.5813,18.3949,5,0.015,0.025,0.02125
juelich_pilot_d30_r5_log_distance_s01_w1,juelich,12345,1,1,log-distance,20,21,veh4,veh0,5,5,0,369.07,1,7.22773,8.39297,-78.0196,18.9567,5,0.025,0.03,0.02125
juelich_pilot_d30_r5_log_distance_s01_w1,juelich,12345,1,1,log-distance,20,21,veh4,veh1,5,5,0,283.97,1,7.22773,7.79518,-75.743,21.2333,5,0.025,0.02,0.02125
juelich_pilot_d30_r5_log_distance_s01_w1,juelich,12345,1,1,log-distance,20,21,veh4,veh5,5,0,1,746.691,0,7.22773,8.14411,nan,nan,0,0.025,0.02,0.02125
juelich_pilot_d30_r5_log_distance_s01_w1,juelich,12345,1,1,log-distance,20,21,veh4,veh6,5,5,0,103.281,1,7.22773,8.14796,-66.9576,30.0187,5,0.025,0.02,0.02125
juelich_pilot_d30_r5_log_distance_s01_w1,juelich,12345,1,1,log-distance,20,21,veh5,veh0,5,5,0,377.771,1,8.14411,8.39297,-78.2218,18.7545,5,0.02,0.03,0.02125
juelich_pilot_d30_r5_log_distance_s01_w1,juelich,12345,1,1,log-distance,20,21,veh5,veh1,5,0,1,995.208,0,8.14411,7.79518,nan,nan,0,0.02,0.02,0.02125
juelich_pilot_d30_r5_log_distance_s01_w1,juelich,12345,1,1,log-distance,20,21,veh5,veh2,5,0,1,969.054,0,8.14411,12.35,nan,nan,0,0.02,0.015,0.02125
juelich_pilot_d30_r5_log_distance_s01_w1,juelich,12345,1,1,log-distance,20,21,veh5,veh3,5,0,1,922.997,0,8.14411,12.1519,nan,nan,0,0.02,0.015,0.02125
juelich_pilot_d30_r5_log_distance_s01_w1,juelich,12345,1,1,log-distance,20,21,veh5,veh4,5,0,1,746.691,0,8.14411,7.22773,nan,nan,0,0.02,0.025,0.02125
juelich_pilot_d30_r5_log_distance_s01_w1,juelich,12345,1,1,log-distance,20,21,veh5,veh6,5,0,1,849.448,0,8.14411,8.14796,nan,nan,0,0.02,0.02,0.02125
juelich_pilot_d30_r5_log_distance_s01_w1,juelich,12345,1,1,log-distance,20,21,veh5,veh7,5,1,0.8,585.922,0,8.14411,3.31847,-81.9798,14.9965,1,0.02,0.025,0.02125
juelich_pilot_d30_r5_log_distance_s01_w1,juelich,12345,1,1,log-distance,20,21,veh6,veh0,5,5,0,471.711,1,8.14796,8.39297,-80.1509,16.8254,5,0.02,0.03,0.02125
juelich_pilot_d30_r5_log_distance_s01_w1,juelich,12345,1,1,log-distance,20,21,veh6,veh1,5,5,0,214.89,1,8.14796,7.79518,-73.322,23.6543,5,0.02,0.02,0.02125
juelich_pilot_d30_r5_log_distance_s01_w1,juelich,12345,1,1,log-distance,20,21,veh6,veh4,5,5,0,103.281,1,8.14796,7.22773,-66.9576,30.0187,5,0.02,0.025,0.02125
juelich_pilot_d30_r5_log_distance_s01_w1,juelich,12345,1,1,log-distance,20,21,veh6,veh5,5,0,1,849.448,0,8.14796,8.14411,nan,nan,0,0.02,0.02,0.02125
juelich_pilot_d30_r5_log_distance_s01_w1,juelich,12345,1,1,log-distance,20,21,veh7,veh0,5,0,1,759.713,0,3.31847,8.39297,nan,nan,0,0.025,0.03,0.02125
juelich_pilot_d30_r5_log_distance_s01_w1,juelich,12345,1,1,log-distance,20,21,veh7,veh2,5,5,0,388.824,1,3.31847,12.35,-78.4726,18.5037,5,0.025,0.015,0.02125
juelich_pilot_d30_r5_log_distance_s01_w1,juelich,12345,1,1,log-distance,20,21,veh7,veh3,5,5,0,393.716,1,3.31847,12.1519,-78.5813,18.3949,5,0.025,0.015,0.02125
juelich_pilot_d30_r5_log_distance_s01_w1,juelich,12345,1,1,log-distance,20,21,veh7,veh5,5,1,0.8,585.922,0,3.31847,8.14411,-81.9798,14.9965,1,0.025,0.02,0.02125
juelich_pilot_d30_r5_log_distance_s01_w1,juelich,12345,1,1,log-distance,21,22,veh0,veh1,5,0,1,619.073,0,8.43792,7.81079,nan,nan,0,0.032,0.02,0.0233333
juelich_pilot_d30_r5_log_distance_s01_w1,juelich,12345,1,1,log-distance,21,22,veh0,veh4,5,5,0,357.955,1,8.43792,7.28728,-77.7539,19.2224,5,0.032,0.025,0.0233333
juelich_pilot_d30_r5_log_distance_s01_w1,juelich,12345,1,1,log-distance,21,22,veh0,veh5,5,5,0,391.703,1,8.43792,8.17018,-78.5364,18.4399,5,0.032,0.022,0.0233333
juelich_pilot_d30_r5_log_distance_s01_w1,juelich,12345,1,1,log-distance,21,22,veh0,veh6,5,5,0,457.928,1,8.43792,8.36574,-79.8933,17.0829,5,0.032,0.02,0.0233333
juelich_pilot_d30_r5_log_distance_s01_w1,juelich,12345,1,1,log-distance,21,22,veh0,veh7,5,0,1,763.495,0,8.43792,5.21269,nan,nan,0,0.032,0.027,0.0233333
juelich_pilot_d30_r5_log_distance_s01_w1,juelich,12345,1,1,log-distance,21,22,veh0,veh8,2,0,1,783.049,0,8.45221,0.254326,nan,nan,0,0.032,0.03,0.0233333
juelich_pilot_d30_r5_log_distance_s01_w1,juelich,12345,1,1,log-distance,21,22,veh1,veh0,5,0,1,619.073,0,7.81079,8.43792,nan,nan,0,0.02,0.032,0.0233333
juelich_pilot_d30_r5_log_distance_s01_w1,juelich,12345,1,1,log-distance,21,22,veh1,veh4,5,5,0,290.641,1,7.81079,7.28728,-75.9446,21.0316,5,0.02,0.025,0.0233333
juelich_pilot_d30_r5_log_distance_s01_w1,juelich,12345,1,1,log-distance,21,22,veh1,veh5,5,0,1,997.578,0,7.81079,8.17018,nan,nan,0,0.02,0.022,0.0233333
juelich_pilot_d30_r5_log_distance_s01_w1,juelich,12345,1,1,log-distance,21,22,veh1,veh6,5,5,0,217.552,1,7.81079,8.36574,-73.4289,23.5474,5,0.02,0.02,0.0233333
juelich_pilot_d30_r5_log_distance_s01_w1,juelich,12345,1,1,log-distance,21,22,veh2,veh3,5,5,0,170.795,1,8.71043,12.1614,-71.325,25.6513,5,0.017,0.017,0.0233333
juelich_pilot_d30_r5_log_distance_s01_w1,juelich,12345,1,1,log-distance,21,22,veh2,veh5,5,0,1,952.275,0,8.71043,8.17018,nan,nan,0,0.017,0.022,0.0233333
juelich_pilot_d30_r5_log_distance_s01_w1,juelich,12345,1,1,log-distance,21,22,veh2,veh7,5,5,0,382.555,1,8.71043,5.21269,-78.3316,18.6447,5,0.017,0.027,0.0233333
juelich_pilot_d30_r5_log_distance_s01_w1,juelich,12345,1,1,log-distance,21,22,veh2,veh8,2,2,0,354.709,1,7.36043,0.254326,-77.6751,19.3012,2,0.017,0.03,0.0233333
juelich_pilot_d30_r5_log_distance_s01_w1,juelich,12345,1,1,log-distance,21,22,veh3,veh2,5,5,0,170.795,1,12.1614,8.71043,-71.325,25.6513,5,0.017,0.017,0.0233333
juelich_pilot_d30_r5_log_distance_s01_w1,juelich,12345,1,1,log-distance,21,22,veh3,veh5,5,0,1,914.729,0,12.1614,8.17018,nan,nan,0,0.017,0.022,0.0233333
juelich_pilot_d30_r5_log_distance_s01_w1,juelich,12345,1,1,log-distance,21,22,veh3,veh7,5,5,0,391.896,1,12.1614,5.21269,-78.5411,18.4352,5,0.017,0.027,0.0233333
juelich_pilot_d30_r5_log_distance_s01_w1,juelich,12345,1,1,log-distance,21,22,veh3,veh8,2,2,0,382.502,1,12.1706,0.254326,-78.3304,18.6459,2,0.017,0.03,0.0233333
juelich_pilot_d30_r5_log_distance_s01_w1,juelich,12345,1,1,log-distance,21,22,veh4,veh0,5,5,0,357.955,1,7.28728,8.43792,-77.7539,19.2224,5,0.025,0.032,0.0233333
juelich_pilot_d30_r5_log_distance_s01_w1,juelich,12345,1,1,log-distance,21,22,veh4,veh1,5,5,0,290.641,1,7.28728,7.81079,-75.9446,21.0316,5,0.025,0.02,0.0233333
juelich_pilot_d30_r5_log_distance_s01_w1,juelich,12345,1,1,log-distance,21,22,veh4,veh5,5,0,1,749.32,0,7.28728,8.17018,nan,nan,0,0.025,0.022,0.0233333
juelich_pilot_d30_r5_log_distance_s01_w1,juelich,12345,1,1,log-distance,21,22,veh4,veh6,5,5,0,100.021,1,7.28728,8.36574,-66.6793,30.297,5,0.025,0.02,0.0233333
juelich_pilot_d30_r5_log_distance_s01_w1,juelich,12345,1,1,log-distance,21,22,veh5,veh0,5,5,0,391.703,1,8.17018,8.43792,-78.5364,18.4399,5,0.022,0.032,0.0233333
juelich_pilot_d30_r5_log_distance_s01_w1,juelich,12345,1,1,log-distance,21,22,veh5,veh1,5,0,1,997.578,0,8.17018,7.81079,nan,nan,0,0.022,0.02,0.0233333
juelich_pilot_d30_r5_log_distance_s01_w1,juelich,12345,1,1,log-distance,21,22,veh5,veh2,5,0,1,952.275,0,8.17018,8.71043,nan,nan,0,0.022,0.017,0.0233333
juelich_pilot_d30_r5_log_distance_s01_w1,juelich,12345,1,1,log-distance,21,22,veh5,veh3,5,0,1,914.729,0,8.17018,12.1614,nan,nan,0,0.022,0.017,0.0233333
juelich_pilot_d30_r5_log_distance_s01_w1,juelich,12345,1,1,log-distance,21,22,veh5,veh4,5,0,1,749.32,0,8.17018,7.28728,nan,nan,0,0.022,0.025,0.0233333
juelich_pilot_d30_r5_log_distance_s01_w1,juelich,12345,1,1,log-distance,21,22,veh5,veh6,5,0,1,849.278,0,8.17018,8.36574,nan,nan,0,0.022,0.02,0.0233333
juelich_pilot_d30_r5_log_distance_s01_w1,juelich,12345,1,1,log-distance,21,22,veh5,veh7,5,5,0,576.072,0,8.17018,5.21269,-81.8871,15.0892,5,0.022,0.027,0.0233333
juelich_pilot_d30_r5_log_distance_s01_w1,juelich,12345,1,1,log-distance,21,22,veh5,veh8,2,0,1,609.284,0,8.1844,0.254326,nan,nan,0,0.022,0.03,0.0233333
juelich_pilot_d30_r5_log_distance_s01_w1,juelich,12345,1,1,log-distance,21,22,veh6,veh0,5,5,0,457.928,1,8.36574,8.43792,-79.8933,17.0829,5,0.02,0.032,0.0233333
juelich_pilot_d30_r5_log_distance_s01_w1,juelich,12345,1,1,log-distance,21,22,veh6,veh1,5,5,0,217.552,1,8.36574,7.81079,-73.4289,23.5474,5,0.02,0.02,0.0233333
juelich_pilot_d30_r5_log_distance_s01_w1,juelich,12345,1,1,log-distance,21,22,veh6,veh4,5,5,0,100.021,1,8.36574,7.28728,-66.6793,30.297,5,0.02,0.025,0.0233333
juelich_pilot_d30_r5_log_distance_s01_w1,juelich,12345,1,1,log-distance,21,22,veh6,veh5,5,0,1,849.278,0,8.36574,8.17018,nan,nan,0,0.02,0.022,0.0233333
juelich_pilot_d30_r5_log_distance_s01_w1,juelich,12345,1,1,log-distance,21,22,veh7,veh0,5,0,1,763.495,0,5.21269,8.43792,nan,nan,0,0.027,0.032,0.0233333
juelich_pilot_d30_r5_log_distance_s01_w1,juelich,12345,1,1,log-distance,21,22,veh7,veh2,5,5,0,382.555,1,5.21269,8.71043,-78.3316,18.6447,5,0.027,0.017,0.0233333
juelich_pilot_d30_r5_log_distance_s01_w1,juelich,12345,1,1,log-distance,21,22,veh7,veh3,5,5,0,391.896,1,5.21269,12.1614,-78.5411,18.4352,5,0.027,0.017,0.0233333
juelich_pilot_d30_r5_log_distance_s01_w1,juelich,12345,1,1,log-distance,21,22,veh7,veh5,5,5,0,576.072,0,5.21269,8.17018,-81.8871,15.0892,5,0.027,0.022,0.0233333
juelich_pilot_d30_r5_log_distance_s01_w1,juelich,12345,1,1,log-distance,21,22,veh7,veh8,2,2,0,44.4906,1,5.81161,0.254326,-59.6428,37.3335,2,0.027,0.03,0.0233333
juelich_pilot_d30_r5_log_distance_s01_w1,juelich,12345,1,1,log-distance,21,22,veh8,veh0,2,0,1,783.049,0,0.254326,8.45221,nan,nan,0,0.03,0.032,0.0233333
juelich_pilot_d30_r5_log_distance_s01_w1,juelich,12345,1,1,log-distance,21,22,veh8,veh2,2,2,0,354.709,1,0.254326,7.36043,-77.6751,19.3012,2,0.03,0.017,0.0233333
juelich_pilot_d30_r5_log_distance_s01_w1,juelich,12345,1,1,log-distance,21,22,veh8,veh3,2,2,0,382.502,1,0.254326,12.1706,-78.3304,18.6459,2,0.03,0.017,0.0233333
juelich_pilot_d30_r5_log_distance_s01_w1,juelich,12345,1,1,log-distance,21,22,veh8,veh5,2,0,1,609.284,0,0.254326,8.1844,nan,nan,0,0.03,0.022,0.0233333
juelich_pilot_d30_r5_log_distance_s01_w1,juelich,12345,1,1,log-distance,21,22,veh8,veh7,2,2,0,44.4906,1,0.254326,5.81161,-59.6428,37.3335,2,0.03,0.027,0.0233333
juelich_pilot_d30_r5_log_distance_s01_w1,juelich,12345,1,1,log-distance,22,23,veh0,veh1,5,0,1,611.323,0,8.39293,7.80528,nan,nan,0,0.035,0.02,0.025
juelich_pilot_d30_r5_log_distance_s01_w1,juelich,12345,1,1,log-distance,22,23,veh0,veh4,5,5,0,346.823,1,8.39293,7.2972,-77.4795,19.4968,5,0.035,0.025,0.025
juelich_pilot_d30_r5_log_distance_s01_w1,juelich,12345,1,1,log-distance,22,23,veh0,veh5,5,5,0,405.849,1,8.39293,8.10909,-78.8446,18.1317,5,0.035,0.025,0.025
juelich_pilot_d30_r5_log_distance_s01_w1,juelich,12345,1,1,log-distance,22,23,veh0,veh6,5,5,0,444.756,1,8.39293,6.9418,-79.6399,17.3364,5,0.035,0.02,0.025
juelich_pilot_d30_r5_log_distance_s01_w1,juelich,12345,1,1,log-distance,22,23,veh0,veh7,5,0,1,765.559,0,8.39293,6.4685,nan,nan,0,0.035,0.03,0.025
juelich_pilot_d30_r5_log_distance_s01_w1,juelich,12345,1,1,log-distance,22,23,veh0,veh8,5,0,1,788.482,0,8.39293,1.92839,nan,nan,0,0.035,0.03,0.025
juelich_pilot_d30_r5_log_distance_s01_w1,juelich,12345,1,1,log-distance,22,23,veh1,veh0,5,0,1,611.323,0,7.80528,8.39293,nan,nan,0,0.02,0.035,0.025
juelich_pilot_d30_r5_log_distance_s01_w1,juelich,12345,1,1,log-distance,22,23,veh1,veh4,5,5,0,297.682,1,7.80528,7.2972,-76.1525,20.8237,5,0.02,0.025,0.025
juelich_pilot_d30_r5_log_distance_s01_w1,juelich,12345,1,1,log-distance,22,23,veh1,veh5,3,0,1,999.48,0,7.80832,8.11009,nan,nan,0,0.02,0.025,0.025
juelich_pilot_d30_r5_log_distance_s01_w1,juelich,12345,1,1,log-distance,22,23,veh1,veh6,5,5,0,220.183,1,7.80528,6.9418,-73.5333,23.4429,5,0.02,0.02,0.025
juelich_pilot_d30_r5_log_distance_s01_w1,juelich,12345,1,1,log-distance,22,23,veh2,veh3,5,5,0,157.788,1,4.21735,12.152,-70.637,26.3393,5,0.02,0.02,0.025
juelich_pilot_d30_r5_log_distance_s01_w1,juelich,12345,1,1,log-distance,22,23,veh2,veh5,5,0,1,939.866,0,4.21735,8.10909,nan,nan,0,0.02,0.025,0.025
juelich_pilot_d30_r5_log_distance_s01_w1,juelich,12345,1,1,log-distance,22,23,veh2,veh7,5,5,0,382.386,1,4.21735,6.4685,-78.3277,18.6486,5,0.02,0.03,0.025
juelich_pilot_d30_r5_log_distance_s01_w1,juelich,12345,1,1,log-distance,22,23,veh2,veh8,5,5,0,351.018,1,4.21735,1.92839,-77.5842,19.392,5,0.02,0.03,0.025
juelich_pilot_d30_r5_log_distance_s01_w1,juelich,12345,1,1,log-distance,22,23,veh3,veh2,5,5,0,157.788,1,12.152,4.21735,-70.637,26.3393,5,0.02,0.02,0.025
juelich_pilot_d30_r5_log_distance_s01_w1,juelich,12345,1,1,log-distance,22,23,veh3,veh5,5,0,1,906.716,0,12.152,8.10909,nan,nan,0,0.02,0.025,0.025
juelich_pilot_d30_r5_log_distance_s01_w1,juelich,12345,1,1,log-distance,22,23,veh3,veh7,5,5,0,392.134,1,12.152,6.4685,-78.5464,18.4299,5,0.02,0.03,0.025
juelich_pilot_d30_r5_log_distance_s01_w1,juelich,12345,1,1,log-distance,22,23,veh3,veh8,5,5,0,378.187,1,12.152,1.92839,-78.2318,18.7445,5,0.02,0.03,0.025
juelich_pilot_d30_r5_log_distance_s01_w1,juelich,12345,1,1,log-distance,22,23,veh4,veh0,5,5,0,346.823,1,7.2972,8.39293,-77.4795,19.4968,5,0.025,0.035,0.025
juelich_pilot_d30_r5_log_distance_s01_w1,juelich,12345,1,1,log-distance,22,23,veh4,veh1,5,5,0,297.682,1,7.2972,7.80528,-76.1525,20.8237,5,0.025,0.02,0.025
juelich_pilot_d30_r5_log_distance_s01_w1,juelich,12345,1,1,log-distance,22,23,veh4,veh5,5,0,1,752.095,0,7.2972,8.10909,nan,nan,0,0.025,0.025,0.025
juelich_pilot_d30_r5_log_distance_s01_w1,juelich,12345,1,1,log-distance,22,23,veh4,veh6,5,5,0,98.3009,1,7.2972,6.9418,-66.5288,30.4474,5,0.025,0.02,0.025
juelich_pilot_d30_r5_log_distance_s01_w1,juelich,12345,1,1,log-distance,22,23,veh5,veh0,5,5,0,405.849,1,8.10909,8.39293,-78.8446,18.1317,5,0.025,0.035,0.025
juelich_pilot_d30_r5_log_distance_s01_w1,juelich,12345,1,1,log-distance,22,23,veh5,veh1,3,0,1,999.48,0,8.11009,7.80832,nan,nan,0,0.025,0.02,0.025
juelich_pilot_d30_r5_log_distance_s01_w1,juelich,12345,1,1,log-distance,22,23,veh5,veh2,5,0,1,939.866,0,8.10909,4.21735,nan,nan,0,0.025,0.02,0.025
juelich_pilot_d30_r5_log_distance_s01_w1,juelich,12345,1,1,log-distance,22,23,veh5,veh3,5,0,1,906.716,0,8.10909,12.152,nan,nan,0,0.025,0.02,0.025
juelich_pilot_d30_r5_log_distance_s01_w1,juelich,12345,1,1,log-distance,22,23,veh5,veh4,5,0,1,752.095,0,8.10909,7.2972,nan,nan,0,0.025,0.025,0.025
juelich_pilot_d30_r5_log_distance_s01_w1,juelich,12345,1,1,log-distance,22,23,veh5,veh6,5,0,1,849.549,0,8.10909,6.9418,nan,nan,0,0.025,0.02,0.025
juelich_pilot_d30_r5_log_distance_s01_w1,juelich,12345,1,1,log-distance,22,23,veh5,veh7,5,5,0,564.703,0,8.10909,6.4685,-81.7139,15.2623,5,0.025,0.03,0.025
juelich_pilot_d30_r5_log_distance_s01_w1,juelich,12345,1,1,log-distance,22,23,veh5,veh8,5,0,1,605.841,0,8.10909,1.92839,nan,nan,0,0.025,0.03,0.025
juelich_pilot_d30_r5_log_distance_s01_w1,juelich,12345,1,1,log-distance,22,23,veh6,veh0,5,5,0,444.756,1,6.9418,8.39293,-79.6399,17.3364,5,0.02,0.035,0.025
juelich_pilot_d30_r5_log_distance_s01_w1,juelich,12345,1,1,log-distance,22,23,veh6,veh1,5,5,0,220.183,1,6.9418,7.80528,-73.5333,23.4429,5,0.02,0.02,0.025
juelich_pilot_d30_r5_log_distance_s01_w1,juelich,12345,1,1,log-distance,22,23,veh6,veh4,5,5,0,98.3009,1,6.9418,7.2972,-66.5288,30.4474,5,0.02,0.025,0.025
juelich_pilot_d30_r5_log_distance_s01_w1,juelich,12345,1,1,log-distance,22,23,veh6,veh5,5,0,1,849.549,0,6.9418,8.10909,nan,nan,0,0.02,0.025,0.025
juelich_pilot_d30_r5_log_distance_s01_w1,juelich,12345,1,1,log-distance,22,23,veh7,veh0,5,0,1,765.559,0,6.4685,8.39293,nan,nan,0,0.03,0.035,0.025
juelich_pilot_d30_r5_log_distance_s01_w1,juelich,12345,1,1,log-distance,22,23,veh7,veh2,5,5,0,382.386,1,6.4685,4.21735,-78.3277,18.6486,5,0.03,0.02,0.025
juelich_pilot_d30_r5_log_distance_s01_w1,juelich,12345,1,1,log-distance,22,23,veh7,veh3,5,5,0,392.134,1,6.4685,12.152,-78.5464,18.4299,5,0.03,0.02,0.025
juelich_pilot_d30_r5_log_distance_s01_w1,juelich,12345,1,1,log-distance,22,23,veh7,veh5,5,5,0,564.703,0,6.4685,8.10909,-81.7139,15.2623,5,0.03,0.025,0.025
juelich_pilot_d30_r5_log_distance_s01_w1,juelich,12345,1,1,log-distance,22,23,veh7,veh8,5,5,0,47.7893,1,6.4685,1.92839,-60.2597,36.7166,5,0.03,0.03,0.025
juelich_pilot_d30_r5_log_distance_s01_w1,juelich,12345,1,1,log-distance,22,23,veh8,veh0,5,0,1,788.482,0,1.92839,8.39293,nan,nan,0,0.03,0.035,0.025
juelich_pilot_d30_r5_log_distance_s01_w1,juelich,12345,1,1,log-distance,22,23,veh8,veh2,5,5,0,351.018,1,1.92839,4.21735,-77.5842,19.392,5,0.03,0.02,0.025
juelich_pilot_d30_r5_log_distance_s01_w1,juelich,12345,1,1,log-distance,22,23,veh8,veh3,5,5,0,378.187,1,1.92839,12.152,-78.2318,18.7445,5,0.03,0.02,0.025
juelich_pilot_d30_r5_log_distance_s01_w1,juelich,12345,1,1,log-distance,22,23,veh8,veh5,5,0,1,605.841,0,1.92839,8.10909,nan,nan,0,0.03,0.025,0.025
juelich_pilot_d30_r5_log_distance_s01_w1,juelich,12345,1,1,log-distance,22,23,veh8,veh7,5,5,0,47.7893,1,1.92839,6.4685,-60.2597,36.7166,5,0.03,0.03,0.025
juelich_pilot_d30_r5_log_distance_s01_w1,juelich,12345,1,1,log-distance,23,24,veh0,veh1,5,0,1,603.91,0,8.40945,7.79393,nan,nan,0,0.035,0.02,0.025
juelich_pilot_d30_r5_log_distance_s01_w1,juelich,12345,1,1,log-distance,23,24,veh0,veh4,5,5,0,335.717,1,8.40945,7.27628,-77.1968,19.7795,5,0.035,0.025,0.025
juelich_pilot_d30_r5_log_distance_s01_w1,juelich,12345,1,1,log-distance,23,24,veh0,veh5,5,5,0,419.953,1,8.40945,8.1248,-79.1413,17.835,5,0.035,0.025,0.025
juelich_pilot_d30_r5_log_distance_s01_w1,juelich,12345,1,1,log-distance,23,24,veh0,veh6,5,5,0,434.345,1,8.40945,3.97456,-79.4343,17.542,5,0.035,0.02,0.025
juelich_pilot_d30_r5_log_distance_s01_w1,juelich,12345,1,1,log-distance,23,24,veh0,veh7,5,0,1,768.76,0,8.40945,3.16298,nan,nan,0,0.035,0.03,0.025
juelich_pilot_d30_r5_log_distance_s01_w1,juelich,12345,1,1,log-distance,23,24,veh0,veh8,5,0,1,795.957,0,8.40945,3.93796,nan,nan,0,0.035,0.03,0.025
juelich_pilot_d30_r5_log_distance_s01_w1,juelich,12345,1,1,log-distance,23,24,veh1,veh0,5,0,1,603.91,0,7.79393,8.40945,nan,nan,0,0.02,0.035,0.025
juelich_pilot_d30_r5_log_distance_s01_w1,juelich,12345,1,1,log-distance,23,24,veh1,veh4,5,5,0,305.048,1,7.79393,7.27628,-76.3648,20.6114,5,0.02,0.025,0.025
juelich_pilot_d30_r5_log_distance_s01_w1,juelich,12345,1,1,log-distance,23,24,veh1,veh6,5,5,0,222.103,1,7.79393,3.97456,-73.6088,23.3675,5,0.02,0.02,0.025
juelich_pilot_d30_r5_log_distance_s01_w1,juelich,12345,1,1,log-distance,23,24,veh2,veh3,5,5,0,145.574,1,0.430674,12.1531,-69.9371,27.0392,5,0.02,0.02,0.025
juelich_pilot_d30_r5_log_distance_s01_w1,juelich,12345,1,1,log-distance,23,24,veh2,veh5,5,0,1,931.583,0,0.430674,8.1248,nan,nan,0,0.02,0.025,0.025
juelich_pilot_d30_r5_log_distance_s01_w1,juelich,12345,1,1,log-distance,23,24,veh2,veh7,5,5,0,385.424,1,0.430674,3.16298,-78.3965,18.5798,5,0.02,0.03,0.025
juelich_pilot_d30_r5_log_distance_s01_w1,juelich,12345,1,1,log-distance,23,24,veh2,veh8,5,5,0,349.196,1,0.430674,3.93796,-77.5391,19.4372,5,0.02,0.03,0.025
juelich_pilot_d30_r5_log_distance_s01_w1,juelich,12345,1,1,log-distance,23,24,veh3,veh2,5,5,0,145.574,1,12.1531,0.430674,-69.9371,27.0392,5,0.02,0.02,0.025
juelich_pilot_d30_r5_log_distance_s01_w1,juelich,12345,1,1,log-distance,23,24,veh3,veh5,5,0,1,898.798,0,12.1531,8.1248,nan,nan,0,0.02,0.025,0.025
juelich_pilot_d30_r5_log_distance_s01_w1,juelich,12345,1,1,log-distance,23,24,veh3,veh7,5,5,0,391.601,1,12.1531,3.16298,-78.5346,18.4417,5,0.02,0.03,0.025
juelich_pilot_d30_r5_log_distance_s01_w1,juelich,12345,1,1,log-distance,23,24,veh3,veh8,5,5,0,372.867,1,12.1531,3.93796,-78.1087,18.8676,5,0.02,0.03,0.025
juelich_pilot_d30_r5_log_distance_s01_w1,juelich,12345,1,1,log-distance,23,24,veh4,veh0,5,5,0,335.717,1,7.27628,8.40945,-77.1968,19.7795,5,0.025,0.035,0.025
juelich_pilot_d30_r5_log_distance_s01_w1,juelich,12345,1,1,log-distance,23,24,veh4,veh1,5,5,0,305.048,1,7.27628,7.79393,-76.3648,20.6114,5,0.025,0.02,0.025
juelich_pilot_d30_r5_log_distance_s01_w1,juelich,12345,1,1,log-distance,23,24,veh4,veh5,5,0,1,754.81,0,7.27628,8.1248,nan,nan,0,0.025,0.025,0.025
juelich_pilot_d30_r5_log_distance_s01_w1,juelich,12345,1,1,log-distance,23,24,veh4,veh6,5,5,0,100.021,1,7.27628,3.97456,-66.6788,30.2975,5,0.025,0.02,0.025
juelich_pilot_d30_r5_log_distance_s01_w1,juelich,12345,1,1,log-distance,23,24,veh5,veh0,5,5,0,419.953,1,8.1248,8.40945,-79.1413,17.835,5,0.025,0.035,0.025
juelich_pilot_d30_r5_log_distance_s01_w1,juelich,12345,1,1,log-distance,23,24,veh5,veh2,5,0,1,931.583,0,8.1248,0.430674,nan,nan,0,0.025,0.02,0.025
juelich_pilot_d30_r5_log_distance_s01_w1,juelich,12345,1,1,log-distance,23,24,veh5,veh3,5,0,1,898.798,0,8.1248,12.1531,nan,nan,0,0.025,0.02,0.025
juelich_pilot_d30_r5_log_distance_s01_w1,juelich,12345,1,1,log-distance,23,24,veh5,veh4,5,0,1,754.81,0,8.1248,7.27628,nan,nan,0,0.025,0.025,0.025
juelich_pilot_d30_r5_log_distance_s01_w1,juelich,12345,1,1,log-distance,23,24,veh5,veh6,5,0,1,852.218,0,8.1248,3.97456,nan,nan,0,0.025,0.02,0.025
juelich_pilot_d30_r5_log_distance_s01_w1,juelich,12345,1,1,log-distance,23,24,veh5,veh7,5,5,0,554.231,0,8.1248,3.16298,-81.5514,15.4249,5,0.025,0.03,0.025
juelich_pilot_d30_r5_log_distance_s01_w1,juelich,12345,1,1,log-distance,23,24,veh5,veh8,5,0,1,601.401,0,8.1248,3.93796,nan,nan,0,0.025,0.03,0.025
juelich_pilot_d30_r5_log_distance_s01_w1,juelich,12345,1,1,log-distance,23,24,veh6,veh0,5,5,0,434.345,1,3.97456,8.40945,-79.4343,17.542,5,0.02,0.035,0.025
juelich_pilot_d30_r5_log_distance_s01_w1,juelich,12345,1,1,log-distance,23,24,veh6,veh1,5,5,0,222.103,1,3.97456,7.79393,-73.6088,23.3675,5,0.02,0.02,0.025
juelich_pilot_d30_r5_log_distance_s01_w1,juelich,12345,1,1,log-distance,23,24,veh6,veh4,5,5,0,100.021,1,3.97456,7.27628,-66.6788,30.2975,5,0.02,0.025,0.025
juelich_pilot_d30_r5_log_distance_s01_w1,juelich,12345,1,1,log-distance,23,24,veh6,veh5,5,0,1,852.218,0,3.97456,8.1248,nan,nan,0,0.02,0.025,0.025
juelich_pilot_d30_r5_log_distance_s01_w1,juelich,12345,1,1,log-distance,23,24,veh7,veh0,5,0,1,768.76,0,3.16298,8.40945,nan,nan,0,0.03,0.035,0.025
juelich_pilot_d30_r5_log_distance_s01_w1,juelich,12345,1,1,log-distance,23,24,veh7,veh2,5,5,0,385.424,1,3.16298,0.430674,-78.3965,18.5798,5,0.03,0.02,0.025
juelich_pilot_d30_r5_log_distance_s01_w1,juelich,12345,1,1,log-distance,23,24,veh7,veh3,5,5,0,391.601,1,3.16298,12.1531,-78.5346,18.4417,5,0.03,0.02,0.025
juelich_pilot_d30_r5_log_distance_s01_w1,juelich,12345,1,1,log-distance,23,24,veh7,veh5,5,5,0,554.231,0,3.16298,8.1248,-81.5514,15.4249,5,0.03,0.025,0.025
juelich_pilot_d30_r5_log_distance_s01_w1,juelich,12345,1,1,log-distance,23,24,veh7,veh8,5,5,0,53.2273,1,3.16298,3.93796,-61.1974,35.7789,5,0.03,0.03,0.025
juelich_pilot_d30_r5_log_distance_s01_w1,juelich,12345,1,1,log-distance,23,24,veh8,veh0,5,0,1,795.957,0,3.93796,8.40945,nan,nan,0,0.03,0.035,0.025
juelich_pilot_d30_r5_log_distance_s01_w1,juelich,12345,1,1,log-distance,23,24,veh8,veh2,5,5,0,349.196,1,3.93796,0.430674,-77.5391,19.4372,5,0.03,0.02,0.025
juelich_pilot_d30_r5_log_distance_s01_w1,juelich,12345,1,1,log-distance,23,24,veh8,veh3,5,5,0,372.867,1,3.93796,12.1531,-78.1087,18.8676,5,0.03,0.02,0.025
juelich_pilot_d30_r5_log_distance_s01_w1,juelich,12345,1,1,log-distance,23,24,veh8,veh5,5,0,1,601.401,0,3.93796,8.1248,nan,nan,0,0.03,0.025,0.025
juelich_pilot_d30_r5_log_distance_s01_w1,juelich,12345,1,1,log-distance,23,24,veh8,veh7,5,5,0,53.2273,1,3.93796,3.16298,-61.1974,35.7789,5,0.03,0.03,0.025
juelich_pilot_d30_r5_log_distance_s01_w1,juelich,12345,1,1,log-distance,24,25,veh0,veh1,5,0,1,596.83,0,8.39849,7.77018,nan,nan,0,0.038,0.023,0.0265714
juelich_pilot_d30_r5_log_distance_s01_w1,juelich,12345,1,1,log-distance,24,25,veh0,veh4,5,5,0,324.639,1,8.39849,6.70399,-76.9053,20.071,5,0.038,0.028,0.0265714
juelich_pilot_d30_r5_log_distance_s01_w1,juelich,12345,1,1,log-distance,24,25,veh0,veh5,5,5,0,434.13,1,8.39849,8.1605,-79.4297,17.5466,5,0.038,0.028,0.0265714
juelich_pilot_d30_r5_log_distance_s01_w1,juelich,12345,1,1,log-distance,24,25,veh0,veh6,5,5,0,429.374,1,8.39849,3.80768,-79.3344,17.6419,5,0.038,0.023,0.0265714
juelich_pilot_d30_r5_log_distance_s01_w1,juelich,12345,1,1,log-distance,24,25,veh0,veh7,5,0,1,775.761,0,8.39849,0.0980047,nan,nan,0,0.038,0.03,0.0265714
juelich_pilot_d30_r5_log_distance_s01_w1,juelich,12345,1,1,log-distance,24,25,veh0,veh8,5,0,1,803.141,0,8.39849,5.91264,nan,nan,0,0.038,0.03,0.0265714
juelich_pilot_d30_r5_log_distance_s01_w1,juelich,12345,1,1,log-distance,24,25,veh0,veh9,3,3,0,382.898,1,8.39332,0.730589,-78.3394,18.6369,3,0.038,0.0257143,0.0265714
juelich_pilot_d30_r5_log_distance_s01_w1,juelich,12345,1,1,log-distance,24,25,veh1,veh0,5,0,1,596.83,0,7.77018,8.39849,nan,nan,0,0.023,0.038,0.0265714
juelich_pilot_d30_r5_log_distance_s01_w1,juelich,12345,1,1,log-distance,24,25,veh1,veh4,5,5,0,312.61,1,7.77018,6.70399,-76.5776,20.3987,5,0.023,0.028,0.0265714
juelich_pilot_d30_r5_log_distance_s01_w1,juelich,12345,1,1,log-distance,24,25,veh1,veh6,5,5,0,222.101,1,7.77018,3.80768,-73.6087,23.3676,5,0.023,0.023,0.0265714
juelich_pilot_d30_r5_log_distance_s01_w1,juelich,12345,1,1,log-distance,24,25,veh1,veh9,3,3,0,223.647,1,7.76662,0.730589,-73.6689,23.3074,3,0.023,0.0257143,0.0265714
juelich_pilot_d30_r5_log_distance_s01_w1,juelich,12345,1,1,log-distance,24,25,veh2,veh3,5,5,0,133.713,1,0,12.1435,-69.1984,27.7779,5,0.02,0.02,0.0265714
juelich_pilot_d30_r5_log_distance_s01_w1,juelich,12345,1,1,log-distance,24,25,veh2,veh5,5,0,1,925.011,0,0,8.1605,nan,nan,0,0.02,0.028,0.0265714
juelich_pilot_d30_r5_log_distance_s01_w1,juelich,12345,1,1,log-distance,24,25,veh2,veh7,5,5,0,386.519,1,0,0.0980047,-78.4211,18.5552,5,0.02,0.03,0.0265714
juelich_pilot_d30_r5_log_distance_s01_w1,juelich,12345,1,1,log-distance,24,25,veh2,veh8,5,5,0,349.342,1,0,5.91264,-77.5427,19.4336,5,0.02,0.03,0.0265714
juelich_pilot_d30_r5_log_distance_s01_w1,juelich,12345,1,1,log-distance,24,25,veh3,veh2,5,5,0,133.713,1,12.1435,0,-69.1984,27.7779,5,0.02,0.02,0.0265714
juelich_pilot_d30_r5_log_distance_s01_w1,juelich,12345,1,1,log-distance,24,25,veh3,veh5,5,0,1,891.026,0,12.1435,8.1605,nan,nan,0,0.02,0.028,0.0265714
juelich_pilot_d30_r5_log_distance_s01_w1,juelich,12345,1,1,log-distance,24,25,veh3,veh7,5,5,0,387.73,1,12.1435,0.0980047,-78.4482,18.528,5,0.02,0.03,0.0265714
juelich_pilot_d30_r5_log_distance_s01_w1,juelich,12345,1,1,log-distance,24,25,veh3,veh8,5,5,0,368.484,1,12.1435,5.91264,-78.006,18.9702,5,0.02,0.03,0.0265714
juelich_pilot_d30_r5_log_distance_s01_w1,juelich,12345,1,1,log-distance,24,25,veh4,veh0,5,5,0,324.639,1,6.70399,8.39849,-76.9053,20.071,5,0.028,0.038,0.0265714
juelich_pilot_d30_r5_log_distance_s01_w1,juelich,12345,1,1,log-distance,24,25,veh4,veh1,5,5,0,312.61,1,6.70399,7.77018,-76.5776,20.3987,5,0.028,0.023,0.0265714
juelich_pilot_d30_r5_log_distance_s01_w1,juelich,12345,1,1,log-distance,24,25,veh4,veh5,5,0,1,757.586,0,6.70399,8.1605,nan,nan,0,0.028,0.028,0.0265714
juelich_pilot_d30_r5_log_distance_s01_w1,juelich,12345,1,1,log-distance,24,25,veh4,veh6,5,5,0,107.255,1,6.70399,3.80768,-67.2839,29.6924,5,0.028,0.023,0.0265714
juelich_pilot_d30_r5_log_distance_s01_w1,juelich,12345,1,1,log-distance,24,25,veh4,veh9,3,3,0,184.785,1,6.30833,0.730589,-72.0109,24.9653,3,0.028,0.0257143,0.0265714
juelich_pilot_d30_r5_log_distance_s01_w1,juelich,12345,1,1,log-distance,24,25,veh5,veh0,5,5,0,434.13,1,8.1605,8.39849,-79.4297,17.5466,5,0.028,0.038,0.0265714
juelich_pilot_d30_r5_log_distance_s01_w1,juelich,12345,1,1,log-distance,24,25,veh5,veh2,5,0,1,925.011,0,8.1605,0,nan,nan,0,0.028,0.02,0.0265714
juelich_pilot_d30_r5_log_distance_s01_w1,juelich,12345,1,1,log-distance,24,25,veh5,veh3,5,0,1,891.026,0,8.1605,12.1435,nan,nan,0,0.028,0.02,0.0265714
juelich_pilot_d30_r5_log_distance_s01_w1,juelich,12345,1,1,log-distance,24,25,veh5,veh4,5,0,1,757.586,0,8.1605,6.70399,nan,nan,0,0.028,0.028,0.0265714
juelich_pilot_d30_r5_log_distance_s01_w1,juelich,12345,1,1,log-distance,24,25,veh5,veh6,5,0,1,860.203,0,8.1605,3.80768,nan,nan,0,0.028,0.023,0.0265714
juelich_pilot_d30_r5_log_distance_s01_w1,juelich,12345,1,1,log-distance,24,25,veh5,veh7,5,5,0,547.217,0,8.1605,0.0980047,-81.4408,15.5354,5,0.028,0.03,0.0265714
juelich_pilot_d30_r5_log_distance_s01_w1,juelich,12345,1,1,log-distance,24,25,veh5,veh8,5,0,1,597.649,0,8.1605,5.91264,nan,nan,0,0.028,0.03,0.0265714
juelich_pilot_d30_r5_log_distance_s01_w1,juelich,12345,1,1,log-distance,24,25,veh5,veh9,3,0,1,781.162,0,8.16711,0.730589,nan,nan,0,0.028,0.0257143,0.0265714
juelich_pilot_d30_r5_log_distance_s01_w1,juelich,12345,1,1,log-distance,24,25,veh6,veh0,5,5,0,429.374,1,3.80768,8.39849,-79.3344,17.6419,5,0.023,0.038,0.0265714
juelich_pilot_d30_r5_log_distance_s01_w1,juelich,12345,1,1,log-distance,24,25,veh6,veh1,5,5,0,222.101,1,3.80768,7.77018,-73.6087,23.3676,5,0.023,0.023,0.0265714
juelich_pilot_d30_r5_log_distance_s01_w1,juelich,12345,1,1,log-distance,24,25,veh6,veh4,5,5,0,107.255,1,3.80768,6.70399,-67.2839,29.6924,5,0.023,0.028,0.0265714
juelich_pilot_d30_r5_log_distance_s01_w1,juelich,12345,1,1,log-distance,24,25,veh6,veh5,5,0,1,860.203,0,3.80768,8.1605,nan,nan,0,0.023,0.028,0.0265714
juelich_pilot_d30_r5_log_distance_s01_w1,juelich,12345,1,1,log-distance,24,25,veh6,veh9,3,3,0,181.841,1,3.89824,0.730589,-71.8715,25.1048,3,0.023,0.0257143,0.0265714
juelich_pilot_d30_r5_log_distance_s01_w1,juelich,12345,1,1,log-distance,24,25,veh7,veh0,5,0,1,775.761,0,0.0980047,8.39849,nan,nan,0,0.03,0.038,0.0265714
juelich_pilot_d30_r5_log_distance_s01_w1,juelich,12345,1,1,log-distance,24,25,veh7,veh2,5,5,0,386.519,1,0.0980047,0,-78.4211,18.5552,5,0.03,0.02,0.0265714
juelich_pilot_d30_r5_log_distance_s01_w1,juelich,12345,1,1,log-distance,24,25,veh7,veh3,5,5,0,387.73,1,0.0980047,12.1435,-78.4482,18.528,5,0.03,0.02,0.0265714
juelich_pilot_d30_r5_log_distance_s01_w1,juelich,12345,1,1,log-distance,24,25,veh7,veh5,5,5,0,547.217,0,0.0980047,8.1605,-81.4408,15.5354,5,0.03,0.028,0.0265714
juelich_pilot_d30_r5_log_distance_s01_w1,juelich,12345,1,1,log-distance,24,25,veh7,veh8,5,5,0,57.7911,1,0.0980047,5.91264,-61.9126,35.0636,5,0.03,0.03,0.0265714
juelich_pilot_d30_r5_log_distance_s01_w1,juelich,12345,1,1,log-distance,24,25,veh7,veh9,3,0,1,933.054,0,0,0.730589,nan,nan,0,0.03,0.0257143,0.0265714
juelich_pilot_d30_r5_log_distance_s01_w1,juelich,12345,1,1,log-distance,24,25,veh8,veh0,5,0,1,803.141,0,5.91264,8.39849,nan,nan,0,0.03,0.038,0.0265714
juelich_pilot_d30_r5_log_distance_s01_w1,juelich,12345,1,1,log-distance,24,25,veh8,veh2,5,5,0,349.342,1,5.91264,0,-77.5427,19.4336,5,0.03,0.02,0.0265714
juelich_pilot_d30_r5_log_distance_s01_w1,juelich,12345,1,1,log-distance,24,25,veh8,veh3,5,5,0,368.484,1,5.91264,12.1435,-78.006,18.9702,5,0.03,0.02,0.0265714
juelich_pilot_d30_r5_log_distance_s01_w1,juelich,12345,1,1,log-distance,24,25,veh8,veh5,5,0,1,597.649,0,5.91264,8.1605,nan,nan,0,0.03,0.028,0.0265714
juelich_pilot_d30_r5_log_distance_s01_w1,juelich,12345,1,1,log-distance,24,25,veh8,veh7,5,5,0,57.7911,1,5.91264,0.0980047,-61.9126,35.0636,5,0.03,0.03,0.0265714
juelich_pilot_d30_r5_log_distance_s01_w1,juelich,12345,1,1,log-distance,24,25,veh8,veh9,3,0,1,936.898,0,6.31485,0.730589,nan,nan,0,0.03,0.0257143,0.0265714
juelich_pilot_d30_r5_log_distance_s01_w1,juelich,12345,1,1,log-distance,24,25,veh9,veh0,3,3,0,382.898,1,0.730589,8.39332,-78.3394,18.6369,3,0.0257143,0.038,0.0265714
juelich_pilot_d30_r5_log_distance_s01_w1,juelich,12345,1,1,log-distance,24,25,veh9,veh1,3,3,0,223.647,1,0.730589,7.76662,-73.6689,23.3074,3,0.0257143,0.023,0.0265714
juelich_pilot_d30_r5_log_distance_s01_w1,juelich,12345,1,1,log-distance,24,25,veh9,veh4,3,3,0,184.785,1,0.730589,6.30833,-72.0109,24.9653,3,0.0257143,0.028,0.0265714
juelich_pilot_d30_r5_log_distance_s01_w1,juelich,12345,1,1,log-distance,24,25,veh9,veh5,3,0,1,781.162,0,0.730589,8.16711,nan,nan,0,0.0257143,0.028,0.0265714
juelich_pilot_d30_r5_log_distance_s01_w1,juelich,12345,1,1,log-distance,24,25,veh9,veh6,3,3,0,181.841,1,0.730589,3.89824,-71.8715,25.1048,3,0.0257143,0.023,0.0265714
juelich_pilot_d30_r5_log_distance_s01_w1,juelich,12345,1,1,log-distance,24,25,veh9,veh7,3,0,1,933.054,0,0.730589,0,nan,nan,0,0.0257143,0.03,0.0265714
juelich_pilot_d30_r5_log_distance_s01_w1,juelich,12345,1,1,log-distance,24,25,veh9,veh8,3,0,1,936.898,0,0.730589,6.31485,nan,nan,0,0.0257143,0.03,0.0265714
juelich_pilot_d30_r5_log_distance_s01_w1,juelich,12345,1,1,log-distance,25,26,veh0,veh1,5,0,1,590.105,0,8.3839,7.75548,nan,nan,0,0.04,0.025,0.028
juelich_pilot_d30_r5_log_distance_s01_w1,juelich,12345,1,1,log-distance,25,26,veh0,veh4,5,5,0,314.944,1,8.3839,2.71697,-76.6421,20.3342,5,0.04,0.03,0.028
juelich_pilot_d30_r5_log_distance_s01_w1,juelich,12345,1,1,log-distance,25,26,veh0,veh5,5,5,0,448.466,1,8.3839,8.13892,-79.7119,17.2644,5,0.04,0.03,0.028
juelich_pilot_d30_r5_log_distance_s01_w1,juelich,12345,1,1,log-distance,25,26,veh0,veh6,5,5,0,426.463,1,8.3839,5.33929,-79.2753,17.701,5,0.04,0.025,0.028
juelich_pilot_d30_r5_log_distance_s01_w1,juelich,12345,1,1,log-distance,25,26,veh0,veh7,5,0,1,783.221,0,8.3839,0,nan,nan,0,0.04,0.03,0.028
juelich_pilot_d30_r5_log_distance_s01_w1,juelich,12345,1,1,log-distance,25,26,veh0,veh8,5,0,1,810.015,0,8.3839,7.9724,nan,nan,0,0.04,0.03,0.028
juelich_pilot_d30_r5_log_distance_s01_w1,juelich,12345,1,1,log-distance,25,26,veh0,veh9,5,5,0,380.574,1,8.3839,2.42874,-78.2865,18.6898,5,0.04,0.03,0.028
juelich_pilot_d30_r5_log_distance_s01_w1,juelich,12345,1,1,log-distance,25,26,veh1,veh0,5,0,1,590.105,0,7.75548,8.3839,nan,nan,0,0.025,0.04,0.028
juelich_pilot_d30_r5_log_distance_s01_w1,juelich,12345,1,1,log-distance,25,26,veh1,veh4,5,5,0,318.054,1,7.75548,2.71697,-76.7277,20.2486,5,0.025,0.03,0.028
juelich_pilot_d30_r5_log_distance_s01_w1,juelich,12345,1,1,log-distance,25,26,veh1,veh6,5,5,0,224.352,1,7.75548,5.33929,-73.6963,23.28,5,0.025,0.025,0.028
juelich_pilot_d30_r5_log_distance_s01_w1,juelich,12345,1,1,log-distance,25,26,veh1,veh9,5,5,0,219.596,1,7.75548,2.42874,-73.51,23.4663,5,0.025,0.03,0.028
juelich_pilot_d30_r5_log_distance_s01_w1,juelich,12345,1,1,log-distance,25,26,veh2,veh3,5,5,0,121.887,1,0,12.1719,-68.3936,28.5827,5,0.02,0.02,0.028
juelich_pilot_d30_r5_log_distance_s01_w1,juelich,12345,1,1,log-distance,25,26,veh2,veh5,5,0,1,918.497,0,0,8.13892,nan,nan,0,0.02,0.03,0.028
juelich_pilot_d30_r5_log_distance_s01_w1,juelich,12345,1,1,log-distance,25,26,veh2,veh7,5,5,0,386.238,1,0,0,-78.4148,18.5615,5,0.02,0.03,0.028
juelich_pilot_d30_r5_log_distance_s01_w1,juelich,12345,1,1,log-distance,25,26,veh2,veh8,5,5,0,349.726,1,0,7.9724,-77.5523,19.424,5,0.02,0.03,0.028
juelich_pilot_d30_r5_log_distance_s01_w1,juelich,12345,1,1,log-distance,25,26,veh3,veh2,5,5,0,121.887,1,12.1719,0,-68.3936,28.5827,5,0.02,0.02,0.028
juelich_pilot_d30_r5_log_distance_s01_w1,juelich,12345,1,1,log-distance,25,26,veh3,veh5,5,0,1,883.602,0,12.1719,8.13892,nan,nan,0,0.02,0.03,0.028
juelich_pilot_d30_r5_log_distance_s01_w1,juelich,12345,1,1,log-distance,25,26,veh3,veh7,5,5,0,383.873,1,12.1719,0,-78.3614,18.6149,5,0.02,0.03,0.028
juelich_pilot_d30_r5_log_distance_s01_w1,juelich,12345,1,1,log-distance,25,26,veh3,veh8,5,5,0,365.034,1,12.1719,7.9724,-77.9243,19.0519,5,0.02,0.03,0.028
juelich_pilot_d30_r5_log_distance_s01_w1,juelich,12345,1,1,log-distance,25,26,veh4,veh0,5,5,0,314.944,1,2.71697,8.3839,-76.6421,20.3342,5,0.03,0.04,0.028
juelich_pilot_d30_r5_log_distance_s01_w1,juelich,12345,1,1,log-distance,25,26,veh4,veh1,5,5,0,318.054,1,2.71697,7.75548,-76.7277,20.2486,5,0.03,0.025,0.028
juelich_pilot_d30_r5_log_distance_s01_w1,juelich,12345,1,1,log-distance,25,26,veh4,veh5,5,0,1,761.725,0,2.71697,8.13892,nan,nan,0,0.03,0.03,0.028
juelich_pilot_d30_r5_log_distance_s01_w1,juelich,12345,1,1,log-distance,25,26,veh4,veh6,5,5,0,114.043,1,2.71697,5.33929,-67.8183,29.158,5,0.03,0.025,0.028
juelich_pilot_d30_r5_log_distance_s01_w1,juelich,12345,1,1,log-distance,25,26,veh4,veh9,5,5,0,186.884,1,2.71697,2.42874,-72.1091,24.8672,5,0.03,0.03,0.028
juelich_pilot_d30_r5_log_distance_s01_w1,juelich,12345,1,1,log-distance,25,26,veh5,veh0,5,5,0,448.466,1,8.13892,8.3839,-79.7119,17.2644,5,0.03,0.04,0.028
juelich_pilot_d30_r5_log_distance_s01_w1,juelich,12345,1,1,log-distance,25,26,veh5,veh2,5,0,1,918.497,0,8.13892,0,nan,nan,0,0.03,0.02,0.028
juelich_pilot_d30_r5_log_distance_s01_w1,juelich,12345,1,1,log-distance,25,26,veh5,veh3,5,0,1,883.602,0,8.13892,12.1719,nan,nan,0,0.03,0.02,0.028
juelich_pilot_d30_r5_log_distance_s01_w1,juelich,12345,1,1,log-distance,25,26,veh5,veh4,5,0,1,761.725,0,8.13892,2.71697,nan,nan,0,0.03,0.03,0.028
juelich_pilot_d30_r5_log_distance_s01_w1,juelich,12345,1,1,log-distance,25,26,veh5,veh6,5,0,1,870.563,0,8.13892,5.33929,nan,nan,0,0.03,0.025,0.028
juelich_pilot_d30_r5_log_distance_s01_w1,juelich,12345,1,1,log-distance,25,26,veh5,veh7,5,5,0,542.517,0,8.13892,0,-81.3659,15.6104,5,0.03,0.03,0.028
juelich_pilot_d30_r5_log_distance_s01_w1,juelich,12345,1,1,log-distance,25,26,veh5,veh8,5,0,1,594.904,0,8.13892,7.9724,nan,nan,0,0.03,0.03,0.028
juelich_pilot_d30_r5_log_distance_s01_w1,juelich,12345,1,1,log-distance,25,26,veh5,veh9,5,0,1,786.492,0,8.13892,2.42874,nan,nan,0,0.03,0.03,0.028
juelich_pilot_d30_r5_log_distance_s01_w1,juelich,12345,1,1,log-distance,25,26,veh6,veh0,5,5,0,426.463,1,5.33929,8.3839,-79.2753,17.701,5,0.025,0.04,0.028
juelich_pilot_d30_r5_log_distance_s01_w1,juelich,12345,1,1,log-distance,25,26,veh6,veh1,5,5,0,224.352,1,5.33929,7.75548,-73.6963,23.28,5,0.025,0.025,0.028
juelich_pilot_d30_r5_log_distance_s01_w1,juelich,12345,1,1,log-distance,25,26,veh6,veh4,5,5,0,114.043,1,5.33929,2.71697,-67.8183,29.158,5,0.025,0.03,0.028
juelich_pilot_d30_r5_log_distance_s01_w1,juelich,12345,1,1,log-distance,25,26,veh6,veh5,5,0,1,870.563,0,5.33929,8.13892,nan,nan,0,0.025,0.03,0.028
juelich_pilot_d30_r5_log_distance_s01_w1,juelich,12345,1,1,log-distance,25,26,veh6,veh9,5,5,0,183.96,1,5.33929,2.42874,-71.9721,25.0042,5,0.025,0.03,0.028
juelich_pilot_d30_r5_log_distance_s01_w1,juelich,12345,1,1,log-distance,25,26,veh7,veh0,5,0,1,783.221,0,0,8.3839,nan,nan,0,0.03,0.04,0.028
juelich_pilot_d30_r5_log_distance_s01_w1,juelich,12345,1,1,log-distance,25,26,veh7,veh2,5,5,0,386.238,1,0,0,-78.4148,18.5615,5,0.03,0.02,0.028
juelich_pilot_d30_r5_log_distance_s01_w1,juelich,12345,1,1,log-distance,25,26,veh7,veh3,5,5,0,383.873,1,0,12.1719,-78.3614,18.6149,5,0.03,0.02,0.028
juelich_pilot_d30_r5_log_distance_s01_w1,juelich,12345,1,1,log-distance,25,26,veh7,veh5,5,5,0,542.517,0,0,8.13892,-81.3659,15.6104,5,0.03,0.03,0.028
juelich_pilot_d30_r5_log_distance_s01_w1,juelich,12345,1,1,log-distance,25,26,veh7,veh8,5,5,0,60.7967,1,0,7.9724,-62.3514,34.6249,5,0.03,0.03,0.028
juelich_pilot_d30_r5_log_distance_s01_w1,juelich,12345,1,1,log-distance,25,26,veh7,veh9,5,0,1,932.618,0,0,2.42874,nan,nan,0,0.03,0.03,0.028
juelich_pilot_d30_r5_log_distance_s01_w1,juelich,12345,1,1,log-distance,25,26,veh8,veh0,5,0,1,810.015,0,7.9724,8.3839,nan,nan,0,0.03,0.04,0.028
juelich_pilot_d30_r5_log_distance_s01_w1,juelich,12345,1,1,log-distance,25,26,veh8,veh2,5,5,0,349.726,1,7.9724,0,-77.5523,19.424,5,0.03,0.02,0.028
juelich_pilot_d30_r5_log_distance_s01_w1,juelich,12345,1,1,log-distance,25,26,veh8,veh3,5,5,0,365.034,1,7.9724,12.1719,-77.9243,19.0519,5,0.03,0.02,0.028
juelich_pilot_d30_r5_log_distance_s01_w1,juelich,12345,1,1,log-distance,25,26,veh8,veh5,5,0,1,594.904,0,7.9724,8.13892,nan,nan,0,0.03,0.03,0.028
juelich_pilot_d30_r5_log_distance_s01_w1,juelich,12345,1,1,log-distance,25,26,veh8,veh7,5,5,0,60.7967,1,7.9724,0,-62.3514,34.6249,5,0.03,0.03,0.028
juelich_pilot_d30_r5_log_distance_s01_w1,juelich,12345,1,1,log-distance,25,26,veh8,veh9,5,0,1,935.173,0,7.9724,2.42874,nan,nan,0,0.03,0.03,0.028
juelich_pilot_d30_r5_log_distance_s01_w1,juelich,12345,1,1,log-distance,25,26,veh9,veh0,5,5,0,380.574,1,2.42874,8.3839,-78.2865,18.6898,5,0.03,0.04,0.028
juelich_pilot_d30_r5_log_distance_s01_w1,juelich,12345,1,1,log-distance,25,26,veh9,veh1,5,5,0,219.596,1,2.42874,7.75548,-73.51,23.4663,5,0.03,0.025,0.028
juelich_pilot_d30_r5_log_distance_s01_w1,juelich,12345,1,1,log-distance,25,26,veh9,veh4,5,5,0,186.884,1,2.42874,2.71697,-72.1091,24.8672,5,0.03,0.03,0.028
juelich_pilot_d30_r5_log_distance_s01_w1,juelich,12345,1,1,log-distance,25,26,veh9,veh5,5,0,1,786.492,0,2.42874,8.13892,nan,nan,0,0.03,0.03,0.028
juelich_pilot_d30_r5_log_distance_s01_w1,juelich,12345,1,1,log-distance,25,26,veh9,veh6,5,5,0,183.96,1,2.42874,5.33929,-71.9721,25.0042,5,0.03,0.025,0.028
juelich_pilot_d30_r5_log_distance_s01_w1,juelich,12345,1,1,log-distance,25,26,veh9,veh7,5,0,1,932.618,0,2.42874,0,nan,nan,0,0.03,0.03,0.028
juelich_pilot_d30_r5_log_distance_s01_w1,juelich,12345,1,1,log-distance,25,26,veh9,veh8,5,0,1,935.173,0,2.42874,7.9724,nan,nan,0,0.03,0.03,0.028
juelich_pilot_d30_r5_log_distance_s01_w1,juelich,12345,1,1,log-distance,26,27,veh0,veh1,5,2,0.6,583.734,0,8.40265,7.79058,-81.9743,15.002,2,0.04,0.025,0.028
juelich_pilot_d30_r5_log_distance_s01_w1,juelich,12345,1,1,log-distance,26,27,veh0,veh4,5,5,0,307.561,1,8.40265,0.0186339,-76.4362,20.5401,5,0.04,0.03,0.028
juelich_pilot_d30_r5_log_distance_s01_w1,juelich,12345,1,1,log-distance,26,27,veh0,veh5,5,5,0,462.927,1,8.40265,8.14926,-79.9876,16.9887,5,0.04,0.03,0.028
juelich_pilot_d30_r5_log_distance_s01_w1,juelich,12345,1,1,log-distance,26,27,veh0,veh6,5,5,0,424.863,1,8.40265,7.23624,-79.2427,17.7336,5,0.04,0.025,0.028
juelich_pilot_d30_r5_log_distance_s01_w1,juelich,12345,1,1,log-distance,26,27,veh0,veh7,5,0,1,790.881,0,8.40265,1.1836,nan,nan,0,0.04,0.03,0.028
juelich_pilot_d30_r5_log_distance_s01_w1,juelich,12345,1,1,log-distance,26,27,veh0,veh8,5,0,1,816.62,0,8.40265,9.71797,nan,nan,0,0.04,0.03,0.028
juelich_pilot_d30_r5_log_distance_s01_w1,juelich,12345,1,1,log-distance,26,27,veh0,veh9,5,5,0,378.477,1,8.40265,4.33497,-78.2385,18.7378,5,0.04,0.03,0.028
juelich_pilot_d30_r5_log_distance_s01_w1,juelich,12345,1,1,log-distance,26,27,veh1,veh0,5,2,0.6,583.734,0,7.79058,8.40265,-81.9743,15.002,2,0.025,0.04,0.028
juelich_pilot_d30_r5_log_distance_s01_w1,juelich,12345,1,1,log-distance,26,27,veh1,veh4,5,5,0,319.98,1,7.79058,0.0186339,-76.7802,20.1961,5,0.025,0.03,0.028
juelich_pilot_d30_r5_log_distance_s01_w1,juelich,12345,1,1,log-distance,26,27,veh1,veh6,5,5,0,227.752,1,7.79058,7.23624,-73.8268,23.1494,5,0.025,0.025,0.028
juelich_pilot_d30_r5_log_distance_s01_w1,juelich,12345,1,1,log-distance,26,27,veh1,veh9,5,5,0,213.573,1,7.79058,4.33497,-73.2683,23.708,5,0.025,0.03,0.028
juelich_pilot_d30_r5_log_distance_s01_w1,juelich,12345,1,1,log-distance,26,27,veh2,veh3,5,5,0,110.761,1,0,12.1483,-67.5627,29.4136,5,0.02,0.02,0.028
juelich_pilot_d30_r5_log_distance_s01_w1,juelich,12345,1,1,log-distance,26,27,veh2,veh5,5,0,1,912.026,0,0,8.14926,nan,nan,0,0.02,0.03,0.028
juelich_pilot_d30_r5_log_distance_s01_w1,juelich,12345,1,1,log-distance,26,27,veh2,veh7,5,5,0,386.693,1,0,1.1836,-78.425,18.5513,5,0.02,0.03,0.028
juelich_pilot_d30_r5_log_distance_s01_w1,juelich,12345,1,1,log-distance,26,27,veh2,veh8,5,5,0,350.424,1,0,9.71797,-77.5696,19.4067,5,0.02,0.03,0.028
juelich_pilot_d30_r5_log_distance_s01_w1,juelich,12345,1,1,log-distance,26,27,veh3,veh2,5,5,0,110.761,1,12.1483,0,-67.5627,29.4136,5,0.02,0.02,0.028
juelich_pilot_d30_r5_log_distance_s01_w1,juelich,12345,1,1,log-distance,26,27,veh3,veh5,5,0,1,876.212,0,12.1483,8.14926,nan,nan,0,0.02,0.03,0.028
juelich_pilot_d30_r5_log_distance_s01_w1,juelich,12345,1,1,log-distance,26,27,veh3,veh7,5,5,0,379.911,1,12.1483,1.1836,-78.2713,18.705,5,0.02,0.03,0.028
juelich_pilot_d30_r5_log_distance_s01_w1,juelich,12345,1,1,log-distance,26,27,veh3,veh8,5,5,0,362.45,1,12.1483,9.71797,-77.8626,19.1136,5,0.02,0.03,0.028
juelich_pilot_d30_r5_log_distance_s01_w1,juelich,12345,1,1,log-distance,26,27,veh4,veh0,5,5,0,307.561,1,0.0186339,8.40265,-76.4362,20.5401,5,0.03,0.04,0.028
juelich_pilot_d30_r5_log_distance_s01_w1,juelich,12345,1,1,log-distance,26,27,veh4,veh1,5,5,0,319.98,1,0.0186339,7.79058,-76.7802,20.1961,5,0.03,0.025,0.028
juelich_pilot_d30_r5_log_distance_s01_w1,juelich,12345,1,1,log-distance,26,27,veh4,veh5,5,0,1,767.949,0,0.0186339,8.14926,nan,nan,0,0.03,0.03,0.028
juelich_pilot_d30_r5_log_distance_s01_w1,juelich,12345,1,1,log-distance,26,27,veh4,veh6,5,5,0,118.967,1,0.0186339,7.23624,-68.1856,28.7907,5,0.03,0.025,0.028
juelich_pilot_d30_r5_log_distance_s01_w1,juelich,12345,1,1,log-distance,26,27,veh4,veh9,5,5,0,185.967,1,0.0186339,4.33497,-72.0664,24.9099,5,0.03,0.03,0.028
juelich_pilot_d30_r5_log_distance_s01_w1,juelich,12345,1,1,log-distance,26,27,veh5,veh0,5,5,0,462.927,1,8.14926,8.40265,-79.9876,16.9887,5,0.03,0.04,0.028
juelich_pilot_d30_r5_log_distance_s01_w1,juelich,12345,1,1,log-distance,26,27,veh5,veh2,5,0,1,912.026,0,8.14926,0,nan,nan,0,0.03,0.02,0.028
juelich_pilot_d30_r5_log_distance_s01_w1,juelich,12345,1,1,log-distance,26,27,veh5,veh3,5,0,1,876.212,0,8.14926,12.1483,nan,nan,0,0.03,0.02,0.028
juelich_pilot_d30_r5_log_distance_s01_w1,juelich,12345,1,1,log-distance,26,27,veh5,veh4,5,0,1,767.949,0,8.14926,0.0186339,nan,nan,0,0.03,0.03,0.028
juelich_pilot_d30_r5_log_distance_s01_w1,juelich,12345,1,1,log-distance,26,27,veh5,veh6,5,0,1,882.42,0,8.14926,7.23624,nan,nan,0,0.03,0.025,0.028
juelich_pilot_d30_r5_log_distance_s01_w1,juelich,12345,1,1,log-distance,26,27,veh5,veh7,5,5,0,536.307,0,8.14926,1.1836,-81.2659,15.7104,5,0.03,0.03,0.028
juelich_pilot_d30_r5_log_distance_s01_w1,juelich,12345,1,1,log-distance,26,27,veh5,veh8,5,0,1,593.293,0,8.14926,9.71797,nan,nan,0,0.03,0.03,0.028
juelich_pilot_d30_r5_log_distance_s01_w1,juelich,12345,1,1,log-distance,26,27,veh5,veh9,5,0,1,794.432,0,8.14926,4.33497,nan,nan,0,0.03,0.03,0.028
juelich_pilot_d30_r5_log_distance_s01_w1,juelich,12345,1,1,log-distance,26,27,veh6,veh0,5,5,0,424.863,1,7.23624,8.40265,-79.2427,17.7336,5,0.025,0.04,0.028
juelich_pilot_d30_r5_log_distance_s01_w1,juelich,12345,1,1,log-distance,26,27,veh6,veh1,5,5,0,227.752,1,7.23624,7.79058,-73.8268,23.1494,5,0.025,0.025,0.028
juelich_pilot_d30_r5_log_distance_s01_w1,juelich,12345,1,1,log-distance,26,27,veh6,veh4,5,5,0,118.967,1,7.23624,0.0186339,-68.1856,28.7907,5,0.025,0.03,0.028
juelich_pilot_d30_r5_log_distance_s01_w1,juelich,12345,1,1,log-distance,26,27,veh6,veh5,5,0,1,882.42,0,7.23624,8.14926,nan,nan,0,0.025,0.03,0.028
juelich_pilot_d30_r5_log_distance_s01_w1,juelich,12345,1,1,log-distance,26,27,veh6,veh9,5,5,0,186.623,1,7.23624,4.33497,-72.097,24.8793,5,0.025,0.03,0.028
juelich_pilot_d30_r5_log_distance_s01_w1,juelich,12345,1,1,log-distance,26,27,veh7,veh0,5,0,1,790.881,0,1.1836,8.40265,nan,nan,0,0.03,0.04,0.028
juelich_pilot_d30_r5_log_distance_s01_w1,juelich,12345,1,1,log-distance,26,27,veh7,veh2,5,5,0,386.693,1,1.1836,0,-78.425,18.5513,5,0.03,0.02,0.028
juelich_pilot_d30_r5_log_distance_s01_w1,juelich,12345,1,1,log-distance,26,27,veh7,veh3,5,5,0,379.911,1,1.1836,12.1483,-78.2713,18.705,5,0.03,0.02,0.028
juelich_pilot_d30_r5_log_distance_s01_w1,juelich,12345,1,1,log-distance,26,27,veh7,veh5,5,5,0,536.307,0,1.1836,8.14926,-81.2659,15.7104,5,0.03,0.03,0.028
juelich_pilot_d30_r5_log_distance_s01_w1,juelich,12345,1,1,log-distance,26,27,veh7,veh8,5,5,0,68.4835,1,1.1836,9.71797,-63.3835,33.5928,5,0.03,0.03,0.028
juelich_pilot_d30_r5_log_distance_s01_w1,juelich,12345,1,1,log-distance,26,27,veh7,veh9,5,0,1,935.685,0,1.1836,4.33497,nan,nan,0,0.03,0.03,0.028
juelich_pilot_d30_r5_log_distance_s01_w1,juelich,12345,1,1,log-distance,26,27,veh8,veh0,5,0,1,816.62,0,9.71797,8.40265,nan,nan,0,0.03,0.04,0.028
juelich_pilot_d30_r5_log_distance_s01_w1,juelich,12345,1,1,log-distance,26,27,veh8,veh2,5,5,0,350.424,1,9.71797,0,-77.5696,19.4067,5,0.03,0.02,0.028
juelich_pilot_d30_r5_log_distance_s01_w1,juelich,12345,1,1,log-distance,26,27,veh8,veh3,5,5,0,362.45,1,9.71797,12.1483,-77.8626,19.1136,5,0.03,0.02,0.028
juelich_pilot_d30_r5_log_distance_s01_w1,juelich,12345,1,1,log-distance,26,27,veh8,veh5,5,0,1,593.293,0,9.71797,8.14926,nan,nan,0,0.03,0.03,0.028
juelich_pilot_d30_r5_log_distance_s01_w1,juelich,12345,1,1,log-distance,26,27,veh8,veh7,5,5,0,68.4835,1,9.71797,1.1836,-63.3835,33.5928,5,0.03,0.03,0.028
juelich_pilot_d30_r5_log_distance_s01_w1,juelich,12345,1,1,log-distance,26,27,veh8,veh9,5,0,1,933.826,0,9.71797,4.33497,nan,nan,0,0.03,0.03,0.028
juelich_pilot_d30_r5_log_distance_s01_w1,juelich,12345,1,1,log-distance,26,27,veh9,veh0,5,5,0,378.477,1,4.33497,8.40265,-78.2385,18.7378,5,0.03,0.04,0.028
juelich_pilot_d30_r5_log_distance_s01_w1,juelich,12345,1,1,log-distance,26,27,veh9,veh1,5,5,0,213.573,1,4.33497,7.79058,-73.2683,23.708,5,0.03,0.025,0.028
juelich_pilot_d30_r5_log_distance_s01_w1,juelich,12345,1,1,log-distance,26,27,veh9,veh4,5,5,0,185.967,1,4.33497,0.0186339,-72.0664,24.9099,5,0.03,0.03,0.028
juelich_pilot_d30_r5_log_distance_s01_w1,juelich,12345,1,1,log-distance,26,27,veh9,veh5,5,0,1,794.432,0,4.33497,8.14926,nan,nan,0,0.03,0.03,0.028
juelich_pilot_d30_r5_log_distance_s01_w1,juelich,12345,1,1,log-distance,26,27,veh9,veh6,5,5,0,186.623,1,4.33497,7.23624,-72.097,24.8793,5,0.03,0.025,0.028
juelich_pilot_d30_r5_log_distance_s01_w1,juelich,12345,1,1,log-distance,26,27,veh9,veh7,5,0,1,935.685,0,4.33497,1.1836,nan,nan,0,0.03,0.03,0.028
juelich_pilot_d30_r5_log_distance_s01_w1,juelich,12345,1,1,log-distance,26,27,veh9,veh8,5,0,1,933.826,0,4.33497,9.71797,nan,nan,0,0.03,0.03,0.028
juelich_pilot_d30_r5_log_distance_s01_w1,juelich,12345,1,1,log-distance,27,28,veh0,veh1,5,5,0,577.775,0,8.36131,7.76975,-81.9128,15.0634,5,0.044,0.03,0.0302727
juelich_pilot_d30_r5_log_distance_s01_w1,juelich,12345,1,1,log-distance,27,28,veh0,veh10,5,5,0,414.395,1,8.36131,0.964408,-79.0259,17.9504,5,0.044,0.03,0.0302727
juelich_pilot_d30_r5_log_distance_s01_w1,juelich,12345,1,1,log-distance,27,28,veh0,veh4,5,5,0,300.786,1,8.36131,0,-76.2427,20.7336,5,0.044,0.035,0.0302727
juelich_pilot_d30_r5_log_distance_s01_w1,juelich,12345,1,1,log-distance,27,28,veh0,veh5,5,5,0,477.514,1,8.36131,8.14135,-80.2571,16.7192,5,0.044,0.03,0.0302727
juelich_pilot_d30_r5_log_distance_s01_w1,juelich,12345,1,1,log-distance,27,28,veh0,veh6,5,5,0,424.541,1,8.36131,8.37056,-79.2361,17.7402,5,0.044,0.03,0.0302727
juelich_pilot_d30_r5_log_distance_s01_w1,juelich,12345,1,1,log-distance,27,28,veh0,veh7,5,0,1,796.724,0,8.36131,3.1941,nan,nan,0,0.044,0.03,0.0302727
juelich_pilot_d30_r5_log_distance_s01_w1,juelich,12345,1,1,log-distance,27,28,veh0,veh8,5,0,1,823.166,0,8.36131,9.91819,nan,nan,0,0.044,0.029,0.0302727
juelich_pilot_d30_r5_log_distance_s01_w1,juelich,12345,1,1,log-distance,27,28,veh0,veh9,5,5,0,377.251,1,8.36131,6.25867,-78.2103,18.766,5,0.044,0.035,0.0302727
juelich_pilot_d30_r5_log_distance_s01_w1,juelich,12345,1,1,log-distance,27,28,veh1,veh0,5,5,0,577.775,0,7.76975,8.36131,-81.9128,15.0634,5,0.03,0.044,0.0302727
juelich_pilot_d30_r5_log_distance_s01_w1,juelich,12345,1,1,log-distance,27,28,veh1,veh10,5,5,0,230.554,1,7.76975,0.964408,-73.9331,23.0432,5,0.03,0.03,0.0302727
juelich_pilot_d30_r5_log_distance_s01_w1,juelich,12345,1,1,log-distance,27,28,veh1,veh4,5,5,0,321.268,1,7.76975,0,-76.8151,20.1612,5,0.03,0.035,0.0302727
juelich_pilot_d30_r5_log_distance_s01_w1,juelich,12345,1,1,log-distance,27,28,veh1,veh6,5,5,0,232.217,1,7.76975,8.37056,-73.9954,22.9809,5,0.03,0.03,0.0302727
juelich_pilot_d30_r5_log_distance_s01_w1,juelich,12345,1,1,log-distance,27,28,veh1,veh9,5,5,0,206.701,1,7.76975,6.25867,-72.9841,23.9921,5,0.03,0.035,0.0302727
juelich_pilot_d30_r5_log_distance_s01_w1,juelich,12345,1,1,log-distance,27,28,veh10,veh0,5,5,0,414.395,1,0.964408,8.36131,-79.0259,17.9504,5,0.03,0.044,0.0302727
juelich_pilot_d30_r5_log_distance_s01_w1,juelich,12345,1,1,log-distance,27,28,veh10,veh1,5,5,0,230.554,1,0.964408,7.76975,-73.9331,23.0432,5,0.03,0.03,0.0302727
juelich_pilot_d30_r5_log_distance_s01_w1,juelich,12345,1,1,log-distance,27,28,veh10,veh4,5,5,0,115.502,1,0.964408,0,-67.9295,29.0468,5,0.03,0.035,0.0302727
juelich_pilot_d30_r5_log_distance_s01_w1,juelich,12345,1,1,log-distance,27,28,veh10,veh5,5,0,1,884.574,0,0.964408,8.14135,nan,nan,0,0.03,0.03,0.0302727
juelich_pilot_d30_r5_log_distance_s01_w1,juelich,12345,1,1,log-distance,27,28,veh10,veh6,5,5,0,13.1859,1,0.964408,8.37056,-48.9705,48.0058,5,0.03,0.03,0.0302727
juelich_pilot_d30_r5_log_distance_s01_w1,juelich,12345,1,1,log-distance,27,28,veh10,veh9,5,5,0,177.036,1,0.964408,6.25867,-71.6387,25.3376,5,0.03,0.035,0.0302727
juelich_pilot_d30_r5_log_distance_s01_w1,juelich,12345,1,1,log-distance,27,28,veh2,veh3,5,5,0,99.9772,1,0,12.1438,-66.6712,30.3051,5,0.02,0.02,0.0302727
juelich_pilot_d30_r5_log_distance_s01_w1,juelich,12345,1,1,log-distance,27,28,veh2,veh5,5,0,1,905.582,0,0,8.14135,nan,nan,0,0.02,0.03,0.0302727
juelich_pilot_d30_r5_log_distance_s01_w1,juelich,12345,1,1,log-distance,27,28,veh2,veh7,5,5,0,388.994,1,0,3.1941,-78.4765,18.4997,5,0.02,0.03,0.0302727
juelich_pilot_d30_r5_log_distance_s01_w1,juelich,12345,1,1,log-distance,27,28,veh2,veh8,5,5,0,351.431,1,0,9.91819,-77.5945,19.3818,5,0.02,0.029,0.0302727
juelich_pilot_d30_r5_log_distance_s01_w1,juelich,12345,1,1,log-distance,27,28,veh3,veh2,5,5,0,99.9772,1,12.1438,0,-66.6712,30.3051,5,0.02,0.02,0.0302727
juelich_pilot_d30_r5_log_distance_s01_w1,juelich,12345,1,1,log-distance,27,28,veh3,veh5,5,0,1,868.406,0,12.1438,8.14135,nan,nan,0,0.02,0.03,0.0302727
juelich_pilot_d30_r5_log_distance_s01_w1,juelich,12345,1,1,log-distance,27,28,veh3,veh7,5,5,0,377.436,1,12.1438,3.1941,-78.2146,18.7617,5,0.02,0.03,0.0302727
juelich_pilot_d30_r5_log_distance_s01_w1,juelich,12345,1,1,log-distance,27,28,veh3,veh8,5,5,0,359.597,1,12.1438,9.91819,-77.794,19.1823,5,0.02,0.029,0.0302727
juelich_pilot_d30_r5_log_distance_s01_w1,juelich,12345,1,1,log-distance,27,28,veh4,veh0,5,5,0,300.786,1,0,8.36131,-76.2427,20.7336,5,0.035,0.044,0.0302727
juelich_pilot_d30_r5_log_distance_s01_w1,juelich,12345,1,1,log-distance,27,28,veh4,veh1,5,5,0,321.268,1,0,7.76975,-76.8151,20.1612,5,0.035,0.03,0.0302727
juelich_pilot_d30_r5_log_distance_s01_w1,juelich,12345,1,1,log-distance,27,28,veh4,veh10,5,5,0,115.502,1,0,0.964408,-67.9295,29.0468,5,0.035,0.03,0.0302727
juelich_pilot_d30_r5_log_distance_s01_w1,juelich,12345,1,1,log-distance,27,28,veh4,veh5,5,0,1,774.67,0,0,8.14135,nan,nan,0,0.035,0.03,0.0302727
juelich_pilot_d30_r5_log_distance_s01_w1,juelich,12345,1,1,log-distance,27,28,veh4,veh6,5,5,0,124.547,1,0,8.37056,-68.5836,28.3927,5,0.035,0.03,0.0302727
juelich_pilot_d30_r5_log_distance_s01_w1,juelich,12345,1,1,log-distance,27,28,veh4,veh9,5,5,0,183.487,1,0,6.25867,-71.9497,25.0265,5,0.035,0.035,0.0302727
juelich_pilot_d30_r5_log_distance_s01_w1,juelich,12345,1,1,log-distance,27,28,veh5,veh0,5,5,0,477.514,1,8.14135,8.36131,-80.2571,16.7192,5,0.03,0.044,0.0302727
juelich_pilot_d30_r5_log_distance_s01_w1,juelich,12345,1,1,log-distance,27,28,veh5,veh10,5,0,1,884.574,0,8.14135,0.964408,nan,nan,0,0.03,0.03,0.0302727
juelich_pilot_d30_r5_log_distance_s01_w1,juelich,12345,1,1,log-distance,27,28,veh5,veh2,5,0,1,905.582,0,8.14135,0,nan,nan,0,0.03,0.02,0.0302727
juelich_pilot_d30_r5_log_distance_s01_w1,juelich,12345,1,1,log-distance,27,28,veh5,veh3,5,0,1,868.406,0,8.14135,12.1438,nan,nan,0,0.03,0.02,0.0302727
juelich_pilot_d30_r5_log_distance_s01_w1,juelich,12345,1,1,log-distance,27,28,veh5,veh4,5,0,1,774.67,0,8.14135,0,nan,nan,0,0.03,0.035,0.0302727
juelich_pilot_d30_r5_log_distance_s01_w1,juelich,12345,1,1,log-distance,27,28,veh5,veh6,5,0,1,895.742,0,8.14135,8.37056,nan,nan,0,0.03,0.03,0.0302727
juelich_pilot_d30_r5_log_distance_s01_w1,juelich,12345,1,1,log-distance,27,28,veh5,veh7,5,5,0,528.464,0,8.14135,3.1941,-81.1379,15.8384,5,0.03,0.03,0.0302727
juelich_pilot_d30_r5_log_distance_s01_w1,juelich,12345,1,1,log-distance,27,28,veh5,veh8,5,0,1,592.433,0,8.14135,9.91819,nan,nan,0,0.03,0.029,0.0302727
juelich_pilot_d30_r5_log_distance_s01_w1,juelich,12345,1,1,log-distance,27,28,veh5,veh9,5,0,1,803.883,0,8.14135,6.25867,nan,nan,0,0.03,0.035,0.0302727
juelich_pilot_d30_r5_log_distance_s01_w1,juelich,12345,1,1,log-distance,27,28,veh6,veh0,5,5,0,424.541,1,8.37056,8.36131,-79.2361,17.7402,5,0.03,0.044,0.0302727
juelich_pilot_d30_r5_log_distance_s01_w1,juelich,12345,1,1,log-distance,27,28,veh6,veh1,5,5,0,232.217,1,8.37056,7.76975,-73.9954,22.9809,5,0.03,0.03,0.0302727
juelich_pilot_d30_r5_log_distance_s01_w1,juelich,12345,1,1,log-distance,27,28,veh6,veh10,5,5,0,13.1859,1,8.37056,0.964408,-48.9705,48.0058,5,0.03,0.03,0.0302727
juelich_pilot_d30_r5_log_distance_s01_w1,juelich,12345,1,1,log-distance,27,28,veh6,veh4,5,5,0,124.547,1,8.37056,0,-68.5836,28.3927,5,0.03,0.035,0.0302727
juelich_pilot_d30_r5_log_distance_s01_w1,juelich,12345,1,1,log-distance,27,28,veh6,veh5,5,0,1,895.742,0,8.37056,8.14135,nan,nan,0,0.03,0.03,0.0302727
juelich_pilot_d30_r5_log_distance_s01_w1,juelich,12345,1,1,log-distance,27,28,veh6,veh9,5,5,0,189.042,1,8.37056,6.25867,-72.2088,24.7674,5,0.03,0.035,0.0302727
juelich_pilot_d30_r5_log_distance_s01_w1,juelich,12345,1,1,log-distance,27,28,veh7,veh0,5,0,1,796.724,0,3.1941,8.36131,nan,nan,0,0.03,0.044,0.0302727
juelich_pilot_d30_r5_log_distance_s01_w1,juelich,12345,1,1,log-distance,27,28,veh7,veh2,5,5,0,388.994,1,3.1941,0,-78.4765,18.4997,5,0.03,0.02,0.0302727
juelich_pilot_d30_r5_log_distance_s01_w1,juelich,12345,1,1,log-distance,27,28,veh7,veh3,5,5,0,377.436,1,3.1941,12.1438,-78.2146,18.7617,5,0.03,0.02,0.0302727
juelich_pilot_d30_r5_log_distance_s01_w1,juelich,12345,1,1,log-distance,27,28,veh7,veh5,5,5,0,528.464,0,3.1941,8.14135,-81.1379,15.8384,5,0.03,0.03,0.0302727
juelich_pilot_d30_r5_log_distance_s01_w1,juelich,12345,1,1,log-distance,27,28,veh7,veh8,5,5,0,78.1084,1,3.1941,9.91819,-64.5257,32.4506,5,0.03,0.029,0.0302727
juelich_pilot_d30_r5_log_distance_s01_w1,juelich,12345,1,1,log-distance,27,28,veh7,veh9,5,0,1,939.14,0,3.1941,6.25867,nan,nan,0,0.03,0.035,0.0302727
juelich_pilot_d30_r5_log_distance_s01_w1,juelich,12345,1,1,log-distance,27,28,veh8,veh0,5,0,1,823.166,0,9.91819,8.36131,nan,nan,0,0.029,0.044,0.0302727
juelich_pilot_d30_r5_log_distance_s01_w1,juelich,12345,1,1,log-distance,27,28,veh8,veh2,5,5,0,351.431,1,9.91819,0,-77.5945,19.3818,5,0.029,0.02,0.0302727
juelich_pilot_d30_r5_log_distance_s01_w1,juelich,12345,1,1,log-distance,27,28,veh8,veh3,5,5,0,359.597,1,9.91819,12.1438,-77.794,19.1823,5,0.029,0.02,0.0302727
juelich_pilot_d30_r5_log_distance_s01_w1,juelich,12345,1,1,log-distance,27,28,veh8,veh5,5,0,1,592.433,0,9.91819,8.14135,nan,nan,0,0.029,0.03,0.0302727
juelich_pilot_d30_r5_log_distance_s01_w1,juelich,12345,1,1,log-distance,27,28,veh8,veh7,5,5,0,78.1084,1,9.91819,3.1941,-64.5257,32.4506,5,0.029,0.03,0.0302727
juelich_pilot_d30_r5_log_distance_s01_w1,juelich,12345,1,1,log-distance,27,28,veh8,veh9,5,0,1,934.03,0,9.91819,6.25867,nan,nan,0,0.029,0.035,0.0302727
juelich_pilot_d30_r5_log_distance_s01_w1,juelich,12345,1,1,log-distance,27,28,veh9,veh0,5,5,0,377.251,1,6.25867,8.36131,-78.2103,18.766,5,0.035,0.044,0.0302727
juelich_pilot_d30_r5_log_distance_s01_w1,juelich,12345,1,1,log-distance,27,28,veh9,veh1,5,5,0,206.701,1,6.25867,7.76975,-72.9841,23.9921,5,0.035,0.03,0.0302727
juelich_pilot_d30_r5_log_distance_s01_w1,juelich,12345,1,1,log-distance,27,28,veh9,veh10,5,5,0,177.036,1,6.25867,0.964408,-71.6387,25.3376,5,0.035,0.03,0.0302727
juelich_pilot_d30_r5_log_distance_s01_w1,juelich,12345,1,1,log-distance,27,28,veh9,veh4,5,5,0,183.487,1,6.25867,0,-71.9497,25.0265,5,0.035,0.035,0.0302727
juelich_pilot_d30_r5_log_distance_s01_w1,juelich,12345,1,1,log-distance,27,28,veh9,veh5,5,0,1,803.883,0,6.25867,8.14135,nan,nan,0,0.035,0.03,0.0302727
juelich_pilot_d30_r5_log_distance_s01_w1,juelich,12345,1,1,log-distance,27,28,veh9,veh6,5,5,0,189.042,1,6.25867,8.37056,-72.2088,24.7674,5,0.035,0.03,0.0302727
juelich_pilot_d30_r5_log_distance_s01_w1,juelich,12345,1,1,log-distance,27,28,veh9,veh7,5,0,1,939.14,0,6.25867,3.1941,nan,nan,0,0.035,0.03,0.0302727
juelich_pilot_d30_r5_log_distance_s01_w1,juelich,12345,1,1,log-distance,27,28,veh9,veh8,5,0,1,934.03,0,6.25867,9.91819,nan,nan,0,0.035,0.029,0.0302727
juelich_pilot_d30_r5_log_distance_s01_w1,juelich,12345,1,1,log-distance,28,29,veh0,veh1,5,5,0,572.418,0,8.41134,7.82217,-81.8319,15.1443,5,0.04,0.03,0.0295455
juelich_pilot_d30_r5_log_distance_s01_w1,juelich,12345,1,1,log-distance,28,29,veh0,veh10,5,5,0,409.591,1,8.41134,2.95692,-78.9247,18.0516,5,0.04,0.03,0.0295455
juelich_pilot_d30_r5_log_distance_s01_w1,juelich,12345,1,1,log-distance,28,29,veh0,veh4,5,5,0,294.093,1,8.41134,0,-76.0472,20.9291,5,0.04,0.035,0.0295455
juelich_pilot_d30_r5_log_distance_s01_w1,juelich,12345,1,1,log-distance,28,29,veh0,veh5,5,5,0,492.228,1,8.41134,8.13952,-80.5207,16.4556,5,0.04,0.03,0.0295455
juelich_pilot_d30_r5_log_distance_s01_w1,juelich,12345,1,1,log-distance,28,29,veh0,veh6,5,5,0,424.512,1,8.41134,8.39737,-79.2355,17.7408,5,0.04,0.03,0.0295455
juelich_pilot_d30_r5_log_distance_s01_w1,juelich,12345,1,1,log-distance,28,29,veh0,veh7,5,0,1,800.612,0,8.41134,5.24831,nan,nan,0,0.04,0.03,0.0295455
juelich_pilot_d30_r5_log_distance_s01_w1,juelich,12345,1,1,log-distance,28,29,veh0,veh8,5,0,1,829.853,0,8.41134,9.89586,nan,nan,0,0.04,0.025,0.0295455
juelich_pilot_d30_r5_log_distance_s01_w1,juelich,12345,1,1,log-distance,28,29,veh0,veh9,5,5,0,376.667,1,8.41134,7.1127,-78.1968,18.7794,5,0.04,0.035,0.0295455
juelich_pilot_d30_r5_log_distance_s01_w1,juelich,12345,1,1,log-distance,28,29,veh1,veh0,5,5,0,572.418,0,7.82217,8.41134,-81.8319,15.1443,5,0.03,0.04,0.0295455
juelich_pilot_d30_r5_log_distance_s01_w1,juelich,12345,1,1,log-distance,28,29,veh1,veh10,5,5,0,234.466,1,7.82217,2.95692,-74.0792,22.8971,5,0.03,0.03,0.0295455
juelich_pilot_d30_r5_log_distance_s01_w1,juelich,12345,1,1,log-distance,28,29,veh1,veh4,5,5,0,322.958,1,7.82217,0,-76.8606,20.1157,5,0.03,0.035,0.0295455
juelich_pilot_d30_r5_log_distance_s01_w1,juelich,12345,1,1,log-distance,28,29,veh1,veh6,5,5,0,237.885,1,7.82217,8.39737,-74.2048,22.7715,5,0.03,0.03,0.0295455
juelich_pilot_d30_r5_log_distance_s01_w1,juelich,12345,1,1,log-distance,28,29,veh1,veh9,5,5,0,199.711,1,7.82217,7.1127,-72.6853,24.2909,5,0.03,0.035,0.0295455
juelich_pilot_d30_r5_log_distance_s01_w1,juelich,12345,1,1,log-distance,28,29,veh10,veh0,5,5,0,409.591,1,2.95692,8.41134,-78.9247,18.0516,5,0.03,0.04,0.0295455
juelich_pilot_d30_r5_log_distance_s01_w1,juelich,12345,1,1,log-distance,28,29,veh10,veh1,5,5,0,234.466,1,2.95692,7.82217,-74.0792,22.8971,5,0.03,0.03,0.0295455
juelich_pilot_d30_r5_log_distance_s01_w1,juelich,12345,1,1,log-distance,28,29,veh10,veh4,5,5,0,116.893,1,2.95692,0,-68.0334,28.9429,5,0.03,0.035,0.0295455
juelich_pilot_d30_r5_log_distance_s01_w1,juelich,12345,1,1,log-distance,28,29,veh10,veh5,5,0,1,892.91,0,2.95692,8.13952,nan,nan,0,0.03,0.03,0.0295455
juelich_pilot_d30_r5_log_distance_s01_w1,juelich,12345,1,1,log-distance,28,29,veh10,veh6,5,5,0,19.4692,1,2.95692,8.39737,-52.4382,44.5381,5,0.03,0.03,0.0295455
juelich_pilot_d30_r5_log_distance_s01_w1,juelich,12345,1,1,log-distance,28,29,veh10,veh9,5,5,0,172.774,1,2.95692,7.1127,-71.4271,25.5492,5,0.03,0.035,0.0295455
juelich_pilot_d30_r5_log_distance_s01_w1,juelich,12345,1,1,log-distance,28,29,veh2,veh3,5,5,0,88.4948,1,0,12.1847,-65.6102,31.3661,5,0.02,0.02,0.0295455
juelich_pilot_d30_r5_log_distance_s01_w1,juelich,12345,1,1,log-distance,28,29,veh2,veh5,5,0,1,899.16,0,0,8.13952,nan,nan,0,0.02,0.03,0.0295455
juelich_pilot_d30_r5_log_distance_s01_w1,juelich,12345,1,1,log-distance,28,29,veh2,veh7,5,5,0,393.298,1,0,5.24831,-78.5721,18.4042,5,0.02,0.03,0.0295455
juelich_pilot_d30_r5_log_distance_s01_w1,juelich,12345,1,1,log-distance,28,29,veh2,veh8,5,5,0,352.632,1,0,9.89586,-77.6241,19.3521,5,0.02,0.025,0.0295455
juelich_pilot_d30_r5_log_distance_s01_w1,juelich,12345,1,1,log-distance,28,29,veh3,veh2,5,5,0,88.4948,1,12.1847,0,-65.6102,31.3661,5,0.02,0.02,0.0295455
juelich_pilot_d30_r5_log_distance_s01_w1,juelich,12345,1,1,log-distance,28,29,veh3,veh5,5,0,1,861.539,0,12.1847,8.13952,nan,nan,0,0.02,0.03,0.0295455
juelich_pilot_d30_r5_log_distance_s01_w1,juelich,12345,1,1,log-distance,28,29,veh3,veh7,5,5,0,377.665,1,12.1847,5.24831,-78.2198,18.7565,5,0.02,0.03,0.0295455
juelich_pilot_d30_r5_log_distance_s01_w1,juelich,12345,1,1,log-distance,28,29,veh3,veh8,5,5,0,356.856,1,12.1847,9.89586,-77.7275,19.2487,5,0.02,0.025,0.0295455
juelich_pilot_d30_r5_log_distance_s01_w1,juelich,12345,1,1,log-distance,28,29,veh4,veh0,5,5,0,294.093,1,0,8.41134,-76.0472,20.9291,5,0.035,0.04,0.0295455
juelich_pilot_d30_r5_log_distance_s01_w1,juelich,12345,1,1,log-distance,28,29,veh4,veh1,5,5,0,322.958,1,0,7.82217,-76.8606,20.1157,5,0.035,0.03,0.0295455
juelich_pilot_d30_r5_log_distance_s01_w1,juelich,12345,1,1,log-distance,28,29,veh4,veh10,5,5,0,116.893,1,0,2.95692,-68.0334,28.9429,5,0.035,0.03,0.0295455
juelich_pilot_d30_r5_log_distance_s01_w1,juelich,12345,1,1,log-distance,28,29,veh4,veh5,5,0,1,781.422,0,0,8.13952,nan,nan,0,0.035,0.03,0.0295455
juelich_pilot_d30_r5_log_distance_s01_w1,juelich,12345,1,1,log-distance,28,29,veh4,veh6,5,5,0,130.66,1,0,8.39737,-68.9998,27.9765,5,0.035,0.03,0.0295455
juelich_pilot_d30_r5_log_distance_s01_w1,juelich,12345,1,1,log-distance,28,29,veh4,veh9,5,5,0,180.51,1,0,7.1127,-71.8076,25.1687,5,0.035,0.035,0.0295455
juelich_pilot_d30_r5_log_distance_s01_w1,juelich,12345,1,1,log-distance,28,29,veh5,veh0,5,5,0,492.228,1,8.13952,8.41134,-80.5207,16.4556,5,0.03,0.04,0.0295455
juelich_pilot_d30_r5_log_distance_s01_w1,juelich,12345,1,1,log-distance,28,29,veh5,veh10,5,0,1,892.91,0,8.13952,2.95692,nan,nan,0,0.03,0.03,0.0295455
juelich_pilot_d30_r5_log_distance_s01_w1,juelich,12345,1,1,log-distance,28,29,veh5,veh2,5,0,1,899.16,0,8.13952,0,nan,nan,0,0.03,0.02,0.0295455
juelich_pilot_d30_r5_log_distance_s01_w1,juelich,12345,1,1,log-distance,28,29,veh5,veh3,5,0,1,861.539,0,8.13952,12.1847,nan,nan,0,0.03,0.02,0.0295455
juelich_pilot_d30_r5_log_distance_s01_w1,juelich,12345,1,1,log-distance,28,29,veh5,veh4,5,0,1,781.422,0,8.13952,0,nan,nan,0,0.03,0.035,0.0295455
juelich_pilot_d30_r5_log_distance_s01_w1,juelich,12345,1,1,log-distance,28,29,veh5,veh6,5,0,1,909.483,0,8.13952,8.39737,nan,nan,0,0.03,0.03,0.0295455
juelich_pilot_d30_r5_log_distance_s01_w1,juelich,12345,1,1,log-distance,28,29,veh5,veh7,5,5,0,518.873,0,8.13952,5.24831,-80.9788,15.9975,5,0.03,0.03,0.0295455
juelich_pilot_d30_r5_log_distance_s01_w1,juelich,12345,1,1,log-distance,28,29,veh5,veh8,5,0,1,592.03,0,8.13952,9.89586,nan,nan,0,0.03,0.025,0.0295455
juelich_pilot_d30_r5_log_distance_s01_w1,juelich,12345,1,1,log-distance,28,29,veh5,veh9,5,0,1,814.557,0,8.13952,7.1127,nan,nan,0,0.03,0.035,0.0295455
juelich_pilot_d30_r5_log_distance_s01_w1,juelich,12345,1,1,log-distance,28,29,veh6,veh0,5,5,0,424.512,1,8.39737,8.41134,-79.2355,17.7408,5,0.03,0.04,0.0295455
juelich_pilot_d30_r5_log_distance_s01_w1,juelich,12345,1,1,log-distance,28,29,veh6,veh1,5,5,0,237.885,1,8.39737,7.82217,-74.2048,22.7715,5,0.03,0.03,0.0295455
juelich_pilot_d30_r5_log_distance_s01_w1,juelich,12345,1,1,log-distance,28,29,veh6,veh10,5,5,0,19.4692,1,8.39737,2.95692,-52.4382,44.5381,5,0.03,0.03,0.0295455
juelich_pilot_d30_r5_log_distance_s01_w1,juelich,12345,1,1,log-distance,28,29,veh6,veh4,5,5,0,130.66,1,8.39737,0,-68.9998,27.9765,5,0.03,0.035,0.0295455
juelich_pilot_d30_r5_log_distance_s01_w1,juelich,12345,1,1,log-distance,28,29,veh6,veh5,5,0,1,909.483,0,8.39737,8.13952,nan,nan,0,0.03,0.03,0.0295455
juelich_pilot_d30_r5_log_distance_s01_w1,juelich,12345,1,1,log-distance,28,29,veh6,veh9,5,5,0,190.466,1,8.39737,7.1127,-72.274,24.7022,5,0.03,0.035,0.0295455
juelich_pilot_d30_r5_log_distance_s01_w1,juelich,12345,1,1,log-distance,28,29,veh7,veh0,5,0,1,800.612,0,5.24831,8.41134,nan,nan,0,0.03,0.04,0.0295455
juelich_pilot_d30_r5_log_distance_s01_w1,juelich,12345,1,1,log-distance,28,29,veh7,veh2,5,5,0,393.298,1,5.24831,0,-78.5721,18.4042,5,0.03,0.02,0.0295455
juelich_pilot_d30_r5_log_distance_s01_w1,juelich,12345,1,1,log-distance,28,29,veh7,veh3,5,5,0,377.665,1,5.24831,12.1847,-78.2198,18.7565,5,0.03,0.02,0.0295455
juelich_pilot_d30_r5_log_distance_s01_w1,juelich,12345,1,1,log-distance,28,29,veh7,veh5,5,5,0,518.873,0,5.24831,8.13952,-80.9788,15.9975,5,0.03,0.03,0.0295455
juelich_pilot_d30_r5_log_distance_s01_w1,juelich,12345,1,1,log-distance,28,29,veh7,veh8,5,5,0,88.8347,1,5.24831,9.89586,-65.6438,31.3325,5,0.03,0.025,0.0295455
juelich_pilot_d30_r5_log_distance_s01_w1,juelich,12345,1,1,log-distance,28,29,veh7,veh9,5,0,1,942.416,0,5.24831,7.1127,nan,nan,0,0.03,0.035,0.0295455
juelich_pilot_d30_r5_log_distance_s01_w1,juelich,12345,1,1,log-distance,28,29,veh8,veh0,5,0,1,829.853,0,9.89586,8.41134,nan,nan,0,0.025,0.04,0.0295455
juelich_pilot_d30_r5_log_distance_s01_w1,juelich,12345,1,1,log-distance,28,29,veh8,veh2,5,5,0,352.632,1,9.89586,0,-77.6241,19.3521,5,0.025,0.02,0.0295455
juelich_pilot_d30_r5_log_distance_s01_w1,juelich,12345,1,1,log-distance,28,29,veh8,veh3,5,5,0,356.856,1,9.89586,12.1847,-77.7275,19.2487,5,0.025,0.02,0.0295455
juelich_pilot_d30_r5_log_distance_s01_w1,juelich,12345,1,1,log-distance,28,29,veh8,veh5,5,0,1,592.03,0,9.89586,8.13952,nan,nan,0,0.025,0.03,0.0295455
juelich_pilot_d30_r5_log_distance_s01_w1,juelich,12345,1,1,log-distance,28,29,veh8,veh7,5,5,0,88.8347,1,9.89586,5.24831,-65.6438,31.3325,5,0.025,0.03,0.0295455
juelich_pilot_d30_r5_log_distance_s01_w1,juelich,12345,1,1,log-distance,28,29,veh8,veh9,5,0,1,935.858,0,9.89586,7.1127,nan,nan,0,0.025,0.035,0.0295455
juelich_pilot_d30_r5_log_distance_s01_w1,juelich,12345,1,1,log-distance,28,29,veh9,veh0,5,5,0,376.667,1,7.1127,8.41134,-78.1968,18.7794,5,0.035,0.04,0.0295455
juelich_pilot_d30_r5_log_distance_s01_w1,juelich,12345,1,1,log-distance,28,29,veh9,veh1,5,5,0,199.711,1,7.1127,7.82217,-72.6853,24.2909,5,0.035,0.03,0.0295455
juelich_pilot_d30_r5_log_distance_s01_w1,juelich,12345,1,1,log-distance,28,29,veh9,veh10,5,5,0,172.774,1,7.1127,2.95692,-71.4271,25.5492,5,0.035,0.03,0.0295455
juelich_pilot_d30_r5_log_distance_s01_w1,juelich,12345,1,1,log-distance,28,29,veh9,veh4,5,5,0,180.51,1,7.1127,0,-71.8076,25.1687,5,0.035,0.035,0.0295455
juelich_pilot_d30_r5_log_distance_s01_w1,juelich,12345,1,1,log-distance,28,29,veh9,veh5,5,0,1,814.557,0,7.1127,8.13952,nan,nan,0,0.035,0.03,0.0295455
juelich_pilot_d30_r5_log_distance_s01_w1,juelich,12345,1,1,log-distance,28,29,veh9,veh6,5,5,0,190.466,1,7.1127,8.39737,-72.274,24.7022,5,0.035,0.03,0.0295455
juelich_pilot_d30_r5_log_distance_s01_w1,juelich,12345,1,1,log-distance,28,29,veh9,veh7,5,0,1,942.416,0,7.1127,5.24831,nan,nan,0,0.035,0.03,0.0295455
juelich_pilot_d30_r5_log_distance_s01_w1,juelich,12345,1,1,log-distance,28,29,veh9,veh8,5,0,1,935.858,0,7.1127,9.89586,nan,nan,0,0.035,0.025,0.0295455
juelich_pilot_d30_r5_log_distance_s01_w1,juelich,12345,1,1,log-distance,29,30,veh0,veh1,5,5,0,567.838,0,7.0555,7.78292,-81.7622,15.2141,5,0.041,0.031,0.0290278
juelich_pilot_d30_r5_log_distance_s01_w1,juelich,12345,1,1,log-distance,29,30,veh0,veh10,5,5,0,406.722,1,7.0555,4.8401,-78.8637,18.1126,5,0.041,0.031,0.0290278
juelich_pilot_d30_r5_log_distance_s01_w1,juelich,12345,1,1,log-distance,29,30,veh0,veh11,1,1,0,526.793,0,7.273,0.258809,-81.1105,15.8658,1,0.041,0.0233333,0.0290278
juelich_pilot_d30_r5_log_distance_s01_w1,juelich,12345,1,1,log-distance,29,30,veh0,veh4,5,5,0,287.989,1,7.0555,0,-75.8651,21.1112,5,0.041,0.036,0.0290278
juelich_pilot_d30_r5_log_distance_s01_w1,juelich,12345,1,1,log-distance,29,30,veh0,veh5,5,5,0,506.47,0,7.0555,8.13233,-80.7685,16.2077,5,0.041,0.027,0.0290278
juelich_pilot_d30_r5_log_distance_s01_w1,juelich,12345,1,1,log-distance,29,30,veh0,veh6,5,5,0,424.973,1,7.0555,8.36652,-79.2449,17.7314,5,0.041,0.031,0.0290278
juelich_pilot_d30_r5_log_distance_s01_w1,juelich,12345,1,1,log-distance,29,30,veh0,veh7,5,0,1,801.967,0,7.0555,7.19874,nan,nan,0,0.041,0.03,0.0290278
juelich_pilot_d30_r5_log_distance_s01_w1,juelich,12345,1,1,log-distance,29,30,veh0,veh8,5,0,1,836.022,0,7.0555,9.90594,nan,nan,0,0.041,0.025,0.0290278
juelich_pilot_d30_r5_log_distance_s01_w1,juelich,12345,1,1,log-distance,29,30,veh0,veh9,5,5,0,376.447,1,7.0555,7.1011,-78.1918,18.7845,5,0.041,0.033,0.0290278
juelich_pilot_d30_r5_log_distance_s01_w1,juelich,12345,1,1,log-distance,29,30,veh1,veh0,5,5,0,567.838,0,7.78292,7.0555,-81.7622,15.2141,5,0.031,0.041,0.0290278
juelich_pilot_d30_r5_log_distance_s01_w1,juelich,12345,1,1,log-distance,29,30,veh1,veh10,5,5,0,239.117,1,7.78292,4.8401,-74.2497,22.7265,5,0.031,0.031,0.0290278
juelich_pilot_d30_r5_log_distance_s01_w1,juelich,12345,1,1,log-distance,29,30,veh1,veh11,1,1,0,44.4388,1,7.78201,0.258809,-59.633,37.3433,1,0.031,0.0233333,0.0290278
juelich_pilot_d30_r5_log_distance_s01_w1,juelich,12345,1,1,log-distance,29,30,veh1,veh4,5,5,0,324.909,1,7.78292,0,-76.9129,20.0634,5,0.031,0.036,0.0290278
juelich_pilot_d30_r5_log_distance_s01_w1,juelich,12345,1,1,log-distance,29,30,veh1,veh6,5,5,0,244.52,1,7.78292,8.36652,-74.4437,22.5326,5,0.031,0.031,0.0290278
juelich_pilot_d30_r5_log_distance_s01_w1,juelich,12345,1,1,log-distance,29,30,veh1,veh9,5,5,0,193.493,1,7.78292,7.1011,-72.4107,24.5656,5,0.031,0.033,0.0290278
juelich_pilot_d30_r5_log_distance_s01_w1,juelich,12345,1,1,log-distance,29,30,veh10,veh0,5,5,0,406.722,1,4.8401,7.0555,-78.8637,18.1126,5,0.031,0.041,0.0290278
juelich_pilot_d30_r5_log_distance_s01_w1,juelich,12345,1,1,log-distance,29,30,veh10,veh1,5,5,0,239.117,1,4.8401,7.78292,-74.2497,22.7265,5,0.031,0.031,0.0290278
juelich_pilot_d30_r5_log_distance_s01_w1,juelich,12345,1,1,log-distance,29,30,veh10,veh11,1,1,0,225.824,1,5.63158,0.258809,-73.7531,23.2232,1,0.031,0.0233333,0.0290278
juelich_pilot_d30_r5_log_distance_s01_w1,juelich,12345,1,1,log-distance,29,30,veh10,veh4,5,5,0,119.582,1,4.8401,0,-68.2308,28.7455,5,0.031,0.036,0.0290278
juelich_pilot_d30_r5_log_distance_s01_w1,juelich,12345,1,1,log-distance,29,30,veh10,veh5,5,0,1,902.89,0,4.8401,8.13233,nan,nan,0,0.031,0.027,0.0290278
juelich_pilot_d30_r5_log_distance_s01_w1,juelich,12345,1,1,log-distance,29,30,veh10,veh6,5,5,0,23.8612,1,4.8401,8.36652,-54.2243,42.752,5,0.031,0.031,0.0290278
juelich_pilot_d30_r5_log_distance_s01_w1,juelich,12345,1,1,log-distance,29,30,veh10,veh9,5,5,0,170.022,1,4.8401,7.1011,-71.2878,25.6885,5,0.031,0.033,0.0290278
juelich_pilot_d30_r5_log_distance_s01_w1,juelich,12345,1,1,log-distance,29,30,veh11,veh0,1,1,0,526.793,0,0.258809,7.273,-81.1105,15.8658,1,0.0233333,0.041,0.0290278
juelich_pilot_d30_r5_log_distance_s01_w1,juelich,12345,1,1,log-distance,29,30,veh11,veh1,1,1,0,44.4388,1,0.258809,7.78201,-59.633,37.3433,1,0.0233333,0.031,0.0290278
juelich_pilot_d30_r5_log_distance_s01_w1,juelich,12345,1,1,log-distance,29,30,veh11,veh10,1,1,0,225.824,1,0.258809,5.63158,-73.7531,23.2232,1,0.0233333,0.031,0.0290278
juelich_pilot_d30_r5_log_distance_s01_w1,juelich,12345,1,1,log-distance,29,30,veh11,veh4,1,1,0,297.201,1,0.258809,0,-76.1387,20.8376,1,0.0233333,0.036,0.0290278
juelich_pilot_d30_r5_log_distance_s01_w1,juelich,12345,1,1,log-distance,29,30,veh11,veh5,1,0,1,971.256,0,0.258809,8.09129,nan,nan,0,0.0233333,0.027,0.0290278
juelich_pilot_d30_r5_log_distance_s01_w1,juelich,12345,1,1,log-distance,29,30,veh11,veh6,1,1,0,236.264,1,0.258809,8.40871,-74.1456,22.8306,1,0.0233333,0.031,0.0290278
juelich_pilot_d30_r5_log_distance_s01_w1,juelich,12345,1,1,log-distance,29,30,veh11,veh9,1,1,0,150.405,1,0.258809,7.09513,-70.2229,26.7534,1,0.0233333,0.033,0.0290278
juelich_pilot_d30_r5_log_distance_s01_w1,juelich,12345,1,1,log-distance,29,30,veh2,veh3,5,5,0,77.1067,1,0,12.1653,-64.4122,32.5641,5,0.02,0.02,0.0290278
juelich_pilot_d30_r5_log_distance_s01_w1,juelich,12345,1,1,log-distance,29,30,veh2,veh5,5,0,1,892.763,0,0,8.13233,nan,nan,0,0.02,0.027,0.0290278
juelich_pilot_d30_r5_log_distance_s01_w1,juelich,12345,1,1,log-distance,29,30,veh2,veh7,5,5,0,399.567,1,0,7.19874,-78.7094,18.2669,5,0.02,0.03,0.0290278
juelich_pilot_d30_r5_log_distance_s01_w1,juelich,12345,1,1,log-distance,29,30,veh2,veh8,5,5,0,354.088,1,0,9.90594,-77.6599,19.3164,5,0.02,0.025,0.0290278
juelich_pilot_d30_r5_log_distance_s01_w1,juelich,12345,1,1,log-distance,29,30,veh3,veh2,5,5,0,77.1067,1,12.1653,0,-64.4122,32.5641,5,0.02,0.02,0.0290278
juelich_pilot_d30_r5_log_distance_s01_w1,juelich,12345,1,1,log-distance,29,30,veh3,veh5,5,0,1,855.304,0,12.1653,8.13233,nan,nan,0,0.02,0.027,0.0290278
juelich_pilot_d30_r5_log_distance_s01_w1,juelich,12345,1,1,log-distance,29,30,veh3,veh7,5,5,0,380.546,1,12.1653,7.19874,-78.2858,18.6905,5,0.02,0.03,0.0290278
juelich_pilot_d30_r5_log_distance_s01_w1,juelich,12345,1,1,log-distance,29,30,veh3,veh8,5,5,0,354.357,1,12.1653,9.90594,-77.6665,19.3098,5,0.02,0.025,0.0290278
juelich_pilot_d30_r5_log_distance_s01_w1,juelich,12345,1,1,log-distance,29,30,veh4,veh0,5,5,0,287.989,1,0,7.0555,-75.8651,21.1112,5,0.036,0.041,0.0290278
juelich_pilot_d30_r5_log_distance_s01_w1,juelich,12345,1,1,log-distance,29,30,veh4,veh1,5,5,0,324.909,1,0,7.78292,-76.9129,20.0634,5,0.036,0.031,0.0290278
juelich_pilot_d30_r5_log_distance_s01_w1,juelich,12345,1,1,log-distance,29,30,veh4,veh10,5,5,0,119.582,1,0,4.8401,-68.2308,28.7455,5,0.036,0.031,0.0290278
juelich_pilot_d30_r5_log_distance_s01_w1,juelich,12345,1,1,log-distance,29,30,veh4,veh11,1,1,0,297.201,1,0,0.258809,-76.1387,20.8376,1,0.036,0.0233333,0.0290278
juelich_pilot_d30_r5_log_distance_s01_w1,juelich,12345,1,1,log-distance,29,30,veh4,veh5,5,0,1,788.206,0,0,8.13233,nan,nan,0,0.036,0.027,0.0290278
juelich_pilot_d30_r5_log_distance_s01_w1,juelich,12345,1,1,log-distance,29,30,veh4,veh6,5,5,0,137.004,1,0,8.36652,-69.4116,27.5647,5,0.036,0.031,0.0290278
juelich_pilot_d30_r5_log_distance_s01_w1,juelich,12345,1,1,log-distance,29,30,veh4,veh9,5,5,0,177.662,1,0,7.1011,-71.6695,25.3068,5,0.036,0.033,0.0290278
juelich_pilot_d30_r5_log_distance_s01_w1,juelich,12345,1,1,log-distance,29,30,veh5,veh0,5,5,0,506.47,0,8.13233,7.0555,-80.7685,16.2077,5,0.027,0.041,0.0290278
juelich_pilot_d30_r5_log_distance_s01_w1,juelich,12345,1,1,log-distance,29,30,veh5,veh10,5,0,1,902.89,0,8.13233,4.8401,nan,nan,0,0.027,0.031,0.0290278
juelich_pilot_d30_r5_log_distance_s01_w1,juelich,12345,1,1,log-distance,29,30,veh5,veh11,1,0,1,971.256,0,8.09129,0.258809,nan,nan,0,0.027,0.0233333,0.0290278
juelich_pilot_d30_r5_log_distance_s01_w1,juelich,12345,1,1,log-distance,29,30,veh5,veh2,5,0,1,892.763,0,8.13233,0,nan,nan,0,0.027,0.02,0.0290278
juelich_pilot_d30_r5_log_distance_s01_w1,juelich,12345,1,1,log-distance,29,30,veh5,veh3,5,0,1,855.304,0,8.13233,12.1653,nan,nan,0,0.027,0.02,0.0290278
juelich_pilot_d30_r5_log_distance_s01_w1,juelich,12345,1,1,log-distance,29,30,veh5,veh4,5,0,1,788.206,0,8.13233,0,nan,nan,0,0.027,0.036,0.0290278
juelich_pilot_d30_r5_log_distance_s01_w1,juelich,12345,1,1,log-distance,29,30,veh5,veh6,5,0,1,923.308,0,8.13233,8.36652,nan,nan,0,0.027,0.031,0.0290278
juelich_pilot_d30_r5_log_distance_s01_w1,juelich,12345,1,1,log-distance,29,30,veh5,veh7,5,5,0,507.612,0,8.13233,7.19874,-80.7881,16.1881,5,0.027,0.03,0.0290278
juelich_pilot_d30_r5_log_distance_s01_w1,juelich,12345,1,1,log-distance,29,30,veh5,veh8,5,0,1,592.02,0,8.13233,9.90594,nan,nan,0,0.027,0.025,0.0290278
juelich_pilot_d30_r5_log_distance_s01_w1,juelich,12345,1,1,log-distance,29,30,veh5,veh9,5,0,1,825.534,0,8.13233,7.1011,nan,nan,0,0.027,0.033,0.0290278
juelich_pilot_d30_r5_log_distance_s01_w1,juelich,12345,1,1,log-distance,29,30,veh6,veh0,5,5,0,424.973,1,8.36652,7.0555,-79.2449,17.7314,5,0.031,0.041,0.0290278
juelich_pilot_d30_r5_log_distance_s01_w1,juelich,12345,1,1,log-distance,29,30,veh6,veh1,5,5,0,244.52,1,8.36652,7.78292,-74.4437,22.5326,5,0.031,0.031,0.0290278
juelich_pilot_d30_r5_log_distance_s01_w1,juelich,12345,1,1,log-distance,29,30,veh6,veh10,5,5,0,23.8612,1,8.36652,4.8401,-54.2243,42.752,5,0.031,0.031,0.0290278
juelich_pilot_d30_r5_log_distance_s01_w1,juelich,12345,1,1,log-distance,29,30,veh6,veh11,1,1,0,236.264,1,8.40871,0.258809,-74.1456,22.8306,1,0.031,0.0233333,0.0290278
juelich_pilot_d30_r5_log_distance_s01_w1,juelich,12345,1,1,log-distance,29,30,veh6,veh4,5,5,0,137.004,1,8.36652,0,-69.4116,27.5647,5,0.031,0.036,0.0290278
juelich_pilot_d30_r5_log_distance_s01_w1,juelich,12345,1,1,log-distance,29,30,veh6,veh5,5,0,1,923.308,0,8.36652,8.13233,nan,nan,0,0.031,0.027,0.0290278
juelich_pilot_d30_r5_log_distance_s01_w1,juelich,12345,1,1,log-distance,29,30,veh6,veh9,5,5,0,191.678,1,8.36652,7.1011,-72.3291,24.6471,5,0.031,0.033,0.0290278
juelich_pilot_d30_r5_log_distance_s01_w1,juelich,12345,1,1,log-distance,29,30,veh7,veh0,5,0,1,801.967,0,7.19874,7.0555,nan,nan,0,0.03,0.041,0.0290278
juelich_pilot_d30_r5_log_distance_s01_w1,juelich,12345,1,1,log-distance,29,30,veh7,veh2,5,5,0,399.567,1,7.19874,0,-78.7094,18.2669,5,0.03,0.02,0.0290278
juelich_pilot_d30_r5_log_distance_s01_w1,juelich,12345,1,1,log-distance,29,30,veh7,veh3,5,5,0,380.546,1,7.19874,12.1653,-78.2858,18.6905,5,0.03,0.02,0.0290278
juelich_pilot_d30_r5_log_distance_s01_w1,juelich,12345,1,1,log-distance,29,30,veh7,veh5,5,5,0,507.612,0,7.19874,8.13233,-80.7881,16.1881,5,0.03,0.027,0.0290278
juelich_pilot_d30_r5_log_distance_s01_w1,juelich,12345,1,1,log-distance,29,30,veh7,veh8,5,5,0,100.513,1,7.19874,9.90594,-66.7171,30.2592,5,0.03,0.025,0.0290278
juelich_pilot_d30_r5_log_distance_s01_w1,juelich,12345,1,1,log-distance,29,30,veh7,veh9,5,0,1,944.303,0,7.19874,7.1011,nan,nan,0,0.03,0.033,0.0290278
juelich_pilot_d30_r5_log_distance_s01_w1,juelich,12345,1,1,log-distance,29,30,veh8,veh0,5,0,1,836.022,0,9.90594,7.0555,nan,nan,0,0.025,0.041,0.0290278
juelich_pilot_d30_r5_log_distance_s01_w1,juelich,12345,1,1,log-distance,29,30,veh8,veh2,5,5,0,354.088,1,9.90594,0,-77.6599,19.3164,5,0.025,0.02,0.0290278
juelich_pilot_d30_r5_log_distance_s01_w1,juelich,12345,1,1,log-distance,29,30,veh8,veh3,5,5,0,354.357,1,9.90594,12.1653,-77.6665,19.3098,5,0.025,0.02,0.0290278
juelich_pilot_d30_r5_log_distance_s01_w1,juelich,12345,1,1,log-distance,29,30,veh8,veh5,5,0,1,592.02,0,9.90594,8.13233,nan,nan,0,0.025,0.027,0.0290278
juelich_pilot_d30_r5_log_distance_s01_w1,juelich,12345,1,1,log-distance,29,30,veh8,veh7,5,5,0,100.513,1,9.90594,7.19874,-66.7171,30.2592,5,0.025,0.03,0.0290278
juelich_pilot_d30_r5_log_distance_s01_w1,juelich,12345,1,1,log-distance,29,30,veh8,veh9,5,0,1,938.007,0,9.90594,7.1011,nan,nan,0,0.025,0.033,0.0290278
juelich_pilot_d30_r5_log_distance_s01_w1,juelich,12345,1,1,log-distance,29,30,veh9,veh0,5,5,0,376.447,1,7.1011,7.0555,-78.1918,18.7845,5,0.033,0.041,0.0290278
juelich_pilot_d30_r5_log_distance_s01_w1,juelich,12345,1,1,log-distance,29,30,veh9,veh1,5,5,0,193.493,1,7.1011,7.78292,-72.4107,24.5656,5,0.033,0.031,0.0290278
juelich_pilot_d30_r5_log_distance_s01_w1,juelich,12345,1,1,log-distance,29,30,veh9,veh10,5,5,0,170.022,1,7.1011,4.8401,-71.2878,25.6885,5,0.033,0.031,0.0290278
juelich_pilot_d30_r5_log_distance_s01_w1,juelich,12345,1,1,log-distance,29,30,veh9,veh11,1,1,0,150.405,1,7.09513,0.258809,-70.2229,26.7534,1,0.033,0.0233333,0.0290278
juelich_pilot_d30_r5_log_distance_s01_w1,juelich,12345,1,1,log-distance,29,30,veh9,veh4,5,5,0,177.662,1,7.1011,0,-71.6695,25.3068,5,0.033,0.036,0.0290278
juelich_pilot_d30_r5_log_distance_s01_w1,juelich,12345,1,1,log-distance,29,30,veh9,veh5,5,0,1,825.534,0,7.1011,8.13233,nan,nan,0,0.033,0.027,0.0290278
juelich_pilot_d30_r5_log_distance_s01_w1,juelich,12345,1,1,log-distance,29,30,veh9,veh6,5,5,0,191.678,1,7.1011,8.36652,-72.3291,24.6471,5,0.033,0.031,0.0290278
juelich_pilot_d30_r5_log_distance_s01_w1,juelich,12345,1,1,log-distance,29,30,veh9,veh7,5,0,1,944.303,0,7.1011,7.19874,nan,nan,0,0.033,0.03,0.0290278
juelich_pilot_d30_r5_log_distance_s01_w1,juelich,12345,1,1,log-distance,29,30,veh9,veh8,5,0,1,938.007,0,7.1011,9.90594,nan,nan,0,0.033,0.025,0.0290278
juelich_pilot_d30_r5_log_distance_s01_w1,juelich,12345,1,1,log-distance,30,31,veh0,veh1,5,5,0,564.213,0,8.54037,7.75045,-81.7066,15.2697,5,0.045,0.035,0.0316667
juelich_pilot_d30_r5_log_distance_s01_w1,juelich,12345,1,1,log-distance,30,31,veh0,veh10,5,5,0,405.858,1,8.54037,6.93752,-78.8452,18.1311,5,0.045,0.035,0.0316667
juelich_pilot_d30_r5_log_distance_s01_w1,juelich,12345,1,1,log-distance,30,31,veh0,veh11,5,5,0,524.571,0,8.54037,1.63592,-81.0738,15.9025,5,0.045,0.035,0.0316667
juelich_pilot_d30_r5_log_distance_s01_w1,juelich,12345,1,1,log-distance,30,31,veh0,veh4,5,5,0,282.443,1,8.54037,0,-75.6962,21.2801,5,0.045,0.04,0.0316667
juelich_pilot_d30_r5_log_distance_s01_w1,juelich,12345,1,1,log-distance,30,31,veh0,veh5,5,5,0,520.448,0,8.54037,8.15025,-81.005,15.9713,5,0.045,0.025,0.0316667
juelich_pilot_d30_r5_log_distance_s01_w1,juelich,12345,1,1,log-distance,30,31,veh0,veh6,5,5,0,425.797,1,8.54037,8.24034,-79.2617,17.7145,5,0.045,0.035,0.0316667
juelich_pilot_d30_r5_log_distance_s01_w1,juelich,12345,1,1,log-distance,30,31,veh0,veh7,5,0,1,801.425,0,8.54037,9.15357,nan,nan,0,0.045,0.03,0.0316667
juelich_pilot_d30_r5_log_distance_s01_w1,juelich,12345,1,1,log-distance,30,31,veh0,veh8,5,0,1,842.302,0,8.54037,9.92237,nan,nan,0,0.045,0.025,0.0316667
juelich_pilot_d30_r5_log_distance_s01_w1,juelich,12345,1,1,log-distance,30,31,veh0,veh9,5,5,0,376.806,1,8.54037,7.09526,-78.2,18.7762,5,0.045,0.035,0.0316667
juelich_pilot_d30_r5_log_distance_s01_w1,juelich,12345,1,1,log-distance,30,31,veh1,veh0,5,5,0,564.213,0,7.75045,8.54037,-81.7066,15.2697,5,0.035,0.045,0.0316667
juelich_pilot_d30_r5_log_distance_s01_w1,juelich,12345,1,1,log-distance,30,31,veh1,veh10,5,5,0,244.665,1,7.75045,6.93752,-74.4489,22.5274,5,0.035,0.035,0.0316667
juelich_pilot_d30_r5_log_distance_s01_w1,juelich,12345,1,1,log-distance,30,31,veh1,veh11,5,5,0,42.77,1,7.75045,1.63592,-59.2996,37.6767,5,0.035,0.035,0.0316667
juelich_pilot_d30_r5_log_distance_s01_w1,juelich,12345,1,1,log-distance,30,31,veh1,veh4,5,5,0,327.025,1,7.75045,0,-76.9693,20.007,5,0.035,0.04,0.0316667
juelich_pilot_d30_r5_log_distance_s01_w1,juelich,12345,1,1,log-distance,30,31,veh1,veh6,5,5,0,252.049,1,7.75045,8.24034,-74.707,22.2692,5,0.035,0.035,0.0316667
juelich_pilot_d30_r5_log_distance_s01_w1,juelich,12345,1,1,log-distance,30,31,veh1,veh9,5,5,0,188.203,1,7.75045,7.09526,-72.17,24.8063,5,0.035,0.035,0.0316667
juelich_pilot_d30_r5_log_distance_s01_w1,juelich,12345,1,1,log-distance,30,31,veh10,veh0,5,5,0,405.858,1,6.93752,8.54037,-78.8452,18.1311,5,0.035,0.045,0.0316667
juelich_pilot_d30_r5_log_distance_s01_w1,juelich,12345,1,1,log-distance,30,31,veh10,veh1,5,5,0,244.665,1,6.93752,7.75045,-74.4489,22.5274,5,0.035,0.035,0.0316667
juelich_pilot_d30_r5_log_distance_s01_w1,juelich,12345,1,1,log-distance,30,31,veh10,veh11,5,5,0,226.626,1,6.93752,1.63592,-73.7839,23.1924,5,0.035,0.035,0.0316667
juelich_pilot_d30_r5_log_distance_s01_w1,juelich,12345,1,1,log-distance,30,31,veh10,veh4,5,5,0,123.758,1,6.93752,0,-68.5286,28.4477,5,0.035,0.04,0.0316667
juelich_pilot_d30_r5_log_distance_s01_w1,juelich,12345,1,1,log-distance,30,31,veh10,veh5,5,0,1,914.636,0,6.93752,8.15025,nan,nan,0,0.035,0.025,0.0316667
juelich_pilot_d30_r5_log_distance_s01_w1,juelich,12345,1,1,log-distance,30,31,veh10,veh6,5,5,0,26.1972,1,6.93752,8.24034,-55.0421,41.9342,5,0.035,0.035,0.0316667
juelich_pilot_d30_r5_log_distance_s01_w1,juelich,12345,1,1,log-distance,30,31,veh10,veh9,5,5,0,169.067,1,6.93752,7.09526,-71.2389,25.7374,5,0.035,0.035,0.0316667
juelich_pilot_d30_r5_log_distance_s01_w1,juelich,12345,1,1,log-distance,30,31,veh11,veh0,5,5,0,524.571,0,1.63592,8.54037,-81.0738,15.9025,5,0.035,0.045,0.0316667
juelich_pilot_d30_r5_log_distance_s01_w1,juelich,12345,1,1,log-distance,30,31,veh11,veh1,5,5,0,42.77,1,1.63592,7.75045,-59.2996,37.6767,5,0.035,0.035,0.0316667
juelich_pilot_d30_r5_log_distance_s01_w1,juelich,12345,1,1,log-distance,30,31,veh11,veh10,5,5,0,226.626,1,1.63592,6.93752,-73.7839,23.1924,5,0.035,0.035,0.0316667
juelich_pilot_d30_r5_log_distance_s01_w1,juelich,12345,1,1,log-distance,30,31,veh11,veh4,5,5,0,296.457,1,1.63592,0,-76.1169,20.8594,5,0.035,0.04,0.0316667
juelich_pilot_d30_r5_log_distance_s01_w1,juelich,12345,1,1,log-distance,30,31,veh11,veh5,5,0,1,973.968,0,1.63592,8.15025,nan,nan,0,0.035,0.025,0.0316667
juelich_pilot_d30_r5_log_distance_s01_w1,juelich,12345,1,1,log-distance,30,31,veh11,veh6,5,5,0,238.04,1,1.63592,8.24034,-74.2106,22.7656,5,0.035,0.035,0.0316667
juelich_pilot_d30_r5_log_distance_s01_w1,juelich,12345,1,1,log-distance,30,31,veh11,veh9,5,5,0,147.81,1,1.63592,7.09526,-70.0714,26.9049,5,0.035,0.035,0.0316667
juelich_pilot_d30_r5_log_distance_s01_w1,juelich,12345,1,1,log-distance,30,31,veh2,veh3,5,5,0,66.0573,1,0,12.1608,-63.0667,33.9096,5,0.02,0.02,0.0316667
juelich_pilot_d30_r5_log_distance_s01_w1,juelich,12345,1,1,log-distance,30,31,veh2,veh5,5,0,1,886.399,0,0,8.15025,nan,nan,0,0.02,0.025,0.0316667
juelich_pilot_d30_r5_log_distance_s01_w1,juelich,12345,1,1,log-distance,30,31,veh2,veh7,5,5,0,407.773,1,0,9.15357,-78.8859,18.0904,5,0.02,0.03,0.0316667
juelich_pilot_d30_r5_log_distance_s01_w1,juelich,12345,1,1,log-distance,30,31,veh2,veh8,5,5,0,355.826,1,0,9.92237,-77.7024,19.2738,5,0.02,0.025,0.0316667
juelich_pilot_d30_r5_log_distance_s01_w1,juelich,12345,1,1,log-distance,30,31,veh3,veh2,5,5,0,66.0573,1,12.1608,0,-63.0667,33.9096,5,0.02,0.02,0.0316667
juelich_pilot_d30_r5_log_distance_s01_w1,juelich,12345,1,1,log-distance,30,31,veh3,veh5,5,0,1,849.404,0,12.1608,8.15025,nan,nan,0,0.02,0.025,0.0316667
juelich_pilot_d30_r5_log_distance_s01_w1,juelich,12345,1,1,log-distance,30,31,veh3,veh7,5,5,0,385.782,1,12.1608,9.15357,-78.4044,18.5718,5,0.02,0.03,0.0316667
juelich_pilot_d30_r5_log_distance_s01_w1,juelich,12345,1,1,log-distance,30,31,veh3,veh8,5,5,0,351.884,1,12.1608,9.92237,-77.6057,19.3706,5,0.02,0.025,0.0316667
juelich_pilot_d30_r5_log_distance_s01_w1,juelich,12345,1,1,log-distance,30,31,veh4,veh0,5,5,0,282.443,1,0,8.54037,-75.6962,21.2801,5,0.04,0.045,0.0316667
juelich_pilot_d30_r5_log_distance_s01_w1,juelich,12345,1,1,log-distance,30,31,veh4,veh1,5,5,0,327.025,1,0,7.75045,-76.9693,20.007,5,0.04,0.035,0.0316667
juelich_pilot_d30_r5_log_distance_s01_w1,juelich,12345,1,1,log-distance,30,31,veh4,veh10,5,5,0,123.758,1,0,6.93752,-68.5286,28.4477,5,0.04,0.035,0.0316667
juelich_pilot_d30_r5_log_distance_s01_w1,juelich,12345,1,1,log-distance,30,31,veh4,veh11,5,5,0,296.457,1,0,1.63592,-76.1169,20.8594,5,0.04,0.035,0.0316667
juelich_pilot_d30_r5_log_distance_s01_w1,juelich,12345,1,1,log-distance,30,31,veh4,veh5,5,0,1,795.009,0,0,8.15025,nan,nan,0,0.04,0.025,0.0316667
juelich_pilot_d30_r5_log_distance_s01_w1,juelich,12345,1,1,log-distance,30,31,veh4,veh6,5,5,0,143.452,1,0,8.24034,-69.8112,27.1651,5,0.04,0.035,0.0316667
juelich_pilot_d30_r5_log_distance_s01_w1,juelich,12345,1,1,log-distance,30,31,veh4,veh7,5,0,1,995.416,0,0,9.15357,nan,nan,0,0.04,0.03,0.0316667
juelich_pilot_d30_r5_log_distance_s01_w1,juelich,12345,1,1,log-distance,30,31,veh4,veh9,5,5,0,175.052,1,0,7.09526,-71.541,25.4353,5,0.04,0.035,0.0316667
juelich_pilot_d30_r5_log_distance_s01_w1,juelich,12345,1,1,log-distance,30,31,veh5,veh0,5,5,0,520.448,0,8.15025,8.54037,-81.005,15.9713,5,0.025,0.045,0.0316667
juelich_pilot_d30_r5_log_distance_s01_w1,juelich,12345,1,1,log-distance,30,31,veh5,veh10,5,0,1,914.636,0,8.15025,6.93752,nan,nan,0,0.025,0.035,0.0316667
juelich_pilot_d30_r5_log_distance_s01_w1,juelich,12345,1,1,log-distance,30,31,veh5,veh11,5,0,1,973.968,0,8.15025,1.63592,nan,nan,0,0.025,0.035,0.0316667
juelich_pilot_d30_r5_log_distance_s01_w1,juelich,12345,1,1,log-distance,30,31,veh5,veh2,5,0,1,886.399,0,8.15025,0,nan,nan,0,0.025,0.02,0.0316667
juelich_pilot_d30_r5_log_distance_s01_w1,juelich,12345,1,1,log-distance,30,31,veh5,veh3,5,0,1,849.404,0,8.15025,12.1608,nan,nan,0,0.025,0.02,0.0316667
juelich_pilot_d30_r5_log_distance_s01_w1,juelich,12345,1,1,log-distance,30,31,veh5,veh4,5,0,1,795.009,0,8.15025,0,nan,nan,0,0.025,0.04,0.0316667
juelich_pilot_d30_r5_log_distance_s01_w1,juelich,12345,1,1,log-distance,30,31,veh5,veh6,5,0,1,937.119,0,8.15025,8.24034,nan,nan,0,0.025,0.035,0.0316667
juelich_pilot_d30_r5_log_distance_s01_w1,juelich,12345,1,1,log-distance,30,31,veh5,veh7,5,5,0,494.764,1,8.15025,9.15357,-80.5654,16.4109,5,0.025,0.03,0.0316667
juelich_pilot_d30_r5_log_distance_s01_w1,juelich,12345,1,1,log-distance,30,31,veh5,veh8,5,0,1,592.389,0,8.15025,9.92237,nan,nan,0,0.025,0.025,0.0316667
juelich_pilot_d30_r5_log_distance_s01_w1,juelich,12345,1,1,log-distance,30,31,veh5,veh9,5,0,1,836.648,0,8.15025,7.09526,nan,nan,0,0.025,0.035,0.0316667
juelich_pilot_d30_r5_log_distance_s01_w1,juelich,12345,1,1,log-distance,30,31,veh6,veh0,5,5,0,425.797,1,8.24034,8.54037,-79.2617,17.7145,5,0.035,0.045,0.0316667
juelich_pilot_d30_r5_log_distance_s01_w1,juelich,12345,1,1,log-distance,30,31,veh6,veh1,5,5,0,252.049,1,8.24034,7.75045,-74.707,22.2692,5,0.035,0.035,0.0316667
juelich_pilot_d30_r5_log_distance_s01_w1,juelich,12345,1,1,log-distance,30,31,veh6,veh10,5,5,0,26.1972,1,8.24034,6.93752,-55.0421,41.9342,5,0.035,0.035,0.0316667
juelich_pilot_d30_r5_log_distance_s01_w1,juelich,12345,1,1,log-distance,30,31,veh6,veh11,5,5,0,238.04,1,8.24034,1.63592,-74.2106,22.7656,5,0.035,0.035,0.0316667
juelich_pilot_d30_r5_log_distance_s01_w1,juelich,12345,1,1,log-distance,30,31,veh6,veh4,5,5,0,143.452,1,8.24034,0,-69.8112,27.1651,5,0.035,0.04,0.0316667
juelich_pilot_d30_r5_log_distance_s01_w1,juelich,12345,1,1,log-distance,30,31,veh6,veh5,5,0,1,937.119,0,8.24034,8.15025,nan,nan,0,0.035,0.025,0.0316667
juelich_pilot_d30_r5_log_distance_s01_w1,juelich,12345,1,1,log-distance,30,31,veh6,veh9,5,5,0,192.88,1,8.24034,7.09526,-72.3834,24.5929,5,0.035,0.035,0.0316667
juelich_pilot_d30_r5_log_distance_s01_w1,juelich,12345,1,1,log-distance,30,31,veh7,veh0,5,0,1,801.425,0,9.15357,8.54037,nan,nan,0,0.03,0.045,0.0316667
juelich_pilot_d30_r5_log_distance_s01_w1,juelich,12345,1,1,log-distance,30,31,veh7,veh2,5,5,0,407.773,1,9.15357,0,-78.8859,18.0904,5,0.03,0.02,0.0316667
juelich_pilot_d30_r5_log_distance_s01_w1,juelich,12345,1,1,log-distance,30,31,veh7,veh3,5,5,0,385.782,1,9.15357,12.1608,-78.4044,18.5718,5,0.03,0.02,0.0316667
juelich_pilot_d30_r5_log_distance_s01_w1,juelich,12345,1,1,log-distance,30,31,veh7,veh4,5,0,1,995.416,0,9.15357,0,nan,nan,0,0.03,0.04,0.0316667
juelich_pilot_d30_r5_log_distance_s01_w1,juelich,12345,1,1,log-distance,30,31,veh7,veh5,5,5,0,494.764,1,9.15357,8.15025,-80.5654,16.4109,5,0.03,0.025,0.0316667
juelich_pilot_d30_r5_log_distance_s01_w1,juelich,12345,1,1,log-distance,30,31,veh7,veh8,5,5,0,113.153,1,9.15357,9.92237,-67.7463,29.23,5,0.03,0.025,0.0316667
juelich_pilot_d30_r5_log_distance_s01_w1,juelich,12345,1,1,log-distance,30,31,veh7,veh9,5,0,1,944.627,0,9.15357,7.09526,nan,nan,0,0.03,0.035,0.0316667
juelich_pilot_d30_r5_log_distance_s01_w1,juelich,12345,1,1,log-distance,30,31,veh8,veh0,5,0,1,842.302,0,9.92237,8.54037,nan,nan,0,0.025,0.045,0.0316667
juelich_pilot_d30_r5_log_distance_s01_w1,juelich,12345,1,1,log-distance,30,31,veh8,veh2,5,5,0,355.826,1,9.92237,0,-77.7024,19.2738,5,0.025,0.02,0.0316667
juelich_pilot_d30_r5_log_distance_s01_w1,juelich,12345,1,1,log-distance,30,31,veh8,veh3,5,5,0,351.884,1,9.92237,12.1608,-77.6057,19.3706,5,0.025,0.02,0.0316667
juelich_pilot_d30_r5_log_distance_s01_w1,juelich,12345,1,1,log-distance,30,31,veh8,veh5,5,0,1,592.389,0,9.92237,8.15025,nan,nan,0,0.025,0.025,0.0316667
juelich_pilot_d30_r5_log_distance_s01_w1,juelich,12345,1,1,log-distance,30,31,veh8,veh7,5,5,0,113.153,1,9.92237,9.15357,-67.7463,29.23,5,0.025,0.03,0.0316667
juelich_pilot_d30_r5_log_distance_s01_w1,juelich,12345,1,1,log-distance,30,31,veh8,veh9,5,0,1,940.24,0,9.92237,7.09526,nan,nan,0,0.025,0.035,0.0316667
juelich_pilot_d30_r5_log_distance_s01_w1,juelich,12345,1,1,log-distance,30,31,veh9,veh0,5,5,0,376.806,1,7.09526,8.54037,-78.2,18.7762,5,0.035,0.045,0.0316667
juelich_pilot_d30_r5_log_distance_s01_w1,juelich,12345,1,1,log-distance,30,31,veh9,veh1,5,5,0,188.203,1,7.09526,7.75045,-72.17,24.8063,5,0.035,0.035,0.0316667
juelich_pilot_d30_r5_log_distance_s01_w1,juelich,12345,1,1,log-distance,30,31,veh9,veh10,5,5,0,169.067,1,7.09526,6.93752,-71.2389,25.7374,5,0.035,0.035,0.0316667
juelich_pilot_d30_r5_log_distance_s01_w1,juelich,12345,1,1,log-distance,30,31,veh9,veh11,5,5,0,147.81,1,7.09526,1.63592,-70.0714,26.9049,5,0.035,0.035,0.0316667
juelich_pilot_d30_r5_log_distance_s01_w1,juelich,12345,1,1,log-distance,30,31,veh9,veh4,5,5,0,175.052,1,7.09526,0,-71.541,25.4353,5,0.035,0.04,0.0316667
juelich_pilot_d30_r5_log_distance_s01_w1,juelich,12345,1,1,log-distance,30,31,veh9,veh5,5,0,1,836.648,0,7.09526,8.15025,nan,nan,0,0.035,0.025,0.0316667
juelich_pilot_d30_r5_log_distance_s01_w1,juelich,12345,1,1,log-distance,30,31,veh9,veh6,5,5,0,192.88,1,7.09526,8.24034,-72.3834,24.5929,5,0.035,0.035,0.0316667
juelich_pilot_d30_r5_log_distance_s01_w1,juelich,12345,1,1,log-distance,30,31,veh9,veh7,5,0,1,944.627,0,7.09526,9.15357,nan,nan,0,0.035,0.03,0.0316667
juelich_pilot_d30_r5_log_distance_s01_w1,juelich,12345,1,1,log-distance,30,31,veh9,veh8,5,0,1,940.24,0,7.09526,9.92237,nan,nan,0,0.035,0.025,0.0316667
juelich_pilot_d30_r5_log_distance_s01_w1,juelich,12345,1,1,log-distance,31,32,veh0,veh1,5,5,0,564.463,0,9.845,7.12461,-81.7104,15.2659,5,0.045,0.035,0.0316667
juelich_pilot_d30_r5_log_distance_s01_w1,juelich,12345,1,1,log-distance,31,32,veh0,veh10,5,5,0,408.936,1,9.845,8.47911,-78.9107,18.0656,5,0.045,0.035,0.0316667
juelich_pilot_d30_r5_log_distance_s01_w1,juelich,12345,1,1,log-distance,31,32,veh0,veh11,5,5,0,522.949,0,9.845,3.61641,-81.0469,15.9294,5,0.045,0.035,0.0316667
juelich_pilot_d30_r5_log_distance_s01_w1,juelich,12345,1,1,log-distance,31,32,veh0,veh4,5,5,0,279.467,1,9.845,0,-75.6043,21.372,5,0.045,0.04,0.0316667
juelich_pilot_d30_r5_log_distance_s01_w1,juelich,12345,1,1,log-distance,31,32,veh0,veh5,5,5,0,533.193,0,9.845,8.13569,-81.2153,15.761,5,0.045,0.025,0.0316667
juelich_pilot_d30_r5_log_distance_s01_w1,juelich,12345,1,1,log-distance,31,32,veh0,veh6,5,5,0,426.331,1,9.845,8.00676,-79.2726,17.7036,5,0.045,0.035,0.0316667
juelich_pilot_d30_r5_log_distance_s01_w1,juelich,12345,1,1,log-distance,31,32,veh0,veh7,5,0,1,800.077,0,9.845,11.0513,nan,nan,0,0.045,0.03,0.0316667
juelich_pilot_d30_r5_log_distance_s01_w1,juelich,12345,1,1,log-distance,31,32,veh0,veh8,5,0,1,850.088,0,9.845,9.90737,nan,nan,0,0.045,0.025,0.0316667
juelich_pilot_d30_r5_log_distance_s01_w1,juelich,12345,1,1,log-distance,31,32,veh0,veh9,5,5,0,380.674,1,9.845,7.12005,-78.2886,18.6877,5,0.045,0.035,0.0316667
juelich_pilot_d30_r5_log_distance_s01_w1,juelich,12345,1,1,log-distance,31,32,veh1,veh0,5,5,0,564.463,0,7.12461,9.845,-81.7104,15.2659,5,0.035,0.045,0.0316667
juelich_pilot_d30_r5_log_distance_s01_w1,juelich,12345,1,1,log-distance,31,32,veh1,veh10,5,5,0,251.233,1,7.12461,8.47911,-74.679,22.2973,5,0.035,0.035,0.0316667
juelich_pilot_d30_r5_log_distance_s01_w1,juelich,12345,1,1,log-distance,31,32,veh1,veh11,5,5,0,42.3607,1,7.12461,3.61641,-59.2165,37.7598,5,0.035,0.035,0.0316667
juelich_pilot_d30_r5_log_distance_s01_w1,juelich,12345,1,1,log-distance,31,32,veh1,veh4,5,5,0,329.25,1,7.12461,0,-77.0282,19.9481,5,0.035,0.04,0.0316667
juelich_pilot_d30_r5_log_distance_s01_w1,juelich,12345,1,1,log-distance,31,32,veh1,veh6,5,5,0,262.149,1,7.12461,8.00676,-75.0479,21.9283,5,0.035,0.035,0.0316667
juelich_pilot_d30_r5_log_distance_s01_w1,juelich,12345,1,1,log-distance,31,32,veh1,veh9,5,5,0,183.929,1,7.12461,7.12005,-71.9706,25.0057,5,0.035,0.035,0.0316667
juelich_pilot_d30_r5_log_distance_s01_w1,juelich,12345,1,1,log-distance,31,32,veh10,veh0,5,5,0,408.936,1,8.47911,9.845,-78.9107,18.0656,5,0.035,0.045,0.0316667
juelich_pilot_d30_r5_log_distance_s01_w1,juelich,12345,1,1,log-distance,31,32,veh10,veh1,5,5,0,251.233,1,8.47911,7.12461,-74.679,22.2973,5,0.035,0.035,0.0316667
juelich_pilot_d30_r5_log_distance_s01_w1,juelich,12345,1,1,log-distance,31,32,veh10,veh11,5,5,0,227.313,1,8.47911,3.61641,-73.8102,23.1661,5,0.035,0.035,0.0316667
juelich_pilot_d30_r5_log_distance_s01_w1,juelich,12345,1,1,log-distance,31,32,veh10,veh4,5,5,0,129.5,1,8.47911,0,-68.9223,28.054,5,0.035,0.04,0.0316667
juelich_pilot_d30_r5_log_distance_s01_w1,juelich,12345,1,1,log-distance,31,32,veh10,veh5,5,0,1,928.12,0,8.47911,8.13569,nan,nan,0,0.035,0.025,0.0316667
juelich_pilot_d30_r5_log_distance_s01_w1,juelich,12345,1,1,log-distance,31,32,veh10,veh6,5,5,0,25.5503,1,8.47911,8.00676,-54.8214,42.1549,5,0.035,0.035,0.0316667
juelich_pilot_d30_r5_log_distance_s01_w1,juelich,12345,1,1,log-distance,31,32,veh10,veh9,5,5,0,169.838,1,8.47911,7.12005,-71.2784,25.6979,5,0.035,0.035,0.0316667
juelich_pilot_d30_r5_log_distance_s01_w1,juelich,12345,1,1,log-distance,31,32,veh11,veh0,5,5,0,522.949,0,3.61641,9.845,-81.0469,15.9294,5,0.035,0.045,0.0316667
juelich_pilot_d30_r5_log_distance_s01_w1,juelich,12345,1,1,log-distance,31,32,veh11,veh1,5,5,0,42.3607,1,3.61641,7.12461,-59.2165,37.7598,5,0.035,0.035,0.0316667
juelich_pilot_d30_r5_log_distance_s01_w1,juelich,12345,1,1,log-distance,31,32,veh11,veh10,5,5,0,227.313,1,3.61641,8.47911,-73.8102,23.1661,5,0.035,0.035,0.0316667
juelich_pilot_d30_r5_log_distance_s01_w1,juelich,12345,1,1,log-distance,31,32,veh11,veh4,5,5,0,293.72,1,3.61641,0,-76.0363,20.94,5,0.035,0.04,0.0316667
juelich_pilot_d30_r5_log_distance_s01_w1,juelich,12345,1,1,log-distance,31,32,veh11,veh5,5,0,1,977.48,0,3.61641,8.13569,nan,nan,0,0.035,0.025,0.0316667
juelich_pilot_d30_r5_log_distance_s01_w1,juelich,12345,1,1,log-distance,31,32,veh11,veh6,5,5,0,241.483,1,3.61641,8.00676,-74.3353,22.641,5,0.035,0.035,0.0316667
juelich_pilot_d30_r5_log_distance_s01_w1,juelich,12345,1,1,log-distance,31,32,veh11,veh9,5,5,0,142.28,1,3.61641,7.12005,-69.7399,27.2364,5,0.035,0.035,0.0316667
juelich_pilot_d30_r5_log_distance_s01_w1,juelich,12345,1,1,log-distance,31,32,veh2,veh3,5,5,0,55.5132,1,0,12.1629,-61.5539,35.4224,5,0.02,0.02,0.0316667
juelich_pilot_d30_r5_log_distance_s01_w1,juelich,12345,1,1,log-distance,31,32,veh2,veh5,5,0,1,880.06,0,0,8.13569,nan,nan,0,0.02,0.025,0.0316667
juelich_pilot_d30_r5_log_distance_s01_w1,juelich,12345,1,1,log-distance,31,32,veh2,veh7,5,5,0,417.883,1,0,11.0513,-79.0985,17.8777,5,0.02,0.03,0.0316667
juelich_pilot_d30_r5_log_distance_s01_w1,juelich,12345,1,1,log-distance,31,32,veh2,veh8,5,5,0,357.959,1,0,9.90737,-77.7544,19.2219,5,0.02,0.025,0.0316667
juelich_pilot_d30_r5_log_distance_s01_w1,juelich,12345,1,1,log-distance,31,32,veh3,veh2,5,5,0,55.5132,1,12.1629,0,-61.5539,35.4224,5,0.02,0.02,0.0316667
juelich_pilot_d30_r5_log_distance_s01_w1,juelich,12345,1,1,log-distance,31,32,veh3,veh5,5,0,1,843.839,0,12.1629,8.13569,nan,nan,0,0.02,0.025,0.0316667
juelich_pilot_d30_r5_log_distance_s01_w1,juelich,12345,1,1,log-distance,31,32,veh3,veh7,5,5,0,393.33,1,12.1629,11.0513,-78.5727,18.4036,5,0.02,0.03,0.0316667
juelich_pilot_d30_r5_log_distance_s01_w1,juelich,12345,1,1,log-distance,31,32,veh3,veh8,5,5,0,349.534,1,12.1629,9.90737,-77.5475,19.4288,5,0.02,0.025,0.0316667
juelich_pilot_d30_r5_log_distance_s01_w1,juelich,12345,1,1,log-distance,31,32,veh4,veh0,5,5,0,279.467,1,0,9.845,-75.6043,21.372,5,0.04,0.045,0.0316667
juelich_pilot_d30_r5_log_distance_s01_w1,juelich,12345,1,1,log-distance,31,32,veh4,veh1,5,5,0,329.25,1,0,7.12461,-77.0282,19.9481,5,0.04,0.035,0.0316667
juelich_pilot_d30_r5_log_distance_s01_w1,juelich,12345,1,1,log-distance,31,32,veh4,veh10,5,5,0,129.5,1,0,8.47911,-68.9223,28.054,5,0.04,0.035,0.0316667
juelich_pilot_d30_r5_log_distance_s01_w1,juelich,12345,1,1,log-distance,31,32,veh4,veh11,5,5,0,293.72,1,0,3.61641,-76.0363,20.94,5,0.04,0.035,0.0316667
juelich_pilot_d30_r5_log_distance_s01_w1,juelich,12345,1,1,log-distance,31,32,veh4,veh5,5,0,1,801.842,0,0,8.13569,nan,nan,0,0.04,0.025,0.0316667
juelich_pilot_d30_r5_log_distance_s01_w1,juelich,12345,1,1,log-distance,31,32,veh4,veh6,5,5,0,147.541,1,0,8.00676,-70.0559,26.9204,5,0.04,0.035,0.0316667
juelich_pilot_d30_r5_log_distance_s01_w1,juelich,12345,1,1,log-distance,31,32,veh4,veh7,5,0,1,986.286,0,0,11.0513,nan,nan,0,0.04,0.03,0.0316667
juelich_pilot_d30_r5_log_distance_s01_w1,juelich,12345,1,1,log-distance,31,32,veh4,veh9,5,5,0,172.691,1,0,7.12005,-71.423,25.5533,5,0.04,0.035,0.0316667
juelich_pilot_d30_r5_log_distance_s01_w1,juelich,12345,1,1,log-distance,31,32,veh5,veh0,5,5,0,533.193,0,8.13569,9.845,-81.2153,15.761,5,0.025,0.045,0.0316667
juelich_pilot_d30_r5_log_distance_s01_w1,juelich,12345,1,1,log-distance,31,32,veh5,veh10,5,0,1,928.12,0,8.13569,8.47911,nan,nan,0,0.025,0.035,0.0316667
juelich_pilot_d30_r5_log_distance_s01_w1,juelich,12345,1,1,log-distance,31,32,veh5,veh11,5,0,1,977.48,0,8.13569,3.61641,nan,nan,0,0.025,0.035,0.0316667
juelich_pilot_d30_r5_log_distance_s01_w1,juelich,12345,1,1,log-distance,31,32,veh5,veh2,5,0,1,880.06,0,8.13569,0,nan,nan,0,0.025,0.02,0.0316667
juelich_pilot_d30_r5_log_distance_s01_w1,juelich,12345,1,1,log-distance,31,32,veh5,veh3,5,0,1,843.839,0,8.13569,12.1629,nan,nan,0,0.025,0.02,0.0316667
juelich_pilot_d30_r5_log_distance_s01_w1,juelich,12345,1,1,log-distance,31,32,veh5,veh4,5,0,1,801.842,0,8.13569,0,nan,nan,0,0.025,0.04,0.0316667
juelich_pilot_d30_r5_log_distance_s01_w1,juelich,12345,1,1,log-distance,31,32,veh5,veh6,5,0,1,948.618,0,8.13569,8.00676,nan,nan,0,0.025,0.035,0.0316667
juelich_pilot_d30_r5_log_distance_s01_w1,juelich,12345,1,1,log-distance,31,32,veh5,veh7,5,5,0,480.418,1,8.13569,11.0513,-80.3097,16.6665,5,0.025,0.03,0.0316667
juelich_pilot_d30_r5_log_distance_s01_w1,juelich,12345,1,1,log-distance,31,32,veh5,veh8,5,0,1,593.031,0,8.13569,9.90737,nan,nan,0,0.025,0.025,0.0316667
juelich_pilot_d30_r5_log_distance_s01_w1,juelich,12345,1,1,log-distance,31,32,veh5,veh9,5,0,1,847.897,0,8.13569,7.12005,nan,nan,0,0.025,0.035,0.0316667
juelich_pilot_d30_r5_log_distance_s01_w1,juelich,12345,1,1,log-distance,31,32,veh6,veh0,5,5,0,426.331,1,8.00676,9.845,-79.2726,17.7036,5,0.035,0.045,0.0316667
juelich_pilot_d30_r5_log_distance_s01_w1,juelich,12345,1,1,log-distance,31,32,veh6,veh1,5,5,0,262.149,1,8.00676,7.12461,-75.0479,21.9283,5,0.035,0.035,0.0316667
juelich_pilot_d30_r5_log_distance_s01_w1,juelich,12345,1,1,log-distance,31,32,veh6,veh10,5,5,0,25.5503,1,8.00676,8.47911,-54.8214,42.1549,5,0.035,0.035,0.0316667
juelich_pilot_d30_r5_log_distance_s01_w1,juelich,12345,1,1,log-distance,31,32,veh6,veh11,5,5,0,241.483,1,8.00676,3.61641,-74.3353,22.641,5,0.035,0.035,0.0316667
juelich_pilot_d30_r5_log_distance_s01_w1,juelich,12345,1,1,log-distance,31,32,veh6,veh4,5,5,0,147.541,1,8.00676,0,-70.0559,26.9204,5,0.035,0.04,0.0316667
juelich_pilot_d30_r5_log_distance_s01_w1,juelich,12345,1,1,log-distance,31,32,veh6,veh5,5,0,1,948.618,0,8.00676,8.13569,nan,nan,0,0.035,0.025,0.0316667
juelich_pilot_d30_r5_log_distance_s01_w1,juelich,12345,1,1,log-distance,31,32,veh6,veh9,5,5,0,193.976,1,8.00676,7.12005,-72.4327,24.5436,5,0.035,0.035,0.0316667
juelich_pilot_d30_r5_log_distance_s01_w1,juelich,12345,1,1,log-distance,31,32,veh7,veh0,5,0,1,800.077,0,11.0513,9.845,nan,nan,0,0.03,0.045,0.0316667
juelich_pilot_d30_r5_log_distance_s01_w1,juelich,12345,1,1,log-distance,31,32,veh7,veh2,5,5,0,417.883,1,11.0513,0,-79.0985,17.8777,5,0.03,0.02,0.0316667
juelich_pilot_d30_r5_log_distance_s01_w1,juelich,12345,1,1,log-distance,31,32,veh7,veh3,5,5,0,393.33,1,11.0513,12.1629,-78.5727,18.4036,5,0.03,0.02,0.0316667
juelich_pilot_d30_r5_log_distance_s01_w1,juelich,12345,1,1,log-distance,31,32,veh7,veh4,5,0,1,986.286,0,11.0513,0,nan,nan,0,0.03,0.04,0.0316667
juelich_pilot_d30_r5_log_distance_s01_w1,juelich,12345,1,1,log-distance,31,32,veh7,veh5,5,5,0,480.418,1,11.0513,8.13569,-80.3097,16.6665,5,0.03,0.025,0.0316667
juelich_pilot_d30_r5_log_distance_s01_w1,juelich,12345,1,1,log-distance,31,32,veh7,veh8,5,5,0,126.761,1,11.0513,9.90737,-68.7332,28.2431,5,0.03,0.025,0.0316667
juelich_pilot_d30_r5_log_distance_s01_w1,juelich,12345,1,1,log-distance,31,32,veh7,veh9,5,0,1,943.425,0,11.0513,7.12005,nan,nan,0,0.03,0.035,0.0316667
juelich_pilot_d30_r5_log_distance_s01_w1,juelich,12345,1,1,log-distance,31,32,veh8,veh0,5,0,1,850.088,0,9.90737,9.845,nan,nan,0,0.025,0.045,0.0316667
juelich_pilot_d30_r5_log_distance_s01_w1,juelich,12345,1,1,log-distance,31,32,veh8,veh2,5,5,0,357.959,1,9.90737,0,-77.7544,19.2219,5,0.025,0.02,0.0316667
juelich_pilot_d30_r5_log_distance_s01_w1,juelich,12345,1,1,log-distance,31,32,veh8,veh3,5,5,0,349.534,1,9.90737,12.1629,-77.5475,19.4288,5,0.025,0.02,0.0316667
juelich_pilot_d30_r5_log_distance_s01_w1,juelich,12345,1,1,log-distance,31,32,veh8,veh5,5,0,1,593.031,0,9.90737,8.13569,nan,nan,0,0.025,0.025,0.0316667
juelich_pilot_d30_r5_log_distance_s01_w1,juelich,12345,1,1,log-distance,31,32,veh8,veh7,5,5,0,126.761,1,9.90737,11.0513,-68.7332,28.2431,5,0.025,0.03,0.0316667
juelich_pilot_d30_r5_log_distance_s01_w1,juelich,12345,1,1,log-distance,31,32,veh8,veh9,5,0,1,942.443,0,9.90737,7.12005,nan,nan,0,0.025,0.035,0.0316667
juelich_pilot_d30_r5_log_distance_s01_w1,juelich,12345,1,1,log-distance,31,32,veh9,veh0,5,5,0,380.674,1,7.12005,9.845,-78.2886,18.6877,5,0.035,0.045,0.0316667
juelich_pilot_d30_r5_log_distance_s01_w1,juelich,12345,1,1,log-distance,31,32,veh9,veh1,5,5,0,183.929,1,7.12005,7.12461,-71.9706,25.0057,5,0.035,0.035,0.0316667
juelich_pilot_d30_r5_log_distance_s01_w1,juelich,12345,1,1,log-distance,31,32,veh9,veh10,5,5,0,169.838,1,7.12005,8.47911,-71.2784,25.6979,5,0.035,0.035,0.0316667
juelich_pilot_d30_r5_log_distance_s01_w1,juelich,12345,1,1,log-distance,31,32,veh9,veh11,5,5,0,142.28,1,7.12005,3.61641,-69.7399,27.2364,5,0.035,0.035,0.0316667
juelich_pilot_d30_r5_log_distance_s01_w1,juelich,12345,1,1,log-distance,31,32,veh9,veh4,5,5,0,172.691,1,7.12005,0,-71.423,25.5533,5,0.035,0.04,0.0316667
juelich_pilot_d30_r5_log_distance_s01_w1,juelich,12345,1,1,log-distance,31,32,veh9,veh5,5,0,1,847.897,0,7.12005,8.13569,nan,nan,0,0.035,0.025,0.0316667
juelich_pilot_d30_r5_log_distance_s01_w1,juelich,12345,1,1,log-distance,31,32,veh9,veh6,5,5,0,193.976,1,7.12005,8.00676,-72.4327,24.5436,5,0.035,0.035,0.0316667
juelich_pilot_d30_r5_log_distance_s01_w1,juelich,12345,1,1,log-distance,31,32,veh9,veh7,5,0,1,943.425,0,7.12005,11.0513,nan,nan,0,0.035,0.03,0.0316667
juelich_pilot_d30_r5_log_distance_s01_w1,juelich,12345,1,1,log-distance,31,32,veh9,veh8,5,0,1,942.443,0,7.12005,9.90737,nan,nan,0,0.035,0.025,0.0316667
juelich_pilot_d30_r5_log_distance_s01_w1,juelich,12345,1,1,log-distance,32,33,veh0,veh1,5,5,0,571.446,0,10.2174,7.66128,-81.8171,15.1592,5,0.048,0.038,0.0339231
juelich_pilot_d30_r5_log_distance_s01_w1,juelich,12345,1,1,log-distance,32,33,veh0,veh10,5,5,0,419.537,1,10.2174,8.62634,-79.1328,17.8435,5,0.048,0.038,0.0339231
juelich_pilot_d30_r5_log_distance_s01_w1,juelich,12345,1,1,log-distance,32,33,veh0,veh11,5,5,0,526.016,0,10.2174,5.61236,-81.0977,15.8786,5,0.048,0.038,0.0339231
juelich_pilot_d30_r5_log_distance_s01_w1,juelich,12345,1,1,log-distance,32,33,veh0,veh12,3,3,0,448.089,1,10.4623,0.495105,-79.705,17.2713,3,0.048,0.04,0.0339231
juelich_pilot_d30_r5_log_distance_s01_w1,juelich,12345,1,1,log-distance,32,33,veh0,veh4,5,5,0,283.723,1,10.2174,0,-75.7354,21.2409,5,0.048,0.043,0.0339231
juelich_pilot_d30_r5_log_distance_s01_w1,juelich,12345,1,1,log-distance,32,33,veh0,veh5,5,5,0,539.69,0,10.2174,8.13427,-81.3206,15.6557,5,0.048,0.025,0.0339231
juelich_pilot_d30_r5_log_distance_s01_w1,juelich,12345,1,1,log-distance,32,33,veh0,veh6,5,5,0,427.162,1,10.2174,8.21738,-79.2895,17.6867,5,0.048,0.038,0.0339231
juelich_pilot_d30_r5_log_distance_s01_w1,juelich,12345,1,1,log-distance,32,33,veh0,veh7,5,0,1,793.464,0,10.2174,12.5867,nan,nan,0,0.048,0.03,0.0339231
juelich_pilot_d30_r5_log_distance_s01_w1,juelich,12345,1,1,log-distance,32,33,veh0,veh8,5,0,1,855.156,0,10.2174,9.91993,nan,nan,0,0.048,0.025,0.0339231
juelich_pilot_d30_r5_log_distance_s01_w1,juelich,12345,1,1,log-distance,32,33,veh0,veh9,5,5,0,390.979,1,10.2174,7.11066,-78.5204,18.4559,5,0.048,0.038,0.0339231
juelich_pilot_d30_r5_log_distance_s01_w1,juelich,12345,1,1,log-distance,32,33,veh1,veh0,5,5,0,571.446,0,7.66128,10.2174,-81.8171,15.1592,5,0.038,0.048,0.0339231
juelich_pilot_d30_r5_log_distance_s01_w1,juelich,12345,1,1,log-distance,32,33,veh1,veh10,5,5,0,258.427,1,7.66128,8.62634,-74.9241,22.0521,5,0.038,0.038,0.0339231
juelich_pilot_d30_r5_log_distance_s01_w1,juelich,12345,1,1,log-distance,32,33,veh1,veh11,5,5,0,45.5083,1,7.66128,5.61236,-59.8358,37.1405,5,0.038,0.038,0.0339231
juelich_pilot_d30_r5_log_distance_s01_w1,juelich,12345,1,1,log-distance,32,33,veh1,veh12,3,0,1,671.472,0,7.79727,0.495105,nan,nan,0,0.038,0.04,0.0339231
juelich_pilot_d30_r5_log_distance_s01_w1,juelich,12345,1,1,log-distance,32,33,veh1,veh4,5,5,0,331.386,1,7.66128,0,-77.0844,19.8919,5,0.038,0.043,0.0339231
juelich_pilot_d30_r5_log_distance_s01_w1,juelich,12345,1,1,log-distance,32,33,veh1,veh6,5,5,0,274.709,1,7.66128,8.21738,-75.4544,21.5219,5,0.038,0.038,0.0339231
juelich_pilot_d30_r5_log_distance_s01_w1,juelich,12345,1,1,log-distance,32,33,veh1,veh9,5,5,0,180.568,1,7.66128,7.11066,-71.8104,25.1659,5,0.038,0.038,0.0339231
juelich_pilot_d30_r5_log_distance_s01_w1,juelich,12345,1,1,log-distance,32,33,veh10,veh0,5,5,0,419.537,1,8.62634,10.2174,-79.1328,17.8435,5,0.038,0.048,0.0339231
juelich_pilot_d30_r5_log_distance_s01_w1,juelich,12345,1,1,log-distance,32,33,veh10,veh1,5,5,0,258.427,1,8.62634,7.66128,-74.9241,22.0521,5,0.038,0.038,0.0339231
juelich_pilot_d30_r5_log_distance_s01_w1,juelich,12345,1,1,log-distance,32,33,veh10,veh11,5,5,0,226.85,1,8.62634,5.61236,-73.7925,23.1838,5,0.038,0.038,0.0339231
juelich_pilot_d30_r5_log_distance_s01_w1,juelich,12345,1,1,log-distance,32,33,veh10,veh12,3,3,0,411.727,1,8.62772,0.495105,-78.9699,18.0064,3,0.038,0.04,0.0339231
juelich_pilot_d30_r5_log_distance_s01_w1,juelich,12345,1,1,log-distance,32,33,veh10,veh4,5,5,0,135.99,1,8.62634,0,-69.347,27.6293,5,0.038,0.043,0.0339231
juelich_pilot_d30_r5_log_distance_s01_w1,juelich,12345,1,1,log-distance,32,33,veh10,veh5,5,0,1,942.278,0,8.62634,8.13427,nan,nan,0,0.038,0.025,0.0339231
juelich_pilot_d30_r5_log_distance_s01_w1,juelich,12345,1,1,log-distance,32,33,veh10,veh6,5,5,0,21.7216,1,8.62634,8.21738,-53.4069,43.5694,5,0.038,0.038,0.0339231
juelich_pilot_d30_r5_log_distance_s01_w1,juelich,12345,1,1,log-distance,32,33,veh10,veh9,5,5,0,171.232,1,8.62634,7.11066,-71.3494,25.6269,5,0.038,0.038,0.0339231
juelich_pilot_d30_r5_log_distance_s01_w1,juelich,12345,1,1,log-distance,32,33,veh11,veh0,5,5,0,526.016,0,5.61236,10.2174,-81.0977,15.8786,5,0.038,0.048,0.0339231
juelich_pilot_d30_r5_log_distance_s01_w1,juelich,12345,1,1,log-distance,32,33,veh11,veh1,5,5,0,45.5083,1,5.61236,7.66128,-59.8358,37.1405,5,0.038,0.038,0.0339231
juelich_pilot_d30_r5_log_distance_s01_w1,juelich,12345,1,1,log-distance,32,33,veh11,veh10,5,5,0,226.85,1,5.61236,8.62634,-73.7925,23.1838,5,0.038,0.038,0.0339231
juelich_pilot_d30_r5_log_distance_s01_w1,juelich,12345,1,1,log-distance,32,33,veh11,veh12,3,0,1,635.913,0,5.98106,0.495105,nan,nan,0,0.038,0.04,0.0339231
juelich_pilot_d30_r5_log_distance_s01_w1,juelich,12345,1,1,log-distance,32,33,veh11,veh4,5,5,0,288.999,1,5.61236,0,-75.8955,21.0808,5,0.038,0.043,0.0339231
juelich_pilot_d30_r5_log_distance_s01_w1,juelich,12345,1,1,log-distance,32,33,veh11,veh5,5,0,1,979.69,0,5.61236,8.13427,nan,nan,0,0.038,0.025,0.0339231
juelich_pilot_d30_r5_log_distance_s01_w1,juelich,12345,1,1,log-distance,32,33,veh11,veh6,5,5,0,244.862,1,5.61236,8.21738,-74.4561,22.5202,5,0.038,0.038,0.0339231
juelich_pilot_d30_r5_log_distance_s01_w1,juelich,12345,1,1,log-distance,32,33,veh11,veh9,5,5,0,135.115,1,5.61236,7.11066,-69.2905,27.6857,5,0.038,0.038,0.0339231
juelich_pilot_d30_r5_log_distance_s01_w1,juelich,12345,1,1,log-distance,32,33,veh12,veh0,3,3,0,448.089,1,0.495105,10.4623,-79.705,17.2713,3,0.04,0.048,0.0339231
juelich_pilot_d30_r5_log_distance_s01_w1,juelich,12345,1,1,log-distance,32,33,veh12,veh1,3,0,1,671.472,0,0.495105,7.79727,nan,nan,0,0.04,0.038,0.0339231
juelich_pilot_d30_r5_log_distance_s01_w1,juelich,12345,1,1,log-distance,32,33,veh12,veh10,3,3,0,411.727,1,0.495105,8.62772,-78.9699,18.0064,3,0.04,0.038,0.0339231
juelich_pilot_d30_r5_log_distance_s01_w1,juelich,12345,1,1,log-distance,32,33,veh12,veh11,3,0,1,635.913,0,0.495105,5.98106,nan,nan,0,0.04,0.038,0.0339231
juelich_pilot_d30_r5_log_distance_s01_w1,juelich,12345,1,1,log-distance,32,33,veh12,veh4,3,3,0,381.628,1,0.495105,0,-78.3105,18.6658,3,0.04,0.043,0.0339231
juelich_pilot_d30_r5_log_distance_s01_w1,juelich,12345,1,1,log-distance,32,33,veh12,veh5,3,0,1,945.065,0,0.495105,8.11077,nan,nan,0,0.04,0.025,0.0339231
juelich_pilot_d30_r5_log_distance_s01_w1,juelich,12345,1,1,log-distance,32,33,veh12,veh6,3,3,0,395.51,1,0.495105,8.3335,-78.6208,18.3555,3,0.04,0.038,0.0339231
juelich_pilot_d30_r5_log_distance_s01_w1,juelich,12345,1,1,log-distance,32,33,veh12,veh9,3,3,0,544.362,0,0.495105,7.09638,-81.3954,15.5808,3,0.04,0.038,0.0339231
juelich_pilot_d30_r5_log_distance_s01_w1,juelich,12345,1,1,log-distance,32,33,veh2,veh3,5,5,0,46.9361,1,0,12.0611,-60.1031,36.8732,5,0.02,0.02,0.0339231
juelich_pilot_d30_r5_log_distance_s01_w1,juelich,12345,1,1,log-distance,32,33,veh2,veh5,5,0,1,873.995,0,0,8.13427,nan,nan,0,0.02,0.025,0.0339231
juelich_pilot_d30_r5_log_distance_s01_w1,juelich,12345,1,1,log-distance,32,33,veh2,veh7,5,5,0,430.428,1,0,12.5867,-79.3554,17.6209,5,0.02,0.03,0.0339231
juelich_pilot_d30_r5_log_distance_s01_w1,juelich,12345,1,1,log-distance,32,33,veh2,veh8,5,5,0,359.938,1,0,9.91993,-77.8022,19.174,5,0.02,0.025,0.0339231
juelich_pilot_d30_r5_log_distance_s01_w1,juelich,12345,1,1,log-distance,32,33,veh3,veh2,5,5,0,46.9361,1,12.0611,0,-60.1031,36.8732,5,0.02,0.02,0.0339231
juelich_pilot_d30_r5_log_distance_s01_w1,juelich,12345,1,1,log-distance,32,33,veh3,veh5,5,0,1,838.512,0,12.0611,8.13427,nan,nan,0,0.02,0.025,0.0339231
juelich_pilot_d30_r5_log_distance_s01_w1,juelich,12345,1,1,log-distance,32,33,veh3,veh7,5,5,0,403.384,1,12.0611,12.5867,-78.7918,18.1844,5,0.02,0.03,0.0339231
juelich_pilot_d30_r5_log_distance_s01_w1,juelich,12345,1,1,log-distance,32,33,veh3,veh8,5,5,0,347.177,1,12.0611,9.91993,-77.4887,19.4876,5,0.02,0.025,0.0339231
juelich_pilot_d30_r5_log_distance_s01_w1,juelich,12345,1,1,log-distance,32,33,veh4,veh0,5,5,0,283.723,1,0,10.2174,-75.7354,21.2409,5,0.043,0.048,0.0339231
juelich_pilot_d30_r5_log_distance_s01_w1,juelich,12345,1,1,log-distance,32,33,veh4,veh1,5,5,0,331.386,1,0,7.66128,-77.0844,19.8919,5,0.043,0.038,0.0339231
juelich_pilot_d30_r5_log_distance_s01_w1,juelich,12345,1,1,log-distance,32,33,veh4,veh10,5,5,0,135.99,1,0,8.62634,-69.347,27.6293,5,0.043,0.038,0.0339231
juelich_pilot_d30_r5_log_distance_s01_w1,juelich,12345,1,1,log-distance,32,33,veh4,veh11,5,5,0,288.999,1,0,5.61236,-75.8955,21.0808,5,0.043,0.038,0.0339231
juelich_pilot_d30_r5_log_distance_s01_w1,juelich,12345,1,1,log-distance,32,33,veh4,veh12,3,3,0,381.628,1,0,0.495105,-78.3105,18.6658,3,0.043,0.04,0.0339231
juelich_pilot_d30_r5_log_distance_s01_w1,juelich,12345,1,1,log-distance,32,33,veh4,veh5,5,0,1,808.692,0,0,8.13427,nan,nan,0,0.043,0.025,0.0339231
juelich_pilot_d30_r5_log_distance_s01_w1,juelich,12345,1,1,log-distance,32,33,veh4,veh6,5,5,0,145.316,1,0,8.21738,-69.9237,27.0526,5,0.043,0.038,0.0339231
juelich_pilot_d30_r5_log_distance_s01_w1,juelich,12345,1,1,log-distance,32,33,veh4,veh7,5,0,1,976.604,0,0,12.5867,nan,nan,0,0.043,0.03,0.0339231
juelich_pilot_d30_r5_log_distance_s01_w1,juelich,12345,1,1,log-distance,32,33,veh4,veh9,5,5,0,170.59,1,0,7.11066,-71.3167,25.6595,5,0.043,0.038,0.0339231
juelich_pilot_d30_r5_log_distance_s01_w1,juelich,12345,1,1,log-distance,32,33,veh5,veh0,5,5,0,539.69,0,8.13427,10.2174,-81.3206,15.6557,5,0.025,0.048,0.0339231
juelich_pilot_d30_r5_log_distance_s01_w1,juelich,12345,1,1,log-distance,32,33,veh5,veh10,5,0,1,942.278,0,8.13427,8.62634,nan,nan,0,0.025,0.038,0.0339231
juelich_pilot_d30_r5_log_distance_s01_w1,juelich,12345,1,1,log-distance,32,33,veh5,veh11,5,0,1,979.69,0,8.13427,5.61236,nan,nan,0,0.025,0.038,0.0339231
juelich_pilot_d30_r5_log_distance_s01_w1,juelich,12345,1,1,log-distance,32,33,veh5,veh12,3,0,1,945.065,0,8.11077,0.495105,nan,nan,0,0.025,0.04,0.0339231
juelich_pilot_d30_r5_log_distance_s01_w1,juelich,12345,1,1,log-distance,32,33,veh5,veh2,5,0,1,873.995,0,8.13427,0,nan,nan,0,0.025,0.02,0.0339231
juelich_pilot_d30_r5_log_distance_s01_w1,juelich,12345,1,1,log-distance,32,33,veh5,veh3,5,0,1,838.512,0,8.13427,12.0611,nan,nan,0,0.025,0.02,0.0339231
juelich_pilot_d30_r5_log_distance_s01_w1,juelich,12345,1,1,log-distance,32,33,veh5,veh4,5,0,1,808.692,0,8.13427,0,nan,nan,0,0.025,0.043,0.0339231
juelich_pilot_d30_r5_log_distance_s01_w1,juelich,12345,1,1,log-distance,32,33,veh5,veh6,5,0,1,953.736,0,8.13427,8.21738,nan,nan,0,0.025,0.038,0.0339231
juelich_pilot_d30_r5_log_distance_s01_w1,juelich,12345,1,1,log-distance,32,33,veh5,veh7,5,5,0,462.834,1,8.13427,12.5867,-79.9858,16.9905,5,0.025,0.03,0.0339231
juelich_pilot_d30_r5_log_distance_s01_w1,juelich,12345,1,1,log-distance,32,33,veh5,veh8,5,0,1,594.018,0,8.13427,9.91993,nan,nan,0,0.025,0.025,0.0339231
juelich_pilot_d30_r5_log_distance_s01_w1,juelich,12345,1,1,log-distance,32,33,veh5,veh9,5,0,1,859.256,0,8.13427,7.11066,nan,nan,0,0.025,0.038,0.0339231
juelich_pilot_d30_r5_log_distance_s01_w1,juelich,12345,1,1,log-distance,32,33,veh6,veh0,5,5,0,427.162,1,8.21738,10.2174,-79.2895,17.6867,5,0.038,0.048,0.0339231
juelich_pilot_d30_r5_log_distance_s01_w1,juelich,12345,1,1,log-distance,32,33,veh6,veh1,5,5,0,274.709,1,8.21738,7.66128,-75.4544,21.5219,5,0.038,0.038,0.0339231
juelich_pilot_d30_r5_log_distance_s01_w1,juelich,12345,1,1,log-distance,32,33,veh6,veh10,5,5,0,21.7216,1,8.21738,8.62634,-53.4069,43.5694,5,0.038,0.038,0.0339231
juelich_pilot_d30_r5_log_distance_s01_w1,juelich,12345,1,1,log-distance,32,33,veh6,veh11,5,5,0,244.862,1,8.21738,5.61236,-74.4561,22.5202,5,0.038,0.038,0.0339231
juelich_pilot_d30_r5_log_distance_s01_w1,juelich,12345,1,1,log-distance,32,33,veh6,veh12,3,3,0,395.51,1,8.3335,0.495105,-78.6208,18.3555,3,0.038,0.04,0.0339231
juelich_pilot_d30_r5_log_distance_s01_w1,juelich,12345,1,1,log-distance,32,33,veh6,veh4,5,5,0,145.316,1,8.21738,0,-69.9237,27.0526,5,0.038,0.043,0.0339231
juelich_pilot_d30_r5_log_distance_s01_w1,juelich,12345,1,1,log-distance,32,33,veh6,veh5,5,0,1,953.736,0,8.21738,8.13427,nan,nan,0,0.038,0.025,0.0339231
juelich_pilot_d30_r5_log_distance_s01_w1,juelich,12345,1,1,log-distance,32,33,veh6,veh9,5,5,0,192.732,1,8.21738,7.11066,-72.3767,24.5996,5,0.038,0.038,0.0339231
juelich_pilot_d30_r5_log_distance_s01_w1,juelich,12345,1,1,log-distance,32,33,veh7,veh0,5,0,1,793.464,0,12.5867,10.2174,nan,nan,0,0.03,0.048,0.0339231
juelich_pilot_d30_r5_log_distance_s01_w1,juelich,12345,1,1,log-distance,32,33,veh7,veh2,5,5,0,430.428,1,12.5867,0,-79.3554,17.6209,5,0.03,0.02,0.0339231
juelich_pilot_d30_r5_log_distance_s01_w1,juelich,12345,1,1,log-distance,32,33,veh7,veh3,5,5,0,403.384,1,12.5867,12.0611,-78.7918,18.1844,5,0.03,0.02,0.0339231
juelich_pilot_d30_r5_log_distance_s01_w1,juelich,12345,1,1,log-distance,32,33,veh7,veh4,5,0,1,976.604,0,12.5867,0,nan,nan,0,0.03,0.043,0.0339231
juelich_pilot_d30_r5_log_distance_s01_w1,juelich,12345,1,1,log-distance,32,33,veh7,veh5,5,5,0,462.834,1,12.5867,8.13427,-79.9858,16.9905,5,0.03,0.025,0.0339231
juelich_pilot_d30_r5_log_distance_s01_w1,juelich,12345,1,1,log-distance,32,33,veh7,veh8,5,5,0,144.309,1,12.5867,9.91993,-69.8597,27.1165,5,0.03,0.025,0.0339231
juelich_pilot_d30_r5_log_distance_s01_w1,juelich,12345,1,1,log-distance,32,33,veh7,veh9,5,0,1,942.346,0,12.5867,7.11066,nan,nan,0,0.03,0.038,0.0339231
juelich_pilot_d30_r5_log_distance_s01_w1,juelich,12345,1,1,log-distance,32,33,veh8,veh0,5,0,1,855.156,0,9.91993,10.2174,nan,nan,0,0.025,0.048,0.0339231
juelich_pilot_d30_r5_log_distance_s01_w1,juelich,12345,1,1,log-distance,32,33,veh8,veh2,5,5,0,359.938,1,9.91993,0,-77.8022,19.174,5,0.025,0.02,0.0339231
juelich_pilot_d30_r5_log_distance_s01_w1,juelich,12345,1,1,log-distance,32,33,veh8,veh3,5,5,0,347.177,1,9.91993,12.0611,-77.4887,19.4876,5,0.025,0.02,0.0339231
juelich_pilot_d30_r5_log_distance_s01_w1,juelich,12345,1,1,log-distance,32,33,veh8,veh5,5,0,1,594.018,0,9.91993,8.13427,nan,nan,0,0.025,0.025,0.0339231
juelich_pilot_d30_r5_log_distance_s01_w1,juelich,12345,1,1,log-distance,32,33,veh8,veh7,5,5,0,144.309,1,9.91993,12.5867,-69.8597,27.1165,5,0.025,0.03,0.0339231
juelich_pilot_d30_r5_log_distance_s01_w1,juelich,12345,1,1,log-distance,32,33,veh8,veh9,5,0,1,944.695,0,9.91993,7.11066,nan,nan,0,0.025,0.038,0.0339231
juelich_pilot_d30_r5_log_distance_s01_w1,juelich,12345,1,1,log-distance,32,33,veh9,veh0,5,5,0,390.979,1,7.11066,10.2174,-78.5204,18.4559,5,0.038,0.048,0.0339231
juelich_pilot_d30_r5_log_distance_s01_w1,juelich,12345,1,1,log-distance,32,33,veh9,veh1,5,5,0,180.568,1,7.11066,7.66128,-71.8104,25.1659,5,0.038,0.038,0.0339231
juelich_pilot_d30_r5_log_distance_s01_w1,juelich,12345,1,1,log-distance,32,33,veh9,veh10,5,5,0,171.232,1,7.11066,8.62634,-71.3494,25.6269,5,0.038,0.038,0.0339231
juelich_pilot_d30_r5_log_distance_s01_w1,juelich,12345,1,1,log-distance,32,33,veh9,veh11,5,5,0,135.115,1,7.11066,5.61236,-69.2905,27.6857,5,0.038,0.038,0.0339231
juelich_pilot_d30_r5_log_distance_s01_w1,juelich,12345,1,1,log-distance,32,33,veh9,veh12,3,3,0,544.362,0,7.09638,0.495105,-81.3954,15.5808,3,0.038,0.04,0.0339231
juelich_pilot_d30_r5_log_distance_s01_w1,juelich,12345,1,1,log-distance,32,33,veh9,veh4,5,5,0,170.59,1,7.11066,0,-71.3167,25.6595,5,0.038,0.043,0.0339231
juelich_pilot_d30_r5_log_distance_s01_w1,juelich,12345,1,1,log-distance,32,33,veh9,veh5,5,0,1,859.256,0,7.11066,8.13427,nan,nan,0,0.038,0.025,0.0339231
juelich_pilot_d30_r5_log_distance_s01_w1,juelich,12345,1,1,log-distance,32,33,veh9,veh6,5,5,0,192.732,1,7.11066,8.21738,-72.3767,24.5996,5,0.038,0.038,0.0339231
juelich_pilot_d30_r5_log_distance_s01_w1,juelich,12345,1,1,log-distance,32,33,veh9,veh7,5,0,1,942.346,0,7.11066,12.5867,nan,nan,0,0.038,0.03,0.0339231
juelich_pilot_d30_r5_log_distance_s01_w1,juelich,12345,1,1,log-distance,32,33,veh9,veh8,5,0,1,944.695,0,7.11066,9.91993,nan,nan,0,0.038,0.025,0.0339231
juelich_pilot_d30_r5_log_distance_s01_w1,juelich,12345,1,1,log-distance,33,34,veh0,veh1,5,5,0,579.83,0,12.1516,7.78625,-81.9436,15.0326,5,0.05,0.04,0.035
juelich_pilot_d30_r5_log_distance_s01_w1,juelich,12345,1,1,log-distance,33,34,veh0,veh10,5,5,0,431.76,1,12.1516,8.48608,-79.3823,17.594,5,0.05,0.04,0.035
juelich_pilot_d30_r5_log_distance_s01_w1,juelich,12345,1,1,log-distance,33,34,veh0,veh11,5,5,0,529.139,0,12.1516,7.47116,-81.1491,15.8272,5,0.05,0.04,0.035
juelich_pilot_d30_r5_log_distance_s01_w1,juelich,12345,1,1,log-distance,33,34,veh0,veh12,5,5,0,445.52,1,12.1516,2.34304,-79.655,17.3213,5,0.05,0.04,0.035
juelich_pilot_d30_r5_log_distance_s01_w1,juelich,12345,1,1,log-distance,33,34,veh0,veh4,5,5,0,289.931,1,12.1516,0,-75.9234,21.0528,5,0.05,0.045,0.035
juelich_pilot_d30_r5_log_distance_s01_w1,juelich,12345,1,1,log-distance,33,34,veh0,veh5,5,5,0,544.511,0,12.1516,7.03662,-81.3978,15.5785,5,0.05,0.025,0.035
juelich_pilot_d30_r5_log_distance_s01_w1,juelich,12345,1,1,log-distance,33,34,veh0,veh6,5,5,0,427.317,1,12.1516,8.37079,-79.2927,17.6836,5,0.05,0.04,0.035
juelich_pilot_d30_r5_log_distance_s01_w1,juelich,12345,1,1,log-distance,33,34,veh0,veh7,5,0,1,785.5,0,12.1516,12.7776,nan,nan,0,0.05,0.03,0.035
juelich_pilot_d30_r5_log_distance_s01_w1,juelich,12345,1,1,log-distance,33,34,veh0,veh8,5,0,1,860.761,0,12.1516,9.87902,nan,nan,0,0.05,0.025,0.035
juelich_pilot_d30_r5_log_distance_s01_w1,juelich,12345,1,1,log-distance,33,34,veh0,veh9,5,5,0,403.111,1,12.1516,7.11736,-78.7859,18.1904,5,0.05,0.04,0.035
juelich_pilot_d30_r5_log_distance_s01_w1,juelich,12345,1,1,log-distance,33,34,veh1,veh0,5,5,0,579.83,0,7.78625,12.1516,-81.9436,15.0326,5,0.04,0.05,0.035
juelich_pilot_d30_r5_log_distance_s01_w1,juelich,12345,1,1,log-distance,33,34,veh1,veh10,5,5,0,266.162,1,7.78625,8.48608,-75.1804,21.7959,5,0.04,0.04,0.035
juelich_pilot_d30_r5_log_distance_s01_w1,juelich,12345,1,1,log-distance,33,34,veh1,veh11,5,5,0,51.6886,1,7.78625,7.47116,-60.9391,36.0372,5,0.04,0.04,0.035
juelich_pilot_d30_r5_log_distance_s01_w1,juelich,12345,1,1,log-distance,33,34,veh1,veh12,5,0,1,675.585,0,7.78625,2.34304,nan,nan,0,0.04,0.04,0.035
juelich_pilot_d30_r5_log_distance_s01_w1,juelich,12345,1,1,log-distance,33,34,veh1,veh4,5,5,0,333.115,1,7.78625,0,-77.1296,19.8467,5,0.04,0.045,0.035
juelich_pilot_d30_r5_log_distance_s01_w1,juelich,12345,1,1,log-distance,33,34,veh1,veh6,5,5,0,287.18,1,7.78625,8.37079,-75.8402,21.1361,5,0.04,0.04,0.035
juelich_pilot_d30_r5_log_distance_s01_w1,juelich,12345,1,1,log-distance,33,34,veh1,veh9,5,5,0,177.544,1,7.78625,7.11736,-71.6637,25.3126,5,0.04,0.04,0.035
juelich_pilot_d30_r5_log_distance_s01_w1,juelich,12345,1,1,log-distance,33,34,veh10,veh0,5,5,0,431.76,1,8.48608,12.1516,-79.3823,17.594,5,0.04,0.05,0.035
juelich_pilot_d30_r5_log_distance_s01_w1,juelich,12345,1,1,log-distance,33,34,veh10,veh1,5,5,0,266.162,1,8.48608,7.78625,-75.1804,21.7959,5,0.04,0.04,0.035
juelich_pilot_d30_r5_log_distance_s01_w1,juelich,12345,1,1,log-distance,33,34,veh10,veh11,5,5,0,225.145,1,8.48608,7.47116,-73.7269,23.2494,5,0.04,0.04,0.035
juelich_pilot_d30_r5_log_distance_s01_w1,juelich,12345,1,1,log-distance,33,34,veh10,veh12,5,5,0,410.364,1,8.48608,2.34304,-78.9411,18.0352,5,0.04,0.04,0.035
juelich_pilot_d30_r5_log_distance_s01_w1,juelich,12345,1,1,log-distance,33,34,veh10,veh4,5,5,0,142.655,1,8.48608,0,-69.7627,27.2136,5,0.04,0.045,0.035
juelich_pilot_d30_r5_log_distance_s01_w1,juelich,12345,1,1,log-distance,33,34,veh10,veh5,5,0,1,955.709,0,8.48608,7.03662,nan,nan,0,0.04,0.025,0.035
juelich_pilot_d30_r5_log_distance_s01_w1,juelich,12345,1,1,log-distance,33,34,veh10,veh6,5,5,0,21.4223,1,8.48608,8.37079,-53.2887,43.6876,5,0.04,0.04,0.035
juelich_pilot_d30_r5_log_distance_s01_w1,juelich,12345,1,1,log-distance,33,34,veh10,veh9,5,5,0,172.644,1,8.48608,7.11736,-71.4207,25.5556,5,0.04,0.04,0.035
juelich_pilot_d30_r5_log_distance_s01_w1,juelich,12345,1,1,log-distance,33,34,veh11,veh0,5,5,0,529.139,0,7.47116,12.1516,-81.1491,15.8272,5,0.04,0.05,0.035
juelich_pilot_d30_r5_log_distance_s01_w1,juelich,12345,1,1,log-distance,33,34,veh11,veh1,5,5,0,51.6886,1,7.47116,7.78625,-60.9391,36.0372,5,0.04,0.04,0.035
juelich_pilot_d30_r5_log_distance_s01_w1,juelich,12345,1,1,log-distance,33,34,veh11,veh10,5,5,0,225.145,1,7.47116,8.48608,-73.7269,23.2494,5,0.04,0.04,0.035
juelich_pilot_d30_r5_log_distance_s01_w1,juelich,12345,1,1,log-distance,33,34,veh11,veh12,5,0,1,631.496,0,7.47116,2.34304,nan,nan,0,0.04,0.04,0.035
juelich_pilot_d30_r5_log_distance_s01_w1,juelich,12345,1,1,log-distance,33,34,veh11,veh4,5,5,0,282.316,1,7.47116,0,-75.6921,21.2841,5,0.04,0.045,0.035
juelich_pilot_d30_r5_log_distance_s01_w1,juelich,12345,1,1,log-distance,33,34,veh11,veh5,5,0,1,979.959,0,7.47116,7.03662,nan,nan,0,0.04,0.025,0.035
juelich_pilot_d30_r5_log_distance_s01_w1,juelich,12345,1,1,log-distance,33,34,veh11,veh6,5,5,0,246.299,1,7.47116,8.37079,-74.507,22.4693,5,0.04,0.04,0.035
juelich_pilot_d30_r5_log_distance_s01_w1,juelich,12345,1,1,log-distance,33,34,veh11,veh8,4,0,1,997.92,0,7.63735,9.88458,nan,nan,0,0.04,0.025,0.035
juelich_pilot_d30_r5_log_distance_s01_w1,juelich,12345,1,1,log-distance,33,34,veh11,veh9,5,5,0,126.275,1,7.47116,7.11736,-68.702,28.2743,5,0.04,0.04,0.035
juelich_pilot_d30_r5_log_distance_s01_w1,juelich,12345,1,1,log-distance,33,34,veh12,veh0,5,5,0,445.52,1,2.34304,12.1516,-79.655,17.3213,5,0.04,0.05,0.035
juelich_pilot_d30_r5_log_distance_s01_w1,juelich,12345,1,1,log-distance,33,34,veh12,veh1,5,0,1,675.585,0,2.34304,7.78625,nan,nan,0,0.04,0.04,0.035
juelich_pilot_d30_r5_log_distance_s01_w1,juelich,12345,1,1,log-distance,33,34,veh12,veh10,5,5,0,410.364,1,2.34304,8.48608,-78.9411,18.0352,5,0.04,0.04,0.035
juelich_pilot_d30_r5_log_distance_s01_w1,juelich,12345,1,1,log-distance,33,34,veh12,veh11,5,0,1,631.496,0,2.34304,7.47116,nan,nan,0,0.04,0.04,0.035
juelich_pilot_d30_r5_log_distance_s01_w1,juelich,12345,1,1,log-distance,33,34,veh12,veh4,5,5,0,382.647,1,2.34304,0,-78.3337,18.6426,5,0.04,0.045,0.035
juelich_pilot_d30_r5_log_distance_s01_w1,juelich,12345,1,1,log-distance,33,34,veh12,veh5,5,0,1,951.949,0,2.34304,7.03662,nan,nan,0,0.04,0.025,0.035
juelich_pilot_d30_r5_log_distance_s01_w1,juelich,12345,1,1,log-distance,33,34,veh12,veh6,5,5,0,389.73,1,2.34304,8.37079,-78.4929,18.4834,5,0.04,0.04,0.035
juelich_pilot_d30_r5_log_distance_s01_w1,juelich,12345,1,1,log-distance,33,34,veh12,veh9,5,5,0,542.486,0,2.34304,7.11736,-81.3655,15.6108,5,0.04,0.04,0.035
juelich_pilot_d30_r5_log_distance_s01_w1,juelich,12345,1,1,log-distance,33,34,veh2,veh3,5,5,0,41.134,1,0,10.3185,-58.957,38.0193,5,0.02,0.02,0.035
juelich_pilot_d30_r5_log_distance_s01_w1,juelich,12345,1,1,log-distance,33,34,veh2,veh5,5,0,1,868.492,0,0,7.03662,nan,nan,0,0.02,0.025,0.035
juelich_pilot_d30_r5_log_distance_s01_w1,juelich,12345,1,1,log-distance,33,34,veh2,veh7,5,5,0,443.14,1,0,12.7776,-79.6082,17.368,5,0.02,0.03,0.035
juelich_pilot_d30_r5_log_distance_s01_w1,juelich,12345,1,1,log-distance,33,34,veh2,veh8,5,5,0,361.766,1,0,9.87902,-77.8462,19.1301,5,0.02,0.025,0.035
juelich_pilot_d30_r5_log_distance_s01_w1,juelich,12345,1,1,log-distance,33,34,veh3,veh2,5,5,0,41.134,1,10.3185,0,-58.957,38.0193,5,0.02,0.02,0.035
juelich_pilot_d30_r5_log_distance_s01_w1,juelich,12345,1,1,log-distance,33,34,veh3,veh5,5,0,1,833.055,0,10.3185,7.03662,nan,nan,0,0.02,0.025,0.035
juelich_pilot_d30_r5_log_distance_s01_w1,juelich,12345,1,1,log-distance,33,34,veh3,veh7,5,5,0,413.708,1,10.3185,12.7776,-79.0114,17.9649,5,0.02,0.03,0.035
juelich_pilot_d30_r5_log_distance_s01_w1,juelich,12345,1,1,log-distance,33,34,veh3,veh8,5,5,0,344.427,1,10.3185,9.87902,-77.4196,19.5567,5,0.02,0.025,0.035
juelich_pilot_d30_r5_log_distance_s01_w1,juelich,12345,1,1,log-distance,33,34,veh4,veh0,5,5,0,289.931,1,0,12.1516,-75.9234,21.0528,5,0.045,0.05,0.035
juelich_pilot_d30_r5_log_distance_s01_w1,juelich,12345,1,1,log-distance,33,34,veh4,veh1,5,5,0,333.115,1,0,7.78625,-77.1296,19.8467,5,0.045,0.04,0.035
juelich_pilot_d30_r5_log_distance_s01_w1,juelich,12345,1,1,log-distance,33,34,veh4,veh10,5,5,0,142.655,1,0,8.48608,-69.7627,27.2136,5,0.045,0.04,0.035
juelich_pilot_d30_r5_log_distance_s01_w1,juelich,12345,1,1,log-distance,33,34,veh4,veh11,5,5,0,282.316,1,0,7.47116,-75.6921,21.2841,5,0.045,0.04,0.035
juelich_pilot_d30_r5_log_distance_s01_w1,juelich,12345,1,1,log-distance,33,34,veh4,veh12,5,5,0,382.647,1,0,2.34304,-78.3337,18.6426,5,0.045,0.04,0.035
juelich_pilot_d30_r5_log_distance_s01_w1,juelich,12345,1,1,log-distance,33,34,veh4,veh5,5,0,1,814.797,0,0,7.03662,nan,nan,0,0.045,0.025,0.035
juelich_pilot_d30_r5_log_distance_s01_w1,juelich,12345,1,1,log-distance,33,34,veh4,veh6,5,5,0,141.094,1,0,8.37079,-69.6676,27.3087,5,0.045,0.04,0.035
juelich_pilot_d30_r5_log_distance_s01_w1,juelich,12345,1,1,log-distance,33,34,veh4,veh7,5,0,1,965.139,0,0,12.7776,nan,nan,0,0.045,0.03,0.035
juelich_pilot_d30_r5_log_distance_s01_w1,juelich,12345,1,1,log-distance,33,34,veh4,veh8,2,0,1,999.237,0,0,9.87035,nan,nan,0,0.045,0.025,0.035
juelich_pilot_d30_r5_log_distance_s01_w1,juelich,12345,1,1,log-distance,33,34,veh4,veh9,5,5,0,168.77,1,0,7.11736,-71.2236,25.7527,5,0.045,0.04,0.035
juelich_pilot_d30_r5_log_distance_s01_w1,juelich,12345,1,1,log-distance,33,34,veh5,veh0,5,5,0,544.511,0,7.03662,12.1516,-81.3978,15.5785,5,0.025,0.05,0.035
juelich_pilot_d30_r5_log_distance_s01_w1,juelich,12345,1,1,log-distance,33,34,veh5,veh10,5,0,1,955.709,0,7.03662,8.48608,nan,nan,0,0.025,0.04,0.035
juelich_pilot_d30_r5_log_distance_s01_w1,juelich,12345,1,1,log-distance,33,34,veh5,veh11,5,0,1,979.959,0,7.03662,7.47116,nan,nan,0,0.025,0.04,0.035
juelich_pilot_d30_r5_log_distance_s01_w1,juelich,12345,1,1,log-distance,33,34,veh5,veh12,5,0,1,951.949,0,7.03662,2.34304,nan,nan,0,0.025,0.04,0.035
juelich_pilot_d30_r5_log_distance_s01_w1,juelich,12345,1,1,log-distance,33,34,veh5,veh2,5,0,1,868.492,0,7.03662,0,nan,nan,0,0.025,0.02,0.035
juelich_pilot_d30_r5_log_distance_s01_w1,juelich,12345,1,1,log-distance,33,34,veh5,veh3,5,0,1,833.055,0,7.03662,10.3185,nan,nan,0,0.025,0.02,0.035
juelich_pilot_d30_r5_log_distance_s01_w1,juelich,12345,1,1,log-distance,33,34,veh5,veh4,5,0,1,814.797,0,7.03662,0,nan,nan,0,0.025,0.045,0.035
juelich_pilot_d30_r5_log_distance_s01_w1,juelich,12345,1,1,log-distance,33,34,veh5,veh6,5,0,1,955.856,0,7.03662,8.37079,nan,nan,0,0.025,0.04,0.035
juelich_pilot_d30_r5_log_distance_s01_w1,juelich,12345,1,1,log-distance,33,34,veh5,veh7,5,5,0,446.899,1,7.03662,12.7776,-79.6814,17.2949,5,0.025,0.03,0.035
juelich_pilot_d30_r5_log_distance_s01_w1,juelich,12345,1,1,log-distance,33,34,veh5,veh8,5,0,1,595.631,0,7.03662,9.87902,nan,nan,0,0.025,0.025,0.035
juelich_pilot_d30_r5_log_distance_s01_w1,juelich,12345,1,1,log-distance,33,34,veh5,veh9,5,0,1,870.004,0,7.03662,7.11736,nan,nan,0,0.025,0.04,0.035
juelich_pilot_d30_r5_log_distance_s01_w1,juelich,12345,1,1,log-distance,33,34,veh6,veh0,5,5,0,427.317,1,8.37079,12.1516,-79.2927,17.6836,5,0.04,0.05,0.035
juelich_pilot_d30_r5_log_distance_s01_w1,juelich,12345,1,1,log-distance,33,34,veh6,veh1,5,5,0,287.18,1,8.37079,7.78625,-75.8402,21.1361,5,0.04,0.04,0.035
juelich_pilot_d30_r5_log_distance_s01_w1,juelich,12345,1,1,log-distance,33,34,veh6,veh10,5,5,0,21.4223,1,8.37079,8.48608,-53.2887,43.6876,5,0.04,0.04,0.035
juelich_pilot_d30_r5_log_distance_s01_w1,juelich,12345,1,1,log-distance,33,34,veh6,veh11,5,5,0,246.299,1,8.37079,7.47116,-74.507,22.4693,5,0.04,0.04,0.035
juelich_pilot_d30_r5_log_distance_s01_w1,juelich,12345,1,1,log-distance,33,34,veh6,veh12,5,5,0,389.73,1,8.37079,2.34304,-78.4929,18.4834,5,0.04,0.04,0.035
juelich_pilot_d30_r5_log_distance_s01_w1,juelich,12345,1,1,log-distance,33,34,veh6,veh4,5,5,0,141.094,1,8.37079,0,-69.6676,27.3087,5,0.04,0.045,0.035
juelich_pilot_d30_r5_log_distance_s01_w1,juelich,12345,1,1,log-distance,33,34,veh6,veh5,5,0,1,955.856,0,8.37079,7.03662,nan,nan,0,0.04,0.025,0.035
juelich_pilot_d30_r5_log_distance_s01_w1,juelich,12345,1,1,log-distance,33,34,veh6,veh9,5,5,0,190.48,1,8.37079,7.11736,-72.2746,24.7017,5,0.04,0.04,0.035
juelich_pilot_d30_r5_log_distance_s01_w1,juelich,12345,1,1,log-distance,33,34,veh7,veh0,5,0,1,785.5,0,12.7776,12.1516,nan,nan,0,0.03,0.05,0.035
juelich_pilot_d30_r5_log_distance_s01_w1,juelich,12345,1,1,log-distance,33,34,veh7,veh2,5,5,0,443.14,1,12.7776,0,-79.6082,17.368,5,0.03,0.02,0.035
juelich_pilot_d30_r5_log_distance_s01_w1,juelich,12345,1,1,log-distance,33,34,veh7,veh3,5,5,0,413.708,1,12.7776,10.3185,-79.0114,17.9649,5,0.03,0.02,0.035
juelich_pilot_d30_r5_log_distance_s01_w1,juelich,12345,1,1,log-distance,33,34,veh7,veh4,5,0,1,965.139,0,12.7776,0,nan,nan,0,0.03,0.045,0.035
juelich_pilot_d30_r5_log_distance_s01_w1,juelich,12345,1,1,log-distance,33,34,veh7,veh5,5,5,0,446.899,1,12.7776,7.03662,-79.6814,17.2949,5,0.03,0.025,0.035
juelich_pilot_d30_r5_log_distance_s01_w1,juelich,12345,1,1,log-distance,33,34,veh7,veh8,5,5,0,159.604,1,12.7776,9.87902,-70.7353,26.241,5,0.03,0.025,0.035
juelich_pilot_d30_r5_log_distance_s01_w1,juelich,12345,1,1,log-distance,33,34,veh7,veh9,5,0,1,939.051,0,12.7776,7.11736,nan,nan,0,0.03,0.04,0.035
juelich_pilot_d30_r5_log_distance_s01_w1,juelich,12345,1,1,log-distance,33,34,veh8,veh0,5,0,1,860.761,0,9.87902,12.1516,nan,nan,0,0.025,0.05,0.035
juelich_pilot_d30_r5_log_distance_s01_w1,juelich,12345,1,1,log-distance,33,34,veh8,veh11,4,0,1,997.92,0,9.88458,7.63735,nan,nan,0,0.025,0.04,0.035
juelich_pilot_d30_r5_log_distance_s01_w1,juelich,12345,1,1,log-distance,33,34,veh8,veh2,5,5,0,361.766,1,9.87902,0,-77.8462,19.1301,5,0.025,0.02,0.035
juelich_pilot_d30_r5_log_distance_s01_w1,juelich,12345,1,1,log-distance,33,34,veh8,veh3,5,5,0,344.427,1,9.87902,10.3185,-77.4196,19.5567,5,0.025,0.02,0.035
juelich_pilot_d30_r5_log_distance_s01_w1,juelich,12345,1,1,log-distance,33,34,veh8,veh4,2,0,1,999.237,0,9.87035,0,nan,nan,0,0.025,0.045,0.035
juelich_pilot_d30_r5_log_distance_s01_w1,juelich,12345,1,1,log-distance,33,34,veh8,veh5,5,0,1,595.631,0,9.87902,7.03662,nan,nan,0,0.025,0.025,0.035
juelich_pilot_d30_r5_log_distance_s01_w1,juelich,12345,1,1,log-distance,33,34,veh8,veh7,5,5,0,159.604,1,9.87902,12.7776,-70.7353,26.241,5,0.025,0.03,0.035
juelich_pilot_d30_r5_log_distance_s01_w1,juelich,12345,1,1,log-distance,33,34,veh8,veh9,5,0,1,947.133,0,9.87902,7.11736,nan,nan,0,0.025,0.04,0.035
juelich_pilot_d30_r5_log_distance_s01_w1,juelich,12345,1,1,log-distance,33,34,veh9,veh0,5,5,0,403.111,1,7.11736,12.1516,-78.7859,18.1904,5,0.04,0.05,0.035
juelich_pilot_d30_r5_log_distance_s01_w1,juelich,12345,1,1,log-distance,33,34,veh9,veh1,5,5,0,177.544,1,7.11736,7.78625,-71.6637,25.3126,5,0.04,0.04,0.035
juelich_pilot_d30_r5_log_distance_s01_w1,juelich,12345,1,1,log-distance,33,34,veh9,veh10,5,5,0,172.644,1,7.11736,8.48608,-71.4207,25.5556,5,0.04,0.04,0.035
juelich_pilot_d30_r5_log_distance_s01_w1,juelich,12345,1,1,log-distance,33,34,veh9,veh11,5,5,0,126.275,1,7.11736,7.47116,-68.702,28.2743,5,0.04,0.04,0.035
juelich_pilot_d30_r5_log_distance_s01_w1,juelich,12345,1,1,log-distance,33,34,veh9,veh12,5,5,0,542.486,0,7.11736,2.34304,-81.3655,15.6108,5,0.04,0.04,0.035
juelich_pilot_d30_r5_log_distance_s01_w1,juelich,12345,1,1,log-distance,33,34,veh9,veh4,5,5,0,168.77,1,7.11736,0,-71.2236,25.7527,5,0.04,0.045,0.035
juelich_pilot_d30_r5_log_distance_s01_w1,juelich,12345,1,1,log-distance,33,34,veh9,veh5,5,0,1,870.004,0,7.11736,7.03662,nan,nan,0,0.04,0.025,0.035
juelich_pilot_d30_r5_log_distance_s01_w1,juelich,12345,1,1,log-distance,33,34,veh9,veh6,5,5,0,190.48,1,7.11736,8.37079,-72.2746,24.7017,5,0.04,0.04,0.035
juelich_pilot_d30_r5_log_distance_s01_w1,juelich,12345,1,1,log-distance,33,34,veh9,veh7,5,0,1,939.051,0,7.11736,12.7776,nan,nan,0,0.04,0.03,0.035
juelich_pilot_d30_r5_log_distance_s01_w1,juelich,12345,1,1,log-distance,33,34,veh9,veh8,5,0,1,947.133,0,7.11736,9.87902,nan,nan,0,0.04,0.025,0.035
juelich_pilot_d30_r5_log_distance_s01_w1,juelich,12345,1,1,log-distance,34,35,veh0,veh1,5,0,1,588.114,0,13.8701,7.82211,nan,nan,0,0.05,0.04,0.0354615
juelich_pilot_d30_r5_log_distance_s01_w1,juelich,12345,1,1,log-distance,34,35,veh0,veh10,5,5,0,443.96,1,13.8701,8.29315,-79.6244,17.3519,5,0.05,0.04,0.0354615
juelich_pilot_d30_r5_log_distance_s01_w1,juelich,12345,1,1,log-distance,34,35,veh0,veh11,5,5,0,533.605,0,13.8701,7.92075,-81.2221,15.7542,5,0.05,0.04,0.0354615
juelich_pilot_d30_r5_log_distance_s01_w1,juelich,12345,1,1,log-distance,34,35,veh0,veh12,5,5,0,445.297,1,13.8701,4.30674,-79.6507,17.3256,5,0.05,0.04,0.0354615
juelich_pilot_d30_r5_log_distance_s01_w1,juelich,12345,1,1,log-distance,34,35,veh0,veh4,5,5,0,298.692,1,13.8701,0,-76.1818,20.7945,5,0.05,0.045,0.0354615
juelich_pilot_d30_r5_log_distance_s01_w1,juelich,12345,1,1,log-distance,34,35,veh0,veh5,5,5,0,546.186,0,13.8701,8.12308,-81.4245,15.5518,5,0.05,0.028,0.0354615
juelich_pilot_d30_r5_log_distance_s01_w1,juelich,12345,1,1,log-distance,34,35,veh0,veh6,5,5,0,429.598,1,13.8701,8.38269,-79.3389,17.6374,5,0.05,0.04,0.0354615
juelich_pilot_d30_r5_log_distance_s01_w1,juelich,12345,1,1,log-distance,34,35,veh0,veh7,5,0,1,777.08,0,13.8701,12.7508,nan,nan,0,0.05,0.03,0.0354615
juelich_pilot_d30_r5_log_distance_s01_w1,juelich,12345,1,1,log-distance,34,35,veh0,veh8,5,0,1,866.813,0,13.8701,9.88285,nan,nan,0,0.05,0.025,0.0354615
juelich_pilot_d30_r5_log_distance_s01_w1,juelich,12345,1,1,log-distance,34,35,veh0,veh9,5,5,0,417.631,1,13.8701,7.08783,-79.0931,17.8832,5,0.05,0.04,0.0354615
juelich_pilot_d30_r5_log_distance_s01_w1,juelich,12345,1,1,log-distance,34,35,veh1,veh0,5,0,1,588.114,0,7.82211,13.8701,nan,nan,0,0.04,0.05,0.0354615
juelich_pilot_d30_r5_log_distance_s01_w1,juelich,12345,1,1,log-distance,34,35,veh1,veh10,5,5,0,273.363,1,7.82211,8.29315,-75.4123,21.564,5,0.04,0.04,0.0354615
juelich_pilot_d30_r5_log_distance_s01_w1,juelich,12345,1,1,log-distance,34,35,veh1,veh11,5,5,0,57.555,1,7.82211,7.92075,-61.8781,35.0982,5,0.04,0.04,0.0354615
juelich_pilot_d30_r5_log_distance_s01_w1,juelich,12345,1,1,log-distance,34,35,veh1,veh12,5,0,1,678.984,0,7.82211,4.30674,nan,nan,0,0.04,0.04,0.0354615
juelich_pilot_d30_r5_log_distance_s01_w1,juelich,12345,1,1,log-distance,34,35,veh1,veh4,5,5,0,331.962,1,7.82211,0,-77.0994,19.8769,5,0.04,0.045,0.0354615
juelich_pilot_d30_r5_log_distance_s01_w1,juelich,12345,1,1,log-distance,34,35,veh1,veh6,5,5,0,296.815,1,7.82211,8.38269,-76.1273,20.849,5,0.04,0.04,0.0354615
juelich_pilot_d30_r5_log_distance_s01_w1,juelich,12345,1,1,log-distance,34,35,veh1,veh8,1,0,1,998.566,0,7.84947,9.85142,nan,nan,0,0.04,0.025,0.0354615
juelich_pilot_d30_r5_log_distance_s01_w1,juelich,12345,1,1,log-distance,34,35,veh1,veh9,5,5,0,172.755,1,7.82211,7.08783,-71.4257,25.5506,5,0.04,0.04,0.0354615
juelich_pilot_d30_r5_log_distance_s01_w1,juelich,12345,1,1,log-distance,34,35,veh10,veh0,5,5,0,443.96,1,8.29315,13.8701,-79.6244,17.3519,5,0.04,0.05,0.0354615
juelich_pilot_d30_r5_log_distance_s01_w1,juelich,12345,1,1,log-distance,34,35,veh10,veh1,5,5,0,273.363,1,8.29315,7.82211,-75.4123,21.564,5,0.04,0.04,0.0354615
juelich_pilot_d30_r5_log_distance_s01_w1,juelich,12345,1,1,log-distance,34,35,veh10,veh11,5,5,0,224.321,1,8.29315,7.92075,-73.6951,23.2812,5,0.04,0.04,0.0354615
juelich_pilot_d30_r5_log_distance_s01_w1,juelich,12345,1,1,log-distance,34,35,veh10,veh12,5,5,0,407.816,1,8.29315,4.30674,-78.8869,18.0893,5,0.04,0.04,0.0354615
juelich_pilot_d30_r5_log_distance_s01_w1,juelich,12345,1,1,log-distance,34,35,veh10,veh4,5,5,0,147.402,1,8.29315,0,-70.0477,26.9286,5,0.04,0.045,0.0354615
juelich_pilot_d30_r5_log_distance_s01_w1,juelich,12345,1,1,log-distance,34,35,veh10,veh5,5,0,1,964.89,0,8.29315,8.12308,nan,nan,0,0.04,0.028,0.0354615
juelich_pilot_d30_r5_log_distance_s01_w1,juelich,12345,1,1,log-distance,34,35,veh10,veh6,5,5,0,24.7788,1,8.29315,8.38269,-54.5561,42.4202,5,0.04,0.04,0.0354615
juelich_pilot_d30_r5_log_distance_s01_w1,juelich,12345,1,1,log-distance,34,35,veh10,veh9,5,5,0,174.161,1,8.29315,7.08783,-71.4967,25.4796,5,0.04,0.04,0.0354615
juelich_pilot_d30_r5_log_distance_s01_w1,juelich,12345,1,1,log-distance,34,35,veh11,veh0,5,5,0,533.605,0,7.92075,13.8701,-81.2221,15.7542,5,0.04,0.05,0.0354615
juelich_pilot_d30_r5_log_distance_s01_w1,juelich,12345,1,1,log-distance,34,35,veh11,veh1,5,5,0,57.555,1,7.92075,7.82211,-61.8781,35.0982,5,0.04,0.04,0.0354615
juelich_pilot_d30_r5_log_distance_s01_w1,juelich,12345,1,1,log-distance,34,35,veh11,veh10,5,5,0,224.321,1,7.92075,8.29315,-73.6951,23.2812,5,0.04,0.04,0.0354615
juelich_pilot_d30_r5_log_distance_s01_w1,juelich,12345,1,1,log-distance,34,35,veh11,veh12,5,0,1,626.264,0,7.92075,4.30674,nan,nan,0,0.04,0.04,0.0354615
juelich_pilot_d30_r5_log_distance_s01_w1,juelich,12345,1,1,log-distance,34,35,veh11,veh4,5,5,0,274.485,1,7.92075,0,-75.4478,21.5285,5,0.04,0.045,0.0354615
juelich_pilot_d30_r5_log_distance_s01_w1,juelich,12345,1,1,log-distance,34,35,veh11,veh5,5,0,1,976.788,0,7.92075,8.12308,nan,nan,0,0.04,0.028,0.0354615
juelich_pilot_d30_r5_log_distance_s01_w1,juelich,12345,1,1,log-distance,34,35,veh11,veh6,5,5,0,246.756,1,7.92075,8.38269,-74.5231,22.4532,5,0.04,0.04,0.0354615
juelich_pilot_d30_r5_log_distance_s01_w1,juelich,12345,1,1,log-distance,34,35,veh11,veh7,4,0,1,995.505,0,7.92917,12.7537,nan,nan,0,0.04,0.03,0.0354615
juelich_pilot_d30_r5_log_distance_s01_w1,juelich,12345,1,1,log-distance,34,35,veh11,veh8,5,0,1,992.057,0,7.92075,9.88285,nan,nan,0,0.04,0.025,0.0354615
juelich_pilot_d30_r5_log_distance_s01_w1,juelich,12345,1,1,log-distance,34,35,veh11,veh9,5,5,0,116.495,1,7.92075,7.08783,-68.0014,28.9749,5,0.04,0.04,0.0354615
juelich_pilot_d30_r5_log_distance_s01_w1,juelich,12345,1,1,log-distance,34,35,veh12,veh0,5,5,0,445.297,1,4.30674,13.8701,-79.6507,17.3256,5,0.04,0.05,0.0354615
juelich_pilot_d30_r5_log_distance_s01_w1,juelich,12345,1,1,log-distance,34,35,veh12,veh1,5,0,1,678.984,0,4.30674,7.82211,nan,nan,0,0.04,0.04,0.0354615
juelich_pilot_d30_r5_log_distance_s01_w1,juelich,12345,1,1,log-distance,34,35,veh12,veh10,5,5,0,407.816,1,4.30674,8.29315,-78.8869,18.0893,5,0.04,0.04,0.0354615
juelich_pilot_d30_r5_log_distance_s01_w1,juelich,12345,1,1,log-distance,34,35,veh12,veh11,5,0,1,626.264,0,4.30674,7.92075,nan,nan,0,0.04,0.04,0.0354615
juelich_pilot_d30_r5_log_distance_s01_w1,juelich,12345,1,1,log-distance,34,35,veh12,veh4,5,5,0,385.368,1,4.30674,0,-78.3952,18.5811,5,0.04,0.045,0.0354615
juelich_pilot_d30_r5_log_distance_s01_w1,juelich,12345,1,1,log-distance,34,35,veh12,veh5,5,0,1,961.197,0,4.30674,8.12308,nan,nan,0,0.04,0.028,0.0354615
juelich_pilot_d30_r5_log_distance_s01_w1,juelich,12345,1,1,log-distance,34,35,veh12,veh6,5,5,0,383.483,1,4.30674,8.38269,-78.3525,18.6237,5,0.04,0.04,0.0354615
juelich_pilot_d30_r5_log_distance_s01_w1,juelich,12345,1,1,log-distance,34,35,veh12,veh9,5,5,0,541.468,0,4.30674,7.08783,-81.3492,15.6271,5,0.04,0.04,0.0354615
juelich_pilot_d30_r5_log_distance_s01_w1,juelich,12345,1,1,log-distance,34,35,veh2,veh3,5,5,0,39.0696,1,0,7.1497,-58.5144,38.4619,5,0.02,0.023,0.0354615
juelich_pilot_d30_r5_log_distance_s01_w1,juelich,12345,1,1,log-distance,34,35,veh2,veh5,5,0,1,861.338,0,0,8.12308,nan,nan,0,0.02,0.028,0.0354615
juelich_pilot_d30_r5_log_distance_s01_w1,juelich,12345,1,1,log-distance,34,35,veh2,veh7,5,5,0,455.898,1,0,12.7508,-79.8548,17.1215,5,0.02,0.03,0.0354615
juelich_pilot_d30_r5_log_distance_s01_w1,juelich,12345,1,1,log-distance,34,35,veh2,veh8,5,5,0,364.478,1,0,9.88285,-77.9111,19.0652,5,0.02,0.025,0.0354615
juelich_pilot_d30_r5_log_distance_s01_w1,juelich,12345,1,1,log-distance,34,35,veh3,veh2,5,5,0,39.0696,1,7.1497,0,-58.5144,38.4619,5,0.023,0.02,0.0354615
juelich_pilot_d30_r5_log_distance_s01_w1,juelich,12345,1,1,log-distance,34,35,veh3,veh5,5,0,1,824.367,0,7.1497,8.12308,nan,nan,0,0.023,0.028,0.0354615
juelich_pilot_d30_r5_log_distance_s01_w1,juelich,12345,1,1,log-distance,34,35,veh3,veh7,5,5,0,423.012,1,7.1497,12.7508,-79.2046,17.7717,5,0.023,0.03,0.0354615
juelich_pilot_d30_r5_log_distance_s01_w1,juelich,12345,1,1,log-distance,34,35,veh3,veh8,5,5,0,341.986,1,7.1497,9.88285,-77.3579,19.6184,5,0.023,0.025,0.0354615
juelich_pilot_d30_r5_log_distance_s01_w1,juelich,12345,1,1,log-distance,34,35,veh4,veh0,5,5,0,298.692,1,0,13.8701,-76.1818,20.7945,5,0.045,0.05,0.0354615
juelich_pilot_d30_r5_log_distance_s01_w1,juelich,12345,1,1,log-distance,34,35,veh4,veh1,5,5,0,331.962,1,0,7.82211,-77.0994,19.8769,5,0.045,0.04,0.0354615
juelich_pilot_d30_r5_log_distance_s01_w1,juelich,12345,1,1,log-distance,34,35,veh4,veh10,5,5,0,147.402,1,0,8.29315,-70.0477,26.9286,5,0.045,0.04,0.0354615
juelich_pilot_d30_r5_log_distance_s01_w1,juelich,12345,1,1,log-distance,34,35,veh4,veh11,5,5,0,274.485,1,0,7.92075,-75.4478,21.5285,5,0.045,0.04,0.0354615
juelich_pilot_d30_r5_log_distance_s01_w1,juelich,12345,1,1,log-distance,34,35,veh4,veh12,5,5,0,385.368,1,0,4.30674,-78.3952,18.5811,5,0.045,0.04,0.0354615
juelich_pilot_d30_r5_log_distance_s01_w1,juelich,12345,1,1,log-distance,34,35,veh4,veh5,5,0,1,818.604,0,0,8.12308,nan,nan,0,0.045,0.028,0.0354615
juelich_pilot_d30_r5_log_distance_s01_w1,juelich,12345,1,1,log-distance,34,35,veh4,veh6,5,5,0,137.172,1,0,8.38269,-69.4227,27.5536,5,0.045,0.04,0.0354615
juelich_pilot_d30_r5_log_distance_s01_w1,juelich,12345,1,1,log-distance,34,35,veh4,veh7,5,0,1,953.511,0,0,12.7508,nan,nan,0,0.045,0.03,0.0354615
juelich_pilot_d30_r5_log_distance_s01_w1,juelich,12345,1,1,log-distance,34,35,veh4,veh8,5,0,1,997.109,0,0,9.88285,nan,nan,0,0.045,0.025,0.0354615
juelich_pilot_d30_r5_log_distance_s01_w1,juelich,12345,1,1,log-distance,34,35,veh4,veh9,5,5,0,167.234,1,0,7.08783,-71.1442,25.8321,5,0.045,0.04,0.0354615
juelich_pilot_d30_r5_log_distance_s01_w1,juelich,12345,1,1,log-distance,34,35,veh5,veh0,5,5,0,546.186,0,8.12308,13.8701,-81.4245,15.5518,5,0.028,0.05,0.0354615
juelich_pilot_d30_r5_log_distance_s01_w1,juelich,12345,1,1,log-distance,34,35,veh5,veh10,5,0,1,964.89,0,8.12308,8.29315,nan,nan,0,0.028,0.04,0.0354615
juelich_pilot_d30_r5_log_distance_s01_w1,juelich,12345,1,1,log-distance,34,35,veh5,veh11,5,0,1,976.788,0,8.12308,7.92075,nan,nan,0,0.028,0.04,0.0354615
juelich_pilot_d30_r5_log_distance_s01_w1,juelich,12345,1,1,log-distance,34,35,veh5,veh12,5,0,1,961.197,0,8.12308,4.30674,nan,nan,0,0.028,0.04,0.0354615
juelich_pilot_d30_r5_log_distance_s01_w1,juelich,12345,1,1,log-distance,34,35,veh5,veh2,5,0,1,861.338,0,8.12308,0,nan,nan,0,0.028,0.02,0.0354615
juelich_pilot_d30_r5_log_distance_s01_w1,juelich,12345,1,1,log-distance,34,35,veh5,veh3,5,0,1,824.367,0,8.12308,7.1497,nan,nan,0,0.028,0.023,0.0354615
juelich_pilot_d30_r5_log_distance_s01_w1,juelich,12345,1,1,log-distance,34,35,veh5,veh4,5,0,1,818.604,0,8.12308,0,nan,nan,0,0.028,0.045,0.0354615
juelich_pilot_d30_r5_log_distance_s01_w1,juelich,12345,1,1,log-distance,34,35,veh5,veh6,5,0,1,955.729,0,8.12308,8.38269,nan,nan,0,0.028,0.04,0.0354615
juelich_pilot_d30_r5_log_distance_s01_w1,juelich,12345,1,1,log-distance,34,35,veh5,veh7,5,5,0,429.515,1,8.12308,12.7508,-79.3366,17.6396,5,0.028,0.03,0.0354615
juelich_pilot_d30_r5_log_distance_s01_w1,juelich,12345,1,1,log-distance,34,35,veh5,veh8,5,0,1,595.367,0,8.12308,9.88285,nan,nan,0,0.028,0.025,0.0354615
juelich_pilot_d30_r5_log_distance_s01_w1,juelich,12345,1,1,log-distance,34,35,veh5,veh9,5,0,1,878.185,0,8.12308,7.08783,nan,nan,0,0.028,0.04,0.0354615
juelich_pilot_d30_r5_log_distance_s01_w1,juelich,12345,1,1,log-distance,34,35,veh6,veh0,5,5,0,429.598,1,8.38269,13.8701,-79.3389,17.6374,5,0.04,0.05,0.0354615
juelich_pilot_d30_r5_log_distance_s01_w1,juelich,12345,1,1,log-distance,34,35,veh6,veh1,5,5,0,296.815,1,8.38269,7.82211,-76.1273,20.849,5,0.04,0.04,0.0354615
juelich_pilot_d30_r5_log_distance_s01_w1,juelich,12345,1,1,log-distance,34,35,veh6,veh10,5,5,0,24.7788,1,8.38269,8.29315,-54.5561,42.4202,5,0.04,0.04,0.0354615
juelich_pilot_d30_r5_log_distance_s01_w1,juelich,12345,1,1,log-distance,34,35,veh6,veh11,5,5,0,246.756,1,8.38269,7.92075,-74.5231,22.4532,5,0.04,0.04,0.0354615
juelich_pilot_d30_r5_log_distance_s01_w1,juelich,12345,1,1,log-distance,34,35,veh6,veh12,5,5,0,383.483,1,8.38269,4.30674,-78.3525,18.6237,5,0.04,0.04,0.0354615
juelich_pilot_d30_r5_log_distance_s01_w1,juelich,12345,1,1,log-distance,34,35,veh6,veh4,5,5,0,137.172,1,8.38269,0,-69.4227,27.5536,5,0.04,0.045,0.0354615
juelich_pilot_d30_r5_log_distance_s01_w1,juelich,12345,1,1,log-distance,34,35,veh6,veh5,5,0,1,955.729,0,8.38269,8.12308,nan,nan,0,0.04,0.028,0.0354615
juelich_pilot_d30_r5_log_distance_s01_w1,juelich,12345,1,1,log-distance,34,35,veh6,veh9,5,5,0,188.817,1,8.38269,7.08783,-72.1985,24.7778,5,0.04,0.04,0.0354615
juelich_pilot_d30_r5_log_distance_s01_w1,juelich,12345,1,1,log-distance,34,35,veh7,veh0,5,0,1,777.08,0,12.7508,13.8701,nan,nan,0,0.03,0.05,0.0354615
juelich_pilot_d30_r5_log_distance_s01_w1,juelich,12345,1,1,log-distance,34,35,veh7,veh11,4,0,1,995.505,0,12.7537,7.92917,nan,nan,0,0.03,0.04,0.0354615
juelich_pilot_d30_r5_log_distance_s01_w1,juelich,12345,1,1,log-distance,34,35,veh7,veh2,5,5,0,455.898,1,12.7508,0,-79.8548,17.1215,5,0.03,0.02,0.0354615
juelich_pilot_d30_r5_log_distance_s01_w1,juelich,12345,1,1,log-distance,34,35,veh7,veh3,5,5,0,423.012,1,12.7508,7.1497,-79.2046,17.7717,5,0.03,0.023,0.0354615
juelich_pilot_d30_r5_log_distance_s01_w1,juelich,12345,1,1,log-distance,34,35,veh7,veh4,5,0,1,953.511,0,12.7508,0,nan,nan,0,0.03,0.045,0.0354615
juelich_pilot_d30_r5_log_distance_s01_w1,juelich,12345,1,1,log-distance,34,35,veh7,veh5,5,5,0,429.515,1,12.7508,8.12308,-79.3366,17.6396,5,0.03,0.028,0.0354615
juelich_pilot_d30_r5_log_distance_s01_w1,juelich,12345,1,1,log-distance,34,35,veh7,veh8,5,5,0,174.745,1,12.7508,9.88285,-71.5233,25.453,5,0.03,0.025,0.0354615
juelich_pilot_d30_r5_log_distance_s01_w1,juelich,12345,1,1,log-distance,34,35,veh7,veh9,5,0,1,935.543,0,12.7508,7.08783,nan,nan,0,0.03,0.04,0.0354615
juelich_pilot_d30_r5_log_distance_s01_w1,juelich,12345,1,1,log-distance,34,35,veh8,veh0,5,0,1,866.813,0,9.88285,13.8701,nan,nan,0,0.025,0.05,0.0354615
juelich_pilot_d30_r5_log_distance_s01_w1,juelich,12345,1,1,log-distance,34,35,veh8,veh1,1,0,1,998.566,0,9.85142,7.84947,nan,nan,0,0.025,0.04,0.0354615
juelich_pilot_d30_r5_log_distance_s01_w1,juelich,12345,1,1,log-distance,34,35,veh8,veh11,5,0,1,992.057,0,9.88285,7.92075,nan,nan,0,0.025,0.04,0.0354615
juelich_pilot_d30_r5_log_distance_s01_w1,juelich,12345,1,1,log-distance,34,35,veh8,veh2,5,5,0,364.478,1,9.88285,0,-77.9111,19.0652,5,0.025,0.02,0.0354615
juelich_pilot_d30_r5_log_distance_s01_w1,juelich,12345,1,1,log-distance,34,35,veh8,veh3,5,5,0,341.986,1,9.88285,7.1497,-77.3579,19.6184,5,0.025,0.023,0.0354615
juelich_pilot_d30_r5_log_distance_s01_w1,juelich,12345,1,1,log-distance,34,35,veh8,veh4,5,0,1,997.109,0,9.88285,0,nan,nan,0,0.025,0.045,0.0354615
juelich_pilot_d30_r5_log_distance_s01_w1,juelich,12345,1,1,log-distance,34,35,veh8,veh5,5,0,1,595.367,0,9.88285,8.12308,nan,nan,0,0.025,0.028,0.0354615
juelich_pilot_d30_r5_log_distance_s01_w1,juelich,12345,1,1,log-distance,34,35,veh8,veh7,5,5,0,174.745,1,9.88285,12.7508,-71.5233,25.453,5,0.025,0.03,0.0354615
juelich_pilot_d30_r5_log_distance_s01_w1,juelich,12345,1,1,log-distance,34,35,veh8,veh9,5,0,1,949.668,0,9.88285,7.08783,nan,nan,0,0.025,0.04,0.0354615
juelich_pilot_d30_r5_log_distance_s01_w1,juelich,12345,1,1,log-distance,34,35,veh9,veh0,5,5,0,417.631,1,7.08783,13.8701,-79.0931,17.8832,5,0.04,0.05,0.0354615
juelich_pilot_d30_r5_log_distance_s01_w1,juelich,12345,1,1,log-distance,34,35,veh9,veh1,5,5,0,172.755,1,7.08783,7.82211,-71.4257,25.5506,5,0.04,0.04,0.0354615
juelich_pilot_d30_r5_log_distance_s01_w1,juelich,12345,1,1,log-distance,34,35,veh9,veh10,5,5,0,174.161,1,7.08783,8.29315,-71.4967,25.4796,5,0.04,0.04,0.0354615
juelich_pilot_d30_r5_log_distance_s01_w1,juelich,12345,1,1,log-distance,34,35,veh9,veh11,5,5,0,116.495,1,7.08783,7.92075,-68.0014,28.9749,5,0.04,0.04,0.0354615
juelich_pilot_d30_r5_log_distance_s01_w1,juelich,12345,1,1,log-distance,34,35,veh9,veh12,5,5,0,541.468,0,7.08783,4.30674,-81.3492,15.6271,5,0.04,0.04,0.0354615
juelich_pilot_d30_r5_log_distance_s01_w1,juelich,12345,1,1,log-distance,34,35,veh9,veh4,5,5,0,167.234,1,7.08783,0,-71.1442,25.8321,5,0.04,0.045,0.0354615
juelich_pilot_d30_r5_log_distance_s01_w1,juelich,12345,1,1,log-distance,34,35,veh9,veh5,5,0,1,878.185,0,7.08783,8.12308,nan,nan,0,0.04,0.028,0.0354615
juelich_pilot_d30_r5_log_distance_s01_w1,juelich,12345,1,1,log-distance,34,35,veh9,veh6,5,5,0,188.817,1,7.08783,8.38269,-72.1985,24.7778,5,0.04,0.04,0.0354615
juelich_pilot_d30_r5_log_distance_s01_w1,juelich,12345,1,1,log-distance,34,35,veh9,veh7,5,0,1,935.543,0,7.08783,12.7508,nan,nan,0,0.04,0.03,0.0354615
juelich_pilot_d30_r5_log_distance_s01_w1,juelich,12345,1,1,log-distance,34,35,veh9,veh8,5,0,1,949.668,0,7.08783,9.88285,nan,nan,0,0.04,0.025,0.0354615
juelich_pilot_d30_r5_log_distance_s01_w1,juelich,12345,1,1,log-distance,35,36,veh0,veh1,5,0,1,594.074,0,14.0339,7.80546,nan,nan,0,0.054,0.044,0.0395635
juelich_pilot_d30_r5_log_distance_s01_w1,juelich,12345,1,1,log-distance,35,36,veh0,veh10,5,5,0,450.435,1,14.0339,8.42511,-79.7503,17.226,5,0.054,0.044,0.0395635
juelich_pilot_d30_r5_log_distance_s01_w1,juelich,12345,1,1,log-distance,35,36,veh0,veh11,5,5,0,539.245,0,14.0339,7.88342,-81.3134,15.6629,5,0.054,0.044,0.0395635
juelich_pilot_d30_r5_log_distance_s01_w1,juelich,12345,1,1,log-distance,35,36,veh0,veh12,5,5,0,447.994,1,14.0339,6.30501,-79.7031,17.2732,5,0.054,0.044,0.0395635
juelich_pilot_d30_r5_log_distance_s01_w1,juelich,12345,1,1,log-distance,35,36,veh0,veh13,4,4,0,81.7578,1,14.0376,0.976527,-64.925,32.0513,4,0.054,0.0488889,0.0395635
juelich_pilot_d30_r5_log_distance_s01_w1,juelich,12345,1,1,log-distance,35,36,veh0,veh4,5,5,0,309.037,1,14.0339,0,-76.4775,20.4988,5,0.054,0.049,0.0395635
juelich_pilot_d30_r5_log_distance_s01_w1,juelich,12345,1,1,log-distance,35,36,veh0,veh5,5,5,0,542.659,0,14.0339,8.1641,-81.3682,15.6081,5,0.054,0.034,0.0395635
juelich_pilot_d30_r5_log_distance_s01_w1,juelich,12345,1,1,log-distance,35,36,veh0,veh6,5,5,0,433.185,1,14.0339,8.39098,-79.4111,17.5651,5,0.054,0.044,0.0395635
juelich_pilot_d30_r5_log_distance_s01_w1,juelich,12345,1,1,log-distance,35,36,veh0,veh7,5,0,1,768.163,0,14.0339,12.7929,nan,nan,0,0.054,0.034,0.0395635
juelich_pilot_d30_r5_log_distance_s01_w1,juelich,12345,1,1,log-distance,35,36,veh0,veh8,5,0,1,873.071,0,14.0339,9.91606,nan,nan,0,0.054,0.025,0.0395635
juelich_pilot_d30_r5_log_distance_s01_w1,juelich,12345,1,1,log-distance,35,36,veh0,veh9,5,5,0,433.376,1,14.0339,7.10559,-79.4145,17.5618,5,0.054,0.044,0.0395635
juelich_pilot_d30_r5_log_distance_s01_w1,juelich,12345,1,1,log-distance,35,36,veh1,veh0,5,0,1,594.074,0,7.80546,14.0339,nan,nan,0,0.044,0.054,0.0395635
juelich_pilot_d30_r5_log_distance_s01_w1,juelich,12345,1,1,log-distance,35,36,veh1,veh10,5,5,0,276.404,1,7.80546,8.42511,-75.5086,21.4677,5,0.044,0.044,0.0395635
juelich_pilot_d30_r5_log_distance_s01_w1,juelich,12345,1,1,log-distance,35,36,veh1,veh11,5,5,0,58.7463,1,7.80546,7.88342,-62.0573,34.919,5,0.044,0.044,0.0395635
juelich_pilot_d30_r5_log_distance_s01_w1,juelich,12345,1,1,log-distance,35,36,veh1,veh12,5,0,1,676.837,0,7.80546,6.30501,nan,nan,0,0.044,0.044,0.0395635
juelich_pilot_d30_r5_log_distance_s01_w1,juelich,12345,1,1,log-distance,35,36,veh1,veh13,4,4,0,524.73,0,7.79515,0.976527,-81.0764,15.8999,4,0.044,0.0488889,0.0395635
juelich_pilot_d30_r5_log_distance_s01_w1,juelich,12345,1,1,log-distance,35,36,veh1,veh4,5,5,0,325.348,1,7.80546,0,-76.9245,20.0518,5,0.044,0.049,0.0395635
juelich_pilot_d30_r5_log_distance_s01_w1,juelich,12345,1,1,log-distance,35,36,veh1,veh6,5,5,0,299.563,1,7.80546,8.39098,-76.2075,20.7688,5,0.044,0.044,0.0395635
juelich_pilot_d30_r5_log_distance_s01_w1,juelich,12345,1,1,log-distance,35,36,veh1,veh7,1,0,1,997.7,0,7.84438,12.7865,nan,nan,0,0.044,0.034,0.0395635
juelich_pilot_d30_r5_log_distance_s01_w1,juelich,12345,1,1,log-distance,35,36,veh1,veh8,5,0,1,993.561,0,7.80546,9.91606,nan,nan,0,0.044,0.025,0.0395635
juelich_pilot_d30_r5_log_distance_s01_w1,juelich,12345,1,1,log-distance,35,36,veh1,veh9,5,5,0,164.221,1,7.80546,7.10559,-70.9852,25.9911,5,0.044,0.044,0.0395635
juelich_pilot_d30_r5_log_distance_s01_w1,juelich,12345,1,1,log-distance,35,36,veh10,veh0,5,5,0,450.435,1,8.42511,14.0339,-79.7503,17.226,5,0.044,0.054,0.0395635
juelich_pilot_d30_r5_log_distance_s01_w1,juelich,12345,1,1,log-distance,35,36,veh10,veh1,5,5,0,276.404,1,8.42511,7.80546,-75.5086,21.4677,5,0.044,0.044,0.0395635
juelich_pilot_d30_r5_log_distance_s01_w1,juelich,12345,1,1,log-distance,35,36,veh10,veh11,5,5,0,225.31,1,8.42511,7.88342,-73.7333,23.243,5,0.044,0.044,0.0395635
juelich_pilot_d30_r5_log_distance_s01_w1,juelich,12345,1,1,log-distance,35,36,veh10,veh12,5,5,0,402.806,1,8.42511,6.30501,-78.7796,18.1967,5,0.044,0.044,0.0395635
juelich_pilot_d30_r5_log_distance_s01_w1,juelich,12345,1,1,log-distance,35,36,veh10,veh13,4,4,0,369.255,1,8.453,0.976527,-78.0242,18.9521,4,0.044,0.0488889,0.0395635
juelich_pilot_d30_r5_log_distance_s01_w1,juelich,12345,1,1,log-distance,35,36,veh10,veh4,5,5,0,145.564,1,8.42511,0,-69.9385,27.0378,5,0.044,0.049,0.0395635
juelich_pilot_d30_r5_log_distance_s01_w1,juelich,12345,1,1,log-distance,35,36,veh10,veh5,5,0,1,962.33,0,8.42511,8.1641,nan,nan,0,0.044,0.034,0.0395635
juelich_pilot_d30_r5_log_distance_s01_w1,juelich,12345,1,1,log-distance,35,36,veh10,veh6,5,5,0,25.6068,1,8.42511,8.39098,-54.8448,42.1315,5,0.044,0.044,0.0395635
juelich_pilot_d30_r5_log_distance_s01_w1,juelich,12345,1,1,log-distance,35,36,veh10,veh9,5,5,0,173.805,1,8.42511,7.10559,-71.4789,25.4973,5,0.044,0.044,0.0395635
juelich_pilot_d30_r5_log_distance_s01_w1,juelich,12345,1,1,log-distance,35,36,veh11,veh0,5,5,0,539.245,0,7.88342,14.0339,-81.3134,15.6629,5,0.044,0.054,0.0395635
juelich_pilot_d30_r5_log_distance_s01_w1,juelich,12345,1,1,log-distance,35,36,veh11,veh1,5,5,0,58.7463,1,7.88342,7.80546,-62.0573,34.919,5,0.044,0.044,0.0395635
juelich_pilot_d30_r5_log_distance_s01_w1,juelich,12345,1,1,log-distance,35,36,veh11,veh10,5,5,0,225.31,1,7.88342,8.42511,-73.7333,23.243,5,0.044,0.044,0.0395635
juelich_pilot_d30_r5_log_distance_s01_w1,juelich,12345,1,1,log-distance,35,36,veh11,veh12,5,0,1,622.202,0,7.88342,6.30501,nan,nan,0,0.044,0.044,0.0395635
juelich_pilot_d30_r5_log_distance_s01_w1,juelich,12345,1,1,log-distance,35,36,veh11,veh13,4,4,0,468.429,1,7.89396,0.976527,-80.0905,16.8858,4,0.044,0.0488889,0.0395635
juelich_pilot_d30_r5_log_distance_s01_w1,juelich,12345,1,1,log-distance,35,36,veh11,veh4,5,5,0,266.602,1,7.88342,0,-75.1947,21.7816,5,0.044,0.049,0.0395635
juelich_pilot_d30_r5_log_distance_s01_w1,juelich,12345,1,1,log-distance,35,36,veh11,veh5,5,0,1,968.356,0,7.88342,8.1641,nan,nan,0,0.044,0.034,0.0395635
juelich_pilot_d30_r5_log_distance_s01_w1,juelich,12345,1,1,log-distance,35,36,veh11,veh6,5,5,0,247.173,1,7.88342,8.39098,-74.5377,22.4386,5,0.044,0.044,0.0395635
juelich_pilot_d30_r5_log_distance_s01_w1,juelich,12345,1,1,log-distance,35,36,veh11,veh7,5,0,1,984.189,0,7.88342,12.7929,nan,nan,0,0.044,0.034,0.0395635
juelich_pilot_d30_r5_log_distance_s01_w1,juelich,12345,1,1,log-distance,35,36,veh11,veh8,5,0,1,985.766,0,7.88342,9.91606,nan,nan,0,0.044,0.025,0.0395635
juelich_pilot_d30_r5_log_distance_s01_w1,juelich,12345,1,1,log-distance,35,36,veh11,veh9,5,5,0,106.823,1,7.88342,7.10559,-67.2482,29.7281,5,0.044,0.044,0.0395635
juelich_pilot_d30_r5_log_distance_s01_w1,juelich,12345,1,1,log-distance,35,36,veh12,veh0,5,5,0,447.994,1,6.30501,14.0339,-79.7031,17.2732,5,0.044,0.054,0.0395635
juelich_pilot_d30_r5_log_distance_s01_w1,juelich,12345,1,1,log-distance,35,36,veh12,veh1,5,0,1,676.837,0,6.30501,7.80546,nan,nan,0,0.044,0.044,0.0395635
juelich_pilot_d30_r5_log_distance_s01_w1,juelich,12345,1,1,log-distance,35,36,veh12,veh10,5,5,0,402.806,1,6.30501,8.42511,-78.7796,18.1967,5,0.044,0.044,0.0395635
juelich_pilot_d30_r5_log_distance_s01_w1,juelich,12345,1,1,log-distance,35,36,veh12,veh11,5,0,1,622.202,0,6.30501,7.88342,nan,nan,0,0.044,0.044,0.0395635
juelich_pilot_d30_r5_log_distance_s01_w1,juelich,12345,1,1,log-distance,35,36,veh12,veh13,4,4,0,401.273,1,6.51204,0.976527,-78.7465,18.2298,4,0.044,0.0488889,0.0395635
juelich_pilot_d30_r5_log_distance_s01_w1,juelich,12345,1,1,log-distance,35,36,veh12,veh4,5,5,0,389.628,1,6.30501,0,-78.4907,18.4856,5,0.044,0.049,0.0395635
juelich_pilot_d30_r5_log_distance_s01_w1,juelich,12345,1,1,log-distance,35,36,veh12,veh5,5,0,1,968.146,0,6.30501,8.1641,nan,nan,0,0.044,0.034,0.0395635
juelich_pilot_d30_r5_log_distance_s01_w1,juelich,12345,1,1,log-distance,35,36,veh12,veh6,5,5,0,378.341,1,6.30501,8.39098,-78.2353,18.741,5,0.044,0.044,0.0395635
juelich_pilot_d30_r5_log_distance_s01_w1,juelich,12345,1,1,log-distance,35,36,veh12,veh9,5,5,0,541.812,0,6.30501,7.10559,-81.3547,15.6216,5,0.044,0.044,0.0395635
juelich_pilot_d30_r5_log_distance_s01_w1,juelich,12345,1,1,log-distance,35,36,veh13,veh0,4,4,0,81.7578,1,0.976527,14.0376,-64.925,32.0513,4,0.0488889,0.054,0.0395635
juelich_pilot_d30_r5_log_distance_s01_w1,juelich,12345,1,1,log-distance,35,36,veh13,veh1,4,4,0,524.73,0,0.976527,7.79515,-81.0764,15.8999,4,0.0488889,0.044,0.0395635
juelich_pilot_d30_r5_log_distance_s01_w1,juelich,12345,1,1,log-distance,35,36,veh13,veh10,4,4,0,369.255,1,0.976527,8.453,-78.0242,18.9521,4,0.0488889,0.044,0.0395635
juelich_pilot_d30_r5_log_distance_s01_w1,juelich,12345,1,1,log-distance,35,36,veh13,veh11,4,4,0,468.429,1,0.976527,7.89396,-80.0905,16.8858,4,0.0488889,0.044,0.0395635
juelich_pilot_d30_r5_log_distance_s01_w1,juelich,12345,1,1,log-distance,35,36,veh13,veh12,4,4,0,401.273,1,0.976527,6.51204,-78.7465,18.2298,4,0.0488889,0.044,0.0395635
juelich_pilot_d30_r5_log_distance_s01_w1,juelich,12345,1,1,log-distance,35,36,veh13,veh4,4,4,0,229.469,1,0.976527,0,-73.8922,23.0841,4,0.0488889,0.049,0.0395635
juelich_pilot_d30_r5_log_distance_s01_w1,juelich,12345,1,1,log-distance,35,36,veh13,veh5,4,0,1,616.474,0,0.976527,8.16368,nan,nan,0,0.0488889,0.034,0.0395635
juelich_pilot_d30_r5_log_distance_s01_w1,juelich,12345,1,1,log-distance,35,36,veh13,veh6,4,4,0,351.824,1,0.976527,8.40684,-77.6041,19.3722,4,0.0488889,0.044,0.0395635
juelich_pilot_d30_r5_log_distance_s01_w1,juelich,12345,1,1,log-distance,35,36,veh13,veh7,4,0,1,814.566,0,0.976527,12.7998,nan,nan,0,0.0488889,0.034,0.0395635
juelich_pilot_d30_r5_log_distance_s01_w1,juelich,12345,1,1,log-distance,35,36,veh13,veh8,4,0,1,907.27,0,0.976527,9.90403,nan,nan,0,0.0488889,0.025,0.0395635
juelich_pilot_d30_r5_log_distance_s01_w1,juelich,12345,1,1,log-distance,35,36,veh13,veh9,4,4,0,362.705,1,0.976527,7.09243,-77.8688,19.1075,4,0.0488889,0.044,0.0395635
juelich_pilot_d30_r5_log_distance_s01_w1,juelich,12345,1,1,log-distance,35,36,veh2,veh3,5,5,0,41.2441,1,0,8.91219,-58.9796,37.9967,5,0.02,0.025,0.0395635
juelich_pilot_d30_r5_log_distance_s01_w1,juelich,12345,1,1,log-distance,35,36,veh2,veh5,5,0,1,854.414,0,0,8.1641,nan,nan,0,0.02,0.034,0.0395635
juelich_pilot_d30_r5_log_distance_s01_w1,juelich,12345,1,1,log-distance,35,36,veh2,veh7,5,5,0,468.501,1,0,12.7929,-80.0917,16.8846,5,0.02,0.034,0.0395635
juelich_pilot_d30_r5_log_distance_s01_w1,juelich,12345,1,1,log-distance,35,36,veh2,veh8,5,5,0,367.448,1,0,9.91606,-77.9816,18.9947,5,0.02,0.025,0.0395635
juelich_pilot_d30_r5_log_distance_s01_w1,juelich,12345,1,1,log-distance,35,36,veh3,veh2,5,5,0,41.2441,1,8.91219,0,-58.9796,37.9967,5,0.025,0.02,0.0395635
juelich_pilot_d30_r5_log_distance_s01_w1,juelich,12345,1,1,log-distance,35,36,veh3,veh5,5,0,1,813.634,0,8.91219,8.1641,nan,nan,0,0.025,0.034,0.0395635
juelich_pilot_d30_r5_log_distance_s01_w1,juelich,12345,1,1,log-distance,35,36,veh3,veh7,5,5,0,430.285,1,8.91219,12.7929,-79.3528,17.6235,5,0.025,0.034,0.0395635
juelich_pilot_d30_r5_log_distance_s01_w1,juelich,12345,1,1,log-distance,35,36,veh3,veh8,5,5,0,338.583,1,8.91219,9.91606,-77.2709,19.7054,5,0.025,0.025,0.0395635
juelich_pilot_d30_r5_log_distance_s01_w1,juelich,12345,1,1,log-distance,35,36,veh4,veh0,5,5,0,309.037,1,0,14.0339,-76.4775,20.4988,5,0.049,0.054,0.0395635
juelich_pilot_d30_r5_log_distance_s01_w1,juelich,12345,1,1,log-distance,35,36,veh4,veh1,5,5,0,325.348,1,0,7.80546,-76.9245,20.0518,5,0.049,0.044,0.0395635
juelich_pilot_d30_r5_log_distance_s01_w1,juelich,12345,1,1,log-distance,35,36,veh4,veh10,5,5,0,145.564,1,0,8.42511,-69.9385,27.0378,5,0.049,0.044,0.0395635
juelich_pilot_d30_r5_log_distance_s01_w1,juelich,12345,1,1,log-distance,35,36,veh4,veh11,5,5,0,266.602,1,0,7.88342,-75.1947,21.7816,5,0.049,0.044,0.0395635
juelich_pilot_d30_r5_log_distance_s01_w1,juelich,12345,1,1,log-distance,35,36,veh4,veh12,5,5,0,389.628,1,0,6.30501,-78.4907,18.4856,5,0.049,0.044,0.0395635
juelich_pilot_d30_r5_log_distance_s01_w1,juelich,12345,1,1,log-distance,35,36,veh4,veh13,4,4,0,229.469,1,0,0.976527,-73.8922,23.0841,4,0.049,0.0488889,0.0395635
juelich_pilot_d30_r5_log_distance_s01_w1,juelich,12345,1,1,log-distance,35,36,veh4,veh5,5,0,1,817.282,0,0,8.1641,nan,nan,0,0.049,0.034,0.0395635
juelich_pilot_d30_r5_log_distance_s01_w1,juelich,12345,1,1,log-distance,35,36,veh4,veh6,5,5,0,133.664,1,0,8.39098,-69.1978,27.7785,5,0.049,0.044,0.0395635
juelich_pilot_d30_r5_log_distance_s01_w1,juelich,12345,1,1,log-distance,35,36,veh4,veh7,5,0,1,941.539,0,0,12.7929,nan,nan,0,0.049,0.034,0.0395635
juelich_pilot_d30_r5_log_distance_s01_w1,juelich,12345,1,1,log-distance,35,36,veh4,veh8,5,0,1,994.131,0,0,9.91606,nan,nan,0,0.049,0.025,0.0395635
juelich_pilot_d30_r5_log_distance_s01_w1,juelich,12345,1,1,log-distance,35,36,veh4,veh9,5,5,0,165.984,1,0,7.10559,-71.079,25.8973,5,0.049,0.044,0.0395635
juelich_pilot_d30_r5_log_distance_s01_w1,juelich,12345,1,1,log-distance,35,36,veh5,veh0,5,5,0,542.659,0,8.1641,14.0339,-81.3682,15.6081,5,0.034,0.054,0.0395635
juelich_pilot_d30_r5_log_distance_s01_w1,juelich,12345,1,1,log-distance,35,36,veh5,veh10,5,0,1,962.33,0,8.1641,8.42511,nan,nan,0,0.034,0.044,0.0395635
juelich_pilot_d30_r5_log_distance_s01_w1,juelich,12345,1,1,log-distance,35,36,veh5,veh11,5,0,1,968.356,0,8.1641,7.88342,nan,nan,0,0.034,0.044,0.0395635
juelich_pilot_d30_r5_log_distance_s01_w1,juelich,12345,1,1,log-distance,35,36,veh5,veh12,5,0,1,968.146,0,8.1641,6.30501,nan,nan,0,0.034,0.044,0.0395635
juelich_pilot_d30_r5_log_distance_s01_w1,juelich,12345,1,1,log-distance,35,36,veh5,veh13,4,0,1,616.474,0,8.16368,0.976527,nan,nan,0,0.034,0.0488889,0.0395635
juelich_pilot_d30_r5_log_distance_s01_w1,juelich,12345,1,1,log-distance,35,36,veh5,veh2,5,0,1,854.414,0,8.1641,0,nan,nan,0,0.034,0.02,0.0395635
juelich_pilot_d30_r5_log_distance_s01_w1,juelich,12345,1,1,log-distance,35,36,veh5,veh3,5,0,1,813.634,0,8.1641,8.91219,nan,nan,0,0.034,0.025,0.0395635
juelich_pilot_d30_r5_log_distance_s01_w1,juelich,12345,1,1,log-distance,35,36,veh5,veh4,5,0,1,817.282,0,8.1641,0,nan,nan,0,0.034,0.049,0.0395635
juelich_pilot_d30_r5_log_distance_s01_w1,juelich,12345,1,1,log-distance,35,36,veh5,veh6,5,0,1,950.638,0,8.1641,8.39098,nan,nan,0,0.034,0.044,0.0395635
juelich_pilot_d30_r5_log_distance_s01_w1,juelich,12345,1,1,log-distance,35,36,veh5,veh7,5,5,0,411.8,1,8.1641,12.7929,-78.9708,18.0055,5,0.034,0.034,0.0395635
juelich_pilot_d30_r5_log_distance_s01_w1,juelich,12345,1,1,log-distance,35,36,veh5,veh8,5,0,1,593.635,0,8.1641,9.91606,nan,nan,0,0.034,0.025,0.0395635
juelich_pilot_d30_r5_log_distance_s01_w1,juelich,12345,1,1,log-distance,35,36,veh5,veh9,5,0,1,881.153,0,8.1641,7.10559,nan,nan,0,0.034,0.044,0.0395635
juelich_pilot_d30_r5_log_distance_s01_w1,juelich,12345,1,1,log-distance,35,36,veh6,veh0,5,5,0,433.185,1,8.39098,14.0339,-79.4111,17.5651,5,0.044,0.054,0.0395635
juelich_pilot_d30_r5_log_distance_s01_w1,juelich,12345,1,1,log-distance,35,36,veh6,veh1,5,5,0,299.563,1,8.39098,7.80546,-76.2075,20.7688,5,0.044,0.044,0.0395635
juelich_pilot_d30_r5_log_distance_s01_w1,juelich,12345,1,1,log-distance,35,36,veh6,veh10,5,5,0,25.6068,1,8.39098,8.42511,-54.8448,42.1315,5,0.044,0.044,0.0395635
juelich_pilot_d30_r5_log_distance_s01_w1,juelich,12345,1,1,log-distance,35,36,veh6,veh11,5,5,0,247.173,1,8.39098,7.88342,-74.5377,22.4386,5,0.044,0.044,0.0395635
juelich_pilot_d30_r5_log_distance_s01_w1,juelich,12345,1,1,log-distance,35,36,veh6,veh12,5,5,0,378.341,1,8.39098,6.30501,-78.2353,18.741,5,0.044,0.044,0.0395635
juelich_pilot_d30_r5_log_distance_s01_w1,juelich,12345,1,1,log-distance,35,36,veh6,veh13,4,4,0,351.824,1,8.40684,0.976527,-77.6041,19.3722,4,0.044,0.0488889,0.0395635
juelich_pilot_d30_r5_log_distance_s01_w1,juelich,12345,1,1,log-distance,35,36,veh6,veh4,5,5,0,133.664,1,8.39098,0,-69.1978,27.7785,5,0.044,0.049,0.0395635
juelich_pilot_d30_r5_log_distance_s01_w1,juelich,12345,1,1,log-distance,35,36,veh6,veh5,5,0,1,950.638,0,8.39098,8.1641,nan,nan,0,0.044,0.034,0.0395635
juelich_pilot_d30_r5_log_distance_s01_w1,juelich,12345,1,1,log-distance,35,36,veh6,veh9,5,5,0,187.786,1,8.39098,7.10559,-72.151,24.8253,5,0.044,0.044,0.0395635
juelich_pilot_d30_r5_log_distance_s01_w1,juelich,12345,1,1,log-distance,35,36,veh7,veh0,5,0,1,768.163,0,12.7929,14.0339,nan,nan,0,0.034,0.054,0.0395635
juelich_pilot_d30_r5_log_distance_s01_w1,juelich,12345,1,1,log-distance,35,36,veh7,veh1,1,0,1,997.7,0,12.7865,7.84438,nan,nan,0,0.034,0.044,0.0395635
juelich_pilot_d30_r5_log_distance_s01_w1,juelich,12345,1,1,log-distance,35,36,veh7,veh11,5,0,1,984.189,0,12.7929,7.88342,nan,nan,0,0.034,0.044,0.0395635
juelich_pilot_d30_r5_log_distance_s01_w1,juelich,12345,1,1,log-distance,35,36,veh7,veh13,4,0,1,814.566,0,12.7998,0.976527,nan,nan,0,0.034,0.0488889,0.0395635
juelich_pilot_d30_r5_log_distance_s01_w1,juelich,12345,1,1,log-distance,35,36,veh7,veh2,5,5,0,468.501,1,12.7929,0,-80.0917,16.8846,5,0.034,0.02,0.0395635
juelich_pilot_d30_r5_log_distance_s01_w1,juelich,12345,1,1,log-distance,35,36,veh7,veh3,5,5,0,430.285,1,12.7929,8.91219,-79.3528,17.6235,5,0.034,0.025,0.0395635
juelich_pilot_d30_r5_log_distance_s01_w1,juelich,12345,1,1,log-distance,35,36,veh7,veh4,5,0,1,941.539,0,12.7929,0,nan,nan,0,0.034,0.049,0.0395635
juelich_pilot_d30_r5_log_distance_s01_w1,juelich,12345,1,1,log-distance,35,36,veh7,veh5,5,5,0,411.8,1,12.7929,8.1641,-78.9708,18.0055,5,0.034,0.034,0.0395635
juelich_pilot_d30_r5_log_distance_s01_w1,juelich,12345,1,1,log-distance,35,36,veh7,veh8,5,5,0,189.217,1,12.7929,9.91606,-72.215,24.7613,5,0.034,0.025,0.0395635
juelich_pilot_d30_r5_log_distance_s01_w1,juelich,12345,1,1,log-distance,35,36,veh7,veh9,5,0,1,931.565,0,12.7929,7.10559,nan,nan,0,0.034,0.044,0.0395635
juelich_pilot_d30_r5_log_distance_s01_w1,juelich,12345,1,1,log-distance,35,36,veh8,veh0,5,0,1,873.071,0,9.91606,14.0339,nan,nan,0,0.025,0.054,0.0395635
juelich_pilot_d30_r5_log_distance_s01_w1,juelich,12345,1,1,log-distance,35,36,veh8,veh1,5,0,1,993.561,0,9.91606,7.80546,nan,nan,0,0.025,0.044,0.0395635
juelich_pilot_d30_r5_log_distance_s01_w1,juelich,12345,1,1,log-distance,35,36,veh8,veh11,5,0,1,985.766,0,9.91606,7.88342,nan,nan,0,0.025,0.044,0.0395635
juelich_pilot_d30_r5_log_distance_s01_w1,juelich,12345,1,1,log-distance,35,36,veh8,veh13,4,0,1,907.27,0,9.90403,0.976527,nan,nan,0,0.025,0.0488889,0.0395635
juelich_pilot_d30_r5_log_distance_s01_w1,juelich,12345,1,1,log-distance,35,36,veh8,veh2,5,5,0,367.448,1,9.91606,0,-77.9816,18.9947,5,0.025,0.02,0.0395635
juelich_pilot_d30_r5_log_distance_s01_w1,juelich,12345,1,1,log-distance,35,36,veh8,veh3,5,5,0,338.583,1,9.91606,8.91219,-77.2709,19.7054,5,0.025,0.025,0.0395635
juelich_pilot_d30_r5_log_distance_s01_w1,juelich,12345,1,1,log-distance,35,36,veh8,veh4,5,0,1,994.131,0,9.91606,0,nan,nan,0,0.025,0.049,0.0395635
juelich_pilot_d30_r5_log_distance_s01_w1,juelich,12345,1,1,log-distance,35,36,veh8,veh5,5,0,1,593.635,0,9.91606,8.1641,nan,nan,0,0.025,0.034,0.0395635
juelich_pilot_d30_r5_log_distance_s01_w1,juelich,12345,1,1,log-distance,35,36,veh8,veh7,5,5,0,189.217,1,9.91606,12.7929,-72.215,24.7613,5,0.025,0.034,0.0395635
juelich_pilot_d30_r5_log_distance_s01_w1,juelich,12345,1,1,log-distance,35,36,veh8,veh9,5,0,1,952.286,0,9.91606,7.10559,nan,nan,0,0.025,0.044,0.0395635
juelich_pilot_d30_r5_log_distance_s01_w1,juelich,12345,1,1,log-distance,35,36,veh9,veh0,5,5,0,433.376,1,7.10559,14.0339,-79.4145,17.5618,5,0.044,0.054,0.0395635
juelich_pilot_d30_r5_log_distance_s01_w1,juelich,12345,1,1,log-distance,35,36,veh9,veh1,5,5,0,164.221,1,7.10559,7.80546,-70.9852,25.9911,5,0.044,0.044,0.0395635
juelich_pilot_d30_r5_log_distance_s01_w1,juelich,12345,1,1,log-distance,35,36,veh9,veh10,5,5,0,173.805,1,7.10559,8.42511,-71.4789,25.4973,5,0.044,0.044,0.0395635
juelich_pilot_d30_r5_log_distance_s01_w1,juelich,12345,1,1,log-distance,35,36,veh9,veh11,5,5,0,106.823,1,7.10559,7.88342,-67.2482,29.7281,5,0.044,0.044,0.0395635
juelich_pilot_d30_r5_log_distance_s01_w1,juelich,12345,1,1,log-distance,35,36,veh9,veh12,5,5,0,541.812,0,7.10559,6.30501,-81.3547,15.6216,5,0.044,0.044,0.0395635
juelich_pilot_d30_r5_log_distance_s01_w1,juelich,12345,1,1,log-distance,35,36,veh9,veh13,4,4,0,362.705,1,7.09243,0.976527,-77.8688,19.1075,4,0.044,0.0488889,0.0395635
juelich_pilot_d30_r5_log_distance_s01_w1,juelich,12345,1,1,log-distance,35,36,veh9,veh4,5,5,0,165.984,1,7.10559,0,-71.079,25.8973,5,0.044,0.049,0.0395635
juelich_pilot_d30_r5_log_distance_s01_w1,juelich,12345,1,1,log-distance,35,36,veh9,veh5,5,0,1,881.153,0,7.10559,8.1641,nan,nan,0,0.044,0.034,0.0395635
juelich_pilot_d30_r5_log_distance_s01_w1,juelich,12345,1,1,log-distance,35,36,veh9,veh6,5,5,0,187.786,1,7.10559,8.39098,-72.151,24.8253,5,0.044,0.044,0.0395635
juelich_pilot_d30_r5_log_distance_s01_w1,juelich,12345,1,1,log-distance,35,36,veh9,veh7,5,0,1,931.565,0,7.10559,12.7929,nan,nan,0,0.044,0.034,0.0395635
juelich_pilot_d30_r5_log_distance_s01_w1,juelich,12345,1,1,log-distance,35,36,veh9,veh8,5,0,1,952.286,0,7.10559,9.91606,nan,nan,0,0.044,0.025,0.0395635
juelich_pilot_d30_r5_log_distance_s01_w1,juelich,12345,1,1,log-distance,36,37,veh0,veh1,5,0,1,600.311,0,14.0329,7.78733,nan,nan,0,0.055,0.045,0.0407143
juelich_pilot_d30_r5_log_distance_s01_w1,juelich,12345,1,1,log-distance,36,37,veh0,veh10,5,5,0,455.183,1,14.0329,8.63519,-79.8414,17.1349,5,0.055,0.045,0.0407143
juelich_pilot_d30_r5_log_distance_s01_w1,juelich,12345,1,1,log-distance,36,37,veh0,veh11,5,5,0,545.386,0,14.0329,7.85068,-81.4117,15.5646,5,0.055,0.045,0.0407143
juelich_pilot_d30_r5_log_distance_s01_w1,juelich,12345,1,1,log-distance,36,37,veh0,veh12,5,5,0,454.569,1,14.0329,8.13527,-79.8296,17.1467,5,0.055,0.045,0.0407143
juelich_pilot_d30_r5_log_distance_s01_w1,juelich,12345,1,1,log-distance,36,37,veh0,veh13,5,5,0,92.7365,1,14.0329,2.92235,-66.0154,30.9609,5,0.055,0.055,0.0407143
juelich_pilot_d30_r5_log_distance_s01_w1,juelich,12345,1,1,log-distance,36,37,veh0,veh4,5,5,0,320.546,1,14.0329,0,-76.795,20.1813,5,0.055,0.05,0.0407143
juelich_pilot_d30_r5_log_distance_s01_w1,juelich,12345,1,1,log-distance,36,37,veh0,veh5,5,5,0,536.017,0,14.0329,8.14596,-81.2612,15.7151,5,0.055,0.035,0.0407143
juelich_pilot_d30_r5_log_distance_s01_w1,juelich,12345,1,1,log-distance,36,37,veh0,veh6,5,5,0,437.925,1,14.0329,8.37593,-79.5056,17.4706,5,0.055,0.045,0.0407143
juelich_pilot_d30_r5_log_distance_s01_w1,juelich,12345,1,1,log-distance,36,37,veh0,veh7,5,0,1,757.978,0,14.0329,12.8103,nan,nan,0,0.055,0.035,0.0407143
juelich_pilot_d30_r5_log_distance_s01_w1,juelich,12345,1,1,log-distance,36,37,veh0,veh8,5,0,1,878.545,0,14.0329,9.89383,nan,nan,0,0.055,0.025,0.0407143
juelich_pilot_d30_r5_log_distance_s01_w1,juelich,12345,1,1,log-distance,36,37,veh0,veh9,5,5,0,449.649,1,14.0329,7.11452,-79.7347,17.2416,5,0.055,0.045,0.0407143
juelich_pilot_d30_r5_log_distance_s01_w1,juelich,12345,1,1,log-distance,36,37,veh1,veh0,5,0,1,600.311,0,7.78733,14.0329,nan,nan,0,0.045,0.055,0.0407143
juelich_pilot_d30_r5_log_distance_s01_w1,juelich,12345,1,1,log-distance,36,37,veh1,veh10,5,5,0,277.197,1,7.78733,8.63519,-75.5335,21.4428,5,0.045,0.045,0.0407143
juelich_pilot_d30_r5_log_distance_s01_w1,juelich,12345,1,1,log-distance,36,37,veh1,veh11,5,5,0,58.8463,1,7.78733,7.85068,-62.0721,34.9042,5,0.045,0.045,0.0407143
juelich_pilot_d30_r5_log_distance_s01_w1,juelich,12345,1,1,log-distance,36,37,veh1,veh12,5,0,1,673.903,0,7.78733,8.13527,nan,nan,0,0.045,0.045,0.0407143
juelich_pilot_d30_r5_log_distance_s01_w1,juelich,12345,1,1,log-distance,36,37,veh1,veh13,5,5,0,517.47,0,7.78733,2.92235,-80.9553,16.021,5,0.045,0.055,0.0407143
juelich_pilot_d30_r5_log_distance_s01_w1,juelich,12345,1,1,log-distance,36,37,veh1,veh4,5,5,0,317.575,1,7.78733,0,-76.7144,20.2619,5,0.045,0.05,0.0407143
juelich_pilot_d30_r5_log_distance_s01_w1,juelich,12345,1,1,log-distance,36,37,veh1,veh5,4,0,1,995.949,0,7.79698,8.14643,nan,nan,0,0.045,0.035,0.0407143
juelich_pilot_d30_r5_log_distance_s01_w1,juelich,12345,1,1,log-distance,36,37,veh1,veh6,5,5,0,300.175,1,7.78733,8.37593,-76.2252,20.7511,5,0.045,0.045,0.0407143
juelich_pilot_d30_r5_log_distance_s01_w1,juelich,12345,1,1,log-distance,36,37,veh1,veh7,5,0,1,989.761,0,7.78733,12.8103,nan,nan,0,0.045,0.035,0.0407143
juelich_pilot_d30_r5_log_distance_s01_w1,juelich,12345,1,1,log-distance,36,37,veh1,veh8,5,0,1,986.53,0,7.78733,9.89383,nan,nan,0,0.045,0.025,0.0407143
juelich_pilot_d30_r5_log_distance_s01_w1,juelich,12345,1,1,log-distance,36,37,veh1,veh9,5,5,0,155.336,1,7.78733,7.11452,-70.502,26.4743,5,0.045,0.045,0.0407143
juelich_pilot_d30_r5_log_distance_s01_w1,juelich,12345,1,1,log-distance,36,37,veh10,veh0,5,5,0,455.183,1,8.63519,14.0329,-79.8414,17.1349,5,0.045,0.055,0.0407143
juelich_pilot_d30_r5_log_distance_s01_w1,juelich,12345,1,1,log-distance,36,37,veh10,veh1,5,5,0,277.197,1,8.63519,7.78733,-75.5335,21.4428,5,0.045,0.045,0.0407143
juelich_pilot_d30_r5_log_distance_s01_w1,juelich,12345,1,1,log-distance,36,37,veh10,veh11,5,5,0,225.939,1,8.63519,7.85068,-73.7575,23.2188,5,0.045,0.045,0.0407143
juelich_pilot_d30_r5_log_distance_s01_w1,juelich,12345,1,1,log-distance,36,37,veh10,veh12,5,5,0,398.487,1,8.63519,8.13527,-78.6859,18.2903,5,0.045,0.045,0.0407143
juelich_pilot_d30_r5_log_distance_s01_w1,juelich,12345,1,1,log-distance,36,37,veh10,veh13,5,5,0,362.503,1,8.63519,2.92235,-77.8637,19.1125,5,0.045,0.055,0.0407143
juelich_pilot_d30_r5_log_distance_s01_w1,juelich,12345,1,1,log-distance,36,37,veh10,veh4,5,5,0,141.223,1,8.63519,0,-69.6755,27.3008,5,0.045,0.05,0.0407143
juelich_pilot_d30_r5_log_distance_s01_w1,juelich,12345,1,1,log-distance,36,37,veh10,veh5,5,0,1,954.647,0,8.63519,8.14596,nan,nan,0,0.045,0.035,0.0407143
juelich_pilot_d30_r5_log_distance_s01_w1,juelich,12345,1,1,log-distance,36,37,veh10,veh6,5,5,0,25.408,1,8.63519,8.37593,-54.7771,42.1992,5,0.045,0.045,0.0407143
juelich_pilot_d30_r5_log_distance_s01_w1,juelich,12345,1,1,log-distance,36,37,veh10,veh9,5,5,0,172.333,1,8.63519,7.11452,-71.4051,25.5712,5,0.045,0.045,0.0407143
juelich_pilot_d30_r5_log_distance_s01_w1,juelich,12345,1,1,log-distance,36,37,veh11,veh0,5,5,0,545.386,0,7.85068,14.0329,-81.4117,15.5646,5,0.045,0.055,0.0407143
juelich_pilot_d30_r5_log_distance_s01_w1,juelich,12345,1,1,log-distance,36,37,veh11,veh1,5,5,0,58.8463,1,7.85068,7.78733,-62.0721,34.9042,5,0.045,0.045,0.0407143
juelich_pilot_d30_r5_log_distance_s01_w1,juelich,12345,1,1,log-distance,36,37,veh11,veh10,5,5,0,225.939,1,7.85068,8.63519,-73.7575,23.2188,5,0.045,0.045,0.0407143
juelich_pilot_d30_r5_log_distance_s01_w1,juelich,12345,1,1,log-distance,36,37,veh11,veh12,5,0,1,619.444,0,7.85068,8.13527,nan,nan,0,0.045,0.045,0.0407143
juelich_pilot_d30_r5_log_distance_s01_w1,juelich,12345,1,1,log-distance,36,37,veh11,veh13,5,5,0,461.1,1,7.85068,2.92235,-79.9535,17.0228,5,0.045,0.055,0.0407143
juelich_pilot_d30_r5_log_distance_s01_w1,juelich,12345,1,1,log-distance,36,37,veh11,veh4,5,5,0,258.729,1,7.85068,0,-74.9343,22.042,5,0.045,0.05,0.0407143
juelich_pilot_d30_r5_log_distance_s01_w1,juelich,12345,1,1,log-distance,36,37,veh11,veh5,5,0,1,957.847,0,7.85068,8.14596,nan,nan,0,0.045,0.035,0.0407143
juelich_pilot_d30_r5_log_distance_s01_w1,juelich,12345,1,1,log-distance,36,37,veh11,veh6,5,5,0,247.639,1,7.85068,8.37593,-74.5541,22.4222,5,0.045,0.045,0.0407143
juelich_pilot_d30_r5_log_distance_s01_w1,juelich,12345,1,1,log-distance,36,37,veh11,veh7,5,0,1,971.109,0,7.85068,12.8103,nan,nan,0,0.045,0.035,0.0407143
juelich_pilot_d30_r5_log_distance_s01_w1,juelich,12345,1,1,log-distance,36,37,veh11,veh8,5,0,1,979.754,0,7.85068,9.89383,nan,nan,0,0.045,0.025,0.0407143
juelich_pilot_d30_r5_log_distance_s01_w1,juelich,12345,1,1,log-distance,36,37,veh11,veh9,5,5,0,97.3767,1,7.85068,7.11452,-66.4436,30.5327,5,0.045,0.045,0.0407143
juelich_pilot_d30_r5_log_distance_s01_w1,juelich,12345,1,1,log-distance,36,37,veh12,veh0,5,5,0,454.569,1,8.13527,14.0329,-79.8296,17.1467,5,0.045,0.055,0.0407143
juelich_pilot_d30_r5_log_distance_s01_w1,juelich,12345,1,1,log-distance,36,37,veh12,veh1,5,0,1,673.903,0,8.13527,7.78733,nan,nan,0,0.045,0.045,0.0407143
juelich_pilot_d30_r5_log_distance_s01_w1,juelich,12345,1,1,log-distance,36,37,veh12,veh10,5,5,0,398.487,1,8.13527,8.63519,-78.6859,18.2903,5,0.045,0.045,0.0407143
juelich_pilot_d30_r5_log_distance_s01_w1,juelich,12345,1,1,log-distance,36,37,veh12,veh11,5,0,1,619.444,0,8.13527,7.85068,nan,nan,0,0.045,0.045,0.0407143
juelich_pilot_d30_r5_log_distance_s01_w1,juelich,12345,1,1,log-distance,36,37,veh12,veh13,5,5,0,406.206,1,8.13527,2.92235,-78.8526,18.1237,5,0.045,0.055,0.0407143
juelich_pilot_d30_r5_log_distance_s01_w1,juelich,12345,1,1,log-distance,36,37,veh12,veh4,5,5,0,395.497,1,8.13527,0,-78.6205,18.3558,5,0.045,0.05,0.0407143
juelich_pilot_d30_r5_log_distance_s01_w1,juelich,12345,1,1,log-distance,36,37,veh12,veh5,5,0,1,974.627,0,8.13527,8.14596,nan,nan,0,0.045,0.035,0.0407143
juelich_pilot_d30_r5_log_distance_s01_w1,juelich,12345,1,1,log-distance,36,37,veh12,veh6,5,5,0,374.392,1,8.13527,8.37593,-78.1442,18.8321,5,0.045,0.045,0.0407143
juelich_pilot_d30_r5_log_distance_s01_w1,juelich,12345,1,1,log-distance,36,37,veh12,veh9,5,5,0,543.539,0,8.13527,7.11452,-81.3823,15.594,5,0.045,0.045,0.0407143
juelich_pilot_d30_r5_log_distance_s01_w1,juelich,12345,1,1,log-distance,36,37,veh13,veh0,5,5,0,92.7365,1,2.92235,14.0329,-66.0154,30.9609,5,0.055,0.055,0.0407143
juelich_pilot_d30_r5_log_distance_s01_w1,juelich,12345,1,1,log-distance,36,37,veh13,veh1,5,5,0,517.47,0,2.92235,7.78733,-80.9553,16.021,5,0.055,0.045,0.0407143
juelich_pilot_d30_r5_log_distance_s01_w1,juelich,12345,1,1,log-distance,36,37,veh13,veh10,5,5,0,362.503,1,2.92235,8.63519,-77.8637,19.1125,5,0.055,0.045,0.0407143
juelich_pilot_d30_r5_log_distance_s01_w1,juelich,12345,1,1,log-distance,36,37,veh13,veh11,5,5,0,461.1,1,2.92235,7.85068,-79.9535,17.0228,5,0.055,0.045,0.0407143
juelich_pilot_d30_r5_log_distance_s01_w1,juelich,12345,1,1,log-distance,36,37,veh13,veh12,5,5,0,406.206,1,2.92235,8.13527,-78.8526,18.1237,5,0.055,0.045,0.0407143
juelich_pilot_d30_r5_log_distance_s01_w1,juelich,12345,1,1,log-distance,36,37,veh13,veh4,5,5,0,228.297,1,2.92235,0,-73.8477,23.1286,5,0.055,0.05,0.0407143
juelich_pilot_d30_r5_log_distance_s01_w1,juelich,12345,1,1,log-distance,36,37,veh13,veh5,5,0,1,615.98,0,2.92235,8.14596,nan,nan,0,0.055,0.035,0.0407143
juelich_pilot_d30_r5_log_distance_s01_w1,juelich,12345,1,1,log-distance,36,37,veh13,veh6,5,5,0,345.475,1,2.92235,8.37593,-77.4459,19.5304,5,0.055,0.045,0.0407143
juelich_pilot_d30_r5_log_distance_s01_w1,juelich,12345,1,1,log-distance,36,37,veh13,veh7,5,0,1,804.919,0,2.92235,12.8103,nan,nan,0,0.055,0.035,0.0407143
juelich_pilot_d30_r5_log_distance_s01_w1,juelich,12345,1,1,log-distance,36,37,veh13,veh8,5,0,1,908.405,0,2.92235,9.89383,nan,nan,0,0.055,0.025,0.0407143
juelich_pilot_d30_r5_log_distance_s01_w1,juelich,12345,1,1,log-distance,36,37,veh13,veh9,5,5,0,364.225,1,2.92235,7.11452,-77.9051,19.0712,5,0.055,0.045,0.0407143
juelich_pilot_d30_r5_log_distance_s01_w1,juelich,12345,1,1,log-distance,36,37,veh2,veh3,5,5,0,48.7591,1,0,10.7253,-60.4235,36.5528,5,0.02,0.025,0.0407143
juelich_pilot_d30_r5_log_distance_s01_w1,juelich,12345,1,1,log-distance,36,37,veh2,veh5,5,0,1,848.836,0,0,8.14596,nan,nan,0,0.02,0.035,0.0407143
juelich_pilot_d30_r5_log_distance_s01_w1,juelich,12345,1,1,log-distance,36,37,veh2,veh7,5,5,0,480.917,1,0,12.8103,-80.3189,16.6574,5,0.02,0.035,0.0407143
juelich_pilot_d30_r5_log_distance_s01_w1,juelich,12345,1,1,log-distance,36,37,veh2,veh8,5,5,0,370.652,1,0,9.89383,-78.057,18.9193,5,0.02,0.025,0.0407143
juelich_pilot_d30_r5_log_distance_s01_w1,juelich,12345,1,1,log-distance,36,37,veh3,veh2,5,5,0,48.7591,1,10.7253,0,-60.4235,36.5528,5,0.025,0.02,0.0407143
juelich_pilot_d30_r5_log_distance_s01_w1,juelich,12345,1,1,log-distance,36,37,veh3,veh5,5,0,1,800.09,0,10.7253,8.14596,nan,nan,0,0.025,0.035,0.0407143
juelich_pilot_d30_r5_log_distance_s01_w1,juelich,12345,1,1,log-distance,36,37,veh3,veh7,5,5,0,433.727,1,10.7253,12.8103,-79.422,17.5543,5,0.025,0.035,0.0407143
juelich_pilot_d30_r5_log_distance_s01_w1,juelich,12345,1,1,log-distance,36,37,veh3,veh8,5,5,0,333.067,1,10.7253,9.89383,-77.1282,19.8481,5,0.025,0.025,0.0407143
juelich_pilot_d30_r5_log_distance_s01_w1,juelich,12345,1,1,log-distance,36,37,veh4,veh0,5,5,0,320.546,1,0,14.0329,-76.795,20.1813,5,0.05,0.055,0.0407143
juelich_pilot_d30_r5_log_distance_s01_w1,juelich,12345,1,1,log-distance,36,37,veh4,veh1,5,5,0,317.575,1,0,7.78733,-76.7144,20.2619,5,0.05,0.045,0.0407143
juelich_pilot_d30_r5_log_distance_s01_w1,juelich,12345,1,1,log-distance,36,37,veh4,veh10,5,5,0,141.223,1,0,8.63519,-69.6755,27.3008,5,0.05,0.045,0.0407143
juelich_pilot_d30_r5_log_distance_s01_w1,juelich,12345,1,1,log-distance,36,37,veh4,veh11,5,5,0,258.729,1,0,7.85068,-74.9343,22.042,5,0.05,0.045,0.0407143
juelich_pilot_d30_r5_log_distance_s01_w1,juelich,12345,1,1,log-distance,36,37,veh4,veh12,5,5,0,395.497,1,0,8.13527,-78.6205,18.3558,5,0.05,0.045,0.0407143
juelich_pilot_d30_r5_log_distance_s01_w1,juelich,12345,1,1,log-distance,36,37,veh4,veh13,5,5,0,228.297,1,0,2.92235,-73.8477,23.1286,5,0.05,0.055,0.0407143
juelich_pilot_d30_r5_log_distance_s01_w1,juelich,12345,1,1,log-distance,36,37,veh4,veh5,5,0,1,813.572,0,0,8.14596,nan,nan,0,0.05,0.035,0.0407143
juelich_pilot_d30_r5_log_distance_s01_w1,juelich,12345,1,1,log-distance,36,37,veh4,veh6,5,5,0,130.666,1,0,8.37593,-69.0008,27.9755,5,0.05,0.045,0.0407143
juelich_pilot_d30_r5_log_distance_s01_w1,juelich,12345,1,1,log-distance,36,37,veh4,veh7,5,0,1,929.273,0,0,12.8103,nan,nan,0,0.05,0.035,0.0407143
juelich_pilot_d30_r5_log_distance_s01_w1,juelich,12345,1,1,log-distance,36,37,veh4,veh8,5,0,1,991.249,0,0,9.89383,nan,nan,0,0.05,0.025,0.0407143
juelich_pilot_d30_r5_log_distance_s01_w1,juelich,12345,1,1,log-distance,36,37,veh4,veh9,5,5,0,165.032,1,0,7.11452,-71.029,25.9473,5,0.05,0.045,0.0407143
juelich_pilot_d30_r5_log_distance_s01_w1,juelich,12345,1,1,log-distance,36,37,veh5,veh0,5,5,0,536.017,0,8.14596,14.0329,-81.2612,15.7151,5,0.035,0.055,0.0407143
juelich_pilot_d30_r5_log_distance_s01_w1,juelich,12345,1,1,log-distance,36,37,veh5,veh1,4,0,1,995.949,0,8.14643,7.79698,nan,nan,0,0.035,0.045,0.0407143
juelich_pilot_d30_r5_log_distance_s01_w1,juelich,12345,1,1,log-distance,36,37,veh5,veh10,5,0,1,954.647,0,8.14596,8.63519,nan,nan,0,0.035,0.045,0.0407143
juelich_pilot_d30_r5_log_distance_s01_w1,juelich,12345,1,1,log-distance,36,37,veh5,veh11,5,0,1,957.847,0,8.14596,7.85068,nan,nan,0,0.035,0.045,0.0407143
juelich_pilot_d30_r5_log_distance_s01_w1,juelich,12345,1,1,log-distance,36,37,veh5,veh12,5,0,1,974.627,0,8.14596,8.13527,nan,nan,0,0.035,0.045,0.0407143
juelich_pilot_d30_r5_log_distance_s01_w1,juelich,12345,1,1,log-distance,36,37,veh5,veh13,5,0,1,615.98,0,8.14596,2.92235,nan,nan,0,0.035,0.055,0.0407143
juelich_pilot_d30_r5_log_distance_s01_w1,juelich,12345,1,1,log-distance,36,37,veh5,veh2,5,0,1,848.836,0,8.14596,0,nan,nan,0,0.035,0.02,0.0407143
juelich_pilot_d30_r5_log_distance_s01_w1,juelich,12345,1,1,log-distance,36,37,veh5,veh3,5,0,1,800.09,0,8.14596,10.7253,nan,nan,0,0.035,0.025,0.0407143
juelich_pilot_d30_r5_log_distance_s01_w1,juelich,12345,1,1,log-distance,36,37,veh5,veh4,5,0,1,813.572,0,8.14596,0,nan,nan,0,0.035,0.05,0.0407143
juelich_pilot_d30_r5_log_distance_s01_w1,juelich,12345,1,1,log-distance,36,37,veh5,veh6,5,0,1,943.383,0,8.14596,8.37593,nan,nan,0,0.035,0.045,0.0407143
juelich_pilot_d30_r5_log_distance_s01_w1,juelich,12345,1,1,log-distance,36,37,veh5,veh7,5,5,0,395.494,1,8.14596,12.8103,-78.62,18.3563,5,0.035,0.035,0.0407143
juelich_pilot_d30_r5_log_distance_s01_w1,juelich,12345,1,1,log-distance,36,37,veh5,veh8,5,0,1,592.41,0,8.14596,9.89383,nan,nan,0,0.035,0.025,0.0407143
juelich_pilot_d30_r5_log_distance_s01_w1,juelich,12345,1,1,log-distance,36,37,veh5,veh9,5,0,1,881.937,0,8.14596,7.11452,nan,nan,0,0.035,0.045,0.0407143
juelich_pilot_d30_r5_log_distance_s01_w1,juelich,12345,1,1,log-distance,36,37,veh6,veh0,5,5,0,437.925,1,8.37593,14.0329,-79.5056,17.4706,5,0.045,0.055,0.0407143
juelich_pilot_d30_r5_log_distance_s01_w1,juelich,12345,1,1,log-distance,36,37,veh6,veh1,5,5,0,300.175,1,8.37593,7.78733,-76.2252,20.7511,5,0.045,0.045,0.0407143
juelich_pilot_d30_r5_log_distance_s01_w1,juelich,12345,1,1,log-distance,36,37,veh6,veh10,5,5,0,25.408,1,8.37593,8.63519,-54.7771,42.1992,5,0.045,0.045,0.0407143
juelich_pilot_d30_r5_log_distance_s01_w1,juelich,12345,1,1,log-distance,36,37,veh6,veh11,5,5,0,247.639,1,8.37593,7.85068,-74.5541,22.4222,5,0.045,0.045,0.0407143
juelich_pilot_d30_r5_log_distance_s01_w1,juelich,12345,1,1,log-distance,36,37,veh6,veh12,5,5,0,374.392,1,8.37593,8.13527,-78.1442,18.8321,5,0.045,0.045,0.0407143
juelich_pilot_d30_r5_log_distance_s01_w1,juelich,12345,1,1,log-distance,36,37,veh6,veh13,5,5,0,345.475,1,8.37593,2.92235,-77.4459,19.5304,5,0.045,0.055,0.0407143
juelich_pilot_d30_r5_log_distance_s01_w1,juelich,12345,1,1,log-distance,36,37,veh6,veh4,5,5,0,130.666,1,8.37593,0,-69.0008,27.9755,5,0.045,0.05,0.0407143
juelich_pilot_d30_r5_log_distance_s01_w1,juelich,12345,1,1,log-distance,36,37,veh6,veh5,5,0,1,943.383,0,8.37593,8.14596,nan,nan,0,0.045,0.035,0.0407143
juelich_pilot_d30_r5_log_distance_s01_w1,juelich,12345,1,1,log-distance,36,37,veh6,veh9,5,5,0,187.47,1,8.37593,7.11452,-72.1363,24.8399,5,0.045,0.045,0.0407143
juelich_pilot_d30_r5_log_distance_s01_w1,juelich,12345,1,1,log-distance,36,37,veh7,veh0,5,0,1,757.978,0,12.8103,14.0329,nan,nan,0,0.035,0.055,0.0407143
juelich_pilot_d30_r5_log_distance_s01_w1,juelich,12345,1,1,log-distance,36,37,veh7,veh1,5,0,1,989.761,0,12.8103,7.78733,nan,nan,0,0.035,0.045,0.0407143
juelich_pilot_d30_r5_log_distance_s01_w1,juelich,12345,1,1,log-distance,36,37,veh7,veh11,5,0,1,971.109,0,12.8103,7.85068,nan,nan,0,0.035,0.045,0.0407143
juelich_pilot_d30_r5_log_distance_s01_w1,juelich,12345,1,1,log-distance,36,37,veh7,veh13,5,0,1,804.919,0,12.8103,2.92235,nan,nan,0,0.035,0.055,0.0407143
juelich_pilot_d30_r5_log_distance_s01_w1,juelich,12345,1,1,log-distance,36,37,veh7,veh2,5,5,0,480.917,1,12.8103,0,-80.3189,16.6574,5,0.035,0.02,0.0407143
juelich_pilot_d30_r5_log_distance_s01_w1,juelich,12345,1,1,log-distance,36,37,veh7,veh3,5,5,0,433.727,1,12.8103,10.7253,-79.422,17.5543,5,0.035,0.025,0.0407143
juelich_pilot_d30_r5_log_distance_s01_w1,juelich,12345,1,1,log-distance,36,37,veh7,veh4,5,0,1,929.273,0,12.8103,0,nan,nan,0,0.035,0.05,0.0407143
juelich_pilot_d30_r5_log_distance_s01_w1,juelich,12345,1,1,log-distance,36,37,veh7,veh5,5,5,0,395.494,1,12.8103,8.14596,-78.62,18.3563,5,0.035,0.035,0.0407143
juelich_pilot_d30_r5_log_distance_s01_w1,juelich,12345,1,1,log-distance,36,37,veh7,veh8,5,5,0,202.985,1,12.8103,9.89383,-72.8255,24.1508,5,0.035,0.025,0.0407143
juelich_pilot_d30_r5_log_distance_s01_w1,juelich,12345,1,1,log-distance,36,37,veh7,veh9,5,0,1,927.141,0,12.8103,7.11452,nan,nan,0,0.035,0.045,0.0407143
juelich_pilot_d30_r5_log_distance_s01_w1,juelich,12345,1,1,log-distance,36,37,veh8,veh0,5,0,1,878.545,0,9.89383,14.0329,nan,nan,0,0.025,0.055,0.0407143
juelich_pilot_d30_r5_log_distance_s01_w1,juelich,12345,1,1,log-distance,36,37,veh8,veh1,5,0,1,986.53,0,9.89383,7.78733,nan,nan,0,0.025,0.045,0.0407143
juelich_pilot_d30_r5_log_distance_s01_w1,juelich,12345,1,1,log-distance,36,37,veh8,veh11,5,0,1,979.754,0,9.89383,7.85068,nan,nan,0,0.025,0.045,0.0407143
juelich_pilot_d30_r5_log_distance_s01_w1,juelich,12345,1,1,log-distance,36,37,veh8,veh13,5,0,1,908.405,0,9.89383,2.92235,nan,nan,0,0.025,0.055,0.0407143
juelich_pilot_d30_r5_log_distance_s01_w1,juelich,12345,1,1,log-distance,36,37,veh8,veh2,5,5,0,370.652,1,9.89383,0,-78.057,18.9193,5,0.025,0.02,0.0407143
juelich_pilot_d30_r5_log_distance_s01_w1,juelich,12345,1,1,log-distance,36,37,veh8,veh3,5,5,0,333.067,1,9.89383,10.7253,-77.1282,19.8481,5,0.025,0.025,0.0407143
juelich_pilot_d30_r5_log_distance_s01_w1,juelich,12345,1,1,log-distance,36,37,veh8,veh4,5,0,1,991.249,0,9.89383,0,nan,nan,0,0.025,0.05,0.0407143
juelich_pilot_d30_r5_log_distance_s01_w1,juelich,12345,1,1,log-distance,36,37,veh8,veh5,5,0,1,592.41,0,9.89383,8.14596,nan,nan,0,0.025,0.035,0.0407143
juelich_pilot_d30_r5_log_distance_s01_w1,juelich,12345,1,1,log-distance,36,37,veh8,veh7,5,5,0,202.985,1,9.89383,12.8103,-72.8255,24.1508,5,0.025,0.035,0.0407143
juelich_pilot_d30_r5_log_distance_s01_w1,juelich,12345,1,1,log-distance,36,37,veh8,veh9,5,0,1,954.986,0,9.89383,7.11452,nan,nan,0,0.025,0.045,0.0407143
juelich_pilot_d30_r5_log_distance_s01_w1,juelich,12345,1,1,log-distance,36,37,veh9,veh0,5,5,0,449.649,1,7.11452,14.0329,-79.7347,17.2416,5,0.045,0.055,0.0407143
juelich_pilot_d30_r5_log_distance_s01_w1,juelich,12345,1,1,log-distance,36,37,veh9,veh1,5,5,0,155.336,1,7.11452,7.78733,-70.502,26.4743,5,0.045,0.045,0.0407143
juelich_pilot_d30_r5_log_distance_s01_w1,juelich,12345,1,1,log-distance,36,37,veh9,veh10,5,5,0,172.333,1,7.11452,8.63519,-71.4051,25.5712,5,0.045,0.045,0.0407143
juelich_pilot_d30_r5_log_distance_s01_w1,juelich,12345,1,1,log-distance,36,37,veh9,veh11,5,5,0,97.3767,1,7.11452,7.85068,-66.4436,30.5327,5,0.045,0.045,0.0407143
juelich_pilot_d30_r5_log_distance_s01_w1,juelich,12345,1,1,log-distance,36,37,veh9,veh12,5,5,0,543.539,0,7.11452,8.13527,-81.3823,15.594,5,0.045,0.045,0.0407143
juelich_pilot_d30_r5_log_distance_s01_w1,juelich,12345,1,1,log-distance,36,37,veh9,veh13,5,5,0,364.225,1,7.11452,2.92235,-77.9051,19.0712,5,0.045,0.055,0.0407143
juelich_pilot_d30_r5_log_distance_s01_w1,juelich,12345,1,1,log-distance,36,37,veh9,veh4,5,5,0,165.032,1,7.11452,0,-71.029,25.9473,5,0.045,0.05,0.0407143
juelich_pilot_d30_r5_log_distance_s01_w1,juelich,12345,1,1,log-distance,36,37,veh9,veh5,5,0,1,881.937,0,7.11452,8.14596,nan,nan,0,0.045,0.035,0.0407143
juelich_pilot_d30_r5_log_distance_s01_w1,juelich,12345,1,1,log-distance,36,37,veh9,veh6,5,5,0,187.47,1,7.11452,8.37593,-72.1363,24.8399,5,0.045,0.045,0.0407143
juelich_pilot_d30_r5_log_distance_s01_w1,juelich,12345,1,1,log-distance,36,37,veh9,veh7,5,0,1,927.141,0,7.11452,12.8103,nan,nan,0,0.045,0.035,0.0407143
juelich_pilot_d30_r5_log_distance_s01_w1,juelich,12345,1,1,log-distance,36,37,veh9,veh8,5,0,1,954.986,0,7.11452,9.89383,nan,nan,0,0.045,0.025,0.0407143
juelich_pilot_d30_r5_log_distance_s01_w1,juelich,12345,1,1,log-distance,37,38,veh0,veh1,5,0,1,606.726,0,14.0451,7.79236,nan,nan,0,0.056,0.045,0.0415333
juelich_pilot_d30_r5_log_distance_s01_w1,juelich,12345,1,1,log-distance,37,38,veh0,veh10,5,5,0,460.239,1,14.0451,8.64228,-79.9373,17.039,5,0.056,0.046,0.0415333
juelich_pilot_d30_r5_log_distance_s01_w1,juelich,12345,1,1,log-distance,37,38,veh0,veh11,5,5,0,551.704,0,14.0451,7.90515,-81.5118,15.4645,5,0.056,0.046,0.0415333
juelich_pilot_d30_r5_log_distance_s01_w1,juelich,12345,1,1,log-distance,37,38,veh0,veh12,5,5,0,463.16,1,14.0451,8.35175,-79.9922,16.9841,5,0.056,0.046,0.0415333
juelich_pilot_d30_r5_log_distance_s01_w1,juelich,12345,1,1,log-distance,37,38,veh0,veh13,5,5,0,106.979,1,14.0451,4.9375,-67.2571,29.7192,5,0.056,0.056,0.0415333
juelich_pilot_d30_r5_log_distance_s01_w1,juelich,12345,1,1,log-distance,37,38,veh0,veh14,1,1,0,503.667,0,14.0984,0,-80.7206,16.2557,1,0.056,0.045,0.0415333
juelich_pilot_d30_r5_log_distance_s01_w1,juelich,12345,1,1,log-distance,37,38,veh0,veh4,5,5,0,332.589,1,14.0451,0,-77.1154,19.8609,5,0.056,0.051,0.0415333
juelich_pilot_d30_r5_log_distance_s01_w1,juelich,12345,1,1,log-distance,37,38,veh0,veh5,5,5,0,529.381,0,14.0451,8.12182,-81.153,15.8233,5,0.056,0.035,0.0415333
juelich_pilot_d30_r5_log_distance_s01_w1,juelich,12345,1,1,log-distance,37,38,veh0,veh6,5,5,0,443.172,1,14.0451,8.38284,-79.6091,17.3672,5,0.056,0.046,0.0415333
juelich_pilot_d30_r5_log_distance_s01_w1,juelich,12345,1,1,log-distance,37,38,veh0,veh7,5,0,1,747.641,0,14.0451,12.773,nan,nan,0,0.056,0.035,0.0415333
juelich_pilot_d30_r5_log_distance_s01_w1,juelich,12345,1,1,log-distance,37,38,veh0,veh8,5,0,1,884.061,0,14.0451,9.91132,nan,nan,0,0.056,0.025,0.0415333
juelich_pilot_d30_r5_log_distance_s01_w1,juelich,12345,1,1,log-distance,37,38,veh0,veh9,5,5,0,466.012,1,14.0451,6.08353,-80.0452,16.931,5,0.056,0.046,0.0415333
juelich_pilot_d30_r5_log_distance_s01_w1,juelich,12345,1,1,log-distance,37,38,veh1,veh0,5,0,1,606.726,0,7.79236,14.0451,nan,nan,0,0.045,0.056,0.0415333
juelich_pilot_d30_r5_log_distance_s01_w1,juelich,12345,1,1,log-distance,37,38,veh1,veh10,5,5,0,277.951,1,7.79236,8.64228,-75.5571,21.4192,5,0.045,0.046,0.0415333
juelich_pilot_d30_r5_log_distance_s01_w1,juelich,12345,1,1,log-distance,37,38,veh1,veh11,5,5,0,58.9385,1,7.79236,7.90515,-62.0857,34.8906,5,0.045,0.046,0.0415333
juelich_pilot_d30_r5_log_distance_s01_w1,juelich,12345,1,1,log-distance,37,38,veh1,veh12,5,0,1,671.5,0,7.79236,8.35175,nan,nan,0,0.045,0.046,0.0415333
juelich_pilot_d30_r5_log_distance_s01_w1,juelich,12345,1,1,log-distance,37,38,veh1,veh13,5,5,0,508.894,0,7.79236,4.9375,-80.8101,16.1662,5,0.045,0.056,0.0415333
juelich_pilot_d30_r5_log_distance_s01_w1,juelich,12345,1,1,log-distance,37,38,veh1,veh14,1,0,1,836.525,0,7.76128,0,nan,nan,0,0.045,0.045,0.0415333
juelich_pilot_d30_r5_log_distance_s01_w1,juelich,12345,1,1,log-distance,37,38,veh1,veh4,5,5,0,309.788,1,7.79236,0,-76.4988,20.4775,5,0.045,0.051,0.0415333
juelich_pilot_d30_r5_log_distance_s01_w1,juelich,12345,1,1,log-distance,37,38,veh1,veh5,5,0,1,986.035,0,7.79236,8.12182,nan,nan,0,0.045,0.035,0.0415333
juelich_pilot_d30_r5_log_distance_s01_w1,juelich,12345,1,1,log-distance,37,38,veh1,veh6,5,5,0,300.758,1,7.79236,8.38284,-76.2421,20.7342,5,0.045,0.046,0.0415333
juelich_pilot_d30_r5_log_distance_s01_w1,juelich,12345,1,1,log-distance,37,38,veh1,veh7,5,0,1,975.861,0,7.79236,12.773,nan,nan,0,0.045,0.035,0.0415333
juelich_pilot_d30_r5_log_distance_s01_w1,juelich,12345,1,1,log-distance,37,38,veh1,veh8,5,0,1,979.831,0,7.79236,9.91132,nan,nan,0,0.045,0.025,0.0415333
juelich_pilot_d30_r5_log_distance_s01_w1,juelich,12345,1,1,log-distance,37,38,veh1,veh9,5,5,0,146.71,1,7.79236,6.08353,-70.0058,26.9705,5,0.045,0.046,0.0415333
juelich_pilot_d30_r5_log_distance_s01_w1,juelich,12345,1,1,log-distance,37,38,veh10,veh0,5,5,0,460.239,1,8.64228,14.0451,-79.9373,17.039,5,0.046,0.056,0.0415333
juelich_pilot_d30_r5_log_distance_s01_w1,juelich,12345,1,1,log-distance,37,38,veh10,veh1,5,5,0,277.951,1,8.64228,7.79236,-75.5571,21.4192,5,0.046,0.045,0.0415333
juelich_pilot_d30_r5_log_distance_s01_w1,juelich,12345,1,1,log-distance,37,38,veh10,veh11,5,5,0,226.563,1,8.64228,7.90515,-73.7815,23.1948,5,0.046,0.046,0.0415333
juelich_pilot_d30_r5_log_distance_s01_w1,juelich,12345,1,1,log-distance,37,38,veh10,veh12,5,5,0,394.746,1,8.64228,8.35175,-78.604,18.3723,5,0.046,0.046,0.0415333
juelich_pilot_d30_r5_log_distance_s01_w1,juelich,12345,1,1,log-distance,37,38,veh10,veh13,5,5,0,353.626,1,8.64228,4.9375,-77.6483,19.328,5,0.046,0.056,0.0415333
juelich_pilot_d30_r5_log_distance_s01_w1,juelich,12345,1,1,log-distance,37,38,veh10,veh14,1,1,0,563.846,0,8.62185,0,-81.7009,15.2754,1,0.046,0.045,0.0415333
juelich_pilot_d30_r5_log_distance_s01_w1,juelich,12345,1,1,log-distance,37,38,veh10,veh4,5,5,0,137.169,1,8.64228,0,-69.4226,27.5537,5,0.046,0.051,0.0415333
juelich_pilot_d30_r5_log_distance_s01_w1,juelich,12345,1,1,log-distance,37,38,veh10,veh5,5,0,1,946.858,0,8.64228,8.12182,nan,nan,0,0.046,0.035,0.0415333
juelich_pilot_d30_r5_log_distance_s01_w1,juelich,12345,1,1,log-distance,37,38,veh10,veh6,5,5,0,25.1363,1,8.64228,8.38284,-54.6837,42.2926,5,0.046,0.046,0.0415333
juelich_pilot_d30_r5_log_distance_s01_w1,juelich,12345,1,1,log-distance,37,38,veh10,veh9,5,5,0,171.766,1,8.64228,6.08353,-71.3765,25.5998,5,0.046,0.046,0.0415333
juelich_pilot_d30_r5_log_distance_s01_w1,juelich,12345,1,1,log-distance,37,38,veh11,veh0,5,5,0,551.704,0,7.90515,14.0451,-81.5118,15.4645,5,0.046,0.056,0.0415333
juelich_pilot_d30_r5_log_distance_s01_w1,juelich,12345,1,1,log-distance,37,38,veh11,veh1,5,5,0,58.9385,1,7.90515,7.79236,-62.0857,34.8906,5,0.046,0.045,0.0415333
juelich_pilot_d30_r5_log_distance_s01_w1,juelich,12345,1,1,log-distance,37,38,veh11,veh10,5,5,0,226.563,1,7.90515,8.64228,-73.7815,23.1948,5,0.046,0.046,0.0415333
juelich_pilot_d30_r5_log_distance_s01_w1,juelich,12345,1,1,log-distance,37,38,veh11,veh12,5,0,1,617.301,0,7.90515,8.35175,nan,nan,0,0.046,0.046,0.0415333
juelich_pilot_d30_r5_log_distance_s01_w1,juelich,12345,1,1,log-distance,37,38,veh11,veh13,5,5,0,452.379,1,7.90515,4.9375,-79.7876,17.1887,5,0.046,0.056,0.0415333
juelich_pilot_d30_r5_log_distance_s01_w1,juelich,12345,1,1,log-distance,37,38,veh11,veh14,1,0,1,780.229,0,7.94141,0,nan,nan,0,0.046,0.045,0.0415333
juelich_pilot_d30_r5_log_distance_s01_w1,juelich,12345,1,1,log-distance,37,38,veh11,veh4,5,5,0,250.85,1,7.90515,0,-74.6656,22.3107,5,0.046,0.051,0.0415333
juelich_pilot_d30_r5_log_distance_s01_w1,juelich,12345,1,1,log-distance,37,38,veh11,veh5,5,0,1,947.295,0,7.90515,8.12182,nan,nan,0,0.046,0.035,0.0415333
juelich_pilot_d30_r5_log_distance_s01_w1,juelich,12345,1,1,log-distance,37,38,veh11,veh6,5,5,0,248.126,1,7.90515,8.38284,-74.5711,22.4052,5,0.046,0.046,0.0415333
juelich_pilot_d30_r5_log_distance_s01_w1,juelich,12345,1,1,log-distance,37,38,veh11,veh7,5,0,1,957.271,0,7.90515,12.773,nan,nan,0,0.046,0.035,0.0415333
juelich_pilot_d30_r5_log_distance_s01_w1,juelich,12345,1,1,log-distance,37,38,veh11,veh8,5,0,1,974.008,0,7.90515,9.91132,nan,nan,0,0.046,0.025,0.0415333
juelich_pilot_d30_r5_log_distance_s01_w1,juelich,12345,1,1,log-distance,37,38,veh11,veh9,5,5,0,88.2505,1,7.90515,6.08353,-65.5886,31.3877,5,0.046,0.046,0.0415333
juelich_pilot_d30_r5_log_distance_s01_w1,juelich,12345,1,1,log-distance,37,38,veh12,veh0,5,5,0,463.16,1,8.35175,14.0451,-79.9922,16.9841,5,0.046,0.056,0.0415333
juelich_pilot_d30_r5_log_distance_s01_w1,juelich,12345,1,1,log-distance,37,38,veh12,veh1,5,0,1,671.5,0,8.35175,7.79236,nan,nan,0,0.046,0.045,0.0415333
juelich_pilot_d30_r5_log_distance_s01_w1,juelich,12345,1,1,log-distance,37,38,veh12,veh10,5,5,0,394.746,1,8.35175,8.64228,-78.604,18.3723,5,0.046,0.046,0.0415333
juelich_pilot_d30_r5_log_distance_s01_w1,juelich,12345,1,1,log-distance,37,38,veh12,veh11,5,0,1,617.301,0,8.35175,7.90515,nan,nan,0,0.046,0.046,0.0415333
juelich_pilot_d30_r5_log_distance_s01_w1,juelich,12345,1,1,log-distance,37,38,veh12,veh13,5,5,0,410.759,1,8.35175,4.9375,-78.9494,18.0269,5,0.046,0.056,0.0415333
juelich_pilot_d30_r5_log_distance_s01_w1,juelich,12345,1,1,log-distance,37,38,veh12,veh14,1,1,0,181.92,1,7.91201,0,-71.8753,25.101,1,0.046,0.045,0.0415333
juelich_pilot_d30_r5_log_distance_s01_w1,juelich,12345,1,1,log-distance,37,38,veh12,veh4,5,5,0,402.123,1,8.35175,0,-78.7648,18.2115,5,0.046,0.051,0.0415333
juelich_pilot_d30_r5_log_distance_s01_w1,juelich,12345,1,1,log-distance,37,38,veh12,veh5,5,0,1,981.984,0,8.35175,8.12182,nan,nan,0,0.046,0.035,0.0415333
juelich_pilot_d30_r5_log_distance_s01_w1,juelich,12345,1,1,log-distance,37,38,veh12,veh6,5,5,0,371.07,1,8.35175,8.38284,-78.0668,18.9095,5,0.046,0.046,0.0415333
juelich_pilot_d30_r5_log_distance_s01_w1,juelich,12345,1,1,log-distance,37,38,veh12,veh9,5,5,0,545.981,0,8.35175,6.08353,-81.4212,15.555,5,0.046,0.046,0.0415333
juelich_pilot_d30_r5_log_distance_s01_w1,juelich,12345,1,1,log-distance,37,38,veh13,veh0,5,5,0,106.979,1,4.9375,14.0451,-67.2571,29.7192,5,0.056,0.056,0.0415333
juelich_pilot_d30_r5_log_distance_s01_w1,juelich,12345,1,1,log-distance,37,38,veh13,veh1,5,5,0,508.894,0,4.9375,7.79236,-80.8101,16.1662,5,0.056,0.045,0.0415333
juelich_pilot_d30_r5_log_distance_s01_w1,juelich,12345,1,1,log-distance,37,38,veh13,veh10,5,5,0,353.626,1,4.9375,8.64228,-77.6483,19.328,5,0.056,0.046,0.0415333
juelich_pilot_d30_r5_log_distance_s01_w1,juelich,12345,1,1,log-distance,37,38,veh13,veh11,5,5,0,452.379,1,4.9375,7.90515,-79.7876,17.1887,5,0.056,0.046,0.0415333
juelich_pilot_d30_r5_log_distance_s01_w1,juelich,12345,1,1,log-distance,37,38,veh13,veh12,5,5,0,410.759,1,4.9375,8.35175,-78.9494,18.0269,5,0.056,0.046,0.0415333
juelich_pilot_d30_r5_log_distance_s01_w1,juelich,12345,1,1,log-distance,37,38,veh13,veh14,1,1,0,489.148,1,5.77052,0,-80.4665,16.5098,1,0.056,0.045,0.0415333
juelich_pilot_d30_r5_log_distance_s01_w1,juelich,12345,1,1,log-distance,37,38,veh13,veh4,5,5,0,225.866,1,4.9375,0,-73.7546,23.2216,5,0.056,0.051,0.0415333
juelich_pilot_d30_r5_log_distance_s01_w1,juelich,12345,1,1,log-distance,37,38,veh13,veh5,5,0,1,617.177,0,4.9375,8.12182,nan,nan,0,0.056,0.035,0.0415333
juelich_pilot_d30_r5_log_distance_s01_w1,juelich,12345,1,1,log-distance,37,38,veh13,veh6,5,5,0,337.092,1,4.9375,8.38284,-77.2324,19.7439,5,0.056,0.046,0.0415333
juelich_pilot_d30_r5_log_distance_s01_w1,juelich,12345,1,1,log-distance,37,38,veh13,veh7,5,0,1,796.05,0,4.9375,12.773,nan,nan,0,0.056,0.035,0.0415333
juelich_pilot_d30_r5_log_distance_s01_w1,juelich,12345,1,1,log-distance,37,38,veh13,veh8,5,0,1,911.489,0,4.9375,9.91132,nan,nan,0,0.056,0.025,0.0415333
juelich_pilot_d30_r5_log_distance_s01_w1,juelich,12345,1,1,log-distance,37,38,veh13,veh9,5,5,0,365.232,1,4.9375,6.08353,-77.9291,19.0472,5,0.056,0.046,0.0415333
juelich_pilot_d30_r5_log_distance_s01_w1,juelich,12345,1,1,log-distance,37,38,veh14,veh0,1,1,0,503.667,0,0,14.0984,-80.7206,16.2557,1,0.045,0.056,0.0415333
juelich_pilot_d30_r5_log_distance_s01_w1,juelich,12345,1,1,log-distance,37,38,veh14,veh1,1,0,1,836.525,0,0,7.76128,nan,nan,0,0.045,0.045,0.0415333
juelich_pilot_d30_r5_log_distance_s01_w1,juelich,12345,1,1,log-distance,37,38,veh14,veh10,1,1,0,563.846,0,0,8.62185,-81.7009,15.2754,1,0.045,0.046,0.0415333
juelich_pilot_d30_r5_log_distance_s01_w1,juelich,12345,1,1,log-distance,37,38,veh14,veh11,1,0,1,780.229,0,0,7.94141,nan,nan,0,0.045,0.046,0.0415333
juelich_pilot_d30_r5_log_distance_s01_w1,juelich,12345,1,1,log-distance,37,38,veh14,veh12,1,1,0,181.92,1,0,7.91201,-71.8753,25.101,1,0.045,0.046,0.0415333
juelich_pilot_d30_r5_log_distance_s01_w1,juelich,12345,1,1,log-distance,37,38,veh14,veh13,1,1,0,489.148,1,0,5.77052,-80.4665,16.5098,1,0.045,0.056,0.0415333
juelich_pilot_d30_r5_log_distance_s01_w1,juelich,12345,1,1,log-distance,37,38,veh14,veh4,1,1,0,550.228,0,0,0,-81.4886,15.4877,1,0.045,0.051,0.0415333
juelich_pilot_d30_r5_log_distance_s01_w1,juelich,12345,1,1,log-distance,37,38,veh14,veh5,1,0,1,979.619,0,0,8.0771,nan,nan,0,0.045,0.035,0.0415333
juelich_pilot_d30_r5_log_distance_s01_w1,juelich,12345,1,1,log-distance,37,38,veh14,veh6,1,1,0,539.351,0,0,8.35257,-81.3151,15.6612,1,0.045,0.046,0.0415333
juelich_pilot_d30_r5_log_distance_s01_w1,juelich,12345,1,1,log-distance,37,38,veh14,veh9,1,0,1,705.237,0,0,4.51101,nan,nan,0,0.045,0.046,0.0415333
juelich_pilot_d30_r5_log_distance_s01_w1,juelich,12345,1,1,log-distance,37,38,veh2,veh3,5,5,0,60.0524,1,0,12.1237,-62.2342,34.7421,5,0.02,0.025,0.0415333
juelich_pilot_d30_r5_log_distance_s01_w1,juelich,12345,1,1,log-distance,37,38,veh2,veh5,5,0,1,843.488,0,0,8.12182,nan,nan,0,0.02,0.035,0.0415333
juelich_pilot_d30_r5_log_distance_s01_w1,juelich,12345,1,1,log-distance,37,38,veh2,veh7,5,5,0,492.861,1,0,12.773,-80.532,16.4443,5,0.02,0.035,0.0415333
juelich_pilot_d30_r5_log_distance_s01_w1,juelich,12345,1,1,log-distance,37,38,veh2,veh8,5,5,0,374.092,1,0,9.91132,-78.1372,18.839,5,0.02,0.025,0.0415333
juelich_pilot_d30_r5_log_distance_s01_w1,juelich,12345,1,1,log-distance,37,38,veh3,veh2,5,5,0,60.0524,1,12.1237,0,-62.2342,34.7421,5,0.025,0.02,0.0415333
juelich_pilot_d30_r5_log_distance_s01_w1,juelich,12345,1,1,log-distance,37,38,veh3,veh5,5,0,1,783.458,0,12.1237,8.12182,nan,nan,0,0.025,0.035,0.0415333
juelich_pilot_d30_r5_log_distance_s01_w1,juelich,12345,1,1,log-distance,37,38,veh3,veh7,5,5,0,434.222,1,12.1237,12.773,-79.4319,17.5443,5,0.025,0.035,0.0415333
juelich_pilot_d30_r5_log_distance_s01_w1,juelich,12345,1,1,log-distance,37,38,veh3,veh8,5,5,0,327.324,1,12.1237,9.91132,-76.9772,19.9991,5,0.025,0.025,0.0415333
juelich_pilot_d30_r5_log_distance_s01_w1,juelich,12345,1,1,log-distance,37,38,veh4,veh0,5,5,0,332.589,1,0,14.0451,-77.1154,19.8609,5,0.051,0.056,0.0415333
juelich_pilot_d30_r5_log_distance_s01_w1,juelich,12345,1,1,log-distance,37,38,veh4,veh1,5,5,0,309.788,1,0,7.79236,-76.4988,20.4775,5,0.051,0.045,0.0415333
juelich_pilot_d30_r5_log_distance_s01_w1,juelich,12345,1,1,log-distance,37,38,veh4,veh10,5,5,0,137.169,1,0,8.64228,-69.4226,27.5537,5,0.051,0.046,0.0415333
juelich_pilot_d30_r5_log_distance_s01_w1,juelich,12345,1,1,log-distance,37,38,veh4,veh11,5,5,0,250.85,1,0,7.90515,-74.6656,22.3107,5,0.051,0.046,0.0415333
juelich_pilot_d30_r5_log_distance_s01_w1,juelich,12345,1,1,log-distance,37,38,veh4,veh12,5,5,0,402.123,1,0,8.35175,-78.7648,18.2115,5,0.051,0.046,0.0415333
juelich_pilot_d30_r5_log_distance_s01_w1,juelich,12345,1,1,log-distance,37,38,veh4,veh13,5,5,0,225.866,1,0,4.9375,-73.7546,23.2216,5,0.051,0.056,0.0415333
juelich_pilot_d30_r5_log_distance_s01_w1,juelich,12345,1,1,log-distance,37,38,veh4,veh14,1,1,0,550.228,0,0,0,-81.4886,15.4877,1,0.051,0.045,0.0415333
juelich_pilot_d30_r5_log_distance_s01_w1,juelich,12345,1,1,log-distance,37,38,veh4,veh5,5,0,1,809.699,0,0,8.12182,nan,nan,0,0.051,0.035,0.0415333
juelich_pilot_d30_r5_log_distance_s01_w1,juelich,12345,1,1,log-distance,37,38,veh4,veh6,5,5,0,128.223,1,0,8.38284,-68.8369,28.1394,5,0.051,0.046,0.0415333
juelich_pilot_d30_r5_log_distance_s01_w1,juelich,12345,1,1,log-distance,37,38,veh4,veh7,5,0,1,916.656,0,0,12.773,nan,nan,0,0.051,0.035,0.0415333
juelich_pilot_d30_r5_log_distance_s01_w1,juelich,12345,1,1,log-distance,37,38,veh4,veh8,5,0,1,988.455,0,0,9.91132,nan,nan,0,0.051,0.025,0.0415333
juelich_pilot_d30_r5_log_distance_s01_w1,juelich,12345,1,1,log-distance,37,38,veh4,veh9,5,5,0,164.399,1,0,6.08353,-70.9957,25.9806,5,0.051,0.046,0.0415333
juelich_pilot_d30_r5_log_distance_s01_w1,juelich,12345,1,1,log-distance,37,38,veh5,veh0,5,5,0,529.381,0,8.12182,14.0451,-81.153,15.8233,5,0.035,0.056,0.0415333
juelich_pilot_d30_r5_log_distance_s01_w1,juelich,12345,1,1,log-distance,37,38,veh5,veh1,5,0,1,986.035,0,8.12182,7.79236,nan,nan,0,0.035,0.045,0.0415333
juelich_pilot_d30_r5_log_distance_s01_w1,juelich,12345,1,1,log-distance,37,38,veh5,veh10,5,0,1,946.858,0,8.12182,8.64228,nan,nan,0,0.035,0.046,0.0415333
juelich_pilot_d30_r5_log_distance_s01_w1,juelich,12345,1,1,log-distance,37,38,veh5,veh11,5,0,1,947.295,0,8.12182,7.90515,nan,nan,0,0.035,0.046,0.0415333
juelich_pilot_d30_r5_log_distance_s01_w1,juelich,12345,1,1,log-distance,37,38,veh5,veh12,5,0,1,981.984,0,8.12182,8.35175,nan,nan,0,0.035,0.046,0.0415333
juelich_pilot_d30_r5_log_distance_s01_w1,juelich,12345,1,1,log-distance,37,38,veh5,veh13,5,0,1,617.177,0,8.12182,4.9375,nan,nan,0,0.035,0.056,0.0415333
juelich_pilot_d30_r5_log_distance_s01_w1,juelich,12345,1,1,log-distance,37,38,veh5,veh14,1,0,1,979.619,0,8.0771,0,nan,nan,0,0.035,0.045,0.0415333
juelich_pilot_d30_r5_log_distance_s01_w1,juelich,12345,1,1,log-distance,37,38,veh5,veh2,5,0,1,843.488,0,8.12182,0,nan,nan,0,0.035,0.02,0.0415333
juelich_pilot_d30_r5_log_distance_s01_w1,juelich,12345,1,1,log-distance,37,38,veh5,veh3,5,0,1,783.458,0,8.12182,12.1237,nan,nan,0,0.035,0.025,0.0415333
juelich_pilot_d30_r5_log_distance_s01_w1,juelich,12345,1,1,log-distance,37,38,veh5,veh4,5,0,1,809.699,0,8.12182,0,nan,nan,0,0.035,0.051,0.0415333
juelich_pilot_d30_r5_log_distance_s01_w1,juelich,12345,1,1,log-distance,37,38,veh5,veh6,5,0,1,936.207,0,8.12182,8.38284,nan,nan,0,0.035,0.046,0.0415333
juelich_pilot_d30_r5_log_distance_s01_w1,juelich,12345,1,1,log-distance,37,38,veh5,veh7,5,5,0,380.557,1,8.12182,12.773,-78.2856,18.6907,5,0.035,0.035,0.0415333
juelich_pilot_d30_r5_log_distance_s01_w1,juelich,12345,1,1,log-distance,37,38,veh5,veh8,5,0,1,591.329,0,8.12182,9.91132,nan,nan,0,0.035,0.025,0.0415333
juelich_pilot_d30_r5_log_distance_s01_w1,juelich,12345,1,1,log-distance,37,38,veh5,veh9,5,0,1,882.407,0,8.12182,6.08353,nan,nan,0,0.035,0.046,0.0415333
juelich_pilot_d30_r5_log_distance_s01_w1,juelich,12345,1,1,log-distance,37,38,veh6,veh0,5,5,0,443.172,1,8.38284,14.0451,-79.6091,17.3672,5,0.046,0.056,0.0415333
juelich_pilot_d30_r5_log_distance_s01_w1,juelich,12345,1,1,log-distance,37,38,veh6,veh1,5,5,0,300.758,1,8.38284,7.79236,-76.2421,20.7342,5,0.046,0.045,0.0415333
juelich_pilot_d30_r5_log_distance_s01_w1,juelich,12345,1,1,log-distance,37,38,veh6,veh10,5,5,0,25.1363,1,8.38284,8.64228,-54.6837,42.2926,5,0.046,0.046,0.0415333
juelich_pilot_d30_r5_log_distance_s01_w1,juelich,12345,1,1,log-distance,37,38,veh6,veh11,5,5,0,248.126,1,8.38284,7.90515,-74.5711,22.4052,5,0.046,0.046,0.0415333
juelich_pilot_d30_r5_log_distance_s01_w1,juelich,12345,1,1,log-distance,37,38,veh6,veh12,5,5,0,371.07,1,8.38284,8.35175,-78.0668,18.9095,5,0.046,0.046,0.0415333
juelich_pilot_d30_r5_log_distance_s01_w1,juelich,12345,1,1,log-distance,37,38,veh6,veh13,5,5,0,337.092,1,8.38284,4.9375,-77.2324,19.7439,5,0.046,0.056,0.0415333
juelich_pilot_d30_r5_log_distance_s01_w1,juelich,12345,1,1,log-distance,37,38,veh6,veh14,1,1,0,539.351,0,8.35257,0,-81.3151,15.6612,1,0.046,0.045,0.0415333
juelich_pilot_d30_r5_log_distance_s01_w1,juelich,12345,1,1,log-distance,37,38,veh6,veh4,5,5,0,128.223,1,8.38284,0,-68.8369,28.1394,5,0.046,0.051,0.0415333
juelich_pilot_d30_r5_log_distance_s01_w1,juelich,12345,1,1,log-distance,37,38,veh6,veh5,5,0,1,936.207,0,8.38284,8.12182,nan,nan,0,0.046,0.035,0.0415333
juelich_pilot_d30_r5_log_distance_s01_w1,juelich,12345,1,1,log-distance,37,38,veh6,veh9,5,5,0,188.058,1,8.38284,6.08353,-72.1635,24.8128,5,0.046,0.046,0.0415333
juelich_pilot_d30_r5_log_distance_s01_w1,juelich,12345,1,1,log-distance,37,38,veh7,veh0,5,0,1,747.641,0,12.773,14.0451,nan,nan,0,0.035,0.056,0.0415333
juelich_pilot_d30_r5_log_distance_s01_w1,juelich,12345,1,1,log-distance,37,38,veh7,veh1,5,0,1,975.861,0,12.773,7.79236,nan,nan,0,0.035,0.045,0.0415333
juelich_pilot_d30_r5_log_distance_s01_w1,juelich,12345,1,1,log-distance,37,38,veh7,veh11,5,0,1,957.271,0,12.773,7.90515,nan,nan,0,0.035,0.046,0.0415333
juelich_pilot_d30_r5_log_distance_s01_w1,juelich,12345,1,1,log-distance,37,38,veh7,veh13,5,0,1,796.05,0,12.773,4.9375,nan,nan,0,0.035,0.056,0.0415333
juelich_pilot_d30_r5_log_distance_s01_w1,juelich,12345,1,1,log-distance,37,38,veh7,veh2,5,5,0,492.861,1,12.773,0,-80.532,16.4443,5,0.035,0.02,0.0415333
juelich_pilot_d30_r5_log_distance_s01_w1,juelich,12345,1,1,log-distance,37,38,veh7,veh3,5,5,0,434.222,1,12.773,12.1237,-79.4319,17.5443,5,0.035,0.025,0.0415333
juelich_pilot_d30_r5_log_distance_s01_w1,juelich,12345,1,1,log-distance,37,38,veh7,veh4,5,0,1,916.656,0,12.773,0,nan,nan,0,0.035,0.051,0.0415333
juelich_pilot_d30_r5_log_distance_s01_w1,juelich,12345,1,1,log-distance,37,38,veh7,veh5,5,5,0,380.557,1,12.773,8.12182,-78.2856,18.6907,5,0.035,0.035,0.0415333
juelich_pilot_d30_r5_log_distance_s01_w1,juelich,12345,1,1,log-distance,37,38,veh7,veh8,5,5,0,215.459,1,12.773,9.91132,-73.344,23.6323,5,0.035,0.025,0.0415333
juelich_pilot_d30_r5_log_distance_s01_w1,juelich,12345,1,1,log-distance,37,38,veh7,veh9,5,0,1,921.816,0,12.773,6.08353,nan,nan,0,0.035,0.046,0.0415333
juelich_pilot_d30_r5_log_distance_s01_w1,juelich,12345,1,1,log-distance,37,38,veh8,veh0,5,0,1,884.061,0,9.91132,14.0451,nan,nan,0,0.025,0.056,0.0415333
juelich_pilot_d30_r5_log_distance_s01_w1,juelich,12345,1,1,log-distance,37,38,veh8,veh1,5,0,1,979.831,0,9.91132,7.79236,nan,nan,0,0.025,0.045,0.0415333
juelich_pilot_d30_r5_log_distance_s01_w1,juelich,12345,1,1,log-distance,37,38,veh8,veh11,5,0,1,974.008,0,9.91132,7.90515,nan,nan,0,0.025,0.046,0.0415333
juelich_pilot_d30_r5_log_distance_s01_w1,juelich,12345,1,1,log-distance,37,38,veh8,veh13,5,0,1,911.489,0,9.91132,4.9375,nan,nan,0,0.025,0.056,0.0415333
juelich_pilot_d30_r5_log_distance_s01_w1,juelich,12345,1,1,log-distance,37,38,veh8,veh2,5,5,0,374.092,1,9.91132,0,-78.1372,18.839,5,0.025,0.02,0.0415333
juelich_pilot_d30_r5_log_distance_s01_w1,juelich,12345,1,1,log-distance,37,38,veh8,veh3,5,5,0,327.324,1,9.91132,12.1237,-76.9772,19.9991,5,0.025,0.025,0.0415333
juelich_pilot_d30_r5_log_distance_s01_w1,juelich,12345,1,1,log-distance,37,38,veh8,veh4,5,0,1,988.455,0,9.91132,0,nan,nan,0,0.025,0.051,0.0415333
juelich_pilot_d30_r5_log_distance_s01_w1,juelich,12345,1,1,log-distance,37,38,veh8,veh5,5,0,1,591.329,0,9.91132,8.12182,nan,nan,0,0.025,0.035,0.0415333
juelich_pilot_d30_r5_log_distance_s01_w1,juelich,12345,1,1,log-distance,37,38,veh8,veh7,5,5,0,215.459,1,9.91132,12.773,-73.344,23.6323,5,0.025,0.035,0.0415333
juelich_pilot_d30_r5_log_distance_s01_w1,juelich,12345,1,1,log-distance,37,38,veh8,veh9,5,0,1,957.468,0,9.91132,6.08353,nan,nan,0,0.025,0.046,0.0415333
juelich_pilot_d30_r5_log_distance_s01_w1,juelich,12345,1,1,log-distance,37,38,veh9,veh0,5,5,0,466.012,1,6.08353,14.0451,-80.0452,16.931,5,0.046,0.056,0.0415333
juelich_pilot_d30_r5_log_distance_s01_w1,juelich,12345,1,1,log-distance,37,38,veh9,veh1,5,5,0,146.71,1,6.08353,7.79236,-70.0058,26.9705,5,0.046,0.045,0.0415333
juelich_pilot_d30_r5_log_distance_s01_w1,juelich,12345,1,1,log-distance,37,38,veh9,veh10,5,5,0,171.766,1,6.08353,8.64228,-71.3765,25.5998,5,0.046,0.046,0.0415333
juelich_pilot_d30_r5_log_distance_s01_w1,juelich,12345,1,1,log-distance,37,38,veh9,veh11,5,5,0,88.2505,1,6.08353,7.90515,-65.5886,31.3877,5,0.046,0.046,0.0415333
juelich_pilot_d30_r5_log_distance_s01_w1,juelich,12345,1,1,log-distance,37,38,veh9,veh12,5,5,0,545.981,0,6.08353,8.35175,-81.4212,15.555,5,0.046,0.046,0.0415333
juelich_pilot_d30_r5_log_distance_s01_w1,juelich,12345,1,1,log-distance,37,38,veh9,veh13,5,5,0,365.232,1,6.08353,4.9375,-77.9291,19.0472,5,0.046,0.056,0.0415333
juelich_pilot_d30_r5_log_distance_s01_w1,juelich,12345,1,1,log-distance,37,38,veh9,veh14,1,0,1,705.237,0,4.51101,0,nan,nan,0,0.046,0.045,0.0415333
juelich_pilot_d30_r5_log_distance_s01_w1,juelich,12345,1,1,log-distance,37,38,veh9,veh4,5,5,0,164.399,1,6.08353,0,-70.9957,25.9806,5,0.046,0.051,0.0415333
juelich_pilot_d30_r5_log_distance_s01_w1,juelich,12345,1,1,log-distance,37,38,veh9,veh5,5,0,1,882.407,0,6.08353,8.12182,nan,nan,0,0.046,0.035,0.0415333
juelich_pilot_d30_r5_log_distance_s01_w1,juelich,12345,1,1,log-distance,37,38,veh9,veh6,5,5,0,188.058,1,6.08353,8.38284,-72.1635,24.8128,5,0.046,0.046,0.0415333
juelich_pilot_d30_r5_log_distance_s01_w1,juelich,12345,1,1,log-distance,37,38,veh9,veh7,5,0,1,921.816,0,6.08353,12.773,nan,nan,0,0.046,0.035,0.0415333
juelich_pilot_d30_r5_log_distance_s01_w1,juelich,12345,1,1,log-distance,37,38,veh9,veh8,5,0,1,957.468,0,6.08353,9.91132,nan,nan,0,0.046,0.025,0.0415333
juelich_pilot_d30_r5_log_distance_s01_w1,juelich,12345,1,1,log-distance,38,39,veh0,veh1,5,0,1,612.62,0,14.0377,7.78984,nan,nan,0,0.06,0.045,0.0436667
juelich_pilot_d30_r5_log_distance_s01_w1,juelich,12345,1,1,log-distance,38,39,veh0,veh10,5,5,0,464.081,1,14.0377,8.6094,-80.0096,16.9667,5,0.06,0.05,0.0436667
juelich_pilot_d30_r5_log_distance_s01_w1,juelich,12345,1,1,log-distance,38,39,veh0,veh11,5,5,0,557.426,0,14.0377,7.86914,-81.6014,15.3749,5,0.06,0.05,0.0436667
juelich_pilot_d30_r5_log_distance_s01_w1,juelich,12345,1,1,log-distance,38,39,veh0,veh12,5,5,0,468.843,1,14.0377,5.23452,-80.0982,16.8781,5,0.06,0.05,0.0436667
juelich_pilot_d30_r5_log_distance_s01_w1,juelich,12345,1,1,log-distance,38,39,veh0,veh13,5,5,0,121.526,1,14.0377,6.34364,-68.3662,28.6101,5,0.06,0.06,0.0436667
juelich_pilot_d30_r5_log_distance_s01_w1,juelich,12345,1,1,log-distance,38,39,veh0,veh14,5,5,0,499.533,1,14.0377,1.40128,-80.6489,16.3274,5,0.06,0.045,0.0436667
juelich_pilot_d30_r5_log_distance_s01_w1,juelich,12345,1,1,log-distance,38,39,veh0,veh4,5,5,0,343.759,1,14.0377,0,-77.4024,19.5738,5,0.06,0.055,0.0436667
juelich_pilot_d30_r5_log_distance_s01_w1,juelich,12345,1,1,log-distance,38,39,veh0,veh5,5,5,0,525.417,0,14.0377,8.12344,-81.0878,15.8885,5,0.06,0.035,0.0436667
juelich_pilot_d30_r5_log_distance_s01_w1,juelich,12345,1,1,log-distance,38,39,veh0,veh6,5,5,0,447.164,1,14.0377,8.37595,-79.687,17.2893,5,0.06,0.05,0.0436667
juelich_pilot_d30_r5_log_distance_s01_w1,juelich,12345,1,1,log-distance,38,39,veh0,veh7,5,0,1,739.746,0,14.0377,12.8022,nan,nan,0,0.06,0.035,0.0436667
juelich_pilot_d30_r5_log_distance_s01_w1,juelich,12345,1,1,log-distance,38,39,veh0,veh8,5,0,1,891.807,0,14.0377,9.92421,nan,nan,0,0.06,0.025,0.0436667
juelich_pilot_d30_r5_log_distance_s01_w1,juelich,12345,1,1,log-distance,38,39,veh0,veh9,5,5,0,480.457,1,14.0377,1.81937,-80.3105,16.6658,5,0.06,0.05,0.0436667
juelich_pilot_d30_r5_log_distance_s01_w1,juelich,12345,1,1,log-distance,38,39,veh1,veh0,5,0,1,612.62,0,7.78984,14.0377,nan,nan,0,0.045,0.06,0.0436667
juelich_pilot_d30_r5_log_distance_s01_w1,juelich,12345,1,1,log-distance,38,39,veh1,veh10,5,5,0,278.697,1,7.78984,8.6094,-75.5804,21.3959,5,0.045,0.05,0.0436667
juelich_pilot_d30_r5_log_distance_s01_w1,juelich,12345,1,1,log-distance,38,39,veh1,veh11,5,5,0,59.0421,1,7.78984,7.86914,-62.1009,34.8753,5,0.045,0.05,0.0436667
juelich_pilot_d30_r5_log_distance_s01_w1,juelich,12345,1,1,log-distance,38,39,veh1,veh12,5,0,1,668.363,0,7.78984,5.23452,nan,nan,0,0.045,0.05,0.0436667
juelich_pilot_d30_r5_log_distance_s01_w1,juelich,12345,1,1,log-distance,38,39,veh1,veh13,5,5,0,499.84,1,7.78984,6.34364,-80.6542,16.3221,5,0.045,0.06,0.0436667
juelich_pilot_d30_r5_log_distance_s01_w1,juelich,12345,1,1,log-distance,38,39,veh1,veh14,5,0,1,831.52,0,7.78984,1.40128,nan,nan,0,0.045,0.045,0.0436667
juelich_pilot_d30_r5_log_distance_s01_w1,juelich,12345,1,1,log-distance,38,39,veh1,veh4,5,5,0,301.997,1,7.78984,0,-76.2775,20.6988,5,0.045,0.055,0.0436667
juelich_pilot_d30_r5_log_distance_s01_w1,juelich,12345,1,1,log-distance,38,39,veh1,veh5,5,0,1,975.145,0,7.78984,8.12344,nan,nan,0,0.045,0.035,0.0436667
juelich_pilot_d30_r5_log_distance_s01_w1,juelich,12345,1,1,log-distance,38,39,veh1,veh6,5,5,0,301.345,1,7.78984,8.37595,-76.259,20.7173,5,0.045,0.05,0.0436667
juelich_pilot_d30_r5_log_distance_s01_w1,juelich,12345,1,1,log-distance,38,39,veh1,veh7,5,0,1,961.335,0,7.78984,12.8022,nan,nan,0,0.045,0.035,0.0436667
juelich_pilot_d30_r5_log_distance_s01_w1,juelich,12345,1,1,log-distance,38,39,veh1,veh8,5,0,1,973.388,0,7.78984,9.92421,nan,nan,0,0.045,0.025,0.0436667
juelich_pilot_d30_r5_log_distance_s01_w1,juelich,12345,1,1,log-distance,38,39,veh1,veh9,5,5,0,138.558,1,7.78984,1.81937,-69.5092,27.4671,5,0.045,0.05,0.0436667
juelich_pilot_d30_r5_log_distance_s01_w1,juelich,12345,1,1,log-distance,38,39,veh10,veh0,5,5,0,464.081,1,8.6094,14.0377,-80.0096,16.9667,5,0.05,0.06,0.0436667
juelich_pilot_d30_r5_log_distance_s01_w1,juelich,12345,1,1,log-distance,38,39,veh10,veh1,5,5,0,278.697,1,8.6094,7.78984,-75.5804,21.3959,5,0.05,0.045,0.0436667
juelich_pilot_d30_r5_log_distance_s01_w1,juelich,12345,1,1,log-distance,38,39,veh10,veh11,5,5,0,227.171,1,8.6094,7.86914,-73.8048,23.1715,5,0.05,0.05,0.0436667
juelich_pilot_d30_r5_log_distance_s01_w1,juelich,12345,1,1,log-distance,38,39,veh10,veh12,5,5,0,390.434,1,8.6094,5.23452,-78.5086,18.4677,5,0.05,0.05,0.0436667
juelich_pilot_d30_r5_log_distance_s01_w1,juelich,12345,1,1,log-distance,38,39,veh10,veh13,5,5,0,343.436,1,8.6094,6.34364,-77.3943,19.582,5,0.05,0.06,0.0436667
juelich_pilot_d30_r5_log_distance_s01_w1,juelich,12345,1,1,log-distance,38,39,veh10,veh14,5,5,0,558.235,0,8.6094,1.40128,-81.6139,15.3623,5,0.05,0.045,0.0436667
juelich_pilot_d30_r5_log_distance_s01_w1,juelich,12345,1,1,log-distance,38,39,veh10,veh4,5,5,0,133.563,1,8.6094,0,-69.1912,27.7851,5,0.05,0.055,0.0436667
juelich_pilot_d30_r5_log_distance_s01_w1,juelich,12345,1,1,log-distance,38,39,veh10,veh5,5,0,1,939.314,0,8.6094,8.12344,nan,nan,0,0.05,0.035,0.0436667
juelich_pilot_d30_r5_log_distance_s01_w1,juelich,12345,1,1,log-distance,38,39,veh10,veh6,5,5,0,24.872,1,8.6094,8.37595,-54.5919,42.3844,5,0.05,0.05,0.0436667
juelich_pilot_d30_r5_log_distance_s01_w1,juelich,12345,1,1,log-distance,38,39,veh10,veh9,5,5,0,174.152,1,8.6094,1.81937,-71.4961,25.4802,5,0.05,0.05,0.0436667
juelich_pilot_d30_r5_log_distance_s01_w1,juelich,12345,1,1,log-distance,38,39,veh11,veh0,5,5,0,557.426,0,7.86914,14.0377,-81.6014,15.3749,5,0.05,0.06,0.0436667
juelich_pilot_d30_r5_log_distance_s01_w1,juelich,12345,1,1,log-distance,38,39,veh11,veh1,5,5,0,59.0421,1,7.86914,7.78984,-62.1009,34.8753,5,0.05,0.045,0.0436667
juelich_pilot_d30_r5_log_distance_s01_w1,juelich,12345,1,1,log-distance,38,39,veh11,veh10,5,5,0,227.171,1,7.86914,8.6094,-73.8048,23.1715,5,0.05,0.05,0.0436667
juelich_pilot_d30_r5_log_distance_s01_w1,juelich,12345,1,1,log-distance,38,39,veh11,veh12,5,0,1,614.388,0,7.86914,5.23452,nan,nan,0,0.05,0.05,0.0436667
juelich_pilot_d30_r5_log_distance_s01_w1,juelich,12345,1,1,log-distance,38,39,veh11,veh13,5,5,0,443.106,1,7.86914,6.34364,-79.6077,17.3686,5,0.05,0.06,0.0436667
juelich_pilot_d30_r5_log_distance_s01_w1,juelich,12345,1,1,log-distance,38,39,veh11,veh14,5,0,1,775.208,0,7.86914,1.40128,nan,nan,0,0.05,0.045,0.0436667
juelich_pilot_d30_r5_log_distance_s01_w1,juelich,12345,1,1,log-distance,38,39,veh11,veh4,5,5,0,242.955,1,7.86914,0,-74.3879,22.5884,5,0.05,0.055,0.0436667
juelich_pilot_d30_r5_log_distance_s01_w1,juelich,12345,1,1,log-distance,38,39,veh11,veh5,5,0,1,936.889,0,7.86914,8.12344,nan,nan,0,0.05,0.035,0.0436667
juelich_pilot_d30_r5_log_distance_s01_w1,juelich,12345,1,1,log-distance,38,39,veh11,veh6,5,5,0,248.61,1,7.86914,8.37595,-74.5881,22.3882,5,0.05,0.05,0.0436667
juelich_pilot_d30_r5_log_distance_s01_w1,juelich,12345,1,1,log-distance,38,39,veh11,veh7,5,0,1,942.879,0,7.86914,12.8022,nan,nan,0,0.05,0.035,0.0436667
juelich_pilot_d30_r5_log_distance_s01_w1,juelich,12345,1,1,log-distance,38,39,veh11,veh8,5,0,1,968.531,0,7.86914,9.92421,nan,nan,0,0.05,0.025,0.0436667
juelich_pilot_d30_r5_log_distance_s01_w1,juelich,12345,1,1,log-distance,38,39,veh11,veh9,5,5,0,79.8167,1,7.86914,1.81937,-64.716,32.2602,5,0.05,0.05,0.0436667
juelich_pilot_d30_r5_log_distance_s01_w1,juelich,12345,1,1,log-distance,38,39,veh12,veh0,5,5,0,468.843,1,5.23452,14.0377,-80.0982,16.8781,5,0.05,0.06,0.0436667
juelich_pilot_d30_r5_log_distance_s01_w1,juelich,12345,1,1,log-distance,38,39,veh12,veh1,5,0,1,668.363,0,5.23452,7.78984,nan,nan,0,0.05,0.045,0.0436667
juelich_pilot_d30_r5_log_distance_s01_w1,juelich,12345,1,1,log-distance,38,39,veh12,veh10,5,5,0,390.434,1,5.23452,8.6094,-78.5086,18.4677,5,0.05,0.05,0.0436667
juelich_pilot_d30_r5_log_distance_s01_w1,juelich,12345,1,1,log-distance,38,39,veh12,veh11,5,0,1,614.388,0,5.23452,7.86914,nan,nan,0,0.05,0.05,0.0436667
juelich_pilot_d30_r5_log_distance_s01_w1,juelich,12345,1,1,log-distance,38,39,veh12,veh13,5,5,0,412.131,1,5.23452,6.34364,-78.9784,17.9979,5,0.05,0.06,0.0436667
juelich_pilot_d30_r5_log_distance_s01_w1,juelich,12345,1,1,log-distance,38,39,veh12,veh14,5,5,0,180.828,1,5.23452,1.40128,-71.8229,25.1533,5,0.05,0.045,0.0436667
juelich_pilot_d30_r5_log_distance_s01_w1,juelich,12345,1,1,log-distance,38,39,veh12,veh4,5,5,0,407.649,1,5.23452,0,-78.8834,18.0929,5,0.05,0.055,0.0436667
juelich_pilot_d30_r5_log_distance_s01_w1,juelich,12345,1,1,log-distance,38,39,veh12,veh5,5,0,1,988.071,0,5.23452,8.12344,nan,nan,0,0.05,0.035,0.0436667
juelich_pilot_d30_r5_log_distance_s01_w1,juelich,12345,1,1,log-distance,38,39,veh12,veh6,5,5,0,367.143,1,5.23452,8.37595,-77.9743,19.0019,5,0.05,0.05,0.0436667
juelich_pilot_d30_r5_log_distance_s01_w1,juelich,12345,1,1,log-distance,38,39,veh12,veh9,5,5,0,548.861,0,5.23452,1.81937,-81.4669,15.5094,5,0.05,0.05,0.0436667
juelich_pilot_d30_r5_log_distance_s01_w1,juelich,12345,1,1,log-distance,38,39,veh13,veh0,5,5,0,121.526,1,6.34364,14.0377,-68.3662,28.6101,5,0.06,0.06,0.0436667
juelich_pilot_d30_r5_log_distance_s01_w1,juelich,12345,1,1,log-distance,38,39,veh13,veh1,5,5,0,499.84,1,6.34364,7.78984,-80.6542,16.3221,5,0.06,0.045,0.0436667
juelich_pilot_d30_r5_log_distance_s01_w1,juelich,12345,1,1,log-distance,38,39,veh13,veh10,5,5,0,343.436,1,6.34364,8.6094,-77.3943,19.582,5,0.06,0.05,0.0436667
juelich_pilot_d30_r5_log_distance_s01_w1,juelich,12345,1,1,log-distance,38,39,veh13,veh11,5,5,0,443.106,1,6.34364,7.86914,-79.6077,17.3686,5,0.06,0.05,0.0436667
juelich_pilot_d30_r5_log_distance_s01_w1,juelich,12345,1,1,log-distance,38,39,veh13,veh12,5,5,0,412.131,1,6.34364,5.23452,-78.9784,17.9979,5,0.06,0.05,0.0436667
juelich_pilot_d30_r5_log_distance_s01_w1,juelich,12345,1,1,log-distance,38,39,veh13,veh14,5,5,0,485.978,1,6.34364,1.40128,-80.41,16.5663,5,0.06,0.045,0.0436667
juelich_pilot_d30_r5_log_distance_s01_w1,juelich,12345,1,1,log-distance,38,39,veh13,veh4,5,5,0,222.4,1,6.34364,0,-73.6203,23.356,5,0.06,0.055,0.0436667
juelich_pilot_d30_r5_log_distance_s01_w1,juelich,12345,1,1,log-distance,38,39,veh13,veh5,5,0,1,620.277,0,6.34364,8.12344,nan,nan,0,0.06,0.035,0.0436667
juelich_pilot_d30_r5_log_distance_s01_w1,juelich,12345,1,1,log-distance,38,39,veh13,veh6,5,5,0,327.349,1,6.34364,8.37595,-76.9776,19.9987,5,0.06,0.05,0.0436667
juelich_pilot_d30_r5_log_distance_s01_w1,juelich,12345,1,1,log-distance,38,39,veh13,veh7,5,0,1,789.109,0,6.34364,12.8022,nan,nan,0,0.06,0.035,0.0436667
juelich_pilot_d30_r5_log_distance_s01_w1,juelich,12345,1,1,log-distance,38,39,veh13,veh8,5,0,1,916.334,0,6.34364,9.92421,nan,nan,0,0.06,0.025,0.0436667
juelich_pilot_d30_r5_log_distance_s01_w1,juelich,12345,1,1,log-distance,38,39,veh13,veh9,5,5,0,364.615,1,6.34364,1.81937,-77.9144,19.0619,5,0.06,0.05,0.0436667
juelich_pilot_d30_r5_log_distance_s01_w1,juelich,12345,1,1,log-distance,38,39,veh14,veh0,5,5,0,499.533,1,1.40128,14.0377,-80.6489,16.3274,5,0.045,0.06,0.0436667
juelich_pilot_d30_r5_log_distance_s01_w1,juelich,12345,1,1,log-distance,38,39,veh14,veh1,5,0,1,831.52,0,1.40128,7.78984,nan,nan,0,0.045,0.045,0.0436667
juelich_pilot_d30_r5_log_distance_s01_w1,juelich,12345,1,1,log-distance,38,39,veh14,veh10,5,5,0,558.235,0,1.40128,8.6094,-81.6139,15.3623,5,0.045,0.05,0.0436667
juelich_pilot_d30_r5_log_distance_s01_w1,juelich,12345,1,1,log-distance,38,39,veh14,veh11,5,0,1,775.208,0,1.40128,7.86914,nan,nan,0,0.045,0.05,0.0436667
juelich_pilot_d30_r5_log_distance_s01_w1,juelich,12345,1,1,log-distance,38,39,veh14,veh12,5,5,0,180.828,1,1.40128,5.23452,-71.8229,25.1533,5,0.045,0.05,0.0436667
juelich_pilot_d30_r5_log_distance_s01_w1,juelich,12345,1,1,log-distance,38,39,veh14,veh13,5,5,0,485.978,1,1.40128,6.34364,-80.41,16.5663,5,0.045,0.06,0.0436667
juelich_pilot_d30_r5_log_distance_s01_w1,juelich,12345,1,1,log-distance,38,39,veh14,veh4,5,5,0,549.755,0,1.40128,0,-81.4811,15.4952,5,0.045,0.055,0.0436667
juelich_pilot_d30_r5_log_distance_s01_w1,juelich,12345,1,1,log-distance,38,39,veh14,veh5,5,0,1,980.192,0,1.40128,8.12344,nan,nan,0,0.045,0.035,0.0436667
juelich_pilot_d30_r5_log_distance_s01_w1,juelich,12345,1,1,log-distance,38,39,veh14,veh6,5,5,0,533.896,0,1.40128,8.37595,-81.2267,15.7496,5,0.045,0.05,0.0436667
juelich_pilot_d30_r5_log_distance_s01_w1,juelich,12345,1,1,log-distance,38,39,veh14,veh9,5,0,1,704.184,0,1.40128,1.81937,nan,nan,0,0.045,0.05,0.0436667
juelich_pilot_d30_r5_log_distance_s01_w1,juelich,12345,1,1,log-distance,38,39,veh2,veh3,5,5,0,72.1671,1,0,12.1787,-63.8347,33.1416,5,0.02,0.025,0.0436667
juelich_pilot_d30_r5_log_distance_s01_w1,juelich,12345,1,1,log-distance,38,39,veh2,veh5,5,0,1,838.186,0,0,8.12344,nan,nan,0,0.02,0.035,0.0436667
juelich_pilot_d30_r5_log_distance_s01_w1,juelich,12345,1,1,log-distance,38,39,veh2,veh7,5,5,0,504.3,0,0,12.8022,-80.7313,16.245,5,0.02,0.035,0.0436667
juelich_pilot_d30_r5_log_distance_s01_w1,juelich,12345,1,1,log-distance,38,39,veh2,veh8,5,5,0,377.764,1,0,9.92421,-78.2221,18.7542,5,0.02,0.025,0.0436667
juelich_pilot_d30_r5_log_distance_s01_w1,juelich,12345,1,1,log-distance,38,39,veh3,veh2,5,5,0,72.1671,1,12.1787,0,-63.8347,33.1416,5,0.025,0.02,0.0436667
juelich_pilot_d30_r5_log_distance_s01_w1,juelich,12345,1,1,log-distance,38,39,veh3,veh5,5,0,1,766.065,0,12.1787,8.12344,nan,nan,0,0.025,0.035,0.0436667
juelich_pilot_d30_r5_log_distance_s01_w1,juelich,12345,1,1,log-distance,38,39,veh3,veh7,5,5,0,433.817,1,12.1787,12.8022,-79.4238,17.5525,5,0.025,0.035,0.0436667
juelich_pilot_d30_r5_log_distance_s01_w1,juelich,12345,1,1,log-distance,38,39,veh3,veh8,5,5,0,322.536,1,12.1787,9.92421,-76.8492,20.1271,5,0.025,0.025,0.0436667
juelich_pilot_d30_r5_log_distance_s01_w1,juelich,12345,1,1,log-distance,38,39,veh4,veh0,5,5,0,343.759,1,0,14.0377,-77.4024,19.5738,5,0.055,0.06,0.0436667
juelich_pilot_d30_r5_log_distance_s01_w1,juelich,12345,1,1,log-distance,38,39,veh4,veh1,5,5,0,301.997,1,0,7.78984,-76.2775,20.6988,5,0.055,0.045,0.0436667
juelich_pilot_d30_r5_log_distance_s01_w1,juelich,12345,1,1,log-distance,38,39,veh4,veh10,5,5,0,133.563,1,0,8.6094,-69.1912,27.7851,5,0.055,0.05,0.0436667
juelich_pilot_d30_r5_log_distance_s01_w1,juelich,12345,1,1,log-distance,38,39,veh4,veh11,5,5,0,242.955,1,0,7.86914,-74.3879,22.5884,5,0.055,0.05,0.0436667
juelich_pilot_d30_r5_log_distance_s01_w1,juelich,12345,1,1,log-distance,38,39,veh4,veh12,5,5,0,407.649,1,0,5.23452,-78.8834,18.0929,5,0.055,0.05,0.0436667
juelich_pilot_d30_r5_log_distance_s01_w1,juelich,12345,1,1,log-distance,38,39,veh4,veh13,5,5,0,222.4,1,0,6.34364,-73.6203,23.356,5,0.055,0.06,0.0436667
juelich_pilot_d30_r5_log_distance_s01_w1,juelich,12345,1,1,log-distance,38,39,veh4,veh14,5,5,0,549.755,0,0,1.40128,-81.4811,15.4952,5,0.055,0.045,0.0436667
juelich_pilot_d30_r5_log_distance_s01_w1,juelich,12345,1,1,log-distance,38,39,veh4,veh5,5,0,1,805.891,0,0,8.12344,nan,nan,0,0.055,0.035,0.0436667
juelich_pilot_d30_r5_log_distance_s01_w1,juelich,12345,1,1,log-distance,38,39,veh4,veh6,5,5,0,126.313,1,0,8.37595,-68.7066,28.2697,5,0.055,0.05,0.0436667
juelich_pilot_d30_r5_log_distance_s01_w1,juelich,12345,1,1,log-distance,38,39,veh4,veh7,5,0,1,903.845,0,0,12.8022,nan,nan,0,0.055,0.035,0.0436667
juelich_pilot_d30_r5_log_distance_s01_w1,juelich,12345,1,1,log-distance,38,39,veh4,veh8,5,0,1,985.751,0,0,9.92421,nan,nan,0,0.055,0.025,0.0436667
juelich_pilot_d30_r5_log_distance_s01_w1,juelich,12345,1,1,log-distance,38,39,veh4,veh9,5,5,0,164.16,1,0,1.81937,-70.983,25.9933,5,0.055,0.05,0.0436667
juelich_pilot_d30_r5_log_distance_s01_w1,juelich,12345,1,1,log-distance,38,39,veh5,veh0,5,5,0,525.417,0,8.12344,14.0377,-81.0878,15.8885,5,0.035,0.06,0.0436667
juelich_pilot_d30_r5_log_distance_s01_w1,juelich,12345,1,1,log-distance,38,39,veh5,veh1,5,0,1,975.145,0,8.12344,7.78984,nan,nan,0,0.035,0.045,0.0436667
juelich_pilot_d30_r5_log_distance_s01_w1,juelich,12345,1,1,log-distance,38,39,veh5,veh10,5,0,1,939.314,0,8.12344,8.6094,nan,nan,0,0.035,0.05,0.0436667
juelich_pilot_d30_r5_log_distance_s01_w1,juelich,12345,1,1,log-distance,38,39,veh5,veh11,5,0,1,936.889,0,8.12344,7.86914,nan,nan,0,0.035,0.05,0.0436667
juelich_pilot_d30_r5_log_distance_s01_w1,juelich,12345,1,1,log-distance,38,39,veh5,veh12,5,0,1,988.071,0,8.12344,5.23452,nan,nan,0,0.035,0.05,0.0436667
juelich_pilot_d30_r5_log_distance_s01_w1,juelich,12345,1,1,log-distance,38,39,veh5,veh13,5,0,1,620.277,0,8.12344,6.34364,nan,nan,0,0.035,0.06,0.0436667
juelich_pilot_d30_r5_log_distance_s01_w1,juelich,12345,1,1,log-distance,38,39,veh5,veh14,5,0,1,980.192,0,8.12344,1.40128,nan,nan,0,0.035,0.045,0.0436667
juelich_pilot_d30_r5_log_distance_s01_w1,juelich,12345,1,1,log-distance,38,39,veh5,veh2,5,0,1,838.186,0,8.12344,0,nan,nan,0,0.035,0.02,0.0436667
juelich_pilot_d30_r5_log_distance_s01_w1,juelich,12345,1,1,log-distance,38,39,veh5,veh3,5,0,1,766.065,0,8.12344,12.1787,nan,nan,0,0.035,0.025,0.0436667
juelich_pilot_d30_r5_log_distance_s01_w1,juelich,12345,1,1,log-distance,38,39,veh5,veh4,5,0,1,805.891,0,8.12344,0,nan,nan,0,0.035,0.055,0.0436667
juelich_pilot_d30_r5_log_distance_s01_w1,juelich,12345,1,1,log-distance,38,39,veh5,veh6,5,0,1,929.293,0,8.12344,8.37595,nan,nan,0,0.035,0.05,0.0436667
juelich_pilot_d30_r5_log_distance_s01_w1,juelich,12345,1,1,log-distance,38,39,veh5,veh7,5,5,0,366.861,1,8.12344,12.8022,-77.9673,19.009,5,0.035,0.035,0.0436667
juelich_pilot_d30_r5_log_distance_s01_w1,juelich,12345,1,1,log-distance,38,39,veh5,veh8,5,0,1,590.285,0,8.12344,9.92421,nan,nan,0,0.035,0.025,0.0436667
juelich_pilot_d30_r5_log_distance_s01_w1,juelich,12345,1,1,log-distance,38,39,veh5,veh9,5,0,1,880.543,0,8.12344,1.81937,nan,nan,0,0.035,0.05,0.0436667
juelich_pilot_d30_r5_log_distance_s01_w1,juelich,12345,1,1,log-distance,38,39,veh6,veh0,5,5,0,447.164,1,8.37595,14.0377,-79.687,17.2893,5,0.05,0.06,0.0436667
juelich_pilot_d30_r5_log_distance_s01_w1,juelich,12345,1,1,log-distance,38,39,veh6,veh1,5,5,0,301.345,1,8.37595,7.78984,-76.259,20.7173,5,0.05,0.045,0.0436667
juelich_pilot_d30_r5_log_distance_s01_w1,juelich,12345,1,1,log-distance,38,39,veh6,veh10,5,5,0,24.872,1,8.37595,8.6094,-54.5919,42.3844,5,0.05,0.05,0.0436667
juelich_pilot_d30_r5_log_distance_s01_w1,juelich,12345,1,1,log-distance,38,39,veh6,veh11,5,5,0,248.61,1,8.37595,7.86914,-74.5881,22.3882,5,0.05,0.05,0.0436667
juelich_pilot_d30_r5_log_distance_s01_w1,juelich,12345,1,1,log-distance,38,39,veh6,veh12,5,5,0,367.143,1,8.37595,5.23452,-77.9743,19.0019,5,0.05,0.05,0.0436667
juelich_pilot_d30_r5_log_distance_s01_w1,juelich,12345,1,1,log-distance,38,39,veh6,veh13,5,5,0,327.349,1,8.37595,6.34364,-76.9776,19.9987,5,0.05,0.06,0.0436667
juelich_pilot_d30_r5_log_distance_s01_w1,juelich,12345,1,1,log-distance,38,39,veh6,veh14,5,5,0,533.896,0,8.37595,1.40128,-81.2267,15.7496,5,0.05,0.045,0.0436667
juelich_pilot_d30_r5_log_distance_s01_w1,juelich,12345,1,1,log-distance,38,39,veh6,veh4,5,5,0,126.313,1,8.37595,0,-68.7066,28.2697,5,0.05,0.055,0.0436667
juelich_pilot_d30_r5_log_distance_s01_w1,juelich,12345,1,1,log-distance,38,39,veh6,veh5,5,0,1,929.293,0,8.37595,8.12344,nan,nan,0,0.05,0.035,0.0436667
juelich_pilot_d30_r5_log_distance_s01_w1,juelich,12345,1,1,log-distance,38,39,veh6,veh9,5,5,0,191.309,1,8.37595,1.81937,-72.3122,24.6641,5,0.05,0.05,0.0436667
juelich_pilot_d30_r5_log_distance_s01_w1,juelich,12345,1,1,log-distance,38,39,veh7,veh0,5,0,1,739.746,0,12.8022,14.0377,nan,nan,0,0.035,0.06,0.0436667
juelich_pilot_d30_r5_log_distance_s01_w1,juelich,12345,1,1,log-distance,38,39,veh7,veh1,5,0,1,961.335,0,12.8022,7.78984,nan,nan,0,0.035,0.045,0.0436667
juelich_pilot_d30_r5_log_distance_s01_w1,juelich,12345,1,1,log-distance,38,39,veh7,veh11,5,0,1,942.879,0,12.8022,7.86914,nan,nan,0,0.035,0.05,0.0436667
juelich_pilot_d30_r5_log_distance_s01_w1,juelich,12345,1,1,log-distance,38,39,veh7,veh13,5,0,1,789.109,0,12.8022,6.34364,nan,nan,0,0.035,0.06,0.0436667
juelich_pilot_d30_r5_log_distance_s01_w1,juelich,12345,1,1,log-distance,38,39,veh7,veh2,5,5,0,504.3,0,12.8022,0,-80.7313,16.245,5,0.035,0.02,0.0436667
juelich_pilot_d30_r5_log_distance_s01_w1,juelich,12345,1,1,log-distance,38,39,veh7,veh3,5,5,0,433.817,1,12.8022,12.1787,-79.4238,17.5525,5,0.035,0.025,0.0436667
juelich_pilot_d30_r5_log_distance_s01_w1,juelich,12345,1,1,log-distance,38,39,veh7,veh4,5,0,1,903.845,0,12.8022,0,nan,nan,0,0.035,0.055,0.0436667
juelich_pilot_d30_r5_log_distance_s01_w1,juelich,12345,1,1,log-distance,38,39,veh7,veh5,5,5,0,366.861,1,12.8022,8.12344,-77.9673,19.009,5,0.035,0.035,0.0436667
juelich_pilot_d30_r5_log_distance_s01_w1,juelich,12345,1,1,log-distance,38,39,veh7,veh8,5,5,0,226.761,1,12.8022,9.92421,-73.7882,23.1881,5,0.035,0.025,0.0436667
juelich_pilot_d30_r5_log_distance_s01_w1,juelich,12345,1,1,log-distance,38,39,veh7,veh9,5,0,1,913.129,0,12.8022,1.81937,nan,nan,0,0.035,0.05,0.0436667
juelich_pilot_d30_r5_log_distance_s01_w1,juelich,12345,1,1,log-distance,38,39,veh8,veh0,5,0,1,891.807,0,9.92421,14.0377,nan,nan,0,0.025,0.06,0.0436667
juelich_pilot_d30_r5_log_distance_s01_w1,juelich,12345,1,1,log-distance,38,39,veh8,veh1,5,0,1,973.388,0,9.92421,7.78984,nan,nan,0,0.025,0.045,0.0436667
juelich_pilot_d30_r5_log_distance_s01_w1,juelich,12345,1,1,log-distance,38,39,veh8,veh11,5,0,1,968.531,0,9.92421,7.86914,nan,nan,0,0.025,0.05,0.0436667
juelich_pilot_d30_r5_log_distance_s01_w1,juelich,12345,1,1,log-distance,38,39,veh8,veh13,5,0,1,916.334,0,9.92421,6.34364,nan,nan,0,0.025,0.06,0.0436667
juelich_pilot_d30_r5_log_distance_s01_w1,juelich,12345,1,1,log-distance,38,39,veh8,veh2,5,5,0,377.764,1,9.92421,0,-78.2221,18.7542,5,0.025,0.02,0.0436667
juelich_pilot_d30_r5_log_distance_s01_w1,juelich,12345,1,1,log-distance,38,39,veh8,veh3,5,5,0,322.536,1,9.92421,12.1787,-76.8492,20.1271,5,0.025,0.025,0.0436667
juelich_pilot_d30_r5_log_distance_s01_w1,juelich,12345,1,1,log-distance,38,39,veh8,veh4,5,0,1,985.751,0,9.92421,0,nan,nan,0,0.025,0.055,0.0436667
juelich_pilot_d30_r5_log_distance_s01_w1,juelich,12345,1,1,log-distance,38,39,veh8,veh5,5,0,1,590.285,0,9.92421,8.12344,nan,nan,0,0.025,0.035,0.0436667
juelich_pilot_d30_r5_log_distance_s01_w1,juelich,12345,1,1,log-distance,38,39,veh8,veh7,5,5,0,226.761,1,9.92421,12.8022,-73.7882,23.1881,5,0.025,0.035,0.0436667
juelich_pilot_d30_r5_log_distance_s01_w1,juelich,12345,1,1,log-distance,38,39,veh8,veh9,5,0,1,957.045,0,9.92421,1.81937,nan,nan,0,0.025,0.05,0.0436667
juelich_pilot_d30_r5_log_distance_s01_w1,juelich,12345,1,1,log-distance,38,39,veh9,veh0,5,5,0,480.457,1,1.81937,14.0377,-80.3105,16.6658,5,0.05,0.06,0.0436667
juelich_pilot_d30_r5_log_distance_s01_w1,juelich,12345,1,1,log-distance,38,39,veh9,veh1,5,5,0,138.558,1,1.81937,7.78984,-69.5092,27.4671,5,0.05,0.045,0.0436667
juelich_pilot_d30_r5_log_distance_s01_w1,juelich,12345,1,1,log-distance,38,39,veh9,veh10,5,5,0,174.152,1,1.81937,8.6094,-71.4961,25.4802,5,0.05,0.05,0.0436667
juelich_pilot_d30_r5_log_distance_s01_w1,juelich,12345,1,1,log-distance,38,39,veh9,veh11,5,5,0,79.8167,1,1.81937,7.86914,-64.716,32.2602,5,0.05,0.05,0.0436667
juelich_pilot_d30_r5_log_distance_s01_w1,juelich,12345,1,1,log-distance,38,39,veh9,veh12,5,5,0,548.861,0,1.81937,5.23452,-81.4669,15.5094,5,0.05,0.05,0.0436667
juelich_pilot_d30_r5_log_distance_s01_w1,juelich,12345,1,1,log-distance,38,39,veh9,veh13,5,5,0,364.615,1,1.81937,6.34364,-77.9144,19.0619,5,0.05,0.06,0.0436667
juelich_pilot_d30_r5_log_distance_s01_w1,juelich,12345,1,1,log-distance,38,39,veh9,veh14,5,0,1,704.184,0,1.81937,1.40128,nan,nan,0,0.05,0.045,0.0436667
juelich_pilot_d30_r5_log_distance_s01_w1,juelich,12345,1,1,log-distance,38,39,veh9,veh4,5,5,0,164.16,1,1.81937,0,-70.983,25.9933,5,0.05,0.055,0.0436667
juelich_pilot_d30_r5_log_distance_s01_w1,juelich,12345,1,1,log-distance,38,39,veh9,veh5,5,0,1,880.543,0,1.81937,8.12344,nan,nan,0,0.05,0.035,0.0436667
juelich_pilot_d30_r5_log_distance_s01_w1,juelich,12345,1,1,log-distance,38,39,veh9,veh6,5,5,0,191.309,1,1.81937,8.37595,-72.3122,24.6641,5,0.05,0.05,0.0436667
juelich_pilot_d30_r5_log_distance_s01_w1,juelich,12345,1,1,log-distance,38,39,veh9,veh7,5,0,1,913.129,0,1.81937,12.8022,nan,nan,0,0.05,0.035,0.0436667
juelich_pilot_d30_r5_log_distance_s01_w1,juelich,12345,1,1,log-distance,38,39,veh9,veh8,5,0,1,957.045,0,1.81937,9.92421,nan,nan,0,0.05,0.025,0.0436667
juelich_pilot_d30_r5_log_distance_s01_w1,juelich,12345,1,1,log-distance,39,40,veh0,veh1,5,0,1,618.2,0,14.0641,7.7931,nan,nan,0,0.06,0.049,0.0442
juelich_pilot_d30_r5_log_distance_s01_w1,juelich,12345,1,1,log-distance,39,40,veh0,veh10,5,5,0,467.358,1,14.0641,8.63054,-80.0707,16.9056,5,0.06,0.05,0.0442
juelich_pilot_d30_r5_log_distance_s01_w1,juelich,12345,1,1,log-distance,39,40,veh0,veh11,5,5,0,562.833,0,14.0641,7.90807,-81.6853,15.291,5,0.06,0.05,0.0442
juelich_pilot_d30_r5_log_distance_s01_w1,juelich,12345,1,1,log-distance,39,40,veh0,veh12,5,5,0,469.881,1,14.0641,1.00369,-80.1175,16.8588,5,0.06,0.05,0.0442
juelich_pilot_d30_r5_log_distance_s01_w1,juelich,12345,1,1,log-distance,39,40,veh0,veh13,5,5,0,135.961,1,14.0641,6.355,-69.342,27.6343,5,0.06,0.06,0.0442
juelich_pilot_d30_r5_log_distance_s01_w1,juelich,12345,1,1,log-distance,39,40,veh0,veh14,5,5,0,492.278,1,14.0641,3.48751,-80.5218,16.4544,5,0.06,0.049,0.0442
juelich_pilot_d30_r5_log_distance_s01_w1,juelich,12345,1,1,log-distance,39,40,veh0,veh4,5,5,0,354.588,1,14.0641,0,-77.6719,19.3044,5,0.06,0.055,0.0442
juelich_pilot_d30_r5_log_distance_s01_w1,juelich,12345,1,1,log-distance,39,40,veh0,veh5,5,5,0,523.284,0,14.0641,8.15114,-81.0525,15.9238,5,0.06,0.035,0.0442
juelich_pilot_d30_r5_log_distance_s01_w1,juelich,12345,1,1,log-distance,39,40,veh0,veh6,5,5,0,450.508,1,14.0641,8.38139,-79.7517,17.2245,5,0.06,0.05,0.0442
juelich_pilot_d30_r5_log_distance_s01_w1,juelich,12345,1,1,log-distance,39,40,veh0,veh7,5,0,1,733.255,0,14.0641,12.7738,nan,nan,0,0.06,0.035,0.0442
juelich_pilot_d30_r5_log_distance_s01_w1,juelich,12345,1,1,log-distance,39,40,veh0,veh8,5,0,1,900.88,0,14.0641,9.89392,nan,nan,0,0.06,0.025,0.0442
juelich_pilot_d30_r5_log_distance_s01_w1,juelich,12345,1,1,log-distance,39,40,veh0,veh9,5,5,0,493.148,1,14.0641,2.38137e-06,-80.537,16.4393,5,0.06,0.05,0.0442
juelich_pilot_d30_r5_log_distance_s01_w1,juelich,12345,1,1,log-distance,39,40,veh1,veh0,5,0,1,618.2,0,7.7931,14.0641,nan,nan,0,0.049,0.06,0.0442
juelich_pilot_d30_r5_log_distance_s01_w1,juelich,12345,1,1,log-distance,39,40,veh1,veh10,5,5,0,279.453,1,7.7931,8.63054,-75.6039,21.3724,5,0.049,0.05,0.0442
juelich_pilot_d30_r5_log_distance_s01_w1,juelich,12345,1,1,log-distance,39,40,veh1,veh11,5,5,0,59.115,1,7.7931,7.90807,-62.1117,34.8646,5,0.049,0.05,0.0442
juelich_pilot_d30_r5_log_distance_s01_w1,juelich,12345,1,1,log-distance,39,40,veh1,veh12,5,0,1,662.833,0,7.7931,1.00369,nan,nan,0,0.049,0.05,0.0442
juelich_pilot_d30_r5_log_distance_s01_w1,juelich,12345,1,1,log-distance,39,40,veh1,veh13,5,5,0,490.672,1,7.7931,6.355,-80.4934,16.4829,5,0.049,0.06,0.0442
juelich_pilot_d30_r5_log_distance_s01_w1,juelich,12345,1,1,log-distance,39,40,veh1,veh14,5,0,1,821.803,0,7.7931,3.48751,nan,nan,0,0.049,0.049,0.0442
juelich_pilot_d30_r5_log_distance_s01_w1,juelich,12345,1,1,log-distance,39,40,veh1,veh4,5,5,0,294.191,1,7.7931,0,-76.05,20.9262,5,0.049,0.055,0.0442
juelich_pilot_d30_r5_log_distance_s01_w1,juelich,12345,1,1,log-distance,39,40,veh1,veh5,5,0,1,964.375,0,7.7931,8.15114,nan,nan,0,0.049,0.035,0.0442
juelich_pilot_d30_r5_log_distance_s01_w1,juelich,12345,1,1,log-distance,39,40,veh1,veh6,5,5,0,301.921,1,7.7931,8.38139,-76.2756,20.7007,5,0.049,0.05,0.0442
juelich_pilot_d30_r5_log_distance_s01_w1,juelich,12345,1,1,log-distance,39,40,veh1,veh7,5,0,1,946.675,0,7.7931,12.7738,nan,nan,0,0.049,0.035,0.0442
juelich_pilot_d30_r5_log_distance_s01_w1,juelich,12345,1,1,log-distance,39,40,veh1,veh8,5,0,1,967.21,0,7.7931,9.89392,nan,nan,0,0.049,0.025,0.0442
juelich_pilot_d30_r5_log_distance_s01_w1,juelich,12345,1,1,log-distance,39,40,veh1,veh9,5,5,0,130.733,1,7.7931,2.38137e-06,-69.0042,27.9721,5,0.049,0.05,0.0442
juelich_pilot_d30_r5_log_distance_s01_w1,juelich,12345,1,1,log-distance,39,40,veh10,veh0,5,5,0,467.358,1,8.63054,14.0641,-80.0707,16.9056,5,0.05,0.06,0.0442
juelich_pilot_d30_r5_log_distance_s01_w1,juelich,12345,1,1,log-distance,39,40,veh10,veh1,5,5,0,279.453,1,8.63054,7.7931,-75.6039,21.3724,5,0.05,0.049,0.0442
juelich_pilot_d30_r5_log_distance_s01_w1,juelich,12345,1,1,log-distance,39,40,veh10,veh11,5,5,0,227.826,1,8.63054,7.90807,-73.8298,23.1465,5,0.05,0.05,0.0442
juelich_pilot_d30_r5_log_distance_s01_w1,juelich,12345,1,1,log-distance,39,40,veh10,veh12,5,5,0,383.924,1,8.63054,1.00369,-78.3625,18.6138,5,0.05,0.05,0.0442
juelich_pilot_d30_r5_log_distance_s01_w1,juelich,12345,1,1,log-distance,39,40,veh10,veh13,5,5,0,332.956,1,8.63054,6.355,-77.1251,19.8512,5,0.05,0.06,0.0442
juelich_pilot_d30_r5_log_distance_s01_w1,juelich,12345,1,1,log-distance,39,40,veh10,veh14,5,5,0,547.457,0,8.63054,3.48751,-81.4445,15.5317,5,0.05,0.049,0.0442
juelich_pilot_d30_r5_log_distance_s01_w1,juelich,12345,1,1,log-distance,39,40,veh10,veh4,5,5,0,130.503,1,8.63054,0,-68.99,27.9863,5,0.05,0.055,0.0442
juelich_pilot_d30_r5_log_distance_s01_w1,juelich,12345,1,1,log-distance,39,40,veh10,veh5,5,0,1,932.076,0,8.63054,8.15114,nan,nan,0,0.05,0.035,0.0442
juelich_pilot_d30_r5_log_distance_s01_w1,juelich,12345,1,1,log-distance,39,40,veh10,veh6,5,5,0,24.6212,1,8.63054,8.38139,-54.5038,42.4724,5,0.05,0.05,0.0442
juelich_pilot_d30_r5_log_distance_s01_w1,juelich,12345,1,1,log-distance,39,40,veh10,veh9,5,5,0,179.519,1,8.63054,2.38137e-06,-71.7595,25.2168,5,0.05,0.05,0.0442
juelich_pilot_d30_r5_log_distance_s01_w1,juelich,12345,1,1,log-distance,39,40,veh11,veh0,5,5,0,562.833,0,7.90807,14.0641,-81.6853,15.291,5,0.05,0.06,0.0442
juelich_pilot_d30_r5_log_distance_s01_w1,juelich,12345,1,1,log-distance,39,40,veh11,veh1,5,5,0,59.115,1,7.90807,7.7931,-62.1117,34.8646,5,0.05,0.049,0.0442
juelich_pilot_d30_r5_log_distance_s01_w1,juelich,12345,1,1,log-distance,39,40,veh11,veh10,5,5,0,227.826,1,7.90807,8.63054,-73.8298,23.1465,5,0.05,0.05,0.0442
juelich_pilot_d30_r5_log_distance_s01_w1,juelich,12345,1,1,log-distance,39,40,veh11,veh12,5,0,1,609.001,0,7.90807,1.00369,nan,nan,0,0.05,0.05,0.0442
juelich_pilot_d30_r5_log_distance_s01_w1,juelich,12345,1,1,log-distance,39,40,veh11,veh13,5,5,0,433.729,1,7.90807,6.355,-79.4219,17.5544,5,0.05,0.06,0.0442
juelich_pilot_d30_r5_log_distance_s01_w1,juelich,12345,1,1,log-distance,39,40,veh11,veh14,5,0,1,765.505,0,7.90807,3.48751,nan,nan,0,0.05,0.049,0.0442
juelich_pilot_d30_r5_log_distance_s01_w1,juelich,12345,1,1,log-distance,39,40,veh11,veh4,5,5,0,235.076,1,7.90807,0,-74.1015,22.8748,5,0.05,0.055,0.0442
juelich_pilot_d30_r5_log_distance_s01_w1,juelich,12345,1,1,log-distance,39,40,veh11,veh5,5,0,1,926.643,0,7.90807,8.15114,nan,nan,0,0.05,0.035,0.0442
juelich_pilot_d30_r5_log_distance_s01_w1,juelich,12345,1,1,log-distance,39,40,veh11,veh6,5,5,0,249.111,1,7.90807,8.38139,-74.6056,22.3707,5,0.05,0.05,0.0442
juelich_pilot_d30_r5_log_distance_s01_w1,juelich,12345,1,1,log-distance,39,40,veh11,veh7,5,0,1,928.387,0,7.90807,12.7738,nan,nan,0,0.05,0.035,0.0442
juelich_pilot_d30_r5_log_distance_s01_w1,juelich,12345,1,1,log-distance,39,40,veh11,veh8,5,0,1,963.335,0,7.90807,9.89392,nan,nan,0,0.05,0.025,0.0442
juelich_pilot_d30_r5_log_distance_s01_w1,juelich,12345,1,1,log-distance,39,40,veh11,veh9,5,5,0,71.9429,1,7.90807,2.38137e-06,-63.8133,33.163,5,0.05,0.05,0.0442
juelich_pilot_d30_r5_log_distance_s01_w1,juelich,12345,1,1,log-distance,39,40,veh12,veh0,5,5,0,469.881,1,1.00369,14.0641,-80.1175,16.8588,5,0.05,0.06,0.0442
juelich_pilot_d30_r5_log_distance_s01_w1,juelich,12345,1,1,log-distance,39,40,veh12,veh1,5,0,1,662.833,0,1.00369,7.7931,nan,nan,0,0.05,0.049,0.0442
juelich_pilot_d30_r5_log_distance_s01_w1,juelich,12345,1,1,log-distance,39,40,veh12,veh10,5,5,0,383.924,1,1.00369,8.63054,-78.3625,18.6138,5,0.05,0.05,0.0442
juelich_pilot_d30_r5_log_distance_s01_w1,juelich,12345,1,1,log-distance,39,40,veh12,veh11,5,0,1,609.001,0,1.00369,7.90807,nan,nan,0,0.05,0.05,0.0442
juelich_pilot_d30_r5_log_distance_s01_w1,juelich,12345,1,1,log-distance,39,40,veh12,veh13,5,5,0,408.919,1,1.00369,6.355,-78.9104,18.0659,5,0.05,0.06,0.0442
juelich_pilot_d30_r5_log_distance_s01_w1,juelich,12345,1,1,log-distance,39,40,veh12,veh14,5,5,0,177.944,1,1.00369,3.48751,-71.6832,25.2931,5,0.05,0.049,0.0442
juelich_pilot_d30_r5_log_distance_s01_w1,juelich,12345,1,1,log-distance,39,40,veh12,veh4,5,5,0,409.89,1,1.00369,0,-78.931,18.0452,5,0.05,0.055,0.0442
juelich_pilot_d30_r5_log_distance_s01_w1,juelich,12345,1,1,log-distance,39,40,veh12,veh5,5,0,1,990.258,0,1.00369,8.15114,nan,nan,0,0.05,0.035,0.0442
juelich_pilot_d30_r5_log_distance_s01_w1,juelich,12345,1,1,log-distance,39,40,veh12,veh6,5,5,0,360.958,1,1.00369,8.38139,-77.8267,19.1496,5,0.05,0.05,0.0442
juelich_pilot_d30_r5_log_distance_s01_w1,juelich,12345,1,1,log-distance,39,40,veh12,veh9,5,5,0,550.541,0,1.00369,2.38137e-06,-81.4935,15.4828,5,0.05,0.05,0.0442
juelich_pilot_d30_r5_log_distance_s01_w1,juelich,12345,1,1,log-distance,39,40,veh13,veh0,5,5,0,135.961,1,6.355,14.0641,-69.342,27.6343,5,0.06,0.06,0.0442
juelich_pilot_d30_r5_log_distance_s01_w1,juelich,12345,1,1,log-distance,39,40,veh13,veh1,5,5,0,490.672,1,6.355,7.7931,-80.4934,16.4829,5,0.06,0.049,0.0442
juelich_pilot_d30_r5_log_distance_s01_w1,juelich,12345,1,1,log-distance,39,40,veh13,veh10,5,5,0,332.956,1,6.355,8.63054,-77.1251,19.8512,5,0.06,0.05,0.0442
juelich_pilot_d30_r5_log_distance_s01_w1,juelich,12345,1,1,log-distance,39,40,veh13,veh11,5,5,0,433.729,1,6.355,7.90807,-79.4219,17.5544,5,0.06,0.05,0.0442
juelich_pilot_d30_r5_log_distance_s01_w1,juelich,12345,1,1,log-distance,39,40,veh13,veh12,5,5,0,408.919,1,6.355,1.00369,-78.9104,18.0659,5,0.06,0.05,0.0442
juelich_pilot_d30_r5_log_distance_s01_w1,juelich,12345,1,1,log-distance,39,40,veh13,veh14,5,5,0,479.891,1,6.355,3.48751,-80.3005,16.6758,5,0.06,0.049,0.0442
juelich_pilot_d30_r5_log_distance_s01_w1,juelich,12345,1,1,log-distance,39,40,veh13,veh4,5,5,0,218.755,1,6.355,0,-73.4767,23.4995,5,0.06,0.055,0.0442
juelich_pilot_d30_r5_log_distance_s01_w1,juelich,12345,1,1,log-distance,39,40,veh13,veh5,5,0,1,623.994,0,6.355,8.15114,nan,nan,0,0.06,0.035,0.0442
juelich_pilot_d30_r5_log_distance_s01_w1,juelich,12345,1,1,log-distance,39,40,veh13,veh6,5,5,0,317.24,1,6.355,8.38139,-76.7051,20.2712,5,0.06,0.05,0.0442
juelich_pilot_d30_r5_log_distance_s01_w1,juelich,12345,1,1,log-distance,39,40,veh13,veh7,5,0,1,782.732,0,6.355,12.7738,nan,nan,0,0.06,0.035,0.0442
juelich_pilot_d30_r5_log_distance_s01_w1,juelich,12345,1,1,log-distance,39,40,veh13,veh8,5,0,1,921.695,0,6.355,9.89392,nan,nan,0,0.06,0.025,0.0442
juelich_pilot_d30_r5_log_distance_s01_w1,juelich,12345,1,1,log-distance,39,40,veh13,veh9,5,5,0,362.736,1,6.355,2.38137e-06,-77.8695,19.1068,5,0.06,0.05,0.0442
juelich_pilot_d30_r5_log_distance_s01_w1,juelich,12345,1,1,log-distance,39,40,veh14,veh0,5,5,0,492.278,1,3.48751,14.0641,-80.5218,16.4544,5,0.049,0.06,0.0442
juelich_pilot_d30_r5_log_distance_s01_w1,juelich,12345,1,1,log-distance,39,40,veh14,veh1,5,0,1,821.803,0,3.48751,7.7931,nan,nan,0,0.049,0.049,0.0442
juelich_pilot_d30_r5_log_distance_s01_w1,juelich,12345,1,1,log-distance,39,40,veh14,veh10,5,5,0,547.457,0,3.48751,8.63054,-81.4445,15.5317,5,0.049,0.05,0.0442
juelich_pilot_d30_r5_log_distance_s01_w1,juelich,12345,1,1,log-distance,39,40,veh14,veh11,5,0,1,765.505,0,3.48751,7.90807,nan,nan,0,0.049,0.05,0.0442
juelich_pilot_d30_r5_log_distance_s01_w1,juelich,12345,1,1,log-distance,39,40,veh14,veh12,5,5,0,177.944,1,3.48751,1.00369,-71.6832,25.2931,5,0.049,0.05,0.0442
juelich_pilot_d30_r5_log_distance_s01_w1,juelich,12345,1,1,log-distance,39,40,veh14,veh13,5,5,0,479.891,1,3.48751,6.355,-80.3005,16.6758,5,0.049,0.06,0.0442
juelich_pilot_d30_r5_log_distance_s01_w1,juelich,12345,1,1,log-distance,39,40,veh14,veh4,5,5,0,547.73,0,3.48751,0,-81.449,15.5273,5,0.049,0.055,0.0442
juelich_pilot_d30_r5_log_distance_s01_w1,juelich,12345,1,1,log-distance,39,40,veh14,veh5,5,0,1,981.262,0,3.48751,8.15114,nan,nan,0,0.049,0.035,0.0442
juelich_pilot_d30_r5_log_distance_s01_w1,juelich,12345,1,1,log-distance,39,40,veh14,veh6,5,5,0,523.37,0,3.48751,8.38139,-81.0537,15.9226,5,0.049,0.05,0.0442
juelich_pilot_d30_r5_log_distance_s01_w1,juelich,12345,1,1,log-distance,39,40,veh14,veh9,5,0,1,701.866,0,3.48751,2.38137e-06,nan,nan,0,0.049,0.05,0.0442
juelich_pilot_d30_r5_log_distance_s01_w1,juelich,12345,1,1,log-distance,39,40,veh2,veh3,5,5,0,84.2836,1,0,12.12,-65.1854,31.7909,5,0.02,0.025,0.0442
juelich_pilot_d30_r5_log_distance_s01_w1,juelich,12345,1,1,log-distance,39,40,veh2,veh5,5,0,1,832.919,0,0,8.15114,nan,nan,0,0.02,0.035,0.0442
juelich_pilot_d30_r5_log_distance_s01_w1,juelich,12345,1,1,log-distance,39,40,veh2,veh7,5,5,0,515.618,0,0,12.7738,-80.9241,16.0522,5,0.02,0.035,0.0442
juelich_pilot_d30_r5_log_distance_s01_w1,juelich,12345,1,1,log-distance,39,40,veh2,veh8,5,5,0,381.659,1,0,9.89392,-78.3112,18.6651,5,0.02,0.025,0.0442
juelich_pilot_d30_r5_log_distance_s01_w1,juelich,12345,1,1,log-distance,39,40,veh3,veh2,5,5,0,84.2836,1,12.12,0,-65.1854,31.7909,5,0.025,0.02,0.0442
juelich_pilot_d30_r5_log_distance_s01_w1,juelich,12345,1,1,log-distance,39,40,veh3,veh5,5,0,1,748.7,0,12.12,8.15114,nan,nan,0,0.025,0.035,0.0442
juelich_pilot_d30_r5_log_distance_s01_w1,juelich,12345,1,1,log-distance,39,40,veh3,veh7,5,5,0,433.371,1,12.12,12.7738,-79.4149,17.5614,5,0.025,0.035,0.0442
juelich_pilot_d30_r5_log_distance_s01_w1,juelich,12345,1,1,log-distance,39,40,veh3,veh8,5,5,0,318.583,1,12.12,9.89392,-76.7421,20.2342,5,0.025,0.025,0.0442
juelich_pilot_d30_r5_log_distance_s01_w1,juelich,12345,1,1,log-distance,39,40,veh4,veh0,5,5,0,354.588,1,0,14.0641,-77.6719,19.3044,5,0.055,0.06,0.0442
juelich_pilot_d30_r5_log_distance_s01_w1,juelich,12345,1,1,log-distance,39,40,veh4,veh1,5,5,0,294.191,1,0,7.7931,-76.05,20.9262,5,0.055,0.049,0.0442
juelich_pilot_d30_r5_log_distance_s01_w1,juelich,12345,1,1,log-distance,39,40,veh4,veh10,5,5,0,130.503,1,0,8.63054,-68.99,27.9863,5,0.055,0.05,0.0442
juelich_pilot_d30_r5_log_distance_s01_w1,juelich,12345,1,1,log-distance,39,40,veh4,veh11,5,5,0,235.076,1,0,7.90807,-74.1015,22.8748,5,0.055,0.05,0.0442
juelich_pilot_d30_r5_log_distance_s01_w1,juelich,12345,1,1,log-distance,39,40,veh4,veh12,5,5,0,409.89,1,0,1.00369,-78.931,18.0452,5,0.055,0.05,0.0442
juelich_pilot_d30_r5_log_distance_s01_w1,juelich,12345,1,1,log-distance,39,40,veh4,veh13,5,5,0,218.755,1,0,6.355,-73.4767,23.4995,5,0.055,0.06,0.0442
juelich_pilot_d30_r5_log_distance_s01_w1,juelich,12345,1,1,log-distance,39,40,veh4,veh14,5,5,0,547.73,0,0,3.48751,-81.449,15.5273,5,0.055,0.049,0.0442
juelich_pilot_d30_r5_log_distance_s01_w1,juelich,12345,1,1,log-distance,39,40,veh4,veh5,5,0,1,802.14,0,0,8.15114,nan,nan,0,0.055,0.035,0.0442
juelich_pilot_d30_r5_log_distance_s01_w1,juelich,12345,1,1,log-distance,39,40,veh4,veh6,5,5,0,124.936,1,0,8.38139,-68.6114,28.3649,5,0.055,0.05,0.0442
juelich_pilot_d30_r5_log_distance_s01_w1,juelich,12345,1,1,log-distance,39,40,veh4,veh7,5,0,1,891.019,0,0,12.7738,nan,nan,0,0.055,0.035,0.0442
juelich_pilot_d30_r5_log_distance_s01_w1,juelich,12345,1,1,log-distance,39,40,veh4,veh8,5,0,1,983.139,0,0,9.89392,nan,nan,0,0.055,0.025,0.0442
juelich_pilot_d30_r5_log_distance_s01_w1,juelich,12345,1,1,log-distance,39,40,veh4,veh9,5,5,0,164.137,1,0,2.38137e-06,-70.9818,25.9944,5,0.055,0.05,0.0442
juelich_pilot_d30_r5_log_distance_s01_w1,juelich,12345,1,1,log-distance,39,40,veh5,veh0,5,5,0,523.284,0,8.15114,14.0641,-81.0525,15.9238,5,0.035,0.06,0.0442
juelich_pilot_d30_r5_log_distance_s01_w1,juelich,12345,1,1,log-distance,39,40,veh5,veh1,5,0,1,964.375,0,8.15114,7.7931,nan,nan,0,0.035,0.049,0.0442
juelich_pilot_d30_r5_log_distance_s01_w1,juelich,12345,1,1,log-distance,39,40,veh5,veh10,5,0,1,932.076,0,8.15114,8.63054,nan,nan,0,0.035,0.05,0.0442
juelich_pilot_d30_r5_log_distance_s01_w1,juelich,12345,1,1,log-distance,39,40,veh5,veh11,5,0,1,926.643,0,8.15114,7.90807,nan,nan,0,0.035,0.05,0.0442
juelich_pilot_d30_r5_log_distance_s01_w1,juelich,12345,1,1,log-distance,39,40,veh5,veh12,5,0,1,990.258,0,8.15114,1.00369,nan,nan,0,0.035,0.05,0.0442
juelich_pilot_d30_r5_log_distance_s01_w1,juelich,12345,1,1,log-distance,39,40,veh5,veh13,5,0,1,623.994,0,8.15114,6.355,nan,nan,0,0.035,0.06,0.0442
juelich_pilot_d30_r5_log_distance_s01_w1,juelich,12345,1,1,log-distance,39,40,veh5,veh14,5,0,1,981.262,0,8.15114,3.48751,nan,nan,0,0.035,0.049,0.0442
juelich_pilot_d30_r5_log_distance_s01_w1,juelich,12345,1,1,log-distance,39,40,veh5,veh2,5,0,1,832.919,0,8.15114,0,nan,nan,0,0.035,0.02,0.0442
juelich_pilot_d30_r5_log_distance_s01_w1,juelich,12345,1,1,log-distance,39,40,veh5,veh3,5,0,1,748.7,0,8.15114,12.12,nan,nan,0,0.035,0.025,0.0442
juelich_pilot_d30_r5_log_distance_s01_w1,juelich,12345,1,1,log-distance,39,40,veh5,veh4,5,0,1,802.14,0,8.15114,0,nan,nan,0,0.035,0.055,0.0442
juelich_pilot_d30_r5_log_distance_s01_w1,juelich,12345,1,1,log-distance,39,40,veh5,veh6,5,0,1,922.613,0,8.15114,8.38139,nan,nan,0,0.035,0.05,0.0442
juelich_pilot_d30_r5_log_distance_s01_w1,juelich,12345,1,1,log-distance,39,40,veh5,veh7,5,5,0,353.628,1,8.15114,12.7738,-77.6482,19.3281,5,0.035,0.035,0.0442
juelich_pilot_d30_r5_log_distance_s01_w1,juelich,12345,1,1,log-distance,39,40,veh5,veh8,5,0,1,589.254,0,8.15114,9.89392,nan,nan,0,0.035,0.025,0.0442
juelich_pilot_d30_r5_log_distance_s01_w1,juelich,12345,1,1,log-distance,39,40,veh5,veh9,5,0,1,875.972,0,8.15114,2.38137e-06,nan,nan,0,0.035,0.05,0.0442
juelich_pilot_d30_r5_log_distance_s01_w1,juelich,12345,1,1,log-distance,39,40,veh6,veh0,5,5,0,450.508,1,8.38139,14.0641,-79.7517,17.2245,5,0.05,0.06,0.0442
juelich_pilot_d30_r5_log_distance_s01_w1,juelich,12345,1,1,log-distance,39,40,veh6,veh1,5,5,0,301.921,1,8.38139,7.7931,-76.2756,20.7007,5,0.05,0.049,0.0442
juelich_pilot_d30_r5_log_distance_s01_w1,juelich,12345,1,1,log-distance,39,40,veh6,veh10,5,5,0,24.6212,1,8.38139,8.63054,-54.5038,42.4724,5,0.05,0.05,0.0442
juelich_pilot_d30_r5_log_distance_s01_w1,juelich,12345,1,1,log-distance,39,40,veh6,veh11,5,5,0,249.111,1,8.38139,7.90807,-74.6056,22.3707,5,0.05,0.05,0.0442
juelich_pilot_d30_r5_log_distance_s01_w1,juelich,12345,1,1,log-distance,39,40,veh6,veh12,5,5,0,360.958,1,8.38139,1.00369,-77.8267,19.1496,5,0.05,0.05,0.0442
juelich_pilot_d30_r5_log_distance_s01_w1,juelich,12345,1,1,log-distance,39,40,veh6,veh13,5,5,0,317.24,1,8.38139,6.355,-76.7051,20.2712,5,0.05,0.06,0.0442
juelich_pilot_d30_r5_log_distance_s01_w1,juelich,12345,1,1,log-distance,39,40,veh6,veh14,5,5,0,523.37,0,8.38139,3.48751,-81.0537,15.9226,5,0.05,0.049,0.0442
juelich_pilot_d30_r5_log_distance_s01_w1,juelich,12345,1,1,log-distance,39,40,veh6,veh4,5,5,0,124.936,1,8.38139,0,-68.6114,28.3649,5,0.05,0.055,0.0442
juelich_pilot_d30_r5_log_distance_s01_w1,juelich,12345,1,1,log-distance,39,40,veh6,veh5,5,0,1,922.613,0,8.38139,8.15114,nan,nan,0,0.05,0.035,0.0442
juelich_pilot_d30_r5_log_distance_s01_w1,juelich,12345,1,1,log-distance,39,40,veh6,veh9,5,5,0,197.177,1,8.38139,2.38137e-06,-72.5745,24.4018,5,0.05,0.05,0.0442
juelich_pilot_d30_r5_log_distance_s01_w1,juelich,12345,1,1,log-distance,39,40,veh7,veh0,5,0,1,733.255,0,12.7738,14.0641,nan,nan,0,0.035,0.06,0.0442
juelich_pilot_d30_r5_log_distance_s01_w1,juelich,12345,1,1,log-distance,39,40,veh7,veh1,5,0,1,946.675,0,12.7738,7.7931,nan,nan,0,0.035,0.049,0.0442
juelich_pilot_d30_r5_log_distance_s01_w1,juelich,12345,1,1,log-distance,39,40,veh7,veh11,5,0,1,928.387,0,12.7738,7.90807,nan,nan,0,0.035,0.05,0.0442
juelich_pilot_d30_r5_log_distance_s01_w1,juelich,12345,1,1,log-distance,39,40,veh7,veh13,5,0,1,782.732,0,12.7738,6.355,nan,nan,0,0.035,0.06,0.0442
juelich_pilot_d30_r5_log_distance_s01_w1,juelich,12345,1,1,log-distance,39,40,veh7,veh2,5,5,0,515.618,0,12.7738,0,-80.9241,16.0522,5,0.035,0.02,0.0442
juelich_pilot_d30_r5_log_distance_s01_w1,juelich,12345,1,1,log-distance,39,40,veh7,veh3,5,5,0,433.371,1,12.7738,12.12,-79.4149,17.5614,5,0.035,0.025,0.0442
juelich_pilot_d30_r5_log_distance_s01_w1,juelich,12345,1,1,log-distance,39,40,veh7,veh4,5,0,1,891.019,0,12.7738,0,nan,nan,0,0.035,0.055,0.0442
juelich_pilot_d30_r5_log_distance_s01_w1,juelich,12345,1,1,log-distance,39,40,veh7,veh5,5,5,0,353.628,1,12.7738,8.15114,-77.6482,19.3281,5,0.035,0.035,0.0442
juelich_pilot_d30_r5_log_distance_s01_w1,juelich,12345,1,1,log-distance,39,40,veh7,veh8,5,5,0,237.812,1,12.7738,9.89392,-74.2016,22.7747,5,0.035,0.025,0.0442
juelich_pilot_d30_r5_log_distance_s01_w1,juelich,12345,1,1,log-distance,39,40,veh7,veh9,5,0,1,901.062,0,12.7738,2.38137e-06,nan,nan,0,0.035,0.05,0.0442
juelich_pilot_d30_r5_log_distance_s01_w1,juelich,12345,1,1,log-distance,39,40,veh8,veh0,5,0,1,900.88,0,9.89392,14.0641,nan,nan,0,0.025,0.06,0.0442
juelich_pilot_d30_r5_log_distance_s01_w1,juelich,12345,1,1,log-distance,39,40,veh8,veh1,5,0,1,967.21,0,9.89392,7.7931,nan,nan,0,0.025,0.049,0.0442
juelich_pilot_d30_r5_log_distance_s01_w1,juelich,12345,1,1,log-distance,39,40,veh8,veh11,5,0,1,963.335,0,9.89392,7.90807,nan,nan,0,0.025,0.05,0.0442
juelich_pilot_d30_r5_log_distance_s01_w1,juelich,12345,1,1,log-distance,39,40,veh8,veh13,5,0,1,921.695,0,9.89392,6.355,nan,nan,0,0.025,0.06,0.0442
juelich_pilot_d30_r5_log_distance_s01_w1,juelich,12345,1,1,log-distance,39,40,veh8,veh2,5,5,0,381.659,1,9.89392,0,-78.3112,18.6651,5,0.025,0.02,0.0442
juelich_pilot_d30_r5_log_distance_s01_w1,juelich,12345,1,1,log-distance,39,40,veh8,veh3,5,5,0,318.583,1,9.89392,12.12,-76.7421,20.2342,5,0.025,0.025,0.0442
juelich_pilot_d30_r5_log_distance_s01_w1,juelich,12345,1,1,log-distance,39,40,veh8,veh4,5,0,1,983.139,0,9.89392,0,nan,nan,0,0.025,0.055,0.0442
juelich_pilot_d30_r5_log_distance_s01_w1,juelich,12345,1,1,log-distance,39,40,veh8,veh5,5,0,1,589.254,0,9.89392,8.15114,nan,nan,0,0.025,0.035,0.0442
juelich_pilot_d30_r5_log_distance_s01_w1,juelich,12345,1,1,log-distance,39,40,veh8,veh7,5,5,0,237.812,1,9.89392,12.7738,-74.2016,22.7747,5,0.025,0.035,0.0442
juelich_pilot_d30_r5_log_distance_s01_w1,juelich,12345,1,1,log-distance,39,40,veh8,veh9,5,0,1,953.341,0,9.89392,2.38137e-06,nan,nan,0,0.025,0.05,0.0442
juelich_pilot_d30_r5_log_distance_s01_w1,juelich,12345,1,1,log-distance,39,40,veh9,veh0,5,5,0,493.148,1,2.38137e-06,14.0641,-80.537,16.4393,5,0.05,0.06,0.0442
juelich_pilot_d30_r5_log_distance_s01_w1,juelich,12345,1,1,log-distance,39,40,veh9,veh1,5,5,0,130.733,1,2.38137e-06,7.7931,-69.0042,27.9721,5,0.05,0.049,0.0442
juelich_pilot_d30_r5_log_distance_s01_w1,juelich,12345,1,1,log-distance,39,40,veh9,veh10,5,5,0,179.519,1,2.38137e-06,8.63054,-71.7595,25.2168,5,0.05,0.05,0.0442
juelich_pilot_d30_r5_log_distance_s01_w1,juelich,12345,1,1,log-distance,39,40,veh9,veh11,5,5,0,71.9429,1,2.38137e-06,7.90807,-63.8133,33.163,5,0.05,0.05,0.0442
juelich_pilot_d30_r5_log_distance_s01_w1,juelich,12345,1,1,log-distance,39,40,veh9,veh12,5,5,0,550.541,0,2.38137e-06,1.00369,-81.4935,15.4828,5,0.05,0.05,0.0442
juelich_pilot_d30_r5_log_distance_s01_w1,juelich,12345,1,1,log-distance,39,40,veh9,veh13,5,5,0,362.736,1,2.38137e-06,6.355,-77.8695,19.1068,5,0.05,0.06,0.0442
juelich_pilot_d30_r5_log_distance_s01_w1,juelich,12345,1,1,log-distance,39,40,veh9,veh14,5,0,1,701.866,0,2.38137e-06,3.48751,nan,nan,0,0.05,0.049,0.0442
juelich_pilot_d30_r5_log_distance_s01_w1,juelich,12345,1,1,log-distance,39,40,veh9,veh4,5,5,0,164.137,1,2.38137e-06,0,-70.9818,25.9944,5,0.05,0.055,0.0442
juelich_pilot_d30_r5_log_distance_s01_w1,juelich,12345,1,1,log-distance,39,40,veh9,veh5,5,0,1,875.972,0,2.38137e-06,8.15114,nan,nan,0,0.05,0.035,0.0442
juelich_pilot_d30_r5_log_distance_s01_w1,juelich,12345,1,1,log-distance,39,40,veh9,veh6,5,5,0,197.177,1,2.38137e-06,8.38139,-72.5745,24.4018,5,0.05,0.05,0.0442
juelich_pilot_d30_r5_log_distance_s01_w1,juelich,12345,1,1,log-distance,39,40,veh9,veh7,5,0,1,901.062,0,2.38137e-06,12.7738,nan,nan,0,0.05,0.035,0.0442
juelich_pilot_d30_r5_log_distance_s01_w1,juelich,12345,1,1,log-distance,39,40,veh9,veh8,5,0,1,953.341,0,2.38137e-06,9.89392,nan,nan,0,0.05,0.025,0.0442
juelich_pilot_d30_r5_log_distance_s01_w1,juelich,12345,1,1,log-distance,40,41,veh0,veh1,5,0,1,623.99,0,14.0512,7.77338,nan,nan,0,0.062,0.05,0.0436875
juelich_pilot_d30_r5_log_distance_s01_w1,juelich,12345,1,1,log-distance,40,41,veh0,veh10,5,5,0,471.056,1,14.0512,8.65389,-80.1391,16.8372,5,0.062,0.05,0.0436875
juelich_pilot_d30_r5_log_distance_s01_w1,juelich,12345,1,1,log-distance,40,41,veh0,veh11,5,5,0,568.42,0,14.0512,7.89633,-81.771,15.2052,5,0.062,0.05,0.0436875
juelich_pilot_d30_r5_log_distance_s01_w1,juelich,12345,1,1,log-distance,40,41,veh0,veh12,5,5,0,469.168,1,14.0512,0,-80.1043,16.872,5,0.062,0.05,0.0436875
juelich_pilot_d30_r5_log_distance_s01_w1,juelich,12345,1,1,log-distance,40,41,veh0,veh13,5,5,0,150.798,1,14.0512,6.34109,-70.2422,26.7341,5,0.062,0.062,0.0436875
juelich_pilot_d30_r5_log_distance_s01_w1,juelich,12345,1,1,log-distance,40,41,veh0,veh14,5,5,0,485.528,1,14.0512,5.44611,-80.4019,16.5744,5,0.062,0.05,0.0436875
juelich_pilot_d30_r5_log_distance_s01_w1,juelich,12345,1,1,log-distance,40,41,veh0,veh15,2,2,0,531.749,0,14.0626,0.489625,-81.1918,15.7845,2,0.062,0.024,0.0436875
juelich_pilot_d30_r5_log_distance_s01_w1,juelich,12345,1,1,log-distance,40,41,veh0,veh4,5,5,0,365.516,1,14.0512,1.20493,-77.9356,19.0407,5,0.062,0.055,0.0436875
juelich_pilot_d30_r5_log_distance_s01_w1,juelich,12345,1,1,log-distance,40,41,veh0,veh5,5,5,0,521.626,0,14.0512,8.1477,-81.0249,15.9514,5,0.062,0.037,0.0436875
juelich_pilot_d30_r5_log_distance_s01_w1,juelich,12345,1,1,log-distance,40,41,veh0,veh6,5,5,0,454.239,1,14.0512,8.41646,-79.8234,17.1529,5,0.062,0.05,0.0436875
juelich_pilot_d30_r5_log_distance_s01_w1,juelich,12345,1,1,log-distance,40,41,veh0,veh7,5,0,1,726.843,0,14.0512,12.8105,nan,nan,0,0.062,0.037,0.0436875
juelich_pilot_d30_r5_log_distance_s01_w1,juelich,12345,1,1,log-distance,40,41,veh0,veh8,5,0,1,910.084,0,14.0512,9.87348,nan,nan,0,0.062,0.027,0.0436875
juelich_pilot_d30_r5_log_distance_s01_w1,juelich,12345,1,1,log-distance,40,41,veh0,veh9,5,5,0,506.099,0,14.0512,1.18126,-80.7622,16.2141,5,0.062,0.05,0.0436875
juelich_pilot_d30_r5_log_distance_s01_w1,juelich,12345,1,1,log-distance,40,41,veh1,veh0,5,0,1,623.99,0,7.77338,14.0512,nan,nan,0,0.05,0.062,0.0436875
juelich_pilot_d30_r5_log_distance_s01_w1,juelich,12345,1,1,log-distance,40,41,veh1,veh10,5,5,0,280.28,1,7.77338,8.65389,-75.6295,21.3467,5,0.05,0.05,0.0436875
juelich_pilot_d30_r5_log_distance_s01_w1,juelich,12345,1,1,log-distance,40,41,veh1,veh11,5,5,0,59.2394,1,7.77338,7.89633,-62.1299,34.8464,5,0.05,0.05,0.0436875
juelich_pilot_d30_r5_log_distance_s01_w1,juelich,12345,1,1,log-distance,40,41,veh1,veh12,5,0,1,655.796,0,7.77338,0,nan,nan,0,0.05,0.05,0.0436875
juelich_pilot_d30_r5_log_distance_s01_w1,juelich,12345,1,1,log-distance,40,41,veh1,veh13,5,5,0,481.571,1,7.77338,6.34109,-80.3308,16.6455,5,0.05,0.062,0.0436875
juelich_pilot_d30_r5_log_distance_s01_w1,juelich,12345,1,1,log-distance,40,41,veh1,veh14,5,0,1,810.391,0,7.77338,5.44611,nan,nan,0,0.05,0.05,0.0436875
juelich_pilot_d30_r5_log_distance_s01_w1,juelich,12345,1,1,log-distance,40,41,veh1,veh4,5,5,0,286.878,1,7.77338,1.20493,-75.8315,21.1448,5,0.05,0.055,0.0436875
juelich_pilot_d30_r5_log_distance_s01_w1,juelich,12345,1,1,log-distance,40,41,veh1,veh5,5,0,1,953.774,0,7.77338,8.1477,nan,nan,0,0.05,0.037,0.0436875
juelich_pilot_d30_r5_log_distance_s01_w1,juelich,12345,1,1,log-distance,40,41,veh1,veh6,5,5,0,302.531,1,7.77338,8.41646,-76.2931,20.6832,5,0.05,0.05,0.0436875
juelich_pilot_d30_r5_log_distance_s01_w1,juelich,12345,1,1,log-distance,40,41,veh1,veh7,5,0,1,932.033,0,7.77338,12.8105,nan,nan,0,0.05,0.037,0.0436875
juelich_pilot_d30_r5_log_distance_s01_w1,juelich,12345,1,1,log-distance,40,41,veh1,veh8,5,0,1,961.304,0,7.77338,9.87348,nan,nan,0,0.05,0.027,0.0436875
juelich_pilot_d30_r5_log_distance_s01_w1,juelich,12345,1,1,log-distance,40,41,veh1,veh9,5,5,0,122.941,1,7.77338,1.18126,-68.4702,28.5061,5,0.05,0.05,0.0436875
juelich_pilot_d30_r5_log_distance_s01_w1,juelich,12345,1,1,log-distance,40,41,veh10,veh0,5,5,0,471.056,1,8.65389,14.0512,-80.1391,16.8372,5,0.05,0.062,0.0436875
juelich_pilot_d30_r5_log_distance_s01_w1,juelich,12345,1,1,log-distance,40,41,veh10,veh1,5,5,0,280.28,1,8.65389,7.77338,-75.6295,21.3467,5,0.05,0.05,0.0436875
juelich_pilot_d30_r5_log_distance_s01_w1,juelich,12345,1,1,log-distance,40,41,veh10,veh11,5,5,0,228.514,1,8.65389,7.89633,-73.856,23.1203,5,0.05,0.05,0.0436875
juelich_pilot_d30_r5_log_distance_s01_w1,juelich,12345,1,1,log-distance,40,41,veh10,veh12,5,5,0,375.939,1,8.65389,0,-78.1799,18.7964,5,0.05,0.05,0.0436875
juelich_pilot_d30_r5_log_distance_s01_w1,juelich,12345,1,1,log-distance,40,41,veh10,veh13,5,5,0,322.552,1,8.65389,6.34109,-76.8493,20.1269,5,0.05,0.062,0.0436875
juelich_pilot_d30_r5_log_distance_s01_w1,juelich,12345,1,1,log-distance,40,41,veh10,veh14,5,5,0,534.857,0,8.65389,5.44611,-81.2422,15.734,5,0.05,0.05,0.0436875
juelich_pilot_d30_r5_log_distance_s01_w1,juelich,12345,1,1,log-distance,40,41,veh10,veh15,2,0,1,980.223,0,8.65025,0.489625,nan,nan,0,0.05,0.024,0.0436875
juelich_pilot_d30_r5_log_distance_s01_w1,juelich,12345,1,1,log-distance,40,41,veh10,veh4,5,5,0,128.159,1,8.65389,1.20493,-68.8326,28.1437,5,0.05,0.055,0.0436875
juelich_pilot_d30_r5_log_distance_s01_w1,juelich,12345,1,1,log-distance,40,41,veh10,veh5,5,0,1,925.156,0,8.65389,8.1477,nan,nan,0,0.05,0.037,0.0436875
juelich_pilot_d30_r5_log_distance_s01_w1,juelich,12345,1,1,log-distance,40,41,veh10,veh6,5,5,0,24.3663,1,8.65389,8.41646,-54.4135,42.5628,5,0.05,0.05,0.0436875
juelich_pilot_d30_r5_log_distance_s01_w1,juelich,12345,1,1,log-distance,40,41,veh10,veh7,1,0,1,997.675,0,8.60899,12.8159,nan,nan,0,0.05,0.037,0.0436875
juelich_pilot_d30_r5_log_distance_s01_w1,juelich,12345,1,1,log-distance,40,41,veh10,veh9,5,5,0,185.208,1,8.65389,1.18126,-72.0306,24.9457,5,0.05,0.05,0.0436875
juelich_pilot_d30_r5_log_distance_s01_w1,juelich,12345,1,1,log-distance,40,41,veh11,veh0,5,3,0.4,568.42,0,7.89633,14.0512,-81.7536,15.2226,3,0.05,0.062,0.0436875
juelich_pilot_d30_r5_log_distance_s01_w1,juelich,12345,1,1,log-distance,40,41,veh11,veh1,5,5,0,59.2394,1,7.89633,7.77338,-62.1299,34.8464,5,0.05,0.05,0.0436875
juelich_pilot_d30_r5_log_distance_s01_w1,juelich,12345,1,1,log-distance,40,41,veh11,veh10,5,5,0,228.514,1,7.89633,8.65389,-73.856,23.1203,5,0.05,0.05,0.0436875
juelich_pilot_d30_r5_log_distance_s01_w1,juelich,12345,1,1,log-distance,40,41,veh11,veh12,5,0,1,601.985,0,7.89633,0,nan,nan,0,0.05,0.05,0.0436875
juelich_pilot_d30_r5_log_distance_s01_w1,juelich,12345,1,1,log-distance,40,41,veh11,veh13,5,3,0.4,424.369,1,7.89633,6.34109,-79.2705,17.7057,3,0.05,0.062,0.0436875
juelich_pilot_d30_r5_log_distance_s01_w1,juelich,12345,1,1,log-distance,40,41,veh11,veh14,5,0,1,754.084,0,7.89633,5.44611,nan,nan,0,0.05,0.05,0.0436875
juelich_pilot_d30_r5_log_distance_s01_w1,juelich,12345,1,1,log-distance,40,41,veh11,veh4,5,5,0,227.639,1,7.89633,1.20493,-73.8223,23.1539,5,0.05,0.055,0.0436875
juelich_pilot_d30_r5_log_distance_s01_w1,juelich,12345,1,1,log-distance,40,41,veh11,veh5,5,0,1,916.552,0,7.89633,8.1477,nan,nan,0,0.05,0.037,0.0436875
juelich_pilot_d30_r5_log_distance_s01_w1,juelich,12345,1,1,log-distance,40,41,veh11,veh6,5,5,0,249.6,1,7.89633,8.41646,-74.6226,22.3537,5,0.05,0.05,0.0436875
juelich_pilot_d30_r5_log_distance_s01_w1,juelich,12345,1,1,log-distance,40,41,veh11,veh7,5,0,1,913.913,0,7.89633,12.8105,nan,nan,0,0.05,0.037,0.0436875
juelich_pilot_d30_r5_log_distance_s01_w1,juelich,12345,1,1,log-distance,40,41,veh11,veh8,5,0,1,958.425,0,7.89633,9.87348,nan,nan,0,0.05,0.027,0.0436875
juelich_pilot_d30_r5_log_distance_s01_w1,juelich,12345,1,1,log-distance,40,41,veh11,veh9,5,5,0,64.0553,1,7.89633,1.18126,-62.8034,34.1729,5,0.05,0.05,0.0436875
juelich_pilot_d30_r5_log_distance_s01_w1,juelich,12345,1,1,log-distance,40,41,veh12,veh0,5,5,0,469.168,1,0,14.0512,-80.1043,16.872,5,0.05,0.062,0.0436875
juelich_pilot_d30_r5_log_distance_s01_w1,juelich,12345,1,1,log-distance,40,41,veh12,veh1,5,0,1,655.796,0,0,7.77338,nan,nan,0,0.05,0.05,0.0436875
juelich_pilot_d30_r5_log_distance_s01_w1,juelich,12345,1,1,log-distance,40,41,veh12,veh10,5,5,0,375.939,1,0,8.65389,-78.1799,18.7964,5,0.05,0.05,0.0436875
juelich_pilot_d30_r5_log_distance_s01_w1,juelich,12345,1,1,log-distance,40,41,veh12,veh11,5,0,1,601.985,0,0,7.89633,nan,nan,0,0.05,0.05,0.0436875
juelich_pilot_d30_r5_log_distance_s01_w1,juelich,12345,1,1,log-distance,40,41,veh12,veh13,5,5,0,403.097,1,0,6.34109,-78.7858,18.1905,5,0.05,0.062,0.0436875
juelich_pilot_d30_r5_log_distance_s01_w1,juelich,12345,1,1,log-distance,40,41,veh12,veh14,5,5,0,173.391,1,0,5.44611,-71.4579,25.5184,5,0.05,0.05,0.0436875
juelich_pilot_d30_r5_log_distance_s01_w1,juelich,12345,1,1,log-distance,40,41,veh12,veh15,2,0,1,982.892,0,0,0.489625,nan,nan,0,0.05,0.024,0.0436875
juelich_pilot_d30_r5_log_distance_s01_w1,juelich,12345,1,1,log-distance,40,41,veh12,veh4,5,5,0,409.679,1,0,1.20493,-78.9266,18.0497,5,0.05,0.055,0.0436875
juelich_pilot_d30_r5_log_distance_s01_w1,juelich,12345,1,1,log-distance,40,41,veh12,veh5,5,0,1,989.955,0,0,8.1477,nan,nan,0,0.05,0.037,0.0436875
juelich_pilot_d30_r5_log_distance_s01_w1,juelich,12345,1,1,log-distance,40,41,veh12,veh6,5,5,0,353.281,1,0,8.41646,-77.6399,19.3363,5,0.05,0.05,0.0436875
juelich_pilot_d30_r5_log_distance_s01_w1,juelich,12345,1,1,log-distance,40,41,veh12,veh9,5,5,0,550.436,0,0,1.18126,-81.4918,15.4845,5,0.05,0.05,0.0436875
juelich_pilot_d30_r5_log_distance_s01_w1,juelich,12345,1,1,log-distance,40,41,veh13,veh0,5,5,0,150.798,1,6.34109,14.0512,-70.2422,26.7341,5,0.062,0.062,0.0436875
juelich_pilot_d30_r5_log_distance_s01_w1,juelich,12345,1,1,log-distance,40,41,veh13,veh1,5,5,0,481.571,1,6.34109,7.77338,-80.3308,16.6455,5,0.062,0.05,0.0436875
juelich_pilot_d30_r5_log_distance_s01_w1,juelich,12345,1,1,log-distance,40,41,veh13,veh10,5,5,0,322.552,1,6.34109,8.65389,-76.8493,20.1269,5,0.062,0.05,0.0436875
juelich_pilot_d30_r5_log_distance_s01_w1,juelich,12345,1,1,log-distance,40,41,veh13,veh11,5,5,0,424.369,1,6.34109,7.89633,-79.2324,17.7439,5,0.062,0.05,0.0436875
juelich_pilot_d30_r5_log_distance_s01_w1,juelich,12345,1,1,log-distance,40,41,veh13,veh12,5,5,0,403.097,1,6.34109,0,-78.7858,18.1905,5,0.062,0.05,0.0436875
juelich_pilot_d30_r5_log_distance_s01_w1,juelich,12345,1,1,log-distance,40,41,veh13,veh14,5,5,0,472.869,1,6.34109,5.44611,-80.1724,16.8039,5,0.062,0.05,0.0436875
juelich_pilot_d30_r5_log_distance_s01_w1,juelich,12345,1,1,log-distance,40,41,veh13,veh15,2,0,1,666.787,0,6.34163,0.489625,nan,nan,0,0.062,0.024,0.0436875
juelich_pilot_d30_r5_log_distance_s01_w1,juelich,12345,1,1,log-distance,40,41,veh13,veh4,5,5,0,214.844,1,6.34109,1.20493,-73.32,23.6563,5,0.062,0.055,0.0436875
juelich_pilot_d30_r5_log_distance_s01_w1,juelich,12345,1,1,log-distance,40,41,veh13,veh5,5,0,1,627.841,0,6.34109,8.1477,nan,nan,0,0.062,0.037,0.0436875
juelich_pilot_d30_r5_log_distance_s01_w1,juelich,12345,1,1,log-distance,40,41,veh13,veh6,5,5,0,307.159,1,6.34109,8.41646,-76.4246,20.5517,5,0.062,0.05,0.0436875
juelich_pilot_d30_r5_log_distance_s01_w1,juelich,12345,1,1,log-distance,40,41,veh13,veh7,5,0,1,776.41,0,6.34109,12.8105,nan,nan,0,0.062,0.037,0.0436875
juelich_pilot_d30_r5_log_distance_s01_w1,juelich,12345,1,1,log-distance,40,41,veh13,veh8,5,0,1,927.1,0,6.34109,9.87348,nan,nan,0,0.062,0.027,0.0436875
juelich_pilot_d30_r5_log_distance_s01_w1,juelich,12345,1,1,log-distance,40,41,veh13,veh9,5,5,0,360.941,1,6.34109,1.18126,-77.8264,19.1499,5,0.062,0.05,0.0436875
juelich_pilot_d30_r5_log_distance_s01_w1,juelich,12345,1,1,log-distance,40,41,veh14,veh0,5,5,0,485.528,1,5.44611,14.0512,-80.4019,16.5744,5,0.05,0.062,0.0436875
juelich_pilot_d30_r5_log_distance_s01_w1,juelich,12345,1,1,log-distance,40,41,veh14,veh1,5,0,1,810.391,0,5.44611,7.77338,nan,nan,0,0.05,0.05,0.0436875
juelich_pilot_d30_r5_log_distance_s01_w1,juelich,12345,1,1,log-distance,40,41,veh14,veh10,5,5,0,534.857,0,5.44611,8.65389,-81.2422,15.734,5,0.05,0.05,0.0436875
juelich_pilot_d30_r5_log_distance_s01_w1,juelich,12345,1,1,log-distance,40,41,veh14,veh11,5,0,1,754.084,0,5.44611,7.89633,nan,nan,0,0.05,0.05,0.0436875
juelich_pilot_d30_r5_log_distance_s01_w1,juelich,12345,1,1,log-distance,40,41,veh14,veh12,5,5,0,173.391,1,5.44611,0,-71.4579,25.5184,5,0.05,0.05,0.0436875
juelich_pilot_d30_r5_log_distance_s01_w1,juelich,12345,1,1,log-distance,40,41,veh14,veh13,5,5,0,472.869,1,5.44611,6.34109,-80.1724,16.8039,5,0.05,0.062,0.0436875
juelich_pilot_d30_r5_log_distance_s01_w1,juelich,12345,1,1,log-distance,40,41,veh14,veh15,2,0,1,946.676,0,6.09238,0.489625,nan,nan,0,0.05,0.024,0.0436875
juelich_pilot_d30_r5_log_distance_s01_w1,juelich,12345,1,1,log-distance,40,41,veh14,veh4,5,5,0,543.739,0,5.44611,1.20493,-81.3855,15.5908,5,0.05,0.055,0.0436875
juelich_pilot_d30_r5_log_distance_s01_w1,juelich,12345,1,1,log-distance,40,41,veh14,veh5,5,0,1,982.454,0,5.44611,8.1477,nan,nan,0,0.05,0.037,0.0436875
juelich_pilot_d30_r5_log_distance_s01_w1,juelich,12345,1,1,log-distance,40,41,veh14,veh6,5,5,0,511.051,0,5.44611,8.41646,-80.8467,16.1295,5,0.05,0.05,0.0436875
juelich_pilot_d30_r5_log_distance_s01_w1,juelich,12345,1,1,log-distance,40,41,veh14,veh9,5,0,1,697.881,0,5.44611,1.18126,nan,nan,0,0.05,0.05,0.0436875
juelich_pilot_d30_r5_log_distance_s01_w1,juelich,12345,1,1,log-distance,40,41,veh15,veh0,2,2,0,531.749,0,0.489625,14.0626,-81.1918,0.475515,2,0.024,0.062,0.0436875
juelich_pilot_d30_r5_log_distance_s01_w1,juelich,12345,1,1,log-distance,40,41,veh15,veh10,2,0,1,980.223,0,0.489625,8.65025,nan,nan,0,0.024,0.05,0.0436875
juelich_pilot_d30_r5_log_distance_s01_w1,juelich,12345,1,1,log-distance,40,41,veh15,veh12,2,0,1,982.892,0,0.489625,0,nan,nan,0,0.024,0.05,0.0436875
juelich_pilot_d30_r5_log_distance_s01_w1,juelich,12345,1,1,log-distance,40,41,veh15,veh13,2,0,1,666.787,0,0.489625,6.34163,nan,nan,0,0.024,0.062,0.0436875
juelich_pilot_d30_r5_log_distance_s01_w1,juelich,12345,1,1,log-distance,40,41,veh15,veh14,2,0,1,946.676,0,0.489625,6.09238,nan,nan,0,0.024,0.05,0.0436875
juelich_pilot_d30_r5_log_distance_s01_w1,juelich,12345,1,1,log-distance,40,41,veh15,veh2,2,0,1,961.144,0,0.489625,0,nan,nan,0,0.024,0.02,0.0436875
juelich_pilot_d30_r5_log_distance_s01_w1,juelich,12345,1,1,log-distance,40,41,veh15,veh3,2,0,1,862.366,0,0.489625,12.1674,nan,nan,0,0.024,0.025,0.0436875
juelich_pilot_d30_r5_log_distance_s01_w1,juelich,12345,1,1,log-distance,40,41,veh15,veh4,2,0,1,859.489,0,0.489625,1.8944,nan,nan,0,0.024,0.055,0.0436875
juelich_pilot_d30_r5_log_distance_s01_w1,juelich,12345,1,1,log-distance,40,41,veh15,veh5,2,2,0,168.75,1,0.489625,8.19348,-71.2225,14.3441,2,0.024,0.037,0.0436875
juelich_pilot_d30_r5_log_distance_s01_w1,juelich,12345,1,1,log-distance,40,41,veh15,veh6,2,0,1,967.715,0,0.489625,8.42545,nan,nan,0,0.024,0.05,0.0436875
juelich_pilot_d30_r5_log_distance_s01_w1,juelich,12345,1,1,log-distance,40,41,veh15,veh7,2,2,0,500.09,0,0.489625,12.8195,-80.6587,4.87267,2,0.024,0.037,0.0436875
juelich_pilot_d30_r5_log_distance_s01_w1,juelich,12345,1,1,log-distance,40,41,veh15,veh8,2,0,1,752.24,0,0.489625,9.85685,nan,nan,0,0.024,0.027,0.0436875
juelich_pilot_d30_r5_log_distance_s01_w1,juelich,12345,1,1,log-distance,40,41,veh15,veh9,2,0,1,957.337,0,0.489625,1.88322,nan,nan,0,0.024,0.05,0.0436875
juelich_pilot_d30_r5_log_distance_s01_w1,juelich,12345,1,1,log-distance,40,41,veh2,veh15,2,0,1,961.144,0,0,0.489625,nan,nan,0,0.02,0.024,0.0436875
juelich_pilot_d30_r5_log_distance_s01_w1,juelich,12345,1,1,log-distance,40,41,veh2,veh3,5,5,0,96.4159,1,0,12.1554,-66.3552,30.6211,5,0.02,0.025,0.0436875
juelich_pilot_d30_r5_log_distance_s01_w1,juelich,12345,1,1,log-distance,40,41,veh2,veh5,5,0,1,827.703,0,0,8.1477,nan,nan,0,0.02,0.037,0.0436875
juelich_pilot_d30_r5_log_distance_s01_w1,juelich,12345,1,1,log-distance,40,41,veh2,veh7,5,5,0,526.908,0,0,12.8105,-81.1122,15.8641,5,0.02,0.037,0.0436875
juelich_pilot_d30_r5_log_distance_s01_w1,juelich,12345,1,1,log-distance,40,41,veh2,veh8,5,5,0,385.767,1,0,9.87348,-78.4042,18.5721,5,0.02,0.027,0.0436875
juelich_pilot_d30_r5_log_distance_s01_w1,juelich,12345,1,1,log-distance,40,41,veh3,veh15,2,0,1,862.366,0,12.1674,0.489625,nan,nan,0,0.025,0.024,0.0436875
juelich_pilot_d30_r5_log_distance_s01_w1,juelich,12345,1,1,log-distance,40,41,veh3,veh2,5,5,0,96.4159,1,12.1554,0,-66.3552,30.6211,5,0.025,0.02,0.0436875
juelich_pilot_d30_r5_log_distance_s01_w1,juelich,12345,1,1,log-distance,40,41,veh3,veh5,5,0,1,731.364,0,12.1554,8.1477,nan,nan,0,0.025,0.037,0.0436875
juelich_pilot_d30_r5_log_distance_s01_w1,juelich,12345,1,1,log-distance,40,41,veh3,veh7,5,5,0,432.96,1,12.1554,12.8105,-79.4066,17.5696,5,0.025,0.037,0.0436875
juelich_pilot_d30_r5_log_distance_s01_w1,juelich,12345,1,1,log-distance,40,41,veh3,veh8,5,5,0,315.481,1,12.1554,9.87348,-76.6571,20.3191,5,0.025,0.027,0.0436875
juelich_pilot_d30_r5_log_distance_s01_w1,juelich,12345,1,1,log-distance,40,41,veh4,veh0,5,5,0,365.516,1,1.20493,14.0512,-77.9356,19.0407,5,0.055,0.062,0.0436875
juelich_pilot_d30_r5_log_distance_s01_w1,juelich,12345,1,1,log-distance,40,41,veh4,veh1,5,5,0,286.878,1,1.20493,7.77338,-75.8315,21.1448,5,0.055,0.05,0.0436875
juelich_pilot_d30_r5_log_distance_s01_w1,juelich,12345,1,1,log-distance,40,41,veh4,veh10,5,5,0,128.159,1,1.20493,8.65389,-68.8326,28.1437,5,0.055,0.05,0.0436875
juelich_pilot_d30_r5_log_distance_s01_w1,juelich,12345,1,1,log-distance,40,41,veh4,veh11,5,5,0,227.639,1,1.20493,7.89633,-73.8223,23.1539,5,0.055,0.05,0.0436875
juelich_pilot_d30_r5_log_distance_s01_w1,juelich,12345,1,1,log-distance,40,41,veh4,veh12,5,5,0,409.679,1,1.20493,0,-78.9266,18.0497,5,0.055,0.05,0.0436875
juelich_pilot_d30_r5_log_distance_s01_w1,juelich,12345,1,1,log-distance,40,41,veh4,veh13,5,5,0,214.844,1,1.20493,6.34109,-73.32,23.6563,5,0.055,0.062,0.0436875
juelich_pilot_d30_r5_log_distance_s01_w1,juelich,12345,1,1,log-distance,40,41,veh4,veh14,5,5,0,543.739,0,1.20493,5.44611,-81.3855,15.5908,5,0.055,0.05,0.0436875
juelich_pilot_d30_r5_log_distance_s01_w1,juelich,12345,1,1,log-distance,40,41,veh4,veh15,2,0,1,859.489,0,1.8944,0.489625,nan,nan,0,0.055,0.024,0.0436875
juelich_pilot_d30_r5_log_distance_s01_w1,juelich,12345,1,1,log-distance,40,41,veh4,veh5,5,0,1,798.253,0,1.20493,8.1477,nan,nan,0,0.055,0.037,0.0436875
juelich_pilot_d30_r5_log_distance_s01_w1,juelich,12345,1,1,log-distance,40,41,veh4,veh6,5,5,0,124.155,1,1.20493,8.41646,-68.557,28.4193,5,0.055,0.05,0.0436875
juelich_pilot_d30_r5_log_distance_s01_w1,juelich,12345,1,1,log-distance,40,41,veh4,veh7,5,0,1,878.207,0,1.20493,12.8105,nan,nan,0,0.055,0.037,0.0436875
juelich_pilot_d30_r5_log_distance_s01_w1,juelich,12345,1,1,log-distance,40,41,veh4,veh8,5,0,1,980.708,0,1.20493,9.87348,nan,nan,0,0.055,0.027,0.0436875
juelich_pilot_d30_r5_log_distance_s01_w1,juelich,12345,1,1,log-distance,40,41,veh4,veh9,5,5,0,164.579,1,1.20493,1.18126,-71.0052,25.9711,5,0.055,0.05,0.0436875
juelich_pilot_d30_r5_log_distance_s01_w1,juelich,12345,1,1,log-distance,40,41,veh5,veh0,5,5,0,521.626,0,8.1477,14.0512,-81.0249,15.9514,5,0.037,0.062,0.0436875
juelich_pilot_d30_r5_log_distance_s01_w1,juelich,12345,1,1,log-distance,40,41,veh5,veh1,5,0,1,953.774,0,8.1477,7.77338,nan,nan,0,0.037,0.05,0.0436875
juelich_pilot_d30_r5_log_distance_s01_w1,juelich,12345,1,1,log-distance,40,41,veh5,veh10,5,0,1,925.156,0,8.1477,8.65389,nan,nan,0,0.037,0.05,0.0436875
juelich_pilot_d30_r5_log_distance_s01_w1,juelich,12345,1,1,log-distance,40,41,veh5,veh11,5,0,1,916.552,0,8.1477,7.89633,nan,nan,0,0.037,0.05,0.0436875
juelich_pilot_d30_r5_log_distance_s01_w1,juelich,12345,1,1,log-distance,40,41,veh5,veh12,5,0,1,989.955,0,8.1477,0,nan,nan,0,0.037,0.05,0.0436875
juelich_pilot_d30_r5_log_distance_s01_w1,juelich,12345,1,1,log-distance,40,41,veh5,veh13,5,0,1,627.841,0,8.1477,6.34109,nan,nan,0,0.037,0.062,0.0436875
juelich_pilot_d30_r5_log_distance_s01_w1,juelich,12345,1,1,log-distance,40,41,veh5,veh14,5,0,1,982.454,0,8.1477,5.44611,nan,nan,0,0.037,0.05,0.0436875
juelich_pilot_d30_r5_log_distance_s01_w1,juelich,12345,1,1,log-distance,40,41,veh5,veh15,2,2,0,168.75,1,8.19348,0.489625,-71.2225,25.7538,2,0.037,0.024,0.0436875
juelich_pilot_d30_r5_log_distance_s01_w1,juelich,12345,1,1,log-distance,40,41,veh5,veh2,5,0,1,827.703,0,8.1477,0,nan,nan,0,0.037,0.02,0.0436875
juelich_pilot_d30_r5_log_distance_s01_w1,juelich,12345,1,1,log-distance,40,41,veh5,veh3,5,0,1,731.364,0,8.1477,12.1554,nan,nan,0,0.037,0.025,0.0436875
juelich_pilot_d30_r5_log_distance_s01_w1,juelich,12345,1,1,log-distance,40,41,veh5,veh4,5,0,1,798.253,0,8.1477,1.20493,nan,nan,0,0.037,0.055,0.0436875
juelich_pilot_d30_r5_log_distance_s01_w1,juelich,12345,1,1,log-distance,40,41,veh5,veh6,5,0,1,916.183,0,8.1477,8.41646,nan,nan,0,0.037,0.05,0.0436875
juelich_pilot_d30_r5_log_distance_s01_w1,juelich,12345,1,1,log-distance,40,41,veh5,veh7,5,5,0,340.681,1,8.1477,12.8105,-77.3242,19.6521,5,0.037,0.037,0.0436875
juelich_pilot_d30_r5_log_distance_s01_w1,juelich,12345,1,1,log-distance,40,41,veh5,veh8,5,0,1,588.256,0,8.1477,9.87348,nan,nan,0,0.037,0.027,0.0436875
juelich_pilot_d30_r5_log_distance_s01_w1,juelich,12345,1,1,log-distance,40,41,veh5,veh9,5,0,1,871.45,0,8.1477,1.18126,nan,nan,0,0.037,0.05,0.0436875
juelich_pilot_d30_r5_log_distance_s01_w1,juelich,12345,1,1,log-distance,40,41,veh6,veh0,5,5,0,454.239,1,8.41646,14.0512,-79.8234,17.1529,5,0.05,0.062,0.0436875
juelich_pilot_d30_r5_log_distance_s01_w1,juelich,12345,1,1,log-distance,40,41,veh6,veh1,5,5,0,302.531,1,8.41646,7.77338,-76.2931,20.6832,5,0.05,0.05,0.0436875
juelich_pilot_d30_r5_log_distance_s01_w1,juelich,12345,1,1,log-distance,40,41,veh6,veh10,5,5,0,24.3663,1,8.41646,8.65389,-54.4135,42.5628,5,0.05,0.05,0.0436875
juelich_pilot_d30_r5_log_distance_s01_w1,juelich,12345,1,1,log-distance,40,41,veh6,veh11,5,5,0,249.6,1,8.41646,7.89633,-74.6226,22.3537,5,0.05,0.05,0.0436875
juelich_pilot_d30_r5_log_distance_s01_w1,juelich,12345,1,1,log-distance,40,41,veh6,veh12,5,5,0,353.281,1,8.41646,0,-77.6399,19.3363,5,0.05,0.05,0.0436875
juelich_pilot_d30_r5_log_distance_s01_w1,juelich,12345,1,1,log-distance,40,41,veh6,veh13,5,5,0,307.159,1,8.41646,6.34109,-76.4246,20.5517,5,0.05,0.062,0.0436875
juelich_pilot_d30_r5_log_distance_s01_w1,juelich,12345,1,1,log-distance,40,41,veh6,veh14,5,5,0,511.051,0,8.41646,5.44611,-80.8467,16.1295,5,0.05,0.05,0.0436875
juelich_pilot_d30_r5_log_distance_s01_w1,juelich,12345,1,1,log-distance,40,41,veh6,veh15,2,0,1,967.715,0,8.42545,0.489625,nan,nan,0,0.05,0.024,0.0436875
juelich_pilot_d30_r5_log_distance_s01_w1,juelich,12345,1,1,log-distance,40,41,veh6,veh4,5,5,0,124.155,1,8.41646,1.20493,-68.557,28.4193,5,0.05,0.055,0.0436875
juelich_pilot_d30_r5_log_distance_s01_w1,juelich,12345,1,1,log-distance,40,41,veh6,veh5,5,0,1,916.183,0,8.41646,8.1477,nan,nan,0,0.05,0.037,0.0436875
juelich_pilot_d30_r5_log_distance_s01_w1,juelich,12345,1,1,log-distance,40,41,veh6,veh7,2,0,1,998.285,0,8.42545,12.8195,nan,nan,0,0.05,0.037,0.0436875
juelich_pilot_d30_r5_log_distance_s01_w1,juelich,12345,1,1,log-distance,40,41,veh6,veh9,5,5,0,203.237,1,8.41646,1.18126,-72.8375,24.1388,5,0.05,0.05,0.0436875
juelich_pilot_d30_r5_log_distance_s01_w1,juelich,12345,1,1,log-distance,40,41,veh7,veh0,5,0,1,726.843,0,12.8105,14.0512,nan,nan,0,0.037,0.062,0.0436875
juelich_pilot_d30_r5_log_distance_s01_w1,juelich,12345,1,1,log-distance,40,41,veh7,veh1,5,0,1,932.033,0,12.8105,7.77338,nan,nan,0,0.037,0.05,0.0436875
juelich_pilot_d30_r5_log_distance_s01_w1,juelich,12345,1,1,log-distance,40,41,veh7,veh10,1,0,1,997.675,0,12.8159,8.60899,nan,nan,0,0.037,0.05,0.0436875
juelich_pilot_d30_r5_log_distance_s01_w1,juelich,12345,1,1,log-distance,40,41,veh7,veh11,5,0,1,913.913,0,12.8105,7.89633,nan,nan,0,0.037,0.05,0.0436875
juelich_pilot_d30_r5_log_distance_s01_w1,juelich,12345,1,1,log-distance,40,41,veh7,veh13,5,0,1,776.41,0,12.8105,6.34109,nan,nan,0,0.037,0.062,0.0436875
juelich_pilot_d30_r5_log_distance_s01_w1,juelich,12345,1,1,log-distance,40,41,veh7,veh15,2,2,0,500.09,0,12.8195,0.489625,-80.6587,16.3176,2,0.037,0.024,0.0436875
juelich_pilot_d30_r5_log_distance_s01_w1,juelich,12345,1,1,log-distance,40,41,veh7,veh2,5,5,0,526.908,0,12.8105,0,-81.1122,15.8641,5,0.037,0.02,0.0436875
juelich_pilot_d30_r5_log_distance_s01_w1,juelich,12345,1,1,log-distance,40,41,veh7,veh3,5,5,0,432.96,1,12.8105,12.1554,-79.4066,17.5696,5,0.037,0.025,0.0436875
juelich_pilot_d30_r5_log_distance_s01_w1,juelich,12345,1,1,log-distance,40,41,veh7,veh4,5,0,1,878.207,0,12.8105,1.20493,nan,nan,0,0.037,0.055,0.0436875
juelich_pilot_d30_r5_log_distance_s01_w1,juelich,12345,1,1,log-distance,40,41,veh7,veh5,5,5,0,340.681,1,12.8105,8.1477,-77.3242,19.6521,5,0.037,0.037,0.0436875
juelich_pilot_d30_r5_log_distance_s01_w1,juelich,12345,1,1,log-distance,40,41,veh7,veh6,2,0,1,998.285,0,12.8195,8.42545,nan,nan,0,0.037,0.05,0.0436875
juelich_pilot_d30_r5_log_distance_s01_w1,juelich,12345,1,1,log-distance,40,41,veh7,veh8,5,5,0,248.848,1,12.8105,9.87348,-74.5957,22.3806,5,0.037,0.027,0.0436875
juelich_pilot_d30_r5_log_distance_s01_w1,juelich,12345,1,1,log-distance,40,41,veh7,veh9,5,0,1,889.011,0,12.8105,1.18126,nan,nan,0,0.037,0.05,0.0436875
juelich_pilot_d30_r5_log_distance_s01_w1,juelich,12345,1,1,log-distance,40,41,veh8,veh0,5,0,1,910.084,0,9.87348,14.0512,nan,nan,0,0.027,0.062,0.0436875
juelich_pilot_d30_r5_log_distance_s01_w1,juelich,12345,1,1,log-distance,40,41,veh8,veh1,5,0,1,961.304,0,9.87348,7.77338,nan,nan,0,0.027,0.05,0.0436875
juelich_pilot_d30_r5_log_distance_s01_w1,juelich,12345,1,1,log-distance,40,41,veh8,veh11,5,0,1,958.425,0,9.87348,7.89633,nan,nan,0,0.027,0.05,0.0436875
juelich_pilot_d30_r5_log_distance_s01_w1,juelich,12345,1,1,log-distance,40,41,veh8,veh13,5,0,1,927.1,0,9.87348,6.34109,nan,nan,0,0.027,0.062,0.0436875
juelich_pilot_d30_r5_log_distance_s01_w1,juelich,12345,1,1,log-distance,40,41,veh8,veh15,2,0,1,752.24,0,9.85685,0.489625,nan,nan,0,0.027,0.024,0.0436875
juelich_pilot_d30_r5_log_distance_s01_w1,juelich,12345,1,1,log-distance,40,41,veh8,veh2,5,5,0,385.767,1,9.87348,0,-78.4042,18.5721,5,0.027,0.02,0.0436875
juelich_pilot_d30_r5_log_distance_s01_w1,juelich,12345,1,1,log-distance,40,41,veh8,veh3,5,5,0,315.481,1,9.87348,12.1554,-76.6571,20.3191,5,0.027,0.025,0.0436875
juelich_pilot_d30_r5_log_distance_s01_w1,juelich,12345,1,1,log-distance,40,41,veh8,veh4,5,0,1,980.708,0,9.87348,1.20493,nan,nan,0,0.027,0.055,0.0436875
juelich_pilot_d30_r5_log_distance_s01_w1,juelich,12345,1,1,log-distance,40,41,veh8,veh5,5,0,1,588.256,0,9.87348,8.1477,nan,nan,0,0.027,0.037,0.0436875
juelich_pilot_d30_r5_log_distance_s01_w1,juelich,12345,1,1,log-distance,40,41,veh8,veh7,5,5,0,248.848,1,9.87348,12.8105,-74.5957,22.3806,5,0.027,0.037,0.0436875
juelich_pilot_d30_r5_log_distance_s01_w1,juelich,12345,1,1,log-distance,40,41,veh8,veh9,5,0,1,949.715,0,9.87348,1.18126,nan,nan,0,0.027,0.05,0.0436875
juelich_pilot_d30_r5_log_distance_s01_w1,juelich,12345,1,1,log-distance,40,41,veh9,veh0,5,5,0,506.099,0,1.18126,14.0512,-80.7622,16.2141,5,0.05,0.062,0.0436875
juelich_pilot_d30_r5_log_distance_s01_w1,juelich,12345,1,1,log-distance,40,41,veh9,veh1,5,5,0,122.941,1,1.18126,7.77338,-68.4702,28.5061,5,0.05,0.05,0.0436875
juelich_pilot_d30_r5_log_distance_s01_w1,juelich,12345,1,1,log-distance,40,41,veh9,veh10,5,5,0,185.208,1,1.18126,8.65389,-72.0306,24.9457,5,0.05,0.05,0.0436875
juelich_pilot_d30_r5_log_distance_s01_w1,juelich,12345,1,1,log-distance,40,41,veh9,veh11,5,5,0,64.0553,1,1.18126,7.89633,-62.8034,34.1729,5,0.05,0.05,0.0436875
juelich_pilot_d30_r5_log_distance_s01_w1,juelich,12345,1,1,log-distance,40,41,veh9,veh12,5,5,0,550.436,0,1.18126,0,-81.4918,15.4845,5,0.05,0.05,0.0436875
juelich_pilot_d30_r5_log_distance_s01_w1,juelich,12345,1,1,log-distance,40,41,veh9,veh13,5,5,0,360.941,1,1.18126,6.34109,-77.8264,19.1499,5,0.05,0.062,0.0436875
juelich_pilot_d30_r5_log_distance_s01_w1,juelich,12345,1,1,log-distance,40,41,veh9,veh14,5,0,1,697.881,0,1.18126,5.44611,nan,nan,0,0.05,0.05,0.0436875
juelich_pilot_d30_r5_log_distance_s01_w1,juelich,12345,1,1,log-distance,40,41,veh9,veh15,2,0,1,957.337,0,1.88322,0.489625,nan,nan,0,0.05,0.024,0.0436875
juelich_pilot_d30_r5_log_distance_s01_w1,juelich,12345,1,1,log-distance,40,41,veh9,veh4,5,5,0,164.579,1,1.18126,1.20493,-71.0052,25.9711,5,0.05,0.055,0.0436875
juelich_pilot_d30_r5_log_distance_s01_w1,juelich,12345,1,1,log-distance,40,41,veh9,veh5,5,0,1,871.45,0,1.18126,8.1477,nan,nan,0,0.05,0.037,0.0436875
juelich_pilot_d30_r5_log_distance_s01_w1,juelich,12345,1,1,log-distance,40,41,veh9,veh6,5,5,0,203.237,1,1.18126,8.41646,-72.8375,24.1388,5,0.05,0.05,0.0436875
juelich_pilot_d30_r5_log_distance_s01_w1,juelich,12345,1,1,log-distance,40,41,veh9,veh7,5,0,1,889.011,0,1.18126,12.8105,nan,nan,0,0.05,0.037,0.0436875
juelich_pilot_d30_r5_log_distance_s01_w1,juelich,12345,1,1,log-distance,40,41,veh9,veh8,5,0,1,949.715,0,1.18126,9.87348,nan,nan,0,0.05,0.027,0.0436875
juelich_pilot_d30_r5_log_distance_s01_w1,juelich,12345,1,1,log-distance,41,42,veh0,veh1,5,0,1,629.379,0,14.0436,7.78966,nan,nan,0,0.065,0.05,0.045625
juelich_pilot_d30_r5_log_distance_s01_w1,juelich,12345,1,1,log-distance,41,42,veh0,veh10,5,5,0,474.137,1,14.0436,8.60794,-80.1958,16.7805,5,0.065,0.05,0.045625
juelich_pilot_d30_r5_log_distance_s01_w1,juelich,12345,1,1,log-distance,41,42,veh0,veh11,5,5,0,573.637,0,14.0436,7.8759,-81.8504,15.1259,5,0.065,0.05,0.045625
juelich_pilot_d30_r5_log_distance_s01_w1,juelich,12345,1,1,log-distance,41,42,veh0,veh12,5,5,0,468.294,1,14.0436,1.3,-80.0881,16.8882,5,0.065,0.05,0.045625
juelich_pilot_d30_r5_log_distance_s01_w1,juelich,12345,1,1,log-distance,41,42,veh0,veh13,5,5,0,165.131,1,14.0436,6.32695,-71.0319,25.9444,5,0.065,0.065,0.045625
juelich_pilot_d30_r5_log_distance_s01_w1,juelich,12345,1,1,log-distance,41,42,veh0,veh14,5,5,0,478.313,1,14.0436,7.48021,-80.2718,16.7044,5,0.065,0.05,0.045625
juelich_pilot_d30_r5_log_distance_s01_w1,juelich,12345,1,1,log-distance,41,42,veh0,veh15,5,5,0,528.563,0,14.0436,2.01694,-81.1396,15.8367,5,0.065,0.03,0.045625
juelich_pilot_d30_r5_log_distance_s01_w1,juelich,12345,1,1,log-distance,41,42,veh0,veh4,5,5,0,374.45,1,14.0436,3.26577,-78.1454,18.8308,5,0.065,0.055,0.045625
juelich_pilot_d30_r5_log_distance_s01_w1,juelich,12345,1,1,log-distance,41,42,veh0,veh5,5,5,0,521.789,0,14.0436,8.12102,-81.0276,15.9487,5,0.065,0.045,0.045625
juelich_pilot_d30_r5_log_distance_s01_w1,juelich,12345,1,1,log-distance,41,42,veh0,veh6,5,5,0,457.342,1,14.0436,8.12976,-79.8825,17.0938,5,0.065,0.05,0.045625
juelich_pilot_d30_r5_log_distance_s01_w1,juelich,12345,1,1,log-distance,41,42,veh0,veh7,5,0,1,721.63,0,14.0436,12.7574,nan,nan,0,0.065,0.04,0.045625
juelich_pilot_d30_r5_log_distance_s01_w1,juelich,12345,1,1,log-distance,41,42,veh0,veh8,5,0,1,920.267,0,14.0436,7.36102,nan,nan,0,0.065,0.03,0.045625
juelich_pilot_d30_r5_log_distance_s01_w1,juelich,12345,1,1,log-distance,41,42,veh0,veh9,5,5,0,519.233,0,14.0436,3.70322,-80.9847,15.9916,5,0.065,0.05,0.045625
juelich_pilot_d30_r5_log_distance_s01_w1,juelich,12345,1,1,log-distance,41,42,veh1,veh0,5,0,1,629.379,0,7.78966,14.0436,nan,nan,0,0.05,0.065,0.045625
juelich_pilot_d30_r5_log_distance_s01_w1,juelich,12345,1,1,log-distance,41,42,veh1,veh10,5,5,0,281.07,1,7.78966,8.60794,-75.654,21.3223,5,0.05,0.05,0.045625
juelich_pilot_d30_r5_log_distance_s01_w1,juelich,12345,1,1,log-distance,41,42,veh1,veh11,5,5,0,59.3051,1,7.78966,7.8759,-62.1395,34.8367,5,0.05,0.05,0.045625
juelich_pilot_d30_r5_log_distance_s01_w1,juelich,12345,1,1,log-distance,41,42,veh1,veh12,5,0,1,648.938,0,7.78966,1.3,nan,nan,0,0.05,0.05,0.045625
juelich_pilot_d30_r5_log_distance_s01_w1,juelich,12345,1,1,log-distance,41,42,veh1,veh13,5,5,0,472.479,1,7.78966,6.32695,-80.1652,16.8111,5,0.05,0.065,0.045625
juelich_pilot_d30_r5_log_distance_s01_w1,juelich,12345,1,1,log-distance,41,42,veh1,veh14,5,0,1,797.223,0,7.78966,7.48021,nan,nan,0,0.05,0.05,0.045625
juelich_pilot_d30_r5_log_distance_s01_w1,juelich,12345,1,1,log-distance,41,42,veh1,veh4,5,5,0,281.418,1,7.78966,3.26577,-75.6646,21.3116,5,0.05,0.055,0.045625
juelich_pilot_d30_r5_log_distance_s01_w1,juelich,12345,1,1,log-distance,41,42,veh1,veh5,5,0,1,943.294,0,7.78966,8.12102,nan,nan,0,0.05,0.045,0.045625
juelich_pilot_d30_r5_log_distance_s01_w1,juelich,12345,1,1,log-distance,41,42,veh1,veh6,5,5,0,303.068,1,7.78966,8.12976,-76.3085,20.6678,5,0.05,0.05,0.045625
juelich_pilot_d30_r5_log_distance_s01_w1,juelich,12345,1,1,log-distance,41,42,veh1,veh7,5,0,1,917.399,0,7.78966,12.7574,nan,nan,0,0.05,0.04,0.045625
juelich_pilot_d30_r5_log_distance_s01_w1,juelich,12345,1,1,log-distance,41,42,veh1,veh8,5,0,1,956.186,0,7.78966,7.36102,nan,nan,0,0.05,0.03,0.045625
juelich_pilot_d30_r5_log_distance_s01_w1,juelich,12345,1,1,log-distance,41,42,veh1,veh9,5,5,0,115.23,1,7.78966,3.70322,-67.9075,29.0688,5,0.05,0.05,0.045625
juelich_pilot_d30_r5_log_distance_s01_w1,juelich,12345,1,1,log-distance,41,42,veh10,veh0,5,5,0,474.137,1,8.60794,14.0436,-80.1958,16.7805,5,0.05,0.065,0.045625
juelich_pilot_d30_r5_log_distance_s01_w1,juelich,12345,1,1,log-distance,41,42,veh10,veh1,5,5,0,281.07,1,8.60794,7.78966,-75.654,21.3223,5,0.05,0.05,0.045625
juelich_pilot_d30_r5_log_distance_s01_w1,juelich,12345,1,1,log-distance,41,42,veh10,veh11,5,5,0,229.219,1,8.60794,7.8759,-73.8827,23.0936,5,0.05,0.05,0.045625
juelich_pilot_d30_r5_log_distance_s01_w1,juelich,12345,1,1,log-distance,41,42,veh10,veh12,5,5,0,368.178,1,8.60794,1.3,-77.9987,18.9776,5,0.05,0.05,0.045625
juelich_pilot_d30_r5_log_distance_s01_w1,juelich,12345,1,1,log-distance,41,42,veh10,veh13,5,5,0,312.196,1,8.60794,6.32695,-76.5659,20.4104,5,0.05,0.065,0.045625
juelich_pilot_d30_r5_log_distance_s01_w1,juelich,12345,1,1,log-distance,41,42,veh10,veh14,5,5,0,520.476,0,8.60794,7.48021,-81.0054,15.9709,5,0.05,0.05,0.045625
juelich_pilot_d30_r5_log_distance_s01_w1,juelich,12345,1,1,log-distance,41,42,veh10,veh15,5,0,1,976.281,0,8.60794,2.01694,nan,nan,0,0.05,0.03,0.045625
juelich_pilot_d30_r5_log_distance_s01_w1,juelich,12345,1,1,log-distance,41,42,veh10,veh4,5,5,0,126.787,1,8.60794,3.26577,-68.7392,28.2371,5,0.05,0.055,0.045625
juelich_pilot_d30_r5_log_distance_s01_w1,juelich,12345,1,1,log-distance,41,42,veh10,veh5,5,0,1,918.514,0,8.60794,8.12102,nan,nan,0,0.05,0.045,0.045625
juelich_pilot_d30_r5_log_distance_s01_w1,juelich,12345,1,1,log-distance,41,42,veh10,veh6,5,5,0,24.0834,1,8.60794,8.12976,-54.312,42.6643,5,0.05,0.05,0.045625
juelich_pilot_d30_r5_log_distance_s01_w1,juelich,12345,1,1,log-distance,41,42,veh10,veh7,5,0,1,989.834,0,8.60794,12.7574,nan,nan,0,0.05,0.04,0.045625
juelich_pilot_d30_r5_log_distance_s01_w1,juelich,12345,1,1,log-distance,41,42,veh10,veh9,5,5,0,189.502,1,8.60794,3.70322,-72.2299,24.7464,5,0.05,0.05,0.045625
juelich_pilot_d30_r5_log_distance_s01_w1,juelich,12345,1,1,log-distance,41,42,veh11,veh0,5,0,1,573.637,0,7.8759,14.0436,nan,nan,0,0.05,0.065,0.045625
juelich_pilot_d30_r5_log_distance_s01_w1,juelich,12345,1,1,log-distance,41,42,veh11,veh1,5,5,0,59.3051,1,7.8759,7.78966,-62.1395,34.8367,5,0.05,0.05,0.045625
juelich_pilot_d30_r5_log_distance_s01_w1,juelich,12345,1,1,log-distance,41,42,veh11,veh10,5,5,0,229.219,1,7.8759,8.60794,-73.8827,23.0936,5,0.05,0.05,0.045625
juelich_pilot_d30_r5_log_distance_s01_w1,juelich,12345,1,1,log-distance,41,42,veh11,veh12,5,0,1,595.216,0,7.8759,1.3,nan,nan,0,0.05,0.05,0.045625
juelich_pilot_d30_r5_log_distance_s01_w1,juelich,12345,1,1,log-distance,41,42,veh11,veh13,5,2,0.6,415.073,1,7.8759,6.32695,-78.9817,17.9946,2,0.05,0.065,0.045625
juelich_pilot_d30_r5_log_distance_s01_w1,juelich,12345,1,1,log-distance,41,42,veh11,veh14,5,0,1,740.993,0,7.8759,7.48021,nan,nan,0,0.05,0.05,0.045625
juelich_pilot_d30_r5_log_distance_s01_w1,juelich,12345,1,1,log-distance,41,42,veh11,veh15,1,0,1,999.386,0,7.90945,2.77845,nan,nan,0,0.05,0.03,0.045625
juelich_pilot_d30_r5_log_distance_s01_w1,juelich,12345,1,1,log-distance,41,42,veh11,veh4,5,5,0,222.113,1,7.8759,3.26577,-73.609,23.3673,5,0.05,0.055,0.045625
juelich_pilot_d30_r5_log_distance_s01_w1,juelich,12345,1,1,log-distance,41,42,veh11,veh5,5,0,1,906.644,0,7.8759,8.12102,nan,nan,0,0.05,0.045,0.045625
juelich_pilot_d30_r5_log_distance_s01_w1,juelich,12345,1,1,log-distance,41,42,veh11,veh6,5,5,0,250.069,1,7.8759,8.12976,-74.6389,22.3374,5,0.05,0.05,0.045625
juelich_pilot_d30_r5_log_distance_s01_w1,juelich,12345,1,1,log-distance,41,42,veh11,veh7,5,0,1,899.476,0,7.8759,12.7574,nan,nan,0,0.05,0.04,0.045625
juelich_pilot_d30_r5_log_distance_s01_w1,juelich,12345,1,1,log-distance,41,42,veh11,veh8,5,0,1,954.265,0,7.8759,7.36102,nan,nan,0,0.05,0.03,0.045625
juelich_pilot_d30_r5_log_distance_s01_w1,juelich,12345,1,1,log-distance,41,42,veh11,veh9,5,5,0,56.1613,1,7.8759,3.70322,-61.6597,35.3165,5,0.05,0.05,0.045625
juelich_pilot_d30_r5_log_distance_s01_w1,juelich,12345,1,1,log-distance,41,42,veh12,veh0,5,5,0,468.294,1,1.3,14.0436,-80.0881,16.8882,5,0.05,0.065,0.045625
juelich_pilot_d30_r5_log_distance_s01_w1,juelich,12345,1,1,log-distance,41,42,veh12,veh1,5,0,1,648.938,0,1.3,7.78966,nan,nan,0,0.05,0.05,0.045625
juelich_pilot_d30_r5_log_distance_s01_w1,juelich,12345,1,1,log-distance,41,42,veh12,veh10,5,5,0,368.178,1,1.3,8.60794,-77.9987,18.9776,5,0.05,0.05,0.045625
juelich_pilot_d30_r5_log_distance_s01_w1,juelich,12345,1,1,log-distance,41,42,veh12,veh11,5,0,1,595.216,0,1.3,7.8759,nan,nan,0,0.05,0.05,0.045625
juelich_pilot_d30_r5_log_distance_s01_w1,juelich,12345,1,1,log-distance,41,42,veh12,veh13,5,5,0,397.599,1,1.3,6.32695,-78.6666,18.3097,5,0.05,0.065,0.045625
juelich_pilot_d30_r5_log_distance_s01_w1,juelich,12345,1,1,log-distance,41,42,veh12,veh14,5,5,0,166.791,1,1.3,7.48021,-71.1204,25.8559,5,0.05,0.05,0.045625
juelich_pilot_d30_r5_log_distance_s01_w1,juelich,12345,1,1,log-distance,41,42,veh12,veh15,5,0,1,982.35,0,1.3,2.01694,nan,nan,0,0.05,0.03,0.045625
juelich_pilot_d30_r5_log_distance_s01_w1,juelich,12345,1,1,log-distance,41,42,veh12,veh4,5,5,0,408.314,1,1.3,3.26577,-78.8976,18.0787,5,0.05,0.055,0.045625
juelich_pilot_d30_r5_log_distance_s01_w1,juelich,12345,1,1,log-distance,41,42,veh12,veh5,5,0,1,990.025,0,1.3,8.12102,nan,nan,0,0.05,0.045,0.045625
juelich_pilot_d30_r5_log_distance_s01_w1,juelich,12345,1,1,log-distance,41,42,veh12,veh6,5,5,0,345.873,1,1.3,8.12976,-77.4559,19.5204,5,0.05,0.05,0.045625
juelich_pilot_d30_r5_log_distance_s01_w1,juelich,12345,1,1,log-distance,41,42,veh12,veh9,5,5,0,549.295,0,1.3,3.70322,-81.4738,15.5025,5,0.05,0.05,0.045625
juelich_pilot_d30_r5_log_distance_s01_w1,juelich,12345,1,1,log-distance,41,42,veh13,veh0,5,5,0,165.131,1,6.32695,14.0436,-71.0319,25.9444,5,0.065,0.065,0.045625
juelich_pilot_d30_r5_log_distance_s01_w1,juelich,12345,1,1,log-distance,41,42,veh13,veh1,5,5,0,472.479,1,6.32695,7.78966,-80.1652,16.8111,5,0.065,0.05,0.045625
juelich_pilot_d30_r5_log_distance_s01_w1,juelich,12345,1,1,log-distance,41,42,veh13,veh10,5,5,0,312.196,1,6.32695,8.60794,-76.5659,20.4104,5,0.065,0.05,0.045625
juelich_pilot_d30_r5_log_distance_s01_w1,juelich,12345,1,1,log-distance,41,42,veh13,veh11,5,5,0,415.073,1,6.32695,7.8759,-79.04,17.9363,5,0.065,0.05,0.045625
juelich_pilot_d30_r5_log_distance_s01_w1,juelich,12345,1,1,log-distance,41,42,veh13,veh12,5,5,0,397.599,1,6.32695,1.3,-78.6666,18.3097,5,0.065,0.05,0.045625
juelich_pilot_d30_r5_log_distance_s01_w1,juelich,12345,1,1,log-distance,41,42,veh13,veh14,5,5,0,464.889,1,6.32695,7.48021,-80.0246,16.9517,5,0.065,0.05,0.045625
juelich_pilot_d30_r5_log_distance_s01_w1,juelich,12345,1,1,log-distance,41,42,veh13,veh15,5,0,1,669.86,0,6.32695,2.01694,nan,nan,0,0.065,0.03,0.045625
juelich_pilot_d30_r5_log_distance_s01_w1,juelich,12345,1,1,log-distance,41,42,veh13,veh4,5,5,0,209.428,1,6.32695,3.26577,-73.0981,23.8782,5,0.065,0.055,0.045625
juelich_pilot_d30_r5_log_distance_s01_w1,juelich,12345,1,1,log-distance,41,42,veh13,veh5,5,0,1,631.824,0,6.32695,8.12102,nan,nan,0,0.065,0.045,0.045625
juelich_pilot_d30_r5_log_distance_s01_w1,juelich,12345,1,1,log-distance,41,42,veh13,veh6,5,5,0,297.133,1,6.32695,8.12976,-76.1363,20.8399,5,0.065,0.05,0.045625
juelich_pilot_d30_r5_log_distance_s01_w1,juelich,12345,1,1,log-distance,41,42,veh13,veh7,5,0,1,770.098,0,6.32695,12.7574,nan,nan,0,0.065,0.04,0.045625
juelich_pilot_d30_r5_log_distance_s01_w1,juelich,12345,1,1,log-distance,41,42,veh13,veh8,5,0,1,932.577,0,6.32695,7.36102,nan,nan,0,0.065,0.03,0.045625
juelich_pilot_d30_r5_log_distance_s01_w1,juelich,12345,1,1,log-distance,41,42,veh13,veh9,5,5,0,359.584,1,6.32695,3.70322,-77.7937,19.1826,5,0.065,0.05,0.045625
juelich_pilot_d30_r5_log_distance_s01_w1,juelich,12345,1,1,log-distance,41,42,veh14,veh0,5,5,0,478.313,1,7.48021,14.0436,-80.2718,16.7044,5,0.05,0.065,0.045625
juelich_pilot_d30_r5_log_distance_s01_w1,juelich,12345,1,1,log-distance,41,42,veh14,veh1,5,0,1,797.223,0,7.48021,7.78966,nan,nan,0,0.05,0.05,0.045625
juelich_pilot_d30_r5_log_distance_s01_w1,juelich,12345,1,1,log-distance,41,42,veh14,veh10,5,5,0,520.476,0,7.48021,8.60794,-81.0054,15.9709,5,0.05,0.05,0.045625
juelich_pilot_d30_r5_log_distance_s01_w1,juelich,12345,1,1,log-distance,41,42,veh14,veh11,5,0,1,740.993,0,7.48021,7.8759,nan,nan,0,0.05,0.05,0.045625
juelich_pilot_d30_r5_log_distance_s01_w1,juelich,12345,1,1,log-distance,41,42,veh14,veh12,5,5,0,166.791,1,7.48021,1.3,-71.1204,25.8559,5,0.05,0.05,0.045625
juelich_pilot_d30_r5_log_distance_s01_w1,juelich,12345,1,1,log-distance,41,42,veh14,veh13,5,5,0,464.889,1,7.48021,6.32695,-80.0246,16.9517,5,0.05,0.065,0.045625
juelich_pilot_d30_r5_log_distance_s01_w1,juelich,12345,1,1,log-distance,41,42,veh14,veh15,5,0,1,946.71,0,7.48021,2.01694,nan,nan,0,0.05,0.03,0.045625
juelich_pilot_d30_r5_log_distance_s01_w1,juelich,12345,1,1,log-distance,41,42,veh14,veh4,5,5,0,536.542,0,7.48021,3.26577,-81.2697,15.7066,5,0.05,0.055,0.045625
juelich_pilot_d30_r5_log_distance_s01_w1,juelich,12345,1,1,log-distance,41,42,veh14,veh5,5,0,1,983.755,0,7.48021,8.12102,nan,nan,0,0.05,0.045,0.045625
juelich_pilot_d30_r5_log_distance_s01_w1,juelich,12345,1,1,log-distance,41,42,veh14,veh6,5,5,0,496.993,1,7.48021,8.12976,-80.6044,16.3719,5,0.05,0.05,0.045625
juelich_pilot_d30_r5_log_distance_s01_w1,juelich,12345,1,1,log-distance,41,42,veh14,veh9,5,0,1,691.217,0,7.48021,3.70322,nan,nan,0,0.05,0.05,0.045625
juelich_pilot_d30_r5_log_distance_s01_w1,juelich,12345,1,1,log-distance,41,42,veh15,veh0,5,5,0,528.563,0,2.01694,14.0436,-81.1396,0.579391,5,0.03,0.065,0.045625
juelich_pilot_d30_r5_log_distance_s01_w1,juelich,12345,1,1,log-distance,41,42,veh15,veh10,5,0,1,976.281,0,2.01694,8.60794,nan,nan,0,0.03,0.05,0.045625
juelich_pilot_d30_r5_log_distance_s01_w1,juelich,12345,1,1,log-distance,41,42,veh15,veh11,1,0,1,999.386,0,2.77845,7.90945,nan,nan,0,0.03,0.05,0.045625
juelich_pilot_d30_r5_log_distance_s01_w1,juelich,12345,1,1,log-distance,41,42,veh15,veh12,5,0,1,982.35,0,2.01694,1.3,nan,nan,0,0.03,0.05,0.045625
juelich_pilot_d30_r5_log_distance_s01_w1,juelich,12345,1,1,log-distance,41,42,veh15,veh13,5,0,1,669.86,0,2.01694,6.32695,nan,nan,0,0.03,0.065,0.045625
juelich_pilot_d30_r5_log_distance_s01_w1,juelich,12345,1,1,log-distance,41,42,veh15,veh14,5,0,1,946.71,0,2.01694,7.48021,nan,nan,0,0.03,0.05,0.045625
juelich_pilot_d30_r5_log_distance_s01_w1,juelich,12345,1,1,log-distance,41,42,veh15,veh2,5,0,1,961.942,0,2.01694,0,nan,nan,0,0.03,0.025,0.045625
juelich_pilot_d30_r5_log_distance_s01_w1,juelich,12345,1,1,log-distance,41,42,veh15,veh3,5,0,1,854.85,0,2.01694,12.1719,nan,nan,0,0.03,0.025,0.045625
juelich_pilot_d30_r5_log_distance_s01_w1,juelich,12345,1,1,log-distance,41,42,veh15,veh4,5,0,1,857.575,0,2.01694,3.26577,nan,nan,0,0.03,0.055,0.045625
juelich_pilot_d30_r5_log_distance_s01_w1,juelich,12345,1,1,log-distance,41,42,veh15,veh5,5,5,0,174.654,1,2.01694,8.12102,-71.5204,13.9849,5,0.03,0.045,0.045625
juelich_pilot_d30_r5_log_distance_s01_w1,juelich,12345,1,1,log-distance,41,42,veh15,veh6,5,0,1,963.974,0,2.01694,8.12976,nan,nan,0,0.03,0.05,0.045625
juelich_pilot_d30_r5_log_distance_s01_w1,juelich,12345,1,1,log-distance,41,42,veh15,veh7,5,5,0,497.555,1,2.01694,12.7574,-80.6145,4.82667,5,0.03,0.04,0.045625
juelich_pilot_d30_r5_log_distance_s01_w1,juelich,12345,1,1,log-distance,41,42,veh15,veh8,5,0,1,756.79,0,2.01694,7.36102,nan,nan,0,0.03,0.03,0.045625
juelich_pilot_d30_r5_log_distance_s01_w1,juelich,12345,1,1,log-distance,41,42,veh15,veh9,5,0,1,958.047,0,2.01694,3.70322,nan,nan,0,0.03,0.05,0.045625
juelich_pilot_d30_r5_log_distance_s01_w1,juelich,12345,1,1,log-distance,41,42,veh2,veh15,5,0,1,961.942,0,0,2.01694,nan,nan,0,0.025,0.03,0.045625
juelich_pilot_d30_r5_log_distance_s01_w1,juelich,12345,1,1,log-distance,41,42,veh2,veh3,5,5,0,108.552,1,0,12.1719,-67.3861,29.5902,5,0.025,0.025,0.045625
juelich_pilot_d30_r5_log_distance_s01_w1,juelich,12345,1,1,log-distance,41,42,veh2,veh5,5,0,1,822.52,0,0,8.12102,nan,nan,0,0.025,0.045,0.045625
juelich_pilot_d30_r5_log_distance_s01_w1,juelich,12345,1,1,log-distance,41,42,veh2,veh7,5,5,0,538.256,0,0,12.7574,-81.2973,15.679,5,0.025,0.04,0.045625
juelich_pilot_d30_r5_log_distance_s01_w1,juelich,12345,1,1,log-distance,41,42,veh2,veh8,5,5,0,389.624,1,0,7.36102,-78.4906,18.4857,5,0.025,0.03,0.045625
juelich_pilot_d30_r5_log_distance_s01_w1,juelich,12345,1,1,log-distance,41,42,veh3,veh15,5,0,1,854.85,0,12.1719,2.01694,nan,nan,0,0.025,0.03,0.045625
juelich_pilot_d30_r5_log_distance_s01_w1,juelich,12345,1,1,log-distance,41,42,veh3,veh2,5,5,0,108.552,1,12.1719,0,-67.3861,29.5902,5,0.025,0.025,0.045625
juelich_pilot_d30_r5_log_distance_s01_w1,juelich,12345,1,1,log-distance,41,42,veh3,veh5,5,0,1,714.051,0,12.1719,8.12102,nan,nan,0,0.025,0.045,0.045625
juelich_pilot_d30_r5_log_distance_s01_w1,juelich,12345,1,1,log-distance,41,42,veh3,veh7,5,5,0,432.68,1,12.1719,12.7574,-79.401,17.5752,5,0.025,0.04,0.045625
juelich_pilot_d30_r5_log_distance_s01_w1,juelich,12345,1,1,log-distance,41,42,veh3,veh8,5,5,0,312.607,1,12.1719,7.36102,-76.5776,20.3987,5,0.025,0.03,0.045625
juelich_pilot_d30_r5_log_distance_s01_w1,juelich,12345,1,1,log-distance,41,42,veh4,veh0,5,5,0,374.45,1,3.26577,14.0436,-78.1454,18.8308,5,0.055,0.065,0.045625
juelich_pilot_d30_r5_log_distance_s01_w1,juelich,12345,1,1,log-distance,41,42,veh4,veh1,5,5,0,281.418,1,3.26577,7.78966,-75.6646,21.3116,5,0.055,0.05,0.045625
juelich_pilot_d30_r5_log_distance_s01_w1,juelich,12345,1,1,log-distance,41,42,veh4,veh10,5,5,0,126.787,1,3.26577,8.60794,-68.7392,28.2371,5,0.055,0.05,0.045625
juelich_pilot_d30_r5_log_distance_s01_w1,juelich,12345,1,1,log-distance,41,42,veh4,veh11,5,5,0,222.113,1,3.26577,7.8759,-73.609,23.3673,5,0.055,0.05,0.045625
juelich_pilot_d30_r5_log_distance_s01_w1,juelich,12345,1,1,log-distance,41,42,veh4,veh12,5,5,0,408.314,1,3.26577,1.3,-78.8976,18.0787,5,0.055,0.05,0.045625
juelich_pilot_d30_r5_log_distance_s01_w1,juelich,12345,1,1,log-distance,41,42,veh4,veh13,5,5,0,209.428,1,3.26577,6.32695,-73.0981,23.8782,5,0.055,0.065,0.045625
juelich_pilot_d30_r5_log_distance_s01_w1,juelich,12345,1,1,log-distance,41,42,veh4,veh14,5,5,0,536.542,0,3.26577,7.48021,-81.2697,15.7066,5,0.055,0.05,0.045625
juelich_pilot_d30_r5_log_distance_s01_w1,juelich,12345,1,1,log-distance,41,42,veh4,veh15,5,0,1,857.575,0,3.26577,2.01694,nan,nan,0,0.055,0.03,0.045625
juelich_pilot_d30_r5_log_distance_s01_w1,juelich,12345,1,1,log-distance,41,42,veh4,veh5,5,0,1,793.63,0,3.26577,8.12102,nan,nan,0,0.055,0.045,0.045625
juelich_pilot_d30_r5_log_distance_s01_w1,juelich,12345,1,1,log-distance,41,42,veh4,veh6,5,5,0,123.981,1,3.26577,8.12976,-68.5448,28.4315,5,0.055,0.05,0.045625
juelich_pilot_d30_r5_log_distance_s01_w1,juelich,12345,1,1,log-distance,41,42,veh4,veh7,5,0,1,865.302,0,3.26577,12.7574,nan,nan,0,0.055,0.04,0.045625
juelich_pilot_d30_r5_log_distance_s01_w1,juelich,12345,1,1,log-distance,41,42,veh4,veh8,5,0,1,978.993,0,3.26577,7.36102,nan,nan,0,0.055,0.03,0.045625
juelich_pilot_d30_r5_log_distance_s01_w1,juelich,12345,1,1,log-distance,41,42,veh4,veh9,5,5,0,166.55,1,3.26577,3.70322,-71.1085,25.8678,5,0.055,0.05,0.045625
juelich_pilot_d30_r5_log_distance_s01_w1,juelich,12345,1,1,log-distance,41,42,veh5,veh0,5,5,0,521.789,0,8.12102,14.0436,-81.0276,15.9487,5,0.045,0.065,0.045625
juelich_pilot_d30_r5_log_distance_s01_w1,juelich,12345,1,1,log-distance,41,42,veh5,veh1,5,0,1,943.294,0,8.12102,7.78966,nan,nan,0,0.045,0.05,0.045625
juelich_pilot_d30_r5_log_distance_s01_w1,juelich,12345,1,1,log-distance,41,42,veh5,veh10,5,0,1,918.514,0,8.12102,8.60794,nan,nan,0,0.045,0.05,0.045625
juelich_pilot_d30_r5_log_distance_s01_w1,juelich,12345,1,1,log-distance,41,42,veh5,veh11,5,0,1,906.644,0,8.12102,7.8759,nan,nan,0,0.045,0.05,0.045625
juelich_pilot_d30_r5_log_distance_s01_w1,juelich,12345,1,1,log-distance,41,42,veh5,veh12,5,0,1,990.025,0,8.12102,1.3,nan,nan,0,0.045,0.05,0.045625
juelich_pilot_d30_r5_log_distance_s01_w1,juelich,12345,1,1,log-distance,41,42,veh5,veh13,5,0,1,631.824,0,8.12102,6.32695,nan,nan,0,0.045,0.065,0.045625
juelich_pilot_d30_r5_log_distance_s01_w1,juelich,12345,1,1,log-distance,41,42,veh5,veh14,5,0,1,983.755,0,8.12102,7.48021,nan,nan,0,0.045,0.05,0.045625
juelich_pilot_d30_r5_log_distance_s01_w1,juelich,12345,1,1,log-distance,41,42,veh5,veh15,5,5,0,174.654,1,8.12102,2.01694,-71.5204,25.4559,5,0.045,0.03,0.045625
juelich_pilot_d30_r5_log_distance_s01_w1,juelich,12345,1,1,log-distance,41,42,veh5,veh2,5,0,1,822.52,0,8.12102,0,nan,nan,0,0.045,0.025,0.045625
juelich_pilot_d30_r5_log_distance_s01_w1,juelich,12345,1,1,log-distance,41,42,veh5,veh3,5,0,1,714.051,0,8.12102,12.1719,nan,nan,0,0.045,0.025,0.045625
juelich_pilot_d30_r5_log_distance_s01_w1,juelich,12345,1,1,log-distance,41,42,veh5,veh4,5,0,1,793.63,0,8.12102,3.26577,nan,nan,0,0.045,0.055,0.045625
juelich_pilot_d30_r5_log_distance_s01_w1,juelich,12345,1,1,log-distance,41,42,veh5,veh6,5,0,1,910.019,0,8.12102,8.12976,nan,nan,0,0.045,0.05,0.045625
juelich_pilot_d30_r5_log_distance_s01_w1,juelich,12345,1,1,log-distance,41,42,veh5,veh7,5,5,0,327.888,1,8.12102,12.7574,-76.9917,19.9846,5,0.045,0.04,0.045625
juelich_pilot_d30_r5_log_distance_s01_w1,juelich,12345,1,1,log-distance,41,42,veh5,veh8,5,0,1,586.591,0,8.12102,7.36102,nan,nan,0,0.045,0.03,0.045625
juelich_pilot_d30_r5_log_distance_s01_w1,juelich,12345,1,1,log-distance,41,42,veh5,veh9,5,0,1,868.553,0,8.12102,3.70322,nan,nan,0,0.045,0.05,0.045625
juelich_pilot_d30_r5_log_distance_s01_w1,juelich,12345,1,1,log-distance,41,42,veh6,veh0,5,5,0,457.342,1,8.12976,14.0436,-79.8825,17.0938,5,0.05,0.065,0.045625
juelich_pilot_d30_r5_log_distance_s01_w1,juelich,12345,1,1,log-distance,41,42,veh6,veh1,5,5,0,303.068,1,8.12976,7.78966,-76.3085,20.6678,5,0.05,0.05,0.045625
juelich_pilot_d30_r5_log_distance_s01_w1,juelich,12345,1,1,log-distance,41,42,veh6,veh10,5,5,0,24.0834,1,8.12976,8.60794,-54.312,42.6643,5,0.05,0.05,0.045625
juelich_pilot_d30_r5_log_distance_s01_w1,juelich,12345,1,1,log-distance,41,42,veh6,veh11,5,5,0,250.069,1,8.12976,7.8759,-74.6389,22.3374,5,0.05,0.05,0.045625
juelich_pilot_d30_r5_log_distance_s01_w1,juelich,12345,1,1,log-distance,41,42,veh6,veh12,5,5,0,345.873,1,8.12976,1.3,-77.4559,19.5204,5,0.05,0.05,0.045625
juelich_pilot_d30_r5_log_distance_s01_w1,juelich,12345,1,1,log-distance,41,42,veh6,veh13,5,5,0,297.133,1,8.12976,6.32695,-76.1363,20.8399,5,0.05,0.065,0.045625
juelich_pilot_d30_r5_log_distance_s01_w1,juelich,12345,1,1,log-distance,41,42,veh6,veh14,5,5,0,496.993,1,8.12976,7.48021,-80.6044,16.3719,5,0.05,0.05,0.045625
juelich_pilot_d30_r5_log_distance_s01_w1,juelich,12345,1,1,log-distance,41,42,veh6,veh15,5,0,1,963.974,0,8.12976,2.01694,nan,nan,0,0.05,0.03,0.045625
juelich_pilot_d30_r5_log_distance_s01_w1,juelich,12345,1,1,log-distance,41,42,veh6,veh4,5,5,0,123.981,1,8.12976,3.26577,-68.5448,28.4315,5,0.05,0.055,0.045625
juelich_pilot_d30_r5_log_distance_s01_w1,juelich,12345,1,1,log-distance,41,42,veh6,veh5,5,0,1,910.019,0,8.12976,8.12102,nan,nan,0,0.05,0.045,0.045625
juelich_pilot_d30_r5_log_distance_s01_w1,juelich,12345,1,1,log-distance,41,42,veh6,veh7,5,0,1,989.271,0,8.12976,12.7574,nan,nan,0,0.05,0.04,0.045625
juelich_pilot_d30_r5_log_distance_s01_w1,juelich,12345,1,1,log-distance,41,42,veh6,veh9,5,5,0,207.911,1,8.12976,3.70322,-73.0351,23.9412,5,0.05,0.05,0.045625
juelich_pilot_d30_r5_log_distance_s01_w1,juelich,12345,1,1,log-distance,41,42,veh7,veh0,5,0,1,721.63,0,12.7574,14.0436,nan,nan,0,0.04,0.065,0.045625
juelich_pilot_d30_r5_log_distance_s01_w1,juelich,12345,1,1,log-distance,41,42,veh7,veh1,5,0,1,917.399,0,12.7574,7.78966,nan,nan,0,0.04,0.05,0.045625
juelich_pilot_d30_r5_log_distance_s01_w1,juelich,12345,1,1,log-distance,41,42,veh7,veh10,5,0,1,989.834,0,12.7574,8.60794,nan,nan,0,0.04,0.05,0.045625
juelich_pilot_d30_r5_log_distance_s01_w1,juelich,12345,1,1,log-distance,41,42,veh7,veh11,5,0,1,899.476,0,12.7574,7.8759,nan,nan,0,0.04,0.05,0.045625
juelich_pilot_d30_r5_log_distance_s01_w1,juelich,12345,1,1,log-distance,41,42,veh7,veh13,5,0,1,770.098,0,12.7574,6.32695,nan,nan,0,0.04,0.065,0.045625
juelich_pilot_d30_r5_log_distance_s01_w1,juelich,12345,1,1,log-distance,41,42,veh7,veh15,5,5,0,497.555,1,12.7574,2.01694,-80.6145,16.3618,5,0.04,0.03,0.045625
juelich_pilot_d30_r5_log_distance_s01_w1,juelich,12345,1,1,log-distance,41,42,veh7,veh2,5,5,0,538.256,0,12.7574,0,-81.2973,15.679,5,0.04,0.025,0.045625
juelich_pilot_d30_r5_log_distance_s01_w1,juelich,12345,1,1,log-distance,41,42,veh7,veh3,5,5,0,432.68,1,12.7574,12.1719,-79.401,17.5752,5,0.04,0.025,0.045625
juelich_pilot_d30_r5_log_distance_s01_w1,juelich,12345,1,1,log-distance,41,42,veh7,veh4,5,0,1,865.302,0,12.7574,3.26577,nan,nan,0,0.04,0.055,0.045625
juelich_pilot_d30_r5_log_distance_s01_w1,juelich,12345,1,1,log-distance,41,42,veh7,veh5,5,5,0,327.888,1,12.7574,8.12102,-76.9917,19.9846,5,0.04,0.045,0.045625
juelich_pilot_d30_r5_log_distance_s01_w1,juelich,12345,1,1,log-distance,41,42,veh7,veh6,5,0,1,989.271,0,12.7574,8.12976,nan,nan,0,0.04,0.05,0.045625
juelich_pilot_d30_r5_log_distance_s01_w1,juelich,12345,1,1,log-distance,41,42,veh7,veh8,5,5,0,259.269,1,12.7574,7.36102,-74.9523,22.024,5,0.04,0.03,0.045625
juelich_pilot_d30_r5_log_distance_s01_w1,juelich,12345,1,1,log-distance,41,42,veh7,veh9,5,0,1,878.952,0,12.7574,3.70322,nan,nan,0,0.04,0.05,0.045625
juelich_pilot_d30_r5_log_distance_s01_w1,juelich,12345,1,1,log-distance,41,42,veh8,veh0,5,0,1,920.267,0,7.36102,14.0436,nan,nan,0,0.03,0.065,0.045625
juelich_pilot_d30_r5_log_distance_s01_w1,juelich,12345,1,1,log-distance,41,42,veh8,veh1,5,0,1,956.186,0,7.36102,7.78966,nan,nan,0,0.03,0.05,0.045625
juelich_pilot_d30_r5_log_distance_s01_w1,juelich,12345,1,1,log-distance,41,42,veh8,veh11,5,0,1,954.265,0,7.36102,7.8759,nan,nan,0,0.03,0.05,0.045625
juelich_pilot_d30_r5_log_distance_s01_w1,juelich,12345,1,1,log-distance,41,42,veh8,veh13,5,0,1,932.577,0,7.36102,6.32695,nan,nan,0,0.03,0.065,0.045625
juelich_pilot_d30_r5_log_distance_s01_w1,juelich,12345,1,1,log-distance,41,42,veh8,veh15,5,0,1,756.79,0,7.36102,2.01694,nan,nan,0,0.03,0.03,0.045625
juelich_pilot_d30_r5_log_distance_s01_w1,juelich,12345,1,1,log-distance,41,42,veh8,veh2,5,5,0,389.624,1,7.36102,0,-78.4906,18.4857,5,0.03,0.025,0.045625
juelich_pilot_d30_r5_log_distance_s01_w1,juelich,12345,1,1,log-distance,41,42,veh8,veh3,5,5,0,312.607,1,7.36102,12.1719,-76.5776,20.3987,5,0.03,0.025,0.045625
juelich_pilot_d30_r5_log_distance_s01_w1,juelich,12345,1,1,log-distance,41,42,veh8,veh4,5,0,1,978.993,0,7.36102,3.26577,nan,nan,0,0.03,0.055,0.045625
juelich_pilot_d30_r5_log_distance_s01_w1,juelich,12345,1,1,log-distance,41,42,veh8,veh5,5,0,1,586.591,0,7.36102,8.12102,nan,nan,0,0.03,0.045,0.045625
juelich_pilot_d30_r5_log_distance_s01_w1,juelich,12345,1,1,log-distance,41,42,veh8,veh7,5,5,0,259.269,1,7.36102,12.7574,-74.9523,22.024,5,0.03,0.04,0.045625
juelich_pilot_d30_r5_log_distance_s01_w1,juelich,12345,1,1,log-distance,41,42,veh8,veh9,5,0,1,948.671,0,7.36102,3.70322,nan,nan,0,0.03,0.05,0.045625
juelich_pilot_d30_r5_log_distance_s01_w1,juelich,12345,1,1,log-distance,41,42,veh9,veh0,5,5,0,519.233,0,3.70322,14.0436,-80.9847,15.9916,5,0.05,0.065,0.045625
juelich_pilot_d30_r5_log_distance_s01_w1,juelich,12345,1,1,log-distance,41,42,veh9,veh1,5,5,0,115.23,1,3.70322,7.78966,-67.9075,29.0688,5,0.05,0.05,0.045625
juelich_pilot_d30_r5_log_distance_s01_w1,juelich,12345,1,1,log-distance,41,42,veh9,veh10,5,5,0,189.502,1,3.70322,8.60794,-72.2299,24.7464,5,0.05,0.05,0.045625
juelich_pilot_d30_r5_log_distance_s01_w1,juelich,12345,1,1,log-distance,41,42,veh9,veh11,5,5,0,56.1613,1,3.70322,7.8759,-61.6597,35.3165,5,0.05,0.05,0.045625
juelich_pilot_d30_r5_log_distance_s01_w1,juelich,12345,1,1,log-distance,41,42,veh9,veh12,5,5,0,549.295,0,3.70322,1.3,-81.4738,15.5025,5,0.05,0.05,0.045625
juelich_pilot_d30_r5_log_distance_s01_w1,juelich,12345,1,1,log-distance,41,42,veh9,veh13,5,5,0,359.584,1,3.70322,6.32695,-77.7937,19.1826,5,0.05,0.065,0.045625
juelich_pilot_d30_r5_log_distance_s01_w1,juelich,12345,1,1,log-distance,41,42,veh9,veh14,5,0,1,691.217,0,3.70322,7.48021,nan,nan,0,0.05,0.05,0.045625
juelich_pilot_d30_r5_log_distance_s01_w1,juelich,12345,1,1,log-distance,41,42,veh9,veh15,5,0,1,958.047,0,3.70322,2.01694,nan,nan,0,0.05,0.03,0.045625
juelich_pilot_d30_r5_log_distance_s01_w1,juelich,12345,1,1,log-distance,41,42,veh9,veh4,5,5,0,166.55,1,3.70322,3.26577,-71.1085,25.8678,5,0.05,0.055,0.045625
juelich_pilot_d30_r5_log_distance_s01_w1,juelich,12345,1,1,log-distance,41,42,veh9,veh5,5,0,1,868.553,0,3.70322,8.12102,nan,nan,0,0.05,0.045,0.045625
juelich_pilot_d30_r5_log_distance_s01_w1,juelich,12345,1,1,log-distance,41,42,veh9,veh6,5,5,0,207.911,1,3.70322,8.12976,-73.0351,23.9412,5,0.05,0.05,0.045625
juelich_pilot_d30_r5_log_distance_s01_w1,juelich,12345,1,1,log-distance,41,42,veh9,veh7,5,0,1,878.952,0,3.70322,12.7574,nan,nan,0,0.05,0.04,0.045625
juelich_pilot_d30_r5_log_distance_s01_w1,juelich,12345,1,1,log-distance,41,42,veh9,veh8,5,0,1,948.671,0,3.70322,7.36102,nan,nan,0,0.05,0.03,0.045625
juelich_pilot_d30_r5_log_distance_s01_w1,juelich,12345,1,1,log-distance,42,43,veh0,veh1,5,0,1,634.539,0,14.0348,7.78934,nan,nan,0,0.065,0.05,0.045625
juelich_pilot_d30_r5_log_distance_s01_w1,juelich,12345,1,1,log-distance,42,43,veh0,veh10,5,5,0,476.788,1,14.0348,8.61878,-80.2442,16.7321,5,0.065,0.05,0.045625
juelich_pilot_d30_r5_log_distance_s01_w1,juelich,12345,1,1,log-distance,42,43,veh0,veh11,5,5,0,578.581,0,14.0348,7.8789,-81.925,15.0513,5,0.065,0.05,0.045625
juelich_pilot_d30_r5_log_distance_s01_w1,juelich,12345,1,1,log-distance,42,43,veh0,veh12,5,5,0,468.009,1,14.0348,3.44875,-80.0828,16.8935,5,0.065,0.05,0.045625
juelich_pilot_d30_r5_log_distance_s01_w1,juelich,12345,1,1,log-distance,42,43,veh0,veh13,5,5,0,179.154,1,14.0348,6.38999,-71.7398,25.2364,5,0.065,0.065,0.045625
juelich_pilot_d30_r5_log_distance_s01_w1,juelich,12345,1,1,log-distance,42,43,veh0,veh14,5,5,0,471.061,1,14.0348,9.64551,-80.1392,16.8371,5,0.065,0.05,0.045625
juelich_pilot_d30_r5_log_distance_s01_w1,juelich,12345,1,1,log-distance,42,43,veh0,veh15,5,5,0,523.01,0,14.0348,3.92928,-81.0478,15.9285,5,0.065,0.03,0.045625
juelich_pilot_d30_r5_log_distance_s01_w1,juelich,12345,1,1,log-distance,42,43,veh0,veh4,5,5,0,381.453,1,14.0348,5.19821,-78.3064,18.6699,5,0.065,0.055,0.045625
juelich_pilot_d30_r5_log_distance_s01_w1,juelich,12345,1,1,log-distance,42,43,veh0,veh5,5,5,0,523.625,0,14.0348,8.12478,-81.0581,15.9182,5,0.065,0.045,0.045625
juelich_pilot_d30_r5_log_distance_s01_w1,juelich,12345,1,1,log-distance,42,43,veh0,veh6,5,5,0,460.71,1,14.0348,6.98011,-79.9462,17.0301,5,0.065,0.05,0.045625
juelich_pilot_d30_r5_log_distance_s01_w1,juelich,12345,1,1,log-distance,42,43,veh0,veh7,5,0,1,717.392,0,14.0348,12.7707,nan,nan,0,0.065,0.04,0.045625
juelich_pilot_d30_r5_log_distance_s01_w1,juelich,12345,1,1,log-distance,42,43,veh0,veh8,5,0,1,930.699,0,14.0348,3.68683,nan,nan,0,0.065,0.03,0.045625
juelich_pilot_d30_r5_log_distance_s01_w1,juelich,12345,1,1,log-distance,42,43,veh0,veh9,5,5,0,531.132,0,14.0348,5.877,-81.1816,15.7947,5,0.065,0.05,0.045625
juelich_pilot_d30_r5_log_distance_s01_w1,juelich,12345,1,1,log-distance,42,43,veh1,veh0,5,0,1,634.539,0,7.78934,14.0348,nan,nan,0,0.05,0.065,0.045625
juelich_pilot_d30_r5_log_distance_s01_w1,juelich,12345,1,1,log-distance,42,43,veh1,veh10,5,5,0,281.867,1,7.78934,8.61878,-75.6786,21.2977,5,0.05,0.05,0.045625
juelich_pilot_d30_r5_log_distance_s01_w1,juelich,12345,1,1,log-distance,42,43,veh1,veh11,5,5,0,59.4012,1,7.78934,7.8789,-62.1536,34.8227,5,0.05,0.05,0.045625
juelich_pilot_d30_r5_log_distance_s01_w1,juelich,12345,1,1,log-distance,42,43,veh1,veh12,5,0,1,643.902,0,7.78934,3.44875,nan,nan,0,0.05,0.05,0.045625
juelich_pilot_d30_r5_log_distance_s01_w1,juelich,12345,1,1,log-distance,42,43,veh1,veh13,5,5,0,463.436,1,7.78934,6.38999,-79.9974,16.9789,5,0.05,0.065,0.045625
juelich_pilot_d30_r5_log_distance_s01_w1,juelich,12345,1,1,log-distance,42,43,veh1,veh14,5,0,1,782.286,0,7.78934,9.64551,nan,nan,0,0.05,0.05,0.045625
juelich_pilot_d30_r5_log_distance_s01_w1,juelich,12345,1,1,log-distance,42,43,veh1,veh4,5,5,0,277.932,1,7.78934,5.19821,-75.5564,21.4199,5,0.05,0.055,0.045625
juelich_pilot_d30_r5_log_distance_s01_w1,juelich,12345,1,1,log-distance,42,43,veh1,veh5,5,0,1,933.081,0,7.78934,8.12478,nan,nan,0,0.05,0.045,0.045625
juelich_pilot_d30_r5_log_distance_s01_w1,juelich,12345,1,1,log-distance,42,43,veh1,veh6,5,5,0,302.591,1,7.78934,6.98011,-76.2948,20.6815,5,0.05,0.05,0.045625
juelich_pilot_d30_r5_log_distance_s01_w1,juelich,12345,1,1,log-distance,42,43,veh1,veh7,5,0,1,902.778,0,7.78934,12.7707,nan,nan,0,0.05,0.04,0.045625
juelich_pilot_d30_r5_log_distance_s01_w1,juelich,12345,1,1,log-distance,42,43,veh1,veh8,5,0,1,953.174,0,7.78934,3.68683,nan,nan,0,0.05,0.03,0.045625
juelich_pilot_d30_r5_log_distance_s01_w1,juelich,12345,1,1,log-distance,42,43,veh1,veh9,5,5,0,109.274,1,7.78934,5.877,-67.4476,29.5287,5,0.05,0.05,0.045625
juelich_pilot_d30_r5_log_distance_s01_w1,juelich,12345,1,1,log-distance,42,43,veh10,veh0,5,5,0,476.788,1,8.61878,14.0348,-80.2442,16.7321,5,0.05,0.065,0.045625
juelich_pilot_d30_r5_log_distance_s01_w1,juelich,12345,1,1,log-distance,42,43,veh10,veh1,5,5,0,281.867,1,8.61878,7.78934,-75.6786,21.2977,5,0.05,0.05,0.045625
juelich_pilot_d30_r5_log_distance_s01_w1,juelich,12345,1,1,log-distance,42,43,veh10,veh11,5,5,0,229.903,1,8.61878,7.8789,-73.9086,23.0677,5,0.05,0.05,0.045625
juelich_pilot_d30_r5_log_distance_s01_w1,juelich,12345,1,1,log-distance,42,43,veh10,veh12,5,5,0,362.242,1,8.61878,3.44875,-77.8576,19.1187,5,0.05,0.05,0.045625
juelich_pilot_d30_r5_log_distance_s01_w1,juelich,12345,1,1,log-distance,42,43,veh10,veh13,5,5,0,301.85,1,8.61878,6.38999,-76.2731,20.7032,5,0.05,0.065,0.045625
juelich_pilot_d30_r5_log_distance_s01_w1,juelich,12345,1,1,log-distance,42,43,veh10,veh14,5,5,0,504.249,0,8.61878,9.64551,-80.7302,16.2461,5,0.05,0.05,0.045625
juelich_pilot_d30_r5_log_distance_s01_w1,juelich,12345,1,1,log-distance,42,43,veh10,veh15,5,0,1,969.471,0,8.61878,3.92928,nan,nan,0,0.05,0.03,0.045625
juelich_pilot_d30_r5_log_distance_s01_w1,juelich,12345,1,1,log-distance,42,43,veh10,veh4,5,5,0,126.134,1,8.61878,5.19821,-68.6943,28.282,5,0.05,0.055,0.045625
juelich_pilot_d30_r5_log_distance_s01_w1,juelich,12345,1,1,log-distance,42,43,veh10,veh5,5,0,1,912.246,0,8.61878,8.12478,nan,nan,0,0.05,0.045,0.045625
juelich_pilot_d30_r5_log_distance_s01_w1,juelich,12345,1,1,log-distance,42,43,veh10,veh6,5,5,0,22.7202,1,8.61878,6.98011,-53.8041,43.1722,5,0.05,0.05,0.045625
juelich_pilot_d30_r5_log_distance_s01_w1,juelich,12345,1,1,log-distance,42,43,veh10,veh7,5,0,1,976.8,0,8.61878,12.7707,nan,nan,0,0.05,0.04,0.045625
juelich_pilot_d30_r5_log_distance_s01_w1,juelich,12345,1,1,log-distance,42,43,veh10,veh9,5,5,0,191.583,1,8.61878,5.877,-72.3248,24.6515,5,0.05,0.05,0.045625
juelich_pilot_d30_r5_log_distance_s01_w1,juelich,12345,1,1,log-distance,42,43,veh11,veh0,5,0,1,578.581,0,7.8789,14.0348,nan,nan,0,0.05,0.065,0.045625
juelich_pilot_d30_r5_log_distance_s01_w1,juelich,12345,1,1,log-distance,42,43,veh11,veh1,5,5,0,59.4012,1,7.8789,7.78934,-62.1536,34.8227,5,0.05,0.05,0.045625
juelich_pilot_d30_r5_log_distance_s01_w1,juelich,12345,1,1,log-distance,42,43,veh11,veh10,5,5,0,229.903,1,7.8789,8.61878,-73.9086,23.0677,5,0.05,0.05,0.045625
juelich_pilot_d30_r5_log_distance_s01_w1,juelich,12345,1,1,log-distance,42,43,veh11,veh12,5,0,1,590.249,0,7.8789,3.44875,nan,nan,0,0.05,0.05,0.045625
juelich_pilot_d30_r5_log_distance_s01_w1,juelich,12345,1,1,log-distance,42,43,veh11,veh13,5,5,0,405.796,1,7.8789,6.38999,-78.8437,18.1326,5,0.05,0.065,0.045625
juelich_pilot_d30_r5_log_distance_s01_w1,juelich,12345,1,1,log-distance,42,43,veh11,veh14,5,0,1,726.139,0,7.8789,9.64551,nan,nan,0,0.05,0.05,0.045625
juelich_pilot_d30_r5_log_distance_s01_w1,juelich,12345,1,1,log-distance,42,43,veh11,veh15,5,0,1,994.738,0,7.8789,3.92928,nan,nan,0,0.05,0.03,0.045625
juelich_pilot_d30_r5_log_distance_s01_w1,juelich,12345,1,1,log-distance,42,43,veh11,veh4,5,5,0,218.531,1,7.8789,5.19821,-73.4679,23.5084,5,0.05,0.055,0.045625
juelich_pilot_d30_r5_log_distance_s01_w1,juelich,12345,1,1,log-distance,42,43,veh11,veh5,5,0,1,897.01,0,7.8789,8.12478,nan,nan,0,0.05,0.045,0.045625
juelich_pilot_d30_r5_log_distance_s01_w1,juelich,12345,1,1,log-distance,42,43,veh11,veh6,5,5,0,249.536,1,7.8789,6.98011,-74.6204,22.3559,5,0.05,0.05,0.045625
juelich_pilot_d30_r5_log_distance_s01_w1,juelich,12345,1,1,log-distance,42,43,veh11,veh7,5,0,1,885.055,0,7.8789,12.7707,nan,nan,0,0.05,0.04,0.045625
juelich_pilot_d30_r5_log_distance_s01_w1,juelich,12345,1,1,log-distance,42,43,veh11,veh8,5,0,1,952.019,0,7.8789,3.68683,nan,nan,0,0.05,0.03,0.045625
juelich_pilot_d30_r5_log_distance_s01_w1,juelich,12345,1,1,log-distance,42,43,veh11,veh9,5,5,0,49.9232,1,7.8789,5.877,-60.6413,36.3349,5,0.05,0.05,0.045625
juelich_pilot_d30_r5_log_distance_s01_w1,juelich,12345,1,1,log-distance,42,43,veh12,veh0,5,5,0,468.009,1,3.44875,14.0348,-80.0828,16.8935,5,0.05,0.065,0.045625
juelich_pilot_d30_r5_log_distance_s01_w1,juelich,12345,1,1,log-distance,42,43,veh12,veh1,5,0,1,643.902,0,3.44875,7.78934,nan,nan,0,0.05,0.05,0.045625
juelich_pilot_d30_r5_log_distance_s01_w1,juelich,12345,1,1,log-distance,42,43,veh12,veh10,5,5,0,362.242,1,3.44875,8.61878,-77.8576,19.1187,5,0.05,0.05,0.045625
juelich_pilot_d30_r5_log_distance_s01_w1,juelich,12345,1,1,log-distance,42,43,veh12,veh11,5,0,1,590.249,0,3.44875,7.8789,nan,nan,0,0.05,0.05,0.045625
juelich_pilot_d30_r5_log_distance_s01_w1,juelich,12345,1,1,log-distance,42,43,veh12,veh13,5,5,0,393.455,1,3.44875,6.38999,-78.5755,18.4007,5,0.05,0.065,0.045625
juelich_pilot_d30_r5_log_distance_s01_w1,juelich,12345,1,1,log-distance,42,43,veh12,veh14,5,5,0,156.641,1,3.44875,9.64551,-70.5736,26.4027,5,0.05,0.05,0.045625
juelich_pilot_d30_r5_log_distance_s01_w1,juelich,12345,1,1,log-distance,42,43,veh12,veh15,5,0,1,980.456,0,3.44875,3.92928,nan,nan,0,0.05,0.03,0.045625
juelich_pilot_d30_r5_log_distance_s01_w1,juelich,12345,1,1,log-distance,42,43,veh12,veh4,5,5,0,407.26,1,3.44875,5.19821,-78.8751,18.1012,5,0.05,0.055,0.045625
juelich_pilot_d30_r5_log_distance_s01_w1,juelich,12345,1,1,log-distance,42,43,veh12,veh5,5,0,1,991.145,0,3.44875,8.12478,nan,nan,0,0.05,0.045,0.045625
juelich_pilot_d30_r5_log_distance_s01_w1,juelich,12345,1,1,log-distance,42,43,veh12,veh6,5,5,0,341.314,1,3.44875,6.98011,-77.3407,19.6356,5,0.05,0.05,0.045625
juelich_pilot_d30_r5_log_distance_s01_w1,juelich,12345,1,1,log-distance,42,43,veh12,veh9,5,5,0,547.55,0,3.44875,5.877,-81.4462,15.5301,5,0.05,0.05,0.045625
juelich_pilot_d30_r5_log_distance_s01_w1,juelich,12345,1,1,log-distance,42,43,veh13,veh0,5,5,0,179.154,1,6.38999,14.0348,-71.7398,25.2364,5,0.065,0.065,0.045625
juelich_pilot_d30_r5_log_distance_s01_w1,juelich,12345,1,1,log-distance,42,43,veh13,veh1,5,5,0,463.436,1,6.38999,7.78934,-79.9974,16.9789,5,0.065,0.05,0.045625
juelich_pilot_d30_r5_log_distance_s01_w1,juelich,12345,1,1,log-distance,42,43,veh13,veh10,5,5,0,301.85,1,6.38999,8.61878,-76.2731,20.7032,5,0.065,0.05,0.045625
juelich_pilot_d30_r5_log_distance_s01_w1,juelich,12345,1,1,log-distance,42,43,veh13,veh11,5,5,0,405.796,1,6.38999,7.8789,-78.8437,18.1326,5,0.065,0.05,0.045625
juelich_pilot_d30_r5_log_distance_s01_w1,juelich,12345,1,1,log-distance,42,43,veh13,veh12,5,5,0,393.455,1,6.38999,3.44875,-78.5755,18.4007,5,0.065,0.05,0.045625
juelich_pilot_d30_r5_log_distance_s01_w1,juelich,12345,1,1,log-distance,42,43,veh13,veh14,5,5,0,455.906,1,6.38999,9.64551,-79.855,17.1212,5,0.065,0.05,0.045625
juelich_pilot_d30_r5_log_distance_s01_w1,juelich,12345,1,1,log-distance,42,43,veh13,veh15,5,0,1,672.987,0,6.38999,3.92928,nan,nan,0,0.065,0.03,0.045625
juelich_pilot_d30_r5_log_distance_s01_w1,juelich,12345,1,1,log-distance,42,43,veh13,veh4,5,5,0,202.379,1,6.38999,5.19821,-72.8005,24.1758,5,0.065,0.055,0.045625
juelich_pilot_d30_r5_log_distance_s01_w1,juelich,12345,1,1,log-distance,42,43,veh13,veh5,5,0,1,636.071,0,6.38999,8.12478,nan,nan,0,0.065,0.045,0.045625
juelich_pilot_d30_r5_log_distance_s01_w1,juelich,12345,1,1,log-distance,42,43,veh13,veh6,5,5,0,287.713,1,6.38999,6.98011,-75.8565,21.1198,5,0.065,0.05,0.045625
juelich_pilot_d30_r5_log_distance_s01_w1,juelich,12345,1,1,log-distance,42,43,veh13,veh7,5,0,1,763.805,0,6.38999,12.7707,nan,nan,0,0.065,0.04,0.045625
juelich_pilot_d30_r5_log_distance_s01_w1,juelich,12345,1,1,log-distance,42,43,veh13,veh8,5,0,1,938.189,0,6.38999,3.68683,nan,nan,0,0.065,0.03,0.045625
juelich_pilot_d30_r5_log_distance_s01_w1,juelich,12345,1,1,log-distance,42,43,veh13,veh9,5,5,0,357.062,1,6.38999,5.877,-77.7325,19.2438,5,0.065,0.05,0.045625
juelich_pilot_d30_r5_log_distance_s01_w1,juelich,12345,1,1,log-distance,42,43,veh14,veh0,5,5,0,471.061,1,9.64551,14.0348,-80.1392,16.8371,5,0.05,0.065,0.045625
juelich_pilot_d30_r5_log_distance_s01_w1,juelich,12345,1,1,log-distance,42,43,veh14,veh1,5,0,1,782.286,0,9.64551,7.78934,nan,nan,0,0.05,0.05,0.045625
juelich_pilot_d30_r5_log_distance_s01_w1,juelich,12345,1,1,log-distance,42,43,veh14,veh10,5,5,0,504.249,0,9.64551,8.61878,-80.7302,16.2461,5,0.05,0.05,0.045625
juelich_pilot_d30_r5_log_distance_s01_w1,juelich,12345,1,1,log-distance,42,43,veh14,veh11,5,0,1,726.139,0,9.64551,7.8789,nan,nan,0,0.05,0.05,0.045625
juelich_pilot_d30_r5_log_distance_s01_w1,juelich,12345,1,1,log-distance,42,43,veh14,veh12,5,5,0,156.641,1,9.64551,3.44875,-70.5736,26.4027,5,0.05,0.05,0.045625
juelich_pilot_d30_r5_log_distance_s01_w1,juelich,12345,1,1,log-distance,42,43,veh14,veh13,5,5,0,455.906,1,9.64551,6.38999,-79.855,17.1212,5,0.05,0.065,0.045625
juelich_pilot_d30_r5_log_distance_s01_w1,juelich,12345,1,1,log-distance,42,43,veh14,veh15,5,0,1,945.619,0,9.64551,3.92928,nan,nan,0,0.05,0.03,0.045625
juelich_pilot_d30_r5_log_distance_s01_w1,juelich,12345,1,1,log-distance,42,43,veh14,veh4,5,5,0,526.063,0,9.64551,5.19821,-81.0983,15.878,5,0.05,0.055,0.045625
juelich_pilot_d30_r5_log_distance_s01_w1,juelich,12345,1,1,log-distance,42,43,veh14,veh5,5,0,1,985.238,0,9.64551,8.12478,nan,nan,0,0.05,0.045,0.045625
juelich_pilot_d30_r5_log_distance_s01_w1,juelich,12345,1,1,log-distance,42,43,veh14,veh6,5,5,0,482.169,1,9.64551,6.98011,-80.3413,16.635,5,0.05,0.05,0.045625
juelich_pilot_d30_r5_log_distance_s01_w1,juelich,12345,1,1,log-distance,42,43,veh14,veh9,5,0,1,680.502,0,9.64551,5.877,nan,nan,0,0.05,0.05,0.045625
juelich_pilot_d30_r5_log_distance_s01_w1,juelich,12345,1,1,log-distance,42,43,veh15,veh0,5,5,0,523.01,0,3.92928,14.0348,-81.0478,0.743479,5,0.03,0.065,0.045625
juelich_pilot_d30_r5_log_distance_s01_w1,juelich,12345,1,1,log-distance,42,43,veh15,veh10,5,0,1,969.471,0,3.92928,8.61878,nan,nan,0,0.03,0.05,0.045625
juelich_pilot_d30_r5_log_distance_s01_w1,juelich,12345,1,1,log-distance,42,43,veh15,veh11,5,0,1,994.738,0,3.92928,7.8789,nan,nan,0,0.03,0.05,0.045625
juelich_pilot_d30_r5_log_distance_s01_w1,juelich,12345,1,1,log-distance,42,43,veh15,veh12,5,0,1,980.456,0,3.92928,3.44875,nan,nan,0,0.03,0.05,0.045625
juelich_pilot_d30_r5_log_distance_s01_w1,juelich,12345,1,1,log-distance,42,43,veh15,veh13,5,0,1,672.987,0,3.92928,6.38999,nan,nan,0,0.03,0.065,0.045625
juelich_pilot_d30_r5_log_distance_s01_w1,juelich,12345,1,1,log-distance,42,43,veh15,veh14,5,0,1,945.619,0,3.92928,9.64551,nan,nan,0,0.03,0.05,0.045625
juelich_pilot_d30_r5_log_distance_s01_w1,juelich,12345,1,1,log-distance,42,43,veh15,veh2,5,0,1,964.29,0,3.92928,0,nan,nan,0,0.03,0.025,0.045625
juelich_pilot_d30_r5_log_distance_s01_w1,juelich,12345,1,1,log-distance,42,43,veh15,veh3,5,0,1,845.306,0,3.92928,12.1409,nan,nan,0,0.03,0.025,0.045625
juelich_pilot_d30_r5_log_distance_s01_w1,juelich,12345,1,1,log-distance,42,43,veh15,veh4,5,0,1,852.759,0,3.92928,5.19821,nan,nan,0,0.03,0.055,0.045625
juelich_pilot_d30_r5_log_distance_s01_w1,juelich,12345,1,1,log-distance,42,43,veh15,veh5,5,5,0,183.515,1,3.92928,8.12478,-71.9503,13.4688,5,0.03,0.045,0.045625
juelich_pilot_d30_r5_log_distance_s01_w1,juelich,12345,1,1,log-distance,42,43,veh15,veh6,5,0,1,957.9,0,3.92928,6.98011,nan,nan,0,0.03,0.05,0.045625
juelich_pilot_d30_r5_log_distance_s01_w1,juelich,12345,1,1,log-distance,42,43,veh15,veh7,5,5,0,494.806,1,3.92928,12.7707,-80.5664,4.7441,5,0.03,0.04,0.045625
juelich_pilot_d30_r5_log_distance_s01_w1,juelich,12345,1,1,log-distance,42,43,veh15,veh8,5,0,1,761.719,0,3.92928,3.68683,nan,nan,0,0.03,0.03,0.045625
juelich_pilot_d30_r5_log_distance_s01_w1,juelich,12345,1,1,log-distance,42,43,veh15,veh9,5,0,1,957.861,0,3.92928,5.877,nan,nan,0,0.03,0.05,0.045625
juelich_pilot_d30_r5_log_distance_s01_w1,juelich,12345,1,1,log-distance,42,43,veh2,veh15,5,0,1,964.29,0,0,3.92928,nan,nan,0,0.025,0.03,0.045625
juelich_pilot_d30_r5_log_distance_s01_w1,juelich,12345,1,1,log-distance,42,43,veh2,veh3,5,5,0,120.692,1,0,12.1409,-68.3078,28.6685,5,0.025,0.025,0.045625
juelich_pilot_d30_r5_log_distance_s01_w1,juelich,12345,1,1,log-distance,42,43,veh2,veh5,5,0,1,817.328,0,0,8.12478,nan,nan,0,0.025,0.045,0.045625
juelich_pilot_d30_r5_log_distance_s01_w1,juelich,12345,1,1,log-distance,42,43,veh2,veh7,5,5,0,549.665,0,0,12.7707,-81.4795,15.4968,5,0.025,0.04,0.045625
juelich_pilot_d30_r5_log_distance_s01_w1,juelich,12345,1,1,log-distance,42,43,veh2,veh8,5,5,0,391.919,1,0,3.68683,-78.5416,18.4347,5,0.025,0.03,0.045625
juelich_pilot_d30_r5_log_distance_s01_w1,juelich,12345,1,1,log-distance,42,43,veh3,veh15,5,0,1,845.306,0,12.1409,3.92928,nan,nan,0,0.025,0.03,0.045625
juelich_pilot_d30_r5_log_distance_s01_w1,juelich,12345,1,1,log-distance,42,43,veh3,veh2,5,5,0,120.692,1,12.1409,0,-68.3078,28.6685,5,0.025,0.025,0.045625
juelich_pilot_d30_r5_log_distance_s01_w1,juelich,12345,1,1,log-distance,42,43,veh3,veh5,5,0,1,696.716,0,12.1409,8.12478,nan,nan,0,0.025,0.045,0.045625
juelich_pilot_d30_r5_log_distance_s01_w1,juelich,12345,1,1,log-distance,42,43,veh3,veh7,5,5,0,432.537,1,12.1409,12.7707,-79.3982,17.5781,5,0.025,0.04,0.045625
juelich_pilot_d30_r5_log_distance_s01_w1,juelich,12345,1,1,log-distance,42,43,veh3,veh8,5,5,0,308.048,1,12.1409,3.68683,-76.45,20.5263,5,0.025,0.03,0.045625
juelich_pilot_d30_r5_log_distance_s01_w1,juelich,12345,1,1,log-distance,42,43,veh4,veh0,5,5,0,381.453,1,5.19821,14.0348,-78.3064,18.6699,5,0.055,0.065,0.045625
juelich_pilot_d30_r5_log_distance_s01_w1,juelich,12345,1,1,log-distance,42,43,veh4,veh1,5,5,0,277.932,1,5.19821,7.78934,-75.5564,21.4199,5,0.055,0.05,0.045625
juelich_pilot_d30_r5_log_distance_s01_w1,juelich,12345,1,1,log-distance,42,43,veh4,veh10,5,5,0,126.134,1,5.19821,8.61878,-68.6943,28.282,5,0.055,0.05,0.045625
juelich_pilot_d30_r5_log_distance_s01_w1,juelich,12345,1,1,log-distance,42,43,veh4,veh11,5,5,0,218.531,1,5.19821,7.8789,-73.4679,23.5084,5,0.055,0.05,0.045625
juelich_pilot_d30_r5_log_distance_s01_w1,juelich,12345,1,1,log-distance,42,43,veh4,veh12,5,5,0,407.26,1,5.19821,3.44875,-78.8751,18.1012,5,0.055,0.05,0.045625
juelich_pilot_d30_r5_log_distance_s01_w1,juelich,12345,1,1,log-distance,42,43,veh4,veh13,5,5,0,202.379,1,5.19821,6.38999,-72.8005,24.1758,5,0.055,0.065,0.045625
juelich_pilot_d30_r5_log_distance_s01_w1,juelich,12345,1,1,log-distance,42,43,veh4,veh14,5,5,0,526.063,0,5.19821,9.64551,-81.0983,15.878,5,0.055,0.05,0.045625
juelich_pilot_d30_r5_log_distance_s01_w1,juelich,12345,1,1,log-distance,42,43,veh4,veh15,5,0,1,852.759,0,5.19821,3.92928,nan,nan,0,0.055,0.03,0.045625
juelich_pilot_d30_r5_log_distance_s01_w1,juelich,12345,1,1,log-distance,42,43,veh4,veh5,5,0,1,788.416,0,5.19821,8.12478,nan,nan,0,0.055,0.045,0.045625
juelich_pilot_d30_r5_log_distance_s01_w1,juelich,12345,1,1,log-distance,42,43,veh4,veh6,5,5,0,124.07,1,5.19821,6.98011,-68.5511,28.4252,5,0.055,0.05,0.045625
juelich_pilot_d30_r5_log_distance_s01_w1,juelich,12345,1,1,log-distance,42,43,veh4,veh7,5,0,1,852.307,0,5.19821,12.7707,nan,nan,0,0.055,0.04,0.045625
juelich_pilot_d30_r5_log_distance_s01_w1,juelich,12345,1,1,log-distance,42,43,veh4,veh8,5,0,1,978.667,0,5.19821,3.68683,nan,nan,0,0.055,0.03,0.045625
juelich_pilot_d30_r5_log_distance_s01_w1,juelich,12345,1,1,log-distance,42,43,veh4,veh9,5,5,0,168.72,1,5.19821,5.877,-71.221,25.7553,5,0.055,0.05,0.045625
juelich_pilot_d30_r5_log_distance_s01_w1,juelich,12345,1,1,log-distance,42,43,veh5,veh0,5,5,0,523.625,0,8.12478,14.0348,-81.0581,15.9182,5,0.045,0.065,0.045625
juelich_pilot_d30_r5_log_distance_s01_w1,juelich,12345,1,1,log-distance,42,43,veh5,veh1,5,0,1,933.081,0,8.12478,7.78934,nan,nan,0,0.045,0.05,0.045625
juelich_pilot_d30_r5_log_distance_s01_w1,juelich,12345,1,1,log-distance,42,43,veh5,veh10,5,0,1,912.246,0,8.12478,8.61878,nan,nan,0,0.045,0.05,0.045625
juelich_pilot_d30_r5_log_distance_s01_w1,juelich,12345,1,1,log-distance,42,43,veh5,veh11,5,0,1,897.01,0,8.12478,7.8789,nan,nan,0,0.045,0.05,0.045625
juelich_pilot_d30_r5_log_distance_s01_w1,juelich,12345,1,1,log-distance,42,43,veh5,veh12,5,0,1,991.145,0,8.12478,3.44875,nan,nan,0,0.045,0.05,0.045625
juelich_pilot_d30_r5_log_distance_s01_w1,juelich,12345,1,1,log-distance,42,43,veh5,veh13,5,0,1,636.071,0,8.12478,6.38999,nan,nan,0,0.045,0.065,0.045625
juelich_pilot_d30_r5_log_distance_s01_w1,juelich,12345,1,1,log-distance,42,43,veh5,veh14,5,0,1,985.238,0,8.12478,9.64551,nan,nan,0,0.045,0.05,0.045625
juelich_pilot_d30_r5_log_distance_s01_w1,juelich,12345,1,1,log-distance,42,43,veh5,veh15,5,5,0,183.515,1,8.12478,3.92928,-71.9503,25.026,5,0.045,0.03,0.045625
juelich_pilot_d30_r5_log_distance_s01_w1,juelich,12345,1,1,log-distance,42,43,veh5,veh2,5,0,1,817.328,0,8.12478,0,nan,nan,0,0.045,0.025,0.045625
juelich_pilot_d30_r5_log_distance_s01_w1,juelich,12345,1,1,log-distance,42,43,veh5,veh3,5,0,1,696.716,0,8.12478,12.1409,nan,nan,0,0.045,0.025,0.045625
juelich_pilot_d30_r5_log_distance_s01_w1,juelich,12345,1,1,log-distance,42,43,veh5,veh4,5,0,1,788.416,0,8.12478,5.19821,nan,nan,0,0.045,0.055,0.045625
juelich_pilot_d30_r5_log_distance_s01_w1,juelich,12345,1,1,log-distance,42,43,veh5,veh6,5,0,1,904.517,0,8.12478,6.98011,nan,nan,0,0.045,0.05,0.045625
juelich_pilot_d30_r5_log_distance_s01_w1,juelich,12345,1,1,log-distance,42,43,veh5,veh7,5,5,0,315.274,1,8.12478,12.7707,-76.6509,20.3254,5,0.045,0.04,0.045625
juelich_pilot_d30_r5_log_distance_s01_w1,juelich,12345,1,1,log-distance,42,43,veh5,veh8,5,4,0.2,582.482,0,8.12478,3.68683,-81.9757,15.0006,4,0.045,0.03,0.045625
juelich_pilot_d30_r5_log_distance_s01_w1,juelich,12345,1,1,log-distance,42,43,veh5,veh9,5,0,1,866.342,0,8.12478,5.877,nan,nan,0,0.045,0.05,0.045625
juelich_pilot_d30_r5_log_distance_s01_w1,juelich,12345,1,1,log-distance,42,43,veh6,veh0,5,5,0,460.71,1,6.98011,14.0348,-79.9462,17.0301,5,0.05,0.065,0.045625
juelich_pilot_d30_r5_log_distance_s01_w1,juelich,12345,1,1,log-distance,42,43,veh6,veh1,5,5,0,302.591,1,6.98011,7.78934,-76.2948,20.6815,5,0.05,0.05,0.045625
juelich_pilot_d30_r5_log_distance_s01_w1,juelich,12345,1,1,log-distance,42,43,veh6,veh10,5,5,0,22.7202,1,6.98011,8.61878,-53.8041,43.1722,5,0.05,0.05,0.045625
juelich_pilot_d30_r5_log_distance_s01_w1,juelich,12345,1,1,log-distance,42,43,veh6,veh11,5,5,0,249.536,1,6.98011,7.8789,-74.6204,22.3559,5,0.05,0.05,0.045625
juelich_pilot_d30_r5_log_distance_s01_w1,juelich,12345,1,1,log-distance,42,43,veh6,veh12,5,5,0,341.314,1,6.98011,3.44875,-77.3407,19.6356,5,0.05,0.05,0.045625
juelich_pilot_d30_r5_log_distance_s01_w1,juelich,12345,1,1,log-distance,42,43,veh6,veh13,5,5,0,287.713,1,6.98011,6.38999,-75.8565,21.1198,5,0.05,0.065,0.045625
juelich_pilot_d30_r5_log_distance_s01_w1,juelich,12345,1,1,log-distance,42,43,veh6,veh14,5,5,0,482.169,1,6.98011,9.64551,-80.3413,16.635,5,0.05,0.05,0.045625
juelich_pilot_d30_r5_log_distance_s01_w1,juelich,12345,1,1,log-distance,42,43,veh6,veh15,5,0,1,957.9,0,6.98011,3.92928,nan,nan,0,0.05,0.03,0.045625
juelich_pilot_d30_r5_log_distance_s01_w1,juelich,12345,1,1,log-distance,42,43,veh6,veh4,5,5,0,124.07,1,6.98011,5.19821,-68.5511,28.4252,5,0.05,0.055,0.045625
juelich_pilot_d30_r5_log_distance_s01_w1,juelich,12345,1,1,log-distance,42,43,veh6,veh5,5,0,1,904.517,0,6.98011,8.12478,nan,nan,0,0.05,0.045,0.045625
juelich_pilot_d30_r5_log_distance_s01_w1,juelich,12345,1,1,log-distance,42,43,veh6,veh7,5,0,1,976.373,0,6.98011,12.7707,nan,nan,0,0.05,0.04,0.045625
juelich_pilot_d30_r5_log_distance_s01_w1,juelich,12345,1,1,log-distance,42,43,veh6,veh9,5,5,0,209.414,1,6.98011,5.877,-73.0978,23.8785,5,0.05,0.05,0.045625
juelich_pilot_d30_r5_log_distance_s01_w1,juelich,12345,1,1,log-distance,42,43,veh7,veh0,5,0,1,717.392,0,12.7707,14.0348,nan,nan,0,0.04,0.065,0.045625
juelich_pilot_d30_r5_log_distance_s01_w1,juelich,12345,1,1,log-distance,42,43,veh7,veh1,5,0,1,902.778,0,12.7707,7.78934,nan,nan,0,0.04,0.05,0.045625
juelich_pilot_d30_r5_log_distance_s01_w1,juelich,12345,1,1,log-distance,42,43,veh7,veh10,5,0,1,976.8,0,12.7707,8.61878,nan,nan,0,0.04,0.05,0.045625
juelich_pilot_d30_r5_log_distance_s01_w1,juelich,12345,1,1,log-distance,42,43,veh7,veh11,5,0,1,885.055,0,12.7707,7.8789,nan,nan,0,0.04,0.05,0.045625
juelich_pilot_d30_r5_log_distance_s01_w1,juelich,12345,1,1,log-distance,42,43,veh7,veh13,5,0,1,763.805,0,12.7707,6.38999,nan,nan,0,0.04,0.065,0.045625
juelich_pilot_d30_r5_log_distance_s01_w1,juelich,12345,1,1,log-distance,42,43,veh7,veh15,5,5,0,494.806,1,12.7707,3.92928,-80.5664,16.4099,5,0.04,0.03,0.045625
juelich_pilot_d30_r5_log_distance_s01_w1,juelich,12345,1,1,log-distance,42,43,veh7,veh2,5,5,0,549.665,0,12.7707,0,-81.4795,15.4968,5,0.04,0.025,0.045625
juelich_pilot_d30_r5_log_distance_s01_w1,juelich,12345,1,1,log-distance,42,43,veh7,veh3,5,5,0,432.537,1,12.7707,12.1409,-79.3982,17.5781,5,0.04,0.025,0.045625
juelich_pilot_d30_r5_log_distance_s01_w1,juelich,12345,1,1,log-distance,42,43,veh7,veh4,5,0,1,852.307,0,12.7707,5.19821,nan,nan,0,0.04,0.055,0.045625
juelich_pilot_d30_r5_log_distance_s01_w1,juelich,12345,1,1,log-distance,42,43,veh7,veh5,5,5,0,315.274,1,12.7707,8.12478,-76.6509,20.3254,5,0.04,0.045,0.045625
juelich_pilot_d30_r5_log_distance_s01_w1,juelich,12345,1,1,log-distance,42,43,veh7,veh6,5,0,1,976.373,0,12.7707,6.98011,nan,nan,0,0.04,0.05,0.045625
juelich_pilot_d30_r5_log_distance_s01_w1,juelich,12345,1,1,log-distance,42,43,veh7,veh8,5,5,0,267.299,1,12.7707,3.68683,-75.2174,21.7589,5,0.04,0.03,0.045625
juelich_pilot_d30_r5_log_distance_s01_w1,juelich,12345,1,1,log-distance,42,43,veh7,veh9,5,0,1,870.241,0,12.7707,5.877,nan,nan,0,0.04,0.05,0.045625
juelich_pilot_d30_r5_log_distance_s01_w1,juelich,12345,1,1,log-distance,42,43,veh8,veh0,5,0,1,930.699,0,3.68683,14.0348,nan,nan,0,0.03,0.065,0.045625
juelich_pilot_d30_r5_log_distance_s01_w1,juelich,12345,1,1,log-distance,42,43,veh8,veh1,5,0,1,953.174,0,3.68683,7.78934,nan,nan,0,0.03,0.05,0.045625
juelich_pilot_d30_r5_log_distance_s01_w1,juelich,12345,1,1,log-distance,42,43,veh8,veh11,5,0,1,952.019,0,3.68683,7.8789,nan,nan,0,0.03,0.05,0.045625
juelich_pilot_d30_r5_log_distance_s01_w1,juelich,12345,1,1,log-distance,42,43,veh8,veh13,5,0,1,938.189,0,3.68683,6.38999,nan,nan,0,0.03,0.065,0.045625
juelich_pilot_d30_r5_log_distance_s01_w1,juelich,12345,1,1,log-distance,42,43,veh8,veh15,5,0,1,761.719,0,3.68683,3.92928,nan,nan,0,0.03,0.03,0.045625
juelich_pilot_d30_r5_log_distance_s01_w1,juelich,12345,1,1,log-distance,42,43,veh8,veh2,5,5,0,391.919,1,3.68683,0,-78.5416,18.4347,5,0.03,0.025,0.045625
juelich_pilot_d30_r5_log_distance_s01_w1,juelich,12345,1,1,log-distance,42,43,veh8,veh3,5,5,0,308.048,1,3.68683,12.1409,-76.45,20.5263,5,0.03,0.025,0.045625
juelich_pilot_d30_r5_log_distance_s01_w1,juelich,12345,1,1,log-distance,42,43,veh8,veh4,5,0,1,978.667,0,3.68683,5.19821,nan,nan,0,0.03,0.055,0.045625
juelich_pilot_d30_r5_log_distance_s01_w1,juelich,12345,1,1,log-distance,42,43,veh8,veh5,5,4,0.2,582.482,0,3.68683,8.12478,-81.9757,15.0006,4,0.03,0.045,0.045625
juelich_pilot_d30_r5_log_distance_s01_w1,juelich,12345,1,1,log-distance,42,43,veh8,veh7,5,5,0,267.299,1,3.68683,12.7707,-75.2174,21.7589,5,0.03,0.04,0.045625
juelich_pilot_d30_r5_log_distance_s01_w1,juelich,12345,1,1,log-distance,42,43,veh8,veh9,5,0,1,951.052,0,3.68683,5.877,nan,nan,0,0.03,0.05,0.045625
juelich_pilot_d30_r5_log_distance_s01_w1,juelich,12345,1,1,log-distance,42,43,veh9,veh0,5,5,0,531.132,0,5.877,14.0348,-81.1816,15.7947,5,0.05,0.065,0.045625
juelich_pilot_d30_r5_log_distance_s01_w1,juelich,12345,1,1,log-distance,42,43,veh9,veh1,5,5,0,109.274,1,5.877,7.78934,-67.4476,29.5287,5,0.05,0.05,0.045625
juelich_pilot_d30_r5_log_distance_s01_w1,juelich,12345,1,1,log-distance,42,43,veh9,veh10,5,5,0,191.583,1,5.877,8.61878,-72.3248,24.6515,5,0.05,0.05,0.045625
juelich_pilot_d30_r5_log_distance_s01_w1,juelich,12345,1,1,log-distance,42,43,veh9,veh11,5,5,0,49.9232,1,5.877,7.8789,-60.6413,36.3349,5,0.05,0.05,0.045625
juelich_pilot_d30_r5_log_distance_s01_w1,juelich,12345,1,1,log-distance,42,43,veh9,veh12,5,5,0,547.55,0,5.877,3.44875,-81.4462,15.5301,5,0.05,0.05,0.045625
juelich_pilot_d30_r5_log_distance_s01_w1,juelich,12345,1,1,log-distance,42,43,veh9,veh13,5,5,0,357.062,1,5.877,6.38999,-77.7325,19.2438,5,0.05,0.065,0.045625
juelich_pilot_d30_r5_log_distance_s01_w1,juelich,12345,1,1,log-distance,42,43,veh9,veh14,5,0,1,680.502,0,5.877,9.64551,nan,nan,0,0.05,0.05,0.045625
juelich_pilot_d30_r5_log_distance_s01_w1,juelich,12345,1,1,log-distance,42,43,veh9,veh15,5,0,1,957.861,0,5.877,3.92928,nan,nan,0,0.05,0.03,0.045625
juelich_pilot_d30_r5_log_distance_s01_w1,juelich,12345,1,1,log-distance,42,43,veh9,veh4,5,5,0,168.72,1,5.877,5.19821,-71.221,25.7553,5,0.05,0.055,0.045625
juelich_pilot_d30_r5_log_distance_s01_w1,juelich,12345,1,1,log-distance,42,43,veh9,veh5,5,0,1,866.342,0,5.877,8.12478,nan,nan,0,0.05,0.045,0.045625
juelich_pilot_d30_r5_log_distance_s01_w1,juelich,12345,1,1,log-distance,42,43,veh9,veh6,5,5,0,209.414,1,5.877,6.98011,-73.0978,23.8785,5,0.05,0.05,0.045625
juelich_pilot_d30_r5_log_distance_s01_w1,juelich,12345,1,1,log-distance,42,43,veh9,veh7,5,0,1,870.241,0,5.877,12.7707,nan,nan,0,0.05,0.04,0.045625
juelich_pilot_d30_r5_log_distance_s01_w1,juelich,12345,1,1,log-distance,42,43,veh9,veh8,5,0,1,951.052,0,5.877,3.68683,nan,nan,0,0.05,0.03,0.045625
juelich_pilot_d30_r5_log_distance_s01_w1,juelich,12345,1,1,log-distance,43,44,veh0,veh1,5,0,1,640.427,0,14.0202,7.77539,nan,nan,0,0.065,0.05,0.0464118
juelich_pilot_d30_r5_log_distance_s01_w1,juelich,12345,1,1,log-distance,43,44,veh0,veh10,5,5,0,480.763,1,14.0202,8.66076,-80.3163,16.66,5,0.065,0.05,0.0464118
juelich_pilot_d30_r5_log_distance_s01_w1,juelich,12345,1,1,log-distance,43,44,veh0,veh11,5,2,0.6,584.314,0,14.0202,7.86744,-81.9847,14.9916,2,0.065,0.05,0.0464118
juelich_pilot_d30_r5_log_distance_s01_w1,juelich,12345,1,1,log-distance,43,44,veh0,veh12,5,5,0,465.839,1,14.0202,4.21597,-80.0424,16.9339,5,0.065,0.05,0.0464118
juelich_pilot_d30_r5_log_distance_s01_w1,juelich,12345,1,1,log-distance,43,44,veh0,veh13,5,5,0,194.312,1,14.0202,6.33806,-72.4456,24.5307,5,0.065,0.065,0.0464118
juelich_pilot_d30_r5_log_distance_s01_w1,juelich,12345,1,1,log-distance,43,44,veh0,veh14,5,5,0,466.258,1,14.0202,11.5733,-80.0502,16.9261,5,0.065,0.05,0.0464118
juelich_pilot_d30_r5_log_distance_s01_w1,juelich,12345,1,1,log-distance,43,44,veh0,veh15,5,5,0,514.303,0,14.0202,5.87663,-80.902,16.0743,5,0.065,0.034,0.0464118
juelich_pilot_d30_r5_log_distance_s01_w1,juelich,12345,1,1,log-distance,43,44,veh0,veh4,5,5,0,387.919,1,14.0202,7.16768,-78.4525,18.5238,5,0.065,0.055,0.0464118
juelich_pilot_d30_r5_log_distance_s01_w1,juelich,12345,1,1,log-distance,43,44,veh0,veh5,5,5,0,524.714,0,14.0202,8.11064,-81.0762,15.9001,5,0.065,0.049,0.0464118
juelich_pilot_d30_r5_log_distance_s01_w1,juelich,12345,1,1,log-distance,43,44,veh0,veh6,5,5,0,464.878,1,14.0202,8.91336,-80.0245,16.9518,5,0.065,0.05,0.0464118
juelich_pilot_d30_r5_log_distance_s01_w1,juelich,12345,1,1,log-distance,43,44,veh0,veh7,5,0,1,712.092,0,14.0202,12.781,nan,nan,0,0.065,0.044,0.0464118
juelich_pilot_d30_r5_log_distance_s01_w1,juelich,12345,1,1,log-distance,43,44,veh0,veh8,5,0,1,939.012,0,14.0202,3.26554,nan,nan,0,0.065,0.034,0.0464118
juelich_pilot_d30_r5_log_distance_s01_w1,juelich,12345,1,1,log-distance,43,44,veh0,veh9,5,5,0,539.654,0,14.0202,6.81503,-81.3199,15.6563,5,0.065,0.05,0.0464118
juelich_pilot_d30_r5_log_distance_s01_w1,juelich,12345,1,1,log-distance,43,44,veh1,veh0,5,0,1,640.427,0,7.77539,14.0202,nan,nan,0,0.05,0.065,0.0464118
juelich_pilot_d30_r5_log_distance_s01_w1,juelich,12345,1,1,log-distance,43,44,veh1,veh10,5,5,0,282.693,1,7.77539,8.66076,-75.704,21.2723,5,0.05,0.05,0.0464118
juelich_pilot_d30_r5_log_distance_s01_w1,juelich,12345,1,1,log-distance,43,44,veh1,veh11,5,5,0,59.4918,1,7.77539,7.86744,-62.1668,34.8094,5,0.05,0.05,0.0464118
juelich_pilot_d30_r5_log_distance_s01_w1,juelich,12345,1,1,log-distance,43,44,veh1,veh12,5,0,1,636.881,0,7.77539,4.21597,nan,nan,0,0.05,0.05,0.0464118
juelich_pilot_d30_r5_log_distance_s01_w1,juelich,12345,1,1,log-distance,43,44,veh1,veh13,5,5,0,454.45,1,7.77539,6.33806,-79.8273,17.149,5,0.05,0.065,0.0464118
juelich_pilot_d30_r5_log_distance_s01_w1,juelich,12345,1,1,log-distance,43,44,veh1,veh14,5,0,1,765.659,0,7.77539,11.5733,nan,nan,0,0.05,0.05,0.0464118
juelich_pilot_d30_r5_log_distance_s01_w1,juelich,12345,1,1,log-distance,43,44,veh1,veh4,5,5,0,276.401,1,7.77539,7.16768,-75.5085,21.4678,5,0.05,0.055,0.0464118
juelich_pilot_d30_r5_log_distance_s01_w1,juelich,12345,1,1,log-distance,43,44,veh1,veh5,5,0,1,923.056,0,7.77539,8.11064,nan,nan,0,0.05,0.049,0.0464118
juelich_pilot_d30_r5_log_distance_s01_w1,juelich,12345,1,1,log-distance,43,44,veh1,veh6,5,5,0,302.823,1,7.77539,8.91336,-76.3015,20.6748,5,0.05,0.05,0.0464118
juelich_pilot_d30_r5_log_distance_s01_w1,juelich,12345,1,1,log-distance,43,44,veh1,veh7,5,0,1,888.167,0,7.77539,12.781,nan,nan,0,0.05,0.044,0.0464118
juelich_pilot_d30_r5_log_distance_s01_w1,juelich,12345,1,1,log-distance,43,44,veh1,veh8,5,0,1,950.654,0,7.77539,3.26554,nan,nan,0,0.05,0.034,0.0464118
juelich_pilot_d30_r5_log_distance_s01_w1,juelich,12345,1,1,log-distance,43,44,veh1,veh9,5,5,0,107.185,1,7.77539,6.81503,-67.2804,29.6959,5,0.05,0.05,0.0464118
juelich_pilot_d30_r5_log_distance_s01_w1,juelich,12345,1,1,log-distance,43,44,veh10,veh0,5,5,0,480.763,1,8.66076,14.0202,-80.3163,16.66,5,0.05,0.065,0.0464118
juelich_pilot_d30_r5_log_distance_s01_w1,juelich,12345,1,1,log-distance,43,44,veh10,veh1,5,5,0,282.693,1,8.66076,7.77539,-75.704,21.2723,5,0.05,0.05,0.0464118
juelich_pilot_d30_r5_log_distance_s01_w1,juelich,12345,1,1,log-distance,43,44,veh10,veh11,5,5,0,230.618,1,8.66076,7.86744,-73.9355,23.0407,5,0.05,0.05,0.0464118
juelich_pilot_d30_r5_log_distance_s01_w1,juelich,12345,1,1,log-distance,43,44,veh10,veh12,5,5,0,354.38,1,8.66076,4.21597,-77.6668,19.3095,5,0.05,0.05,0.0464118
juelich_pilot_d30_r5_log_distance_s01_w1,juelich,12345,1,1,log-distance,43,44,veh10,veh13,5,5,0,291.524,1,8.66076,6.33806,-75.9708,21.0055,5,0.05,0.065,0.0464118
juelich_pilot_d30_r5_log_distance_s01_w1,juelich,12345,1,1,log-distance,43,44,veh10,veh14,5,5,0,486.243,1,8.66076,11.5733,-80.4142,16.562,5,0.05,0.05,0.0464118
juelich_pilot_d30_r5_log_distance_s01_w1,juelich,12345,1,1,log-distance,43,44,veh10,veh15,5,0,1,961.193,0,8.66076,5.87663,nan,nan,0,0.05,0.034,0.0464118
juelich_pilot_d30_r5_log_distance_s01_w1,juelich,12345,1,1,log-distance,43,44,veh10,veh4,5,5,0,126.001,1,8.66076,7.16768,-68.6852,28.2911,5,0.05,0.055,0.0464118
juelich_pilot_d30_r5_log_distance_s01_w1,juelich,12345,1,1,log-distance,43,44,veh10,veh5,5,0,1,906.272,0,8.66076,8.11064,nan,nan,0,0.05,0.049,0.0464118
juelich_pilot_d30_r5_log_distance_s01_w1,juelich,12345,1,1,log-distance,43,44,veh10,veh6,5,5,0,22.1248,1,8.66076,8.91336,-53.5752,43.4011,5,0.05,0.05,0.0464118
juelich_pilot_d30_r5_log_distance_s01_w1,juelich,12345,1,1,log-distance,43,44,veh10,veh7,5,0,1,963.83,0,8.66076,12.781,nan,nan,0,0.05,0.044,0.0464118
juelich_pilot_d30_r5_log_distance_s01_w1,juelich,12345,1,1,log-distance,43,44,veh10,veh9,5,5,0,192.351,1,8.66076,6.81503,-72.3596,24.6167,5,0.05,0.05,0.0464118
juelich_pilot_d30_r5_log_distance_s01_w1,juelich,12345,1,1,log-distance,43,44,veh11,veh0,5,0,1,584.314,0,7.86744,14.0202,nan,nan,0,0.05,0.065,0.0464118
juelich_pilot_d30_r5_log_distance_s01_w1,juelich,12345,1,1,log-distance,43,44,veh11,veh1,5,5,0,59.4918,1,7.86744,7.77539,-62.1668,34.8094,5,0.05,0.05,0.0464118
juelich_pilot_d30_r5_log_distance_s01_w1,juelich,12345,1,1,log-distance,43,44,veh11,veh10,5,5,0,230.618,1,7.86744,8.66076,-73.9355,23.0407,5,0.05,0.05,0.0464118
juelich_pilot_d30_r5_log_distance_s01_w1,juelich,12345,1,1,log-distance,43,44,veh11,veh12,5,3,0.4,583.164,0,7.86744,4.21597,-81.9655,15.0108,3,0.05,0.05,0.0464118
juelich_pilot_d30_r5_log_distance_s01_w1,juelich,12345,1,1,log-distance,43,44,veh11,veh13,5,5,0,396.582,1,7.86744,6.33806,-78.6442,18.3321,5,0.05,0.065,0.0464118
juelich_pilot_d30_r5_log_distance_s01_w1,juelich,12345,1,1,log-distance,43,44,veh11,veh14,5,0,1,709.639,0,7.86744,11.5733,nan,nan,0,0.05,0.05,0.0464118
juelich_pilot_d30_r5_log_distance_s01_w1,juelich,12345,1,1,log-distance,43,44,veh11,veh15,5,0,1,986.148,0,7.86744,5.87663,nan,nan,0,0.05,0.034,0.0464118
juelich_pilot_d30_r5_log_distance_s01_w1,juelich,12345,1,1,log-distance,43,44,veh11,veh4,5,5,0,216.909,1,7.86744,7.16768,-73.4033,23.573,5,0.05,0.055,0.0464118
juelich_pilot_d30_r5_log_distance_s01_w1,juelich,12345,1,1,log-distance,43,44,veh11,veh5,5,0,1,887.593,0,7.86744,8.11064,nan,nan,0,0.05,0.049,0.0464118
juelich_pilot_d30_r5_log_distance_s01_w1,juelich,12345,1,1,log-distance,43,44,veh11,veh6,5,5,0,249.677,1,7.86744,8.91336,-74.6253,22.351,5,0.05,0.05,0.0464118
juelich_pilot_d30_r5_log_distance_s01_w1,juelich,12345,1,1,log-distance,43,44,veh11,veh7,5,0,1,870.653,0,7.86744,12.781,nan,nan,0,0.05,0.044,0.0464118
juelich_pilot_d30_r5_log_distance_s01_w1,juelich,12345,1,1,log-distance,43,44,veh11,veh8,5,0,1,950.137,0,7.86744,3.26554,nan,nan,0,0.05,0.034,0.0464118
juelich_pilot_d30_r5_log_distance_s01_w1,juelich,12345,1,1,log-distance,43,44,veh11,veh9,5,5,0,47.6951,1,7.86744,6.81503,-60.247,36.7293,5,0.05,0.05,0.0464118
juelich_pilot_d30_r5_log_distance_s01_w1,juelich,12345,1,1,log-distance,43,44,veh12,veh0,5,5,0,465.839,1,4.21597,14.0202,-80.0424,16.9339,5,0.05,0.065,0.0464118
juelich_pilot_d30_r5_log_distance_s01_w1,juelich,12345,1,1,log-distance,43,44,veh12,veh1,5,0,1,636.881,0,4.21597,7.77539,nan,nan,0,0.05,0.05,0.0464118
juelich_pilot_d30_r5_log_distance_s01_w1,juelich,12345,1,1,log-distance,43,44,veh12,veh10,5,5,0,354.38,1,4.21597,8.66076,-77.6668,19.3095,5,0.05,0.05,0.0464118
juelich_pilot_d30_r5_log_distance_s01_w1,juelich,12345,1,1,log-distance,43,44,veh12,veh11,5,3,0.4,583.164,0,4.21597,7.86744,-81.9655,15.0108,3,0.05,0.05,0.0464118
juelich_pilot_d30_r5_log_distance_s01_w1,juelich,12345,1,1,log-distance,43,44,veh12,veh13,5,5,0,385.483,1,4.21597,6.33806,-78.3976,18.5787,5,0.05,0.065,0.0464118
juelich_pilot_d30_r5_log_distance_s01_w1,juelich,12345,1,1,log-distance,43,44,veh12,veh14,5,5,0,144.454,1,4.21597,11.5733,-69.8702,27.1061,5,0.05,0.05,0.0464118
juelich_pilot_d30_r5_log_distance_s01_w1,juelich,12345,1,1,log-distance,43,44,veh12,veh15,5,0,1,972.89,0,4.21597,5.87663,nan,nan,0,0.05,0.034,0.0464118
juelich_pilot_d30_r5_log_distance_s01_w1,juelich,12345,1,1,log-distance,43,44,veh12,veh4,5,5,0,401.878,1,4.21597,7.16768,-78.7594,18.2169,5,0.05,0.055,0.0464118
juelich_pilot_d30_r5_log_distance_s01_w1,juelich,12345,1,1,log-distance,43,44,veh12,veh5,5,0,1,988.418,0,4.21597,8.11064,nan,nan,0,0.05,0.049,0.0464118
juelich_pilot_d30_r5_log_distance_s01_w1,juelich,12345,1,1,log-distance,43,44,veh12,veh6,5,5,0,334.063,1,4.21597,8.91336,-77.1539,19.8224,5,0.05,0.05,0.0464118
juelich_pilot_d30_r5_log_distance_s01_w1,juelich,12345,1,1,log-distance,43,44,veh12,veh9,5,5,0,541.232,0,4.21597,6.81503,-81.3453,15.631,5,0.05,0.05,0.0464118
juelich_pilot_d30_r5_log_distance_s01_w1,juelich,12345,1,1,log-distance,43,44,veh13,veh0,5,5,0,194.312,1,6.33806,14.0202,-72.4456,24.5307,5,0.065,0.065,0.0464118
juelich_pilot_d30_r5_log_distance_s01_w1,juelich,12345,1,1,log-distance,43,44,veh13,veh1,5,5,0,454.45,1,6.33806,7.77539,-79.8273,17.149,5,0.065,0.05,0.0464118
juelich_pilot_d30_r5_log_distance_s01_w1,juelich,12345,1,1,log-distance,43,44,veh13,veh10,5,5,0,291.524,1,6.33806,8.66076,-75.9708,21.0055,5,0.065,0.05,0.0464118
juelich_pilot_d30_r5_log_distance_s01_w1,juelich,12345,1,1,log-distance,43,44,veh13,veh11,5,5,0,396.582,1,6.33806,7.86744,-78.6442,18.3321,5,0.065,0.05,0.0464118
juelich_pilot_d30_r5_log_distance_s01_w1,juelich,12345,1,1,log-distance,43,44,veh13,veh12,5,5,0,385.483,1,6.33806,4.21597,-78.3976,18.5787,5,0.065,0.05,0.0464118
juelich_pilot_d30_r5_log_distance_s01_w1,juelich,12345,1,1,log-distance,43,44,veh13,veh14,5,5,0,445.999,1,6.33806,11.5733,-79.6642,17.3121,5,0.065,0.05,0.0464118
juelich_pilot_d30_r5_log_distance_s01_w1,juelich,12345,1,1,log-distance,43,44,veh13,veh15,5,0,1,674.534,0,6.33806,5.87663,nan,nan,0,0.065,0.034,0.0464118
juelich_pilot_d30_r5_log_distance_s01_w1,juelich,12345,1,1,log-distance,43,44,veh13,veh4,5,5,0,193.686,1,6.33806,7.16768,-72.4188,24.5574,5,0.065,0.055,0.0464118
juelich_pilot_d30_r5_log_distance_s01_w1,juelich,12345,1,1,log-distance,43,44,veh13,veh5,5,0,1,640.477,0,6.33806,8.11064,nan,nan,0,0.065,0.049,0.0464118
juelich_pilot_d30_r5_log_distance_s01_w1,juelich,12345,1,1,log-distance,43,44,veh13,veh6,5,5,0,277.804,1,6.33806,8.91336,-75.552,21.4243,5,0.065,0.05,0.0464118
juelich_pilot_d30_r5_log_distance_s01_w1,juelich,12345,1,1,log-distance,43,44,veh13,veh7,5,0,1,757.499,0,6.33806,12.781,nan,nan,0,0.065,0.044,0.0464118
juelich_pilot_d30_r5_log_distance_s01_w1,juelich,12345,1,1,log-distance,43,44,veh13,veh8,5,0,1,943.104,0,6.33806,3.26554,nan,nan,0,0.065,0.034,0.0464118
juelich_pilot_d30_r5_log_distance_s01_w1,juelich,12345,1,1,log-distance,43,44,veh13,veh9,5,5,0,350.435,1,6.33806,6.81503,-77.5697,19.4066,5,0.065,0.05,0.0464118
juelich_pilot_d30_r5_log_distance_s01_w1,juelich,12345,1,1,log-distance,43,44,veh14,veh0,5,5,0,466.258,1,11.5733,14.0202,-80.0502,16.9261,5,0.05,0.065,0.0464118
juelich_pilot_d30_r5_log_distance_s01_w1,juelich,12345,1,1,log-distance,43,44,veh14,veh1,5,0,1,765.659,0,11.5733,7.77539,nan,nan,0,0.05,0.05,0.0464118
juelich_pilot_d30_r5_log_distance_s01_w1,juelich,12345,1,1,log-distance,43,44,veh14,veh10,5,5,0,486.243,1,11.5733,8.66076,-80.4142,16.562,5,0.05,0.05,0.0464118
juelich_pilot_d30_r5_log_distance_s01_w1,juelich,12345,1,1,log-distance,43,44,veh14,veh11,5,0,1,709.639,0,11.5733,7.86744,nan,nan,0,0.05,0.05,0.0464118
juelich_pilot_d30_r5_log_distance_s01_w1,juelich,12345,1,1,log-distance,43,44,veh14,veh12,5,5,0,144.454,1,11.5733,4.21597,-69.8702,27.1061,5,0.05,0.05,0.0464118
juelich_pilot_d30_r5_log_distance_s01_w1,juelich,12345,1,1,log-distance,43,44,veh14,veh13,5,5,0,445.999,1,11.5733,6.33806,-79.6642,17.3121,5,0.05,0.065,0.0464118
juelich_pilot_d30_r5_log_distance_s01_w1,juelich,12345,1,1,log-distance,43,44,veh14,veh15,5,0,1,943.154,0,11.5733,5.87663,nan,nan,0,0.05,0.034,0.0464118
juelich_pilot_d30_r5_log_distance_s01_w1,juelich,12345,1,1,log-distance,43,44,veh14,veh4,5,5,0,512.461,0,11.5733,7.16768,-80.8706,16.1057,5,0.05,0.055,0.0464118
juelich_pilot_d30_r5_log_distance_s01_w1,juelich,12345,1,1,log-distance,43,44,veh14,veh5,5,0,1,986.825,0,11.5733,8.11064,nan,nan,0,0.05,0.049,0.0464118
juelich_pilot_d30_r5_log_distance_s01_w1,juelich,12345,1,1,log-distance,43,44,veh14,veh6,5,5,0,464.852,1,11.5733,8.91336,-80.0234,16.9529,5,0.05,0.05,0.0464118
juelich_pilot_d30_r5_log_distance_s01_w1,juelich,12345,1,1,log-distance,43,44,veh14,veh9,5,0,1,665.364,0,11.5733,6.81503,nan,nan,0,0.05,0.05,0.0464118
juelich_pilot_d30_r5_log_distance_s01_w1,juelich,12345,1,1,log-distance,43,44,veh15,veh0,5,5,0,514.303,0,5.87663,14.0202,-80.902,0.97237,5,0.034,0.065,0.0464118
juelich_pilot_d30_r5_log_distance_s01_w1,juelich,12345,1,1,log-distance,43,44,veh15,veh10,5,0,1,961.193,0,5.87663,8.66076,nan,nan,0,0.034,0.05,0.0464118
juelich_pilot_d30_r5_log_distance_s01_w1,juelich,12345,1,1,log-distance,43,44,veh15,veh11,5,0,1,986.148,0,5.87663,7.86744,nan,nan,0,0.034,0.05,0.0464118
juelich_pilot_d30_r5_log_distance_s01_w1,juelich,12345,1,1,log-distance,43,44,veh15,veh12,5,0,1,972.89,0,5.87663,4.21597,nan,nan,0,0.034,0.05,0.0464118
juelich_pilot_d30_r5_log_distance_s01_w1,juelich,12345,1,1,log-distance,43,44,veh15,veh13,5,0,1,674.534,0,5.87663,6.33806,nan,nan,0,0.034,0.065,0.0464118
juelich_pilot_d30_r5_log_distance_s01_w1,juelich,12345,1,1,log-distance,43,44,veh15,veh14,5,0,1,943.154,0,5.87663,11.5733,nan,nan,0,0.034,0.05,0.0464118
juelich_pilot_d30_r5_log_distance_s01_w1,juelich,12345,1,1,log-distance,43,44,veh15,veh16,4,0,1,610.649,0,6.08112,0.717991,nan,nan,0,0.034,0.035,0.0464118
juelich_pilot_d30_r5_log_distance_s01_w1,juelich,12345,1,1,log-distance,43,44,veh15,veh2,5,0,1,968.124,0,5.87663,0,nan,nan,0,0.034,0.029,0.0464118
juelich_pilot_d30_r5_log_distance_s01_w1,juelich,12345,1,1,log-distance,43,44,veh15,veh3,5,0,1,837.627,0,5.87663,12.143,nan,nan,0,0.034,0.029,0.0464118
juelich_pilot_d30_r5_log_distance_s01_w1,juelich,12345,1,1,log-distance,43,44,veh15,veh4,5,0,1,845.372,0,5.87663,7.16768,nan,nan,0,0.034,0.055,0.0464118
juelich_pilot_d30_r5_log_distance_s01_w1,juelich,12345,1,1,log-distance,43,44,veh15,veh5,5,5,0,192.995,1,5.87663,8.11064,-72.3877,12.946,5,0.034,0.049,0.0464118
juelich_pilot_d30_r5_log_distance_s01_w1,juelich,12345,1,1,log-distance,43,44,veh15,veh6,5,0,1,949.889,0,5.87663,8.91336,nan,nan,0,0.034,0.05,0.0464118
juelich_pilot_d30_r5_log_distance_s01_w1,juelich,12345,1,1,log-distance,43,44,veh15,veh7,5,5,0,493.06,1,5.87663,12.781,-80.5357,4.64186,5,0.034,0.044,0.0464118
juelich_pilot_d30_r5_log_distance_s01_w1,juelich,12345,1,1,log-distance,43,44,veh15,veh8,5,0,1,765.617,0,5.87663,3.26554,nan,nan,0,0.034,0.034,0.0464118
juelich_pilot_d30_r5_log_distance_s01_w1,juelich,12345,1,1,log-distance,43,44,veh15,veh9,5,0,1,952.49,0,5.87663,6.81503,nan,nan,0,0.034,0.05,0.0464118
juelich_pilot_d30_r5_log_distance_s01_w1,juelich,12345,1,1,log-distance,43,44,veh16,veh15,4,0,1,610.649,0,0.717991,6.08112,nan,nan,0,0.035,0.034,0.0464118
juelich_pilot_d30_r5_log_distance_s01_w1,juelich,12345,1,1,log-distance,43,44,veh16,veh2,4,0,1,670.364,0,0.717991,0,nan,nan,0,0.035,0.029,0.0464118
juelich_pilot_d30_r5_log_distance_s01_w1,juelich,12345,1,1,log-distance,43,44,veh16,veh3,4,0,1,589.726,0,0.717991,12.1501,nan,nan,0,0.035,0.029,0.0464118
juelich_pilot_d30_r5_log_distance_s01_w1,juelich,12345,1,1,log-distance,43,44,veh16,veh5,4,0,1,593.332,0,0.717991,8.11201,nan,nan,0,0.035,0.049,0.0464118
juelich_pilot_d30_r5_log_distance_s01_w1,juelich,12345,1,1,log-distance,43,44,veh16,veh7,4,0,1,627.215,0,0.717991,12.7771,nan,nan,0,0.035,0.044,0.0464118
juelich_pilot_d30_r5_log_distance_s01_w1,juelich,12345,1,1,log-distance,43,44,veh16,veh8,4,0,1,759.929,0,0.717991,3.25022,nan,nan,0,0.035,0.034,0.0464118
juelich_pilot_d30_r5_log_distance_s01_w1,juelich,12345,1,1,log-distance,43,44,veh2,veh15,5,0,1,968.124,0,0,5.87663,nan,nan,0,0.029,0.034,0.0464118
juelich_pilot_d30_r5_log_distance_s01_w1,juelich,12345,1,1,log-distance,43,44,veh2,veh16,4,0,1,670.364,0,0,0.717991,nan,nan,0,0.029,0.035,0.0464118
juelich_pilot_d30_r5_log_distance_s01_w1,juelich,12345,1,1,log-distance,43,44,veh2,veh3,5,5,0,132.611,1,0,12.143,-69.1265,27.8498,5,0.029,0.029,0.0464118
juelich_pilot_d30_r5_log_distance_s01_w1,juelich,12345,1,1,log-distance,43,44,veh2,veh5,5,0,1,812.133,0,0,8.11064,nan,nan,0,0.029,0.049,0.0464118
juelich_pilot_d30_r5_log_distance_s01_w1,juelich,12345,1,1,log-distance,43,44,veh2,veh7,5,5,0,561.131,0,0,12.781,-81.6588,15.3174,5,0.029,0.044,0.0464118
juelich_pilot_d30_r5_log_distance_s01_w1,juelich,12345,1,1,log-distance,43,44,veh2,veh8,5,5,0,393.992,1,0,3.26554,-78.5874,18.3888,5,0.029,0.034,0.0464118
juelich_pilot_d30_r5_log_distance_s01_w1,juelich,12345,1,1,log-distance,43,44,veh3,veh15,5,0,1,837.627,0,12.143,5.87663,nan,nan,0,0.029,0.034,0.0464118
juelich_pilot_d30_r5_log_distance_s01_w1,juelich,12345,1,1,log-distance,43,44,veh3,veh16,4,0,1,589.726,0,12.1501,0.717991,nan,nan,0,0.029,0.035,0.0464118
juelich_pilot_d30_r5_log_distance_s01_w1,juelich,12345,1,1,log-distance,43,44,veh3,veh2,5,5,0,132.611,1,12.143,0,-69.1265,27.8498,5,0.029,0.029,0.0464118
juelich_pilot_d30_r5_log_distance_s01_w1,juelich,12345,1,1,log-distance,43,44,veh3,veh5,5,0,1,679.636,0,12.143,8.11064,nan,nan,0,0.029,0.049,0.0464118
juelich_pilot_d30_r5_log_distance_s01_w1,juelich,12345,1,1,log-distance,43,44,veh3,veh7,5,5,0,432.458,1,12.143,12.781,-79.3966,17.5797,5,0.029,0.044,0.0464118
juelich_pilot_d30_r5_log_distance_s01_w1,juelich,12345,1,1,log-distance,43,44,veh3,veh8,5,5,0,302.487,1,12.143,3.26554,-76.2917,20.6846,5,0.029,0.034,0.0464118
juelich_pilot_d30_r5_log_distance_s01_w1,juelich,12345,1,1,log-distance,43,44,veh4,veh0,5,5,0,387.919,1,7.16768,14.0202,-78.4525,18.5238,5,0.055,0.065,0.0464118
juelich_pilot_d30_r5_log_distance_s01_w1,juelich,12345,1,1,log-distance,43,44,veh4,veh1,5,5,0,276.401,1,7.16768,7.77539,-75.5085,21.4678,5,0.055,0.05,0.0464118
juelich_pilot_d30_r5_log_distance_s01_w1,juelich,12345,1,1,log-distance,43,44,veh4,veh10,5,5,0,126.001,1,7.16768,8.66076,-68.6852,28.2911,5,0.055,0.05,0.0464118
juelich_pilot_d30_r5_log_distance_s01_w1,juelich,12345,1,1,log-distance,43,44,veh4,veh11,5,5,0,216.909,1,7.16768,7.86744,-73.4033,23.573,5,0.055,0.05,0.0464118
juelich_pilot_d30_r5_log_distance_s01_w1,juelich,12345,1,1,log-distance,43,44,veh4,veh12,5,5,0,401.878,1,7.16768,4.21597,-78.7594,18.2169,5,0.055,0.05,0.0464118
juelich_pilot_d30_r5_log_distance_s01_w1,juelich,12345,1,1,log-distance,43,44,veh4,veh13,5,5,0,193.686,1,7.16768,6.33806,-72.4188,24.5574,5,0.055,0.065,0.0464118
juelich_pilot_d30_r5_log_distance_s01_w1,juelich,12345,1,1,log-distance,43,44,veh4,veh14,5,5,0,512.461,0,7.16768,11.5733,-80.8706,16.1057,5,0.055,0.05,0.0464118
juelich_pilot_d30_r5_log_distance_s01_w1,juelich,12345,1,1,log-distance,43,44,veh4,veh15,5,0,1,845.372,0,7.16768,5.87663,nan,nan,0,0.055,0.034,0.0464118
juelich_pilot_d30_r5_log_distance_s01_w1,juelich,12345,1,1,log-distance,43,44,veh4,veh5,5,0,1,782.62,0,7.16768,8.11064,nan,nan,0,0.055,0.049,0.0464118
juelich_pilot_d30_r5_log_distance_s01_w1,juelich,12345,1,1,log-distance,43,44,veh4,veh6,5,5,0,124.23,1,7.16768,8.91336,-68.5622,28.4141,5,0.055,0.05,0.0464118
juelich_pilot_d30_r5_log_distance_s01_w1,juelich,12345,1,1,log-distance,43,44,veh4,veh7,5,0,1,839.245,0,7.16768,12.781,nan,nan,0,0.055,0.044,0.0464118
juelich_pilot_d30_r5_log_distance_s01_w1,juelich,12345,1,1,log-distance,43,44,veh4,veh8,5,0,1,978.576,0,7.16768,3.26554,nan,nan,0,0.055,0.034,0.0464118
juelich_pilot_d30_r5_log_distance_s01_w1,juelich,12345,1,1,log-distance,43,44,veh4,veh9,5,5,0,169.216,1,7.16768,6.81503,-71.2465,25.7298,5,0.055,0.05,0.0464118
juelich_pilot_d30_r5_log_distance_s01_w1,juelich,12345,1,1,log-distance,43,44,veh5,veh0,5,5,0,524.714,0,8.11064,14.0202,-81.0762,15.9001,5,0.049,0.065,0.0464118
juelich_pilot_d30_r5_log_distance_s01_w1,juelich,12345,1,1,log-distance,43,44,veh5,veh1,5,0,1,923.056,0,8.11064,7.77539,nan,nan,0,0.049,0.05,0.0464118
juelich_pilot_d30_r5_log_distance_s01_w1,juelich,12345,1,1,log-distance,43,44,veh5,veh10,5,0,1,906.272,0,8.11064,8.66076,nan,nan,0,0.049,0.05,0.0464118
juelich_pilot_d30_r5_log_distance_s01_w1,juelich,12345,1,1,log-distance,43,44,veh5,veh11,5,0,1,887.593,0,8.11064,7.86744,nan,nan,0,0.049,0.05,0.0464118
juelich_pilot_d30_r5_log_distance_s01_w1,juelich,12345,1,1,log-distance,43,44,veh5,veh12,5,0,1,988.418,0,8.11064,4.21597,nan,nan,0,0.049,0.05,0.0464118
juelich_pilot_d30_r5_log_distance_s01_w1,juelich,12345,1,1,log-distance,43,44,veh5,veh13,5,0,1,640.477,0,8.11064,6.33806,nan,nan,0,0.049,0.065,0.0464118
juelich_pilot_d30_r5_log_distance_s01_w1,juelich,12345,1,1,log-distance,43,44,veh5,veh14,5,0,1,986.825,0,8.11064,11.5733,nan,nan,0,0.049,0.05,0.0464118
juelich_pilot_d30_r5_log_distance_s01_w1,juelich,12345,1,1,log-distance,43,44,veh5,veh15,5,5,0,192.995,1,8.11064,5.87663,-72.3877,24.5886,5,0.049,0.034,0.0464118
juelich_pilot_d30_r5_log_distance_s01_w1,juelich,12345,1,1,log-distance,43,44,veh5,veh16,4,0,1,593.332,0,8.11201,0.717991,nan,nan,0,0.049,0.035,0.0464118
juelich_pilot_d30_r5_log_distance_s01_w1,juelich,12345,1,1,log-distance,43,44,veh5,veh2,5,0,1,812.133,0,8.11064,0,nan,nan,0,0.049,0.029,0.0464118
juelich_pilot_d30_r5_log_distance_s01_w1,juelich,12345,1,1,log-distance,43,44,veh5,veh3,5,0,1,679.636,0,8.11064,12.143,nan,nan,0,0.049,0.029,0.0464118
juelich_pilot_d30_r5_log_distance_s01_w1,juelich,12345,1,1,log-distance,43,44,veh5,veh4,5,0,1,782.62,0,8.11064,7.16768,nan,nan,0,0.049,0.055,0.0464118
juelich_pilot_d30_r5_log_distance_s01_w1,juelich,12345,1,1,log-distance,43,44,veh5,veh6,5,0,1,898.976,0,8.11064,8.91336,nan,nan,0,0.049,0.05,0.0464118
juelich_pilot_d30_r5_log_distance_s01_w1,juelich,12345,1,1,log-distance,43,44,veh5,veh7,5,5,0,302.845,1,8.11064,12.781,-76.3015,20.6747,5,0.049,0.044,0.0464118
juelich_pilot_d30_r5_log_distance_s01_w1,juelich,12345,1,1,log-distance,43,44,veh5,veh8,5,5,0,576.47,0,8.11064,3.26554,-81.8932,15.0831,5,0.049,0.034,0.0464118
juelich_pilot_d30_r5_log_distance_s01_w1,juelich,12345,1,1,log-distance,43,44,veh5,veh9,5,0,1,860.632,0,8.11064,6.81503,nan,nan,0,0.049,0.05,0.0464118
juelich_pilot_d30_r5_log_distance_s01_w1,juelich,12345,1,1,log-distance,43,44,veh6,veh0,5,5,0,464.878,1,8.91336,14.0202,-80.0245,16.9518,5,0.05,0.065,0.0464118
juelich_pilot_d30_r5_log_distance_s01_w1,juelich,12345,1,1,log-distance,43,44,veh6,veh1,5,5,0,302.823,1,8.91336,7.77539,-76.3015,20.6748,5,0.05,0.05,0.0464118
juelich_pilot_d30_r5_log_distance_s01_w1,juelich,12345,1,1,log-distance,43,44,veh6,veh10,5,5,0,22.1248,1,8.91336,8.66076,-53.5752,43.4011,5,0.05,0.05,0.0464118
juelich_pilot_d30_r5_log_distance_s01_w1,juelich,12345,1,1,log-distance,43,44,veh6,veh11,5,5,0,249.677,1,8.91336,7.86744,-74.6253,22.351,5,0.05,0.05,0.0464118
juelich_pilot_d30_r5_log_distance_s01_w1,juelich,12345,1,1,log-distance,43,44,veh6,veh12,5,5,0,334.063,1,8.91336,4.21597,-77.1539,19.8224,5,0.05,0.05,0.0464118
juelich_pilot_d30_r5_log_distance_s01_w1,juelich,12345,1,1,log-distance,43,44,veh6,veh13,5,5,0,277.804,1,8.91336,6.33806,-75.552,21.4243,5,0.05,0.065,0.0464118
juelich_pilot_d30_r5_log_distance_s01_w1,juelich,12345,1,1,log-distance,43,44,veh6,veh14,5,5,0,464.852,1,8.91336,11.5733,-80.0234,16.9529,5,0.05,0.05,0.0464118
juelich_pilot_d30_r5_log_distance_s01_w1,juelich,12345,1,1,log-distance,43,44,veh6,veh15,5,0,1,949.889,0,8.91336,5.87663,nan,nan,0,0.05,0.034,0.0464118
juelich_pilot_d30_r5_log_distance_s01_w1,juelich,12345,1,1,log-distance,43,44,veh6,veh4,5,5,0,124.23,1,8.91336,7.16768,-68.5622,28.4141,5,0.05,0.055,0.0464118
juelich_pilot_d30_r5_log_distance_s01_w1,juelich,12345,1,1,log-distance,43,44,veh6,veh5,5,0,1,898.976,0,8.91336,8.11064,nan,nan,0,0.05,0.049,0.0464118
juelich_pilot_d30_r5_log_distance_s01_w1,juelich,12345,1,1,log-distance,43,44,veh6,veh7,5,0,1,963.461,0,8.91336,12.781,nan,nan,0,0.05,0.044,0.0464118
juelich_pilot_d30_r5_log_distance_s01_w1,juelich,12345,1,1,log-distance,43,44,veh6,veh9,5,5,0,209.864,1,8.91336,6.81503,-73.1164,23.8598,5,0.05,0.05,0.0464118
juelich_pilot_d30_r5_log_distance_s01_w1,juelich,12345,1,1,log-distance,43,44,veh7,veh0,5,0,1,712.092,0,12.781,14.0202,nan,nan,0,0.044,0.065,0.0464118
juelich_pilot_d30_r5_log_distance_s01_w1,juelich,12345,1,1,log-distance,43,44,veh7,veh1,5,0,1,888.167,0,12.781,7.77539,nan,nan,0,0.044,0.05,0.0464118
juelich_pilot_d30_r5_log_distance_s01_w1,juelich,12345,1,1,log-distance,43,44,veh7,veh10,5,0,1,963.83,0,12.781,8.66076,nan,nan,0,0.044,0.05,0.0464118
juelich_pilot_d30_r5_log_distance_s01_w1,juelich,12345,1,1,log-distance,43,44,veh7,veh11,5,0,1,870.653,0,12.781,7.86744,nan,nan,0,0.044,0.05,0.0464118
juelich_pilot_d30_r5_log_distance_s01_w1,juelich,12345,1,1,log-distance,43,44,veh7,veh13,5,0,1,757.499,0,12.781,6.33806,nan,nan,0,0.044,0.065,0.0464118
juelich_pilot_d30_r5_log_distance_s01_w1,juelich,12345,1,1,log-distance,43,44,veh7,veh15,5,5,0,493.06,1,12.781,5.87663,-80.5357,16.4406,5,0.044,0.034,0.0464118
juelich_pilot_d30_r5_log_distance_s01_w1,juelich,12345,1,1,log-distance,43,44,veh7,veh16,4,0,1,627.215,0,12.7771,0.717991,nan,nan,0,0.044,0.035,0.0464118
juelich_pilot_d30_r5_log_distance_s01_w1,juelich,12345,1,1,log-distance,43,44,veh7,veh2,5,5,0,561.131,0,12.781,0,-81.6588,15.3174,5,0.044,0.029,0.0464118
juelich_pilot_d30_r5_log_distance_s01_w1,juelich,12345,1,1,log-distance,43,44,veh7,veh3,5,5,0,432.458,1,12.781,12.143,-79.3966,17.5797,5,0.044,0.029,0.0464118
juelich_pilot_d30_r5_log_distance_s01_w1,juelich,12345,1,1,log-distance,43,44,veh7,veh4,5,0,1,839.245,0,12.781,7.16768,nan,nan,0,0.044,0.055,0.0464118
juelich_pilot_d30_r5_log_distance_s01_w1,juelich,12345,1,1,log-distance,43,44,veh7,veh5,5,5,0,302.845,1,12.781,8.11064,-76.3015,20.6747,5,0.044,0.049,0.0464118
juelich_pilot_d30_r5_log_distance_s01_w1,juelich,12345,1,1,log-distance,43,44,veh7,veh6,5,0,1,963.461,0,12.781,8.91336,nan,nan,0,0.044,0.05,0.0464118
juelich_pilot_d30_r5_log_distance_s01_w1,juelich,12345,1,1,log-distance,43,44,veh7,veh8,5,5,0,273.707,1,12.781,3.26554,-75.4233,21.553,5,0.044,0.034,0.0464118
juelich_pilot_d30_r5_log_distance_s01_w1,juelich,12345,1,1,log-distance,43,44,veh7,veh9,5,0,1,858.815,0,12.781,6.81503,nan,nan,0,0.044,0.05,0.0464118
juelich_pilot_d30_r5_log_distance_s01_w1,juelich,12345,1,1,log-distance,43,44,veh8,veh0,5,0,1,939.012,0,3.26554,14.0202,nan,nan,0,0.034,0.065,0.0464118
juelich_pilot_d30_r5_log_distance_s01_w1,juelich,12345,1,1,log-distance,43,44,veh8,veh1,5,0,1,950.654,0,3.26554,7.77539,nan,nan,0,0.034,0.05,0.0464118
juelich_pilot_d30_r5_log_distance_s01_w1,juelich,12345,1,1,log-distance,43,44,veh8,veh11,5,0,1,950.137,0,3.26554,7.86744,nan,nan,0,0.034,0.05,0.0464118
juelich_pilot_d30_r5_log_distance_s01_w1,juelich,12345,1,1,log-distance,43,44,veh8,veh13,5,0,1,943.104,0,3.26554,6.33806,nan,nan,0,0.034,0.065,0.0464118
juelich_pilot_d30_r5_log_distance_s01_w1,juelich,12345,1,1,log-distance,43,44,veh8,veh15,5,0,1,765.617,0,3.26554,5.87663,nan,nan,0,0.034,0.034,0.0464118
juelich_pilot_d30_r5_log_distance_s01_w1,juelich,12345,1,1,log-distance,43,44,veh8,veh16,4,0,1,759.929,0,3.25022,0.717991,nan,nan,0,0.034,0.035,0.0464118
juelich_pilot_d30_r5_log_distance_s01_w1,juelich,12345,1,1,log-distance,43,44,veh8,veh2,5,5,0,393.992,1,3.26554,0,-78.5874,18.3888,5,0.034,0.029,0.0464118
juelich_pilot_d30_r5_log_distance_s01_w1,juelich,12345,1,1,log-distance,43,44,veh8,veh3,5,5,0,302.487,1,3.26554,12.143,-76.2917,20.6846,5,0.034,0.029,0.0464118
juelich_pilot_d30_r5_log_distance_s01_w1,juelich,12345,1,1,log-distance,43,44,veh8,veh4,5,0,1,978.576,0,3.26554,7.16768,nan,nan,0,0.034,0.055,0.0464118
juelich_pilot_d30_r5_log_distance_s01_w1,juelich,12345,1,1,log-distance,43,44,veh8,veh5,5,5,0,576.47,0,3.26554,8.11064,-81.8932,15.0831,5,0.034,0.049,0.0464118
juelich_pilot_d30_r5_log_distance_s01_w1,juelich,12345,1,1,log-distance,43,44,veh8,veh7,5,5,0,273.707,1,3.26554,12.781,-75.4233,21.553,5,0.034,0.044,0.0464118
juelich_pilot_d30_r5_log_distance_s01_w1,juelich,12345,1,1,log-distance,43,44,veh8,veh9,5,0,1,951.881,0,3.26554,6.81503,nan,nan,0,0.034,0.05,0.0464118
juelich_pilot_d30_r5_log_distance_s01_w1,juelich,12345,1,1,log-distance,43,44,veh9,veh0,5,5,0,539.654,0,6.81503,14.0202,-81.3199,15.6563,5,0.05,0.065,0.0464118
juelich_pilot_d30_r5_log_distance_s01_w1,juelich,12345,1,1,log-distance,43,44,veh9,veh1,5,5,0,107.185,1,6.81503,7.77539,-67.2804,29.6959,5,0.05,0.05,0.0464118
juelich_pilot_d30_r5_log_distance_s01_w1,juelich,12345,1,1,log-distance,43,44,veh9,veh10,5,5,0,192.351,1,6.81503,8.66076,-72.3596,24.6167,5,0.05,0.05,0.0464118
juelich_pilot_d30_r5_log_distance_s01_w1,juelich,12345,1,1,log-distance,43,44,veh9,veh11,5,5,0,47.6951,1,6.81503,7.86744,-60.247,36.7293,5,0.05,0.05,0.0464118
juelich_pilot_d30_r5_log_distance_s01_w1,juelich,12345,1,1,log-distance,43,44,veh9,veh12,5,5,0,541.232,0,6.81503,4.21597,-81.3453,15.631,5,0.05,0.05,0.0464118
juelich_pilot_d30_r5_log_distance_s01_w1,juelich,12345,1,1,log-distance,43,44,veh9,veh13,5,5,0,350.435,1,6.81503,6.33806,-77.5697,19.4066,5,0.05,0.065,0.0464118
juelich_pilot_d30_r5_log_distance_s01_w1,juelich,12345,1,1,log-distance,43,44,veh9,veh14,5,0,1,665.364,0,6.81503,11.5733,nan,nan,0,0.05,0.05,0.0464118
juelich_pilot_d30_r5_log_distance_s01_w1,juelich,12345,1,1,log-distance,43,44,veh9,veh15,5,0,1,952.49,0,6.81503,5.87663,nan,nan,0,0.05,0.034,0.0464118
juelich_pilot_d30_r5_log_distance_s01_w1,juelich,12345,1,1,log-distance,43,44,veh9,veh4,5,5,0,169.216,1,6.81503,7.16768,-71.2465,25.7298,5,0.05,0.055,0.0464118
juelich_pilot_d30_r5_log_distance_s01_w1,juelich,12345,1,1,log-distance,43,44,veh9,veh5,5,0,1,860.632,0,6.81503,8.11064,nan,nan,0,0.05,0.049,0.0464118
juelich_pilot_d30_r5_log_distance_s01_w1,juelich,12345,1,1,log-distance,43,44,veh9,veh6,5,5,0,209.864,1,6.81503,8.91336,-73.1164,23.8598,5,0.05,0.05,0.0464118
juelich_pilot_d30_r5_log_distance_s01_w1,juelich,12345,1,1,log-distance,43,44,veh9,veh7,5,0,1,858.815,0,6.81503,12.781,nan,nan,0,0.05,0.044,0.0464118
juelich_pilot_d30_r5_log_distance_s01_w1,juelich,12345,1,1,log-distance,43,44,veh9,veh8,5,0,1,951.881,0,6.81503,3.26554,nan,nan,0,0.05,0.034,0.0464118
juelich_pilot_d30_r5_log_distance_s01_w1,juelich,12345,1,1,log-distance,44,45,veh0,veh1,5,0,1,646.37,0,14.0394,7.78681,nan,nan,0,0.065,0.05,0.047
juelich_pilot_d30_r5_log_distance_s01_w1,juelich,12345,1,1,log-distance,44,45,veh0,veh10,5,5,0,485.003,1,14.0394,7.8298,-80.3926,16.5837,5,0.065,0.05,0.047
juelich_pilot_d30_r5_log_distance_s01_w1,juelich,12345,1,1,log-distance,44,45,veh0,veh11,5,0,1,590.113,0,14.0394,7.88734,nan,nan,0,0.065,0.05,0.047
juelich_pilot_d30_r5_log_distance_s01_w1,juelich,12345,1,1,log-distance,44,45,veh0,veh12,5,5,0,461.978,1,14.0394,5.9828,-79.9701,17.0062,5,0.065,0.05,0.047
juelich_pilot_d30_r5_log_distance_s01_w1,juelich,12345,1,1,log-distance,44,45,veh0,veh13,5,5,0,209.572,1,14.0394,6.34718,-73.1025,23.8738,5,0.065,0.065,0.047
juelich_pilot_d30_r5_log_distance_s01_w1,juelich,12345,1,1,log-distance,44,45,veh0,veh14,5,5,0,462.851,1,14.0394,13.5759,-79.9865,16.9898,5,0.065,0.05,0.047
juelich_pilot_d30_r5_log_distance_s01_w1,juelich,12345,1,1,log-distance,44,45,veh0,veh15,5,5,0,503.973,0,14.0394,7.51912,-80.7257,16.2506,5,0.065,0.035,0.047
juelich_pilot_d30_r5_log_distance_s01_w1,juelich,12345,1,1,log-distance,44,45,veh0,veh4,5,5,0,392.842,1,14.0394,9.08214,-78.562,18.4143,5,0.065,0.057,0.047
juelich_pilot_d30_r5_log_distance_s01_w1,juelich,12345,1,1,log-distance,44,45,veh0,veh5,5,5,0,526.547,0,14.0394,7.09766,-81.1064,15.8698,5,0.065,0.05,0.047
juelich_pilot_d30_r5_log_distance_s01_w1,juelich,12345,1,1,log-distance,44,45,veh0,veh6,5,5,0,467.808,1,14.0394,10.7806,-80.079,16.8972,5,0.065,0.05,0.047
juelich_pilot_d30_r5_log_distance_s01_w1,juelich,12345,1,1,log-distance,44,45,veh0,veh7,5,0,1,707.138,0,14.0394,12.7817,nan,nan,0,0.065,0.047,0.047
juelich_pilot_d30_r5_log_distance_s01_w1,juelich,12345,1,1,log-distance,44,45,veh0,veh8,5,0,1,945.269,0,14.0394,3.27867,nan,nan,0,0.065,0.035,0.047
juelich_pilot_d30_r5_log_distance_s01_w1,juelich,12345,1,1,log-distance,44,45,veh0,veh9,5,5,0,546.236,0,14.0394,7.0892,-81.4253,15.551,5,0.065,0.05,0.047
juelich_pilot_d30_r5_log_distance_s01_w1,juelich,12345,1,1,log-distance,44,45,veh1,veh0,5,0,1,646.37,0,7.78681,14.0394,nan,nan,0,0.05,0.065,0.047
juelich_pilot_d30_r5_log_distance_s01_w1,juelich,12345,1,1,log-distance,44,45,veh1,veh10,5,5,0,283.34,1,7.78681,7.8298,-75.7239,21.2524,5,0.05,0.05,0.047
juelich_pilot_d30_r5_log_distance_s01_w1,juelich,12345,1,1,log-distance,44,45,veh1,veh11,5,5,0,59.5772,1,7.78681,7.88734,-62.1793,34.797,5,0.05,0.05,0.047
juelich_pilot_d30_r5_log_distance_s01_w1,juelich,12345,1,1,log-distance,44,45,veh1,veh12,5,0,1,626.716,0,7.78681,5.9828,nan,nan,0,0.05,0.05,0.047
juelich_pilot_d30_r5_log_distance_s01_w1,juelich,12345,1,1,log-distance,44,45,veh1,veh13,5,5,0,445.511,1,7.78681,6.34718,-79.6547,17.3216,5,0.05,0.065,0.047
juelich_pilot_d30_r5_log_distance_s01_w1,juelich,12345,1,1,log-distance,44,45,veh1,veh14,5,0,1,747.406,0,7.78681,13.5759,nan,nan,0,0.05,0.05,0.047
juelich_pilot_d30_r5_log_distance_s01_w1,juelich,12345,1,1,log-distance,44,45,veh1,veh4,5,5,0,276.785,1,7.78681,9.08214,-75.5205,21.4558,5,0.05,0.057,0.047
juelich_pilot_d30_r5_log_distance_s01_w1,juelich,12345,1,1,log-distance,44,45,veh1,veh5,5,0,1,913.431,0,7.78681,7.09766,nan,nan,0,0.05,0.05,0.047
juelich_pilot_d30_r5_log_distance_s01_w1,juelich,12345,1,1,log-distance,44,45,veh1,veh6,5,5,0,304.821,1,7.78681,10.7806,-76.3586,20.6177,5,0.05,0.05,0.047
juelich_pilot_d30_r5_log_distance_s01_w1,juelich,12345,1,1,log-distance,44,45,veh1,veh7,5,0,1,873.577,0,7.78681,12.7817,nan,nan,0,0.05,0.047,0.047
juelich_pilot_d30_r5_log_distance_s01_w1,juelich,12345,1,1,log-distance,44,45,veh1,veh8,5,0,1,947.742,0,7.78681,3.27867,nan,nan,0,0.05,0.035,0.047
juelich_pilot_d30_r5_log_distance_s01_w1,juelich,12345,1,1,log-distance,44,45,veh1,veh9,5,5,0,106.379,1,7.78681,7.0892,-67.2148,29.7615,5,0.05,0.05,0.047
juelich_pilot_d30_r5_log_distance_s01_w1,juelich,12345,1,1,log-distance,44,45,veh10,veh0,5,5,0,485.003,1,7.8298,14.0394,-80.3926,16.5837,5,0.05,0.065,0.047
juelich_pilot_d30_r5_log_distance_s01_w1,juelich,12345,1,1,log-distance,44,45,veh10,veh1,5,5,0,283.34,1,7.8298,7.78681,-75.7239,21.2524,5,0.05,0.05,0.047
juelich_pilot_d30_r5_log_distance_s01_w1,juelich,12345,1,1,log-distance,44,45,veh10,veh11,5,5,0,231.168,1,7.8298,7.88734,-73.9563,23.02,5,0.05,0.05,0.047
juelich_pilot_d30_r5_log_distance_s01_w1,juelich,12345,1,1,log-distance,44,45,veh10,veh12,5,5,0,343.585,1,7.8298,5.9828,-77.398,19.5783,5,0.05,0.05,0.047
juelich_pilot_d30_r5_log_distance_s01_w1,juelich,12345,1,1,log-distance,44,45,veh10,veh13,5,5,0,281.349,1,7.8298,6.34718,-75.6622,21.3141,5,0.05,0.065,0.047
juelich_pilot_d30_r5_log_distance_s01_w1,juelich,12345,1,1,log-distance,44,45,veh10,veh14,5,5,0,466.751,1,7.8298,13.5759,-80.0588,16.9175,5,0.05,0.05,0.047
juelich_pilot_d30_r5_log_distance_s01_w1,juelich,12345,1,1,log-distance,44,45,veh10,veh15,5,0,1,951.565,0,7.8298,7.51912,nan,nan,0,0.05,0.035,0.047
juelich_pilot_d30_r5_log_distance_s01_w1,juelich,12345,1,1,log-distance,44,45,veh10,veh4,5,5,0,126.305,1,7.8298,9.08214,-68.7061,28.2702,5,0.05,0.057,0.047
juelich_pilot_d30_r5_log_distance_s01_w1,juelich,12345,1,1,log-distance,44,45,veh10,veh5,5,0,1,900.754,0,7.8298,7.09766,nan,nan,0,0.05,0.05,0.047
juelich_pilot_d30_r5_log_distance_s01_w1,juelich,12345,1,1,log-distance,44,45,veh10,veh6,5,5,0,23.6555,1,7.8298,10.7806,-54.1502,42.8261,5,0.05,0.05,0.047
juelich_pilot_d30_r5_log_distance_s01_w1,juelich,12345,1,1,log-distance,44,45,veh10,veh7,5,0,1,950.935,0,7.8298,12.7817,nan,nan,0,0.05,0.047,0.047
juelich_pilot_d30_r5_log_distance_s01_w1,juelich,12345,1,1,log-distance,44,45,veh10,veh9,5,5,0,193.519,1,7.8298,7.0892,-72.4122,24.5641,5,0.05,0.05,0.047
juelich_pilot_d30_r5_log_distance_s01_w1,juelich,12345,1,1,log-distance,44,45,veh11,veh0,5,0,1,590.113,0,7.88734,14.0394,nan,nan,0,0.05,0.065,0.047
juelich_pilot_d30_r5_log_distance_s01_w1,juelich,12345,1,1,log-distance,44,45,veh11,veh1,5,5,0,59.5772,1,7.88734,7.78681,-62.1793,34.797,5,0.05,0.05,0.047
juelich_pilot_d30_r5_log_distance_s01_w1,juelich,12345,1,1,log-distance,44,45,veh11,veh10,5,5,0,231.168,1,7.88734,7.8298,-73.9563,23.02,5,0.05,0.05,0.047
juelich_pilot_d30_r5_log_distance_s01_w1,juelich,12345,1,1,log-distance,44,45,veh11,veh12,5,5,0,572.89,0,7.88734,5.9828,-81.839,15.1373,5,0.05,0.05,0.047
juelich_pilot_d30_r5_log_distance_s01_w1,juelich,12345,1,1,log-distance,44,45,veh11,veh13,5,5,0,387.419,1,7.88734,6.34718,-78.4411,18.5352,5,0.05,0.065,0.047
juelich_pilot_d30_r5_log_distance_s01_w1,juelich,12345,1,1,log-distance,44,45,veh11,veh14,5,0,1,691.567,0,7.88734,13.5759,nan,nan,0,0.05,0.05,0.047
juelich_pilot_d30_r5_log_distance_s01_w1,juelich,12345,1,1,log-distance,44,45,veh11,veh15,5,0,1,976.43,0,7.88734,7.51912,nan,nan,0,0.05,0.035,0.047
juelich_pilot_d30_r5_log_distance_s01_w1,juelich,12345,1,1,log-distance,44,45,veh11,veh4,5,5,0,217.208,1,7.88734,9.08214,-73.4152,23.5611,5,0.05,0.057,0.047
juelich_pilot_d30_r5_log_distance_s01_w1,juelich,12345,1,1,log-distance,44,45,veh11,veh5,5,0,1,878.587,0,7.88734,7.09766,nan,nan,0,0.05,0.05,0.047
juelich_pilot_d30_r5_log_distance_s01_w1,juelich,12345,1,1,log-distance,44,45,veh11,veh6,5,5,0,251.504,1,7.88734,10.7806,-74.6886,22.2877,5,0.05,0.05,0.047
juelich_pilot_d30_r5_log_distance_s01_w1,juelich,12345,1,1,log-distance,44,45,veh11,veh7,5,0,1,856.284,0,7.88734,12.7817,nan,nan,0,0.05,0.047,0.047
juelich_pilot_d30_r5_log_distance_s01_w1,juelich,12345,1,1,log-distance,44,45,veh11,veh8,5,0,1,947.699,0,7.88734,3.27867,nan,nan,0,0.05,0.035,0.047
juelich_pilot_d30_r5_log_distance_s01_w1,juelich,12345,1,1,log-distance,44,45,veh11,veh9,5,5,0,46.8033,1,7.88734,7.0892,-60.0831,36.8932,5,0.05,0.05,0.047
juelich_pilot_d30_r5_log_distance_s01_w1,juelich,12345,1,1,log-distance,44,45,veh12,veh0,5,5,0,461.978,1,5.9828,14.0394,-79.9701,17.0062,5,0.05,0.065,0.047
juelich_pilot_d30_r5_log_distance_s01_w1,juelich,12345,1,1,log-distance,44,45,veh12,veh1,5,0,1,626.716,0,5.9828,7.78681,nan,nan,0,0.05,0.05,0.047
juelich_pilot_d30_r5_log_distance_s01_w1,juelich,12345,1,1,log-distance,44,45,veh12,veh10,5,5,0,343.585,1,5.9828,7.8298,-77.398,19.5783,5,0.05,0.05,0.047
juelich_pilot_d30_r5_log_distance_s01_w1,juelich,12345,1,1,log-distance,44,45,veh12,veh11,5,5,0,572.89,0,5.9828,7.88734,-81.839,15.1373,5,0.05,0.05,0.047
juelich_pilot_d30_r5_log_distance_s01_w1,juelich,12345,1,1,log-distance,44,45,veh12,veh13,5,5,0,374.476,1,5.9828,6.34718,-78.1458,18.8305,5,0.05,0.065,0.047
juelich_pilot_d30_r5_log_distance_s01_w1,juelich,12345,1,1,log-distance,44,45,veh12,veh14,5,5,0,132.619,1,5.9828,13.5759,-69.1268,27.8495,5,0.05,0.05,0.047
juelich_pilot_d30_r5_log_distance_s01_w1,juelich,12345,1,1,log-distance,44,45,veh12,veh15,5,0,1,961.612,0,5.9828,7.51912,nan,nan,0,0.05,0.035,0.047
juelich_pilot_d30_r5_log_distance_s01_w1,juelich,12345,1,1,log-distance,44,45,veh12,veh4,5,5,0,391.727,1,5.9828,9.08214,-78.5371,18.4392,5,0.05,0.057,0.047
juelich_pilot_d30_r5_log_distance_s01_w1,juelich,12345,1,1,log-distance,44,45,veh12,veh5,5,0,1,983.33,0,5.9828,7.09766,nan,nan,0,0.05,0.05,0.047
juelich_pilot_d30_r5_log_distance_s01_w1,juelich,12345,1,1,log-distance,44,45,veh12,veh6,5,5,0,321.904,1,5.9828,10.7806,-76.8316,20.1447,5,0.05,0.05,0.047
juelich_pilot_d30_r5_log_distance_s01_w1,juelich,12345,1,1,log-distance,44,45,veh12,veh9,5,5,0,531.701,0,5.9828,7.0892,-81.1909,15.7854,5,0.05,0.05,0.047
juelich_pilot_d30_r5_log_distance_s01_w1,juelich,12345,1,1,log-distance,44,45,veh13,veh0,5,5,0,209.572,1,6.34718,14.0394,-73.1025,23.8738,5,0.065,0.065,0.047
juelich_pilot_d30_r5_log_distance_s01_w1,juelich,12345,1,1,log-distance,44,45,veh13,veh1,5,5,0,445.511,1,6.34718,7.78681,-79.6547,17.3216,5,0.065,0.05,0.047
juelich_pilot_d30_r5_log_distance_s01_w1,juelich,12345,1,1,log-distance,44,45,veh13,veh10,5,5,0,281.349,1,6.34718,7.8298,-75.6622,21.3141,5,0.065,0.05,0.047
juelich_pilot_d30_r5_log_distance_s01_w1,juelich,12345,1,1,log-distance,44,45,veh13,veh11,5,5,0,387.419,1,6.34718,7.88734,-78.4411,18.5352,5,0.065,0.05,0.047
juelich_pilot_d30_r5_log_distance_s01_w1,juelich,12345,1,1,log-distance,44,45,veh13,veh12,5,5,0,374.476,1,6.34718,5.9828,-78.1458,18.8305,5,0.065,0.05,0.047
juelich_pilot_d30_r5_log_distance_s01_w1,juelich,12345,1,1,log-distance,44,45,veh13,veh14,5,5,0,435.272,1,6.34718,13.5759,-79.4527,17.5236,5,0.065,0.05,0.047
juelich_pilot_d30_r5_log_distance_s01_w1,juelich,12345,1,1,log-distance,44,45,veh13,veh15,5,0,1,674.536,0,6.34718,7.51912,nan,nan,0,0.065,0.035,0.047
juelich_pilot_d30_r5_log_distance_s01_w1,juelich,12345,1,1,log-distance,44,45,veh13,veh4,5,5,0,183.343,1,6.34718,9.08214,-71.9417,25.0346,5,0.065,0.057,0.047
juelich_pilot_d30_r5_log_distance_s01_w1,juelich,12345,1,1,log-distance,44,45,veh13,veh5,5,0,1,645.073,0,6.34718,7.09766,nan,nan,0,0.065,0.05,0.047
juelich_pilot_d30_r5_log_distance_s01_w1,juelich,12345,1,1,log-distance,44,45,veh13,veh6,5,5,0,266.79,1,6.34718,10.7806,-75.2004,21.7758,5,0.065,0.05,0.047
juelich_pilot_d30_r5_log_distance_s01_w1,juelich,12345,1,1,log-distance,44,45,veh13,veh7,5,0,1,751.191,0,6.34718,12.7817,nan,nan,0,0.065,0.047,0.047
juelich_pilot_d30_r5_log_distance_s01_w1,juelich,12345,1,1,log-distance,44,45,veh13,veh8,5,0,1,946.3,0,6.34718,3.27867,nan,nan,0,0.065,0.035,0.047
juelich_pilot_d30_r5_log_distance_s01_w1,juelich,12345,1,1,log-distance,44,45,veh13,veh9,5,5,0,342.015,1,6.34718,7.0892,-77.3584,19.6179,5,0.065,0.05,0.047
juelich_pilot_d30_r5_log_distance_s01_w1,juelich,12345,1,1,log-distance,44,45,veh14,veh0,5,5,0,462.851,1,13.5759,14.0394,-79.9865,16.9898,5,0.05,0.065,0.047
juelich_pilot_d30_r5_log_distance_s01_w1,juelich,12345,1,1,log-distance,44,45,veh14,veh1,5,0,1,747.406,0,13.5759,7.78681,nan,nan,0,0.05,0.05,0.047
juelich_pilot_d30_r5_log_distance_s01_w1,juelich,12345,1,1,log-distance,44,45,veh14,veh10,5,5,0,466.751,1,13.5759,7.8298,-80.0588,16.9175,5,0.05,0.05,0.047
juelich_pilot_d30_r5_log_distance_s01_w1,juelich,12345,1,1,log-distance,44,45,veh14,veh11,5,0,1,691.567,0,13.5759,7.88734,nan,nan,0,0.05,0.05,0.047
juelich_pilot_d30_r5_log_distance_s01_w1,juelich,12345,1,1,log-distance,44,45,veh14,veh12,5,5,0,132.619,1,13.5759,5.9828,-69.1268,27.8495,5,0.05,0.05,0.047
juelich_pilot_d30_r5_log_distance_s01_w1,juelich,12345,1,1,log-distance,44,45,veh14,veh13,5,5,0,435.272,1,13.5759,6.34718,-79.4527,17.5236,5,0.05,0.065,0.047
juelich_pilot_d30_r5_log_distance_s01_w1,juelich,12345,1,1,log-distance,44,45,veh14,veh15,5,0,1,939.45,0,13.5759,7.51912,nan,nan,0,0.05,0.035,0.047
juelich_pilot_d30_r5_log_distance_s01_w1,juelich,12345,1,1,log-distance,44,45,veh14,veh4,5,5,0,495.95,1,13.5759,9.08214,-80.586,16.3903,5,0.05,0.057,0.047
juelich_pilot_d30_r5_log_distance_s01_w1,juelich,12345,1,1,log-distance,44,45,veh14,veh5,5,0,1,988.448,0,13.5759,7.09766,nan,nan,0,0.05,0.05,0.047
juelich_pilot_d30_r5_log_distance_s01_w1,juelich,12345,1,1,log-distance,44,45,veh14,veh6,5,5,0,444.031,1,13.5759,10.7806,-79.6251,17.3512,5,0.05,0.05,0.047
juelich_pilot_d30_r5_log_distance_s01_w1,juelich,12345,1,1,log-distance,44,45,veh14,veh9,5,0,1,648.355,0,13.5759,7.0892,nan,nan,0,0.05,0.05,0.047
juelich_pilot_d30_r5_log_distance_s01_w1,juelich,12345,1,1,log-distance,44,45,veh15,veh0,5,5,0,503.973,0,7.51912,14.0394,-80.7257,1.23174,5,0.035,0.065,0.047
juelich_pilot_d30_r5_log_distance_s01_w1,juelich,12345,1,1,log-distance,44,45,veh15,veh10,5,0,1,951.565,0,7.51912,7.8298,nan,nan,0,0.035,0.05,0.047
juelich_pilot_d30_r5_log_distance_s01_w1,juelich,12345,1,1,log-distance,44,45,veh15,veh11,5,0,1,976.43,0,7.51912,7.88734,nan,nan,0,0.035,0.05,0.047
juelich_pilot_d30_r5_log_distance_s01_w1,juelich,12345,1,1,log-distance,44,45,veh15,veh12,5,0,1,961.612,0,7.51912,5.9828,nan,nan,0,0.035,0.05,0.047
juelich_pilot_d30_r5_log_distance_s01_w1,juelich,12345,1,1,log-distance,44,45,veh15,veh13,5,0,1,674.536,0,7.51912,6.34718,nan,nan,0,0.035,0.065,0.047
juelich_pilot_d30_r5_log_distance_s01_w1,juelich,12345,1,1,log-distance,44,45,veh15,veh14,5,0,1,939.45,0,7.51912,13.5759,nan,nan,0,0.035,0.05,0.047
juelich_pilot_d30_r5_log_distance_s01_w1,juelich,12345,1,1,log-distance,44,45,veh15,veh16,5,0,1,616.134,0,7.51912,2.67332,nan,nan,0,0.035,0.035,0.047
juelich_pilot_d30_r5_log_distance_s01_w1,juelich,12345,1,1,log-distance,44,45,veh15,veh2,5,0,1,973.419,0,7.51912,0,nan,nan,0,0.035,0.03,0.047
juelich_pilot_d30_r5_log_distance_s01_w1,juelich,12345,1,1,log-distance,44,45,veh15,veh3,5,0,1,830.988,0,7.51912,12.1558,nan,nan,0,0.035,0.03,0.047
juelich_pilot_d30_r5_log_distance_s01_w1,juelich,12345,1,1,log-distance,44,45,veh15,veh4,5,0,1,835.463,0,7.51912,9.08214,nan,nan,0,0.035,0.057,0.047
juelich_pilot_d30_r5_log_distance_s01_w1,juelich,12345,1,1,log-distance,44,45,veh15,veh5,5,5,0,202.763,1,7.51912,7.09766,-72.8168,12.4344,5,0.035,0.05,0.047
juelich_pilot_d30_r5_log_distance_s01_w1,juelich,12345,1,1,log-distance,44,45,veh15,veh6,5,0,1,939.433,0,7.51912,10.7806,nan,nan,0,0.035,0.05,0.047
juelich_pilot_d30_r5_log_distance_s01_w1,juelich,12345,1,1,log-distance,44,45,veh15,veh7,5,5,0,492.217,1,7.51912,12.7817,-80.5208,4.52158,5,0.035,0.047,0.047
juelich_pilot_d30_r5_log_distance_s01_w1,juelich,12345,1,1,log-distance,44,45,veh15,veh8,5,0,1,767.614,0,7.51912,3.27867,nan,nan,0,0.035,0.035,0.047
juelich_pilot_d30_r5_log_distance_s01_w1,juelich,12345,1,1,log-distance,44,45,veh15,veh9,5,0,1,943.427,0,7.51912,7.0892,nan,nan,0,0.035,0.05,0.047
juelich_pilot_d30_r5_log_distance_s01_w1,juelich,12345,1,1,log-distance,44,45,veh16,veh15,5,0,1,616.134,0,2.67332,7.51912,nan,nan,0,0.035,0.035,0.047
juelich_pilot_d30_r5_log_distance_s01_w1,juelich,12345,1,1,log-distance,44,45,veh16,veh2,5,0,1,669.036,0,2.67332,0,nan,nan,0,0.035,0.03,0.047
juelich_pilot_d30_r5_log_distance_s01_w1,juelich,12345,1,1,log-distance,44,45,veh16,veh3,5,3,0.4,582.542,0,2.67332,12.1558,-81.9577,15.0186,3,0.035,0.03,0.047
juelich_pilot_d30_r5_log_distance_s01_w1,juelich,12345,1,1,log-distance,44,45,veh16,veh5,5,0,1,593.91,0,2.67332,7.09766,nan,nan,0,0.035,0.05,0.047
juelich_pilot_d30_r5_log_distance_s01_w1,juelich,12345,1,1,log-distance,44,45,veh16,veh7,5,0,1,634.122,0,2.67332,12.7817,nan,nan,0,0.035,0.047,0.047
juelich_pilot_d30_r5_log_distance_s01_w1,juelich,12345,1,1,log-distance,44,45,veh16,veh8,5,0,1,758.937,0,2.67332,3.27867,nan,nan,0,0.035,0.035,0.047
juelich_pilot_d30_r5_log_distance_s01_w1,juelich,12345,1,1,log-distance,44,45,veh2,veh15,5,0,1,973.419,0,0,7.51912,nan,nan,0,0.03,0.035,0.047
juelich_pilot_d30_r5_log_distance_s01_w1,juelich,12345,1,1,log-distance,44,45,veh2,veh16,5,0,1,669.036,0,0,2.67332,nan,nan,0,0.03,0.035,0.047
juelich_pilot_d30_r5_log_distance_s01_w1,juelich,12345,1,1,log-distance,44,45,veh2,veh3,5,5,0,144.697,1,0,12.1558,-69.8844,27.0919,5,0.03,0.03,0.047
juelich_pilot_d30_r5_log_distance_s01_w1,juelich,12345,1,1,log-distance,44,45,veh2,veh5,5,0,1,807.224,0,0,7.09766,nan,nan,0,0.03,0.05,0.047
juelich_pilot_d30_r5_log_distance_s01_w1,juelich,12345,1,1,log-distance,44,45,veh2,veh7,5,5,0,572.64,0,0,12.7817,-81.8352,15.1411,5,0.03,0.047,0.047
juelich_pilot_d30_r5_log_distance_s01_w1,juelich,12345,1,1,log-distance,44,45,veh2,veh8,5,5,0,396.63,1,0,3.27867,-78.6454,18.3309,5,0.03,0.035,0.047
juelich_pilot_d30_r5_log_distance_s01_w1,juelich,12345,1,1,log-distance,44,45,veh3,veh15,5,0,1,830.988,0,12.1558,7.51912,nan,nan,0,0.03,0.035,0.047
juelich_pilot_d30_r5_log_distance_s01_w1,juelich,12345,1,1,log-distance,44,45,veh3,veh16,5,3,0.4,582.542,0,12.1558,2.67332,-81.9577,15.0186,3,0.03,0.035,0.047
juelich_pilot_d30_r5_log_distance_s01_w1,juelich,12345,1,1,log-distance,44,45,veh3,veh2,5,5,0,144.697,1,12.1558,0,-69.8844,27.0919,5,0.03,0.03,0.047
juelich_pilot_d30_r5_log_distance_s01_w1,juelich,12345,1,1,log-distance,44,45,veh3,veh5,5,0,1,662.62,0,12.1558,7.09766,nan,nan,0,0.03,0.05,0.047
juelich_pilot_d30_r5_log_distance_s01_w1,juelich,12345,1,1,log-distance,44,45,veh3,veh7,5,5,0,432.653,1,12.1558,12.7817,-79.4005,17.5758,5,0.03,0.047,0.047
juelich_pilot_d30_r5_log_distance_s01_w1,juelich,12345,1,1,log-distance,44,45,veh3,veh8,5,5,0,297.856,1,12.1558,3.27867,-76.1577,20.8186,5,0.03,0.035,0.047
juelich_pilot_d30_r5_log_distance_s01_w1,juelich,12345,1,1,log-distance,44,45,veh4,veh0,5,5,0,392.842,1,9.08214,14.0394,-78.562,18.4143,5,0.057,0.065,0.047
juelich_pilot_d30_r5_log_distance_s01_w1,juelich,12345,1,1,log-distance,44,45,veh4,veh1,5,5,0,276.785,1,9.08214,7.78681,-75.5205,21.4558,5,0.057,0.05,0.047
juelich_pilot_d30_r5_log_distance_s01_w1,juelich,12345,1,1,log-distance,44,45,veh4,veh10,5,5,0,126.305,1,9.08214,7.8298,-68.7061,28.2702,5,0.057,0.05,0.047
juelich_pilot_d30_r5_log_distance_s01_w1,juelich,12345,1,1,log-distance,44,45,veh4,veh11,5,5,0,217.208,1,9.08214,7.88734,-73.4152,23.5611,5,0.057,0.05,0.047
juelich_pilot_d30_r5_log_distance_s01_w1,juelich,12345,1,1,log-distance,44,45,veh4,veh12,5,5,0,391.727,1,9.08214,5.9828,-78.5371,18.4392,5,0.057,0.05,0.047
juelich_pilot_d30_r5_log_distance_s01_w1,juelich,12345,1,1,log-distance,44,45,veh4,veh13,5,5,0,183.343,1,9.08214,6.34718,-71.9417,25.0346,5,0.057,0.065,0.047
juelich_pilot_d30_r5_log_distance_s01_w1,juelich,12345,1,1,log-distance,44,45,veh4,veh14,5,5,0,495.95,1,9.08214,13.5759,-80.586,16.3903,5,0.057,0.05,0.047
juelich_pilot_d30_r5_log_distance_s01_w1,juelich,12345,1,1,log-distance,44,45,veh4,veh15,5,0,1,835.463,0,9.08214,7.51912,nan,nan,0,0.057,0.035,0.047
juelich_pilot_d30_r5_log_distance_s01_w1,juelich,12345,1,1,log-distance,44,45,veh4,veh5,5,0,1,776.452,0,9.08214,7.09766,nan,nan,0,0.057,0.05,0.047
juelich_pilot_d30_r5_log_distance_s01_w1,juelich,12345,1,1,log-distance,44,45,veh4,veh6,5,5,0,124.468,1,9.08214,10.7806,-68.5789,28.3974,5,0.057,0.05,0.047
juelich_pilot_d30_r5_log_distance_s01_w1,juelich,12345,1,1,log-distance,44,45,veh4,veh7,5,0,1,826.174,0,9.08214,12.7817,nan,nan,0,0.057,0.047,0.047
juelich_pilot_d30_r5_log_distance_s01_w1,juelich,12345,1,1,log-distance,44,45,veh4,veh8,5,0,1,977.743,0,9.08214,3.27867,nan,nan,0,0.057,0.035,0.047
juelich_pilot_d30_r5_log_distance_s01_w1,juelich,12345,1,1,log-distance,44,45,veh4,veh9,5,5,0,170.406,1,9.08214,7.0892,-71.3073,25.669,5,0.057,0.05,0.047
juelich_pilot_d30_r5_log_distance_s01_w1,juelich,12345,1,1,log-distance,44,45,veh5,veh0,5,5,0,526.547,0,7.09766,14.0394,-81.1064,15.8698,5,0.05,0.065,0.047
juelich_pilot_d30_r5_log_distance_s01_w1,juelich,12345,1,1,log-distance,44,45,veh5,veh1,5,0,1,913.431,0,7.09766,7.78681,nan,nan,0,0.05,0.05,0.047
juelich_pilot_d30_r5_log_distance_s01_w1,juelich,12345,1,1,log-distance,44,45,veh5,veh10,5,0,1,900.754,0,7.09766,7.8298,nan,nan,0,0.05,0.05,0.047
juelich_pilot_d30_r5_log_distance_s01_w1,juelich,12345,1,1,log-distance,44,45,veh5,veh11,5,0,1,878.587,0,7.09766,7.88734,nan,nan,0,0.05,0.05,0.047
juelich_pilot_d30_r5_log_distance_s01_w1,juelich,12345,1,1,log-distance,44,45,veh5,veh12,5,0,1,983.33,0,7.09766,5.9828,nan,nan,0,0.05,0.05,0.047
juelich_pilot_d30_r5_log_distance_s01_w1,juelich,12345,1,1,log-distance,44,45,veh5,veh13,5,0,1,645.073,0,7.09766,6.34718,nan,nan,0,0.05,0.065,0.047
juelich_pilot_d30_r5_log_distance_s01_w1,juelich,12345,1,1,log-distance,44,45,veh5,veh14,5,0,1,988.448,0,7.09766,13.5759,nan,nan,0,0.05,0.05,0.047
juelich_pilot_d30_r5_log_distance_s01_w1,juelich,12345,1,1,log-distance,44,45,veh5,veh15,5,5,0,202.763,1,7.09766,7.51912,-72.8168,24.1595,5,0.05,0.035,0.047
juelich_pilot_d30_r5_log_distance_s01_w1,juelich,12345,1,1,log-distance,44,45,veh5,veh16,5,0,1,593.91,0,7.09766,2.67332,nan,nan,0,0.05,0.035,0.047
juelich_pilot_d30_r5_log_distance_s01_w1,juelich,12345,1,1,log-distance,44,45,veh5,veh2,5,0,1,807.224,0,7.09766,0,nan,nan,0,0.05,0.03,0.047
juelich_pilot_d30_r5_log_distance_s01_w1,juelich,12345,1,1,log-distance,44,45,veh5,veh3,5,0,1,662.62,0,7.09766,12.1558,nan,nan,0,0.05,0.03,0.047
juelich_pilot_d30_r5_log_distance_s01_w1,juelich,12345,1,1,log-distance,44,45,veh5,veh4,5,0,1,776.452,0,7.09766,9.08214,nan,nan,0,0.05,0.057,0.047
juelich_pilot_d30_r5_log_distance_s01_w1,juelich,12345,1,1,log-distance,44,45,veh5,veh6,5,0,1,893.219,0,7.09766,10.7806,nan,nan,0,0.05,0.05,0.047
juelich_pilot_d30_r5_log_distance_s01_w1,juelich,12345,1,1,log-distance,44,45,veh5,veh7,5,5,0,291.026,1,7.09766,12.7817,-75.9558,21.0204,5,0.05,0.047,0.047
juelich_pilot_d30_r5_log_distance_s01_w1,juelich,12345,1,1,log-distance,44,45,veh5,veh8,5,5,0,568.051,0,7.09766,3.27867,-81.7654,15.2109,5,0.05,0.035,0.047
juelich_pilot_d30_r5_log_distance_s01_w1,juelich,12345,1,1,log-distance,44,45,veh5,veh9,5,0,1,852.728,0,7.09766,7.0892,nan,nan,0,0.05,0.05,0.047
juelich_pilot_d30_r5_log_distance_s01_w1,juelich,12345,1,1,log-distance,44,45,veh6,veh0,5,5,0,467.808,1,10.7806,14.0394,-80.079,16.8972,5,0.05,0.065,0.047
juelich_pilot_d30_r5_log_distance_s01_w1,juelich,12345,1,1,log-distance,44,45,veh6,veh1,5,5,0,304.821,1,10.7806,7.78681,-76.3586,20.6177,5,0.05,0.05,0.047
juelich_pilot_d30_r5_log_distance_s01_w1,juelich,12345,1,1,log-distance,44,45,veh6,veh10,5,5,0,23.6555,1,10.7806,7.8298,-54.1502,42.8261,5,0.05,0.05,0.047
juelich_pilot_d30_r5_log_distance_s01_w1,juelich,12345,1,1,log-distance,44,45,veh6,veh11,5,5,0,251.504,1,10.7806,7.88734,-74.6886,22.2877,5,0.05,0.05,0.047
juelich_pilot_d30_r5_log_distance_s01_w1,juelich,12345,1,1,log-distance,44,45,veh6,veh12,5,5,0,321.904,1,10.7806,5.9828,-76.8316,20.1447,5,0.05,0.05,0.047
juelich_pilot_d30_r5_log_distance_s01_w1,juelich,12345,1,1,log-distance,44,45,veh6,veh13,5,5,0,266.79,1,10.7806,6.34718,-75.2004,21.7758,5,0.05,0.065,0.047
juelich_pilot_d30_r5_log_distance_s01_w1,juelich,12345,1,1,log-distance,44,45,veh6,veh14,5,5,0,444.031,1,10.7806,13.5759,-79.6251,17.3512,5,0.05,0.05,0.047
juelich_pilot_d30_r5_log_distance_s01_w1,juelich,12345,1,1,log-distance,44,45,veh6,veh15,5,0,1,939.433,0,10.7806,7.51912,nan,nan,0,0.05,0.035,0.047
juelich_pilot_d30_r5_log_distance_s01_w1,juelich,12345,1,1,log-distance,44,45,veh6,veh4,5,5,0,124.468,1,10.7806,9.08214,-68.5789,28.3974,5,0.05,0.057,0.047
juelich_pilot_d30_r5_log_distance_s01_w1,juelich,12345,1,1,log-distance,44,45,veh6,veh5,5,0,1,893.219,0,10.7806,7.09766,nan,nan,0,0.05,0.05,0.047
juelich_pilot_d30_r5_log_distance_s01_w1,juelich,12345,1,1,log-distance,44,45,veh6,veh7,5,0,1,950.62,0,10.7806,12.7817,nan,nan,0,0.05,0.047,0.047
juelich_pilot_d30_r5_log_distance_s01_w1,juelich,12345,1,1,log-distance,44,45,veh6,veh9,5,5,0,212.253,1,10.7806,7.0892,-73.2147,23.7616,5,0.05,0.05,0.047
juelich_pilot_d30_r5_log_distance_s01_w1,juelich,12345,1,1,log-distance,44,45,veh7,veh0,5,0,1,707.138,0,12.7817,14.0394,nan,nan,0,0.047,0.065,0.047
juelich_pilot_d30_r5_log_distance_s01_w1,juelich,12345,1,1,log-distance,44,45,veh7,veh1,5,0,1,873.577,0,12.7817,7.78681,nan,nan,0,0.047,0.05,0.047
juelich_pilot_d30_r5_log_distance_s01_w1,juelich,12345,1,1,log-distance,44,45,veh7,veh10,5,0,1,950.935,0,12.7817,7.8298,nan,nan,0,0.047,0.05,0.047
juelich_pilot_d30_r5_log_distance_s01_w1,juelich,12345,1,1,log-distance,44,45,veh7,veh11,5,0,1,856.284,0,12.7817,7.88734,nan,nan,0,0.047,0.05,0.047
juelich_pilot_d30_r5_log_distance_s01_w1,juelich,12345,1,1,log-distance,44,45,veh7,veh13,5,0,1,751.191,0,12.7817,6.34718,nan,nan,0,0.047,0.065,0.047
juelich_pilot_d30_r5_log_distance_s01_w1,juelich,12345,1,1,log-distance,44,45,veh7,veh15,5,5,0,492.217,1,12.7817,7.51912,-80.5208,16.4554,5,0.047,0.035,0.047
juelich_pilot_d30_r5_log_distance_s01_w1,juelich,12345,1,1,log-distance,44,45,veh7,veh16,5,0,1,634.122,0,12.7817,2.67332,nan,nan,0,0.047,0.035,0.047
juelich_pilot_d30_r5_log_distance_s01_w1,juelich,12345,1,1,log-distance,44,45,veh7,veh2,5,5,0,572.64,0,12.7817,0,-81.8352,15.1411,5,0.047,0.03,0.047
juelich_pilot_d30_r5_log_distance_s01_w1,juelich,12345,1,1,log-distance,44,45,veh7,veh3,5,5,0,432.653,1,12.7817,12.1558,-79.4005,17.5758,5,0.047,0.03,0.047
juelich_pilot_d30_r5_log_distance_s01_w1,juelich,12345,1,1,log-distance,44,45,veh7,veh4,5,0,1,826.174,0,12.7817,9.08214,nan,nan,0,0.047,0.057,0.047
juelich_pilot_d30_r5_log_distance_s01_w1,juelich,12345,1,1,log-distance,44,45,veh7,veh5,5,5,0,291.026,1,12.7817,7.09766,-75.9558,21.0204,5,0.047,0.05,0.047
juelich_pilot_d30_r5_log_distance_s01_w1,juelich,12345,1,1,log-distance,44,45,veh7,veh6,5,0,1,950.62,0,12.7817,10.7806,nan,nan,0,0.047,0.05,0.047
juelich_pilot_d30_r5_log_distance_s01_w1,juelich,12345,1,1,log-distance,44,45,veh7,veh8,5,5,0,277.673,1,12.7817,3.27867,-75.5483,21.4279,5,0.047,0.035,0.047
juelich_pilot_d30_r5_log_distance_s01_w1,juelich,12345,1,1,log-distance,44,45,veh7,veh9,5,0,1,844.931,0,12.7817,7.0892,nan,nan,0,0.047,0.05,0.047
juelich_pilot_d30_r5_log_distance_s01_w1,juelich,12345,1,1,log-distance,44,45,veh8,veh0,5,0,1,945.269,0,3.27867,14.0394,nan,nan,0,0.035,0.065,0.047
juelich_pilot_d30_r5_log_distance_s01_w1,juelich,12345,1,1,log-distance,44,45,veh8,veh1,5,0,1,947.742,0,3.27867,7.78681,nan,nan,0,0.035,0.05,0.047
juelich_pilot_d30_r5_log_distance_s01_w1,juelich,12345,1,1,log-distance,44,45,veh8,veh11,5,0,1,947.699,0,3.27867,7.88734,nan,nan,0,0.035,0.05,0.047
juelich_pilot_d30_r5_log_distance_s01_w1,juelich,12345,1,1,log-distance,44,45,veh8,veh13,5,0,1,946.3,0,3.27867,6.34718,nan,nan,0,0.035,0.065,0.047
juelich_pilot_d30_r5_log_distance_s01_w1,juelich,12345,1,1,log-distance,44,45,veh8,veh15,5,0,1,767.614,0,3.27867,7.51912,nan,nan,0,0.035,0.035,0.047
juelich_pilot_d30_r5_log_distance_s01_w1,juelich,12345,1,1,log-distance,44,45,veh8,veh16,5,0,1,758.937,0,3.27867,2.67332,nan,nan,0,0.035,0.035,0.047
juelich_pilot_d30_r5_log_distance_s01_w1,juelich,12345,1,1,log-distance,44,45,veh8,veh2,5,5,0,396.63,1,3.27867,0,-78.6454,18.3309,5,0.035,0.03,0.047
juelich_pilot_d30_r5_log_distance_s01_w1,juelich,12345,1,1,log-distance,44,45,veh8,veh3,5,5,0,297.856,1,3.27867,12.1558,-76.1577,20.8186,5,0.035,0.03,0.047
juelich_pilot_d30_r5_log_distance_s01_w1,juelich,12345,1,1,log-distance,44,45,veh8,veh4,5,0,1,977.743,0,3.27867,9.08214,nan,nan,0,0.035,0.057,0.047
juelich_pilot_d30_r5_log_distance_s01_w1,juelich,12345,1,1,log-distance,44,45,veh8,veh5,5,5,0,568.051,0,3.27867,7.09766,-81.7654,15.2109,5,0.035,0.05,0.047
juelich_pilot_d30_r5_log_distance_s01_w1,juelich,12345,1,1,log-distance,44,45,veh8,veh7,5,5,0,277.673,1,3.27867,12.7817,-75.5483,21.4279,5,0.035,0.047,0.047
juelich_pilot_d30_r5_log_distance_s01_w1,juelich,12345,1,1,log-distance,44,45,veh8,veh9,5,0,1,949.809,0,3.27867,7.0892,nan,nan,0,0.035,0.05,0.047
juelich_pilot_d30_r5_log_distance_s01_w1,juelich,12345,1,1,log-distance,44,45,veh9,veh0,5,5,0,546.236,0,7.0892,14.0394,-81.4253,15.551,5,0.05,0.065,0.047
juelich_pilot_d30_r5_log_distance_s01_w1,juelich,12345,1,1,log-distance,44,45,veh9,veh1,5,5,0,106.379,1,7.0892,7.78681,-67.2148,29.7615,5,0.05,0.05,0.047
juelich_pilot_d30_r5_log_distance_s01_w1,juelich,12345,1,1,log-distance,44,45,veh9,veh10,5,5,0,193.519,1,7.0892,7.8298,-72.4122,24.5641,5,0.05,0.05,0.047
juelich_pilot_d30_r5_log_distance_s01_w1,juelich,12345,1,1,log-distance,44,45,veh9,veh11,5,5,0,46.8033,1,7.0892,7.88734,-60.0831,36.8932,5,0.05,0.05,0.047
juelich_pilot_d30_r5_log_distance_s01_w1,juelich,12345,1,1,log-distance,44,45,veh9,veh12,5,5,0,531.701,0,7.0892,5.9828,-81.1909,15.7854,5,0.05,0.05,0.047
juelich_pilot_d30_r5_log_distance_s01_w1,juelich,12345,1,1,log-distance,44,45,veh9,veh13,5,5,0,342.015,1,7.0892,6.34718,-77.3584,19.6179,5,0.05,0.065,0.047
juelich_pilot_d30_r5_log_distance_s01_w1,juelich,12345,1,1,log-distance,44,45,veh9,veh14,5,0,1,648.355,0,7.0892,13.5759,nan,nan,0,0.05,0.05,0.047
juelich_pilot_d30_r5_log_distance_s01_w1,juelich,12345,1,1,log-distance,44,45,veh9,veh15,5,0,1,943.427,0,7.0892,7.51912,nan,nan,0,0.05,0.035,0.047
juelich_pilot_d30_r5_log_distance_s01_w1,juelich,12345,1,1,log-distance,44,45,veh9,veh4,5,5,0,170.406,1,7.0892,9.08214,-71.3073,25.669,5,0.05,0.057,0.047
juelich_pilot_d30_r5_log_distance_s01_w1,juelich,12345,1,1,log-distance,44,45,veh9,veh5,5,0,1,852.728,0,7.0892,7.09766,nan,nan,0,0.05,0.05,0.047
juelich_pilot_d30_r5_log_distance_s01_w1,juelich,12345,1,1,log-distance,44,45,veh9,veh6,5,5,0,212.253,1,7.0892,10.7806,-73.2147,23.7616,5,0.05,0.05,0.047
juelich_pilot_d30_r5_log_distance_s01_w1,juelich,12345,1,1,log-distance,44,45,veh9,veh7,5,0,1,844.931,0,7.0892,12.7817,nan,nan,0,0.05,0.047,0.047
juelich_pilot_d30_r5_log_distance_s01_w1,juelich,12345,1,1,log-distance,44,45,veh9,veh8,5,0,1,949.809,0,7.0892,3.27867,nan,nan,0,0.05,0.035,0.047
juelich_pilot_d30_r5_log_distance_s01_w1,juelich,12345,1,1,log-distance,45,46,veh0,veh1,5,0,1,652.51,0,14.0462,7.77966,nan,nan,0,0.065,0.05,0.0455
juelich_pilot_d30_r5_log_distance_s01_w1,juelich,12345,1,1,log-distance,45,46,veh0,veh10,5,5,0,491.571,1,14.0462,5.03118,-80.5093,16.467,5,0.065,0.05,0.0455
juelich_pilot_d30_r5_log_distance_s01_w1,juelich,12345,1,1,log-distance,45,46,veh0,veh11,5,0,1,596.153,0,14.0462,7.86775,nan,nan,0,0.065,0.05,0.0455
juelich_pilot_d30_r5_log_distance_s01_w1,juelich,12345,1,1,log-distance,45,46,veh0,veh12,5,5,0,457.913,1,14.0462,7.90747,-79.8934,17.0829,5,0.065,0.05,0.0455
juelich_pilot_d30_r5_log_distance_s01_w1,juelich,12345,1,1,log-distance,45,46,veh0,veh13,5,5,0,225.294,1,14.0462,6.33636,-73.7309,23.2454,5,0.065,0.065,0.0455
juelich_pilot_d30_r5_log_distance_s01_w1,juelich,12345,1,1,log-distance,45,46,veh0,veh14,5,5,0,462.13,1,14.0462,15.5144,-79.973,17.0033,5,0.065,0.05,0.0455
juelich_pilot_d30_r5_log_distance_s01_w1,juelich,12345,1,1,log-distance,45,46,veh0,veh15,5,5,0,492.161,1,14.0462,7.73165,-80.5196,16.4567,5,0.065,0.041,0.0455
juelich_pilot_d30_r5_log_distance_s01_w1,juelich,12345,1,1,log-distance,45,46,veh0,veh4,5,5,0,396.548,1,14.0462,10.508,-78.6436,18.3327,5,0.065,0.063,0.0455
juelich_pilot_d30_r5_log_distance_s01_w1,juelich,12345,1,1,log-distance,45,46,veh0,veh5,5,5,0,527.929,0,14.0462,7.95195,-81.1292,15.8471,5,0.065,0.05,0.0455
juelich_pilot_d30_r5_log_distance_s01_w1,juelich,12345,1,1,log-distance,45,46,veh0,veh6,5,5,0,471.37,1,14.0462,8.41216,-80.1449,16.8314,5,0.065,0.05,0.0455
juelich_pilot_d30_r5_log_distance_s01_w1,juelich,12345,1,1,log-distance,45,46,veh0,veh7,5,0,1,701.677,0,14.0462,12.77,nan,nan,0,0.065,0.051,0.0455
juelich_pilot_d30_r5_log_distance_s01_w1,juelich,12345,1,1,log-distance,45,46,veh0,veh8,5,0,1,950.926,0,14.0462,3.26757,nan,nan,0,0.065,0.035,0.0455
juelich_pilot_d30_r5_log_distance_s01_w1,juelich,12345,1,1,log-distance,45,46,veh0,veh9,5,5,0,552.905,0,14.0462,7.11921,-81.5307,15.4456,5,0.065,0.051,0.0455
juelich_pilot_d30_r5_log_distance_s01_w1,juelich,12345,1,1,log-distance,45,46,veh1,veh0,5,0,1,652.51,0,7.77966,14.0462,nan,nan,0,0.05,0.065,0.0455
juelich_pilot_d30_r5_log_distance_s01_w1,juelich,12345,1,1,log-distance,45,46,veh1,veh10,5,5,0,281.795,1,7.77966,5.03118,-75.6763,21.2999,5,0.05,0.05,0.0455
juelich_pilot_d30_r5_log_distance_s01_w1,juelich,12345,1,1,log-distance,45,46,veh1,veh11,5,5,0,59.6528,1,7.77966,7.86775,-62.1903,34.786,5,0.05,0.05,0.0455
juelich_pilot_d30_r5_log_distance_s01_w1,juelich,12345,1,1,log-distance,45,46,veh1,veh12,5,0,1,615.342,0,7.77966,7.90747,nan,nan,0,0.05,0.05,0.0455
juelich_pilot_d30_r5_log_distance_s01_w1,juelich,12345,1,1,log-distance,45,46,veh1,veh13,5,5,0,436.61,1,7.77966,6.33636,-79.4794,17.4969,5,0.05,0.065,0.0455
juelich_pilot_d30_r5_log_distance_s01_w1,juelich,12345,1,1,log-distance,45,46,veh1,veh14,5,0,1,727.596,0,7.77966,15.5144,nan,nan,0,0.05,0.05,0.0455
juelich_pilot_d30_r5_log_distance_s01_w1,juelich,12345,1,1,log-distance,45,46,veh1,veh4,5,5,0,279.053,1,7.77966,10.508,-75.5914,21.3849,5,0.05,0.063,0.0455
juelich_pilot_d30_r5_log_distance_s01_w1,juelich,12345,1,1,log-distance,45,46,veh1,veh5,5,0,1,904.143,0,7.77966,7.95195,nan,nan,0,0.05,0.05,0.0455
juelich_pilot_d30_r5_log_distance_s01_w1,juelich,12345,1,1,log-distance,45,46,veh1,veh6,5,5,0,306.826,1,7.77966,8.41216,-76.4155,20.5607,5,0.05,0.05,0.0455
juelich_pilot_d30_r5_log_distance_s01_w1,juelich,12345,1,1,log-distance,45,46,veh1,veh7,5,0,1,858.985,0,7.77966,12.77,nan,nan,0,0.05,0.051,0.0455
juelich_pilot_d30_r5_log_distance_s01_w1,juelich,12345,1,1,log-distance,45,46,veh1,veh8,5,0,1,947.251,0,7.77966,3.26757,nan,nan,0,0.05,0.035,0.0455
juelich_pilot_d30_r5_log_distance_s01_w1,juelich,12345,1,1,log-distance,45,46,veh1,veh9,5,5,0,105.705,1,7.77966,7.11921,-67.1596,29.8167,5,0.05,0.051,0.0455
juelich_pilot_d30_r5_log_distance_s01_w1,juelich,12345,1,1,log-distance,45,46,veh10,veh0,5,5,0,491.571,1,5.03118,14.0462,-80.5093,16.467,5,0.05,0.065,0.0455
juelich_pilot_d30_r5_log_distance_s01_w1,juelich,12345,1,1,log-distance,45,46,veh10,veh1,5,5,0,281.795,1,5.03118,7.77966,-75.6763,21.2999,5,0.05,0.05,0.0455
juelich_pilot_d30_r5_log_distance_s01_w1,juelich,12345,1,1,log-distance,45,46,veh10,veh11,5,5,0,229.655,1,5.03118,7.86775,-73.8992,23.0771,5,0.05,0.05,0.0455
juelich_pilot_d30_r5_log_distance_s01_w1,juelich,12345,1,1,log-distance,45,46,veh10,veh12,5,5,0,333.868,1,5.03118,7.90747,-77.1489,19.8273,5,0.05,0.05,0.0455
juelich_pilot_d30_r5_log_distance_s01_w1,juelich,12345,1,1,log-distance,45,46,veh10,veh13,5,5,0,272.615,1,5.03118,6.33636,-75.3884,21.5879,5,0.05,0.065,0.0455
juelich_pilot_d30_r5_log_distance_s01_w1,juelich,12345,1,1,log-distance,45,46,veh10,veh14,5,5,0,447.979,1,5.03118,15.5144,-79.7023,17.274,5,0.05,0.05,0.0455
juelich_pilot_d30_r5_log_distance_s01_w1,juelich,12345,1,1,log-distance,45,46,veh10,veh15,5,0,1,942.489,0,5.03118,7.73165,nan,nan,0,0.05,0.041,0.0455
juelich_pilot_d30_r5_log_distance_s01_w1,juelich,12345,1,1,log-distance,45,46,veh10,veh4,5,5,0,127.373,1,5.03118,10.508,-68.7792,28.1971,5,0.05,0.063,0.0455
juelich_pilot_d30_r5_log_distance_s01_w1,juelich,12345,1,1,log-distance,45,46,veh10,veh5,5,0,1,896.137,0,5.03118,7.95195,nan,nan,0,0.05,0.05,0.0455
juelich_pilot_d30_r5_log_distance_s01_w1,juelich,12345,1,1,log-distance,45,46,veh10,veh6,5,5,0,27.5813,1,5.03118,8.41216,-55.4845,41.4917,5,0.05,0.05,0.0455
juelich_pilot_d30_r5_log_distance_s01_w1,juelich,12345,1,1,log-distance,45,46,veh10,veh7,5,0,1,938.041,0,5.03118,12.77,nan,nan,0,0.05,0.051,0.0455
juelich_pilot_d30_r5_log_distance_s01_w1,juelich,12345,1,1,log-distance,45,46,veh10,veh9,5,5,0,192.784,1,5.03118,7.11921,-72.3791,24.5972,5,0.05,0.051,0.0455
juelich_pilot_d30_r5_log_distance_s01_w1,juelich,12345,1,1,log-distance,45,46,veh11,veh0,5,0,1,596.153,0,7.86775,14.0462,nan,nan,0,0.05,0.065,0.0455
juelich_pilot_d30_r5_log_distance_s01_w1,juelich,12345,1,1,log-distance,45,46,veh11,veh1,5,5,0,59.6528,1,7.86775,7.77966,-62.1903,34.786,5,0.05,0.05,0.0455
juelich_pilot_d30_r5_log_distance_s01_w1,juelich,12345,1,1,log-distance,45,46,veh11,veh10,5,5,0,229.655,1,7.86775,5.03118,-73.8992,23.0771,5,0.05,0.05,0.0455
juelich_pilot_d30_r5_log_distance_s01_w1,juelich,12345,1,1,log-distance,45,46,veh11,veh12,5,5,0,561.351,0,7.86775,7.90747,-81.6622,15.3141,5,0.05,0.05,0.0455
juelich_pilot_d30_r5_log_distance_s01_w1,juelich,12345,1,1,log-distance,45,46,veh11,veh13,5,5,0,378.304,1,7.86775,6.33636,-78.2343,18.742,5,0.05,0.065,0.0455
juelich_pilot_d30_r5_log_distance_s01_w1,juelich,12345,1,1,log-distance,45,46,veh11,veh14,5,0,1,672.001,0,7.86775,15.5144,nan,nan,0,0.05,0.05,0.0455
juelich_pilot_d30_r5_log_distance_s01_w1,juelich,12345,1,1,log-distance,45,46,veh11,veh15,5,0,1,966.244,0,7.86775,7.73165,nan,nan,0,0.05,0.041,0.0455
juelich_pilot_d30_r5_log_distance_s01_w1,juelich,12345,1,1,log-distance,45,46,veh11,veh4,5,5,0,219.401,1,7.86775,10.508,-73.5024,23.4739,5,0.05,0.063,0.0455
juelich_pilot_d30_r5_log_distance_s01_w1,juelich,12345,1,1,log-distance,45,46,veh11,veh5,5,0,1,869.917,0,7.86775,7.95195,nan,nan,0,0.05,0.05,0.0455
juelich_pilot_d30_r5_log_distance_s01_w1,juelich,12345,1,1,log-distance,45,46,veh11,veh6,5,5,0,253.346,1,7.86775,8.41216,-74.752,22.2243,5,0.05,0.05,0.0455
juelich_pilot_d30_r5_log_distance_s01_w1,juelich,12345,1,1,log-distance,45,46,veh11,veh7,5,0,1,841.929,0,7.86775,12.77,nan,nan,0,0.05,0.051,0.0455
juelich_pilot_d30_r5_log_distance_s01_w1,juelich,12345,1,1,log-distance,45,46,veh11,veh8,5,0,1,947.52,0,7.86775,3.26757,nan,nan,0,0.05,0.035,0.0455
juelich_pilot_d30_r5_log_distance_s01_w1,juelich,12345,1,1,log-distance,45,46,veh11,veh9,5,5,0,46.0543,1,7.86775,7.11921,-59.943,37.0333,5,0.05,0.051,0.0455
juelich_pilot_d30_r5_log_distance_s01_w1,juelich,12345,1,1,log-distance,45,46,veh12,veh0,5,5,0,457.913,1,7.90747,14.0462,-79.8934,17.0829,5,0.05,0.065,0.0455
juelich_pilot_d30_r5_log_distance_s01_w1,juelich,12345,1,1,log-distance,45,46,veh12,veh1,5,0,1,615.342,0,7.90747,7.77966,nan,nan,0,0.05,0.05,0.0455
juelich_pilot_d30_r5_log_distance_s01_w1,juelich,12345,1,1,log-distance,45,46,veh12,veh10,5,5,0,333.868,1,7.90747,5.03118,-77.1489,19.8273,5,0.05,0.05,0.0455
juelich_pilot_d30_r5_log_distance_s01_w1,juelich,12345,1,1,log-distance,45,46,veh12,veh11,5,5,0,561.351,0,7.90747,7.86775,-81.6622,15.3141,5,0.05,0.05,0.0455
juelich_pilot_d30_r5_log_distance_s01_w1,juelich,12345,1,1,log-distance,45,46,veh12,veh13,5,5,0,361.584,1,7.90747,6.33636,-77.8414,19.1349,5,0.05,0.065,0.0455
juelich_pilot_d30_r5_log_distance_s01_w1,juelich,12345,1,1,log-distance,45,46,veh12,veh14,5,5,0,119.804,1,7.90747,15.5144,-68.243,28.7333,5,0.05,0.05,0.0455
juelich_pilot_d30_r5_log_distance_s01_w1,juelich,12345,1,1,log-distance,45,46,veh12,veh15,5,0,1,947.912,0,7.90747,7.73165,nan,nan,0,0.05,0.041,0.0455
juelich_pilot_d30_r5_log_distance_s01_w1,juelich,12345,1,1,log-distance,45,46,veh12,veh4,5,5,0,378.63,1,7.90747,10.508,-78.2415,18.7348,5,0.05,0.063,0.0455
juelich_pilot_d30_r5_log_distance_s01_w1,juelich,12345,1,1,log-distance,45,46,veh12,veh5,5,0,1,976.231,0,7.90747,7.95195,nan,nan,0,0.05,0.05,0.0455
juelich_pilot_d30_r5_log_distance_s01_w1,juelich,12345,1,1,log-distance,45,46,veh12,veh6,5,5,0,308.522,1,7.90747,8.41216,-76.4629,20.5134,5,0.05,0.05,0.0455
juelich_pilot_d30_r5_log_distance_s01_w1,juelich,12345,1,1,log-distance,45,46,veh12,veh9,5,5,0,520.796,0,7.90747,7.11921,-81.0109,15.9654,5,0.05,0.051,0.0455
juelich_pilot_d30_r5_log_distance_s01_w1,juelich,12345,1,1,log-distance,45,46,veh13,veh0,5,5,0,225.294,1,6.33636,14.0462,-73.7309,23.2454,5,0.065,0.065,0.0455
juelich_pilot_d30_r5_log_distance_s01_w1,juelich,12345,1,1,log-distance,45,46,veh13,veh1,5,5,0,436.61,1,6.33636,7.77966,-79.4794,17.4969,5,0.065,0.05,0.0455
juelich_pilot_d30_r5_log_distance_s01_w1,juelich,12345,1,1,log-distance,45,46,veh13,veh10,5,5,0,272.615,1,6.33636,5.03118,-75.3884,21.5879,5,0.065,0.05,0.0455
juelich_pilot_d30_r5_log_distance_s01_w1,juelich,12345,1,1,log-distance,45,46,veh13,veh11,5,5,0,378.304,1,6.33636,7.86775,-78.2343,18.742,5,0.065,0.05,0.0455
juelich_pilot_d30_r5_log_distance_s01_w1,juelich,12345,1,1,log-distance,45,46,veh13,veh12,5,5,0,361.584,1,6.33636,7.90747,-77.8414,19.1349,5,0.065,0.05,0.0455
juelich_pilot_d30_r5_log_distance_s01_w1,juelich,12345,1,1,log-distance,45,46,veh13,veh14,5,5,0,423.805,1,6.33636,15.5144,-79.2207,17.7555,5,0.065,0.05,0.0455
juelich_pilot_d30_r5_log_distance_s01_w1,juelich,12345,1,1,log-distance,45,46,veh13,veh15,5,0,1,673.924,0,6.33636,7.73165,nan,nan,0,0.065,0.041,0.0455
juelich_pilot_d30_r5_log_distance_s01_w1,juelich,12345,1,1,log-distance,45,46,veh13,veh4,5,5,0,171.325,1,6.33636,10.508,-71.3522,25.624,5,0.065,0.063,0.0455
juelich_pilot_d30_r5_log_distance_s01_w1,juelich,12345,1,1,log-distance,45,46,veh13,veh5,5,0,1,649.71,0,6.33636,7.95195,nan,nan,0,0.065,0.05,0.0455
juelich_pilot_d30_r5_log_distance_s01_w1,juelich,12345,1,1,log-distance,45,46,veh13,veh6,5,5,0,255.808,1,6.33636,8.41216,-74.8355,22.1408,5,0.065,0.05,0.0455
juelich_pilot_d30_r5_log_distance_s01_w1,juelich,12345,1,1,log-distance,45,46,veh13,veh7,5,0,1,744.904,0,6.33636,12.77,nan,nan,0,0.065,0.051,0.0455
juelich_pilot_d30_r5_log_distance_s01_w1,juelich,12345,1,1,log-distance,45,46,veh13,veh8,5,0,1,950.48,0,6.33636,3.26757,nan,nan,0,0.065,0.035,0.0455
juelich_pilot_d30_r5_log_distance_s01_w1,juelich,12345,1,1,log-distance,45,46,veh13,veh9,5,5,0,333.471,1,6.33636,7.11921,-77.1386,19.8376,5,0.065,0.051,0.0455
juelich_pilot_d30_r5_log_distance_s01_w1,juelich,12345,1,1,log-distance,45,46,veh14,veh0,5,5,0,462.13,1,15.5144,14.0462,-79.973,17.0033,5,0.05,0.065,0.0455
juelich_pilot_d30_r5_log_distance_s01_w1,juelich,12345,1,1,log-distance,45,46,veh14,veh1,5,0,1,727.596,0,15.5144,7.77966,nan,nan,0,0.05,0.05,0.0455
juelich_pilot_d30_r5_log_distance_s01_w1,juelich,12345,1,1,log-distance,45,46,veh14,veh10,5,5,0,447.979,1,15.5144,5.03118,-79.7023,17.274,5,0.05,0.05,0.0455
juelich_pilot_d30_r5_log_distance_s01_w1,juelich,12345,1,1,log-distance,45,46,veh14,veh11,5,0,1,672.001,0,15.5144,7.86775,nan,nan,0,0.05,0.05,0.0455
juelich_pilot_d30_r5_log_distance_s01_w1,juelich,12345,1,1,log-distance,45,46,veh14,veh12,5,5,0,119.804,1,15.5144,7.90747,-68.243,28.7333,5,0.05,0.05,0.0455
juelich_pilot_d30_r5_log_distance_s01_w1,juelich,12345,1,1,log-distance,45,46,veh14,veh13,5,5,0,423.805,1,15.5144,6.33636,-79.2207,17.7555,5,0.05,0.065,0.0455
juelich_pilot_d30_r5_log_distance_s01_w1,juelich,12345,1,1,log-distance,45,46,veh14,veh15,5,0,1,935.679,0,15.5144,7.73165,nan,nan,0,0.05,0.041,0.0455
juelich_pilot_d30_r5_log_distance_s01_w1,juelich,12345,1,1,log-distance,45,46,veh14,veh4,5,5,0,476.786,1,15.5144,10.508,-80.2436,16.7327,5,0.05,0.063,0.0455
juelich_pilot_d30_r5_log_distance_s01_w1,juelich,12345,1,1,log-distance,45,46,veh14,veh5,5,0,1,989.908,0,15.5144,7.95195,nan,nan,0,0.05,0.05,0.0455
juelich_pilot_d30_r5_log_distance_s01_w1,juelich,12345,1,1,log-distance,45,46,veh14,veh6,5,5,0,421.667,1,15.5144,8.41216,-79.1762,17.8001,5,0.05,0.05,0.0455
juelich_pilot_d30_r5_log_distance_s01_w1,juelich,12345,1,1,log-distance,45,46,veh14,veh9,5,0,1,629.824,0,15.5144,7.11921,nan,nan,0,0.05,0.051,0.0455
juelich_pilot_d30_r5_log_distance_s01_w1,juelich,12345,1,1,log-distance,45,46,veh15,veh0,5,5,0,492.161,1,7.73165,14.0462,-80.5196,1.52346,5,0.041,0.065,0.0455
juelich_pilot_d30_r5_log_distance_s01_w1,juelich,12345,1,1,log-distance,45,46,veh15,veh10,5,0,1,942.489,0,7.73165,5.03118,nan,nan,0,0.041,0.05,0.0455
juelich_pilot_d30_r5_log_distance_s01_w1,juelich,12345,1,1,log-distance,45,46,veh15,veh11,5,0,1,966.244,0,7.73165,7.86775,nan,nan,0,0.041,0.05,0.0455
juelich_pilot_d30_r5_log_distance_s01_w1,juelich,12345,1,1,log-distance,45,46,veh15,veh12,5,0,1,947.912,0,7.73165,7.90747,nan,nan,0,0.041,0.05,0.0455
juelich_pilot_d30_r5_log_distance_s01_w1,juelich,12345,1,1,log-distance,45,46,veh15,veh13,5,0,1,673.924,0,7.73165,6.33636,nan,nan,0,0.041,0.065,0.0455
juelich_pilot_d30_r5_log_distance_s01_w1,juelich,12345,1,1,log-distance,45,46,veh15,veh14,5,0,1,935.679,0,7.73165,15.5144,nan,nan,0,0.041,0.05,0.0455
juelich_pilot_d30_r5_log_distance_s01_w1,juelich,12345,1,1,log-distance,45,46,veh15,veh16,5,0,1,621.975,0,7.73165,4.71723,nan,nan,0,0.041,0.035,0.0455
juelich_pilot_d30_r5_log_distance_s01_w1,juelich,12345,1,1,log-distance,45,46,veh15,veh2,5,0,1,979.356,0,7.73165,0,nan,nan,0,0.041,0.03,0.0455
juelich_pilot_d30_r5_log_distance_s01_w1,juelich,12345,1,1,log-distance,45,46,veh15,veh3,5,0,1,825.034,0,7.73165,12.1688,nan,nan,0,0.041,0.033,0.0455
juelich_pilot_d30_r5_log_distance_s01_w1,juelich,12345,1,1,log-distance,45,46,veh15,veh4,5,0,1,823.852,0,7.73165,10.508,nan,nan,0,0.041,0.063,0.0455
juelich_pilot_d30_r5_log_distance_s01_w1,juelich,12345,1,1,log-distance,45,46,veh15,veh5,5,5,0,212.323,1,7.73165,7.95195,-73.2168,11.9539,5,0.041,0.05,0.0455
juelich_pilot_d30_r5_log_distance_s01_w1,juelich,12345,1,1,log-distance,45,46,veh15,veh6,5,0,1,928.361,0,7.73165,8.41216,nan,nan,0,0.041,0.05,0.0455
juelich_pilot_d30_r5_log_distance_s01_w1,juelich,12345,1,1,log-distance,45,46,veh15,veh7,5,5,0,491.773,1,7.73165,12.77,-80.513,4.39182,5,0.041,0.051,0.0455
juelich_pilot_d30_r5_log_distance_s01_w1,juelich,12345,1,1,log-distance,45,46,veh15,veh8,5,0,1,768.321,0,7.73165,3.26757,nan,nan,0,0.041,0.035,0.0455
juelich_pilot_d30_r5_log_distance_s01_w1,juelich,12345,1,1,log-distance,45,46,veh15,veh9,5,0,1,933.671,0,7.73165,7.11921,nan,nan,0,0.041,0.051,0.0455
juelich_pilot_d30_r5_log_distance_s01_w1,juelich,12345,1,1,log-distance,45,46,veh16,veh15,5,0,1,621.975,0,4.71723,7.73165,nan,nan,0,0.035,0.041,0.0455
juelich_pilot_d30_r5_log_distance_s01_w1,juelich,12345,1,1,log-distance,45,46,veh16,veh2,5,0,1,666.013,0,4.71723,0,nan,nan,0,0.035,0.03,0.0455
juelich_pilot_d30_r5_log_distance_s01_w1,juelich,12345,1,1,log-distance,45,46,veh16,veh3,5,5,0,573.866,0,4.71723,12.1688,-81.8539,15.1224,5,0.035,0.033,0.0455
juelich_pilot_d30_r5_log_distance_s01_w1,juelich,12345,1,1,log-distance,45,46,veh16,veh5,5,0,1,593.216,0,4.71723,7.95195,nan,nan,0,0.035,0.05,0.0455
juelich_pilot_d30_r5_log_distance_s01_w1,juelich,12345,1,1,log-distance,45,46,veh16,veh7,5,0,1,640.044,0,4.71723,12.77,nan,nan,0,0.035,0.051,0.0455
juelich_pilot_d30_r5_log_distance_s01_w1,juelich,12345,1,1,log-distance,45,46,veh16,veh8,5,0,1,752.681,0,4.71723,3.26757,nan,nan,0,0.035,0.035,0.0455
juelich_pilot_d30_r5_log_distance_s01_w1,juelich,12345,1,1,log-distance,45,46,veh2,veh15,5,0,1,979.356,0,0,7.73165,nan,nan,0,0.03,0.041,0.0455
juelich_pilot_d30_r5_log_distance_s01_w1,juelich,12345,1,1,log-distance,45,46,veh2,veh16,5,0,1,666.013,0,0,4.71723,nan,nan,0,0.03,0.035,0.0455
juelich_pilot_d30_r5_log_distance_s01_w1,juelich,12345,1,1,log-distance,45,46,veh2,veh3,5,5,0,156.884,1,0,12.1688,-70.5871,26.3891,5,0.03,0.033,0.0455
juelich_pilot_d30_r5_log_distance_s01_w1,juelich,12345,1,1,log-distance,45,46,veh2,veh5,5,0,1,802.891,0,0,7.95195,nan,nan,0,0.03,0.05,0.0455
juelich_pilot_d30_r5_log_distance_s01_w1,juelich,12345,1,1,log-distance,45,46,veh2,veh7,5,2,0.6,584.212,0,0,12.77,-81.9572,15.0191,2,0.03,0.051,0.0455
juelich_pilot_d30_r5_log_distance_s01_w1,juelich,12345,1,1,log-distance,45,46,veh2,veh8,5,5,0,396.963,1,0,3.26757,-78.6527,18.3236,5,0.03,0.035,0.0455
juelich_pilot_d30_r5_log_distance_s01_w1,juelich,12345,1,1,log-distance,45,46,veh3,veh15,5,0,1,825.034,0,12.1688,7.73165,nan,nan,0,0.033,0.041,0.0455
juelich_pilot_d30_r5_log_distance_s01_w1,juelich,12345,1,1,log-distance,45,46,veh3,veh16,5,5,0,573.866,0,12.1688,4.71723,-81.8539,15.1224,5,0.033,0.035,0.0455
juelich_pilot_d30_r5_log_distance_s01_w1,juelich,12345,1,1,log-distance,45,46,veh3,veh2,5,5,0,156.884,1,12.1688,0,-70.5871,26.3891,5,0.033,0.03,0.0455
juelich_pilot_d30_r5_log_distance_s01_w1,juelich,12345,1,1,log-distance,45,46,veh3,veh5,5,0,1,646.115,0,12.1688,7.95195,nan,nan,0,0.033,0.05,0.0455
juelich_pilot_d30_r5_log_distance_s01_w1,juelich,12345,1,1,log-distance,45,46,veh3,veh7,5,5,0,432.649,1,12.1688,12.77,-79.4004,17.5759,5,0.033,0.051,0.0455
juelich_pilot_d30_r5_log_distance_s01_w1,juelich,12345,1,1,log-distance,45,46,veh3,veh8,5,5,0,289.665,1,12.1688,3.26757,-75.9149,21.0613,5,0.033,0.035,0.0455
juelich_pilot_d30_r5_log_distance_s01_w1,juelich,12345,1,1,log-distance,45,46,veh4,veh0,5,5,0,396.548,1,10.508,14.0462,-78.6436,18.3327,5,0.063,0.065,0.0455
juelich_pilot_d30_r5_log_distance_s01_w1,juelich,12345,1,1,log-distance,45,46,veh4,veh1,5,5,0,279.053,1,10.508,7.77966,-75.5914,21.3849,5,0.063,0.05,0.0455
juelich_pilot_d30_r5_log_distance_s01_w1,juelich,12345,1,1,log-distance,45,46,veh4,veh10,5,5,0,127.373,1,10.508,5.03118,-68.7792,28.1971,5,0.063,0.05,0.0455
juelich_pilot_d30_r5_log_distance_s01_w1,juelich,12345,1,1,log-distance,45,46,veh4,veh11,5,5,0,219.401,1,10.508,7.86775,-73.5024,23.4739,5,0.063,0.05,0.0455
juelich_pilot_d30_r5_log_distance_s01_w1,juelich,12345,1,1,log-distance,45,46,veh4,veh12,5,5,0,378.63,1,10.508,7.90747,-78.2415,18.7348,5,0.063,0.05,0.0455
juelich_pilot_d30_r5_log_distance_s01_w1,juelich,12345,1,1,log-distance,45,46,veh4,veh13,5,5,0,171.325,1,10.508,6.33636,-71.3522,25.624,5,0.063,0.065,0.0455
juelich_pilot_d30_r5_log_distance_s01_w1,juelich,12345,1,1,log-distance,45,46,veh4,veh14,5,5,0,476.786,1,10.508,15.5144,-80.2436,16.7327,5,0.063,0.05,0.0455
juelich_pilot_d30_r5_log_distance_s01_w1,juelich,12345,1,1,log-distance,45,46,veh4,veh15,5,0,1,823.852,0,10.508,7.73165,nan,nan,0,0.063,0.041,0.0455
juelich_pilot_d30_r5_log_distance_s01_w1,juelich,12345,1,1,log-distance,45,46,veh4,veh5,5,0,1,769.867,0,10.508,7.95195,nan,nan,0,0.063,0.05,0.0455
juelich_pilot_d30_r5_log_distance_s01_w1,juelich,12345,1,1,log-distance,45,46,veh4,veh6,5,5,0,124.749,1,10.508,8.41216,-68.5985,28.3778,5,0.063,0.05,0.0455
juelich_pilot_d30_r5_log_distance_s01_w1,juelich,12345,1,1,log-distance,45,46,veh4,veh7,5,0,1,813.12,0,10.508,12.77,nan,nan,0,0.063,0.051,0.0455
juelich_pilot_d30_r5_log_distance_s01_w1,juelich,12345,1,1,log-distance,45,46,veh4,veh8,5,0,1,978.94,0,10.508,3.26757,nan,nan,0,0.063,0.035,0.0455
juelich_pilot_d30_r5_log_distance_s01_w1,juelich,12345,1,1,log-distance,45,46,veh4,veh9,5,5,0,173.348,1,10.508,7.11921,-71.4559,25.5203,5,0.063,0.051,0.0455
juelich_pilot_d30_r5_log_distance_s01_w1,juelich,12345,1,1,log-distance,45,46,veh5,veh0,5,5,0,527.929,0,7.95195,14.0462,-81.1292,15.8471,5,0.05,0.065,0.0455
juelich_pilot_d30_r5_log_distance_s01_w1,juelich,12345,1,1,log-distance,45,46,veh5,veh1,5,0,1,904.143,0,7.95195,7.77966,nan,nan,0,0.05,0.05,0.0455
juelich_pilot_d30_r5_log_distance_s01_w1,juelich,12345,1,1,log-distance,45,46,veh5,veh10,5,0,1,896.137,0,7.95195,5.03118,nan,nan,0,0.05,0.05,0.0455
juelich_pilot_d30_r5_log_distance_s01_w1,juelich,12345,1,1,log-distance,45,46,veh5,veh11,5,0,1,869.917,0,7.95195,7.86775,nan,nan,0,0.05,0.05,0.0455
juelich_pilot_d30_r5_log_distance_s01_w1,juelich,12345,1,1,log-distance,45,46,veh5,veh12,5,0,1,976.231,0,7.95195,7.90747,nan,nan,0,0.05,0.05,0.0455
juelich_pilot_d30_r5_log_distance_s01_w1,juelich,12345,1,1,log-distance,45,46,veh5,veh13,5,0,1,649.71,0,7.95195,6.33636,nan,nan,0,0.05,0.065,0.0455
juelich_pilot_d30_r5_log_distance_s01_w1,juelich,12345,1,1,log-distance,45,46,veh5,veh14,5,0,1,989.908,0,7.95195,15.5144,nan,nan,0,0.05,0.05,0.0455
juelich_pilot_d30_r5_log_distance_s01_w1,juelich,12345,1,1,log-distance,45,46,veh5,veh15,5,5,0,212.323,1,7.95195,7.73165,-73.2168,23.7595,5,0.05,0.041,0.0455
juelich_pilot_d30_r5_log_distance_s01_w1,juelich,12345,1,1,log-distance,45,46,veh5,veh16,5,0,1,593.216,0,7.95195,4.71723,nan,nan,0,0.05,0.035,0.0455
juelich_pilot_d30_r5_log_distance_s01_w1,juelich,12345,1,1,log-distance,45,46,veh5,veh2,5,0,1,802.891,0,7.95195,0,nan,nan,0,0.05,0.03,0.0455
juelich_pilot_d30_r5_log_distance_s01_w1,juelich,12345,1,1,log-distance,45,46,veh5,veh3,5,0,1,646.115,0,7.95195,12.1688,nan,nan,0,0.05,0.033,0.0455
juelich_pilot_d30_r5_log_distance_s01_w1,juelich,12345,1,1,log-distance,45,46,veh5,veh4,5,0,1,769.867,0,7.95195,10.508,nan,nan,0,0.05,0.063,0.0455
juelich_pilot_d30_r5_log_distance_s01_w1,juelich,12345,1,1,log-distance,45,46,veh5,veh6,5,0,1,887.732,0,7.95195,8.41216,nan,nan,0,0.05,0.05,0.0455
juelich_pilot_d30_r5_log_distance_s01_w1,juelich,12345,1,1,log-distance,45,46,veh5,veh7,5,5,0,280.099,1,7.95195,12.77,-75.6233,21.3529,5,0.05,0.051,0.0455
juelich_pilot_d30_r5_log_distance_s01_w1,juelich,12345,1,1,log-distance,45,46,veh5,veh8,5,5,0,558.714,0,7.95195,3.26757,-81.6214,15.3549,5,0.05,0.035,0.0455
juelich_pilot_d30_r5_log_distance_s01_w1,juelich,12345,1,1,log-distance,45,46,veh5,veh9,5,0,1,844.93,0,7.95195,7.11921,nan,nan,0,0.05,0.051,0.0455
juelich_pilot_d30_r5_log_distance_s01_w1,juelich,12345,1,1,log-distance,45,46,veh6,veh0,5,5,0,471.37,1,8.41216,14.0462,-80.1449,16.8314,5,0.05,0.065,0.0455
juelich_pilot_d30_r5_log_distance_s01_w1,juelich,12345,1,1,log-distance,45,46,veh6,veh1,5,5,0,306.826,1,8.41216,7.77966,-76.4155,20.5607,5,0.05,0.05,0.0455
juelich_pilot_d30_r5_log_distance_s01_w1,juelich,12345,1,1,log-distance,45,46,veh6,veh10,5,5,0,27.5813,1,8.41216,5.03118,-55.4845,41.4917,5,0.05,0.05,0.0455
juelich_pilot_d30_r5_log_distance_s01_w1,juelich,12345,1,1,log-distance,45,46,veh6,veh11,5,5,0,253.346,1,8.41216,7.86775,-74.752,22.2243,5,0.05,0.05,0.0455
juelich_pilot_d30_r5_log_distance_s01_w1,juelich,12345,1,1,log-distance,45,46,veh6,veh12,5,5,0,308.522,1,8.41216,7.90747,-76.4629,20.5134,5,0.05,0.05,0.0455
juelich_pilot_d30_r5_log_distance_s01_w1,juelich,12345,1,1,log-distance,45,46,veh6,veh13,5,5,0,255.808,1,8.41216,6.33636,-74.8355,22.1408,5,0.05,0.065,0.0455
juelich_pilot_d30_r5_log_distance_s01_w1,juelich,12345,1,1,log-distance,45,46,veh6,veh14,5,5,0,421.667,1,8.41216,15.5144,-79.1762,17.8001,5,0.05,0.05,0.0455
juelich_pilot_d30_r5_log_distance_s01_w1,juelich,12345,1,1,log-distance,45,46,veh6,veh15,5,0,1,928.361,0,8.41216,7.73165,nan,nan,0,0.05,0.041,0.0455
juelich_pilot_d30_r5_log_distance_s01_w1,juelich,12345,1,1,log-distance,45,46,veh6,veh4,5,5,0,124.749,1,8.41216,10.508,-68.5985,28.3778,5,0.05,0.063,0.0455
juelich_pilot_d30_r5_log_distance_s01_w1,juelich,12345,1,1,log-distance,45,46,veh6,veh5,5,0,1,887.732,0,8.41216,7.95195,nan,nan,0,0.05,0.05,0.0455
juelich_pilot_d30_r5_log_distance_s01_w1,juelich,12345,1,1,log-distance,45,46,veh6,veh7,5,0,1,937.861,0,8.41216,12.77,nan,nan,0,0.05,0.051,0.0455
juelich_pilot_d30_r5_log_distance_s01_w1,juelich,12345,1,1,log-distance,45,46,veh6,veh9,5,5,0,214.636,1,8.41216,7.11921,-73.3117,23.6645,5,0.05,0.051,0.0455
juelich_pilot_d30_r5_log_distance_s01_w1,juelich,12345,1,1,log-distance,45,46,veh7,veh0,5,0,1,701.677,0,12.77,14.0462,nan,nan,0,0.051,0.065,0.0455
juelich_pilot_d30_r5_log_distance_s01_w1,juelich,12345,1,1,log-distance,45,46,veh7,veh1,5,0,1,858.985,0,12.77,7.77966,nan,nan,0,0.051,0.05,0.0455
juelich_pilot_d30_r5_log_distance_s01_w1,juelich,12345,1,1,log-distance,45,46,veh7,veh10,5,0,1,938.041,0,12.77,5.03118,nan,nan,0,0.051,0.05,0.0455
juelich_pilot_d30_r5_log_distance_s01_w1,juelich,12345,1,1,log-distance,45,46,veh7,veh11,5,0,1,841.929,0,12.77,7.86775,nan,nan,0,0.051,0.05,0.0455
juelich_pilot_d30_r5_log_distance_s01_w1,juelich,12345,1,1,log-distance,45,46,veh7,veh13,5,0,1,744.904,0,12.77,6.33636,nan,nan,0,0.051,0.065,0.0455
juelich_pilot_d30_r5_log_distance_s01_w1,juelich,12345,1,1,log-distance,45,46,veh7,veh15,5,5,0,491.773,1,12.77,7.73165,-80.513,16.4633,5,0.051,0.041,0.0455
juelich_pilot_d30_r5_log_distance_s01_w1,juelich,12345,1,1,log-distance,45,46,veh7,veh16,5,0,1,640.044,0,12.77,4.71723,nan,nan,0,0.051,0.035,0.0455
juelich_pilot_d30_r5_log_distance_s01_w1,juelich,12345,1,1,log-distance,45,46,veh7,veh2,5,2,0.6,584.212,0,12.77,0,-81.9572,15.0191,2,0.051,0.03,0.0455
juelich_pilot_d30_r5_log_distance_s01_w1,juelich,12345,1,1,log-distance,45,46,veh7,veh3,5,5,0,432.649,1,12.77,12.1688,-79.4004,17.5759,5,0.051,0.033,0.0455
juelich_pilot_d30_r5_log_distance_s01_w1,juelich,12345,1,1,log-distance,45,46,veh7,veh4,5,0,1,813.12,0,12.77,10.508,nan,nan,0,0.051,0.063,0.0455
juelich_pilot_d30_r5_log_distance_s01_w1,juelich,12345,1,1,log-distance,45,46,veh7,veh5,5,5,0,280.099,1,12.77,7.95195,-75.6233,21.3529,5,0.051,0.05,0.0455
juelich_pilot_d30_r5_log_distance_s01_w1,juelich,12345,1,1,log-distance,45,46,veh7,veh6,5,0,1,937.861,0,12.77,8.41216,nan,nan,0,0.051,0.05,0.0455
juelich_pilot_d30_r5_log_distance_s01_w1,juelich,12345,1,1,log-distance,45,46,veh7,veh8,5,5,0,280.686,1,12.77,3.26757,-75.642,21.3342,5,0.051,0.035,0.0455
juelich_pilot_d30_r5_log_distance_s01_w1,juelich,12345,1,1,log-distance,45,46,veh7,veh9,5,0,1,830.887,0,12.77,7.11921,nan,nan,0,0.051,0.051,0.0455
juelich_pilot_d30_r5_log_distance_s01_w1,juelich,12345,1,1,log-distance,45,46,veh8,veh0,5,0,1,950.926,0,3.26757,14.0462,nan,nan,0,0.035,0.065,0.0455
juelich_pilot_d30_r5_log_distance_s01_w1,juelich,12345,1,1,log-distance,45,46,veh8,veh1,5,0,1,947.251,0,3.26757,7.77966,nan,nan,0,0.035,0.05,0.0455
juelich_pilot_d30_r5_log_distance_s01_w1,juelich,12345,1,1,log-distance,45,46,veh8,veh11,5,0,1,947.52,0,3.26757,7.86775,nan,nan,0,0.035,0.05,0.0455
juelich_pilot_d30_r5_log_distance_s01_w1,juelich,12345,1,1,log-distance,45,46,veh8,veh13,5,0,1,950.48,0,3.26757,6.33636,nan,nan,0,0.035,0.065,0.0455
juelich_pilot_d30_r5_log_distance_s01_w1,juelich,12345,1,1,log-distance,45,46,veh8,veh15,5,0,1,768.321,0,3.26757,7.73165,nan,nan,0,0.035,0.041,0.0455
juelich_pilot_d30_r5_log_distance_s01_w1,juelich,12345,1,1,log-distance,45,46,veh8,veh16,5,0,1,752.681,0,3.26757,4.71723,nan,nan,0,0.035,0.035,0.0455
juelich_pilot_d30_r5_log_distance_s01_w1,juelich,12345,1,1,log-distance,45,46,veh8,veh2,5,5,0,396.963,1,3.26757,0,-78.6527,18.3236,5,0.035,0.03,0.0455
juelich_pilot_d30_r5_log_distance_s01_w1,juelich,12345,1,1,log-distance,45,46,veh8,veh3,5,5,0,289.665,1,3.26757,12.1688,-75.9149,21.0613,5,0.035,0.033,0.0455
juelich_pilot_d30_r5_log_distance_s01_w1,juelich,12345,1,1,log-distance,45,46,veh8,veh4,5,0,1,978.94,0,3.26757,10.508,nan,nan,0,0.035,0.063,0.0455
juelich_pilot_d30_r5_log_distance_s01_w1,juelich,12345,1,1,log-distance,45,46,veh8,veh5,5,5,0,558.714,0,3.26757,7.95195,-81.6214,15.3549,5,0.035,0.05,0.0455
juelich_pilot_d30_r5_log_distance_s01_w1,juelich,12345,1,1,log-distance,45,46,veh8,veh7,5,5,0,280.686,1,3.26757,12.77,-75.642,21.3342,5,0.035,0.051,0.0455
juelich_pilot_d30_r5_log_distance_s01_w1,juelich,12345,1,1,log-distance,45,46,veh8,veh9,5,0,1,949.715,0,3.26757,7.11921,nan,nan,0,0.035,0.051,0.0455
juelich_pilot_d30_r5_log_distance_s01_w1,juelich,12345,1,1,log-distance,45,46,veh9,veh0,5,5,0,552.905,0,7.11921,14.0462,-81.5307,15.4456,5,0.051,0.065,0.0455
juelich_pilot_d30_r5_log_distance_s01_w1,juelich,12345,1,1,log-distance,45,46,veh9,veh1,5,5,0,105.705,1,7.11921,7.77966,-67.1596,29.8167,5,0.051,0.05,0.0455
juelich_pilot_d30_r5_log_distance_s01_w1,juelich,12345,1,1,log-distance,45,46,veh9,veh10,5,5,0,192.784,1,7.11921,5.03118,-72.3791,24.5972,5,0.051,0.05,0.0455
juelich_pilot_d30_r5_log_distance_s01_w1,juelich,12345,1,1,log-distance,45,46,veh9,veh11,5,5,0,46.0543,1,7.11921,7.86775,-59.943,37.0333,5,0.051,0.05,0.0455
juelich_pilot_d30_r5_log_distance_s01_w1,juelich,12345,1,1,log-distance,45,46,veh9,veh12,5,5,0,520.796,0,7.11921,7.90747,-81.0109,15.9654,5,0.051,0.05,0.0455
juelich_pilot_d30_r5_log_distance_s01_w1,juelich,12345,1,1,log-distance,45,46,veh9,veh13,5,5,0,333.471,1,7.11921,6.33636,-77.1386,19.8376,5,0.051,0.065,0.0455
juelich_pilot_d30_r5_log_distance_s01_w1,juelich,12345,1,1,log-distance,45,46,veh9,veh14,5,0,1,629.824,0,7.11921,15.5144,nan,nan,0,0.051,0.05,0.0455
juelich_pilot_d30_r5_log_distance_s01_w1,juelich,12345,1,1,log-distance,45,46,veh9,veh15,5,0,1,933.671,0,7.11921,7.73165,nan,nan,0,0.051,0.041,0.0455
juelich_pilot_d30_r5_log_distance_s01_w1,juelich,12345,1,1,log-distance,45,46,veh9,veh4,5,5,0,173.348,1,7.11921,10.508,-71.4559,25.5203,5,0.051,0.063,0.0455
juelich_pilot_d30_r5_log_distance_s01_w1,juelich,12345,1,1,log-distance,45,46,veh9,veh5,5,0,1,844.93,0,7.11921,7.95195,nan,nan,0,0.051,0.05,0.0455
juelich_pilot_d30_r5_log_distance_s01_w1,juelich,12345,1,1,log-distance,45,46,veh9,veh6,5,5,0,214.636,1,7.11921,8.41216,-73.3117,23.6645,5,0.051,0.05,0.0455
juelich_pilot_d30_r5_log_distance_s01_w1,juelich,12345,1,1,log-distance,45,46,veh9,veh7,5,0,1,830.887,0,7.11921,12.77,nan,nan,0,0.051,0.051,0.0455
juelich_pilot_d30_r5_log_distance_s01_w1,juelich,12345,1,1,log-distance,45,46,veh9,veh8,5,0,1,949.715,0,7.11921,3.26757,nan,nan,0,0.051,0.035,0.0455
juelich_pilot_d30_r5_log_distance_s01_w1,juelich,12345,1,1,log-distance,46,47,veh0,veh1,5,0,1,658.752,0,14.0543,7.803,nan,nan,0,0.07,0.05,0.0524444
juelich_pilot_d30_r5_log_distance_s01_w1,juelich,12345,1,1,log-distance,46,47,veh0,veh10,5,5,0,498.538,1,14.0543,6.68943,-80.6316,16.3447,5,0.07,0.05,0.0524444
juelich_pilot_d30_r5_log_distance_s01_w1,juelich,12345,1,1,log-distance,46,47,veh0,veh11,5,0,1,602.509,0,14.0543,6.9854,nan,nan,0,0.07,0.052,0.0524444
juelich_pilot_d30_r5_log_distance_s01_w1,juelich,12345,1,1,log-distance,46,47,veh0,veh12,5,5,0,453.449,1,14.0543,8.46045,-79.8082,17.1681,5,0.07,0.05,0.0524444
juelich_pilot_d30_r5_log_distance_s01_w1,juelich,12345,1,1,log-distance,46,47,veh0,veh13,5,5,0,241.153,1,14.0543,6.31824,-74.3221,22.6542,5,0.07,0.07,0.0524444
juelich_pilot_d30_r5_log_distance_s01_w1,juelich,12345,1,1,log-distance,46,47,veh0,veh14,5,5,0,463.548,1,14.0543,16.1969,-79.9996,16.9767,5,0.07,0.05,0.0524444
juelich_pilot_d30_r5_log_distance_s01_w1,juelich,12345,1,1,log-distance,46,47,veh0,veh15,5,5,0,480.266,1,14.0543,7.70324,-80.3072,16.6691,5,0.07,0.05,0.0524444
juelich_pilot_d30_r5_log_distance_s01_w1,juelich,12345,1,1,log-distance,46,47,veh0,veh17,5,0,1,617.384,0,14.0543,1.17592,nan,nan,0,0.07,0.055,0.0524444
juelich_pilot_d30_r5_log_distance_s01_w1,juelich,12345,1,1,log-distance,46,47,veh0,veh4,5,5,0,400.539,1,14.0543,8.79249,-78.7306,18.2457,5,0.07,0.07,0.0524444
juelich_pilot_d30_r5_log_distance_s01_w1,juelich,12345,1,1,log-distance,46,47,veh0,veh5,5,5,0,527.722,0,14.0543,8.81771,-81.1258,15.8505,5,0.07,0.055,0.0524444
juelich_pilot_d30_r5_log_distance_s01_w1,juelich,12345,1,1,log-distance,46,47,veh0,veh6,5,5,0,477.155,1,14.0543,6.49289,-80.2509,16.7254,5,0.07,0.05,0.0524444
juelich_pilot_d30_r5_log_distance_s01_w1,juelich,12345,1,1,log-distance,46,47,veh0,veh7,5,0,1,696.563,0,14.0543,12.766,nan,nan,0,0.07,0.062,0.0524444
juelich_pilot_d30_r5_log_distance_s01_w1,juelich,12345,1,1,log-distance,46,47,veh0,veh8,5,0,1,957.837,0,14.0543,3.99853,nan,nan,0,0.07,0.04,0.0524444
juelich_pilot_d30_r5_log_distance_s01_w1,juelich,12345,1,1,log-distance,46,47,veh0,veh9,5,5,0,559.705,0,14.0543,7.11432,-81.6368,15.3395,5,0.07,0.055,0.0524444
juelich_pilot_d30_r5_log_distance_s01_w1,juelich,12345,1,1,log-distance,46,47,veh1,veh0,5,0,1,658.752,0,7.803,14.0543,nan,nan,0,0.05,0.07,0.0524444
juelich_pilot_d30_r5_log_distance_s01_w1,juelich,12345,1,1,log-distance,46,47,veh1,veh10,5,5,0,279.985,1,7.803,6.68943,-75.6204,21.3559,5,0.05,0.05,0.0524444
juelich_pilot_d30_r5_log_distance_s01_w1,juelich,12345,1,1,log-distance,46,47,veh1,veh11,5,5,0,59.5055,1,7.803,6.9854,-62.1688,34.8075,5,0.05,0.052,0.0524444
juelich_pilot_d30_r5_log_distance_s01_w1,juelich,12345,1,1,log-distance,46,47,veh1,veh12,5,0,1,603.135,0,7.803,8.46045,nan,nan,0,0.05,0.05,0.0524444
juelich_pilot_d30_r5_log_distance_s01_w1,juelich,12345,1,1,log-distance,46,47,veh1,veh13,5,5,0,427.766,1,7.803,6.31824,-79.3017,17.6746,5,0.05,0.07,0.0524444
juelich_pilot_d30_r5_log_distance_s01_w1,juelich,12345,1,1,log-distance,46,47,veh1,veh14,5,0,1,706.774,0,7.803,16.1969,nan,nan,0,0.05,0.05,0.0524444
juelich_pilot_d30_r5_log_distance_s01_w1,juelich,12345,1,1,log-distance,46,47,veh1,veh15,3,0,1,997.17,0,7.77801,7.68573,nan,nan,0,0.05,0.05,0.0524444
juelich_pilot_d30_r5_log_distance_s01_w1,juelich,12345,1,1,log-distance,46,47,veh1,veh17,5,0,1,886.281,0,7.803,1.17592,nan,nan,0,0.05,0.055,0.0524444
juelich_pilot_d30_r5_log_distance_s01_w1,juelich,12345,1,1,log-distance,46,47,veh1,veh4,5,5,0,279.939,1,7.803,8.79249,-75.6189,21.3573,5,0.05,0.07,0.0524444
juelich_pilot_d30_r5_log_distance_s01_w1,juelich,12345,1,1,log-distance,46,47,veh1,veh5,5,0,1,892.67,0,7.803,8.81771,nan,nan,0,0.05,0.055,0.0524444
juelich_pilot_d30_r5_log_distance_s01_w1,juelich,12345,1,1,log-distance,46,47,veh1,veh6,5,5,0,306.028,1,7.803,6.49289,-76.3929,20.5834,5,0.05,0.05,0.0524444
juelich_pilot_d30_r5_log_distance_s01_w1,juelich,12345,1,1,log-distance,46,47,veh1,veh7,5,0,1,844.414,0,7.803,12.766,nan,nan,0,0.05,0.062,0.0524444
juelich_pilot_d30_r5_log_distance_s01_w1,juelich,12345,1,1,log-distance,46,47,veh1,veh8,5,0,1,948.61,0,7.803,3.99853,nan,nan,0,0.05,0.04,0.0524444
juelich_pilot_d30_r5_log_distance_s01_w1,juelich,12345,1,1,log-distance,46,47,veh1,veh9,5,5,0,105.028,1,7.803,7.11432,-67.1038,29.8725,5,0.05,0.055,0.0524444
juelich_pilot_d30_r5_log_distance_s01_w1,juelich,12345,1,1,log-distance,46,47,veh10,veh0,5,5,0,498.538,1,6.68943,14.0543,-80.6316,16.3447,5,0.05,0.07,0.0524444
juelich_pilot_d30_r5_log_distance_s01_w1,juelich,12345,1,1,log-distance,46,47,veh10,veh1,5,5,0,279.985,1,6.68943,7.803,-75.6204,21.3559,5,0.05,0.05,0.0524444
juelich_pilot_d30_r5_log_distance_s01_w1,juelich,12345,1,1,log-distance,46,47,veh10,veh11,5,5,0,228.08,1,6.68943,6.9854,-73.8394,23.1368,5,0.05,0.052,0.0524444
juelich_pilot_d30_r5_log_distance_s01_w1,juelich,12345,1,1,log-distance,46,47,veh10,veh12,5,5,0,323.656,1,6.68943,8.46045,-76.879,20.0973,5,0.05,0.05,0.0524444
juelich_pilot_d30_r5_log_distance_s01_w1,juelich,12345,1,1,log-distance,46,47,veh10,veh13,5,5,0,264.056,1,6.68943,6.31824,-75.1112,21.8651,5,0.05,0.07,0.0524444
juelich_pilot_d30_r5_log_distance_s01_w1,juelich,12345,1,1,log-distance,46,47,veh10,veh14,5,5,0,428.455,1,6.68943,16.1969,-79.315,17.6613,5,0.05,0.05,0.0524444
juelich_pilot_d30_r5_log_distance_s01_w1,juelich,12345,1,1,log-distance,46,47,veh10,veh15,5,0,1,933.418,0,6.68943,7.70324,nan,nan,0,0.05,0.05,0.0524444
juelich_pilot_d30_r5_log_distance_s01_w1,juelich,12345,1,1,log-distance,46,47,veh10,veh17,5,0,1,922.258,0,6.68943,1.17592,nan,nan,0,0.05,0.055,0.0524444
juelich_pilot_d30_r5_log_distance_s01_w1,juelich,12345,1,1,log-distance,46,47,veh10,veh4,5,5,0,130.336,1,6.68943,8.79249,-68.9783,27.998,5,0.05,0.07,0.0524444
juelich_pilot_d30_r5_log_distance_s01_w1,juelich,12345,1,1,log-distance,46,47,veh10,veh5,5,0,1,889.263,0,6.68943,8.81771,nan,nan,0,0.05,0.055,0.0524444
juelich_pilot_d30_r5_log_distance_s01_w1,juelich,12345,1,1,log-distance,46,47,veh10,veh6,5,5,0,28.8048,1,6.68943,6.49289,-55.8668,41.1095,5,0.05,0.05,0.0524444
juelich_pilot_d30_r5_log_distance_s01_w1,juelich,12345,1,1,log-distance,46,47,veh10,veh7,5,0,1,925.164,0,6.68943,12.766,nan,nan,0,0.05,0.062,0.0524444
juelich_pilot_d30_r5_log_distance_s01_w1,juelich,12345,1,1,log-distance,46,47,veh10,veh9,5,5,0,191.801,1,6.68943,7.11432,-72.3347,24.6416,5,0.05,0.055,0.0524444
juelich_pilot_d30_r5_log_distance_s01_w1,juelich,12345,1,1,log-distance,46,47,veh11,veh0,5,0,1,602.509,0,6.9854,14.0543,nan,nan,0,0.052,0.07,0.0524444
juelich_pilot_d30_r5_log_distance_s01_w1,juelich,12345,1,1,log-distance,46,47,veh11,veh1,5,5,0,59.5055,1,6.9854,7.803,-62.1688,34.8075,5,0.052,0.05,0.0524444
juelich_pilot_d30_r5_log_distance_s01_w1,juelich,12345,1,1,log-distance,46,47,veh11,veh10,5,5,0,228.08,1,6.9854,6.68943,-73.8394,23.1368,5,0.052,0.05,0.0524444
juelich_pilot_d30_r5_log_distance_s01_w1,juelich,12345,1,1,log-distance,46,47,veh11,veh12,5,5,0,549.136,0,6.9854,8.46045,-81.4711,15.5051,5,0.052,0.05,0.0524444
juelich_pilot_d30_r5_log_distance_s01_w1,juelich,12345,1,1,log-distance,46,47,veh11,veh13,5,5,0,369.464,1,6.9854,6.31824,-78.029,18.9473,5,0.052,0.07,0.0524444
juelich_pilot_d30_r5_log_distance_s01_w1,juelich,12345,1,1,log-distance,46,47,veh11,veh14,5,0,1,651.687,0,6.9854,16.1969,nan,nan,0,0.052,0.05,0.0524444
juelich_pilot_d30_r5_log_distance_s01_w1,juelich,12345,1,1,log-distance,46,47,veh11,veh15,5,0,1,956.078,0,6.9854,7.70324,nan,nan,0,0.052,0.05,0.0524444
juelich_pilot_d30_r5_log_distance_s01_w1,juelich,12345,1,1,log-distance,46,47,veh11,veh17,5,0,1,860.251,0,6.9854,1.17592,nan,nan,0,0.052,0.055,0.0524444
juelich_pilot_d30_r5_log_distance_s01_w1,juelich,12345,1,1,log-distance,46,47,veh11,veh4,5,5,0,220.442,1,6.9854,8.79249,-73.5436,23.4327,5,0.052,0.07,0.0524444
juelich_pilot_d30_r5_log_distance_s01_w1,juelich,12345,1,1,log-distance,46,47,veh11,veh5,5,0,1,859.154,0,6.9854,8.81771,nan,nan,0,0.052,0.055,0.0524444
juelich_pilot_d30_r5_log_distance_s01_w1,juelich,12345,1,1,log-distance,46,47,veh11,veh6,5,5,0,252.695,1,6.9854,6.49289,-74.7296,22.2467,5,0.052,0.05,0.0524444
juelich_pilot_d30_r5_log_distance_s01_w1,juelich,12345,1,1,log-distance,46,47,veh11,veh7,5,0,1,827.655,0,6.9854,12.766,nan,nan,0,0.052,0.062,0.0524444
juelich_pilot_d30_r5_log_distance_s01_w1,juelich,12345,1,1,log-distance,46,47,veh11,veh8,5,0,1,949.166,0,6.9854,3.99853,nan,nan,0,0.052,0.04,0.0524444
juelich_pilot_d30_r5_log_distance_s01_w1,juelich,12345,1,1,log-distance,46,47,veh11,veh9,5,5,0,45.5249,1,6.9854,7.11432,-59.8426,37.1336,5,0.052,0.055,0.0524444
juelich_pilot_d30_r5_log_distance_s01_w1,juelich,12345,1,1,log-distance,46,47,veh12,veh0,5,5,0,453.449,1,8.46045,14.0543,-79.8082,17.1681,5,0.05,0.07,0.0524444
juelich_pilot_d30_r5_log_distance_s01_w1,juelich,12345,1,1,log-distance,46,47,veh12,veh1,5,0,1,603.135,0,8.46045,7.803,nan,nan,0,0.05,0.05,0.0524444
juelich_pilot_d30_r5_log_distance_s01_w1,juelich,12345,1,1,log-distance,46,47,veh12,veh10,5,5,0,323.656,1,8.46045,6.68943,-76.879,20.0973,5,0.05,0.05,0.0524444
juelich_pilot_d30_r5_log_distance_s01_w1,juelich,12345,1,1,log-distance,46,47,veh12,veh11,5,5,0,549.136,0,8.46045,6.9854,-81.4711,15.5051,5,0.05,0.052,0.0524444
juelich_pilot_d30_r5_log_distance_s01_w1,juelich,12345,1,1,log-distance,46,47,veh12,veh13,5,5,0,347.439,1,8.46045,6.31824,-77.4947,19.4816,5,0.05,0.07,0.0524444
juelich_pilot_d30_r5_log_distance_s01_w1,juelich,12345,1,1,log-distance,46,47,veh12,veh14,5,5,0,107.077,1,8.46045,16.1969,-67.2673,29.709,5,0.05,0.05,0.0524444
juelich_pilot_d30_r5_log_distance_s01_w1,juelich,12345,1,1,log-distance,46,47,veh12,veh15,5,0,1,933.005,0,8.46045,7.70324,nan,nan,0,0.05,0.05,0.0524444
juelich_pilot_d30_r5_log_distance_s01_w1,juelich,12345,1,1,log-distance,46,47,veh12,veh4,5,5,0,366.916,1,8.46045,8.79249,-77.9689,19.0074,5,0.05,0.07,0.0524444
juelich_pilot_d30_r5_log_distance_s01_w1,juelich,12345,1,1,log-distance,46,47,veh12,veh5,5,0,1,965.519,0,8.46045,8.81771,nan,nan,0,0.05,0.055,0.0524444
juelich_pilot_d30_r5_log_distance_s01_w1,juelich,12345,1,1,log-distance,46,47,veh12,veh6,5,5,0,297.109,1,8.46045,6.49289,-76.1356,20.8407,5,0.05,0.05,0.0524444
juelich_pilot_d30_r5_log_distance_s01_w1,juelich,12345,1,1,log-distance,46,47,veh12,veh9,5,5,0,508.965,0,8.46045,7.11432,-80.8113,16.165,5,0.05,0.055,0.0524444
juelich_pilot_d30_r5_log_distance_s01_w1,juelich,12345,1,1,log-distance,46,47,veh13,veh0,5,5,0,241.153,1,6.31824,14.0543,-74.3221,22.6542,5,0.07,0.07,0.0524444
juelich_pilot_d30_r5_log_distance_s01_w1,juelich,12345,1,1,log-distance,46,47,veh13,veh1,5,5,0,427.766,1,6.31824,7.803,-79.3017,17.6746,5,0.07,0.05,0.0524444
juelich_pilot_d30_r5_log_distance_s01_w1,juelich,12345,1,1,log-distance,46,47,veh13,veh10,5,5,0,264.056,1,6.31824,6.68943,-75.1112,21.8651,5,0.07,0.05,0.0524444
juelich_pilot_d30_r5_log_distance_s01_w1,juelich,12345,1,1,log-distance,46,47,veh13,veh11,5,5,0,369.464,1,6.31824,6.9854,-78.029,18.9473,5,0.07,0.052,0.0524444
juelich_pilot_d30_r5_log_distance_s01_w1,juelich,12345,1,1,log-distance,46,47,veh13,veh12,5,5,0,347.439,1,6.31824,8.46045,-77.4947,19.4816,5,0.07,0.05,0.0524444
juelich_pilot_d30_r5_log_distance_s01_w1,juelich,12345,1,1,log-distance,46,47,veh13,veh14,5,5,0,412.002,1,6.31824,16.1969,-78.9754,18.0009,5,0.07,0.05,0.0524444
juelich_pilot_d30_r5_log_distance_s01_w1,juelich,12345,1,1,log-distance,46,47,veh13,veh15,5,0,1,673.185,0,6.31824,7.70324,nan,nan,0,0.07,0.05,0.0524444
juelich_pilot_d30_r5_log_distance_s01_w1,juelich,12345,1,1,log-distance,46,47,veh13,veh17,5,0,1,705.33,0,6.31824,1.17592,nan,nan,0,0.07,0.055,0.0524444
juelich_pilot_d30_r5_log_distance_s01_w1,juelich,12345,1,1,log-distance,46,47,veh13,veh4,5,5,0,159.545,1,6.31824,8.79249,-70.7337,26.2425,5,0.07,0.07,0.0524444
juelich_pilot_d30_r5_log_distance_s01_w1,juelich,12345,1,1,log-distance,46,47,veh13,veh5,5,0,1,651.953,0,6.31824,8.81771,nan,nan,0,0.07,0.055,0.0524444
juelich_pilot_d30_r5_log_distance_s01_w1,juelich,12345,1,1,log-distance,46,47,veh13,veh6,5,5,0,246.467,1,6.31824,6.49289,-74.5124,22.4639,5,0.07,0.05,0.0524444
juelich_pilot_d30_r5_log_distance_s01_w1,juelich,12345,1,1,log-distance,46,47,veh13,veh7,5,0,1,738.607,0,6.31824,12.766,nan,nan,0,0.07,0.062,0.0524444
juelich_pilot_d30_r5_log_distance_s01_w1,juelich,12345,1,1,log-distance,46,47,veh13,veh8,5,0,1,956.255,0,6.31824,3.99853,nan,nan,0,0.07,0.04,0.0524444
juelich_pilot_d30_r5_log_distance_s01_w1,juelich,12345,1,1,log-distance,46,47,veh13,veh9,5,5,0,325.002,1,6.31824,7.11432,-76.9152,20.0611,5,0.07,0.055,0.0524444
juelich_pilot_d30_r5_log_distance_s01_w1,juelich,12345,1,1,log-distance,46,47,veh14,veh0,5,5,0,463.548,1,16.1969,14.0543,-79.9996,2.33735,5,0.05,0.07,0.0524444
juelich_pilot_d30_r5_log_distance_s01_w1,juelich,12345,1,1,log-distance,46,47,veh14,veh1,5,0,1,706.774,0,16.1969,7.803,nan,nan,0,0.05,0.05,0.0524444
juelich_pilot_d30_r5_log_distance_s01_w1,juelich,12345,1,1,log-distance,46,47,veh14,veh10,5,5,0,428.455,1,16.1969,6.68943,-79.315,6.3279,5,0.05,0.05,0.0524444
juelich_pilot_d30_r5_log_distance_s01_w1,juelich,12345,1,1,log-distance,46,47,veh14,veh11,5,0,1,651.687,0,16.1969,6.9854,nan,nan,0,0.05,0.052,0.0524444
juelich_pilot_d30_r5_log_distance_s01_w1,juelich,12345,1,1,log-distance,46,47,veh14,veh12,5,5,0,107.077,1,16.1969,8.46045,-67.2673,19.3041,5,0.05,0.05,0.0524444
juelich_pilot_d30_r5_log_distance_s01_w1,juelich,12345,1,1,log-distance,46,47,veh14,veh13,5,5,0,412.002,1,16.1969,6.31824,-78.9754,4.47298,5,0.05,0.07,0.0524444
juelich_pilot_d30_r5_log_distance_s01_w1,juelich,12345,1,1,log-distance,46,47,veh14,veh15,5,0,1,932.499,0,16.1969,7.70324,nan,nan,0,0.05,0.05,0.0524444
juelich_pilot_d30_r5_log_distance_s01_w1,juelich,12345,1,1,log-distance,46,47,veh14,veh4,5,5,0,459.554,1,16.1969,8.79249,-79.9242,4.48174,5,0.05,0.07,0.0524444
juelich_pilot_d30_r5_log_distance_s01_w1,juelich,12345,1,1,log-distance,46,47,veh14,veh5,5,0,1,989.229,0,16.1969,8.81771,nan,nan,0,0.05,0.055,0.0524444
juelich_pilot_d30_r5_log_distance_s01_w1,juelich,12345,1,1,log-distance,46,47,veh14,veh6,5,5,0,401.244,1,16.1969,6.49289,-78.745,6.85623,5,0.05,0.05,0.0524444
juelich_pilot_d30_r5_log_distance_s01_w1,juelich,12345,1,1,log-distance,46,47,veh14,veh9,5,0,1,610.38,0,16.1969,7.11432,nan,nan,0,0.05,0.055,0.0524444
juelich_pilot_d30_r5_log_distance_s01_w1,juelich,12345,1,1,log-distance,46,47,veh15,veh0,5,5,0,480.266,1,7.70324,14.0543,-80.3072,1.82502,5,0.05,0.07,0.0524444
juelich_pilot_d30_r5_log_distance_s01_w1,juelich,12345,1,1,log-distance,46,47,veh15,veh1,3,0,1,997.17,0,7.68573,7.77801,nan,nan,0,0.05,0.05,0.0524444
juelich_pilot_d30_r5_log_distance_s01_w1,juelich,12345,1,1,log-distance,46,47,veh15,veh10,5,0,1,933.418,0,7.70324,6.68943,nan,nan,0,0.05,0.05,0.0524444
juelich_pilot_d30_r5_log_distance_s01_w1,juelich,12345,1,1,log-distance,46,47,veh15,veh11,5,0,1,956.078,0,7.70324,6.9854,nan,nan,0,0.05,0.052,0.0524444
juelich_pilot_d30_r5_log_distance_s01_w1,juelich,12345,1,1,log-distance,46,47,veh15,veh12,5,0,1,933.005,0,7.70324,8.46045,nan,nan,0,0.05,0.05,0.0524444
juelich_pilot_d30_r5_log_distance_s01_w1,juelich,12345,1,1,log-distance,46,47,veh15,veh13,5,0,1,673.185,0,7.70324,6.31824,nan,nan,0,0.05,0.07,0.0524444
juelich_pilot_d30_r5_log_distance_s01_w1,juelich,12345,1,1,log-distance,46,47,veh15,veh14,5,0,1,932.499,0,7.70324,16.1969,nan,nan,0,0.05,0.05,0.0524444
juelich_pilot_d30_r5_log_distance_s01_w1,juelich,12345,1,1,log-distance,46,47,veh15,veh16,5,0,1,626.938,0,7.70324,6.68085,nan,nan,0,0.05,0.04,0.0524444
juelich_pilot_d30_r5_log_distance_s01_w1,juelich,12345,1,1,log-distance,46,47,veh15,veh17,5,5,0,346.159,1,7.70324,1.17592,-77.4632,7.61687,5,0.05,0.055,0.0524444
juelich_pilot_d30_r5_log_distance_s01_w1,juelich,12345,1,1,log-distance,46,47,veh15,veh2,5,0,1,985.243,0,7.70324,0,nan,nan,0,0.05,0.035,0.0524444
juelich_pilot_d30_r5_log_distance_s01_w1,juelich,12345,1,1,log-distance,46,47,veh15,veh3,5,0,1,819.124,0,7.70324,12.1714,nan,nan,0,0.05,0.04,0.0524444
juelich_pilot_d30_r5_log_distance_s01_w1,juelich,12345,1,1,log-distance,46,47,veh15,veh4,5,0,1,811.164,0,7.70324,8.79249,nan,nan,0,0.05,0.07,0.0524444
juelich_pilot_d30_r5_log_distance_s01_w1,juelich,12345,1,1,log-distance,46,47,veh15,veh5,5,5,0,221.975,1,7.70324,8.81771,-73.6033,11.4663,5,0.05,0.055,0.0524444
juelich_pilot_d30_r5_log_distance_s01_w1,juelich,12345,1,1,log-distance,46,47,veh15,veh6,5,0,1,918.531,0,7.70324,6.49289,nan,nan,0,0.05,0.05,0.0524444
juelich_pilot_d30_r5_log_distance_s01_w1,juelich,12345,1,1,log-distance,46,47,veh15,veh7,5,5,0,491.26,1,7.70324,12.766,-80.5039,4.26144,5,0.05,0.062,0.0524444
juelich_pilot_d30_r5_log_distance_s01_w1,juelich,12345,1,1,log-distance,46,47,veh15,veh8,5,0,1,769.476,0,7.70324,3.99853,nan,nan,0,0.05,0.04,0.0524444
juelich_pilot_d30_r5_log_distance_s01_w1,juelich,12345,1,1,log-distance,46,47,veh15,veh9,5,0,1,923.805,0,7.70324,7.11432,nan,nan,0,0.05,0.055,0.0524444
juelich_pilot_d30_r5_log_distance_s01_w1,juelich,12345,1,1,log-distance,46,47,veh16,veh15,5,0,1,626.938,0,6.68085,7.70324,nan,nan,0,0.04,0.05,0.0524444
juelich_pilot_d30_r5_log_distance_s01_w1,juelich,12345,1,1,log-distance,46,47,veh16,veh17,5,5,0,576.608,0,6.68085,1.17592,-81.8953,15.081,5,0.04,0.055,0.0524444
juelich_pilot_d30_r5_log_distance_s01_w1,juelich,12345,1,1,log-distance,46,47,veh16,veh2,5,0,1,661.427,0,6.68085,0,nan,nan,0,0.04,0.035,0.0524444
juelich_pilot_d30_r5_log_distance_s01_w1,juelich,12345,1,1,log-distance,46,47,veh16,veh3,5,5,0,564.105,0,6.68085,12.1714,-81.7047,15.2716,5,0.04,0.04,0.0524444
juelich_pilot_d30_r5_log_distance_s01_w1,juelich,12345,1,1,log-distance,46,47,veh16,veh5,5,0,1,593.549,0,6.68085,8.81771,nan,nan,0,0.04,0.055,0.0524444
juelich_pilot_d30_r5_log_distance_s01_w1,juelich,12345,1,1,log-distance,46,47,veh16,veh7,5,0,1,644.195,0,6.68085,12.766,nan,nan,0,0.04,0.062,0.0524444
juelich_pilot_d30_r5_log_distance_s01_w1,juelich,12345,1,1,log-distance,46,47,veh16,veh8,5,0,1,743.449,0,6.68085,3.99853,nan,nan,0,0.04,0.04,0.0524444
juelich_pilot_d30_r5_log_distance_s01_w1,juelich,12345,1,1,log-distance,46,47,veh17,veh0,5,0,1,617.384,0,1.17592,14.0543,nan,nan,0,0.055,0.07,0.0524444
juelich_pilot_d30_r5_log_distance_s01_w1,juelich,12345,1,1,log-distance,46,47,veh17,veh1,5,0,1,886.281,0,1.17592,7.803,nan,nan,0,0.055,0.05,0.0524444
juelich_pilot_d30_r5_log_distance_s01_w1,juelich,12345,1,1,log-distance,46,47,veh17,veh10,5,0,1,922.258,0,1.17592,6.68943,nan,nan,0,0.055,0.05,0.0524444
juelich_pilot_d30_r5_log_distance_s01_w1,juelich,12345,1,1,log-distance,46,47,veh17,veh11,5,0,1,860.251,0,1.17592,6.9854,nan,nan,0,0.055,0.052,0.0524444
juelich_pilot_d30_r5_log_distance_s01_w1,juelich,12345,1,1,log-distance,46,47,veh17,veh13,5,0,1,705.33,0,1.17592,6.31824,nan,nan,0,0.055,0.07,0.0524444
juelich_pilot_d30_r5_log_distance_s01_w1,juelich,12345,1,1,log-distance,46,47,veh17,veh15,5,5,0,346.159,1,1.17592,7.70324,-77.4632,19.5131,5,0.055,0.05,0.0524444
juelich_pilot_d30_r5_log_distance_s01_w1,juelich,12345,1,1,log-distance,46,47,veh17,veh16,5,5,0,576.608,0,1.17592,6.68085,-81.8953,15.081,5,0.055,0.04,0.0524444
juelich_pilot_d30_r5_log_distance_s01_w1,juelich,12345,1,1,log-distance,46,47,veh17,veh2,5,0,1,683.716,0,1.17592,0,nan,nan,0,0.055,0.035,0.0524444
juelich_pilot_d30_r5_log_distance_s01_w1,juelich,12345,1,1,log-distance,46,47,veh17,veh3,5,5,0,514.793,0,1.17592,12.1714,-80.9102,16.0661,5,0.055,0.04,0.0524444
juelich_pilot_d30_r5_log_distance_s01_w1,juelich,12345,1,1,log-distance,46,47,veh17,veh4,5,0,1,792.085,0,1.17592,8.79249,nan,nan,0,0.055,0.07,0.0524444
juelich_pilot_d30_r5_log_distance_s01_w1,juelich,12345,1,1,log-distance,46,47,veh17,veh5,5,5,0,127.205,1,1.17592,8.81771,-68.7674,28.2089,5,0.055,0.055,0.0524444
juelich_pilot_d30_r5_log_distance_s01_w1,juelich,12345,1,1,log-distance,46,47,veh17,veh6,5,0,1,917.501,0,1.17592,6.49289,nan,nan,0,0.055,0.05,0.0524444
juelich_pilot_d30_r5_log_distance_s01_w1,juelich,12345,1,1,log-distance,46,47,veh17,veh7,5,5,0,147.551,1,1.17592,12.766,-70.0566,26.9197,5,0.055,0.062,0.0524444
juelich_pilot_d30_r5_log_distance_s01_w1,juelich,12345,1,1,log-distance,46,47,veh17,veh8,5,5,0,423.728,1,1.17592,3.99853,-79.2194,17.7569,5,0.055,0.04,0.0524444
juelich_pilot_d30_r5_log_distance_s01_w1,juelich,12345,1,1,log-distance,46,47,veh17,veh9,5,0,1,842.035,0,1.17592,7.11432,nan,nan,0,0.055,0.055,0.0524444
juelich_pilot_d30_r5_log_distance_s01_w1,juelich,12345,1,1,log-distance,46,47,veh2,veh15,5,0,1,985.243,0,0,7.70324,nan,nan,0,0.035,0.05,0.0524444
juelich_pilot_d30_r5_log_distance_s01_w1,juelich,12345,1,1,log-distance,46,47,veh2,veh16,5,0,1,661.427,0,0,6.68085,nan,nan,0,0.035,0.04,0.0524444
juelich_pilot_d30_r5_log_distance_s01_w1,juelich,12345,1,1,log-distance,46,47,veh2,veh17,5,0,1,683.716,0,0,1.17592,nan,nan,0,0.035,0.055,0.0524444
juelich_pilot_d30_r5_log_distance_s01_w1,juelich,12345,1,1,log-distance,46,47,veh2,veh3,5,5,0,169.077,1,0,12.1714,-71.2376,25.7387,5,0.035,0.04,0.0524444
juelich_pilot_d30_r5_log_distance_s01_w1,juelich,12345,1,1,log-distance,46,47,veh2,veh5,5,0,1,800.031,0,0,8.81771,nan,nan,0,0.035,0.055,0.0524444
juelich_pilot_d30_r5_log_distance_s01_w1,juelich,12345,1,1,log-distance,46,47,veh2,veh7,5,0,1,595.826,0,0,12.766,nan,nan,0,0.035,0.062,0.0524444
juelich_pilot_d30_r5_log_distance_s01_w1,juelich,12345,1,1,log-distance,46,47,veh2,veh8,5,5,0,395.497,1,0,3.99853,-78.6206,18.3557,5,0.035,0.04,0.0524444
juelich_pilot_d30_r5_log_distance_s01_w1,juelich,12345,1,1,log-distance,46,47,veh3,veh15,5,0,1,819.124,0,12.1714,7.70324,nan,nan,0,0.04,0.05,0.0524444
juelich_pilot_d30_r5_log_distance_s01_w1,juelich,12345,1,1,log-distance,46,47,veh3,veh16,5,5,0,564.105,0,12.1714,6.68085,-81.7047,15.2716,5,0.04,0.04,0.0524444
juelich_pilot_d30_r5_log_distance_s01_w1,juelich,12345,1,1,log-distance,46,47,veh3,veh17,5,5,0,514.793,0,12.1714,1.17592,-80.9102,16.0661,5,0.04,0.055,0.0524444
juelich_pilot_d30_r5_log_distance_s01_w1,juelich,12345,1,1,log-distance,46,47,veh3,veh2,5,5,0,169.077,1,12.1714,0,-71.2376,25.7387,5,0.04,0.035,0.0524444
juelich_pilot_d30_r5_log_distance_s01_w1,juelich,12345,1,1,log-distance,46,47,veh3,veh5,5,0,1,631.069,0,12.1714,8.81771,nan,nan,0,0.04,0.055,0.0524444
juelich_pilot_d30_r5_log_distance_s01_w1,juelich,12345,1,1,log-distance,46,47,veh3,veh7,5,5,0,432.549,1,12.1714,12.766,-79.3984,17.5779,5,0.04,0.062,0.0524444
juelich_pilot_d30_r5_log_distance_s01_w1,juelich,12345,1,1,log-distance,46,47,veh3,veh8,5,5,0,279.313,1,12.1714,3.99853,-75.5991,21.3771,5,0.04,0.04,0.0524444
juelich_pilot_d30_r5_log_distance_s01_w1,juelich,12345,1,1,log-distance,46,47,veh4,veh0,5,5,0,400.539,1,8.79249,14.0543,-78.7306,18.2457,5,0.07,0.07,0.0524444
juelich_pilot_d30_r5_log_distance_s01_w1,juelich,12345,1,1,log-distance,46,47,veh4,veh1,5,5,0,279.939,1,8.79249,7.803,-75.6189,21.3573,5,0.07,0.05,0.0524444
juelich_pilot_d30_r5_log_distance_s01_w1,juelich,12345,1,1,log-distance,46,47,veh4,veh10,5,5,0,130.336,1,8.79249,6.68943,-68.9783,27.998,5,0.07,0.05,0.0524444
juelich_pilot_d30_r5_log_distance_s01_w1,juelich,12345,1,1,log-distance,46,47,veh4,veh11,5,5,0,220.442,1,8.79249,6.9854,-73.5436,23.4327,5,0.07,0.052,0.0524444
juelich_pilot_d30_r5_log_distance_s01_w1,juelich,12345,1,1,log-distance,46,47,veh4,veh12,5,5,0,366.916,1,8.79249,8.46045,-77.9689,19.0074,5,0.07,0.05,0.0524444
juelich_pilot_d30_r5_log_distance_s01_w1,juelich,12345,1,1,log-distance,46,47,veh4,veh13,5,5,0,159.545,1,8.79249,6.31824,-70.7337,26.2425,5,0.07,0.07,0.0524444
juelich_pilot_d30_r5_log_distance_s01_w1,juelich,12345,1,1,log-distance,46,47,veh4,veh14,5,5,0,459.554,1,8.79249,16.1969,-79.9242,17.0521,5,0.07,0.05,0.0524444
juelich_pilot_d30_r5_log_distance_s01_w1,juelich,12345,1,1,log-distance,46,47,veh4,veh15,5,0,1,811.164,0,8.79249,7.70324,nan,nan,0,0.07,0.05,0.0524444
juelich_pilot_d30_r5_log_distance_s01_w1,juelich,12345,1,1,log-distance,46,47,veh4,veh17,5,0,1,792.085,0,8.79249,1.17592,nan,nan,0,0.07,0.055,0.0524444
juelich_pilot_d30_r5_log_distance_s01_w1,juelich,12345,1,1,log-distance,46,47,veh4,veh5,5,0,1,759.539,0,8.79249,8.81771,nan,nan,0,0.07,0.055,0.0524444
juelich_pilot_d30_r5_log_distance_s01_w1,juelich,12345,1,1,log-distance,46,47,veh4,veh6,5,5,0,126.977,1,8.79249,6.49289,-68.7516,28.2246,5,0.07,0.05,0.0524444
juelich_pilot_d30_r5_log_distance_s01_w1,juelich,12345,1,1,log-distance,46,47,veh4,veh7,5,0,1,798.032,0,8.79249,12.766,nan,nan,0,0.07,0.062,0.0524444
juelich_pilot_d30_r5_log_distance_s01_w1,juelich,12345,1,1,log-distance,46,47,veh4,veh8,5,0,1,979.465,0,8.79249,3.99853,nan,nan,0,0.07,0.04,0.0524444
juelich_pilot_d30_r5_log_distance_s01_w1,juelich,12345,1,1,log-distance,46,47,veh4,veh9,5,5,0,174.918,1,8.79249,7.11432,-71.5344,25.4419,5,0.07,0.055,0.0524444
juelich_pilot_d30_r5_log_distance_s01_w1,juelich,12345,1,1,log-distance,46,47,veh5,veh0,5,5,0,527.722,0,8.81771,14.0543,-81.1258,15.8505,5,0.055,0.07,0.0524444
juelich_pilot_d30_r5_log_distance_s01_w1,juelich,12345,1,1,log-distance,46,47,veh5,veh1,5,0,1,892.67,0,8.81771,7.803,nan,nan,0,0.055,0.05,0.0524444
juelich_pilot_d30_r5_log_distance_s01_w1,juelich,12345,1,1,log-distance,46,47,veh5,veh10,5,0,1,889.263,0,8.81771,6.68943,nan,nan,0,0.055,0.05,0.0524444
juelich_pilot_d30_r5_log_distance_s01_w1,juelich,12345,1,1,log-distance,46,47,veh5,veh11,5,0,1,859.154,0,8.81771,6.9854,nan,nan,0,0.055,0.052,0.0524444
juelich_pilot_d30_r5_log_distance_s01_w1,juelich,12345,1,1,log-distance,46,47,veh5,veh12,5,0,1,965.519,0,8.81771,8.46045,nan,nan,0,0.055,0.05,0.0524444
juelich_pilot_d30_r5_log_distance_s01_w1,juelich,12345,1,1,log-distance,46,47,veh5,veh13,5,0,1,651.953,0,8.81771,6.31824,nan,nan,0,0.055,0.07,0.0524444
juelich_pilot_d30_r5_log_distance_s01_w1,juelich,12345,1,1,log-distance,46,47,veh5,veh14,5,0,1,989.229,0,8.81771,16.1969,nan,nan,0,0.055,0.05,0.0524444
juelich_pilot_d30_r5_log_distance_s01_w1,juelich,12345,1,1,log-distance,46,47,veh5,veh15,5,5,0,221.975,1,8.81771,7.70324,-73.6033,23.373,5,0.055,0.05,0.0524444
juelich_pilot_d30_r5_log_distance_s01_w1,juelich,12345,1,1,log-distance,46,47,veh5,veh16,5,0,1,593.549,0,8.81771,6.68085,nan,nan,0,0.055,0.04,0.0524444
juelich_pilot_d30_r5_log_distance_s01_w1,juelich,12345,1,1,log-distance,46,47,veh5,veh17,5,5,0,127.205,1,8.81771,1.17592,-68.7674,28.2089,5,0.055,0.055,0.0524444
juelich_pilot_d30_r5_log_distance_s01_w1,juelich,12345,1,1,log-distance,46,47,veh5,veh2,5,0,1,800.031,0,8.81771,0,nan,nan,0,0.055,0.035,0.0524444
juelich_pilot_d30_r5_log_distance_s01_w1,juelich,12345,1,1,log-distance,46,47,veh5,veh3,5,0,1,631.069,0,8.81771,12.1714,nan,nan,0,0.055,0.04,0.0524444
juelich_pilot_d30_r5_log_distance_s01_w1,juelich,12345,1,1,log-distance,46,47,veh5,veh4,5,0,1,759.539,0,8.81771,8.79249,nan,nan,0,0.055,0.07,0.0524444
juelich_pilot_d30_r5_log_distance_s01_w1,juelich,12345,1,1,log-distance,46,47,veh5,veh6,5,0,1,880.708,0,8.81771,6.49289,nan,nan,0,0.055,0.05,0.0524444
juelich_pilot_d30_r5_log_distance_s01_w1,juelich,12345,1,1,log-distance,46,47,veh5,veh7,5,5,0,269.533,1,8.81771,12.766,-75.2896,21.6867,5,0.055,0.062,0.0524444
juelich_pilot_d30_r5_log_distance_s01_w1,juelich,12345,1,1,log-distance,46,47,veh5,veh8,5,5,0,550.352,0,8.81771,3.99853,-81.4905,15.4858,5,0.055,0.04,0.0524444
juelich_pilot_d30_r5_log_distance_s01_w1,juelich,12345,1,1,log-distance,46,47,veh5,veh9,5,0,1,834.914,0,8.81771,7.11432,nan,nan,0,0.055,0.055,0.0524444
juelich_pilot_d30_r5_log_distance_s01_w1,juelich,12345,1,1,log-distance,46,47,veh6,veh0,5,5,0,477.155,1,6.49289,14.0543,-80.2509,16.7254,5,0.05,0.07,0.0524444
juelich_pilot_d30_r5_log_distance_s01_w1,juelich,12345,1,1,log-distance,46,47,veh6,veh1,5,5,0,306.028,1,6.49289,7.803,-76.3929,20.5834,5,0.05,0.05,0.0524444
juelich_pilot_d30_r5_log_distance_s01_w1,juelich,12345,1,1,log-distance,46,47,veh6,veh10,5,5,0,28.8048,1,6.49289,6.68943,-55.8668,41.1095,5,0.05,0.05,0.0524444
juelich_pilot_d30_r5_log_distance_s01_w1,juelich,12345,1,1,log-distance,46,47,veh6,veh11,5,5,0,252.695,1,6.49289,6.9854,-74.7296,22.2467,5,0.05,0.052,0.0524444
juelich_pilot_d30_r5_log_distance_s01_w1,juelich,12345,1,1,log-distance,46,47,veh6,veh12,5,5,0,297.109,1,6.49289,8.46045,-76.1356,20.8407,5,0.05,0.05,0.0524444
juelich_pilot_d30_r5_log_distance_s01_w1,juelich,12345,1,1,log-distance,46,47,veh6,veh13,5,5,0,246.467,1,6.49289,6.31824,-74.5124,22.4639,5,0.05,0.07,0.0524444
juelich_pilot_d30_r5_log_distance_s01_w1,juelich,12345,1,1,log-distance,46,47,veh6,veh14,5,5,0,401.244,1,6.49289,16.1969,-78.745,18.2312,5,0.05,0.05,0.0524444
juelich_pilot_d30_r5_log_distance_s01_w1,juelich,12345,1,1,log-distance,46,47,veh6,veh15,5,0,1,918.531,0,6.49289,7.70324,nan,nan,0,0.05,0.05,0.0524444
juelich_pilot_d30_r5_log_distance_s01_w1,juelich,12345,1,1,log-distance,46,47,veh6,veh17,5,0,1,917.501,0,6.49289,1.17592,nan,nan,0,0.05,0.055,0.0524444
juelich_pilot_d30_r5_log_distance_s01_w1,juelich,12345,1,1,log-distance,46,47,veh6,veh4,5,5,0,126.977,1,6.49289,8.79249,-68.7516,28.2246,5,0.05,0.07,0.0524444
juelich_pilot_d30_r5_log_distance_s01_w1,juelich,12345,1,1,log-distance,46,47,veh6,veh5,5,0,1,880.708,0,6.49289,8.81771,nan,nan,0,0.05,0.055,0.0524444
juelich_pilot_d30_r5_log_distance_s01_w1,juelich,12345,1,1,log-distance,46,47,veh6,veh7,5,0,1,924.994,0,6.49289,12.766,nan,nan,0,0.05,0.062,0.0524444
juelich_pilot_d30_r5_log_distance_s01_w1,juelich,12345,1,1,log-distance,46,47,veh6,veh9,5,5,0,214.474,1,6.49289,7.11432,-73.3052,23.6711,5,0.05,0.055,0.0524444
juelich_pilot_d30_r5_log_distance_s01_w1,juelich,12345,1,1,log-distance,46,47,veh7,veh0,5,0,1,696.563,0,12.766,14.0543,nan,nan,0,0.062,0.07,0.0524444
juelich_pilot_d30_r5_log_distance_s01_w1,juelich,12345,1,1,log-distance,46,47,veh7,veh1,5,0,1,844.414,0,12.766,7.803,nan,nan,0,0.062,0.05,0.0524444
juelich_pilot_d30_r5_log_distance_s01_w1,juelich,12345,1,1,log-distance,46,47,veh7,veh10,5,0,1,925.164,0,12.766,6.68943,nan,nan,0,0.062,0.05,0.0524444
juelich_pilot_d30_r5_log_distance_s01_w1,juelich,12345,1,1,log-distance,46,47,veh7,veh11,5,0,1,827.655,0,12.766,6.9854,nan,nan,0,0.062,0.052,0.0524444
juelich_pilot_d30_r5_log_distance_s01_w1,juelich,12345,1,1,log-distance,46,47,veh7,veh13,5,0,1,738.607,0,12.766,6.31824,nan,nan,0,0.062,0.07,0.0524444
juelich_pilot_d30_r5_log_distance_s01_w1,juelich,12345,1,1,log-distance,46,47,veh7,veh15,5,5,0,491.26,1,12.766,7.70324,-80.5039,16.4724,5,0.062,0.05,0.0524444
juelich_pilot_d30_r5_log_distance_s01_w1,juelich,12345,1,1,log-distance,46,47,veh7,veh16,5,0,1,644.195,0,12.766,6.68085,nan,nan,0,0.062,0.04,0.0524444
juelich_pilot_d30_r5_log_distance_s01_w1,juelich,12345,1,1,log-distance,46,47,veh7,veh17,5,5,0,147.551,1,12.766,1.17592,-70.0566,26.9197,5,0.062,0.055,0.0524444
juelich_pilot_d30_r5_log_distance_s01_w1,juelich,12345,1,1,log-distance,46,47,veh7,veh2,5,0,1,595.826,0,12.766,0,nan,nan,0,0.062,0.035,0.0524444
juelich_pilot_d30_r5_log_distance_s01_w1,juelich,12345,1,1,log-distance,46,47,veh7,veh3,5,5,0,432.549,1,12.766,12.1714,-79.3984,17.5779,5,0.062,0.04,0.0524444
juelich_pilot_d30_r5_log_distance_s01_w1,juelich,12345,1,1,log-distance,46,47,veh7,veh4,5,0,1,798.032,0,12.766,8.79249,nan,nan,0,0.062,0.07,0.0524444
juelich_pilot_d30_r5_log_distance_s01_w1,juelich,12345,1,1,log-distance,46,47,veh7,veh5,5,5,0,269.533,1,12.766,8.81771,-75.2896,21.6867,5,0.062,0.055,0.0524444
juelich_pilot_d30_r5_log_distance_s01_w1,juelich,12345,1,1,log-distance,46,47,veh7,veh6,5,0,1,924.994,0,12.766,6.49289,nan,nan,0,0.062,0.05,0.0524444
juelich_pilot_d30_r5_log_distance_s01_w1,juelich,12345,1,1,log-distance,46,47,veh7,veh8,5,5,0,285.022,1,12.766,3.99853,-75.7752,21.2011,5,0.062,0.04,0.0524444
juelich_pilot_d30_r5_log_distance_s01_w1,juelich,12345,1,1,log-distance,46,47,veh7,veh9,5,0,1,816.899,0,12.766,7.11432,nan,nan,0,0.062,0.055,0.0524444
juelich_pilot_d30_r5_log_distance_s01_w1,juelich,12345,1,1,log-distance,46,47,veh8,veh0,5,0,1,957.837,0,3.99853,14.0543,nan,nan,0,0.04,0.07,0.0524444
juelich_pilot_d30_r5_log_distance_s01_w1,juelich,12345,1,1,log-distance,46,47,veh8,veh1,5,0,1,948.61,0,3.99853,7.803,nan,nan,0,0.04,0.05,0.0524444
juelich_pilot_d30_r5_log_distance_s01_w1,juelich,12345,1,1,log-distance,46,47,veh8,veh11,5,0,1,949.166,0,3.99853,6.9854,nan,nan,0,0.04,0.052,0.0524444
juelich_pilot_d30_r5_log_distance_s01_w1,juelich,12345,1,1,log-distance,46,47,veh8,veh13,5,0,1,956.255,0,3.99853,6.31824,nan,nan,0,0.04,0.07,0.0524444
juelich_pilot_d30_r5_log_distance_s01_w1,juelich,12345,1,1,log-distance,46,47,veh8,veh15,5,0,1,769.476,0,3.99853,7.70324,nan,nan,0,0.04,0.05,0.0524444
juelich_pilot_d30_r5_log_distance_s01_w1,juelich,12345,1,1,log-distance,46,47,veh8,veh16,5,0,1,743.449,0,3.99853,6.68085,nan,nan,0,0.04,0.04,0.0524444
juelich_pilot_d30_r5_log_distance_s01_w1,juelich,12345,1,1,log-distance,46,47,veh8,veh17,5,5,0,423.728,1,3.99853,1.17592,-79.2194,17.7569,5,0.04,0.055,0.0524444
juelich_pilot_d30_r5_log_distance_s01_w1,juelich,12345,1,1,log-distance,46,47,veh8,veh2,5,5,0,395.497,1,3.99853,0,-78.6206,18.3557,5,0.04,0.035,0.0524444
juelich_pilot_d30_r5_log_distance_s01_w1,juelich,12345,1,1,log-distance,46,47,veh8,veh3,5,5,0,279.313,1,3.99853,12.1714,-75.5991,21.3771,5,0.04,0.04,0.0524444
juelich_pilot_d30_r5_log_distance_s01_w1,juelich,12345,1,1,log-distance,46,47,veh8,veh4,5,0,1,979.465,0,3.99853,8.79249,nan,nan,0,0.04,0.07,0.0524444
juelich_pilot_d30_r5_log_distance_s01_w1,juelich,12345,1,1,log-distance,46,47,veh8,veh5,5,5,0,550.352,0,3.99853,8.81771,-81.4905,15.4858,5,0.04,0.055,0.0524444
juelich_pilot_d30_r5_log_distance_s01_w1,juelich,12345,1,1,log-distance,46,47,veh8,veh7,5,5,0,285.022,1,3.99853,12.766,-75.7752,21.2011,5,0.04,0.062,0.0524444
juelich_pilot_d30_r5_log_distance_s01_w1,juelich,12345,1,1,log-distance,46,47,veh8,veh9,5,0,1,951.464,0,3.99853,7.11432,nan,nan,0,0.04,0.055,0.0524444
juelich_pilot_d30_r5_log_distance_s01_w1,juelich,12345,1,1,log-distance,46,47,veh9,veh0,5,5,0,559.705,0,7.11432,14.0543,-81.6368,15.3395,5,0.055,0.07,0.0524444
juelich_pilot_d30_r5_log_distance_s01_w1,juelich,12345,1,1,log-distance,46,47,veh9,veh1,5,5,0,105.028,1,7.11432,7.803,-67.1038,29.8725,5,0.055,0.05,0.0524444
juelich_pilot_d30_r5_log_distance_s01_w1,juelich,12345,1,1,log-distance,46,47,veh9,veh10,5,5,0,191.801,1,7.11432,6.68943,-72.3347,24.6416,5,0.055,0.05,0.0524444
juelich_pilot_d30_r5_log_distance_s01_w1,juelich,12345,1,1,log-distance,46,47,veh9,veh11,5,5,0,45.5249,1,7.11432,6.9854,-59.8426,37.1336,5,0.055,0.052,0.0524444
juelich_pilot_d30_r5_log_distance_s01_w1,juelich,12345,1,1,log-distance,46,47,veh9,veh12,5,5,0,508.965,0,7.11432,8.46045,-80.8113,16.165,5,0.055,0.05,0.0524444
juelich_pilot_d30_r5_log_distance_s01_w1,juelich,12345,1,1,log-distance,46,47,veh9,veh13,5,5,0,325.002,1,7.11432,6.31824,-76.9152,20.0611,5,0.055,0.07,0.0524444
juelich_pilot_d30_r5_log_distance_s01_w1,juelich,12345,1,1,log-distance,46,47,veh9,veh14,5,0,1,610.38,0,7.11432,16.1969,nan,nan,0,0.055,0.05,0.0524444
juelich_pilot_d30_r5_log_distance_s01_w1,juelich,12345,1,1,log-distance,46,47,veh9,veh15,5,0,1,923.805,0,7.11432,7.70324,nan,nan,0,0.055,0.05,0.0524444
juelich_pilot_d30_r5_log_distance_s01_w1,juelich,12345,1,1,log-distance,46,47,veh9,veh17,5,0,1,842.035,0,7.11432,1.17592,nan,nan,0,0.055,0.055,0.0524444
juelich_pilot_d30_r5_log_distance_s01_w1,juelich,12345,1,1,log-distance,46,47,veh9,veh4,5,5,0,174.918,1,7.11432,8.79249,-71.5344,25.4419,5,0.055,0.07,0.0524444
juelich_pilot_d30_r5_log_distance_s01_w1,juelich,12345,1,1,log-distance,46,47,veh9,veh5,5,0,1,834.914,0,7.11432,8.81771,nan,nan,0,0.055,0.055,0.0524444
juelich_pilot_d30_r5_log_distance_s01_w1,juelich,12345,1,1,log-distance,46,47,veh9,veh6,5,5,0,214.474,1,7.11432,6.49289,-73.3052,23.6711,5,0.055,0.05,0.0524444
juelich_pilot_d30_r5_log_distance_s01_w1,juelich,12345,1,1,log-distance,46,47,veh9,veh7,5,0,1,816.899,0,7.11432,12.766,nan,nan,0,0.055,0.062,0.0524444
juelich_pilot_d30_r5_log_distance_s01_w1,juelich,12345,1,1,log-distance,46,47,veh9,veh8,5,0,1,951.464,0,7.11432,3.99853,nan,nan,0,0.055,0.04,0.0524444
juelich_pilot_d30_r5_log_distance_s01_w1,juelich,12345,1,1,log-distance,47,48,veh0,veh1,5,0,1,664.659,0,14.023,7.7927,nan,nan,0,0.07,0.051,0.0532222
juelich_pilot_d30_r5_log_distance_s01_w1,juelich,12345,1,1,log-distance,47,48,veh0,veh10,5,5,0,503.182,0,14.023,8.67211,-80.7122,16.2641,5,0.07,0.05,0.0532222
juelich_pilot_d30_r5_log_distance_s01_w1,juelich,12345,1,1,log-distance,47,48,veh0,veh11,5,0,1,611.175,0,14.023,2.81285,nan,nan,0,0.07,0.055,0.0532222
juelich_pilot_d30_r5_log_distance_s01_w1,juelich,12345,1,1,log-distance,47,48,veh0,veh12,5,5,0,448.26,1,14.023,8.45876,-79.7083,17.268,5,0.07,0.05,0.0532222
juelich_pilot_d30_r5_log_distance_s01_w1,juelich,12345,1,1,log-distance,47,48,veh0,veh13,5,5,0,256.404,1,14.023,6.35002,-74.855,22.1213,5,0.07,0.07,0.0532222
juelich_pilot_d30_r5_log_distance_s01_w1,juelich,12345,1,1,log-distance,47,48,veh0,veh14,5,5,0,465.556,1,14.023,16.1718,-80.0371,16.9392,5,0.07,0.05,0.0532222
juelich_pilot_d30_r5_log_distance_s01_w1,juelich,12345,1,1,log-distance,47,48,veh0,veh15,5,5,0,469.663,1,14.023,7.72014,-80.1132,16.863,5,0.07,0.05,0.0532222
juelich_pilot_d30_r5_log_distance_s01_w1,juelich,12345,1,1,log-distance,47,48,veh0,veh17,5,0,1,620.118,0,14.023,3.25845,nan,nan,0,0.07,0.055,0.0532222
juelich_pilot_d30_r5_log_distance_s01_w1,juelich,12345,1,1,log-distance,47,48,veh0,veh4,5,5,0,406.14,1,14.023,8.76577,-78.8511,18.1252,5,0.07,0.07,0.0532222
juelich_pilot_d30_r5_log_distance_s01_w1,juelich,12345,1,1,log-distance,47,48,veh0,veh5,5,5,0,523.995,0,14.023,9.18541,-81.0642,15.9121,5,0.07,0.058,0.0532222
juelich_pilot_d30_r5_log_distance_s01_w1,juelich,12345,1,1,log-distance,47,48,veh0,veh6,5,5,0,482.126,1,14.023,6.0591,-80.3409,16.6354,5,0.07,0.05,0.0532222
juelich_pilot_d30_r5_log_distance_s01_w1,juelich,12345,1,1,log-distance,47,48,veh0,veh7,5,0,1,693.174,0,14.023,12.777,nan,nan,0,0.07,0.066,0.0532222
juelich_pilot_d30_r5_log_distance_s01_w1,juelich,12345,1,1,log-distance,47,48,veh0,veh8,5,0,1,965.68,0,14.023,5.98034,nan,nan,0,0.07,0.04,0.0532222
juelich_pilot_d30_r5_log_distance_s01_w1,juelich,12345,1,1,log-distance,47,48,veh0,veh9,5,5,0,566.1,0,14.023,7.12673,-81.7355,15.2408,5,0.07,0.058,0.0532222
juelich_pilot_d30_r5_log_distance_s01_w1,juelich,12345,1,1,log-distance,47,48,veh1,veh0,5,0,1,664.659,0,7.7927,14.023,nan,nan,0,0.051,0.07,0.0532222
juelich_pilot_d30_r5_log_distance_s01_w1,juelich,12345,1,1,log-distance,47,48,veh1,veh10,5,5,0,280.004,1,7.7927,8.67211,-75.621,21.3553,5,0.051,0.05,0.0532222
juelich_pilot_d30_r5_log_distance_s01_w1,juelich,12345,1,1,log-distance,47,48,veh1,veh11,5,5,0,56.5089,1,7.7927,2.81285,-61.717,35.2592,5,0.051,0.055,0.0532222
juelich_pilot_d30_r5_log_distance_s01_w1,juelich,12345,1,1,log-distance,47,48,veh1,veh12,5,0,1,590.737,0,7.7927,8.45876,nan,nan,0,0.051,0.05,0.0532222
juelich_pilot_d30_r5_log_distance_s01_w1,juelich,12345,1,1,log-distance,47,48,veh1,veh13,5,5,0,418.961,1,7.7927,6.35002,-79.121,17.8553,5,0.051,0.07,0.0532222
juelich_pilot_d30_r5_log_distance_s01_w1,juelich,12345,1,1,log-distance,47,48,veh1,veh14,5,0,1,686.002,0,7.7927,16.1718,nan,nan,0,0.051,0.05,0.0532222
juelich_pilot_d30_r5_log_distance_s01_w1,juelich,12345,1,1,log-distance,47,48,veh1,veh15,5,0,1,988.039,0,7.7927,7.72014,nan,nan,0,0.051,0.05,0.0532222
juelich_pilot_d30_r5_log_distance_s01_w1,juelich,12345,1,1,log-distance,47,48,veh1,veh17,5,0,1,880.945,0,7.7927,3.25845,nan,nan,0,0.051,0.055,0.0532222
juelich_pilot_d30_r5_log_distance_s01_w1,juelich,12345,1,1,log-distance,47,48,veh1,veh4,5,5,0,275.556,1,7.7927,8.76577,-75.4817,21.4946,5,0.051,0.07,0.0532222
juelich_pilot_d30_r5_log_distance_s01_w1,juelich,12345,1,1,log-distance,47,48,veh1,veh5,5,0,1,880,0,7.7927,9.18541,nan,nan,0,0.051,0.058,0.0532222
juelich_pilot_d30_r5_log_distance_s01_w1,juelich,12345,1,1,log-distance,47,48,veh1,veh6,5,5,0,300.637,1,7.7927,6.0591,-76.2382,20.738,5,0.051,0.05,0.0532222
juelich_pilot_d30_r5_log_distance_s01_w1,juelich,12345,1,1,log-distance,47,48,veh1,veh7,5,0,1,829.849,0,7.7927,12.777,nan,nan,0,0.051,0.066,0.0532222
juelich_pilot_d30_r5_log_distance_s01_w1,juelich,12345,1,1,log-distance,47,48,veh1,veh8,5,0,1,950.836,0,7.7927,5.98034,nan,nan,0,0.051,0.04,0.0532222
juelich_pilot_d30_r5_log_distance_s01_w1,juelich,12345,1,1,log-distance,47,48,veh1,veh9,5,5,0,104.349,1,7.7927,7.12673,-67.0475,29.9288,5,0.051,0.058,0.0532222
juelich_pilot_d30_r5_log_distance_s01_w1,juelich,12345,1,1,log-distance,47,48,veh10,veh0,5,5,0,503.182,0,8.67211,14.023,-80.7122,16.2641,5,0.05,0.07,0.0532222
juelich_pilot_d30_r5_log_distance_s01_w1,juelich,12345,1,1,log-distance,47,48,veh10,veh1,5,5,0,280.004,1,8.67211,7.7927,-75.621,21.3553,5,0.05,0.051,0.0532222
juelich_pilot_d30_r5_log_distance_s01_w1,juelich,12345,1,1,log-distance,47,48,veh10,veh11,5,5,0,230.627,1,8.67211,2.81285,-73.9357,23.0406,5,0.05,0.055,0.0532222
juelich_pilot_d30_r5_log_distance_s01_w1,juelich,12345,1,1,log-distance,47,48,veh10,veh12,5,5,0,311.394,1,8.67211,8.45876,-76.5433,20.433,5,0.05,0.05,0.0532222
juelich_pilot_d30_r5_log_distance_s01_w1,juelich,12345,1,1,log-distance,47,48,veh10,veh13,5,5,0,254.183,1,8.67211,6.35002,-74.78,22.1962,5,0.05,0.07,0.0532222
juelich_pilot_d30_r5_log_distance_s01_w1,juelich,12345,1,1,log-distance,47,48,veh10,veh14,5,5,0,407.091,1,8.67211,16.1718,-78.8705,18.1058,5,0.05,0.05,0.0532222
juelich_pilot_d30_r5_log_distance_s01_w1,juelich,12345,1,1,log-distance,47,48,veh10,veh15,5,0,1,922.609,0,8.67211,7.72014,nan,nan,0,0.05,0.05,0.0532222
juelich_pilot_d30_r5_log_distance_s01_w1,juelich,12345,1,1,log-distance,47,48,veh10,veh17,5,0,1,918.796,0,8.67211,3.25845,nan,nan,0,0.05,0.055,0.0532222
juelich_pilot_d30_r5_log_distance_s01_w1,juelich,12345,1,1,log-distance,47,48,veh10,veh4,5,5,0,137.08,1,8.67211,8.76577,-69.4162,27.56,5,0.05,0.07,0.0532222
juelich_pilot_d30_r5_log_distance_s01_w1,juelich,12345,1,1,log-distance,47,48,veh10,veh5,5,0,1,878.645,0,8.67211,9.18541,nan,nan,0,0.05,0.058,0.0532222
juelich_pilot_d30_r5_log_distance_s01_w1,juelich,12345,1,1,log-distance,47,48,veh10,veh6,5,5,0,24.9971,1,8.67211,6.0591,-54.6098,42.3665,5,0.05,0.05,0.0532222
juelich_pilot_d30_r5_log_distance_s01_w1,juelich,12345,1,1,log-distance,47,48,veh10,veh7,5,0,1,912.301,0,8.67211,12.777,nan,nan,0,0.05,0.066,0.0532222
juelich_pilot_d30_r5_log_distance_s01_w1,juelich,12345,1,1,log-distance,47,48,veh10,veh9,5,5,0,192.375,1,8.67211,7.12673,-72.3607,24.6156,5,0.05,0.058,0.0532222
juelich_pilot_d30_r5_log_distance_s01_w1,juelich,12345,1,1,log-distance,47,48,veh11,veh0,5,0,1,611.175,0,2.81285,14.023,nan,nan,0,0.055,0.07,0.0532222
juelich_pilot_d30_r5_log_distance_s01_w1,juelich,12345,1,1,log-distance,47,48,veh11,veh1,5,5,0,56.5089,1,2.81285,7.7927,-61.717,35.2592,5,0.055,0.051,0.0532222
juelich_pilot_d30_r5_log_distance_s01_w1,juelich,12345,1,1,log-distance,47,48,veh11,veh10,5,5,0,230.627,1,2.81285,8.67211,-73.9357,23.0406,5,0.055,0.05,0.0532222
juelich_pilot_d30_r5_log_distance_s01_w1,juelich,12345,1,1,log-distance,47,48,veh11,veh12,5,5,0,539.296,0,2.81285,8.45876,-81.3142,15.6621,5,0.055,0.05,0.0532222
juelich_pilot_d30_r5_log_distance_s01_w1,juelich,12345,1,1,log-distance,47,48,veh11,veh13,5,5,0,363.456,1,2.81285,6.35002,-77.8867,19.0896,5,0.055,0.07,0.0532222
juelich_pilot_d30_r5_log_distance_s01_w1,juelich,12345,1,1,log-distance,47,48,veh11,veh14,5,0,1,634.062,0,2.81285,16.1718,nan,nan,0,0.055,0.05,0.0532222
juelich_pilot_d30_r5_log_distance_s01_w1,juelich,12345,1,1,log-distance,47,48,veh11,veh15,5,0,1,946.998,0,2.81285,7.72014,nan,nan,0,0.055,0.05,0.0532222
juelich_pilot_d30_r5_log_distance_s01_w1,juelich,12345,1,1,log-distance,47,48,veh11,veh17,5,0,1,856.466,0,2.81285,3.25845,nan,nan,0,0.055,0.055,0.0532222
juelich_pilot_d30_r5_log_distance_s01_w1,juelich,12345,1,1,log-distance,47,48,veh11,veh4,5,5,0,219.112,1,2.81285,8.76577,-73.491,23.4853,5,0.055,0.07,0.0532222
juelich_pilot_d30_r5_log_distance_s01_w1,juelich,12345,1,1,log-distance,47,48,veh11,veh5,5,0,1,848.368,0,2.81285,9.18541,nan,nan,0,0.055,0.058,0.0532222
juelich_pilot_d30_r5_log_distance_s01_w1,juelich,12345,1,1,log-distance,47,48,veh11,veh6,5,5,0,249.781,1,2.81285,6.0591,-74.6288,22.3475,5,0.055,0.05,0.0532222
juelich_pilot_d30_r5_log_distance_s01_w1,juelich,12345,1,1,log-distance,47,48,veh11,veh7,5,0,1,814.092,0,2.81285,12.777,nan,nan,0,0.055,0.066,0.0532222
juelich_pilot_d30_r5_log_distance_s01_w1,juelich,12345,1,1,log-distance,47,48,veh11,veh8,5,0,1,951.469,0,2.81285,5.98034,nan,nan,0,0.055,0.04,0.0532222
juelich_pilot_d30_r5_log_distance_s01_w1,juelich,12345,1,1,log-distance,47,48,veh11,veh9,5,5,0,47.8434,1,2.81285,7.12673,-60.271,36.7053,5,0.055,0.058,0.0532222
juelich_pilot_d30_r5_log_distance_s01_w1,juelich,12345,1,1,log-distance,47,48,veh12,veh0,5,5,0,448.26,1,8.45876,14.023,-79.7083,17.268,5,0.05,0.07,0.0532222
juelich_pilot_d30_r5_log_distance_s01_w1,juelich,12345,1,1,log-distance,47,48,veh12,veh1,5,0,1,590.737,0,8.45876,7.7927,nan,nan,0,0.05,0.051,0.0532222
juelich_pilot_d30_r5_log_distance_s01_w1,juelich,12345,1,1,log-distance,47,48,veh12,veh10,5,5,0,311.394,1,8.45876,8.67211,-76.5433,20.433,5,0.05,0.05,0.0532222
juelich_pilot_d30_r5_log_distance_s01_w1,juelich,12345,1,1,log-distance,47,48,veh12,veh11,5,5,0,539.296,0,8.45876,2.81285,-81.3142,15.6621,5,0.05,0.055,0.0532222
juelich_pilot_d30_r5_log_distance_s01_w1,juelich,12345,1,1,log-distance,47,48,veh12,veh13,5,5,0,333.179,1,8.45876,6.35002,-77.1306,19.8457,5,0.05,0.07,0.0532222
juelich_pilot_d30_r5_log_distance_s01_w1,juelich,12345,1,1,log-distance,47,48,veh12,veh14,5,5,0,96.0382,1,8.45876,16.1718,-66.3228,30.6535,5,0.05,0.05,0.0532222
juelich_pilot_d30_r5_log_distance_s01_w1,juelich,12345,1,1,log-distance,47,48,veh12,veh15,5,0,1,917.865,0,8.45876,7.72014,nan,nan,0,0.05,0.05,0.0532222
juelich_pilot_d30_r5_log_distance_s01_w1,juelich,12345,1,1,log-distance,47,48,veh12,veh4,5,5,0,362.682,1,8.45876,8.76577,-77.8682,19.1081,5,0.05,0.07,0.0532222
juelich_pilot_d30_r5_log_distance_s01_w1,juelich,12345,1,1,log-distance,47,48,veh12,veh5,5,0,1,949.756,0,8.45876,9.18541,nan,nan,0,0.05,0.058,0.0532222
juelich_pilot_d30_r5_log_distance_s01_w1,juelich,12345,1,1,log-distance,47,48,veh12,veh6,5,5,0,290.101,1,8.45876,6.0591,-75.9286,21.0477,5,0.05,0.05,0.0532222
juelich_pilot_d30_r5_log_distance_s01_w1,juelich,12345,1,1,log-distance,47,48,veh12,veh9,5,5,0,496.938,1,8.45876,7.12673,-80.6035,16.3727,5,0.05,0.058,0.0532222
juelich_pilot_d30_r5_log_distance_s01_w1,juelich,12345,1,1,log-distance,47,48,veh13,veh0,5,5,0,256.404,1,6.35002,14.023,-74.855,22.1213,5,0.07,0.07,0.0532222
juelich_pilot_d30_r5_log_distance_s01_w1,juelich,12345,1,1,log-distance,47,48,veh13,veh1,5,5,0,418.961,1,6.35002,7.7927,-79.121,17.8553,5,0.07,0.051,0.0532222
juelich_pilot_d30_r5_log_distance_s01_w1,juelich,12345,1,1,log-distance,47,48,veh13,veh10,5,5,0,254.183,1,6.35002,8.67211,-74.78,22.1962,5,0.07,0.05,0.0532222
juelich_pilot_d30_r5_log_distance_s01_w1,juelich,12345,1,1,log-distance,47,48,veh13,veh11,5,5,0,363.456,1,6.35002,2.81285,-77.8867,19.0896,5,0.07,0.055,0.0532222
juelich_pilot_d30_r5_log_distance_s01_w1,juelich,12345,1,1,log-distance,47,48,veh13,veh12,5,5,0,333.179,1,6.35002,8.45876,-77.1306,19.8457,5,0.07,0.05,0.0532222
juelich_pilot_d30_r5_log_distance_s01_w1,juelich,12345,1,1,log-distance,47,48,veh13,veh14,5,5,0,400.423,1,6.35002,16.1718,-78.7278,18.2485,5,0.07,0.05,0.0532222
juelich_pilot_d30_r5_log_distance_s01_w1,juelich,12345,1,1,log-distance,47,48,veh13,veh15,5,0,1,671.856,0,6.35002,7.72014,nan,nan,0,0.07,0.05,0.0532222
juelich_pilot_d30_r5_log_distance_s01_w1,juelich,12345,1,1,log-distance,47,48,veh13,veh17,5,0,1,709.414,0,6.35002,3.25845,nan,nan,0,0.07,0.055,0.0532222
juelich_pilot_d30_r5_log_distance_s01_w1,juelich,12345,1,1,log-distance,47,48,veh13,veh4,5,5,0,150.458,1,6.35002,8.76577,-70.2252,26.7511,5,0.07,0.07,0.0532222
juelich_pilot_d30_r5_log_distance_s01_w1,juelich,12345,1,1,log-distance,47,48,veh13,veh5,5,0,1,650.189,0,6.35002,9.18541,nan,nan,0,0.07,0.058,0.0532222
juelich_pilot_d30_r5_log_distance_s01_w1,juelich,12345,1,1,log-distance,47,48,veh13,veh6,5,5,0,236.045,1,6.35002,6.0591,-74.1369,22.8394,5,0.07,0.05,0.0532222
juelich_pilot_d30_r5_log_distance_s01_w1,juelich,12345,1,1,log-distance,47,48,veh13,veh7,5,0,1,732.322,0,6.35002,12.777,nan,nan,0,0.07,0.066,0.0532222
juelich_pilot_d30_r5_log_distance_s01_w1,juelich,12345,1,1,log-distance,47,48,veh13,veh8,5,0,1,962.258,0,6.35002,5.98034,nan,nan,0,0.07,0.04,0.0532222
juelich_pilot_d30_r5_log_distance_s01_w1,juelich,12345,1,1,log-distance,47,48,veh13,veh9,5,5,0,316.581,1,6.35002,7.12673,-76.6872,20.2891,5,0.07,0.058,0.0532222
juelich_pilot_d30_r5_log_distance_s01_w1,juelich,12345,1,1,log-distance,47,48,veh14,veh0,5,5,0,465.556,1,16.1718,14.023,-80.0371,2.33687,5,0.05,0.07,0.0532222
juelich_pilot_d30_r5_log_distance_s01_w1,juelich,12345,1,1,log-distance,47,48,veh14,veh1,5,0,1,686.002,0,16.1718,7.7927,nan,nan,0,0.05,0.051,0.0532222
juelich_pilot_d30_r5_log_distance_s01_w1,juelich,12345,1,1,log-distance,47,48,veh14,veh10,5,5,0,407.091,1,16.1718,8.67211,-78.8705,6.74213,5,0.05,0.05,0.0532222
juelich_pilot_d30_r5_log_distance_s01_w1,juelich,12345,1,1,log-distance,47,48,veh14,veh11,5,0,1,634.062,0,16.1718,2.81285,nan,nan,0,0.05,0.055,0.0532222
juelich_pilot_d30_r5_log_distance_s01_w1,juelich,12345,1,1,log-distance,47,48,veh14,veh12,5,5,0,96.0382,1,16.1718,8.45876,-66.3228,20.1663,5,0.05,0.05,0.0532222
juelich_pilot_d30_r5_log_distance_s01_w1,juelich,12345,1,1,log-distance,47,48,veh14,veh13,5,5,0,400.423,1,16.1718,6.35002,-78.7278,4.7685,5,0.05,0.07,0.0532222
juelich_pilot_d30_r5_log_distance_s01_w1,juelich,12345,1,1,log-distance,47,48,veh14,veh15,5,0,1,929.569,0,16.1718,7.72014,nan,nan,0,0.05,0.05,0.0532222
juelich_pilot_d30_r5_log_distance_s01_w1,juelich,12345,1,1,log-distance,47,48,veh14,veh4,5,5,0,450.535,1,16.1718,8.76577,-79.7522,4.54572,5,0.05,0.07,0.0532222
juelich_pilot_d30_r5_log_distance_s01_w1,juelich,12345,1,1,log-distance,47,48,veh14,veh5,5,0,1,983.231,0,16.1718,9.18541,nan,nan,0,0.05,0.058,0.0532222
juelich_pilot_d30_r5_log_distance_s01_w1,juelich,12345,1,1,log-distance,47,48,veh14,veh6,5,5,0,385.485,1,16.1718,6.0591,-78.3975,7.14651,5,0.05,0.05,0.0532222
juelich_pilot_d30_r5_log_distance_s01_w1,juelich,12345,1,1,log-distance,47,48,veh14,veh9,5,1,0.8,591.064,0,16.1718,7.12673,-81.9972,2.84338,1,0.05,0.058,0.0532222
juelich_pilot_d30_r5_log_distance_s01_w1,juelich,12345,1,1,log-distance,47,48,veh15,veh0,5,5,0,469.663,1,7.72014,14.023,-80.1132,2.13879,5,0.05,0.07,0.0532222
juelich_pilot_d30_r5_log_distance_s01_w1,juelich,12345,1,1,log-distance,47,48,veh15,veh1,5,0,1,988.039,0,7.72014,7.7927,nan,nan,0,0.05,0.051,0.0532222
juelich_pilot_d30_r5_log_distance_s01_w1,juelich,12345,1,1,log-distance,47,48,veh15,veh10,5,0,1,922.609,0,7.72014,8.67211,nan,nan,0,0.05,0.05,0.0532222
juelich_pilot_d30_r5_log_distance_s01_w1,juelich,12345,1,1,log-distance,47,48,veh15,veh11,5,0,1,946.998,0,7.72014,2.81285,nan,nan,0,0.05,0.055,0.0532222
juelich_pilot_d30_r5_log_distance_s01_w1,juelich,12345,1,1,log-distance,47,48,veh15,veh12,5,0,1,917.865,0,7.72014,8.45876,nan,nan,0,0.05,0.05,0.0532222
juelich_pilot_d30_r5_log_distance_s01_w1,juelich,12345,1,1,log-distance,47,48,veh15,veh13,5,0,1,671.856,0,7.72014,6.35002,nan,nan,0,0.05,0.07,0.0532222
juelich_pilot_d30_r5_log_distance_s01_w1,juelich,12345,1,1,log-distance,47,48,veh15,veh14,5,0,1,929.569,0,7.72014,16.1718,nan,nan,0,0.05,0.05,0.0532222
juelich_pilot_d30_r5_log_distance_s01_w1,juelich,12345,1,1,log-distance,47,48,veh15,veh16,5,0,1,630.838,0,7.72014,8.7077,nan,nan,0,0.05,0.04,0.0532222
juelich_pilot_d30_r5_log_distance_s01_w1,juelich,12345,1,1,log-distance,47,48,veh15,veh17,5,5,0,346.975,1,7.72014,3.25845,-77.4837,7.56056,5,0.05,0.055,0.0532222
juelich_pilot_d30_r5_log_distance_s01_w1,juelich,12345,1,1,log-distance,47,48,veh15,veh2,5,0,1,990.146,0,7.72014,0,nan,nan,0,0.05,0.035,0.0532222
juelich_pilot_d30_r5_log_distance_s01_w1,juelich,12345,1,1,log-distance,47,48,veh15,veh3,5,0,1,811.873,0,7.72014,12.1328,nan,nan,0,0.05,0.04,0.0532222
juelich_pilot_d30_r5_log_distance_s01_w1,juelich,12345,1,1,log-distance,47,48,veh15,veh4,5,0,1,796.431,0,7.72014,8.76577,nan,nan,0,0.05,0.07,0.0532222
juelich_pilot_d30_r5_log_distance_s01_w1,juelich,12345,1,1,log-distance,47,48,veh15,veh5,5,5,0,224.782,1,7.72014,9.18541,-73.7129,11.254,5,0.05,0.058,0.0532222
juelich_pilot_d30_r5_log_distance_s01_w1,juelich,12345,1,1,log-distance,47,48,veh15,veh6,5,0,1,906.568,0,7.72014,6.0591,nan,nan,0,0.05,0.05,0.0532222
juelich_pilot_d30_r5_log_distance_s01_w1,juelich,12345,1,1,log-distance,47,48,veh15,veh7,5,5,0,489.484,1,7.72014,12.777,-80.4724,4.1579,5,0.05,0.066,0.0532222
juelich_pilot_d30_r5_log_distance_s01_w1,juelich,12345,1,1,log-distance,47,48,veh15,veh8,5,0,1,768.49,0,7.72014,5.98034,nan,nan,0,0.05,0.04,0.0532222
juelich_pilot_d30_r5_log_distance_s01_w1,juelich,12345,1,1,log-distance,47,48,veh15,veh9,5,0,1,913.033,0,7.72014,7.12673,nan,nan,0,0.05,0.058,0.0532222
juelich_pilot_d30_r5_log_distance_s01_w1,juelich,12345,1,1,log-distance,47,48,veh16,veh15,5,0,1,630.838,0,8.7077,7.72014,nan,nan,0,0.04,0.05,0.0532222
juelich_pilot_d30_r5_log_distance_s01_w1,juelich,12345,1,1,log-distance,47,48,veh16,veh17,5,5,0,571.532,0,8.7077,3.25845,-81.8185,15.1578,5,0.04,0.055,0.0532222
juelich_pilot_d30_r5_log_distance_s01_w1,juelich,12345,1,1,log-distance,47,48,veh16,veh2,5,0,1,655.283,0,8.7077,0,nan,nan,0,0.04,0.035,0.0532222
juelich_pilot_d30_r5_log_distance_s01_w1,juelich,12345,1,1,log-distance,47,48,veh16,veh3,5,5,0,551.024,0,8.7077,12.1328,-81.5009,15.4754,5,0.04,0.04,0.0532222
juelich_pilot_d30_r5_log_distance_s01_w1,juelich,12345,1,1,log-distance,47,48,veh16,veh5,5,0,1,595.907,0,8.7077,9.18541,nan,nan,0,0.04,0.058,0.0532222
juelich_pilot_d30_r5_log_distance_s01_w1,juelich,12345,1,1,log-distance,47,48,veh16,veh7,5,0,1,646.588,0,8.7077,12.777,nan,nan,0,0.04,0.066,0.0532222
juelich_pilot_d30_r5_log_distance_s01_w1,juelich,12345,1,1,log-distance,47,48,veh16,veh8,5,0,1,730.612,0,8.7077,5.98034,nan,nan,0,0.04,0.04,0.0532222
juelich_pilot_d30_r5_log_distance_s01_w1,juelich,12345,1,1,log-distance,47,48,veh17,veh0,5,0,1,620.118,0,3.25845,14.023,nan,nan,0,0.055,0.07,0.0532222
juelich_pilot_d30_r5_log_distance_s01_w1,juelich,12345,1,1,log-distance,47,48,veh17,veh1,5,0,1,880.945,0,3.25845,7.7927,nan,nan,0,0.055,0.051,0.0532222
juelich_pilot_d30_r5_log_distance_s01_w1,juelich,12345,1,1,log-distance,47,48,veh17,veh10,5,0,1,918.796,0,3.25845,8.67211,nan,nan,0,0.055,0.05,0.0532222
juelich_pilot_d30_r5_log_distance_s01_w1,juelich,12345,1,1,log-distance,47,48,veh17,veh11,5,0,1,856.466,0,3.25845,2.81285,nan,nan,0,0.055,0.055,0.0532222
juelich_pilot_d30_r5_log_distance_s01_w1,juelich,12345,1,1,log-distance,47,48,veh17,veh13,5,0,1,709.414,0,3.25845,6.35002,nan,nan,0,0.055,0.07,0.0532222
juelich_pilot_d30_r5_log_distance_s01_w1,juelich,12345,1,1,log-distance,47,48,veh17,veh15,5,5,0,346.975,1,3.25845,7.72014,-77.4837,19.4926,5,0.055,0.05,0.0532222
juelich_pilot_d30_r5_log_distance_s01_w1,juelich,12345,1,1,log-distance,47,48,veh17,veh16,5,5,0,571.532,0,3.25845,8.7077,-81.8185,15.1578,5,0.055,0.04,0.0532222
juelich_pilot_d30_r5_log_distance_s01_w1,juelich,12345,1,1,log-distance,47,48,veh17,veh2,5,0,1,685.908,0,3.25845,0,nan,nan,0,0.055,0.035,0.0532222
juelich_pilot_d30_r5_log_distance_s01_w1,juelich,12345,1,1,log-distance,47,48,veh17,veh3,5,5,0,504.901,0,3.25845,12.1328,-80.7417,16.2346,5,0.055,0.04,0.0532222
juelich_pilot_d30_r5_log_distance_s01_w1,juelich,12345,1,1,log-distance,47,48,veh17,veh4,5,0,1,781.741,0,3.25845,8.76577,nan,nan,0,0.055,0.07,0.0532222
juelich_pilot_d30_r5_log_distance_s01_w1,juelich,12345,1,1,log-distance,47,48,veh17,veh5,5,5,0,126.543,1,3.25845,9.18541,-68.7224,28.2539,5,0.055,0.058,0.0532222
juelich_pilot_d30_r5_log_distance_s01_w1,juelich,12345,1,1,log-distance,47,48,veh17,veh6,5,0,1,911.007,0,3.25845,6.0591,nan,nan,0,0.055,0.05,0.0532222
juelich_pilot_d30_r5_log_distance_s01_w1,juelich,12345,1,1,log-distance,47,48,veh17,veh7,5,5,0,147.271,1,3.25845,12.777,-70.04,26.9362,5,0.055,0.066,0.0532222
juelich_pilot_d30_r5_log_distance_s01_w1,juelich,12345,1,1,log-distance,47,48,veh17,veh8,5,5,0,421.9,1,3.25845,5.98034,-79.1819,17.7944,5,0.055,0.04,0.0532222
juelich_pilot_d30_r5_log_distance_s01_w1,juelich,12345,1,1,log-distance,47,48,veh17,veh9,5,0,1,837.509,0,3.25845,7.12673,nan,nan,0,0.055,0.058,0.0532222
juelich_pilot_d30_r5_log_distance_s01_w1,juelich,12345,1,1,log-distance,47,48,veh2,veh15,5,0,1,990.146,0,0,7.72014,nan,nan,0,0.035,0.05,0.0532222
juelich_pilot_d30_r5_log_distance_s01_w1,juelich,12345,1,1,log-distance,47,48,veh2,veh16,5,0,1,655.283,0,0,8.7077,nan,nan,0,0.035,0.04,0.0532222
juelich_pilot_d30_r5_log_distance_s01_w1,juelich,12345,1,1,log-distance,47,48,veh2,veh17,5,0,1,685.908,0,0,3.25845,nan,nan,0,0.035,0.055,0.0532222
juelich_pilot_d30_r5_log_distance_s01_w1,juelich,12345,1,1,log-distance,47,48,veh2,veh3,5,5,0,181.203,1,0,12.1328,-71.8395,25.1368,5,0.035,0.04,0.0532222
juelich_pilot_d30_r5_log_distance_s01_w1,juelich,12345,1,1,log-distance,47,48,veh2,veh5,5,0,1,803.88,0,0,9.18541,nan,nan,0,0.035,0.058,0.0532222
juelich_pilot_d30_r5_log_distance_s01_w1,juelich,12345,1,1,log-distance,47,48,veh2,veh7,5,0,1,607.49,0,0,12.777,nan,nan,0,0.035,0.066,0.0532222
juelich_pilot_d30_r5_log_distance_s01_w1,juelich,12345,1,1,log-distance,47,48,veh2,veh8,5,5,0,393.261,1,0,5.98034,-78.5713,18.405,5,0.035,0.04,0.0532222
juelich_pilot_d30_r5_log_distance_s01_w1,juelich,12345,1,1,log-distance,47,48,veh3,veh15,5,0,1,811.873,0,12.1328,7.72014,nan,nan,0,0.04,0.05,0.0532222
juelich_pilot_d30_r5_log_distance_s01_w1,juelich,12345,1,1,log-distance,47,48,veh3,veh16,5,5,0,551.024,0,12.1328,8.7077,-81.5009,15.4754,5,0.04,0.04,0.0532222
juelich_pilot_d30_r5_log_distance_s01_w1,juelich,12345,1,1,log-distance,47,48,veh3,veh17,5,5,0,504.901,0,12.1328,3.25845,-80.7417,16.2346,5,0.04,0.055,0.0532222
juelich_pilot_d30_r5_log_distance_s01_w1,juelich,12345,1,1,log-distance,47,48,veh3,veh2,5,5,0,181.203,1,12.1328,0,-71.8395,25.1368,5,0.04,0.035,0.0532222
juelich_pilot_d30_r5_log_distance_s01_w1,juelich,12345,1,1,log-distance,47,48,veh3,veh5,5,0,1,622.733,0,12.1328,9.18541,nan,nan,0,0.04,0.058,0.0532222
juelich_pilot_d30_r5_log_distance_s01_w1,juelich,12345,1,1,log-distance,47,48,veh3,veh7,5,5,0,433.227,1,12.1328,12.777,-79.412,17.5643,5,0.04,0.066,0.0532222
juelich_pilot_d30_r5_log_distance_s01_w1,juelich,12345,1,1,log-distance,47,48,veh3,veh8,5,5,0,269.52,1,12.1328,5.98034,-75.289,21.6873,5,0.04,0.04,0.0532222
juelich_pilot_d30_r5_log_distance_s01_w1,juelich,12345,1,1,log-distance,47,48,veh4,veh0,5,5,0,406.14,1,8.76577,14.023,-78.8511,18.1252,5,0.07,0.07,0.0532222
juelich_pilot_d30_r5_log_distance_s01_w1,juelich,12345,1,1,log-distance,47,48,veh4,veh1,5,5,0,275.556,1,8.76577,7.7927,-75.4817,21.4946,5,0.07,0.051,0.0532222
juelich_pilot_d30_r5_log_distance_s01_w1,juelich,12345,1,1,log-distance,47,48,veh4,veh10,5,5,0,137.08,1,8.76577,8.67211,-69.4162,27.56,5,0.07,0.05,0.0532222
juelich_pilot_d30_r5_log_distance_s01_w1,juelich,12345,1,1,log-distance,47,48,veh4,veh11,5,5,0,219.112,1,8.76577,2.81285,-73.491,23.4853,5,0.07,0.055,0.0532222
juelich_pilot_d30_r5_log_distance_s01_w1,juelich,12345,1,1,log-distance,47,48,veh4,veh12,5,5,0,362.682,1,8.76577,8.45876,-77.8682,19.1081,5,0.07,0.05,0.0532222
juelich_pilot_d30_r5_log_distance_s01_w1,juelich,12345,1,1,log-distance,47,48,veh4,veh13,5,5,0,150.458,1,8.76577,6.35002,-70.2252,26.7511,5,0.07,0.07,0.0532222
juelich_pilot_d30_r5_log_distance_s01_w1,juelich,12345,1,1,log-distance,47,48,veh4,veh14,5,5,0,450.535,1,8.76577,16.1718,-79.7522,17.2241,5,0.07,0.05,0.0532222
juelich_pilot_d30_r5_log_distance_s01_w1,juelich,12345,1,1,log-distance,47,48,veh4,veh15,5,0,1,796.431,0,8.76577,7.72014,nan,nan,0,0.07,0.05,0.0532222
juelich_pilot_d30_r5_log_distance_s01_w1,juelich,12345,1,1,log-distance,47,48,veh4,veh17,5,0,1,781.741,0,8.76577,3.25845,nan,nan,0,0.07,0.055,0.0532222
juelich_pilot_d30_r5_log_distance_s01_w1,juelich,12345,1,1,log-distance,47,48,veh4,veh5,5,0,1,742.864,0,8.76577,9.18541,nan,nan,0,0.07,0.058,0.0532222
juelich_pilot_d30_r5_log_distance_s01_w1,juelich,12345,1,1,log-distance,47,48,veh4,veh6,5,5,0,130.902,1,8.76577,6.0591,-69.0165,27.9598,5,0.07,0.05,0.0532222
juelich_pilot_d30_r5_log_distance_s01_w1,juelich,12345,1,1,log-distance,47,48,veh4,veh7,5,0,1,777.532,0,8.76577,12.777,nan,nan,0,0.07,0.066,0.0532222
juelich_pilot_d30_r5_log_distance_s01_w1,juelich,12345,1,1,log-distance,47,48,veh4,veh8,5,0,1,973.812,0,8.76577,5.98034,nan,nan,0,0.07,0.04,0.0532222
juelich_pilot_d30_r5_log_distance_s01_w1,juelich,12345,1,1,log-distance,47,48,veh4,veh9,5,5,0,171.318,1,8.76577,7.12673,-71.3535,25.6228,5,0.07,0.058,0.0532222
juelich_pilot_d30_r5_log_distance_s01_w1,juelich,12345,1,1,log-distance,47,48,veh5,veh0,5,5,0,523.995,0,9.18541,14.023,-81.0642,15.9121,5,0.058,0.07,0.0532222
juelich_pilot_d30_r5_log_distance_s01_w1,juelich,12345,1,1,log-distance,47,48,veh5,veh1,5,0,1,880,0,9.18541,7.7927,nan,nan,0,0.058,0.051,0.0532222
juelich_pilot_d30_r5_log_distance_s01_w1,juelich,12345,1,1,log-distance,47,48,veh5,veh10,5,0,1,878.645,0,9.18541,8.67211,nan,nan,0,0.058,0.05,0.0532222
juelich_pilot_d30_r5_log_distance_s01_w1,juelich,12345,1,1,log-distance,47,48,veh5,veh11,5,0,1,848.368,0,9.18541,2.81285,nan,nan,0,0.058,0.055,0.0532222
juelich_pilot_d30_r5_log_distance_s01_w1,juelich,12345,1,1,log-distance,47,48,veh5,veh12,5,0,1,949.756,0,9.18541,8.45876,nan,nan,0,0.058,0.05,0.0532222
juelich_pilot_d30_r5_log_distance_s01_w1,juelich,12345,1,1,log-distance,47,48,veh5,veh13,5,0,1,650.189,0,9.18541,6.35002,nan,nan,0,0.058,0.07,0.0532222
juelich_pilot_d30_r5_log_distance_s01_w1,juelich,12345,1,1,log-distance,47,48,veh5,veh14,5,0,1,983.231,0,9.18541,16.1718,nan,nan,0,0.058,0.05,0.0532222
juelich_pilot_d30_r5_log_distance_s01_w1,juelich,12345,1,1,log-distance,47,48,veh5,veh15,5,5,0,224.782,1,9.18541,7.72014,-73.7129,23.2634,5,0.058,0.05,0.0532222
juelich_pilot_d30_r5_log_distance_s01_w1,juelich,12345,1,1,log-distance,47,48,veh5,veh16,5,0,1,595.907,0,9.18541,8.7077,nan,nan,0,0.058,0.04,0.0532222
juelich_pilot_d30_r5_log_distance_s01_w1,juelich,12345,1,1,log-distance,47,48,veh5,veh17,5,5,0,126.543,1,9.18541,3.25845,-68.7224,28.2539,5,0.058,0.055,0.0532222
juelich_pilot_d30_r5_log_distance_s01_w1,juelich,12345,1,1,log-distance,47,48,veh5,veh2,5,0,1,803.88,0,9.18541,0,nan,nan,0,0.058,0.035,0.0532222
juelich_pilot_d30_r5_log_distance_s01_w1,juelich,12345,1,1,log-distance,47,48,veh5,veh3,5,0,1,622.733,0,9.18541,12.1328,nan,nan,0,0.058,0.04,0.0532222
juelich_pilot_d30_r5_log_distance_s01_w1,juelich,12345,1,1,log-distance,47,48,veh5,veh4,5,0,1,742.864,0,9.18541,8.76577,nan,nan,0,0.058,0.07,0.0532222
juelich_pilot_d30_r5_log_distance_s01_w1,juelich,12345,1,1,log-distance,47,48,veh5,veh6,5,0,1,867.77,0,9.18541,6.0591,nan,nan,0,0.058,0.05,0.0532222
juelich_pilot_d30_r5_log_distance_s01_w1,juelich,12345,1,1,log-distance,47,48,veh5,veh7,5,5,0,264.863,1,9.18541,12.777,-75.1381,21.8382,5,0.058,0.066,0.0532222
juelich_pilot_d30_r5_log_distance_s01_w1,juelich,12345,1,1,log-distance,47,48,veh5,veh8,5,5,0,547.395,0,9.18541,5.98034,-81.4437,15.5326,5,0.058,0.04,0.0532222
juelich_pilot_d30_r5_log_distance_s01_w1,juelich,12345,1,1,log-distance,47,48,veh5,veh9,5,0,1,823.06,0,9.18541,7.12673,nan,nan,0,0.058,0.058,0.0532222
juelich_pilot_d30_r5_log_distance_s01_w1,juelich,12345,1,1,log-distance,47,48,veh6,veh0,5,5,0,482.126,1,6.0591,14.023,-80.3409,16.6354,5,0.05,0.07,0.0532222
juelich_pilot_d30_r5_log_distance_s01_w1,juelich,12345,1,1,log-distance,47,48,veh6,veh1,5,5,0,300.637,1,6.0591,7.7927,-76.2382,20.738,5,0.05,0.051,0.0532222
juelich_pilot_d30_r5_log_distance_s01_w1,juelich,12345,1,1,log-distance,47,48,veh6,veh10,5,5,0,24.9971,1,6.0591,8.67211,-54.6098,42.3665,5,0.05,0.05,0.0532222
juelich_pilot_d30_r5_log_distance_s01_w1,juelich,12345,1,1,log-distance,47,48,veh6,veh11,5,5,0,249.781,1,6.0591,2.81285,-74.6288,22.3475,5,0.05,0.055,0.0532222
juelich_pilot_d30_r5_log_distance_s01_w1,juelich,12345,1,1,log-distance,47,48,veh6,veh12,5,5,0,290.101,1,6.0591,8.45876,-75.9286,21.0477,5,0.05,0.05,0.0532222
juelich_pilot_d30_r5_log_distance_s01_w1,juelich,12345,1,1,log-distance,47,48,veh6,veh13,5,5,0,236.045,1,6.0591,6.35002,-74.1369,22.8394,5,0.05,0.07,0.0532222
juelich_pilot_d30_r5_log_distance_s01_w1,juelich,12345,1,1,log-distance,47,48,veh6,veh14,5,5,0,385.485,1,6.0591,16.1718,-78.3975,18.5788,5,0.05,0.05,0.0532222
juelich_pilot_d30_r5_log_distance_s01_w1,juelich,12345,1,1,log-distance,47,48,veh6,veh15,5,0,1,906.568,0,6.0591,7.72014,nan,nan,0,0.05,0.05,0.0532222
juelich_pilot_d30_r5_log_distance_s01_w1,juelich,12345,1,1,log-distance,47,48,veh6,veh17,5,0,1,911.007,0,6.0591,3.25845,nan,nan,0,0.05,0.055,0.0532222
juelich_pilot_d30_r5_log_distance_s01_w1,juelich,12345,1,1,log-distance,47,48,veh6,veh4,5,5,0,130.902,1,6.0591,8.76577,-69.0165,27.9598,5,0.05,0.07,0.0532222
juelich_pilot_d30_r5_log_distance_s01_w1,juelich,12345,1,1,log-distance,47,48,veh6,veh5,5,0,1,867.77,0,6.0591,9.18541,nan,nan,0,0.05,0.058,0.0532222
juelich_pilot_d30_r5_log_distance_s01_w1,juelich,12345,1,1,log-distance,47,48,veh6,veh7,5,0,1,908.416,0,6.0591,12.777,nan,nan,0,0.05,0.066,0.0532222
juelich_pilot_d30_r5_log_distance_s01_w1,juelich,12345,1,1,log-distance,47,48,veh6,veh9,5,5,0,209.408,1,6.0591,7.12673,-73.097,23.8793,5,0.05,0.058,0.0532222
juelich_pilot_d30_r5_log_distance_s01_w1,juelich,12345,1,1,log-distance,47,48,veh7,veh0,5,0,1,693.174,0,12.777,14.023,nan,nan,0,0.066,0.07,0.0532222
juelich_pilot_d30_r5_log_distance_s01_w1,juelich,12345,1,1,log-distance,47,48,veh7,veh1,5,0,1,829.849,0,12.777,7.7927,nan,nan,0,0.066,0.051,0.0532222
juelich_pilot_d30_r5_log_distance_s01_w1,juelich,12345,1,1,log-distance,47,48,veh7,veh10,5,0,1,912.301,0,12.777,8.67211,nan,nan,0,0.066,0.05,0.0532222
juelich_pilot_d30_r5_log_distance_s01_w1,juelich,12345,1,1,log-distance,47,48,veh7,veh11,5,0,1,814.092,0,12.777,2.81285,nan,nan,0,0.066,0.055,0.0532222
juelich_pilot_d30_r5_log_distance_s01_w1,juelich,12345,1,1,log-distance,47,48,veh7,veh13,5,0,1,732.322,0,12.777,6.35002,nan,nan,0,0.066,0.07,0.0532222
juelich_pilot_d30_r5_log_distance_s01_w1,juelich,12345,1,1,log-distance,47,48,veh7,veh15,5,5,0,489.484,1,12.777,7.72014,-80.4724,16.5038,5,0.066,0.05,0.0532222
juelich_pilot_d30_r5_log_distance_s01_w1,juelich,12345,1,1,log-distance,47,48,veh7,veh16,5,0,1,646.588,0,12.777,8.7077,nan,nan,0,0.066,0.04,0.0532222
juelich_pilot_d30_r5_log_distance_s01_w1,juelich,12345,1,1,log-distance,47,48,veh7,veh17,5,5,0,147.271,1,12.777,3.25845,-70.04,26.9362,5,0.066,0.055,0.0532222
juelich_pilot_d30_r5_log_distance_s01_w1,juelich,12345,1,1,log-distance,47,48,veh7,veh2,5,0,1,607.49,0,12.777,0,nan,nan,0,0.066,0.035,0.0532222
juelich_pilot_d30_r5_log_distance_s01_w1,juelich,12345,1,1,log-distance,47,48,veh7,veh3,5,5,0,433.227,1,12.777,12.1328,-79.412,17.5643,5,0.066,0.04,0.0532222
juelich_pilot_d30_r5_log_distance_s01_w1,juelich,12345,1,1,log-distance,47,48,veh7,veh4,5,0,1,777.532,0,12.777,8.76577,nan,nan,0,0.066,0.07,0.0532222
juelich_pilot_d30_r5_log_distance_s01_w1,juelich,12345,1,1,log-distance,47,48,veh7,veh5,5,5,0,264.863,1,12.777,9.18541,-75.1381,21.8382,5,0.066,0.058,0.0532222
juelich_pilot_d30_r5_log_distance_s01_w1,juelich,12345,1,1,log-distance,47,48,veh7,veh6,5,0,1,908.416,0,12.777,6.0591,nan,nan,0,0.066,0.05,0.0532222
juelich_pilot_d30_r5_log_distance_s01_w1,juelich,12345,1,1,log-distance,47,48,veh7,veh8,5,5,0,289.334,1,12.777,5.98034,-75.9056,21.0707,5,0.066,0.04,0.0532222
juelich_pilot_d30_r5_log_distance_s01_w1,juelich,12345,1,1,log-distance,47,48,veh7,veh9,5,0,1,802.931,0,12.777,7.12673,nan,nan,0,0.066,0.058,0.0532222
juelich_pilot_d30_r5_log_distance_s01_w1,juelich,12345,1,1,log-distance,47,48,veh8,veh0,5,0,1,965.68,0,5.98034,14.023,nan,nan,0,0.04,0.07,0.0532222
juelich_pilot_d30_r5_log_distance_s01_w1,juelich,12345,1,1,log-distance,47,48,veh8,veh1,5,0,1,950.836,0,5.98034,7.7927,nan,nan,0,0.04,0.051,0.0532222
juelich_pilot_d30_r5_log_distance_s01_w1,juelich,12345,1,1,log-distance,47,48,veh8,veh11,5,0,1,951.469,0,5.98034,2.81285,nan,nan,0,0.04,0.055,0.0532222
juelich_pilot_d30_r5_log_distance_s01_w1,juelich,12345,1,1,log-distance,47,48,veh8,veh13,5,0,1,962.258,0,5.98034,6.35002,nan,nan,0,0.04,0.07,0.0532222
juelich_pilot_d30_r5_log_distance_s01_w1,juelich,12345,1,1,log-distance,47,48,veh8,veh15,5,0,1,768.49,0,5.98034,7.72014,nan,nan,0,0.04,0.05,0.0532222
juelich_pilot_d30_r5_log_distance_s01_w1,juelich,12345,1,1,log-distance,47,48,veh8,veh16,5,0,1,730.612,0,5.98034,8.7077,nan,nan,0,0.04,0.04,0.0532222
juelich_pilot_d30_r5_log_distance_s01_w1,juelich,12345,1,1,log-distance,47,48,veh8,veh17,5,5,0,421.9,1,5.98034,3.25845,-79.1819,17.7944,5,0.04,0.055,0.0532222
juelich_pilot_d30_r5_log_distance_s01_w1,juelich,12345,1,1,log-distance,47,48,veh8,veh2,5,5,0,393.261,1,5.98034,0,-78.5713,18.405,5,0.04,0.035,0.0532222
juelich_pilot_d30_r5_log_distance_s01_w1,juelich,12345,1,1,log-distance,47,48,veh8,veh3,5,5,0,269.52,1,5.98034,12.1328,-75.289,21.6873,5,0.04,0.04,0.0532222
juelich_pilot_d30_r5_log_distance_s01_w1,juelich,12345,1,1,log-distance,47,48,veh8,veh4,5,0,1,973.812,0,5.98034,8.76577,nan,nan,0,0.04,0.07,0.0532222
juelich_pilot_d30_r5_log_distance_s01_w1,juelich,12345,1,1,log-distance,47,48,veh8,veh5,5,5,0,547.395,0,5.98034,9.18541,-81.4437,15.5326,5,0.04,0.058,0.0532222
juelich_pilot_d30_r5_log_distance_s01_w1,juelich,12345,1,1,log-distance,47,48,veh8,veh7,5,5,0,289.334,1,5.98034,12.777,-75.9056,21.0707,5,0.04,0.066,0.0532222
juelich_pilot_d30_r5_log_distance_s01_w1,juelich,12345,1,1,log-distance,47,48,veh8,veh9,5,0,1,953.92,0,5.98034,7.12673,nan,nan,0,0.04,0.058,0.0532222
juelich_pilot_d30_r5_log_distance_s01_w1,juelich,12345,1,1,log-distance,47,48,veh9,veh0,5,5,0,566.1,0,7.12673,14.023,-81.7355,15.2408,5,0.058,0.07,0.0532222
juelich_pilot_d30_r5_log_distance_s01_w1,juelich,12345,1,1,log-distance,47,48,veh9,veh1,5,5,0,104.349,1,7.12673,7.7927,-67.0475,29.9288,5,0.058,0.051,0.0532222
juelich_pilot_d30_r5_log_distance_s01_w1,juelich,12345,1,1,log-distance,47,48,veh9,veh10,5,5,0,192.375,1,7.12673,8.67211,-72.3607,24.6156,5,0.058,0.05,0.0532222
juelich_pilot_d30_r5_log_distance_s01_w1,juelich,12345,1,1,log-distance,47,48,veh9,veh11,5,5,0,47.8434,1,7.12673,2.81285,-60.271,36.7053,5,0.058,0.055,0.0532222
juelich_pilot_d30_r5_log_distance_s01_w1,juelich,12345,1,1,log-distance,47,48,veh9,veh12,5,5,0,496.938,1,7.12673,8.45876,-80.6035,16.3727,5,0.058,0.05,0.0532222
juelich_pilot_d30_r5_log_distance_s01_w1,juelich,12345,1,1,log-distance,47,48,veh9,veh13,5,5,0,316.581,1,7.12673,6.35002,-76.6872,20.2891,5,0.058,0.07,0.0532222
juelich_pilot_d30_r5_log_distance_s01_w1,juelich,12345,1,1,log-distance,47,48,veh9,veh14,5,1,0.8,591.064,0,7.12673,16.1718,-81.9972,14.9791,1,0.058,0.05,0.0532222
juelich_pilot_d30_r5_log_distance_s01_w1,juelich,12345,1,1,log-distance,47,48,veh9,veh15,5,0,1,913.033,0,7.12673,7.72014,nan,nan,0,0.058,0.05,0.0532222
juelich_pilot_d30_r5_log_distance_s01_w1,juelich,12345,1,1,log-distance,47,48,veh9,veh17,5,0,1,837.509,0,7.12673,3.25845,nan,nan,0,0.058,0.055,0.0532222
juelich_pilot_d30_r5_log_distance_s01_w1,juelich,12345,1,1,log-distance,47,48,veh9,veh4,5,5,0,171.318,1,7.12673,8.76577,-71.3535,25.6228,5,0.058,0.07,0.0532222
juelich_pilot_d30_r5_log_distance_s01_w1,juelich,12345,1,1,log-distance,47,48,veh9,veh5,5,0,1,823.06,0,7.12673,9.18541,nan,nan,0,0.058,0.058,0.0532222
juelich_pilot_d30_r5_log_distance_s01_w1,juelich,12345,1,1,log-distance,47,48,veh9,veh6,5,5,0,209.408,1,7.12673,6.0591,-73.097,23.8793,5,0.058,0.05,0.0532222
juelich_pilot_d30_r5_log_distance_s01_w1,juelich,12345,1,1,log-distance,47,48,veh9,veh7,5,0,1,802.931,0,7.12673,12.777,nan,nan,0,0.058,0.066,0.0532222
juelich_pilot_d30_r5_log_distance_s01_w1,juelich,12345,1,1,log-distance,47,48,veh9,veh8,5,0,1,953.92,0,7.12673,5.98034,nan,nan,0,0.058,0.04,0.0532222
juelich_pilot_d30_r5_log_distance_s01_w1,juelich,12345,1,1,log-distance,48,49,veh0,veh1,5,0,1,670.575,0,14.0716,7.76381,nan,nan,0,0.072,0.055,0.0553684
juelich_pilot_d30_r5_log_distance_s01_w1,juelich,12345,1,1,log-distance,48,49,veh0,veh10,5,5,0,506.521,0,14.0716,9.80519,-80.7696,16.2066,5,0.072,0.05,0.0553684
juelich_pilot_d30_r5_log_distance_s01_w1,juelich,12345,1,1,log-distance,48,49,veh0,veh11,5,0,1,622.823,0,14.0716,1.68463,nan,nan,0,0.072,0.055,0.0553684
juelich_pilot_d30_r5_log_distance_s01_w1,juelich,12345,1,1,log-distance,48,49,veh0,veh12,5,5,0,443.714,1,14.0716,8.48145,-79.6197,17.3566,5,0.072,0.05,0.0553684
juelich_pilot_d30_r5_log_distance_s01_w1,juelich,12345,1,1,log-distance,48,49,veh0,veh13,5,5,0,271.64,1,14.0716,6.31659,-75.3565,21.6198,5,0.072,0.072,0.0553684
juelich_pilot_d30_r5_log_distance_s01_w1,juelich,12345,1,1,log-distance,48,49,veh0,veh14,5,5,0,469.421,1,14.0716,16.183,-80.1089,16.8674,5,0.072,0.05,0.0553684
juelich_pilot_d30_r5_log_distance_s01_w1,juelich,12345,1,1,log-distance,48,49,veh0,veh15,5,5,0,459.461,1,14.0716,7.7222,-79.9225,17.0538,5,0.072,0.052,0.0553684
juelich_pilot_d30_r5_log_distance_s01_w1,juelich,12345,1,1,log-distance,48,49,veh0,veh17,5,0,1,621.198,0,14.0716,5.23833,nan,nan,0,0.072,0.057,0.0553684
juelich_pilot_d30_r5_log_distance_s01_w1,juelich,12345,1,1,log-distance,48,49,veh0,veh18,2,0,1,655.143,0,14.0765,0.250381,nan,nan,0,0.072,0.06,0.0553684
juelich_pilot_d30_r5_log_distance_s01_w1,juelich,12345,1,1,log-distance,48,49,veh0,veh4,5,5,0,413.873,1,14.0716,8.93445,-79.0149,17.9614,5,0.072,0.072,0.0553684
juelich_pilot_d30_r5_log_distance_s01_w1,juelich,12345,1,1,log-distance,48,49,veh0,veh5,5,5,0,517.734,0,14.0716,11.0496,-80.9598,16.0165,5,0.072,0.062,0.0553684
juelich_pilot_d30_r5_log_distance_s01_w1,juelich,12345,1,1,log-distance,48,49,veh0,veh6,5,5,0,488.002,1,14.0716,7.33991,-80.4461,16.5302,5,0.072,0.05,0.0553684
juelich_pilot_d30_r5_log_distance_s01_w1,juelich,12345,1,1,log-distance,48,49,veh0,veh7,5,0,1,690.337,0,14.0716,12.8064,nan,nan,0,0.072,0.072,0.0553684
juelich_pilot_d30_r5_log_distance_s01_w1,juelich,12345,1,1,log-distance,48,49,veh0,veh8,5,0,1,973.155,0,14.0716,7.99177,nan,nan,0,0.072,0.042,0.0553684
juelich_pilot_d30_r5_log_distance_s01_w1,juelich,12345,1,1,log-distance,48,49,veh0,veh9,5,5,0,572.509,0,14.0716,7.08779,-81.8333,15.143,5,0.072,0.06,0.0553684
juelich_pilot_d30_r5_log_distance_s01_w1,juelich,12345,1,1,log-distance,48,49,veh1,veh0,5,0,1,670.575,0,7.76381,14.0716,nan,nan,0,0.055,0.072,0.0553684
juelich_pilot_d30_r5_log_distance_s01_w1,juelich,12345,1,1,log-distance,48,49,veh1,veh10,5,5,0,281.578,1,7.76381,9.80519,-75.6697,21.3066,5,0.055,0.05,0.0553684
juelich_pilot_d30_r5_log_distance_s01_w1,juelich,12345,1,1,log-distance,48,49,veh1,veh11,5,5,0,50.3673,1,7.76381,1.68463,-60.7158,36.2605,5,0.055,0.055,0.0553684
juelich_pilot_d30_r5_log_distance_s01_w1,juelich,12345,1,1,log-distance,48,49,veh1,veh12,5,5,0,578.368,0,7.76381,8.48145,-81.9216,15.0547,5,0.055,0.05,0.0553684
juelich_pilot_d30_r5_log_distance_s01_w1,juelich,12345,1,1,log-distance,48,49,veh1,veh13,5,5,0,410.224,1,7.76381,6.31659,-78.938,18.0383,5,0.055,0.072,0.0553684
juelich_pilot_d30_r5_log_distance_s01_w1,juelich,12345,1,1,log-distance,48,49,veh1,veh14,5,0,1,665.459,0,7.76381,16.183,nan,nan,0,0.055,0.05,0.0553684
juelich_pilot_d30_r5_log_distance_s01_w1,juelich,12345,1,1,log-distance,48,49,veh1,veh15,5,0,1,975.443,0,7.76381,7.7222,nan,nan,0,0.055,0.052,0.0553684
juelich_pilot_d30_r5_log_distance_s01_w1,juelich,12345,1,1,log-distance,48,49,veh1,veh17,5,0,1,874.142,0,7.76381,5.23833,nan,nan,0,0.055,0.057,0.0553684
juelich_pilot_d30_r5_log_distance_s01_w1,juelich,12345,1,1,log-distance,48,49,veh1,veh18,2,0,1,877.699,0,7.76024,0.250381,nan,nan,0,0.055,0.06,0.0553684
juelich_pilot_d30_r5_log_distance_s01_w1,juelich,12345,1,1,log-distance,48,49,veh1,veh4,5,5,0,268.987,1,7.76381,8.93445,-75.2721,21.7042,5,0.055,0.072,0.0553684
juelich_pilot_d30_r5_log_distance_s01_w1,juelich,12345,1,1,log-distance,48,49,veh1,veh5,5,0,1,867.145,0,7.76381,11.0496,nan,nan,0,0.055,0.062,0.0553684
juelich_pilot_d30_r5_log_distance_s01_w1,juelich,12345,1,1,log-distance,48,49,veh1,veh6,5,5,0,291.14,1,7.76381,7.33991,-75.9593,21.017,5,0.055,0.05,0.0553684
juelich_pilot_d30_r5_log_distance_s01_w1,juelich,12345,1,1,log-distance,48,49,veh1,veh7,5,0,1,815.295,0,7.76381,12.8064,nan,nan,0,0.055,0.072,0.0553684
juelich_pilot_d30_r5_log_distance_s01_w1,juelich,12345,1,1,log-distance,48,49,veh1,veh8,5,0,1,954.015,0,7.76381,7.99177,nan,nan,0,0.055,0.042,0.0553684
juelich_pilot_d30_r5_log_distance_s01_w1,juelich,12345,1,1,log-distance,48,49,veh1,veh9,5,5,0,103.668,1,7.76381,7.08779,-66.9905,29.9857,5,0.055,0.06,0.0553684
juelich_pilot_d30_r5_log_distance_s01_w1,juelich,12345,1,1,log-distance,48,49,veh10,veh0,5,5,0,506.521,0,9.80519,14.0716,-80.7696,16.2066,5,0.05,0.072,0.0553684
juelich_pilot_d30_r5_log_distance_s01_w1,juelich,12345,1,1,log-distance,48,49,veh10,veh1,5,5,0,281.578,1,9.80519,7.76381,-75.6697,21.3066,5,0.05,0.055,0.0553684
juelich_pilot_d30_r5_log_distance_s01_w1,juelich,12345,1,1,log-distance,48,49,veh10,veh11,5,5,0,237.336,1,9.80519,1.68463,-74.1847,22.7916,5,0.05,0.055,0.0553684
juelich_pilot_d30_r5_log_distance_s01_w1,juelich,12345,1,1,log-distance,48,49,veh10,veh12,5,5,0,297.569,1,9.80519,8.48145,-76.1487,20.8276,5,0.05,0.05,0.0553684
juelich_pilot_d30_r5_log_distance_s01_w1,juelich,12345,1,1,log-distance,48,49,veh10,veh13,5,5,0,243.264,1,9.80519,6.31659,-74.3985,22.5778,5,0.05,0.072,0.0553684
juelich_pilot_d30_r5_log_distance_s01_w1,juelich,12345,1,1,log-distance,48,49,veh10,veh14,5,5,0,384.432,1,9.80519,16.183,-78.3729,18.6034,5,0.05,0.05,0.0553684
juelich_pilot_d30_r5_log_distance_s01_w1,juelich,12345,1,1,log-distance,48,49,veh10,veh15,5,0,1,910.127,0,9.80519,7.7222,nan,nan,0,0.05,0.052,0.0553684
juelich_pilot_d30_r5_log_distance_s01_w1,juelich,12345,1,1,log-distance,48,49,veh10,veh17,5,0,1,913.266,0,9.80519,5.23833,nan,nan,0,0.05,0.057,0.0553684
juelich_pilot_d30_r5_log_distance_s01_w1,juelich,12345,1,1,log-distance,48,49,veh10,veh18,2,0,1,928.947,0,9.28162,0.250381,nan,nan,0,0.05,0.06,0.0553684
juelich_pilot_d30_r5_log_distance_s01_w1,juelich,12345,1,1,log-distance,48,49,veh10,veh4,5,5,0,144.523,1,9.80519,8.93445,-69.8754,27.1008,5,0.05,0.072,0.0553684
juelich_pilot_d30_r5_log_distance_s01_w1,juelich,12345,1,1,log-distance,48,49,veh10,veh5,5,0,1,866.114,0,9.80519,11.0496,nan,nan,0,0.05,0.062,0.0553684
juelich_pilot_d30_r5_log_distance_s01_w1,juelich,12345,1,1,log-distance,48,49,veh10,veh6,5,5,0,18.9284,1,9.80519,7.33991,-52.2049,44.7713,5,0.05,0.05,0.0553684
juelich_pilot_d30_r5_log_distance_s01_w1,juelich,12345,1,1,log-distance,48,49,veh10,veh7,5,0,1,899.502,0,9.80519,12.8064,nan,nan,0,0.05,0.072,0.0553684
juelich_pilot_d30_r5_log_distance_s01_w1,juelich,12345,1,1,log-distance,48,49,veh10,veh9,5,5,0,194.281,1,9.80519,7.08779,-72.4463,24.53,5,0.05,0.06,0.0553684
juelich_pilot_d30_r5_log_distance_s01_w1,juelich,12345,1,1,log-distance,48,49,veh11,veh0,5,0,1,622.823,0,1.68463,14.0716,nan,nan,0,0.055,0.072,0.0553684
juelich_pilot_d30_r5_log_distance_s01_w1,juelich,12345,1,1,log-distance,48,49,veh11,veh1,5,5,0,50.3673,1,1.68463,7.76381,-60.7158,36.2605,5,0.055,0.055,0.0553684
juelich_pilot_d30_r5_log_distance_s01_w1,juelich,12345,1,1,log-distance,48,49,veh11,veh10,5,5,0,237.336,1,1.68463,9.80519,-74.1847,22.7916,5,0.055,0.05,0.0553684
juelich_pilot_d30_r5_log_distance_s01_w1,juelich,12345,1,1,log-distance,48,49,veh11,veh12,5,5,0,532.347,0,1.68463,8.48145,-81.2015,15.7748,5,0.055,0.05,0.0553684
juelich_pilot_d30_r5_log_distance_s01_w1,juelich,12345,1,1,log-distance,48,49,veh11,veh13,5,5,0,360.624,1,1.68463,6.31659,-77.8188,19.1575,5,0.055,0.072,0.0553684
juelich_pilot_d30_r5_log_distance_s01_w1,juelich,12345,1,1,log-distance,48,49,veh11,veh14,5,0,1,619.512,0,1.68463,16.183,nan,nan,0,0.055,0.05,0.0553684
juelich_pilot_d30_r5_log_distance_s01_w1,juelich,12345,1,1,log-distance,48,49,veh11,veh15,5,0,1,938.854,0,1.68463,7.7222,nan,nan,0,0.055,0.052,0.0553684
juelich_pilot_d30_r5_log_distance_s01_w1,juelich,12345,1,1,log-distance,48,49,veh11,veh17,5,0,1,852.393,0,1.68463,5.23833,nan,nan,0,0.055,0.057,0.0553684
juelich_pilot_d30_r5_log_distance_s01_w1,juelich,12345,1,1,log-distance,48,49,veh11,veh18,2,0,1,858.733,0,2.26439,0.250381,nan,nan,0,0.055,0.06,0.0553684
juelich_pilot_d30_r5_log_distance_s01_w1,juelich,12345,1,1,log-distance,48,49,veh11,veh4,5,5,0,218.798,1,1.68463,8.93445,-73.4786,23.4977,5,0.055,0.072,0.0553684
juelich_pilot_d30_r5_log_distance_s01_w1,juelich,12345,1,1,log-distance,48,49,veh11,veh5,5,0,1,838.865,0,1.68463,11.0496,nan,nan,0,0.055,0.062,0.0553684
juelich_pilot_d30_r5_log_distance_s01_w1,juelich,12345,1,1,log-distance,48,49,veh11,veh6,5,5,0,245.484,1,1.68463,7.33991,-74.478,22.4983,5,0.055,0.05,0.0553684
juelich_pilot_d30_r5_log_distance_s01_w1,juelich,12345,1,1,log-distance,48,49,veh11,veh7,5,0,1,801.3,0,1.68463,12.8064,nan,nan,0,0.055,0.072,0.0553684
juelich_pilot_d30_r5_log_distance_s01_w1,juelich,12345,1,1,log-distance,48,49,veh11,veh8,5,0,1,954.488,0,1.68463,7.99177,nan,nan,0,0.055,0.042,0.0553684
juelich_pilot_d30_r5_log_distance_s01_w1,juelich,12345,1,1,log-distance,48,49,veh11,veh9,5,5,0,53.3028,1,1.68463,7.08779,-61.2093,35.767,5,0.055,0.06,0.0553684
juelich_pilot_d30_r5_log_distance_s01_w1,juelich,12345,1,1,log-distance,48,49,veh12,veh0,5,5,0,443.714,1,8.48145,14.0716,-79.6197,17.3566,5,0.05,0.072,0.0553684
juelich_pilot_d30_r5_log_distance_s01_w1,juelich,12345,1,1,log-distance,48,49,veh12,veh1,5,5,0,578.368,0,8.48145,7.76381,-81.9216,15.0547,5,0.05,0.055,0.0553684
juelich_pilot_d30_r5_log_distance_s01_w1,juelich,12345,1,1,log-distance,48,49,veh12,veh10,5,5,0,297.569,1,8.48145,9.80519,-76.1487,20.8276,5,0.05,0.05,0.0553684
juelich_pilot_d30_r5_log_distance_s01_w1,juelich,12345,1,1,log-distance,48,49,veh12,veh11,5,5,0,532.347,0,8.48145,1.68463,-81.2015,15.7748,5,0.05,0.055,0.0553684
juelich_pilot_d30_r5_log_distance_s01_w1,juelich,12345,1,1,log-distance,48,49,veh12,veh13,5,5,0,318.986,1,8.48145,6.31659,-76.7524,20.2238,5,0.05,0.072,0.0553684
juelich_pilot_d30_r5_log_distance_s01_w1,juelich,12345,1,1,log-distance,48,49,veh12,veh14,5,5,0,87.2849,1,8.48145,16.183,-65.494,31.4823,5,0.05,0.05,0.0553684
juelich_pilot_d30_r5_log_distance_s01_w1,juelich,12345,1,1,log-distance,48,49,veh12,veh15,5,0,1,902.711,0,8.48145,7.7222,nan,nan,0,0.05,0.052,0.0553684
juelich_pilot_d30_r5_log_distance_s01_w1,juelich,12345,1,1,log-distance,48,49,veh12,veh4,5,5,0,360.968,1,8.48145,8.93445,-77.8271,19.1492,5,0.05,0.072,0.0553684
juelich_pilot_d30_r5_log_distance_s01_w1,juelich,12345,1,1,log-distance,48,49,veh12,veh5,5,0,1,931.381,0,8.48145,11.0496,nan,nan,0,0.05,0.062,0.0553684
juelich_pilot_d30_r5_log_distance_s01_w1,juelich,12345,1,1,log-distance,48,49,veh12,veh6,5,5,0,287.231,1,8.48145,7.33991,-75.8423,21.134,5,0.05,0.05,0.0553684
juelich_pilot_d30_r5_log_distance_s01_w1,juelich,12345,1,1,log-distance,48,49,veh12,veh9,5,5,0,484.94,1,8.48145,7.08779,-80.3912,16.585,5,0.05,0.06,0.0553684
juelich_pilot_d30_r5_log_distance_s01_w1,juelich,12345,1,1,log-distance,48,49,veh13,veh0,5,5,0,271.64,1,6.31659,14.0716,-75.3565,21.6198,5,0.072,0.072,0.0553684
juelich_pilot_d30_r5_log_distance_s01_w1,juelich,12345,1,1,log-distance,48,49,veh13,veh1,5,5,0,410.224,1,6.31659,7.76381,-78.938,18.0383,5,0.072,0.055,0.0553684
juelich_pilot_d30_r5_log_distance_s01_w1,juelich,12345,1,1,log-distance,48,49,veh13,veh10,5,5,0,243.264,1,6.31659,9.80519,-74.3985,22.5778,5,0.072,0.05,0.0553684
juelich_pilot_d30_r5_log_distance_s01_w1,juelich,12345,1,1,log-distance,48,49,veh13,veh11,5,5,0,360.624,1,6.31659,1.68463,-77.8188,19.1575,5,0.072,0.055,0.0553684
juelich_pilot_d30_r5_log_distance_s01_w1,juelich,12345,1,1,log-distance,48,49,veh13,veh12,5,5,0,318.986,1,6.31659,8.48145,-76.7524,20.2238,5,0.072,0.05,0.0553684
juelich_pilot_d30_r5_log_distance_s01_w1,juelich,12345,1,1,log-distance,48,49,veh13,veh14,5,5,0,389.192,1,6.31659,16.183,-78.4807,18.4956,5,0.072,0.05,0.0553684
juelich_pilot_d30_r5_log_distance_s01_w1,juelich,12345,1,1,log-distance,48,49,veh13,veh15,5,0,1,669.82,0,6.31659,7.7222,nan,nan,0,0.072,0.052,0.0553684
juelich_pilot_d30_r5_log_distance_s01_w1,juelich,12345,1,1,log-distance,48,49,veh13,veh17,5,0,1,711.525,0,6.31659,5.23833,nan,nan,0,0.072,0.057,0.0553684
juelich_pilot_d30_r5_log_distance_s01_w1,juelich,12345,1,1,log-distance,48,49,veh13,veh18,2,0,1,735.244,0,6.32116,0.250381,nan,nan,0,0.072,0.06,0.0553684
juelich_pilot_d30_r5_log_distance_s01_w1,juelich,12345,1,1,log-distance,48,49,veh13,veh4,5,5,0,144.298,1,6.31659,8.93445,-69.8625,27.1138,5,0.072,0.072,0.0553684
juelich_pilot_d30_r5_log_distance_s01_w1,juelich,12345,1,1,log-distance,48,49,veh13,veh5,5,0,1,646.409,0,6.31659,11.0496,nan,nan,0,0.072,0.062,0.0553684
juelich_pilot_d30_r5_log_distance_s01_w1,juelich,12345,1,1,log-distance,48,49,veh13,veh6,5,5,0,225.488,1,6.31659,7.33991,-73.7393,23.2369,5,0.072,0.05,0.0553684
juelich_pilot_d30_r5_log_distance_s01_w1,juelich,12345,1,1,log-distance,48,49,veh13,veh7,5,0,1,726.015,0,6.31659,12.8064,nan,nan,0,0.072,0.072,0.0553684
juelich_pilot_d30_r5_log_distance_s01_w1,juelich,12345,1,1,log-distance,48,49,veh13,veh8,5,0,1,968.415,0,6.31659,7.99177,nan,nan,0,0.072,0.042,0.0553684
juelich_pilot_d30_r5_log_distance_s01_w1,juelich,12345,1,1,log-distance,48,49,veh13,veh9,5,5,0,308.243,1,6.31659,7.08779,-76.4553,20.521,5,0.072,0.06,0.0553684
juelich_pilot_d30_r5_log_distance_s01_w1,juelich,12345,1,1,log-distance,48,49,veh14,veh0,5,5,0,469.421,1,16.183,14.0716,-80.1089,2.2797,5,0.05,0.072,0.0553684
juelich_pilot_d30_r5_log_distance_s01_w1,juelich,12345,1,1,log-distance,48,49,veh14,veh1,5,0,1,665.459,0,16.183,7.76381,nan,nan,0,0.05,0.055,0.0553684
juelich_pilot_d30_r5_log_distance_s01_w1,juelich,12345,1,1,log-distance,48,49,veh14,veh10,5,5,0,384.432,1,16.183,9.80519,-78.3729,7.19111,5,0.05,0.05,0.0553684
juelich_pilot_d30_r5_log_distance_s01_w1,juelich,12345,1,1,log-distance,48,49,veh14,veh11,5,0,1,619.512,0,16.183,1.68463,nan,nan,0,0.05,0.055,0.0553684
juelich_pilot_d30_r5_log_distance_s01_w1,juelich,12345,1,1,log-distance,48,49,veh14,veh12,5,5,0,87.2849,1,16.183,8.48145,-65.494,20.8963,5,0.05,0.05,0.0553684
juelich_pilot_d30_r5_log_distance_s01_w1,juelich,12345,1,1,log-distance,48,49,veh14,veh13,5,5,0,389.192,1,16.183,6.31659,-78.4807,5.04024,5,0.05,0.072,0.0553684
juelich_pilot_d30_r5_log_distance_s01_w1,juelich,12345,1,1,log-distance,48,49,veh14,veh15,5,0,1,927.059,0,16.183,7.7222,nan,nan,0,0.05,0.052,0.0553684
juelich_pilot_d30_r5_log_distance_s01_w1,juelich,12345,1,1,log-distance,48,49,veh14,veh4,5,5,0,444.975,1,16.183,8.93445,-79.6444,4.51864,5,0.05,0.072,0.0553684
juelich_pilot_d30_r5_log_distance_s01_w1,juelich,12345,1,1,log-distance,48,49,veh14,veh5,5,0,1,974.505,0,16.183,11.0496,nan,nan,0,0.05,0.062,0.0553684
juelich_pilot_d30_r5_log_distance_s01_w1,juelich,12345,1,1,log-distance,48,49,veh14,veh6,5,5,0,374.36,1,16.183,7.33991,-78.1432,7.30669,5,0.05,0.05,0.0553684
juelich_pilot_d30_r5_log_distance_s01_w1,juelich,12345,1,1,log-distance,48,49,veh14,veh9,5,5,0,572.061,0,16.183,7.08779,-81.8262,2.97589,5,0.05,0.06,0.0553684
juelich_pilot_d30_r5_log_distance_s01_w1,juelich,12345,1,1,log-distance,48,49,veh15,veh0,5,5,0,459.461,1,7.7222,14.0716,-79.9225,2.48787,5,0.052,0.072,0.0553684
juelich_pilot_d30_r5_log_distance_s01_w1,juelich,12345,1,1,log-distance,48,49,veh15,veh1,5,0,1,975.443,0,7.7222,7.76381,nan,nan,0,0.052,0.055,0.0553684
juelich_pilot_d30_r5_log_distance_s01_w1,juelich,12345,1,1,log-distance,48,49,veh15,veh10,5,0,1,910.127,0,7.7222,9.80519,nan,nan,0,0.052,0.05,0.0553684
juelich_pilot_d30_r5_log_distance_s01_w1,juelich,12345,1,1,log-distance,48,49,veh15,veh11,5,0,1,938.854,0,7.7222,1.68463,nan,nan,0,0.052,0.055,0.0553684
juelich_pilot_d30_r5_log_distance_s01_w1,juelich,12345,1,1,log-distance,48,49,veh15,veh12,5,0,1,902.711,0,7.7222,8.48145,nan,nan,0,0.052,0.05,0.0553684
juelich_pilot_d30_r5_log_distance_s01_w1,juelich,12345,1,1,log-distance,48,49,veh15,veh13,5,0,1,669.82,0,7.7222,6.31659,nan,nan,0,0.052,0.072,0.0553684
juelich_pilot_d30_r5_log_distance_s01_w1,juelich,12345,1,1,log-distance,48,49,veh15,veh14,5,0,1,927.059,0,7.7222,16.183,nan,nan,0,0.052,0.05,0.0553684
juelich_pilot_d30_r5_log_distance_s01_w1,juelich,12345,1,1,log-distance,48,49,veh15,veh16,5,0,1,633.186,0,7.7222,10.7819,nan,nan,0,0.052,0.042,0.0553684
juelich_pilot_d30_r5_log_distance_s01_w1,juelich,12345,1,1,log-distance,48,49,veh15,veh17,5,5,0,344.437,1,7.7222,5.23833,-77.4198,7.58562,5,0.052,0.057,0.0553684
juelich_pilot_d30_r5_log_distance_s01_w1,juelich,12345,1,1,log-distance,48,49,veh15,veh18,2,2,0,382.214,1,7.72238,0.250381,-78.3238,6.7419,2,0.052,0.06,0.0553684
juelich_pilot_d30_r5_log_distance_s01_w1,juelich,12345,1,1,log-distance,48,49,veh15,veh2,5,0,1,993.15,0,7.7222,0,nan,nan,0,0.052,0.037,0.0553684
juelich_pilot_d30_r5_log_distance_s01_w1,juelich,12345,1,1,log-distance,48,49,veh15,veh3,5,0,1,802.743,0,7.7222,12.1711,nan,nan,0,0.052,0.042,0.0553684
juelich_pilot_d30_r5_log_distance_s01_w1,juelich,12345,1,1,log-distance,48,49,veh15,veh4,5,0,1,781.438,0,7.7222,8.93445,nan,nan,0,0.052,0.072,0.0553684
juelich_pilot_d30_r5_log_distance_s01_w1,juelich,12345,1,1,log-distance,48,49,veh15,veh5,5,5,0,221.632,1,7.7222,11.0496,-73.5902,11.2849,5,0.052,0.062,0.0553684
juelich_pilot_d30_r5_log_distance_s01_w1,juelich,12345,1,1,log-distance,48,49,veh15,veh6,5,0,1,893.181,0,7.7222,7.33991,nan,nan,0,0.052,0.05,0.0553684
juelich_pilot_d30_r5_log_distance_s01_w1,juelich,12345,1,1,log-distance,48,49,veh15,veh7,5,5,0,485.454,1,7.7222,12.8064,-80.4006,4.10005,5,0.052,0.072,0.0553684
juelich_pilot_d30_r5_log_distance_s01_w1,juelich,12345,1,1,log-distance,48,49,veh15,veh8,5,0,1,764.096,0,7.7222,7.99177,nan,nan,0,0.052,0.042,0.0553684
juelich_pilot_d30_r5_log_distance_s01_w1,juelich,12345,1,1,log-distance,48,49,veh15,veh9,5,0,1,901.031,0,7.7222,7.08779,nan,nan,0,0.052,0.06,0.0553684
juelich_pilot_d30_r5_log_distance_s01_w1,juelich,12345,1,1,log-distance,48,49,veh16,veh15,5,0,1,633.186,0,10.7819,7.7222,nan,nan,0,0.042,0.052,0.0553684
juelich_pilot_d30_r5_log_distance_s01_w1,juelich,12345,1,1,log-distance,48,49,veh16,veh17,5,5,0,566.259,0,10.7819,5.23833,-81.738,15.2383,5,0.042,0.057,0.0553684
juelich_pilot_d30_r5_log_distance_s01_w1,juelich,12345,1,1,log-distance,48,49,veh16,veh18,2,2,0,560.332,0,11.3517,0.250381,-81.6466,15.3297,2,0.042,0.06,0.0553684
juelich_pilot_d30_r5_log_distance_s01_w1,juelich,12345,1,1,log-distance,48,49,veh16,veh2,5,0,1,647.558,0,10.7819,0,nan,nan,0,0.042,0.037,0.0553684
juelich_pilot_d30_r5_log_distance_s01_w1,juelich,12345,1,1,log-distance,48,49,veh16,veh3,5,5,0,536.303,0,10.7819,12.1711,-81.2656,15.7107,5,0.042,0.042,0.0553684
juelich_pilot_d30_r5_log_distance_s01_w1,juelich,12345,1,1,log-distance,48,49,veh16,veh5,5,0,1,598.455,0,10.7819,11.0496,nan,nan,0,0.042,0.062,0.0553684
juelich_pilot_d30_r5_log_distance_s01_w1,juelich,12345,1,1,log-distance,48,49,veh16,veh7,5,0,1,647.209,0,10.7819,12.8064,nan,nan,0,0.042,0.072,0.0553684
juelich_pilot_d30_r5_log_distance_s01_w1,juelich,12345,1,1,log-distance,48,49,veh16,veh8,5,0,1,713.706,0,10.7819,7.99177,nan,nan,0,0.042,0.042,0.0553684
juelich_pilot_d30_r5_log_distance_s01_w1,juelich,12345,1,1,log-distance,48,49,veh17,veh0,5,0,1,621.198,0,5.23833,14.0716,nan,nan,0,0.057,0.072,0.0553684
juelich_pilot_d30_r5_log_distance_s01_w1,juelich,12345,1,1,log-distance,48,49,veh17,veh1,5,0,1,874.142,0,5.23833,7.76381,nan,nan,0,0.057,0.055,0.0553684
juelich_pilot_d30_r5_log_distance_s01_w1,juelich,12345,1,1,log-distance,48,49,veh17,veh10,5,0,1,913.266,0,5.23833,9.80519,nan,nan,0,0.057,0.05,0.0553684
juelich_pilot_d30_r5_log_distance_s01_w1,juelich,12345,1,1,log-distance,48,49,veh17,veh11,5,0,1,852.393,0,5.23833,1.68463,nan,nan,0,0.057,0.055,0.0553684
juelich_pilot_d30_r5_log_distance_s01_w1,juelich,12345,1,1,log-distance,48,49,veh17,veh13,5,0,1,711.525,0,5.23833,6.31659,nan,nan,0,0.057,0.072,0.0553684
juelich_pilot_d30_r5_log_distance_s01_w1,juelich,12345,1,1,log-distance,48,49,veh17,veh15,5,5,0,344.437,1,5.23833,7.7222,-77.4198,19.5564,5,0.057,0.052,0.0553684
juelich_pilot_d30_r5_log_distance_s01_w1,juelich,12345,1,1,log-distance,48,49,veh17,veh16,5,5,0,566.259,0,5.23833,10.7819,-81.738,15.2383,5,0.057,0.042,0.0553684
juelich_pilot_d30_r5_log_distance_s01_w1,juelich,12345,1,1,log-distance,48,49,veh17,veh18,2,2,0,39.8571,1,5.78272,0.250381,-58.6872,38.2891,2,0.057,0.06,0.0553684
juelich_pilot_d30_r5_log_distance_s01_w1,juelich,12345,1,1,log-distance,48,49,veh17,veh2,5,0,1,689.996,0,5.23833,0,nan,nan,0,0.057,0.037,0.0553684
juelich_pilot_d30_r5_log_distance_s01_w1,juelich,12345,1,1,log-distance,48,49,veh17,veh3,5,5,0,496.965,1,5.23833,12.1711,-80.6042,16.3721,5,0.057,0.042,0.0553684
juelich_pilot_d30_r5_log_distance_s01_w1,juelich,12345,1,1,log-distance,48,49,veh17,veh4,5,0,1,769.026,0,5.23833,8.93445,nan,nan,0,0.057,0.072,0.0553684
juelich_pilot_d30_r5_log_distance_s01_w1,juelich,12345,1,1,log-distance,48,49,veh17,veh5,5,5,0,128.749,1,5.23833,11.0496,-68.8724,28.1038,5,0.057,0.062,0.0553684
juelich_pilot_d30_r5_log_distance_s01_w1,juelich,12345,1,1,log-distance,48,49,veh17,veh6,5,0,1,900.448,0,5.23833,7.33991,nan,nan,0,0.057,0.05,0.0553684
juelich_pilot_d30_r5_log_distance_s01_w1,juelich,12345,1,1,log-distance,48,49,veh17,veh7,5,5,0,148.217,1,5.23833,12.8064,-70.0957,26.8806,5,0.057,0.072,0.0553684
juelich_pilot_d30_r5_log_distance_s01_w1,juelich,12345,1,1,log-distance,48,49,veh17,veh8,5,5,0,420.164,1,5.23833,7.99177,-79.1461,17.8302,5,0.057,0.042,0.0553684
juelich_pilot_d30_r5_log_distance_s01_w1,juelich,12345,1,1,log-distance,48,49,veh17,veh9,5,0,1,831.377,0,5.23833,7.08779,nan,nan,0,0.057,0.06,0.0553684
juelich_pilot_d30_r5_log_distance_s01_w1,juelich,12345,1,1,log-distance,48,49,veh18,veh0,2,0,1,655.143,0,0.250381,14.0765,nan,nan,0,0.06,0.072,0.0553684
juelich_pilot_d30_r5_log_distance_s01_w1,juelich,12345,1,1,log-distance,48,49,veh18,veh1,2,0,1,877.699,0,0.250381,7.76024,nan,nan,0,0.06,0.055,0.0553684
juelich_pilot_d30_r5_log_distance_s01_w1,juelich,12345,1,1,log-distance,48,49,veh18,veh10,2,0,1,928.947,0,0.250381,9.28162,nan,nan,0,0.06,0.05,0.0553684
juelich_pilot_d30_r5_log_distance_s01_w1,juelich,12345,1,1,log-distance,48,49,veh18,veh11,2,0,1,858.733,0,0.250381,2.26439,nan,nan,0,0.06,0.055,0.0553684
juelich_pilot_d30_r5_log_distance_s01_w1,juelich,12345,1,1,log-distance,48,49,veh18,veh13,2,0,1,735.244,0,0.250381,6.32116,nan,nan,0,0.06,0.072,0.0553684
juelich_pilot_d30_r5_log_distance_s01_w1,juelich,12345,1,1,log-distance,48,49,veh18,veh15,2,2,0,382.214,1,0.250381,7.72238,-78.3238,18.6525,2,0.06,0.052,0.0553684
juelich_pilot_d30_r5_log_distance_s01_w1,juelich,12345,1,1,log-distance,48,49,veh18,veh16,2,2,0,560.332,0,0.250381,11.3517,-81.6466,15.3297,2,0.06,0.042,0.0553684
juelich_pilot_d30_r5_log_distance_s01_w1,juelich,12345,1,1,log-distance,48,49,veh18,veh17,2,2,0,39.8571,1,0.250381,5.78272,-58.6872,38.2891,2,0.06,0.057,0.0553684
juelich_pilot_d30_r5_log_distance_s01_w1,juelich,12345,1,1,log-distance,48,49,veh18,veh2,2,0,1,654.452,0,0.250381,0,nan,nan,0,0.06,0.037,0.0553684
juelich_pilot_d30_r5_log_distance_s01_w1,juelich,12345,1,1,log-distance,48,49,veh18,veh3,2,2,0,458.149,1,0.250381,12.2023,-79.8978,17.0785,2,0.06,0.042,0.0553684
juelich_pilot_d30_r5_log_distance_s01_w1,juelich,12345,1,1,log-distance,48,49,veh18,veh4,2,0,1,782.177,0,0.250381,9.14789,nan,nan,0,0.06,0.072,0.0553684
juelich_pilot_d30_r5_log_distance_s01_w1,juelich,12345,1,1,log-distance,48,49,veh18,veh5,2,2,0,169.28,1,0.250381,11.6371,-71.2497,25.7266,2,0.06,0.062,0.0553684
juelich_pilot_d30_r5_log_distance_s01_w1,juelich,12345,1,1,log-distance,48,49,veh18,veh6,2,0,1,914.767,0,0.250381,7.99974,nan,nan,0,0.06,0.05,0.0553684
juelich_pilot_d30_r5_log_distance_s01_w1,juelich,12345,1,1,log-distance,48,49,veh18,veh7,2,2,0,118.676,1,0.250381,12.8068,-68.1649,28.8113,2,0.06,0.072,0.0553684
juelich_pilot_d30_r5_log_distance_s01_w1,juelich,12345,1,1,log-distance,48,49,veh18,veh8,2,2,0,380.36,1,0.250381,8.56645,-78.2816,18.6947,2,0.06,0.042,0.0553684
juelich_pilot_d30_r5_log_distance_s01_w1,juelich,12345,1,1,log-distance,48,49,veh18,veh9,2,0,1,839.464,0,0.250381,7.11471,nan,nan,0,0.06,0.06,0.0553684
juelich_pilot_d30_r5_log_distance_s01_w1,juelich,12345,1,1,log-distance,48,49,veh2,veh15,5,0,1,993.15,0,0,7.7222,nan,nan,0,0.037,0.052,0.0553684
juelich_pilot_d30_r5_log_distance_s01_w1,juelich,12345,1,1,log-distance,48,49,veh2,veh16,5,0,1,647.558,0,0,10.7819,nan,nan,0,0.037,0.042,0.0553684
juelich_pilot_d30_r5_log_distance_s01_w1,juelich,12345,1,1,log-distance,48,49,veh2,veh17,5,0,1,689.996,0,0,5.23833,nan,nan,0,0.037,0.057,0.0553684
juelich_pilot_d30_r5_log_distance_s01_w1,juelich,12345,1,1,log-distance,48,49,veh2,veh18,2,0,1,654.452,0,0,0.250381,nan,nan,0,0.037,0.06,0.0553684
juelich_pilot_d30_r5_log_distance_s01_w1,juelich,12345,1,1,log-distance,48,49,veh2,veh3,5,5,0,193.277,1,0,12.1711,-72.3999,24.5763,5,0.037,0.042,0.0553684
juelich_pilot_d30_r5_log_distance_s01_w1,juelich,12345,1,1,log-distance,48,49,veh2,veh5,5,0,1,811.75,0,0,11.0496,nan,nan,0,0.037,0.062,0.0553684
juelich_pilot_d30_r5_log_distance_s01_w1,juelich,12345,1,1,log-distance,48,49,veh2,veh7,5,0,1,619.204,0,0,12.8064,nan,nan,0,0.037,0.072,0.0553684
juelich_pilot_d30_r5_log_distance_s01_w1,juelich,12345,1,1,log-distance,48,49,veh2,veh8,5,5,0,390.227,1,0,7.99177,-78.504,18.4723,5,0.037,0.042,0.0553684
juelich_pilot_d30_r5_log_distance_s01_w1,juelich,12345,1,1,log-distance,48,49,veh3,veh15,5,0,1,802.743,0,12.1711,7.7222,nan,nan,0,0.042,0.052,0.0553684
juelich_pilot_d30_r5_log_distance_s01_w1,juelich,12345,1,1,log-distance,48,49,veh3,veh16,5,5,0,536.303,0,12.1711,10.7819,-81.2656,15.7107,5,0.042,0.042,0.0553684
juelich_pilot_d30_r5_log_distance_s01_w1,juelich,12345,1,1,log-distance,48,49,veh3,veh17,5,5,0,496.965,1,12.1711,5.23833,-80.6042,16.3721,5,0.042,0.057,0.0553684
juelich_pilot_d30_r5_log_distance_s01_w1,juelich,12345,1,1,log-distance,48,49,veh3,veh18,2,2,0,458.149,1,12.2023,0.250381,-79.8978,17.0785,2,0.042,0.06,0.0553684
juelich_pilot_d30_r5_log_distance_s01_w1,juelich,12345,1,1,log-distance,48,49,veh3,veh2,5,5,0,193.277,1,12.1711,0,-72.3999,24.5763,5,0.042,0.037,0.0553684
juelich_pilot_d30_r5_log_distance_s01_w1,juelich,12345,1,1,log-distance,48,49,veh3,veh5,5,0,1,618.495,0,12.1711,11.0496,nan,nan,0,0.042,0.062,0.0553684
juelich_pilot_d30_r5_log_distance_s01_w1,juelich,12345,1,1,log-distance,48,49,veh3,veh7,5,5,0,434.067,1,12.1711,12.8064,-79.4288,17.5475,5,0.042,0.072,0.0553684
juelich_pilot_d30_r5_log_distance_s01_w1,juelich,12345,1,1,log-distance,48,49,veh3,veh8,5,5,0,258.257,1,12.1711,7.99177,-74.918,22.0583,5,0.042,0.042,0.0553684
juelich_pilot_d30_r5_log_distance_s01_w1,juelich,12345,1,1,log-distance,48,49,veh4,veh0,5,5,0,413.873,1,8.93445,14.0716,-79.0149,17.9614,5,0.072,0.072,0.0553684
juelich_pilot_d30_r5_log_distance_s01_w1,juelich,12345,1,1,log-distance,48,49,veh4,veh1,5,5,0,268.987,1,8.93445,7.76381,-75.2721,21.7042,5,0.072,0.055,0.0553684
juelich_pilot_d30_r5_log_distance_s01_w1,juelich,12345,1,1,log-distance,48,49,veh4,veh10,5,5,0,144.523,1,8.93445,9.80519,-69.8754,27.1008,5,0.072,0.05,0.0553684
juelich_pilot_d30_r5_log_distance_s01_w1,juelich,12345,1,1,log-distance,48,49,veh4,veh11,5,5,0,218.798,1,8.93445,1.68463,-73.4786,23.4977,5,0.072,0.055,0.0553684
juelich_pilot_d30_r5_log_distance_s01_w1,juelich,12345,1,1,log-distance,48,49,veh4,veh12,5,5,0,360.968,1,8.93445,8.48145,-77.8271,19.1492,5,0.072,0.05,0.0553684
juelich_pilot_d30_r5_log_distance_s01_w1,juelich,12345,1,1,log-distance,48,49,veh4,veh13,5,5,0,144.298,1,8.93445,6.31659,-69.8625,27.1138,5,0.072,0.072,0.0553684
juelich_pilot_d30_r5_log_distance_s01_w1,juelich,12345,1,1,log-distance,48,49,veh4,veh14,5,5,0,444.975,1,8.93445,16.183,-79.6444,17.3319,5,0.072,0.05,0.0553684
juelich_pilot_d30_r5_log_distance_s01_w1,juelich,12345,1,1,log-distance,48,49,veh4,veh15,5,0,1,781.438,0,8.93445,7.7222,nan,nan,0,0.072,0.052,0.0553684
juelich_pilot_d30_r5_log_distance_s01_w1,juelich,12345,1,1,log-distance,48,49,veh4,veh17,5,0,1,769.026,0,8.93445,5.23833,nan,nan,0,0.072,0.057,0.0553684
juelich_pilot_d30_r5_log_distance_s01_w1,juelich,12345,1,1,log-distance,48,49,veh4,veh18,2,0,1,782.177,0,9.14789,0.250381,nan,nan,0,0.072,0.06,0.0553684
juelich_pilot_d30_r5_log_distance_s01_w1,juelich,12345,1,1,log-distance,48,49,veh4,veh5,5,0,1,724.714,0,8.93445,11.0496,nan,nan,0,0.072,0.062,0.0553684
juelich_pilot_d30_r5_log_distance_s01_w1,juelich,12345,1,1,log-distance,48,49,veh4,veh6,5,5,0,133.079,1,8.93445,7.33991,-69.1598,27.8165,5,0.072,0.05,0.0553684
juelich_pilot_d30_r5_log_distance_s01_w1,juelich,12345,1,1,log-distance,48,49,veh4,veh7,5,0,1,756.015,0,8.93445,12.8064,nan,nan,0,0.072,0.072,0.0553684
juelich_pilot_d30_r5_log_distance_s01_w1,juelich,12345,1,1,log-distance,48,49,veh4,veh8,5,0,1,966.979,0,8.93445,7.99177,nan,nan,0,0.072,0.042,0.0553684
juelich_pilot_d30_r5_log_distance_s01_w1,juelich,12345,1,1,log-distance,48,49,veh4,veh9,5,5,0,165.721,1,8.93445,7.08779,-71.0648,25.9115,5,0.072,0.06,0.0553684
juelich_pilot_d30_r5_log_distance_s01_w1,juelich,12345,1,1,log-distance,48,49,veh5,veh0,5,5,0,517.734,0,11.0496,14.0716,-80.9598,16.0165,5,0.062,0.072,0.0553684
juelich_pilot_d30_r5_log_distance_s01_w1,juelich,12345,1,1,log-distance,48,49,veh5,veh1,5,0,1,867.145,0,11.0496,7.76381,nan,nan,0,0.062,0.055,0.0553684
juelich_pilot_d30_r5_log_distance_s01_w1,juelich,12345,1,1,log-distance,48,49,veh5,veh10,5,0,1,866.114,0,11.0496,9.80519,nan,nan,0,0.062,0.05,0.0553684
juelich_pilot_d30_r5_log_distance_s01_w1,juelich,12345,1,1,log-distance,48,49,veh5,veh11,5,0,1,838.865,0,11.0496,1.68463,nan,nan,0,0.062,0.055,0.0553684
juelich_pilot_d30_r5_log_distance_s01_w1,juelich,12345,1,1,log-distance,48,49,veh5,veh12,5,0,1,931.381,0,11.0496,8.48145,nan,nan,0,0.062,0.05,0.0553684
juelich_pilot_d30_r5_log_distance_s01_w1,juelich,12345,1,1,log-distance,48,49,veh5,veh13,5,0,1,646.409,0,11.0496,6.31659,nan,nan,0,0.062,0.072,0.0553684
juelich_pilot_d30_r5_log_distance_s01_w1,juelich,12345,1,1,log-distance,48,49,veh5,veh14,5,0,1,974.505,0,11.0496,16.183,nan,nan,0,0.062,0.05,0.0553684
juelich_pilot_d30_r5_log_distance_s01_w1,juelich,12345,1,1,log-distance,48,49,veh5,veh15,5,5,0,221.632,1,11.0496,7.7222,-73.5902,23.386,5,0.062,0.052,0.0553684
juelich_pilot_d30_r5_log_distance_s01_w1,juelich,12345,1,1,log-distance,48,49,veh5,veh16,5,0,1,598.455,0,11.0496,10.7819,nan,nan,0,0.062,0.042,0.0553684
juelich_pilot_d30_r5_log_distance_s01_w1,juelich,12345,1,1,log-distance,48,49,veh5,veh17,5,5,0,128.749,1,11.0496,5.23833,-68.8724,28.1038,5,0.062,0.057,0.0553684
juelich_pilot_d30_r5_log_distance_s01_w1,juelich,12345,1,1,log-distance,48,49,veh5,veh18,2,2,0,169.28,1,11.6371,0.250381,-71.2497,25.7266,2,0.062,0.06,0.0553684
juelich_pilot_d30_r5_log_distance_s01_w1,juelich,12345,1,1,log-distance,48,49,veh5,veh2,5,0,1,811.75,0,11.0496,0,nan,nan,0,0.062,0.037,0.0553684
juelich_pilot_d30_r5_log_distance_s01_w1,juelich,12345,1,1,log-distance,48,49,veh5,veh3,5,0,1,618.495,0,11.0496,12.1711,nan,nan,0,0.062,0.042,0.0553684
juelich_pilot_d30_r5_log_distance_s01_w1,juelich,12345,1,1,log-distance,48,49,veh5,veh4,5,0,1,724.714,0,11.0496,8.93445,nan,nan,0,0.062,0.072,0.0553684
juelich_pilot_d30_r5_log_distance_s01_w1,juelich,12345,1,1,log-distance,48,49,veh5,veh6,5,0,1,851.588,0,11.0496,7.33991,nan,nan,0,0.062,0.05,0.0553684
juelich_pilot_d30_r5_log_distance_s01_w1,juelich,12345,1,1,log-distance,48,49,veh5,veh7,5,5,0,263.987,1,11.0496,12.8064,-75.1094,21.8669,5,0.062,0.072,0.0553684
juelich_pilot_d30_r5_log_distance_s01_w1,juelich,12345,1,1,log-distance,48,49,veh5,veh8,5,5,0,547.495,0,11.0496,7.99177,-81.4453,15.531,5,0.062,0.042,0.0553684
juelich_pilot_d30_r5_log_distance_s01_w1,juelich,12345,1,1,log-distance,48,49,veh5,veh9,5,0,1,810.614,0,11.0496,7.08779,nan,nan,0,0.062,0.06,0.0553684
juelich_pilot_d30_r5_log_distance_s01_w1,juelich,12345,1,1,log-distance,48,49,veh6,veh0,5,5,0,488.002,1,7.33991,14.0716,-80.4461,16.5302,5,0.05,0.072,0.0553684
juelich_pilot_d30_r5_log_distance_s01_w1,juelich,12345,1,1,log-distance,48,49,veh6,veh1,5,5,0,291.14,1,7.33991,7.76381,-75.9593,21.017,5,0.05,0.055,0.0553684
juelich_pilot_d30_r5_log_distance_s01_w1,juelich,12345,1,1,log-distance,48,49,veh6,veh10,5,5,0,18.9284,1,7.33991,9.80519,-52.2049,44.7713,5,0.05,0.05,0.0553684
juelich_pilot_d30_r5_log_distance_s01_w1,juelich,12345,1,1,log-distance,48,49,veh6,veh11,5,5,0,245.484,1,7.33991,1.68463,-74.478,22.4983,5,0.05,0.055,0.0553684
juelich_pilot_d30_r5_log_distance_s01_w1,juelich,12345,1,1,log-distance,48,49,veh6,veh12,5,5,0,287.231,1,7.33991,8.48145,-75.8423,21.134,5,0.05,0.05,0.0553684
juelich_pilot_d30_r5_log_distance_s01_w1,juelich,12345,1,1,log-distance,48,49,veh6,veh13,5,5,0,225.488,1,7.33991,6.31659,-73.7393,23.2369,5,0.05,0.072,0.0553684
juelich_pilot_d30_r5_log_distance_s01_w1,juelich,12345,1,1,log-distance,48,49,veh6,veh14,5,5,0,374.36,1,7.33991,16.183,-78.1432,18.8331,5,0.05,0.05,0.0553684
juelich_pilot_d30_r5_log_distance_s01_w1,juelich,12345,1,1,log-distance,48,49,veh6,veh15,5,0,1,893.181,0,7.33991,7.7222,nan,nan,0,0.05,0.052,0.0553684
juelich_pilot_d30_r5_log_distance_s01_w1,juelich,12345,1,1,log-distance,48,49,veh6,veh17,5,0,1,900.448,0,7.33991,5.23833,nan,nan,0,0.05,0.057,0.0553684
juelich_pilot_d30_r5_log_distance_s01_w1,juelich,12345,1,1,log-distance,48,49,veh6,veh18,2,0,1,914.767,0,7.99974,0.250381,nan,nan,0,0.05,0.06,0.0553684
juelich_pilot_d30_r5_log_distance_s01_w1,juelich,12345,1,1,log-distance,48,49,veh6,veh4,5,5,0,133.079,1,7.33991,8.93445,-69.1598,27.8165,5,0.05,0.072,0.0553684
juelich_pilot_d30_r5_log_distance_s01_w1,juelich,12345,1,1,log-distance,48,49,veh6,veh5,5,0,1,851.588,0,7.33991,11.0496,nan,nan,0,0.05,0.062,0.0553684
juelich_pilot_d30_r5_log_distance_s01_w1,juelich,12345,1,1,log-distance,48,49,veh6,veh7,5,0,1,889.064,0,7.33991,12.8064,nan,nan,0,0.05,0.072,0.0553684
juelich_pilot_d30_r5_log_distance_s01_w1,juelich,12345,1,1,log-distance,48,49,veh6,veh9,5,5,0,200.076,1,7.33991,7.08779,-72.7007,24.2756,5,0.05,0.06,0.0553684
juelich_pilot_d30_r5_log_distance_s01_w1,juelich,12345,1,1,log-distance,48,49,veh7,veh0,5,0,1,690.337,0,12.8064,14.0716,nan,nan,0,0.072,0.072,0.0553684
juelich_pilot_d30_r5_log_distance_s01_w1,juelich,12345,1,1,log-distance,48,49,veh7,veh1,5,0,1,815.295,0,12.8064,7.76381,nan,nan,0,0.072,0.055,0.0553684
juelich_pilot_d30_r5_log_distance_s01_w1,juelich,12345,1,1,log-distance,48,49,veh7,veh10,5,0,1,899.502,0,12.8064,9.80519,nan,nan,0,0.072,0.05,0.0553684
juelich_pilot_d30_r5_log_distance_s01_w1,juelich,12345,1,1,log-distance,48,49,veh7,veh11,5,0,1,801.3,0,12.8064,1.68463,nan,nan,0,0.072,0.055,0.0553684
juelich_pilot_d30_r5_log_distance_s01_w1,juelich,12345,1,1,log-distance,48,49,veh7,veh13,5,0,1,726.015,0,12.8064,6.31659,nan,nan,0,0.072,0.072,0.0553684
juelich_pilot_d30_r5_log_distance_s01_w1,juelich,12345,1,1,log-distance,48,49,veh7,veh15,5,5,0,485.454,1,12.8064,7.7222,-80.4006,16.5756,5,0.072,0.052,0.0553684
juelich_pilot_d30_r5_log_distance_s01_w1,juelich,12345,1,1,log-distance,48,49,veh7,veh16,5,0,1,647.209,0,12.8064,10.7819,nan,nan,0,0.072,0.042,0.0553684
juelich_pilot_d30_r5_log_distance_s01_w1,juelich,12345,1,1,log-distance,48,49,veh7,veh17,5,5,0,148.217,1,12.8064,5.23833,-70.0957,26.8806,5,0.072,0.057,0.0553684
juelich_pilot_d30_r5_log_distance_s01_w1,juelich,12345,1,1,log-distance,48,49,veh7,veh18,2,2,0,118.676,1,12.8068,0.250381,-68.1649,28.8113,2,0.072,0.06,0.0553684
juelich_pilot_d30_r5_log_distance_s01_w1,juelich,12345,1,1,log-distance,48,49,veh7,veh2,5,0,1,619.204,0,12.8064,0,nan,nan,0,0.072,0.037,0.0553684
juelich_pilot_d30_r5_log_distance_s01_w1,juelich,12345,1,1,log-distance,48,49,veh7,veh3,5,5,0,434.067,1,12.8064,12.1711,-79.4288,17.5475,5,0.072,0.042,0.0553684
juelich_pilot_d30_r5_log_distance_s01_w1,juelich,12345,1,1,log-distance,48,49,veh7,veh4,5,0,1,756.015,0,12.8064,8.93445,nan,nan,0,0.072,0.072,0.0553684
juelich_pilot_d30_r5_log_distance_s01_w1,juelich,12345,1,1,log-distance,48,49,veh7,veh5,5,5,0,263.987,1,12.8064,11.0496,-75.1094,21.8669,5,0.072,0.062,0.0553684
juelich_pilot_d30_r5_log_distance_s01_w1,juelich,12345,1,1,log-distance,48,49,veh7,veh6,5,0,1,889.064,0,12.8064,7.33991,nan,nan,0,0.072,0.05,0.0553684
juelich_pilot_d30_r5_log_distance_s01_w1,juelich,12345,1,1,log-distance,48,49,veh7,veh8,5,5,0,293.539,1,12.8064,7.99177,-76.031,20.9453,5,0.072,0.042,0.0553684
juelich_pilot_d30_r5_log_distance_s01_w1,juelich,12345,1,1,log-distance,48,49,veh7,veh9,5,0,1,788.983,0,12.8064,7.08779,nan,nan,0,0.072,0.06,0.0553684
juelich_pilot_d30_r5_log_distance_s01_w1,juelich,12345,1,1,log-distance,48,49,veh8,veh0,5,0,1,973.155,0,7.99177,14.0716,nan,nan,0,0.042,0.072,0.0553684
juelich_pilot_d30_r5_log_distance_s01_w1,juelich,12345,1,1,log-distance,48,49,veh8,veh1,5,0,1,954.015,0,7.99177,7.76381,nan,nan,0,0.042,0.055,0.0553684
juelich_pilot_d30_r5_log_distance_s01_w1,juelich,12345,1,1,log-distance,48,49,veh8,veh11,5,0,1,954.488,0,7.99177,1.68463,nan,nan,0,0.042,0.055,0.0553684
juelich_pilot_d30_r5_log_distance_s01_w1,juelich,12345,1,1,log-distance,48,49,veh8,veh13,5,0,1,968.415,0,7.99177,6.31659,nan,nan,0,0.042,0.072,0.0553684
juelich_pilot_d30_r5_log_distance_s01_w1,juelich,12345,1,1,log-distance,48,49,veh8,veh15,5,0,1,764.096,0,7.99177,7.7222,nan,nan,0,0.042,0.052,0.0553684
juelich_pilot_d30_r5_log_distance_s01_w1,juelich,12345,1,1,log-distance,48,49,veh8,veh16,5,0,1,713.706,0,7.99177,10.7819,nan,nan,0,0.042,0.042,0.0553684
juelich_pilot_d30_r5_log_distance_s01_w1,juelich,12345,1,1,log-distance,48,49,veh8,veh17,5,5,0,420.164,1,7.99177,5.23833,-79.1461,17.8302,5,0.042,0.057,0.0553684
juelich_pilot_d30_r5_log_distance_s01_w1,juelich,12345,1,1,log-distance,48,49,veh8,veh18,2,2,0,380.36,1,8.56645,0.250381,-78.2816,18.6947,2,0.042,0.06,0.0553684
juelich_pilot_d30_r5_log_distance_s01_w1,juelich,12345,1,1,log-distance,48,49,veh8,veh2,5,5,0,390.227,1,7.99177,0,-78.504,18.4723,5,0.042,0.037,0.0553684
juelich_pilot_d30_r5_log_distance_s01_w1,juelich,12345,1,1,log-distance,48,49,veh8,veh3,5,5,0,258.257,1,7.99177,12.1711,-74.918,22.0583,5,0.042,0.042,0.0553684
juelich_pilot_d30_r5_log_distance_s01_w1,juelich,12345,1,1,log-distance,48,49,veh8,veh4,5,0,1,966.979,0,7.99177,8.93445,nan,nan,0,0.042,0.072,0.0553684
juelich_pilot_d30_r5_log_distance_s01_w1,juelich,12345,1,1,log-distance,48,49,veh8,veh5,5,5,0,547.495,0,7.99177,11.0496,-81.4453,15.531,5,0.042,0.062,0.0553684
juelich_pilot_d30_r5_log_distance_s01_w1,juelich,12345,1,1,log-distance,48,49,veh8,veh7,5,5,0,293.539,1,7.99177,12.8064,-76.031,20.9453,5,0.042,0.072,0.0553684
juelich_pilot_d30_r5_log_distance_s01_w1,juelich,12345,1,1,log-distance,48,49,veh8,veh9,5,0,1,957.121,0,7.99177,7.08779,nan,nan,0,0.042,0.06,0.0553684
juelich_pilot_d30_r5_log_distance_s01_w1,juelich,12345,1,1,log-distance,48,49,veh9,veh0,5,5,0,572.509,0,7.08779,14.0716,-81.8333,15.143,5,0.06,0.072,0.0553684
juelich_pilot_d30_r5_log_distance_s01_w1,juelich,12345,1,1,log-distance,48,49,veh9,veh1,5,5,0,103.668,1,7.08779,7.76381,-66.9905,29.9857,5,0.06,0.055,0.0553684
juelich_pilot_d30_r5_log_distance_s01_w1,juelich,12345,1,1,log-distance,48,49,veh9,veh10,5,5,0,194.281,1,7.08779,9.80519,-72.4463,24.53,5,0.06,0.05,0.0553684
juelich_pilot_d30_r5_log_distance_s01_w1,juelich,12345,1,1,log-distance,48,49,veh9,veh11,5,5,0,53.3028,1,7.08779,1.68463,-61.2093,35.767,5,0.06,0.055,0.0553684
juelich_pilot_d30_r5_log_distance_s01_w1,juelich,12345,1,1,log-distance,48,49,veh9,veh12,5,5,0,484.94,1,7.08779,8.48145,-80.3912,16.585,5,0.06,0.05,0.0553684
juelich_pilot_d30_r5_log_distance_s01_w1,juelich,12345,1,1,log-distance,48,49,veh9,veh13,5,5,0,308.243,1,7.08779,6.31659,-76.4553,20.521,5,0.06,0.072,0.0553684
juelich_pilot_d30_r5_log_distance_s01_w1,juelich,12345,1,1,log-distance,48,49,veh9,veh14,5,5,0,572.061,0,7.08779,16.183,-81.8262,15.1501,5,0.06,0.05,0.0553684
juelich_pilot_d30_r5_log_distance_s01_w1,juelich,12345,1,1,log-distance,48,49,veh9,veh15,5,0,1,901.031,0,7.08779,7.7222,nan,nan,0,0.06,0.052,0.0553684
juelich_pilot_d30_r5_log_distance_s01_w1,juelich,12345,1,1,log-distance,48,49,veh9,veh17,5,0,1,831.377,0,7.08779,5.23833,nan,nan,0,0.06,0.057,0.0553684
juelich_pilot_d30_r5_log_distance_s01_w1,juelich,12345,1,1,log-distance,48,49,veh9,veh18,2,0,1,839.464,0,7.11471,0.250381,nan,nan,0,0.06,0.06,0.0553684
juelich_pilot_d30_r5_log_distance_s01_w1,juelich,12345,1,1,log-distance,48,49,veh9,veh4,5,5,0,165.721,1,7.08779,8.93445,-71.0648,25.9115,5,0.06,0.072,0.0553684
juelich_pilot_d30_r5_log_distance_s01_w1,juelich,12345,1,1,log-distance,48,49,veh9,veh5,5,0,1,810.614,0,7.08779,11.0496,nan,nan,0,0.06,0.062,0.0553684
juelich_pilot_d30_r5_log_distance_s01_w1,juelich,12345,1,1,log-distance,48,49,veh9,veh6,5,5,0,200.076,1,7.08779,7.33991,-72.7007,24.2756,5,0.06,0.05,0.0553684
juelich_pilot_d30_r5_log_distance_s01_w1,juelich,12345,1,1,log-distance,48,49,veh9,veh7,5,0,1,788.983,0,7.08779,12.8064,nan,nan,0,0.06,0.072,0.0553684
juelich_pilot_d30_r5_log_distance_s01_w1,juelich,12345,1,1,log-distance,48,49,veh9,veh8,5,0,1,957.121,0,7.08779,7.99177,nan,nan,0,0.06,0.042,0.0553684
juelich_pilot_d30_r5_log_distance_s01_w1,juelich,12345,1,1,log-distance,49,50,veh0,veh1,5,0,1,676.501,0,14.041,7.79991,nan,nan,0,0.075,0.055,0.0576316
juelich_pilot_d30_r5_log_distance_s01_w1,juelich,12345,1,1,log-distance,49,50,veh0,veh10,5,5,0,510.877,0,14.041,6.98362,-80.844,16.1323,5,0.075,0.05,0.0576316
juelich_pilot_d30_r5_log_distance_s01_w1,juelich,12345,1,1,log-distance,49,50,veh0,veh11,5,0,1,633.49,0,14.041,3.50642,nan,nan,0,0.075,0.057,0.0576316
juelich_pilot_d30_r5_log_distance_s01_w1,juelich,12345,1,1,log-distance,49,50,veh0,veh12,5,5,0,439.827,1,14.041,8.4913,-79.5433,17.433,5,0.075,0.05,0.0576316
juelich_pilot_d30_r5_log_distance_s01_w1,juelich,12345,1,1,log-distance,49,50,veh0,veh13,5,5,0,286.888,1,14.041,6.34394,-75.831,21.1453,5,0.075,0.075,0.0576316
juelich_pilot_d30_r5_log_distance_s01_w1,juelich,12345,1,1,log-distance,49,50,veh0,veh14,5,5,0,474.725,1,14.041,16.1564,-80.2065,16.7698,5,0.075,0.05,0.0576316
juelich_pilot_d30_r5_log_distance_s01_w1,juelich,12345,1,1,log-distance,49,50,veh0,veh15,5,5,0,449.848,1,14.041,7.75756,-79.7389,17.2374,5,0.075,0.055,0.0576316
juelich_pilot_d30_r5_log_distance_s01_w1,juelich,12345,1,1,log-distance,49,50,veh0,veh17,5,0,1,620.691,0,14.041,7.12018,nan,nan,0,0.075,0.063,0.0576316
juelich_pilot_d30_r5_log_distance_s01_w1,juelich,12345,1,1,log-distance,49,50,veh0,veh18,5,0,1,659.839,0,14.041,1.84559,nan,nan,0,0.075,0.06,0.0576316
juelich_pilot_d30_r5_log_distance_s01_w1,juelich,12345,1,1,log-distance,49,50,veh0,veh4,5,5,0,422.25,1,14.041,10.4701,-79.189,17.7873,5,0.075,0.075,0.0576316
juelich_pilot_d30_r5_log_distance_s01_w1,juelich,12345,1,1,log-distance,49,50,veh0,veh5,5,5,0,510.082,0,14.041,12.9052,-80.8304,16.1459,5,0.075,0.067,0.0576316
juelich_pilot_d30_r5_log_distance_s01_w1,juelich,12345,1,1,log-distance,49,50,veh0,veh6,5,5,0,493.275,1,14.041,9.40625,-80.5394,16.4368,5,0.075,0.051,0.0576316
juelich_pilot_d30_r5_log_distance_s01_w1,juelich,12345,1,1,log-distance,49,50,veh0,veh7,5,0,1,688.005,0,14.041,12.7772,nan,nan,0,0.075,0.075,0.0576316
juelich_pilot_d30_r5_log_distance_s01_w1,juelich,12345,1,1,log-distance,49,50,veh0,veh8,5,0,1,980.211,0,14.041,9.67044,nan,nan,0,0.075,0.045,0.0576316
juelich_pilot_d30_r5_log_distance_s01_w1,juelich,12345,1,1,log-distance,49,50,veh0,veh9,5,5,0,578.935,0,14.041,7.10129,-81.9302,15.046,5,0.075,0.063,0.0576316
juelich_pilot_d30_r5_log_distance_s01_w1,juelich,12345,1,1,log-distance,49,50,veh1,veh0,5,0,1,676.501,0,7.79991,14.041,nan,nan,0,0.055,0.075,0.0576316
juelich_pilot_d30_r5_log_distance_s01_w1,juelich,12345,1,1,log-distance,49,50,veh1,veh10,5,5,0,281.982,1,7.79991,6.98362,-75.6821,21.2941,5,0.055,0.05,0.0576316
juelich_pilot_d30_r5_log_distance_s01_w1,juelich,12345,1,1,log-distance,49,50,veh1,veh11,5,5,0,45.2831,1,7.79991,3.50642,-59.7934,37.1829,5,0.055,0.057,0.0576316
juelich_pilot_d30_r5_log_distance_s01_w1,juelich,12345,1,1,log-distance,49,50,veh1,veh12,5,5,0,566.04,0,7.79991,8.4913,-81.7345,15.2418,5,0.055,0.05,0.0576316
juelich_pilot_d30_r5_log_distance_s01_w1,juelich,12345,1,1,log-distance,49,50,veh1,veh13,5,5,0,401.554,1,7.79991,6.34394,-78.7524,18.2239,5,0.055,0.075,0.0576316
juelich_pilot_d30_r5_log_distance_s01_w1,juelich,12345,1,1,log-distance,49,50,veh1,veh14,5,0,1,644.922,0,7.79991,16.1564,nan,nan,0,0.055,0.05,0.0576316
juelich_pilot_d30_r5_log_distance_s01_w1,juelich,12345,1,1,log-distance,49,50,veh1,veh15,5,0,1,962.572,0,7.79991,7.75756,nan,nan,0,0.055,0.055,0.0576316
juelich_pilot_d30_r5_log_distance_s01_w1,juelich,12345,1,1,log-distance,49,50,veh1,veh17,5,0,1,865.937,0,7.79991,7.12018,nan,nan,0,0.055,0.063,0.0576316
juelich_pilot_d30_r5_log_distance_s01_w1,juelich,12345,1,1,log-distance,49,50,veh1,veh18,5,0,1,875.091,0,7.79991,1.84559,nan,nan,0,0.055,0.06,0.0576316
juelich_pilot_d30_r5_log_distance_s01_w1,juelich,12345,1,1,log-distance,49,50,veh1,veh4,5,5,0,262.235,1,7.79991,10.4701,-75.0513,21.925,5,0.055,0.075,0.0576316
juelich_pilot_d30_r5_log_distance_s01_w1,juelich,12345,1,1,log-distance,49,50,veh1,veh5,5,0,1,852.781,0,7.79991,12.9052,nan,nan,0,0.055,0.067,0.0576316
juelich_pilot_d30_r5_log_distance_s01_w1,juelich,12345,1,1,log-distance,49,50,veh1,veh6,5,5,0,280.722,1,7.79991,9.40625,-75.6427,21.3336,5,0.055,0.051,0.0576316
juelich_pilot_d30_r5_log_distance_s01_w1,juelich,12345,1,1,log-distance,49,50,veh1,veh7,5,0,1,800.757,0,7.79991,12.7772,nan,nan,0,0.055,0.075,0.0576316
juelich_pilot_d30_r5_log_distance_s01_w1,juelich,12345,1,1,log-distance,49,50,veh1,veh8,5,0,1,958.087,0,7.79991,9.67044,nan,nan,0,0.055,0.045,0.0576316
juelich_pilot_d30_r5_log_distance_s01_w1,juelich,12345,1,1,log-distance,49,50,veh1,veh9,5,5,0,102.986,1,7.79991,7.10129,-66.9332,30.043,5,0.055,0.063,0.0576316
juelich_pilot_d30_r5_log_distance_s01_w1,juelich,12345,1,1,log-distance,49,50,veh10,veh0,5,5,0,510.877,0,6.98362,14.041,-80.844,16.1323,5,0.05,0.075,0.0576316
juelich_pilot_d30_r5_log_distance_s01_w1,juelich,12345,1,1,log-distance,49,50,veh10,veh1,5,5,0,281.982,1,6.98362,7.79991,-75.6821,21.2941,5,0.05,0.055,0.0576316
juelich_pilot_d30_r5_log_distance_s01_w1,juelich,12345,1,1,log-distance,49,50,veh10,veh11,5,5,0,242.103,1,6.98362,3.50642,-74.3576,22.6186,5,0.05,0.057,0.0576316
juelich_pilot_d30_r5_log_distance_s01_w1,juelich,12345,1,1,log-distance,49,50,veh10,veh12,5,5,0,285.04,1,6.98362,8.4913,-75.7753,21.201,5,0.05,0.05,0.0576316
juelich_pilot_d30_r5_log_distance_s01_w1,juelich,12345,1,1,log-distance,49,50,veh10,veh13,5,5,0,233.19,1,6.98362,6.34394,-74.0314,22.9449,5,0.05,0.075,0.0576316
juelich_pilot_d30_r5_log_distance_s01_w1,juelich,12345,1,1,log-distance,49,50,veh10,veh14,5,5,0,363.14,1,6.98362,16.1564,-77.8781,19.0982,5,0.05,0.05,0.0576316
juelich_pilot_d30_r5_log_distance_s01_w1,juelich,12345,1,1,log-distance,49,50,veh10,veh15,5,0,1,898.225,0,6.98362,7.75756,nan,nan,0,0.05,0.055,0.0576316
juelich_pilot_d30_r5_log_distance_s01_w1,juelich,12345,1,1,log-distance,49,50,veh10,veh17,5,0,1,906.245,0,6.98362,7.12018,nan,nan,0,0.05,0.063,0.0576316
juelich_pilot_d30_r5_log_distance_s01_w1,juelich,12345,1,1,log-distance,49,50,veh10,veh18,5,0,1,928.242,0,6.98362,1.84559,nan,nan,0,0.05,0.06,0.0576316
juelich_pilot_d30_r5_log_distance_s01_w1,juelich,12345,1,1,log-distance,49,50,veh10,veh4,5,5,0,153.562,1,6.98362,10.4701,-70.4018,26.5745,5,0.05,0.075,0.0576316
juelich_pilot_d30_r5_log_distance_s01_w1,juelich,12345,1,1,log-distance,49,50,veh10,veh5,5,0,1,852.161,0,6.98362,12.9052,nan,nan,0,0.05,0.067,0.0576316
juelich_pilot_d30_r5_log_distance_s01_w1,juelich,12345,1,1,log-distance,49,50,veh10,veh6,5,5,0,20.571,1,6.98362,9.40625,-52.9079,44.0684,5,0.05,0.051,0.0576316
juelich_pilot_d30_r5_log_distance_s01_w1,juelich,12345,1,1,log-distance,49,50,veh10,veh7,5,0,1,886.779,0,6.98362,12.7772,nan,nan,0,0.05,0.075,0.0576316
juelich_pilot_d30_r5_log_distance_s01_w1,juelich,12345,1,1,log-distance,49,50,veh10,veh9,5,5,0,195.191,1,6.98362,7.10129,-72.4869,24.4894,5,0.05,0.063,0.0576316
juelich_pilot_d30_r5_log_distance_s01_w1,juelich,12345,1,1,log-distance,49,50,veh11,veh0,5,0,1,633.49,0,3.50642,14.041,nan,nan,0,0.057,0.075,0.0576316
juelich_pilot_d30_r5_log_distance_s01_w1,juelich,12345,1,1,log-distance,49,50,veh11,veh1,5,5,0,45.2831,1,3.50642,7.79991,-59.7934,37.1829,5,0.057,0.055,0.0576316
juelich_pilot_d30_r5_log_distance_s01_w1,juelich,12345,1,1,log-distance,49,50,veh11,veh10,5,5,0,242.103,1,3.50642,6.98362,-74.3576,22.6186,5,0.057,0.05,0.0576316
juelich_pilot_d30_r5_log_distance_s01_w1,juelich,12345,1,1,log-distance,49,50,veh11,veh12,5,5,0,524.532,0,3.50642,8.4913,-81.073,15.9032,5,0.057,0.05,0.0576316
juelich_pilot_d30_r5_log_distance_s01_w1,juelich,12345,1,1,log-distance,49,50,veh11,veh13,5,5,0,356.846,1,3.50642,6.34394,-77.7273,19.249,5,0.057,0.075,0.0576316
juelich_pilot_d30_r5_log_distance_s01_w1,juelich,12345,1,1,log-distance,49,50,veh11,veh14,5,0,1,603.973,0,3.50642,16.1564,nan,nan,0,0.057,0.05,0.0576316
juelich_pilot_d30_r5_log_distance_s01_w1,juelich,12345,1,1,log-distance,49,50,veh11,veh15,5,0,1,929.664,0,3.50642,7.75756,nan,nan,0,0.057,0.055,0.0576316
juelich_pilot_d30_r5_log_distance_s01_w1,juelich,12345,1,1,log-distance,49,50,veh11,veh17,5,0,1,846.369,0,3.50642,7.12018,nan,nan,0,0.057,0.063,0.0576316
juelich_pilot_d30_r5_log_distance_s01_w1,juelich,12345,1,1,log-distance,49,50,veh11,veh18,5,0,1,857.584,0,3.50642,1.84559,nan,nan,0,0.057,0.06,0.0576316
juelich_pilot_d30_r5_log_distance_s01_w1,juelich,12345,1,1,log-distance,49,50,veh11,veh4,5,5,0,217.307,1,3.50642,10.4701,-73.4191,23.5571,5,0.057,0.075,0.0576316
juelich_pilot_d30_r5_log_distance_s01_w1,juelich,12345,1,1,log-distance,49,50,veh11,veh5,5,0,1,827.204,0,3.50642,12.9052,nan,nan,0,0.057,0.067,0.0576316
juelich_pilot_d30_r5_log_distance_s01_w1,juelich,12345,1,1,log-distance,49,50,veh11,veh6,5,5,0,239.295,1,3.50642,9.40625,-74.256,22.7202,5,0.057,0.051,0.0576316
juelich_pilot_d30_r5_log_distance_s01_w1,juelich,12345,1,1,log-distance,49,50,veh11,veh7,5,0,1,788.206,0,3.50642,12.7772,nan,nan,0,0.057,0.075,0.0576316
juelich_pilot_d30_r5_log_distance_s01_w1,juelich,12345,1,1,log-distance,49,50,veh11,veh8,5,0,1,958.33,0,3.50642,9.67044,nan,nan,0,0.057,0.045,0.0576316
juelich_pilot_d30_r5_log_distance_s01_w1,juelich,12345,1,1,log-distance,49,50,veh11,veh9,5,5,0,57.7048,1,3.50642,7.10129,-61.9006,35.0757,5,0.057,0.063,0.0576316
juelich_pilot_d30_r5_log_distance_s01_w1,juelich,12345,1,1,log-distance,49,50,veh12,veh0,5,5,0,439.827,1,8.4913,14.041,-79.5433,17.433,5,0.05,0.075,0.0576316
juelich_pilot_d30_r5_log_distance_s01_w1,juelich,12345,1,1,log-distance,49,50,veh12,veh1,5,5,0,566.04,0,8.4913,7.79991,-81.7345,15.2418,5,0.05,0.055,0.0576316
juelich_pilot_d30_r5_log_distance_s01_w1,juelich,12345,1,1,log-distance,49,50,veh12,veh10,5,5,0,285.04,1,8.4913,6.98362,-75.7753,21.201,5,0.05,0.05,0.0576316
juelich_pilot_d30_r5_log_distance_s01_w1,juelich,12345,1,1,log-distance,49,50,veh12,veh11,5,5,0,524.532,0,8.4913,3.50642,-81.073,15.9032,5,0.05,0.057,0.0576316
juelich_pilot_d30_r5_log_distance_s01_w1,juelich,12345,1,1,log-distance,49,50,veh12,veh13,5,5,0,304.811,1,8.4913,6.34394,-76.3576,20.6187,5,0.05,0.075,0.0576316
juelich_pilot_d30_r5_log_distance_s01_w1,juelich,12345,1,1,log-distance,49,50,veh12,veh14,5,5,0,81.2005,1,8.4913,16.1564,-64.8672,32.1091,5,0.05,0.05,0.0576316
juelich_pilot_d30_r5_log_distance_s01_w1,juelich,12345,1,1,log-distance,49,50,veh12,veh15,5,0,1,887.57,0,8.4913,7.75756,nan,nan,0,0.05,0.055,0.0576316
juelich_pilot_d30_r5_log_distance_s01_w1,juelich,12345,1,1,log-distance,49,50,veh12,veh17,3,0,1,994.963,0,8.48557,7.49778,nan,nan,0,0.05,0.063,0.0576316
juelich_pilot_d30_r5_log_distance_s01_w1,juelich,12345,1,1,log-distance,49,50,veh12,veh4,5,5,0,360.362,1,8.4913,10.4701,-77.8125,19.1638,5,0.05,0.075,0.0576316
juelich_pilot_d30_r5_log_distance_s01_w1,juelich,12345,1,1,log-distance,49,50,veh12,veh5,5,0,1,911.013,0,8.4913,12.9052,nan,nan,0,0.05,0.067,0.0576316
juelich_pilot_d30_r5_log_distance_s01_w1,juelich,12345,1,1,log-distance,49,50,veh12,veh6,5,5,0,285.372,1,8.4913,9.40625,-75.7859,21.1904,5,0.05,0.051,0.0576316
juelich_pilot_d30_r5_log_distance_s01_w1,juelich,12345,1,1,log-distance,49,50,veh12,veh9,5,5,0,472.971,1,8.4913,7.10129,-80.1742,16.8021,5,0.05,0.063,0.0576316
juelich_pilot_d30_r5_log_distance_s01_w1,juelich,12345,1,1,log-distance,49,50,veh13,veh0,5,5,0,286.888,1,6.34394,14.041,-75.831,21.1453,5,0.075,0.075,0.0576316
juelich_pilot_d30_r5_log_distance_s01_w1,juelich,12345,1,1,log-distance,49,50,veh13,veh1,5,5,0,401.554,1,6.34394,7.79991,-78.7524,18.2239,5,0.075,0.055,0.0576316
juelich_pilot_d30_r5_log_distance_s01_w1,juelich,12345,1,1,log-distance,49,50,veh13,veh10,5,5,0,233.19,1,6.34394,6.98362,-74.0314,22.9449,5,0.075,0.05,0.0576316
juelich_pilot_d30_r5_log_distance_s01_w1,juelich,12345,1,1,log-distance,49,50,veh13,veh11,5,5,0,356.846,1,6.34394,3.50642,-77.7273,19.249,5,0.075,0.057,0.0576316
juelich_pilot_d30_r5_log_distance_s01_w1,juelich,12345,1,1,log-distance,49,50,veh13,veh12,5,5,0,304.811,1,6.34394,8.4913,-76.3576,20.6187,5,0.075,0.05,0.0576316
juelich_pilot_d30_r5_log_distance_s01_w1,juelich,12345,1,1,log-distance,49,50,veh13,veh14,5,5,0,377.908,1,6.34394,16.1564,-78.225,18.7513,5,0.075,0.05,0.0576316
juelich_pilot_d30_r5_log_distance_s01_w1,juelich,12345,1,1,log-distance,49,50,veh13,veh15,5,0,1,667.688,0,6.34394,7.75756,nan,nan,0,0.075,0.055,0.0576316
juelich_pilot_d30_r5_log_distance_s01_w1,juelich,12345,1,1,log-distance,49,50,veh13,veh17,5,0,1,711.794,0,6.34394,7.12018,nan,nan,0,0.075,0.063,0.0576316
juelich_pilot_d30_r5_log_distance_s01_w1,juelich,12345,1,1,log-distance,49,50,veh13,veh18,5,0,1,739.722,0,6.34394,1.84559,nan,nan,0,0.075,0.06,0.0576316
juelich_pilot_d30_r5_log_distance_s01_w1,juelich,12345,1,1,log-distance,49,50,veh13,veh4,5,5,0,139.917,1,6.34394,10.4701,-69.5949,27.3814,5,0.075,0.075,0.0576316
juelich_pilot_d30_r5_log_distance_s01_w1,juelich,12345,1,1,log-distance,49,50,veh13,veh5,5,0,1,640.722,0,6.34394,12.9052,nan,nan,0,0.075,0.067,0.0576316
juelich_pilot_d30_r5_log_distance_s01_w1,juelich,12345,1,1,log-distance,49,50,veh13,veh6,5,5,0,213.867,1,6.34394,9.40625,-73.2794,23.6969,5,0.075,0.051,0.0576316
juelich_pilot_d30_r5_log_distance_s01_w1,juelich,12345,1,1,log-distance,49,50,veh13,veh7,5,0,1,719.713,0,6.34394,12.7772,nan,nan,0,0.075,0.075,0.0576316
juelich_pilot_d30_r5_log_distance_s01_w1,juelich,12345,1,1,log-distance,49,50,veh13,veh8,5,0,1,974.795,0,6.34394,9.67044,nan,nan,0,0.075,0.045,0.0576316
juelich_pilot_d30_r5_log_distance_s01_w1,juelich,12345,1,1,log-distance,49,50,veh13,veh9,5,5,0,299.984,1,6.34394,7.10129,-76.2194,20.7569,5,0.075,0.063,0.0576316
juelich_pilot_d30_r5_log_distance_s01_w1,juelich,12345,1,1,log-distance,49,50,veh14,veh0,5,5,0,474.725,1,16.1564,14.041,-80.2065,2.17525,5,0.05,0.075,0.0576316
juelich_pilot_d30_r5_log_distance_s01_w1,juelich,12345,1,1,log-distance,49,50,veh14,veh1,5,0,1,644.922,0,16.1564,7.79991,nan,nan,0,0.05,0.055,0.0576316
juelich_pilot_d30_r5_log_distance_s01_w1,juelich,12345,1,1,log-distance,49,50,veh14,veh10,5,5,0,363.14,1,16.1564,6.98362,-77.8781,7.62367,5,0.05,0.05,0.0576316
juelich_pilot_d30_r5_log_distance_s01_w1,juelich,12345,1,1,log-distance,49,50,veh14,veh11,5,0,1,603.973,0,16.1564,3.50642,nan,nan,0,0.05,0.057,0.0576316
juelich_pilot_d30_r5_log_distance_s01_w1,juelich,12345,1,1,log-distance,49,50,veh14,veh12,5,5,0,81.2005,1,16.1564,8.4913,-64.8672,21.4074,5,0.05,0.05,0.0576316
juelich_pilot_d30_r5_log_distance_s01_w1,juelich,12345,1,1,log-distance,49,50,veh14,veh13,5,5,0,377.908,1,16.1564,6.34394,-78.225,5.29904,5,0.05,0.075,0.0576316
juelich_pilot_d30_r5_log_distance_s01_w1,juelich,12345,1,1,log-distance,49,50,veh14,veh15,5,0,1,924.413,0,16.1564,7.75756,nan,nan,0,0.05,0.055,0.0576316
juelich_pilot_d30_r5_log_distance_s01_w1,juelich,12345,1,1,log-distance,49,50,veh14,veh4,5,5,0,441.053,1,16.1564,10.4701,-79.5675,4.43037,5,0.05,0.075,0.0576316
juelich_pilot_d30_r5_log_distance_s01_w1,juelich,12345,1,1,log-distance,49,50,veh14,veh5,5,0,1,963.605,0,16.1564,12.9052,nan,nan,0,0.05,0.067,0.0576316
juelich_pilot_d30_r5_log_distance_s01_w1,juelich,12345,1,1,log-distance,49,50,veh14,veh6,5,5,0,364.715,1,16.1564,9.40625,-77.9165,7.40512,5,0.05,0.051,0.0576316
juelich_pilot_d30_r5_log_distance_s01_w1,juelich,12345,1,1,log-distance,49,50,veh14,veh9,5,5,0,553.124,0,16.1564,7.10129,-81.5337,3.19271,5,0.05,0.063,0.0576316
juelich_pilot_d30_r5_log_distance_s01_w1,juelich,12345,1,1,log-distance,49,50,veh15,veh0,5,5,0,449.848,1,7.75756,14.041,-79.7389,2.81381,5,0.055,0.075,0.0576316
juelich_pilot_d30_r5_log_distance_s01_w1,juelich,12345,1,1,log-distance,49,50,veh15,veh1,5,0,1,962.572,0,7.75756,7.79991,nan,nan,0,0.055,0.055,0.0576316
juelich_pilot_d30_r5_log_distance_s01_w1,juelich,12345,1,1,log-distance,49,50,veh15,veh10,5,0,1,898.225,0,7.75756,6.98362,nan,nan,0,0.055,0.05,0.0576316
juelich_pilot_d30_r5_log_distance_s01_w1,juelich,12345,1,1,log-distance,49,50,veh15,veh11,5,0,1,929.664,0,7.75756,3.50642,nan,nan,0,0.055,0.057,0.0576316
juelich_pilot_d30_r5_log_distance_s01_w1,juelich,12345,1,1,log-distance,49,50,veh15,veh12,5,0,1,887.57,0,7.75756,8.4913,nan,nan,0,0.055,0.05,0.0576316
juelich_pilot_d30_r5_log_distance_s01_w1,juelich,12345,1,1,log-distance,49,50,veh15,veh13,5,0,1,667.688,0,7.75756,6.34394,nan,nan,0,0.055,0.075,0.0576316
juelich_pilot_d30_r5_log_distance_s01_w1,juelich,12345,1,1,log-distance,49,50,veh15,veh14,5,0,1,924.413,0,7.75756,16.1564,nan,nan,0,0.055,0.05,0.0576316
juelich_pilot_d30_r5_log_distance_s01_w1,juelich,12345,1,1,log-distance,49,50,veh15,veh16,5,0,1,634.448,0,7.75756,12.7809,nan,nan,0,0.055,0.045,0.0576316
juelich_pilot_d30_r5_log_distance_s01_w1,juelich,12345,1,1,log-distance,49,50,veh15,veh17,5,5,0,340.266,1,7.75756,7.12018,-77.314,7.63374,5,0.055,0.063,0.0576316
juelich_pilot_d30_r5_log_distance_s01_w1,juelich,12345,1,1,log-distance,49,50,veh15,veh18,5,5,0,382.842,1,7.75756,1.84559,-78.3381,6.71676,5,0.055,0.06,0.0576316
juelich_pilot_d30_r5_log_distance_s01_w1,juelich,12345,1,1,log-distance,49,50,veh15,veh2,5,0,1,995.697,0,7.75756,0,nan,nan,0,0.055,0.039,0.0576316
juelich_pilot_d30_r5_log_distance_s01_w1,juelich,12345,1,1,log-distance,49,50,veh15,veh3,5,0,1,793.354,0,7.75756,12.1674,nan,nan,0,0.055,0.045,0.0576316
juelich_pilot_d30_r5_log_distance_s01_w1,juelich,12345,1,1,log-distance,49,50,veh15,veh4,5,0,1,765.923,0,7.75756,10.4701,nan,nan,0,0.055,0.075,0.0576316
juelich_pilot_d30_r5_log_distance_s01_w1,juelich,12345,1,1,log-distance,49,50,veh15,veh5,5,5,0,217.426,1,7.75756,12.9052,-73.4238,11.3372,5,0.055,0.067,0.0576316
juelich_pilot_d30_r5_log_distance_s01_w1,juelich,12345,1,1,log-distance,49,50,veh15,veh6,5,0,1,878.165,0,7.75756,9.40625,nan,nan,0,0.055,0.051,0.0576316
juelich_pilot_d30_r5_log_distance_s01_w1,juelich,12345,1,1,log-distance,49,50,veh15,veh7,5,5,0,480.906,1,7.75756,12.7772,-80.3189,4.04666,5,0.055,0.075,0.0576316
juelich_pilot_d30_r5_log_distance_s01_w1,juelich,12345,1,1,log-distance,49,50,veh15,veh8,5,0,1,758.151,0,7.75756,9.67044,nan,nan,0,0.055,0.045,0.0576316
juelich_pilot_d30_r5_log_distance_s01_w1,juelich,12345,1,1,log-distance,49,50,veh15,veh9,5,0,1,888.794,0,7.75756,7.10129,nan,nan,0,0.055,0.063,0.0576316
juelich_pilot_d30_r5_log_distance_s01_w1,juelich,12345,1,1,log-distance,49,50,veh16,veh15,5,0,1,634.448,0,12.7809,7.75756,nan,nan,0,0.045,0.055,0.0576316
juelich_pilot_d30_r5_log_distance_s01_w1,juelich,12345,1,1,log-distance,49,50,veh16,veh17,5,5,0,560.834,0,12.7809,7.12018,-81.6543,15.3219,5,0.045,0.063,0.0576316
juelich_pilot_d30_r5_log_distance_s01_w1,juelich,12345,1,1,log-distance,49,50,veh16,veh18,5,5,0,553.111,0,12.7809,1.84559,-81.5338,15.4425,5,0.045,0.06,0.0576316
juelich_pilot_d30_r5_log_distance_s01_w1,juelich,12345,1,1,log-distance,49,50,veh16,veh2,5,0,1,638.333,0,12.7809,0,nan,nan,0,0.045,0.039,0.0576316
juelich_pilot_d30_r5_log_distance_s01_w1,juelich,12345,1,1,log-distance,49,50,veh16,veh3,5,5,0,520.765,0,12.7809,12.1674,-81.0102,15.9661,5,0.045,0.045,0.0576316
juelich_pilot_d30_r5_log_distance_s01_w1,juelich,12345,1,1,log-distance,49,50,veh16,veh5,5,0,1,601.553,0,12.7809,12.9052,nan,nan,0,0.045,0.067,0.0576316
juelich_pilot_d30_r5_log_distance_s01_w1,juelich,12345,1,1,log-distance,49,50,veh16,veh7,5,0,1,646.123,0,12.7809,12.7772,nan,nan,0,0.045,0.075,0.0576316
juelich_pilot_d30_r5_log_distance_s01_w1,juelich,12345,1,1,log-distance,49,50,veh16,veh8,5,0,1,692.886,0,12.7809,9.67044,nan,nan,0,0.045,0.045,0.0576316
juelich_pilot_d30_r5_log_distance_s01_w1,juelich,12345,1,1,log-distance,49,50,veh17,veh0,5,0,1,620.691,0,7.12018,14.041,nan,nan,0,0.063,0.075,0.0576316
juelich_pilot_d30_r5_log_distance_s01_w1,juelich,12345,1,1,log-distance,49,50,veh17,veh1,5,0,1,865.937,0,7.12018,7.79991,nan,nan,0,0.063,0.055,0.0576316
juelich_pilot_d30_r5_log_distance_s01_w1,juelich,12345,1,1,log-distance,49,50,veh17,veh10,5,0,1,906.245,0,7.12018,6.98362,nan,nan,0,0.063,0.05,0.0576316
juelich_pilot_d30_r5_log_distance_s01_w1,juelich,12345,1,1,log-distance,49,50,veh17,veh11,5,0,1,846.369,0,7.12018,3.50642,nan,nan,0,0.063,0.057,0.0576316
juelich_pilot_d30_r5_log_distance_s01_w1,juelich,12345,1,1,log-distance,49,50,veh17,veh12,3,0,1,994.963,0,7.49778,8.48557,nan,nan,0,0.063,0.05,0.0576316
juelich_pilot_d30_r5_log_distance_s01_w1,juelich,12345,1,1,log-distance,49,50,veh17,veh13,5,0,1,711.794,0,7.12018,6.34394,nan,nan,0,0.063,0.075,0.0576316
juelich_pilot_d30_r5_log_distance_s01_w1,juelich,12345,1,1,log-distance,49,50,veh17,veh15,5,5,0,340.266,1,7.12018,7.75756,-77.314,19.6623,5,0.063,0.055,0.0576316
juelich_pilot_d30_r5_log_distance_s01_w1,juelich,12345,1,1,log-distance,49,50,veh17,veh16,5,5,0,560.834,0,7.12018,12.7809,-81.6543,15.3219,5,0.063,0.045,0.0576316
juelich_pilot_d30_r5_log_distance_s01_w1,juelich,12345,1,1,log-distance,49,50,veh17,veh18,5,5,0,44.1871,1,7.12018,1.84559,-59.5743,37.402,5,0.063,0.06,0.0576316
juelich_pilot_d30_r5_log_distance_s01_w1,juelich,12345,1,1,log-distance,49,50,veh17,veh2,5,0,1,695.877,0,7.12018,0,nan,nan,0,0.063,0.039,0.0576316
juelich_pilot_d30_r5_log_distance_s01_w1,juelich,12345,1,1,log-distance,49,50,veh17,veh3,5,5,0,490.807,1,7.12018,12.1674,-80.4959,16.4804,5,0.063,0.045,0.0576316
juelich_pilot_d30_r5_log_distance_s01_w1,juelich,12345,1,1,log-distance,49,50,veh17,veh4,5,0,1,753.771,0,7.12018,10.4701,nan,nan,0,0.063,0.075,0.0576316
juelich_pilot_d30_r5_log_distance_s01_w1,juelich,12345,1,1,log-distance,49,50,veh17,veh5,5,5,0,130.976,1,7.12018,12.9052,-69.0214,27.9548,5,0.063,0.067,0.0576316
juelich_pilot_d30_r5_log_distance_s01_w1,juelich,12345,1,1,log-distance,49,50,veh17,veh6,5,0,1,886.278,0,7.12018,9.40625,nan,nan,0,0.063,0.051,0.0576316
juelich_pilot_d30_r5_log_distance_s01_w1,juelich,12345,1,1,log-distance,49,50,veh17,veh7,5,5,0,150.022,1,7.12018,12.7772,-70.2008,26.7755,5,0.063,0.075,0.0576316
juelich_pilot_d30_r5_log_distance_s01_w1,juelich,12345,1,1,log-distance,49,50,veh17,veh8,5,5,0,418.713,1,7.12018,9.67044,-79.116,17.8603,5,0.063,0.045,0.0576316
juelich_pilot_d30_r5_log_distance_s01_w1,juelich,12345,1,1,log-distance,49,50,veh17,veh9,5,0,1,823.711,0,7.12018,7.10129,nan,nan,0,0.063,0.063,0.0576316
juelich_pilot_d30_r5_log_distance_s01_w1,juelich,12345,1,1,log-distance,49,50,veh18,veh0,5,0,1,659.839,0,1.84559,14.041,nan,nan,0,0.06,0.075,0.0576316
juelich_pilot_d30_r5_log_distance_s01_w1,juelich,12345,1,1,log-distance,49,50,veh18,veh1,5,0,1,875.091,0,1.84559,7.79991,nan,nan,0,0.06,0.055,0.0576316
juelich_pilot_d30_r5_log_distance_s01_w1,juelich,12345,1,1,log-distance,49,50,veh18,veh10,5,0,1,928.242,0,1.84559,6.98362,nan,nan,0,0.06,0.05,0.0576316
juelich_pilot_d30_r5_log_distance_s01_w1,juelich,12345,1,1,log-distance,49,50,veh18,veh11,5,0,1,857.584,0,1.84559,3.50642,nan,nan,0,0.06,0.057,0.0576316
juelich_pilot_d30_r5_log_distance_s01_w1,juelich,12345,1,1,log-distance,49,50,veh18,veh13,5,0,1,739.722,0,1.84559,6.34394,nan,nan,0,0.06,0.075,0.0576316
juelich_pilot_d30_r5_log_distance_s01_w1,juelich,12345,1,1,log-distance,49,50,veh18,veh15,5,5,0,382.842,1,1.84559,7.75756,-78.3381,18.6382,5,0.06,0.055,0.0576316
juelich_pilot_d30_r5_log_distance_s01_w1,juelich,12345,1,1,log-distance,49,50,veh18,veh16,5,5,0,553.111,0,1.84559,12.7809,-81.5338,15.4425,5,0.06,0.045,0.0576316
juelich_pilot_d30_r5_log_distance_s01_w1,juelich,12345,1,1,log-distance,49,50,veh18,veh17,5,5,0,44.1871,1,1.84559,7.12018,-59.5743,37.402,5,0.06,0.063,0.0576316
juelich_pilot_d30_r5_log_distance_s01_w1,juelich,12345,1,1,log-distance,49,50,veh18,veh2,5,0,1,653.954,0,1.84559,0,nan,nan,0,0.06,0.039,0.0576316
juelich_pilot_d30_r5_log_distance_s01_w1,juelich,12345,1,1,log-distance,49,50,veh18,veh3,5,5,0,449.21,1,1.84559,12.1674,-79.7264,17.2499,5,0.06,0.045,0.0576316
juelich_pilot_d30_r5_log_distance_s01_w1,juelich,12345,1,1,log-distance,49,50,veh18,veh4,5,0,1,775.092,0,1.84559,10.4701,nan,nan,0,0.06,0.075,0.0576316
juelich_pilot_d30_r5_log_distance_s01_w1,juelich,12345,1,1,log-distance,49,50,veh18,veh5,5,5,0,175.161,1,1.84559,12.9052,-71.5455,25.4308,5,0.06,0.067,0.0576316
juelich_pilot_d30_r5_log_distance_s01_w1,juelich,12345,1,1,log-distance,49,50,veh18,veh6,5,0,1,908.464,0,1.84559,9.40625,nan,nan,0,0.06,0.051,0.0576316
juelich_pilot_d30_r5_log_distance_s01_w1,juelich,12345,1,1,log-distance,49,50,veh18,veh7,5,5,0,120.175,1,1.84559,12.7772,-68.2739,28.7024,5,0.06,0.075,0.0576316
juelich_pilot_d30_r5_log_distance_s01_w1,juelich,12345,1,1,log-distance,49,50,veh18,veh8,5,5,0,375.449,1,1.84559,9.67044,-78.1686,18.8077,5,0.06,0.045,0.0576316
juelich_pilot_d30_r5_log_distance_s01_w1,juelich,12345,1,1,log-distance,49,50,veh18,veh9,5,0,1,837.627,0,1.84559,7.10129,nan,nan,0,0.06,0.063,0.0576316
juelich_pilot_d30_r5_log_distance_s01_w1,juelich,12345,1,1,log-distance,49,50,veh2,veh15,5,0,1,995.697,0,0,7.75756,nan,nan,0,0.039,0.055,0.0576316
juelich_pilot_d30_r5_log_distance_s01_w1,juelich,12345,1,1,log-distance,49,50,veh2,veh16,5,0,1,638.333,0,0,12.7809,nan,nan,0,0.039,0.045,0.0576316
juelich_pilot_d30_r5_log_distance_s01_w1,juelich,12345,1,1,log-distance,49,50,veh2,veh17,5,0,1,695.877,0,0,7.12018,nan,nan,0,0.039,0.063,0.0576316
juelich_pilot_d30_r5_log_distance_s01_w1,juelich,12345,1,1,log-distance,49,50,veh2,veh18,5,0,1,653.954,0,0,1.84559,nan,nan,0,0.039,0.06,0.0576316
juelich_pilot_d30_r5_log_distance_s01_w1,juelich,12345,1,1,log-distance,49,50,veh2,veh3,5,5,0,205.322,1,0,12.1674,-72.9252,24.0511,5,0.039,0.045,0.0576316
juelich_pilot_d30_r5_log_distance_s01_w1,juelich,12345,1,1,log-distance,49,50,veh2,veh5,5,0,1,821.292,0,0,12.9052,nan,nan,0,0.039,0.067,0.0576316
juelich_pilot_d30_r5_log_distance_s01_w1,juelich,12345,1,1,log-distance,49,50,veh2,veh7,5,0,1,630.962,0,0,12.7772,nan,nan,0,0.039,0.075,0.0576316
juelich_pilot_d30_r5_log_distance_s01_w1,juelich,12345,1,1,log-distance,49,50,veh2,veh8,5,5,0,386.529,1,0,9.67044,-78.4213,18.555,5,0.039,0.045,0.0576316
juelich_pilot_d30_r5_log_distance_s01_w1,juelich,12345,1,1,log-distance,49,50,veh3,veh15,5,0,1,793.354,0,12.1674,7.75756,nan,nan,0,0.045,0.055,0.0576316
juelich_pilot_d30_r5_log_distance_s01_w1,juelich,12345,1,1,log-distance,49,50,veh3,veh16,5,5,0,520.765,0,12.1674,12.7809,-81.0102,15.9661,5,0.045,0.045,0.0576316
juelich_pilot_d30_r5_log_distance_s01_w1,juelich,12345,1,1,log-distance,49,50,veh3,veh17,5,5,0,490.807,1,12.1674,7.12018,-80.4959,16.4804,5,0.045,0.063,0.0576316
juelich_pilot_d30_r5_log_distance_s01_w1,juelich,12345,1,1,log-distance,49,50,veh3,veh18,5,5,0,449.21,1,12.1674,1.84559,-79.7264,17.2499,5,0.045,0.06,0.0576316
juelich_pilot_d30_r5_log_distance_s01_w1,juelich,12345,1,1,log-distance,49,50,veh3,veh2,5,5,0,205.322,1,12.1674,0,-72.9252,24.0511,5,0.045,0.039,0.0576316
juelich_pilot_d30_r5_log_distance_s01_w1,juelich,12345,1,1,log-distance,49,50,veh3,veh5,5,0,1,615.98,0,12.1674,12.9052,nan,nan,0,0.045,0.067,0.0576316
juelich_pilot_d30_r5_log_distance_s01_w1,juelich,12345,1,1,log-distance,49,50,veh3,veh7,5,5,0,434.708,1,12.1674,12.7772,-79.4417,17.5346,5,0.045,0.075,0.0576316
juelich_pilot_d30_r5_log_distance_s01_w1,juelich,12345,1,1,log-distance,49,50,veh3,veh8,5,5,0,244.722,1,12.1674,9.67044,-74.4499,22.5263,5,0.045,0.045,0.0576316
juelich_pilot_d30_r5_log_distance_s01_w1,juelich,12345,1,1,log-distance,49,50,veh4,veh0,5,5,0,422.25,1,10.4701,14.041,-79.189,17.7873,5,0.075,0.075,0.0576316
juelich_pilot_d30_r5_log_distance_s01_w1,juelich,12345,1,1,log-distance,49,50,veh4,veh1,5,5,0,262.235,1,10.4701,7.79991,-75.0513,21.925,5,0.075,0.055,0.0576316
juelich_pilot_d30_r5_log_distance_s01_w1,juelich,12345,1,1,log-distance,49,50,veh4,veh10,5,5,0,153.562,1,10.4701,6.98362,-70.4018,26.5745,5,0.075,0.05,0.0576316
juelich_pilot_d30_r5_log_distance_s01_w1,juelich,12345,1,1,log-distance,49,50,veh4,veh11,5,5,0,217.307,1,10.4701,3.50642,-73.4191,23.5571,5,0.075,0.057,0.0576316
juelich_pilot_d30_r5_log_distance_s01_w1,juelich,12345,1,1,log-distance,49,50,veh4,veh12,5,5,0,360.362,1,10.4701,8.4913,-77.8125,19.1638,5,0.075,0.05,0.0576316
juelich_pilot_d30_r5_log_distance_s01_w1,juelich,12345,1,1,log-distance,49,50,veh4,veh13,5,5,0,139.917,1,10.4701,6.34394,-69.5949,27.3814,5,0.075,0.075,0.0576316
juelich_pilot_d30_r5_log_distance_s01_w1,juelich,12345,1,1,log-distance,49,50,veh4,veh14,5,5,0,441.053,1,10.4701,16.1564,-79.5675,17.4088,5,0.075,0.05,0.0576316
juelich_pilot_d30_r5_log_distance_s01_w1,juelich,12345,1,1,log-distance,49,50,veh4,veh15,5,0,1,765.923,0,10.4701,7.75756,nan,nan,0,0.075,0.055,0.0576316
juelich_pilot_d30_r5_log_distance_s01_w1,juelich,12345,1,1,log-distance,49,50,veh4,veh17,5,0,1,753.771,0,10.4701,7.12018,nan,nan,0,0.075,0.063,0.0576316
juelich_pilot_d30_r5_log_distance_s01_w1,juelich,12345,1,1,log-distance,49,50,veh4,veh18,5,0,1,775.092,0,10.4701,1.84559,nan,nan,0,0.075,0.06,0.0576316
juelich_pilot_d30_r5_log_distance_s01_w1,juelich,12345,1,1,log-distance,49,50,veh4,veh5,5,0,1,704.128,0,10.4701,12.9052,nan,nan,0,0.075,0.067,0.0576316
juelich_pilot_d30_r5_log_distance_s01_w1,juelich,12345,1,1,log-distance,49,50,veh4,veh6,5,5,0,134.271,1,10.4701,9.40625,-69.2373,27.739,5,0.075,0.051,0.0576316
juelich_pilot_d30_r5_log_distance_s01_w1,juelich,12345,1,1,log-distance,49,50,veh4,veh7,5,0,1,733.543,0,10.4701,12.7772,nan,nan,0,0.075,0.075,0.0576316
juelich_pilot_d30_r5_log_distance_s01_w1,juelich,12345,1,1,log-distance,49,50,veh4,veh8,5,0,1,959.492,0,10.4701,9.67044,nan,nan,0,0.075,0.045,0.0576316
juelich_pilot_d30_r5_log_distance_s01_w1,juelich,12345,1,1,log-distance,49,50,veh4,veh9,5,5,0,160.225,1,10.4701,7.10129,-70.772,26.2043,5,0.075,0.063,0.0576316
juelich_pilot_d30_r5_log_distance_s01_w1,juelich,12345,1,1,log-distance,49,50,veh5,veh0,5,5,0,510.082,0,12.9052,14.041,-80.8304,16.1459,5,0.067,0.075,0.0576316
juelich_pilot_d30_r5_log_distance_s01_w1,juelich,12345,1,1,log-distance,49,50,veh5,veh1,5,0,1,852.781,0,12.9052,7.79991,nan,nan,0,0.067,0.055,0.0576316
juelich_pilot_d30_r5_log_distance_s01_w1,juelich,12345,1,1,log-distance,49,50,veh5,veh10,5,0,1,852.161,0,12.9052,6.98362,nan,nan,0,0.067,0.05,0.0576316
juelich_pilot_d30_r5_log_distance_s01_w1,juelich,12345,1,1,log-distance,49,50,veh5,veh11,5,0,1,827.204,0,12.9052,3.50642,nan,nan,0,0.067,0.057,0.0576316
juelich_pilot_d30_r5_log_distance_s01_w1,juelich,12345,1,1,log-distance,49,50,veh5,veh12,5,0,1,911.013,0,12.9052,8.4913,nan,nan,0,0.067,0.05,0.0576316
juelich_pilot_d30_r5_log_distance_s01_w1,juelich,12345,1,1,log-distance,49,50,veh5,veh13,5,0,1,640.722,0,12.9052,6.34394,nan,nan,0,0.067,0.075,0.0576316
juelich_pilot_d30_r5_log_distance_s01_w1,juelich,12345,1,1,log-distance,49,50,veh5,veh14,5,0,1,963.605,0,12.9052,16.1564,nan,nan,0,0.067,0.05,0.0576316
juelich_pilot_d30_r5_log_distance_s01_w1,juelich,12345,1,1,log-distance,49,50,veh5,veh15,5,5,0,217.426,1,12.9052,7.75756,-73.4238,23.5525,5,0.067,0.055,0.0576316
juelich_pilot_d30_r5_log_distance_s01_w1,juelich,12345,1,1,log-distance,49,50,veh5,veh16,5,0,1,601.553,0,12.9052,12.7809,nan,nan,0,0.067,0.045,0.0576316
juelich_pilot_d30_r5_log_distance_s01_w1,juelich,12345,1,1,log-distance,49,50,veh5,veh17,5,5,0,130.976,1,12.9052,7.12018,-69.0214,27.9548,5,0.067,0.063,0.0576316
juelich_pilot_d30_r5_log_distance_s01_w1,juelich,12345,1,1,log-distance,49,50,veh5,veh18,5,5,0,175.161,1,12.9052,1.84559,-71.5455,25.4308,5,0.067,0.06,0.0576316
juelich_pilot_d30_r5_log_distance_s01_w1,juelich,12345,1,1,log-distance,49,50,veh5,veh2,5,0,1,821.292,0,12.9052,0,nan,nan,0,0.067,0.039,0.0576316
juelich_pilot_d30_r5_log_distance_s01_w1,juelich,12345,1,1,log-distance,49,50,veh5,veh3,5,0,1,615.98,0,12.9052,12.1674,nan,nan,0,0.067,0.045,0.0576316
juelich_pilot_d30_r5_log_distance_s01_w1,juelich,12345,1,1,log-distance,49,50,veh5,veh4,5,0,1,704.128,0,12.9052,10.4701,nan,nan,0,0.067,0.075,0.0576316
juelich_pilot_d30_r5_log_distance_s01_w1,juelich,12345,1,1,log-distance,49,50,veh5,veh6,5,0,1,831.818,0,12.9052,9.40625,nan,nan,0,0.067,0.051,0.0576316
juelich_pilot_d30_r5_log_distance_s01_w1,juelich,12345,1,1,log-distance,49,50,veh5,veh7,5,5,0,263.769,1,12.9052,12.7772,-75.1022,21.8741,5,0.067,0.075,0.0576316
juelich_pilot_d30_r5_log_distance_s01_w1,juelich,12345,1,1,log-distance,49,50,veh5,veh8,5,5,0,547.962,0,12.9052,9.67044,-81.4527,15.5236,5,0.067,0.045,0.0576316
juelich_pilot_d30_r5_log_distance_s01_w1,juelich,12345,1,1,log-distance,49,50,veh5,veh9,5,0,1,796.539,0,12.9052,7.10129,nan,nan,0,0.067,0.063,0.0576316
juelich_pilot_d30_r5_log_distance_s01_w1,juelich,12345,1,1,log-distance,49,50,veh6,veh0,5,5,0,493.275,1,9.40625,14.041,-80.5394,16.4368,5,0.051,0.075,0.0576316
juelich_pilot_d30_r5_log_distance_s01_w1,juelich,12345,1,1,log-distance,49,50,veh6,veh1,5,5,0,280.722,1,9.40625,7.79991,-75.6427,21.3336,5,0.051,0.055,0.0576316
juelich_pilot_d30_r5_log_distance_s01_w1,juelich,12345,1,1,log-distance,49,50,veh6,veh10,5,5,0,20.571,1,9.40625,6.98362,-52.9079,44.0684,5,0.051,0.05,0.0576316
juelich_pilot_d30_r5_log_distance_s01_w1,juelich,12345,1,1,log-distance,49,50,veh6,veh11,5,5,0,239.295,1,9.40625,3.50642,-74.256,22.7202,5,0.051,0.057,0.0576316
juelich_pilot_d30_r5_log_distance_s01_w1,juelich,12345,1,1,log-distance,49,50,veh6,veh12,5,5,0,285.372,1,9.40625,8.4913,-75.7859,21.1904,5,0.051,0.05,0.0576316
juelich_pilot_d30_r5_log_distance_s01_w1,juelich,12345,1,1,log-distance,49,50,veh6,veh13,5,5,0,213.867,1,9.40625,6.34394,-73.2794,23.6969,5,0.051,0.075,0.0576316
juelich_pilot_d30_r5_log_distance_s01_w1,juelich,12345,1,1,log-distance,49,50,veh6,veh14,5,5,0,364.715,1,9.40625,16.1564,-77.9165,19.0598,5,0.051,0.05,0.0576316
juelich_pilot_d30_r5_log_distance_s01_w1,juelich,12345,1,1,log-distance,49,50,veh6,veh15,5,0,1,878.165,0,9.40625,7.75756,nan,nan,0,0.051,0.055,0.0576316
juelich_pilot_d30_r5_log_distance_s01_w1,juelich,12345,1,1,log-distance,49,50,veh6,veh17,5,0,1,886.278,0,9.40625,7.12018,nan,nan,0,0.051,0.063,0.0576316
juelich_pilot_d30_r5_log_distance_s01_w1,juelich,12345,1,1,log-distance,49,50,veh6,veh18,5,0,1,908.464,0,9.40625,1.84559,nan,nan,0,0.051,0.06,0.0576316
juelich_pilot_d30_r5_log_distance_s01_w1,juelich,12345,1,1,log-distance,49,50,veh6,veh4,5,5,0,134.271,1,9.40625,10.4701,-69.2373,27.739,5,0.051,0.075,0.0576316
juelich_pilot_d30_r5_log_distance_s01_w1,juelich,12345,1,1,log-distance,49,50,veh6,veh5,5,0,1,831.818,0,9.40625,12.9052,nan,nan,0,0.051,0.067,0.0576316
juelich_pilot_d30_r5_log_distance_s01_w1,juelich,12345,1,1,log-distance,49,50,veh6,veh7,5,0,1,867.781,0,9.40625,12.7772,nan,nan,0,0.051,0.075,0.0576316
juelich_pilot_d30_r5_log_distance_s01_w1,juelich,12345,1,1,log-distance,49,50,veh6,veh9,5,5,0,189.47,1,9.40625,7.10129,-72.2273,24.749,5,0.051,0.063,0.0576316
juelich_pilot_d30_r5_log_distance_s01_w1,juelich,12345,1,1,log-distance,49,50,veh7,veh0,5,0,1,688.005,0,12.7772,14.041,nan,nan,0,0.075,0.075,0.0576316
juelich_pilot_d30_r5_log_distance_s01_w1,juelich,12345,1,1,log-distance,49,50,veh7,veh1,5,0,1,800.757,0,12.7772,7.79991,nan,nan,0,0.075,0.055,0.0576316
juelich_pilot_d30_r5_log_distance_s01_w1,juelich,12345,1,1,log-distance,49,50,veh7,veh10,5,0,1,886.779,0,12.7772,6.98362,nan,nan,0,0.075,0.05,0.0576316
juelich_pilot_d30_r5_log_distance_s01_w1,juelich,12345,1,1,log-distance,49,50,veh7,veh11,5,0,1,788.206,0,12.7772,3.50642,nan,nan,0,0.075,0.057,0.0576316
juelich_pilot_d30_r5_log_distance_s01_w1,juelich,12345,1,1,log-distance,49,50,veh7,veh13,5,0,1,719.713,0,12.7772,6.34394,nan,nan,0,0.075,0.075,0.0576316
juelich_pilot_d30_r5_log_distance_s01_w1,juelich,12345,1,1,log-distance,49,50,veh7,veh15,5,5,0,480.906,1,12.7772,7.75756,-80.3189,16.6574,5,0.075,0.055,0.0576316
juelich_pilot_d30_r5_log_distance_s01_w1,juelich,12345,1,1,log-distance,49,50,veh7,veh16,5,0,1,646.123,0,12.7772,12.7809,nan,nan,0,0.075,0.045,0.0576316
juelich_pilot_d30_r5_log_distance_s01_w1,juelich,12345,1,1,log-distance,49,50,veh7,veh17,5,5,0,150.022,1,12.7772,7.12018,-70.2008,26.7755,5,0.075,0.063,0.0576316
juelich_pilot_d30_r5_log_distance_s01_w1,juelich,12345,1,1,log-distance,49,50,veh7,veh18,5,5,0,120.175,1,12.7772,1.84559,-68.2739,28.7024,5,0.075,0.06,0.0576316
juelich_pilot_d30_r5_log_distance_s01_w1,juelich,12345,1,1,log-distance,49,50,veh7,veh2,5,0,1,630.962,0,12.7772,0,nan,nan,0,0.075,0.039,0.0576316
juelich_pilot_d30_r5_log_distance_s01_w1,juelich,12345,1,1,log-distance,49,50,veh7,veh3,5,5,0,434.708,1,12.7772,12.1674,-79.4417,17.5346,5,0.075,0.045,0.0576316
juelich_pilot_d30_r5_log_distance_s01_w1,juelich,12345,1,1,log-distance,49,50,veh7,veh4,5,0,1,733.543,0,12.7772,10.4701,nan,nan,0,0.075,0.075,0.0576316
juelich_pilot_d30_r5_log_distance_s01_w1,juelich,12345,1,1,log-distance,49,50,veh7,veh5,5,5,0,263.769,1,12.7772,12.9052,-75.1022,21.8741,5,0.075,0.067,0.0576316
juelich_pilot_d30_r5_log_distance_s01_w1,juelich,12345,1,1,log-distance,49,50,veh7,veh6,5,0,1,867.781,0,12.7772,9.40625,nan,nan,0,0.075,0.051,0.0576316
juelich_pilot_d30_r5_log_distance_s01_w1,juelich,12345,1,1,log-distance,49,50,veh7,veh8,5,5,0,297.942,1,12.7772,9.67044,-76.1602,20.816,5,0.075,0.045,0.0576316
juelich_pilot_d30_r5_log_distance_s01_w1,juelich,12345,1,1,log-distance,49,50,veh7,veh9,5,0,1,775.063,0,12.7772,7.10129,nan,nan,0,0.075,0.063,0.0576316
juelich_pilot_d30_r5_log_distance_s01_w1,juelich,12345,1,1,log-distance,49,50,veh8,veh0,5,0,1,980.211,0,9.67044,14.041,nan,nan,0,0.045,0.075,0.0576316
juelich_pilot_d30_r5_log_distance_s01_w1,juelich,12345,1,1,log-distance,49,50,veh8,veh1,5,0,1,958.087,0,9.67044,7.79991,nan,nan,0,0.045,0.055,0.0576316
juelich_pilot_d30_r5_log_distance_s01_w1,juelich,12345,1,1,log-distance,49,50,veh8,veh11,5,0,1,958.33,0,9.67044,3.50642,nan,nan,0,0.045,0.057,0.0576316
juelich_pilot_d30_r5_log_distance_s01_w1,juelich,12345,1,1,log-distance,49,50,veh8,veh13,5,0,1,974.795,0,9.67044,6.34394,nan,nan,0,0.045,0.075,0.0576316
juelich_pilot_d30_r5_log_distance_s01_w1,juelich,12345,1,1,log-distance,49,50,veh8,veh15,5,0,1,758.151,0,9.67044,7.75756,nan,nan,0,0.045,0.055,0.0576316
juelich_pilot_d30_r5_log_distance_s01_w1,juelich,12345,1,1,log-distance,49,50,veh8,veh16,5,0,1,692.886,0,9.67044,12.7809,nan,nan,0,0.045,0.045,0.0576316
juelich_pilot_d30_r5_log_distance_s01_w1,juelich,12345,1,1,log-distance,49,50,veh8,veh17,5,5,0,418.713,1,9.67044,7.12018,-79.116,17.8603,5,0.045,0.063,0.0576316
juelich_pilot_d30_r5_log_distance_s01_w1,juelich,12345,1,1,log-distance,49,50,veh8,veh18,5,5,0,375.449,1,9.67044,1.84559,-78.1686,18.8077,5,0.045,0.06,0.0576316
juelich_pilot_d30_r5_log_distance_s01_w1,juelich,12345,1,1,log-distance,49,50,veh8,veh2,5,5,0,386.529,1,9.67044,0,-78.4213,18.555,5,0.045,0.039,0.0576316
juelich_pilot_d30_r5_log_distance_s01_w1,juelich,12345,1,1,log-distance,49,50,veh8,veh3,5,5,0,244.722,1,9.67044,12.1674,-74.4499,22.5263,5,0.045,0.045,0.0576316
juelich_pilot_d30_r5_log_distance_s01_w1,juelich,12345,1,1,log-distance,49,50,veh8,veh4,5,0,1,959.492,0,9.67044,10.4701,nan,nan,0,0.045,0.075,0.0576316
juelich_pilot_d30_r5_log_distance_s01_w1,juelich,12345,1,1,log-distance,49,50,veh8,veh5,5,5,0,547.962,0,9.67044,12.9052,-81.4527,15.5236,5,0.045,0.067,0.0576316
juelich_pilot_d30_r5_log_distance_s01_w1,juelich,12345,1,1,log-distance,49,50,veh8,veh7,5,5,0,297.942,1,9.67044,12.7772,-76.1602,20.816,5,0.045,0.075,0.0576316
juelich_pilot_d30_r5_log_distance_s01_w1,juelich,12345,1,1,log-distance,49,50,veh8,veh9,5,0,1,961.026,0,9.67044,7.10129,nan,nan,0,0.045,0.063,0.0576316
juelich_pilot_d30_r5_log_distance_s01_w1,juelich,12345,1,1,log-distance,49,50,veh9,veh0,5,5,0,578.935,0,7.10129,14.041,-81.9302,15.046,5,0.063,0.075,0.0576316
juelich_pilot_d30_r5_log_distance_s01_w1,juelich,12345,1,1,log-distance,49,50,veh9,veh1,5,5,0,102.986,1,7.10129,7.79991,-66.9332,30.043,5,0.063,0.055,0.0576316
juelich_pilot_d30_r5_log_distance_s01_w1,juelich,12345,1,1,log-distance,49,50,veh9,veh10,5,5,0,195.191,1,7.10129,6.98362,-72.4869,24.4894,5,0.063,0.05,0.0576316
juelich_pilot_d30_r5_log_distance_s01_w1,juelich,12345,1,1,log-distance,49,50,veh9,veh11,5,5,0,57.7048,1,7.10129,3.50642,-61.9006,35.0757,5,0.063,0.057,0.0576316
juelich_pilot_d30_r5_log_distance_s01_w1,juelich,12345,1,1,log-distance,49,50,veh9,veh12,5,5,0,472.971,1,7.10129,8.4913,-80.1742,16.8021,5,0.063,0.05,0.0576316
juelich_pilot_d30_r5_log_distance_s01_w1,juelich,12345,1,1,log-distance,49,50,veh9,veh13,5,5,0,299.984,1,7.10129,6.34394,-76.2194,20.7569,5,0.063,0.075,0.0576316
juelich_pilot_d30_r5_log_distance_s01_w1,juelich,12345,1,1,log-distance,49,50,veh9,veh14,5,5,0,553.124,0,7.10129,16.1564,-81.5337,15.4426,5,0.063,0.05,0.0576316
juelich_pilot_d30_r5_log_distance_s01_w1,juelich,12345,1,1,log-distance,49,50,veh9,veh15,5,0,1,888.794,0,7.10129,7.75756,nan,nan,0,0.063,0.055,0.0576316
juelich_pilot_d30_r5_log_distance_s01_w1,juelich,12345,1,1,log-distance,49,50,veh9,veh17,5,0,1,823.711,0,7.10129,7.12018,nan,nan,0,0.063,0.063,0.0576316
juelich_pilot_d30_r5_log_distance_s01_w1,juelich,12345,1,1,log-distance,49,50,veh9,veh18,5,0,1,837.627,0,7.10129,1.84559,nan,nan,0,0.063,0.06,0.0576316
juelich_pilot_d30_r5_log_distance_s01_w1,juelich,12345,1,1,log-distance,49,50,veh9,veh4,5,5,0,160.225,1,7.10129,10.4701,-70.772,26.2043,5,0.063,0.075,0.0576316
juelich_pilot_d30_r5_log_distance_s01_w1,juelich,12345,1,1,log-distance,49,50,veh9,veh5,5,0,1,796.539,0,7.10129,12.9052,nan,nan,0,0.063,0.067,0.0576316
juelich_pilot_d30_r5_log_distance_s01_w1,juelich,12345,1,1,log-distance,49,50,veh9,veh6,5,5,0,189.47,1,7.10129,9.40625,-72.2273,24.749,5,0.063,0.051,0.0576316
juelich_pilot_d30_r5_log_distance_s01_w1,juelich,12345,1,1,log-distance,49,50,veh9,veh7,5,0,1,775.063,0,7.10129,12.7772,nan,nan,0,0.063,0.075,0.0576316
juelich_pilot_d30_r5_log_distance_s01_w1,juelich,12345,1,1,log-distance,49,50,veh9,veh8,5,0,1,961.026,0,7.10129,9.67044,nan,nan,0,0.063,0.045,0.0576316
