run_id,scenario_id,ns3_seed,ns3_run,sumo_seed,propagation,window_start_s,window_end_s,src,dst,tx,rx_ok,per,dist_m,within_evaluation_radius,v_src_mps,v_dst_mps,rssi_dbm,snr_db,phy_n,cbr_tx,cbr_rx,cbr_global
juelich_pilot_d30_r2_log_distance_s01_w1,juelich,12345,1,1,log-distance,5,6,veh0,veh1,2,0,1,777.725,0,8.36722,5.41183,nan,nan,0,0.004,0.004,0.00322222
juelich_pilot_d30_r2_log_distance_s01_w1,juelich,12345,1,1,log-distance,5,6,veh1,veh0,2,0,1,777.725,0,5.41183,8.36722,nan,nan,0,0.004,0.004,0.00322222
juelich_pilot_d30_r2_log_distance_s01_w1,juelich,12345,1,1,log-distance,6,7,veh0,veh1,2,0,1,766.977,0,8.36202,7.29537,nan,nan,0,0.004,0.004,0.00333333
juelich_pilot_d30_r2_log_distance_s01_w1,juelich,12345,1,1,log-distance,6,7,veh1,veh0,2,0,1,766.977,0,7.29537,8.36202,nan,nan,0,0.004,0.004,0.00333333
juelich_pilot_d30_r2_log_distance_s01_w1,juelich,12345,1,1,log-distance,7,8,veh0,veh1,2,0,1,755.636,0,8.34003,7.79412,nan,nan,0,0.004,0.004,0.00333333
juelich_pilot_d30_r2_log_distance_s01_w1,juelich,12345,1,1,log-distance,7,8,veh1,veh0,2,0,1,755.636,0,7.79412,8.34003,nan,nan,0,0.004,0.004,0.00333333
juelich_pilot_d30_r2_log_distance_s01_w1,juelich,12345,1,1,log-distance,8,9,veh0,veh1,2,0,1,744.4,0,8.40556,7.76616,nan,nan,0,0.004,0.004,0.00330556
juelich_pilot_d30_r2_log_distance_s01_w1,juelich,12345,1,1,log-distance,8,9,veh1,veh0,2,0,1,744.4,0,7.76616,8.40556,nan,nan,0,0.004,0.004,0.00330556
juelich_pilot_d30_r2_log_distance_s01_w1,juelich,12345,1,1,log-distance,8,9,veh2,veh3,1,1,0,266.884,1,6.46045,0,-75.2041,21.7721,1,0.003,0.00222222,0.00330556
juelich_pilot_d30_r2_log_distance_s01_w1,juelich,12345,1,1,log-distance,8,9,veh3,veh2,1,1,0,266.884,1,0,6.46045,-75.2041,21.7721,1,0.00222222,0.003,0.00330556
juelich_pilot_d30_r2_log_distance_s01_w1,juelich,12345,1,1,log-distance,9,10,veh0,veh1,2,0,1,733.355,0,8.408,7.77678,nan,nan,0,0.004,0.004,0.004
juelich_pilot_d30_r2_log_distance_s01_w1,juelich,12345,1,1,log-distance,9,10,veh1,veh0,2,0,1,733.355,0,7.77678,8.408,nan,nan,0,0.004,0.004,0.004
juelich_pilot_d30_r2_log_distance_s01_w1,juelich,12345,1,1,log-distance,9,10,veh2,veh3,2,2,0,265.157,1,6.95153,0,-75.1477,21.8285,2,0.004,0.004,0.004
juelich_pilot_d30_r2_log_distance_s01_w1,juelich,12345,1,1,log-distance,9,10,veh3,veh2,2,2,0,265.157,1,0,6.95153,-75.1477,21.8285,2,0.004,0.004,0.004
juelich_pilot_d30_r2_log_distance_s01_w1,juelich,12345,1,1,log-distance,10,11,veh0,veh1,2,0,1,722.516,0,8.43872,7.82084,nan,nan,0,0.004,0.004,0.0032
juelich_pilot_d30_r2_log_distance_s01_w1,juelich,12345,1,1,log-distance,10,11,veh1,veh0,2,0,1,722.516,0,7.82084,8.43872,nan,nan,0,0.004,0.004,0.0032
juelich_pilot_d30_r2_log_distance_s01_w1,juelich,12345,1,1,log-distance,10,11,veh2,veh3,2,2,0,263.543,1,3.25117,0,-75.0947,21.8815,2,0.004,0.004,0.0032
juelich_pilot_d30_r2_log_distance_s01_w1,juelich,12345,1,1,log-distance,10,11,veh3,veh2,2,2,0,263.543,1,0,3.25117,-75.0947,21.8815,2,0.004,0.004,0.0032
juelich_pilot_d30_r2_log_distance_s01_w1,juelich,12345,1,1,log-distance,11,12,veh0,veh1,2,0,1,712.018,0,8.37301,7.78365,nan,nan,0,0.006,0.006,0.0052
juelich_pilot_d30_r2_log_distance_s01_w1,juelich,12345,1,1,log-distance,11,12,veh0,veh4,2,2,0,464.822,1,8.37301,1.07892,-80.0234,16.9529,2,0.006,0.006,0.0052
juelich_pilot_d30_r2_log_distance_s01_w1,juelich,12345,1,1,log-distance,11,12,veh1,veh0,2,0,1,712.018,0,7.78365,8.37301,nan,nan,0,0.006,0.006,0.0052
juelich_pilot_d30_r2_log_distance_s01_w1,juelich,12345,1,1,log-distance,11,12,veh1,veh4,2,2,0,249.869,1,7.78365,1.07892,-74.6319,22.3443,2,0.006,0.006,0.0052
juelich_pilot_d30_r2_log_distance_s01_w1,juelich,12345,1,1,log-distance,11,12,veh2,veh3,2,2,0,263.21,1,0.00125079,0.848213,-75.0837,21.8925,2,0.004,0.004,0.0052
juelich_pilot_d30_r2_log_distance_s01_w1,juelich,12345,1,1,log-distance,11,12,veh3,veh2,2,2,0,263.21,1,0.848213,0.00125079,-75.0837,21.8925,2,0.004,0.004,0.0052
juelich_pilot_d30_r2_log_distance_s01_w1,juelich,12345,1,1,log-distance,11,12,veh4,veh0,2,2,0,464.822,1,1.07892,8.37301,-80.0234,16.9529,2,0.006,0.006,0.0052
juelich_pilot_d30_r2_log_distance_s01_w1,juelich,12345,1,1,log-distance,11,12,veh4,veh1,2,2,0,249.869,1,1.07892,7.78365,-74.6319,22.3443,2,0.006,0.006,0.0052
juelich_pilot_d30_r2_log_distance_s01_w1,juelich,12345,1,1,log-distance,12,13,veh0,veh1,2,0,1,701.751,0,8.42988,7.76449,nan,nan,0,0.006,0.006,0.0052
juelich_pilot_d30_r2_log_distance_s01_w1,juelich,12345,1,1,log-distance,12,13,veh0,veh4,2,2,0,456.699,1,8.42988,3.1886,-79.8702,17.1061,2,0.006,0.006,0.0052
juelich_pilot_d30_r2_log_distance_s01_w1,juelich,12345,1,1,log-distance,12,13,veh1,veh0,2,0,1,701.751,0,7.76449,8.42988,nan,nan,0,0.006,0.006,0.0052
juelich_pilot_d30_r2_log_distance_s01_w1,juelich,12345,1,1,log-distance,12,13,veh1,veh4,2,2,0,248.582,1,7.76449,3.1886,-74.5871,22.3892,2,0.006,0.006,0.0052
juelich_pilot_d30_r2_log_distance_s01_w1,juelich,12345,1,1,log-distance,12,13,veh2,veh3,2,2,0,263.314,1,0,2.95358,-75.0872,21.8891,2,0.004,0.004,0.0052
juelich_pilot_d30_r2_log_distance_s01_w1,juelich,12345,1,1,log-distance,12,13,veh3,veh2,2,2,0,263.314,1,2.95358,0,-75.0872,21.8891,2,0.004,0.004,0.0052
juelich_pilot_d30_r2_log_distance_s01_w1,juelich,12345,1,1,log-distance,12,13,veh4,veh0,2,2,0,456.699,1,3.1886,8.42988,-79.8702,17.1061,2,0.006,0.006,0.0052
juelich_pilot_d30_r2_log_distance_s01_w1,juelich,12345,1,1,log-distance,12,13,veh4,veh1,2,2,0,248.582,1,3.1886,7.76449,-74.5871,22.3892,2,0.006,0.006,0.0052
juelich_pilot_d30_r2_log_distance_s01_w1,juelich,12345,1,1,log-distance,13,14,veh0,veh1,2,0,1,691.691,0,8.43647,7.80139,nan,nan,0,0.007,0.006,0.00566667
juelich_pilot_d30_r2_log_distance_s01_w1,juelich,12345,1,1,log-distance,13,14,veh0,veh4,2,2,0,447.417,1,8.43647,5.24323,-79.6918,17.2845,2,0.007,0.007,0.00566667
juelich_pilot_d30_r2_log_distance_s01_w1,juelich,12345,1,1,log-distance,13,14,veh0,veh5,1,1,0,299.44,1,8.42401,0,-76.2039,20.7724,1,0.007,0.006,0.00566667
juelich_pilot_d30_r2_log_distance_s01_w1,juelich,12345,1,1,log-distance,13,14,veh1,veh0,2,0,1,691.691,0,7.80139,8.43647,nan,nan,0,0.006,0.007,0.00566667
juelich_pilot_d30_r2_log_distance_s01_w1,juelich,12345,1,1,log-distance,13,14,veh1,veh4,2,2,0,249.158,1,7.80139,5.24323,-74.6072,22.3691,2,0.006,0.007,0.00566667
juelich_pilot_d30_r2_log_distance_s01_w1,juelich,12345,1,1,log-distance,13,14,veh1,veh5,1,0,1,988.551,0,7.78277,0,nan,nan,0,0.006,0.006,0.00566667
juelich_pilot_d30_r2_log_distance_s01_w1,juelich,12345,1,1,log-distance,13,14,veh2,veh3,2,2,0,263.281,1,0.81251,5.03432,-75.0861,21.8902,2,0.004,0.004,0.00566667
juelich_pilot_d30_r2_log_distance_s01_w1,juelich,12345,1,1,log-distance,13,14,veh3,veh2,2,2,0,263.281,1,5.03432,0.81251,-75.0861,21.8902,2,0.004,0.004,0.00566667
juelich_pilot_d30_r2_log_distance_s01_w1,juelich,12345,1,1,log-distance,13,14,veh3,veh5,1,0,1,981.911,0,5.48519,0,nan,nan,0,0.004,0.006,0.00566667
juelich_pilot_d30_r2_log_distance_s01_w1,juelich,12345,1,1,log-distance,13,14,veh4,veh0,2,2,0,447.417,1,5.24323,8.43647,-79.6918,17.2845,2,0.007,0.007,0.00566667
juelich_pilot_d30_r2_log_distance_s01_w1,juelich,12345,1,1,log-distance,13,14,veh4,veh1,2,2,0,249.158,1,5.24323,7.80139,-74.6072,22.3691,2,0.007,0.006,0.00566667
juelich_pilot_d30_r2_log_distance_s01_w1,juelich,12345,1,1,log-distance,13,14,veh4,veh5,1,0,1,743.089,0,5.75437,0,nan,nan,0,0.007,0.006,0.00566667
juelich_pilot_d30_r2_log_distance_s01_w1,juelich,12345,1,1,log-distance,13,14,veh5,veh0,1,1,0,299.44,1,0,8.42401,-76.2039,20.7724,1,0.006,0.007,0.00566667
juelich_pilot_d30_r2_log_distance_s01_w1,juelich,12345,1,1,log-distance,13,14,veh5,veh1,1,0,1,988.551,0,0,7.78277,nan,nan,0,0.006,0.006,0.00566667
juelich_pilot_d30_r2_log_distance_s01_w1,juelich,12345,1,1,log-distance,13,14,veh5,veh3,1,0,1,981.911,0,0,5.48519,nan,nan,0,0.006,0.004,0.00566667
juelich_pilot_d30_r2_log_distance_s01_w1,juelich,12345,1,1,log-distance,13,14,veh5,veh4,1,0,1,743.089,0,0,5.75437,nan,nan,0,0.006,0.007,0.00566667
juelich_pilot_d30_r2_log_distance_s01_w1,juelich,12345,1,1,log-distance,14,15,veh0,veh1,2,0,1,681.834,0,8.39605,7.793,nan,nan,0,0.008,0.006,0.006
juelich_pilot_d30_r2_log_distance_s01_w1,juelich,12345,1,1,log-distance,14,15,veh0,veh4,2,2,0,437.354,1,8.39605,6.91483,-79.4942,17.4821,2,0.008,0.008,0.006
juelich_pilot_d30_r2_log_distance_s01_w1,juelich,12345,1,1,log-distance,14,15,veh0,veh5,2,2,0,304.677,1,8.39605,1.74738,-76.3543,20.622,2,0.008,0.006,0.006
juelich_pilot_d30_r2_log_distance_s01_w1,juelich,12345,1,1,log-distance,14,15,veh1,veh0,2,0,1,681.834,0,7.793,8.39605,nan,nan,0,0.006,0.008,0.006
juelich_pilot_d30_r2_log_distance_s01_w1,juelich,12345,1,1,log-distance,14,15,veh1,veh4,2,2,0,251.395,1,7.793,6.91483,-74.6848,22.2915,2,0.006,0.008,0.006
juelich_pilot_d30_r2_log_distance_s01_w1,juelich,12345,1,1,log-distance,14,15,veh1,veh5,2,0,1,986.501,0,7.793,1.74738,nan,nan,0,0.006,0.006,0.006
juelich_pilot_d30_r2_log_distance_s01_w1,juelich,12345,1,1,log-distance,14,15,veh2,veh3,2,2,0,260.742,1,3.06919,6.99303,-75.0018,21.9744,2,0.004,0.004,0.006
juelich_pilot_d30_r2_log_distance_s01_w1,juelich,12345,1,1,log-distance,14,15,veh3,veh2,2,2,0,260.742,1,6.99303,3.06919,-75.0018,21.9744,2,0.004,0.004,0.006
juelich_pilot_d30_r2_log_distance_s01_w1,juelich,12345,1,1,log-distance,14,15,veh3,veh5,2,0,1,977.099,0,6.99303,1.74738,nan,nan,0,0.004,0.006,0.006
juelich_pilot_d30_r2_log_distance_s01_w1,juelich,12345,1,1,log-distance,14,15,veh4,veh0,2,2,0,437.354,1,6.91483,8.39605,-79.4942,17.4821,2,0.008,0.008,0.006
juelich_pilot_d30_r2_log_distance_s01_w1,juelich,12345,1,1,log-distance,14,15,veh4,veh1,2,2,0,251.395,1,6.91483,7.793,-74.6848,22.2915,2,0.008,0.006,0.006
juelich_pilot_d30_r2_log_distance_s01_w1,juelich,12345,1,1,log-distance,14,15,veh4,veh5,2,0,1,740.996,0,6.91483,1.74738,nan,nan,0,0.008,0.006,0.006
juelich_pilot_d30_r2_log_distance_s01_w1,juelich,12345,1,1,log-distance,14,15,veh5,veh0,2,2,0,304.677,1,1.74738,8.39605,-76.3543,20.622,2,0.006,0.008,0.006
juelich_pilot_d30_r2_log_distance_s01_w1,juelich,12345,1,1,log-distance,14,15,veh5,veh1,2,0,1,986.501,0,1.74738,7.793,nan,nan,0,0.006,0.006,0.006
juelich_pilot_d30_r2_log_distance_s01_w1,juelich,12345,1,1,log-distance,14,15,veh5,veh3,2,0,1,977.099,0,1.74738,6.99303,nan,nan,0,0.006,0.004,0.006
juelich_pilot_d30_r2_log_distance_s01_w1,juelich,12345,1,1,log-distance,14,15,veh5,veh4,2,0,1,740.996,0,1.74738,6.91483,nan,nan,0,0.006,0.008,0.006
juelich_pilot_d30_r2_log_distance_s01_w1,juelich,12345,1,1,log-distance,15,16,veh0,veh1,2,0,1,672.229,0,8.40232,7.73885,nan,nan,0,0.008,0.006,0.006
juelich_pilot_d30_r2_log_distance_s01_w1,juelich,12345,1,1,log-distance,15,16,veh0,veh4,2,2,0,426.549,1,8.40232,7.27971,-79.2769,17.6994,2,0.008,0.008,0.006
juelich_pilot_d30_r2_log_distance_s01_w1,juelich,12345,1,1,log-distance,15,16,veh0,veh5,2,2,0,313.239,1,8.40232,3.73079,-76.595,20.3813,2,0.008,0.006,0.006
juelich_pilot_d30_r2_log_distance_s01_w1,juelich,12345,1,1,log-distance,15,16,veh1,veh0,2,0,1,672.229,0,7.73885,8.40232,nan,nan,0,0.006,0.008,0.006
juelich_pilot_d30_r2_log_distance_s01_w1,juelich,12345,1,1,log-distance,15,16,veh1,veh4,2,2,0,255.151,1,7.73885,7.27971,-74.8136,22.1627,2,0.006,0.008,0.006
juelich_pilot_d30_r2_log_distance_s01_w1,juelich,12345,1,1,log-distance,15,16,veh1,veh5,2,0,1,985.263,0,7.73885,3.73079,nan,nan,0,0.006,0.006,0.006
juelich_pilot_d30_r2_log_distance_s01_w1,juelich,12345,1,1,log-distance,15,16,veh2,veh3,2,2,0,253.95,1,5.08516,8.85852,-74.7723,22.204,2,0.004,0.004,0.006
juelich_pilot_d30_r2_log_distance_s01_w1,juelich,12345,1,1,log-distance,15,16,veh3,veh2,2,2,0,253.95,1,8.85852,5.08516,-74.7723,22.204,2,0.004,0.004,0.006
juelich_pilot_d30_r2_log_distance_s01_w1,juelich,12345,1,1,log-distance,15,16,veh3,veh5,2,0,1,969.931,0,8.85852,3.73079,nan,nan,0,0.004,0.006,0.006
juelich_pilot_d30_r2_log_distance_s01_w1,juelich,12345,1,1,log-distance,15,16,veh4,veh0,2,2,0,426.549,1,7.27971,8.40232,-79.2769,17.6994,2,0.008,0.008,0.006
juelich_pilot_d30_r2_log_distance_s01_w1,juelich,12345,1,1,log-distance,15,16,veh4,veh1,2,2,0,255.151,1,7.27971,7.73885,-74.8136,22.1627,2,0.008,0.006,0.006
juelich_pilot_d30_r2_log_distance_s01_w1,juelich,12345,1,1,log-distance,15,16,veh4,veh5,2,0,1,739.112,0,7.27971,3.73079,nan,nan,0,0.008,0.006,0.006
juelich_pilot_d30_r2_log_distance_s01_w1,juelich,12345,1,1,log-distance,15,16,veh5,veh0,2,2,0,313.239,1,3.73079,8.40232,-76.595,20.3813,2,0.006,0.008,0.006
juelich_pilot_d30_r2_log_distance_s01_w1,juelich,12345,1,1,log-distance,15,16,veh5,veh1,2,0,1,985.263,0,3.73079,7.73885,nan,nan,0,0.006,0.006,0.006
juelich_pilot_d30_r2_log_distance_s01_w1,juelich,12345,1,1,log-distance,15,16,veh5,veh3,2,0,1,969.931,0,3.73079,8.85852,nan,nan,0,0.006,0.004,0.006
juelich_pilot_d30_r2_log_distance_s01_w1,juelich,12345,1,1,log-distance,15,16,veh5,veh4,2,0,1,739.112,0,3.73079,7.27971,nan,nan,0,0.006,0.008,0.006
juelich_pilot_d30_r2_log_distance_s01_w1,juelich,12345,1,1,log-distance,16,17,veh0,veh1,2,0,1,662.904,0,8.3726,7.77108,nan,nan,0,0.009,0.007,0.00628571
juelich_pilot_d30_r2_log_distance_s01_w1,juelich,12345,1,1,log-distance,16,17,veh0,veh4,2,2,0,415.304,1,8.3726,7.28229,-79.0448,17.9315,2,0.009,0.009,0.00628571
juelich_pilot_d30_r2_log_distance_s01_w1,juelich,12345,1,1,log-distance,16,17,veh0,veh5,2,2,0,323.478,1,8.3726,5.69379,-76.8743,20.102,2,0.009,0.006,0.00628571
juelich_pilot_d30_r2_log_distance_s01_w1,juelich,12345,1,1,log-distance,16,17,veh0,veh6,1,1,0,514.902,0,8.33347,0.747798,-80.9122,16.0641,1,0.009,0.005,0.00628571
juelich_pilot_d30_r2_log_distance_s01_w1,juelich,12345,1,1,log-distance,16,17,veh1,veh0,2,0,1,662.904,0,7.77108,8.3726,nan,nan,0,0.007,0.009,0.00628571
juelich_pilot_d30_r2_log_distance_s01_w1,juelich,12345,1,1,log-distance,16,17,veh1,veh4,2,2,0,259.856,1,7.77108,7.28229,-74.9723,22.004,2,0.007,0.009,0.00628571
juelich_pilot_d30_r2_log_distance_s01_w1,juelich,12345,1,1,log-distance,16,17,veh1,veh5,2,0,1,985.533,0,7.77108,5.69379,nan,nan,0,0.007,0.006,0.00628571
juelich_pilot_d30_r2_log_distance_s01_w1,juelich,12345,1,1,log-distance,16,17,veh1,veh6,1,1,0,205.003,1,7.759,0.747798,-72.9129,24.0634,1,0.007,0.005,0.00628571
juelich_pilot_d30_r2_log_distance_s01_w1,juelich,12345,1,1,log-distance,16,17,veh2,veh3,2,2,0,244.453,1,6.8899,10.5274,-74.4409,22.5354,2,0.004,0.004,0.00628571
juelich_pilot_d30_r2_log_distance_s01_w1,juelich,12345,1,1,log-distance,16,17,veh3,veh2,2,2,0,244.453,1,10.5274,6.8899,-74.4409,22.5354,2,0.004,0.004,0.00628571
juelich_pilot_d30_r2_log_distance_s01_w1,juelich,12345,1,1,log-distance,16,17,veh3,veh5,2,0,1,959.913,0,10.5274,5.69379,nan,nan,0,0.004,0.006,0.00628571
juelich_pilot_d30_r2_log_distance_s01_w1,juelich,12345,1,1,log-distance,16,17,veh4,veh0,2,2,0,415.304,1,7.28229,8.3726,-79.0448,17.9315,2,0.009,0.009,0.00628571
juelich_pilot_d30_r2_log_distance_s01_w1,juelich,12345,1,1,log-distance,16,17,veh4,veh1,2,2,0,259.856,1,7.28229,7.77108,-74.9723,22.004,2,0.009,0.007,0.00628571
juelich_pilot_d30_r2_log_distance_s01_w1,juelich,12345,1,1,log-distance,16,17,veh4,veh5,2,0,1,738.42,0,7.28229,5.69379,nan,nan,0,0.009,0.006,0.00628571
juelich_pilot_d30_r2_log_distance_s01_w1,juelich,12345,1,1,log-distance,16,17,veh4,veh6,1,1,0,110.82,1,7.28148,0.747798,-67.5701,29.4062,1,0.009,0.005,0.00628571
juelich_pilot_d30_r2_log_distance_s01_w1,juelich,12345,1,1,log-distance,16,17,veh5,veh0,2,2,0,323.478,1,5.69379,8.3726,-76.8743,20.102,2,0.006,0.009,0.00628571
juelich_pilot_d30_r2_log_distance_s01_w1,juelich,12345,1,1,log-distance,16,17,veh5,veh1,2,0,1,985.533,0,5.69379,7.77108,nan,nan,0,0.006,0.007,0.00628571
juelich_pilot_d30_r2_log_distance_s01_w1,juelich,12345,1,1,log-distance,16,17,veh5,veh3,2,0,1,959.913,0,5.69379,10.5274,nan,nan,0,0.006,0.004,0.00628571
juelich_pilot_d30_r2_log_distance_s01_w1,juelich,12345,1,1,log-distance,16,17,veh5,veh4,2,0,1,738.42,0,5.69379,7.28229,nan,nan,0,0.006,0.009,0.00628571
juelich_pilot_d30_r2_log_distance_s01_w1,juelich,12345,1,1,log-distance,16,17,veh5,veh6,1,0,1,838.95,0,6.21764,0.747798,nan,nan,0,0.006,0.005,0.00628571
juelich_pilot_d30_r2_log_distance_s01_w1,juelich,12345,1,1,log-distance,16,17,veh6,veh0,1,1,0,514.902,0,0.747798,8.33347,-80.9122,16.0641,1,0.005,0.009,0.00628571
juelich_pilot_d30_r2_log_distance_s01_w1,juelich,12345,1,1,log-distance,16,17,veh6,veh1,1,1,0,205.003,1,0.747798,7.759,-72.9129,24.0634,1,0.005,0.007,0.00628571
juelich_pilot_d30_r2_log_distance_s01_w1,juelich,12345,1,1,log-distance,16,17,veh6,veh4,1,1,0,110.82,1,0.747798,7.28148,-67.5701,29.4062,1,0.005,0.009,0.00628571
juelich_pilot_d30_r2_log_distance_s01_w1,juelich,12345,1,1,log-distance,16,17,veh6,veh5,1,0,1,838.95,0,0.747798,6.21764,nan,nan,0,0.005,0.006,0.00628571
juelich_pilot_d30_r2_log_distance_s01_w1,juelich,12345,1,1,log-distance,17,18,veh0,veh1,2,0,1,653.859,0,8.37931,7.84753,nan,nan,0,0.01,0.008,0.00714286
juelich_pilot_d30_r2_log_distance_s01_w1,juelich,12345,1,1,log-distance,17,18,veh0,veh4,2,2,0,404.095,1,8.37931,7.24666,-78.8072,18.1691,2,0.01,0.01,0.00714286
juelich_pilot_d30_r2_log_distance_s01_w1,juelich,12345,1,1,log-distance,17,18,veh0,veh5,2,2,0,335.413,1,8.37931,7.58269,-77.1889,19.7874,2,0.01,0.006,0.00714286
juelich_pilot_d30_r2_log_distance_s01_w1,juelich,12345,1,1,log-distance,17,18,veh0,veh6,2,2,0,508.307,0,8.37931,2.34326,-80.8001,16.1761,2,0.01,0.008,0.00714286
juelich_pilot_d30_r2_log_distance_s01_w1,juelich,12345,1,1,log-distance,17,18,veh1,veh0,2,0,1,653.859,0,7.84753,8.37931,nan,nan,0,0.008,0.01,0.00714286
juelich_pilot_d30_r2_log_distance_s01_w1,juelich,12345,1,1,log-distance,17,18,veh1,veh4,2,2,0,265.046,1,7.84753,7.24666,-75.144,21.8323,2,0.008,0.01,0.00714286
juelich_pilot_d30_r2_log_distance_s01_w1,juelich,12345,1,1,log-distance,17,18,veh1,veh5,2,0,1,987.212,0,7.84753,7.58269,nan,nan,0,0.008,0.006,0.00714286
juelich_pilot_d30_r2_log_distance_s01_w1,juelich,12345,1,1,log-distance,17,18,veh1,veh6,2,2,0,206.706,1,7.84753,2.34326,-72.9847,23.9916,2,0.008,0.008,0.00714286
juelich_pilot_d30_r2_log_distance_s01_w1,juelich,12345,1,1,log-distance,17,18,veh2,veh3,2,2,0,231.291,1,8.70103,12.0061,-73.9599,23.0164,2,0.004,0.004,0.00714286
juelich_pilot_d30_r2_log_distance_s01_w1,juelich,12345,1,1,log-distance,17,18,veh3,veh2,2,2,0,231.291,1,12.0061,8.70103,-73.9599,23.0164,2,0.004,0.004,0.00714286
juelich_pilot_d30_r2_log_distance_s01_w1,juelich,12345,1,1,log-distance,17,18,veh3,veh5,2,0,1,951.567,0,12.0061,7.58269,nan,nan,0,0.004,0.006,0.00714286
juelich_pilot_d30_r2_log_distance_s01_w1,juelich,12345,1,1,log-distance,17,18,veh4,veh0,2,2,0,404.095,1,7.24666,8.37931,-78.8072,18.1691,2,0.01,0.01,0.00714286
juelich_pilot_d30_r2_log_distance_s01_w1,juelich,12345,1,1,log-distance,17,18,veh4,veh1,2,2,0,265.046,1,7.24666,7.84753,-75.144,21.8323,2,0.01,0.008,0.00714286
juelich_pilot_d30_r2_log_distance_s01_w1,juelich,12345,1,1,log-distance,17,18,veh4,veh5,2,0,1,739.379,0,7.24666,7.58269,nan,nan,0,0.01,0.006,0.00714286
juelich_pilot_d30_r2_log_distance_s01_w1,juelich,12345,1,1,log-distance,17,18,veh4,veh6,2,2,0,110.735,1,7.24666,2.34326,-67.5634,29.4129,2,0.01,0.008,0.00714286
juelich_pilot_d30_r2_log_distance_s01_w1,juelich,12345,1,1,log-distance,17,18,veh5,veh0,2,2,0,335.413,1,7.58269,8.37931,-77.1889,19.7874,2,0.006,0.01,0.00714286
juelich_pilot_d30_r2_log_distance_s01_w1,juelich,12345,1,1,log-distance,17,18,veh5,veh1,2,0,1,987.212,0,7.58269,7.84753,nan,nan,0,0.006,0.008,0.00714286
juelich_pilot_d30_r2_log_distance_s01_w1,juelich,12345,1,1,log-distance,17,18,veh5,veh3,2,0,1,951.567,0,7.58269,12.0061,nan,nan,0,0.006,0.004,0.00714286
juelich_pilot_d30_r2_log_distance_s01_w1,juelich,12345,1,1,log-distance,17,18,veh5,veh4,2,0,1,739.379,0,7.58269,7.24666,nan,nan,0,0.006,0.01,0.00714286
juelich_pilot_d30_r2_log_distance_s01_w1,juelich,12345,1,1,log-distance,17,18,veh5,veh6,2,0,1,842.268,0,7.58269,2.34326,nan,nan,0,0.006,0.008,0.00714286
juelich_pilot_d30_r2_log_distance_s01_w1,juelich,12345,1,1,log-distance,17,18,veh6,veh0,2,2,0,508.307,0,2.34326,8.37931,-80.8001,16.1761,2,0.008,0.01,0.00714286
juelich_pilot_d30_r2_log_distance_s01_w1,juelich,12345,1,1,log-distance,17,18,veh6,veh1,2,2,0,206.706,1,2.34326,7.84753,-72.9847,23.9916,2,0.008,0.008,0.00714286
juelich_pilot_d30_r2_log_distance_s01_w1,juelich,12345,1,1,log-distance,17,18,veh6,veh4,2,2,0,110.735,1,2.34326,7.24666,-67.5634,29.4129,2,0.008,0.01,0.00714286
juelich_pilot_d30_r2_log_distance_s01_w1,juelich,12345,1,1,log-distance,17,18,veh6,veh5,2,0,1,842.268,0,2.34326,7.58269,nan,nan,0,0.008,0.006,0.00714286
juelich_pilot_d30_r2_log_distance_s01_w1,juelich,12345,1,1,log-distance,18,19,veh0,veh1,2,0,1,645.155,0,8.41475,7.79345,nan,nan,0,0.01,0.008,0.00625
juelich_pilot_d30_r2_log_distance_s01_w1,juelich,12345,1,1,log-distance,18,19,veh0,veh4,2,2,0,392.96,1,8.41475,7.27528,-78.5645,18.4118,2,0.01,0.01,0.00625
juelich_pilot_d30_r2_log_distance_s01_w1,juelich,12345,1,1,log-distance,18,19,veh0,veh5,2,2,0,348.542,1,8.41475,8.13232,-77.5224,19.4539,2,0.01,0.006,0.00625
juelich_pilot_d30_r2_log_distance_s01_w1,juelich,12345,1,1,log-distance,18,19,veh0,veh6,2,2,0,498.303,1,8.41475,4.14274,-80.6274,16.3488,2,0.01,0.008,0.00625
juelich_pilot_d30_r2_log_distance_s01_w1,juelich,12345,1,1,log-distance,18,19,veh1,veh0,2,0,1,645.155,0,7.79345,8.41475,nan,nan,0,0.008,0.01,0.00625
juelich_pilot_d30_r2_log_distance_s01_w1,juelich,12345,1,1,log-distance,18,19,veh1,veh4,2,2,0,270.7,1,7.79345,7.27528,-75.3273,21.6489,2,0.008,0.01,0.00625
juelich_pilot_d30_r2_log_distance_s01_w1,juelich,12345,1,1,log-distance,18,19,veh1,veh5,2,0,1,989.804,0,7.79345,8.13232,nan,nan,0,0.008,0.006,0.00625
juelich_pilot_d30_r2_log_distance_s01_w1,juelich,12345,1,1,log-distance,18,19,veh1,veh6,2,2,0,209.226,1,7.79345,4.14274,-73.09,23.8863,2,0.008,0.008,0.00625
juelich_pilot_d30_r2_log_distance_s01_w1,juelich,12345,1,1,log-distance,18,19,veh2,veh3,2,2,0,216.898,1,10.7504,12.1616,-73.4016,23.5747,2,0.004,0.004,0.00625
juelich_pilot_d30_r2_log_distance_s01_w1,juelich,12345,1,1,log-distance,18,19,veh3,veh2,2,2,0,216.898,1,12.1616,10.7504,-73.4016,23.5747,2,0.004,0.004,0.00625
juelich_pilot_d30_r2_log_distance_s01_w1,juelich,12345,1,1,log-distance,18,19,veh3,veh5,2,0,1,942.16,0,12.1616,8.13232,nan,nan,0,0.004,0.006,0.00625
juelich_pilot_d30_r2_log_distance_s01_w1,juelich,12345,1,1,log-distance,18,19,veh4,veh0,2,2,0,392.96,1,7.27528,8.41475,-78.5645,18.4118,2,0.01,0.01,0.00625
juelich_pilot_d30_r2_log_distance_s01_w1,juelich,12345,1,1,log-distance,18,19,veh4,veh1,2,2,0,270.7,1,7.27528,7.79345,-75.3273,21.6489,2,0.01,0.008,0.00625
juelich_pilot_d30_r2_log_distance_s01_w1,juelich,12345,1,1,log-distance,18,19,veh4,veh5,2,0,1,741.488,0,7.27528,8.13232,nan,nan,0,0.01,0.006,0.00625
juelich_pilot_d30_r2_log_distance_s01_w1,juelich,12345,1,1,log-distance,18,19,veh4,veh6,2,2,0,109.567,1,7.27528,4.14274,-67.4712,29.5051,2,0.01,0.008,0.00625
juelich_pilot_d30_r2_log_distance_s01_w1,juelich,12345,1,1,log-distance,18,19,veh5,veh0,2,2,0,348.542,1,8.13232,8.41475,-77.5224,19.4539,2,0.006,0.01,0.00625
juelich_pilot_d30_r2_log_distance_s01_w1,juelich,12345,1,1,log-distance,18,19,veh5,veh1,2,0,1,989.804,0,8.13232,7.79345,nan,nan,0,0.006,0.008,0.00625
juelich_pilot_d30_r2_log_distance_s01_w1,juelich,12345,1,1,log-distance,18,19,veh5,veh3,2,0,1,942.16,0,8.13232,12.1616,nan,nan,0,0.006,0.004,0.00625
juelich_pilot_d30_r2_log_distance_s01_w1,juelich,12345,1,1,log-distance,18,19,veh5,veh4,2,0,1,741.488,0,8.13232,7.27528,nan,nan,0,0.006,0.01,0.00625
juelich_pilot_d30_r2_log_distance_s01_w1,juelich,12345,1,1,log-distance,18,19,veh5,veh6,2,0,1,846.203,0,8.13232,4.14274,nan,nan,0,0.006,0.008,0.00625
juelich_pilot_d30_r2_log_distance_s01_w1,juelich,12345,1,1,log-distance,18,19,veh6,veh0,2,2,0,498.303,1,4.14274,8.41475,-80.6274,16.3488,2,0.008,0.01,0.00625
juelich_pilot_d30_r2_log_distance_s01_w1,juelich,12345,1,1,log-distance,18,19,veh6,veh1,2,2,0,209.226,1,4.14274,7.79345,-73.09,23.8863,2,0.008,0.008,0.00625
juelich_pilot_d30_r2_log_distance_s01_w1,juelich,12345,1,1,log-distance,18,19,veh6,veh4,2,2,0,109.567,1,4.14274,7.27528,-67.4712,29.5051,2,0.008,0.01,0.00625
juelich_pilot_d30_r2_log_distance_s01_w1,juelich,12345,1,1,log-distance,18,19,veh6,veh5,2,0,1,846.203,0,4.14274,8.13232,nan,nan,0,0.008,0.006,0.00625
juelich_pilot_d30_r2_log_distance_s01_w1,juelich,12345,1,1,log-distance,19,20,veh0,veh1,2,0,1,636.714,0,8.36742,7.73426,nan,nan,0,0.012,0.008,0.0085
juelich_pilot_d30_r2_log_distance_s01_w1,juelich,12345,1,1,log-distance,19,20,veh0,veh4,2,2,0,381.844,1,8.36742,7.28825,-78.3152,18.6611,2,0.012,0.01,0.0085
juelich_pilot_d30_r2_log_distance_s01_w1,juelich,12345,1,1,log-distance,19,20,veh0,veh5,2,2,0,362.001,1,8.36742,8.14682,-77.8515,19.1248,2,0.012,0.008,0.0085
juelich_pilot_d30_r2_log_distance_s01_w1,juelich,12345,1,1,log-distance,19,20,veh0,veh6,2,2,0,486.811,1,8.36742,6.15332,-80.4247,16.5515,2,0.012,0.008,0.0085
juelich_pilot_d30_r2_log_distance_s01_w1,juelich,12345,1,1,log-distance,19,20,veh0,veh7,2,0,1,752.994,0,8.36742,0.84716,nan,nan,0,0.012,0.01,0.0085
juelich_pilot_d30_r2_log_distance_s01_w1,juelich,12345,1,1,log-distance,19,20,veh1,veh0,2,0,1,636.714,0,7.73426,8.36742,nan,nan,0,0.008,0.012,0.0085
juelich_pilot_d30_r2_log_distance_s01_w1,juelich,12345,1,1,log-distance,19,20,veh1,veh4,2,2,0,276.758,1,7.73426,7.28825,-75.5196,21.4567,2,0.008,0.01,0.0085
juelich_pilot_d30_r2_log_distance_s01_w1,juelich,12345,1,1,log-distance,19,20,veh1,veh5,2,0,1,992.434,0,7.73426,8.14682,nan,nan,0,0.008,0.008,0.0085
juelich_pilot_d30_r2_log_distance_s01_w1,juelich,12345,1,1,log-distance,19,20,veh1,veh6,2,2,0,211.889,1,7.73426,6.15332,-73.1998,23.7765,2,0.008,0.008,0.0085
juelich_pilot_d30_r2_log_distance_s01_w1,juelich,12345,1,1,log-distance,19,20,veh2,veh3,2,2,0,202.102,1,12.4639,12.1421,-72.7876,24.1887,2,0.006,0.006,0.0085
juelich_pilot_d30_r2_log_distance_s01_w1,juelich,12345,1,1,log-distance,19,20,veh2,veh5,2,0,1,990.692,0,12.4639,8.14682,nan,nan,0,0.006,0.008,0.0085
juelich_pilot_d30_r2_log_distance_s01_w1,juelich,12345,1,1,log-distance,19,20,veh2,veh7,2,2,0,400.752,1,12.4639,0.84716,-78.735,18.2413,2,0.006,0.01,0.0085
juelich_pilot_d30_r2_log_distance_s01_w1,juelich,12345,1,1,log-distance,19,20,veh3,veh2,2,2,0,202.102,1,12.1421,12.4639,-72.7876,24.1887,2,0.006,0.006,0.0085
juelich_pilot_d30_r2_log_distance_s01_w1,juelich,12345,1,1,log-distance,19,20,veh3,veh5,2,0,1,932.739,0,12.1421,8.14682,nan,nan,0,0.006,0.008,0.0085
juelich_pilot_d30_r2_log_distance_s01_w1,juelich,12345,1,1,log-distance,19,20,veh3,veh7,2,2,0,398.462,1,12.1421,0.84716,-78.6854,18.2909,2,0.006,0.01,0.0085
juelich_pilot_d30_r2_log_distance_s01_w1,juelich,12345,1,1,log-distance,19,20,veh4,veh0,2,2,0,381.844,1,7.28825,8.36742,-78.3152,18.6611,2,0.01,0.012,0.0085
juelich_pilot_d30_r2_log_distance_s01_w1,juelich,12345,1,1,log-distance,19,20,veh4,veh1,2,2,0,276.758,1,7.28825,7.73426,-75.5196,21.4567,2,0.01,0.008,0.0085
juelich_pilot_d30_r2_log_distance_s01_w1,juelich,12345,1,1,log-distance,19,20,veh4,veh5,2,0,1,743.824,0,7.28825,8.14682,nan,nan,0,0.01,0.008,0.0085
juelich_pilot_d30_r2_log_distance_s01_w1,juelich,12345,1,1,log-distance,19,20,veh4,veh6,2,2,0,107.232,1,7.28825,6.15332,-67.284,29.6923,2,0.01,0.008,0.0085
juelich_pilot_d30_r2_log_distance_s01_w1,juelich,12345,1,1,log-distance,19,20,veh5,veh0,2,2,0,362.001,1,8.14682,8.36742,-77.8515,19.1248,2,0.008,0.012,0.0085
juelich_pilot_d30_r2_log_distance_s01_w1,juelich,12345,1,1,log-distance,19,20,veh5,veh1,2,0,1,992.434,0,8.14682,7.73426,nan,nan,0,0.008,0.008,0.0085
juelich_pilot_d30_r2_log_distance_s01_w1,juelich,12345,1,1,log-distance,19,20,veh5,veh2,2,0,1,990.692,0,8.14682,12.4639,nan,nan,0,0.008,0.006,0.0085
juelich_pilot_d30_r2_log_distance_s01_w1,juelich,12345,1,1,log-distance,19,20,veh5,veh3,2,0,1,932.739,0,8.14682,12.1421,nan,nan,0,0.008,0.006,0.0085
juelich_pilot_d30_r2_log_distance_s01_w1,juelich,12345,1,1,log-distance,19,20,veh5,veh4,2,0,1,743.824,0,8.14682,7.28825,nan,nan,0,0.008,0.01,0.0085
juelich_pilot_d30_r2_log_distance_s01_w1,juelich,12345,1,1,log-distance,19,20,veh5,veh6,2,0,1,848.661,0,8.14682,6.15332,nan,nan,0,0.008,0.008,0.0085
juelich_pilot_d30_r2_log_distance_s01_w1,juelich,12345,1,1,log-distance,19,20,veh5,veh7,2,0,1,595.053,0,8.14682,0.84716,nan,nan,0,0.008,0.01,0.0085
juelich_pilot_d30_r2_log_distance_s01_w1,juelich,12345,1,1,log-distance,19,20,veh6,veh0,2,2,0,486.811,1,6.15332,8.36742,-80.4247,16.5515,2,0.008,0.012,0.0085
juelich_pilot_d30_r2_log_distance_s01_w1,juelich,12345,1,1,log-distance,19,20,veh6,veh1,2,2,0,211.889,1,6.15332,7.73426,-73.1998,23.7765,2,0.008,0.008,0.0085
juelich_pilot_d30_r2_log_distance_s01_w1,juelich,12345,1,1,log-distance,19,20,veh6,veh4,2,2,0,107.232,1,6.15332,7.28825,-67.284,29.6923,2,0.008,0.01,0.0085
juelich_pilot_d30_r2_log_distance_s01_w1,juelich,12345,1,1,log-distance,19,20,veh6,veh5,2,0,1,848.661,0,6.15332,8.14682,nan,nan,0,0.008,0.008,0.0085
juelich_pilot_d30_r2_log_distance_s01_w1,juelich,12345,1,1,log-distance,19,20,veh7,veh0,2,0,1,752.994,0,0.84716,8.36742,nan,nan,0,0.01,0.012,0.0085
juelich_pilot_d30_r2_log_distance_s01_w1,juelich,12345,1,1,log-distance,19,20,veh7,veh2,2,2,0,400.752,1,0.84716,12.4639,-78.735,18.2413,2,0.01,0.006,0.0085
juelich_pilot_d30_r2_log_distance_s01_w1,juelich,12345,1,1,log-distance,19,20,veh7,veh3,2,2,0,398.462,1,0.84716,12.1421,-78.6854,18.2909,2,0.01,0.006,0.0085
juelich_pilot_d30_r2_log_distance_s01_w1,juelich,12345,1,1,log-distance,19,20,veh7,veh5,2,0,1,595.053,0,0.84716,8.14682,nan,nan,0,0.01,0.008,0.0085
juelich_pilot_d30_r2_log_distance_s01_w1,juelich,12345,1,1,log-distance,20,21,veh0,veh1,2,0,1,628.35,0,8.35664,7.82494,nan,nan,0,0.012,0.008,0.0085
juelich_pilot_d30_r2_log_distance_s01_w1,juelich,12345,1,1,log-distance,20,21,veh0,veh4,2,2,0,370.734,1,8.35664,7.25839,-78.0587,18.9176,2,0.012,0.01,0.0085
juelich_pilot_d30_r2_log_distance_s01_w1,juelich,12345,1,1,log-distance,20,21,veh0,veh5,2,2,0,375.698,1,8.35664,8.13612,-78.1741,18.8022,2,0.012,0.008,0.0085
juelich_pilot_d30_r2_log_distance_s01_w1,juelich,12345,1,1,log-distance,20,21,veh0,veh6,2,2,0,473.77,1,8.35664,8.02066,-80.1888,16.7875,2,0.012,0.008,0.0085
juelich_pilot_d30_r2_log_distance_s01_w1,juelich,12345,1,1,log-distance,20,21,veh0,veh7,2,0,1,759.005,0,8.35664,3.00565,nan,nan,0,0.012,0.01,0.0085
juelich_pilot_d30_r2_log_distance_s01_w1,juelich,12345,1,1,log-distance,20,21,veh1,veh0,2,0,1,628.35,0,7.82494,8.35664,nan,nan,0,0.008,0.012,0.0085
juelich_pilot_d30_r2_log_distance_s01_w1,juelich,12345,1,1,log-distance,20,21,veh1,veh4,2,2,0,283.002,1,7.82494,7.25839,-75.7133,21.2629,2,0.008,0.01,0.0085
juelich_pilot_d30_r2_log_distance_s01_w1,juelich,12345,1,1,log-distance,20,21,veh1,veh5,2,0,1,994.85,0,7.82494,8.13612,nan,nan,0,0.008,0.008,0.0085
juelich_pilot_d30_r2_log_distance_s01_w1,juelich,12345,1,1,log-distance,20,21,veh1,veh6,2,2,0,214.494,1,7.82494,8.02066,-73.3059,23.6703,2,0.008,0.008,0.0085
juelich_pilot_d30_r2_log_distance_s01_w1,juelich,12345,1,1,log-distance,20,21,veh2,veh3,2,2,0,187.034,1,12.7121,12.1281,-72.1144,24.8619,2,0.006,0.006,0.0085
juelich_pilot_d30_r2_log_distance_s01_w1,juelich,12345,1,1,log-distance,20,21,veh2,veh5,2,0,1,971.824,0,12.7121,8.13612,nan,nan,0,0.006,0.008,0.0085
juelich_pilot_d30_r2_log_distance_s01_w1,juelich,12345,1,1,log-distance,20,21,veh2,veh7,2,2,0,390.16,1,12.7121,3.00565,-78.5024,18.4739,2,0.006,0.01,0.0085
juelich_pilot_d30_r2_log_distance_s01_w1,juelich,12345,1,1,log-distance,20,21,veh3,veh2,2,2,0,187.034,1,12.1281,12.7121,-72.1144,24.8619,2,0.006,0.006,0.0085
juelich_pilot_d30_r2_log_distance_s01_w1,juelich,12345,1,1,log-distance,20,21,veh3,veh5,2,0,1,924.247,0,12.1281,8.13612,nan,nan,0,0.006,0.008,0.0085
juelich_pilot_d30_r2_log_distance_s01_w1,juelich,12345,1,1,log-distance,20,21,veh3,veh7,2,2,0,394.144,1,12.1281,3.00565,-78.5908,18.3855,2,0.006,0.01,0.0085
juelich_pilot_d30_r2_log_distance_s01_w1,juelich,12345,1,1,log-distance,20,21,veh4,veh0,2,2,0,370.734,1,7.25839,8.35664,-78.0587,18.9176,2,0.01,0.012,0.0085
juelich_pilot_d30_r2_log_distance_s01_w1,juelich,12345,1,1,log-distance,20,21,veh4,veh1,2,2,0,283.002,1,7.25839,7.82494,-75.7133,21.2629,2,0.01,0.008,0.0085
juelich_pilot_d30_r2_log_distance_s01_w1,juelich,12345,1,1,log-distance,20,21,veh4,veh5,2,0,1,746.306,0,7.25839,8.13612,nan,nan,0,0.01,0.008,0.0085
juelich_pilot_d30_r2_log_distance_s01_w1,juelich,12345,1,1,log-distance,20,21,veh4,veh6,2,2,0,103.831,1,7.25839,8.02066,-67.0039,29.9724,2,0.01,0.008,0.0085
juelich_pilot_d30_r2_log_distance_s01_w1,juelich,12345,1,1,log-distance,20,21,veh5,veh0,2,2,0,375.698,1,8.13612,8.35664,-78.1741,18.8022,2,0.008,0.012,0.0085
juelich_pilot_d30_r2_log_distance_s01_w1,juelich,12345,1,1,log-distance,20,21,veh5,veh1,2,0,1,994.85,0,8.13612,7.82494,nan,nan,0,0.008,0.008,0.0085
juelich_pilot_d30_r2_log_distance_s01_w1,juelich,12345,1,1,log-distance,20,21,veh5,veh2,2,0,1,971.824,0,8.13612,12.7121,nan,nan,0,0.008,0.006,0.0085
juelich_pilot_d30_r2_log_distance_s01_w1,juelich,12345,1,1,log-distance,20,21,veh5,veh3,2,0,1,924.247,0,8.13612,12.1281,nan,nan,0,0.008,0.006,0.0085
juelich_pilot_d30_r2_log_distance_s01_w1,juelich,12345,1,1,log-distance,20,21,veh5,veh4,2,0,1,746.306,0,8.13612,7.25839,nan,nan,0,0.008,0.01,0.0085
juelich_pilot_d30_r2_log_distance_s01_w1,juelich,12345,1,1,log-distance,20,21,veh5,veh6,2,0,1,849.452,0,8.13612,8.02066,nan,nan,0,0.008,0.008,0.0085
juelich_pilot_d30_r2_log_distance_s01_w1,juelich,12345,1,1,log-distance,20,21,veh5,veh7,2,0,1,587.269,0,8.13612,3.00565,nan,nan,0,0.008,0.01,0.0085
juelich_pilot_d30_r2_log_distance_s01_w1,juelich,12345,1,1,log-distance,20,21,veh6,veh0,2,2,0,473.77,1,8.02066,8.35664,-80.1888,16.7875,2,0.008,0.012,0.0085
juelich_pilot_d30_r2_log_distance_s01_w1,juelich,12345,1,1,log-distance,20,21,veh6,veh1,2,2,0,214.494,1,8.02066,7.82494,-73.3059,23.6703,2,0.008,0.008,0.0085
juelich_pilot_d30_r2_log_distance_s01_w1,juelich,12345,1,1,log-distance,20,21,veh6,veh4,2,2,0,103.831,1,8.02066,7.25839,-67.0039,29.9724,2,0.008,0.01,0.0085
juelich_pilot_d30_r2_log_distance_s01_w1,juelich,12345,1,1,log-distance,20,21,veh6,veh5,2,0,1,849.452,0,8.02066,8.13612,nan,nan,0,0.008,0.008,0.0085
juelich_pilot_d30_r2_log_distance_s01_w1,juelich,12345,1,1,log-distance,20,21,veh7,veh0,2,0,1,759.005,0,3.00565,8.35664,nan,nan,0,0.01,0.012,0.0085
juelich_pilot_d30_r2_log_distance_s01_w1,juelich,12345,1,1,log-distance,20,21,veh7,veh2,2,2,0,390.16,1,3.00565,12.7121,-78.5024,18.4739,2,0.01,0.006,0.0085
juelich_pilot_d30_r2_log_distance_s01_w1,juelich,12345,1,1,log-distance,20,21,veh7,veh3,2,2,0,394.144,1,3.00565,12.1281,-78.5908,18.3855,2,0.01,0.006,0.0085
juelich_pilot_d30_r2_log_distance_s01_w1,juelich,12345,1,1,log-distance,20,21,veh7,veh5,2,0,1,587.269,0,3.00565,8.13612,nan,nan,0,0.01,0.008,0.0085
juelich_pilot_d30_r2_log_distance_s01_w1,juelich,12345,1,1,log-distance,21,22,veh0,veh1,2,0,1,620.262,0,8.40451,7.80066,nan,nan,0,0.012,0.008,0.00755556
juelich_pilot_d30_r2_log_distance_s01_w1,juelich,12345,1,1,log-distance,21,22,veh0,veh4,2,2,0,359.627,1,8.40451,7.26466,-77.7945,19.1818,2,0.012,0.01,0.00755556
juelich_pilot_d30_r2_log_distance_s01_w1,juelich,12345,1,1,log-distance,21,22,veh0,veh5,2,2,0,389.592,1,8.40451,8.12688,-78.4896,18.4867,2,0.012,0.008,0.00755556
juelich_pilot_d30_r2_log_distance_s01_w1,juelich,12345,1,1,log-distance,21,22,veh0,veh6,2,2,0,459.989,1,8.40451,8.34997,-79.9324,17.0439,2,0.012,0.008,0.00755556
juelich_pilot_d30_r2_log_distance_s01_w1,juelich,12345,1,1,log-distance,21,22,veh0,veh7,2,0,1,763.058,0,8.40451,4.94044,nan,nan,0,0.012,0.01,0.00755556
juelich_pilot_d30_r2_log_distance_s01_w1,juelich,12345,1,1,log-distance,21,22,veh1,veh0,2,0,1,620.262,0,7.80066,8.40451,nan,nan,0,0.008,0.012,0.00755556
juelich_pilot_d30_r2_log_distance_s01_w1,juelich,12345,1,1,log-distance,21,22,veh1,veh4,2,2,0,289.612,1,7.80066,7.26466,-75.9139,21.0624,2,0.008,0.01,0.00755556
juelich_pilot_d30_r2_log_distance_s01_w1,juelich,12345,1,1,log-distance,21,22,veh1,veh5,2,0,1,997.221,0,7.80066,8.12688,nan,nan,0,0.008,0.008,0.00755556
juelich_pilot_d30_r2_log_distance_s01_w1,juelich,12345,1,1,log-distance,21,22,veh1,veh6,2,2,0,217.152,1,7.80066,8.34997,-73.4129,23.5634,2,0.008,0.008,0.00755556
juelich_pilot_d30_r2_log_distance_s01_w1,juelich,12345,1,1,log-distance,21,22,veh2,veh3,2,2,0,172.817,1,9.38543,12.163,-71.4278,25.5485,2,0.006,0.006,0.00755556
juelich_pilot_d30_r2_log_distance_s01_w1,juelich,12345,1,1,log-distance,21,22,veh2,veh5,2,0,1,954.487,0,9.38543,8.12688,nan,nan,0,0.006,0.008,0.00755556
juelich_pilot_d30_r2_log_distance_s01_w1,juelich,12345,1,1,log-distance,21,22,veh2,veh7,2,2,0,383.054,1,9.38543,4.94044,-78.3429,18.6334,2,0.006,0.01,0.00755556
juelich_pilot_d30_r2_log_distance_s01_w1,juelich,12345,1,1,log-distance,21,22,veh3,veh2,2,2,0,172.817,1,12.163,9.38543,-71.4278,25.5485,2,0.006,0.006,0.00755556
juelich_pilot_d30_r2_log_distance_s01_w1,juelich,12345,1,1,log-distance,21,22,veh3,veh5,2,0,1,915.956,0,12.163,8.12688,nan,nan,0,0.006,0.008,0.00755556
juelich_pilot_d30_r2_log_distance_s01_w1,juelich,12345,1,1,log-distance,21,22,veh3,veh7,2,2,0,392.015,1,12.163,4.94044,-78.5437,18.4325,2,0.006,0.01,0.00755556
juelich_pilot_d30_r2_log_distance_s01_w1,juelich,12345,1,1,log-distance,21,22,veh4,veh0,2,2,0,359.627,1,7.26466,8.40451,-77.7945,19.1818,2,0.01,0.012,0.00755556
juelich_pilot_d30_r2_log_distance_s01_w1,juelich,12345,1,1,log-distance,21,22,veh4,veh1,2,2,0,289.612,1,7.26466,7.80066,-75.9139,21.0624,2,0.01,0.008,0.00755556
juelich_pilot_d30_r2_log_distance_s01_w1,juelich,12345,1,1,log-distance,21,22,veh4,veh5,2,0,1,748.914,0,7.26466,8.12688,nan,nan,0,0.01,0.008,0.00755556
juelich_pilot_d30_r2_log_distance_s01_w1,juelich,12345,1,1,log-distance,21,22,veh4,veh6,2,2,0,100.432,1,7.26466,8.34997,-66.7149,30.2614,2,0.01,0.008,0.00755556
juelich_pilot_d30_r2_log_distance_s01_w1,juelich,12345,1,1,log-distance,21,22,veh5,veh0,2,2,0,389.592,1,8.12688,8.40451,-78.4896,18.4867,2,0.008,0.012,0.00755556
juelich_pilot_d30_r2_log_distance_s01_w1,juelich,12345,1,1,log-distance,21,22,veh5,veh1,2,0,1,997.221,0,8.12688,7.80066,nan,nan,0,0.008,0.008,0.00755556
juelich_pilot_d30_r2_log_distance_s01_w1,juelich,12345,1,1,log-distance,21,22,veh5,veh2,2,0,1,954.487,0,8.12688,9.38543,nan,nan,0,0.008,0.006,0.00755556
juelich_pilot_d30_r2_log_distance_s01_w1,juelich,12345,1,1,log-distance,21,22,veh5,veh3,2,0,1,915.956,0,8.12688,12.163,nan,nan,0,0.008,0.006,0.00755556
juelich_pilot_d30_r2_log_distance_s01_w1,juelich,12345,1,1,log-distance,21,22,veh5,veh4,2,0,1,748.914,0,8.12688,7.26466,nan,nan,0,0.008,0.01,0.00755556
juelich_pilot_d30_r2_log_distance_s01_w1,juelich,12345,1,1,log-distance,21,22,veh5,veh6,2,0,1,849.306,0,8.12688,8.34997,nan,nan,0,0.008,0.008,0.00755556
juelich_pilot_d30_r2_log_distance_s01_w1,juelich,12345,1,1,log-distance,21,22,veh5,veh7,2,2,0,577.671,0,8.12688,4.94044,-81.9112,15.0651,2,0.008,0.01,0.00755556
juelich_pilot_d30_r2_log_distance_s01_w1,juelich,12345,1,1,log-distance,21,22,veh6,veh0,2,2,0,459.989,1,8.34997,8.40451,-79.9324,17.0439,2,0.008,0.012,0.00755556
juelich_pilot_d30_r2_log_distance_s01_w1,juelich,12345,1,1,log-distance,21,22,veh6,veh1,2,2,0,217.152,1,8.34997,7.80066,-73.4129,23.5634,2,0.008,0.008,0.00755556
juelich_pilot_d30_r2_log_distance_s01_w1,juelich,12345,1,1,log-distance,21,22,veh6,veh4,2,2,0,100.432,1,8.34997,7.26466,-66.7149,30.2614,2,0.008,0.01,0.00755556
juelich_pilot_d30_r2_log_distance_s01_w1,juelich,12345,1,1,log-distance,21,22,veh6,veh5,2,0,1,849.306,0,8.34997,8.12688,nan,nan,0,0.008,0.008,0.00755556
juelich_pilot_d30_r2_log_distance_s01_w1,juelich,12345,1,1,log-distance,21,22,veh7,veh0,2,0,1,763.058,0,4.94044,8.40451,nan,nan,0,0.01,0.012,0.00755556
juelich_pilot_d30_r2_log_distance_s01_w1,juelich,12345,1,1,log-distance,21,22,veh7,veh2,2,2,0,383.054,1,4.94044,9.38543,-78.3429,18.6334,2,0.01,0.006,0.00755556
juelich_pilot_d30_r2_log_distance_s01_w1,juelich,12345,1,1,log-distance,21,22,veh7,veh3,2,2,0,392.015,1,4.94044,12.163,-78.5437,18.4325,2,0.01,0.006,0.00755556
juelich_pilot_d30_r2_log_distance_s01_w1,juelich,12345,1,1,log-distance,21,22,veh7,veh5,2,2,0,577.671,0,4.94044,8.12688,-81.9112,15.0651,2,0.01,0.008,0.00755556
juelich_pilot_d30_r2_log_distance_s01_w1,juelich,12345,1,1,log-distance,22,23,veh0,veh1,2,0,1,612.46,0,8.38316,7.82925,nan,nan,0,0.014,0.008,0.01
juelich_pilot_d30_r2_log_distance_s01_w1,juelich,12345,1,1,log-distance,22,23,veh0,veh4,2,2,0,348.492,1,8.38316,7.27714,-77.5213,19.455,2,0.014,0.01,0.01
juelich_pilot_d30_r2_log_distance_s01_w1,juelich,12345,1,1,log-distance,22,23,veh0,veh5,2,2,0,403.718,1,8.38316,8.1016,-78.7989,18.1774,2,0.014,0.01,0.01
juelich_pilot_d30_r2_log_distance_s01_w1,juelich,12345,1,1,log-distance,22,23,veh0,veh6,2,2,0,446.608,1,8.38316,7.46299,-79.676,17.3003,2,0.014,0.008,0.01
juelich_pilot_d30_r2_log_distance_s01_w1,juelich,12345,1,1,log-distance,22,23,veh0,veh7,2,0,1,765.295,0,8.38316,6.70775,nan,nan,0,0.014,0.012,0.01
juelich_pilot_d30_r2_log_distance_s01_w1,juelich,12345,1,1,log-distance,22,23,veh0,veh8,2,0,1,787.334,0,8.38316,1.59782,nan,nan,0,0.014,0.012,0.01
juelich_pilot_d30_r2_log_distance_s01_w1,juelich,12345,1,1,log-distance,22,23,veh1,veh0,2,0,1,612.46,0,7.82925,8.38316,nan,nan,0,0.008,0.014,0.01
juelich_pilot_d30_r2_log_distance_s01_w1,juelich,12345,1,1,log-distance,22,23,veh1,veh4,2,2,0,296.6,1,7.82925,7.27714,-76.121,20.8553,2,0.008,0.01,0.01
juelich_pilot_d30_r2_log_distance_s01_w1,juelich,12345,1,1,log-distance,22,23,veh1,veh5,1,0,1,999.005,0,7.83646,8.12099,nan,nan,0,0.008,0.01,0.01
juelich_pilot_d30_r2_log_distance_s01_w1,juelich,12345,1,1,log-distance,22,23,veh1,veh6,2,2,0,219.799,1,7.82925,7.46299,-73.5182,23.4581,2,0.008,0.008,0.01
juelich_pilot_d30_r2_log_distance_s01_w1,juelich,12345,1,1,log-distance,22,23,veh2,veh3,2,2,0,159.677,1,4.88812,12.1444,-70.7408,26.2355,2,0.008,0.008,0.01
juelich_pilot_d30_r2_log_distance_s01_w1,juelich,12345,1,1,log-distance,22,23,veh2,veh5,2,0,1,941.4,0,4.88812,8.1016,nan,nan,0,0.008,0.01,0.01
juelich_pilot_d30_r2_log_distance_s01_w1,juelich,12345,1,1,log-distance,22,23,veh2,veh7,2,2,0,382.04,1,4.88812,6.70775,-78.3199,18.6564,2,0.008,0.012,0.01
juelich_pilot_d30_r2_log_distance_s01_w1,juelich,12345,1,1,log-distance,22,23,veh2,veh8,2,2,0,351.617,1,4.88812,1.59782,-77.5991,19.3772,2,0.008,0.012,0.01
juelich_pilot_d30_r2_log_distance_s01_w1,juelich,12345,1,1,log-distance,22,23,veh3,veh2,2,2,0,159.677,1,12.1444,4.88812,-70.7408,26.2355,2,0.008,0.008,0.01
juelich_pilot_d30_r2_log_distance_s01_w1,juelich,12345,1,1,log-distance,22,23,veh3,veh5,2,0,1,907.895,0,12.1444,8.1016,nan,nan,0,0.008,0.01,0.01
juelich_pilot_d30_r2_log_distance_s01_w1,juelich,12345,1,1,log-distance,22,23,veh3,veh7,2,2,0,392.027,1,12.1444,6.70775,-78.544,18.4323,2,0.008,0.012,0.01
juelich_pilot_d30_r2_log_distance_s01_w1,juelich,12345,1,1,log-distance,22,23,veh3,veh8,2,2,0,379.062,1,12.1444,1.59782,-78.2518,18.7244,2,0.008,0.012,0.01
juelich_pilot_d30_r2_log_distance_s01_w1,juelich,12345,1,1,log-distance,22,23,veh4,veh0,2,2,0,348.492,1,7.27714,8.38316,-77.5213,19.455,2,0.01,0.014,0.01
juelich_pilot_d30_r2_log_distance_s01_w1,juelich,12345,1,1,log-distance,22,23,veh4,veh1,2,2,0,296.6,1,7.27714,7.82925,-76.121,20.8553,2,0.01,0.008,0.01
juelich_pilot_d30_r2_log_distance_s01_w1,juelich,12345,1,1,log-distance,22,23,veh4,veh5,2,0,1,751.672,0,7.27714,8.1016,nan,nan,0,0.01,0.01,0.01
juelich_pilot_d30_r2_log_distance_s01_w1,juelich,12345,1,1,log-distance,22,23,veh4,veh6,2,2,0,98.3747,1,7.27714,7.46299,-66.5353,30.4409,2,0.01,0.008,0.01
juelich_pilot_d30_r2_log_distance_s01_w1,juelich,12345,1,1,log-distance,22,23,veh5,veh0,2,2,0,403.718,1,8.1016,8.38316,-78.7989,18.1774,2,0.01,0.014,0.01
juelich_pilot_d30_r2_log_distance_s01_w1,juelich,12345,1,1,log-distance,22,23,veh5,veh1,1,0,1,999.005,0,8.12099,7.83646,nan,nan,0,0.01,0.008,0.01
juelich_pilot_d30_r2_log_distance_s01_w1,juelich,12345,1,1,log-distance,22,23,veh5,veh2,2,0,1,941.4,0,8.1016,4.88812,nan,nan,0,0.01,0.008,0.01
juelich_pilot_d30_r2_log_distance_s01_w1,juelich,12345,1,1,log-distance,22,23,veh5,veh3,2,0,1,907.895,0,8.1016,12.1444,nan,nan,0,0.01,0.008,0.01
juelich_pilot_d30_r2_log_distance_s01_w1,juelich,12345,1,1,log-distance,22,23,veh5,veh4,2,0,1,751.672,0,8.1016,7.27714,nan,nan,0,0.01,0.01,0.01
juelich_pilot_d30_r2_log_distance_s01_w1,juelich,12345,1,1,log-distance,22,23,veh5,veh6,2,0,1,849.4,0,8.1016,7.46299,nan,nan,0,0.01,0.008,0.01
juelich_pilot_d30_r2_log_distance_s01_w1,juelich,12345,1,1,log-distance,22,23,veh5,veh7,2,2,0,566.442,0,8.1016,6.70775,-81.7407,15.2356,2,0.01,0.012,0.01
juelich_pilot_d30_r2_log_distance_s01_w1,juelich,12345,1,1,log-distance,22,23,veh5,veh8,2,0,1,606.538,0,8.1016,1.59782,nan,nan,0,0.01,0.012,0.01
juelich_pilot_d30_r2_log_distance_s01_w1,juelich,12345,1,1,log-distance,22,23,veh6,veh0,2,2,0,446.608,1,7.46299,8.38316,-79.676,17.3003,2,0.008,0.014,0.01
juelich_pilot_d30_r2_log_distance_s01_w1,juelich,12345,1,1,log-distance,22,23,veh6,veh1,2,2,0,219.799,1,7.46299,7.82925,-73.5182,23.4581,2,0.008,0.008,0.01
juelich_pilot_d30_r2_log_distance_s01_w1,juelich,12345,1,1,log-distance,22,23,veh6,veh4,2,2,0,98.3747,1,7.46299,7.27714,-66.5353,30.4409,2,0.008,0.01,0.01
juelich_pilot_d30_r2_log_distance_s01_w1,juelich,12345,1,1,log-distance,22,23,veh6,veh5,2,0,1,849.4,0,7.46299,8.1016,nan,nan,0,0.008,0.01,0.01
juelich_pilot_d30_r2_log_distance_s01_w1,juelich,12345,1,1,log-distance,22,23,veh7,veh0,2,0,1,765.295,0,6.70775,8.38316,nan,nan,0,0.012,0.014,0.01
juelich_pilot_d30_r2_log_distance_s01_w1,juelich,12345,1,1,log-distance,22,23,veh7,veh2,2,2,0,382.04,1,6.70775,4.88812,-78.3199,18.6564,2,0.012,0.008,0.01
juelich_pilot_d30_r2_log_distance_s01_w1,juelich,12345,1,1,log-distance,22,23,veh7,veh3,2,2,0,392.027,1,6.70775,12.1444,-78.544,18.4323,2,0.012,0.008,0.01
juelich_pilot_d30_r2_log_distance_s01_w1,juelich,12345,1,1,log-distance,22,23,veh7,veh5,2,2,0,566.442,0,6.70775,8.1016,-81.7407,15.2356,2,0.012,0.01,0.01
juelich_pilot_d30_r2_log_distance_s01_w1,juelich,12345,1,1,log-distance,22,23,veh7,veh8,2,2,0,46.9863,1,6.70775,1.59782,-60.1137,36.8626,2,0.012,0.012,0.01
juelich_pilot_d30_r2_log_distance_s01_w1,juelich,12345,1,1,log-distance,22,23,veh8,veh0,2,0,1,787.334,0,1.59782,8.38316,nan,nan,0,0.012,0.014,0.01
juelich_pilot_d30_r2_log_distance_s01_w1,juelich,12345,1,1,log-distance,22,23,veh8,veh2,2,2,0,351.617,1,1.59782,4.88812,-77.5991,19.3772,2,0.012,0.008,0.01
juelich_pilot_d30_r2_log_distance_s01_w1,juelich,12345,1,1,log-distance,22,23,veh8,veh3,2,2,0,379.062,1,1.59782,12.1444,-78.2518,18.7244,2,0.012,0.008,0.01
juelich_pilot_d30_r2_log_distance_s01_w1,juelich,12345,1,1,log-distance,22,23,veh8,veh5,2,0,1,606.538,0,1.59782,8.1016,nan,nan,0,0.012,0.01,0.01
juelich_pilot_d30_r2_log_distance_s01_w1,juelich,12345,1,1,log-distance,22,23,veh8,veh7,2,2,0,46.9863,1,1.59782,6.70775,-60.1137,36.8626,2,0.012,0.012,0.01
juelich_pilot_d30_r2_log_distance_s01_w1,juelich,12345,1,1,log-distance,23,24,veh0,veh1,2,0,1,604.997,0,8.42891,7.79985,nan,nan,0,0.014,0.008,0.01
juelich_pilot_d30_r2_log_distance_s01_w1,juelich,12345,1,1,log-distance,23,24,veh0,veh4,2,2,0,337.381,1,8.42891,7.25403,-77.2398,19.7365,2,0.014,0.01,0.01
juelich_pilot_d30_r2_log_distance_s01_w1,juelich,12345,1,1,log-distance,23,24,veh0,veh5,2,2,0,417.845,1,8.42891,8.12534,-79.0977,17.8786,2,0.014,0.01,0.01
juelich_pilot_d30_r2_log_distance_s01_w1,juelich,12345,1,1,log-distance,23,24,veh0,veh6,2,2,0,435.578,1,8.42891,4.29355,-79.4589,17.5174,2,0.014,0.008,0.01
juelich_pilot_d30_r2_log_distance_s01_w1,juelich,12345,1,1,log-distance,23,24,veh0,veh7,2,0,1,767.989,0,8.42891,3.83798,nan,nan,0,0.014,0.012,0.01
juelich_pilot_d30_r2_log_distance_s01_w1,juelich,12345,1,1,log-distance,23,24,veh0,veh8,2,0,1,794.859,0,8.42891,3.64252,nan,nan,0,0.014,0.012,0.01
juelich_pilot_d30_r2_log_distance_s01_w1,juelich,12345,1,1,log-distance,23,24,veh1,veh0,2,0,1,604.997,0,7.79985,8.42891,nan,nan,0,0.008,0.014,0.01
juelich_pilot_d30_r2_log_distance_s01_w1,juelich,12345,1,1,log-distance,23,24,veh1,veh4,2,2,0,303.92,1,7.79985,7.25403,-76.3327,20.6436,2,0.008,0.01,0.01
juelich_pilot_d30_r2_log_distance_s01_w1,juelich,12345,1,1,log-distance,23,24,veh1,veh6,2,2,0,221.981,1,7.79985,4.29355,-73.604,23.3723,2,0.008,0.008,0.01
juelich_pilot_d30_r2_log_distance_s01_w1,juelich,12345,1,1,log-distance,23,24,veh2,veh3,2,2,0,147.366,1,0.762597,12.1538,-70.0439,26.9324,2,0.008,0.008,0.01
juelich_pilot_d30_r2_log_distance_s01_w1,juelich,12345,1,1,log-distance,23,24,veh2,veh5,2,0,1,932.615,0,0.762597,8.12534,nan,nan,0,0.008,0.01,0.01
juelich_pilot_d30_r2_log_distance_s01_w1,juelich,12345,1,1,log-distance,23,24,veh2,veh7,2,2,0,385.027,1,0.762597,3.83798,-78.3875,18.5888,2,0.008,0.012,0.01
juelich_pilot_d30_r2_log_distance_s01_w1,juelich,12345,1,1,log-distance,23,24,veh2,veh8,2,2,0,349.231,1,0.762597,3.64252,-77.5399,19.4363,2,0.008,0.012,0.01
juelich_pilot_d30_r2_log_distance_s01_w1,juelich,12345,1,1,log-distance,23,24,veh3,veh2,2,2,0,147.366,1,12.1538,0.762597,-70.0439,26.9324,2,0.008,0.008,0.01
juelich_pilot_d30_r2_log_distance_s01_w1,juelich,12345,1,1,log-distance,23,24,veh3,veh5,2,0,1,899.988,0,12.1538,8.12534,nan,nan,0,0.008,0.01,0.01
juelich_pilot_d30_r2_log_distance_s01_w1,juelich,12345,1,1,log-distance,23,24,veh3,veh7,2,2,0,391.943,1,12.1538,3.83798,-78.5421,18.4341,2,0.008,0.012,0.01
juelich_pilot_d30_r2_log_distance_s01_w1,juelich,12345,1,1,log-distance,23,24,veh3,veh8,2,2,0,373.599,1,12.1538,3.64252,-78.1258,18.8505,2,0.008,0.012,0.01
juelich_pilot_d30_r2_log_distance_s01_w1,juelich,12345,1,1,log-distance,23,24,veh4,veh0,2,2,0,337.381,1,7.25403,8.42891,-77.2398,19.7365,2,0.01,0.014,0.01
juelich_pilot_d30_r2_log_distance_s01_w1,juelich,12345,1,1,log-distance,23,24,veh4,veh1,2,2,0,303.92,1,7.25403,7.79985,-76.3327,20.6436,2,0.01,0.008,0.01
juelich_pilot_d30_r2_log_distance_s01_w1,juelich,12345,1,1,log-distance,23,24,veh4,veh5,2,0,1,754.411,0,7.25403,8.12534,nan,nan,0,0.01,0.01,0.01
juelich_pilot_d30_r2_log_distance_s01_w1,juelich,12345,1,1,log-distance,23,24,veh4,veh6,2,2,0,99.3965,1,7.25403,4.29355,-66.6248,30.3515,2,0.01,0.008,0.01
juelich_pilot_d30_r2_log_distance_s01_w1,juelich,12345,1,1,log-distance,23,24,veh5,veh0,2,2,0,417.845,1,8.12534,8.42891,-79.0977,17.8786,2,0.01,0.014,0.01
juelich_pilot_d30_r2_log_distance_s01_w1,juelich,12345,1,1,log-distance,23,24,veh5,veh2,2,0,1,932.615,0,8.12534,0.762597,nan,nan,0,0.01,0.008,0.01
juelich_pilot_d30_r2_log_distance_s01_w1,juelich,12345,1,1,log-distance,23,24,veh5,veh3,2,0,1,899.988,0,8.12534,12.1538,nan,nan,0,0.01,0.008,0.01
juelich_pilot_d30_r2_log_distance_s01_w1,juelich,12345,1,1,log-distance,23,24,veh5,veh4,2,0,1,754.411,0,8.12534,7.25403,nan,nan,0,0.01,0.01,0.01
juelich_pilot_d30_r2_log_distance_s01_w1,juelich,12345,1,1,log-distance,23,24,veh5,veh6,2,0,1,851.52,0,8.12534,4.29355,nan,nan,0,0.01,0.008,0.01
juelich_pilot_d30_r2_log_distance_s01_w1,juelich,12345,1,1,log-distance,23,24,veh5,veh7,2,2,0,555.549,0,8.12534,3.83798,-81.5721,15.4042,2,0.01,0.012,0.01
juelich_pilot_d30_r2_log_distance_s01_w1,juelich,12345,1,1,log-distance,23,24,veh5,veh8,2,0,1,602.033,0,8.12534,3.64252,nan,nan,0,0.01,0.012,0.01
juelich_pilot_d30_r2_log_distance_s01_w1,juelich,12345,1,1,log-distance,23,24,veh6,veh0,2,2,0,435.578,1,4.29355,8.42891,-79.4589,17.5174,2,0.008,0.014,0.01
juelich_pilot_d30_r2_log_distance_s01_w1,juelich,12345,1,1,log-distance,23,24,veh6,veh1,2,2,0,221.981,1,4.29355,7.79985,-73.604,23.3723,2,0.008,0.008,0.01
juelich_pilot_d30_r2_log_distance_s01_w1,juelich,12345,1,1,log-distance,23,24,veh6,veh4,2,2,0,99.3965,1,4.29355,7.25403,-66.6248,30.3515,2,0.008,0.01,0.01
juelich_pilot_d30_r2_log_distance_s01_w1,juelich,12345,1,1,log-distance,23,24,veh6,veh5,2,0,1,851.52,0,4.29355,8.12534,nan,nan,0,0.008,0.01,0.01
juelich_pilot_d30_r2_log_distance_s01_w1,juelich,12345,1,1,log-distance,23,24,veh7,veh0,2,0,1,767.989,0,3.83798,8.42891,nan,nan,0,0.012,0.014,0.01
juelich_pilot_d30_r2_log_distance_s01_w1,juelich,12345,1,1,log-distance,23,24,veh7,veh2,2,2,0,385.027,1,3.83798,0.762597,-78.3875,18.5888,2,0.012,0.008,0.01
juelich_pilot_d30_r2_log_distance_s01_w1,juelich,12345,1,1,log-distance,23,24,veh7,veh3,2,2,0,391.943,1,3.83798,12.1538,-78.5421,18.4341,2,0.012,0.008,0.01
juelich_pilot_d30_r2_log_distance_s01_w1,juelich,12345,1,1,log-distance,23,24,veh7,veh5,2,2,0,555.549,0,3.83798,8.12534,-81.5721,15.4042,2,0.012,0.01,0.01
juelich_pilot_d30_r2_log_distance_s01_w1,juelich,12345,1,1,log-distance,23,24,veh7,veh8,2,2,0,52.4833,1,3.83798,3.64252,-61.0755,35.9008,2,0.012,0.012,0.01
juelich_pilot_d30_r2_log_distance_s01_w1,juelich,12345,1,1,log-distance,23,24,veh8,veh0,2,0,1,794.859,0,3.64252,8.42891,nan,nan,0,0.012,0.014,0.01
juelich_pilot_d30_r2_log_distance_s01_w1,juelich,12345,1,1,log-distance,23,24,veh8,veh2,2,2,0,349.231,1,3.64252,0.762597,-77.5399,19.4363,2,0.012,0.008,0.01
juelich_pilot_d30_r2_log_distance_s01_w1,juelich,12345,1,1,log-distance,23,24,veh8,veh3,2,2,0,373.599,1,3.64252,12.1538,-78.1258,18.8505,2,0.012,0.008,0.01
juelich_pilot_d30_r2_log_distance_s01_w1,juelich,12345,1,1,log-distance,23,24,veh8,veh5,2,0,1,602.033,0,3.64252,8.12534,nan,nan,0,0.012,0.01,0.01
juelich_pilot_d30_r2_log_distance_s01_w1,juelich,12345,1,1,log-distance,23,24,veh8,veh7,2,2,0,52.4833,1,3.64252,3.83798,-61.0755,35.9008,2,0.012,0.012,0.01
juelich_pilot_d30_r2_log_distance_s01_w1,juelich,12345,1,1,log-distance,24,25,veh0,veh1,2,0,1,597.868,0,8.38006,7.74577,nan,nan,0,0.015,0.009,0.0103571
juelich_pilot_d30_r2_log_distance_s01_w1,juelich,12345,1,1,log-distance,24,25,veh0,veh4,2,2,0,326.263,1,8.38006,7.02306,-76.9487,20.0275,2,0.015,0.011,0.0103571
juelich_pilot_d30_r2_log_distance_s01_w1,juelich,12345,1,1,log-distance,24,25,veh0,veh5,2,2,0,431.989,1,8.38006,8.12375,-79.3869,17.5894,2,0.015,0.011,0.0103571
juelich_pilot_d30_r2_log_distance_s01_w1,juelich,12345,1,1,log-distance,24,25,veh0,veh6,2,2,0,429.873,1,8.38006,3.6649,-79.3445,17.6318,2,0.015,0.009,0.0103571
juelich_pilot_d30_r2_log_distance_s01_w1,juelich,12345,1,1,log-distance,24,25,veh0,veh7,2,0,1,774.543,0,8.38006,0.244078,nan,nan,0,0.015,0.012,0.0103571
juelich_pilot_d30_r2_log_distance_s01_w1,juelich,12345,1,1,log-distance,24,25,veh0,veh8,2,0,1,802.084,0,8.38006,5.62549,nan,nan,0,0.015,0.012,0.0103571
juelich_pilot_d30_r2_log_distance_s01_w1,juelich,12345,1,1,log-distance,24,25,veh0,veh9,1,1,0,383.226,1,8.40272,0.487321,-78.3468,18.6295,1,0.015,0.00857143,0.0103571
juelich_pilot_d30_r2_log_distance_s01_w1,juelich,12345,1,1,log-distance,24,25,veh1,veh0,2,0,1,597.868,0,7.74577,8.38006,nan,nan,0,0.009,0.015,0.0103571
juelich_pilot_d30_r2_log_distance_s01_w1,juelich,12345,1,1,log-distance,24,25,veh1,veh4,2,2,0,311.529,1,7.74577,7.02306,-76.5475,20.4288,2,0.009,0.011,0.0103571
juelich_pilot_d30_r2_log_distance_s01_w1,juelich,12345,1,1,log-distance,24,25,veh1,veh6,2,2,0,221.928,1,7.74577,3.6649,-73.602,23.3743,2,0.009,0.009,0.0103571
juelich_pilot_d30_r2_log_distance_s01_w1,juelich,12345,1,1,log-distance,24,25,veh1,veh9,1,1,0,224.109,1,7.74753,0.487321,-73.6869,23.2894,1,0.009,0.00857143,0.0103571
juelich_pilot_d30_r2_log_distance_s01_w1,juelich,12345,1,1,log-distance,24,25,veh2,veh3,2,2,0,135.489,1,0,12.1283,-69.3137,27.6626,2,0.008,0.008,0.0103571
juelich_pilot_d30_r2_log_distance_s01_w1,juelich,12345,1,1,log-distance,24,25,veh2,veh5,2,0,1,925.99,0,0,8.12375,nan,nan,0,0.008,0.011,0.0103571
juelich_pilot_d30_r2_log_distance_s01_w1,juelich,12345,1,1,log-distance,24,25,veh2,veh7,2,2,0,386.517,1,0,0.244078,-78.4211,18.5552,2,0.008,0.012,0.0103571
juelich_pilot_d30_r2_log_distance_s01_w1,juelich,12345,1,1,log-distance,24,25,veh2,veh8,2,2,0,349.303,1,0,5.62549,-77.5417,19.4345,2,0.008,0.012,0.0103571
juelich_pilot_d30_r2_log_distance_s01_w1,juelich,12345,1,1,log-distance,24,25,veh3,veh2,2,2,0,135.489,1,12.1283,0,-69.3137,27.6626,2,0.008,0.008,0.0103571
juelich_pilot_d30_r2_log_distance_s01_w1,juelich,12345,1,1,log-distance,24,25,veh3,veh5,2,0,1,892.167,0,12.1283,8.12375,nan,nan,0,0.008,0.011,0.0103571
juelich_pilot_d30_r2_log_distance_s01_w1,juelich,12345,1,1,log-distance,24,25,veh3,veh7,2,2,0,388.445,1,12.1283,0.244078,-78.4643,18.512,2,0.008,0.012,0.0103571
juelich_pilot_d30_r2_log_distance_s01_w1,juelich,12345,1,1,log-distance,24,25,veh3,veh8,2,2,0,369.072,1,12.1283,5.62549,-78.0199,18.9564,2,0.008,0.012,0.0103571
juelich_pilot_d30_r2_log_distance_s01_w1,juelich,12345,1,1,log-distance,24,25,veh4,veh0,2,2,0,326.263,1,7.02306,8.38006,-76.9487,20.0275,2,0.011,0.015,0.0103571
juelich_pilot_d30_r2_log_distance_s01_w1,juelich,12345,1,1,log-distance,24,25,veh4,veh1,2,2,0,311.529,1,7.02306,7.74577,-76.5475,20.4288,2,0.011,0.009,0.0103571
juelich_pilot_d30_r2_log_distance_s01_w1,juelich,12345,1,1,log-distance,24,25,veh4,veh5,2,0,1,757.123,0,7.02306,8.12375,nan,nan,0,0.011,0.011,0.0103571
juelich_pilot_d30_r2_log_distance_s01_w1,juelich,12345,1,1,log-distance,24,25,veh4,veh6,2,2,0,106.036,1,7.02306,3.6649,-67.1848,29.7915,2,0.011,0.009,0.0103571
juelich_pilot_d30_r2_log_distance_s01_w1,juelich,12345,1,1,log-distance,24,25,veh4,veh9,1,1,0,184.356,1,6.76483,0.487321,-71.9908,24.9855,1,0.011,0.00857143,0.0103571
juelich_pilot_d30_r2_log_distance_s01_w1,juelich,12345,1,1,log-distance,24,25,veh5,veh0,2,2,0,431.989,1,8.12375,8.38006,-79.3869,17.5894,2,0.011,0.015,0.0103571
juelich_pilot_d30_r2_log_distance_s01_w1,juelich,12345,1,1,log-distance,24,25,veh5,veh2,2,0,1,925.99,0,8.12375,0,nan,nan,0,0.011,0.008,0.0103571
juelich_pilot_d30_r2_log_distance_s01_w1,juelich,12345,1,1,log-distance,24,25,veh5,veh3,2,0,1,892.167,0,8.12375,12.1283,nan,nan,0,0.011,0.008,0.0103571
juelich_pilot_d30_r2_log_distance_s01_w1,juelich,12345,1,1,log-distance,24,25,veh5,veh4,2,0,1,757.123,0,8.12375,7.02306,nan,nan,0,0.011,0.011,0.0103571
juelich_pilot_d30_r2_log_distance_s01_w1,juelich,12345,1,1,log-distance,24,25,veh5,veh6,2,0,1,858.728,0,8.12375,3.6649,nan,nan,0,0.011,0.009,0.0103571
juelich_pilot_d30_r2_log_distance_s01_w1,juelich,12345,1,1,log-distance,24,25,veh5,veh7,2,2,0,548.107,0,8.12375,0.244078,-81.455,15.5213,2,0.011,0.012,0.0103571
juelich_pilot_d30_r2_log_distance_s01_w1,juelich,12345,1,1,log-distance,24,25,veh5,veh8,2,0,1,598.143,0,8.12375,5.62549,nan,nan,0,0.011,0.012,0.0103571
juelich_pilot_d30_r2_log_distance_s01_w1,juelich,12345,1,1,log-distance,24,25,veh5,veh9,1,0,1,780.548,0,8.08262,0.487321,nan,nan,0,0.011,0.00857143,0.0103571
juelich_pilot_d30_r2_log_distance_s01_w1,juelich,12345,1,1,log-distance,24,25,veh6,veh0,2,2,0,429.873,1,3.6649,8.38006,-79.3445,17.6318,2,0.009,0.015,0.0103571
juelich_pilot_d30_r2_log_distance_s01_w1,juelich,12345,1,1,log-distance,24,25,veh6,veh1,2,2,0,221.928,1,3.6649,7.74577,-73.602,23.3743,2,0.009,0.009,0.0103571
juelich_pilot_d30_r2_log_distance_s01_w1,juelich,12345,1,1,log-distance,24,25,veh6,veh4,2,2,0,106.036,1,3.6649,7.02306,-67.1848,29.7915,2,0.009,0.011,0.0103571
juelich_pilot_d30_r2_log_distance_s01_w1,juelich,12345,1,1,log-distance,24,25,veh6,veh5,2,0,1,858.728,0,3.6649,8.12375,nan,nan,0,0.009,0.011,0.0103571
juelich_pilot_d30_r2_log_distance_s01_w1,juelich,12345,1,1,log-distance,24,25,veh6,veh9,1,1,0,181.527,1,3.68475,0.487321,-71.8565,25.1198,1,0.009,0.00857143,0.0103571
juelich_pilot_d30_r2_log_distance_s01_w1,juelich,12345,1,1,log-distance,24,25,veh7,veh0,2,0,1,774.543,0,0.244078,8.38006,nan,nan,0,0.012,0.015,0.0103571
juelich_pilot_d30_r2_log_distance_s01_w1,juelich,12345,1,1,log-distance,24,25,veh7,veh2,2,2,0,386.517,1,0.244078,0,-78.4211,18.5552,2,0.012,0.008,0.0103571
juelich_pilot_d30_r2_log_distance_s01_w1,juelich,12345,1,1,log-distance,24,25,veh7,veh3,2,2,0,388.445,1,0.244078,12.1283,-78.4643,18.512,2,0.012,0.008,0.0103571
juelich_pilot_d30_r2_log_distance_s01_w1,juelich,12345,1,1,log-distance,24,25,veh7,veh5,2,2,0,548.107,0,0.244078,8.12375,-81.455,15.5213,2,0.012,0.011,0.0103571
juelich_pilot_d30_r2_log_distance_s01_w1,juelich,12345,1,1,log-distance,24,25,veh7,veh8,2,2,0,57.0929,1,0.244078,5.62549,-61.8077,35.1686,2,0.012,0.012,0.0103571
juelich_pilot_d30_r2_log_distance_s01_w1,juelich,12345,1,1,log-distance,24,25,veh7,veh9,1,0,1,932.948,0,0,0.487321,nan,nan,0,0.012,0.00857143,0.0103571
juelich_pilot_d30_r2_log_distance_s01_w1,juelich,12345,1,1,log-distance,24,25,veh8,veh0,2,0,1,802.084,0,5.62549,8.38006,nan,nan,0,0.012,0.015,0.0103571
juelich_pilot_d30_r2_log_distance_s01_w1,juelich,12345,1,1,log-distance,24,25,veh8,veh2,2,2,0,349.303,1,5.62549,0,-77.5417,19.4345,2,0.012,0.008,0.0103571
juelich_pilot_d30_r2_log_distance_s01_w1,juelich,12345,1,1,log-distance,24,25,veh8,veh3,2,2,0,369.072,1,5.62549,12.1283,-78.0199,18.9564,2,0.012,0.008,0.0103571
juelich_pilot_d30_r2_log_distance_s01_w1,juelich,12345,1,1,log-distance,24,25,veh8,veh5,2,0,1,598.143,0,5.62549,8.12375,nan,nan,0,0.012,0.011,0.0103571
juelich_pilot_d30_r2_log_distance_s01_w1,juelich,12345,1,1,log-distance,24,25,veh8,veh7,2,2,0,57.0929,1,5.62549,0.244078,-61.8077,35.1686,2,0.012,0.012,0.0103571
juelich_pilot_d30_r2_log_distance_s01_w1,juelich,12345,1,1,log-distance,24,25,veh8,veh9,1,0,1,937.149,0,6.11805,0.487321,nan,nan,0,0.012,0.00857143,0.0103571
juelich_pilot_d30_r2_log_distance_s01_w1,juelich,12345,1,1,log-distance,24,25,veh9,veh0,1,1,0,383.226,1,0.487321,8.40272,-78.3468,18.6295,1,0.00857143,0.015,0.0103571
juelich_pilot_d30_r2_log_distance_s01_w1,juelich,12345,1,1,log-distance,24,25,veh9,veh1,1,1,0,224.109,1,0.487321,7.74753,-73.6869,23.2894,1,0.00857143,0.009,0.0103571
juelich_pilot_d30_r2_log_distance_s01_w1,juelich,12345,1,1,log-distance,24,25,veh9,veh4,1,1,0,184.356,1,0.487321,6.76483,-71.9908,24.9855,1,0.00857143,0.011,0.0103571
juelich_pilot_d30_r2_log_distance_s01_w1,juelich,12345,1,1,log-distance,24,25,veh9,veh5,1,0,1,780.548,0,0.487321,8.08262,nan,nan,0,0.00857143,0.011,0.0103571
juelich_pilot_d30_r2_log_distance_s01_w1,juelich,12345,1,1,log-distance,24,25,veh9,veh6,1,1,0,181.527,1,0.487321,3.68475,-71.8565,25.1198,1,0.00857143,0.009,0.0103571
juelich_pilot_d30_r2_log_distance_s01_w1,juelich,12345,1,1,log-distance,24,25,veh9,veh7,1,0,1,932.948,0,0.487321,0,nan,nan,0,0.00857143,0.012,0.0103571
juelich_pilot_d30_r2_log_distance_s01_w1,juelich,12345,1,1,log-distance,24,25,veh9,veh8,1,0,1,937.149,0,0.487321,6.11805,nan,nan,0,0.00857143,0.012,0.0103571
juelich_pilot_d30_r2_log_distance_s01_w1,juelich,12345,1,1,log-distance,25,26,veh0,veh1,2,0,1,591.085,0,8.43536,7.78598,nan,nan,0,0.016,0.01,0.0112
juelich_pilot_d30_r2_log_distance_s01_w1,juelich,12345,1,1,log-distance,25,26,veh0,veh4,2,2,0,316.204,1,8.43536,3.38983,-76.6768,20.2994,2,0.016,0.012,0.0112
juelich_pilot_d30_r2_log_distance_s01_w1,juelich,12345,1,1,log-distance,25,26,veh0,veh5,2,2,0,446.309,1,8.43536,8.12389,-79.6701,17.3062,2,0.016,0.012,0.0112
juelich_pilot_d30_r2_log_distance_s01_w1,juelich,12345,1,1,log-distance,25,26,veh0,veh6,2,2,0,426.811,1,8.43536,5.03376,-79.2824,17.6939,2,0.016,0.01,0.0112
juelich_pilot_d30_r2_log_distance_s01_w1,juelich,12345,1,1,log-distance,25,26,veh0,veh7,2,0,1,782.01,0,8.43536,0,nan,nan,0,0.016,0.012,0.0112
juelich_pilot_d30_r2_log_distance_s01_w1,juelich,12345,1,1,log-distance,25,26,veh0,veh8,2,0,1,809.009,0,8.43536,7.65514,nan,nan,0,0.016,0.012,0.0112
juelich_pilot_d30_r2_log_distance_s01_w1,juelich,12345,1,1,log-distance,25,26,veh0,veh9,2,2,0,380.956,1,8.43536,2.16882,-78.2952,18.6811,2,0.016,0.012,0.0112
juelich_pilot_d30_r2_log_distance_s01_w1,juelich,12345,1,1,log-distance,25,26,veh1,veh0,2,0,1,591.085,0,7.78598,8.43536,nan,nan,0,0.01,0.016,0.0112
juelich_pilot_d30_r2_log_distance_s01_w1,juelich,12345,1,1,log-distance,25,26,veh1,veh4,2,2,0,317.532,1,7.78598,3.38983,-76.7134,20.2629,2,0.01,0.012,0.0112
juelich_pilot_d30_r2_log_distance_s01_w1,juelich,12345,1,1,log-distance,25,26,veh1,veh6,2,2,0,223.912,1,7.78598,5.03376,-73.6792,23.2971,2,0.01,0.01,0.0112
juelich_pilot_d30_r2_log_distance_s01_w1,juelich,12345,1,1,log-distance,25,26,veh1,veh9,2,2,0,220.418,1,7.78598,2.16882,-73.5425,23.4338,2,0.01,0.012,0.0112
juelich_pilot_d30_r2_log_distance_s01_w1,juelich,12345,1,1,log-distance,25,26,veh2,veh3,2,2,0,123.656,1,0,12.1795,-68.5195,28.4567,2,0.008,0.008,0.0112
juelich_pilot_d30_r2_log_distance_s01_w1,juelich,12345,1,1,log-distance,25,26,veh2,veh5,2,0,1,919.472,0,0,8.12389,nan,nan,0,0.008,0.012,0.0112
juelich_pilot_d30_r2_log_distance_s01_w1,juelich,12345,1,1,log-distance,25,26,veh2,veh7,2,2,0,386.238,1,0,0,-78.4148,18.5615,2,0.008,0.012,0.0112
juelich_pilot_d30_r2_log_distance_s01_w1,juelich,12345,1,1,log-distance,25,26,veh2,veh8,2,2,0,349.649,1,0,7.65514,-77.5503,19.4259,2,0.008,0.012,0.0112
juelich_pilot_d30_r2_log_distance_s01_w1,juelich,12345,1,1,log-distance,25,26,veh3,veh2,2,2,0,123.656,1,12.1795,0,-68.5195,28.4567,2,0.008,0.008,0.0112
juelich_pilot_d30_r2_log_distance_s01_w1,juelich,12345,1,1,log-distance,25,26,veh3,veh5,2,0,1,884.693,0,12.1795,8.12389,nan,nan,0,0.008,0.012,0.0112
juelich_pilot_d30_r2_log_distance_s01_w1,juelich,12345,1,1,log-distance,25,26,veh3,veh7,2,2,0,384.549,1,12.1795,0,-78.3767,18.5996,2,0.008,0.012,0.0112
juelich_pilot_d30_r2_log_distance_s01_w1,juelich,12345,1,1,log-distance,25,26,veh3,veh8,2,2,0,365.487,1,12.1795,7.65514,-77.9351,19.0412,2,0.008,0.012,0.0112
juelich_pilot_d30_r2_log_distance_s01_w1,juelich,12345,1,1,log-distance,25,26,veh4,veh0,2,2,0,316.204,1,3.38983,8.43536,-76.6768,20.2994,2,0.012,0.016,0.0112
juelich_pilot_d30_r2_log_distance_s01_w1,juelich,12345,1,1,log-distance,25,26,veh4,veh1,2,2,0,317.532,1,3.38983,7.78598,-76.7134,20.2629,2,0.012,0.01,0.0112
juelich_pilot_d30_r2_log_distance_s01_w1,juelich,12345,1,1,log-distance,25,26,veh4,veh5,2,0,1,760.928,0,3.38983,8.12389,nan,nan,0,0.012,0.012,0.0112
juelich_pilot_d30_r2_log_distance_s01_w1,juelich,12345,1,1,log-distance,25,26,veh4,veh6,2,2,0,113.213,1,3.38983,5.03376,-67.7549,29.2214,2,0.012,0.01,0.0112
juelich_pilot_d30_r2_log_distance_s01_w1,juelich,12345,1,1,log-distance,25,26,veh4,veh9,2,2,0,186.738,1,3.38983,2.16882,-72.1023,24.8739,2,0.012,0.012,0.0112
juelich_pilot_d30_r2_log_distance_s01_w1,juelich,12345,1,1,log-distance,25,26,veh5,veh0,2,2,0,446.309,1,8.12389,8.43536,-79.6701,17.3062,2,0.012,0.016,0.0112
juelich_pilot_d30_r2_log_distance_s01_w1,juelich,12345,1,1,log-distance,25,26,veh5,veh2,2,0,1,919.472,0,8.12389,0,nan,nan,0,0.012,0.008,0.0112
juelich_pilot_d30_r2_log_distance_s01_w1,juelich,12345,1,1,log-distance,25,26,veh5,veh3,2,0,1,884.693,0,8.12389,12.1795,nan,nan,0,0.012,0.008,0.0112
juelich_pilot_d30_r2_log_distance_s01_w1,juelich,12345,1,1,log-distance,25,26,veh5,veh4,2,0,1,760.928,0,8.12389,3.38983,nan,nan,0,0.012,0.012,0.0112
juelich_pilot_d30_r2_log_distance_s01_w1,juelich,12345,1,1,log-distance,25,26,veh5,veh6,2,0,1,868.908,0,8.12389,5.03376,nan,nan,0,0.012,0.01,0.0112
juelich_pilot_d30_r2_log_distance_s01_w1,juelich,12345,1,1,log-distance,25,26,veh5,veh7,2,2,0,543.393,0,8.12389,0,-81.3799,15.5963,2,0.012,0.012,0.0112
juelich_pilot_d30_r2_log_distance_s01_w1,juelich,12345,1,1,log-distance,25,26,veh5,veh8,2,0,1,595.236,0,8.12389,7.65514,nan,nan,0,0.012,0.012,0.0112
juelich_pilot_d30_r2_log_distance_s01_w1,juelich,12345,1,1,log-distance,25,26,veh5,veh9,2,0,1,785.413,0,8.12389,2.16882,nan,nan,0,0.012,0.012,0.0112
juelich_pilot_d30_r2_log_distance_s01_w1,juelich,12345,1,1,log-distance,25,26,veh6,veh0,2,2,0,426.811,1,5.03376,8.43536,-79.2824,17.6939,2,0.01,0.016,0.0112
juelich_pilot_d30_r2_log_distance_s01_w1,juelich,12345,1,1,log-distance,25,26,veh6,veh1,2,2,0,223.912,1,5.03376,7.78598,-73.6792,23.2971,2,0.01,0.01,0.0112
juelich_pilot_d30_r2_log_distance_s01_w1,juelich,12345,1,1,log-distance,25,26,veh6,veh4,2,2,0,113.213,1,5.03376,3.38983,-67.7549,29.2214,2,0.01,0.012,0.0112
juelich_pilot_d30_r2_log_distance_s01_w1,juelich,12345,1,1,log-distance,25,26,veh6,veh5,2,0,1,868.908,0,5.03376,8.12389,nan,nan,0,0.01,0.012,0.0112
juelich_pilot_d30_r2_log_distance_s01_w1,juelich,12345,1,1,log-distance,25,26,veh6,veh9,2,2,0,183.557,1,5.03376,2.16882,-71.9531,25.0232,2,0.01,0.012,0.0112
juelich_pilot_d30_r2_log_distance_s01_w1,juelich,12345,1,1,log-distance,25,26,veh7,veh0,2,0,1,782.01,0,0,8.43536,nan,nan,0,0.012,0.016,0.0112
juelich_pilot_d30_r2_log_distance_s01_w1,juelich,12345,1,1,log-distance,25,26,veh7,veh2,2,2,0,386.238,1,0,0,-78.4148,18.5615,2,0.012,0.008,0.0112
juelich_pilot_d30_r2_log_distance_s01_w1,juelich,12345,1,1,log-distance,25,26,veh7,veh3,2,2,0,384.549,1,0,12.1795,-78.3767,18.5996,2,0.012,0.008,0.0112
juelich_pilot_d30_r2_log_distance_s01_w1,juelich,12345,1,1,log-distance,25,26,veh7,veh5,2,2,0,543.393,0,0,8.12389,-81.3799,15.5963,2,0.012,0.012,0.0112
juelich_pilot_d30_r2_log_distance_s01_w1,juelich,12345,1,1,log-distance,25,26,veh7,veh8,2,2,0,59.8311,1,0,7.65514,-62.2134,34.7629,2,0.012,0.012,0.0112
juelich_pilot_d30_r2_log_distance_s01_w1,juelich,12345,1,1,log-distance,25,26,veh7,veh9,2,0,1,932.248,0,0,2.16882,nan,nan,0,0.012,0.012,0.0112
juelich_pilot_d30_r2_log_distance_s01_w1,juelich,12345,1,1,log-distance,25,26,veh8,veh0,2,0,1,809.009,0,7.65514,8.43536,nan,nan,0,0.012,0.016,0.0112
juelich_pilot_d30_r2_log_distance_s01_w1,juelich,12345,1,1,log-distance,25,26,veh8,veh2,2,2,0,349.649,1,7.65514,0,-77.5503,19.4259,2,0.012,0.008,0.0112
juelich_pilot_d30_r2_log_distance_s01_w1,juelich,12345,1,1,log-distance,25,26,veh8,veh3,2,2,0,365.487,1,7.65514,12.1795,-77.9351,19.0412,2,0.012,0.008,0.0112
juelich_pilot_d30_r2_log_distance_s01_w1,juelich,12345,1,1,log-distance,25,26,veh8,veh5,2,0,1,595.236,0,7.65514,8.12389,nan,nan,0,0.012,0.012,0.0112
juelich_pilot_d30_r2_log_distance_s01_w1,juelich,12345,1,1,log-distance,25,26,veh8,veh7,2,2,0,59.8311,1,7.65514,0,-62.2134,34.7629,2,0.012,0.012,0.0112
juelich_pilot_d30_r2_log_distance_s01_w1,juelich,12345,1,1,log-distance,25,26,veh8,veh9,2,0,1,935.448,0,7.65514,2.16882,nan,nan,0,0.012,0.012,0.0112
juelich_pilot_d30_r2_log_distance_s01_w1,juelich,12345,1,1,log-distance,25,26,veh9,veh0,2,2,0,380.956,1,2.16882,8.43536,-78.2952,18.6811,2,0.012,0.016,0.0112
juelich_pilot_d30_r2_log_distance_s01_w1,juelich,12345,1,1,log-distance,25,26,veh9,veh1,2,2,0,220.418,1,2.16882,7.78598,-73.5425,23.4338,2,0.012,0.01,0.0112
juelich_pilot_d30_r2_log_distance_s01_w1,juelich,12345,1,1,log-distance,25,26,veh9,veh4,2,2,0,186.738,1,2.16882,3.38983,-72.1023,24.8739,2,0.012,0.012,0.0112
juelich_pilot_d30_r2_log_distance_s01_w1,juelich,12345,1,1,log-distance,25,26,veh9,veh5,2,0,1,785.413,0,2.16882,8.12389,nan,nan,0,0.012,0.012,0.0112
juelich_pilot_d30_r2_log_distance_s01_w1,juelich,12345,1,1,log-distance,25,26,veh9,veh6,2,2,0,183.557,1,2.16882,5.03376,-71.9531,25.0232,2,0.012,0.01,0.0112
juelich_pilot_d30_r2_log_distance_s01_w1,juelich,12345,1,1,log-distance,25,26,veh9,veh7,2,0,1,932.248,0,2.16882,0,nan,nan,0,0.012,0.012,0.0112
juelich_pilot_d30_r2_log_distance_s01_w1,juelich,12345,1,1,log-distance,25,26,veh9,veh8,2,0,1,935.448,0,2.16882,7.65514,nan,nan,0,0.012,0.012,0.0112
juelich_pilot_d30_r2_log_distance_s01_w1,juelich,12345,1,1,log-distance,26,27,veh0,veh1,2,1,0.5,584.665,0,8.37671,7.79592,-81.9926,14.9837,1,0.016,0.01,0.0112
juelich_pilot_d30_r2_log_distance_s01_w1,juelich,12345,1,1,log-distance,26,27,veh0,veh4,2,2,0,308.587,1,8.37671,0.0465589,-76.4651,20.5112,2,0.016,0.012,0.0112
juelich_pilot_d30_r2_log_distance_s01_w1,juelich,12345,1,1,log-distance,26,27,veh0,veh5,2,2,0,460.745,1,8.37671,8.16172,-79.9466,17.0296,2,0.016,0.012,0.0112
juelich_pilot_d30_r2_log_distance_s01_w1,juelich,12345,1,1,log-distance,26,27,veh0,veh6,2,2,0,424.998,1,8.37671,6.94201,-79.2454,17.7308,2,0.016,0.01,0.0112
juelich_pilot_d30_r2_log_distance_s01_w1,juelich,12345,1,1,log-distance,26,27,veh0,veh7,2,0,1,789.846,0,8.37671,0.839783,nan,nan,0,0.016,0.012,0.0112
juelich_pilot_d30_r2_log_distance_s01_w1,juelich,12345,1,1,log-distance,26,27,veh0,veh8,2,0,1,815.638,0,8.37671,9.56509,nan,nan,0,0.016,0.012,0.0112
juelich_pilot_d30_r2_log_distance_s01_w1,juelich,12345,1,1,log-distance,26,27,veh0,veh9,2,2,0,378.728,1,8.37671,4.05911,-78.2443,18.732,2,0.016,0.012,0.0112
juelich_pilot_d30_r2_log_distance_s01_w1,juelich,12345,1,1,log-distance,26,27,veh1,veh0,2,1,0.5,584.665,0,7.79592,8.37671,-81.9926,14.9837,1,0.01,0.016,0.0112
juelich_pilot_d30_r2_log_distance_s01_w1,juelich,12345,1,1,log-distance,26,27,veh1,veh4,2,2,0,319.806,1,7.79592,0.0465589,-76.7754,20.2008,2,0.01,0.012,0.0112
juelich_pilot_d30_r2_log_distance_s01_w1,juelich,12345,1,1,log-distance,26,27,veh1,veh6,2,2,0,227.171,1,7.79592,6.94201,-73.8047,23.1716,2,0.01,0.01,0.0112
juelich_pilot_d30_r2_log_distance_s01_w1,juelich,12345,1,1,log-distance,26,27,veh1,veh9,2,2,0,214.548,1,7.79592,4.05911,-73.3079,23.6684,2,0.01,0.012,0.0112
juelich_pilot_d30_r2_log_distance_s01_w1,juelich,12345,1,1,log-distance,26,27,veh2,veh3,2,2,0,112.28,1,0,12.112,-67.6815,29.2948,2,0.008,0.008,0.0112
juelich_pilot_d30_r2_log_distance_s01_w1,juelich,12345,1,1,log-distance,26,27,veh2,veh5,2,0,1,912.994,0,0,8.16172,nan,nan,0,0.008,0.012,0.0112
juelich_pilot_d30_r2_log_distance_s01_w1,juelich,12345,1,1,log-distance,26,27,veh2,veh7,2,2,0,386.504,1,0,0.839783,-78.4208,18.5555,2,0.008,0.012,0.0112
juelich_pilot_d30_r2_log_distance_s01_w1,juelich,12345,1,1,log-distance,26,27,veh2,veh8,2,2,0,350.293,1,0,9.56509,-77.5663,19.4099,2,0.008,0.012,0.0112
juelich_pilot_d30_r2_log_distance_s01_w1,juelich,12345,1,1,log-distance,26,27,veh3,veh2,2,2,0,112.28,1,12.112,0,-67.6815,29.2948,2,0.008,0.008,0.0112
juelich_pilot_d30_r2_log_distance_s01_w1,juelich,12345,1,1,log-distance,26,27,veh3,veh5,2,0,1,877.375,0,12.112,8.16172,nan,nan,0,0.008,0.012,0.0112
juelich_pilot_d30_r2_log_distance_s01_w1,juelich,12345,1,1,log-distance,26,27,veh3,veh7,2,2,0,380.391,1,12.112,0.839783,-78.2823,18.694,2,0.008,0.012,0.0112
juelich_pilot_d30_r2_log_distance_s01_w1,juelich,12345,1,1,log-distance,26,27,veh3,veh8,2,2,0,362.795,1,12.112,9.56509,-77.8709,19.1054,2,0.008,0.012,0.0112
juelich_pilot_d30_r2_log_distance_s01_w1,juelich,12345,1,1,log-distance,26,27,veh4,veh0,2,2,0,308.587,1,0.0465589,8.37671,-76.4651,20.5112,2,0.012,0.016,0.0112
juelich_pilot_d30_r2_log_distance_s01_w1,juelich,12345,1,1,log-distance,26,27,veh4,veh1,2,2,0,319.806,1,0.0465589,7.79592,-76.7754,20.2008,2,0.012,0.01,0.0112
juelich_pilot_d30_r2_log_distance_s01_w1,juelich,12345,1,1,log-distance,26,27,veh4,veh5,2,0,1,766.943,0,0.0465589,8.16172,nan,nan,0,0.012,0.012,0.0112
juelich_pilot_d30_r2_log_distance_s01_w1,juelich,12345,1,1,log-distance,26,27,veh4,veh6,2,2,0,118.224,1,0.0465589,6.94201,-68.1314,28.8449,2,0.012,0.01,0.0112
juelich_pilot_d30_r2_log_distance_s01_w1,juelich,12345,1,1,log-distance,26,27,veh4,veh9,2,2,0,186.279,1,0.0465589,4.05911,-72.0809,24.8954,2,0.012,0.012,0.0112
juelich_pilot_d30_r2_log_distance_s01_w1,juelich,12345,1,1,log-distance,26,27,veh5,veh0,2,2,0,460.745,1,8.16172,8.37671,-79.9466,17.0296,2,0.012,0.016,0.0112
juelich_pilot_d30_r2_log_distance_s01_w1,juelich,12345,1,1,log-distance,26,27,veh5,veh2,2,0,1,912.994,0,8.16172,0,nan,nan,0,0.012,0.008,0.0112
juelich_pilot_d30_r2_log_distance_s01_w1,juelich,12345,1,1,log-distance,26,27,veh5,veh3,2,0,1,877.375,0,8.16172,12.112,nan,nan,0,0.012,0.008,0.0112
juelich_pilot_d30_r2_log_distance_s01_w1,juelich,12345,1,1,log-distance,26,27,veh5,veh4,2,0,1,766.943,0,8.16172,0.0465589,nan,nan,0,0.012,0.012,0.0112
juelich_pilot_d30_r2_log_distance_s01_w1,juelich,12345,1,1,log-distance,26,27,veh5,veh6,2,0,1,880.52,0,8.16172,6.94201,nan,nan,0,0.012,0.01,0.0112
juelich_pilot_d30_r2_log_distance_s01_w1,juelich,12345,1,1,log-distance,26,27,veh5,veh7,2,2,0,537.345,0,8.16172,0.839783,-81.2827,15.6936,2,0.012,0.012,0.0112
juelich_pilot_d30_r2_log_distance_s01_w1,juelich,12345,1,1,log-distance,26,27,veh5,veh8,2,0,1,593.464,0,8.16172,9.56509,nan,nan,0,0.012,0.012,0.0112
juelich_pilot_d30_r2_log_distance_s01_w1,juelich,12345,1,1,log-distance,26,27,veh5,veh9,2,0,1,793.134,0,8.16172,4.05911,nan,nan,0,0.012,0.012,0.0112
juelich_pilot_d30_r2_log_distance_s01_w1,juelich,12345,1,1,log-distance,26,27,veh6,veh0,2,2,0,424.998,1,6.94201,8.37671,-79.2454,17.7308,2,0.01,0.016,0.0112
juelich_pilot_d30_r2_log_distance_s01_w1,juelich,12345,1,1,log-distance,26,27,veh6,veh1,2,2,0,227.171,1,6.94201,7.79592,-73.8047,23.1716,2,0.01,0.01,0.0112
juelich_pilot_d30_r2_log_distance_s01_w1,juelich,12345,1,1,log-distance,26,27,veh6,veh4,2,2,0,118.224,1,6.94201,0.0465589,-68.1314,28.8449,2,0.01,0.012,0.0112
juelich_pilot_d30_r2_log_distance_s01_w1,juelich,12345,1,1,log-distance,26,27,veh6,veh5,2,0,1,880.52,0,6.94201,8.16172,nan,nan,0,0.01,0.012,0.0112
juelich_pilot_d30_r2_log_distance_s01_w1,juelich,12345,1,1,log-distance,26,27,veh6,veh9,2,2,0,186.224,1,6.94201,4.05911,-72.0784,24.8979,2,0.01,0.012,0.0112
juelich_pilot_d30_r2_log_distance_s01_w1,juelich,12345,1,1,log-distance,26,27,veh7,veh0,2,0,1,789.846,0,0.839783,8.37671,nan,nan,0,0.012,0.016,0.0112
juelich_pilot_d30_r2_log_distance_s01_w1,juelich,12345,1,1,log-distance,26,27,veh7,veh2,2,2,0,386.504,1,0.839783,0,-78.4208,18.5555,2,0.012,0.008,0.0112
juelich_pilot_d30_r2_log_distance_s01_w1,juelich,12345,1,1,log-distance,26,27,veh7,veh3,2,2,0,380.391,1,0.839783,12.112,-78.2823,18.694,2,0.012,0.008,0.0112
juelich_pilot_d30_r2_log_distance_s01_w1,juelich,12345,1,1,log-distance,26,27,veh7,veh5,2,2,0,537.345,0,0.839783,8.16172,-81.2827,15.6936,2,0.012,0.012,0.0112
juelich_pilot_d30_r2_log_distance_s01_w1,juelich,12345,1,1,log-distance,26,27,veh7,veh8,2,2,0,67.1542,1,0.839783,9.56509,-63.2146,33.7617,2,0.012,0.012,0.0112
juelich_pilot_d30_r2_log_distance_s01_w1,juelich,12345,1,1,log-distance,26,27,veh7,veh9,2,0,1,935.186,0,0.839783,4.05911,nan,nan,0,0.012,0.012,0.0112
juelich_pilot_d30_r2_log_distance_s01_w1,juelich,12345,1,1,log-distance,26,27,veh8,veh0,2,0,1,815.638,0,9.56509,8.37671,nan,nan,0,0.012,0.016,0.0112
juelich_pilot_d30_r2_log_distance_s01_w1,juelich,12345,1,1,log-distance,26,27,veh8,veh2,2,2,0,350.293,1,9.56509,0,-77.5663,19.4099,2,0.012,0.008,0.0112
juelich_pilot_d30_r2_log_distance_s01_w1,juelich,12345,1,1,log-distance,26,27,veh8,veh3,2,2,0,362.795,1,9.56509,12.112,-77.8709,19.1054,2,0.012,0.008,0.0112
juelich_pilot_d30_r2_log_distance_s01_w1,juelich,12345,1,1,log-distance,26,27,veh8,veh5,2,0,1,593.464,0,9.56509,8.16172,nan,nan,0,0.012,0.012,0.0112
juelich_pilot_d30_r2_log_distance_s01_w1,juelich,12345,1,1,log-distance,26,27,veh8,veh7,2,2,0,67.1542,1,9.56509,0.839783,-63.2146,33.7617,2,0.012,0.012,0.0112
juelich_pilot_d30_r2_log_distance_s01_w1,juelich,12345,1,1,log-distance,26,27,veh8,veh9,2,0,1,933.941,0,9.56509,4.05911,nan,nan,0,0.012,0.012,0.0112
juelich_pilot_d30_r2_log_distance_s01_w1,juelich,12345,1,1,log-distance,26,27,veh9,veh0,2,2,0,378.728,1,4.05911,8.37671,-78.2443,18.732,2,0.012,0.016,0.0112
juelich_pilot_d30_r2_log_distance_s01_w1,juelich,12345,1,1,log-distance,26,27,veh9,veh1,2,2,0,214.548,1,4.05911,7.79592,-73.3079,23.6684,2,0.012,0.01,0.0112
juelich_pilot_d30_r2_log_distance_s01_w1,juelich,12345,1,1,log-distance,26,27,veh9,veh4,2,2,0,186.279,1,4.05911,0.0465589,-72.0809,24.8954,2,0.012,0.012,0.0112
juelich_pilot_d30_r2_log_distance_s01_w1,juelich,12345,1,1,log-distance,26,27,veh9,veh5,2,0,1,793.134,0,4.05911,8.16172,nan,nan,0,0.012,0.012,0.0112
juelich_pilot_d30_r2_log_distance_s01_w1,juelich,12345,1,1,log-distance,26,27,veh9,veh6,2,2,0,186.224,1,4.05911,6.94201,-72.0784,24.8979,2,0.012,0.01,0.0112
juelich_pilot_d30_r2_log_distance_s01_w1,juelich,12345,1,1,log-distance,26,27,veh9,veh7,2,0,1,935.186,0,4.05911,0.839783,nan,nan,0,0.012,0.012,0.0112
juelich_pilot_d30_r2_log_distance_s01_w1,juelich,12345,1,1,log-distance,26,27,veh9,veh8,2,0,1,933.941,0,4.05911,9.56509,nan,nan,0,0.012,0.012,0.0112
juelich_pilot_d30_r2_log_distance_s01_w1,juelich,12345,1,1,log-distance,27,28,veh0,veh1,2,2,0,578.629,0,8.37133,7.81816,-81.9257,15.0506,2,0.018,0.012,0.0121818
juelich_pilot_d30_r2_log_distance_s01_w1,juelich,12345,1,1,log-distance,27,28,veh0,veh10,2,2,0,415.241,1,8.37133,0.616739,-79.0436,17.9326,2,0.018,0.012,0.0121818
juelich_pilot_d30_r2_log_distance_s01_w1,juelich,12345,1,1,log-distance,27,28,veh0,veh4,2,2,0,301.797,1,8.37133,0,-76.2718,20.7044,2,0.018,0.014,0.0121818
juelich_pilot_d30_r2_log_distance_s01_w1,juelich,12345,1,1,log-distance,27,28,veh0,veh5,2,2,0,475.317,1,8.37133,8.133,-80.2171,16.7592,2,0.018,0.012,0.0121818
juelich_pilot_d30_r2_log_distance_s01_w1,juelich,12345,1,1,log-distance,27,28,veh0,veh6,2,2,0,424.546,1,8.37133,8.35719,-79.2362,17.7401,2,0.018,0.012,0.0121818
juelich_pilot_d30_r2_log_distance_s01_w1,juelich,12345,1,1,log-distance,27,28,veh0,veh7,2,0,1,795.988,0,8.37133,2.86985,nan,nan,0,0.018,0.012,0.0121818
juelich_pilot_d30_r2_log_distance_s01_w1,juelich,12345,1,1,log-distance,27,28,veh0,veh8,2,0,1,822.175,0,8.37133,9.95328,nan,nan,0,0.018,0.012,0.0121818
juelich_pilot_d30_r2_log_distance_s01_w1,juelich,12345,1,1,log-distance,27,28,veh0,veh9,2,2,0,377.374,1,8.37133,5.97575,-78.2131,18.7631,2,0.018,0.014,0.0121818
juelich_pilot_d30_r2_log_distance_s01_w1,juelich,12345,1,1,log-distance,27,28,veh1,veh0,2,2,0,578.629,0,7.81816,8.37133,-81.9257,15.0506,2,0.012,0.018,0.0121818
juelich_pilot_d30_r2_log_distance_s01_w1,juelich,12345,1,1,log-distance,27,28,veh1,veh10,2,2,0,230.03,1,7.81816,0.616739,-73.9133,23.0629,2,0.012,0.012,0.0121818
juelich_pilot_d30_r2_log_distance_s01_w1,juelich,12345,1,1,log-distance,27,28,veh1,veh4,2,2,0,321.051,1,7.81816,0,-76.8092,20.1671,2,0.012,0.014,0.0121818
juelich_pilot_d30_r2_log_distance_s01_w1,juelich,12345,1,1,log-distance,27,28,veh1,veh6,2,2,0,231.461,1,7.81816,8.35719,-73.9672,23.0091,2,0.012,0.012,0.0121818
juelich_pilot_d30_r2_log_distance_s01_w1,juelich,12345,1,1,log-distance,27,28,veh1,veh9,2,2,0,207.771,1,7.81816,5.97575,-73.0291,23.9472,2,0.012,0.014,0.0121818
juelich_pilot_d30_r2_log_distance_s01_w1,juelich,12345,1,1,log-distance,27,28,veh10,veh0,2,2,0,415.241,1,0.616739,8.37133,-79.0436,17.9326,2,0.012,0.018,0.0121818
juelich_pilot_d30_r2_log_distance_s01_w1,juelich,12345,1,1,log-distance,27,28,veh10,veh1,2,2,0,230.03,1,0.616739,7.81816,-73.9133,23.0629,2,0.012,0.012,0.0121818
juelich_pilot_d30_r2_log_distance_s01_w1,juelich,12345,1,1,log-distance,27,28,veh10,veh4,2,2,0,115.4,1,0.616739,0,-67.9218,29.0545,2,0.012,0.014,0.0121818
juelich_pilot_d30_r2_log_distance_s01_w1,juelich,12345,1,1,log-distance,27,28,veh10,veh5,2,0,1,883.463,0,0.616739,8.133,nan,nan,0,0.012,0.012,0.0121818
juelich_pilot_d30_r2_log_distance_s01_w1,juelich,12345,1,1,log-distance,27,28,veh10,veh6,2,2,0,12.0852,1,0.616739,8.35719,-48.2141,48.7622,2,0.012,0.012,0.0121818
juelich_pilot_d30_r2_log_distance_s01_w1,juelich,12345,1,1,log-distance,27,28,veh10,veh9,2,2,0,177.747,1,0.616739,5.97575,-71.6736,25.3027,2,0.012,0.014,0.0121818
juelich_pilot_d30_r2_log_distance_s01_w1,juelich,12345,1,1,log-distance,27,28,veh2,veh3,2,2,0,101.687,1,0,12.1572,-66.8196,30.1566,2,0.008,0.008,0.0121818
juelich_pilot_d30_r2_log_distance_s01_w1,juelich,12345,1,1,log-distance,27,28,veh2,veh5,2,0,1,906.546,0,0,8.133,nan,nan,0,0.008,0.012,0.0121818
juelich_pilot_d30_r2_log_distance_s01_w1,juelich,12345,1,1,log-distance,27,28,veh2,veh7,2,2,0,388.506,1,0,2.86985,-78.4656,18.5107,2,0.008,0.012,0.0121818
juelich_pilot_d30_r2_log_distance_s01_w1,juelich,12345,1,1,log-distance,27,28,veh2,veh8,2,2,0,351.265,1,0,9.95328,-77.5904,19.3859,2,0.008,0.012,0.0121818
juelich_pilot_d30_r2_log_distance_s01_w1,juelich,12345,1,1,log-distance,27,28,veh3,veh2,2,2,0,101.687,1,12.1572,0,-66.8196,30.1566,2,0.008,0.008,0.0121818
juelich_pilot_d30_r2_log_distance_s01_w1,juelich,12345,1,1,log-distance,27,28,veh3,veh5,2,0,1,869.536,0,12.1572,8.133,nan,nan,0,0.008,0.012,0.0121818
juelich_pilot_d30_r2_log_distance_s01_w1,juelich,12345,1,1,log-distance,27,28,veh3,veh7,2,2,0,377.66,1,12.1572,2.86985,-78.2197,18.7566,2,0.008,0.012,0.0121818
juelich_pilot_d30_r2_log_distance_s01_w1,juelich,12345,1,1,log-distance,27,28,veh3,veh8,2,2,0,360.068,1,12.1572,9.95328,-77.8054,19.1709,2,0.008,0.012,0.0121818
juelich_pilot_d30_r2_log_distance_s01_w1,juelich,12345,1,1,log-distance,27,28,veh4,veh0,2,2,0,301.797,1,0,8.37133,-76.2718,20.7044,2,0.014,0.018,0.0121818
juelich_pilot_d30_r2_log_distance_s01_w1,juelich,12345,1,1,log-distance,27,28,veh4,veh1,2,2,0,321.051,1,0,7.81816,-76.8092,20.1671,2,0.014,0.012,0.0121818
juelich_pilot_d30_r2_log_distance_s01_w1,juelich,12345,1,1,log-distance,27,28,veh4,veh10,2,2,0,115.4,1,0,0.616739,-67.9218,29.0545,2,0.014,0.012,0.0121818
juelich_pilot_d30_r2_log_distance_s01_w1,juelich,12345,1,1,log-distance,27,28,veh4,veh5,2,0,1,773.66,0,0,8.133,nan,nan,0,0.014,0.012,0.0121818
juelich_pilot_d30_r2_log_distance_s01_w1,juelich,12345,1,1,log-distance,27,28,veh4,veh6,2,2,0,123.652,1,0,8.35719,-68.5211,28.4552,2,0.014,0.012,0.0121818
juelich_pilot_d30_r2_log_distance_s01_w1,juelich,12345,1,1,log-distance,27,28,veh4,veh9,2,2,0,183.912,1,0,5.97575,-71.9699,25.0064,2,0.014,0.014,0.0121818
juelich_pilot_d30_r2_log_distance_s01_w1,juelich,12345,1,1,log-distance,27,28,veh5,veh0,2,2,0,475.317,1,8.133,8.37133,-80.2171,16.7592,2,0.012,0.018,0.0121818
juelich_pilot_d30_r2_log_distance_s01_w1,juelich,12345,1,1,log-distance,27,28,veh5,veh10,2,0,1,883.463,0,8.133,0.616739,nan,nan,0,0.012,0.012,0.0121818
juelich_pilot_d30_r2_log_distance_s01_w1,juelich,12345,1,1,log-distance,27,28,veh5,veh2,2,0,1,906.546,0,8.133,0,nan,nan,0,0.012,0.008,0.0121818
juelich_pilot_d30_r2_log_distance_s01_w1,juelich,12345,1,1,log-distance,27,28,veh5,veh3,2,0,1,869.536,0,8.133,12.1572,nan,nan,0,0.012,0.008,0.0121818
juelich_pilot_d30_r2_log_distance_s01_w1,juelich,12345,1,1,log-distance,27,28,veh5,veh4,2,0,1,773.66,0,8.133,0,nan,nan,0,0.012,0.014,0.0121818
juelich_pilot_d30_r2_log_distance_s01_w1,juelich,12345,1,1,log-distance,27,28,veh5,veh6,2,0,1,893.69,0,8.133,8.35719,nan,nan,0,0.012,0.012,0.0121818
juelich_pilot_d30_r2_log_distance_s01_w1,juelich,12345,1,1,log-distance,27,28,veh5,veh7,2,2,0,529.766,0,8.133,2.86985,-81.1593,15.817,2,0.012,0.012,0.0121818
juelich_pilot_d30_r2_log_distance_s01_w1,juelich,12345,1,1,log-distance,27,28,veh5,veh8,2,0,1,592.53,0,8.133,9.95328,nan,nan,0,0.012,0.012,0.0121818
juelich_pilot_d30_r2_log_distance_s01_w1,juelich,12345,1,1,log-distance,27,28,veh5,veh9,2,0,1,802.355,0,8.133,5.97575,nan,nan,0,0.012,0.014,0.0121818
juelich_pilot_d30_r2_log_distance_s01_w1,juelich,12345,1,1,log-distance,27,28,veh6,veh0,2,2,0,424.546,1,8.35719,8.37133,-79.2362,17.7401,2,0.012,0.018,0.0121818
juelich_pilot_d30_r2_log_distance_s01_w1,juelich,12345,1,1,log-distance,27,28,veh6,veh1,2,2,0,231.461,1,8.35719,7.81816,-73.9672,23.0091,2,0.012,0.012,0.0121818
juelich_pilot_d30_r2_log_distance_s01_w1,juelich,12345,1,1,log-distance,27,28,veh6,veh10,2,2,0,12.0852,1,8.35719,0.616739,-48.2141,48.7622,2,0.012,0.012,0.0121818
juelich_pilot_d30_r2_log_distance_s01_w1,juelich,12345,1,1,log-distance,27,28,veh6,veh4,2,2,0,123.652,1,8.35719,0,-68.5211,28.4552,2,0.012,0.014,0.0121818
juelich_pilot_d30_r2_log_distance_s01_w1,juelich,12345,1,1,log-distance,27,28,veh6,veh5,2,0,1,893.69,0,8.35719,8.133,nan,nan,0,0.012,0.012,0.0121818
juelich_pilot_d30_r2_log_distance_s01_w1,juelich,12345,1,1,log-distance,27,28,veh6,veh9,2,2,0,188.754,1,8.35719,5.97575,-72.1956,24.7807,2,0.012,0.014,0.0121818
juelich_pilot_d30_r2_log_distance_s01_w1,juelich,12345,1,1,log-distance,27,28,veh7,veh0,2,0,1,795.988,0,2.86985,8.37133,nan,nan,0,0.012,0.018,0.0121818
juelich_pilot_d30_r2_log_distance_s01_w1,juelich,12345,1,1,log-distance,27,28,veh7,veh2,2,2,0,388.506,1,2.86985,0,-78.4656,18.5107,2,0.012,0.008,0.0121818
juelich_pilot_d30_r2_log_distance_s01_w1,juelich,12345,1,1,log-distance,27,28,veh7,veh3,2,2,0,377.66,1,2.86985,12.1572,-78.2197,18.7566,2,0.012,0.008,0.0121818
juelich_pilot_d30_r2_log_distance_s01_w1,juelich,12345,1,1,log-distance,27,28,veh7,veh5,2,2,0,529.766,0,2.86985,8.133,-81.1593,15.817,2,0.012,0.012,0.0121818
juelich_pilot_d30_r2_log_distance_s01_w1,juelich,12345,1,1,log-distance,27,28,veh7,veh8,2,2,0,76.5834,1,2.86985,9.95328,-64.3557,32.6206,2,0.012,0.012,0.0121818
juelich_pilot_d30_r2_log_distance_s01_w1,juelich,12345,1,1,log-distance,27,28,veh7,veh9,2,0,1,938.603,0,2.86985,5.97575,nan,nan,0,0.012,0.014,0.0121818
juelich_pilot_d30_r2_log_distance_s01_w1,juelich,12345,1,1,log-distance,27,28,veh8,veh0,2,0,1,822.175,0,9.95328,8.37133,nan,nan,0,0.012,0.018,0.0121818
juelich_pilot_d30_r2_log_distance_s01_w1,juelich,12345,1,1,log-distance,27,28,veh8,veh2,2,2,0,351.265,1,9.95328,0,-77.5904,19.3859,2,0.012,0.008,0.0121818
juelich_pilot_d30_r2_log_distance_s01_w1,juelich,12345,1,1,log-distance,27,28,veh8,veh3,2,2,0,360.068,1,9.95328,12.1572,-77.8054,19.1709,2,0.012,0.008,0.0121818
juelich_pilot_d30_r2_log_distance_s01_w1,juelich,12345,1,1,log-distance,27,28,veh8,veh5,2,0,1,592.53,0,9.95328,8.133,nan,nan,0,0.012,0.012,0.0121818
juelich_pilot_d30_r2_log_distance_s01_w1,juelich,12345,1,1,log-distance,27,28,veh8,veh7,2,2,0,76.5834,1,9.95328,2.86985,-64.3557,32.6206,2,0.012,0.012,0.0121818
juelich_pilot_d30_r2_log_distance_s01_w1,juelich,12345,1,1,log-distance,27,28,veh8,veh9,2,0,1,933.851,0,9.95328,5.97575,nan,nan,0,0.012,0.014,0.0121818
juelich_pilot_d30_r2_log_distance_s01_w1,juelich,12345,1,1,log-distance,27,28,veh9,veh0,2,2,0,377.374,1,5.97575,8.37133,-78.2131,18.7631,2,0.014,0.018,0.0121818
juelich_pilot_d30_r2_log_distance_s01_w1,juelich,12345,1,1,log-distance,27,28,veh9,veh1,2,2,0,207.771,1,5.97575,7.81816,-73.0291,23.9472,2,0.014,0.012,0.0121818
juelich_pilot_d30_r2_log_distance_s01_w1,juelich,12345,1,1,log-distance,27,28,veh9,veh10,2,2,0,177.747,1,5.97575,0.616739,-71.6736,25.3027,2,0.014,0.012,0.0121818
juelich_pilot_d30_r2_log_distance_s01_w1,juelich,12345,1,1,log-distance,27,28,veh9,veh4,2,2,0,183.912,1,5.97575,0,-71.9699,25.0064,2,0.014,0.014,0.0121818
juelich_pilot_d30_r2_log_distance_s01_w1,juelich,12345,1,1,log-distance,27,28,veh9,veh5,2,0,1,802.355,0,5.97575,8.133,nan,nan,0,0.014,0.012,0.0121818
juelich_pilot_d30_r2_log_distance_s01_w1,juelich,12345,1,1,log-distance,27,28,veh9,veh6,2,2,0,188.754,1,5.97575,8.35719,-72.1956,24.7807,2,0.014,0.012,0.0121818
juelich_pilot_d30_r2_log_distance_s01_w1,juelich,12345,1,1,log-distance,27,28,veh9,veh7,2,0,1,938.603,0,5.97575,2.86985,nan,nan,0,0.014,0.012,0.0121818
juelich_pilot_d30_r2_log_distance_s01_w1,juelich,12345,1,1,log-distance,27,28,veh9,veh8,2,0,1,933.851,0,5.97575,9.95328,nan,nan,0,0.014,0.012,0.0121818
juelich_pilot_d30_r2_log_distance_s01_w1,juelich,12345,1,1,log-distance,28,29,veh0,veh1,2,2,0,573.182,0,8.3795,7.81991,-81.8435,15.1328,2,0.016,0.012,0.0118182
juelich_pilot_d30_r2_log_distance_s01_w1,juelich,12345,1,1,log-distance,28,29,veh0,veh10,2,2,0,410.207,1,8.3795,2.68725,-78.9377,18.0385,2,0.016,0.012,0.0118182
juelich_pilot_d30_r2_log_distance_s01_w1,juelich,12345,1,1,log-distance,28,29,veh0,veh4,2,2,0,295.093,1,8.3795,0,-76.0768,20.8995,2,0.016,0.014,0.0118182
juelich_pilot_d30_r2_log_distance_s01_w1,juelich,12345,1,1,log-distance,28,29,veh0,veh5,2,2,0,490.012,1,8.3795,8.16903,-80.4816,16.4947,2,0.016,0.012,0.0118182
juelich_pilot_d30_r2_log_distance_s01_w1,juelich,12345,1,1,log-distance,28,29,veh0,veh6,2,2,0,424.517,1,8.3795,8.39474,-79.2356,17.7407,2,0.016,0.012,0.0118182
juelich_pilot_d30_r2_log_distance_s01_w1,juelich,12345,1,1,log-distance,28,29,veh0,veh7,2,0,1,800.17,0,8.3795,4.94475,nan,nan,0,0.016,0.012,0.0118182
juelich_pilot_d30_r2_log_distance_s01_w1,juelich,12345,1,1,log-distance,28,29,veh0,veh8,2,0,1,828.84,0,8.3795,9.91177,nan,nan,0,0.016,0.01,0.0118182
juelich_pilot_d30_r2_log_distance_s01_w1,juelich,12345,1,1,log-distance,28,29,veh0,veh9,2,2,0,376.741,1,8.3795,7.11173,-78.1986,18.7777,2,0.016,0.014,0.0118182
juelich_pilot_d30_r2_log_distance_s01_w1,juelich,12345,1,1,log-distance,28,29,veh1,veh0,2,2,0,573.182,0,7.81991,8.3795,-81.8435,15.1328,2,0.012,0.016,0.0118182
juelich_pilot_d30_r2_log_distance_s01_w1,juelich,12345,1,1,log-distance,28,29,veh1,veh10,2,2,0,233.825,1,7.81991,2.68725,-74.0554,22.9209,2,0.012,0.012,0.0118182
juelich_pilot_d30_r2_log_distance_s01_w1,juelich,12345,1,1,log-distance,28,29,veh1,veh4,2,2,0,322.679,1,7.81991,0,-76.8531,20.1232,2,0.012,0.014,0.0118182
juelich_pilot_d30_r2_log_distance_s01_w1,juelich,12345,1,1,log-distance,28,29,veh1,veh6,2,2,0,236.955,1,7.81991,8.39474,-74.1708,22.8054,2,0.012,0.012,0.0118182
juelich_pilot_d30_r2_log_distance_s01_w1,juelich,12345,1,1,log-distance,28,29,veh1,veh9,2,2,0,200.711,1,7.81991,7.11173,-72.7288,24.2475,2,0.012,0.014,0.0118182
juelich_pilot_d30_r2_log_distance_s01_w1,juelich,12345,1,1,log-distance,28,29,veh10,veh0,2,2,0,410.207,1,2.68725,8.3795,-78.9377,18.0385,2,0.012,0.016,0.0118182
juelich_pilot_d30_r2_log_distance_s01_w1,juelich,12345,1,1,log-distance,28,29,veh10,veh1,2,2,0,233.825,1,2.68725,7.81991,-74.0554,22.9209,2,0.012,0.012,0.0118182
juelich_pilot_d30_r2_log_distance_s01_w1,juelich,12345,1,1,log-distance,28,29,veh10,veh4,2,2,0,116.592,1,2.68725,0,-68.011,28.9653,2,0.012,0.014,0.0118182
juelich_pilot_d30_r2_log_distance_s01_w1,juelich,12345,1,1,log-distance,28,29,veh10,veh5,2,0,1,891.543,0,2.68725,8.16903,nan,nan,0,0.012,0.012,0.0118182
juelich_pilot_d30_r2_log_distance_s01_w1,juelich,12345,1,1,log-distance,28,29,veh10,veh6,2,2,0,18.6617,1,2.68725,8.39474,-52.0722,44.9041,2,0.012,0.012,0.0118182
juelich_pilot_d30_r2_log_distance_s01_w1,juelich,12345,1,1,log-distance,28,29,veh10,veh9,2,2,0,173.317,1,2.68725,7.11173,-71.4544,25.5219,2,0.012,0.014,0.0118182
juelich_pilot_d30_r2_log_distance_s01_w1,juelich,12345,1,1,log-distance,28,29,veh2,veh3,2,2,0,90.2268,1,0,12.1171,-65.78,31.1963,2,0.008,0.008,0.0118182
juelich_pilot_d30_r2_log_distance_s01_w1,juelich,12345,1,1,log-distance,28,29,veh2,veh5,2,0,1,900.119,0,0,8.16903,nan,nan,0,0.008,0.012,0.0118182
juelich_pilot_d30_r2_log_distance_s01_w1,juelich,12345,1,1,log-distance,28,29,veh2,veh7,2,2,0,392.504,1,0,4.94475,-78.5545,18.4217,2,0.008,0.012,0.0118182
juelich_pilot_d30_r2_log_distance_s01_w1,juelich,12345,1,1,log-distance,28,29,veh2,veh8,2,2,0,352.435,1,0,9.91177,-77.6193,19.357,2,0.008,0.01,0.0118182
juelich_pilot_d30_r2_log_distance_s01_w1,juelich,12345,1,1,log-distance,28,29,veh3,veh2,2,2,0,90.2268,1,12.1171,0,-65.78,31.1963,2,0.008,0.008,0.0118182
juelich_pilot_d30_r2_log_distance_s01_w1,juelich,12345,1,1,log-distance,28,29,veh3,veh5,2,0,1,862.496,0,12.1171,8.16903,nan,nan,0,0.008,0.012,0.0118182
juelich_pilot_d30_r2_log_distance_s01_w1,juelich,12345,1,1,log-distance,28,29,veh3,veh7,2,2,0,377.413,1,12.1171,4.94475,-78.214,18.7623,2,0.008,0.012,0.0118182
juelich_pilot_d30_r2_log_distance_s01_w1,juelich,12345,1,1,log-distance,28,29,veh3,veh8,2,2,0,357.233,1,12.1171,9.91177,-77.7367,19.2396,2,0.008,0.01,0.0118182
juelich_pilot_d30_r2_log_distance_s01_w1,juelich,12345,1,1,log-distance,28,29,veh4,veh0,2,2,0,295.093,1,0,8.3795,-76.0768,20.8995,2,0.014,0.016,0.0118182
juelich_pilot_d30_r2_log_distance_s01_w1,juelich,12345,1,1,log-distance,28,29,veh4,veh1,2,2,0,322.679,1,0,7.81991,-76.8531,20.1232,2,0.014,0.012,0.0118182
juelich_pilot_d30_r2_log_distance_s01_w1,juelich,12345,1,1,log-distance,28,29,veh4,veh10,2,2,0,116.592,1,0,2.68725,-68.011,28.9653,2,0.014,0.012,0.0118182
juelich_pilot_d30_r2_log_distance_s01_w1,juelich,12345,1,1,log-distance,28,29,veh4,veh5,2,0,1,780.41,0,0,8.16903,nan,nan,0,0.014,0.012,0.0118182
juelich_pilot_d30_r2_log_distance_s01_w1,juelich,12345,1,1,log-distance,28,29,veh4,veh6,2,2,0,129.723,1,0,8.39474,-68.9374,28.0389,2,0.014,0.012,0.0118182
juelich_pilot_d30_r2_log_distance_s01_w1,juelich,12345,1,1,log-distance,28,29,veh4,veh9,2,2,0,180.955,1,0,7.11173,-71.829,25.1472,2,0.014,0.014,0.0118182
juelich_pilot_d30_r2_log_distance_s01_w1,juelich,12345,1,1,log-distance,28,29,veh5,veh0,2,2,0,490.012,1,8.16903,8.3795,-80.4816,16.4947,2,0.012,0.016,0.0118182
juelich_pilot_d30_r2_log_distance_s01_w1,juelich,12345,1,1,log-distance,28,29,veh5,veh10,2,0,1,891.543,0,8.16903,2.68725,nan,nan,0,0.012,0.012,0.0118182
juelich_pilot_d30_r2_log_distance_s01_w1,juelich,12345,1,1,log-distance,28,29,veh5,veh2,2,0,1,900.119,0,8.16903,0,nan,nan,0,0.012,0.008,0.0118182
juelich_pilot_d30_r2_log_distance_s01_w1,juelich,12345,1,1,log-distance,28,29,veh5,veh3,2,0,1,862.496,0,8.16903,12.1171,nan,nan,0,0.012,0.008,0.0118182
juelich_pilot_d30_r2_log_distance_s01_w1,juelich,12345,1,1,log-distance,28,29,veh5,veh4,2,0,1,780.41,0,8.16903,0,nan,nan,0,0.012,0.014,0.0118182
juelich_pilot_d30_r2_log_distance_s01_w1,juelich,12345,1,1,log-distance,28,29,veh5,veh6,2,0,1,907.415,0,8.16903,8.39474,nan,nan,0,0.012,0.012,0.0118182
juelich_pilot_d30_r2_log_distance_s01_w1,juelich,12345,1,1,log-distance,28,29,veh5,veh7,2,2,0,520.437,0,8.16903,4.94475,-81.005,15.9713,2,0.012,0.012,0.0118182
juelich_pilot_d30_r2_log_distance_s01_w1,juelich,12345,1,1,log-distance,28,29,veh5,veh8,2,0,1,592.058,0,8.16903,9.91177,nan,nan,0,0.012,0.01,0.0118182
juelich_pilot_d30_r2_log_distance_s01_w1,juelich,12345,1,1,log-distance,28,29,veh5,veh9,2,0,1,812.923,0,8.16903,7.11173,nan,nan,0,0.012,0.014,0.0118182
juelich_pilot_d30_r2_log_distance_s01_w1,juelich,12345,1,1,log-distance,28,29,veh6,veh0,2,2,0,424.517,1,8.39474,8.3795,-79.2356,17.7407,2,0.012,0.016,0.0118182
juelich_pilot_d30_r2_log_distance_s01_w1,juelich,12345,1,1,log-distance,28,29,veh6,veh1,2,2,0,236.955,1,8.39474,7.81991,-74.1708,22.8054,2,0.012,0.012,0.0118182
juelich_pilot_d30_r2_log_distance_s01_w1,juelich,12345,1,1,log-distance,28,29,veh6,veh10,2,2,0,18.6617,1,8.39474,2.68725,-52.0722,44.9041,2,0.012,0.012,0.0118182
juelich_pilot_d30_r2_log_distance_s01_w1,juelich,12345,1,1,log-distance,28,29,veh6,veh4,2,2,0,129.723,1,8.39474,0,-68.9374,28.0389,2,0.012,0.014,0.0118182
juelich_pilot_d30_r2_log_distance_s01_w1,juelich,12345,1,1,log-distance,28,29,veh6,veh5,2,0,1,907.415,0,8.39474,8.16903,nan,nan,0,0.012,0.012,0.0118182
juelich_pilot_d30_r2_log_distance_s01_w1,juelich,12345,1,1,log-distance,28,29,veh6,veh9,2,2,0,190.28,1,8.39474,7.11173,-72.2656,24.7107,2,0.012,0.014,0.0118182
juelich_pilot_d30_r2_log_distance_s01_w1,juelich,12345,1,1,log-distance,28,29,veh7,veh0,2,0,1,800.17,0,4.94475,8.3795,nan,nan,0,0.012,0.016,0.0118182
juelich_pilot_d30_r2_log_distance_s01_w1,juelich,12345,1,1,log-distance,28,29,veh7,veh2,2,2,0,392.504,1,4.94475,0,-78.5545,18.4217,2,0.012,0.008,0.0118182
juelich_pilot_d30_r2_log_distance_s01_w1,juelich,12345,1,1,log-distance,28,29,veh7,veh3,2,2,0,377.413,1,4.94475,12.1171,-78.214,18.7623,2,0.012,0.008,0.0118182
juelich_pilot_d30_r2_log_distance_s01_w1,juelich,12345,1,1,log-distance,28,29,veh7,veh5,2,2,0,520.437,0,4.94475,8.16903,-81.005,15.9713,2,0.012,0.012,0.0118182
juelich_pilot_d30_r2_log_distance_s01_w1,juelich,12345,1,1,log-distance,28,29,veh7,veh8,2,2,0,87.1511,1,4.94475,9.91177,-65.4788,31.4975,2,0.012,0.01,0.0118182
juelich_pilot_d30_r2_log_distance_s01_w1,juelich,12345,1,1,log-distance,28,29,veh7,veh9,2,0,1,942.013,0,4.94475,7.11173,nan,nan,0,0.012,0.014,0.0118182
juelich_pilot_d30_r2_log_distance_s01_w1,juelich,12345,1,1,log-distance,28,29,veh8,veh0,2,0,1,828.84,0,9.91177,8.3795,nan,nan,0,0.01,0.016,0.0118182
juelich_pilot_d30_r2_log_distance_s01_w1,juelich,12345,1,1,log-distance,28,29,veh8,veh2,2,2,0,352.435,1,9.91177,0,-77.6193,19.357,2,0.01,0.008,0.0118182
juelich_pilot_d30_r2_log_distance_s01_w1,juelich,12345,1,1,log-distance,28,29,veh8,veh3,2,2,0,357.233,1,9.91177,12.1171,-77.7367,19.2396,2,0.01,0.008,0.0118182
juelich_pilot_d30_r2_log_distance_s01_w1,juelich,12345,1,1,log-distance,28,29,veh8,veh5,2,0,1,592.058,0,9.91177,8.16903,nan,nan,0,0.01,0.012,0.0118182
juelich_pilot_d30_r2_log_distance_s01_w1,juelich,12345,1,1,log-distance,28,29,veh8,veh7,2,2,0,87.1511,1,9.91177,4.94475,-65.4788,31.4975,2,0.01,0.012,0.0118182
juelich_pilot_d30_r2_log_distance_s01_w1,juelich,12345,1,1,log-distance,28,29,veh8,veh9,2,0,1,935.543,0,9.91177,7.11173,nan,nan,0,0.01,0.014,0.0118182
juelich_pilot_d30_r2_log_distance_s01_w1,juelich,12345,1,1,log-distance,28,29,veh9,veh0,2,2,0,376.741,1,7.11173,8.3795,-78.1986,18.7777,2,0.014,0.016,0.0118182
juelich_pilot_d30_r2_log_distance_s01_w1,juelich,12345,1,1,log-distance,28,29,veh9,veh1,2,2,0,200.711,1,7.11173,7.81991,-72.7288,24.2475,2,0.014,0.012,0.0118182
juelich_pilot_d30_r2_log_distance_s01_w1,juelich,12345,1,1,log-distance,28,29,veh9,veh10,2,2,0,173.317,1,7.11173,2.68725,-71.4544,25.5219,2,0.014,0.012,0.0118182
juelich_pilot_d30_r2_log_distance_s01_w1,juelich,12345,1,1,log-distance,28,29,veh9,veh4,2,2,0,180.955,1,7.11173,0,-71.829,25.1472,2,0.014,0.014,0.0118182
juelich_pilot_d30_r2_log_distance_s01_w1,juelich,12345,1,1,log-distance,28,29,veh9,veh5,2,0,1,812.923,0,7.11173,8.16903,nan,nan,0,0.014,0.012,0.0118182
juelich_pilot_d30_r2_log_distance_s01_w1,juelich,12345,1,1,log-distance,28,29,veh9,veh6,2,2,0,190.28,1,7.11173,8.39474,-72.2656,24.7107,2,0.014,0.012,0.0118182
juelich_pilot_d30_r2_log_distance_s01_w1,juelich,12345,1,1,log-distance,28,29,veh9,veh7,2,0,1,942.013,0,7.11173,4.94475,nan,nan,0,0.014,0.012,0.0118182
juelich_pilot_d30_r2_log_distance_s01_w1,juelich,12345,1,1,log-distance,28,29,veh9,veh8,2,0,1,935.543,0,7.11173,9.91177,nan,nan,0,0.014,0.01,0.0118182
juelich_pilot_d30_r2_log_distance_s01_w1,juelich,12345,1,1,log-distance,29,30,veh0,veh1,2,2,0,568.447,0,7.20888,7.79336,-81.7715,15.2048,2,0.016,0.012,0.0106667
juelich_pilot_d30_r2_log_distance_s01_w1,juelich,12345,1,1,log-distance,29,30,veh0,veh10,2,2,0,406.968,1,7.20888,4.55929,-78.8689,18.1074,2,0.016,0.012,0.0106667
juelich_pilot_d30_r2_log_distance_s01_w1,juelich,12345,1,1,log-distance,29,30,veh0,veh4,2,2,0,288.816,1,7.20888,0,-75.89,21.0862,2,0.016,0.014,0.0106667
juelich_pilot_d30_r2_log_distance_s01_w1,juelich,12345,1,1,log-distance,29,30,veh0,veh5,2,2,0,504.424,0,7.20888,8.14511,-80.7334,16.2429,2,0.016,0.011,0.0106667
juelich_pilot_d30_r2_log_distance_s01_w1,juelich,12345,1,1,log-distance,29,30,veh0,veh6,2,2,0,424.821,1,7.20888,8.32985,-79.2418,17.7345,2,0.016,0.012,0.0106667
juelich_pilot_d30_r2_log_distance_s01_w1,juelich,12345,1,1,log-distance,29,30,veh0,veh7,2,0,1,802.001,0,7.20888,6.90518,nan,nan,0,0.016,0.012,0.0106667
juelich_pilot_d30_r2_log_distance_s01_w1,juelich,12345,1,1,log-distance,29,30,veh0,veh8,2,0,1,835.187,0,7.20888,9.88421,nan,nan,0,0.016,0.01,0.0106667
juelich_pilot_d30_r2_log_distance_s01_w1,juelich,12345,1,1,log-distance,29,30,veh0,veh9,2,2,0,376.433,1,7.20888,7.0942,-78.1915,18.7848,2,0.016,0.013,0.0106667
juelich_pilot_d30_r2_log_distance_s01_w1,juelich,12345,1,1,log-distance,29,30,veh1,veh0,2,2,0,568.447,0,7.79336,7.20888,-81.7715,15.2048,2,0.012,0.016,0.0106667
juelich_pilot_d30_r2_log_distance_s01_w1,juelich,12345,1,1,log-distance,29,30,veh1,veh10,2,2,0,238.362,1,7.79336,4.55929,-74.2223,22.754,2,0.012,0.012,0.0106667
juelich_pilot_d30_r2_log_distance_s01_w1,juelich,12345,1,1,log-distance,29,30,veh1,veh4,2,2,0,324.604,1,7.79336,0,-76.9048,20.0715,2,0.012,0.014,0.0106667
juelich_pilot_d30_r2_log_distance_s01_w1,juelich,12345,1,1,log-distance,29,30,veh1,veh6,2,2,0,243.464,1,7.79336,8.32985,-74.4062,22.5701,2,0.012,0.012,0.0106667
juelich_pilot_d30_r2_log_distance_s01_w1,juelich,12345,1,1,log-distance,29,30,veh1,veh9,2,2,0,194.362,1,7.79336,7.0942,-72.4497,24.5266,2,0.012,0.013,0.0106667
juelich_pilot_d30_r2_log_distance_s01_w1,juelich,12345,1,1,log-distance,29,30,veh10,veh0,2,2,0,406.968,1,4.55929,7.20888,-78.8689,18.1074,2,0.012,0.016,0.0106667
juelich_pilot_d30_r2_log_distance_s01_w1,juelich,12345,1,1,log-distance,29,30,veh10,veh1,2,2,0,238.362,1,4.55929,7.79336,-74.2223,22.754,2,0.012,0.012,0.0106667
juelich_pilot_d30_r2_log_distance_s01_w1,juelich,12345,1,1,log-distance,29,30,veh10,veh4,2,2,0,119.079,1,4.55929,0,-68.1942,28.782,2,0.012,0.014,0.0106667
juelich_pilot_d30_r2_log_distance_s01_w1,juelich,12345,1,1,log-distance,29,30,veh10,veh5,2,0,1,901.273,0,4.55929,8.14511,nan,nan,0,0.012,0.011,0.0106667
juelich_pilot_d30_r2_log_distance_s01_w1,juelich,12345,1,1,log-distance,29,30,veh10,veh6,2,2,0,23.339,1,4.55929,8.32985,-54.0325,42.9437,2,0.012,0.012,0.0106667
juelich_pilot_d30_r2_log_distance_s01_w1,juelich,12345,1,1,log-distance,29,30,veh10,veh9,2,2,0,170.313,1,4.55929,7.0942,-71.3026,25.6736,2,0.012,0.013,0.0106667
juelich_pilot_d30_r2_log_distance_s01_w1,juelich,12345,1,1,log-distance,29,30,veh2,veh3,2,2,0,78.7946,1,0,12.1629,-64.602,32.3742,2,0.008,0.008,0.0106667
juelich_pilot_d30_r2_log_distance_s01_w1,juelich,12345,1,1,log-distance,29,30,veh2,veh5,2,0,1,893.719,0,0,8.14511,nan,nan,0,0.008,0.011,0.0106667
juelich_pilot_d30_r2_log_distance_s01_w1,juelich,12345,1,1,log-distance,29,30,veh2,veh7,2,2,0,398.485,1,0,6.90518,-78.6859,18.2904,2,0.008,0.012,0.0106667
juelich_pilot_d30_r2_log_distance_s01_w1,juelich,12345,1,1,log-distance,29,30,veh2,veh8,2,2,0,353.85,1,0,9.88421,-77.6541,19.3222,2,0.008,0.01,0.0106667
juelich_pilot_d30_r2_log_distance_s01_w1,juelich,12345,1,1,log-distance,29,30,veh3,veh2,2,2,0,78.7946,1,12.1629,0,-64.602,32.3742,2,0.008,0.008,0.0106667
juelich_pilot_d30_r2_log_distance_s01_w1,juelich,12345,1,1,log-distance,29,30,veh3,veh5,2,0,1,856.214,0,12.1629,8.14511,nan,nan,0,0.008,0.011,0.0106667
juelich_pilot_d30_r2_log_distance_s01_w1,juelich,12345,1,1,log-distance,29,30,veh3,veh7,2,2,0,379.942,1,12.1629,6.90518,-78.272,18.7043,2,0.008,0.012,0.0106667
juelich_pilot_d30_r2_log_distance_s01_w1,juelich,12345,1,1,log-distance,29,30,veh3,veh8,2,2,0,354.732,1,12.1629,9.88421,-77.6757,19.3006,2,0.008,0.01,0.0106667
juelich_pilot_d30_r2_log_distance_s01_w1,juelich,12345,1,1,log-distance,29,30,veh4,veh0,2,2,0,288.816,1,0,7.20888,-75.89,21.0862,2,0.014,0.016,0.0106667
juelich_pilot_d30_r2_log_distance_s01_w1,juelich,12345,1,1,log-distance,29,30,veh4,veh1,2,2,0,324.604,1,0,7.79336,-76.9048,20.0715,2,0.014,0.012,0.0106667
juelich_pilot_d30_r2_log_distance_s01_w1,juelich,12345,1,1,log-distance,29,30,veh4,veh10,2,2,0,119.079,1,0,4.55929,-68.1942,28.782,2,0.014,0.012,0.0106667
juelich_pilot_d30_r2_log_distance_s01_w1,juelich,12345,1,1,log-distance,29,30,veh4,veh5,2,0,1,787.188,0,0,8.14511,nan,nan,0,0.014,0.011,0.0106667
juelich_pilot_d30_r2_log_distance_s01_w1,juelich,12345,1,1,log-distance,29,30,veh4,veh6,2,2,0,136.035,1,0,8.32985,-69.3501,27.6262,2,0.014,0.012,0.0106667
juelich_pilot_d30_r2_log_distance_s01_w1,juelich,12345,1,1,log-distance,29,30,veh4,veh9,2,2,0,178.074,1,0,7.0942,-71.6896,25.2867,2,0.014,0.013,0.0106667
juelich_pilot_d30_r2_log_distance_s01_w1,juelich,12345,1,1,log-distance,29,30,veh5,veh0,2,2,0,504.424,0,8.14511,7.20888,-80.7334,16.2429,2,0.011,0.016,0.0106667
juelich_pilot_d30_r2_log_distance_s01_w1,juelich,12345,1,1,log-distance,29,30,veh5,veh10,2,0,1,901.273,0,8.14511,4.55929,nan,nan,0,0.011,0.012,0.0106667
juelich_pilot_d30_r2_log_distance_s01_w1,juelich,12345,1,1,log-distance,29,30,veh5,veh2,2,0,1,893.719,0,8.14511,0,nan,nan,0,0.011,0.008,0.0106667
juelich_pilot_d30_r2_log_distance_s01_w1,juelich,12345,1,1,log-distance,29,30,veh5,veh3,2,0,1,856.214,0,8.14511,12.1629,nan,nan,0,0.011,0.008,0.0106667
juelich_pilot_d30_r2_log_distance_s01_w1,juelich,12345,1,1,log-distance,29,30,veh5,veh4,2,0,1,787.188,0,8.14511,0,nan,nan,0,0.011,0.014,0.0106667
juelich_pilot_d30_r2_log_distance_s01_w1,juelich,12345,1,1,log-distance,29,30,veh5,veh6,2,0,1,921.228,0,8.14511,8.32985,nan,nan,0,0.011,0.012,0.0106667
juelich_pilot_d30_r2_log_distance_s01_w1,juelich,12345,1,1,log-distance,29,30,veh5,veh7,2,2,0,509.418,0,8.14511,6.90518,-80.819,16.1573,2,0.011,0.012,0.0106667
juelich_pilot_d30_r2_log_distance_s01_w1,juelich,12345,1,1,log-distance,29,30,veh5,veh8,2,0,1,591.994,0,8.14511,9.88421,nan,nan,0,0.011,0.01,0.0106667
juelich_pilot_d30_r2_log_distance_s01_w1,juelich,12345,1,1,log-distance,29,30,veh5,veh9,2,0,1,823.876,0,8.14511,7.0942,nan,nan,0,0.011,0.013,0.0106667
juelich_pilot_d30_r2_log_distance_s01_w1,juelich,12345,1,1,log-distance,29,30,veh6,veh0,2,2,0,424.821,1,8.32985,7.20888,-79.2418,17.7345,2,0.012,0.016,0.0106667
juelich_pilot_d30_r2_log_distance_s01_w1,juelich,12345,1,1,log-distance,29,30,veh6,veh1,2,2,0,243.464,1,8.32985,7.79336,-74.4062,22.5701,2,0.012,0.012,0.0106667
juelich_pilot_d30_r2_log_distance_s01_w1,juelich,12345,1,1,log-distance,29,30,veh6,veh10,2,2,0,23.339,1,8.32985,4.55929,-54.0325,42.9437,2,0.012,0.012,0.0106667
juelich_pilot_d30_r2_log_distance_s01_w1,juelich,12345,1,1,log-distance,29,30,veh6,veh4,2,2,0,136.035,1,8.32985,0,-69.3501,27.6262,2,0.012,0.014,0.0106667
juelich_pilot_d30_r2_log_distance_s01_w1,juelich,12345,1,1,log-distance,29,30,veh6,veh5,2,0,1,921.228,0,8.32985,8.14511,nan,nan,0,0.012,0.011,0.0106667
juelich_pilot_d30_r2_log_distance_s01_w1,juelich,12345,1,1,log-distance,29,30,veh6,veh9,2,2,0,191.498,1,8.32985,7.0942,-72.321,24.6553,2,0.012,0.013,0.0106667
juelich_pilot_d30_r2_log_distance_s01_w1,juelich,12345,1,1,log-distance,29,30,veh7,veh0,2,0,1,802.001,0,6.90518,7.20888,nan,nan,0,0.012,0.016,0.0106667
juelich_pilot_d30_r2_log_distance_s01_w1,juelich,12345,1,1,log-distance,29,30,veh7,veh2,2,2,0,398.485,1,6.90518,0,-78.6859,18.2904,2,0.012,0.008,0.0106667
juelich_pilot_d30_r2_log_distance_s01_w1,juelich,12345,1,1,log-distance,29,30,veh7,veh3,2,2,0,379.942,1,6.90518,12.1629,-78.272,18.7043,2,0.012,0.008,0.0106667
juelich_pilot_d30_r2_log_distance_s01_w1,juelich,12345,1,1,log-distance,29,30,veh7,veh5,2,2,0,509.418,0,6.90518,8.14511,-80.819,16.1573,2,0.012,0.011,0.0106667
juelich_pilot_d30_r2_log_distance_s01_w1,juelich,12345,1,1,log-distance,29,30,veh7,veh8,2,2,0,98.6934,1,6.90518,9.88421,-66.5594,30.4168,2,0.012,0.01,0.0106667
juelich_pilot_d30_r2_log_distance_s01_w1,juelich,12345,1,1,log-distance,29,30,veh7,veh9,2,0,1,944.132,0,6.90518,7.0942,nan,nan,0,0.012,0.013,0.0106667
juelich_pilot_d30_r2_log_distance_s01_w1,juelich,12345,1,1,log-distance,29,30,veh8,veh0,2,0,1,835.187,0,9.88421,7.20888,nan,nan,0,0.01,0.016,0.0106667
juelich_pilot_d30_r2_log_distance_s01_w1,juelich,12345,1,1,log-distance,29,30,veh8,veh2,2,2,0,353.85,1,9.88421,0,-77.6541,19.3222,2,0.01,0.008,0.0106667
juelich_pilot_d30_r2_log_distance_s01_w1,juelich,12345,1,1,log-distance,29,30,veh8,veh3,2,2,0,354.732,1,9.88421,12.1629,-77.6757,19.3006,2,0.01,0.008,0.0106667
juelich_pilot_d30_r2_log_distance_s01_w1,juelich,12345,1,1,log-distance,29,30,veh8,veh5,2,0,1,591.994,0,9.88421,8.14511,nan,nan,0,0.01,0.011,0.0106667
juelich_pilot_d30_r2_log_distance_s01_w1,juelich,12345,1,1,log-distance,29,30,veh8,veh7,2,2,0,98.6934,1,9.88421,6.90518,-66.5594,30.4168,2,0.01,0.012,0.0106667
juelich_pilot_d30_r2_log_distance_s01_w1,juelich,12345,1,1,log-distance,29,30,veh8,veh9,2,0,1,937.675,0,9.88421,7.0942,nan,nan,0,0.01,0.013,0.0106667
juelich_pilot_d30_r2_log_distance_s01_w1,juelich,12345,1,1,log-distance,29,30,veh9,veh0,2,2,0,376.433,1,7.0942,7.20888,-78.1915,18.7848,2,0.013,0.016,0.0106667
juelich_pilot_d30_r2_log_distance_s01_w1,juelich,12345,1,1,log-distance,29,30,veh9,veh1,2,2,0,194.362,1,7.0942,7.79336,-72.4497,24.5266,2,0.013,0.012,0.0106667
juelich_pilot_d30_r2_log_distance_s01_w1,juelich,12345,1,1,log-distance,29,30,veh9,veh10,2,2,0,170.313,1,7.0942,4.55929,-71.3026,25.6736,2,0.013,0.012,0.0106667
juelich_pilot_d30_r2_log_distance_s01_w1,juelich,12345,1,1,log-distance,29,30,veh9,veh4,2,2,0,178.074,1,7.0942,0,-71.6896,25.2867,2,0.013,0.014,0.0106667
juelich_pilot_d30_r2_log_distance_s01_w1,juelich,12345,1,1,log-distance,29,30,veh9,veh5,2,0,1,823.876,0,7.0942,8.14511,nan,nan,0,0.013,0.011,0.0106667
juelich_pilot_d30_r2_log_distance_s01_w1,juelich,12345,1,1,log-distance,29,30,veh9,veh6,2,2,0,191.498,1,7.0942,8.32985,-72.321,24.6553,2,0.013,0.012,0.0106667
juelich_pilot_d30_r2_log_distance_s01_w1,juelich,12345,1,1,log-distance,29,30,veh9,veh7,2,0,1,944.132,0,7.0942,6.90518,nan,nan,0,0.013,0.012,0.0106667
juelich_pilot_d30_r2_log_distance_s01_w1,juelich,12345,1,1,log-distance,29,30,veh9,veh8,2,0,1,937.675,0,7.0942,9.88421,nan,nan,0,0.013,0.01,0.0106667
juelich_pilot_d30_r2_log_distance_s01_w1,juelich,12345,1,1,log-distance,30,31,veh0,veh1,2,2,0,564.641,0,8.19616,7.79726,-81.7131,15.2631,2,0.018,0.014,0.0126667
juelich_pilot_d30_r2_log_distance_s01_w1,juelich,12345,1,1,log-distance,30,31,veh0,veh10,2,2,0,405.86,1,8.19616,6.62299,-78.8452,18.1311,2,0.018,0.014,0.0126667
juelich_pilot_d30_r2_log_distance_s01_w1,juelich,12345,1,1,log-distance,30,31,veh0,veh11,2,2,0,525.113,0,8.19616,1.33596,-81.0827,15.8935,2,0.018,0.014,0.0126667
juelich_pilot_d30_r2_log_distance_s01_w1,juelich,12345,1,1,log-distance,30,31,veh0,veh4,2,2,0,283.26,1,8.19616,0,-75.7213,21.255,2,0.018,0.016,0.0126667
juelich_pilot_d30_r2_log_distance_s01_w1,juelich,12345,1,1,log-distance,30,31,veh0,veh5,2,2,0,518.297,0,8.19616,8.19457,-80.9691,16.0072,2,0.018,0.01,0.0126667
juelich_pilot_d30_r2_log_distance_s01_w1,juelich,12345,1,1,log-distance,30,31,veh0,veh6,2,2,0,425.731,1,8.19616,8.17768,-79.2604,17.7159,2,0.018,0.014,0.0126667
juelich_pilot_d30_r2_log_distance_s01_w1,juelich,12345,1,1,log-distance,30,31,veh0,veh7,2,0,1,801.489,0,8.19616,8.864,nan,nan,0,0.018,0.012,0.0126667
juelich_pilot_d30_r2_log_distance_s01_w1,juelich,12345,1,1,log-distance,30,31,veh0,veh8,2,0,1,841.194,0,8.19616,9.94449,nan,nan,0,0.018,0.01,0.0126667
juelich_pilot_d30_r2_log_distance_s01_w1,juelich,12345,1,1,log-distance,30,31,veh0,veh9,2,2,0,376.659,1,8.19616,7.14255,-78.1967,18.7796,2,0.018,0.014,0.0126667
juelich_pilot_d30_r2_log_distance_s01_w1,juelich,12345,1,1,log-distance,30,31,veh1,veh0,2,2,0,564.641,0,7.79726,8.19616,-81.7131,15.2631,2,0.014,0.018,0.0126667
juelich_pilot_d30_r2_log_distance_s01_w1,juelich,12345,1,1,log-distance,30,31,veh1,veh10,2,2,0,243.755,1,7.79726,6.62299,-74.4166,22.5597,2,0.014,0.014,0.0126667
juelich_pilot_d30_r2_log_distance_s01_w1,juelich,12345,1,1,log-distance,30,31,veh1,veh11,2,2,0,43.0896,1,7.79726,1.33596,-59.3642,37.6121,2,0.014,0.014,0.0126667
juelich_pilot_d30_r2_log_distance_s01_w1,juelich,12345,1,1,log-distance,30,31,veh1,veh4,2,2,0,326.696,1,7.79726,0,-76.9606,20.0157,2,0.014,0.016,0.0126667
juelich_pilot_d30_r2_log_distance_s01_w1,juelich,12345,1,1,log-distance,30,31,veh1,veh6,2,2,0,250.806,1,7.79726,8.17768,-74.6642,22.3121,2,0.014,0.014,0.0126667
juelich_pilot_d30_r2_log_distance_s01_w1,juelich,12345,1,1,log-distance,30,31,veh1,veh9,2,2,0,188.924,1,7.79726,7.14255,-72.2033,24.773,2,0.014,0.014,0.0126667
juelich_pilot_d30_r2_log_distance_s01_w1,juelich,12345,1,1,log-distance,30,31,veh10,veh0,2,2,0,405.86,1,6.62299,8.19616,-78.8452,18.1311,2,0.014,0.018,0.0126667
juelich_pilot_d30_r2_log_distance_s01_w1,juelich,12345,1,1,log-distance,30,31,veh10,veh1,2,2,0,243.755,1,6.62299,7.79726,-74.4166,22.5597,2,0.014,0.014,0.0126667
juelich_pilot_d30_r2_log_distance_s01_w1,juelich,12345,1,1,log-distance,30,31,veh10,veh11,2,2,0,226.458,1,6.62299,1.33596,-73.7774,23.1988,2,0.014,0.014,0.0126667
juelich_pilot_d30_r2_log_distance_s01_w1,juelich,12345,1,1,log-distance,30,31,veh10,veh4,2,2,0,123.013,1,6.62299,0,-68.4763,28.4999,2,0.014,0.016,0.0126667
juelich_pilot_d30_r2_log_distance_s01_w1,juelich,12345,1,1,log-distance,30,31,veh10,veh5,2,0,1,912.742,0,6.62299,8.19457,nan,nan,0,0.014,0.01,0.0126667
juelich_pilot_d30_r2_log_distance_s01_w1,juelich,12345,1,1,log-distance,30,31,veh10,veh6,2,2,0,26.0215,1,6.62299,8.17768,-54.9834,41.9929,2,0.014,0.014,0.0126667
juelich_pilot_d30_r2_log_distance_s01_w1,juelich,12345,1,1,log-distance,30,31,veh10,veh9,2,2,0,169.072,1,6.62299,7.14255,-71.2392,25.7371,2,0.014,0.014,0.0126667
juelich_pilot_d30_r2_log_distance_s01_w1,juelich,12345,1,1,log-distance,30,31,veh11,veh0,2,2,0,525.113,0,1.33596,8.19616,-81.0827,15.8935,2,0.014,0.018,0.0126667
juelich_pilot_d30_r2_log_distance_s01_w1,juelich,12345,1,1,log-distance,30,31,veh11,veh1,2,2,0,43.0896,1,1.33596,7.79726,-59.3642,37.6121,2,0.014,0.014,0.0126667
juelich_pilot_d30_r2_log_distance_s01_w1,juelich,12345,1,1,log-distance,30,31,veh11,veh10,2,2,0,226.458,1,1.33596,6.62299,-73.7774,23.1988,2,0.014,0.014,0.0126667
juelich_pilot_d30_r2_log_distance_s01_w1,juelich,12345,1,1,log-distance,30,31,veh11,veh4,2,2,0,296.713,1,1.33596,0,-76.1244,20.8519,2,0.014,0.016,0.0126667
juelich_pilot_d30_r2_log_distance_s01_w1,juelich,12345,1,1,log-distance,30,31,veh11,veh5,2,0,1,973.342,0,1.33596,8.19457,nan,nan,0,0.014,0.01,0.0126667
juelich_pilot_d30_r2_log_distance_s01_w1,juelich,12345,1,1,log-distance,30,31,veh11,veh6,2,2,0,237.605,1,1.33596,8.17768,-74.1948,22.7815,2,0.014,0.014,0.0126667
juelich_pilot_d30_r2_log_distance_s01_w1,juelich,12345,1,1,log-distance,30,31,veh11,veh9,2,2,0,148.514,1,1.33596,7.14255,-70.1128,26.8635,2,0.014,0.014,0.0126667
juelich_pilot_d30_r2_log_distance_s01_w1,juelich,12345,1,1,log-distance,30,31,veh2,veh3,2,2,0,67.687,1,0,12.1379,-63.2807,33.6956,2,0.008,0.008,0.0126667
juelich_pilot_d30_r2_log_distance_s01_w1,juelich,12345,1,1,log-distance,30,31,veh2,veh5,2,0,1,887.349,0,0,8.19457,nan,nan,0,0.008,0.01,0.0126667
juelich_pilot_d30_r2_log_distance_s01_w1,juelich,12345,1,1,log-distance,30,31,veh2,veh7,2,2,0,406.402,1,0,8.864,-78.8567,18.1196,2,0.008,0.012,0.0126667
juelich_pilot_d30_r2_log_distance_s01_w1,juelich,12345,1,1,log-distance,30,31,veh2,veh8,2,2,0,355.538,1,0,9.94449,-77.6954,19.2809,2,0.008,0.01,0.0126667
juelich_pilot_d30_r2_log_distance_s01_w1,juelich,12345,1,1,log-distance,30,31,veh3,veh2,2,2,0,67.687,1,12.1379,0,-63.2807,33.6956,2,0.008,0.008,0.0126667
juelich_pilot_d30_r2_log_distance_s01_w1,juelich,12345,1,1,log-distance,30,31,veh3,veh5,2,0,1,850.262,0,12.1379,8.19457,nan,nan,0,0.008,0.01,0.0126667
juelich_pilot_d30_r2_log_distance_s01_w1,juelich,12345,1,1,log-distance,30,31,veh3,veh7,2,2,0,384.827,1,12.1379,8.864,-78.3829,18.5933,2,0.008,0.012,0.0126667
juelich_pilot_d30_r2_log_distance_s01_w1,juelich,12345,1,1,log-distance,30,31,veh3,veh8,2,2,0,352.249,1,12.1379,9.94449,-77.6147,19.3616,2,0.008,0.01,0.0126667
juelich_pilot_d30_r2_log_distance_s01_w1,juelich,12345,1,1,log-distance,30,31,veh4,veh0,2,2,0,283.26,1,0,8.19616,-75.7213,21.255,2,0.016,0.018,0.0126667
juelich_pilot_d30_r2_log_distance_s01_w1,juelich,12345,1,1,log-distance,30,31,veh4,veh1,2,2,0,326.696,1,0,7.79726,-76.9606,20.0157,2,0.016,0.014,0.0126667
juelich_pilot_d30_r2_log_distance_s01_w1,juelich,12345,1,1,log-distance,30,31,veh4,veh10,2,2,0,123.013,1,0,6.62299,-68.4763,28.4999,2,0.016,0.014,0.0126667
juelich_pilot_d30_r2_log_distance_s01_w1,juelich,12345,1,1,log-distance,30,31,veh4,veh11,2,2,0,296.713,1,0,1.33596,-76.1244,20.8519,2,0.016,0.014,0.0126667
juelich_pilot_d30_r2_log_distance_s01_w1,juelich,12345,1,1,log-distance,30,31,veh4,veh5,2,0,1,793.989,0,0,8.19457,nan,nan,0,0.016,0.01,0.0126667
juelich_pilot_d30_r2_log_distance_s01_w1,juelich,12345,1,1,log-distance,30,31,veh4,veh6,2,2,0,142.532,1,0,8.17768,-69.7554,27.2209,2,0.016,0.014,0.0126667
juelich_pilot_d30_r2_log_distance_s01_w1,juelich,12345,1,1,log-distance,30,31,veh4,veh7,2,0,1,996.656,0,0,8.864,nan,nan,0,0.016,0.012,0.0126667
juelich_pilot_d30_r2_log_distance_s01_w1,juelich,12345,1,1,log-distance,30,31,veh4,veh9,2,2,0,175.425,1,0,7.14255,-71.5595,25.4168,2,0.016,0.014,0.0126667
juelich_pilot_d30_r2_log_distance_s01_w1,juelich,12345,1,1,log-distance,30,31,veh5,veh0,2,2,0,518.297,0,8.19457,8.19616,-80.9691,16.0072,2,0.01,0.018,0.0126667
juelich_pilot_d30_r2_log_distance_s01_w1,juelich,12345,1,1,log-distance,30,31,veh5,veh10,2,0,1,912.742,0,8.19457,6.62299,nan,nan,0,0.01,0.014,0.0126667
juelich_pilot_d30_r2_log_distance_s01_w1,juelich,12345,1,1,log-distance,30,31,veh5,veh11,2,0,1,973.342,0,8.19457,1.33596,nan,nan,0,0.01,0.014,0.0126667
juelich_pilot_d30_r2_log_distance_s01_w1,juelich,12345,1,1,log-distance,30,31,veh5,veh2,2,0,1,887.349,0,8.19457,0,nan,nan,0,0.01,0.008,0.0126667
juelich_pilot_d30_r2_log_distance_s01_w1,juelich,12345,1,1,log-distance,30,31,veh5,veh3,2,0,1,850.262,0,8.19457,12.1379,nan,nan,0,0.01,0.008,0.0126667
juelich_pilot_d30_r2_log_distance_s01_w1,juelich,12345,1,1,log-distance,30,31,veh5,veh4,2,0,1,793.989,0,8.19457,0,nan,nan,0,0.01,0.016,0.0126667
juelich_pilot_d30_r2_log_distance_s01_w1,juelich,12345,1,1,log-distance,30,31,veh5,veh6,2,0,1,935.1,0,8.19457,8.17768,nan,nan,0,0.01,0.014,0.0126667
juelich_pilot_d30_r2_log_distance_s01_w1,juelich,12345,1,1,log-distance,30,31,veh5,veh7,2,2,0,496.802,1,8.19457,8.864,-80.6012,16.3751,2,0.01,0.012,0.0126667
juelich_pilot_d30_r2_log_distance_s01_w1,juelich,12345,1,1,log-distance,30,31,veh5,veh8,2,0,1,592.309,0,8.19457,9.94449,nan,nan,0,0.01,0.01,0.0126667
juelich_pilot_d30_r2_log_distance_s01_w1,juelich,12345,1,1,log-distance,30,31,veh5,veh9,2,0,1,834.975,0,8.19457,7.14255,nan,nan,0,0.01,0.014,0.0126667
juelich_pilot_d30_r2_log_distance_s01_w1,juelich,12345,1,1,log-distance,30,31,veh6,veh0,2,2,0,425.731,1,8.17768,8.19616,-79.2604,17.7159,2,0.014,0.018,0.0126667
juelich_pilot_d30_r2_log_distance_s01_w1,juelich,12345,1,1,log-distance,30,31,veh6,veh1,2,2,0,250.806,1,8.17768,7.79726,-74.6642,22.3121,2,0.014,0.014,0.0126667
juelich_pilot_d30_r2_log_distance_s01_w1,juelich,12345,1,1,log-distance,30,31,veh6,veh10,2,2,0,26.0215,1,8.17768,6.62299,-54.9834,41.9929,2,0.014,0.014,0.0126667
juelich_pilot_d30_r2_log_distance_s01_w1,juelich,12345,1,1,log-distance,30,31,veh6,veh11,2,2,0,237.605,1,8.17768,1.33596,-74.1948,22.7815,2,0.014,0.014,0.0126667
juelich_pilot_d30_r2_log_distance_s01_w1,juelich,12345,1,1,log-distance,30,31,veh6,veh4,2,2,0,142.532,1,8.17768,0,-69.7554,27.2209,2,0.014,0.016,0.0126667
juelich_pilot_d30_r2_log_distance_s01_w1,juelich,12345,1,1,log-distance,30,31,veh6,veh5,2,0,1,935.1,0,8.17768,8.19457,nan,nan,0,0.014,0.01,0.0126667
juelich_pilot_d30_r2_log_distance_s01_w1,juelich,12345,1,1,log-distance,30,31,veh6,veh9,2,2,0,192.691,1,8.17768,7.14255,-72.3749,24.6013,2,0.014,0.014,0.0126667
juelich_pilot_d30_r2_log_distance_s01_w1,juelich,12345,1,1,log-distance,30,31,veh7,veh0,2,0,1,801.489,0,8.864,8.19616,nan,nan,0,0.012,0.018,0.0126667
juelich_pilot_d30_r2_log_distance_s01_w1,juelich,12345,1,1,log-distance,30,31,veh7,veh2,2,2,0,406.402,1,8.864,0,-78.8567,18.1196,2,0.012,0.008,0.0126667
juelich_pilot_d30_r2_log_distance_s01_w1,juelich,12345,1,1,log-distance,30,31,veh7,veh3,2,2,0,384.827,1,8.864,12.1379,-78.3829,18.5933,2,0.012,0.008,0.0126667
juelich_pilot_d30_r2_log_distance_s01_w1,juelich,12345,1,1,log-distance,30,31,veh7,veh4,2,0,1,996.656,0,8.864,0,nan,nan,0,0.012,0.016,0.0126667
juelich_pilot_d30_r2_log_distance_s01_w1,juelich,12345,1,1,log-distance,30,31,veh7,veh5,2,2,0,496.802,1,8.864,8.19457,-80.6012,16.3751,2,0.012,0.01,0.0126667
juelich_pilot_d30_r2_log_distance_s01_w1,juelich,12345,1,1,log-distance,30,31,veh7,veh8,2,2,0,111.185,1,8.864,9.94449,-67.5949,29.3814,2,0.012,0.01,0.0126667
juelich_pilot_d30_r2_log_distance_s01_w1,juelich,12345,1,1,log-distance,30,31,veh7,veh9,2,0,1,944.694,0,8.864,7.14255,nan,nan,0,0.012,0.014,0.0126667
juelich_pilot_d30_r2_log_distance_s01_w1,juelich,12345,1,1,log-distance,30,31,veh8,veh0,2,0,1,841.194,0,9.94449,8.19616,nan,nan,0,0.01,0.018,0.0126667
juelich_pilot_d30_r2_log_distance_s01_w1,juelich,12345,1,1,log-distance,30,31,veh8,veh2,2,2,0,355.538,1,9.94449,0,-77.6954,19.2809,2,0.01,0.008,0.0126667
juelich_pilot_d30_r2_log_distance_s01_w1,juelich,12345,1,1,log-distance,30,31,veh8,veh3,2,2,0,352.249,1,9.94449,12.1379,-77.6147,19.3616,2,0.01,0.008,0.0126667
juelich_pilot_d30_r2_log_distance_s01_w1,juelich,12345,1,1,log-distance,30,31,veh8,veh5,2,0,1,592.309,0,9.94449,8.19457,nan,nan,0,0.01,0.01,0.0126667
juelich_pilot_d30_r2_log_distance_s01_w1,juelich,12345,1,1,log-distance,30,31,veh8,veh7,2,2,0,111.185,1,9.94449,8.864,-67.5949,29.3814,2,0.01,0.012,0.0126667
juelich_pilot_d30_r2_log_distance_s01_w1,juelich,12345,1,1,log-distance,30,31,veh8,veh9,2,0,1,939.908,0,9.94449,7.14255,nan,nan,0,0.01,0.014,0.0126667
juelich_pilot_d30_r2_log_distance_s01_w1,juelich,12345,1,1,log-distance,30,31,veh9,veh0,2,2,0,376.659,1,7.14255,8.19616,-78.1967,18.7796,2,0.014,0.018,0.0126667
juelich_pilot_d30_r2_log_distance_s01_w1,juelich,12345,1,1,log-distance,30,31,veh9,veh1,2,2,0,188.924,1,7.14255,7.79726,-72.2033,24.773,2,0.014,0.014,0.0126667
juelich_pilot_d30_r2_log_distance_s01_w1,juelich,12345,1,1,log-distance,30,31,veh9,veh10,2,2,0,169.072,1,7.14255,6.62299,-71.2392,25.7371,2,0.014,0.014,0.0126667
juelich_pilot_d30_r2_log_distance_s01_w1,juelich,12345,1,1,log-distance,30,31,veh9,veh11,2,2,0,148.514,1,7.14255,1.33596,-70.1128,26.8635,2,0.014,0.014,0.0126667
juelich_pilot_d30_r2_log_distance_s01_w1,juelich,12345,1,1,log-distance,30,31,veh9,veh4,2,2,0,175.425,1,7.14255,0,-71.5595,25.4168,2,0.014,0.016,0.0126667
juelich_pilot_d30_r2_log_distance_s01_w1,juelich,12345,1,1,log-distance,30,31,veh9,veh5,2,0,1,834.975,0,7.14255,8.19457,nan,nan,0,0.014,0.01,0.0126667
juelich_pilot_d30_r2_log_distance_s01_w1,juelich,12345,1,1,log-distance,30,31,veh9,veh6,2,2,0,192.691,1,7.14255,8.17768,-72.3749,24.6013,2,0.014,0.014,0.0126667
juelich_pilot_d30_r2_log_distance_s01_w1,juelich,12345,1,1,log-distance,30,31,veh9,veh7,2,0,1,944.694,0,7.14255,8.864,nan,nan,0,0.014,0.012,0.0126667
juelich_pilot_d30_r2_log_distance_s01_w1,juelich,12345,1,1,log-distance,30,31,veh9,veh8,2,0,1,939.908,0,7.14255,9.94449,nan,nan,0,0.014,0.01,0.0126667
juelich_pilot_d30_r2_log_distance_s01_w1,juelich,12345,1,1,log-distance,31,32,veh0,veh1,2,2,0,563.936,0,9.80298,7.22639,-81.7023,15.274,2,0.018,0.014,0.0126667
juelich_pilot_d30_r2_log_distance_s01_w1,juelich,12345,1,1,log-distance,31,32,veh0,veh10,2,2,0,407.973,1,9.80298,8.41639,-78.8903,18.086,2,0.018,0.014,0.0126667
juelich_pilot_d30_r2_log_distance_s01_w1,juelich,12345,1,1,log-distance,31,32,veh0,veh11,2,2,0,522.862,0,9.80298,3.31888,-81.0454,15.9308,2,0.018,0.014,0.0126667
juelich_pilot_d30_r2_log_distance_s01_w1,juelich,12345,1,1,log-distance,31,32,veh0,veh4,2,2,0,279.464,1,9.80298,0,-75.6042,21.3721,2,0.018,0.016,0.0126667
juelich_pilot_d30_r2_log_distance_s01_w1,juelich,12345,1,1,log-distance,31,32,veh0,veh5,2,2,0,531.628,0,9.80298,8.18413,-81.1897,15.7866,2,0.018,0.01,0.0126667
juelich_pilot_d30_r2_log_distance_s01_w1,juelich,12345,1,1,log-distance,31,32,veh0,veh6,2,2,0,426.302,1,9.80298,8.01083,-79.272,17.7042,2,0.018,0.014,0.0126667
juelich_pilot_d30_r2_log_distance_s01_w1,juelich,12345,1,1,log-distance,31,32,veh0,veh7,2,0,1,800.541,0,9.80298,10.7748,nan,nan,0,0.018,0.012,0.0126667
juelich_pilot_d30_r2_log_distance_s01_w1,juelich,12345,1,1,log-distance,31,32,veh0,veh8,2,0,1,848.987,0,9.80298,9.89533,nan,nan,0,0.018,0.01,0.0126667
juelich_pilot_d30_r2_log_distance_s01_w1,juelich,12345,1,1,log-distance,31,32,veh0,veh9,2,2,0,379.641,1,9.80298,7.12724,-78.2651,18.7112,2,0.018,0.014,0.0126667
juelich_pilot_d30_r2_log_distance_s01_w1,juelich,12345,1,1,log-distance,31,32,veh1,veh0,2,2,0,563.936,0,7.22639,9.80298,-81.7023,15.274,2,0.014,0.018,0.0126667
juelich_pilot_d30_r2_log_distance_s01_w1,juelich,12345,1,1,log-distance,31,32,veh1,veh10,2,2,0,250.217,1,7.22639,8.41639,-74.6438,22.3325,2,0.014,0.014,0.0126667
juelich_pilot_d30_r2_log_distance_s01_w1,juelich,12345,1,1,log-distance,31,32,veh1,veh11,2,2,0,42.1572,1,7.22639,3.31888,-59.175,37.8012,2,0.014,0.014,0.0126667
juelich_pilot_d30_r2_log_distance_s01_w1,juelich,12345,1,1,log-distance,31,32,veh1,veh4,2,2,0,328.928,1,7.22639,0,-77.0197,19.9566,2,0.014,0.016,0.0126667
juelich_pilot_d30_r2_log_distance_s01_w1,juelich,12345,1,1,log-distance,31,32,veh1,veh6,2,2,0,260.352,1,7.22639,8.01083,-74.9884,21.9879,2,0.014,0.014,0.0126667
juelich_pilot_d30_r2_log_distance_s01_w1,juelich,12345,1,1,log-distance,31,32,veh1,veh9,2,2,0,184.49,1,7.22639,7.12724,-71.997,24.9792,2,0.014,0.014,0.0126667
juelich_pilot_d30_r2_log_distance_s01_w1,juelich,12345,1,1,log-distance,31,32,veh10,veh0,2,2,0,407.973,1,8.41639,9.80298,-78.8903,18.086,2,0.014,0.018,0.0126667
juelich_pilot_d30_r2_log_distance_s01_w1,juelich,12345,1,1,log-distance,31,32,veh10,veh1,2,2,0,250.217,1,8.41639,7.22639,-74.6438,22.3325,2,0.014,0.014,0.0126667
juelich_pilot_d30_r2_log_distance_s01_w1,juelich,12345,1,1,log-distance,31,32,veh10,veh11,2,2,0,227.28,1,8.41639,3.31888,-73.8089,23.1674,2,0.014,0.014,0.0126667
juelich_pilot_d30_r2_log_distance_s01_w1,juelich,12345,1,1,log-distance,31,32,veh10,veh4,2,2,0,128.557,1,8.41639,0,-68.859,28.1173,2,0.014,0.016,0.0126667
juelich_pilot_d30_r2_log_distance_s01_w1,juelich,12345,1,1,log-distance,31,32,veh10,veh5,2,0,1,926.017,0,8.41639,8.18413,nan,nan,0,0.014,0.01,0.0126667
juelich_pilot_d30_r2_log_distance_s01_w1,juelich,12345,1,1,log-distance,31,32,veh10,veh6,2,2,0,25.9273,1,8.41639,8.01083,-54.951,42.0253,2,0.014,0.014,0.0126667
juelich_pilot_d30_r2_log_distance_s01_w1,juelich,12345,1,1,log-distance,31,32,veh10,veh9,2,2,0,169.641,1,8.41639,7.12724,-71.2683,25.708,2,0.014,0.014,0.0126667
juelich_pilot_d30_r2_log_distance_s01_w1,juelich,12345,1,1,log-distance,31,32,veh11,veh0,2,2,0,522.862,0,3.31888,9.80298,-81.0454,15.9308,2,0.014,0.018,0.0126667
juelich_pilot_d30_r2_log_distance_s01_w1,juelich,12345,1,1,log-distance,31,32,veh11,veh1,2,2,0,42.1572,1,3.31888,7.22639,-59.175,37.8012,2,0.014,0.014,0.0126667
juelich_pilot_d30_r2_log_distance_s01_w1,juelich,12345,1,1,log-distance,31,32,veh11,veh10,2,2,0,227.28,1,3.31888,8.41639,-73.8089,23.1674,2,0.014,0.014,0.0126667
juelich_pilot_d30_r2_log_distance_s01_w1,juelich,12345,1,1,log-distance,31,32,veh11,veh4,2,2,0,294.272,1,3.31888,0,-76.0527,20.9236,2,0.014,0.016,0.0126667
juelich_pilot_d30_r2_log_distance_s01_w1,juelich,12345,1,1,log-distance,31,32,veh11,veh5,2,0,1,977.048,0,3.31888,8.18413,nan,nan,0,0.014,0.01,0.0126667
juelich_pilot_d30_r2_log_distance_s01_w1,juelich,12345,1,1,log-distance,31,32,veh11,veh6,2,2,0,240.842,1,3.31888,8.01083,-74.3123,22.664,2,0.014,0.014,0.0126667
juelich_pilot_d30_r2_log_distance_s01_w1,juelich,12345,1,1,log-distance,31,32,veh11,veh9,2,2,0,143.224,1,3.31888,7.12724,-69.7975,27.1788,2,0.014,0.014,0.0126667
juelich_pilot_d30_r2_log_distance_s01_w1,juelich,12345,1,1,log-distance,31,32,veh2,veh3,2,2,0,57.0446,1,0,12.1629,-61.7931,35.1832,2,0.008,0.008,0.0126667
juelich_pilot_d30_r2_log_distance_s01_w1,juelich,12345,1,1,log-distance,31,32,veh2,veh5,2,0,1,881.007,0,0,8.18413,nan,nan,0,0.008,0.01,0.0126667
juelich_pilot_d30_r2_log_distance_s01_w1,juelich,12345,1,1,log-distance,31,32,veh2,veh7,2,2,0,416.23,1,0,10.7748,-79.0642,17.9121,2,0.008,0.012,0.0126667
juelich_pilot_d30_r2_log_distance_s01_w1,juelich,12345,1,1,log-distance,31,32,veh2,veh8,2,2,0,357.609,1,0,9.89533,-77.7459,19.2304,2,0.008,0.01,0.0126667
juelich_pilot_d30_r2_log_distance_s01_w1,juelich,12345,1,1,log-distance,31,32,veh3,veh2,2,2,0,57.0446,1,12.1629,0,-61.7931,35.1832,2,0.008,0.008,0.0126667
juelich_pilot_d30_r2_log_distance_s01_w1,juelich,12345,1,1,log-distance,31,32,veh3,veh5,2,0,1,844.647,0,12.1629,8.18413,nan,nan,0,0.008,0.01,0.0126667
juelich_pilot_d30_r2_log_distance_s01_w1,juelich,12345,1,1,log-distance,31,32,veh3,veh7,2,2,0,392.033,1,12.1629,10.7748,-78.544,18.4323,2,0.008,0.012,0.0126667
juelich_pilot_d30_r2_log_distance_s01_w1,juelich,12345,1,1,log-distance,31,32,veh3,veh8,2,2,0,349.876,1,12.1629,9.89533,-77.556,19.4203,2,0.008,0.01,0.0126667
juelich_pilot_d30_r2_log_distance_s01_w1,juelich,12345,1,1,log-distance,31,32,veh4,veh0,2,2,0,279.464,1,0,9.80298,-75.6042,21.3721,2,0.016,0.018,0.0126667
juelich_pilot_d30_r2_log_distance_s01_w1,juelich,12345,1,1,log-distance,31,32,veh4,veh1,2,2,0,328.928,1,0,7.22639,-77.0197,19.9566,2,0.016,0.014,0.0126667
juelich_pilot_d30_r2_log_distance_s01_w1,juelich,12345,1,1,log-distance,31,32,veh4,veh10,2,2,0,128.557,1,0,8.41639,-68.859,28.1173,2,0.016,0.014,0.0126667
juelich_pilot_d30_r2_log_distance_s01_w1,juelich,12345,1,1,log-distance,31,32,veh4,veh11,2,2,0,294.272,1,0,3.31888,-76.0527,20.9236,2,0.016,0.014,0.0126667
juelich_pilot_d30_r2_log_distance_s01_w1,juelich,12345,1,1,log-distance,31,32,veh4,veh5,2,0,1,800.816,0,0,8.18413,nan,nan,0,0.016,0.01,0.0126667
juelich_pilot_d30_r2_log_distance_s01_w1,juelich,12345,1,1,log-distance,31,32,veh4,veh6,2,2,0,147.373,1,0,8.01083,-70.046,26.9303,2,0.016,0.014,0.0126667
juelich_pilot_d30_r2_log_distance_s01_w1,juelich,12345,1,1,log-distance,31,32,veh4,veh7,2,0,1,987.777,0,0,10.7748,nan,nan,0,0.016,0.012,0.0126667
juelich_pilot_d30_r2_log_distance_s01_w1,juelich,12345,1,1,log-distance,31,32,veh4,veh9,2,2,0,173.025,1,0,7.12724,-71.4399,25.5364,2,0.016,0.014,0.0126667
juelich_pilot_d30_r2_log_distance_s01_w1,juelich,12345,1,1,log-distance,31,32,veh5,veh0,2,2,0,531.628,0,8.18413,9.80298,-81.1897,15.7866,2,0.01,0.018,0.0126667
juelich_pilot_d30_r2_log_distance_s01_w1,juelich,12345,1,1,log-distance,31,32,veh5,veh10,2,0,1,926.017,0,8.18413,8.41639,nan,nan,0,0.01,0.014,0.0126667
juelich_pilot_d30_r2_log_distance_s01_w1,juelich,12345,1,1,log-distance,31,32,veh5,veh11,2,0,1,977.048,0,8.18413,3.31888,nan,nan,0,0.01,0.014,0.0126667
juelich_pilot_d30_r2_log_distance_s01_w1,juelich,12345,1,1,log-distance,31,32,veh5,veh2,2,0,1,881.007,0,8.18413,0,nan,nan,0,0.01,0.008,0.0126667
juelich_pilot_d30_r2_log_distance_s01_w1,juelich,12345,1,1,log-distance,31,32,veh5,veh3,2,0,1,844.647,0,8.18413,12.1629,nan,nan,0,0.01,0.008,0.0126667
juelich_pilot_d30_r2_log_distance_s01_w1,juelich,12345,1,1,log-distance,31,32,veh5,veh4,2,0,1,800.816,0,8.18413,0,nan,nan,0,0.01,0.016,0.0126667
juelich_pilot_d30_r2_log_distance_s01_w1,juelich,12345,1,1,log-distance,31,32,veh5,veh6,2,0,1,947.33,0,8.18413,8.01083,nan,nan,0,0.01,0.014,0.0126667
juelich_pilot_d30_r2_log_distance_s01_w1,juelich,12345,1,1,log-distance,31,32,veh5,veh7,2,2,0,482.672,1,8.18413,10.7748,-80.3505,16.6258,2,0.01,0.012,0.0126667
juelich_pilot_d30_r2_log_distance_s01_w1,juelich,12345,1,1,log-distance,31,32,veh5,veh8,2,0,1,592.917,0,8.18413,9.89533,nan,nan,0,0.01,0.01,0.0126667
juelich_pilot_d30_r2_log_distance_s01_w1,juelich,12345,1,1,log-distance,31,32,veh5,veh9,2,0,1,846.204,0,8.18413,7.12724,nan,nan,0,0.01,0.014,0.0126667
juelich_pilot_d30_r2_log_distance_s01_w1,juelich,12345,1,1,log-distance,31,32,veh6,veh0,2,2,0,426.302,1,8.01083,9.80298,-79.272,17.7042,2,0.014,0.018,0.0126667
juelich_pilot_d30_r2_log_distance_s01_w1,juelich,12345,1,1,log-distance,31,32,veh6,veh1,2,2,0,260.352,1,8.01083,7.22639,-74.9884,21.9879,2,0.014,0.014,0.0126667
juelich_pilot_d30_r2_log_distance_s01_w1,juelich,12345,1,1,log-distance,31,32,veh6,veh10,2,2,0,25.9273,1,8.01083,8.41639,-54.951,42.0253,2,0.014,0.014,0.0126667
juelich_pilot_d30_r2_log_distance_s01_w1,juelich,12345,1,1,log-distance,31,32,veh6,veh11,2,2,0,240.842,1,8.01083,3.31888,-74.3123,22.664,2,0.014,0.014,0.0126667
juelich_pilot_d30_r2_log_distance_s01_w1,juelich,12345,1,1,log-distance,31,32,veh6,veh4,2,2,0,147.373,1,8.01083,0,-70.046,26.9303,2,0.014,0.016,0.0126667
juelich_pilot_d30_r2_log_distance_s01_w1,juelich,12345,1,1,log-distance,31,32,veh6,veh5,2,0,1,947.33,0,8.01083,8.18413,nan,nan,0,0.014,0.01,0.0126667
juelich_pilot_d30_r2_log_distance_s01_w1,juelich,12345,1,1,log-distance,31,32,veh6,veh9,2,2,0,193.879,1,8.01083,7.12724,-72.4283,24.548,2,0.014,0.014,0.0126667
juelich_pilot_d30_r2_log_distance_s01_w1,juelich,12345,1,1,log-distance,31,32,veh7,veh0,2,0,1,800.541,0,10.7748,9.80298,nan,nan,0,0.012,0.018,0.0126667
juelich_pilot_d30_r2_log_distance_s01_w1,juelich,12345,1,1,log-distance,31,32,veh7,veh2,2,2,0,416.23,1,10.7748,0,-79.0642,17.9121,2,0.012,0.008,0.0126667
juelich_pilot_d30_r2_log_distance_s01_w1,juelich,12345,1,1,log-distance,31,32,veh7,veh3,2,2,0,392.033,1,10.7748,12.1629,-78.544,18.4323,2,0.012,0.008,0.0126667
juelich_pilot_d30_r2_log_distance_s01_w1,juelich,12345,1,1,log-distance,31,32,veh7,veh4,2,0,1,987.777,0,10.7748,0,nan,nan,0,0.012,0.016,0.0126667
juelich_pilot_d30_r2_log_distance_s01_w1,juelich,12345,1,1,log-distance,31,32,veh7,veh5,2,2,0,482.672,1,10.7748,8.18413,-80.3505,16.6258,2,0.012,0.01,0.0126667
juelich_pilot_d30_r2_log_distance_s01_w1,juelich,12345,1,1,log-distance,31,32,veh7,veh8,2,2,0,124.65,1,10.7748,9.89533,-68.5882,28.3881,2,0.012,0.01,0.0126667
juelich_pilot_d30_r2_log_distance_s01_w1,juelich,12345,1,1,log-distance,31,32,veh7,veh9,2,0,1,943.716,0,10.7748,7.12724,nan,nan,0,0.012,0.014,0.0126667
juelich_pilot_d30_r2_log_distance_s01_w1,juelich,12345,1,1,log-distance,31,32,veh8,veh0,2,0,1,848.987,0,9.89533,9.80298,nan,nan,0,0.01,0.018,0.0126667
juelich_pilot_d30_r2_log_distance_s01_w1,juelich,12345,1,1,log-distance,31,32,veh8,veh2,2,2,0,357.609,1,9.89533,0,-77.7459,19.2304,2,0.01,0.008,0.0126667
juelich_pilot_d30_r2_log_distance_s01_w1,juelich,12345,1,1,log-distance,31,32,veh8,veh3,2,2,0,349.876,1,9.89533,12.1629,-77.556,19.4203,2,0.01,0.008,0.0126667
juelich_pilot_d30_r2_log_distance_s01_w1,juelich,12345,1,1,log-distance,31,32,veh8,veh5,2,0,1,592.917,0,9.89533,8.18413,nan,nan,0,0.01,0.01,0.0126667
juelich_pilot_d30_r2_log_distance_s01_w1,juelich,12345,1,1,log-distance,31,32,veh8,veh7,2,2,0,124.65,1,9.89533,10.7748,-68.5882,28.3881,2,0.01,0.012,0.0126667
juelich_pilot_d30_r2_log_distance_s01_w1,juelich,12345,1,1,log-distance,31,32,veh8,veh9,2,0,1,942.118,0,9.89533,7.12724,nan,nan,0,0.01,0.014,0.0126667
juelich_pilot_d30_r2_log_distance_s01_w1,juelich,12345,1,1,log-distance,31,32,veh9,veh0,2,2,0,379.641,1,7.12724,9.80298,-78.2651,18.7112,2,0.014,0.018,0.0126667
juelich_pilot_d30_r2_log_distance_s01_w1,juelich,12345,1,1,log-distance,31,32,veh9,veh1,2,2,0,184.49,1,7.12724,7.22639,-71.997,24.9792,2,0.014,0.014,0.0126667
juelich_pilot_d30_r2_log_distance_s01_w1,juelich,12345,1,1,log-distance,31,32,veh9,veh10,2,2,0,169.641,1,7.12724,8.41639,-71.2683,25.708,2,0.014,0.014,0.0126667
juelich_pilot_d30_r2_log_distance_s01_w1,juelich,12345,1,1,log-distance,31,32,veh9,veh11,2,2,0,143.224,1,7.12724,3.31888,-69.7975,27.1788,2,0.014,0.014,0.0126667
juelich_pilot_d30_r2_log_distance_s01_w1,juelich,12345,1,1,log-distance,31,32,veh9,veh4,2,2,0,173.025,1,7.12724,0,-71.4399,25.5364,2,0.014,0.016,0.0126667
juelich_pilot_d30_r2_log_distance_s01_w1,juelich,12345,1,1,log-distance,31,32,veh9,veh5,2,0,1,846.204,0,7.12724,8.18413,nan,nan,0,0.014,0.01,0.0126667
juelich_pilot_d30_r2_log_distance_s01_w1,juelich,12345,1,1,log-distance,31,32,veh9,veh6,2,2,0,193.879,1,7.12724,8.01083,-72.4283,24.548,2,0.014,0.014,0.0126667
juelich_pilot_d30_r2_log_distance_s01_w1,juelich,12345,1,1,log-distance,31,32,veh9,veh7,2,0,1,943.716,0,7.12724,10.7748,nan,nan,0,0.014,0.012,0.0126667
juelich_pilot_d30_r2_log_distance_s01_w1,juelich,12345,1,1,log-distance,31,32,veh9,veh8,2,0,1,942.118,0,7.12724,9.89533,nan,nan,0,0.014,0.01,0.0126667
juelich_pilot_d30_r2_log_distance_s01_w1,juelich,12345,1,1,log-distance,32,33,veh0,veh1,2,2,0,570.162,0,10.0184,7.50783,-81.7976,15.1787,2,0.019,0.015,0.0132564
juelich_pilot_d30_r2_log_distance_s01_w1,juelich,12345,1,1,log-distance,32,33,veh0,veh10,2,2,0,417.637,1,10.0184,8.65034,-79.0934,17.8828,2,0.019,0.015,0.0132564
juelich_pilot_d30_r2_log_distance_s01_w1,juelich,12345,1,1,log-distance,32,33,veh0,veh11,2,2,0,525.437,0,10.0184,5.2987,-81.0881,15.8882,2,0.019,0.015,0.0132564
juelich_pilot_d30_r2_log_distance_s01_w1,juelich,12345,1,1,log-distance,32,33,veh0,veh12,1,1,0,448.279,1,10.2137,0.258732,-79.7087,17.2676,1,0.019,0.0133333,0.0132564
juelich_pilot_d30_r2_log_distance_s01_w1,juelich,12345,1,1,log-distance,32,33,veh0,veh4,2,2,0,282.758,1,10.0184,0,-75.7059,21.2704,2,0.019,0.017,0.0132564
juelich_pilot_d30_r2_log_distance_s01_w1,juelich,12345,1,1,log-distance,32,33,veh0,veh5,2,2,0,539.011,0,10.0184,8.14412,-81.3096,15.6667,2,0.019,0.01,0.0132564
juelich_pilot_d30_r2_log_distance_s01_w1,juelich,12345,1,1,log-distance,32,33,veh0,veh6,2,2,0,427.003,1,10.0184,8.23911,-79.2863,17.69,2,0.019,0.015,0.0132564
juelich_pilot_d30_r2_log_distance_s01_w1,juelich,12345,1,1,log-distance,32,33,veh0,veh7,2,0,1,794.845,0,10.0184,12.4445,nan,nan,0,0.019,0.012,0.0132564
juelich_pilot_d30_r2_log_distance_s01_w1,juelich,12345,1,1,log-distance,32,33,veh0,veh8,2,0,1,854.558,0,10.0184,9.94592,nan,nan,0,0.019,0.01,0.0132564
juelich_pilot_d30_r2_log_distance_s01_w1,juelich,12345,1,1,log-distance,32,33,veh0,veh9,2,2,0,389.184,1,10.0184,7.10319,-78.4806,18.4957,2,0.019,0.015,0.0132564
juelich_pilot_d30_r2_log_distance_s01_w1,juelich,12345,1,1,log-distance,32,33,veh1,veh0,2,2,0,570.162,0,7.50783,10.0184,-81.7976,15.1787,2,0.015,0.019,0.0132564
juelich_pilot_d30_r2_log_distance_s01_w1,juelich,12345,1,1,log-distance,32,33,veh1,veh10,2,2,0,257.272,1,7.50783,8.65034,-74.8853,22.091,2,0.015,0.015,0.0132564
juelich_pilot_d30_r2_log_distance_s01_w1,juelich,12345,1,1,log-distance,32,33,veh1,veh11,2,2,0,44.7989,1,7.50783,5.2987,-59.7007,37.2756,2,0.015,0.015,0.0132564
juelich_pilot_d30_r2_log_distance_s01_w1,juelich,12345,1,1,log-distance,32,33,veh1,veh12,1,0,1,670.965,0,7.76218,0.258732,nan,nan,0,0.015,0.0133333,0.0132564
juelich_pilot_d30_r2_log_distance_s01_w1,juelich,12345,1,1,log-distance,32,33,veh1,veh4,2,2,0,331.064,1,7.50783,0,-77.0759,19.9004,2,0.015,0.017,0.0132564
juelich_pilot_d30_r2_log_distance_s01_w1,juelich,12345,1,1,log-distance,32,33,veh1,veh6,2,2,0,272.782,1,7.50783,8.23911,-75.3934,21.5829,2,0.015,0.015,0.0132564
juelich_pilot_d30_r2_log_distance_s01_w1,juelich,12345,1,1,log-distance,32,33,veh1,veh9,2,2,0,181.03,1,7.50783,7.10319,-71.8326,25.1437,2,0.015,0.015,0.0132564
juelich_pilot_d30_r2_log_distance_s01_w1,juelich,12345,1,1,log-distance,32,33,veh10,veh0,2,2,0,417.637,1,8.65034,10.0184,-79.0934,17.8828,2,0.015,0.019,0.0132564
juelich_pilot_d30_r2_log_distance_s01_w1,juelich,12345,1,1,log-distance,32,33,veh10,veh1,2,2,0,257.272,1,8.65034,7.50783,-74.8853,22.091,2,0.015,0.015,0.0132564
juelich_pilot_d30_r2_log_distance_s01_w1,juelich,12345,1,1,log-distance,32,33,veh10,veh11,2,2,0,227.017,1,8.65034,5.2987,-73.7989,23.1774,2,0.015,0.015,0.0132564
juelich_pilot_d30_r2_log_distance_s01_w1,juelich,12345,1,1,log-distance,32,33,veh10,veh12,1,1,0,411.937,1,8.66512,0.258732,-78.9743,18.002,1,0.015,0.0133333,0.0132564
juelich_pilot_d30_r2_log_distance_s01_w1,juelich,12345,1,1,log-distance,32,33,veh10,veh4,2,2,0,135,1,8.65034,0,-69.2837,27.6925,2,0.015,0.017,0.0132564
juelich_pilot_d30_r2_log_distance_s01_w1,juelich,12345,1,1,log-distance,32,33,veh10,veh5,2,0,1,940.151,0,8.65034,8.14412,nan,nan,0,0.015,0.01,0.0132564
juelich_pilot_d30_r2_log_distance_s01_w1,juelich,12345,1,1,log-distance,32,33,veh10,veh6,2,2,0,22.2104,1,8.65034,8.23911,-53.5995,43.3767,2,0.015,0.015,0.0132564
juelich_pilot_d30_r2_log_distance_s01_w1,juelich,12345,1,1,log-distance,32,33,veh10,veh9,2,2,0,171.022,1,8.65034,7.10319,-71.3387,25.6376,2,0.015,0.015,0.0132564
juelich_pilot_d30_r2_log_distance_s01_w1,juelich,12345,1,1,log-distance,32,33,veh11,veh0,2,2,0,525.437,0,5.2987,10.0184,-81.0881,15.8882,2,0.015,0.019,0.0132564
juelich_pilot_d30_r2_log_distance_s01_w1,juelich,12345,1,1,log-distance,32,33,veh11,veh1,2,2,0,44.7989,1,5.2987,7.50783,-59.7007,37.2756,2,0.015,0.015,0.0132564
juelich_pilot_d30_r2_log_distance_s01_w1,juelich,12345,1,1,log-distance,32,33,veh11,veh10,2,2,0,227.017,1,5.2987,8.65034,-73.7989,23.1774,2,0.015,0.015,0.0132564
juelich_pilot_d30_r2_log_distance_s01_w1,juelich,12345,1,1,log-distance,32,33,veh11,veh12,1,0,1,636.446,0,5.77252,0.258732,nan,nan,0,0.015,0.0133333,0.0132564
juelich_pilot_d30_r2_log_distance_s01_w1,juelich,12345,1,1,log-distance,32,33,veh11,veh4,2,2,0,289.851,1,5.2987,0,-75.9211,21.0552,2,0.015,0.017,0.0132564
juelich_pilot_d30_r2_log_distance_s01_w1,juelich,12345,1,1,log-distance,32,33,veh11,veh5,2,0,1,979.453,0,5.2987,8.14412,nan,nan,0,0.015,0.01,0.0132564
juelich_pilot_d30_r2_log_distance_s01_w1,juelich,12345,1,1,log-distance,32,33,veh11,veh6,2,2,0,244.508,1,5.2987,8.23911,-74.4435,22.5328,2,0.015,0.015,0.0132564
juelich_pilot_d30_r2_log_distance_s01_w1,juelich,12345,1,1,log-distance,32,33,veh11,veh9,2,2,0,136.31,1,5.2987,7.10319,-69.3674,27.6089,2,0.015,0.015,0.0132564
juelich_pilot_d30_r2_log_distance_s01_w1,juelich,12345,1,1,log-distance,32,33,veh12,veh0,1,1,0,448.279,1,0.258732,10.2137,-79.7087,17.2676,1,0.0133333,0.019,0.0132564
juelich_pilot_d30_r2_log_distance_s01_w1,juelich,12345,1,1,log-distance,32,33,veh12,veh1,1,0,1,670.965,0,0.258732,7.76218,nan,nan,0,0.0133333,0.015,0.0132564
juelich_pilot_d30_r2_log_distance_s01_w1,juelich,12345,1,1,log-distance,32,33,veh12,veh10,1,1,0,411.937,1,0.258732,8.66512,-78.9743,18.002,1,0.0133333,0.015,0.0132564
juelich_pilot_d30_r2_log_distance_s01_w1,juelich,12345,1,1,log-distance,32,33,veh12,veh11,1,0,1,636.446,0,0.258732,5.77252,nan,nan,0,0.0133333,0.015,0.0132564
juelich_pilot_d30_r2_log_distance_s01_w1,juelich,12345,1,1,log-distance,32,33,veh12,veh4,1,1,0,381.563,1,0.258732,0,-78.309,18.6672,1,0.0133333,0.017,0.0132564
juelich_pilot_d30_r2_log_distance_s01_w1,juelich,12345,1,1,log-distance,32,33,veh12,veh5,1,0,1,944.185,0,0.258732,8.09402,nan,nan,0,0.0133333,0.01,0.0132564
juelich_pilot_d30_r2_log_distance_s01_w1,juelich,12345,1,1,log-distance,32,33,veh12,veh6,1,1,0,396.273,1,0.258732,8.41799,-78.6376,18.3387,1,0.0133333,0.015,0.0132564
juelich_pilot_d30_r2_log_distance_s01_w1,juelich,12345,1,1,log-distance,32,33,veh12,veh9,1,1,0,544.653,0,0.258732,7.08169,-81.4001,15.5762,1,0.0133333,0.015,0.0132564
juelich_pilot_d30_r2_log_distance_s01_w1,juelich,12345,1,1,log-distance,32,33,veh2,veh3,2,2,0,47.301,1,0,12.0568,-60.1654,36.8109,2,0.008,0.008,0.0132564
juelich_pilot_d30_r2_log_distance_s01_w1,juelich,12345,1,1,log-distance,32,33,veh2,veh5,2,0,1,874.699,0,0,8.14412,nan,nan,0,0.008,0.01,0.0132564
juelich_pilot_d30_r2_log_distance_s01_w1,juelich,12345,1,1,log-distance,32,33,veh2,veh7,2,2,0,428.57,1,0,12.4445,-79.3179,17.6584,2,0.008,0.012,0.0132564
juelich_pilot_d30_r2_log_distance_s01_w1,juelich,12345,1,1,log-distance,32,33,veh2,veh8,2,2,0,360.02,1,0,9.94592,-77.8042,19.1721,2,0.008,0.01,0.0132564
juelich_pilot_d30_r2_log_distance_s01_w1,juelich,12345,1,1,log-distance,32,33,veh3,veh2,2,2,0,47.301,1,12.0568,0,-60.1654,36.8109,2,0.008,0.008,0.0132564
juelich_pilot_d30_r2_log_distance_s01_w1,juelich,12345,1,1,log-distance,32,33,veh3,veh5,2,0,1,839.309,0,12.0568,8.14412,nan,nan,0,0.008,0.01,0.0132564
juelich_pilot_d30_r2_log_distance_s01_w1,juelich,12345,1,1,log-distance,32,33,veh3,veh7,2,2,0,401.801,1,12.0568,12.4445,-78.7577,18.2186,2,0.008,0.012,0.0132564
juelich_pilot_d30_r2_log_distance_s01_w1,juelich,12345,1,1,log-distance,32,33,veh3,veh8,2,2,0,347.556,1,12.0568,9.94592,-77.4982,19.4781,2,0.008,0.01,0.0132564
juelich_pilot_d30_r2_log_distance_s01_w1,juelich,12345,1,1,log-distance,32,33,veh4,veh0,2,2,0,282.758,1,0,10.0184,-75.7059,21.2704,2,0.017,0.019,0.0132564
juelich_pilot_d30_r2_log_distance_s01_w1,juelich,12345,1,1,log-distance,32,33,veh4,veh1,2,2,0,331.064,1,0,7.50783,-77.0759,19.9004,2,0.017,0.015,0.0132564
juelich_pilot_d30_r2_log_distance_s01_w1,juelich,12345,1,1,log-distance,32,33,veh4,veh10,2,2,0,135,1,0,8.65034,-69.2837,27.6925,2,0.017,0.015,0.0132564
juelich_pilot_d30_r2_log_distance_s01_w1,juelich,12345,1,1,log-distance,32,33,veh4,veh11,2,2,0,289.851,1,0,5.2987,-75.9211,21.0552,2,0.017,0.015,0.0132564
juelich_pilot_d30_r2_log_distance_s01_w1,juelich,12345,1,1,log-distance,32,33,veh4,veh12,1,1,0,381.563,1,0,0.258732,-78.309,18.6672,1,0.017,0.0133333,0.0132564
juelich_pilot_d30_r2_log_distance_s01_w1,juelich,12345,1,1,log-distance,32,33,veh4,veh5,2,0,1,807.665,0,0,8.14412,nan,nan,0,0.017,0.01,0.0132564
juelich_pilot_d30_r2_log_distance_s01_w1,juelich,12345,1,1,log-distance,32,33,veh4,veh6,2,2,0,145.909,1,0,8.23911,-69.9591,27.0172,2,0.017,0.015,0.0132564
juelich_pilot_d30_r2_log_distance_s01_w1,juelich,12345,1,1,log-distance,32,33,veh4,veh7,2,0,1,978.309,0,0,12.4445,nan,nan,0,0.017,0.012,0.0132564
juelich_pilot_d30_r2_log_distance_s01_w1,juelich,12345,1,1,log-distance,32,33,veh4,veh9,2,2,0,170.885,1,0,7.10319,-71.3318,25.6445,2,0.017,0.015,0.0132564
juelich_pilot_d30_r2_log_distance_s01_w1,juelich,12345,1,1,log-distance,32,33,veh5,veh0,2,2,0,539.011,0,8.14412,10.0184,-81.3096,15.6667,2,0.01,0.019,0.0132564
juelich_pilot_d30_r2_log_distance_s01_w1,juelich,12345,1,1,log-distance,32,33,veh5,veh10,2,0,1,940.151,0,8.14412,8.65034,nan,nan,0,0.01,0.015,0.0132564
juelich_pilot_d30_r2_log_distance_s01_w1,juelich,12345,1,1,log-distance,32,33,veh5,veh11,2,0,1,979.453,0,8.14412,5.2987,nan,nan,0,0.01,0.015,0.0132564
juelich_pilot_d30_r2_log_distance_s01_w1,juelich,12345,1,1,log-distance,32,33,veh5,veh12,1,0,1,944.185,0,8.09402,0.258732,nan,nan,0,0.01,0.0133333,0.0132564
juelich_pilot_d30_r2_log_distance_s01_w1,juelich,12345,1,1,log-distance,32,33,veh5,veh2,2,0,1,874.699,0,8.14412,0,nan,nan,0,0.01,0.008,0.0132564
juelich_pilot_d30_r2_log_distance_s01_w1,juelich,12345,1,1,log-distance,32,33,veh5,veh3,2,0,1,839.309,0,8.14412,12.0568,nan,nan,0,0.01,0.008,0.0132564
juelich_pilot_d30_r2_log_distance_s01_w1,juelich,12345,1,1,log-distance,32,33,veh5,veh4,2,0,1,807.665,0,8.14412,0,nan,nan,0,0.01,0.017,0.0132564
juelich_pilot_d30_r2_log_distance_s01_w1,juelich,12345,1,1,log-distance,32,33,veh5,veh6,2,0,1,953.248,0,8.14412,8.23911,nan,nan,0,0.01,0.015,0.0132564
juelich_pilot_d30_r2_log_distance_s01_w1,juelich,12345,1,1,log-distance,32,33,veh5,veh7,2,2,0,465.27,1,8.14412,12.4445,-80.0315,16.9448,2,0.01,0.012,0.0132564
juelich_pilot_d30_r2_log_distance_s01_w1,juelich,12345,1,1,log-distance,32,33,veh5,veh8,2,0,1,593.832,0,8.14412,9.94592,nan,nan,0,0.01,0.01,0.0132564
juelich_pilot_d30_r2_log_distance_s01_w1,juelich,12345,1,1,log-distance,32,33,veh5,veh9,2,0,1,857.547,0,8.14412,7.10319,nan,nan,0,0.01,0.015,0.0132564
juelich_pilot_d30_r2_log_distance_s01_w1,juelich,12345,1,1,log-distance,32,33,veh6,veh0,2,2,0,427.003,1,8.23911,10.0184,-79.2863,17.69,2,0.015,0.019,0.0132564
juelich_pilot_d30_r2_log_distance_s01_w1,juelich,12345,1,1,log-distance,32,33,veh6,veh1,2,2,0,272.782,1,8.23911,7.50783,-75.3934,21.5829,2,0.015,0.015,0.0132564
juelich_pilot_d30_r2_log_distance_s01_w1,juelich,12345,1,1,log-distance,32,33,veh6,veh10,2,2,0,22.2104,1,8.23911,8.65034,-53.5995,43.3767,2,0.015,0.015,0.0132564
juelich_pilot_d30_r2_log_distance_s01_w1,juelich,12345,1,1,log-distance,32,33,veh6,veh11,2,2,0,244.508,1,8.23911,5.2987,-74.4435,22.5328,2,0.015,0.015,0.0132564
juelich_pilot_d30_r2_log_distance_s01_w1,juelich,12345,1,1,log-distance,32,33,veh6,veh12,1,1,0,396.273,1,8.41799,0.258732,-78.6376,18.3387,1,0.015,0.0133333,0.0132564
juelich_pilot_d30_r2_log_distance_s01_w1,juelich,12345,1,1,log-distance,32,33,veh6,veh4,2,2,0,145.909,1,8.23911,0,-69.9591,27.0172,2,0.015,0.017,0.0132564
juelich_pilot_d30_r2_log_distance_s01_w1,juelich,12345,1,1,log-distance,32,33,veh6,veh5,2,0,1,953.248,0,8.23911,8.14412,nan,nan,0,0.015,0.01,0.0132564
juelich_pilot_d30_r2_log_distance_s01_w1,juelich,12345,1,1,log-distance,32,33,veh6,veh9,2,2,0,193.071,1,8.23911,7.10319,-72.392,24.5843,2,0.015,0.015,0.0132564
juelich_pilot_d30_r2_log_distance_s01_w1,juelich,12345,1,1,log-distance,32,33,veh7,veh0,2,0,1,794.845,0,12.4445,10.0184,nan,nan,0,0.012,0.019,0.0132564
juelich_pilot_d30_r2_log_distance_s01_w1,juelich,12345,1,1,log-distance,32,33,veh7,veh2,2,2,0,428.57,1,12.4445,0,-79.3179,17.6584,2,0.012,0.008,0.0132564
juelich_pilot_d30_r2_log_distance_s01_w1,juelich,12345,1,1,log-distance,32,33,veh7,veh3,2,2,0,401.801,1,12.4445,12.0568,-78.7577,18.2186,2,0.012,0.008,0.0132564
juelich_pilot_d30_r2_log_distance_s01_w1,juelich,12345,1,1,log-distance,32,33,veh7,veh4,2,0,1,978.309,0,12.4445,0,nan,nan,0,0.012,0.017,0.0132564
juelich_pilot_d30_r2_log_distance_s01_w1,juelich,12345,1,1,log-distance,32,33,veh7,veh5,2,2,0,465.27,1,12.4445,8.14412,-80.0315,16.9448,2,0.012,0.01,0.0132564
juelich_pilot_d30_r2_log_distance_s01_w1,juelich,12345,1,1,log-distance,32,33,veh7,veh8,2,2,0,142.043,1,12.4445,9.94592,-69.723,27.2533,2,0.012,0.01,0.0132564
juelich_pilot_d30_r2_log_distance_s01_w1,juelich,12345,1,1,log-distance,32,33,veh7,veh9,2,0,1,942.829,0,12.4445,7.10319,nan,nan,0,0.012,0.015,0.0132564
juelich_pilot_d30_r2_log_distance_s01_w1,juelich,12345,1,1,log-distance,32,33,veh8,veh0,2,0,1,854.558,0,9.94592,10.0184,nan,nan,0,0.01,0.019,0.0132564
juelich_pilot_d30_r2_log_distance_s01_w1,juelich,12345,1,1,log-distance,32,33,veh8,veh2,2,2,0,360.02,1,9.94592,0,-77.8042,19.1721,2,0.01,0.008,0.0132564
juelich_pilot_d30_r2_log_distance_s01_w1,juelich,12345,1,1,log-distance,32,33,veh8,veh3,2,2,0,347.556,1,9.94592,12.0568,-77.4982,19.4781,2,0.01,0.008,0.0132564
juelich_pilot_d30_r2_log_distance_s01_w1,juelich,12345,1,1,log-distance,32,33,veh8,veh5,2,0,1,593.832,0,9.94592,8.14412,nan,nan,0,0.01,0.01,0.0132564
juelich_pilot_d30_r2_log_distance_s01_w1,juelich,12345,1,1,log-distance,32,33,veh8,veh7,2,2,0,142.043,1,9.94592,12.4445,-69.723,27.2533,2,0.01,0.012,0.0132564
juelich_pilot_d30_r2_log_distance_s01_w1,juelich,12345,1,1,log-distance,32,33,veh8,veh9,2,0,1,944.34,0,9.94592,7.10319,nan,nan,0,0.01,0.015,0.0132564
juelich_pilot_d30_r2_log_distance_s01_w1,juelich,12345,1,1,log-distance,32,33,veh9,veh0,2,2,0,389.184,1,7.10319,10.0184,-78.4806,18.4957,2,0.015,0.019,0.0132564
juelich_pilot_d30_r2_log_distance_s01_w1,juelich,12345,1,1,log-distance,32,33,veh9,veh1,2,2,0,181.03,1,7.10319,7.50783,-71.8326,25.1437,2,0.015,0.015,0.0132564
juelich_pilot_d30_r2_log_distance_s01_w1,juelich,12345,1,1,log-distance,32,33,veh9,veh10,2,2,0,171.022,1,7.10319,8.65034,-71.3387,25.6376,2,0.015,0.015,0.0132564
juelich_pilot_d30_r2_log_distance_s01_w1,juelich,12345,1,1,log-distance,32,33,veh9,veh11,2,2,0,136.31,1,7.10319,5.2987,-69.3674,27.6089,2,0.015,0.015,0.0132564
juelich_pilot_d30_r2_log_distance_s01_w1,juelich,12345,1,1,log-distance,32,33,veh9,veh12,1,1,0,544.653,0,7.08169,0.258732,-81.4001,15.5762,1,0.015,0.0133333,0.0132564
juelich_pilot_d30_r2_log_distance_s01_w1,juelich,12345,1,1,log-distance,32,33,veh9,veh4,2,2,0,170.885,1,7.10319,0,-71.3318,25.6445,2,0.015,0.017,0.0132564
juelich_pilot_d30_r2_log_distance_s01_w1,juelich,12345,1,1,log-distance,32,33,veh9,veh5,2,0,1,857.547,0,7.10319,8.14412,nan,nan,0,0.015,0.01,0.0132564
juelich_pilot_d30_r2_log_distance_s01_w1,juelich,12345,1,1,log-distance,32,33,veh9,veh6,2,2,0,193.071,1,7.10319,8.23911,-72.392,24.5843,2,0.015,0.015,0.0132564
juelich_pilot_d30_r2_log_distance_s01_w1,juelich,12345,1,1,log-distance,32,33,veh9,veh7,2,0,1,942.829,0,7.10319,12.4445,nan,nan,0,0.015,0.012,0.0132564
juelich_pilot_d30_r2_log_distance_s01_w1,juelich,12345,1,1,log-distance,32,33,veh9,veh8,2,0,1,944.34,0,7.10319,9.94592,nan,nan,0,0.015,0.01,0.0132564
juelich_pilot_d30_r2_log_distance_s01_w1,juelich,12345,1,1,log-distance,33,34,veh0,veh1,2,2,0,578.582,0,11.8289,7.77532,-81.925,15.0513,2,0.02,0.016,0.014
juelich_pilot_d30_r2_log_distance_s01_w1,juelich,12345,1,1,log-distance,33,34,veh0,veh10,2,2,0,429.97,1,11.8289,8.63686,-79.3463,17.63,2,0.02,0.016,0.014
juelich_pilot_d30_r2_log_distance_s01_w1,juelich,12345,1,1,log-distance,33,34,veh0,veh11,2,2,0,528.712,0,11.8289,7.3266,-81.1421,15.8342,2,0.02,0.016,0.014
juelich_pilot_d30_r2_log_distance_s01_w1,juelich,12345,1,1,log-distance,33,34,veh0,veh12,2,2,0,445.948,1,11.8289,1.99729,-79.6634,17.3129,2,0.02,0.016,0.014
juelich_pilot_d30_r2_log_distance_s01_w1,juelich,12345,1,1,log-distance,33,34,veh0,veh4,2,2,0,288.969,1,11.8289,0,-75.8946,21.0816,2,0.02,0.018,0.014
juelich_pilot_d30_r2_log_distance_s01_w1,juelich,12345,1,1,log-distance,33,34,veh0,veh5,2,2,0,543.79,0,11.8289,7.06216,-81.3863,15.59,2,0.02,0.01,0.014
juelich_pilot_d30_r2_log_distance_s01_w1,juelich,12345,1,1,log-distance,33,34,veh0,veh6,2,2,0,427.305,1,11.8289,8.43051,-79.2925,17.6838,2,0.02,0.016,0.014
juelich_pilot_d30_r2_log_distance_s01_w1,juelich,12345,1,1,log-distance,33,34,veh0,veh7,2,0,1,786.557,0,11.8289,12.76,nan,nan,0,0.02,0.012,0.014
juelich_pilot_d30_r2_log_distance_s01_w1,juelich,12345,1,1,log-distance,33,34,veh0,veh8,2,0,1,859.733,0,11.8289,9.84943,nan,nan,0,0.02,0.01,0.014
juelich_pilot_d30_r2_log_distance_s01_w1,juelich,12345,1,1,log-distance,33,34,veh0,veh9,2,2,0,401.219,1,11.8289,7.12684,-78.7451,18.2312,2,0.02,0.016,0.014
juelich_pilot_d30_r2_log_distance_s01_w1,juelich,12345,1,1,log-distance,33,34,veh1,veh0,2,2,0,578.582,0,7.77532,11.8289,-81.925,15.0513,2,0.016,0.02,0.014
juelich_pilot_d30_r2_log_distance_s01_w1,juelich,12345,1,1,log-distance,33,34,veh1,veh10,2,2,0,265.006,1,7.77532,8.63686,-75.1426,21.8337,2,0.016,0.016,0.014
juelich_pilot_d30_r2_log_distance_s01_w1,juelich,12345,1,1,log-distance,33,34,veh1,veh11,2,2,0,50.6154,1,7.77532,7.3266,-60.758,36.2183,2,0.016,0.016,0.014
juelich_pilot_d30_r2_log_distance_s01_w1,juelich,12345,1,1,log-distance,33,34,veh1,veh12,2,0,1,674.825,0,7.77532,1.99729,nan,nan,0,0.016,0.016,0.014
juelich_pilot_d30_r2_log_distance_s01_w1,juelich,12345,1,1,log-distance,33,34,veh1,veh4,2,2,0,332.952,1,7.77532,0,-77.1253,19.851,2,0.016,0.018,0.014
juelich_pilot_d30_r2_log_distance_s01_w1,juelich,12345,1,1,log-distance,33,34,veh1,veh6,2,2,0,285.399,1,7.77532,8.43051,-75.7863,21.19,2,0.016,0.016,0.014
juelich_pilot_d30_r2_log_distance_s01_w1,juelich,12345,1,1,log-distance,33,34,veh1,veh9,2,2,0,178.024,1,7.77532,7.12684,-71.6872,25.2891,2,0.016,0.016,0.014
juelich_pilot_d30_r2_log_distance_s01_w1,juelich,12345,1,1,log-distance,33,34,veh10,veh0,2,2,0,429.97,1,8.63686,11.8289,-79.3463,17.63,2,0.016,0.02,0.014
juelich_pilot_d30_r2_log_distance_s01_w1,juelich,12345,1,1,log-distance,33,34,veh10,veh1,2,2,0,265.006,1,8.63686,7.77532,-75.1426,21.8337,2,0.016,0.016,0.014
juelich_pilot_d30_r2_log_distance_s01_w1,juelich,12345,1,1,log-distance,33,34,veh10,veh11,2,2,0,225.447,1,8.63686,7.3266,-73.7386,23.2377,2,0.016,0.016,0.014
juelich_pilot_d30_r2_log_distance_s01_w1,juelich,12345,1,1,log-distance,33,34,veh10,veh12,2,2,0,410.586,1,8.63686,1.99729,-78.9458,18.0305,2,0.016,0.016,0.014
juelich_pilot_d30_r2_log_distance_s01_w1,juelich,12345,1,1,log-distance,33,34,veh10,veh4,2,2,0,141.688,1,8.63686,0,-69.7038,27.2725,2,0.016,0.018,0.014
juelich_pilot_d30_r2_log_distance_s01_w1,juelich,12345,1,1,log-distance,33,34,veh10,veh5,2,0,1,953.83,0,8.63686,7.06216,nan,nan,0,0.016,0.01,0.014
juelich_pilot_d30_r2_log_distance_s01_w1,juelich,12345,1,1,log-distance,33,34,veh10,veh6,2,2,0,21.0307,1,8.63686,8.43051,-53.1321,43.8442,2,0.016,0.016,0.014
juelich_pilot_d30_r2_log_distance_s01_w1,juelich,12345,1,1,log-distance,33,34,veh10,veh9,2,2,0,172.436,1,8.63686,7.12684,-71.4102,25.566,2,0.016,0.016,0.014
juelich_pilot_d30_r2_log_distance_s01_w1,juelich,12345,1,1,log-distance,33,34,veh11,veh0,2,2,0,528.712,0,7.3266,11.8289,-81.1421,15.8342,2,0.016,0.02,0.014
juelich_pilot_d30_r2_log_distance_s01_w1,juelich,12345,1,1,log-distance,33,34,veh11,veh1,2,2,0,50.6154,1,7.3266,7.77532,-60.758,36.2183,2,0.016,0.016,0.014
juelich_pilot_d30_r2_log_distance_s01_w1,juelich,12345,1,1,log-distance,33,34,veh11,veh10,2,2,0,225.447,1,7.3266,8.63686,-73.7386,23.2377,2,0.016,0.016,0.014
juelich_pilot_d30_r2_log_distance_s01_w1,juelich,12345,1,1,log-distance,33,34,veh11,veh12,2,0,1,632.333,0,7.3266,1.99729,nan,nan,0,0.016,0.016,0.014
juelich_pilot_d30_r2_log_distance_s01_w1,juelich,12345,1,1,log-distance,33,34,veh11,veh4,2,2,0,283.445,1,7.3266,0,-75.7269,21.2494,2,0.016,0.018,0.014
juelich_pilot_d30_r2_log_distance_s01_w1,juelich,12345,1,1,log-distance,33,34,veh11,veh5,2,0,1,980.095,0,7.3266,7.06216,nan,nan,0,0.016,0.01,0.014
juelich_pilot_d30_r2_log_distance_s01_w1,juelich,12345,1,1,log-distance,33,34,veh11,veh6,2,2,0,246.195,1,7.3266,8.43051,-74.5033,22.473,2,0.016,0.016,0.014
juelich_pilot_d30_r2_log_distance_s01_w1,juelich,12345,1,1,log-distance,33,34,veh11,veh8,1,0,1,997.918,0,7.84676,9.84207,nan,nan,0,0.016,0.01,0.014
juelich_pilot_d30_r2_log_distance_s01_w1,juelich,12345,1,1,log-distance,33,34,veh11,veh9,2,2,0,127.71,1,7.3266,7.12684,-68.8007,28.1756,2,0.016,0.016,0.014
juelich_pilot_d30_r2_log_distance_s01_w1,juelich,12345,1,1,log-distance,33,34,veh12,veh0,2,2,0,445.948,1,1.99729,11.8289,-79.6634,17.3129,2,0.016,0.02,0.014
juelich_pilot_d30_r2_log_distance_s01_w1,juelich,12345,1,1,log-distance,33,34,veh12,veh1,2,0,1,674.825,0,1.99729,7.77532,nan,nan,0,0.016,0.016,0.014
juelich_pilot_d30_r2_log_distance_s01_w1,juelich,12345,1,1,log-distance,33,34,veh12,veh10,2,2,0,410.586,1,1.99729,8.63686,-78.9458,18.0305,2,0.016,0.016,0.014
juelich_pilot_d30_r2_log_distance_s01_w1,juelich,12345,1,1,log-distance,33,34,veh12,veh11,2,0,1,632.333,0,1.99729,7.3266,nan,nan,0,0.016,0.016,0.014
juelich_pilot_d30_r2_log_distance_s01_w1,juelich,12345,1,1,log-distance,33,34,veh12,veh4,2,2,0,382.362,1,1.99729,0,-78.3272,18.6491,2,0.016,0.018,0.014
juelich_pilot_d30_r2_log_distance_s01_w1,juelich,12345,1,1,log-distance,33,34,veh12,veh5,2,0,1,950.595,0,1.99729,7.06216,nan,nan,0,0.016,0.01,0.014
juelich_pilot_d30_r2_log_distance_s01_w1,juelich,12345,1,1,log-distance,33,34,veh12,veh6,2,2,0,390.748,1,1.99729,8.43051,-78.5155,18.4607,2,0.016,0.016,0.014
juelich_pilot_d30_r2_log_distance_s01_w1,juelich,12345,1,1,log-distance,33,34,veh12,veh9,2,2,0,542.751,0,1.99729,7.12684,-81.3697,15.6066,2,0.016,0.016,0.014
juelich_pilot_d30_r2_log_distance_s01_w1,juelich,12345,1,1,log-distance,33,34,veh2,veh3,2,2,0,41.8268,1,0,10.9495,-59.1008,37.8755,2,0.008,0.008,0.014
juelich_pilot_d30_r2_log_distance_s01_w1,juelich,12345,1,1,log-distance,33,34,veh2,veh5,2,0,1,869.359,0,0,7.06216,nan,nan,0,0.008,0.01,0.014
juelich_pilot_d30_r2_log_distance_s01_w1,juelich,12345,1,1,log-distance,33,34,veh2,veh7,2,2,0,441.219,1,0,12.76,-79.5705,17.4057,2,0.008,0.012,0.014
juelich_pilot_d30_r2_log_distance_s01_w1,juelich,12345,1,1,log-distance,33,34,veh2,veh8,2,2,0,361.379,1,0,9.84943,-77.8369,19.1394,2,0.008,0.01,0.014
juelich_pilot_d30_r2_log_distance_s01_w1,juelich,12345,1,1,log-distance,33,34,veh3,veh2,2,2,0,41.8268,1,10.9495,0,-59.1008,37.8755,2,0.008,0.008,0.014
juelich_pilot_d30_r2_log_distance_s01_w1,juelich,12345,1,1,log-distance,33,34,veh3,veh5,2,0,1,834.038,0,10.9495,7.06216,nan,nan,0,0.008,0.01,0.014
juelich_pilot_d30_r2_log_distance_s01_w1,juelich,12345,1,1,log-distance,33,34,veh3,veh7,2,2,0,412.269,1,10.9495,12.76,-78.9811,17.9951,2,0.008,0.012,0.014
juelich_pilot_d30_r2_log_distance_s01_w1,juelich,12345,1,1,log-distance,33,34,veh3,veh8,2,2,0,344.877,1,10.9495,9.84943,-77.431,19.5453,2,0.008,0.01,0.014
juelich_pilot_d30_r2_log_distance_s01_w1,juelich,12345,1,1,log-distance,33,34,veh4,veh0,2,2,0,288.969,1,0,11.8289,-75.8946,21.0816,2,0.018,0.02,0.014
juelich_pilot_d30_r2_log_distance_s01_w1,juelich,12345,1,1,log-distance,33,34,veh4,veh1,2,2,0,332.952,1,0,7.77532,-77.1253,19.851,2,0.018,0.016,0.014
juelich_pilot_d30_r2_log_distance_s01_w1,juelich,12345,1,1,log-distance,33,34,veh4,veh10,2,2,0,141.688,1,0,8.63686,-69.7038,27.2725,2,0.018,0.016,0.014
juelich_pilot_d30_r2_log_distance_s01_w1,juelich,12345,1,1,log-distance,33,34,veh4,veh11,2,2,0,283.445,1,0,7.3266,-75.7269,21.2494,2,0.018,0.016,0.014
juelich_pilot_d30_r2_log_distance_s01_w1,juelich,12345,1,1,log-distance,33,34,veh4,veh12,2,2,0,382.362,1,0,1.99729,-78.3272,18.6491,2,0.018,0.016,0.014
juelich_pilot_d30_r2_log_distance_s01_w1,juelich,12345,1,1,log-distance,33,34,veh4,veh5,2,0,1,813.976,0,0,7.06216,nan,nan,0,0.018,0.01,0.014
juelich_pilot_d30_r2_log_distance_s01_w1,juelich,12345,1,1,log-distance,33,34,veh4,veh6,2,2,0,141.711,1,0,8.43051,-69.7055,27.2708,2,0.018,0.016,0.014
juelich_pilot_d30_r2_log_distance_s01_w1,juelich,12345,1,1,log-distance,33,34,veh4,veh7,2,0,1,966.862,0,0,12.76,nan,nan,0,0.018,0.012,0.014
juelich_pilot_d30_r2_log_distance_s01_w1,juelich,12345,1,1,log-distance,33,34,veh4,veh8,1,0,1,999.853,0,0,9.84207,nan,nan,0,0.018,0.01,0.014
juelich_pilot_d30_r2_log_distance_s01_w1,juelich,12345,1,1,log-distance,33,34,veh4,veh9,2,2,0,169.023,1,0,7.12684,-71.2366,25.7397,2,0.018,0.016,0.014
juelich_pilot_d30_r2_log_distance_s01_w1,juelich,12345,1,1,log-distance,33,34,veh5,veh0,2,2,0,543.79,0,7.06216,11.8289,-81.3863,15.59,2,0.01,0.02,0.014
juelich_pilot_d30_r2_log_distance_s01_w1,juelich,12345,1,1,log-distance,33,34,veh5,veh10,2,0,1,953.83,0,7.06216,8.63686,nan,nan,0,0.01,0.016,0.014
juelich_pilot_d30_r2_log_distance_s01_w1,juelich,12345,1,1,log-distance,33,34,veh5,veh11,2,0,1,980.095,0,7.06216,7.3266,nan,nan,0,0.01,0.016,0.014
juelich_pilot_d30_r2_log_distance_s01_w1,juelich,12345,1,1,log-distance,33,34,veh5,veh12,2,0,1,950.595,0,7.06216,1.99729,nan,nan,0,0.01,0.016,0.014
juelich_pilot_d30_r2_log_distance_s01_w1,juelich,12345,1,1,log-distance,33,34,veh5,veh2,2,0,1,869.359,0,7.06216,0,nan,nan,0,0.01,0.008,0.014
juelich_pilot_d30_r2_log_distance_s01_w1,juelich,12345,1,1,log-distance,33,34,veh5,veh3,2,0,1,834.038,0,7.06216,10.9495,nan,nan,0,0.01,0.008,0.014
juelich_pilot_d30_r2_log_distance_s01_w1,juelich,12345,1,1,log-distance,33,34,veh5,veh4,2,0,1,813.976,0,7.06216,0,nan,nan,0,0.01,0.018,0.014
juelich_pilot_d30_r2_log_distance_s01_w1,juelich,12345,1,1,log-distance,33,34,veh5,veh6,2,0,1,955.634,0,7.06216,8.43051,nan,nan,0,0.01,0.016,0.014
juelich_pilot_d30_r2_log_distance_s01_w1,juelich,12345,1,1,log-distance,33,34,veh5,veh7,2,2,0,449.283,1,7.06216,12.76,-79.7278,17.2485,2,0.01,0.012,0.014
juelich_pilot_d30_r2_log_distance_s01_w1,juelich,12345,1,1,log-distance,33,34,veh5,veh8,2,0,1,595.386,0,7.06216,9.84943,nan,nan,0,0.01,0.01,0.014
juelich_pilot_d30_r2_log_distance_s01_w1,juelich,12345,1,1,log-distance,33,34,veh5,veh9,2,0,1,868.481,0,7.06216,7.12684,nan,nan,0,0.01,0.016,0.014
juelich_pilot_d30_r2_log_distance_s01_w1,juelich,12345,1,1,log-distance,33,34,veh6,veh0,2,2,0,427.305,1,8.43051,11.8289,-79.2925,17.6838,2,0.016,0.02,0.014
juelich_pilot_d30_r2_log_distance_s01_w1,juelich,12345,1,1,log-distance,33,34,veh6,veh1,2,2,0,285.399,1,8.43051,7.77532,-75.7863,21.19,2,0.016,0.016,0.014
juelich_pilot_d30_r2_log_distance_s01_w1,juelich,12345,1,1,log-distance,33,34,veh6,veh10,2,2,0,21.0307,1,8.43051,8.63686,-53.1321,43.8442,2,0.016,0.016,0.014
juelich_pilot_d30_r2_log_distance_s01_w1,juelich,12345,1,1,log-distance,33,34,veh6,veh11,2,2,0,246.195,1,8.43051,7.3266,-74.5033,22.473,2,0.016,0.016,0.014
juelich_pilot_d30_r2_log_distance_s01_w1,juelich,12345,1,1,log-distance,33,34,veh6,veh12,2,2,0,390.748,1,8.43051,1.99729,-78.5155,18.4607,2,0.016,0.016,0.014
juelich_pilot_d30_r2_log_distance_s01_w1,juelich,12345,1,1,log-distance,33,34,veh6,veh4,2,2,0,141.711,1,8.43051,0,-69.7055,27.2708,2,0.016,0.018,0.014
juelich_pilot_d30_r2_log_distance_s01_w1,juelich,12345,1,1,log-distance,33,34,veh6,veh5,2,0,1,955.634,0,8.43051,7.06216,nan,nan,0,0.016,0.01,0.014
juelich_pilot_d30_r2_log_distance_s01_w1,juelich,12345,1,1,log-distance,33,34,veh6,veh9,2,2,0,190.781,1,8.43051,7.12684,-72.2884,24.6879,2,0.016,0.016,0.014
juelich_pilot_d30_r2_log_distance_s01_w1,juelich,12345,1,1,log-distance,33,34,veh7,veh0,2,0,1,786.557,0,12.76,11.8289,nan,nan,0,0.012,0.02,0.014
juelich_pilot_d30_r2_log_distance_s01_w1,juelich,12345,1,1,log-distance,33,34,veh7,veh2,2,2,0,441.219,1,12.76,0,-79.5705,17.4057,2,0.012,0.008,0.014
juelich_pilot_d30_r2_log_distance_s01_w1,juelich,12345,1,1,log-distance,33,34,veh7,veh3,2,2,0,412.269,1,12.76,10.9495,-78.9811,17.9951,2,0.012,0.008,0.014
juelich_pilot_d30_r2_log_distance_s01_w1,juelich,12345,1,1,log-distance,33,34,veh7,veh4,2,0,1,966.862,0,12.76,0,nan,nan,0,0.012,0.018,0.014
juelich_pilot_d30_r2_log_distance_s01_w1,juelich,12345,1,1,log-distance,33,34,veh7,veh5,2,2,0,449.283,1,12.76,7.06216,-79.7278,17.2485,2,0.012,0.01,0.014
juelich_pilot_d30_r2_log_distance_s01_w1,juelich,12345,1,1,log-distance,33,34,veh7,veh8,2,2,0,157.294,1,12.76,9.84943,-70.6093,26.3669,2,0.012,0.01,0.014
juelich_pilot_d30_r2_log_distance_s01_w1,juelich,12345,1,1,log-distance,33,34,veh7,veh9,2,0,1,939.546,0,12.76,7.12684,nan,nan,0,0.012,0.016,0.014
juelich_pilot_d30_r2_log_distance_s01_w1,juelich,12345,1,1,log-distance,33,34,veh8,veh0,2,0,1,859.733,0,9.84943,11.8289,nan,nan,0,0.01,0.02,0.014
juelich_pilot_d30_r2_log_distance_s01_w1,juelich,12345,1,1,log-distance,33,34,veh8,veh11,1,0,1,997.918,0,9.84207,7.84676,nan,nan,0,0.01,0.016,0.014
juelich_pilot_d30_r2_log_distance_s01_w1,juelich,12345,1,1,log-distance,33,34,veh8,veh2,2,2,0,361.379,1,9.84943,0,-77.8369,19.1394,2,0.01,0.008,0.014
juelich_pilot_d30_r2_log_distance_s01_w1,juelich,12345,1,1,log-distance,33,34,veh8,veh3,2,2,0,344.877,1,9.84943,10.9495,-77.431,19.5453,2,0.01,0.008,0.014
juelich_pilot_d30_r2_log_distance_s01_w1,juelich,12345,1,1,log-distance,33,34,veh8,veh4,1,0,1,999.853,0,9.84207,0,nan,nan,0,0.01,0.018,0.014
juelich_pilot_d30_r2_log_distance_s01_w1,juelich,12345,1,1,log-distance,33,34,veh8,veh5,2,0,1,595.386,0,9.84943,7.06216,nan,nan,0,0.01,0.01,0.014
juelich_pilot_d30_r2_log_distance_s01_w1,juelich,12345,1,1,log-distance,33,34,veh8,veh7,2,2,0,157.294,1,9.84943,12.76,-70.6093,26.3669,2,0.01,0.012,0.014
juelich_pilot_d30_r2_log_distance_s01_w1,juelich,12345,1,1,log-distance,33,34,veh8,veh9,2,0,1,946.757,0,9.84943,7.12684,nan,nan,0,0.01,0.016,0.014
juelich_pilot_d30_r2_log_distance_s01_w1,juelich,12345,1,1,log-distance,33,34,veh9,veh0,2,2,0,401.219,1,7.12684,11.8289,-78.7451,18.2312,2,0.016,0.02,0.014
juelich_pilot_d30_r2_log_distance_s01_w1,juelich,12345,1,1,log-distance,33,34,veh9,veh1,2,2,0,178.024,1,7.12684,7.77532,-71.6872,25.2891,2,0.016,0.016,0.014
juelich_pilot_d30_r2_log_distance_s01_w1,juelich,12345,1,1,log-distance,33,34,veh9,veh10,2,2,0,172.436,1,7.12684,8.63686,-71.4102,25.566,2,0.016,0.016,0.014
juelich_pilot_d30_r2_log_distance_s01_w1,juelich,12345,1,1,log-distance,33,34,veh9,veh11,2,2,0,127.71,1,7.12684,7.3266,-68.8007,28.1756,2,0.016,0.016,0.014
juelich_pilot_d30_r2_log_distance_s01_w1,juelich,12345,1,1,log-distance,33,34,veh9,veh12,2,2,0,542.751,0,7.12684,1.99729,-81.3697,15.6066,2,0.016,0.016,0.014
juelich_pilot_d30_r2_log_distance_s01_w1,juelich,12345,1,1,log-distance,33,34,veh9,veh4,2,2,0,169.023,1,7.12684,0,-71.2366,25.7397,2,0.016,0.018,0.014
juelich_pilot_d30_r2_log_distance_s01_w1,juelich,12345,1,1,log-distance,33,34,veh9,veh5,2,0,1,868.481,0,7.12684,7.06216,nan,nan,0,0.016,0.01,0.014
juelich_pilot_d30_r2_log_distance_s01_w1,juelich,12345,1,1,log-distance,33,34,veh9,veh6,2,2,0,190.781,1,7.12684,8.43051,-72.2884,24.6879,2,0.016,0.016,0.014
juelich_pilot_d30_r2_log_distance_s01_w1,juelich,12345,1,1,log-distance,33,34,veh9,veh7,2,0,1,939.546,0,7.12684,12.76,nan,nan,0,0.016,0.012,0.014
juelich_pilot_d30_r2_log_distance_s01_w1,juelich,12345,1,1,log-distance,33,34,veh9,veh8,2,0,1,946.757,0,7.12684,9.84943,nan,nan,0,0.016,0.01,0.014
juelich_pilot_d30_r2_log_distance_s01_w1,juelich,12345,1,1,log-distance,34,35,veh0,veh1,2,0,1,587.047,0,13.7567,7.77581,nan,nan,0,0.02,0.016,0.0141538
juelich_pilot_d30_r2_log_distance_s01_w1,juelich,12345,1,1,log-distance,34,35,veh0,veh10,2,2,0,442.46,1,13.7567,8.25122,-79.595,17.3813,2,0.02,0.016,0.0141538
juelich_pilot_d30_r2_log_distance_s01_w1,juelich,12345,1,1,log-distance,34,35,veh0,veh11,2,2,0,532.784,0,13.7567,7.86123,-81.2087,15.7676,2,0.02,0.016,0.0141538
juelich_pilot_d30_r2_log_distance_s01_w1,juelich,12345,1,1,log-distance,34,35,veh0,veh12,2,2,0,445.078,1,13.7567,4.07917,-79.6464,17.3299,2,0.02,0.016,0.0141538
juelich_pilot_d30_r2_log_distance_s01_w1,juelich,12345,1,1,log-distance,34,35,veh0,veh4,2,2,0,297.18,1,13.7567,0,-76.1378,20.8385,2,0.02,0.018,0.0141538
juelich_pilot_d30_r2_log_distance_s01_w1,juelich,12345,1,1,log-distance,34,35,veh0,veh5,2,2,0,546.362,0,13.7567,8.14056,-81.4273,15.549,2,0.02,0.011,0.0141538
juelich_pilot_d30_r2_log_distance_s01_w1,juelich,12345,1,1,log-distance,34,35,veh0,veh6,2,2,0,429.078,1,13.7567,8.39082,-79.3284,17.6479,2,0.02,0.016,0.0141538
juelich_pilot_d30_r2_log_distance_s01_w1,juelich,12345,1,1,log-distance,34,35,veh0,veh7,2,0,1,778.426,0,13.7567,12.7604,nan,nan,0,0.02,0.012,0.0141538
juelich_pilot_d30_r2_log_distance_s01_w1,juelich,12345,1,1,log-distance,34,35,veh0,veh8,2,0,1,865.923,0,13.7567,9.90167,nan,nan,0,0.02,0.01,0.0141538
juelich_pilot_d30_r2_log_distance_s01_w1,juelich,12345,1,1,log-distance,34,35,veh0,veh9,2,2,0,415.288,1,13.7567,7.06791,-79.0443,17.932,2,0.02,0.016,0.0141538
juelich_pilot_d30_r2_log_distance_s01_w1,juelich,12345,1,1,log-distance,34,35,veh1,veh0,2,0,1,587.047,0,7.77581,13.7567,nan,nan,0,0.016,0.02,0.0141538
juelich_pilot_d30_r2_log_distance_s01_w1,juelich,12345,1,1,log-distance,34,35,veh1,veh10,2,2,0,272.449,1,7.77581,8.25122,-75.3832,21.5931,2,0.016,0.016,0.0141538
juelich_pilot_d30_r2_log_distance_s01_w1,juelich,12345,1,1,log-distance,34,35,veh1,veh11,2,2,0,57.0286,1,7.77581,7.86123,-61.798,35.1782,2,0.016,0.016,0.0141538
juelich_pilot_d30_r2_log_distance_s01_w1,juelich,12345,1,1,log-distance,34,35,veh1,veh12,2,0,1,678.892,0,7.77581,4.07917,nan,nan,0,0.016,0.016,0.0141538
juelich_pilot_d30_r2_log_distance_s01_w1,juelich,12345,1,1,log-distance,34,35,veh1,veh4,2,2,0,332.582,1,7.77581,0,-77.1157,19.8606,2,0.016,0.018,0.0141538
juelich_pilot_d30_r2_log_distance_s01_w1,juelich,12345,1,1,log-distance,34,35,veh1,veh6,2,2,0,295.874,1,7.77581,8.39082,-76.0997,20.8766,2,0.016,0.016,0.0141538
juelich_pilot_d30_r2_log_distance_s01_w1,juelich,12345,1,1,log-distance,34,35,veh1,veh9,2,2,0,173.798,1,7.77581,7.06791,-71.4782,25.498,2,0.016,0.016,0.0141538
juelich_pilot_d30_r2_log_distance_s01_w1,juelich,12345,1,1,log-distance,34,35,veh10,veh0,2,2,0,442.46,1,8.25122,13.7567,-79.595,17.3813,2,0.016,0.02,0.0141538
juelich_pilot_d30_r2_log_distance_s01_w1,juelich,12345,1,1,log-distance,34,35,veh10,veh1,2,2,0,272.449,1,8.25122,7.77581,-75.3832,21.5931,2,0.016,0.016,0.0141538
juelich_pilot_d30_r2_log_distance_s01_w1,juelich,12345,1,1,log-distance,34,35,veh10,veh11,2,2,0,224.185,1,8.25122,7.86123,-73.6898,23.2864,2,0.016,0.016,0.0141538
juelich_pilot_d30_r2_log_distance_s01_w1,juelich,12345,1,1,log-distance,34,35,veh10,veh12,2,2,0,408.491,1,8.25122,4.07917,-78.9013,18.075,2,0.016,0.016,0.0141538
juelich_pilot_d30_r2_log_distance_s01_w1,juelich,12345,1,1,log-distance,34,35,veh10,veh4,2,2,0,147.151,1,8.25122,0,-70.0328,26.9434,2,0.016,0.018,0.0141538
juelich_pilot_d30_r2_log_distance_s01_w1,juelich,12345,1,1,log-distance,34,35,veh10,veh5,2,0,1,964.325,0,8.25122,8.14056,nan,nan,0,0.016,0.011,0.0141538
juelich_pilot_d30_r2_log_distance_s01_w1,juelich,12345,1,1,log-distance,34,35,veh10,veh6,2,2,0,24.4453,1,8.25122,8.39082,-54.4374,42.5389,2,0.016,0.016,0.0141538
juelich_pilot_d30_r2_log_distance_s01_w1,juelich,12345,1,1,log-distance,34,35,veh10,veh9,2,2,0,173.963,1,8.25122,7.06791,-71.4868,25.4895,2,0.016,0.016,0.0141538
juelich_pilot_d30_r2_log_distance_s01_w1,juelich,12345,1,1,log-distance,34,35,veh11,veh0,2,2,0,532.784,0,7.86123,13.7567,-81.2087,15.7676,2,0.016,0.02,0.0141538
juelich_pilot_d30_r2_log_distance_s01_w1,juelich,12345,1,1,log-distance,34,35,veh11,veh1,2,2,0,57.0286,1,7.86123,7.77581,-61.798,35.1782,2,0.016,0.016,0.0141538
juelich_pilot_d30_r2_log_distance_s01_w1,juelich,12345,1,1,log-distance,34,35,veh11,veh10,2,2,0,224.185,1,7.86123,8.25122,-73.6898,23.2864,2,0.016,0.016,0.0141538
juelich_pilot_d30_r2_log_distance_s01_w1,juelich,12345,1,1,log-distance,34,35,veh11,veh12,2,0,1,626.978,0,7.86123,4.07917,nan,nan,0,0.016,0.016,0.0141538
juelich_pilot_d30_r2_log_distance_s01_w1,juelich,12345,1,1,log-distance,34,35,veh11,veh4,2,2,0,275.674,1,7.86123,0,-75.4854,21.4909,2,0.016,0.018,0.0141538
juelich_pilot_d30_r2_log_distance_s01_w1,juelich,12345,1,1,log-distance,34,35,veh11,veh5,2,0,1,977.671,0,7.86123,8.14056,nan,nan,0,0.016,0.011,0.0141538
juelich_pilot_d30_r2_log_distance_s01_w1,juelich,12345,1,1,log-distance,34,35,veh11,veh6,2,2,0,246.7,1,7.86123,8.39082,-74.5211,22.4552,2,0.016,0.016,0.0141538
juelich_pilot_d30_r2_log_distance_s01_w1,juelich,12345,1,1,log-distance,34,35,veh11,veh7,1,0,1,995.505,0,7.83537,12.7813,nan,nan,0,0.016,0.012,0.0141538
juelich_pilot_d30_r2_log_distance_s01_w1,juelich,12345,1,1,log-distance,34,35,veh11,veh8,2,0,1,993.019,0,7.86123,9.90167,nan,nan,0,0.016,0.01,0.0141538
juelich_pilot_d30_r2_log_distance_s01_w1,juelich,12345,1,1,log-distance,34,35,veh11,veh9,2,2,0,117.964,1,7.86123,7.06791,-68.1108,28.8655,2,0.016,0.016,0.0141538
juelich_pilot_d30_r2_log_distance_s01_w1,juelich,12345,1,1,log-distance,34,35,veh12,veh0,2,2,0,445.078,1,4.07917,13.7567,-79.6464,17.3299,2,0.016,0.02,0.0141538
juelich_pilot_d30_r2_log_distance_s01_w1,juelich,12345,1,1,log-distance,34,35,veh12,veh1,2,0,1,678.892,0,4.07917,7.77581,nan,nan,0,0.016,0.016,0.0141538
juelich_pilot_d30_r2_log_distance_s01_w1,juelich,12345,1,1,log-distance,34,35,veh12,veh10,2,2,0,408.491,1,4.07917,8.25122,-78.9013,18.075,2,0.016,0.016,0.0141538
juelich_pilot_d30_r2_log_distance_s01_w1,juelich,12345,1,1,log-distance,34,35,veh12,veh11,2,0,1,626.978,0,4.07917,7.86123,nan,nan,0,0.016,0.016,0.0141538
juelich_pilot_d30_r2_log_distance_s01_w1,juelich,12345,1,1,log-distance,34,35,veh12,veh4,2,2,0,384.853,1,4.07917,0,-78.3836,18.5927,2,0.016,0.018,0.0141538
juelich_pilot_d30_r2_log_distance_s01_w1,juelich,12345,1,1,log-distance,34,35,veh12,veh5,2,0,1,959.926,0,4.07917,8.14056,nan,nan,0,0.016,0.011,0.0141538
juelich_pilot_d30_r2_log_distance_s01_w1,juelich,12345,1,1,log-distance,34,35,veh12,veh6,2,2,0,384.344,1,4.07917,8.39082,-78.372,18.6042,2,0.016,0.016,0.0141538
juelich_pilot_d30_r2_log_distance_s01_w1,juelich,12345,1,1,log-distance,34,35,veh12,veh9,2,2,0,541.524,0,4.07917,7.06791,-81.3501,15.6262,2,0.016,0.016,0.0141538
juelich_pilot_d30_r2_log_distance_s01_w1,juelich,12345,1,1,log-distance,34,35,veh2,veh3,2,2,0,39.1675,1,0,7.2567,-58.5361,38.4402,2,0.008,0.009,0.0141538
juelich_pilot_d30_r2_log_distance_s01_w1,juelich,12345,1,1,log-distance,34,35,veh2,veh5,2,0,1,862.512,0,0,8.14056,nan,nan,0,0.008,0.011,0.0141538
juelich_pilot_d30_r2_log_distance_s01_w1,juelich,12345,1,1,log-distance,34,35,veh2,veh7,2,2,0,453.996,1,0,12.7604,-79.8185,17.1578,2,0.008,0.012,0.0141538
juelich_pilot_d30_r2_log_distance_s01_w1,juelich,12345,1,1,log-distance,34,35,veh2,veh8,2,2,0,364.053,1,0,9.90167,-77.901,19.0753,2,0.008,0.01,0.0141538
juelich_pilot_d30_r2_log_distance_s01_w1,juelich,12345,1,1,log-distance,34,35,veh3,veh2,2,2,0,39.1675,1,7.2567,0,-58.5361,38.4402,2,0.009,0.008,0.0141538
juelich_pilot_d30_r2_log_distance_s01_w1,juelich,12345,1,1,log-distance,34,35,veh3,veh5,2,0,1,825.794,0,7.2567,8.14056,nan,nan,0,0.009,0.011,0.0141538
juelich_pilot_d30_r2_log_distance_s01_w1,juelich,12345,1,1,log-distance,34,35,veh3,veh7,2,2,0,421.61,1,7.2567,12.7604,-79.1758,17.8005,2,0.009,0.012,0.0141538
juelich_pilot_d30_r2_log_distance_s01_w1,juelich,12345,1,1,log-distance,34,35,veh3,veh8,2,2,0,342.276,1,7.2567,9.90167,-77.3652,19.6111,2,0.009,0.01,0.0141538
juelich_pilot_d30_r2_log_distance_s01_w1,juelich,12345,1,1,log-distance,34,35,veh4,veh0,2,2,0,297.18,1,0,13.7567,-76.1378,20.8385,2,0.018,0.02,0.0141538
juelich_pilot_d30_r2_log_distance_s01_w1,juelich,12345,1,1,log-distance,34,35,veh4,veh1,2,2,0,332.582,1,0,7.77581,-77.1157,19.8606,2,0.018,0.016,0.0141538
juelich_pilot_d30_r2_log_distance_s01_w1,juelich,12345,1,1,log-distance,34,35,veh4,veh10,2,2,0,147.151,1,0,8.25122,-70.0328,26.9434,2,0.018,0.016,0.0141538
juelich_pilot_d30_r2_log_distance_s01_w1,juelich,12345,1,1,log-distance,34,35,veh4,veh11,2,2,0,275.674,1,0,7.86123,-75.4854,21.4909,2,0.018,0.016,0.0141538
juelich_pilot_d30_r2_log_distance_s01_w1,juelich,12345,1,1,log-distance,34,35,veh4,veh12,2,2,0,384.853,1,0,4.07917,-78.3836,18.5927,2,0.018,0.016,0.0141538
juelich_pilot_d30_r2_log_distance_s01_w1,juelich,12345,1,1,log-distance,34,35,veh4,veh5,2,0,1,818.395,0,0,8.14056,nan,nan,0,0.018,0.011,0.0141538
juelich_pilot_d30_r2_log_distance_s01_w1,juelich,12345,1,1,log-distance,34,35,veh4,veh6,2,2,0,137.731,1,0,8.39082,-69.4581,27.5182,2,0.018,0.016,0.0141538
juelich_pilot_d30_r2_log_distance_s01_w1,juelich,12345,1,1,log-distance,34,35,veh4,veh7,2,0,1,955.28,0,0,12.7604,nan,nan,0,0.018,0.012,0.0141538
juelich_pilot_d30_r2_log_distance_s01_w1,juelich,12345,1,1,log-distance,34,35,veh4,veh8,2,0,1,997.561,0,0,9.90167,nan,nan,0,0.018,0.01,0.0141538
juelich_pilot_d30_r2_log_distance_s01_w1,juelich,12345,1,1,log-distance,34,35,veh4,veh9,2,2,0,167.443,1,0,7.06791,-71.155,25.8213,2,0.018,0.016,0.0141538
juelich_pilot_d30_r2_log_distance_s01_w1,juelich,12345,1,1,log-distance,34,35,veh5,veh0,2,2,0,546.362,0,8.14056,13.7567,-81.4273,15.549,2,0.011,0.02,0.0141538
juelich_pilot_d30_r2_log_distance_s01_w1,juelich,12345,1,1,log-distance,34,35,veh5,veh10,2,0,1,964.325,0,8.14056,8.25122,nan,nan,0,0.011,0.016,0.0141538
juelich_pilot_d30_r2_log_distance_s01_w1,juelich,12345,1,1,log-distance,34,35,veh5,veh11,2,0,1,977.671,0,8.14056,7.86123,nan,nan,0,0.011,0.016,0.0141538
juelich_pilot_d30_r2_log_distance_s01_w1,juelich,12345,1,1,log-distance,34,35,veh5,veh12,2,0,1,959.926,0,8.14056,4.07917,nan,nan,0,0.011,0.016,0.0141538
juelich_pilot_d30_r2_log_distance_s01_w1,juelich,12345,1,1,log-distance,34,35,veh5,veh2,2,0,1,862.512,0,8.14056,0,nan,nan,0,0.011,0.008,0.0141538
juelich_pilot_d30_r2_log_distance_s01_w1,juelich,12345,1,1,log-distance,34,35,veh5,veh3,2,0,1,825.794,0,8.14056,7.2567,nan,nan,0,0.011,0.009,0.0141538
juelich_pilot_d30_r2_log_distance_s01_w1,juelich,12345,1,1,log-distance,34,35,veh5,veh4,2,0,1,818.395,0,8.14056,0,nan,nan,0,0.011,0.018,0.0141538
juelich_pilot_d30_r2_log_distance_s01_w1,juelich,12345,1,1,log-distance,34,35,veh5,veh6,2,0,1,956.098,0,8.14056,8.39082,nan,nan,0,0.011,0.016,0.0141538
juelich_pilot_d30_r2_log_distance_s01_w1,juelich,12345,1,1,log-distance,34,35,veh5,veh7,2,2,0,432.26,1,8.14056,12.7604,-79.3921,17.5842,2,0.011,0.012,0.0141538
juelich_pilot_d30_r2_log_distance_s01_w1,juelich,12345,1,1,log-distance,34,35,veh5,veh8,2,0,1,595.628,0,8.14056,9.90167,nan,nan,0,0.011,0.01,0.0141538
juelich_pilot_d30_r2_log_distance_s01_w1,juelich,12345,1,1,log-distance,34,35,veh5,veh9,2,0,1,877.348,0,8.14056,7.06791,nan,nan,0,0.011,0.016,0.0141538
juelich_pilot_d30_r2_log_distance_s01_w1,juelich,12345,1,1,log-distance,34,35,veh6,veh0,2,2,0,429.078,1,8.39082,13.7567,-79.3284,17.6479,2,0.016,0.02,0.0141538
juelich_pilot_d30_r2_log_distance_s01_w1,juelich,12345,1,1,log-distance,34,35,veh6,veh1,2,2,0,295.874,1,8.39082,7.77581,-76.0997,20.8766,2,0.016,0.016,0.0141538
juelich_pilot_d30_r2_log_distance_s01_w1,juelich,12345,1,1,log-distance,34,35,veh6,veh10,2,2,0,24.4453,1,8.39082,8.25122,-54.4374,42.5389,2,0.016,0.016,0.0141538
juelich_pilot_d30_r2_log_distance_s01_w1,juelich,12345,1,1,log-distance,34,35,veh6,veh11,2,2,0,246.7,1,8.39082,7.86123,-74.5211,22.4552,2,0.016,0.016,0.0141538
juelich_pilot_d30_r2_log_distance_s01_w1,juelich,12345,1,1,log-distance,34,35,veh6,veh12,2,2,0,384.344,1,8.39082,4.07917,-78.372,18.6042,2,0.016,0.016,0.0141538
juelich_pilot_d30_r2_log_distance_s01_w1,juelich,12345,1,1,log-distance,34,35,veh6,veh4,2,2,0,137.731,1,8.39082,0,-69.4581,27.5182,2,0.016,0.018,0.0141538
juelich_pilot_d30_r2_log_distance_s01_w1,juelich,12345,1,1,log-distance,34,35,veh6,veh5,2,0,1,956.098,0,8.39082,8.14056,nan,nan,0,0.016,0.011,0.0141538
juelich_pilot_d30_r2_log_distance_s01_w1,juelich,12345,1,1,log-distance,34,35,veh6,veh9,2,2,0,189.019,1,8.39082,7.06791,-72.2078,24.7685,2,0.016,0.016,0.0141538
juelich_pilot_d30_r2_log_distance_s01_w1,juelich,12345,1,1,log-distance,34,35,veh7,veh0,2,0,1,778.426,0,12.7604,13.7567,nan,nan,0,0.012,0.02,0.0141538
juelich_pilot_d30_r2_log_distance_s01_w1,juelich,12345,1,1,log-distance,34,35,veh7,veh11,1,0,1,995.505,0,12.7813,7.83537,nan,nan,0,0.012,0.016,0.0141538
juelich_pilot_d30_r2_log_distance_s01_w1,juelich,12345,1,1,log-distance,34,35,veh7,veh2,2,2,0,453.996,1,12.7604,0,-79.8185,17.1578,2,0.012,0.008,0.0141538
juelich_pilot_d30_r2_log_distance_s01_w1,juelich,12345,1,1,log-distance,34,35,veh7,veh3,2,2,0,421.61,1,12.7604,7.2567,-79.1758,17.8005,2,0.012,0.009,0.0141538
juelich_pilot_d30_r2_log_distance_s01_w1,juelich,12345,1,1,log-distance,34,35,veh7,veh4,2,0,1,955.28,0,12.7604,0,nan,nan,0,0.012,0.018,0.0141538
juelich_pilot_d30_r2_log_distance_s01_w1,juelich,12345,1,1,log-distance,34,35,veh7,veh5,2,2,0,432.26,1,12.7604,8.14056,-79.3921,17.5842,2,0.012,0.011,0.0141538
juelich_pilot_d30_r2_log_distance_s01_w1,juelich,12345,1,1,log-distance,34,35,veh7,veh8,2,2,0,172.525,1,12.7604,9.90167,-71.4128,25.5635,2,0.012,0.01,0.0141538
juelich_pilot_d30_r2_log_distance_s01_w1,juelich,12345,1,1,log-distance,34,35,veh7,veh9,2,0,1,936.106,0,12.7604,7.06791,nan,nan,0,0.012,0.016,0.0141538
juelich_pilot_d30_r2_log_distance_s01_w1,juelich,12345,1,1,log-distance,34,35,veh8,veh0,2,0,1,865.923,0,9.90167,13.7567,nan,nan,0,0.01,0.02,0.0141538
juelich_pilot_d30_r2_log_distance_s01_w1,juelich,12345,1,1,log-distance,34,35,veh8,veh11,2,0,1,993.019,0,9.90167,7.86123,nan,nan,0,0.01,0.016,0.0141538
juelich_pilot_d30_r2_log_distance_s01_w1,juelich,12345,1,1,log-distance,34,35,veh8,veh2,2,2,0,364.053,1,9.90167,0,-77.901,19.0753,2,0.01,0.008,0.0141538
juelich_pilot_d30_r2_log_distance_s01_w1,juelich,12345,1,1,log-distance,34,35,veh8,veh3,2,2,0,342.276,1,9.90167,7.2567,-77.3652,19.6111,2,0.01,0.009,0.0141538
juelich_pilot_d30_r2_log_distance_s01_w1,juelich,12345,1,1,log-distance,34,35,veh8,veh4,2,0,1,997.561,0,9.90167,0,nan,nan,0,0.01,0.018,0.0141538
juelich_pilot_d30_r2_log_distance_s01_w1,juelich,12345,1,1,log-distance,34,35,veh8,veh5,2,0,1,595.628,0,9.90167,8.14056,nan,nan,0,0.01,0.011,0.0141538
juelich_pilot_d30_r2_log_distance_s01_w1,juelich,12345,1,1,log-distance,34,35,veh8,veh7,2,2,0,172.525,1,9.90167,12.7604,-71.4128,25.5635,2,0.01,0.012,0.0141538
juelich_pilot_d30_r2_log_distance_s01_w1,juelich,12345,1,1,log-distance,34,35,veh8,veh9,2,0,1,949.283,0,9.90167,7.06791,nan,nan,0,0.01,0.016,0.0141538
juelich_pilot_d30_r2_log_distance_s01_w1,juelich,12345,1,1,log-distance,34,35,veh9,veh0,2,2,0,415.288,1,7.06791,13.7567,-79.0443,17.932,2,0.016,0.02,0.0141538
juelich_pilot_d30_r2_log_distance_s01_w1,juelich,12345,1,1,log-distance,34,35,veh9,veh1,2,2,0,173.798,1,7.06791,7.77581,-71.4782,25.498,2,0.016,0.016,0.0141538
juelich_pilot_d30_r2_log_distance_s01_w1,juelich,12345,1,1,log-distance,34,35,veh9,veh10,2,2,0,173.963,1,7.06791,8.25122,-71.4868,25.4895,2,0.016,0.016,0.0141538
juelich_pilot_d30_r2_log_distance_s01_w1,juelich,12345,1,1,log-distance,34,35,veh9,veh11,2,2,0,117.964,1,7.06791,7.86123,-68.1108,28.8655,2,0.016,0.016,0.0141538
juelich_pilot_d30_r2_log_distance_s01_w1,juelich,12345,1,1,log-distance,34,35,veh9,veh12,2,2,0,541.524,0,7.06791,4.07917,-81.3501,15.6262,2,0.016,0.016,0.0141538
juelich_pilot_d30_r2_log_distance_s01_w1,juelich,12345,1,1,log-distance,34,35,veh9,veh4,2,2,0,167.443,1,7.06791,0,-71.155,25.8213,2,0.016,0.018,0.0141538
juelich_pilot_d30_r2_log_distance_s01_w1,juelich,12345,1,1,log-distance,34,35,veh9,veh5,2,0,1,877.348,0,7.06791,8.14056,nan,nan,0,0.016,0.011,0.0141538
juelich_pilot_d30_r2_log_distance_s01_w1,juelich,12345,1,1,log-distance,34,35,veh9,veh6,2,2,0,189.019,1,7.06791,8.39082,-72.2078,24.7685,2,0.016,0.016,0.0141538
juelich_pilot_d30_r2_log_distance_s01_w1,juelich,12345,1,1,log-distance,34,35,veh9,veh7,2,0,1,936.106,0,7.06791,12.7604,nan,nan,0,0.016,0.012,0.0141538
juelich_pilot_d30_r2_log_distance_s01_w1,juelich,12345,1,1,log-distance,34,35,veh9,veh8,2,0,1,949.283,0,7.06791,9.90167,nan,nan,0,0.016,0.01,0.0141538
juelich_pilot_d30_r2_log_distance_s01_w1,juelich,12345,1,1,log-distance,35,36,veh0,veh1,2,0,1,593.217,0,14.0542,7.78699,nan,nan,0,0.021,0.017,0.014873
juelich_pilot_d30_r2_log_distance_s01_w1,juelich,12345,1,1,log-distance,35,36,veh0,veh10,2,2,0,449.787,1,14.0542,8.40343,-79.7378,17.2385,2,0.021,0.017,0.014873
juelich_pilot_d30_r2_log_distance_s01_w1,juelich,12345,1,1,log-distance,35,36,veh0,veh11,2,2,0,538.388,0,14.0542,7.857,-81.2996,15.6767,2,0.021,0.017,0.014873
juelich_pilot_d30_r2_log_distance_s01_w1,juelich,12345,1,1,log-distance,35,36,veh0,veh12,2,2,0,447.38,1,14.0542,6.00807,-79.6912,17.2851,2,0.021,0.017,0.014873
juelich_pilot_d30_r2_log_distance_s01_w1,juelich,12345,1,1,log-distance,35,36,veh0,veh13,1,1,0,81.6516,1,14.0892,0.983742,-64.917,32.0593,1,0.021,0.0122222,0.014873
juelich_pilot_d30_r2_log_distance_s01_w1,juelich,12345,1,1,log-distance,35,36,veh0,veh4,2,2,0,307.445,1,14.0542,0,-76.4327,20.5435,2,0.021,0.019,0.014873
juelich_pilot_d30_r2_log_distance_s01_w1,juelich,12345,1,1,log-distance,35,36,veh0,veh5,2,2,0,543.466,0,14.0542,8.16855,-81.3811,15.5952,2,0.021,0.013,0.014873
juelich_pilot_d30_r2_log_distance_s01_w1,juelich,12345,1,1,log-distance,35,36,veh0,veh6,2,2,0,432.619,1,14.0542,8.36687,-79.3998,17.5765,2,0.021,0.017,0.014873
juelich_pilot_d30_r2_log_distance_s01_w1,juelich,12345,1,1,log-distance,35,36,veh0,veh7,2,0,1,769.525,0,14.0542,12.7601,nan,nan,0,0.021,0.013,0.014873
juelich_pilot_d30_r2_log_distance_s01_w1,juelich,12345,1,1,log-distance,35,36,veh0,veh8,2,0,1,872.12,0,14.0542,9.9421,nan,nan,0,0.021,0.01,0.014873
juelich_pilot_d30_r2_log_distance_s01_w1,juelich,12345,1,1,log-distance,35,36,veh0,veh9,2,2,0,431.003,1,14.0542,7.11968,-79.3669,17.6093,2,0.021,0.017,0.014873
juelich_pilot_d30_r2_log_distance_s01_w1,juelich,12345,1,1,log-distance,35,36,veh1,veh0,2,0,1,593.217,0,7.78699,14.0542,nan,nan,0,0.017,0.021,0.014873
juelich_pilot_d30_r2_log_distance_s01_w1,juelich,12345,1,1,log-distance,35,36,veh1,veh10,2,2,0,276.216,1,7.78699,8.40343,-75.5027,21.4736,2,0.017,0.017,0.014873
juelich_pilot_d30_r2_log_distance_s01_w1,juelich,12345,1,1,log-distance,35,36,veh1,veh11,2,2,0,58.7139,1,7.78699,7.857,-62.0525,34.9238,2,0.017,0.017,0.014873
juelich_pilot_d30_r2_log_distance_s01_w1,juelich,12345,1,1,log-distance,35,36,veh1,veh12,2,0,1,677.317,0,7.78699,6.00807,nan,nan,0,0.017,0.017,0.014873
juelich_pilot_d30_r2_log_distance_s01_w1,juelich,12345,1,1,log-distance,35,36,veh1,veh13,1,1,0,524.743,0,7.7273,0.983742,-81.0766,15.8997,1,0.017,0.0122222,0.014873
juelich_pilot_d30_r2_log_distance_s01_w1,juelich,12345,1,1,log-distance,35,36,veh1,veh4,2,2,0,326.498,1,7.78699,0,-76.9552,20.0211,2,0.017,0.019,0.014873
juelich_pilot_d30_r2_log_distance_s01_w1,juelich,12345,1,1,log-distance,35,36,veh1,veh6,2,2,0,299.411,1,7.78699,8.36687,-76.2031,20.7732,2,0.017,0.017,0.014873
juelich_pilot_d30_r2_log_distance_s01_w1,juelich,12345,1,1,log-distance,35,36,veh1,veh8,2,0,1,994.742,0,7.78699,9.9421,nan,nan,0,0.017,0.01,0.014873
juelich_pilot_d30_r2_log_distance_s01_w1,juelich,12345,1,1,log-distance,35,36,veh1,veh9,2,2,0,165.575,1,7.78699,7.11968,-71.0568,25.9195,2,0.017,0.017,0.014873
juelich_pilot_d30_r2_log_distance_s01_w1,juelich,12345,1,1,log-distance,35,36,veh10,veh0,2,2,0,449.787,1,8.40343,14.0542,-79.7378,17.2385,2,0.017,0.021,0.014873
juelich_pilot_d30_r2_log_distance_s01_w1,juelich,12345,1,1,log-distance,35,36,veh10,veh1,2,2,0,276.216,1,8.40343,7.78699,-75.5027,21.4736,2,0.017,0.017,0.014873
juelich_pilot_d30_r2_log_distance_s01_w1,juelich,12345,1,1,log-distance,35,36,veh10,veh11,2,2,0,225.203,1,8.40343,7.857,-73.7292,23.2471,2,0.017,0.017,0.014873
juelich_pilot_d30_r2_log_distance_s01_w1,juelich,12345,1,1,log-distance,35,36,veh10,veh12,2,2,0,403.537,1,8.40343,6.00807,-78.7953,18.181,2,0.017,0.017,0.014873
juelich_pilot_d30_r2_log_distance_s01_w1,juelich,12345,1,1,log-distance,35,36,veh10,veh13,1,1,0,369.336,1,8.49331,0.983742,-78.0261,18.9502,1,0.017,0.0122222,0.014873
juelich_pilot_d30_r2_log_distance_s01_w1,juelich,12345,1,1,log-distance,35,36,veh10,veh4,2,2,0,146.173,1,8.40343,0,-69.9748,27.0015,2,0.017,0.019,0.014873
juelich_pilot_d30_r2_log_distance_s01_w1,juelich,12345,1,1,log-distance,35,36,veh10,veh5,2,0,1,963.364,0,8.40343,8.16855,nan,nan,0,0.017,0.013,0.014873
juelich_pilot_d30_r2_log_distance_s01_w1,juelich,12345,1,1,log-distance,35,36,veh10,veh6,2,2,0,25.6071,1,8.40343,8.36687,-54.8449,42.1314,2,0.017,0.017,0.014873
juelich_pilot_d30_r2_log_distance_s01_w1,juelich,12345,1,1,log-distance,35,36,veh10,veh9,2,2,0,174.035,1,8.40343,7.11968,-71.4904,25.4859,2,0.017,0.017,0.014873
juelich_pilot_d30_r2_log_distance_s01_w1,juelich,12345,1,1,log-distance,35,36,veh11,veh0,2,2,0,538.388,0,7.857,14.0542,-81.2996,15.6767,2,0.017,0.021,0.014873
juelich_pilot_d30_r2_log_distance_s01_w1,juelich,12345,1,1,log-distance,35,36,veh11,veh1,2,2,0,58.7139,1,7.857,7.78699,-62.0525,34.9238,2,0.017,0.017,0.014873
juelich_pilot_d30_r2_log_distance_s01_w1,juelich,12345,1,1,log-distance,35,36,veh11,veh10,2,2,0,225.203,1,7.857,8.40343,-73.7292,23.2471,2,0.017,0.017,0.014873
juelich_pilot_d30_r2_log_distance_s01_w1,juelich,12345,1,1,log-distance,35,36,veh11,veh12,2,0,1,622.715,0,7.857,6.00807,nan,nan,0,0.017,0.017,0.014873
juelich_pilot_d30_r2_log_distance_s01_w1,juelich,12345,1,1,log-distance,35,36,veh11,veh13,1,1,0,468.452,1,7.87273,0.983742,-80.091,16.8853,1,0.017,0.0122222,0.014873
juelich_pilot_d30_r2_log_distance_s01_w1,juelich,12345,1,1,log-distance,35,36,veh11,veh4,2,2,0,267.784,1,7.857,0,-75.2332,21.7431,2,0.017,0.019,0.014873
juelich_pilot_d30_r2_log_distance_s01_w1,juelich,12345,1,1,log-distance,35,36,veh11,veh5,2,0,1,969.891,0,7.857,8.16855,nan,nan,0,0.017,0.013,0.014873
juelich_pilot_d30_r2_log_distance_s01_w1,juelich,12345,1,1,log-distance,35,36,veh11,veh6,2,2,0,247.106,1,7.857,8.36687,-74.5354,22.4409,2,0.017,0.017,0.014873
juelich_pilot_d30_r2_log_distance_s01_w1,juelich,12345,1,1,log-distance,35,36,veh11,veh7,2,0,1,986.117,0,7.857,12.7601,nan,nan,0,0.017,0.013,0.014873
juelich_pilot_d30_r2_log_distance_s01_w1,juelich,12345,1,1,log-distance,35,36,veh11,veh8,2,0,1,986.69,0,7.857,9.9421,nan,nan,0,0.017,0.01,0.014873
juelich_pilot_d30_r2_log_distance_s01_w1,juelich,12345,1,1,log-distance,35,36,veh11,veh9,2,2,0,108.26,1,7.857,7.11968,-67.3649,29.6114,2,0.017,0.017,0.014873
juelich_pilot_d30_r2_log_distance_s01_w1,juelich,12345,1,1,log-distance,35,36,veh12,veh0,2,2,0,447.38,1,6.00807,14.0542,-79.6912,17.2851,2,0.017,0.021,0.014873
juelich_pilot_d30_r2_log_distance_s01_w1,juelich,12345,1,1,log-distance,35,36,veh12,veh1,2,0,1,677.317,0,6.00807,7.78699,nan,nan,0,0.017,0.017,0.014873
juelich_pilot_d30_r2_log_distance_s01_w1,juelich,12345,1,1,log-distance,35,36,veh12,veh10,2,2,0,403.537,1,6.00807,8.40343,-78.7953,18.181,2,0.017,0.017,0.014873
juelich_pilot_d30_r2_log_distance_s01_w1,juelich,12345,1,1,log-distance,35,36,veh12,veh11,2,0,1,622.715,0,6.00807,7.857,nan,nan,0,0.017,0.017,0.014873
juelich_pilot_d30_r2_log_distance_s01_w1,juelich,12345,1,1,log-distance,35,36,veh12,veh13,1,1,0,401.281,1,6.53927,0.983742,-78.7467,18.2296,1,0.017,0.0122222,0.014873
juelich_pilot_d30_r2_log_distance_s01_w1,juelich,12345,1,1,log-distance,35,36,veh12,veh4,2,2,0,388.869,1,6.00807,0,-78.4737,18.5026,2,0.017,0.019,0.014873
juelich_pilot_d30_r2_log_distance_s01_w1,juelich,12345,1,1,log-distance,35,36,veh12,veh5,2,0,1,967.255,0,6.00807,8.16855,nan,nan,0,0.017,0.013,0.014873
juelich_pilot_d30_r2_log_distance_s01_w1,juelich,12345,1,1,log-distance,35,36,veh12,veh6,2,2,0,379.027,1,6.00807,8.36687,-78.2511,18.7252,2,0.017,0.017,0.014873
juelich_pilot_d30_r2_log_distance_s01_w1,juelich,12345,1,1,log-distance,35,36,veh12,veh9,2,2,0,541.655,0,6.00807,7.11968,-81.3522,15.6241,2,0.017,0.017,0.014873
juelich_pilot_d30_r2_log_distance_s01_w1,juelich,12345,1,1,log-distance,35,36,veh13,veh0,1,1,0,81.6516,1,0.983742,14.0892,-64.917,32.0593,1,0.0122222,0.021,0.014873
juelich_pilot_d30_r2_log_distance_s01_w1,juelich,12345,1,1,log-distance,35,36,veh13,veh1,1,1,0,524.743,0,0.983742,7.7273,-81.0766,15.8997,1,0.0122222,0.017,0.014873
juelich_pilot_d30_r2_log_distance_s01_w1,juelich,12345,1,1,log-distance,35,36,veh13,veh10,1,1,0,369.336,1,0.983742,8.49331,-78.0261,18.9502,1,0.0122222,0.017,0.014873
juelich_pilot_d30_r2_log_distance_s01_w1,juelich,12345,1,1,log-distance,35,36,veh13,veh11,1,1,0,468.452,1,0.983742,7.87273,-80.091,16.8853,1,0.0122222,0.017,0.014873
juelich_pilot_d30_r2_log_distance_s01_w1,juelich,12345,1,1,log-distance,35,36,veh13,veh12,1,1,0,401.281,1,0.983742,6.53927,-78.7467,18.2296,1,0.0122222,0.017,0.014873
juelich_pilot_d30_r2_log_distance_s01_w1,juelich,12345,1,1,log-distance,35,36,veh13,veh4,1,1,0,229.506,1,0.983742,0,-73.8936,23.0827,1,0.0122222,0.019,0.014873
juelich_pilot_d30_r2_log_distance_s01_w1,juelich,12345,1,1,log-distance,35,36,veh13,veh5,1,0,1,616.449,0,0.983742,8.17132,nan,nan,0,0.0122222,0.013,0.014873
juelich_pilot_d30_r2_log_distance_s01_w1,juelich,12345,1,1,log-distance,35,36,veh13,veh6,1,1,0,351.862,1,0.983742,8.40617,-77.6052,19.3711,1,0.0122222,0.017,0.014873
juelich_pilot_d30_r2_log_distance_s01_w1,juelich,12345,1,1,log-distance,35,36,veh13,veh7,1,0,1,814.509,0,0.983742,12.7545,nan,nan,0,0.0122222,0.013,0.014873
juelich_pilot_d30_r2_log_distance_s01_w1,juelich,12345,1,1,log-distance,35,36,veh13,veh8,1,0,1,907.212,0,0.983742,9.92004,nan,nan,0,0.0122222,0.01,0.014873
juelich_pilot_d30_r2_log_distance_s01_w1,juelich,12345,1,1,log-distance,35,36,veh13,veh9,1,1,0,362.72,1,0.983742,7.08116,-77.8691,19.1071,1,0.0122222,0.017,0.014873
juelich_pilot_d30_r2_log_distance_s01_w1,juelich,12345,1,1,log-distance,35,36,veh2,veh3,2,2,0,40.4811,1,0,8.5841,-58.819,38.1573,2,0.008,0.01,0.014873
juelich_pilot_d30_r2_log_distance_s01_w1,juelich,12345,1,1,log-distance,35,36,veh2,veh5,2,0,1,855.306,0,0,8.16855,nan,nan,0,0.008,0.013,0.014873
juelich_pilot_d30_r2_log_distance_s01_w1,juelich,12345,1,1,log-distance,35,36,veh2,veh7,2,2,0,466.621,1,0,12.7601,-80.0568,16.9195,2,0.008,0.013,0.014873
juelich_pilot_d30_r2_log_distance_s01_w1,juelich,12345,1,1,log-distance,35,36,veh2,veh8,2,2,0,366.985,1,0,9.9421,-77.9706,19.0056,2,0.008,0.01,0.014873
juelich_pilot_d30_r2_log_distance_s01_w1,juelich,12345,1,1,log-distance,35,36,veh3,veh2,2,2,0,40.4811,1,8.5841,0,-58.819,38.1573,2,0.01,0.008,0.014873
juelich_pilot_d30_r2_log_distance_s01_w1,juelich,12345,1,1,log-distance,35,36,veh3,veh5,2,0,1,815.438,0,8.5841,8.16855,nan,nan,0,0.01,0.013,0.014873
juelich_pilot_d30_r2_log_distance_s01_w1,juelich,12345,1,1,log-distance,35,36,veh3,veh7,2,2,0,429.528,1,8.5841,12.7601,-79.3375,17.6388,2,0.01,0.013,0.014873
juelich_pilot_d30_r2_log_distance_s01_w1,juelich,12345,1,1,log-distance,35,36,veh3,veh8,2,2,0,339.339,1,8.5841,9.9421,-77.2903,19.686,2,0.01,0.01,0.014873
juelich_pilot_d30_r2_log_distance_s01_w1,juelich,12345,1,1,log-distance,35,36,veh4,veh0,2,2,0,307.445,1,0,14.0542,-76.4327,20.5435,2,0.019,0.021,0.014873
juelich_pilot_d30_r2_log_distance_s01_w1,juelich,12345,1,1,log-distance,35,36,veh4,veh1,2,2,0,326.498,1,0,7.78699,-76.9552,20.0211,2,0.019,0.017,0.014873
juelich_pilot_d30_r2_log_distance_s01_w1,juelich,12345,1,1,log-distance,35,36,veh4,veh10,2,2,0,146.173,1,0,8.40343,-69.9748,27.0015,2,0.019,0.017,0.014873
juelich_pilot_d30_r2_log_distance_s01_w1,juelich,12345,1,1,log-distance,35,36,veh4,veh11,2,2,0,267.784,1,0,7.857,-75.2332,21.7431,2,0.019,0.017,0.014873
juelich_pilot_d30_r2_log_distance_s01_w1,juelich,12345,1,1,log-distance,35,36,veh4,veh12,2,2,0,388.869,1,0,6.00807,-78.4737,18.5026,2,0.019,0.017,0.014873
juelich_pilot_d30_r2_log_distance_s01_w1,juelich,12345,1,1,log-distance,35,36,veh4,veh13,1,1,0,229.506,1,0,0.983742,-73.8936,23.0827,1,0.019,0.0122222,0.014873
juelich_pilot_d30_r2_log_distance_s01_w1,juelich,12345,1,1,log-distance,35,36,veh4,veh5,2,0,1,817.78,0,0,8.16855,nan,nan,0,0.019,0.013,0.014873
juelich_pilot_d30_r2_log_distance_s01_w1,juelich,12345,1,1,log-distance,35,36,veh4,veh6,2,2,0,134.156,1,0,8.36687,-69.2297,27.7466,2,0.019,0.017,0.014873
juelich_pilot_d30_r2_log_distance_s01_w1,juelich,12345,1,1,log-distance,35,36,veh4,veh7,2,0,1,943.363,0,0,12.7601,nan,nan,0,0.019,0.013,0.014873
juelich_pilot_d30_r2_log_distance_s01_w1,juelich,12345,1,1,log-distance,35,36,veh4,veh8,2,0,1,994.571,0,0,9.9421,nan,nan,0,0.019,0.01,0.014873
juelich_pilot_d30_r2_log_distance_s01_w1,juelich,12345,1,1,log-distance,35,36,veh4,veh9,2,2,0,166.15,1,0,7.11968,-71.0877,25.8886,2,0.019,0.017,0.014873
juelich_pilot_d30_r2_log_distance_s01_w1,juelich,12345,1,1,log-distance,35,36,veh5,veh0,2,2,0,543.466,0,8.16855,14.0542,-81.3811,15.5952,2,0.013,0.021,0.014873
juelich_pilot_d30_r2_log_distance_s01_w1,juelich,12345,1,1,log-distance,35,36,veh5,veh10,2,0,1,963.364,0,8.16855,8.40343,nan,nan,0,0.013,0.017,0.014873
juelich_pilot_d30_r2_log_distance_s01_w1,juelich,12345,1,1,log-distance,35,36,veh5,veh11,2,0,1,969.891,0,8.16855,7.857,nan,nan,0,0.013,0.017,0.014873
juelich_pilot_d30_r2_log_distance_s01_w1,juelich,12345,1,1,log-distance,35,36,veh5,veh12,2,0,1,967.255,0,8.16855,6.00807,nan,nan,0,0.013,0.017,0.014873
juelich_pilot_d30_r2_log_distance_s01_w1,juelich,12345,1,1,log-distance,35,36,veh5,veh13,1,0,1,616.449,0,8.17132,0.983742,nan,nan,0,0.013,0.0122222,0.014873
juelich_pilot_d30_r2_log_distance_s01_w1,juelich,12345,1,1,log-distance,35,36,veh5,veh2,2,0,1,855.306,0,8.16855,0,nan,nan,0,0.013,0.008,0.014873
juelich_pilot_d30_r2_log_distance_s01_w1,juelich,12345,1,1,log-distance,35,36,veh5,veh3,2,0,1,815.438,0,8.16855,8.5841,nan,nan,0,0.013,0.01,0.014873
juelich_pilot_d30_r2_log_distance_s01_w1,juelich,12345,1,1,log-distance,35,36,veh5,veh4,2,0,1,817.78,0,8.16855,0,nan,nan,0,0.013,0.019,0.014873
juelich_pilot_d30_r2_log_distance_s01_w1,juelich,12345,1,1,log-distance,35,36,veh5,veh6,2,0,1,951.686,0,8.16855,8.36687,nan,nan,0,0.013,0.017,0.014873
juelich_pilot_d30_r2_log_distance_s01_w1,juelich,12345,1,1,log-distance,35,36,veh5,veh7,2,2,0,414.335,1,8.16855,12.7601,-79.0243,17.952,2,0.013,0.013,0.014873
juelich_pilot_d30_r2_log_distance_s01_w1,juelich,12345,1,1,log-distance,35,36,veh5,veh8,2,0,1,593.851,0,8.16855,9.9421,nan,nan,0,0.013,0.01,0.014873
juelich_pilot_d30_r2_log_distance_s01_w1,juelich,12345,1,1,log-distance,35,36,veh5,veh9,2,0,1,880.987,0,8.16855,7.11968,nan,nan,0,0.013,0.017,0.014873
juelich_pilot_d30_r2_log_distance_s01_w1,juelich,12345,1,1,log-distance,35,36,veh6,veh0,2,2,0,432.619,1,8.36687,14.0542,-79.3998,17.5765,2,0.017,0.021,0.014873
juelich_pilot_d30_r2_log_distance_s01_w1,juelich,12345,1,1,log-distance,35,36,veh6,veh1,2,2,0,299.411,1,8.36687,7.78699,-76.2031,20.7732,2,0.017,0.017,0.014873
juelich_pilot_d30_r2_log_distance_s01_w1,juelich,12345,1,1,log-distance,35,36,veh6,veh10,2,2,0,25.6071,1,8.36687,8.40343,-54.8449,42.1314,2,0.017,0.017,0.014873
juelich_pilot_d30_r2_log_distance_s01_w1,juelich,12345,1,1,log-distance,35,36,veh6,veh11,2,2,0,247.106,1,8.36687,7.857,-74.5354,22.4409,2,0.017,0.017,0.014873
juelich_pilot_d30_r2_log_distance_s01_w1,juelich,12345,1,1,log-distance,35,36,veh6,veh12,2,2,0,379.027,1,8.36687,6.00807,-78.2511,18.7252,2,0.017,0.017,0.014873
juelich_pilot_d30_r2_log_distance_s01_w1,juelich,12345,1,1,log-distance,35,36,veh6,veh13,1,1,0,351.862,1,8.40617,0.983742,-77.6052,19.3711,1,0.017,0.0122222,0.014873
juelich_pilot_d30_r2_log_distance_s01_w1,juelich,12345,1,1,log-distance,35,36,veh6,veh4,2,2,0,134.156,1,8.36687,0,-69.2297,27.7466,2,0.017,0.019,0.014873
juelich_pilot_d30_r2_log_distance_s01_w1,juelich,12345,1,1,log-distance,35,36,veh6,veh5,2,0,1,951.686,0,8.36687,8.16855,nan,nan,0,0.017,0.013,0.014873
juelich_pilot_d30_r2_log_distance_s01_w1,juelich,12345,1,1,log-distance,35,36,veh6,veh9,2,2,0,187.888,1,8.36687,7.11968,-72.1557,24.8206,2,0.017,0.017,0.014873
juelich_pilot_d30_r2_log_distance_s01_w1,juelich,12345,1,1,log-distance,35,36,veh7,veh0,2,0,1,769.525,0,12.7601,14.0542,nan,nan,0,0.013,0.021,0.014873
juelich_pilot_d30_r2_log_distance_s01_w1,juelich,12345,1,1,log-distance,35,36,veh7,veh11,2,0,1,986.117,0,12.7601,7.857,nan,nan,0,0.013,0.017,0.014873
juelich_pilot_d30_r2_log_distance_s01_w1,juelich,12345,1,1,log-distance,35,36,veh7,veh13,1,0,1,814.509,0,12.7545,0.983742,nan,nan,0,0.013,0.0122222,0.014873
juelich_pilot_d30_r2_log_distance_s01_w1,juelich,12345,1,1,log-distance,35,36,veh7,veh2,2,2,0,466.621,1,12.7601,0,-80.0568,16.9195,2,0.013,0.008,0.014873
juelich_pilot_d30_r2_log_distance_s01_w1,juelich,12345,1,1,log-distance,35,36,veh7,veh3,2,2,0,429.528,1,12.7601,8.5841,-79.3375,17.6388,2,0.013,0.01,0.014873
juelich_pilot_d30_r2_log_distance_s01_w1,juelich,12345,1,1,log-distance,35,36,veh7,veh4,2,0,1,943.363,0,12.7601,0,nan,nan,0,0.013,0.019,0.014873
juelich_pilot_d30_r2_log_distance_s01_w1,juelich,12345,1,1,log-distance,35,36,veh7,veh5,2,2,0,414.335,1,12.7601,8.16855,-79.0243,17.952,2,0.013,0.013,0.014873
juelich_pilot_d30_r2_log_distance_s01_w1,juelich,12345,1,1,log-distance,35,36,veh7,veh8,2,2,0,187.1,1,12.7601,9.9421,-72.1176,24.8587,2,0.013,0.01,0.014873
juelich_pilot_d30_r2_log_distance_s01_w1,juelich,12345,1,1,log-distance,35,36,veh7,veh9,2,0,1,932.201,0,12.7601,7.11968,nan,nan,0,0.013,0.017,0.014873
juelich_pilot_d30_r2_log_distance_s01_w1,juelich,12345,1,1,log-distance,35,36,veh8,veh0,2,0,1,872.12,0,9.9421,14.0542,nan,nan,0,0.01,0.021,0.014873
juelich_pilot_d30_r2_log_distance_s01_w1,juelich,12345,1,1,log-distance,35,36,veh8,veh1,2,0,1,994.742,0,9.9421,7.78699,nan,nan,0,0.01,0.017,0.014873
juelich_pilot_d30_r2_log_distance_s01_w1,juelich,12345,1,1,log-distance,35,36,veh8,veh11,2,0,1,986.69,0,9.9421,7.857,nan,nan,0,0.01,0.017,0.014873
juelich_pilot_d30_r2_log_distance_s01_w1,juelich,12345,1,1,log-distance,35,36,veh8,veh13,1,0,1,907.212,0,9.92004,0.983742,nan,nan,0,0.01,0.0122222,0.014873
juelich_pilot_d30_r2_log_distance_s01_w1,juelich,12345,1,1,log-distance,35,36,veh8,veh2,2,2,0,366.985,1,9.9421,0,-77.9706,19.0056,2,0.01,0.008,0.014873
juelich_pilot_d30_r2_log_distance_s01_w1,juelich,12345,1,1,log-distance,35,36,veh8,veh3,2,2,0,339.339,1,9.9421,8.5841,-77.2903,19.686,2,0.01,0.01,0.014873
juelich_pilot_d30_r2_log_distance_s01_w1,juelich,12345,1,1,log-distance,35,36,veh8,veh4,2,0,1,994.571,0,9.9421,0,nan,nan,0,0.01,0.019,0.014873
juelich_pilot_d30_r2_log_distance_s01_w1,juelich,12345,1,1,log-distance,35,36,veh8,veh5,2,0,1,593.851,0,9.9421,8.16855,nan,nan,0,0.01,0.013,0.014873
juelich_pilot_d30_r2_log_distance_s01_w1,juelich,12345,1,1,log-distance,35,36,veh8,veh7,2,2,0,187.1,1,9.9421,12.7601,-72.1176,24.8587,2,0.01,0.013,0.014873
juelich_pilot_d30_r2_log_distance_s01_w1,juelich,12345,1,1,log-distance,35,36,veh8,veh9,2,0,1,951.888,0,9.9421,7.11968,nan,nan,0,0.01,0.017,0.014873
juelich_pilot_d30_r2_log_distance_s01_w1,juelich,12345,1,1,log-distance,35,36,veh9,veh0,2,2,0,431.003,1,7.11968,14.0542,-79.3669,17.6093,2,0.017,0.021,0.014873
juelich_pilot_d30_r2_log_distance_s01_w1,juelich,12345,1,1,log-distance,35,36,veh9,veh1,2,2,0,165.575,1,7.11968,7.78699,-71.0568,25.9195,2,0.017,0.017,0.014873
juelich_pilot_d30_r2_log_distance_s01_w1,juelich,12345,1,1,log-distance,35,36,veh9,veh10,2,2,0,174.035,1,7.11968,8.40343,-71.4904,25.4859,2,0.017,0.017,0.014873
juelich_pilot_d30_r2_log_distance_s01_w1,juelich,12345,1,1,log-distance,35,36,veh9,veh11,2,2,0,108.26,1,7.11968,7.857,-67.3649,29.6114,2,0.017,0.017,0.014873
juelich_pilot_d30_r2_log_distance_s01_w1,juelich,12345,1,1,log-distance,35,36,veh9,veh12,2,2,0,541.655,0,7.11968,6.00807,-81.3522,15.6241,2,0.017,0.017,0.014873
juelich_pilot_d30_r2_log_distance_s01_w1,juelich,12345,1,1,log-distance,35,36,veh9,veh13,1,1,0,362.72,1,7.08116,0.983742,-77.8691,19.1071,1,0.017,0.0122222,0.014873
juelich_pilot_d30_r2_log_distance_s01_w1,juelich,12345,1,1,log-distance,35,36,veh9,veh4,2,2,0,166.15,1,7.11968,0,-71.0877,25.8886,2,0.017,0.019,0.014873
juelich_pilot_d30_r2_log_distance_s01_w1,juelich,12345,1,1,log-distance,35,36,veh9,veh5,2,0,1,880.987,0,7.11968,8.16855,nan,nan,0,0.017,0.013,0.014873
juelich_pilot_d30_r2_log_distance_s01_w1,juelich,12345,1,1,log-distance,35,36,veh9,veh6,2,2,0,187.888,1,7.11968,8.36687,-72.1557,24.8206,2,0.017,0.017,0.014873
juelich_pilot_d30_r2_log_distance_s01_w1,juelich,12345,1,1,log-distance,35,36,veh9,veh7,2,0,1,932.201,0,7.11968,12.7601,nan,nan,0,0.017,0.013,0.014873
juelich_pilot_d30_r2_log_distance_s01_w1,juelich,12345,1,1,log-distance,35,36,veh9,veh8,2,0,1,951.888,0,7.11968,9.9421,nan,nan,0,0.017,0.01,0.014873
juelich_pilot_d30_r2_log_distance_s01_w1,juelich,12345,1,1,log-distance,36,37,veh0,veh1,2,0,1,599.343,0,14.0378,7.78673,nan,nan,0,0.022,0.018,0.0162857
juelich_pilot_d30_r2_log_distance_s01_w1,juelich,12345,1,1,log-distance,36,37,veh0,veh10,2,2,0,454.411,1,14.0378,8.64319,-79.8266,17.1496,2,0.022,0.018,0.0162857
juelich_pilot_d30_r2_log_distance_s01_w1,juelich,12345,1,1,log-distance,36,37,veh0,veh11,2,2,0,544.431,0,14.0378,7.81865,-81.3965,15.5798,2,0.022,0.018,0.0162857
juelich_pilot_d30_r2_log_distance_s01_w1,juelich,12345,1,1,log-distance,36,37,veh0,veh12,2,2,0,453.322,1,14.0378,7.99554,-79.8057,17.1705,2,0.022,0.018,0.0162857
juelich_pilot_d30_r2_log_distance_s01_w1,juelich,12345,1,1,log-distance,36,37,veh0,veh13,2,2,0,90.715,1,14.0378,2.61557,-65.8255,31.1508,2,0.022,0.022,0.0162857
juelich_pilot_d30_r2_log_distance_s01_w1,juelich,12345,1,1,log-distance,36,37,veh0,veh4,2,2,0,318.74,1,14.0378,0,-76.746,20.2303,2,0.022,0.02,0.0162857
juelich_pilot_d30_r2_log_distance_s01_w1,juelich,12345,1,1,log-distance,36,37,veh0,veh5,2,2,0,537.099,0,14.0378,8.16616,-81.2787,15.6975,2,0.022,0.014,0.0162857
juelich_pilot_d30_r2_log_distance_s01_w1,juelich,12345,1,1,log-distance,36,37,veh0,veh6,2,2,0,437.13,1,14.0378,8.3633,-79.4899,17.4864,2,0.022,0.018,0.0162857
juelich_pilot_d30_r2_log_distance_s01_w1,juelich,12345,1,1,log-distance,36,37,veh0,veh7,2,0,1,759.597,0,14.0378,12.7883,nan,nan,0,0.022,0.014,0.0162857
juelich_pilot_d30_r2_log_distance_s01_w1,juelich,12345,1,1,log-distance,36,37,veh0,veh8,2,0,1,877.787,0,14.0378,9.89479,nan,nan,0,0.022,0.01,0.0162857
juelich_pilot_d30_r2_log_distance_s01_w1,juelich,12345,1,1,log-distance,36,37,veh0,veh9,2,2,0,447.171,1,14.0378,7.09045,-79.6868,17.2895,2,0.022,0.018,0.0162857
juelich_pilot_d30_r2_log_distance_s01_w1,juelich,12345,1,1,log-distance,36,37,veh1,veh0,2,0,1,599.343,0,7.78673,14.0378,nan,nan,0,0.018,0.022,0.0162857
juelich_pilot_d30_r2_log_distance_s01_w1,juelich,12345,1,1,log-distance,36,37,veh1,veh10,2,2,0,277.082,1,7.78673,8.64319,-75.5299,21.4464,2,0.018,0.018,0.0162857
juelich_pilot_d30_r2_log_distance_s01_w1,juelich,12345,1,1,log-distance,36,37,veh1,veh11,2,2,0,58.8329,1,7.78673,7.81865,-62.0701,34.9062,2,0.018,0.018,0.0162857
juelich_pilot_d30_r2_log_distance_s01_w1,juelich,12345,1,1,log-distance,36,37,veh1,veh12,2,0,1,674.282,0,7.78673,7.99554,nan,nan,0,0.018,0.018,0.0162857
juelich_pilot_d30_r2_log_distance_s01_w1,juelich,12345,1,1,log-distance,36,37,veh1,veh13,2,2,0,518.715,0,7.78673,2.61557,-80.9762,16.0001,2,0.018,0.022,0.0162857
juelich_pilot_d30_r2_log_distance_s01_w1,juelich,12345,1,1,log-distance,36,37,veh1,veh4,2,2,0,318.742,1,7.78673,0,-76.7463,20.23,2,0.018,0.02,0.0162857
juelich_pilot_d30_r2_log_distance_s01_w1,juelich,12345,1,1,log-distance,36,37,veh1,veh5,1,0,1,995.94,0,7.82474,8.18826,nan,nan,0,0.018,0.014,0.0162857
juelich_pilot_d30_r2_log_distance_s01_w1,juelich,12345,1,1,log-distance,36,37,veh1,veh6,2,2,0,300.087,1,7.78673,8.3633,-76.2226,20.7536,2,0.018,0.018,0.0162857
juelich_pilot_d30_r2_log_distance_s01_w1,juelich,12345,1,1,log-distance,36,37,veh1,veh7,2,0,1,991.784,0,7.78673,12.7883,nan,nan,0,0.018,0.014,0.0162857
juelich_pilot_d30_r2_log_distance_s01_w1,juelich,12345,1,1,log-distance,36,37,veh1,veh8,2,0,1,987.555,0,7.78673,9.89479,nan,nan,0,0.018,0.01,0.0162857
juelich_pilot_d30_r2_log_distance_s01_w1,juelich,12345,1,1,log-distance,36,37,veh1,veh9,2,2,0,156.651,1,7.78673,7.09045,-70.5755,26.4008,2,0.018,0.018,0.0162857
juelich_pilot_d30_r2_log_distance_s01_w1,juelich,12345,1,1,log-distance,36,37,veh10,veh0,2,2,0,454.411,1,8.64319,14.0378,-79.8266,17.1496,2,0.018,0.022,0.0162857
juelich_pilot_d30_r2_log_distance_s01_w1,juelich,12345,1,1,log-distance,36,37,veh10,veh1,2,2,0,277.082,1,8.64319,7.78673,-75.5299,21.4464,2,0.018,0.018,0.0162857
juelich_pilot_d30_r2_log_distance_s01_w1,juelich,12345,1,1,log-distance,36,37,veh10,veh11,2,2,0,225.843,1,8.64319,7.81865,-73.7538,23.2224,2,0.018,0.018,0.0162857
juelich_pilot_d30_r2_log_distance_s01_w1,juelich,12345,1,1,log-distance,36,37,veh10,veh12,2,2,0,399.074,1,8.64319,7.99554,-78.6987,18.2775,2,0.018,0.018,0.0162857
juelich_pilot_d30_r2_log_distance_s01_w1,juelich,12345,1,1,log-distance,36,37,veh10,veh13,2,2,0,363.727,1,8.64319,2.61557,-77.8931,19.0832,2,0.018,0.022,0.0162857
juelich_pilot_d30_r2_log_distance_s01_w1,juelich,12345,1,1,log-distance,36,37,veh10,veh4,2,2,0,141.863,1,8.64319,0,-69.7149,27.2614,2,0.018,0.02,0.0162857
juelich_pilot_d30_r2_log_distance_s01_w1,juelich,12345,1,1,log-distance,36,37,veh10,veh5,2,0,1,955.833,0,8.64319,8.16616,nan,nan,0,0.018,0.014,0.0162857
juelich_pilot_d30_r2_log_distance_s01_w1,juelich,12345,1,1,log-distance,36,37,veh10,veh6,2,2,0,25.4473,1,8.64319,8.3633,-54.7905,42.1858,2,0.018,0.018,0.0162857
juelich_pilot_d30_r2_log_distance_s01_w1,juelich,12345,1,1,log-distance,36,37,veh10,veh9,2,2,0,172.508,1,8.64319,7.09045,-71.4139,25.5624,2,0.018,0.018,0.0162857
juelich_pilot_d30_r2_log_distance_s01_w1,juelich,12345,1,1,log-distance,36,37,veh11,veh0,2,2,0,544.431,0,7.81865,14.0378,-81.3965,15.5798,2,0.018,0.022,0.0162857
juelich_pilot_d30_r2_log_distance_s01_w1,juelich,12345,1,1,log-distance,36,37,veh11,veh1,2,2,0,58.8329,1,7.81865,7.78673,-62.0701,34.9062,2,0.018,0.018,0.0162857
juelich_pilot_d30_r2_log_distance_s01_w1,juelich,12345,1,1,log-distance,36,37,veh11,veh10,2,2,0,225.843,1,7.81865,8.64319,-73.7538,23.2224,2,0.018,0.018,0.0162857
juelich_pilot_d30_r2_log_distance_s01_w1,juelich,12345,1,1,log-distance,36,37,veh11,veh12,2,0,1,619.786,0,7.81865,7.99554,nan,nan,0,0.018,0.018,0.0162857
juelich_pilot_d30_r2_log_distance_s01_w1,juelich,12345,1,1,log-distance,36,37,veh11,veh13,2,2,0,462.361,1,7.81865,2.61557,-79.9772,16.999,2,0.018,0.022,0.0162857
juelich_pilot_d30_r2_log_distance_s01_w1,juelich,12345,1,1,log-distance,36,37,veh11,veh4,2,2,0,259.909,1,7.81865,0,-74.9739,22.0024,2,0.018,0.02,0.0162857
juelich_pilot_d30_r2_log_distance_s01_w1,juelich,12345,1,1,log-distance,36,37,veh11,veh5,2,0,1,959.439,0,7.81865,8.16616,nan,nan,0,0.018,0.014,0.0162857
juelich_pilot_d30_r2_log_distance_s01_w1,juelich,12345,1,1,log-distance,36,37,veh11,veh6,2,2,0,247.566,1,7.81865,8.3633,-74.5515,22.4248,2,0.018,0.018,0.0162857
juelich_pilot_d30_r2_log_distance_s01_w1,juelich,12345,1,1,log-distance,36,37,veh11,veh7,2,0,1,973.13,0,7.81865,12.7883,nan,nan,0,0.018,0.014,0.0162857
juelich_pilot_d30_r2_log_distance_s01_w1,juelich,12345,1,1,log-distance,36,37,veh11,veh8,2,0,1,980.637,0,7.81865,9.89479,nan,nan,0,0.018,0.01,0.0162857
juelich_pilot_d30_r2_log_distance_s01_w1,juelich,12345,1,1,log-distance,36,37,veh11,veh9,2,2,0,98.7745,1,7.81865,7.09045,-66.5682,30.4081,2,0.018,0.018,0.0162857
juelich_pilot_d30_r2_log_distance_s01_w1,juelich,12345,1,1,log-distance,36,37,veh12,veh0,2,2,0,453.322,1,7.99554,14.0378,-79.8057,17.1705,2,0.018,0.022,0.0162857
juelich_pilot_d30_r2_log_distance_s01_w1,juelich,12345,1,1,log-distance,36,37,veh12,veh1,2,0,1,674.282,0,7.99554,7.78673,nan,nan,0,0.018,0.018,0.0162857
juelich_pilot_d30_r2_log_distance_s01_w1,juelich,12345,1,1,log-distance,36,37,veh12,veh10,2,2,0,399.074,1,7.99554,8.64319,-78.6987,18.2775,2,0.018,0.018,0.0162857
juelich_pilot_d30_r2_log_distance_s01_w1,juelich,12345,1,1,log-distance,36,37,veh12,veh11,2,0,1,619.786,0,7.99554,7.81865,nan,nan,0,0.018,0.018,0.0162857
juelich_pilot_d30_r2_log_distance_s01_w1,juelich,12345,1,1,log-distance,36,37,veh12,veh13,2,2,0,405.412,1,7.99554,2.61557,-78.8356,18.1407,2,0.018,0.022,0.0162857
juelich_pilot_d30_r2_log_distance_s01_w1,juelich,12345,1,1,log-distance,36,37,veh12,veh4,2,2,0,394.527,1,7.99554,0,-78.5992,18.3771,2,0.018,0.02,0.0162857
juelich_pilot_d30_r2_log_distance_s01_w1,juelich,12345,1,1,log-distance,36,37,veh12,veh5,2,0,1,973.569,0,7.99554,8.16616,nan,nan,0,0.018,0.014,0.0162857
juelich_pilot_d30_r2_log_distance_s01_w1,juelich,12345,1,1,log-distance,36,37,veh12,veh6,2,2,0,374.917,1,7.99554,8.3633,-78.1564,18.8199,2,0.018,0.018,0.0162857
juelich_pilot_d30_r2_log_distance_s01_w1,juelich,12345,1,1,log-distance,36,37,veh12,veh9,2,2,0,543.206,0,7.99554,7.09045,-81.377,15.5993,2,0.018,0.018,0.0162857
juelich_pilot_d30_r2_log_distance_s01_w1,juelich,12345,1,1,log-distance,36,37,veh13,veh0,2,2,0,90.715,1,2.61557,14.0378,-65.8255,31.1508,2,0.022,0.022,0.0162857
juelich_pilot_d30_r2_log_distance_s01_w1,juelich,12345,1,1,log-distance,36,37,veh13,veh1,2,2,0,518.715,0,2.61557,7.78673,-80.9762,16.0001,2,0.022,0.018,0.0162857
juelich_pilot_d30_r2_log_distance_s01_w1,juelich,12345,1,1,log-distance,36,37,veh13,veh10,2,2,0,363.727,1,2.61557,8.64319,-77.8931,19.0832,2,0.022,0.018,0.0162857
juelich_pilot_d30_r2_log_distance_s01_w1,juelich,12345,1,1,log-distance,36,37,veh13,veh11,2,2,0,462.361,1,2.61557,7.81865,-79.9772,16.999,2,0.022,0.018,0.0162857
juelich_pilot_d30_r2_log_distance_s01_w1,juelich,12345,1,1,log-distance,36,37,veh13,veh12,2,2,0,405.412,1,2.61557,7.99554,-78.8356,18.1407,2,0.022,0.018,0.0162857
juelich_pilot_d30_r2_log_distance_s01_w1,juelich,12345,1,1,log-distance,36,37,veh13,veh4,2,2,0,228.572,1,2.61557,0,-73.8581,23.1181,2,0.022,0.02,0.0162857
juelich_pilot_d30_r2_log_distance_s01_w1,juelich,12345,1,1,log-distance,36,37,veh13,veh5,2,0,1,615.956,0,2.61557,8.16616,nan,nan,0,0.022,0.014,0.0162857
juelich_pilot_d30_r2_log_distance_s01_w1,juelich,12345,1,1,log-distance,36,37,veh13,veh6,2,2,0,346.627,1,2.61557,8.3633,-77.4748,19.5015,2,0.022,0.018,0.0162857
juelich_pilot_d30_r2_log_distance_s01_w1,juelich,12345,1,1,log-distance,36,37,veh13,veh7,2,0,1,806.405,0,2.61557,12.7883,nan,nan,0,0.022,0.014,0.0162857
juelich_pilot_d30_r2_log_distance_s01_w1,juelich,12345,1,1,log-distance,36,37,veh13,veh8,2,0,1,908.089,0,2.61557,9.89479,nan,nan,0,0.022,0.01,0.0162857
juelich_pilot_d30_r2_log_distance_s01_w1,juelich,12345,1,1,log-distance,36,37,veh13,veh9,2,2,0,364.011,1,2.61557,7.09045,-77.9,19.0763,2,0.022,0.018,0.0162857
juelich_pilot_d30_r2_log_distance_s01_w1,juelich,12345,1,1,log-distance,36,37,veh2,veh3,2,2,0,47.2256,1,0,10.4337,-60.1492,36.827,2,0.008,0.01,0.0162857
juelich_pilot_d30_r2_log_distance_s01_w1,juelich,12345,1,1,log-distance,36,37,veh2,veh5,2,0,1,849.641,0,0,8.16616,nan,nan,0,0.008,0.014,0.0162857
juelich_pilot_d30_r2_log_distance_s01_w1,juelich,12345,1,1,log-distance,36,37,veh2,veh7,2,2,0,479.082,1,0,12.7883,-80.2857,16.6906,2,0.008,0.014,0.0162857
juelich_pilot_d30_r2_log_distance_s01_w1,juelich,12345,1,1,log-distance,36,37,veh2,veh8,2,2,0,370.154,1,0,9.89479,-78.0453,18.931,2,0.008,0.01,0.0162857
juelich_pilot_d30_r2_log_distance_s01_w1,juelich,12345,1,1,log-distance,36,37,veh3,veh2,2,2,0,47.2256,1,10.4337,0,-60.1492,36.827,2,0.01,0.008,0.0162857
juelich_pilot_d30_r2_log_distance_s01_w1,juelich,12345,1,1,log-distance,36,37,veh3,veh5,2,0,1,802.435,0,10.4337,8.16616,nan,nan,0,0.01,0.014,0.0162857
juelich_pilot_d30_r2_log_distance_s01_w1,juelich,12345,1,1,log-distance,36,37,veh3,veh7,2,2,0,433.492,1,10.4337,12.7883,-79.4173,17.559,2,0.01,0.014,0.0162857
juelich_pilot_d30_r2_log_distance_s01_w1,juelich,12345,1,1,log-distance,36,37,veh3,veh8,2,2,0,333.929,1,10.4337,9.89479,-77.1507,19.8256,2,0.01,0.01,0.0162857
juelich_pilot_d30_r2_log_distance_s01_w1,juelich,12345,1,1,log-distance,36,37,veh4,veh0,2,2,0,318.74,1,0,14.0378,-76.746,20.2303,2,0.02,0.022,0.0162857
juelich_pilot_d30_r2_log_distance_s01_w1,juelich,12345,1,1,log-distance,36,37,veh4,veh1,2,2,0,318.742,1,0,7.78673,-76.7463,20.23,2,0.02,0.018,0.0162857
juelich_pilot_d30_r2_log_distance_s01_w1,juelich,12345,1,1,log-distance,36,37,veh4,veh10,2,2,0,141.863,1,0,8.64319,-69.7149,27.2614,2,0.02,0.018,0.0162857
juelich_pilot_d30_r2_log_distance_s01_w1,juelich,12345,1,1,log-distance,36,37,veh4,veh11,2,2,0,259.909,1,0,7.81865,-74.9739,22.0024,2,0.02,0.018,0.0162857
juelich_pilot_d30_r2_log_distance_s01_w1,juelich,12345,1,1,log-distance,36,37,veh4,veh12,2,2,0,394.527,1,0,7.99554,-78.5992,18.3771,2,0.02,0.018,0.0162857
juelich_pilot_d30_r2_log_distance_s01_w1,juelich,12345,1,1,log-distance,36,37,veh4,veh13,2,2,0,228.572,1,0,2.61557,-73.8581,23.1181,2,0.02,0.022,0.0162857
juelich_pilot_d30_r2_log_distance_s01_w1,juelich,12345,1,1,log-distance,36,37,veh4,veh5,2,0,1,814.157,0,0,8.16616,nan,nan,0,0.02,0.014,0.0162857
juelich_pilot_d30_r2_log_distance_s01_w1,juelich,12345,1,1,log-distance,36,37,veh4,veh6,2,2,0,131.077,1,0,8.3633,-69.0281,27.9482,2,0.02,0.018,0.0162857
juelich_pilot_d30_r2_log_distance_s01_w1,juelich,12345,1,1,log-distance,36,37,veh4,veh7,2,0,1,931.144,0,0,12.7883,nan,nan,0,0.02,0.014,0.0162857
juelich_pilot_d30_r2_log_distance_s01_w1,juelich,12345,1,1,log-distance,36,37,veh4,veh8,2,0,1,991.675,0,0,9.89479,nan,nan,0,0.02,0.01,0.0162857
juelich_pilot_d30_r2_log_distance_s01_w1,juelich,12345,1,1,log-distance,36,37,veh4,veh9,2,2,0,165.152,1,0,7.09045,-71.0354,25.9409,2,0.02,0.018,0.0162857
juelich_pilot_d30_r2_log_distance_s01_w1,juelich,12345,1,1,log-distance,36,37,veh5,veh0,2,2,0,537.099,0,8.16616,14.0378,-81.2787,15.6975,2,0.014,0.022,0.0162857
juelich_pilot_d30_r2_log_distance_s01_w1,juelich,12345,1,1,log-distance,36,37,veh5,veh1,1,0,1,995.94,0,8.18826,7.82474,nan,nan,0,0.014,0.018,0.0162857
juelich_pilot_d30_r2_log_distance_s01_w1,juelich,12345,1,1,log-distance,36,37,veh5,veh10,2,0,1,955.833,0,8.16616,8.64319,nan,nan,0,0.014,0.018,0.0162857
juelich_pilot_d30_r2_log_distance_s01_w1,juelich,12345,1,1,log-distance,36,37,veh5,veh11,2,0,1,959.439,0,8.16616,7.81865,nan,nan,0,0.014,0.018,0.0162857
juelich_pilot_d30_r2_log_distance_s01_w1,juelich,12345,1,1,log-distance,36,37,veh5,veh12,2,0,1,973.569,0,8.16616,7.99554,nan,nan,0,0.014,0.018,0.0162857
juelich_pilot_d30_r2_log_distance_s01_w1,juelich,12345,1,1,log-distance,36,37,veh5,veh13,2,0,1,615.956,0,8.16616,2.61557,nan,nan,0,0.014,0.022,0.0162857
juelich_pilot_d30_r2_log_distance_s01_w1,juelich,12345,1,1,log-distance,36,37,veh5,veh2,2,0,1,849.641,0,8.16616,0,nan,nan,0,0.014,0.008,0.0162857
juelich_pilot_d30_r2_log_distance_s01_w1,juelich,12345,1,1,log-distance,36,37,veh5,veh3,2,0,1,802.435,0,8.16616,10.4337,nan,nan,0,0.014,0.01,0.0162857
juelich_pilot_d30_r2_log_distance_s01_w1,juelich,12345,1,1,log-distance,36,37,veh5,veh4,2,0,1,814.157,0,8.16616,0,nan,nan,0,0.014,0.02,0.0162857
juelich_pilot_d30_r2_log_distance_s01_w1,juelich,12345,1,1,log-distance,36,37,veh5,veh6,2,0,1,944.483,0,8.16616,8.3633,nan,nan,0,0.014,0.018,0.0162857
juelich_pilot_d30_r2_log_distance_s01_w1,juelich,12345,1,1,log-distance,36,37,veh5,veh7,2,2,0,397.837,1,8.16616,12.7883,-78.6714,18.3049,2,0.014,0.014,0.0162857
juelich_pilot_d30_r2_log_distance_s01_w1,juelich,12345,1,1,log-distance,36,37,veh5,veh8,2,0,1,592.572,0,8.16616,9.89479,nan,nan,0,0.014,0.01,0.0162857
juelich_pilot_d30_r2_log_distance_s01_w1,juelich,12345,1,1,log-distance,36,37,veh5,veh9,2,0,1,881.841,0,8.16616,7.09045,nan,nan,0,0.014,0.018,0.0162857
juelich_pilot_d30_r2_log_distance_s01_w1,juelich,12345,1,1,log-distance,36,37,veh6,veh0,2,2,0,437.13,1,8.3633,14.0378,-79.4899,17.4864,2,0.018,0.022,0.0162857
juelich_pilot_d30_r2_log_distance_s01_w1,juelich,12345,1,1,log-distance,36,37,veh6,veh1,2,2,0,300.087,1,8.3633,7.78673,-76.2226,20.7536,2,0.018,0.018,0.0162857
juelich_pilot_d30_r2_log_distance_s01_w1,juelich,12345,1,1,log-distance,36,37,veh6,veh10,2,2,0,25.4473,1,8.3633,8.64319,-54.7905,42.1858,2,0.018,0.018,0.0162857
juelich_pilot_d30_r2_log_distance_s01_w1,juelich,12345,1,1,log-distance,36,37,veh6,veh11,2,2,0,247.566,1,8.3633,7.81865,-74.5515,22.4248,2,0.018,0.018,0.0162857
juelich_pilot_d30_r2_log_distance_s01_w1,juelich,12345,1,1,log-distance,36,37,veh6,veh12,2,2,0,374.917,1,8.3633,7.99554,-78.1564,18.8199,2,0.018,0.018,0.0162857
juelich_pilot_d30_r2_log_distance_s01_w1,juelich,12345,1,1,log-distance,36,37,veh6,veh13,2,2,0,346.627,1,8.3633,2.61557,-77.4748,19.5015,2,0.018,0.022,0.0162857
juelich_pilot_d30_r2_log_distance_s01_w1,juelich,12345,1,1,log-distance,36,37,veh6,veh4,2,2,0,131.077,1,8.3633,0,-69.0281,27.9482,2,0.018,0.02,0.0162857
juelich_pilot_d30_r2_log_distance_s01_w1,juelich,12345,1,1,log-distance,36,37,veh6,veh5,2,0,1,944.483,0,8.3633,8.16616,nan,nan,0,0.018,0.014,0.0162857
juelich_pilot_d30_r2_log_distance_s01_w1,juelich,12345,1,1,log-distance,36,37,veh6,veh9,2,2,0,187.465,1,8.3633,7.09045,-72.1361,24.8402,2,0.018,0.018,0.0162857
juelich_pilot_d30_r2_log_distance_s01_w1,juelich,12345,1,1,log-distance,36,37,veh7,veh0,2,0,1,759.597,0,12.7883,14.0378,nan,nan,0,0.014,0.022,0.0162857
juelich_pilot_d30_r2_log_distance_s01_w1,juelich,12345,1,1,log-distance,36,37,veh7,veh1,2,0,1,991.784,0,12.7883,7.78673,nan,nan,0,0.014,0.018,0.0162857
juelich_pilot_d30_r2_log_distance_s01_w1,juelich,12345,1,1,log-distance,36,37,veh7,veh11,2,0,1,973.13,0,12.7883,7.81865,nan,nan,0,0.014,0.018,0.0162857
juelich_pilot_d30_r2_log_distance_s01_w1,juelich,12345,1,1,log-distance,36,37,veh7,veh13,2,0,1,806.405,0,12.7883,2.61557,nan,nan,0,0.014,0.022,0.0162857
juelich_pilot_d30_r2_log_distance_s01_w1,juelich,12345,1,1,log-distance,36,37,veh7,veh2,2,2,0,479.082,1,12.7883,0,-80.2857,16.6906,2,0.014,0.008,0.0162857
juelich_pilot_d30_r2_log_distance_s01_w1,juelich,12345,1,1,log-distance,36,37,veh7,veh3,2,2,0,433.492,1,12.7883,10.4337,-79.4173,17.559,2,0.014,0.01,0.0162857
juelich_pilot_d30_r2_log_distance_s01_w1,juelich,12345,1,1,log-distance,36,37,veh7,veh4,2,0,1,931.144,0,12.7883,0,nan,nan,0,0.014,0.02,0.0162857
juelich_pilot_d30_r2_log_distance_s01_w1,juelich,12345,1,1,log-distance,36,37,veh7,veh5,2,2,0,397.837,1,12.7883,8.16616,-78.6714,18.3049,2,0.014,0.014,0.0162857
juelich_pilot_d30_r2_log_distance_s01_w1,juelich,12345,1,1,log-distance,36,37,veh7,veh8,2,2,0,201.009,1,12.7883,9.89479,-72.7408,24.2355,2,0.014,0.01,0.0162857
juelich_pilot_d30_r2_log_distance_s01_w1,juelich,12345,1,1,log-distance,36,37,veh7,veh9,2,0,1,927.856,0,12.7883,7.09045,nan,nan,0,0.014,0.018,0.0162857
juelich_pilot_d30_r2_log_distance_s01_w1,juelich,12345,1,1,log-distance,36,37,veh8,veh0,2,0,1,877.787,0,9.89479,14.0378,nan,nan,0,0.01,0.022,0.0162857
juelich_pilot_d30_r2_log_distance_s01_w1,juelich,12345,1,1,log-distance,36,37,veh8,veh1,2,0,1,987.555,0,9.89479,7.78673,nan,nan,0,0.01,0.018,0.0162857
juelich_pilot_d30_r2_log_distance_s01_w1,juelich,12345,1,1,log-distance,36,37,veh8,veh11,2,0,1,980.637,0,9.89479,7.81865,nan,nan,0,0.01,0.018,0.0162857
juelich_pilot_d30_r2_log_distance_s01_w1,juelich,12345,1,1,log-distance,36,37,veh8,veh13,2,0,1,908.089,0,9.89479,2.61557,nan,nan,0,0.01,0.022,0.0162857
juelich_pilot_d30_r2_log_distance_s01_w1,juelich,12345,1,1,log-distance,36,37,veh8,veh2,2,2,0,370.154,1,9.89479,0,-78.0453,18.931,2,0.01,0.008,0.0162857
juelich_pilot_d30_r2_log_distance_s01_w1,juelich,12345,1,1,log-distance,36,37,veh8,veh3,2,2,0,333.929,1,9.89479,10.4337,-77.1507,19.8256,2,0.01,0.01,0.0162857
juelich_pilot_d30_r2_log_distance_s01_w1,juelich,12345,1,1,log-distance,36,37,veh8,veh4,2,0,1,991.675,0,9.89479,0,nan,nan,0,0.01,0.02,0.0162857
juelich_pilot_d30_r2_log_distance_s01_w1,juelich,12345,1,1,log-distance,36,37,veh8,veh5,2,0,1,592.572,0,9.89479,8.16616,nan,nan,0,0.01,0.014,0.0162857
juelich_pilot_d30_r2_log_distance_s01_w1,juelich,12345,1,1,log-distance,36,37,veh8,veh7,2,2,0,201.009,1,9.89479,12.7883,-72.7408,24.2355,2,0.01,0.014,0.0162857
juelich_pilot_d30_r2_log_distance_s01_w1,juelich,12345,1,1,log-distance,36,37,veh8,veh9,2,0,1,954.578,0,9.89479,7.09045,nan,nan,0,0.01,0.018,0.0162857
juelich_pilot_d30_r2_log_distance_s01_w1,juelich,12345,1,1,log-distance,36,37,veh9,veh0,2,2,0,447.171,1,7.09045,14.0378,-79.6868,17.2895,2,0.018,0.022,0.0162857
juelich_pilot_d30_r2_log_distance_s01_w1,juelich,12345,1,1,log-distance,36,37,veh9,veh1,2,2,0,156.651,1,7.09045,7.78673,-70.5755,26.4008,2,0.018,0.018,0.0162857
juelich_pilot_d30_r2_log_distance_s01_w1,juelich,12345,1,1,log-distance,36,37,veh9,veh10,2,2,0,172.508,1,7.09045,8.64319,-71.4139,25.5624,2,0.018,0.018,0.0162857
juelich_pilot_d30_r2_log_distance_s01_w1,juelich,12345,1,1,log-distance,36,37,veh9,veh11,2,2,0,98.7745,1,7.09045,7.81865,-66.5682,30.4081,2,0.018,0.018,0.0162857
juelich_pilot_d30_r2_log_distance_s01_w1,juelich,12345,1,1,log-distance,36,37,veh9,veh12,2,2,0,543.206,0,7.09045,7.99554,-81.377,15.5993,2,0.018,0.018,0.0162857
juelich_pilot_d30_r2_log_distance_s01_w1,juelich,12345,1,1,log-distance,36,37,veh9,veh13,2,2,0,364.011,1,7.09045,2.61557,-77.9,19.0763,2,0.018,0.022,0.0162857
juelich_pilot_d30_r2_log_distance_s01_w1,juelich,12345,1,1,log-distance,36,37,veh9,veh4,2,2,0,165.152,1,7.09045,0,-71.0354,25.9409,2,0.018,0.02,0.0162857
juelich_pilot_d30_r2_log_distance_s01_w1,juelich,12345,1,1,log-distance,36,37,veh9,veh5,2,0,1,881.841,0,7.09045,8.16616,nan,nan,0,0.018,0.014,0.0162857
juelich_pilot_d30_r2_log_distance_s01_w1,juelich,12345,1,1,log-distance,36,37,veh9,veh6,2,2,0,187.465,1,7.09045,8.3633,-72.1361,24.8402,2,0.018,0.018,0.0162857
juelich_pilot_d30_r2_log_distance_s01_w1,juelich,12345,1,1,log-distance,36,37,veh9,veh7,2,0,1,927.856,0,7.09045,12.7883,nan,nan,0,0.018,0.014,0.0162857
juelich_pilot_d30_r2_log_distance_s01_w1,juelich,12345,1,1,log-distance,36,37,veh9,veh8,2,0,1,954.578,0,7.09045,9.89479,nan,nan,0,0.018,0.01,0.0162857
juelich_pilot_d30_r2_log_distance_s01_w1,juelich,12345,1,1,log-distance,37,38,veh0,veh1,2,0,1,605.8,0,14.0509,7.74723,nan,nan,0,0.022,0.018,0.0152
juelich_pilot_d30_r2_log_distance_s01_w1,juelich,12345,1,1,log-distance,37,38,veh0,veh10,2,2,0,459.563,1,14.0509,8.64948,-79.9246,17.0517,2,0.022,0.018,0.0152
juelich_pilot_d30_r2_log_distance_s01_w1,juelich,12345,1,1,log-distance,37,38,veh0,veh11,2,2,0,550.796,0,14.0509,7.87204,-81.4975,15.4788,2,0.022,0.018,0.0152
juelich_pilot_d30_r2_log_distance_s01_w1,juelich,12345,1,1,log-distance,37,38,veh0,veh12,2,2,0,461.976,1,14.0509,8.45923,-79.97,17.0063,2,0.022,0.018,0.0152
juelich_pilot_d30_r2_log_distance_s01_w1,juelich,12345,1,1,log-distance,37,38,veh0,veh13,2,2,0,104.802,1,14.0509,4.61241,-67.0796,29.8967,2,0.022,0.022,0.0152
juelich_pilot_d30_r2_log_distance_s01_w1,juelich,12345,1,1,log-distance,37,38,veh0,veh4,2,2,0,330.841,1,14.0509,0,-77.0697,19.9066,2,0.022,0.02,0.0152
juelich_pilot_d30_r2_log_distance_s01_w1,juelich,12345,1,1,log-distance,37,38,veh0,veh5,2,2,0,530.192,0,14.0509,8.19953,-81.1663,15.81,2,0.022,0.014,0.0152
juelich_pilot_d30_r2_log_distance_s01_w1,juelich,12345,1,1,log-distance,37,38,veh0,veh6,2,2,0,442.471,1,14.0509,8.36295,-79.5954,17.3809,2,0.022,0.018,0.0152
juelich_pilot_d30_r2_log_distance_s01_w1,juelich,12345,1,1,log-distance,37,38,veh0,veh7,2,0,1,749.018,0,14.0509,12.7529,nan,nan,0,0.022,0.014,0.0152
juelich_pilot_d30_r2_log_distance_s01_w1,juelich,12345,1,1,log-distance,37,38,veh0,veh8,2,0,1,883.076,0,14.0509,9.90732,nan,nan,0,0.022,0.01,0.0152
juelich_pilot_d30_r2_log_distance_s01_w1,juelich,12345,1,1,log-distance,37,38,veh0,veh9,2,2,0,463.649,1,14.0509,6.46461,-80.0012,16.9751,2,0.022,0.018,0.0152
juelich_pilot_d30_r2_log_distance_s01_w1,juelich,12345,1,1,log-distance,37,38,veh1,veh0,2,0,1,605.8,0,7.74723,14.0509,nan,nan,0,0.018,0.022,0.0152
juelich_pilot_d30_r2_log_distance_s01_w1,juelich,12345,1,1,log-distance,37,38,veh1,veh10,2,2,0,277.84,1,7.74723,8.64948,-75.5536,21.4227,2,0.018,0.018,0.0152
juelich_pilot_d30_r2_log_distance_s01_w1,juelich,12345,1,1,log-distance,37,38,veh1,veh11,2,2,0,58.9246,1,7.74723,7.87204,-62.0836,34.8926,2,0.018,0.018,0.0152
juelich_pilot_d30_r2_log_distance_s01_w1,juelich,12345,1,1,log-distance,37,38,veh1,veh12,2,0,1,671.859,0,7.74723,8.45923,nan,nan,0,0.018,0.018,0.0152
juelich_pilot_d30_r2_log_distance_s01_w1,juelich,12345,1,1,log-distance,37,38,veh1,veh13,2,2,0,510.221,0,7.74723,4.61241,-80.8328,16.1435,2,0.018,0.022,0.0152
juelich_pilot_d30_r2_log_distance_s01_w1,juelich,12345,1,1,log-distance,37,38,veh1,veh4,2,2,0,310.959,1,7.74723,0,-76.5316,20.4447,2,0.018,0.02,0.0152
juelich_pilot_d30_r2_log_distance_s01_w1,juelich,12345,1,1,log-distance,37,38,veh1,veh5,2,0,1,987.677,0,7.74723,8.19953,nan,nan,0,0.018,0.014,0.0152
juelich_pilot_d30_r2_log_distance_s01_w1,juelich,12345,1,1,log-distance,37,38,veh1,veh6,2,2,0,300.668,1,7.74723,8.36295,-76.2394,20.7369,2,0.018,0.018,0.0152
juelich_pilot_d30_r2_log_distance_s01_w1,juelich,12345,1,1,log-distance,37,38,veh1,veh7,2,0,1,978.008,0,7.74723,12.7529,nan,nan,0,0.018,0.014,0.0152
juelich_pilot_d30_r2_log_distance_s01_w1,juelich,12345,1,1,log-distance,37,38,veh1,veh8,2,0,1,980.817,0,7.74723,9.90732,nan,nan,0,0.018,0.01,0.0152
juelich_pilot_d30_r2_log_distance_s01_w1,juelich,12345,1,1,log-distance,37,38,veh1,veh9,2,2,0,147.978,1,7.74723,6.46461,-70.0807,26.8956,2,0.018,0.018,0.0152
juelich_pilot_d30_r2_log_distance_s01_w1,juelich,12345,1,1,log-distance,37,38,veh10,veh0,2,2,0,459.563,1,8.64948,14.0509,-79.9246,17.0517,2,0.018,0.022,0.0152
juelich_pilot_d30_r2_log_distance_s01_w1,juelich,12345,1,1,log-distance,37,38,veh10,veh1,2,2,0,277.84,1,8.64948,7.74723,-75.5536,21.4227,2,0.018,0.018,0.0152
juelich_pilot_d30_r2_log_distance_s01_w1,juelich,12345,1,1,log-distance,37,38,veh10,veh11,2,2,0,226.471,1,8.64948,7.87204,-73.7779,23.1983,2,0.018,0.018,0.0152
juelich_pilot_d30_r2_log_distance_s01_w1,juelich,12345,1,1,log-distance,37,38,veh10,veh12,2,2,0,395.296,1,8.64948,8.45923,-78.6161,18.3601,2,0.018,0.018,0.0152
juelich_pilot_d30_r2_log_distance_s01_w1,juelich,12345,1,1,log-distance,37,38,veh10,veh13,2,2,0,355.062,1,8.64948,4.61241,-77.6836,19.2927,2,0.018,0.022,0.0152
juelich_pilot_d30_r2_log_distance_s01_w1,juelich,12345,1,1,log-distance,37,38,veh10,veh4,2,2,0,137.747,1,8.64948,0,-69.4591,27.5172,2,0.018,0.02,0.0152
juelich_pilot_d30_r2_log_distance_s01_w1,juelich,12345,1,1,log-distance,37,38,veh10,veh5,2,0,1,948.007,0,8.64948,8.19953,nan,nan,0,0.018,0.014,0.0152
juelich_pilot_d30_r2_log_distance_s01_w1,juelich,12345,1,1,log-distance,37,38,veh10,veh6,2,2,0,25.1731,1,8.64948,8.36295,-54.6964,42.2799,2,0.018,0.018,0.0152
juelich_pilot_d30_r2_log_distance_s01_w1,juelich,12345,1,1,log-distance,37,38,veh10,veh9,2,2,0,171.708,1,8.64948,6.46461,-71.3735,25.6028,2,0.018,0.018,0.0152
juelich_pilot_d30_r2_log_distance_s01_w1,juelich,12345,1,1,log-distance,37,38,veh11,veh0,2,2,0,550.796,0,7.87204,14.0509,-81.4975,15.4788,2,0.018,0.022,0.0152
juelich_pilot_d30_r2_log_distance_s01_w1,juelich,12345,1,1,log-distance,37,38,veh11,veh1,2,2,0,58.9246,1,7.87204,7.74723,-62.0836,34.8926,2,0.018,0.018,0.0152
juelich_pilot_d30_r2_log_distance_s01_w1,juelich,12345,1,1,log-distance,37,38,veh11,veh10,2,2,0,226.471,1,7.87204,8.64948,-73.7779,23.1983,2,0.018,0.018,0.0152
juelich_pilot_d30_r2_log_distance_s01_w1,juelich,12345,1,1,log-distance,37,38,veh11,veh12,2,0,1,617.62,0,7.87204,8.45923,nan,nan,0,0.018,0.018,0.0152
juelich_pilot_d30_r2_log_distance_s01_w1,juelich,12345,1,1,log-distance,37,38,veh11,veh13,2,2,0,453.734,1,7.87204,4.61241,-79.8136,17.1627,2,0.018,0.022,0.0152
juelich_pilot_d30_r2_log_distance_s01_w1,juelich,12345,1,1,log-distance,37,38,veh11,veh4,2,2,0,252.034,1,7.87204,0,-74.7066,22.2697,2,0.018,0.02,0.0152
juelich_pilot_d30_r2_log_distance_s01_w1,juelich,12345,1,1,log-distance,37,38,veh11,veh5,2,0,1,948.865,0,7.87204,8.19953,nan,nan,0,0.018,0.014,0.0152
juelich_pilot_d30_r2_log_distance_s01_w1,juelich,12345,1,1,log-distance,37,38,veh11,veh6,2,2,0,248.049,1,7.87204,8.36295,-74.5685,22.4078,2,0.018,0.018,0.0152
juelich_pilot_d30_r2_log_distance_s01_w1,juelich,12345,1,1,log-distance,37,38,veh11,veh7,2,0,1,959.401,0,7.87204,12.7529,nan,nan,0,0.018,0.014,0.0152
juelich_pilot_d30_r2_log_distance_s01_w1,juelich,12345,1,1,log-distance,37,38,veh11,veh8,2,0,1,974.849,0,7.87204,9.90732,nan,nan,0,0.018,0.01,0.0152
juelich_pilot_d30_r2_log_distance_s01_w1,juelich,12345,1,1,log-distance,37,38,veh11,veh9,2,2,0,89.5809,1,7.87204,6.46461,-65.7193,31.257,2,0.018,0.018,0.0152
juelich_pilot_d30_r2_log_distance_s01_w1,juelich,12345,1,1,log-distance,37,38,veh12,veh0,2,2,0,461.976,1,8.45923,14.0509,-79.97,17.0063,2,0.018,0.022,0.0152
juelich_pilot_d30_r2_log_distance_s01_w1,juelich,12345,1,1,log-distance,37,38,veh12,veh1,2,0,1,671.859,0,8.45923,7.74723,nan,nan,0,0.018,0.018,0.0152
juelich_pilot_d30_r2_log_distance_s01_w1,juelich,12345,1,1,log-distance,37,38,veh12,veh10,2,2,0,395.296,1,8.45923,8.64948,-78.6161,18.3601,2,0.018,0.018,0.0152
juelich_pilot_d30_r2_log_distance_s01_w1,juelich,12345,1,1,log-distance,37,38,veh12,veh11,2,0,1,617.62,0,8.45923,7.87204,nan,nan,0,0.018,0.018,0.0152
juelich_pilot_d30_r2_log_distance_s01_w1,juelich,12345,1,1,log-distance,37,38,veh12,veh13,2,2,0,410.22,1,8.45923,4.61241,-78.938,18.0383,2,0.018,0.022,0.0152
juelich_pilot_d30_r2_log_distance_s01_w1,juelich,12345,1,1,log-distance,37,38,veh12,veh4,2,2,0,401.131,1,8.45923,0,-78.7433,18.2329,2,0.018,0.02,0.0152
juelich_pilot_d30_r2_log_distance_s01_w1,juelich,12345,1,1,log-distance,37,38,veh12,veh5,2,0,1,980.876,0,8.45923,8.19953,nan,nan,0,0.018,0.014,0.0152
juelich_pilot_d30_r2_log_distance_s01_w1,juelich,12345,1,1,log-distance,37,38,veh12,veh6,2,2,0,371.561,1,8.45923,8.36295,-78.0783,18.898,2,0.018,0.018,0.0152
juelich_pilot_d30_r2_log_distance_s01_w1,juelich,12345,1,1,log-distance,37,38,veh12,veh9,2,2,0,545.565,0,8.45923,6.46461,-81.4146,15.5617,2,0.018,0.018,0.0152
juelich_pilot_d30_r2_log_distance_s01_w1,juelich,12345,1,1,log-distance,37,38,veh13,veh0,2,2,0,104.802,1,4.61241,14.0509,-67.0796,29.8967,2,0.022,0.022,0.0152
juelich_pilot_d30_r2_log_distance_s01_w1,juelich,12345,1,1,log-distance,37,38,veh13,veh1,2,2,0,510.221,0,4.61241,7.74723,-80.8328,16.1435,2,0.022,0.018,0.0152
juelich_pilot_d30_r2_log_distance_s01_w1,juelich,12345,1,1,log-distance,37,38,veh13,veh10,2,2,0,355.062,1,4.61241,8.64948,-77.6836,19.2927,2,0.022,0.018,0.0152
juelich_pilot_d30_r2_log_distance_s01_w1,juelich,12345,1,1,log-distance,37,38,veh13,veh11,2,2,0,453.734,1,4.61241,7.87204,-79.8136,17.1627,2,0.022,0.018,0.0152
juelich_pilot_d30_r2_log_distance_s01_w1,juelich,12345,1,1,log-distance,37,38,veh13,veh12,2,2,0,410.22,1,4.61241,8.45923,-78.938,18.0383,2,0.022,0.018,0.0152
juelich_pilot_d30_r2_log_distance_s01_w1,juelich,12345,1,1,log-distance,37,38,veh13,veh4,2,2,0,226.315,1,4.61241,0,-73.7719,23.2044,2,0.022,0.02,0.0152
juelich_pilot_d30_r2_log_distance_s01_w1,juelich,12345,1,1,log-distance,37,38,veh13,veh5,2,0,1,616.846,0,4.61241,8.19953,nan,nan,0,0.022,0.014,0.0152
juelich_pilot_d30_r2_log_distance_s01_w1,juelich,12345,1,1,log-distance,37,38,veh13,veh6,2,2,0,338.459,1,4.61241,8.36295,-77.2676,19.7087,2,0.022,0.018,0.0152
juelich_pilot_d30_r2_log_distance_s01_w1,juelich,12345,1,1,log-distance,37,38,veh13,veh7,2,0,1,797.227,0,4.61241,12.7529,nan,nan,0,0.022,0.014,0.0152
juelich_pilot_d30_r2_log_distance_s01_w1,juelich,12345,1,1,log-distance,37,38,veh13,veh8,2,0,1,910.886,0,4.61241,9.90732,nan,nan,0,0.022,0.01,0.0152
juelich_pilot_d30_r2_log_distance_s01_w1,juelich,12345,1,1,log-distance,37,38,veh13,veh9,2,2,0,365.169,1,4.61241,6.46461,-77.9276,19.0487,2,0.022,0.018,0.0152
juelich_pilot_d30_r2_log_distance_s01_w1,juelich,12345,1,1,log-distance,37,38,veh2,veh3,2,2,0,58.2345,1,0,12.041,-61.9696,35.0067,2,0.008,0.01,0.0152
juelich_pilot_d30_r2_log_distance_s01_w1,juelich,12345,1,1,log-distance,37,38,veh2,veh5,2,0,1,844.284,0,0,8.19953,nan,nan,0,0.008,0.014,0.0152
juelich_pilot_d30_r2_log_distance_s01_w1,juelich,12345,1,1,log-distance,37,38,veh2,veh7,2,2,0,491.119,1,0,12.7529,-80.5013,16.475,2,0.008,0.014,0.0152
juelich_pilot_d30_r2_log_distance_s01_w1,juelich,12345,1,1,log-distance,37,38,veh2,veh8,2,2,0,373.56,1,0,9.90732,-78.1249,18.8514,2,0.008,0.01,0.0152
juelich_pilot_d30_r2_log_distance_s01_w1,juelich,12345,1,1,log-distance,37,38,veh3,veh2,2,2,0,58.2345,1,12.041,0,-61.9696,35.0067,2,0.01,0.008,0.0152
juelich_pilot_d30_r2_log_distance_s01_w1,juelich,12345,1,1,log-distance,37,38,veh3,veh5,2,0,1,786.068,0,12.041,8.19953,nan,nan,0,0.01,0.014,0.0152
juelich_pilot_d30_r2_log_distance_s01_w1,juelich,12345,1,1,log-distance,37,38,veh3,veh7,2,2,0,434.265,1,12.041,12.7529,-79.4328,17.5435,2,0.01,0.014,0.0152
juelich_pilot_d30_r2_log_distance_s01_w1,juelich,12345,1,1,log-distance,37,38,veh3,veh8,2,2,0,328.107,1,12.041,9.90732,-76.998,19.9783,2,0.01,0.01,0.0152
juelich_pilot_d30_r2_log_distance_s01_w1,juelich,12345,1,1,log-distance,37,38,veh4,veh0,2,2,0,330.841,1,0,14.0509,-77.0697,19.9066,2,0.02,0.022,0.0152
juelich_pilot_d30_r2_log_distance_s01_w1,juelich,12345,1,1,log-distance,37,38,veh4,veh1,2,2,0,310.959,1,0,7.74723,-76.5316,20.4447,2,0.02,0.018,0.0152
juelich_pilot_d30_r2_log_distance_s01_w1,juelich,12345,1,1,log-distance,37,38,veh4,veh10,2,2,0,137.747,1,0,8.64948,-69.4591,27.5172,2,0.02,0.018,0.0152
juelich_pilot_d30_r2_log_distance_s01_w1,juelich,12345,1,1,log-distance,37,38,veh4,veh11,2,2,0,252.034,1,0,7.87204,-74.7066,22.2697,2,0.02,0.018,0.0152
juelich_pilot_d30_r2_log_distance_s01_w1,juelich,12345,1,1,log-distance,37,38,veh4,veh12,2,2,0,401.131,1,0,8.45923,-78.7433,18.2329,2,0.02,0.018,0.0152
juelich_pilot_d30_r2_log_distance_s01_w1,juelich,12345,1,1,log-distance,37,38,veh4,veh13,2,2,0,226.315,1,0,4.61241,-73.7719,23.2044,2,0.02,0.022,0.0152
juelich_pilot_d30_r2_log_distance_s01_w1,juelich,12345,1,1,log-distance,37,38,veh4,veh5,2,0,1,810.273,0,0,8.19953,nan,nan,0,0.02,0.014,0.0152
juelich_pilot_d30_r2_log_distance_s01_w1,juelich,12345,1,1,log-distance,37,38,veh4,veh6,2,2,0,128.55,1,0,8.36295,-68.8591,28.1172,2,0.02,0.018,0.0152
juelich_pilot_d30_r2_log_distance_s01_w1,juelich,12345,1,1,log-distance,37,38,veh4,veh7,2,0,1,918.569,0,0,12.7529,nan,nan,0,0.02,0.014,0.0152
juelich_pilot_d30_r2_log_distance_s01_w1,juelich,12345,1,1,log-distance,37,38,veh4,veh8,2,0,1,988.867,0,0,9.90732,nan,nan,0,0.02,0.01,0.0152
juelich_pilot_d30_r2_log_distance_s01_w1,juelich,12345,1,1,log-distance,37,38,veh4,veh9,2,2,0,164.466,1,0,6.46461,-70.9992,25.9771,2,0.02,0.018,0.0152
juelich_pilot_d30_r2_log_distance_s01_w1,juelich,12345,1,1,log-distance,37,38,veh5,veh0,2,2,0,530.192,0,8.19953,14.0509,-81.1663,15.81,2,0.014,0.022,0.0152
juelich_pilot_d30_r2_log_distance_s01_w1,juelich,12345,1,1,log-distance,37,38,veh5,veh1,2,0,1,987.677,0,8.19953,7.74723,nan,nan,0,0.014,0.018,0.0152
juelich_pilot_d30_r2_log_distance_s01_w1,juelich,12345,1,1,log-distance,37,38,veh5,veh10,2,0,1,948.007,0,8.19953,8.64948,nan,nan,0,0.014,0.018,0.0152
juelich_pilot_d30_r2_log_distance_s01_w1,juelich,12345,1,1,log-distance,37,38,veh5,veh11,2,0,1,948.865,0,8.19953,7.87204,nan,nan,0,0.014,0.018,0.0152
juelich_pilot_d30_r2_log_distance_s01_w1,juelich,12345,1,1,log-distance,37,38,veh5,veh12,2,0,1,980.876,0,8.19953,8.45923,nan,nan,0,0.014,0.018,0.0152
juelich_pilot_d30_r2_log_distance_s01_w1,juelich,12345,1,1,log-distance,37,38,veh5,veh13,2,0,1,616.846,0,8.19953,4.61241,nan,nan,0,0.014,0.022,0.0152
juelich_pilot_d30_r2_log_distance_s01_w1,juelich,12345,1,1,log-distance,37,38,veh5,veh2,2,0,1,844.284,0,8.19953,0,nan,nan,0,0.014,0.008,0.0152
juelich_pilot_d30_r2_log_distance_s01_w1,juelich,12345,1,1,log-distance,37,38,veh5,veh3,2,0,1,786.068,0,8.19953,12.041,nan,nan,0,0.014,0.01,0.0152
juelich_pilot_d30_r2_log_distance_s01_w1,juelich,12345,1,1,log-distance,37,38,veh5,veh4,2,0,1,810.273,0,8.19953,0,nan,nan,0,0.014,0.02,0.0152
juelich_pilot_d30_r2_log_distance_s01_w1,juelich,12345,1,1,log-distance,37,38,veh5,veh6,2,0,1,937.262,0,8.19953,8.36295,nan,nan,0,0.014,0.018,0.0152
juelich_pilot_d30_r2_log_distance_s01_w1,juelich,12345,1,1,log-distance,37,38,veh5,veh7,2,2,0,382.68,1,8.19953,12.7529,-78.334,18.6423,2,0.014,0.014,0.0152
juelich_pilot_d30_r2_log_distance_s01_w1,juelich,12345,1,1,log-distance,37,38,veh5,veh8,2,0,1,591.486,0,8.19953,9.90732,nan,nan,0,0.014,0.01,0.0152
juelich_pilot_d30_r2_log_distance_s01_w1,juelich,12345,1,1,log-distance,37,38,veh5,veh9,2,0,1,882.42,0,8.19953,6.46461,nan,nan,0,0.014,0.018,0.0152
juelich_pilot_d30_r2_log_distance_s01_w1,juelich,12345,1,1,log-distance,37,38,veh6,veh0,2,2,0,442.471,1,8.36295,14.0509,-79.5954,17.3809,2,0.018,0.022,0.0152
juelich_pilot_d30_r2_log_distance_s01_w1,juelich,12345,1,1,log-distance,37,38,veh6,veh1,2,2,0,300.668,1,8.36295,7.74723,-76.2394,20.7369,2,0.018,0.018,0.0152
juelich_pilot_d30_r2_log_distance_s01_w1,juelich,12345,1,1,log-distance,37,38,veh6,veh10,2,2,0,25.1731,1,8.36295,8.64948,-54.6964,42.2799,2,0.018,0.018,0.0152
juelich_pilot_d30_r2_log_distance_s01_w1,juelich,12345,1,1,log-distance,37,38,veh6,veh11,2,2,0,248.049,1,8.36295,7.87204,-74.5685,22.4078,2,0.018,0.018,0.0152
juelich_pilot_d30_r2_log_distance_s01_w1,juelich,12345,1,1,log-distance,37,38,veh6,veh12,2,2,0,371.561,1,8.36295,8.45923,-78.0783,18.898,2,0.018,0.018,0.0152
juelich_pilot_d30_r2_log_distance_s01_w1,juelich,12345,1,1,log-distance,37,38,veh6,veh13,2,2,0,338.459,1,8.36295,4.61241,-77.2676,19.7087,2,0.018,0.022,0.0152
juelich_pilot_d30_r2_log_distance_s01_w1,juelich,12345,1,1,log-distance,37,38,veh6,veh4,2,2,0,128.55,1,8.36295,0,-68.8591,28.1172,2,0.018,0.02,0.0152
juelich_pilot_d30_r2_log_distance_s01_w1,juelich,12345,1,1,log-distance,37,38,veh6,veh5,2,0,1,937.262,0,8.36295,8.19953,nan,nan,0,0.018,0.014,0.0152
juelich_pilot_d30_r2_log_distance_s01_w1,juelich,12345,1,1,log-distance,37,38,veh6,veh9,2,2,0,187.836,1,8.36295,6.46461,-72.1533,24.823,2,0.018,0.018,0.0152
juelich_pilot_d30_r2_log_distance_s01_w1,juelich,12345,1,1,log-distance,37,38,veh7,veh0,2,0,1,749.018,0,12.7529,14.0509,nan,nan,0,0.014,0.022,0.0152
juelich_pilot_d30_r2_log_distance_s01_w1,juelich,12345,1,1,log-distance,37,38,veh7,veh1,2,0,1,978.008,0,12.7529,7.74723,nan,nan,0,0.014,0.018,0.0152
juelich_pilot_d30_r2_log_distance_s01_w1,juelich,12345,1,1,log-distance,37,38,veh7,veh11,2,0,1,959.401,0,12.7529,7.87204,nan,nan,0,0.014,0.018,0.0152
juelich_pilot_d30_r2_log_distance_s01_w1,juelich,12345,1,1,log-distance,37,38,veh7,veh13,2,0,1,797.227,0,12.7529,4.61241,nan,nan,0,0.014,0.022,0.0152
juelich_pilot_d30_r2_log_distance_s01_w1,juelich,12345,1,1,log-distance,37,38,veh7,veh2,2,2,0,491.119,1,12.7529,0,-80.5013,16.475,2,0.014,0.008,0.0152
juelich_pilot_d30_r2_log_distance_s01_w1,juelich,12345,1,1,log-distance,37,38,veh7,veh3,2,2,0,434.265,1,12.7529,12.041,-79.4328,17.5435,2,0.014,0.01,0.0152
juelich_pilot_d30_r2_log_distance_s01_w1,juelich,12345,1,1,log-distance,37,38,veh7,veh4,2,0,1,918.569,0,12.7529,0,nan,nan,0,0.014,0.02,0.0152
juelich_pilot_d30_r2_log_distance_s01_w1,juelich,12345,1,1,log-distance,37,38,veh7,veh5,2,2,0,382.68,1,12.7529,8.19953,-78.334,18.6423,2,0.014,0.014,0.0152
juelich_pilot_d30_r2_log_distance_s01_w1,juelich,12345,1,1,log-distance,37,38,veh7,veh8,2,2,0,213.704,1,12.7529,9.90732,-73.2731,23.7032,2,0.014,0.01,0.0152
juelich_pilot_d30_r2_log_distance_s01_w1,juelich,12345,1,1,log-distance,37,38,veh7,veh9,2,0,1,922.772,0,12.7529,6.46461,nan,nan,0,0.014,0.018,0.0152
juelich_pilot_d30_r2_log_distance_s01_w1,juelich,12345,1,1,log-distance,37,38,veh8,veh0,2,0,1,883.076,0,9.90732,14.0509,nan,nan,0,0.01,0.022,0.0152
juelich_pilot_d30_r2_log_distance_s01_w1,juelich,12345,1,1,log-distance,37,38,veh8,veh1,2,0,1,980.817,0,9.90732,7.74723,nan,nan,0,0.01,0.018,0.0152
juelich_pilot_d30_r2_log_distance_s01_w1,juelich,12345,1,1,log-distance,37,38,veh8,veh11,2,0,1,974.849,0,9.90732,7.87204,nan,nan,0,0.01,0.018,0.0152
juelich_pilot_d30_r2_log_distance_s01_w1,juelich,12345,1,1,log-distance,37,38,veh8,veh13,2,0,1,910.886,0,9.90732,4.61241,nan,nan,0,0.01,0.022,0.0152
juelich_pilot_d30_r2_log_distance_s01_w1,juelich,12345,1,1,log-distance,37,38,veh8,veh2,2,2,0,373.56,1,9.90732,0,-78.1249,18.8514,2,0.01,0.008,0.0152
juelich_pilot_d30_r2_log_distance_s01_w1,juelich,12345,1,1,log-distance,37,38,veh8,veh3,2,2,0,328.107,1,9.90732,12.041,-76.998,19.9783,2,0.01,0.01,0.0152
juelich_pilot_d30_r2_log_distance_s01_w1,juelich,12345,1,1,log-distance,37,38,veh8,veh4,2,0,1,988.867,0,9.90732,0,nan,nan,0,0.01,0.02,0.0152
juelich_pilot_d30_r2_log_distance_s01_w1,juelich,12345,1,1,log-distance,37,38,veh8,veh5,2,0,1,591.486,0,9.90732,8.19953,nan,nan,0,0.01,0.014,0.0152
juelich_pilot_d30_r2_log_distance_s01_w1,juelich,12345,1,1,log-distance,37,38,veh8,veh7,2,2,0,213.704,1,9.90732,12.7529,-73.2731,23.7032,2,0.01,0.014,0.0152
juelich_pilot_d30_r2_log_distance_s01_w1,juelich,12345,1,1,log-distance,37,38,veh8,veh9,2,0,1,957.206,0,9.90732,6.46461,nan,nan,0,0.01,0.018,0.0152
juelich_pilot_d30_r2_log_distance_s01_w1,juelich,12345,1,1,log-distance,37,38,veh9,veh0,2,2,0,463.649,1,6.46461,14.0509,-80.0012,16.9751,2,0.018,0.022,0.0152
juelich_pilot_d30_r2_log_distance_s01_w1,juelich,12345,1,1,log-distance,37,38,veh9,veh1,2,2,0,147.978,1,6.46461,7.74723,-70.0807,26.8956,2,0.018,0.018,0.0152
juelich_pilot_d30_r2_log_distance_s01_w1,juelich,12345,1,1,log-distance,37,38,veh9,veh10,2,2,0,171.708,1,6.46461,8.64948,-71.3735,25.6028,2,0.018,0.018,0.0152
juelich_pilot_d30_r2_log_distance_s01_w1,juelich,12345,1,1,log-distance,37,38,veh9,veh11,2,2,0,89.5809,1,6.46461,7.87204,-65.7193,31.257,2,0.018,0.018,0.0152
juelich_pilot_d30_r2_log_distance_s01_w1,juelich,12345,1,1,log-distance,37,38,veh9,veh12,2,2,0,545.565,0,6.46461,8.45923,-81.4146,15.5617,2,0.018,0.018,0.0152
juelich_pilot_d30_r2_log_distance_s01_w1,juelich,12345,1,1,log-distance,37,38,veh9,veh13,2,2,0,365.169,1,6.46461,4.61241,-77.9276,19.0487,2,0.018,0.022,0.0152
juelich_pilot_d30_r2_log_distance_s01_w1,juelich,12345,1,1,log-distance,37,38,veh9,veh4,2,2,0,164.466,1,6.46461,0,-70.9992,25.9771,2,0.018,0.02,0.0152
juelich_pilot_d30_r2_log_distance_s01_w1,juelich,12345,1,1,log-distance,37,38,veh9,veh5,2,0,1,882.42,0,6.46461,8.19953,nan,nan,0,0.018,0.014,0.0152
juelich_pilot_d30_r2_log_distance_s01_w1,juelich,12345,1,1,log-distance,37,38,veh9,veh6,2,2,0,187.836,1,6.46461,8.36295,-72.1533,24.823,2,0.018,0.018,0.0152
juelich_pilot_d30_r2_log_distance_s01_w1,juelich,12345,1,1,log-distance,37,38,veh9,veh7,2,0,1,922.772,0,6.46461,12.7529,nan,nan,0,0.018,0.014,0.0152
juelich_pilot_d30_r2_log_distance_s01_w1,juelich,12345,1,1,log-distance,37,38,veh9,veh8,2,0,1,957.206,0,6.46461,9.90732,nan,nan,0,0.018,0.01,0.0152
juelich_pilot_d30_r2_log_distance_s01_w1,juelich,12345,1,1,log-distance,38,39,veh0,veh1,2,0,1,611.779,0,14.0041,7.80176,nan,nan,0,0.024,0.018,0.0174667
juelich_pilot_d30_r2_log_distance_s01_w1,juelich,12345,1,1,log-distance,38,39,veh0,veh10,2,2,0,463.589,1,14.0041,8.60254,-80.0004,16.9759,2,0.024,0.02,0.0174667
juelich_pilot_d30_r2_log_distance_s01_w1,juelich,12345,1,1,log-distance,38,39,veh0,veh11,2,2,0,556.609,0,14.0041,7.91555,-81.5887,15.3876,2,0.024,0.02,0.0174667
juelich_pilot_d30_r2_log_distance_s01_w1,juelich,12345,1,1,log-distance,38,39,veh0,veh12,2,2,0,468.372,1,14.0041,5.91169,-80.0895,16.8868,2,0.024,0.02,0.0174667
juelich_pilot_d30_r2_log_distance_s01_w1,juelich,12345,1,1,log-distance,38,39,veh0,veh13,2,2,0,119.367,1,14.0041,6.30684,-68.2115,28.7648,2,0.024,0.024,0.0174667
juelich_pilot_d30_r2_log_distance_s01_w1,juelich,12345,1,1,log-distance,38,39,veh0,veh14,2,2,0,500.607,0,14.0041,1.06776,-80.6676,16.3087,2,0.024,0.018,0.0174667
juelich_pilot_d30_r2_log_distance_s01_w1,juelich,12345,1,1,log-distance,38,39,veh0,veh4,2,2,0,342.146,1,14.0041,0,-77.3617,19.6146,2,0.024,0.022,0.0174667
juelich_pilot_d30_r2_log_distance_s01_w1,juelich,12345,1,1,log-distance,38,39,veh0,veh5,2,2,0,525.817,0,14.0041,8.13358,-81.0944,15.8819,2,0.024,0.014,0.0174667
juelich_pilot_d30_r2_log_distance_s01_w1,juelich,12345,1,1,log-distance,38,39,veh0,veh6,2,2,0,446.657,1,14.0041,8.34876,-79.6772,17.2991,2,0.024,0.02,0.0174667
juelich_pilot_d30_r2_log_distance_s01_w1,juelich,12345,1,1,log-distance,38,39,veh0,veh7,2,0,1,740.774,0,14.0041,12.7616,nan,nan,0,0.024,0.014,0.0174667
juelich_pilot_d30_r2_log_distance_s01_w1,juelich,12345,1,1,log-distance,38,39,veh0,veh8,2,0,1,890.493,0,14.0041,9.91403,nan,nan,0,0.024,0.01,0.0174667
juelich_pilot_d30_r2_log_distance_s01_w1,juelich,12345,1,1,log-distance,38,39,veh0,veh9,2,2,0,478.478,1,14.0041,2.49104,-80.2747,16.7016,2,0.024,0.02,0.0174667
juelich_pilot_d30_r2_log_distance_s01_w1,juelich,12345,1,1,log-distance,38,39,veh1,veh0,2,0,1,611.779,0,7.80176,14.0041,nan,nan,0,0.018,0.024,0.0174667
juelich_pilot_d30_r2_log_distance_s01_w1,juelich,12345,1,1,log-distance,38,39,veh1,veh10,2,2,0,278.585,1,7.80176,8.60254,-75.5768,21.3994,2,0.018,0.02,0.0174667
juelich_pilot_d30_r2_log_distance_s01_w1,juelich,12345,1,1,log-distance,38,39,veh1,veh11,2,2,0,59.0333,1,7.80176,7.91555,-62.0996,34.8766,2,0.018,0.02,0.0174667
juelich_pilot_d30_r2_log_distance_s01_w1,juelich,12345,1,1,log-distance,38,39,veh1,veh12,2,0,1,668.991,0,7.80176,5.91169,nan,nan,0,0.018,0.02,0.0174667
juelich_pilot_d30_r2_log_distance_s01_w1,juelich,12345,1,1,log-distance,38,39,veh1,veh13,2,2,0,501.216,0,7.80176,6.30684,-80.6781,16.2982,2,0.018,0.024,0.0174667
juelich_pilot_d30_r2_log_distance_s01_w1,juelich,12345,1,1,log-distance,38,39,veh1,veh14,2,0,1,832.835,0,7.80176,1.06776,nan,nan,0,0.018,0.018,0.0174667
juelich_pilot_d30_r2_log_distance_s01_w1,juelich,12345,1,1,log-distance,38,39,veh1,veh4,2,2,0,303.167,1,7.80176,0,-76.3112,20.6651,2,0.018,0.022,0.0174667
juelich_pilot_d30_r2_log_distance_s01_w1,juelich,12345,1,1,log-distance,38,39,veh1,veh5,2,0,1,976.771,0,7.80176,8.13358,nan,nan,0,0.018,0.014,0.0174667
juelich_pilot_d30_r2_log_distance_s01_w1,juelich,12345,1,1,log-distance,38,39,veh1,veh6,2,2,0,301.26,1,7.80176,8.34876,-76.2565,20.7198,2,0.018,0.02,0.0174667
juelich_pilot_d30_r2_log_distance_s01_w1,juelich,12345,1,1,log-distance,38,39,veh1,veh7,2,0,1,963.532,0,7.80176,12.7616,nan,nan,0,0.018,0.014,0.0174667
juelich_pilot_d30_r2_log_distance_s01_w1,juelich,12345,1,1,log-distance,38,39,veh1,veh8,2,0,1,974.335,0,7.80176,9.91403,nan,nan,0,0.018,0.01,0.0174667
juelich_pilot_d30_r2_log_distance_s01_w1,juelich,12345,1,1,log-distance,38,39,veh1,veh9,2,2,0,139.747,1,7.80176,2.49104,-69.5837,27.3926,2,0.018,0.02,0.0174667
juelich_pilot_d30_r2_log_distance_s01_w1,juelich,12345,1,1,log-distance,38,39,veh10,veh0,2,2,0,463.589,1,8.60254,14.0041,-80.0004,16.9759,2,0.02,0.024,0.0174667
juelich_pilot_d30_r2_log_distance_s01_w1,juelich,12345,1,1,log-distance,38,39,veh10,veh1,2,2,0,278.585,1,8.60254,7.80176,-75.5768,21.3994,2,0.02,0.018,0.0174667
juelich_pilot_d30_r2_log_distance_s01_w1,juelich,12345,1,1,log-distance,38,39,veh10,veh11,2,2,0,227.073,1,8.60254,7.91555,-73.801,23.1753,2,0.02,0.02,0.0174667
juelich_pilot_d30_r2_log_distance_s01_w1,juelich,12345,1,1,log-distance,38,39,veh10,veh12,2,2,0,391.223,1,8.60254,5.91169,-78.5262,18.4501,2,0.02,0.02,0.0174667
juelich_pilot_d30_r2_log_distance_s01_w1,juelich,12345,1,1,log-distance,38,39,veh10,veh13,2,2,0,345.012,1,8.60254,6.30684,-77.4341,19.5422,2,0.02,0.024,0.0174667
juelich_pilot_d30_r2_log_distance_s01_w1,juelich,12345,1,1,log-distance,38,39,veh10,veh14,2,2,0,559.704,0,8.60254,1.06776,-81.6368,15.3395,2,0.02,0.018,0.0174667
juelich_pilot_d30_r2_log_distance_s01_w1,juelich,12345,1,1,log-distance,38,39,veh10,veh4,2,2,0,134.065,1,8.60254,0,-69.2238,27.7525,2,0.02,0.022,0.0174667
juelich_pilot_d30_r2_log_distance_s01_w1,juelich,12345,1,1,log-distance,38,39,veh10,veh5,2,0,1,940.424,0,8.60254,8.13358,nan,nan,0,0.02,0.014,0.0174667
juelich_pilot_d30_r2_log_distance_s01_w1,juelich,12345,1,1,log-distance,38,39,veh10,veh6,2,2,0,24.912,1,8.60254,8.34876,-54.6058,42.3705,2,0.02,0.02,0.0174667
juelich_pilot_d30_r2_log_distance_s01_w1,juelich,12345,1,1,log-distance,38,39,veh10,veh9,2,2,0,173.51,1,8.60254,2.49104,-71.464,25.5122,2,0.02,0.02,0.0174667
juelich_pilot_d30_r2_log_distance_s01_w1,juelich,12345,1,1,log-distance,38,39,veh11,veh0,2,2,0,556.609,0,7.91555,14.0041,-81.5887,15.3876,2,0.02,0.024,0.0174667
juelich_pilot_d30_r2_log_distance_s01_w1,juelich,12345,1,1,log-distance,38,39,veh11,veh1,2,2,0,59.0333,1,7.91555,7.80176,-62.0996,34.8766,2,0.02,0.018,0.0174667
juelich_pilot_d30_r2_log_distance_s01_w1,juelich,12345,1,1,log-distance,38,39,veh11,veh10,2,2,0,227.073,1,7.91555,8.60254,-73.801,23.1753,2,0.02,0.02,0.0174667
juelich_pilot_d30_r2_log_distance_s01_w1,juelich,12345,1,1,log-distance,38,39,veh11,veh12,2,0,1,614.984,0,7.91555,5.91169,nan,nan,0,0.02,0.02,0.0174667
juelich_pilot_d30_r2_log_distance_s01_w1,juelich,12345,1,1,log-distance,38,39,veh11,veh13,2,2,0,444.511,1,7.91555,6.30684,-79.6352,17.3411,2,0.02,0.024,0.0174667
juelich_pilot_d30_r2_log_distance_s01_w1,juelich,12345,1,1,log-distance,38,39,veh11,veh14,2,0,1,776.521,0,7.91555,1.06776,nan,nan,0,0.02,0.018,0.0174667
juelich_pilot_d30_r2_log_distance_s01_w1,juelich,12345,1,1,log-distance,38,39,veh11,veh4,2,2,0,244.134,1,7.91555,0,-74.43,22.5463,2,0.02,0.022,0.0174667
juelich_pilot_d30_r2_log_distance_s01_w1,juelich,12345,1,1,log-distance,38,39,veh11,veh5,2,0,1,938.437,0,7.91555,8.13358,nan,nan,0,0.02,0.014,0.0174667
juelich_pilot_d30_r2_log_distance_s01_w1,juelich,12345,1,1,log-distance,38,39,veh11,veh6,2,2,0,248.533,1,7.91555,8.34876,-74.5854,22.3909,2,0.02,0.02,0.0174667
juelich_pilot_d30_r2_log_distance_s01_w1,juelich,12345,1,1,log-distance,38,39,veh11,veh7,2,0,1,945.052,0,7.91555,12.7616,nan,nan,0,0.02,0.014,0.0174667
juelich_pilot_d30_r2_log_distance_s01_w1,juelich,12345,1,1,log-distance,38,39,veh11,veh8,2,0,1,969.332,0,7.91555,9.91403,nan,nan,0,0.02,0.01,0.0174667
juelich_pilot_d30_r2_log_distance_s01_w1,juelich,12345,1,1,log-distance,38,39,veh11,veh9,2,2,0,81.0215,1,7.91555,2.49104,-64.847,32.1293,2,0.02,0.02,0.0174667
juelich_pilot_d30_r2_log_distance_s01_w1,juelich,12345,1,1,log-distance,38,39,veh12,veh0,2,2,0,468.372,1,5.91169,14.0041,-80.0895,16.8868,2,0.02,0.024,0.0174667
juelich_pilot_d30_r2_log_distance_s01_w1,juelich,12345,1,1,log-distance,38,39,veh12,veh1,2,0,1,668.991,0,5.91169,7.80176,nan,nan,0,0.02,0.018,0.0174667
juelich_pilot_d30_r2_log_distance_s01_w1,juelich,12345,1,1,log-distance,38,39,veh12,veh10,2,2,0,391.223,1,5.91169,8.60254,-78.5262,18.4501,2,0.02,0.02,0.0174667
juelich_pilot_d30_r2_log_distance_s01_w1,juelich,12345,1,1,log-distance,38,39,veh12,veh11,2,0,1,614.984,0,5.91169,7.91555,nan,nan,0,0.02,0.02,0.0174667
juelich_pilot_d30_r2_log_distance_s01_w1,juelich,12345,1,1,log-distance,38,39,veh12,veh13,2,2,0,412.274,1,5.91169,6.30684,-78.9814,17.9949,2,0.02,0.024,0.0174667
juelich_pilot_d30_r2_log_distance_s01_w1,juelich,12345,1,1,log-distance,38,39,veh12,veh14,2,2,0,181.149,1,5.91169,1.06776,-71.8384,25.1379,2,0.02,0.018,0.0174667
juelich_pilot_d30_r2_log_distance_s01_w1,juelich,12345,1,1,log-distance,38,39,veh12,veh4,2,2,0,407.041,1,5.91169,0,-78.8704,18.1059,2,0.02,0.022,0.0174667
juelich_pilot_d30_r2_log_distance_s01_w1,juelich,12345,1,1,log-distance,38,39,veh12,veh5,2,0,1,987.422,0,5.91169,8.13358,nan,nan,0,0.02,0.014,0.0174667
juelich_pilot_d30_r2_log_distance_s01_w1,juelich,12345,1,1,log-distance,38,39,veh12,veh6,2,2,0,367.877,1,5.91169,8.34876,-77.9917,18.9846,2,0.02,0.02,0.0174667
juelich_pilot_d30_r2_log_distance_s01_w1,juelich,12345,1,1,log-distance,38,39,veh12,veh9,2,2,0,548.463,0,5.91169,2.49104,-81.4606,15.5156,2,0.02,0.02,0.0174667
juelich_pilot_d30_r2_log_distance_s01_w1,juelich,12345,1,1,log-distance,38,39,veh13,veh0,2,2,0,119.367,1,6.30684,14.0041,-68.2115,28.7648,2,0.024,0.024,0.0174667
juelich_pilot_d30_r2_log_distance_s01_w1,juelich,12345,1,1,log-distance,38,39,veh13,veh1,2,2,0,501.216,0,6.30684,7.80176,-80.6781,16.2982,2,0.024,0.018,0.0174667
juelich_pilot_d30_r2_log_distance_s01_w1,juelich,12345,1,1,log-distance,38,39,veh13,veh10,2,2,0,345.012,1,6.30684,8.60254,-77.4341,19.5422,2,0.024,0.02,0.0174667
juelich_pilot_d30_r2_log_distance_s01_w1,juelich,12345,1,1,log-distance,38,39,veh13,veh11,2,2,0,444.511,1,6.30684,7.91555,-79.6352,17.3411,2,0.024,0.02,0.0174667
juelich_pilot_d30_r2_log_distance_s01_w1,juelich,12345,1,1,log-distance,38,39,veh13,veh12,2,2,0,412.274,1,6.30684,5.91169,-78.9814,17.9949,2,0.024,0.02,0.0174667
juelich_pilot_d30_r2_log_distance_s01_w1,juelich,12345,1,1,log-distance,38,39,veh13,veh14,2,2,0,486.813,1,6.30684,1.06776,-80.4249,16.5514,2,0.024,0.018,0.0174667
juelich_pilot_d30_r2_log_distance_s01_w1,juelich,12345,1,1,log-distance,38,39,veh13,veh4,2,2,0,222.956,1,6.30684,0,-73.642,23.3343,2,0.024,0.022,0.0174667
juelich_pilot_d30_r2_log_distance_s01_w1,juelich,12345,1,1,log-distance,38,39,veh13,veh5,2,0,1,619.733,0,6.30684,8.13358,nan,nan,0,0.024,0.014,0.0174667
juelich_pilot_d30_r2_log_distance_s01_w1,juelich,12345,1,1,log-distance,38,39,veh13,veh6,2,2,0,328.864,1,6.30684,8.34876,-77.0178,19.9585,2,0.024,0.02,0.0174667
juelich_pilot_d30_r2_log_distance_s01_w1,juelich,12345,1,1,log-distance,38,39,veh13,veh7,2,0,1,790.079,0,6.30684,12.7616,nan,nan,0,0.024,0.014,0.0174667
juelich_pilot_d30_r2_log_distance_s01_w1,juelich,12345,1,1,log-distance,38,39,veh13,veh8,2,0,1,915.536,0,6.30684,9.91403,nan,nan,0,0.024,0.01,0.0174667
juelich_pilot_d30_r2_log_distance_s01_w1,juelich,12345,1,1,log-distance,38,39,veh13,veh9,2,2,0,364.84,1,6.30684,2.49104,-77.9198,19.0565,2,0.024,0.02,0.0174667
juelich_pilot_d30_r2_log_distance_s01_w1,juelich,12345,1,1,log-distance,38,39,veh14,veh0,2,2,0,500.607,0,1.06776,14.0041,-80.6676,16.3087,2,0.018,0.024,0.0174667
juelich_pilot_d30_r2_log_distance_s01_w1,juelich,12345,1,1,log-distance,38,39,veh14,veh1,2,0,1,832.835,0,1.06776,7.80176,nan,nan,0,0.018,0.018,0.0174667
juelich_pilot_d30_r2_log_distance_s01_w1,juelich,12345,1,1,log-distance,38,39,veh14,veh10,2,2,0,559.704,0,1.06776,8.60254,-81.6368,15.3395,2,0.018,0.02,0.0174667
juelich_pilot_d30_r2_log_distance_s01_w1,juelich,12345,1,1,log-distance,38,39,veh14,veh11,2,0,1,776.521,0,1.06776,7.91555,nan,nan,0,0.018,0.02,0.0174667
juelich_pilot_d30_r2_log_distance_s01_w1,juelich,12345,1,1,log-distance,38,39,veh14,veh12,2,2,0,181.149,1,1.06776,5.91169,-71.8384,25.1379,2,0.018,0.02,0.0174667
juelich_pilot_d30_r2_log_distance_s01_w1,juelich,12345,1,1,log-distance,38,39,veh14,veh13,2,2,0,486.813,1,1.06776,6.30684,-80.4249,16.5514,2,0.018,0.024,0.0174667
juelich_pilot_d30_r2_log_distance_s01_w1,juelich,12345,1,1,log-distance,38,39,veh14,veh4,2,2,0,549.93,0,1.06776,0,-81.4839,15.4924,2,0.018,0.022,0.0174667
juelich_pilot_d30_r2_log_distance_s01_w1,juelich,12345,1,1,log-distance,38,39,veh14,veh5,2,0,1,980.043,0,1.06776,8.13358,nan,nan,0,0.018,0.014,0.0174667
juelich_pilot_d30_r2_log_distance_s01_w1,juelich,12345,1,1,log-distance,38,39,veh14,veh6,2,2,0,535.326,0,1.06776,8.34876,-81.25,15.7263,2,0.018,0.02,0.0174667
juelich_pilot_d30_r2_log_distance_s01_w1,juelich,12345,1,1,log-distance,38,39,veh14,veh9,2,0,1,704.458,0,1.06776,2.49104,nan,nan,0,0.018,0.02,0.0174667
juelich_pilot_d30_r2_log_distance_s01_w1,juelich,12345,1,1,log-distance,38,39,veh2,veh3,2,2,0,70.348,1,0,12.1564,-63.6147,33.3616,2,0.008,0.01,0.0174667
juelich_pilot_d30_r2_log_distance_s01_w1,juelich,12345,1,1,log-distance,38,39,veh2,veh5,2,0,1,838.98,0,0,8.13358,nan,nan,0,0.008,0.014,0.0174667
juelich_pilot_d30_r2_log_distance_s01_w1,juelich,12345,1,1,log-distance,38,39,veh2,veh7,2,2,0,502.589,0,0,12.7616,-80.7018,16.2745,2,0.008,0.014,0.0174667
juelich_pilot_d30_r2_log_distance_s01_w1,juelich,12345,1,1,log-distance,38,39,veh2,veh8,2,2,0,377.197,1,0,9.91403,-78.209,18.7672,2,0.008,0.01,0.0174667
juelich_pilot_d30_r2_log_distance_s01_w1,juelich,12345,1,1,log-distance,38,39,veh3,veh2,2,2,0,70.348,1,12.1564,0,-63.6147,33.3616,2,0.01,0.008,0.0174667
juelich_pilot_d30_r2_log_distance_s01_w1,juelich,12345,1,1,log-distance,38,39,veh3,veh5,2,0,1,768.674,0,12.1564,8.13358,nan,nan,0,0.01,0.014,0.0174667
juelich_pilot_d30_r2_log_distance_s01_w1,juelich,12345,1,1,log-distance,38,39,veh3,veh7,2,2,0,433.879,1,12.1564,12.7616,-79.4251,17.5512,2,0.01,0.014,0.0174667
juelich_pilot_d30_r2_log_distance_s01_w1,juelich,12345,1,1,log-distance,38,39,veh3,veh8,2,2,0,323.196,1,12.1564,9.91403,-76.867,20.1093,2,0.01,0.01,0.0174667
juelich_pilot_d30_r2_log_distance_s01_w1,juelich,12345,1,1,log-distance,38,39,veh4,veh0,2,2,0,342.146,1,0,14.0041,-77.3617,19.6146,2,0.022,0.024,0.0174667
juelich_pilot_d30_r2_log_distance_s01_w1,juelich,12345,1,1,log-distance,38,39,veh4,veh1,2,2,0,303.167,1,0,7.80176,-76.3112,20.6651,2,0.022,0.018,0.0174667
juelich_pilot_d30_r2_log_distance_s01_w1,juelich,12345,1,1,log-distance,38,39,veh4,veh10,2,2,0,134.065,1,0,8.60254,-69.2238,27.7525,2,0.022,0.02,0.0174667
juelich_pilot_d30_r2_log_distance_s01_w1,juelich,12345,1,1,log-distance,38,39,veh4,veh11,2,2,0,244.134,1,0,7.91555,-74.43,22.5463,2,0.022,0.02,0.0174667
juelich_pilot_d30_r2_log_distance_s01_w1,juelich,12345,1,1,log-distance,38,39,veh4,veh12,2,2,0,407.041,1,0,5.91169,-78.8704,18.1059,2,0.022,0.02,0.0174667
juelich_pilot_d30_r2_log_distance_s01_w1,juelich,12345,1,1,log-distance,38,39,veh4,veh13,2,2,0,222.956,1,0,6.30684,-73.642,23.3343,2,0.022,0.024,0.0174667
juelich_pilot_d30_r2_log_distance_s01_w1,juelich,12345,1,1,log-distance,38,39,veh4,veh14,2,2,0,549.93,0,0,1.06776,-81.4839,15.4924,2,0.022,0.018,0.0174667
juelich_pilot_d30_r2_log_distance_s01_w1,juelich,12345,1,1,log-distance,38,39,veh4,veh5,2,0,1,806.459,0,0,8.13358,nan,nan,0,0.022,0.014,0.0174667
juelich_pilot_d30_r2_log_distance_s01_w1,juelich,12345,1,1,log-distance,38,39,veh4,veh6,2,2,0,126.561,1,0,8.34876,-68.7236,28.2527,2,0.022,0.02,0.0174667
juelich_pilot_d30_r2_log_distance_s01_w1,juelich,12345,1,1,log-distance,38,39,veh4,veh7,2,0,1,905.775,0,0,12.7616,nan,nan,0,0.022,0.014,0.0174667
juelich_pilot_d30_r2_log_distance_s01_w1,juelich,12345,1,1,log-distance,38,39,veh4,veh8,2,0,1,986.15,0,0,9.91403,nan,nan,0,0.022,0.01,0.0174667
juelich_pilot_d30_r2_log_distance_s01_w1,juelich,12345,1,1,log-distance,38,39,veh4,veh9,2,2,0,164.172,1,0,2.49104,-70.9837,25.9926,2,0.022,0.02,0.0174667
juelich_pilot_d30_r2_log_distance_s01_w1,juelich,12345,1,1,log-distance,38,39,veh5,veh0,2,2,0,525.817,0,8.13358,14.0041,-81.0944,15.8819,2,0.014,0.024,0.0174667
juelich_pilot_d30_r2_log_distance_s01_w1,juelich,12345,1,1,log-distance,38,39,veh5,veh1,2,0,1,976.771,0,8.13358,7.80176,nan,nan,0,0.014,0.018,0.0174667
juelich_pilot_d30_r2_log_distance_s01_w1,juelich,12345,1,1,log-distance,38,39,veh5,veh10,2,0,1,940.424,0,8.13358,8.60254,nan,nan,0,0.014,0.02,0.0174667
juelich_pilot_d30_r2_log_distance_s01_w1,juelich,12345,1,1,log-distance,38,39,veh5,veh11,2,0,1,938.437,0,8.13358,7.91555,nan,nan,0,0.014,0.02,0.0174667
juelich_pilot_d30_r2_log_distance_s01_w1,juelich,12345,1,1,log-distance,38,39,veh5,veh12,2,0,1,987.422,0,8.13358,5.91169,nan,nan,0,0.014,0.02,0.0174667
juelich_pilot_d30_r2_log_distance_s01_w1,juelich,12345,1,1,log-distance,38,39,veh5,veh13,2,0,1,619.733,0,8.13358,6.30684,nan,nan,0,0.014,0.024,0.0174667
juelich_pilot_d30_r2_log_distance_s01_w1,juelich,12345,1,1,log-distance,38,39,veh5,veh14,2,0,1,980.043,0,8.13358,1.06776,nan,nan,0,0.014,0.018,0.0174667
juelich_pilot_d30_r2_log_distance_s01_w1,juelich,12345,1,1,log-distance,38,39,veh5,veh2,2,0,1,838.98,0,8.13358,0,nan,nan,0,0.014,0.008,0.0174667
juelich_pilot_d30_r2_log_distance_s01_w1,juelich,12345,1,1,log-distance,38,39,veh5,veh3,2,0,1,768.674,0,8.13358,12.1564,nan,nan,0,0.014,0.01,0.0174667
juelich_pilot_d30_r2_log_distance_s01_w1,juelich,12345,1,1,log-distance,38,39,veh5,veh4,2,0,1,806.459,0,8.13358,0,nan,nan,0,0.014,0.022,0.0174667
juelich_pilot_d30_r2_log_distance_s01_w1,juelich,12345,1,1,log-distance,38,39,veh5,veh6,2,0,1,930.313,0,8.13358,8.34876,nan,nan,0,0.014,0.02,0.0174667
juelich_pilot_d30_r2_log_distance_s01_w1,juelich,12345,1,1,log-distance,38,39,veh5,veh7,2,2,0,368.884,1,8.13358,12.7616,-78.0151,18.9612,2,0.014,0.014,0.0174667
juelich_pilot_d30_r2_log_distance_s01_w1,juelich,12345,1,1,log-distance,38,39,veh5,veh8,2,0,1,590.442,0,8.13358,9.91403,nan,nan,0,0.014,0.01,0.0174667
juelich_pilot_d30_r2_log_distance_s01_w1,juelich,12345,1,1,log-distance,38,39,veh5,veh9,2,0,1,881.084,0,8.13358,2.49104,nan,nan,0,0.014,0.02,0.0174667
juelich_pilot_d30_r2_log_distance_s01_w1,juelich,12345,1,1,log-distance,38,39,veh6,veh0,2,2,0,446.657,1,8.34876,14.0041,-79.6772,17.2991,2,0.02,0.024,0.0174667
juelich_pilot_d30_r2_log_distance_s01_w1,juelich,12345,1,1,log-distance,38,39,veh6,veh1,2,2,0,301.26,1,8.34876,7.80176,-76.2565,20.7198,2,0.02,0.018,0.0174667
juelich_pilot_d30_r2_log_distance_s01_w1,juelich,12345,1,1,log-distance,38,39,veh6,veh10,2,2,0,24.912,1,8.34876,8.60254,-54.6058,42.3705,2,0.02,0.02,0.0174667
juelich_pilot_d30_r2_log_distance_s01_w1,juelich,12345,1,1,log-distance,38,39,veh6,veh11,2,2,0,248.533,1,8.34876,7.91555,-74.5854,22.3909,2,0.02,0.02,0.0174667
juelich_pilot_d30_r2_log_distance_s01_w1,juelich,12345,1,1,log-distance,38,39,veh6,veh12,2,2,0,367.877,1,8.34876,5.91169,-77.9917,18.9846,2,0.02,0.02,0.0174667
juelich_pilot_d30_r2_log_distance_s01_w1,juelich,12345,1,1,log-distance,38,39,veh6,veh13,2,2,0,328.864,1,8.34876,6.30684,-77.0178,19.9585,2,0.02,0.024,0.0174667
juelich_pilot_d30_r2_log_distance_s01_w1,juelich,12345,1,1,log-distance,38,39,veh6,veh14,2,2,0,535.326,0,8.34876,1.06776,-81.25,15.7263,2,0.02,0.018,0.0174667
juelich_pilot_d30_r2_log_distance_s01_w1,juelich,12345,1,1,log-distance,38,39,veh6,veh4,2,2,0,126.561,1,8.34876,0,-68.7236,28.2527,2,0.02,0.022,0.0174667
juelich_pilot_d30_r2_log_distance_s01_w1,juelich,12345,1,1,log-distance,38,39,veh6,veh5,2,0,1,930.313,0,8.34876,8.13358,nan,nan,0,0.02,0.014,0.0174667
juelich_pilot_d30_r2_log_distance_s01_w1,juelich,12345,1,1,log-distance,38,39,veh6,veh9,2,2,0,190.571,1,8.34876,2.49104,-72.2787,24.6976,2,0.02,0.02,0.0174667
juelich_pilot_d30_r2_log_distance_s01_w1,juelich,12345,1,1,log-distance,38,39,veh7,veh0,2,0,1,740.774,0,12.7616,14.0041,nan,nan,0,0.014,0.024,0.0174667
juelich_pilot_d30_r2_log_distance_s01_w1,juelich,12345,1,1,log-distance,38,39,veh7,veh1,2,0,1,963.532,0,12.7616,7.80176,nan,nan,0,0.014,0.018,0.0174667
juelich_pilot_d30_r2_log_distance_s01_w1,juelich,12345,1,1,log-distance,38,39,veh7,veh11,2,0,1,945.052,0,12.7616,7.91555,nan,nan,0,0.014,0.02,0.0174667
juelich_pilot_d30_r2_log_distance_s01_w1,juelich,12345,1,1,log-distance,38,39,veh7,veh13,2,0,1,790.079,0,12.7616,6.30684,nan,nan,0,0.014,0.024,0.0174667
juelich_pilot_d30_r2_log_distance_s01_w1,juelich,12345,1,1,log-distance,38,39,veh7,veh2,2,2,0,502.589,0,12.7616,0,-80.7018,16.2745,2,0.014,0.008,0.0174667
juelich_pilot_d30_r2_log_distance_s01_w1,juelich,12345,1,1,log-distance,38,39,veh7,veh3,2,2,0,433.879,1,12.7616,12.1564,-79.4251,17.5512,2,0.014,0.01,0.0174667
juelich_pilot_d30_r2_log_distance_s01_w1,juelich,12345,1,1,log-distance,38,39,veh7,veh4,2,0,1,905.775,0,12.7616,0,nan,nan,0,0.014,0.022,0.0174667
juelich_pilot_d30_r2_log_distance_s01_w1,juelich,12345,1,1,log-distance,38,39,veh7,veh5,2,2,0,368.884,1,12.7616,8.13358,-78.0151,18.9612,2,0.014,0.014,0.0174667
juelich_pilot_d30_r2_log_distance_s01_w1,juelich,12345,1,1,log-distance,38,39,veh7,veh8,2,2,0,225.086,1,12.7616,9.91403,-73.724,23.2523,2,0.014,0.01,0.0174667
juelich_pilot_d30_r2_log_distance_s01_w1,juelich,12345,1,1,log-distance,38,39,veh7,veh9,2,0,1,914.763,0,12.7616,2.49104,nan,nan,0,0.014,0.02,0.0174667
juelich_pilot_d30_r2_log_distance_s01_w1,juelich,12345,1,1,log-distance,38,39,veh8,veh0,2,0,1,890.493,0,9.91403,14.0041,nan,nan,0,0.01,0.024,0.0174667
juelich_pilot_d30_r2_log_distance_s01_w1,juelich,12345,1,1,log-distance,38,39,veh8,veh1,2,0,1,974.335,0,9.91403,7.80176,nan,nan,0,0.01,0.018,0.0174667
juelich_pilot_d30_r2_log_distance_s01_w1,juelich,12345,1,1,log-distance,38,39,veh8,veh11,2,0,1,969.332,0,9.91403,7.91555,nan,nan,0,0.01,0.02,0.0174667
juelich_pilot_d30_r2_log_distance_s01_w1,juelich,12345,1,1,log-distance,38,39,veh8,veh13,2,0,1,915.536,0,9.91403,6.30684,nan,nan,0,0.01,0.024,0.0174667
juelich_pilot_d30_r2_log_distance_s01_w1,juelich,12345,1,1,log-distance,38,39,veh8,veh2,2,2,0,377.197,1,9.91403,0,-78.209,18.7672,2,0.01,0.008,0.0174667
juelich_pilot_d30_r2_log_distance_s01_w1,juelich,12345,1,1,log-distance,38,39,veh8,veh3,2,2,0,323.196,1,9.91403,12.1564,-76.867,20.1093,2,0.01,0.01,0.0174667
juelich_pilot_d30_r2_log_distance_s01_w1,juelich,12345,1,1,log-distance,38,39,veh8,veh4,2,0,1,986.15,0,9.91403,0,nan,nan,0,0.01,0.022,0.0174667
juelich_pilot_d30_r2_log_distance_s01_w1,juelich,12345,1,1,log-distance,38,39,veh8,veh5,2,0,1,590.442,0,9.91403,8.13358,nan,nan,0,0.01,0.014,0.0174667
juelich_pilot_d30_r2_log_distance_s01_w1,juelich,12345,1,1,log-distance,38,39,veh8,veh7,2,2,0,225.086,1,9.91403,12.7616,-73.724,23.2523,2,0.01,0.014,0.0174667
juelich_pilot_d30_r2_log_distance_s01_w1,juelich,12345,1,1,log-distance,38,39,veh8,veh9,2,0,1,957.425,0,9.91403,2.49104,nan,nan,0,0.01,0.02,0.0174667
juelich_pilot_d30_r2_log_distance_s01_w1,juelich,12345,1,1,log-distance,38,39,veh9,veh0,2,2,0,478.478,1,2.49104,14.0041,-80.2747,16.7016,2,0.02,0.024,0.0174667
juelich_pilot_d30_r2_log_distance_s01_w1,juelich,12345,1,1,log-distance,38,39,veh9,veh1,2,2,0,139.747,1,2.49104,7.80176,-69.5837,27.3926,2,0.02,0.018,0.0174667
juelich_pilot_d30_r2_log_distance_s01_w1,juelich,12345,1,1,log-distance,38,39,veh9,veh10,2,2,0,173.51,1,2.49104,8.60254,-71.464,25.5122,2,0.02,0.02,0.0174667
juelich_pilot_d30_r2_log_distance_s01_w1,juelich,12345,1,1,log-distance,38,39,veh9,veh11,2,2,0,81.0215,1,2.49104,7.91555,-64.847,32.1293,2,0.02,0.02,0.0174667
juelich_pilot_d30_r2_log_distance_s01_w1,juelich,12345,1,1,log-distance,38,39,veh9,veh12,2,2,0,548.463,0,2.49104,5.91169,-81.4606,15.5156,2,0.02,0.02,0.0174667
juelich_pilot_d30_r2_log_distance_s01_w1,juelich,12345,1,1,log-distance,38,39,veh9,veh13,2,2,0,364.84,1,2.49104,6.30684,-77.9198,19.0565,2,0.02,0.024,0.0174667
juelich_pilot_d30_r2_log_distance_s01_w1,juelich,12345,1,1,log-distance,38,39,veh9,veh14,2,0,1,704.458,0,2.49104,1.06776,nan,nan,0,0.02,0.018,0.0174667
juelich_pilot_d30_r2_log_distance_s01_w1,juelich,12345,1,1,log-distance,38,39,veh9,veh4,2,2,0,164.172,1,2.49104,0,-70.9837,25.9926,2,0.02,0.022,0.0174667
juelich_pilot_d30_r2_log_distance_s01_w1,juelich,12345,1,1,log-distance,38,39,veh9,veh5,2,0,1,881.084,0,2.49104,8.13358,nan,nan,0,0.02,0.014,0.0174667
juelich_pilot_d30_r2_log_distance_s01_w1,juelich,12345,1,1,log-distance,38,39,veh9,veh6,2,2,0,190.571,1,2.49104,8.34876,-72.2787,24.6976,2,0.02,0.02,0.0174667
juelich_pilot_d30_r2_log_distance_s01_w1,juelich,12345,1,1,log-distance,38,39,veh9,veh7,2,0,1,914.763,0,2.49104,12.7616,nan,nan,0,0.02,0.014,0.0174667
juelich_pilot_d30_r2_log_distance_s01_w1,juelich,12345,1,1,log-distance,38,39,veh9,veh8,2,0,1,957.425,0,2.49104,9.91403,nan,nan,0,0.02,0.01,0.0174667
juelich_pilot_d30_r2_log_distance_s01_w1,juelich,12345,1,1,log-distance,39,40,veh0,veh1,2,0,1,617.354,0,14.0739,7.81688,nan,nan,0,0.024,0.019,0.0176
juelich_pilot_d30_r2_log_distance_s01_w1,juelich,12345,1,1,log-distance,39,40,veh0,veh10,2,2,0,466.856,1,14.0739,8.59347,-80.0613,16.9149,2,0.024,0.02,0.0176
juelich_pilot_d30_r2_log_distance_s01_w1,juelich,12345,1,1,log-distance,39,40,veh0,veh11,2,2,0,562.021,0,14.0739,7.87981,-81.6727,15.3036,2,0.024,0.02,0.0176
juelich_pilot_d30_r2_log_distance_s01_w1,juelich,12345,1,1,log-distance,39,40,veh0,veh12,2,2,0,469.981,1,14.0739,1.46311,-80.1193,16.857,2,0.024,0.02,0.0176
juelich_pilot_d30_r2_log_distance_s01_w1,juelich,12345,1,1,log-distance,39,40,veh0,veh13,2,2,0,133.78,1,14.0739,6.34788,-69.2023,27.774,2,0.024,0.024,0.0176
juelich_pilot_d30_r2_log_distance_s01_w1,juelich,12345,1,1,log-distance,39,40,veh0,veh14,2,2,0,493.364,1,14.0739,3.19884,-80.541,16.4353,2,0.024,0.019,0.0176
juelich_pilot_d30_r2_log_distance_s01_w1,juelich,12345,1,1,log-distance,39,40,veh0,veh4,2,2,0,352.941,1,14.0739,0,-77.6315,19.3448,2,0.024,0.022,0.0176
juelich_pilot_d30_r2_log_distance_s01_w1,juelich,12345,1,1,log-distance,39,40,veh0,veh5,2,2,0,523.542,0,14.0739,8.18125,-81.0567,15.9196,2,0.024,0.014,0.0176
juelich_pilot_d30_r2_log_distance_s01_w1,juelich,12345,1,1,log-distance,39,40,veh0,veh6,2,2,0,449.997,1,14.0739,8.39153,-79.7419,17.2344,2,0.024,0.02,0.0176
juelich_pilot_d30_r2_log_distance_s01_w1,juelich,12345,1,1,log-distance,39,40,veh0,veh7,2,0,1,734.188,0,14.0739,12.7535,nan,nan,0,0.024,0.014,0.0176
juelich_pilot_d30_r2_log_distance_s01_w1,juelich,12345,1,1,log-distance,39,40,veh0,veh8,2,0,1,899.484,0,14.0739,9.91202,nan,nan,0,0.024,0.01,0.0176
juelich_pilot_d30_r2_log_distance_s01_w1,juelich,12345,1,1,log-distance,39,40,veh0,veh9,2,2,0,491.262,1,14.0739,5.95343e-06,-80.5038,16.4725,2,0.024,0.02,0.0176
juelich_pilot_d30_r2_log_distance_s01_w1,juelich,12345,1,1,log-distance,39,40,veh1,veh0,2,0,1,617.354,0,7.81688,14.0739,nan,nan,0,0.019,0.024,0.0176
juelich_pilot_d30_r2_log_distance_s01_w1,juelich,12345,1,1,log-distance,39,40,veh1,veh10,2,2,0,279.332,1,7.81688,8.59347,-75.6001,21.3762,2,0.019,0.02,0.0176
juelich_pilot_d30_r2_log_distance_s01_w1,juelich,12345,1,1,log-distance,39,40,veh1,veh11,2,2,0,59.0954,1,7.81688,7.87981,-62.1088,34.8675,2,0.019,0.02,0.0176
juelich_pilot_d30_r2_log_distance_s01_w1,juelich,12345,1,1,log-distance,39,40,veh1,veh12,2,0,1,663.834,0,7.81688,1.46311,nan,nan,0,0.019,0.02,0.0176
juelich_pilot_d30_r2_log_distance_s01_w1,juelich,12345,1,1,log-distance,39,40,veh1,veh13,2,2,0,492.042,1,7.81688,6.34788,-80.5176,16.4586,2,0.019,0.024,0.0176
juelich_pilot_d30_r2_log_distance_s01_w1,juelich,12345,1,1,log-distance,39,40,veh1,veh14,2,0,1,823.389,0,7.81688,3.19884,nan,nan,0,0.019,0.019,0.0176
juelich_pilot_d30_r2_log_distance_s01_w1,juelich,12345,1,1,log-distance,39,40,veh1,veh4,2,2,0,295.36,1,7.81688,0,-76.0845,20.8918,2,0.019,0.022,0.0176
juelich_pilot_d30_r2_log_distance_s01_w1,juelich,12345,1,1,log-distance,39,40,veh1,veh5,2,0,1,965.977,0,7.81688,8.18125,nan,nan,0,0.019,0.014,0.0176
juelich_pilot_d30_r2_log_distance_s01_w1,juelich,12345,1,1,log-distance,39,40,veh1,veh6,2,2,0,301.832,1,7.81688,8.39153,-76.273,20.7033,2,0.019,0.02,0.0176
juelich_pilot_d30_r2_log_distance_s01_w1,juelich,12345,1,1,log-distance,39,40,veh1,veh7,2,0,1,948.87,0,7.81688,12.7535,nan,nan,0,0.019,0.014,0.0176
juelich_pilot_d30_r2_log_distance_s01_w1,juelich,12345,1,1,log-distance,39,40,veh1,veh8,2,0,1,968.116,0,7.81688,9.91202,nan,nan,0,0.019,0.01,0.0176
juelich_pilot_d30_r2_log_distance_s01_w1,juelich,12345,1,1,log-distance,39,40,veh1,veh9,2,2,0,131.898,1,7.81688,5.95343e-06,-69.0815,27.8947,2,0.019,0.02,0.0176
juelich_pilot_d30_r2_log_distance_s01_w1,juelich,12345,1,1,log-distance,39,40,veh10,veh0,2,2,0,466.856,1,8.59347,14.0739,-80.0613,16.9149,2,0.02,0.024,0.0176
juelich_pilot_d30_r2_log_distance_s01_w1,juelich,12345,1,1,log-distance,39,40,veh10,veh1,2,2,0,279.332,1,8.59347,7.81688,-75.6001,21.3762,2,0.02,0.019,0.0176
juelich_pilot_d30_r2_log_distance_s01_w1,juelich,12345,1,1,log-distance,39,40,veh10,veh11,2,2,0,227.727,1,8.59347,7.87981,-73.826,23.1503,2,0.02,0.02,0.0176
juelich_pilot_d30_r2_log_distance_s01_w1,juelich,12345,1,1,log-distance,39,40,veh10,veh12,2,2,0,385.069,1,8.59347,1.46311,-78.3884,18.5879,2,0.02,0.02,0.0176
juelich_pilot_d30_r2_log_distance_s01_w1,juelich,12345,1,1,log-distance,39,40,veh10,veh13,2,2,0,334.526,1,8.59347,6.34788,-77.166,19.8103,2,0.02,0.024,0.0176
juelich_pilot_d30_r2_log_distance_s01_w1,juelich,12345,1,1,log-distance,39,40,veh10,veh14,2,2,0,549.215,0,8.59347,3.19884,-81.4724,15.5039,2,0.02,0.019,0.0176
juelich_pilot_d30_r2_log_distance_s01_w1,juelich,12345,1,1,log-distance,39,40,veh10,veh4,2,2,0,130.922,1,8.59347,0,-69.0179,27.9584,2,0.02,0.022,0.0176
juelich_pilot_d30_r2_log_distance_s01_w1,juelich,12345,1,1,log-distance,39,40,veh10,veh5,2,0,1,933.14,0,8.59347,8.18125,nan,nan,0,0.02,0.014,0.0176
juelich_pilot_d30_r2_log_distance_s01_w1,juelich,12345,1,1,log-distance,39,40,veh10,veh6,2,2,0,24.6626,1,8.59347,8.39153,-54.5184,42.4578,2,0.02,0.02,0.0176
juelich_pilot_d30_r2_log_distance_s01_w1,juelich,12345,1,1,log-distance,39,40,veh10,veh9,2,2,0,178.637,1,8.59347,5.95343e-06,-71.7169,25.2594,2,0.02,0.02,0.0176
juelich_pilot_d30_r2_log_distance_s01_w1,juelich,12345,1,1,log-distance,39,40,veh11,veh0,2,2,0,562.021,0,7.87981,14.0739,-81.6727,15.3036,2,0.02,0.024,0.0176
juelich_pilot_d30_r2_log_distance_s01_w1,juelich,12345,1,1,log-distance,39,40,veh11,veh1,2,2,0,59.0954,1,7.87981,7.81688,-62.1088,34.8675,2,0.02,0.019,0.0176
juelich_pilot_d30_r2_log_distance_s01_w1,juelich,12345,1,1,log-distance,39,40,veh11,veh10,2,2,0,227.727,1,7.87981,8.59347,-73.826,23.1503,2,0.02,0.02,0.0176
juelich_pilot_d30_r2_log_distance_s01_w1,juelich,12345,1,1,log-distance,39,40,veh11,veh12,2,0,1,609.997,0,7.87981,1.46311,nan,nan,0,0.02,0.02,0.0176
juelich_pilot_d30_r2_log_distance_s01_w1,juelich,12345,1,1,log-distance,39,40,veh11,veh13,2,2,0,435.139,1,7.87981,6.34788,-79.4501,17.5261,2,0.02,0.024,0.0176
juelich_pilot_d30_r2_log_distance_s01_w1,juelich,12345,1,1,log-distance,39,40,veh11,veh14,2,0,1,767.095,0,7.87981,3.19884,nan,nan,0,0.02,0.019,0.0176
juelich_pilot_d30_r2_log_distance_s01_w1,juelich,12345,1,1,log-distance,39,40,veh11,veh4,2,2,0,236.264,1,7.87981,0,-74.1454,22.8309,2,0.02,0.022,0.0176
juelich_pilot_d30_r2_log_distance_s01_w1,juelich,12345,1,1,log-distance,39,40,veh11,veh5,2,0,1,928.17,0,7.87981,8.18125,nan,nan,0,0.02,0.014,0.0176
juelich_pilot_d30_r2_log_distance_s01_w1,juelich,12345,1,1,log-distance,39,40,veh11,veh6,2,2,0,249.041,1,7.87981,8.39153,-74.6031,22.3732,2,0.02,0.02,0.0176
juelich_pilot_d30_r2_log_distance_s01_w1,juelich,12345,1,1,log-distance,39,40,veh11,veh7,2,0,1,930.558,0,7.87981,12.7535,nan,nan,0,0.02,0.014,0.0176
juelich_pilot_d30_r2_log_distance_s01_w1,juelich,12345,1,1,log-distance,39,40,veh11,veh8,2,0,1,964.094,0,7.87981,9.91202,nan,nan,0,0.02,0.01,0.0176
juelich_pilot_d30_r2_log_distance_s01_w1,juelich,12345,1,1,log-distance,39,40,veh11,veh9,2,2,0,73.1193,1,7.87981,5.95343e-06,-63.9552,33.0211,2,0.02,0.02,0.0176
juelich_pilot_d30_r2_log_distance_s01_w1,juelich,12345,1,1,log-distance,39,40,veh12,veh0,2,2,0,469.981,1,1.46311,14.0739,-80.1193,16.857,2,0.02,0.024,0.0176
juelich_pilot_d30_r2_log_distance_s01_w1,juelich,12345,1,1,log-distance,39,40,veh12,veh1,2,0,1,663.834,0,1.46311,7.81688,nan,nan,0,0.02,0.019,0.0176
juelich_pilot_d30_r2_log_distance_s01_w1,juelich,12345,1,1,log-distance,39,40,veh12,veh10,2,2,0,385.069,1,1.46311,8.59347,-78.3884,18.5879,2,0.02,0.02,0.0176
juelich_pilot_d30_r2_log_distance_s01_w1,juelich,12345,1,1,log-distance,39,40,veh12,veh11,2,0,1,609.997,0,1.46311,7.87981,nan,nan,0,0.02,0.02,0.0176
juelich_pilot_d30_r2_log_distance_s01_w1,juelich,12345,1,1,log-distance,39,40,veh12,veh13,2,2,0,409.692,1,1.46311,6.34788,-78.9268,18.0495,2,0.02,0.024,0.0176
juelich_pilot_d30_r2_log_distance_s01_w1,juelich,12345,1,1,log-distance,39,40,veh12,veh14,2,2,0,178.486,1,1.46311,3.19884,-71.7097,25.2666,2,0.02,0.019,0.0176
juelich_pilot_d30_r2_log_distance_s01_w1,juelich,12345,1,1,log-distance,39,40,veh12,veh4,2,2,0,409.79,1,1.46311,0,-78.9289,18.0474,2,0.02,0.022,0.0176
juelich_pilot_d30_r2_log_distance_s01_w1,juelich,12345,1,1,log-distance,39,40,veh12,veh5,2,0,1,990.207,0,1.46311,8.18125,nan,nan,0,0.02,0.014,0.0176
juelich_pilot_d30_r2_log_distance_s01_w1,juelich,12345,1,1,log-distance,39,40,veh12,veh6,2,2,0,362.055,1,1.46311,8.39153,-77.8531,19.1232,2,0.02,0.02,0.0176
juelich_pilot_d30_r2_log_distance_s01_w1,juelich,12345,1,1,log-distance,39,40,veh12,veh9,2,2,0,550.458,0,1.46311,5.95343e-06,-81.4922,15.4841,2,0.02,0.02,0.0176
juelich_pilot_d30_r2_log_distance_s01_w1,juelich,12345,1,1,log-distance,39,40,veh13,veh0,2,2,0,133.78,1,6.34788,14.0739,-69.2023,27.774,2,0.024,0.024,0.0176
juelich_pilot_d30_r2_log_distance_s01_w1,juelich,12345,1,1,log-distance,39,40,veh13,veh1,2,2,0,492.042,1,6.34788,7.81688,-80.5176,16.4586,2,0.024,0.019,0.0176
juelich_pilot_d30_r2_log_distance_s01_w1,juelich,12345,1,1,log-distance,39,40,veh13,veh10,2,2,0,334.526,1,6.34788,8.59347,-77.166,19.8103,2,0.024,0.02,0.0176
juelich_pilot_d30_r2_log_distance_s01_w1,juelich,12345,1,1,log-distance,39,40,veh13,veh11,2,2,0,435.139,1,6.34788,7.87981,-79.4501,17.5261,2,0.024,0.02,0.0176
juelich_pilot_d30_r2_log_distance_s01_w1,juelich,12345,1,1,log-distance,39,40,veh13,veh12,2,2,0,409.692,1,6.34788,1.46311,-78.9268,18.0495,2,0.024,0.02,0.0176
juelich_pilot_d30_r2_log_distance_s01_w1,juelich,12345,1,1,log-distance,39,40,veh13,veh14,2,2,0,480.875,1,6.34788,3.19884,-80.3183,16.658,2,0.024,0.019,0.0176
juelich_pilot_d30_r2_log_distance_s01_w1,juelich,12345,1,1,log-distance,39,40,veh13,veh4,2,2,0,219.292,1,6.34788,0,-73.4981,23.4782,2,0.024,0.022,0.0176
juelich_pilot_d30_r2_log_distance_s01_w1,juelich,12345,1,1,log-distance,39,40,veh13,veh5,2,0,1,623.426,0,6.34788,8.18125,nan,nan,0,0.024,0.014,0.0176
juelich_pilot_d30_r2_log_distance_s01_w1,juelich,12345,1,1,log-distance,39,40,veh13,veh6,2,2,0,318.755,1,6.34788,8.39153,-76.7466,20.2297,2,0.024,0.02,0.0176
juelich_pilot_d30_r2_log_distance_s01_w1,juelich,12345,1,1,log-distance,39,40,veh13,veh7,2,0,1,783.676,0,6.34788,12.7535,nan,nan,0,0.024,0.014,0.0176
juelich_pilot_d30_r2_log_distance_s01_w1,juelich,12345,1,1,log-distance,39,40,veh13,veh8,2,0,1,920.887,0,6.34788,9.91202,nan,nan,0,0.024,0.01,0.0176
juelich_pilot_d30_r2_log_distance_s01_w1,juelich,12345,1,1,log-distance,39,40,veh13,veh9,2,2,0,363.034,1,6.34788,5.95343e-06,-77.8766,19.0996,2,0.024,0.02,0.0176
juelich_pilot_d30_r2_log_distance_s01_w1,juelich,12345,1,1,log-distance,39,40,veh14,veh0,2,2,0,493.364,1,3.19884,14.0739,-80.541,16.4353,2,0.019,0.024,0.0176
juelich_pilot_d30_r2_log_distance_s01_w1,juelich,12345,1,1,log-distance,39,40,veh14,veh1,2,0,1,823.389,0,3.19884,7.81688,nan,nan,0,0.019,0.019,0.0176
juelich_pilot_d30_r2_log_distance_s01_w1,juelich,12345,1,1,log-distance,39,40,veh14,veh10,2,2,0,549.215,0,3.19884,8.59347,-81.4724,15.5039,2,0.019,0.02,0.0176
juelich_pilot_d30_r2_log_distance_s01_w1,juelich,12345,1,1,log-distance,39,40,veh14,veh11,2,0,1,767.095,0,3.19884,7.87981,nan,nan,0,0.019,0.02,0.0176
juelich_pilot_d30_r2_log_distance_s01_w1,juelich,12345,1,1,log-distance,39,40,veh14,veh12,2,2,0,178.486,1,3.19884,1.46311,-71.7097,25.2666,2,0.019,0.02,0.0176
juelich_pilot_d30_r2_log_distance_s01_w1,juelich,12345,1,1,log-distance,39,40,veh14,veh13,2,2,0,480.875,1,3.19884,6.34788,-80.3183,16.658,2,0.019,0.024,0.0176
juelich_pilot_d30_r2_log_distance_s01_w1,juelich,12345,1,1,log-distance,39,40,veh14,veh4,2,2,0,548.152,0,3.19884,0,-81.4557,15.5206,2,0.019,0.022,0.0176
juelich_pilot_d30_r2_log_distance_s01_w1,juelich,12345,1,1,log-distance,39,40,veh14,veh5,2,0,1,981.092,0,3.19884,8.18125,nan,nan,0,0.019,0.014,0.0176
juelich_pilot_d30_r2_log_distance_s01_w1,juelich,12345,1,1,log-distance,39,40,veh14,veh6,2,2,0,525.084,0,3.19884,8.39153,-81.0822,15.8941,2,0.019,0.02,0.0176
juelich_pilot_d30_r2_log_distance_s01_w1,juelich,12345,1,1,log-distance,39,40,veh14,veh9,2,0,1,702.316,0,3.19884,5.95343e-06,nan,nan,0,0.019,0.02,0.0176
juelich_pilot_d30_r2_log_distance_s01_w1,juelich,12345,1,1,log-distance,39,40,veh2,veh3,2,2,0,82.4659,1,0,12.1067,-64.9973,31.979,2,0.008,0.01,0.0176
juelich_pilot_d30_r2_log_distance_s01_w1,juelich,12345,1,1,log-distance,39,40,veh2,veh5,2,0,1,833.705,0,0,8.18125,nan,nan,0,0.008,0.014,0.0176
juelich_pilot_d30_r2_log_distance_s01_w1,juelich,12345,1,1,log-distance,39,40,veh2,veh7,2,2,0,513.932,0,0,12.7535,-80.8957,16.0806,2,0.008,0.014,0.0176
juelich_pilot_d30_r2_log_distance_s01_w1,juelich,12345,1,1,log-distance,39,40,veh2,veh8,2,2,0,381.059,1,0,9.91202,-78.2975,18.6788,2,0.008,0.01,0.0176
juelich_pilot_d30_r2_log_distance_s01_w1,juelich,12345,1,1,log-distance,39,40,veh3,veh2,2,2,0,82.4659,1,12.1067,0,-64.9973,31.979,2,0.01,0.008,0.0176
juelich_pilot_d30_r2_log_distance_s01_w1,juelich,12345,1,1,log-distance,39,40,veh3,veh5,2,0,1,751.301,0,12.1067,8.18125,nan,nan,0,0.01,0.014,0.0176
juelich_pilot_d30_r2_log_distance_s01_w1,juelich,12345,1,1,log-distance,39,40,veh3,veh7,2,2,0,433.444,1,12.1067,12.7535,-79.4164,17.5599,2,0.01,0.014,0.0176
juelich_pilot_d30_r2_log_distance_s01_w1,juelich,12345,1,1,log-distance,39,40,veh3,veh8,2,2,0,319.114,1,12.1067,9.91202,-76.7566,20.2197,2,0.01,0.01,0.0176
juelich_pilot_d30_r2_log_distance_s01_w1,juelich,12345,1,1,log-distance,39,40,veh4,veh0,2,2,0,352.941,1,0,14.0739,-77.6315,19.3448,2,0.022,0.024,0.0176
juelich_pilot_d30_r2_log_distance_s01_w1,juelich,12345,1,1,log-distance,39,40,veh4,veh1,2,2,0,295.36,1,0,7.81688,-76.0845,20.8918,2,0.022,0.019,0.0176
juelich_pilot_d30_r2_log_distance_s01_w1,juelich,12345,1,1,log-distance,39,40,veh4,veh10,2,2,0,130.922,1,0,8.59347,-69.0179,27.9584,2,0.022,0.02,0.0176
juelich_pilot_d30_r2_log_distance_s01_w1,juelich,12345,1,1,log-distance,39,40,veh4,veh11,2,2,0,236.264,1,0,7.87981,-74.1454,22.8309,2,0.022,0.02,0.0176
juelich_pilot_d30_r2_log_distance_s01_w1,juelich,12345,1,1,log-distance,39,40,veh4,veh12,2,2,0,409.79,1,0,1.46311,-78.9289,18.0474,2,0.022,0.02,0.0176
juelich_pilot_d30_r2_log_distance_s01_w1,juelich,12345,1,1,log-distance,39,40,veh4,veh13,2,2,0,219.292,1,0,6.34788,-73.4981,23.4782,2,0.022,0.024,0.0176
juelich_pilot_d30_r2_log_distance_s01_w1,juelich,12345,1,1,log-distance,39,40,veh4,veh14,2,2,0,548.152,0,0,3.19884,-81.4557,15.5206,2,0.022,0.019,0.0176
juelich_pilot_d30_r2_log_distance_s01_w1,juelich,12345,1,1,log-distance,39,40,veh4,veh5,2,0,1,802.697,0,0,8.18125,nan,nan,0,0.022,0.014,0.0176
juelich_pilot_d30_r2_log_distance_s01_w1,juelich,12345,1,1,log-distance,39,40,veh4,veh6,2,2,0,125.103,1,0,8.39153,-68.623,28.3533,2,0.022,0.02,0.0176
juelich_pilot_d30_r2_log_distance_s01_w1,juelich,12345,1,1,log-distance,39,40,veh4,veh7,2,0,1,892.934,0,0,12.7535,nan,nan,0,0.022,0.014,0.0176
juelich_pilot_d30_r2_log_distance_s01_w1,juelich,12345,1,1,log-distance,39,40,veh4,veh8,2,0,1,983.524,0,0,9.91202,nan,nan,0,0.022,0.01,0.0176
juelich_pilot_d30_r2_log_distance_s01_w1,juelich,12345,1,1,log-distance,39,40,veh4,veh9,2,2,0,164.137,1,0,5.95343e-06,-70.9818,25.9944,2,0.022,0.02,0.0176
juelich_pilot_d30_r2_log_distance_s01_w1,juelich,12345,1,1,log-distance,39,40,veh5,veh0,2,2,0,523.542,0,8.18125,14.0739,-81.0567,15.9196,2,0.014,0.024,0.0176
juelich_pilot_d30_r2_log_distance_s01_w1,juelich,12345,1,1,log-distance,39,40,veh5,veh1,2,0,1,965.977,0,8.18125,7.81688,nan,nan,0,0.014,0.019,0.0176
juelich_pilot_d30_r2_log_distance_s01_w1,juelich,12345,1,1,log-distance,39,40,veh5,veh10,2,0,1,933.14,0,8.18125,8.59347,nan,nan,0,0.014,0.02,0.0176
juelich_pilot_d30_r2_log_distance_s01_w1,juelich,12345,1,1,log-distance,39,40,veh5,veh11,2,0,1,928.17,0,8.18125,7.87981,nan,nan,0,0.014,0.02,0.0176
juelich_pilot_d30_r2_log_distance_s01_w1,juelich,12345,1,1,log-distance,39,40,veh5,veh12,2,0,1,990.207,0,8.18125,1.46311,nan,nan,0,0.014,0.02,0.0176
juelich_pilot_d30_r2_log_distance_s01_w1,juelich,12345,1,1,log-distance,39,40,veh5,veh13,2,0,1,623.426,0,8.18125,6.34788,nan,nan,0,0.014,0.024,0.0176
juelich_pilot_d30_r2_log_distance_s01_w1,juelich,12345,1,1,log-distance,39,40,veh5,veh14,2,0,1,981.092,0,8.18125,3.19884,nan,nan,0,0.014,0.019,0.0176
juelich_pilot_d30_r2_log_distance_s01_w1,juelich,12345,1,1,log-distance,39,40,veh5,veh2,2,0,1,833.705,0,8.18125,0,nan,nan,0,0.014,0.008,0.0176
juelich_pilot_d30_r2_log_distance_s01_w1,juelich,12345,1,1,log-distance,39,40,veh5,veh3,2,0,1,751.301,0,8.18125,12.1067,nan,nan,0,0.014,0.01,0.0176
juelich_pilot_d30_r2_log_distance_s01_w1,juelich,12345,1,1,log-distance,39,40,veh5,veh4,2,0,1,802.697,0,8.18125,0,nan,nan,0,0.014,0.022,0.0176
juelich_pilot_d30_r2_log_distance_s01_w1,juelich,12345,1,1,log-distance,39,40,veh5,veh6,2,0,1,923.597,0,8.18125,8.39153,nan,nan,0,0.014,0.02,0.0176
juelich_pilot_d30_r2_log_distance_s01_w1,juelich,12345,1,1,log-distance,39,40,veh5,veh7,2,2,0,355.58,1,8.18125,12.7535,-77.6961,19.2802,2,0.014,0.014,0.0176
juelich_pilot_d30_r2_log_distance_s01_w1,juelich,12345,1,1,log-distance,39,40,veh5,veh8,2,0,1,589.405,0,8.18125,9.91202,nan,nan,0,0.014,0.01,0.0176
juelich_pilot_d30_r2_log_distance_s01_w1,juelich,12345,1,1,log-distance,39,40,veh5,veh9,2,0,1,876.71,0,8.18125,5.95343e-06,nan,nan,0,0.014,0.02,0.0176
juelich_pilot_d30_r2_log_distance_s01_w1,juelich,12345,1,1,log-distance,39,40,veh6,veh0,2,2,0,449.997,1,8.39153,14.0739,-79.7419,17.2344,2,0.02,0.024,0.0176
juelich_pilot_d30_r2_log_distance_s01_w1,juelich,12345,1,1,log-distance,39,40,veh6,veh1,2,2,0,301.832,1,8.39153,7.81688,-76.273,20.7033,2,0.02,0.019,0.0176
juelich_pilot_d30_r2_log_distance_s01_w1,juelich,12345,1,1,log-distance,39,40,veh6,veh10,2,2,0,24.6626,1,8.39153,8.59347,-54.5184,42.4578,2,0.02,0.02,0.0176
juelich_pilot_d30_r2_log_distance_s01_w1,juelich,12345,1,1,log-distance,39,40,veh6,veh11,2,2,0,249.041,1,8.39153,7.87981,-74.6031,22.3732,2,0.02,0.02,0.0176
juelich_pilot_d30_r2_log_distance_s01_w1,juelich,12345,1,1,log-distance,39,40,veh6,veh12,2,2,0,362.055,1,8.39153,1.46311,-77.8531,19.1232,2,0.02,0.02,0.0176
juelich_pilot_d30_r2_log_distance_s01_w1,juelich,12345,1,1,log-distance,39,40,veh6,veh13,2,2,0,318.755,1,8.39153,6.34788,-76.7466,20.2297,2,0.02,0.024,0.0176
juelich_pilot_d30_r2_log_distance_s01_w1,juelich,12345,1,1,log-distance,39,40,veh6,veh14,2,2,0,525.084,0,8.39153,3.19884,-81.0822,15.8941,2,0.02,0.019,0.0176
juelich_pilot_d30_r2_log_distance_s01_w1,juelich,12345,1,1,log-distance,39,40,veh6,veh4,2,2,0,125.103,1,8.39153,0,-68.623,28.3533,2,0.02,0.022,0.0176
juelich_pilot_d30_r2_log_distance_s01_w1,juelich,12345,1,1,log-distance,39,40,veh6,veh5,2,0,1,923.597,0,8.39153,8.18125,nan,nan,0,0.02,0.014,0.0176
juelich_pilot_d30_r2_log_distance_s01_w1,juelich,12345,1,1,log-distance,39,40,veh6,veh9,2,2,0,196.237,1,8.39153,5.95343e-06,-72.533,24.4433,2,0.02,0.02,0.0176
juelich_pilot_d30_r2_log_distance_s01_w1,juelich,12345,1,1,log-distance,39,40,veh7,veh0,2,0,1,734.188,0,12.7535,14.0739,nan,nan,0,0.014,0.024,0.0176
juelich_pilot_d30_r2_log_distance_s01_w1,juelich,12345,1,1,log-distance,39,40,veh7,veh1,2,0,1,948.87,0,12.7535,7.81688,nan,nan,0,0.014,0.019,0.0176
juelich_pilot_d30_r2_log_distance_s01_w1,juelich,12345,1,1,log-distance,39,40,veh7,veh11,2,0,1,930.558,0,12.7535,7.87981,nan,nan,0,0.014,0.02,0.0176
juelich_pilot_d30_r2_log_distance_s01_w1,juelich,12345,1,1,log-distance,39,40,veh7,veh13,2,0,1,783.676,0,12.7535,6.34788,nan,nan,0,0.014,0.024,0.0176
juelich_pilot_d30_r2_log_distance_s01_w1,juelich,12345,1,1,log-distance,39,40,veh7,veh2,2,2,0,513.932,0,12.7535,0,-80.8957,16.0806,2,0.014,0.008,0.0176
juelich_pilot_d30_r2_log_distance_s01_w1,juelich,12345,1,1,log-distance,39,40,veh7,veh3,2,2,0,433.444,1,12.7535,12.1067,-79.4164,17.5599,2,0.014,0.01,0.0176
juelich_pilot_d30_r2_log_distance_s01_w1,juelich,12345,1,1,log-distance,39,40,veh7,veh4,2,0,1,892.934,0,12.7535,0,nan,nan,0,0.014,0.022,0.0176
juelich_pilot_d30_r2_log_distance_s01_w1,juelich,12345,1,1,log-distance,39,40,veh7,veh5,2,2,0,355.58,1,12.7535,8.18125,-77.6961,19.2802,2,0.014,0.014,0.0176
juelich_pilot_d30_r2_log_distance_s01_w1,juelich,12345,1,1,log-distance,39,40,veh7,veh8,2,2,0,236.166,1,12.7535,9.91202,-74.1415,22.8348,2,0.014,0.01,0.0176
juelich_pilot_d30_r2_log_distance_s01_w1,juelich,12345,1,1,log-distance,39,40,veh7,veh9,2,0,1,902.933,0,12.7535,5.95343e-06,nan,nan,0,0.014,0.02,0.0176
juelich_pilot_d30_r2_log_distance_s01_w1,juelich,12345,1,1,log-distance,39,40,veh8,veh0,2,0,1,899.484,0,9.91202,14.0739,nan,nan,0,0.01,0.024,0.0176
juelich_pilot_d30_r2_log_distance_s01_w1,juelich,12345,1,1,log-distance,39,40,veh8,veh1,2,0,1,968.116,0,9.91202,7.81688,nan,nan,0,0.01,0.019,0.0176
juelich_pilot_d30_r2_log_distance_s01_w1,juelich,12345,1,1,log-distance,39,40,veh8,veh11,2,0,1,964.094,0,9.91202,7.87981,nan,nan,0,0.01,0.02,0.0176
juelich_pilot_d30_r2_log_distance_s01_w1,juelich,12345,1,1,log-distance,39,40,veh8,veh13,2,0,1,920.887,0,9.91202,6.34788,nan,nan,0,0.01,0.024,0.0176
juelich_pilot_d30_r2_log_distance_s01_w1,juelich,12345,1,1,log-distance,39,40,veh8,veh2,2,2,0,381.059,1,9.91202,0,-78.2975,18.6788,2,0.01,0.008,0.0176
juelich_pilot_d30_r2_log_distance_s01_w1,juelich,12345,1,1,log-distance,39,40,veh8,veh3,2,2,0,319.114,1,9.91202,12.1067,-76.7566,20.2197,2,0.01,0.01,0.0176
juelich_pilot_d30_r2_log_distance_s01_w1,juelich,12345,1,1,log-distance,39,40,veh8,veh4,2,0,1,983.524,0,9.91202,0,nan,nan,0,0.01,0.022,0.0176
juelich_pilot_d30_r2_log_distance_s01_w1,juelich,12345,1,1,log-distance,39,40,veh8,veh5,2,0,1,589.405,0,9.91202,8.18125,nan,nan,0,0.01,0.014,0.0176
juelich_pilot_d30_r2_log_distance_s01_w1,juelich,12345,1,1,log-distance,39,40,veh8,veh7,2,2,0,236.166,1,9.91202,12.7535,-74.1415,22.8348,2,0.01,0.014,0.0176
juelich_pilot_d30_r2_log_distance_s01_w1,juelich,12345,1,1,log-distance,39,40,veh8,veh9,2,0,1,953.959,0,9.91202,5.95343e-06,nan,nan,0,0.01,0.02,0.0176
juelich_pilot_d30_r2_log_distance_s01_w1,juelich,12345,1,1,log-distance,39,40,veh9,veh0,2,2,0,491.262,1,5.95343e-06,14.0739,-80.5038,16.4725,2,0.02,0.024,0.0176
juelich_pilot_d30_r2_log_distance_s01_w1,juelich,12345,1,1,log-distance,39,40,veh9,veh1,2,2,0,131.898,1,5.95343e-06,7.81688,-69.0815,27.8947,2,0.02,0.019,0.0176
juelich_pilot_d30_r2_log_distance_s01_w1,juelich,12345,1,1,log-distance,39,40,veh9,veh10,2,2,0,178.637,1,5.95343e-06,8.59347,-71.7169,25.2594,2,0.02,0.02,0.0176
juelich_pilot_d30_r2_log_distance_s01_w1,juelich,12345,1,1,log-distance,39,40,veh9,veh11,2,2,0,73.1193,1,5.95343e-06,7.87981,-63.9552,33.0211,2,0.02,0.02,0.0176
juelich_pilot_d30_r2_log_distance_s01_w1,juelich,12345,1,1,log-distance,39,40,veh9,veh12,2,2,0,550.458,0,5.95343e-06,1.46311,-81.4922,15.4841,2,0.02,0.02,0.0176
juelich_pilot_d30_r2_log_distance_s01_w1,juelich,12345,1,1,log-distance,39,40,veh9,veh13,2,2,0,363.034,1,5.95343e-06,6.34788,-77.8766,19.0996,2,0.02,0.024,0.0176
juelich_pilot_d30_r2_log_distance_s01_w1,juelich,12345,1,1,log-distance,39,40,veh9,veh14,2,0,1,702.316,0,5.95343e-06,3.19884,nan,nan,0,0.02,0.019,0.0176
juelich_pilot_d30_r2_log_distance_s01_w1,juelich,12345,1,1,log-distance,39,40,veh9,veh4,2,2,0,164.137,1,5.95343e-06,0,-70.9818,25.9944,2,0.02,0.022,0.0176
juelich_pilot_d30_r2_log_distance_s01_w1,juelich,12345,1,1,log-distance,39,40,veh9,veh5,2,0,1,876.71,0,5.95343e-06,8.18125,nan,nan,0,0.02,0.014,0.0176
juelich_pilot_d30_r2_log_distance_s01_w1,juelich,12345,1,1,log-distance,39,40,veh9,veh6,2,2,0,196.237,1,5.95343e-06,8.39153,-72.533,24.4433,2,0.02,0.02,0.0176
juelich_pilot_d30_r2_log_distance_s01_w1,juelich,12345,1,1,log-distance,39,40,veh9,veh7,2,0,1,902.933,0,5.95343e-06,12.7535,nan,nan,0,0.02,0.014,0.0176
juelich_pilot_d30_r2_log_distance_s01_w1,juelich,12345,1,1,log-distance,39,40,veh9,veh8,2,0,1,953.959,0,5.95343e-06,9.91202,nan,nan,0,0.02,0.01,0.0176
juelich_pilot_d30_r2_log_distance_s01_w1,juelich,12345,1,1,log-distance,40,41,veh0,veh1,2,0,1,623.11,0,14.008,7.74095,nan,nan,0,0.025,0.02,0.0176875
juelich_pilot_d30_r2_log_distance_s01_w1,juelich,12345,1,1,log-distance,40,41,veh0,veh10,2,2,0,470.472,1,14.008,8.63752,-80.1284,16.8479,2,0.025,0.02,0.0176875
juelich_pilot_d30_r2_log_distance_s01_w1,juelich,12345,1,1,log-distance,40,41,veh0,veh11,2,2,0,567.563,0,14.008,7.86526,-81.758,15.2183,2,0.025,0.02,0.0176875
juelich_pilot_d30_r2_log_distance_s01_w1,juelich,12345,1,1,log-distance,40,41,veh0,veh12,2,2,0,469.238,1,14.008,0,-80.1056,16.8707,2,0.025,0.02,0.0176875
juelich_pilot_d30_r2_log_distance_s01_w1,juelich,12345,1,1,log-distance,40,41,veh0,veh13,2,2,0,148.545,1,14.008,6.31092,-70.1121,26.8642,2,0.025,0.025,0.0176875
juelich_pilot_d30_r2_log_distance_s01_w1,juelich,12345,1,1,log-distance,40,41,veh0,veh14,2,2,0,486.493,1,14.008,5.13557,-80.4192,16.5571,2,0.025,0.02,0.0176875
juelich_pilot_d30_r2_log_distance_s01_w1,juelich,12345,1,1,log-distance,40,41,veh0,veh15,1,1,0,532.809,0,13.9873,0,-81.2091,15.7672,1,0.025,0.012,0.0176875
juelich_pilot_d30_r2_log_distance_s01_w1,juelich,12345,1,1,log-distance,40,41,veh0,veh4,2,2,0,363.946,1,14.008,0.855398,-77.8982,19.0781,2,0.025,0.022,0.0176875
juelich_pilot_d30_r2_log_distance_s01_w1,juelich,12345,1,1,log-distance,40,41,veh0,veh5,2,2,0,521.841,0,14.008,8.13292,-81.0285,15.9478,2,0.025,0.015,0.0176875
juelich_pilot_d30_r2_log_distance_s01_w1,juelich,12345,1,1,log-distance,40,41,veh0,veh6,2,2,0,453.652,1,14.008,8.40336,-79.8121,17.1641,2,0.025,0.02,0.0176875
juelich_pilot_d30_r2_log_distance_s01_w1,juelich,12345,1,1,log-distance,40,41,veh0,veh7,2,0,1,727.805,0,14.008,12.8162,nan,nan,0,0.025,0.015,0.0176875
juelich_pilot_d30_r2_log_distance_s01_w1,juelich,12345,1,1,log-distance,40,41,veh0,veh8,2,0,1,908.693,0,14.008,9.88263,nan,nan,0,0.025,0.011,0.0176875
juelich_pilot_d30_r2_log_distance_s01_w1,juelich,12345,1,1,log-distance,40,41,veh0,veh9,2,2,0,504.089,0,14.008,0.822626,-80.7277,16.2486,2,0.025,0.02,0.0176875
juelich_pilot_d30_r2_log_distance_s01_w1,juelich,12345,1,1,log-distance,40,41,veh1,veh0,2,0,1,623.11,0,7.74095,14.008,nan,nan,0,0.02,0.025,0.0176875
juelich_pilot_d30_r2_log_distance_s01_w1,juelich,12345,1,1,log-distance,40,41,veh1,veh10,2,2,0,280.157,1,7.74095,8.63752,-75.6257,21.3505,2,0.02,0.02,0.0176875
juelich_pilot_d30_r2_log_distance_s01_w1,juelich,12345,1,1,log-distance,40,41,veh1,veh11,2,2,0,59.2269,1,7.74095,7.86526,-62.1281,34.8482,2,0.02,0.02,0.0176875
juelich_pilot_d30_r2_log_distance_s01_w1,juelich,12345,1,1,log-distance,40,41,veh1,veh12,2,0,1,656.868,0,7.74095,0,nan,nan,0,0.02,0.02,0.0176875
juelich_pilot_d30_r2_log_distance_s01_w1,juelich,12345,1,1,log-distance,40,41,veh1,veh13,2,2,0,482.937,1,7.74095,6.31092,-80.3554,16.6209,2,0.02,0.025,0.0176875
juelich_pilot_d30_r2_log_distance_s01_w1,juelich,12345,1,1,log-distance,40,41,veh1,veh14,2,0,1,812.23,0,7.74095,5.13557,nan,nan,0,0.02,0.02,0.0176875
juelich_pilot_d30_r2_log_distance_s01_w1,juelich,12345,1,1,log-distance,40,41,veh1,veh4,2,2,0,287.856,1,7.74095,0.855398,-75.8611,21.1152,2,0.02,0.022,0.0176875
juelich_pilot_d30_r2_log_distance_s01_w1,juelich,12345,1,1,log-distance,40,41,veh1,veh5,2,0,1,955.357,0,7.74095,8.13292,nan,nan,0,0.02,0.015,0.0176875
juelich_pilot_d30_r2_log_distance_s01_w1,juelich,12345,1,1,log-distance,40,41,veh1,veh6,2,2,0,302.44,1,7.74095,8.40336,-76.2905,20.6858,2,0.02,0.02,0.0176875
juelich_pilot_d30_r2_log_distance_s01_w1,juelich,12345,1,1,log-distance,40,41,veh1,veh7,2,0,1,934.23,0,7.74095,12.8162,nan,nan,0,0.02,0.015,0.0176875
juelich_pilot_d30_r2_log_distance_s01_w1,juelich,12345,1,1,log-distance,40,41,veh1,veh8,2,0,1,962.17,0,7.74095,9.88263,nan,nan,0,0.02,0.011,0.0176875
juelich_pilot_d30_r2_log_distance_s01_w1,juelich,12345,1,1,log-distance,40,41,veh1,veh9,2,2,0,124.123,1,7.74095,0.822626,-68.5537,28.4226,2,0.02,0.02,0.0176875
juelich_pilot_d30_r2_log_distance_s01_w1,juelich,12345,1,1,log-distance,40,41,veh10,veh0,2,2,0,470.472,1,8.63752,14.008,-80.1284,16.8479,2,0.02,0.025,0.0176875
juelich_pilot_d30_r2_log_distance_s01_w1,juelich,12345,1,1,log-distance,40,41,veh10,veh1,2,2,0,280.157,1,8.63752,7.74095,-75.6257,21.3505,2,0.02,0.02,0.0176875
juelich_pilot_d30_r2_log_distance_s01_w1,juelich,12345,1,1,log-distance,40,41,veh10,veh11,2,2,0,228.406,1,8.63752,7.86526,-73.8519,23.1244,2,0.02,0.02,0.0176875
juelich_pilot_d30_r2_log_distance_s01_w1,juelich,12345,1,1,log-distance,40,41,veh10,veh12,2,2,0,377.15,1,8.63752,0,-78.2079,18.7684,2,0.02,0.02,0.0176875
juelich_pilot_d30_r2_log_distance_s01_w1,juelich,12345,1,1,log-distance,40,41,veh10,veh13,2,2,0,324.108,1,8.63752,6.31092,-76.8912,20.0851,2,0.02,0.025,0.0176875
juelich_pilot_d30_r2_log_distance_s01_w1,juelich,12345,1,1,log-distance,40,41,veh10,veh14,2,2,0,536.878,0,8.63752,5.13557,-81.275,15.7012,2,0.02,0.02,0.0176875
juelich_pilot_d30_r2_log_distance_s01_w1,juelich,12345,1,1,log-distance,40,41,veh10,veh15,1,0,1,981.196,0,8.59683,0,nan,nan,0,0.02,0.012,0.0176875
juelich_pilot_d30_r2_log_distance_s01_w1,juelich,12345,1,1,log-distance,40,41,veh10,veh4,2,2,0,128.436,1,8.63752,0.855398,-68.8514,28.1249,2,0.02,0.022,0.0176875
juelich_pilot_d30_r2_log_distance_s01_w1,juelich,12345,1,1,log-distance,40,41,veh10,veh5,2,0,1,926.173,0,8.63752,8.13292,nan,nan,0,0.02,0.015,0.0176875
juelich_pilot_d30_r2_log_distance_s01_w1,juelich,12345,1,1,log-distance,40,41,veh10,veh6,2,2,0,24.4022,1,8.63752,8.40336,-54.4263,42.55,2,0.02,0.02,0.0176875
juelich_pilot_d30_r2_log_distance_s01_w1,juelich,12345,1,1,log-distance,40,41,veh10,veh9,2,2,0,184.422,1,8.63752,0.822626,-71.9937,24.9826,2,0.02,0.02,0.0176875
juelich_pilot_d30_r2_log_distance_s01_w1,juelich,12345,1,1,log-distance,40,41,veh11,veh0,2,1,0.5,567.563,0,7.86526,14.008,-81.7362,15.2401,1,0.02,0.025,0.0176875
juelich_pilot_d30_r2_log_distance_s01_w1,juelich,12345,1,1,log-distance,40,41,veh11,veh1,2,2,0,59.2269,1,7.86526,7.74095,-62.1281,34.8482,2,0.02,0.02,0.0176875
juelich_pilot_d30_r2_log_distance_s01_w1,juelich,12345,1,1,log-distance,40,41,veh11,veh10,2,2,0,228.406,1,7.86526,8.63752,-73.8519,23.1244,2,0.02,0.02,0.0176875
juelich_pilot_d30_r2_log_distance_s01_w1,juelich,12345,1,1,log-distance,40,41,veh11,veh12,2,0,1,603.049,0,7.86526,0,nan,nan,0,0.02,0.02,0.0176875
juelich_pilot_d30_r2_log_distance_s01_w1,juelich,12345,1,1,log-distance,40,41,veh11,veh13,2,1,0.5,425.768,1,7.86526,6.31092,-79.3085,17.6678,1,0.02,0.025,0.0176875
juelich_pilot_d30_r2_log_distance_s01_w1,juelich,12345,1,1,log-distance,40,41,veh11,veh14,2,0,1,755.916,0,7.86526,5.13557,nan,nan,0,0.02,0.02,0.0176875
juelich_pilot_d30_r2_log_distance_s01_w1,juelich,12345,1,1,log-distance,40,41,veh11,veh4,2,2,0,228.629,1,7.86526,0.855398,-73.8601,23.1162,2,0.02,0.022,0.0176875
juelich_pilot_d30_r2_log_distance_s01_w1,juelich,12345,1,1,log-distance,40,41,veh11,veh5,2,0,1,918.053,0,7.86526,8.13292,nan,nan,0,0.02,0.015,0.0176875
juelich_pilot_d30_r2_log_distance_s01_w1,juelich,12345,1,1,log-distance,40,41,veh11,veh6,2,2,0,249.521,1,7.86526,8.40336,-74.6199,22.3564,2,0.02,0.02,0.0176875
juelich_pilot_d30_r2_log_distance_s01_w1,juelich,12345,1,1,log-distance,40,41,veh11,veh7,2,0,1,916.083,0,7.86526,12.8162,nan,nan,0,0.02,0.015,0.0176875
juelich_pilot_d30_r2_log_distance_s01_w1,juelich,12345,1,1,log-distance,40,41,veh11,veh8,2,0,1,959.139,0,7.86526,9.88263,nan,nan,0,0.02,0.011,0.0176875
juelich_pilot_d30_r2_log_distance_s01_w1,juelich,12345,1,1,log-distance,40,41,veh11,veh9,2,2,0,65.2535,1,7.86526,0.822626,-62.9658,34.0105,2,0.02,0.02,0.0176875
juelich_pilot_d30_r2_log_distance_s01_w1,juelich,12345,1,1,log-distance,40,41,veh12,veh0,2,2,0,469.238,1,0,14.008,-80.1056,16.8707,2,0.02,0.025,0.0176875
juelich_pilot_d30_r2_log_distance_s01_w1,juelich,12345,1,1,log-distance,40,41,veh12,veh1,2,0,1,656.868,0,0,7.74095,nan,nan,0,0.02,0.02,0.0176875
juelich_pilot_d30_r2_log_distance_s01_w1,juelich,12345,1,1,log-distance,40,41,veh12,veh10,2,2,0,377.15,1,0,8.63752,-78.2079,18.7684,2,0.02,0.02,0.0176875
juelich_pilot_d30_r2_log_distance_s01_w1,juelich,12345,1,1,log-distance,40,41,veh12,veh11,2,0,1,603.049,0,0,7.86526,nan,nan,0,0.02,0.02,0.0176875
juelich_pilot_d30_r2_log_distance_s01_w1,juelich,12345,1,1,log-distance,40,41,veh12,veh13,2,2,0,403.994,1,0,6.31092,-78.8051,18.1712,2,0.02,0.025,0.0176875
juelich_pilot_d30_r2_log_distance_s01_w1,juelich,12345,1,1,log-distance,40,41,veh12,veh14,2,2,0,174.215,1,0,5.13557,-71.4992,25.4771,2,0.02,0.02,0.0176875
juelich_pilot_d30_r2_log_distance_s01_w1,juelich,12345,1,1,log-distance,40,41,veh12,veh15,1,0,1,982.973,0,0,0,nan,nan,0,0.02,0.012,0.0176875
juelich_pilot_d30_r2_log_distance_s01_w1,juelich,12345,1,1,log-distance,40,41,veh12,veh4,2,2,0,409.822,1,0,0.855398,-78.9296,18.0467,2,0.02,0.022,0.0176875
juelich_pilot_d30_r2_log_distance_s01_w1,juelich,12345,1,1,log-distance,40,41,veh12,veh5,2,0,1,990.021,0,0,8.13292,nan,nan,0,0.02,0.015,0.0176875
juelich_pilot_d30_r2_log_distance_s01_w1,juelich,12345,1,1,log-distance,40,41,veh12,veh6,2,2,0,354.448,1,0,8.40336,-77.6686,19.3077,2,0.02,0.02,0.0176875
juelich_pilot_d30_r2_log_distance_s01_w1,juelich,12345,1,1,log-distance,40,41,veh12,veh9,2,2,0,550.529,0,0,0.822626,-81.4933,15.483,2,0.02,0.02,0.0176875
juelich_pilot_d30_r2_log_distance_s01_w1,juelich,12345,1,1,log-distance,40,41,veh13,veh0,2,2,0,148.545,1,6.31092,14.008,-70.1121,26.8642,2,0.025,0.025,0.0176875
juelich_pilot_d30_r2_log_distance_s01_w1,juelich,12345,1,1,log-distance,40,41,veh13,veh1,2,2,0,482.937,1,6.31092,7.74095,-80.3554,16.6209,2,0.025,0.02,0.0176875
juelich_pilot_d30_r2_log_distance_s01_w1,juelich,12345,1,1,log-distance,40,41,veh13,veh10,2,2,0,324.108,1,6.31092,8.63752,-76.8912,20.0851,2,0.025,0.02,0.0176875
juelich_pilot_d30_r2_log_distance_s01_w1,juelich,12345,1,1,log-distance,40,41,veh13,veh11,2,2,0,425.768,1,6.31092,7.86526,-79.261,17.7153,2,0.025,0.02,0.0176875
juelich_pilot_d30_r2_log_distance_s01_w1,juelich,12345,1,1,log-distance,40,41,veh13,veh12,2,2,0,403.994,1,6.31092,0,-78.8051,18.1712,2,0.025,0.02,0.0176875
juelich_pilot_d30_r2_log_distance_s01_w1,juelich,12345,1,1,log-distance,40,41,veh13,veh14,2,2,0,473.989,1,6.31092,5.13557,-80.193,16.7833,2,0.025,0.02,0.0176875
juelich_pilot_d30_r2_log_distance_s01_w1,juelich,12345,1,1,log-distance,40,41,veh13,veh15,1,0,1,665.741,0,6.31153,0,nan,nan,0,0.025,0.012,0.0176875
juelich_pilot_d30_r2_log_distance_s01_w1,juelich,12345,1,1,log-distance,40,41,veh13,veh4,2,2,0,215.526,1,6.31092,0.855398,-73.3476,23.6287,2,0.025,0.022,0.0176875
juelich_pilot_d30_r2_log_distance_s01_w1,juelich,12345,1,1,log-distance,40,41,veh13,veh5,2,0,1,627.256,0,6.31092,8.13292,nan,nan,0,0.025,0.015,0.0176875
juelich_pilot_d30_r2_log_distance_s01_w1,juelich,12345,1,1,log-distance,40,41,veh13,veh6,2,2,0,308.67,1,6.31092,8.40336,-76.4673,20.509,2,0.025,0.02,0.0176875
juelich_pilot_d30_r2_log_distance_s01_w1,juelich,12345,1,1,log-distance,40,41,veh13,veh7,2,0,1,777.361,0,6.31092,12.8162,nan,nan,0,0.025,0.015,0.0176875
juelich_pilot_d30_r2_log_distance_s01_w1,juelich,12345,1,1,log-distance,40,41,veh13,veh8,2,0,1,926.287,0,6.31092,9.88263,nan,nan,0,0.025,0.011,0.0176875
juelich_pilot_d30_r2_log_distance_s01_w1,juelich,12345,1,1,log-distance,40,41,veh13,veh9,2,2,0,361.167,1,6.31092,0.822626,-77.8319,19.1444,2,0.025,0.02,0.0176875
juelich_pilot_d30_r2_log_distance_s01_w1,juelich,12345,1,1,log-distance,40,41,veh14,veh0,2,2,0,486.493,1,5.13557,14.008,-80.4192,16.5571,2,0.02,0.025,0.0176875
juelich_pilot_d30_r2_log_distance_s01_w1,juelich,12345,1,1,log-distance,40,41,veh14,veh1,2,0,1,812.23,0,5.13557,7.74095,nan,nan,0,0.02,0.02,0.0176875
juelich_pilot_d30_r2_log_distance_s01_w1,juelich,12345,1,1,log-distance,40,41,veh14,veh10,2,2,0,536.878,0,5.13557,8.63752,-81.275,15.7012,2,0.02,0.02,0.0176875
juelich_pilot_d30_r2_log_distance_s01_w1,juelich,12345,1,1,log-distance,40,41,veh14,veh11,2,0,1,755.916,0,5.13557,7.86526,nan,nan,0,0.02,0.02,0.0176875
juelich_pilot_d30_r2_log_distance_s01_w1,juelich,12345,1,1,log-distance,40,41,veh14,veh12,2,2,0,174.215,1,5.13557,0,-71.4992,25.4771,2,0.02,0.02,0.0176875
juelich_pilot_d30_r2_log_distance_s01_w1,juelich,12345,1,1,log-distance,40,41,veh14,veh13,2,2,0,473.989,1,5.13557,6.31092,-80.193,16.7833,2,0.02,0.025,0.0176875
juelich_pilot_d30_r2_log_distance_s01_w1,juelich,12345,1,1,log-distance,40,41,veh14,veh15,1,0,1,946.501,0,5.68897,0,nan,nan,0,0.02,0.012,0.0176875
juelich_pilot_d30_r2_log_distance_s01_w1,juelich,12345,1,1,log-distance,40,41,veh14,veh4,2,2,0,544.558,0,5.13557,0.855398,-81.3986,15.5777,2,0.02,0.022,0.0176875
juelich_pilot_d30_r2_log_distance_s01_w1,juelich,12345,1,1,log-distance,40,41,veh14,veh5,2,0,1,982.268,0,5.13557,8.13292,nan,nan,0,0.02,0.015,0.0176875
juelich_pilot_d30_r2_log_distance_s01_w1,juelich,12345,1,1,log-distance,40,41,veh14,veh6,2,2,0,513.03,0,5.13557,8.40336,-80.8804,16.0959,2,0.02,0.02,0.0176875
juelich_pilot_d30_r2_log_distance_s01_w1,juelich,12345,1,1,log-distance,40,41,veh14,veh9,2,0,1,698.642,0,5.13557,0.822626,nan,nan,0,0.02,0.02,0.0176875
juelich_pilot_d30_r2_log_distance_s01_w1,juelich,12345,1,1,log-distance,40,41,veh15,veh0,1,1,0,532.809,0,0,13.9873,-81.2091,0.441273,1,0.012,0.025,0.0176875
juelich_pilot_d30_r2_log_distance_s01_w1,juelich,12345,1,1,log-distance,40,41,veh15,veh10,1,0,1,981.196,0,0,8.59683,nan,nan,0,0.012,0.02,0.0176875
juelich_pilot_d30_r2_log_distance_s01_w1,juelich,12345,1,1,log-distance,40,41,veh15,veh12,1,0,1,982.973,0,0,0,nan,nan,0,0.012,0.02,0.0176875
juelich_pilot_d30_r2_log_distance_s01_w1,juelich,12345,1,1,log-distance,40,41,veh15,veh13,1,0,1,665.741,0,0,6.31153,nan,nan,0,0.012,0.025,0.0176875
juelich_pilot_d30_r2_log_distance_s01_w1,juelich,12345,1,1,log-distance,40,41,veh15,veh14,1,0,1,946.501,0,0,5.68897,nan,nan,0,0.012,0.02,0.0176875
juelich_pilot_d30_r2_log_distance_s01_w1,juelich,12345,1,1,log-distance,40,41,veh15,veh2,1,0,1,961.078,0,0,0,nan,nan,0,0.012,0.008,0.0176875
juelich_pilot_d30_r2_log_distance_s01_w1,juelich,12345,1,1,log-distance,40,41,veh15,veh3,1,0,1,864.673,0,0,12.1127,nan,nan,0,0.012,0.01,0.0176875
juelich_pilot_d30_r2_log_distance_s01_w1,juelich,12345,1,1,log-distance,40,41,veh15,veh4,1,0,1,859.772,0,0,1.45546,nan,nan,0,0.012,0.022,0.0176875
juelich_pilot_d30_r2_log_distance_s01_w1,juelich,12345,1,1,log-distance,40,41,veh15,veh5,1,1,0,167.12,1,0,8.18913,-71.1383,14.4459,1,0.012,0.015,0.0176875
juelich_pilot_d30_r2_log_distance_s01_w1,juelich,12345,1,1,log-distance,40,41,veh15,veh6,1,0,1,968.633,0,0,8.39529,nan,nan,0,0.012,0.02,0.0176875
juelich_pilot_d30_r2_log_distance_s01_w1,juelich,12345,1,1,log-distance,40,41,veh15,veh7,1,1,0,500.938,0,0,12.8156,-80.6734,4.88356,1,0.012,0.015,0.0176875
juelich_pilot_d30_r2_log_distance_s01_w1,juelich,12345,1,1,log-distance,40,41,veh15,veh8,1,0,1,750.841,0,0,9.84026,nan,nan,0,0.012,0.011,0.0176875
juelich_pilot_d30_r2_log_distance_s01_w1,juelich,12345,1,1,log-distance,40,41,veh15,veh9,1,0,1,957.127,0,0,1.39643,nan,nan,0,0.012,0.02,0.0176875
juelich_pilot_d30_r2_log_distance_s01_w1,juelich,12345,1,1,log-distance,40,41,veh2,veh15,1,0,1,961.078,0,0,0,nan,nan,0,0.008,0.012,0.0176875
juelich_pilot_d30_r2_log_distance_s01_w1,juelich,12345,1,1,log-distance,40,41,veh2,veh3,2,2,0,94.5955,1,0,12.1592,-66.1907,30.7856,2,0.008,0.01,0.0176875
juelich_pilot_d30_r2_log_distance_s01_w1,juelich,12345,1,1,log-distance,40,41,veh2,veh5,2,0,1,828.483,0,0,8.13292,nan,nan,0,0.008,0.015,0.0176875
juelich_pilot_d30_r2_log_distance_s01_w1,juelich,12345,1,1,log-distance,40,41,veh2,veh7,2,2,0,525.208,0,0,12.8162,-81.0842,15.8921,2,0.008,0.015,0.0176875
juelich_pilot_d30_r2_log_distance_s01_w1,juelich,12345,1,1,log-distance,40,41,veh2,veh8,2,2,0,385.136,1,0,9.88263,-78.39,18.5863,2,0.008,0.011,0.0176875
juelich_pilot_d30_r2_log_distance_s01_w1,juelich,12345,1,1,log-distance,40,41,veh3,veh15,1,0,1,864.673,0,12.1127,0,nan,nan,0,0.01,0.012,0.0176875
juelich_pilot_d30_r2_log_distance_s01_w1,juelich,12345,1,1,log-distance,40,41,veh3,veh2,2,2,0,94.5955,1,12.1592,0,-66.1907,30.7856,2,0.01,0.008,0.0176875
juelich_pilot_d30_r2_log_distance_s01_w1,juelich,12345,1,1,log-distance,40,41,veh3,veh5,2,0,1,733.963,0,12.1592,8.13292,nan,nan,0,0.01,0.015,0.0176875
juelich_pilot_d30_r2_log_distance_s01_w1,juelich,12345,1,1,log-distance,40,41,veh3,veh7,2,2,0,433.01,1,12.1592,12.8162,-79.4077,17.5686,2,0.01,0.015,0.0176875
juelich_pilot_d30_r2_log_distance_s01_w1,juelich,12345,1,1,log-distance,40,41,veh3,veh8,2,2,0,315.884,1,12.1592,9.88263,-76.6682,20.3081,2,0.01,0.011,0.0176875
juelich_pilot_d30_r2_log_distance_s01_w1,juelich,12345,1,1,log-distance,40,41,veh4,veh0,2,2,0,363.946,1,0.855398,14.008,-77.8982,19.0781,2,0.022,0.025,0.0176875
juelich_pilot_d30_r2_log_distance_s01_w1,juelich,12345,1,1,log-distance,40,41,veh4,veh1,2,2,0,287.856,1,0.855398,7.74095,-75.8611,21.1152,2,0.022,0.02,0.0176875
juelich_pilot_d30_r2_log_distance_s01_w1,juelich,12345,1,1,log-distance,40,41,veh4,veh10,2,2,0,128.436,1,0.855398,8.63752,-68.8514,28.1249,2,0.022,0.02,0.0176875
juelich_pilot_d30_r2_log_distance_s01_w1,juelich,12345,1,1,log-distance,40,41,veh4,veh11,2,2,0,228.629,1,0.855398,7.86526,-73.8601,23.1162,2,0.022,0.02,0.0176875
juelich_pilot_d30_r2_log_distance_s01_w1,juelich,12345,1,1,log-distance,40,41,veh4,veh12,2,2,0,409.822,1,0.855398,0,-78.9296,18.0467,2,0.022,0.02,0.0176875
juelich_pilot_d30_r2_log_distance_s01_w1,juelich,12345,1,1,log-distance,40,41,veh4,veh13,2,2,0,215.526,1,0.855398,6.31092,-73.3476,23.6287,2,0.022,0.025,0.0176875
juelich_pilot_d30_r2_log_distance_s01_w1,juelich,12345,1,1,log-distance,40,41,veh4,veh14,2,2,0,544.558,0,0.855398,5.13557,-81.3986,15.5777,2,0.022,0.02,0.0176875
juelich_pilot_d30_r2_log_distance_s01_w1,juelich,12345,1,1,log-distance,40,41,veh4,veh15,1,0,1,859.772,0,1.45546,0,nan,nan,0,0.022,0.012,0.0176875
juelich_pilot_d30_r2_log_distance_s01_w1,juelich,12345,1,1,log-distance,40,41,veh4,veh5,2,0,1,798.885,0,0.855398,8.13292,nan,nan,0,0.022,0.015,0.0176875
juelich_pilot_d30_r2_log_distance_s01_w1,juelich,12345,1,1,log-distance,40,41,veh4,veh6,2,2,0,124.222,1,0.855398,8.40336,-68.5617,28.4146,2,0.022,0.02,0.0176875
juelich_pilot_d30_r2_log_distance_s01_w1,juelich,12345,1,1,log-distance,40,41,veh4,veh7,2,0,1,880.137,0,0.855398,12.8162,nan,nan,0,0.022,0.015,0.0176875
juelich_pilot_d30_r2_log_distance_s01_w1,juelich,12345,1,1,log-distance,40,41,veh4,veh8,2,0,1,981.042,0,0.855398,9.88263,nan,nan,0,0.022,0.011,0.0176875
juelich_pilot_d30_r2_log_distance_s01_w1,juelich,12345,1,1,log-distance,40,41,veh4,veh9,2,2,0,164.397,1,0.855398,0.822626,-70.9956,25.9807,2,0.022,0.02,0.0176875
juelich_pilot_d30_r2_log_distance_s01_w1,juelich,12345,1,1,log-distance,40,41,veh5,veh0,2,2,0,521.841,0,8.13292,14.008,-81.0285,15.9478,2,0.015,0.025,0.0176875
juelich_pilot_d30_r2_log_distance_s01_w1,juelich,12345,1,1,log-distance,40,41,veh5,veh1,2,0,1,955.357,0,8.13292,7.74095,nan,nan,0,0.015,0.02,0.0176875
juelich_pilot_d30_r2_log_distance_s01_w1,juelich,12345,1,1,log-distance,40,41,veh5,veh10,2,0,1,926.173,0,8.13292,8.63752,nan,nan,0,0.015,0.02,0.0176875
juelich_pilot_d30_r2_log_distance_s01_w1,juelich,12345,1,1,log-distance,40,41,veh5,veh11,2,0,1,918.053,0,8.13292,7.86526,nan,nan,0,0.015,0.02,0.0176875
juelich_pilot_d30_r2_log_distance_s01_w1,juelich,12345,1,1,log-distance,40,41,veh5,veh12,2,0,1,990.021,0,8.13292,0,nan,nan,0,0.015,0.02,0.0176875
juelich_pilot_d30_r2_log_distance_s01_w1,juelich,12345,1,1,log-distance,40,41,veh5,veh13,2,0,1,627.256,0,8.13292,6.31092,nan,nan,0,0.015,0.025,0.0176875
juelich_pilot_d30_r2_log_distance_s01_w1,juelich,12345,1,1,log-distance,40,41,veh5,veh14,2,0,1,982.268,0,8.13292,5.13557,nan,nan,0,0.015,0.02,0.0176875
juelich_pilot_d30_r2_log_distance_s01_w1,juelich,12345,1,1,log-distance,40,41,veh5,veh15,1,1,0,167.12,1,8.18913,0,-71.1383,25.838,1,0.015,0.012,0.0176875
juelich_pilot_d30_r2_log_distance_s01_w1,juelich,12345,1,1,log-distance,40,41,veh5,veh2,2,0,1,828.483,0,8.13292,0,nan,nan,0,0.015,0.008,0.0176875
juelich_pilot_d30_r2_log_distance_s01_w1,juelich,12345,1,1,log-distance,40,41,veh5,veh3,2,0,1,733.963,0,8.13292,12.1592,nan,nan,0,0.015,0.01,0.0176875
juelich_pilot_d30_r2_log_distance_s01_w1,juelich,12345,1,1,log-distance,40,41,veh5,veh4,2,0,1,798.885,0,8.13292,0.855398,nan,nan,0,0.015,0.022,0.0176875
juelich_pilot_d30_r2_log_distance_s01_w1,juelich,12345,1,1,log-distance,40,41,veh5,veh6,2,0,1,917.131,0,8.13292,8.40336,nan,nan,0,0.015,0.02,0.0176875
juelich_pilot_d30_r2_log_distance_s01_w1,juelich,12345,1,1,log-distance,40,41,veh5,veh7,2,2,0,342.613,1,8.13292,12.8162,-77.3734,19.6029,2,0.015,0.015,0.0176875
juelich_pilot_d30_r2_log_distance_s01_w1,juelich,12345,1,1,log-distance,40,41,veh5,veh8,2,0,1,588.406,0,8.13292,9.88263,nan,nan,0,0.015,0.011,0.0176875
juelich_pilot_d30_r2_log_distance_s01_w1,juelich,12345,1,1,log-distance,40,41,veh5,veh9,2,0,1,872.025,0,8.13292,0.822626,nan,nan,0,0.015,0.02,0.0176875
juelich_pilot_d30_r2_log_distance_s01_w1,juelich,12345,1,1,log-distance,40,41,veh6,veh0,2,2,0,453.652,1,8.40336,14.008,-79.8121,17.1641,2,0.02,0.025,0.0176875
juelich_pilot_d30_r2_log_distance_s01_w1,juelich,12345,1,1,log-distance,40,41,veh6,veh1,2,2,0,302.44,1,8.40336,7.74095,-76.2905,20.6858,2,0.02,0.02,0.0176875
juelich_pilot_d30_r2_log_distance_s01_w1,juelich,12345,1,1,log-distance,40,41,veh6,veh10,2,2,0,24.4022,1,8.40336,8.63752,-54.4263,42.55,2,0.02,0.02,0.0176875
juelich_pilot_d30_r2_log_distance_s01_w1,juelich,12345,1,1,log-distance,40,41,veh6,veh11,2,2,0,249.521,1,8.40336,7.86526,-74.6199,22.3564,2,0.02,0.02,0.0176875
juelich_pilot_d30_r2_log_distance_s01_w1,juelich,12345,1,1,log-distance,40,41,veh6,veh12,2,2,0,354.448,1,8.40336,0,-77.6686,19.3077,2,0.02,0.02,0.0176875
juelich_pilot_d30_r2_log_distance_s01_w1,juelich,12345,1,1,log-distance,40,41,veh6,veh13,2,2,0,308.67,1,8.40336,6.31092,-76.4673,20.509,2,0.02,0.025,0.0176875
juelich_pilot_d30_r2_log_distance_s01_w1,juelich,12345,1,1,log-distance,40,41,veh6,veh14,2,2,0,513.03,0,8.40336,5.13557,-80.8804,16.0959,2,0.02,0.02,0.0176875
juelich_pilot_d30_r2_log_distance_s01_w1,juelich,12345,1,1,log-distance,40,41,veh6,veh15,1,0,1,968.633,0,8.39529,0,nan,nan,0,0.02,0.012,0.0176875
juelich_pilot_d30_r2_log_distance_s01_w1,juelich,12345,1,1,log-distance,40,41,veh6,veh4,2,2,0,124.222,1,8.40336,0.855398,-68.5617,28.4146,2,0.02,0.022,0.0176875
juelich_pilot_d30_r2_log_distance_s01_w1,juelich,12345,1,1,log-distance,40,41,veh6,veh5,2,0,1,917.131,0,8.40336,8.13292,nan,nan,0,0.02,0.015,0.0176875
juelich_pilot_d30_r2_log_distance_s01_w1,juelich,12345,1,1,log-distance,40,41,veh6,veh9,2,2,0,202.392,1,8.40336,0.822626,-72.8014,24.1749,2,0.02,0.02,0.0176875
juelich_pilot_d30_r2_log_distance_s01_w1,juelich,12345,1,1,log-distance,40,41,veh7,veh0,2,0,1,727.805,0,12.8162,14.008,nan,nan,0,0.015,0.025,0.0176875
juelich_pilot_d30_r2_log_distance_s01_w1,juelich,12345,1,1,log-distance,40,41,veh7,veh1,2,0,1,934.23,0,12.8162,7.74095,nan,nan,0,0.015,0.02,0.0176875
juelich_pilot_d30_r2_log_distance_s01_w1,juelich,12345,1,1,log-distance,40,41,veh7,veh11,2,0,1,916.083,0,12.8162,7.86526,nan,nan,0,0.015,0.02,0.0176875
juelich_pilot_d30_r2_log_distance_s01_w1,juelich,12345,1,1,log-distance,40,41,veh7,veh13,2,0,1,777.361,0,12.8162,6.31092,nan,nan,0,0.015,0.025,0.0176875
juelich_pilot_d30_r2_log_distance_s01_w1,juelich,12345,1,1,log-distance,40,41,veh7,veh15,1,1,0,500.938,0,12.8156,0,-80.6734,16.3029,1,0.015,0.012,0.0176875
juelich_pilot_d30_r2_log_distance_s01_w1,juelich,12345,1,1,log-distance,40,41,veh7,veh2,2,2,0,525.208,0,12.8162,0,-81.0842,15.8921,2,0.015,0.008,0.0176875
juelich_pilot_d30_r2_log_distance_s01_w1,juelich,12345,1,1,log-distance,40,41,veh7,veh3,2,2,0,433.01,1,12.8162,12.1592,-79.4077,17.5686,2,0.015,0.01,0.0176875
juelich_pilot_d30_r2_log_distance_s01_w1,juelich,12345,1,1,log-distance,40,41,veh7,veh4,2,0,1,880.137,0,12.8162,0.855398,nan,nan,0,0.015,0.022,0.0176875
juelich_pilot_d30_r2_log_distance_s01_w1,juelich,12345,1,1,log-distance,40,41,veh7,veh5,2,2,0,342.613,1,12.8162,8.13292,-77.3734,19.6029,2,0.015,0.015,0.0176875
juelich_pilot_d30_r2_log_distance_s01_w1,juelich,12345,1,1,log-distance,40,41,veh7,veh8,2,2,0,247.186,1,12.8162,9.88263,-74.5376,22.4387,2,0.015,0.011,0.0176875
juelich_pilot_d30_r2_log_distance_s01_w1,juelich,12345,1,1,log-distance,40,41,veh7,veh9,2,0,1,890.7,0,12.8162,0.822626,nan,nan,0,0.015,0.02,0.0176875
juelich_pilot_d30_r2_log_distance_s01_w1,juelich,12345,1,1,log-distance,40,41,veh8,veh0,2,0,1,908.693,0,9.88263,14.008,nan,nan,0,0.011,0.025,0.0176875
juelich_pilot_d30_r2_log_distance_s01_w1,juelich,12345,1,1,log-distance,40,41,veh8,veh1,2,0,1,962.17,0,9.88263,7.74095,nan,nan,0,0.011,0.02,0.0176875
juelich_pilot_d30_r2_log_distance_s01_w1,juelich,12345,1,1,log-distance,40,41,veh8,veh11,2,0,1,959.139,0,9.88263,7.86526,nan,nan,0,0.011,0.02,0.0176875
juelich_pilot_d30_r2_log_distance_s01_w1,juelich,12345,1,1,log-distance,40,41,veh8,veh13,2,0,1,926.287,0,9.88263,6.31092,nan,nan,0,0.011,0.025,0.0176875
juelich_pilot_d30_r2_log_distance_s01_w1,juelich,12345,1,1,log-distance,40,41,veh8,veh15,1,0,1,750.841,0,9.84026,0,nan,nan,0,0.011,0.012,0.0176875
juelich_pilot_d30_r2_log_distance_s01_w1,juelich,12345,1,1,log-distance,40,41,veh8,veh2,2,2,0,385.136,1,9.88263,0,-78.39,18.5863,2,0.011,0.008,0.0176875
juelich_pilot_d30_r2_log_distance_s01_w1,juelich,12345,1,1,log-distance,40,41,veh8,veh3,2,2,0,315.884,1,9.88263,12.1592,-76.6682,20.3081,2,0.011,0.01,0.0176875
juelich_pilot_d30_r2_log_distance_s01_w1,juelich,12345,1,1,log-distance,40,41,veh8,veh4,2,0,1,981.042,0,9.88263,0.855398,nan,nan,0,0.011,0.022,0.0176875
juelich_pilot_d30_r2_log_distance_s01_w1,juelich,12345,1,1,log-distance,40,41,veh8,veh5,2,0,1,588.406,0,9.88263,8.13292,nan,nan,0,0.011,0.015,0.0176875
juelich_pilot_d30_r2_log_distance_s01_w1,juelich,12345,1,1,log-distance,40,41,veh8,veh7,2,2,0,247.186,1,9.88263,12.8162,-74.5376,22.4387,2,0.011,0.015,0.0176875
juelich_pilot_d30_r2_log_distance_s01_w1,juelich,12345,1,1,log-distance,40,41,veh8,veh9,2,0,1,950.131,0,9.88263,0.822626,nan,nan,0,0.011,0.02,0.0176875
juelich_pilot_d30_r2_log_distance_s01_w1,juelich,12345,1,1,log-distance,40,41,veh9,veh0,2,2,0,504.089,0,0.822626,14.008,-80.7277,16.2486,2,0.02,0.025,0.0176875
juelich_pilot_d30_r2_log_distance_s01_w1,juelich,12345,1,1,log-distance,40,41,veh9,veh1,2,2,0,124.123,1,0.822626,7.74095,-68.5537,28.4226,2,0.02,0.02,0.0176875
juelich_pilot_d30_r2_log_distance_s01_w1,juelich,12345,1,1,log-distance,40,41,veh9,veh10,2,2,0,184.422,1,0.822626,8.63752,-71.9937,24.9826,2,0.02,0.02,0.0176875
juelich_pilot_d30_r2_log_distance_s01_w1,juelich,12345,1,1,log-distance,40,41,veh9,veh11,2,2,0,65.2535,1,0.822626,7.86526,-62.9658,34.0105,2,0.02,0.02,0.0176875
juelich_pilot_d30_r2_log_distance_s01_w1,juelich,12345,1,1,log-distance,40,41,veh9,veh12,2,2,0,550.529,0,0.822626,0,-81.4933,15.483,2,0.02,0.02,0.0176875
juelich_pilot_d30_r2_log_distance_s01_w1,juelich,12345,1,1,log-distance,40,41,veh9,veh13,2,2,0,361.167,1,0.822626,6.31092,-77.8319,19.1444,2,0.02,0.025,0.0176875
juelich_pilot_d30_r2_log_distance_s01_w1,juelich,12345,1,1,log-distance,40,41,veh9,veh14,2,0,1,698.642,0,0.822626,5.13557,nan,nan,0,0.02,0.02,0.0176875
juelich_pilot_d30_r2_log_distance_s01_w1,juelich,12345,1,1,log-distance,40,41,veh9,veh15,1,0,1,957.127,0,1.39643,0,nan,nan,0,0.02,0.012,0.0176875
juelich_pilot_d30_r2_log_distance_s01_w1,juelich,12345,1,1,log-distance,40,41,veh9,veh4,2,2,0,164.397,1,0.822626,0.855398,-70.9956,25.9807,2,0.02,0.022,0.0176875
juelich_pilot_d30_r2_log_distance_s01_w1,juelich,12345,1,1,log-distance,40,41,veh9,veh5,2,0,1,872.025,0,0.822626,8.13292,nan,nan,0,0.02,0.015,0.0176875
juelich_pilot_d30_r2_log_distance_s01_w1,juelich,12345,1,1,log-distance,40,41,veh9,veh6,2,2,0,202.392,1,0.822626,8.40336,-72.8014,24.1749,2,0.02,0.02,0.0176875
juelich_pilot_d30_r2_log_distance_s01_w1,juelich,12345,1,1,log-distance,40,41,veh9,veh7,2,0,1,890.7,0,0.822626,12.8162,nan,nan,0,0.02,0.015,0.0176875
juelich_pilot_d30_r2_log_distance_s01_w1,juelich,12345,1,1,log-distance,40,41,veh9,veh8,2,0,1,950.131,0,0.822626,9.88263,nan,nan,0,0.02,0.011,0.0176875
juelich_pilot_d30_r2_log_distance_s01_w1,juelich,12345,1,1,log-distance,41,42,veh0,veh1,2,0,1,628.673,0,14.0569,7.8163,nan,nan,0,0.026,0.02,0.01825
juelich_pilot_d30_r2_log_distance_s01_w1,juelich,12345,1,1,log-distance,41,42,veh0,veh10,2,2,0,473.853,1,14.0569,8.60989,-80.1906,16.7857,2,0.026,0.02,0.01825
juelich_pilot_d30_r2_log_distance_s01_w1,juelich,12345,1,1,log-distance,41,42,veh0,veh11,2,2,0,572.963,0,14.0569,7.89151,-81.8402,15.1361,2,0.026,0.02,0.01825
juelich_pilot_d30_r2_log_distance_s01_w1,juelich,12345,1,1,log-distance,41,42,veh0,veh12,2,2,0,468.505,1,14.0569,0.91,-80.092,16.8843,2,0.026,0.02,0.01825
juelich_pilot_d30_r2_log_distance_s01_w1,juelich,12345,1,1,log-distance,41,42,veh0,veh13,2,2,0,163.132,1,14.0569,6.38472,-70.9267,26.0496,2,0.026,0.026,0.01825
juelich_pilot_d30_r2_log_distance_s01_w1,juelich,12345,1,1,log-distance,41,42,veh0,veh14,2,2,0,479.571,1,14.0569,7.16126,-80.2947,16.6816,2,0.026,0.02,0.01825
juelich_pilot_d30_r2_log_distance_s01_w1,juelich,12345,1,1,log-distance,41,42,veh0,veh15,2,2,0,529.151,0,14.0569,1.70661,-81.1493,15.827,2,0.026,0.012,0.01825
juelich_pilot_d30_r2_log_distance_s01_w1,juelich,12345,1,1,log-distance,41,42,veh0,veh4,2,2,0,373.374,1,14.0569,2.95592,-78.1205,18.8558,2,0.026,0.022,0.01825
juelich_pilot_d30_r2_log_distance_s01_w1,juelich,12345,1,1,log-distance,41,42,veh0,veh5,2,2,0,521.458,0,14.0569,8.12396,-81.0221,15.9542,2,0.026,0.018,0.01825
juelich_pilot_d30_r2_log_distance_s01_w1,juelich,12345,1,1,log-distance,41,42,veh0,veh6,2,2,0,457.04,1,14.0569,8.37565,-79.8768,17.0995,2,0.026,0.02,0.01825
juelich_pilot_d30_r2_log_distance_s01_w1,juelich,12345,1,1,log-distance,41,42,veh0,veh7,2,0,1,722.173,0,14.0569,12.8314,nan,nan,0,0.026,0.016,0.01825
juelich_pilot_d30_r2_log_distance_s01_w1,juelich,12345,1,1,log-distance,41,42,veh0,veh8,2,0,1,918.573,0,14.0569,8.03602,nan,nan,0,0.026,0.012,0.01825
juelich_pilot_d30_r2_log_distance_s01_w1,juelich,12345,1,1,log-distance,41,42,veh0,veh9,2,2,0,517.339,0,14.0569,3.31322,-80.9531,16.0232,2,0.026,0.02,0.01825
juelich_pilot_d30_r2_log_distance_s01_w1,juelich,12345,1,1,log-distance,41,42,veh1,veh0,2,0,1,628.673,0,7.8163,14.0569,nan,nan,0,0.02,0.026,0.01825
juelich_pilot_d30_r2_log_distance_s01_w1,juelich,12345,1,1,log-distance,41,42,veh1,veh10,2,2,0,280.953,1,7.8163,8.60989,-75.6504,21.3259,2,0.02,0.02,0.01825
juelich_pilot_d30_r2_log_distance_s01_w1,juelich,12345,1,1,log-distance,41,42,veh1,veh11,2,2,0,59.2955,1,7.8163,7.89151,-62.1381,34.8382,2,0.02,0.02,0.01825
juelich_pilot_d30_r2_log_distance_s01_w1,juelich,12345,1,1,log-distance,41,42,veh1,veh12,2,0,1,649.88,0,7.8163,0.91,nan,nan,0,0.02,0.02,0.01825
juelich_pilot_d30_r2_log_distance_s01_w1,juelich,12345,1,1,log-distance,41,42,veh1,veh13,2,2,0,473.839,1,7.8163,6.38472,-80.1902,16.7861,2,0.02,0.026,0.01825
juelich_pilot_d30_r2_log_distance_s01_w1,juelich,12345,1,1,log-distance,41,42,veh1,veh14,2,0,1,799.324,0,7.8163,7.16126,nan,nan,0,0.02,0.02,0.01825
juelich_pilot_d30_r2_log_distance_s01_w1,juelich,12345,1,1,log-distance,41,42,veh1,veh4,2,2,0,282.092,1,7.8163,2.95592,-75.6854,21.2908,2,0.02,0.022,0.01825
juelich_pilot_d30_r2_log_distance_s01_w1,juelich,12345,1,1,log-distance,41,42,veh1,veh5,2,0,1,944.851,0,7.8163,8.12396,nan,nan,0,0.02,0.018,0.01825
juelich_pilot_d30_r2_log_distance_s01_w1,juelich,12345,1,1,log-distance,41,42,veh1,veh6,2,2,0,303.017,1,7.8163,8.37565,-76.307,20.6693,2,0.02,0.02,0.01825
juelich_pilot_d30_r2_log_distance_s01_w1,juelich,12345,1,1,log-distance,41,42,veh1,veh7,2,0,1,919.588,0,7.8163,12.8314,nan,nan,0,0.02,0.016,0.01825
juelich_pilot_d30_r2_log_distance_s01_w1,juelich,12345,1,1,log-distance,41,42,veh1,veh8,2,0,1,956.811,0,7.8163,8.03602,nan,nan,0,0.02,0.012,0.01825
juelich_pilot_d30_r2_log_distance_s01_w1,juelich,12345,1,1,log-distance,41,42,veh1,veh9,2,2,0,116.359,1,7.8163,3.31322,-67.9925,28.9838,2,0.02,0.02,0.01825
juelich_pilot_d30_r2_log_distance_s01_w1,juelich,12345,1,1,log-distance,41,42,veh10,veh0,2,2,0,473.853,1,8.60989,14.0569,-80.1906,16.7857,2,0.02,0.026,0.01825
juelich_pilot_d30_r2_log_distance_s01_w1,juelich,12345,1,1,log-distance,41,42,veh10,veh1,2,2,0,280.953,1,8.60989,7.8163,-75.6504,21.3259,2,0.02,0.02,0.01825
juelich_pilot_d30_r2_log_distance_s01_w1,juelich,12345,1,1,log-distance,41,42,veh10,veh11,2,2,0,229.114,1,8.60989,7.89151,-73.8787,23.0975,2,0.02,0.02,0.01825
juelich_pilot_d30_r2_log_distance_s01_w1,juelich,12345,1,1,log-distance,41,42,veh10,veh12,2,2,0,369.255,1,8.60989,0.91,-78.0241,18.9522,2,0.02,0.02,0.01825
juelich_pilot_d30_r2_log_distance_s01_w1,juelich,12345,1,1,log-distance,41,42,veh10,veh13,2,2,0,313.746,1,8.60989,6.38472,-76.609,20.3673,2,0.02,0.026,0.01825
juelich_pilot_d30_r2_log_distance_s01_w1,juelich,12345,1,1,log-distance,41,42,veh10,veh14,2,2,0,522.762,0,8.60989,7.16126,-81.0436,15.9327,2,0.02,0.02,0.01825
juelich_pilot_d30_r2_log_distance_s01_w1,juelich,12345,1,1,log-distance,41,42,veh10,veh15,2,0,1,977.192,0,8.60989,1.70661,nan,nan,0,0.02,0.012,0.01825
juelich_pilot_d30_r2_log_distance_s01_w1,juelich,12345,1,1,log-distance,41,42,veh10,veh4,2,2,0,126.934,1,8.60989,2.95592,-68.7493,28.227,2,0.02,0.022,0.01825
juelich_pilot_d30_r2_log_distance_s01_w1,juelich,12345,1,1,log-distance,41,42,veh10,veh5,2,0,1,919.486,0,8.60989,8.12396,nan,nan,0,0.02,0.018,0.01825
juelich_pilot_d30_r2_log_distance_s01_w1,juelich,12345,1,1,log-distance,41,42,veh10,veh6,2,2,0,24.1565,1,8.60989,8.37565,-54.3383,42.6379,2,0.02,0.02,0.01825
juelich_pilot_d30_r2_log_distance_s01_w1,juelich,12345,1,1,log-distance,41,42,veh10,veh7,2,0,1,991.789,0,8.60989,12.8314,nan,nan,0,0.02,0.016,0.01825
juelich_pilot_d30_r2_log_distance_s01_w1,juelich,12345,1,1,log-distance,41,42,veh10,veh9,2,2,0,188.99,1,8.60989,3.31322,-72.2064,24.7699,2,0.02,0.02,0.01825
juelich_pilot_d30_r2_log_distance_s01_w1,juelich,12345,1,1,log-distance,41,42,veh11,veh0,2,0,1,572.963,0,7.89151,14.0569,nan,nan,0,0.02,0.026,0.01825
juelich_pilot_d30_r2_log_distance_s01_w1,juelich,12345,1,1,log-distance,41,42,veh11,veh1,2,2,0,59.2955,1,7.89151,7.8163,-62.1381,34.8382,2,0.02,0.02,0.01825
juelich_pilot_d30_r2_log_distance_s01_w1,juelich,12345,1,1,log-distance,41,42,veh11,veh10,2,2,0,229.114,1,7.89151,8.60989,-73.8787,23.0975,2,0.02,0.02,0.01825
juelich_pilot_d30_r2_log_distance_s01_w1,juelich,12345,1,1,log-distance,41,42,veh11,veh12,2,0,1,596.14,0,7.89151,0.91,nan,nan,0,0.02,0.02,0.01825
juelich_pilot_d30_r2_log_distance_s01_w1,juelich,12345,1,1,log-distance,41,42,veh11,veh13,2,1,0.5,416.464,1,7.89151,6.38472,-79.0208,17.9555,1,0.02,0.026,0.01825
juelich_pilot_d30_r2_log_distance_s01_w1,juelich,12345,1,1,log-distance,41,42,veh11,veh14,2,0,1,743.08,0,7.89151,7.16126,nan,nan,0,0.02,0.02,0.01825
juelich_pilot_d30_r2_log_distance_s01_w1,juelich,12345,1,1,log-distance,41,42,veh11,veh4,2,2,0,222.797,1,7.89151,2.95592,-73.6358,23.3405,2,0.02,0.022,0.01825
juelich_pilot_d30_r2_log_distance_s01_w1,juelich,12345,1,1,log-distance,41,42,veh11,veh5,2,0,1,908.112,0,7.89151,8.12396,nan,nan,0,0.02,0.018,0.01825
juelich_pilot_d30_r2_log_distance_s01_w1,juelich,12345,1,1,log-distance,41,42,veh11,veh6,2,2,0,250.027,1,7.89151,8.37565,-74.6374,22.3388,2,0.02,0.02,0.01825
juelich_pilot_d30_r2_log_distance_s01_w1,juelich,12345,1,1,log-distance,41,42,veh11,veh7,2,0,1,901.635,0,7.89151,12.8314,nan,nan,0,0.02,0.016,0.01825
juelich_pilot_d30_r2_log_distance_s01_w1,juelich,12345,1,1,log-distance,41,42,veh11,veh8,2,0,1,954.759,0,7.89151,8.03602,nan,nan,0,0.02,0.012,0.01825
juelich_pilot_d30_r2_log_distance_s01_w1,juelich,12345,1,1,log-distance,41,42,veh11,veh9,2,2,0,57.3291,1,7.89151,3.31322,-61.8402,35.1361,2,0.02,0.02,0.01825
juelich_pilot_d30_r2_log_distance_s01_w1,juelich,12345,1,1,log-distance,41,42,veh12,veh0,2,2,0,468.505,1,0.91,14.0569,-80.092,16.8843,2,0.02,0.026,0.01825
juelich_pilot_d30_r2_log_distance_s01_w1,juelich,12345,1,1,log-distance,41,42,veh12,veh1,2,0,1,649.88,0,0.91,7.8163,nan,nan,0,0.02,0.02,0.01825
juelich_pilot_d30_r2_log_distance_s01_w1,juelich,12345,1,1,log-distance,41,42,veh12,veh10,2,2,0,369.255,1,0.91,8.60989,-78.0241,18.9522,2,0.02,0.02,0.01825
juelich_pilot_d30_r2_log_distance_s01_w1,juelich,12345,1,1,log-distance,41,42,veh12,veh11,2,0,1,596.14,0,0.91,7.89151,nan,nan,0,0.02,0.02,0.01825
juelich_pilot_d30_r2_log_distance_s01_w1,juelich,12345,1,1,log-distance,41,42,veh12,veh13,2,2,0,398.292,1,0.91,6.38472,-78.6817,18.2946,2,0.02,0.026,0.01825
juelich_pilot_d30_r2_log_distance_s01_w1,juelich,12345,1,1,log-distance,41,42,veh12,veh14,2,2,0,167.953,1,0.91,7.16126,-71.1809,25.7954,2,0.02,0.02,0.01825
juelich_pilot_d30_r2_log_distance_s01_w1,juelich,12345,1,1,log-distance,41,42,veh12,veh15,2,0,1,982.465,0,0.91,1.70661,nan,nan,0,0.02,0.012,0.01825
juelich_pilot_d30_r2_log_distance_s01_w1,juelich,12345,1,1,log-distance,41,42,veh12,veh4,2,2,0,408.516,1,0.91,2.95592,-78.9019,18.0744,2,0.02,0.022,0.01825
juelich_pilot_d30_r2_log_distance_s01_w1,juelich,12345,1,1,log-distance,41,42,veh12,veh5,2,0,1,989.882,0,0.91,8.12396,nan,nan,0,0.02,0.018,0.01825
juelich_pilot_d30_r2_log_distance_s01_w1,juelich,12345,1,1,log-distance,41,42,veh12,veh6,2,2,0,346.866,1,0.91,8.37565,-77.4808,19.4955,2,0.02,0.02,0.01825
juelich_pilot_d30_r2_log_distance_s01_w1,juelich,12345,1,1,log-distance,41,42,veh12,veh9,2,2,0,549.493,0,0.91,3.31322,-81.4769,15.4993,2,0.02,0.02,0.01825
juelich_pilot_d30_r2_log_distance_s01_w1,juelich,12345,1,1,log-distance,41,42,veh13,veh0,2,2,0,163.132,1,6.38472,14.0569,-70.9267,26.0496,2,0.026,0.026,0.01825
juelich_pilot_d30_r2_log_distance_s01_w1,juelich,12345,1,1,log-distance,41,42,veh13,veh1,2,2,0,473.839,1,6.38472,7.8163,-80.1902,16.7861,2,0.026,0.02,0.01825
juelich_pilot_d30_r2_log_distance_s01_w1,juelich,12345,1,1,log-distance,41,42,veh13,veh10,2,2,0,313.746,1,6.38472,8.60989,-76.609,20.3673,2,0.026,0.02,0.01825
juelich_pilot_d30_r2_log_distance_s01_w1,juelich,12345,1,1,log-distance,41,42,veh13,veh11,2,2,0,416.464,1,6.38472,7.89151,-79.0691,17.9072,2,0.026,0.02,0.01825
juelich_pilot_d30_r2_log_distance_s01_w1,juelich,12345,1,1,log-distance,41,42,veh13,veh12,2,2,0,398.292,1,6.38472,0.91,-78.6817,18.2946,2,0.026,0.02,0.01825
juelich_pilot_d30_r2_log_distance_s01_w1,juelich,12345,1,1,log-distance,41,42,veh13,veh14,2,2,0,466.155,1,6.38472,7.16126,-80.0482,16.9281,2,0.026,0.02,0.01825
juelich_pilot_d30_r2_log_distance_s01_w1,juelich,12345,1,1,log-distance,41,42,veh13,veh15,2,0,1,669.275,0,6.38472,1.70661,nan,nan,0,0.026,0.012,0.01825
juelich_pilot_d30_r2_log_distance_s01_w1,juelich,12345,1,1,log-distance,41,42,veh13,veh4,2,2,0,210.359,1,6.38472,2.95592,-73.1367,23.8396,2,0.026,0.022,0.01825
juelich_pilot_d30_r2_log_distance_s01_w1,juelich,12345,1,1,log-distance,41,42,veh13,veh5,2,0,1,631.213,0,6.38472,8.12396,nan,nan,0,0.026,0.018,0.01825
juelich_pilot_d30_r2_log_distance_s01_w1,juelich,12345,1,1,log-distance,41,42,veh13,veh6,2,2,0,298.616,1,6.38472,8.37565,-76.1796,20.7966,2,0.026,0.02,0.01825
juelich_pilot_d30_r2_log_distance_s01_w1,juelich,12345,1,1,log-distance,41,42,veh13,veh7,2,0,1,771.04,0,6.38472,12.8314,nan,nan,0,0.026,0.016,0.01825
juelich_pilot_d30_r2_log_distance_s01_w1,juelich,12345,1,1,log-distance,41,42,veh13,veh8,2,0,1,931.748,0,6.38472,8.03602,nan,nan,0,0.026,0.012,0.01825
juelich_pilot_d30_r2_log_distance_s01_w1,juelich,12345,1,1,log-distance,41,42,veh13,veh9,2,2,0,359.766,1,6.38472,3.31322,-77.7981,19.1782,2,0.026,0.02,0.01825
juelich_pilot_d30_r2_log_distance_s01_w1,juelich,12345,1,1,log-distance,41,42,veh14,veh0,2,2,0,479.571,1,7.16126,14.0569,-80.2947,16.6816,2,0.02,0.026,0.01825
juelich_pilot_d30_r2_log_distance_s01_w1,juelich,12345,1,1,log-distance,41,42,veh14,veh1,2,0,1,799.324,0,7.16126,7.8163,nan,nan,0,0.02,0.02,0.01825
juelich_pilot_d30_r2_log_distance_s01_w1,juelich,12345,1,1,log-distance,41,42,veh14,veh10,2,2,0,522.762,0,7.16126,8.60989,-81.0436,15.9327,2,0.02,0.02,0.01825
juelich_pilot_d30_r2_log_distance_s01_w1,juelich,12345,1,1,log-distance,41,42,veh14,veh11,2,0,1,743.08,0,7.16126,7.89151,nan,nan,0,0.02,0.02,0.01825
juelich_pilot_d30_r2_log_distance_s01_w1,juelich,12345,1,1,log-distance,41,42,veh14,veh12,2,2,0,167.953,1,7.16126,0.91,-71.1809,25.7954,2,0.02,0.02,0.01825
juelich_pilot_d30_r2_log_distance_s01_w1,juelich,12345,1,1,log-distance,41,42,veh14,veh13,2,2,0,466.155,1,7.16126,6.38472,-80.0482,16.9281,2,0.02,0.026,0.01825
juelich_pilot_d30_r2_log_distance_s01_w1,juelich,12345,1,1,log-distance,41,42,veh14,veh15,2,0,1,946.77,0,7.16126,1.70661,nan,nan,0,0.02,0.012,0.01825
juelich_pilot_d30_r2_log_distance_s01_w1,juelich,12345,1,1,log-distance,41,42,veh14,veh4,2,2,0,537.86,0,7.16126,2.95592,-81.291,15.6853,2,0.02,0.022,0.01825
juelich_pilot_d30_r2_log_distance_s01_w1,juelich,12345,1,1,log-distance,41,42,veh14,veh5,2,0,1,983.55,0,7.16126,8.12396,nan,nan,0,0.02,0.018,0.01825
juelich_pilot_d30_r2_log_distance_s01_w1,juelich,12345,1,1,log-distance,41,42,veh14,veh6,2,2,0,499.2,1,7.16126,8.37565,-80.643,16.3333,2,0.02,0.02,0.01825
juelich_pilot_d30_r2_log_distance_s01_w1,juelich,12345,1,1,log-distance,41,42,veh14,veh9,2,0,1,692.441,0,7.16126,3.31322,nan,nan,0,0.02,0.02,0.01825
juelich_pilot_d30_r2_log_distance_s01_w1,juelich,12345,1,1,log-distance,41,42,veh15,veh0,2,2,0,529.151,0,1.70661,14.0569,-81.1493,0.559824,2,0.012,0.026,0.01825
juelich_pilot_d30_r2_log_distance_s01_w1,juelich,12345,1,1,log-distance,41,42,veh15,veh10,2,0,1,977.192,0,1.70661,8.60989,nan,nan,0,0.012,0.02,0.01825
juelich_pilot_d30_r2_log_distance_s01_w1,juelich,12345,1,1,log-distance,41,42,veh15,veh12,2,0,1,982.465,0,1.70661,0.91,nan,nan,0,0.012,0.02,0.01825
juelich_pilot_d30_r2_log_distance_s01_w1,juelich,12345,1,1,log-distance,41,42,veh15,veh13,2,0,1,669.275,0,1.70661,6.38472,nan,nan,0,0.012,0.026,0.01825
juelich_pilot_d30_r2_log_distance_s01_w1,juelich,12345,1,1,log-distance,41,42,veh15,veh14,2,0,1,946.77,0,1.70661,7.16126,nan,nan,0,0.012,0.02,0.01825
juelich_pilot_d30_r2_log_distance_s01_w1,juelich,12345,1,1,log-distance,41,42,veh15,veh2,2,0,1,961.702,0,1.70661,0,nan,nan,0,0.012,0.01,0.01825
juelich_pilot_d30_r2_log_distance_s01_w1,juelich,12345,1,1,log-distance,41,42,veh15,veh3,2,0,1,856.394,0,1.70661,12.1756,nan,nan,0,0.012,0.01,0.01825
juelich_pilot_d30_r2_log_distance_s01_w1,juelich,12345,1,1,log-distance,41,42,veh15,veh4,2,0,1,858.101,0,1.70661,2.95592,nan,nan,0,0.012,0.022,0.01825
juelich_pilot_d30_r2_log_distance_s01_w1,juelich,12345,1,1,log-distance,41,42,veh15,veh5,2,2,0,173.366,1,1.70661,8.12396,-71.4563,14.062,2,0.012,0.018,0.01825
juelich_pilot_d30_r2_log_distance_s01_w1,juelich,12345,1,1,log-distance,41,42,veh15,veh6,2,0,1,964.83,0,1.70661,8.37565,nan,nan,0,0.012,0.02,0.01825
juelich_pilot_d30_r2_log_distance_s01_w1,juelich,12345,1,1,log-distance,41,42,veh15,veh7,2,2,0,498.046,1,1.70661,12.8314,-80.6231,4.83747,2,0.012,0.016,0.01825
juelich_pilot_d30_r2_log_distance_s01_w1,juelich,12345,1,1,log-distance,41,42,veh15,veh8,2,0,1,755.899,0,1.70661,8.03602,nan,nan,0,0.012,0.012,0.01825
juelich_pilot_d30_r2_log_distance_s01_w1,juelich,12345,1,1,log-distance,41,42,veh15,veh9,2,0,1,957.886,0,1.70661,3.31322,nan,nan,0,0.012,0.02,0.01825
juelich_pilot_d30_r2_log_distance_s01_w1,juelich,12345,1,1,log-distance,41,42,veh2,veh15,2,0,1,961.702,0,0,1.70661,nan,nan,0,0.01,0.012,0.01825
juelich_pilot_d30_r2_log_distance_s01_w1,juelich,12345,1,1,log-distance,41,42,veh2,veh3,2,2,0,106.729,1,0,12.1756,-67.2399,29.7364,2,0.01,0.01,0.01825
juelich_pilot_d30_r2_log_distance_s01_w1,juelich,12345,1,1,log-distance,41,42,veh2,veh5,2,0,1,823.294,0,0,8.12396,nan,nan,0,0.01,0.018,0.01825
juelich_pilot_d30_r2_log_distance_s01_w1,juelich,12345,1,1,log-distance,41,42,veh2,veh7,2,2,0,536.554,0,0,12.8314,-81.2698,15.7064,2,0.01,0.016,0.01825
juelich_pilot_d30_r2_log_distance_s01_w1,juelich,12345,1,1,log-distance,41,42,veh2,veh8,2,2,0,389.142,1,0,8.03602,-78.4798,18.4964,2,0.01,0.012,0.01825
juelich_pilot_d30_r2_log_distance_s01_w1,juelich,12345,1,1,log-distance,41,42,veh3,veh15,2,0,1,856.394,0,12.1756,1.70661,nan,nan,0,0.01,0.012,0.01825
juelich_pilot_d30_r2_log_distance_s01_w1,juelich,12345,1,1,log-distance,41,42,veh3,veh2,2,2,0,106.729,1,12.1756,0,-67.2399,29.7364,2,0.01,0.01,0.01825
juelich_pilot_d30_r2_log_distance_s01_w1,juelich,12345,1,1,log-distance,41,42,veh3,veh5,2,0,1,716.647,0,12.1756,8.12396,nan,nan,0,0.01,0.018,0.01825
juelich_pilot_d30_r2_log_distance_s01_w1,juelich,12345,1,1,log-distance,41,42,veh3,veh7,2,2,0,432.718,1,12.1756,12.8314,-79.4018,17.5745,2,0.01,0.016,0.01825
juelich_pilot_d30_r2_log_distance_s01_w1,juelich,12345,1,1,log-distance,41,42,veh3,veh8,2,2,0,313.135,1,12.1756,8.03602,-76.5923,20.384,2,0.01,0.012,0.01825
juelich_pilot_d30_r2_log_distance_s01_w1,juelich,12345,1,1,log-distance,41,42,veh4,veh0,2,2,0,373.374,1,2.95592,14.0569,-78.1205,18.8558,2,0.022,0.026,0.01825
juelich_pilot_d30_r2_log_distance_s01_w1,juelich,12345,1,1,log-distance,41,42,veh4,veh1,2,2,0,282.092,1,2.95592,7.8163,-75.6854,21.2908,2,0.022,0.02,0.01825
juelich_pilot_d30_r2_log_distance_s01_w1,juelich,12345,1,1,log-distance,41,42,veh4,veh10,2,2,0,126.934,1,2.95592,8.60989,-68.7493,28.227,2,0.022,0.02,0.01825
juelich_pilot_d30_r2_log_distance_s01_w1,juelich,12345,1,1,log-distance,41,42,veh4,veh11,2,2,0,222.797,1,2.95592,7.89151,-73.6358,23.3405,2,0.022,0.02,0.01825
juelich_pilot_d30_r2_log_distance_s01_w1,juelich,12345,1,1,log-distance,41,42,veh4,veh12,2,2,0,408.516,1,2.95592,0.91,-78.9019,18.0744,2,0.022,0.02,0.01825
juelich_pilot_d30_r2_log_distance_s01_w1,juelich,12345,1,1,log-distance,41,42,veh4,veh13,2,2,0,210.359,1,2.95592,6.38472,-73.1367,23.8396,2,0.022,0.026,0.01825
juelich_pilot_d30_r2_log_distance_s01_w1,juelich,12345,1,1,log-distance,41,42,veh4,veh14,2,2,0,537.86,0,2.95592,7.16126,-81.291,15.6853,2,0.022,0.02,0.01825
juelich_pilot_d30_r2_log_distance_s01_w1,juelich,12345,1,1,log-distance,41,42,veh4,veh15,2,0,1,858.101,0,2.95592,1.70661,nan,nan,0,0.022,0.012,0.01825
juelich_pilot_d30_r2_log_distance_s01_w1,juelich,12345,1,1,log-distance,41,42,veh4,veh5,2,0,1,794.372,0,2.95592,8.12396,nan,nan,0,0.022,0.018,0.01825
juelich_pilot_d30_r2_log_distance_s01_w1,juelich,12345,1,1,log-distance,41,42,veh4,veh6,2,2,0,123.977,1,2.95592,8.37565,-68.5445,28.4318,2,0.022,0.02,0.01825
juelich_pilot_d30_r2_log_distance_s01_w1,juelich,12345,1,1,log-distance,41,42,veh4,veh7,2,0,1,867.24,0,2.95592,12.8314,nan,nan,0,0.022,0.016,0.01825
juelich_pilot_d30_r2_log_distance_s01_w1,juelich,12345,1,1,log-distance,41,42,veh4,veh8,2,0,1,979.155,0,2.95592,8.03602,nan,nan,0,0.022,0.012,0.01825
juelich_pilot_d30_r2_log_distance_s01_w1,juelich,12345,1,1,log-distance,41,42,veh4,veh9,2,2,0,166.151,1,2.95592,3.31322,-71.0877,25.8886,2,0.022,0.02,0.01825
juelich_pilot_d30_r2_log_distance_s01_w1,juelich,12345,1,1,log-distance,41,42,veh5,veh0,2,2,0,521.458,0,8.12396,14.0569,-81.0221,15.9542,2,0.018,0.026,0.01825
juelich_pilot_d30_r2_log_distance_s01_w1,juelich,12345,1,1,log-distance,41,42,veh5,veh1,2,0,1,944.851,0,8.12396,7.8163,nan,nan,0,0.018,0.02,0.01825
juelich_pilot_d30_r2_log_distance_s01_w1,juelich,12345,1,1,log-distance,41,42,veh5,veh10,2,0,1,919.486,0,8.12396,8.60989,nan,nan,0,0.018,0.02,0.01825
juelich_pilot_d30_r2_log_distance_s01_w1,juelich,12345,1,1,log-distance,41,42,veh5,veh11,2,0,1,908.112,0,8.12396,7.89151,nan,nan,0,0.018,0.02,0.01825
juelich_pilot_d30_r2_log_distance_s01_w1,juelich,12345,1,1,log-distance,41,42,veh5,veh12,2,0,1,989.882,0,8.12396,0.91,nan,nan,0,0.018,0.02,0.01825
juelich_pilot_d30_r2_log_distance_s01_w1,juelich,12345,1,1,log-distance,41,42,veh5,veh13,2,0,1,631.213,0,8.12396,6.38472,nan,nan,0,0.018,0.026,0.01825
juelich_pilot_d30_r2_log_distance_s01_w1,juelich,12345,1,1,log-distance,41,42,veh5,veh14,2,0,1,983.55,0,8.12396,7.16126,nan,nan,0,0.018,0.02,0.01825
juelich_pilot_d30_r2_log_distance_s01_w1,juelich,12345,1,1,log-distance,41,42,veh5,veh15,2,2,0,173.366,1,8.12396,1.70661,-71.4563,25.52,2,0.018,0.012,0.01825
juelich_pilot_d30_r2_log_distance_s01_w1,juelich,12345,1,1,log-distance,41,42,veh5,veh2,2,0,1,823.294,0,8.12396,0,nan,nan,0,0.018,0.01,0.01825
juelich_pilot_d30_r2_log_distance_s01_w1,juelich,12345,1,1,log-distance,41,42,veh5,veh3,2,0,1,716.647,0,8.12396,12.1756,nan,nan,0,0.018,0.01,0.01825
juelich_pilot_d30_r2_log_distance_s01_w1,juelich,12345,1,1,log-distance,41,42,veh5,veh4,2,0,1,794.372,0,8.12396,2.95592,nan,nan,0,0.018,0.022,0.01825
juelich_pilot_d30_r2_log_distance_s01_w1,juelich,12345,1,1,log-distance,41,42,veh5,veh6,2,0,1,910.91,0,8.12396,8.37565,nan,nan,0,0.018,0.02,0.01825
juelich_pilot_d30_r2_log_distance_s01_w1,juelich,12345,1,1,log-distance,41,42,veh5,veh7,2,2,0,329.79,1,8.12396,12.8314,-77.042,19.9342,2,0.018,0.016,0.01825
juelich_pilot_d30_r2_log_distance_s01_w1,juelich,12345,1,1,log-distance,41,42,veh5,veh8,2,0,1,586.999,0,8.12396,8.03602,nan,nan,0,0.018,0.012,0.01825
juelich_pilot_d30_r2_log_distance_s01_w1,juelich,12345,1,1,log-distance,41,42,veh5,veh9,2,0,1,868.846,0,8.12396,3.31322,nan,nan,0,0.018,0.02,0.01825
juelich_pilot_d30_r2_log_distance_s01_w1,juelich,12345,1,1,log-distance,41,42,veh6,veh0,2,2,0,457.04,1,8.37565,14.0569,-79.8768,17.0995,2,0.02,0.026,0.01825
juelich_pilot_d30_r2_log_distance_s01_w1,juelich,12345,1,1,log-distance,41,42,veh6,veh1,2,2,0,303.017,1,8.37565,7.8163,-76.307,20.6693,2,0.02,0.02,0.01825
juelich_pilot_d30_r2_log_distance_s01_w1,juelich,12345,1,1,log-distance,41,42,veh6,veh10,2,2,0,24.1565,1,8.37565,8.60989,-54.3383,42.6379,2,0.02,0.02,0.01825
juelich_pilot_d30_r2_log_distance_s01_w1,juelich,12345,1,1,log-distance,41,42,veh6,veh11,2,2,0,250.027,1,8.37565,7.89151,-74.6374,22.3388,2,0.02,0.02,0.01825
juelich_pilot_d30_r2_log_distance_s01_w1,juelich,12345,1,1,log-distance,41,42,veh6,veh12,2,2,0,346.866,1,8.37565,0.91,-77.4808,19.4955,2,0.02,0.02,0.01825
juelich_pilot_d30_r2_log_distance_s01_w1,juelich,12345,1,1,log-distance,41,42,veh6,veh13,2,2,0,298.616,1,8.37565,6.38472,-76.1796,20.7966,2,0.02,0.026,0.01825
juelich_pilot_d30_r2_log_distance_s01_w1,juelich,12345,1,1,log-distance,41,42,veh6,veh14,2,2,0,499.2,1,8.37565,7.16126,-80.643,16.3333,2,0.02,0.02,0.01825
juelich_pilot_d30_r2_log_distance_s01_w1,juelich,12345,1,1,log-distance,41,42,veh6,veh15,2,0,1,964.83,0,8.37565,1.70661,nan,nan,0,0.02,0.012,0.01825
juelich_pilot_d30_r2_log_distance_s01_w1,juelich,12345,1,1,log-distance,41,42,veh6,veh4,2,2,0,123.977,1,8.37565,2.95592,-68.5445,28.4318,2,0.02,0.022,0.01825
juelich_pilot_d30_r2_log_distance_s01_w1,juelich,12345,1,1,log-distance,41,42,veh6,veh5,2,0,1,910.91,0,8.37565,8.12396,nan,nan,0,0.02,0.018,0.01825
juelich_pilot_d30_r2_log_distance_s01_w1,juelich,12345,1,1,log-distance,41,42,veh6,veh7,2,0,1,991.197,0,8.37565,12.8314,nan,nan,0,0.02,0.016,0.01825
juelich_pilot_d30_r2_log_distance_s01_w1,juelich,12345,1,1,log-distance,41,42,veh6,veh9,2,2,0,207.362,1,8.37565,3.31322,-73.0122,23.9641,2,0.02,0.02,0.01825
juelich_pilot_d30_r2_log_distance_s01_w1,juelich,12345,1,1,log-distance,41,42,veh7,veh0,2,0,1,722.173,0,12.8314,14.0569,nan,nan,0,0.016,0.026,0.01825
juelich_pilot_d30_r2_log_distance_s01_w1,juelich,12345,1,1,log-distance,41,42,veh7,veh1,2,0,1,919.588,0,12.8314,7.8163,nan,nan,0,0.016,0.02,0.01825
juelich_pilot_d30_r2_log_distance_s01_w1,juelich,12345,1,1,log-distance,41,42,veh7,veh10,2,0,1,991.789,0,12.8314,8.60989,nan,nan,0,0.016,0.02,0.01825
juelich_pilot_d30_r2_log_distance_s01_w1,juelich,12345,1,1,log-distance,41,42,veh7,veh11,2,0,1,901.635,0,12.8314,7.89151,nan,nan,0,0.016,0.02,0.01825
juelich_pilot_d30_r2_log_distance_s01_w1,juelich,12345,1,1,log-distance,41,42,veh7,veh13,2,0,1,771.04,0,12.8314,6.38472,nan,nan,0,0.016,0.026,0.01825
juelich_pilot_d30_r2_log_distance_s01_w1,juelich,12345,1,1,log-distance,41,42,veh7,veh15,2,2,0,498.046,1,12.8314,1.70661,-80.6231,16.3532,2,0.016,0.012,0.01825
juelich_pilot_d30_r2_log_distance_s01_w1,juelich,12345,1,1,log-distance,41,42,veh7,veh2,2,2,0,536.554,0,12.8314,0,-81.2698,15.7064,2,0.016,0.01,0.01825
juelich_pilot_d30_r2_log_distance_s01_w1,juelich,12345,1,1,log-distance,41,42,veh7,veh3,2,2,0,432.718,1,12.8314,12.1756,-79.4018,17.5745,2,0.016,0.01,0.01825
juelich_pilot_d30_r2_log_distance_s01_w1,juelich,12345,1,1,log-distance,41,42,veh7,veh4,2,0,1,867.24,0,12.8314,2.95592,nan,nan,0,0.016,0.022,0.01825
juelich_pilot_d30_r2_log_distance_s01_w1,juelich,12345,1,1,log-distance,41,42,veh7,veh5,2,2,0,329.79,1,12.8314,8.12396,-77.042,19.9342,2,0.016,0.018,0.01825
juelich_pilot_d30_r2_log_distance_s01_w1,juelich,12345,1,1,log-distance,41,42,veh7,veh6,2,0,1,991.197,0,12.8314,8.37565,nan,nan,0,0.016,0.02,0.01825
juelich_pilot_d30_r2_log_distance_s01_w1,juelich,12345,1,1,log-distance,41,42,veh7,veh8,2,2,0,257.87,1,12.8314,8.03602,-74.9053,22.071,2,0.016,0.012,0.01825
juelich_pilot_d30_r2_log_distance_s01_w1,juelich,12345,1,1,log-distance,41,42,veh7,veh9,2,0,1,880.284,0,12.8314,3.31322,nan,nan,0,0.016,0.02,0.01825
juelich_pilot_d30_r2_log_distance_s01_w1,juelich,12345,1,1,log-distance,41,42,veh8,veh0,2,0,1,918.573,0,8.03602,14.0569,nan,nan,0,0.012,0.026,0.01825
juelich_pilot_d30_r2_log_distance_s01_w1,juelich,12345,1,1,log-distance,41,42,veh8,veh1,2,0,1,956.811,0,8.03602,7.8163,nan,nan,0,0.012,0.02,0.01825
juelich_pilot_d30_r2_log_distance_s01_w1,juelich,12345,1,1,log-distance,41,42,veh8,veh11,2,0,1,954.759,0,8.03602,7.89151,nan,nan,0,0.012,0.02,0.01825
juelich_pilot_d30_r2_log_distance_s01_w1,juelich,12345,1,1,log-distance,41,42,veh8,veh13,2,0,1,931.748,0,8.03602,6.38472,nan,nan,0,0.012,0.026,0.01825
juelich_pilot_d30_r2_log_distance_s01_w1,juelich,12345,1,1,log-distance,41,42,veh8,veh15,2,0,1,755.899,0,8.03602,1.70661,nan,nan,0,0.012,0.012,0.01825
juelich_pilot_d30_r2_log_distance_s01_w1,juelich,12345,1,1,log-distance,41,42,veh8,veh2,2,2,0,389.142,1,8.03602,0,-78.4798,18.4964,2,0.012,0.01,0.01825
juelich_pilot_d30_r2_log_distance_s01_w1,juelich,12345,1,1,log-distance,41,42,veh8,veh3,2,2,0,313.135,1,8.03602,12.1756,-76.5923,20.384,2,0.012,0.01,0.01825
juelich_pilot_d30_r2_log_distance_s01_w1,juelich,12345,1,1,log-distance,41,42,veh8,veh4,2,0,1,979.155,0,8.03602,2.95592,nan,nan,0,0.012,0.022,0.01825
juelich_pilot_d30_r2_log_distance_s01_w1,juelich,12345,1,1,log-distance,41,42,veh8,veh5,2,0,1,586.999,0,8.03602,8.12396,nan,nan,0,0.012,0.018,0.01825
juelich_pilot_d30_r2_log_distance_s01_w1,juelich,12345,1,1,log-distance,41,42,veh8,veh7,2,2,0,257.87,1,8.03602,12.8314,-74.9053,22.071,2,0.012,0.016,0.01825
juelich_pilot_d30_r2_log_distance_s01_w1,juelich,12345,1,1,log-distance,41,42,veh8,veh9,2,0,1,948.539,0,8.03602,3.31322,nan,nan,0,0.012,0.02,0.01825
juelich_pilot_d30_r2_log_distance_s01_w1,juelich,12345,1,1,log-distance,41,42,veh9,veh0,2,2,0,517.339,0,3.31322,14.0569,-80.9531,16.0232,2,0.02,0.026,0.01825
juelich_pilot_d30_r2_log_distance_s01_w1,juelich,12345,1,1,log-distance,41,42,veh9,veh1,2,2,0,116.359,1,3.31322,7.8163,-67.9925,28.9838,2,0.02,0.02,0.01825
juelich_pilot_d30_r2_log_distance_s01_w1,juelich,12345,1,1,log-distance,41,42,veh9,veh10,2,2,0,188.99,1,3.31322,8.60989,-72.2064,24.7699,2,0.02,0.02,0.01825
juelich_pilot_d30_r2_log_distance_s01_w1,juelich,12345,1,1,log-distance,41,42,veh9,veh11,2,2,0,57.3291,1,3.31322,7.89151,-61.8402,35.1361,2,0.02,0.02,0.01825
juelich_pilot_d30_r2_log_distance_s01_w1,juelich,12345,1,1,log-distance,41,42,veh9,veh12,2,2,0,549.493,0,3.31322,0.91,-81.4769,15.4993,2,0.02,0.02,0.01825
juelich_pilot_d30_r2_log_distance_s01_w1,juelich,12345,1,1,log-distance,41,42,veh9,veh13,2,2,0,359.766,1,3.31322,6.38472,-77.7981,19.1782,2,0.02,0.026,0.01825
juelich_pilot_d30_r2_log_distance_s01_w1,juelich,12345,1,1,log-distance,41,42,veh9,veh14,2,0,1,692.441,0,3.31322,7.16126,nan,nan,0,0.02,0.02,0.01825
juelich_pilot_d30_r2_log_distance_s01_w1,juelich,12345,1,1,log-distance,41,42,veh9,veh15,2,0,1,957.886,0,3.31322,1.70661,nan,nan,0,0.02,0.012,0.01825
juelich_pilot_d30_r2_log_distance_s01_w1,juelich,12345,1,1,log-distance,41,42,veh9,veh4,2,2,0,166.151,1,3.31322,2.95592,-71.0877,25.8886,2,0.02,0.022,0.01825
juelich_pilot_d30_r2_log_distance_s01_w1,juelich,12345,1,1,log-distance,41,42,veh9,veh5,2,0,1,868.846,0,3.31322,8.12396,nan,nan,0,0.02,0.018,0.01825
juelich_pilot_d30_r2_log_distance_s01_w1,juelich,12345,1,1,log-distance,41,42,veh9,veh6,2,2,0,207.362,1,3.31322,8.37565,-73.0122,23.9641,2,0.02,0.02,0.01825
juelich_pilot_d30_r2_log_distance_s01_w1,juelich,12345,1,1,log-distance,41,42,veh9,veh7,2,0,1,880.284,0,3.31322,12.8314,nan,nan,0,0.02,0.016,0.01825
juelich_pilot_d30_r2_log_distance_s01_w1,juelich,12345,1,1,log-distance,41,42,veh9,veh8,2,0,1,948.539,0,3.31322,8.03602,nan,nan,0,0.02,0.012,0.01825
juelich_pilot_d30_r2_log_distance_s01_w1,juelich,12345,1,1,log-distance,42,43,veh0,veh1,2,0,1,633.705,0,14.0384,7.82215,nan,nan,0,0.026,0.02,0.01825
juelich_pilot_d30_r2_log_distance_s01_w1,juelich,12345,1,1,log-distance,42,43,veh0,veh10,2,2,0,476.288,1,14.0384,8.59619,-80.2351,16.7412,2,0.026,0.02,0.01825
juelich_pilot_d30_r2_log_distance_s01_w1,juelich,12345,1,1,log-distance,42,43,veh0,veh11,2,2,0,577.778,0,14.0384,7.86263,-81.9129,15.0634,2,0.026,0.02,0.01825
juelich_pilot_d30_r2_log_distance_s01_w1,juelich,12345,1,1,log-distance,42,43,veh0,veh12,2,2,0,468.133,1,14.0384,3.2568,-80.0851,16.8912,2,0.026,0.02,0.01825
juelich_pilot_d30_r2_log_distance_s01_w1,juelich,12345,1,1,log-distance,42,43,veh0,veh13,2,2,0,176.958,1,14.0384,6.34607,-71.6333,25.343,2,0.026,0.026,0.01825
juelich_pilot_d30_r2_log_distance_s01_w1,juelich,12345,1,1,log-distance,42,43,veh0,veh14,2,2,0,471.978,1,14.0384,9.34378,-80.1561,16.8202,2,0.026,0.02,0.01825
juelich_pilot_d30_r2_log_distance_s01_w1,juelich,12345,1,1,log-distance,42,43,veh0,veh15,2,2,0,524.074,0,14.0384,3.64914,-81.0655,15.9108,2,0.026,0.012,0.01825
juelich_pilot_d30_r2_log_distance_s01_w1,juelich,12345,1,1,log-distance,42,43,veh0,veh4,2,2,0,380.433,1,14.0384,4.8868,-78.2832,18.6931,2,0.026,0.022,0.01825
juelich_pilot_d30_r2_log_distance_s01_w1,juelich,12345,1,1,log-distance,42,43,veh0,veh5,2,2,0,523.405,0,14.0384,8.14003,-81.0545,15.9218,2,0.026,0.018,0.01825
juelich_pilot_d30_r2_log_distance_s01_w1,juelich,12345,1,1,log-distance,42,43,veh0,veh6,2,2,0,460.069,1,14.0384,6.80629,-79.9341,17.0422,2,0.026,0.02,0.01825
juelich_pilot_d30_r2_log_distance_s01_w1,juelich,12345,1,1,log-distance,42,43,veh0,veh7,2,0,1,718.111,0,14.0384,12.755,nan,nan,0,0.026,0.016,0.01825
juelich_pilot_d30_r2_log_distance_s01_w1,juelich,12345,1,1,log-distance,42,43,veh0,veh8,2,0,1,929.249,0,14.0384,4.00183,nan,nan,0,0.026,0.012,0.01825
juelich_pilot_d30_r2_log_distance_s01_w1,juelich,12345,1,1,log-distance,42,43,veh0,veh9,2,2,0,529.599,0,14.0384,5.62016,-81.1565,15.8198,2,0.026,0.02,0.01825
juelich_pilot_d30_r2_log_distance_s01_w1,juelich,12345,1,1,log-distance,42,43,veh1,veh0,2,0,1,633.705,0,7.82215,14.0384,nan,nan,0,0.02,0.026,0.01825
juelich_pilot_d30_r2_log_distance_s01_w1,juelich,12345,1,1,log-distance,42,43,veh1,veh10,2,2,0,281.744,1,7.82215,8.59619,-75.6748,21.3015,2,0.02,0.02,0.01825
juelich_pilot_d30_r2_log_distance_s01_w1,juelich,12345,1,1,log-distance,42,43,veh1,veh11,2,2,0,59.3839,1,7.82215,7.86263,-62.1511,34.8252,2,0.02,0.02,0.01825
juelich_pilot_d30_r2_log_distance_s01_w1,juelich,12345,1,1,log-distance,42,43,veh1,veh12,2,0,1,644.632,0,7.82215,3.2568,nan,nan,0,0.02,0.02,0.01825
juelich_pilot_d30_r2_log_distance_s01_w1,juelich,12345,1,1,log-distance,42,43,veh1,veh13,2,2,0,464.787,1,7.82215,6.34607,-80.0227,16.9536,2,0.02,0.026,0.01825
juelich_pilot_d30_r2_log_distance_s01_w1,juelich,12345,1,1,log-distance,42,43,veh1,veh14,2,0,1,784.656,0,7.82215,9.34378,nan,nan,0,0.02,0.02,0.01825
juelich_pilot_d30_r2_log_distance_s01_w1,juelich,12345,1,1,log-distance,42,43,veh1,veh4,2,2,0,278.311,1,7.82215,4.8868,-75.5683,21.408,2,0.02,0.022,0.01825
juelich_pilot_d30_r2_log_distance_s01_w1,juelich,12345,1,1,log-distance,42,43,veh1,veh5,2,0,1,934.596,0,7.82215,8.14003,nan,nan,0,0.02,0.018,0.01825
juelich_pilot_d30_r2_log_distance_s01_w1,juelich,12345,1,1,log-distance,42,43,veh1,veh6,2,2,0,302.707,1,7.82215,6.80629,-76.2981,20.6782,2,0.02,0.02,0.01825
juelich_pilot_d30_r2_log_distance_s01_w1,juelich,12345,1,1,log-distance,42,43,veh1,veh7,2,0,1,904.971,0,7.82215,12.755,nan,nan,0,0.02,0.016,0.01825
juelich_pilot_d30_r2_log_distance_s01_w1,juelich,12345,1,1,log-distance,42,43,veh1,veh8,2,0,1,953.502,0,7.82215,4.00183,nan,nan,0,0.02,0.012,0.01825
juelich_pilot_d30_r2_log_distance_s01_w1,juelich,12345,1,1,log-distance,42,43,veh1,veh9,2,2,0,109.833,1,7.82215,5.62016,-67.4918,29.4845,2,0.02,0.02,0.01825
juelich_pilot_d30_r2_log_distance_s01_w1,juelich,12345,1,1,log-distance,42,43,veh10,veh0,2,2,0,476.288,1,8.59619,14.0384,-80.2351,16.7412,2,0.02,0.026,0.01825
juelich_pilot_d30_r2_log_distance_s01_w1,juelich,12345,1,1,log-distance,42,43,veh10,veh1,2,2,0,281.744,1,8.59619,7.82215,-75.6748,21.3015,2,0.02,0.02,0.01825
juelich_pilot_d30_r2_log_distance_s01_w1,juelich,12345,1,1,log-distance,42,43,veh10,veh11,2,2,0,229.799,1,8.59619,7.86263,-73.9047,23.0716,2,0.02,0.02,0.01825
juelich_pilot_d30_r2_log_distance_s01_w1,juelich,12345,1,1,log-distance,42,43,veh10,veh12,2,2,0,363.103,1,8.59619,3.2568,-77.8782,19.098,2,0.02,0.02,0.01825
juelich_pilot_d30_r2_log_distance_s01_w1,juelich,12345,1,1,log-distance,42,43,veh10,veh13,2,2,0,303.404,1,8.59619,6.34607,-76.3178,20.6585,2,0.02,0.026,0.01825
juelich_pilot_d30_r2_log_distance_s01_w1,juelich,12345,1,1,log-distance,42,43,veh10,veh14,2,2,0,506.821,0,8.59619,9.34378,-80.7745,16.2018,2,0.02,0.02,0.01825
juelich_pilot_d30_r2_log_distance_s01_w1,juelich,12345,1,1,log-distance,42,43,veh10,veh15,2,0,1,970.597,0,8.59619,3.64914,nan,nan,0,0.02,0.012,0.01825
juelich_pilot_d30_r2_log_distance_s01_w1,juelich,12345,1,1,log-distance,42,43,veh10,veh4,2,2,0,126.19,1,8.59619,4.8868,-68.6982,28.2781,2,0.02,0.022,0.01825
juelich_pilot_d30_r2_log_distance_s01_w1,juelich,12345,1,1,log-distance,42,43,veh10,veh5,2,0,1,913.162,0,8.59619,8.14003,nan,nan,0,0.02,0.018,0.01825
juelich_pilot_d30_r2_log_distance_s01_w1,juelich,12345,1,1,log-distance,42,43,veh10,veh6,2,2,0,22.9733,1,8.59619,6.80629,-53.9,43.0763,2,0.02,0.02,0.01825
juelich_pilot_d30_r2_log_distance_s01_w1,juelich,12345,1,1,log-distance,42,43,veh10,veh7,2,0,1,978.752,0,8.59619,12.755,nan,nan,0,0.02,0.016,0.01825
juelich_pilot_d30_r2_log_distance_s01_w1,juelich,12345,1,1,log-distance,42,43,veh10,veh9,2,2,0,191.459,1,8.59619,5.62016,-72.3192,24.6571,2,0.02,0.02,0.01825
juelich_pilot_d30_r2_log_distance_s01_w1,juelich,12345,1,1,log-distance,42,43,veh11,veh0,2,0,1,577.778,0,7.86263,14.0384,nan,nan,0,0.02,0.026,0.01825
juelich_pilot_d30_r2_log_distance_s01_w1,juelich,12345,1,1,log-distance,42,43,veh11,veh1,2,2,0,59.3839,1,7.86263,7.82215,-62.1511,34.8252,2,0.02,0.02,0.01825
juelich_pilot_d30_r2_log_distance_s01_w1,juelich,12345,1,1,log-distance,42,43,veh11,veh10,2,2,0,229.799,1,7.86263,8.59619,-73.9047,23.0716,2,0.02,0.02,0.01825
juelich_pilot_d30_r2_log_distance_s01_w1,juelich,12345,1,1,log-distance,42,43,veh11,veh12,2,0,1,590.982,0,7.86263,3.2568,nan,nan,0,0.02,0.02,0.01825
juelich_pilot_d30_r2_log_distance_s01_w1,juelich,12345,1,1,log-distance,42,43,veh11,veh13,2,2,0,407.186,1,7.86263,6.34607,-78.8734,18.1029,2,0.02,0.026,0.01825
juelich_pilot_d30_r2_log_distance_s01_w1,juelich,12345,1,1,log-distance,42,43,veh11,veh14,2,0,1,728.496,0,7.86263,9.34378,nan,nan,0,0.02,0.02,0.01825
juelich_pilot_d30_r2_log_distance_s01_w1,juelich,12345,1,1,log-distance,42,43,veh11,veh15,2,0,1,995.937,0,7.86263,3.64914,nan,nan,0,0.02,0.012,0.01825
juelich_pilot_d30_r2_log_distance_s01_w1,juelich,12345,1,1,log-distance,42,43,veh11,veh4,2,2,0,218.928,1,7.86263,4.8868,-73.4837,23.4926,2,0.02,0.022,0.01825
juelich_pilot_d30_r2_log_distance_s01_w1,juelich,12345,1,1,log-distance,42,43,veh11,veh5,2,0,1,898.438,0,7.86263,8.14003,nan,nan,0,0.02,0.018,0.01825
juelich_pilot_d30_r2_log_distance_s01_w1,juelich,12345,1,1,log-distance,42,43,veh11,veh6,2,2,0,249.661,1,7.86263,6.80629,-74.6247,22.3516,2,0.02,0.02,0.01825
juelich_pilot_d30_r2_log_distance_s01_w1,juelich,12345,1,1,log-distance,42,43,veh11,veh7,2,0,1,887.218,0,7.86263,12.755,nan,nan,0,0.02,0.016,0.01825
juelich_pilot_d30_r2_log_distance_s01_w1,juelich,12345,1,1,log-distance,42,43,veh11,veh8,2,0,1,952.244,0,7.86263,4.00183,nan,nan,0,0.02,0.012,0.01825
juelich_pilot_d30_r2_log_distance_s01_w1,juelich,12345,1,1,log-distance,42,43,veh11,veh9,2,2,0,50.5182,1,7.86263,5.62016,-60.7439,36.2324,2,0.02,0.02,0.01825
juelich_pilot_d30_r2_log_distance_s01_w1,juelich,12345,1,1,log-distance,42,43,veh12,veh0,2,2,0,468.133,1,3.2568,14.0384,-80.0851,16.8912,2,0.02,0.026,0.01825
juelich_pilot_d30_r2_log_distance_s01_w1,juelich,12345,1,1,log-distance,42,43,veh12,veh1,2,0,1,644.632,0,3.2568,7.82215,nan,nan,0,0.02,0.02,0.01825
juelich_pilot_d30_r2_log_distance_s01_w1,juelich,12345,1,1,log-distance,42,43,veh12,veh10,2,2,0,363.103,1,3.2568,8.59619,-77.8782,19.098,2,0.02,0.02,0.01825
juelich_pilot_d30_r2_log_distance_s01_w1,juelich,12345,1,1,log-distance,42,43,veh12,veh11,2,0,1,590.982,0,3.2568,7.86263,nan,nan,0,0.02,0.02,0.01825
juelich_pilot_d30_r2_log_distance_s01_w1,juelich,12345,1,1,log-distance,42,43,veh12,veh13,2,2,0,394.252,1,3.2568,6.34607,-78.5931,18.3831,2,0.02,0.026,0.01825
juelich_pilot_d30_r2_log_distance_s01_w1,juelich,12345,1,1,log-distance,42,43,veh12,veh14,2,2,0,158.474,1,3.2568,9.34378,-70.6753,26.301,2,0.02,0.02,0.01825
juelich_pilot_d30_r2_log_distance_s01_w1,juelich,12345,1,1,log-distance,42,43,veh12,veh15,2,0,1,981.122,0,3.2568,3.64914,nan,nan,0,0.02,0.012,0.01825
juelich_pilot_d30_r2_log_distance_s01_w1,juelich,12345,1,1,log-distance,42,43,veh12,veh4,2,2,0,407.574,1,3.2568,4.8868,-78.8818,18.0945,2,0.02,0.022,0.01825
juelich_pilot_d30_r2_log_distance_s01_w1,juelich,12345,1,1,log-distance,42,43,veh12,veh5,2,0,1,991.195,0,3.2568,8.14003,nan,nan,0,0.02,0.018,0.01825
juelich_pilot_d30_r2_log_distance_s01_w1,juelich,12345,1,1,log-distance,42,43,veh12,veh6,2,2,0,341.928,1,3.2568,6.80629,-77.3564,19.6199,2,0.02,0.02,0.01825
juelich_pilot_d30_r2_log_distance_s01_w1,juelich,12345,1,1,log-distance,42,43,veh12,veh9,2,2,0,548.068,0,3.2568,5.62016,-81.4544,15.5219,2,0.02,0.02,0.01825
juelich_pilot_d30_r2_log_distance_s01_w1,juelich,12345,1,1,log-distance,42,43,veh13,veh0,2,2,0,176.958,1,6.34607,14.0384,-71.6333,25.343,2,0.026,0.026,0.01825
juelich_pilot_d30_r2_log_distance_s01_w1,juelich,12345,1,1,log-distance,42,43,veh13,veh1,2,2,0,464.787,1,6.34607,7.82215,-80.0227,16.9536,2,0.026,0.02,0.01825
juelich_pilot_d30_r2_log_distance_s01_w1,juelich,12345,1,1,log-distance,42,43,veh13,veh10,2,2,0,303.404,1,6.34607,8.59619,-76.3178,20.6585,2,0.026,0.02,0.01825
juelich_pilot_d30_r2_log_distance_s01_w1,juelich,12345,1,1,log-distance,42,43,veh13,veh11,2,2,0,407.186,1,6.34607,7.86263,-78.8734,18.1029,2,0.026,0.02,0.01825
juelich_pilot_d30_r2_log_distance_s01_w1,juelich,12345,1,1,log-distance,42,43,veh13,veh12,2,2,0,394.252,1,6.34607,3.2568,-78.5931,18.3831,2,0.026,0.02,0.01825
juelich_pilot_d30_r2_log_distance_s01_w1,juelich,12345,1,1,log-distance,42,43,veh13,veh14,2,2,0,457.329,1,6.34607,9.34378,-79.8822,17.0941,2,0.026,0.02,0.01825
juelich_pilot_d30_r2_log_distance_s01_w1,juelich,12345,1,1,log-distance,42,43,veh13,veh15,2,0,1,672.626,0,6.34607,3.64914,nan,nan,0,0.026,0.012,0.01825
juelich_pilot_d30_r2_log_distance_s01_w1,juelich,12345,1,1,log-distance,42,43,veh13,veh4,2,2,0,203.557,1,6.34607,4.8868,-72.851,24.1253,2,0.026,0.022,0.01825
juelich_pilot_d30_r2_log_distance_s01_w1,juelich,12345,1,1,log-distance,42,43,veh13,veh5,2,0,1,635.415,0,6.34607,8.14003,nan,nan,0,0.026,0.018,0.01825
juelich_pilot_d30_r2_log_distance_s01_w1,juelich,12345,1,1,log-distance,42,43,veh13,veh6,2,2,0,289.105,1,6.34607,6.80629,-75.8985,21.0777,2,0.026,0.02,0.01825
juelich_pilot_d30_r2_log_distance_s01_w1,juelich,12345,1,1,log-distance,42,43,veh13,veh7,2,0,1,764.746,0,6.34607,12.755,nan,nan,0,0.026,0.016,0.01825
juelich_pilot_d30_r2_log_distance_s01_w1,juelich,12345,1,1,log-distance,42,43,veh13,veh8,2,0,1,937.337,0,6.34607,4.00183,nan,nan,0,0.026,0.012,0.01825
juelich_pilot_d30_r2_log_distance_s01_w1,juelich,12345,1,1,log-distance,42,43,veh13,veh9,2,2,0,357.762,1,6.34607,5.62016,-77.7496,19.2267,2,0.026,0.02,0.01825
juelich_pilot_d30_r2_log_distance_s01_w1,juelich,12345,1,1,log-distance,42,43,veh14,veh0,2,2,0,471.978,1,9.34378,14.0384,-80.1561,16.8202,2,0.02,0.026,0.01825
juelich_pilot_d30_r2_log_distance_s01_w1,juelich,12345,1,1,log-distance,42,43,veh14,veh1,2,0,1,784.656,0,9.34378,7.82215,nan,nan,0,0.02,0.02,0.01825
juelich_pilot_d30_r2_log_distance_s01_w1,juelich,12345,1,1,log-distance,42,43,veh14,veh10,2,2,0,506.821,0,9.34378,8.59619,-80.7745,16.2018,2,0.02,0.02,0.01825
juelich_pilot_d30_r2_log_distance_s01_w1,juelich,12345,1,1,log-distance,42,43,veh14,veh11,2,0,1,728.496,0,9.34378,7.86263,nan,nan,0,0.02,0.02,0.01825
juelich_pilot_d30_r2_log_distance_s01_w1,juelich,12345,1,1,log-distance,42,43,veh14,veh12,2,2,0,158.474,1,9.34378,3.2568,-70.6753,26.301,2,0.02,0.02,0.01825
juelich_pilot_d30_r2_log_distance_s01_w1,juelich,12345,1,1,log-distance,42,43,veh14,veh13,2,2,0,457.329,1,9.34378,6.34607,-79.8822,17.0941,2,0.02,0.026,0.01825
juelich_pilot_d30_r2_log_distance_s01_w1,juelich,12345,1,1,log-distance,42,43,veh14,veh15,2,0,1,945.879,0,9.34378,3.64914,nan,nan,0,0.02,0.012,0.01825
juelich_pilot_d30_r2_log_distance_s01_w1,juelich,12345,1,1,log-distance,42,43,veh14,veh4,2,2,0,527.87,0,9.34378,4.8868,-81.1281,15.8482,2,0.02,0.022,0.01825
juelich_pilot_d30_r2_log_distance_s01_w1,juelich,12345,1,1,log-distance,42,43,veh14,veh5,2,0,1,985.004,0,9.34378,8.14003,nan,nan,0,0.02,0.018,0.01825
juelich_pilot_d30_r2_log_distance_s01_w1,juelich,12345,1,1,log-distance,42,43,veh14,veh6,2,2,0,484.481,1,9.34378,6.80629,-80.383,16.5933,2,0.02,0.02,0.01825
juelich_pilot_d30_r2_log_distance_s01_w1,juelich,12345,1,1,log-distance,42,43,veh14,veh9,2,0,1,682.522,0,9.34378,5.62016,nan,nan,0,0.02,0.02,0.01825
juelich_pilot_d30_r2_log_distance_s01_w1,juelich,12345,1,1,log-distance,42,43,veh15,veh0,2,2,0,524.074,0,3.64914,14.0384,-81.0655,0.714111,2,0.012,0.026,0.01825
juelich_pilot_d30_r2_log_distance_s01_w1,juelich,12345,1,1,log-distance,42,43,veh15,veh10,2,0,1,970.597,0,3.64914,8.59619,nan,nan,0,0.012,0.02,0.01825
juelich_pilot_d30_r2_log_distance_s01_w1,juelich,12345,1,1,log-distance,42,43,veh15,veh11,2,0,1,995.937,0,3.64914,7.86263,nan,nan,0,0.012,0.02,0.01825
juelich_pilot_d30_r2_log_distance_s01_w1,juelich,12345,1,1,log-distance,42,43,veh15,veh12,2,0,1,981.122,0,3.64914,3.2568,nan,nan,0,0.012,0.02,0.01825
juelich_pilot_d30_r2_log_distance_s01_w1,juelich,12345,1,1,log-distance,42,43,veh15,veh13,2,0,1,672.626,0,3.64914,6.34607,nan,nan,0,0.012,0.026,0.01825
juelich_pilot_d30_r2_log_distance_s01_w1,juelich,12345,1,1,log-distance,42,43,veh15,veh14,2,0,1,945.879,0,3.64914,9.34378,nan,nan,0,0.012,0.02,0.01825
juelich_pilot_d30_r2_log_distance_s01_w1,juelich,12345,1,1,log-distance,42,43,veh15,veh2,2,0,1,963.832,0,3.64914,0,nan,nan,0,0.012,0.01,0.01825
juelich_pilot_d30_r2_log_distance_s01_w1,juelich,12345,1,1,log-distance,42,43,veh15,veh3,2,0,1,846.637,0,3.64914,12.1084,nan,nan,0,0.012,0.01,0.01825
juelich_pilot_d30_r2_log_distance_s01_w1,juelich,12345,1,1,log-distance,42,43,veh15,veh4,2,0,1,853.666,0,3.64914,4.8868,nan,nan,0,0.012,0.022,0.01825
juelich_pilot_d30_r2_log_distance_s01_w1,juelich,12345,1,1,log-distance,42,43,veh15,veh5,2,2,0,182.142,1,3.64914,8.14003,-71.8853,13.5467,2,0.012,0.018,0.01825
juelich_pilot_d30_r2_log_distance_s01_w1,juelich,12345,1,1,log-distance,42,43,veh15,veh6,2,0,1,958.9,0,3.64914,6.80629,nan,nan,0,0.012,0.02,0.01825
juelich_pilot_d30_r2_log_distance_s01_w1,juelich,12345,1,1,log-distance,42,43,veh15,veh7,2,2,0,495.144,1,3.64914,12.755,-80.5723,4.75794,2,0.012,0.016,0.01825
juelich_pilot_d30_r2_log_distance_s01_w1,juelich,12345,1,1,log-distance,42,43,veh15,veh8,2,0,1,761.071,0,3.64914,4.00183,nan,nan,0,0.012,0.012,0.01825
juelich_pilot_d30_r2_log_distance_s01_w1,juelich,12345,1,1,log-distance,42,43,veh15,veh9,2,0,1,958.231,0,3.64914,5.62016,nan,nan,0,0.012,0.02,0.01825
juelich_pilot_d30_r2_log_distance_s01_w1,juelich,12345,1,1,log-distance,42,43,veh2,veh15,2,0,1,963.832,0,0,3.64914,nan,nan,0,0.01,0.012,0.01825
juelich_pilot_d30_r2_log_distance_s01_w1,juelich,12345,1,1,log-distance,42,43,veh2,veh3,2,2,0,118.868,1,0,12.1084,-68.1762,28.8001,2,0.01,0.01,0.01825
juelich_pilot_d30_r2_log_distance_s01_w1,juelich,12345,1,1,log-distance,42,43,veh2,veh5,2,0,1,818.11,0,0,8.14003,nan,nan,0,0.01,0.018,0.01825
juelich_pilot_d30_r2_log_distance_s01_w1,juelich,12345,1,1,log-distance,42,43,veh2,veh7,2,2,0,547.949,0,0,12.755,-81.4524,15.5239,2,0.01,0.016,0.01825
juelich_pilot_d30_r2_log_distance_s01_w1,juelich,12345,1,1,log-distance,42,43,veh2,veh8,2,2,0,391.673,1,0,4.00183,-78.5362,18.4401,2,0.01,0.012,0.01825
juelich_pilot_d30_r2_log_distance_s01_w1,juelich,12345,1,1,log-distance,42,43,veh3,veh15,2,0,1,846.637,0,12.1084,3.64914,nan,nan,0,0.01,0.012,0.01825
juelich_pilot_d30_r2_log_distance_s01_w1,juelich,12345,1,1,log-distance,42,43,veh3,veh2,2,2,0,118.868,1,12.1084,0,-68.1762,28.8001,2,0.01,0.01,0.01825
juelich_pilot_d30_r2_log_distance_s01_w1,juelich,12345,1,1,log-distance,42,43,veh3,veh5,2,0,1,699.323,0,12.1084,8.14003,nan,nan,0,0.01,0.018,0.01825
juelich_pilot_d30_r2_log_distance_s01_w1,juelich,12345,1,1,log-distance,42,43,veh3,veh7,2,2,0,432.55,1,12.1084,12.755,-79.3984,17.5779,2,0.01,0.016,0.01825
juelich_pilot_d30_r2_log_distance_s01_w1,juelich,12345,1,1,log-distance,42,43,veh3,veh8,2,2,0,308.839,1,12.1084,4.00183,-76.4723,20.504,2,0.01,0.012,0.01825
juelich_pilot_d30_r2_log_distance_s01_w1,juelich,12345,1,1,log-distance,42,43,veh4,veh0,2,2,0,380.433,1,4.8868,14.0384,-78.2832,18.6931,2,0.022,0.026,0.01825
juelich_pilot_d30_r2_log_distance_s01_w1,juelich,12345,1,1,log-distance,42,43,veh4,veh1,2,2,0,278.311,1,4.8868,7.82215,-75.5683,21.408,2,0.022,0.02,0.01825
juelich_pilot_d30_r2_log_distance_s01_w1,juelich,12345,1,1,log-distance,42,43,veh4,veh10,2,2,0,126.19,1,4.8868,8.59619,-68.6982,28.2781,2,0.022,0.02,0.01825
juelich_pilot_d30_r2_log_distance_s01_w1,juelich,12345,1,1,log-distance,42,43,veh4,veh11,2,2,0,218.928,1,4.8868,7.86263,-73.4837,23.4926,2,0.022,0.02,0.01825
juelich_pilot_d30_r2_log_distance_s01_w1,juelich,12345,1,1,log-distance,42,43,veh4,veh12,2,2,0,407.574,1,4.8868,3.2568,-78.8818,18.0945,2,0.022,0.02,0.01825
juelich_pilot_d30_r2_log_distance_s01_w1,juelich,12345,1,1,log-distance,42,43,veh4,veh13,2,2,0,203.557,1,4.8868,6.34607,-72.851,24.1253,2,0.022,0.026,0.01825
juelich_pilot_d30_r2_log_distance_s01_w1,juelich,12345,1,1,log-distance,42,43,veh4,veh14,2,2,0,527.87,0,4.8868,9.34378,-81.1281,15.8482,2,0.022,0.02,0.01825
juelich_pilot_d30_r2_log_distance_s01_w1,juelich,12345,1,1,log-distance,42,43,veh4,veh15,2,0,1,853.666,0,4.8868,3.64914,nan,nan,0,0.022,0.012,0.01825
juelich_pilot_d30_r2_log_distance_s01_w1,juelich,12345,1,1,log-distance,42,43,veh4,veh5,2,0,1,789.239,0,4.8868,8.14003,nan,nan,0,0.022,0.018,0.01825
juelich_pilot_d30_r2_log_distance_s01_w1,juelich,12345,1,1,log-distance,42,43,veh4,veh6,2,2,0,124.052,1,4.8868,6.80629,-68.5498,28.4265,2,0.022,0.02,0.01825
juelich_pilot_d30_r2_log_distance_s01_w1,juelich,12345,1,1,log-distance,42,43,veh4,veh7,2,0,1,854.263,0,4.8868,12.755,nan,nan,0,0.022,0.016,0.01825
juelich_pilot_d30_r2_log_distance_s01_w1,juelich,12345,1,1,log-distance,42,43,veh4,veh8,2,0,1,978.628,0,4.8868,4.00183,nan,nan,0,0.022,0.012,0.01825
juelich_pilot_d30_r2_log_distance_s01_w1,juelich,12345,1,1,log-distance,42,43,veh4,veh9,2,2,0,168.567,1,4.8868,5.62016,-71.2131,25.7632,2,0.022,0.02,0.01825
juelich_pilot_d30_r2_log_distance_s01_w1,juelich,12345,1,1,log-distance,42,43,veh5,veh0,2,2,0,523.405,0,8.14003,14.0384,-81.0545,15.9218,2,0.018,0.026,0.01825
juelich_pilot_d30_r2_log_distance_s01_w1,juelich,12345,1,1,log-distance,42,43,veh5,veh1,2,0,1,934.596,0,8.14003,7.82215,nan,nan,0,0.018,0.02,0.01825
juelich_pilot_d30_r2_log_distance_s01_w1,juelich,12345,1,1,log-distance,42,43,veh5,veh10,2,0,1,913.162,0,8.14003,8.59619,nan,nan,0,0.018,0.02,0.01825
juelich_pilot_d30_r2_log_distance_s01_w1,juelich,12345,1,1,log-distance,42,43,veh5,veh11,2,0,1,898.438,0,8.14003,7.86263,nan,nan,0,0.018,0.02,0.01825
juelich_pilot_d30_r2_log_distance_s01_w1,juelich,12345,1,1,log-distance,42,43,veh5,veh12,2,0,1,991.195,0,8.14003,3.2568,nan,nan,0,0.018,0.02,0.01825
juelich_pilot_d30_r2_log_distance_s01_w1,juelich,12345,1,1,log-distance,42,43,veh5,veh13,2,0,1,635.415,0,8.14003,6.34607,nan,nan,0,0.018,0.026,0.01825
juelich_pilot_d30_r2_log_distance_s01_w1,juelich,12345,1,1,log-distance,42,43,veh5,veh14,2,0,1,985.004,0,8.14003,9.34378,nan,nan,0,0.018,0.02,0.01825
juelich_pilot_d30_r2_log_distance_s01_w1,juelich,12345,1,1,log-distance,42,43,veh5,veh15,2,2,0,182.142,1,8.14003,3.64914,-71.8853,25.091,2,0.018,0.012,0.01825
juelich_pilot_d30_r2_log_distance_s01_w1,juelich,12345,1,1,log-distance,42,43,veh5,veh2,2,0,1,818.11,0,8.14003,0,nan,nan,0,0.018,0.01,0.01825
juelich_pilot_d30_r2_log_distance_s01_w1,juelich,12345,1,1,log-distance,42,43,veh5,veh3,2,0,1,699.323,0,8.14003,12.1084,nan,nan,0,0.018,0.01,0.01825
juelich_pilot_d30_r2_log_distance_s01_w1,juelich,12345,1,1,log-distance,42,43,veh5,veh4,2,0,1,789.239,0,8.14003,4.8868,nan,nan,0,0.018,0.022,0.01825
juelich_pilot_d30_r2_log_distance_s01_w1,juelich,12345,1,1,log-distance,42,43,veh5,veh6,2,0,1,905.311,0,8.14003,6.80629,nan,nan,0,0.018,0.02,0.01825
juelich_pilot_d30_r2_log_distance_s01_w1,juelich,12345,1,1,log-distance,42,43,veh5,veh7,2,2,0,317.156,1,8.14003,12.755,-76.7027,20.2736,2,0.018,0.016,0.01825
juelich_pilot_d30_r2_log_distance_s01_w1,juelich,12345,1,1,log-distance,42,43,veh5,veh8,2,1,0.5,583.248,0,8.14003,4.00183,-81.9758,15.0005,1,0.018,0.012,0.01825
juelich_pilot_d30_r2_log_distance_s01_w1,juelich,12345,1,1,log-distance,42,43,veh5,veh9,2,0,1,866.877,0,8.14003,5.62016,nan,nan,0,0.018,0.02,0.01825
juelich_pilot_d30_r2_log_distance_s01_w1,juelich,12345,1,1,log-distance,42,43,veh6,veh0,2,2,0,460.069,1,6.80629,14.0384,-79.9341,17.0422,2,0.02,0.026,0.01825
juelich_pilot_d30_r2_log_distance_s01_w1,juelich,12345,1,1,log-distance,42,43,veh6,veh1,2,2,0,302.707,1,6.80629,7.82215,-76.2981,20.6782,2,0.02,0.02,0.01825
juelich_pilot_d30_r2_log_distance_s01_w1,juelich,12345,1,1,log-distance,42,43,veh6,veh10,2,2,0,22.9733,1,6.80629,8.59619,-53.9,43.0763,2,0.02,0.02,0.01825
juelich_pilot_d30_r2_log_distance_s01_w1,juelich,12345,1,1,log-distance,42,43,veh6,veh11,2,2,0,249.661,1,6.80629,7.86263,-74.6247,22.3516,2,0.02,0.02,0.01825
juelich_pilot_d30_r2_log_distance_s01_w1,juelich,12345,1,1,log-distance,42,43,veh6,veh12,2,2,0,341.928,1,6.80629,3.2568,-77.3564,19.6199,2,0.02,0.02,0.01825
juelich_pilot_d30_r2_log_distance_s01_w1,juelich,12345,1,1,log-distance,42,43,veh6,veh13,2,2,0,289.105,1,6.80629,6.34607,-75.8985,21.0777,2,0.02,0.026,0.01825
juelich_pilot_d30_r2_log_distance_s01_w1,juelich,12345,1,1,log-distance,42,43,veh6,veh14,2,2,0,484.481,1,6.80629,9.34378,-80.383,16.5933,2,0.02,0.02,0.01825
juelich_pilot_d30_r2_log_distance_s01_w1,juelich,12345,1,1,log-distance,42,43,veh6,veh15,2,0,1,958.9,0,6.80629,3.64914,nan,nan,0,0.02,0.012,0.01825
juelich_pilot_d30_r2_log_distance_s01_w1,juelich,12345,1,1,log-distance,42,43,veh6,veh4,2,2,0,124.052,1,6.80629,4.8868,-68.5498,28.4265,2,0.02,0.022,0.01825
juelich_pilot_d30_r2_log_distance_s01_w1,juelich,12345,1,1,log-distance,42,43,veh6,veh5,2,0,1,905.311,0,6.80629,8.14003,nan,nan,0,0.02,0.018,0.01825
juelich_pilot_d30_r2_log_distance_s01_w1,juelich,12345,1,1,log-distance,42,43,veh6,veh7,2,0,1,978.312,0,6.80629,12.755,nan,nan,0,0.02,0.016,0.01825
juelich_pilot_d30_r2_log_distance_s01_w1,juelich,12345,1,1,log-distance,42,43,veh6,veh9,2,2,0,209.442,1,6.80629,5.62016,-73.099,23.8773,2,0.02,0.02,0.01825
juelich_pilot_d30_r2_log_distance_s01_w1,juelich,12345,1,1,log-distance,42,43,veh7,veh0,2,0,1,718.111,0,12.755,14.0384,nan,nan,0,0.016,0.026,0.01825
juelich_pilot_d30_r2_log_distance_s01_w1,juelich,12345,1,1,log-distance,42,43,veh7,veh1,2,0,1,904.971,0,12.755,7.82215,nan,nan,0,0.016,0.02,0.01825
juelich_pilot_d30_r2_log_distance_s01_w1,juelich,12345,1,1,log-distance,42,43,veh7,veh10,2,0,1,978.752,0,12.755,8.59619,nan,nan,0,0.016,0.02,0.01825
juelich_pilot_d30_r2_log_distance_s01_w1,juelich,12345,1,1,log-distance,42,43,veh7,veh11,2,0,1,887.218,0,12.755,7.86263,nan,nan,0,0.016,0.02,0.01825
juelich_pilot_d30_r2_log_distance_s01_w1,juelich,12345,1,1,log-distance,42,43,veh7,veh13,2,0,1,764.746,0,12.755,6.34607,nan,nan,0,0.016,0.026,0.01825
juelich_pilot_d30_r2_log_distance_s01_w1,juelich,12345,1,1,log-distance,42,43,veh7,veh15,2,2,0,495.144,1,12.755,3.64914,-80.5723,16.404,2,0.016,0.012,0.01825
juelich_pilot_d30_r2_log_distance_s01_w1,juelich,12345,1,1,log-distance,42,43,veh7,veh2,2,2,0,547.949,0,12.755,0,-81.4524,15.5239,2,0.016,0.01,0.01825
juelich_pilot_d30_r2_log_distance_s01_w1,juelich,12345,1,1,log-distance,42,43,veh7,veh3,2,2,0,432.55,1,12.755,12.1084,-79.3984,17.5779,2,0.016,0.01,0.01825
juelich_pilot_d30_r2_log_distance_s01_w1,juelich,12345,1,1,log-distance,42,43,veh7,veh4,2,0,1,854.263,0,12.755,4.8868,nan,nan,0,0.016,0.022,0.01825
juelich_pilot_d30_r2_log_distance_s01_w1,juelich,12345,1,1,log-distance,42,43,veh7,veh5,2,2,0,317.156,1,12.755,8.14003,-76.7027,20.2736,2,0.016,0.018,0.01825
juelich_pilot_d30_r2_log_distance_s01_w1,juelich,12345,1,1,log-distance,42,43,veh7,veh6,2,0,1,978.312,0,12.755,6.80629,nan,nan,0,0.016,0.02,0.01825
juelich_pilot_d30_r2_log_distance_s01_w1,juelich,12345,1,1,log-distance,42,43,veh7,veh8,2,2,0,266.226,1,12.755,4.00183,-75.1825,21.7938,2,0.016,0.012,0.01825
juelich_pilot_d30_r2_log_distance_s01_w1,juelich,12345,1,1,log-distance,42,43,veh7,veh9,2,0,1,871.666,0,12.755,5.62016,nan,nan,0,0.016,0.02,0.01825
juelich_pilot_d30_r2_log_distance_s01_w1,juelich,12345,1,1,log-distance,42,43,veh8,veh0,2,0,1,929.249,0,4.00183,14.0384,nan,nan,0,0.012,0.026,0.01825
juelich_pilot_d30_r2_log_distance_s01_w1,juelich,12345,1,1,log-distance,42,43,veh8,veh1,2,0,1,953.502,0,4.00183,7.82215,nan,nan,0,0.012,0.02,0.01825
juelich_pilot_d30_r2_log_distance_s01_w1,juelich,12345,1,1,log-distance,42,43,veh8,veh11,2,0,1,952.244,0,4.00183,7.86263,nan,nan,0,0.012,0.02,0.01825
juelich_pilot_d30_r2_log_distance_s01_w1,juelich,12345,1,1,log-distance,42,43,veh8,veh13,2,0,1,937.337,0,4.00183,6.34607,nan,nan,0,0.012,0.026,0.01825
juelich_pilot_d30_r2_log_distance_s01_w1,juelich,12345,1,1,log-distance,42,43,veh8,veh15,2,0,1,761.071,0,4.00183,3.64914,nan,nan,0,0.012,0.012,0.01825
juelich_pilot_d30_r2_log_distance_s01_w1,juelich,12345,1,1,log-distance,42,43,veh8,veh2,2,2,0,391.673,1,4.00183,0,-78.5362,18.4401,2,0.012,0.01,0.01825
juelich_pilot_d30_r2_log_distance_s01_w1,juelich,12345,1,1,log-distance,42,43,veh8,veh3,2,2,0,308.839,1,4.00183,12.1084,-76.4723,20.504,2,0.012,0.01,0.01825
juelich_pilot_d30_r2_log_distance_s01_w1,juelich,12345,1,1,log-distance,42,43,veh8,veh4,2,0,1,978.628,0,4.00183,4.8868,nan,nan,0,0.012,0.022,0.01825
juelich_pilot_d30_r2_log_distance_s01_w1,juelich,12345,1,1,log-distance,42,43,veh8,veh5,2,1,0.5,583.248,0,4.00183,8.14003,-81.9758,15.0005,1,0.012,0.018,0.01825
juelich_pilot_d30_r2_log_distance_s01_w1,juelich,12345,1,1,log-distance,42,43,veh8,veh7,2,2,0,266.226,1,4.00183,12.755,-75.1825,21.7938,2,0.012,0.016,0.01825
juelich_pilot_d30_r2_log_distance_s01_w1,juelich,12345,1,1,log-distance,42,43,veh8,veh9,2,0,1,950.631,0,4.00183,5.62016,nan,nan,0,0.012,0.02,0.01825
juelich_pilot_d30_r2_log_distance_s01_w1,juelich,12345,1,1,log-distance,42,43,veh9,veh0,2,2,0,529.599,0,5.62016,14.0384,-81.1565,15.8198,2,0.02,0.026,0.01825
juelich_pilot_d30_r2_log_distance_s01_w1,juelich,12345,1,1,log-distance,42,43,veh9,veh1,2,2,0,109.833,1,5.62016,7.82215,-67.4918,29.4845,2,0.02,0.02,0.01825
juelich_pilot_d30_r2_log_distance_s01_w1,juelich,12345,1,1,log-distance,42,43,veh9,veh10,2,2,0,191.459,1,5.62016,8.59619,-72.3192,24.6571,2,0.02,0.02,0.01825
juelich_pilot_d30_r2_log_distance_s01_w1,juelich,12345,1,1,log-distance,42,43,veh9,veh11,2,2,0,50.5182,1,5.62016,7.86263,-60.7439,36.2324,2,0.02,0.02,0.01825
juelich_pilot_d30_r2_log_distance_s01_w1,juelich,12345,1,1,log-distance,42,43,veh9,veh12,2,2,0,548.068,0,5.62016,3.2568,-81.4544,15.5219,2,0.02,0.02,0.01825
juelich_pilot_d30_r2_log_distance_s01_w1,juelich,12345,1,1,log-distance,42,43,veh9,veh13,2,2,0,357.762,1,5.62016,6.34607,-77.7496,19.2267,2,0.02,0.026,0.01825
juelich_pilot_d30_r2_log_distance_s01_w1,juelich,12345,1,1,log-distance,42,43,veh9,veh14,2,0,1,682.522,0,5.62016,9.34378,nan,nan,0,0.02,0.02,0.01825
juelich_pilot_d30_r2_log_distance_s01_w1,juelich,12345,1,1,log-distance,42,43,veh9,veh15,2,0,1,958.231,0,5.62016,3.64914,nan,nan,0,0.02,0.012,0.01825
juelich_pilot_d30_r2_log_distance_s01_w1,juelich,12345,1,1,log-distance,42,43,veh9,veh4,2,2,0,168.567,1,5.62016,4.8868,-71.2131,25.7632,2,0.02,0.022,0.01825
juelich_pilot_d30_r2_log_distance_s01_w1,juelich,12345,1,1,log-distance,42,43,veh9,veh5,2,0,1,866.877,0,5.62016,8.14003,nan,nan,0,0.02,0.018,0.01825
juelich_pilot_d30_r2_log_distance_s01_w1,juelich,12345,1,1,log-distance,42,43,veh9,veh6,2,2,0,209.442,1,5.62016,6.80629,-73.099,23.8773,2,0.02,0.02,0.01825
juelich_pilot_d30_r2_log_distance_s01_w1,juelich,12345,1,1,log-distance,42,43,veh9,veh7,2,0,1,871.666,0,5.62016,12.755,nan,nan,0,0.02,0.016,0.01825
juelich_pilot_d30_r2_log_distance_s01_w1,juelich,12345,1,1,log-distance,42,43,veh9,veh8,2,0,1,950.631,0,5.62016,4.00183,nan,nan,0,0.02,0.012,0.01825
juelich_pilot_d30_r2_log_distance_s01_w1,juelich,12345,1,1,log-distance,43,44,veh0,veh1,2,0,1,639.534,0,13.9803,7.80593,nan,nan,0,0.026,0.02,0.0180441
juelich_pilot_d30_r2_log_distance_s01_w1,juelich,12345,1,1,log-distance,43,44,veh0,veh10,2,2,0,480.151,1,13.9803,8.64288,-80.3052,16.671,2,0.026,0.02,0.0180441
juelich_pilot_d30_r2_log_distance_s01_w1,juelich,12345,1,1,log-distance,43,44,veh0,veh11,2,1,0.5,583.445,0,13.9803,7.86062,-81.9761,15.0001,1,0.026,0.02,0.0180441
juelich_pilot_d30_r2_log_distance_s01_w1,juelich,12345,1,1,log-distance,43,44,veh0,veh12,2,2,0,466.321,1,13.9803,4.02202,-80.0514,16.9249,2,0.026,0.02,0.0180441
juelich_pilot_d30_r2_log_distance_s01_w1,juelich,12345,1,1,log-distance,43,44,veh0,veh13,2,2,0,192.024,1,13.9803,6.34125,-72.3431,24.6332,2,0.026,0.026,0.0180441
juelich_pilot_d30_r2_log_distance_s01_w1,juelich,12345,1,1,log-distance,43,44,veh0,veh14,2,2,0,466.878,1,13.9803,11.2684,-80.0617,16.9145,2,0.026,0.02,0.0180441
juelich_pilot_d30_r2_log_distance_s01_w1,juelich,12345,1,1,log-distance,43,44,veh0,veh15,2,2,0,515.741,0,13.9803,5.55653,-80.9262,16.05,2,0.026,0.013,0.0180441
juelich_pilot_d30_r2_log_distance_s01_w1,juelich,12345,1,1,log-distance,43,44,veh0,veh4,2,2,0,387.055,1,13.9803,6.86496,-78.4331,18.5432,2,0.026,0.022,0.0180441
juelich_pilot_d30_r2_log_distance_s01_w1,juelich,12345,1,1,log-distance,43,44,veh0,veh5,2,2,0,524.505,0,13.9803,8.14807,-81.0727,15.9036,2,0.026,0.019,0.0180441
juelich_pilot_d30_r2_log_distance_s01_w1,juelich,12345,1,1,log-distance,43,44,veh0,veh6,2,2,0,464.331,1,13.9803,8.62784,-80.0142,16.962,2,0.026,0.02,0.0180441
juelich_pilot_d30_r2_log_distance_s01_w1,juelich,12345,1,1,log-distance,43,44,veh0,veh7,2,0,1,712.87,0,13.9803,12.7877,nan,nan,0,0.026,0.017,0.0180441
juelich_pilot_d30_r2_log_distance_s01_w1,juelich,12345,1,1,log-distance,43,44,veh0,veh8,2,0,1,937.957,0,13.9803,3.32044,nan,nan,0,0.026,0.013,0.0180441
juelich_pilot_d30_r2_log_distance_s01_w1,juelich,12345,1,1,log-distance,43,44,veh0,veh9,2,2,0,538.619,0,13.9803,6.75485,-81.3033,15.673,2,0.026,0.02,0.0180441
juelich_pilot_d30_r2_log_distance_s01_w1,juelich,12345,1,1,log-distance,43,44,veh1,veh0,2,0,1,639.534,0,7.80593,13.9803,nan,nan,0,0.02,0.026,0.0180441
juelich_pilot_d30_r2_log_distance_s01_w1,juelich,12345,1,1,log-distance,43,44,veh1,veh10,2,2,0,282.564,1,7.80593,8.64288,-75.7,21.2762,2,0.02,0.02,0.0180441
juelich_pilot_d30_r2_log_distance_s01_w1,juelich,12345,1,1,log-distance,43,44,veh1,veh11,2,2,0,59.476,1,7.80593,7.86062,-62.1645,34.8117,2,0.02,0.02,0.0180441
juelich_pilot_d30_r2_log_distance_s01_w1,juelich,12345,1,1,log-distance,43,44,veh1,veh12,2,0,1,638.257,0,7.80593,4.02202,nan,nan,0,0.02,0.02,0.0180441
juelich_pilot_d30_r2_log_distance_s01_w1,juelich,12345,1,1,log-distance,43,44,veh1,veh13,2,2,0,455.794,1,7.80593,6.34125,-79.853,17.1233,2,0.02,0.026,0.0180441
juelich_pilot_d30_r2_log_distance_s01_w1,juelich,12345,1,1,log-distance,43,44,veh1,veh14,2,0,1,768.268,0,7.80593,11.2684,nan,nan,0,0.02,0.02,0.0180441
juelich_pilot_d30_r2_log_distance_s01_w1,juelich,12345,1,1,log-distance,43,44,veh1,veh4,2,2,0,276.488,1,7.80593,6.86496,-75.5112,21.4651,2,0.02,0.022,0.0180441
juelich_pilot_d30_r2_log_distance_s01_w1,juelich,12345,1,1,log-distance,43,44,veh1,veh5,2,0,1,924.547,0,7.80593,8.14807,nan,nan,0,0.02,0.019,0.0180441
juelich_pilot_d30_r2_log_distance_s01_w1,juelich,12345,1,1,log-distance,43,44,veh1,veh6,2,2,0,302.662,1,7.80593,8.62784,-76.2968,20.6794,2,0.02,0.02,0.0180441
juelich_pilot_d30_r2_log_distance_s01_w1,juelich,12345,1,1,log-distance,43,44,veh1,veh7,2,0,1,890.356,0,7.80593,12.7877,nan,nan,0,0.02,0.017,0.0180441
juelich_pilot_d30_r2_log_distance_s01_w1,juelich,12345,1,1,log-distance,43,44,veh1,veh8,2,0,1,951.142,0,7.80593,3.32044,nan,nan,0,0.02,0.013,0.0180441
juelich_pilot_d30_r2_log_distance_s01_w1,juelich,12345,1,1,log-distance,43,44,veh1,veh9,2,2,0,107.336,1,7.80593,6.75485,-67.2926,29.6837,2,0.02,0.02,0.0180441
juelich_pilot_d30_r2_log_distance_s01_w1,juelich,12345,1,1,log-distance,43,44,veh10,veh0,2,2,0,480.151,1,8.64288,13.9803,-80.3052,16.671,2,0.02,0.026,0.0180441
juelich_pilot_d30_r2_log_distance_s01_w1,juelich,12345,1,1,log-distance,43,44,veh10,veh1,2,2,0,282.564,1,8.64288,7.80593,-75.7,21.2762,2,0.02,0.02,0.0180441
juelich_pilot_d30_r2_log_distance_s01_w1,juelich,12345,1,1,log-distance,43,44,veh10,veh11,2,2,0,230.508,1,8.64288,7.86062,-73.9314,23.0449,2,0.02,0.02,0.0180441
juelich_pilot_d30_r2_log_distance_s01_w1,juelich,12345,1,1,log-distance,43,44,veh10,veh12,2,2,0,355.885,1,8.64288,4.02202,-77.7037,19.2726,2,0.02,0.02,0.0180441
juelich_pilot_d30_r2_log_distance_s01_w1,juelich,12345,1,1,log-distance,43,44,veh10,veh13,2,2,0,293.073,1,8.64288,6.34125,-76.0169,20.9594,2,0.02,0.026,0.0180441
juelich_pilot_d30_r2_log_distance_s01_w1,juelich,12345,1,1,log-distance,43,44,veh10,veh14,2,2,0,489.067,1,8.64288,11.2684,-80.4647,16.5116,2,0.02,0.02,0.0180441
juelich_pilot_d30_r2_log_distance_s01_w1,juelich,12345,1,1,log-distance,43,44,veh10,veh15,2,0,1,962.545,0,8.64288,5.55653,nan,nan,0,0.02,0.013,0.0180441
juelich_pilot_d30_r2_log_distance_s01_w1,juelich,12345,1,1,log-distance,43,44,veh10,veh4,2,2,0,125.989,1,8.64288,6.86496,-68.6844,28.2919,2,0.02,0.022,0.0180441
juelich_pilot_d30_r2_log_distance_s01_w1,juelich,12345,1,1,log-distance,43,44,veh10,veh5,2,0,1,907.15,0,8.64288,8.14807,nan,nan,0,0.02,0.019,0.0180441
juelich_pilot_d30_r2_log_distance_s01_w1,juelich,12345,1,1,log-distance,43,44,veh10,veh6,2,2,0,22.0803,1,8.64288,8.62784,-53.5578,43.4185,2,0.02,0.02,0.0180441
juelich_pilot_d30_r2_log_distance_s01_w1,juelich,12345,1,1,log-distance,43,44,veh10,veh7,2,0,1,965.768,0,8.64288,12.7877,nan,nan,0,0.02,0.017,0.0180441
juelich_pilot_d30_r2_log_distance_s01_w1,juelich,12345,1,1,log-distance,43,44,veh10,veh9,2,2,0,192.157,1,8.64288,6.75485,-72.3508,24.6255,2,0.02,0.02,0.0180441
juelich_pilot_d30_r2_log_distance_s01_w1,juelich,12345,1,1,log-distance,43,44,veh11,veh0,2,0,1,583.445,0,7.86062,13.9803,nan,nan,0,0.02,0.026,0.0180441
juelich_pilot_d30_r2_log_distance_s01_w1,juelich,12345,1,1,log-distance,43,44,veh11,veh1,2,2,0,59.476,1,7.86062,7.80593,-62.1645,34.8117,2,0.02,0.02,0.0180441
juelich_pilot_d30_r2_log_distance_s01_w1,juelich,12345,1,1,log-distance,43,44,veh11,veh10,2,2,0,230.508,1,7.86062,8.64288,-73.9314,23.0449,2,0.02,0.02,0.0180441
juelich_pilot_d30_r2_log_distance_s01_w1,juelich,12345,1,1,log-distance,43,44,veh11,veh12,2,1,0.5,584.556,0,7.86062,4.02202,-81.9807,14.9956,1,0.02,0.02,0.0180441
juelich_pilot_d30_r2_log_distance_s01_w1,juelich,12345,1,1,log-distance,43,44,veh11,veh13,2,2,0,397.962,1,7.86062,6.34125,-78.6744,18.3019,2,0.02,0.026,0.0180441
juelich_pilot_d30_r2_log_distance_s01_w1,juelich,12345,1,1,log-distance,43,44,veh11,veh14,2,0,1,712.228,0,7.86062,11.2684,nan,nan,0,0.02,0.02,0.0180441
juelich_pilot_d30_r2_log_distance_s01_w1,juelich,12345,1,1,log-distance,43,44,veh11,veh15,2,0,1,987.523,0,7.86062,5.55653,nan,nan,0,0.02,0.013,0.0180441
juelich_pilot_d30_r2_log_distance_s01_w1,juelich,12345,1,1,log-distance,43,44,veh11,veh4,2,2,0,217.012,1,7.86062,6.86496,-73.4074,23.5689,2,0.02,0.022,0.0180441
juelich_pilot_d30_r2_log_distance_s01_w1,juelich,12345,1,1,log-distance,43,44,veh11,veh5,2,0,1,888.993,0,7.86062,8.14807,nan,nan,0,0.02,0.019,0.0180441
juelich_pilot_d30_r2_log_distance_s01_w1,juelich,12345,1,1,log-distance,43,44,veh11,veh6,2,2,0,249.538,1,7.86062,8.62784,-74.6204,22.3559,2,0.02,0.02,0.0180441
juelich_pilot_d30_r2_log_distance_s01_w1,juelich,12345,1,1,log-distance,43,44,veh11,veh7,2,0,1,872.811,0,7.86062,12.7877,nan,nan,0,0.02,0.017,0.0180441
juelich_pilot_d30_r2_log_distance_s01_w1,juelich,12345,1,1,log-distance,43,44,veh11,veh8,2,0,1,950.539,0,7.86062,3.32044,nan,nan,0,0.02,0.013,0.0180441
juelich_pilot_d30_r2_log_distance_s01_w1,juelich,12345,1,1,log-distance,43,44,veh11,veh9,2,2,0,47.8626,1,7.86062,6.75485,-60.2775,36.6988,2,0.02,0.02,0.0180441
juelich_pilot_d30_r2_log_distance_s01_w1,juelich,12345,1,1,log-distance,43,44,veh12,veh0,2,2,0,466.321,1,4.02202,13.9803,-80.0514,16.9249,2,0.02,0.026,0.0180441
juelich_pilot_d30_r2_log_distance_s01_w1,juelich,12345,1,1,log-distance,43,44,veh12,veh1,2,0,1,638.257,0,4.02202,7.80593,nan,nan,0,0.02,0.02,0.0180441
juelich_pilot_d30_r2_log_distance_s01_w1,juelich,12345,1,1,log-distance,43,44,veh12,veh10,2,2,0,355.885,1,4.02202,8.64288,-77.7037,19.2726,2,0.02,0.02,0.0180441
juelich_pilot_d30_r2_log_distance_s01_w1,juelich,12345,1,1,log-distance,43,44,veh12,veh11,2,1,0.5,584.556,0,4.02202,7.86062,-81.9807,14.9956,1,0.02,0.02,0.0180441
juelich_pilot_d30_r2_log_distance_s01_w1,juelich,12345,1,1,log-distance,43,44,veh12,veh13,2,2,0,386.97,1,4.02202,6.34125,-78.4311,18.5452,2,0.02,0.026,0.0180441
juelich_pilot_d30_r2_log_distance_s01_w1,juelich,12345,1,1,log-distance,43,44,veh12,veh14,2,2,0,146.181,1,4.02202,11.2684,-69.9739,27.0024,2,0.02,0.02,0.0180441
juelich_pilot_d30_r2_log_distance_s01_w1,juelich,12345,1,1,log-distance,43,44,veh12,veh15,2,0,1,974.327,0,4.02202,5.55653,nan,nan,0,0.02,0.013,0.0180441
juelich_pilot_d30_r2_log_distance_s01_w1,juelich,12345,1,1,log-distance,43,44,veh12,veh4,2,2,0,403.126,1,4.02202,6.86496,-78.7864,18.1899,2,0.02,0.022,0.0180441
juelich_pilot_d30_r2_log_distance_s01_w1,juelich,12345,1,1,log-distance,43,44,veh12,veh5,2,0,1,989.043,0,4.02202,8.14807,nan,nan,0,0.02,0.019,0.0180441
juelich_pilot_d30_r2_log_distance_s01_w1,juelich,12345,1,1,log-distance,43,44,veh12,veh6,2,2,0,335.6,1,4.02202,8.62784,-77.1939,19.7824,2,0.02,0.02,0.0180441
juelich_pilot_d30_r2_log_distance_s01_w1,juelich,12345,1,1,log-distance,43,44,veh12,veh9,2,2,0,542.503,0,4.02202,6.75485,-81.3657,15.6106,2,0.02,0.02,0.0180441
juelich_pilot_d30_r2_log_distance_s01_w1,juelich,12345,1,1,log-distance,43,44,veh13,veh0,2,2,0,192.024,1,6.34125,13.9803,-72.3431,24.6332,2,0.026,0.026,0.0180441
juelich_pilot_d30_r2_log_distance_s01_w1,juelich,12345,1,1,log-distance,43,44,veh13,veh1,2,2,0,455.794,1,6.34125,7.80593,-79.853,17.1233,2,0.026,0.02,0.0180441
juelich_pilot_d30_r2_log_distance_s01_w1,juelich,12345,1,1,log-distance,43,44,veh13,veh10,2,2,0,293.073,1,6.34125,8.64288,-76.0169,20.9594,2,0.026,0.02,0.0180441
juelich_pilot_d30_r2_log_distance_s01_w1,juelich,12345,1,1,log-distance,43,44,veh13,veh11,2,2,0,397.962,1,6.34125,7.86062,-78.6744,18.3019,2,0.026,0.02,0.0180441
juelich_pilot_d30_r2_log_distance_s01_w1,juelich,12345,1,1,log-distance,43,44,veh13,veh12,2,2,0,386.97,1,6.34125,4.02202,-78.4311,18.5452,2,0.026,0.02,0.0180441
juelich_pilot_d30_r2_log_distance_s01_w1,juelich,12345,1,1,log-distance,43,44,veh13,veh14,2,2,0,447.545,1,6.34125,11.2684,-79.6943,17.282,2,0.026,0.02,0.0180441
juelich_pilot_d30_r2_log_distance_s01_w1,juelich,12345,1,1,log-distance,43,44,veh13,veh15,2,0,1,674.418,0,6.34125,5.55653,nan,nan,0,0.026,0.013,0.0180441
juelich_pilot_d30_r2_log_distance_s01_w1,juelich,12345,1,1,log-distance,43,44,veh13,veh4,2,2,0,195.112,1,6.34125,6.86496,-72.4827,24.4935,2,0.026,0.022,0.0180441
juelich_pilot_d30_r2_log_distance_s01_w1,juelich,12345,1,1,log-distance,43,44,veh13,veh5,2,0,1,639.808,0,6.34125,8.14807,nan,nan,0,0.026,0.019,0.0180441
juelich_pilot_d30_r2_log_distance_s01_w1,juelich,12345,1,1,log-distance,43,44,veh13,veh6,2,2,0,279.37,1,6.34125,8.62784,-75.6009,21.3754,2,0.026,0.02,0.0180441
juelich_pilot_d30_r2_log_distance_s01_w1,juelich,12345,1,1,log-distance,43,44,veh13,veh7,2,0,1,758.444,0,6.34125,12.7877,nan,nan,0,0.026,0.017,0.0180441
juelich_pilot_d30_r2_log_distance_s01_w1,juelich,12345,1,1,log-distance,43,44,veh13,veh8,2,0,1,942.546,0,6.34125,3.32044,nan,nan,0,0.026,0.013,0.0180441
juelich_pilot_d30_r2_log_distance_s01_w1,juelich,12345,1,1,log-distance,43,44,veh13,veh9,2,2,0,351.659,1,6.34125,6.75485,-77.6,19.3763,2,0.026,0.02,0.0180441
juelich_pilot_d30_r2_log_distance_s01_w1,juelich,12345,1,1,log-distance,43,44,veh14,veh0,2,2,0,466.878,1,11.2684,13.9803,-80.0617,16.9145,2,0.02,0.026,0.0180441
juelich_pilot_d30_r2_log_distance_s01_w1,juelich,12345,1,1,log-distance,43,44,veh14,veh1,2,0,1,768.268,0,11.2684,7.80593,nan,nan,0,0.02,0.02,0.0180441
juelich_pilot_d30_r2_log_distance_s01_w1,juelich,12345,1,1,log-distance,43,44,veh14,veh10,2,2,0,489.067,1,11.2684,8.64288,-80.4647,16.5116,2,0.02,0.02,0.0180441
juelich_pilot_d30_r2_log_distance_s01_w1,juelich,12345,1,1,log-distance,43,44,veh14,veh11,2,0,1,712.228,0,11.2684,7.86062,nan,nan,0,0.02,0.02,0.0180441
juelich_pilot_d30_r2_log_distance_s01_w1,juelich,12345,1,1,log-distance,43,44,veh14,veh12,2,2,0,146.181,1,11.2684,4.02202,-69.9739,27.0024,2,0.02,0.02,0.0180441
juelich_pilot_d30_r2_log_distance_s01_w1,juelich,12345,1,1,log-distance,43,44,veh14,veh13,2,2,0,447.545,1,11.2684,6.34125,-79.6943,17.282,2,0.02,0.026,0.0180441
juelich_pilot_d30_r2_log_distance_s01_w1,juelich,12345,1,1,log-distance,43,44,veh14,veh15,2,0,1,943.623,0,11.2684,5.55653,nan,nan,0,0.02,0.013,0.0180441
juelich_pilot_d30_r2_log_distance_s01_w1,juelich,12345,1,1,log-distance,43,44,veh14,veh4,2,2,0,514.717,0,11.2684,6.86496,-80.9088,16.0674,2,0.02,0.022,0.0180441
juelich_pilot_d30_r2_log_distance_s01_w1,juelich,12345,1,1,log-distance,43,44,veh14,veh5,2,0,1,986.583,0,11.2684,8.14807,nan,nan,0,0.02,0.019,0.0180441
juelich_pilot_d30_r2_log_distance_s01_w1,juelich,12345,1,1,log-distance,43,44,veh14,veh6,2,2,0,467.7,1,11.2684,8.62784,-80.0766,16.8997,2,0.02,0.02,0.0180441
juelich_pilot_d30_r2_log_distance_s01_w1,juelich,12345,1,1,log-distance,43,44,veh14,veh9,2,0,1,667.784,0,11.2684,6.75485,nan,nan,0,0.02,0.02,0.0180441
juelich_pilot_d30_r2_log_distance_s01_w1,juelich,12345,1,1,log-distance,43,44,veh15,veh0,2,2,0,515.741,0,5.55653,13.9803,-80.9262,0.93557,2,0.013,0.026,0.0180441
juelich_pilot_d30_r2_log_distance_s01_w1,juelich,12345,1,1,log-distance,43,44,veh15,veh10,2,0,1,962.545,0,5.55653,8.64288,nan,nan,0,0.013,0.02,0.0180441
juelich_pilot_d30_r2_log_distance_s01_w1,juelich,12345,1,1,log-distance,43,44,veh15,veh11,2,0,1,987.523,0,5.55653,7.86062,nan,nan,0,0.013,0.02,0.0180441
juelich_pilot_d30_r2_log_distance_s01_w1,juelich,12345,1,1,log-distance,43,44,veh15,veh12,2,0,1,974.327,0,5.55653,4.02202,nan,nan,0,0.013,0.02,0.0180441
juelich_pilot_d30_r2_log_distance_s01_w1,juelich,12345,1,1,log-distance,43,44,veh15,veh13,2,0,1,674.418,0,5.55653,6.34125,nan,nan,0,0.013,0.026,0.0180441
juelich_pilot_d30_r2_log_distance_s01_w1,juelich,12345,1,1,log-distance,43,44,veh15,veh14,2,0,1,943.623,0,5.55653,11.2684,nan,nan,0,0.013,0.02,0.0180441
juelich_pilot_d30_r2_log_distance_s01_w1,juelich,12345,1,1,log-distance,43,44,veh15,veh16,1,0,1,610.634,0,6.05438,0.741878,nan,nan,0,0.013,0.00875,0.0180441
juelich_pilot_d30_r2_log_distance_s01_w1,juelich,12345,1,1,log-distance,43,44,veh15,veh2,2,0,1,967.44,0,5.55653,0,nan,nan,0,0.013,0.011,0.0180441
juelich_pilot_d30_r2_log_distance_s01_w1,juelich,12345,1,1,log-distance,43,44,veh15,veh3,2,0,1,838.638,0,5.55653,12.141,nan,nan,0,0.013,0.011,0.0180441
juelich_pilot_d30_r2_log_distance_s01_w1,juelich,12345,1,1,log-distance,43,44,veh15,veh4,2,0,1,846.668,0,5.55653,6.86496,nan,nan,0,0.013,0.022,0.0180441
juelich_pilot_d30_r2_log_distance_s01_w1,juelich,12345,1,1,log-distance,43,44,veh15,veh5,2,2,0,191.527,1,5.55653,8.14807,-72.3216,13.0249,2,0.013,0.019,0.0180441
juelich_pilot_d30_r2_log_distance_s01_w1,juelich,12345,1,1,log-distance,43,44,veh15,veh6,2,0,1,951.271,0,5.55653,8.62784,nan,nan,0,0.013,0.02,0.0180441
juelich_pilot_d30_r2_log_distance_s01_w1,juelich,12345,1,1,log-distance,43,44,veh15,veh7,2,2,0,493.252,1,5.55653,12.7877,-80.5391,4.65857,2,0.013,0.017,0.0180441
juelich_pilot_d30_r2_log_distance_s01_w1,juelich,12345,1,1,log-distance,43,44,veh15,veh8,2,0,1,765.154,0,5.55653,3.32044,nan,nan,0,0.013,0.013,0.0180441
juelich_pilot_d30_r2_log_distance_s01_w1,juelich,12345,1,1,log-distance,43,44,veh15,veh9,2,0,1,953.704,0,5.55653,6.75485,nan,nan,0,0.013,0.02,0.0180441
juelich_pilot_d30_r2_log_distance_s01_w1,juelich,12345,1,1,log-distance,43,44,veh16,veh15,1,0,1,610.634,0,0.741878,6.05438,nan,nan,0,0.00875,0.013,0.0180441
juelich_pilot_d30_r2_log_distance_s01_w1,juelich,12345,1,1,log-distance,43,44,veh16,veh2,1,0,1,670.41,0,0.741878,0,nan,nan,0,0.00875,0.011,0.0180441
juelich_pilot_d30_r2_log_distance_s01_w1,juelich,12345,1,1,log-distance,43,44,veh16,veh3,1,0,1,589.931,0,0.741878,12.1674,nan,nan,0,0.00875,0.011,0.0180441
juelich_pilot_d30_r2_log_distance_s01_w1,juelich,12345,1,1,log-distance,43,44,veh16,veh5,1,0,1,593.373,0,0.741878,8.19098,nan,nan,0,0.00875,0.019,0.0180441
juelich_pilot_d30_r2_log_distance_s01_w1,juelich,12345,1,1,log-distance,43,44,veh16,veh7,1,0,1,627.271,0,0.741878,12.7789,nan,nan,0,0.00875,0.017,0.0180441
juelich_pilot_d30_r2_log_distance_s01_w1,juelich,12345,1,1,log-distance,43,44,veh16,veh8,1,0,1,760.02,0,0.741878,3.31405,nan,nan,0,0.00875,0.013,0.0180441
juelich_pilot_d30_r2_log_distance_s01_w1,juelich,12345,1,1,log-distance,43,44,veh2,veh15,2,0,1,967.44,0,0,5.55653,nan,nan,0,0.011,0.013,0.0180441
juelich_pilot_d30_r2_log_distance_s01_w1,juelich,12345,1,1,log-distance,43,44,veh2,veh16,1,0,1,670.41,0,0,0.741878,nan,nan,0,0.011,0.00875,0.0180441
juelich_pilot_d30_r2_log_distance_s01_w1,juelich,12345,1,1,log-distance,43,44,veh2,veh3,2,2,0,130.846,1,0,12.141,-69.0108,27.9655,2,0.011,0.011,0.0180441
juelich_pilot_d30_r2_log_distance_s01_w1,juelich,12345,1,1,log-distance,43,44,veh2,veh5,2,0,1,812.908,0,0,8.14807,nan,nan,0,0.011,0.019,0.0180441
juelich_pilot_d30_r2_log_distance_s01_w1,juelich,12345,1,1,log-distance,43,44,veh2,veh7,2,2,0,559.409,0,0,12.7877,-81.6322,15.3441,2,0.011,0.017,0.0180441
juelich_pilot_d30_r2_log_distance_s01_w1,juelich,12345,1,1,log-distance,43,44,veh2,veh8,2,2,0,393.557,1,0,3.32044,-78.5778,18.3984,2,0.011,0.013,0.0180441
juelich_pilot_d30_r2_log_distance_s01_w1,juelich,12345,1,1,log-distance,43,44,veh3,veh15,2,0,1,838.638,0,12.141,5.55653,nan,nan,0,0.011,0.013,0.0180441
juelich_pilot_d30_r2_log_distance_s01_w1,juelich,12345,1,1,log-distance,43,44,veh3,veh16,1,0,1,589.931,0,12.1674,0.741878,nan,nan,0,0.011,0.00875,0.0180441
juelich_pilot_d30_r2_log_distance_s01_w1,juelich,12345,1,1,log-distance,43,44,veh3,veh2,2,2,0,130.846,1,12.141,0,-69.0108,27.9655,2,0.011,0.011,0.0180441
juelich_pilot_d30_r2_log_distance_s01_w1,juelich,12345,1,1,log-distance,43,44,veh3,veh5,2,0,1,682.169,0,12.141,8.14807,nan,nan,0,0.011,0.019,0.0180441
juelich_pilot_d30_r2_log_distance_s01_w1,juelich,12345,1,1,log-distance,43,44,veh3,veh7,2,2,0,432.456,1,12.141,12.7877,-79.3965,17.5798,2,0.011,0.017,0.0180441
juelich_pilot_d30_r2_log_distance_s01_w1,juelich,12345,1,1,log-distance,43,44,veh3,veh8,2,2,0,303.249,1,12.141,3.32044,-76.3136,20.6627,2,0.011,0.013,0.0180441
juelich_pilot_d30_r2_log_distance_s01_w1,juelich,12345,1,1,log-distance,43,44,veh4,veh0,2,2,0,387.055,1,6.86496,13.9803,-78.4331,18.5432,2,0.022,0.026,0.0180441
juelich_pilot_d30_r2_log_distance_s01_w1,juelich,12345,1,1,log-distance,43,44,veh4,veh1,2,2,0,276.488,1,6.86496,7.80593,-75.5112,21.4651,2,0.022,0.02,0.0180441
juelich_pilot_d30_r2_log_distance_s01_w1,juelich,12345,1,1,log-distance,43,44,veh4,veh10,2,2,0,125.989,1,6.86496,8.64288,-68.6844,28.2919,2,0.022,0.02,0.0180441
juelich_pilot_d30_r2_log_distance_s01_w1,juelich,12345,1,1,log-distance,43,44,veh4,veh11,2,2,0,217.012,1,6.86496,7.86062,-73.4074,23.5689,2,0.022,0.02,0.0180441
juelich_pilot_d30_r2_log_distance_s01_w1,juelich,12345,1,1,log-distance,43,44,veh4,veh12,2,2,0,403.126,1,6.86496,4.02202,-78.7864,18.1899,2,0.022,0.02,0.0180441
juelich_pilot_d30_r2_log_distance_s01_w1,juelich,12345,1,1,log-distance,43,44,veh4,veh13,2,2,0,195.112,1,6.86496,6.34125,-72.4827,24.4935,2,0.022,0.026,0.0180441
juelich_pilot_d30_r2_log_distance_s01_w1,juelich,12345,1,1,log-distance,43,44,veh4,veh14,2,2,0,514.717,0,6.86496,11.2684,-80.9088,16.0674,2,0.022,0.02,0.0180441
juelich_pilot_d30_r2_log_distance_s01_w1,juelich,12345,1,1,log-distance,43,44,veh4,veh15,2,0,1,846.668,0,6.86496,5.55653,nan,nan,0,0.022,0.013,0.0180441
juelich_pilot_d30_r2_log_distance_s01_w1,juelich,12345,1,1,log-distance,43,44,veh4,veh5,2,0,1,783.53,0,6.86496,8.14807,nan,nan,0,0.022,0.019,0.0180441
juelich_pilot_d30_r2_log_distance_s01_w1,juelich,12345,1,1,log-distance,43,44,veh4,veh6,2,2,0,124.2,1,6.86496,8.62784,-68.5601,28.4161,2,0.022,0.02,0.0180441
juelich_pilot_d30_r2_log_distance_s01_w1,juelich,12345,1,1,log-distance,43,44,veh4,veh7,2,0,1,841.205,0,6.86496,12.7877,nan,nan,0,0.022,0.017,0.0180441
juelich_pilot_d30_r2_log_distance_s01_w1,juelich,12345,1,1,log-distance,43,44,veh4,veh8,2,0,1,978.711,0,6.86496,3.32044,nan,nan,0,0.022,0.013,0.0180441
juelich_pilot_d30_r2_log_distance_s01_w1,juelich,12345,1,1,log-distance,43,44,veh4,veh9,2,2,0,169.153,1,6.86496,6.75485,-71.2433,25.733,2,0.022,0.02,0.0180441
juelich_pilot_d30_r2_log_distance_s01_w1,juelich,12345,1,1,log-distance,43,44,veh5,veh0,2,2,0,524.505,0,8.14807,13.9803,-81.0727,15.9036,2,0.019,0.026,0.0180441
juelich_pilot_d30_r2_log_distance_s01_w1,juelich,12345,1,1,log-distance,43,44,veh5,veh1,2,0,1,924.547,0,8.14807,7.80593,nan,nan,0,0.019,0.02,0.0180441
juelich_pilot_d30_r2_log_distance_s01_w1,juelich,12345,1,1,log-distance,43,44,veh5,veh10,2,0,1,907.15,0,8.14807,8.64288,nan,nan,0,0.019,0.02,0.0180441
juelich_pilot_d30_r2_log_distance_s01_w1,juelich,12345,1,1,log-distance,43,44,veh5,veh11,2,0,1,888.993,0,8.14807,7.86062,nan,nan,0,0.019,0.02,0.0180441
juelich_pilot_d30_r2_log_distance_s01_w1,juelich,12345,1,1,log-distance,43,44,veh5,veh12,2,0,1,989.043,0,8.14807,4.02202,nan,nan,0,0.019,0.02,0.0180441
juelich_pilot_d30_r2_log_distance_s01_w1,juelich,12345,1,1,log-distance,43,44,veh5,veh13,2,0,1,639.808,0,8.14807,6.34125,nan,nan,0,0.019,0.026,0.0180441
juelich_pilot_d30_r2_log_distance_s01_w1,juelich,12345,1,1,log-distance,43,44,veh5,veh14,2,0,1,986.583,0,8.14807,11.2684,nan,nan,0,0.019,0.02,0.0180441
juelich_pilot_d30_r2_log_distance_s01_w1,juelich,12345,1,1,log-distance,43,44,veh5,veh15,2,2,0,191.527,1,8.14807,5.55653,-72.3216,24.6547,2,0.019,0.013,0.0180441
juelich_pilot_d30_r2_log_distance_s01_w1,juelich,12345,1,1,log-distance,43,44,veh5,veh16,1,0,1,593.373,0,8.19098,0.741878,nan,nan,0,0.019,0.00875,0.0180441
juelich_pilot_d30_r2_log_distance_s01_w1,juelich,12345,1,1,log-distance,43,44,veh5,veh2,2,0,1,812.908,0,8.14807,0,nan,nan,0,0.019,0.011,0.0180441
juelich_pilot_d30_r2_log_distance_s01_w1,juelich,12345,1,1,log-distance,43,44,veh5,veh3,2,0,1,682.169,0,8.14807,12.141,nan,nan,0,0.019,0.011,0.0180441
juelich_pilot_d30_r2_log_distance_s01_w1,juelich,12345,1,1,log-distance,43,44,veh5,veh4,2,0,1,783.53,0,8.14807,6.86496,nan,nan,0,0.019,0.022,0.0180441
juelich_pilot_d30_r2_log_distance_s01_w1,juelich,12345,1,1,log-distance,43,44,veh5,veh6,2,0,1,899.833,0,8.14807,8.62784,nan,nan,0,0.019,0.02,0.0180441
juelich_pilot_d30_r2_log_distance_s01_w1,juelich,12345,1,1,log-distance,43,44,veh5,veh7,2,2,0,304.691,1,8.14807,12.7877,-76.3545,20.6218,2,0.019,0.017,0.0180441
juelich_pilot_d30_r2_log_distance_s01_w1,juelich,12345,1,1,log-distance,43,44,veh5,veh8,2,2,0,577.562,0,8.14807,3.32044,-81.9096,15.0667,2,0.019,0.013,0.0180441
juelich_pilot_d30_r2_log_distance_s01_w1,juelich,12345,1,1,log-distance,43,44,veh5,veh9,2,0,1,861.805,0,8.14807,6.75485,nan,nan,0,0.019,0.02,0.0180441
juelich_pilot_d30_r2_log_distance_s01_w1,juelich,12345,1,1,log-distance,43,44,veh6,veh0,2,2,0,464.331,1,8.62784,13.9803,-80.0142,16.962,2,0.02,0.026,0.0180441
juelich_pilot_d30_r2_log_distance_s01_w1,juelich,12345,1,1,log-distance,43,44,veh6,veh1,2,2,0,302.662,1,8.62784,7.80593,-76.2968,20.6794,2,0.02,0.02,0.0180441
juelich_pilot_d30_r2_log_distance_s01_w1,juelich,12345,1,1,log-distance,43,44,veh6,veh10,2,2,0,22.0803,1,8.62784,8.64288,-53.5578,43.4185,2,0.02,0.02,0.0180441
juelich_pilot_d30_r2_log_distance_s01_w1,juelich,12345,1,1,log-distance,43,44,veh6,veh11,2,2,0,249.538,1,8.62784,7.86062,-74.6204,22.3559,2,0.02,0.02,0.0180441
juelich_pilot_d30_r2_log_distance_s01_w1,juelich,12345,1,1,log-distance,43,44,veh6,veh12,2,2,0,335.6,1,8.62784,4.02202,-77.1939,19.7824,2,0.02,0.02,0.0180441
juelich_pilot_d30_r2_log_distance_s01_w1,juelich,12345,1,1,log-distance,43,44,veh6,veh13,2,2,0,279.37,1,8.62784,6.34125,-75.6009,21.3754,2,0.02,0.026,0.0180441
juelich_pilot_d30_r2_log_distance_s01_w1,juelich,12345,1,1,log-distance,43,44,veh6,veh14,2,2,0,467.7,1,8.62784,11.2684,-80.0766,16.8997,2,0.02,0.02,0.0180441
juelich_pilot_d30_r2_log_distance_s01_w1,juelich,12345,1,1,log-distance,43,44,veh6,veh15,2,0,1,951.271,0,8.62784,5.55653,nan,nan,0,0.02,0.013,0.0180441
juelich_pilot_d30_r2_log_distance_s01_w1,juelich,12345,1,1,log-distance,43,44,veh6,veh4,2,2,0,124.2,1,8.62784,6.86496,-68.5601,28.4161,2,0.02,0.022,0.0180441
juelich_pilot_d30_r2_log_distance_s01_w1,juelich,12345,1,1,log-distance,43,44,veh6,veh5,2,0,1,899.833,0,8.62784,8.14807,nan,nan,0,0.02,0.019,0.0180441
juelich_pilot_d30_r2_log_distance_s01_w1,juelich,12345,1,1,log-distance,43,44,veh6,veh7,2,0,1,965.393,0,8.62784,12.7877,nan,nan,0,0.02,0.017,0.0180441
juelich_pilot_d30_r2_log_distance_s01_w1,juelich,12345,1,1,log-distance,43,44,veh6,veh9,2,2,0,209.633,1,8.62784,6.75485,-73.1069,23.8694,2,0.02,0.02,0.0180441
juelich_pilot_d30_r2_log_distance_s01_w1,juelich,12345,1,1,log-distance,43,44,veh7,veh0,2,0,1,712.87,0,12.7877,13.9803,nan,nan,0,0.017,0.026,0.0180441
juelich_pilot_d30_r2_log_distance_s01_w1,juelich,12345,1,1,log-distance,43,44,veh7,veh1,2,0,1,890.356,0,12.7877,7.80593,nan,nan,0,0.017,0.02,0.0180441
juelich_pilot_d30_r2_log_distance_s01_w1,juelich,12345,1,1,log-distance,43,44,veh7,veh10,2,0,1,965.768,0,12.7877,8.64288,nan,nan,0,0.017,0.02,0.0180441
juelich_pilot_d30_r2_log_distance_s01_w1,juelich,12345,1,1,log-distance,43,44,veh7,veh11,2,0,1,872.811,0,12.7877,7.86062,nan,nan,0,0.017,0.02,0.0180441
juelich_pilot_d30_r2_log_distance_s01_w1,juelich,12345,1,1,log-distance,43,44,veh7,veh13,2,0,1,758.444,0,12.7877,6.34125,nan,nan,0,0.017,0.026,0.0180441
juelich_pilot_d30_r2_log_distance_s01_w1,juelich,12345,1,1,log-distance,43,44,veh7,veh15,2,2,0,493.252,1,12.7877,5.55653,-80.5391,16.4372,2,0.017,0.013,0.0180441
juelich_pilot_d30_r2_log_distance_s01_w1,juelich,12345,1,1,log-distance,43,44,veh7,veh16,1,0,1,627.271,0,12.7789,0.741878,nan,nan,0,0.017,0.00875,0.0180441
juelich_pilot_d30_r2_log_distance_s01_w1,juelich,12345,1,1,log-distance,43,44,veh7,veh2,2,2,0,559.409,0,12.7877,0,-81.6322,15.3441,2,0.017,0.011,0.0180441
juelich_pilot_d30_r2_log_distance_s01_w1,juelich,12345,1,1,log-distance,43,44,veh7,veh3,2,2,0,432.456,1,12.7877,12.141,-79.3965,17.5798,2,0.017,0.011,0.0180441
juelich_pilot_d30_r2_log_distance_s01_w1,juelich,12345,1,1,log-distance,43,44,veh7,veh4,2,0,1,841.205,0,12.7877,6.86496,nan,nan,0,0.017,0.022,0.0180441
juelich_pilot_d30_r2_log_distance_s01_w1,juelich,12345,1,1,log-distance,43,44,veh7,veh5,2,2,0,304.691,1,12.7877,8.14807,-76.3545,20.6218,2,0.017,0.019,0.0180441
juelich_pilot_d30_r2_log_distance_s01_w1,juelich,12345,1,1,log-distance,43,44,veh7,veh6,2,0,1,965.393,0,12.7877,8.62784,nan,nan,0,0.017,0.02,0.0180441
juelich_pilot_d30_r2_log_distance_s01_w1,juelich,12345,1,1,log-distance,43,44,veh7,veh8,2,2,0,272.916,1,12.7877,3.32044,-75.3982,21.5781,2,0.017,0.013,0.0180441
juelich_pilot_d30_r2_log_distance_s01_w1,juelich,12345,1,1,log-distance,43,44,veh7,veh9,2,0,1,860.846,0,12.7877,6.75485,nan,nan,0,0.017,0.02,0.0180441
juelich_pilot_d30_r2_log_distance_s01_w1,juelich,12345,1,1,log-distance,43,44,veh8,veh0,2,0,1,937.957,0,3.32044,13.9803,nan,nan,0,0.013,0.026,0.0180441
juelich_pilot_d30_r2_log_distance_s01_w1,juelich,12345,1,1,log-distance,43,44,veh8,veh1,2,0,1,951.142,0,3.32044,7.80593,nan,nan,0,0.013,0.02,0.0180441
juelich_pilot_d30_r2_log_distance_s01_w1,juelich,12345,1,1,log-distance,43,44,veh8,veh11,2,0,1,950.539,0,3.32044,7.86062,nan,nan,0,0.013,0.02,0.0180441
juelich_pilot_d30_r2_log_distance_s01_w1,juelich,12345,1,1,log-distance,43,44,veh8,veh13,2,0,1,942.546,0,3.32044,6.34125,nan,nan,0,0.013,0.026,0.0180441
juelich_pilot_d30_r2_log_distance_s01_w1,juelich,12345,1,1,log-distance,43,44,veh8,veh15,2,0,1,765.154,0,3.32044,5.55653,nan,nan,0,0.013,0.013,0.0180441
juelich_pilot_d30_r2_log_distance_s01_w1,juelich,12345,1,1,log-distance,43,44,veh8,veh16,1,0,1,760.02,0,3.31405,0.741878,nan,nan,0,0.013,0.00875,0.0180441
juelich_pilot_d30_r2_log_distance_s01_w1,juelich,12345,1,1,log-distance,43,44,veh8,veh2,2,2,0,393.557,1,3.32044,0,-78.5778,18.3984,2,0.013,0.011,0.0180441
juelich_pilot_d30_r2_log_distance_s01_w1,juelich,12345,1,1,log-distance,43,44,veh8,veh3,2,2,0,303.249,1,3.32044,12.141,-76.3136,20.6627,2,0.013,0.011,0.0180441
juelich_pilot_d30_r2_log_distance_s01_w1,juelich,12345,1,1,log-distance,43,44,veh8,veh4,2,0,1,978.711,0,3.32044,6.86496,nan,nan,0,0.013,0.022,0.0180441
juelich_pilot_d30_r2_log_distance_s01_w1,juelich,12345,1,1,log-distance,43,44,veh8,veh5,2,2,0,577.562,0,3.32044,8.14807,-81.9096,15.0667,2,0.013,0.019,0.0180441
juelich_pilot_d30_r2_log_distance_s01_w1,juelich,12345,1,1,log-distance,43,44,veh8,veh7,2,2,0,272.916,1,3.32044,12.7877,-75.3982,21.5781,2,0.013,0.017,0.0180441
juelich_pilot_d30_r2_log_distance_s01_w1,juelich,12345,1,1,log-distance,43,44,veh8,veh9,2,0,1,952.168,0,3.32044,6.75485,nan,nan,0,0.013,0.02,0.0180441
juelich_pilot_d30_r2_log_distance_s01_w1,juelich,12345,1,1,log-distance,43,44,veh9,veh0,2,2,0,538.619,0,6.75485,13.9803,-81.3033,15.673,2,0.02,0.026,0.0180441
juelich_pilot_d30_r2_log_distance_s01_w1,juelich,12345,1,1,log-distance,43,44,veh9,veh1,2,2,0,107.336,1,6.75485,7.80593,-67.2926,29.6837,2,0.02,0.02,0.0180441
juelich_pilot_d30_r2_log_distance_s01_w1,juelich,12345,1,1,log-distance,43,44,veh9,veh10,2,2,0,192.157,1,6.75485,8.64288,-72.3508,24.6255,2,0.02,0.02,0.0180441
juelich_pilot_d30_r2_log_distance_s01_w1,juelich,12345,1,1,log-distance,43,44,veh9,veh11,2,2,0,47.8626,1,6.75485,7.86062,-60.2775,36.6988,2,0.02,0.02,0.0180441
juelich_pilot_d30_r2_log_distance_s01_w1,juelich,12345,1,1,log-distance,43,44,veh9,veh12,2,2,0,542.503,0,6.75485,4.02202,-81.3657,15.6106,2,0.02,0.02,0.0180441
juelich_pilot_d30_r2_log_distance_s01_w1,juelich,12345,1,1,log-distance,43,44,veh9,veh13,2,2,0,351.659,1,6.75485,6.34125,-77.6,19.3763,2,0.02,0.026,0.0180441
juelich_pilot_d30_r2_log_distance_s01_w1,juelich,12345,1,1,log-distance,43,44,veh9,veh14,2,0,1,667.784,0,6.75485,11.2684,nan,nan,0,0.02,0.02,0.0180441
juelich_pilot_d30_r2_log_distance_s01_w1,juelich,12345,1,1,log-distance,43,44,veh9,veh15,2,0,1,953.704,0,6.75485,5.55653,nan,nan,0,0.02,0.013,0.0180441
juelich_pilot_d30_r2_log_distance_s01_w1,juelich,12345,1,1,log-distance,43,44,veh9,veh4,2,2,0,169.153,1,6.75485,6.86496,-71.2433,25.733,2,0.02,0.022,0.0180441
juelich_pilot_d30_r2_log_distance_s01_w1,juelich,12345,1,1,log-distance,43,44,veh9,veh5,2,0,1,861.805,0,6.75485,8.14807,nan,nan,0,0.02,0.019,0.0180441
juelich_pilot_d30_r2_log_distance_s01_w1,juelich,12345,1,1,log-distance,43,44,veh9,veh6,2,2,0,209.633,1,6.75485,8.62784,-73.1069,23.8694,2,0.02,0.02,0.0180441
juelich_pilot_d30_r2_log_distance_s01_w1,juelich,12345,1,1,log-distance,43,44,veh9,veh7,2,0,1,860.846,0,6.75485,12.7877,nan,nan,0,0.02,0.017,0.0180441
juelich_pilot_d30_r2_log_distance_s01_w1,juelich,12345,1,1,log-distance,43,44,veh9,veh8,2,0,1,952.168,0,6.75485,3.32044,nan,nan,0,0.02,0.013,0.0180441
juelich_pilot_d30_r2_log_distance_s01_w1,juelich,12345,1,1,log-distance,44,45,veh0,veh1,2,0,1,645.476,0,14.0268,7.75464,nan,nan,0,0.026,0.02,0.0188235
juelich_pilot_d30_r2_log_distance_s01_w1,juelich,12345,1,1,log-distance,44,45,veh0,veh10,2,2,0,484.293,1,14.0268,8.20082,-80.3798,16.5964,2,0.026,0.02,0.0188235
juelich_pilot_d30_r2_log_distance_s01_w1,juelich,12345,1,1,log-distance,44,45,veh0,veh11,2,0,1,589.24,0,14.0268,7.87455,nan,nan,0,0.026,0.02,0.0188235
juelich_pilot_d30_r2_log_distance_s01_w1,juelich,12345,1,1,log-distance,44,45,veh0,veh12,2,2,0,462.638,1,14.0268,5.70462,-79.9825,16.9938,2,0.026,0.02,0.0188235
juelich_pilot_d30_r2_log_distance_s01_w1,juelich,12345,1,1,log-distance,44,45,veh0,veh13,2,2,0,207.276,1,14.0268,6.32549,-73.0072,23.9691,2,0.026,0.026,0.0188235
juelich_pilot_d30_r2_log_distance_s01_w1,juelich,12345,1,1,log-distance,44,45,veh0,veh14,2,2,0,463.251,1,14.0268,13.2678,-79.994,16.9823,2,0.026,0.02,0.0188235
juelich_pilot_d30_r2_log_distance_s01_w1,juelich,12345,1,1,log-distance,44,45,veh0,veh15,2,2,0,505.602,0,14.0268,7.43027,-80.7537,16.2225,2,0.026,0.014,0.0188235
juelich_pilot_d30_r2_log_distance_s01_w1,juelich,12345,1,1,log-distance,44,45,veh0,veh4,2,2,0,392.218,1,14.0268,8.77781,-78.5482,18.4281,2,0.026,0.023,0.0188235
juelich_pilot_d30_r2_log_distance_s01_w1,juelich,12345,1,1,log-distance,44,45,veh0,veh5,2,2,0,526.221,0,14.0268,7.31843,-81.1011,15.8752,2,0.026,0.02,0.0188235
juelich_pilot_d30_r2_log_distance_s01_w1,juelich,12345,1,1,log-distance,44,45,veh0,veh6,2,2,0,467.462,1,14.0268,10.5874,-80.0726,16.9037,2,0.026,0.02,0.0188235
juelich_pilot_d30_r2_log_distance_s01_w1,juelich,12345,1,1,log-distance,44,45,veh0,veh7,2,0,1,707.852,0,14.0268,12.7267,nan,nan,0,0.026,0.019,0.0188235
juelich_pilot_d30_r2_log_distance_s01_w1,juelich,12345,1,1,log-distance,44,45,veh0,veh8,2,0,1,944.379,0,14.0268,3.23862,nan,nan,0,0.026,0.014,0.0188235
juelich_pilot_d30_r2_log_distance_s01_w1,juelich,12345,1,1,log-distance,44,45,veh0,veh9,2,2,0,545.269,0,14.0268,7.0924,-81.4099,15.5664,2,0.026,0.02,0.0188235
juelich_pilot_d30_r2_log_distance_s01_w1,juelich,12345,1,1,log-distance,44,45,veh1,veh0,2,0,1,645.476,0,7.75464,14.0268,nan,nan,0,0.02,0.026,0.0188235
juelich_pilot_d30_r2_log_distance_s01_w1,juelich,12345,1,1,log-distance,44,45,veh1,veh10,2,2,0,283.335,1,7.75464,8.20082,-75.7237,21.2526,2,0.02,0.02,0.0188235
juelich_pilot_d30_r2_log_distance_s01_w1,juelich,12345,1,1,log-distance,44,45,veh1,veh11,2,2,0,59.5643,1,7.75464,7.87455,-62.1774,34.7989,2,0.02,0.02,0.0188235
juelich_pilot_d30_r2_log_distance_s01_w1,juelich,12345,1,1,log-distance,44,45,veh1,veh12,2,0,1,628.332,0,7.75464,5.70462,nan,nan,0,0.02,0.02,0.0188235
juelich_pilot_d30_r2_log_distance_s01_w1,juelich,12345,1,1,log-distance,44,45,veh1,veh13,2,2,0,446.85,1,7.75464,6.32549,-79.6808,17.2955,2,0.02,0.026,0.0188235
juelich_pilot_d30_r2_log_distance_s01_w1,juelich,12345,1,1,log-distance,44,45,veh1,veh14,2,0,1,750.261,0,7.75464,13.2678,nan,nan,0,0.02,0.02,0.0188235
juelich_pilot_d30_r2_log_distance_s01_w1,juelich,12345,1,1,log-distance,44,45,veh1,veh4,2,2,0,276.59,1,7.75464,8.77781,-75.5144,21.4619,2,0.02,0.023,0.0188235
juelich_pilot_d30_r2_log_distance_s01_w1,juelich,12345,1,1,log-distance,44,45,veh1,veh5,2,0,1,914.795,0,7.75464,7.31843,nan,nan,0,0.02,0.02,0.0188235
juelich_pilot_d30_r2_log_distance_s01_w1,juelich,12345,1,1,log-distance,44,45,veh1,veh6,2,2,0,304.395,1,7.75464,10.5874,-76.3464,20.6299,2,0.02,0.02,0.0188235
juelich_pilot_d30_r2_log_distance_s01_w1,juelich,12345,1,1,log-distance,44,45,veh1,veh7,2,0,1,875.769,0,7.75464,12.7267,nan,nan,0,0.02,0.019,0.0188235
juelich_pilot_d30_r2_log_distance_s01_w1,juelich,12345,1,1,log-distance,44,45,veh1,veh8,2,0,1,948.018,0,7.75464,3.23862,nan,nan,0,0.02,0.014,0.0188235
juelich_pilot_d30_r2_log_distance_s01_w1,juelich,12345,1,1,log-distance,44,45,veh1,veh9,2,2,0,106.485,1,7.75464,7.0924,-67.2234,29.7529,2,0.02,0.02,0.0188235
juelich_pilot_d30_r2_log_distance_s01_w1,juelich,12345,1,1,log-distance,44,45,veh10,veh0,2,2,0,484.293,1,8.20082,14.0268,-80.3798,16.5964,2,0.02,0.026,0.0188235
juelich_pilot_d30_r2_log_distance_s01_w1,juelich,12345,1,1,log-distance,44,45,veh10,veh1,2,2,0,283.335,1,8.20082,7.75464,-75.7237,21.2526,2,0.02,0.02,0.0188235
juelich_pilot_d30_r2_log_distance_s01_w1,juelich,12345,1,1,log-distance,44,45,veh10,veh11,2,2,0,231.174,1,8.20082,7.87455,-73.9565,23.0198,2,0.02,0.02,0.0188235
juelich_pilot_d30_r2_log_distance_s01_w1,juelich,12345,1,1,log-distance,44,45,veh10,veh12,2,2,0,345.198,1,8.20082,5.70462,-77.4388,19.5375,2,0.02,0.02,0.0188235
juelich_pilot_d30_r2_log_distance_s01_w1,juelich,12345,1,1,log-distance,44,45,veh10,veh13,2,2,0,282.818,1,8.20082,6.32549,-75.7075,21.2688,2,0.02,0.026,0.0188235
juelich_pilot_d30_r2_log_distance_s01_w1,juelich,12345,1,1,log-distance,44,45,veh10,veh14,2,2,0,469.696,1,8.20082,13.2678,-80.1136,16.8627,2,0.02,0.02,0.0188235
juelich_pilot_d30_r2_log_distance_s01_w1,juelich,12345,1,1,log-distance,44,45,veh10,veh15,2,0,1,953.04,0,8.20082,7.43027,nan,nan,0,0.02,0.014,0.0188235
juelich_pilot_d30_r2_log_distance_s01_w1,juelich,12345,1,1,log-distance,44,45,veh10,veh4,2,2,0,126.221,1,8.20082,8.77781,-68.7003,28.2759,2,0.02,0.023,0.0188235
juelich_pilot_d30_r2_log_distance_s01_w1,juelich,12345,1,1,log-distance,44,45,veh10,veh5,2,0,1,901.499,0,8.20082,7.31843,nan,nan,0,0.02,0.02,0.0188235
juelich_pilot_d30_r2_log_distance_s01_w1,juelich,12345,1,1,log-distance,44,45,veh10,veh6,2,2,0,23.1887,1,8.20082,10.5874,-53.9805,42.9958,2,0.02,0.02,0.0188235
juelich_pilot_d30_r2_log_distance_s01_w1,juelich,12345,1,1,log-distance,44,45,veh10,veh7,2,0,1,952.873,0,8.20082,12.7267,nan,nan,0,0.02,0.019,0.0188235
juelich_pilot_d30_r2_log_distance_s01_w1,juelich,12345,1,1,log-distance,44,45,veh10,veh9,2,2,0,193.42,1,8.20082,7.0924,-72.4077,24.5686,2,0.02,0.02,0.0188235
juelich_pilot_d30_r2_log_distance_s01_w1,juelich,12345,1,1,log-distance,44,45,veh11,veh0,2,0,1,589.24,0,7.87455,14.0268,nan,nan,0,0.02,0.026,0.0188235
juelich_pilot_d30_r2_log_distance_s01_w1,juelich,12345,1,1,log-distance,44,45,veh11,veh1,2,2,0,59.5643,1,7.87455,7.75464,-62.1774,34.7989,2,0.02,0.02,0.0188235
juelich_pilot_d30_r2_log_distance_s01_w1,juelich,12345,1,1,log-distance,44,45,veh11,veh10,2,2,0,231.174,1,7.87455,8.20082,-73.9565,23.0198,2,0.02,0.02,0.0188235
juelich_pilot_d30_r2_log_distance_s01_w1,juelich,12345,1,1,log-distance,44,45,veh11,veh12,2,2,0,574.527,0,7.87455,5.70462,-81.8638,15.1125,2,0.02,0.02,0.0188235
juelich_pilot_d30_r2_log_distance_s01_w1,juelich,12345,1,1,log-distance,44,45,veh11,veh13,2,2,0,388.792,1,7.87455,6.32549,-78.4719,18.5044,2,0.02,0.026,0.0188235
juelich_pilot_d30_r2_log_distance_s01_w1,juelich,12345,1,1,log-distance,44,45,veh11,veh14,2,0,1,694.39,0,7.87455,13.2678,nan,nan,0,0.02,0.02,0.0188235
juelich_pilot_d30_r2_log_distance_s01_w1,juelich,12345,1,1,log-distance,44,45,veh11,veh15,2,0,1,977.948,0,7.87455,7.43027,nan,nan,0,0.02,0.014,0.0188235
juelich_pilot_d30_r2_log_distance_s01_w1,juelich,12345,1,1,log-distance,44,45,veh11,veh4,2,2,0,217.026,1,7.87455,8.77781,-73.4079,23.5684,2,0.02,0.023,0.0188235
juelich_pilot_d30_r2_log_distance_s01_w1,juelich,12345,1,1,log-distance,44,45,veh11,veh5,2,0,1,879.861,0,7.87455,7.31843,nan,nan,0,0.02,0.02,0.0188235
juelich_pilot_d30_r2_log_distance_s01_w1,juelich,12345,1,1,log-distance,44,45,veh11,veh6,2,2,0,251.11,1,7.87455,10.5874,-74.675,22.3013,2,0.02,0.02,0.0188235
juelich_pilot_d30_r2_log_distance_s01_w1,juelich,12345,1,1,log-distance,44,45,veh11,veh7,2,0,1,858.442,0,7.87455,12.7267,nan,nan,0,0.02,0.019,0.0188235
juelich_pilot_d30_r2_log_distance_s01_w1,juelich,12345,1,1,log-distance,44,45,veh11,veh8,2,0,1,947.921,0,7.87455,3.23862,nan,nan,0,0.02,0.014,0.0188235
juelich_pilot_d30_r2_log_distance_s01_w1,juelich,12345,1,1,log-distance,44,45,veh11,veh9,2,2,0,46.9215,1,7.87455,7.0924,-60.1051,36.8712,2,0.02,0.02,0.0188235
juelich_pilot_d30_r2_log_distance_s01_w1,juelich,12345,1,1,log-distance,44,45,veh12,veh0,2,2,0,462.638,1,5.70462,14.0268,-79.9825,16.9938,2,0.02,0.026,0.0188235
juelich_pilot_d30_r2_log_distance_s01_w1,juelich,12345,1,1,log-distance,44,45,veh12,veh1,2,0,1,628.332,0,5.70462,7.75464,nan,nan,0,0.02,0.02,0.0188235
juelich_pilot_d30_r2_log_distance_s01_w1,juelich,12345,1,1,log-distance,44,45,veh12,veh10,2,2,0,345.198,1,5.70462,8.20082,-77.4388,19.5375,2,0.02,0.02,0.0188235
juelich_pilot_d30_r2_log_distance_s01_w1,juelich,12345,1,1,log-distance,44,45,veh12,veh11,2,2,0,574.527,0,5.70462,7.87455,-81.8638,15.1125,2,0.02,0.02,0.0188235
juelich_pilot_d30_r2_log_distance_s01_w1,juelich,12345,1,1,log-distance,44,45,veh12,veh13,2,2,0,376.26,1,5.70462,6.32549,-78.1872,18.7891,2,0.02,0.026,0.0188235
juelich_pilot_d30_r2_log_distance_s01_w1,juelich,12345,1,1,log-distance,44,45,veh12,veh14,2,2,0,134.476,1,5.70462,13.2678,-69.2483,27.728,2,0.02,0.02,0.0188235
juelich_pilot_d30_r2_log_distance_s01_w1,juelich,12345,1,1,log-distance,44,45,veh12,veh15,2,0,1,963.513,0,5.70462,7.43027,nan,nan,0,0.02,0.014,0.0188235
juelich_pilot_d30_r2_log_distance_s01_w1,juelich,12345,1,1,log-distance,44,45,veh12,veh4,2,2,0,393.465,1,5.70462,8.77781,-78.5756,18.4007,2,0.02,0.023,0.0188235
juelich_pilot_d30_r2_log_distance_s01_w1,juelich,12345,1,1,log-distance,44,45,veh12,veh5,2,0,1,984.216,0,5.70462,7.31843,nan,nan,0,0.02,0.02,0.0188235
juelich_pilot_d30_r2_log_distance_s01_w1,juelich,12345,1,1,log-distance,44,45,veh12,veh6,2,2,0,323.945,1,5.70462,10.5874,-76.8867,20.0896,2,0.02,0.02,0.0188235
juelich_pilot_d30_r2_log_distance_s01_w1,juelich,12345,1,1,log-distance,44,45,veh12,veh9,2,2,0,533.23,0,5.70462,7.0924,-81.2159,15.7604,2,0.02,0.02,0.0188235
juelich_pilot_d30_r2_log_distance_s01_w1,juelich,12345,1,1,log-distance,44,45,veh13,veh0,2,2,0,207.276,1,6.32549,14.0268,-73.0072,23.9691,2,0.026,0.026,0.0188235
juelich_pilot_d30_r2_log_distance_s01_w1,juelich,12345,1,1,log-distance,44,45,veh13,veh1,2,2,0,446.85,1,6.32549,7.75464,-79.6808,17.2955,2,0.026,0.02,0.0188235
juelich_pilot_d30_r2_log_distance_s01_w1,juelich,12345,1,1,log-distance,44,45,veh13,veh10,2,2,0,282.818,1,6.32549,8.20082,-75.7075,21.2688,2,0.026,0.02,0.0188235
juelich_pilot_d30_r2_log_distance_s01_w1,juelich,12345,1,1,log-distance,44,45,veh13,veh11,2,2,0,388.792,1,6.32549,7.87455,-78.4719,18.5044,2,0.026,0.02,0.0188235
juelich_pilot_d30_r2_log_distance_s01_w1,juelich,12345,1,1,log-distance,44,45,veh13,veh12,2,2,0,376.26,1,6.32549,5.70462,-78.1872,18.7891,2,0.026,0.02,0.0188235
juelich_pilot_d30_r2_log_distance_s01_w1,juelich,12345,1,1,log-distance,44,45,veh13,veh14,2,2,0,436.939,1,6.32549,13.2678,-79.4859,17.4903,2,0.026,0.02,0.0188235
juelich_pilot_d30_r2_log_distance_s01_w1,juelich,12345,1,1,log-distance,44,45,veh13,veh15,2,0,1,674.614,0,6.32549,7.43027,nan,nan,0,0.026,0.014,0.0188235
juelich_pilot_d30_r2_log_distance_s01_w1,juelich,12345,1,1,log-distance,44,45,veh13,veh4,2,2,0,185.016,1,6.32549,8.77781,-72.021,24.9553,2,0.026,0.023,0.0188235
juelich_pilot_d30_r2_log_distance_s01_w1,juelich,12345,1,1,log-distance,44,45,veh13,veh5,2,0,1,644.35,0,6.32549,7.31843,nan,nan,0,0.026,0.02,0.0188235
juelich_pilot_d30_r2_log_distance_s01_w1,juelich,12345,1,1,log-distance,44,45,veh13,veh6,2,2,0,268.521,1,6.32549,10.5874,-75.2568,21.7195,2,0.026,0.02,0.0188235
juelich_pilot_d30_r2_log_distance_s01_w1,juelich,12345,1,1,log-distance,44,45,veh13,veh7,2,0,1,752.138,0,6.32549,12.7267,nan,nan,0,0.026,0.019,0.0188235
juelich_pilot_d30_r2_log_distance_s01_w1,juelich,12345,1,1,log-distance,44,45,veh13,veh8,2,0,1,945.806,0,6.32549,3.23862,nan,nan,0,0.026,0.014,0.0188235
juelich_pilot_d30_r2_log_distance_s01_w1,juelich,12345,1,1,log-distance,44,45,veh13,veh9,2,2,0,343.298,1,6.32549,7.0924,-77.3909,19.5853,2,0.026,0.02,0.0188235
juelich_pilot_d30_r2_log_distance_s01_w1,juelich,12345,1,1,log-distance,44,45,veh14,veh0,2,2,0,463.251,1,13.2678,14.0268,-79.994,16.9823,2,0.02,0.026,0.0188235
juelich_pilot_d30_r2_log_distance_s01_w1,juelich,12345,1,1,log-distance,44,45,veh14,veh1,2,0,1,750.261,0,13.2678,7.75464,nan,nan,0,0.02,0.02,0.0188235
juelich_pilot_d30_r2_log_distance_s01_w1,juelich,12345,1,1,log-distance,44,45,veh14,veh10,2,2,0,469.696,1,13.2678,8.20082,-80.1136,16.8627,2,0.02,0.02,0.0188235
juelich_pilot_d30_r2_log_distance_s01_w1,juelich,12345,1,1,log-distance,44,45,veh14,veh11,2,0,1,694.39,0,13.2678,7.87455,nan,nan,0,0.02,0.02,0.0188235
juelich_pilot_d30_r2_log_distance_s01_w1,juelich,12345,1,1,log-distance,44,45,veh14,veh12,2,2,0,134.476,1,13.2678,5.70462,-69.2483,27.728,2,0.02,0.02,0.0188235
juelich_pilot_d30_r2_log_distance_s01_w1,juelich,12345,1,1,log-distance,44,45,veh14,veh13,2,2,0,436.939,1,13.2678,6.32549,-79.4859,17.4903,2,0.02,0.026,0.0188235
juelich_pilot_d30_r2_log_distance_s01_w1,juelich,12345,1,1,log-distance,44,45,veh14,veh15,2,0,1,940.054,0,13.2678,7.43027,nan,nan,0,0.02,0.014,0.0188235
juelich_pilot_d30_r2_log_distance_s01_w1,juelich,12345,1,1,log-distance,44,45,veh14,veh4,2,2,0,498.628,1,13.2678,8.77781,-80.6329,16.3434,2,0.02,0.023,0.0188235
juelich_pilot_d30_r2_log_distance_s01_w1,juelich,12345,1,1,log-distance,44,45,veh14,veh5,2,0,1,988.211,0,13.2678,7.31843,nan,nan,0,0.02,0.02,0.0188235
juelich_pilot_d30_r2_log_distance_s01_w1,juelich,12345,1,1,log-distance,44,45,veh14,veh6,2,2,0,447.402,1,13.2678,10.5874,-79.691,17.2853,2,0.02,0.02,0.0188235
juelich_pilot_d30_r2_log_distance_s01_w1,juelich,12345,1,1,log-distance,44,45,veh14,veh9,2,0,1,651.02,0,13.2678,7.0924,nan,nan,0,0.02,0.02,0.0188235
juelich_pilot_d30_r2_log_distance_s01_w1,juelich,12345,1,1,log-distance,44,45,veh15,veh0,2,2,0,505.602,0,7.43027,14.0268,-80.7537,1.19124,2,0.014,0.026,0.0188235
juelich_pilot_d30_r2_log_distance_s01_w1,juelich,12345,1,1,log-distance,44,45,veh15,veh10,2,0,1,953.04,0,7.43027,8.20082,nan,nan,0,0.014,0.02,0.0188235
juelich_pilot_d30_r2_log_distance_s01_w1,juelich,12345,1,1,log-distance,44,45,veh15,veh11,2,0,1,977.948,0,7.43027,7.87455,nan,nan,0,0.014,0.02,0.0188235
juelich_pilot_d30_r2_log_distance_s01_w1,juelich,12345,1,1,log-distance,44,45,veh15,veh12,2,0,1,963.513,0,7.43027,5.70462,nan,nan,0,0.014,0.02,0.0188235
juelich_pilot_d30_r2_log_distance_s01_w1,juelich,12345,1,1,log-distance,44,45,veh15,veh13,2,0,1,674.614,0,7.43027,6.32549,nan,nan,0,0.014,0.026,0.0188235
juelich_pilot_d30_r2_log_distance_s01_w1,juelich,12345,1,1,log-distance,44,45,veh15,veh14,2,0,1,940.054,0,7.43027,13.2678,nan,nan,0,0.014,0.02,0.0188235
juelich_pilot_d30_r2_log_distance_s01_w1,juelich,12345,1,1,log-distance,44,45,veh15,veh16,2,0,1,615.203,0,7.43027,2.33472,nan,nan,0,0.014,0.014,0.0188235
juelich_pilot_d30_r2_log_distance_s01_w1,juelich,12345,1,1,log-distance,44,45,veh15,veh2,2,0,1,972.547,0,7.43027,0,nan,nan,0,0.014,0.012,0.0188235
juelich_pilot_d30_r2_log_distance_s01_w1,juelich,12345,1,1,log-distance,44,45,veh15,veh3,2,0,1,831.928,0,7.43027,12.204,nan,nan,0,0.014,0.012,0.0188235
juelich_pilot_d30_r2_log_distance_s01_w1,juelich,12345,1,1,log-distance,44,45,veh15,veh4,2,0,1,837.105,0,7.43027,8.77781,nan,nan,0,0.014,0.023,0.0188235
juelich_pilot_d30_r2_log_distance_s01_w1,juelich,12345,1,1,log-distance,44,45,veh15,veh5,2,2,0,201.365,1,7.43027,7.31843,-72.7568,12.5061,2,0.014,0.02,0.0188235
juelich_pilot_d30_r2_log_distance_s01_w1,juelich,12345,1,1,log-distance,44,45,veh15,veh6,2,0,1,941.148,0,7.43027,10.5874,nan,nan,0,0.014,0.02,0.0188235
juelich_pilot_d30_r2_log_distance_s01_w1,juelich,12345,1,1,log-distance,44,45,veh15,veh7,2,2,0,492.298,1,7.43027,12.7267,-80.5223,4.54064,2,0.014,0.019,0.0188235
juelich_pilot_d30_r2_log_distance_s01_w1,juelich,12345,1,1,log-distance,44,45,veh15,veh8,2,0,1,767.485,0,7.43027,3.23862,nan,nan,0,0.014,0.014,0.0188235
juelich_pilot_d30_r2_log_distance_s01_w1,juelich,12345,1,1,log-distance,44,45,veh15,veh9,2,0,1,944.879,0,7.43027,7.0924,nan,nan,0,0.014,0.02,0.0188235
juelich_pilot_d30_r2_log_distance_s01_w1,juelich,12345,1,1,log-distance,44,45,veh16,veh15,2,0,1,615.203,0,2.33472,7.43027,nan,nan,0,0.014,0.014,0.0188235
juelich_pilot_d30_r2_log_distance_s01_w1,juelich,12345,1,1,log-distance,44,45,veh16,veh2,2,0,1,669.363,0,2.33472,0,nan,nan,0,0.014,0.012,0.0188235
juelich_pilot_d30_r2_log_distance_s01_w1,juelich,12345,1,1,log-distance,44,45,veh16,veh3,2,1,0.5,583.873,0,2.33472,12.204,-81.9717,15.0045,1,0.014,0.012,0.0188235
juelich_pilot_d30_r2_log_distance_s01_w1,juelich,12345,1,1,log-distance,44,45,veh16,veh5,2,0,1,593.937,0,2.33472,7.31843,nan,nan,0,0.014,0.02,0.0188235
juelich_pilot_d30_r2_log_distance_s01_w1,juelich,12345,1,1,log-distance,44,45,veh16,veh7,2,0,1,633.089,0,2.33472,12.7267,nan,nan,0,0.014,0.019,0.0188235
juelich_pilot_d30_r2_log_distance_s01_w1,juelich,12345,1,1,log-distance,44,45,veh16,veh8,2,0,1,759.527,0,2.33472,3.23862,nan,nan,0,0.014,0.014,0.0188235
juelich_pilot_d30_r2_log_distance_s01_w1,juelich,12345,1,1,log-distance,44,45,veh2,veh15,2,0,1,972.547,0,0,7.43027,nan,nan,0,0.012,0.014,0.0188235
juelich_pilot_d30_r2_log_distance_s01_w1,juelich,12345,1,1,log-distance,44,45,veh2,veh16,2,0,1,669.363,0,0,2.33472,nan,nan,0,0.012,0.014,0.0188235
juelich_pilot_d30_r2_log_distance_s01_w1,juelich,12345,1,1,log-distance,44,45,veh2,veh3,2,2,0,142.875,1,0,12.204,-69.7749,27.2014,2,0.012,0.012,0.0188235
juelich_pilot_d30_r2_log_distance_s01_w1,juelich,12345,1,1,log-distance,44,45,veh2,veh5,2,0,1,807.887,0,0,7.31843,nan,nan,0,0.012,0.02,0.0188235
juelich_pilot_d30_r2_log_distance_s01_w1,juelich,12345,1,1,log-distance,44,45,veh2,veh7,2,2,0,570.906,0,0,12.7267,-81.8089,15.1674,2,0.012,0.019,0.0188235
juelich_pilot_d30_r2_log_distance_s01_w1,juelich,12345,1,1,log-distance,44,45,veh2,veh8,2,2,0,396.385,1,0,3.23862,-78.64,18.3363,2,0.012,0.014,0.0188235
juelich_pilot_d30_r2_log_distance_s01_w1,juelich,12345,1,1,log-distance,44,45,veh3,veh15,2,0,1,831.928,0,12.204,7.43027,nan,nan,0,0.012,0.014,0.0188235
juelich_pilot_d30_r2_log_distance_s01_w1,juelich,12345,1,1,log-distance,44,45,veh3,veh16,2,1,0.5,583.873,0,12.204,2.33472,-81.9717,15.0045,1,0.012,0.014,0.0188235
juelich_pilot_d30_r2_log_distance_s01_w1,juelich,12345,1,1,log-distance,44,45,veh3,veh2,2,2,0,142.875,1,12.204,0,-69.7749,27.2014,2,0.012,0.012,0.0188235
juelich_pilot_d30_r2_log_distance_s01_w1,juelich,12345,1,1,log-distance,44,45,veh3,veh5,2,0,1,665.11,0,12.204,7.31843,nan,nan,0,0.012,0.02,0.0188235
juelich_pilot_d30_r2_log_distance_s01_w1,juelich,12345,1,1,log-distance,44,45,veh3,veh7,2,2,0,432.599,1,12.204,12.7267,-79.3994,17.5769,2,0.012,0.019,0.0188235
juelich_pilot_d30_r2_log_distance_s01_w1,juelich,12345,1,1,log-distance,44,45,veh3,veh8,2,2,0,298.713,1,12.204,3.23862,-76.1827,20.7936,2,0.012,0.014,0.0188235
juelich_pilot_d30_r2_log_distance_s01_w1,juelich,12345,1,1,log-distance,44,45,veh4,veh0,2,2,0,392.218,1,8.77781,14.0268,-78.5482,18.4281,2,0.023,0.026,0.0188235
juelich_pilot_d30_r2_log_distance_s01_w1,juelich,12345,1,1,log-distance,44,45,veh4,veh1,2,2,0,276.59,1,8.77781,7.75464,-75.5144,21.4619,2,0.023,0.02,0.0188235
juelich_pilot_d30_r2_log_distance_s01_w1,juelich,12345,1,1,log-distance,44,45,veh4,veh10,2,2,0,126.221,1,8.77781,8.20082,-68.7003,28.2759,2,0.023,0.02,0.0188235
juelich_pilot_d30_r2_log_distance_s01_w1,juelich,12345,1,1,log-distance,44,45,veh4,veh11,2,2,0,217.026,1,8.77781,7.87455,-73.4079,23.5684,2,0.023,0.02,0.0188235
juelich_pilot_d30_r2_log_distance_s01_w1,juelich,12345,1,1,log-distance,44,45,veh4,veh12,2,2,0,393.465,1,8.77781,5.70462,-78.5756,18.4007,2,0.023,0.02,0.0188235
juelich_pilot_d30_r2_log_distance_s01_w1,juelich,12345,1,1,log-distance,44,45,veh4,veh13,2,2,0,185.016,1,8.77781,6.32549,-72.021,24.9553,2,0.023,0.026,0.0188235
juelich_pilot_d30_r2_log_distance_s01_w1,juelich,12345,1,1,log-distance,44,45,veh4,veh14,2,2,0,498.628,1,8.77781,13.2678,-80.6329,16.3434,2,0.023,0.02,0.0188235
juelich_pilot_d30_r2_log_distance_s01_w1,juelich,12345,1,1,log-distance,44,45,veh4,veh15,2,0,1,837.105,0,8.77781,7.43027,nan,nan,0,0.023,0.014,0.0188235
juelich_pilot_d30_r2_log_distance_s01_w1,juelich,12345,1,1,log-distance,44,45,veh4,veh5,2,0,1,777.369,0,8.77781,7.31843,nan,nan,0,0.023,0.02,0.0188235
juelich_pilot_d30_r2_log_distance_s01_w1,juelich,12345,1,1,log-distance,44,45,veh4,veh6,2,2,0,124.427,1,8.77781,10.5874,-68.576,28.4003,2,0.023,0.02,0.0188235
juelich_pilot_d30_r2_log_distance_s01_w1,juelich,12345,1,1,log-distance,44,45,veh4,veh7,2,0,1,828.137,0,8.77781,12.7267,nan,nan,0,0.023,0.019,0.0188235
juelich_pilot_d30_r2_log_distance_s01_w1,juelich,12345,1,1,log-distance,44,45,veh4,veh8,2,0,1,977.76,0,8.77781,3.23862,nan,nan,0,0.023,0.014,0.0188235
juelich_pilot_d30_r2_log_distance_s01_w1,juelich,12345,1,1,log-distance,44,45,veh4,veh9,2,2,0,170.105,1,8.77781,7.0924,-71.292,25.6843,2,0.023,0.02,0.0188235
juelich_pilot_d30_r2_log_distance_s01_w1,juelich,12345,1,1,log-distance,44,45,veh5,veh0,2,2,0,526.221,0,7.31843,14.0268,-81.1011,15.8752,2,0.02,0.026,0.0188235
juelich_pilot_d30_r2_log_distance_s01_w1,juelich,12345,1,1,log-distance,44,45,veh5,veh1,2,0,1,914.795,0,7.31843,7.75464,nan,nan,0,0.02,0.02,0.0188235
juelich_pilot_d30_r2_log_distance_s01_w1,juelich,12345,1,1,log-distance,44,45,veh5,veh10,2,0,1,901.499,0,7.31843,8.20082,nan,nan,0,0.02,0.02,0.0188235
juelich_pilot_d30_r2_log_distance_s01_w1,juelich,12345,1,1,log-distance,44,45,veh5,veh11,2,0,1,879.861,0,7.31843,7.87455,nan,nan,0,0.02,0.02,0.0188235
juelich_pilot_d30_r2_log_distance_s01_w1,juelich,12345,1,1,log-distance,44,45,veh5,veh12,2,0,1,984.216,0,7.31843,5.70462,nan,nan,0,0.02,0.02,0.0188235
juelich_pilot_d30_r2_log_distance_s01_w1,juelich,12345,1,1,log-distance,44,45,veh5,veh13,2,0,1,644.35,0,7.31843,6.32549,nan,nan,0,0.02,0.026,0.0188235
juelich_pilot_d30_r2_log_distance_s01_w1,juelich,12345,1,1,log-distance,44,45,veh5,veh14,2,0,1,988.211,0,7.31843,13.2678,nan,nan,0,0.02,0.02,0.0188235
juelich_pilot_d30_r2_log_distance_s01_w1,juelich,12345,1,1,log-distance,44,45,veh5,veh15,2,2,0,201.365,1,7.31843,7.43027,-72.7568,24.2195,2,0.02,0.014,0.0188235
juelich_pilot_d30_r2_log_distance_s01_w1,juelich,12345,1,1,log-distance,44,45,veh5,veh16,2,0,1,593.937,0,7.31843,2.33472,nan,nan,0,0.02,0.014,0.0188235
juelich_pilot_d30_r2_log_distance_s01_w1,juelich,12345,1,1,log-distance,44,45,veh5,veh2,2,0,1,807.887,0,7.31843,0,nan,nan,0,0.02,0.012,0.0188235
juelich_pilot_d30_r2_log_distance_s01_w1,juelich,12345,1,1,log-distance,44,45,veh5,veh3,2,0,1,665.11,0,7.31843,12.204,nan,nan,0,0.02,0.012,0.0188235
juelich_pilot_d30_r2_log_distance_s01_w1,juelich,12345,1,1,log-distance,44,45,veh5,veh4,2,0,1,777.369,0,7.31843,8.77781,nan,nan,0,0.02,0.023,0.0188235
juelich_pilot_d30_r2_log_distance_s01_w1,juelich,12345,1,1,log-distance,44,45,veh5,veh6,2,0,1,894.066,0,7.31843,10.5874,nan,nan,0,0.02,0.02,0.0188235
juelich_pilot_d30_r2_log_distance_s01_w1,juelich,12345,1,1,log-distance,44,45,veh5,veh7,2,2,0,292.677,1,7.31843,12.7267,-76.0051,20.9712,2,0.02,0.019,0.0188235
juelich_pilot_d30_r2_log_distance_s01_w1,juelich,12345,1,1,log-distance,44,45,veh5,veh8,2,2,0,569.418,0,7.31843,3.23862,-81.7862,15.19,2,0.02,0.014,0.0188235
juelich_pilot_d30_r2_log_distance_s01_w1,juelich,12345,1,1,log-distance,44,45,veh5,veh9,2,0,1,853.871,0,7.31843,7.0924,nan,nan,0,0.02,0.02,0.0188235
juelich_pilot_d30_r2_log_distance_s01_w1,juelich,12345,1,1,log-distance,44,45,veh6,veh0,2,2,0,467.462,1,10.5874,14.0268,-80.0726,16.9037,2,0.02,0.026,0.0188235
juelich_pilot_d30_r2_log_distance_s01_w1,juelich,12345,1,1,log-distance,44,45,veh6,veh1,2,2,0,304.395,1,10.5874,7.75464,-76.3464,20.6299,2,0.02,0.02,0.0188235
juelich_pilot_d30_r2_log_distance_s01_w1,juelich,12345,1,1,log-distance,44,45,veh6,veh10,2,2,0,23.1887,1,10.5874,8.20082,-53.9805,42.9958,2,0.02,0.02,0.0188235
juelich_pilot_d30_r2_log_distance_s01_w1,juelich,12345,1,1,log-distance,44,45,veh6,veh11,2,2,0,251.11,1,10.5874,7.87455,-74.675,22.3013,2,0.02,0.02,0.0188235
juelich_pilot_d30_r2_log_distance_s01_w1,juelich,12345,1,1,log-distance,44,45,veh6,veh12,2,2,0,323.945,1,10.5874,5.70462,-76.8867,20.0896,2,0.02,0.02,0.0188235
juelich_pilot_d30_r2_log_distance_s01_w1,juelich,12345,1,1,log-distance,44,45,veh6,veh13,2,2,0,268.521,1,10.5874,6.32549,-75.2568,21.7195,2,0.02,0.026,0.0188235
juelich_pilot_d30_r2_log_distance_s01_w1,juelich,12345,1,1,log-distance,44,45,veh6,veh14,2,2,0,447.402,1,10.5874,13.2678,-79.691,17.2853,2,0.02,0.02,0.0188235
juelich_pilot_d30_r2_log_distance_s01_w1,juelich,12345,1,1,log-distance,44,45,veh6,veh15,2,0,1,941.148,0,10.5874,7.43027,nan,nan,0,0.02,0.014,0.0188235
juelich_pilot_d30_r2_log_distance_s01_w1,juelich,12345,1,1,log-distance,44,45,veh6,veh4,2,2,0,124.427,1,10.5874,8.77781,-68.576,28.4003,2,0.02,0.023,0.0188235
juelich_pilot_d30_r2_log_distance_s01_w1,juelich,12345,1,1,log-distance,44,45,veh6,veh5,2,0,1,894.066,0,10.5874,7.31843,nan,nan,0,0.02,0.02,0.0188235
juelich_pilot_d30_r2_log_distance_s01_w1,juelich,12345,1,1,log-distance,44,45,veh6,veh7,2,0,1,952.543,0,10.5874,12.7267,nan,nan,0,0.02,0.019,0.0188235
juelich_pilot_d30_r2_log_distance_s01_w1,juelich,12345,1,1,log-distance,44,45,veh6,veh9,2,2,0,211.779,1,10.5874,7.0924,-73.1953,23.781,2,0.02,0.02,0.0188235
juelich_pilot_d30_r2_log_distance_s01_w1,juelich,12345,1,1,log-distance,44,45,veh7,veh0,2,0,1,707.852,0,12.7267,14.0268,nan,nan,0,0.019,0.026,0.0188235
juelich_pilot_d30_r2_log_distance_s01_w1,juelich,12345,1,1,log-distance,44,45,veh7,veh1,2,0,1,875.769,0,12.7267,7.75464,nan,nan,0,0.019,0.02,0.0188235
juelich_pilot_d30_r2_log_distance_s01_w1,juelich,12345,1,1,log-distance,44,45,veh7,veh10,2,0,1,952.873,0,12.7267,8.20082,nan,nan,0,0.019,0.02,0.0188235
juelich_pilot_d30_r2_log_distance_s01_w1,juelich,12345,1,1,log-distance,44,45,veh7,veh11,2,0,1,858.442,0,12.7267,7.87455,nan,nan,0,0.019,0.02,0.0188235
juelich_pilot_d30_r2_log_distance_s01_w1,juelich,12345,1,1,log-distance,44,45,veh7,veh13,2,0,1,752.138,0,12.7267,6.32549,nan,nan,0,0.019,0.026,0.0188235
juelich_pilot_d30_r2_log_distance_s01_w1,juelich,12345,1,1,log-distance,44,45,veh7,veh15,2,2,0,492.298,1,12.7267,7.43027,-80.5223,16.454,2,0.019,0.014,0.0188235
juelich_pilot_d30_r2_log_distance_s01_w1,juelich,12345,1,1,log-distance,44,45,veh7,veh16,2,0,1,633.089,0,12.7267,2.33472,nan,nan,0,0.019,0.014,0.0188235
juelich_pilot_d30_r2_log_distance_s01_w1,juelich,12345,1,1,log-distance,44,45,veh7,veh2,2,2,0,570.906,0,12.7267,0,-81.8089,15.1674,2,0.019,0.012,0.0188235
juelich_pilot_d30_r2_log_distance_s01_w1,juelich,12345,1,1,log-distance,44,45,veh7,veh3,2,2,0,432.599,1,12.7267,12.204,-79.3994,17.5769,2,0.019,0.012,0.0188235
juelich_pilot_d30_r2_log_distance_s01_w1,juelich,12345,1,1,log-distance,44,45,veh7,veh4,2,0,1,828.137,0,12.7267,8.77781,nan,nan,0,0.019,0.023,0.0188235
juelich_pilot_d30_r2_log_distance_s01_w1,juelich,12345,1,1,log-distance,44,45,veh7,veh5,2,2,0,292.677,1,12.7267,7.31843,-76.0051,20.9712,2,0.019,0.02,0.0188235
juelich_pilot_d30_r2_log_distance_s01_w1,juelich,12345,1,1,log-distance,44,45,veh7,veh6,2,0,1,952.543,0,12.7267,10.5874,nan,nan,0,0.019,0.02,0.0188235
juelich_pilot_d30_r2_log_distance_s01_w1,juelich,12345,1,1,log-distance,44,45,veh7,veh8,2,2,0,277.247,1,12.7267,3.23862,-75.535,21.4413,2,0.019,0.014,0.0188235
juelich_pilot_d30_r2_log_distance_s01_w1,juelich,12345,1,1,log-distance,44,45,veh7,veh9,2,0,1,847.045,0,12.7267,7.0924,nan,nan,0,0.019,0.02,0.0188235
juelich_pilot_d30_r2_log_distance_s01_w1,juelich,12345,1,1,log-distance,44,45,veh8,veh0,2,0,1,944.379,0,3.23862,14.0268,nan,nan,0,0.014,0.026,0.0188235
juelich_pilot_d30_r2_log_distance_s01_w1,juelich,12345,1,1,log-distance,44,45,veh8,veh1,2,0,1,948.018,0,3.23862,7.75464,nan,nan,0,0.014,0.02,0.0188235
juelich_pilot_d30_r2_log_distance_s01_w1,juelich,12345,1,1,log-distance,44,45,veh8,veh11,2,0,1,947.921,0,3.23862,7.87455,nan,nan,0,0.014,0.02,0.0188235
juelich_pilot_d30_r2_log_distance_s01_w1,juelich,12345,1,1,log-distance,44,45,veh8,veh13,2,0,1,945.806,0,3.23862,6.32549,nan,nan,0,0.014,0.026,0.0188235
juelich_pilot_d30_r2_log_distance_s01_w1,juelich,12345,1,1,log-distance,44,45,veh8,veh15,2,0,1,767.485,0,3.23862,7.43027,nan,nan,0,0.014,0.014,0.0188235
juelich_pilot_d30_r2_log_distance_s01_w1,juelich,12345,1,1,log-distance,44,45,veh8,veh16,2,0,1,759.527,0,3.23862,2.33472,nan,nan,0,0.014,0.014,0.0188235
juelich_pilot_d30_r2_log_distance_s01_w1,juelich,12345,1,1,log-distance,44,45,veh8,veh2,2,2,0,396.385,1,3.23862,0,-78.64,18.3363,2,0.014,0.012,0.0188235
juelich_pilot_d30_r2_log_distance_s01_w1,juelich,12345,1,1,log-distance,44,45,veh8,veh3,2,2,0,298.713,1,3.23862,12.204,-76.1827,20.7936,2,0.014,0.012,0.0188235
juelich_pilot_d30_r2_log_distance_s01_w1,juelich,12345,1,1,log-distance,44,45,veh8,veh4,2,0,1,977.76,0,3.23862,8.77781,nan,nan,0,0.014,0.023,0.0188235
juelich_pilot_d30_r2_log_distance_s01_w1,juelich,12345,1,1,log-distance,44,45,veh8,veh5,2,2,0,569.418,0,3.23862,7.31843,-81.7862,15.19,2,0.014,0.02,0.0188235
juelich_pilot_d30_r2_log_distance_s01_w1,juelich,12345,1,1,log-distance,44,45,veh8,veh7,2,2,0,277.247,1,3.23862,12.7267,-75.535,21.4413,2,0.014,0.019,0.0188235
juelich_pilot_d30_r2_log_distance_s01_w1,juelich,12345,1,1,log-distance,44,45,veh8,veh9,2,0,1,950.016,0,3.23862,7.0924,nan,nan,0,0.014,0.02,0.0188235
juelich_pilot_d30_r2_log_distance_s01_w1,juelich,12345,1,1,log-distance,44,45,veh9,veh0,2,2,0,545.269,0,7.0924,14.0268,-81.4099,15.5664,2,0.02,0.026,0.0188235
juelich_pilot_d30_r2_log_distance_s01_w1,juelich,12345,1,1,log-distance,44,45,veh9,veh1,2,2,0,106.485,1,7.0924,7.75464,-67.2234,29.7529,2,0.02,0.02,0.0188235
juelich_pilot_d30_r2_log_distance_s01_w1,juelich,12345,1,1,log-distance,44,45,veh9,veh10,2,2,0,193.42,1,7.0924,8.20082,-72.4077,24.5686,2,0.02,0.02,0.0188235
juelich_pilot_d30_r2_log_distance_s01_w1,juelich,12345,1,1,log-distance,44,45,veh9,veh11,2,2,0,46.9215,1,7.0924,7.87455,-60.1051,36.8712,2,0.02,0.02,0.0188235
juelich_pilot_d30_r2_log_distance_s01_w1,juelich,12345,1,1,log-distance,44,45,veh9,veh12,2,2,0,533.23,0,7.0924,5.70462,-81.2159,15.7604,2,0.02,0.02,0.0188235
juelich_pilot_d30_r2_log_distance_s01_w1,juelich,12345,1,1,log-distance,44,45,veh9,veh13,2,2,0,343.298,1,7.0924,6.32549,-77.3909,19.5853,2,0.02,0.026,0.0188235
juelich_pilot_d30_r2_log_distance_s01_w1,juelich,12345,1,1,log-distance,44,45,veh9,veh14,2,0,1,651.02,0,7.0924,13.2678,nan,nan,0,0.02,0.02,0.0188235
juelich_pilot_d30_r2_log_distance_s01_w1,juelich,12345,1,1,log-distance,44,45,veh9,veh15,2,0,1,944.879,0,7.0924,7.43027,nan,nan,0,0.02,0.014,0.0188235
juelich_pilot_d30_r2_log_distance_s01_w1,juelich,12345,1,1,log-distance,44,45,veh9,veh4,2,2,0,170.105,1,7.0924,8.77781,-71.292,25.6843,2,0.02,0.023,0.0188235
juelich_pilot_d30_r2_log_distance_s01_w1,juelich,12345,1,1,log-distance,44,45,veh9,veh5,2,0,1,853.871,0,7.0924,7.31843,nan,nan,0,0.02,0.02,0.0188235
juelich_pilot_d30_r2_log_distance_s01_w1,juelich,12345,1,1,log-distance,44,45,veh9,veh6,2,2,0,211.779,1,7.0924,10.5874,-73.1953,23.781,2,0.02,0.02,0.0188235
juelich_pilot_d30_r2_log_distance_s01_w1,juelich,12345,1,1,log-distance,44,45,veh9,veh7,2,0,1,847.045,0,7.0924,12.7267,nan,nan,0,0.02,0.019,0.0188235
juelich_pilot_d30_r2_log_distance_s01_w1,juelich,12345,1,1,log-distance,44,45,veh9,veh8,2,0,1,950.016,0,7.0924,3.23862,nan,nan,0,0.02,0.014,0.0188235
juelich_pilot_d30_r2_log_distance_s01_w1,juelich,12345,1,1,log-distance,45,46,veh0,veh1,2,0,1,651.559,0,14.0645,7.80571,nan,nan,0,0.026,0.02,0.0181111
juelich_pilot_d30_r2_log_distance_s01_w1,juelich,12345,1,1,log-distance,45,46,veh0,veh10,2,2,0,490.39,1,14.0645,5.141,-80.4885,16.4878,2,0.026,0.02,0.0181111
juelich_pilot_d30_r2_log_distance_s01_w1,juelich,12345,1,1,log-distance,45,46,veh0,veh11,2,0,1,595.213,0,14.0645,7.88279,nan,nan,0,0.026,0.02,0.0181111
juelich_pilot_d30_r2_log_distance_s01_w1,juelich,12345,1,1,log-distance,45,46,veh0,veh12,2,2,0,458.485,1,14.0645,7.682,-79.9042,17.0721,2,0.026,0.02,0.0181111
juelich_pilot_d30_r2_log_distance_s01_w1,juelich,12345,1,1,log-distance,45,46,veh0,veh13,2,2,0,222.879,1,14.0645,6.37198,-73.6376,23.3386,2,0.026,0.026,0.0181111
juelich_pilot_d30_r2_log_distance_s01_w1,juelich,12345,1,1,log-distance,45,46,veh0,veh14,2,2,0,461.972,1,14.0645,15.2695,-79.97,17.0063,2,0.026,0.02,0.0181111
juelich_pilot_d30_r2_log_distance_s01_w1,juelich,12345,1,1,log-distance,45,46,veh0,veh15,2,2,0,494.044,1,14.0645,7.72007,-80.5528,16.4235,2,0.026,0.016,0.0181111
juelich_pilot_d30_r2_log_distance_s01_w1,juelich,12345,1,1,log-distance,45,46,veh0,veh4,2,2,0,396,1,14.0645,10.6821,-78.6316,18.3447,2,0.026,0.025,0.0181111
juelich_pilot_d30_r2_log_distance_s01_w1,juelich,12345,1,1,log-distance,45,46,veh0,veh5,2,2,0,527.825,0,14.0645,7.60851,-81.1275,15.8488,2,0.026,0.02,0.0181111
juelich_pilot_d30_r2_log_distance_s01_w1,juelich,12345,1,1,log-distance,45,46,veh0,veh6,2,2,0,470.569,1,14.0645,9.08527,-80.1301,16.8462,2,0.026,0.02,0.0181111
juelich_pilot_d30_r2_log_distance_s01_w1,juelich,12345,1,1,log-distance,45,46,veh0,veh7,2,0,1,702.576,0,14.0645,12.7718,nan,nan,0,0.026,0.02,0.0181111
juelich_pilot_d30_r2_log_distance_s01_w1,juelich,12345,1,1,log-distance,45,46,veh0,veh8,2,0,1,950.067,0,14.0645,3.26208,nan,nan,0,0.026,0.014,0.0181111
juelich_pilot_d30_r2_log_distance_s01_w1,juelich,12345,1,1,log-distance,45,46,veh0,veh9,2,2,0,551.868,0,14.0645,7.15848,-81.5144,15.4619,2,0.026,0.02,0.0181111
juelich_pilot_d30_r2_log_distance_s01_w1,juelich,12345,1,1,log-distance,45,46,veh1,veh0,2,0,1,651.559,0,7.80571,14.0645,nan,nan,0,0.02,0.026,0.0181111
juelich_pilot_d30_r2_log_distance_s01_w1,juelich,12345,1,1,log-distance,45,46,veh1,veh10,2,2,0,282.172,1,7.80571,5.141,-75.6879,21.2883,2,0.02,0.02,0.0181111
juelich_pilot_d30_r2_log_distance_s01_w1,juelich,12345,1,1,log-distance,45,46,veh1,veh11,2,2,0,59.6416,1,7.80571,7.88279,-62.1887,34.7876,2,0.02,0.02,0.0181111
juelich_pilot_d30_r2_log_distance_s01_w1,juelich,12345,1,1,log-distance,45,46,veh1,veh12,2,0,1,617.13,0,7.80571,7.682,nan,nan,0,0.02,0.02,0.0181111
juelich_pilot_d30_r2_log_distance_s01_w1,juelich,12345,1,1,log-distance,45,46,veh1,veh13,2,2,0,437.94,1,7.80571,6.37198,-79.5059,17.4704,2,0.02,0.026,0.0181111
juelich_pilot_d30_r2_log_distance_s01_w1,juelich,12345,1,1,log-distance,45,46,veh1,veh14,2,0,1,730.675,0,7.80571,15.2695,nan,nan,0,0.02,0.02,0.0181111
juelich_pilot_d30_r2_log_distance_s01_w1,juelich,12345,1,1,log-distance,45,46,veh1,veh4,2,2,0,278.642,1,7.80571,10.6821,-75.5786,21.3977,2,0.02,0.025,0.0181111
juelich_pilot_d30_r2_log_distance_s01_w1,juelich,12345,1,1,log-distance,45,46,veh1,veh5,2,0,1,905.639,0,7.80571,7.60851,nan,nan,0,0.02,0.02,0.0181111
juelich_pilot_d30_r2_log_distance_s01_w1,juelich,12345,1,1,log-distance,45,46,veh1,veh6,2,2,0,306.76,1,7.80571,9.08527,-76.4137,20.5626,2,0.02,0.02,0.0181111
juelich_pilot_d30_r2_log_distance_s01_w1,juelich,12345,1,1,log-distance,45,46,veh1,veh7,2,0,1,861.169,0,7.80571,12.7718,nan,nan,0,0.02,0.02,0.0181111
juelich_pilot_d30_r2_log_distance_s01_w1,juelich,12345,1,1,log-distance,45,46,veh1,veh8,2,0,1,947.168,0,7.80571,3.26208,nan,nan,0,0.02,0.014,0.0181111
juelich_pilot_d30_r2_log_distance_s01_w1,juelich,12345,1,1,log-distance,45,46,veh1,veh9,2,2,0,105.804,1,7.80571,7.15848,-67.1677,29.8085,2,0.02,0.02,0.0181111
juelich_pilot_d30_r2_log_distance_s01_w1,juelich,12345,1,1,log-distance,45,46,veh10,veh0,2,2,0,490.39,1,5.141,14.0645,-80.4885,16.4878,2,0.02,0.026,0.0181111
juelich_pilot_d30_r2_log_distance_s01_w1,juelich,12345,1,1,log-distance,45,46,veh10,veh1,2,2,0,282.172,1,5.141,7.80571,-75.6879,21.2883,2,0.02,0.02,0.0181111
juelich_pilot_d30_r2_log_distance_s01_w1,juelich,12345,1,1,log-distance,45,46,veh10,veh11,2,2,0,230.018,1,5.141,7.88279,-73.9129,23.0634,2,0.02,0.02,0.0181111
juelich_pilot_d30_r2_log_distance_s01_w1,juelich,12345,1,1,log-distance,45,46,veh10,veh12,2,2,0,335.254,1,5.141,7.682,-77.185,19.7913,2,0.02,0.02,0.0181111
juelich_pilot_d30_r2_log_distance_s01_w1,juelich,12345,1,1,log-distance,45,46,veh10,veh13,2,2,0,273.824,1,5.141,6.37198,-75.4269,21.5494,2,0.02,0.026,0.0181111
juelich_pilot_d30_r2_log_distance_s01_w1,juelich,12345,1,1,log-distance,45,46,veh10,veh14,2,2,0,450.751,1,5.141,15.2695,-79.756,17.2203,2,0.02,0.02,0.0181111
juelich_pilot_d30_r2_log_distance_s01_w1,juelich,12345,1,1,log-distance,45,46,veh10,veh15,2,0,1,943.774,0,5.141,7.72007,nan,nan,0,0.02,0.016,0.0181111
juelich_pilot_d30_r2_log_distance_s01_w1,juelich,12345,1,1,log-distance,45,46,veh10,veh4,2,2,0,127.158,1,5.141,10.6821,-68.7645,28.2117,2,0.02,0.025,0.0181111
juelich_pilot_d30_r2_log_distance_s01_w1,juelich,12345,1,1,log-distance,45,46,veh10,veh5,2,0,1,896.859,0,5.141,7.60851,nan,nan,0,0.02,0.02,0.0181111
juelich_pilot_d30_r2_log_distance_s01_w1,juelich,12345,1,1,log-distance,45,46,veh10,veh6,2,2,0,27.0896,1,5.141,9.08527,-55.3271,41.6492,2,0.02,0.02,0.0181111
juelich_pilot_d30_r2_log_distance_s01_w1,juelich,12345,1,1,log-distance,45,46,veh10,veh7,2,0,1,939.97,0,5.141,12.7718,nan,nan,0,0.02,0.02,0.0181111
juelich_pilot_d30_r2_log_distance_s01_w1,juelich,12345,1,1,log-distance,45,46,veh10,veh9,2,2,0,193.023,1,5.141,7.15848,-72.3899,24.5864,2,0.02,0.02,0.0181111
juelich_pilot_d30_r2_log_distance_s01_w1,juelich,12345,1,1,log-distance,45,46,veh11,veh0,2,0,1,595.213,0,7.88279,14.0645,nan,nan,0,0.02,0.026,0.0181111
juelich_pilot_d30_r2_log_distance_s01_w1,juelich,12345,1,1,log-distance,45,46,veh11,veh1,2,2,0,59.6416,1,7.88279,7.80571,-62.1887,34.7876,2,0.02,0.02,0.0181111
juelich_pilot_d30_r2_log_distance_s01_w1,juelich,12345,1,1,log-distance,45,46,veh11,veh10,2,2,0,230.018,1,7.88279,5.141,-73.9129,23.0634,2,0.02,0.02,0.0181111
juelich_pilot_d30_r2_log_distance_s01_w1,juelich,12345,1,1,log-distance,45,46,veh11,veh12,2,2,0,563.169,0,7.88279,7.682,-81.6903,15.2859,2,0.02,0.02,0.0181111
juelich_pilot_d30_r2_log_distance_s01_w1,juelich,12345,1,1,log-distance,45,46,veh11,veh13,2,2,0,379.666,1,7.88279,6.37198,-78.2656,18.7107,2,0.02,0.026,0.0181111
juelich_pilot_d30_r2_log_distance_s01_w1,juelich,12345,1,1,log-distance,45,46,veh11,veh14,2,0,1,675.038,0,7.88279,15.2695,nan,nan,0,0.02,0.02,0.0181111
juelich_pilot_d30_r2_log_distance_s01_w1,juelich,12345,1,1,log-distance,45,46,veh11,veh15,2,0,1,967.773,0,7.88279,7.72007,nan,nan,0,0.02,0.016,0.0181111
juelich_pilot_d30_r2_log_distance_s01_w1,juelich,12345,1,1,log-distance,45,46,veh11,veh4,2,2,0,219.001,1,7.88279,10.6821,-73.4866,23.4897,2,0.02,0.025,0.0181111
juelich_pilot_d30_r2_log_distance_s01_w1,juelich,12345,1,1,log-distance,45,46,veh11,veh5,2,0,1,871.315,0,7.88279,7.60851,nan,nan,0,0.02,0.02,0.0181111
juelich_pilot_d30_r2_log_distance_s01_w1,juelich,12345,1,1,log-distance,45,46,veh11,veh6,2,2,0,253.293,1,7.88279,9.08527,-74.7502,22.2261,2,0.02,0.02,0.0181111
juelich_pilot_d30_r2_log_distance_s01_w1,juelich,12345,1,1,log-distance,45,46,veh11,veh7,2,0,1,844.077,0,7.88279,12.7718,nan,nan,0,0.02,0.02,0.0181111
juelich_pilot_d30_r2_log_distance_s01_w1,juelich,12345,1,1,log-distance,45,46,veh11,veh8,2,0,1,947.391,0,7.88279,3.26208,nan,nan,0,0.02,0.014,0.0181111
juelich_pilot_d30_r2_log_distance_s01_w1,juelich,12345,1,1,log-distance,45,46,veh11,veh9,2,2,0,46.1646,1,7.88279,7.15848,-59.9638,37.0125,2,0.02,0.02,0.0181111
juelich_pilot_d30_r2_log_distance_s01_w1,juelich,12345,1,1,log-distance,45,46,veh12,veh0,2,2,0,458.485,1,7.682,14.0645,-79.9042,17.0721,2,0.02,0.026,0.0181111
juelich_pilot_d30_r2_log_distance_s01_w1,juelich,12345,1,1,log-distance,45,46,veh12,veh1,2,0,1,617.13,0,7.682,7.80571,nan,nan,0,0.02,0.02,0.0181111
juelich_pilot_d30_r2_log_distance_s01_w1,juelich,12345,1,1,log-distance,45,46,veh12,veh10,2,2,0,335.254,1,7.682,5.141,-77.185,19.7913,2,0.02,0.02,0.0181111
juelich_pilot_d30_r2_log_distance_s01_w1,juelich,12345,1,1,log-distance,45,46,veh12,veh11,2,2,0,563.169,0,7.682,7.88279,-81.6903,15.2859,2,0.02,0.02,0.0181111
juelich_pilot_d30_r2_log_distance_s01_w1,juelich,12345,1,1,log-distance,45,46,veh12,veh13,2,2,0,363.652,1,7.682,6.37198,-77.891,19.0852,2,0.02,0.026,0.0181111
juelich_pilot_d30_r2_log_distance_s01_w1,juelich,12345,1,1,log-distance,45,46,veh12,veh14,2,2,0,121.771,1,7.682,15.2695,-68.3854,28.5909,2,0.02,0.02,0.0181111
juelich_pilot_d30_r2_log_distance_s01_w1,juelich,12345,1,1,log-distance,45,46,veh12,veh15,2,0,1,950.096,0,7.682,7.72007,nan,nan,0,0.02,0.016,0.0181111
juelich_pilot_d30_r2_log_distance_s01_w1,juelich,12345,1,1,log-distance,45,46,veh12,veh4,2,2,0,380.754,1,7.682,10.6821,-78.2902,18.6861,2,0.02,0.025,0.0181111
juelich_pilot_d30_r2_log_distance_s01_w1,juelich,12345,1,1,log-distance,45,46,veh12,veh5,2,0,1,977.48,0,7.682,7.60851,nan,nan,0,0.02,0.02,0.0181111
juelich_pilot_d30_r2_log_distance_s01_w1,juelich,12345,1,1,log-distance,45,46,veh12,veh6,2,2,0,310.378,1,7.682,9.08527,-76.5151,20.4612,2,0.02,0.02,0.0181111
juelich_pilot_d30_r2_log_distance_s01_w1,juelich,12345,1,1,log-distance,45,46,veh12,veh9,2,2,0,522.527,0,7.682,7.15848,-81.0397,15.9365,2,0.02,0.02,0.0181111
juelich_pilot_d30_r2_log_distance_s01_w1,juelich,12345,1,1,log-distance,45,46,veh13,veh0,2,2,0,222.879,1,6.37198,14.0645,-73.6376,23.3386,2,0.026,0.026,0.0181111
juelich_pilot_d30_r2_log_distance_s01_w1,juelich,12345,1,1,log-distance,45,46,veh13,veh1,2,2,0,437.94,1,6.37198,7.80571,-79.5059,17.4704,2,0.026,0.02,0.0181111
juelich_pilot_d30_r2_log_distance_s01_w1,juelich,12345,1,1,log-distance,45,46,veh13,veh10,2,2,0,273.824,1,6.37198,5.141,-75.4269,21.5494,2,0.026,0.02,0.0181111
juelich_pilot_d30_r2_log_distance_s01_w1,juelich,12345,1,1,log-distance,45,46,veh13,veh11,2,2,0,379.666,1,6.37198,7.88279,-78.2656,18.7107,2,0.026,0.02,0.0181111
juelich_pilot_d30_r2_log_distance_s01_w1,juelich,12345,1,1,log-distance,45,46,veh13,veh12,2,2,0,363.652,1,6.37198,7.682,-77.891,19.0852,2,0.026,0.02,0.0181111
juelich_pilot_d30_r2_log_distance_s01_w1,juelich,12345,1,1,log-distance,45,46,veh13,veh14,2,2,0,425.569,1,6.37198,15.2695,-79.2569,17.7194,2,0.026,0.02,0.0181111
juelich_pilot_d30_r2_log_distance_s01_w1,juelich,12345,1,1,log-distance,45,46,veh13,veh15,2,0,1,674.02,0,6.37198,7.72007,nan,nan,0,0.026,0.016,0.0181111
juelich_pilot_d30_r2_log_distance_s01_w1,juelich,12345,1,1,log-distance,45,46,veh13,veh4,2,2,0,173.19,1,6.37198,10.6821,-71.4467,25.5296,2,0.026,0.025,0.0181111
juelich_pilot_d30_r2_log_distance_s01_w1,juelich,12345,1,1,log-distance,45,46,veh13,veh5,2,0,1,649.082,0,6.37198,7.60851,nan,nan,0,0.026,0.02,0.0181111
juelich_pilot_d30_r2_log_distance_s01_w1,juelich,12345,1,1,log-distance,45,46,veh13,veh6,2,2,0,257.3,1,6.37198,9.08527,-74.8861,22.0902,2,0.026,0.02,0.0181111
juelich_pilot_d30_r2_log_distance_s01_w1,juelich,12345,1,1,log-distance,45,46,veh13,veh7,2,0,1,745.845,0,6.37198,12.7718,nan,nan,0,0.026,0.02,0.0181111
juelich_pilot_d30_r2_log_distance_s01_w1,juelich,12345,1,1,log-distance,45,46,veh13,veh8,2,0,1,949.717,0,6.37198,3.26208,nan,nan,0,0.026,0.014,0.0181111
juelich_pilot_d30_r2_log_distance_s01_w1,juelich,12345,1,1,log-distance,45,46,veh13,veh9,2,2,0,334.748,1,6.37198,7.15848,-77.1719,19.8044,2,0.026,0.02,0.0181111
juelich_pilot_d30_r2_log_distance_s01_w1,juelich,12345,1,1,log-distance,45,46,veh14,veh0,2,2,0,461.972,1,15.2695,14.0645,-79.97,17.0063,2,0.02,0.026,0.0181111
juelich_pilot_d30_r2_log_distance_s01_w1,juelich,12345,1,1,log-distance,45,46,veh14,veh1,2,0,1,730.675,0,15.2695,7.80571,nan,nan,0,0.02,0.02,0.0181111
juelich_pilot_d30_r2_log_distance_s01_w1,juelich,12345,1,1,log-distance,45,46,veh14,veh10,2,2,0,450.751,1,15.2695,5.141,-79.756,17.2203,2,0.02,0.02,0.0181111
juelich_pilot_d30_r2_log_distance_s01_w1,juelich,12345,1,1,log-distance,45,46,veh14,veh11,2,0,1,675.038,0,15.2695,7.88279,nan,nan,0,0.02,0.02,0.0181111
juelich_pilot_d30_r2_log_distance_s01_w1,juelich,12345,1,1,log-distance,45,46,veh14,veh12,2,2,0,121.771,1,15.2695,7.682,-68.3854,28.5909,2,0.02,0.02,0.0181111
juelich_pilot_d30_r2_log_distance_s01_w1,juelich,12345,1,1,log-distance,45,46,veh14,veh13,2,2,0,425.569,1,15.2695,6.37198,-79.2569,17.7194,2,0.02,0.026,0.0181111
juelich_pilot_d30_r2_log_distance_s01_w1,juelich,12345,1,1,log-distance,45,46,veh14,veh15,2,0,1,936.193,0,15.2695,7.72007,nan,nan,0,0.02,0.016,0.0181111
juelich_pilot_d30_r2_log_distance_s01_w1,juelich,12345,1,1,log-distance,45,46,veh14,veh4,2,2,0,479.781,1,15.2695,10.6821,-80.2981,16.6782,2,0.02,0.025,0.0181111
juelich_pilot_d30_r2_log_distance_s01_w1,juelich,12345,1,1,log-distance,45,46,veh14,veh5,2,0,1,989.712,0,15.2695,7.60851,nan,nan,0,0.02,0.02,0.0181111
juelich_pilot_d30_r2_log_distance_s01_w1,juelich,12345,1,1,log-distance,45,46,veh14,veh6,2,2,0,424.881,1,15.2695,9.08527,-79.2423,17.734,2,0.02,0.02,0.0181111
juelich_pilot_d30_r2_log_distance_s01_w1,juelich,12345,1,1,log-distance,45,46,veh14,veh9,2,0,1,632.705,0,15.2695,7.15848,nan,nan,0,0.02,0.02,0.0181111
juelich_pilot_d30_r2_log_distance_s01_w1,juelich,12345,1,1,log-distance,45,46,veh15,veh0,2,2,0,494.044,1,7.72007,14.0645,-80.5528,1.47699,2,0.016,0.026,0.0181111
juelich_pilot_d30_r2_log_distance_s01_w1,juelich,12345,1,1,log-distance,45,46,veh15,veh10,2,0,1,943.774,0,7.72007,5.141,nan,nan,0,0.016,0.02,0.0181111
juelich_pilot_d30_r2_log_distance_s01_w1,juelich,12345,1,1,log-distance,45,46,veh15,veh11,2,0,1,967.773,0,7.72007,7.88279,nan,nan,0,0.016,0.02,0.0181111
juelich_pilot_d30_r2_log_distance_s01_w1,juelich,12345,1,1,log-distance,45,46,veh15,veh12,2,0,1,950.096,0,7.72007,7.682,nan,nan,0,0.016,0.02,0.0181111
juelich_pilot_d30_r2_log_distance_s01_w1,juelich,12345,1,1,log-distance,45,46,veh15,veh13,2,0,1,674.02,0,7.72007,6.37198,nan,nan,0,0.016,0.026,0.0181111
juelich_pilot_d30_r2_log_distance_s01_w1,juelich,12345,1,1,log-distance,45,46,veh15,veh14,2,0,1,936.193,0,7.72007,15.2695,nan,nan,0,0.016,0.02,0.0181111
juelich_pilot_d30_r2_log_distance_s01_w1,juelich,12345,1,1,log-distance,45,46,veh15,veh16,2,0,1,621.162,0,7.72007,4.41572,nan,nan,0,0.016,0.014,0.0181111
juelich_pilot_d30_r2_log_distance_s01_w1,juelich,12345,1,1,log-distance,45,46,veh15,veh2,2,0,1,978.46,0,7.72007,0,nan,nan,0,0.016,0.012,0.0181111
juelich_pilot_d30_r2_log_distance_s01_w1,juelich,12345,1,1,log-distance,45,46,veh15,veh3,2,0,1,825.732,0,7.72007,12.1412,nan,nan,0,0.016,0.013,0.0181111
juelich_pilot_d30_r2_log_distance_s01_w1,juelich,12345,1,1,log-distance,45,46,veh15,veh4,2,0,1,825.641,0,7.72007,10.6821,nan,nan,0,0.016,0.025,0.0181111
juelich_pilot_d30_r2_log_distance_s01_w1,juelich,12345,1,1,log-distance,45,46,veh15,veh5,2,2,0,210.77,1,7.72007,7.60851,-73.1532,12.0305,2,0.016,0.02,0.0181111
juelich_pilot_d30_r2_log_distance_s01_w1,juelich,12345,1,1,log-distance,45,46,veh15,veh6,2,0,1,929.894,0,7.72007,9.08527,nan,nan,0,0.016,0.02,0.0181111
juelich_pilot_d30_r2_log_distance_s01_w1,juelich,12345,1,1,log-distance,45,46,veh15,veh7,2,2,0,491.832,1,7.72007,12.7718,-80.514,4.41155,2,0.016,0.02,0.0181111
juelich_pilot_d30_r2_log_distance_s01_w1,juelich,12345,1,1,log-distance,45,46,veh15,veh8,2,0,1,768.164,0,7.72007,3.26208,nan,nan,0,0.016,0.014,0.0181111
juelich_pilot_d30_r2_log_distance_s01_w1,juelich,12345,1,1,log-distance,45,46,veh15,veh9,2,0,1,935.135,0,7.72007,7.15848,nan,nan,0,0.016,0.02,0.0181111
juelich_pilot_d30_r2_log_distance_s01_w1,juelich,12345,1,1,log-distance,45,46,veh16,veh15,2,0,1,621.162,0,4.41572,7.72007,nan,nan,0,0.014,0.016,0.0181111
juelich_pilot_d30_r2_log_distance_s01_w1,juelich,12345,1,1,log-distance,45,46,veh16,veh2,2,0,1,666.582,0,4.41572,0,nan,nan,0,0.014,0.012,0.0181111
juelich_pilot_d30_r2_log_distance_s01_w1,juelich,12345,1,1,log-distance,45,46,veh16,veh3,2,2,0,574.356,0,4.41572,12.1412,-81.8612,15.1151,2,0.014,0.013,0.0181111
juelich_pilot_d30_r2_log_distance_s01_w1,juelich,12345,1,1,log-distance,45,46,veh16,veh5,2,0,1,593.344,0,4.41572,7.60851,nan,nan,0,0.014,0.02,0.0181111
juelich_pilot_d30_r2_log_distance_s01_w1,juelich,12345,1,1,log-distance,45,46,veh16,veh7,2,0,1,639.289,0,4.41572,12.7718,nan,nan,0,0.014,0.02,0.0181111
juelich_pilot_d30_r2_log_distance_s01_w1,juelich,12345,1,1,log-distance,45,46,veh16,veh8,2,0,1,753.847,0,4.41572,3.26208,nan,nan,0,0.014,0.014,0.0181111
juelich_pilot_d30_r2_log_distance_s01_w1,juelich,12345,1,1,log-distance,45,46,veh2,veh15,2,0,1,978.46,0,0,7.72007,nan,nan,0,0.012,0.016,0.0181111
juelich_pilot_d30_r2_log_distance_s01_w1,juelich,12345,1,1,log-distance,45,46,veh2,veh16,2,0,1,666.582,0,0,4.41572,nan,nan,0,0.012,0.014,0.0181111
juelich_pilot_d30_r2_log_distance_s01_w1,juelich,12345,1,1,log-distance,45,46,veh2,veh3,2,2,0,155.032,1,0,12.1412,-70.4845,26.4918,2,0.012,0.013,0.0181111
juelich_pilot_d30_r2_log_distance_s01_w1,juelich,12345,1,1,log-distance,45,46,veh2,veh5,2,0,1,803.574,0,0,7.60851,nan,nan,0,0.012,0.02,0.0181111
juelich_pilot_d30_r2_log_distance_s01_w1,juelich,12345,1,1,log-distance,45,46,veh2,veh7,2,1,0.5,582.476,0,0,12.7718,-81.9399,15.0364,1,0.012,0.02,0.0181111
juelich_pilot_d30_r2_log_distance_s01_w1,juelich,12345,1,1,log-distance,45,46,veh2,veh8,2,2,0,397.066,1,0,3.26208,-78.655,18.3213,2,0.012,0.014,0.0181111
juelich_pilot_d30_r2_log_distance_s01_w1,juelich,12345,1,1,log-distance,45,46,veh3,veh15,2,0,1,825.732,0,12.1412,7.72007,nan,nan,0,0.013,0.016,0.0181111
juelich_pilot_d30_r2_log_distance_s01_w1,juelich,12345,1,1,log-distance,45,46,veh3,veh16,2,2,0,574.356,0,12.1412,4.41572,-81.8612,15.1151,2,0.013,0.014,0.0181111
juelich_pilot_d30_r2_log_distance_s01_w1,juelich,12345,1,1,log-distance,45,46,veh3,veh2,2,2,0,155.032,1,12.1412,0,-70.4845,26.4918,2,0.013,0.012,0.0181111
juelich_pilot_d30_r2_log_distance_s01_w1,juelich,12345,1,1,log-distance,45,46,veh3,veh5,2,0,1,648.605,0,12.1412,7.60851,nan,nan,0,0.013,0.02,0.0181111
juelich_pilot_d30_r2_log_distance_s01_w1,juelich,12345,1,1,log-distance,45,46,veh3,veh7,2,2,0,432.993,1,12.1412,12.7718,-79.4073,17.569,2,0.013,0.02,0.0181111
juelich_pilot_d30_r2_log_distance_s01_w1,juelich,12345,1,1,log-distance,45,46,veh3,veh8,2,2,0,291.96,1,12.1412,3.26208,-75.984,20.9923,2,0.013,0.014,0.0181111
juelich_pilot_d30_r2_log_distance_s01_w1,juelich,12345,1,1,log-distance,45,46,veh4,veh0,2,2,0,396,1,10.6821,14.0645,-78.6316,18.3447,2,0.025,0.026,0.0181111
juelich_pilot_d30_r2_log_distance_s01_w1,juelich,12345,1,1,log-distance,45,46,veh4,veh1,2,2,0,278.642,1,10.6821,7.80571,-75.5786,21.3977,2,0.025,0.02,0.0181111
juelich_pilot_d30_r2_log_distance_s01_w1,juelich,12345,1,1,log-distance,45,46,veh4,veh10,2,2,0,127.158,1,10.6821,5.141,-68.7645,28.2117,2,0.025,0.02,0.0181111
juelich_pilot_d30_r2_log_distance_s01_w1,juelich,12345,1,1,log-distance,45,46,veh4,veh11,2,2,0,219.001,1,10.6821,7.88279,-73.4866,23.4897,2,0.025,0.02,0.0181111
juelich_pilot_d30_r2_log_distance_s01_w1,juelich,12345,1,1,log-distance,45,46,veh4,veh12,2,2,0,380.754,1,10.6821,7.682,-78.2902,18.6861,2,0.025,0.02,0.0181111
juelich_pilot_d30_r2_log_distance_s01_w1,juelich,12345,1,1,log-distance,45,46,veh4,veh13,2,2,0,173.19,1,10.6821,6.37198,-71.4467,25.5296,2,0.025,0.026,0.0181111
juelich_pilot_d30_r2_log_distance_s01_w1,juelich,12345,1,1,log-distance,45,46,veh4,veh14,2,2,0,479.781,1,10.6821,15.2695,-80.2981,16.6782,2,0.025,0.02,0.0181111
juelich_pilot_d30_r2_log_distance_s01_w1,juelich,12345,1,1,log-distance,45,46,veh4,veh15,2,0,1,825.641,0,10.6821,7.72007,nan,nan,0,0.025,0.016,0.0181111
juelich_pilot_d30_r2_log_distance_s01_w1,juelich,12345,1,1,log-distance,45,46,veh4,veh5,2,0,1,770.953,0,10.6821,7.60851,nan,nan,0,0.025,0.02,0.0181111
juelich_pilot_d30_r2_log_distance_s01_w1,juelich,12345,1,1,log-distance,45,46,veh4,veh6,2,2,0,124.705,1,10.6821,9.08527,-68.5954,28.3809,2,0.025,0.02,0.0181111
juelich_pilot_d30_r2_log_distance_s01_w1,juelich,12345,1,1,log-distance,45,46,veh4,veh7,2,0,1,815.073,0,10.6821,12.7718,nan,nan,0,0.025,0.02,0.0181111
juelich_pilot_d30_r2_log_distance_s01_w1,juelich,12345,1,1,log-distance,45,46,veh4,veh8,2,0,1,978.599,0,10.6821,3.26208,nan,nan,0,0.025,0.014,0.0181111
juelich_pilot_d30_r2_log_distance_s01_w1,juelich,12345,1,1,log-distance,45,46,veh4,veh9,2,2,0,172.838,1,10.6821,7.15848,-71.4304,25.5459,2,0.025,0.02,0.0181111
juelich_pilot_d30_r2_log_distance_s01_w1,juelich,12345,1,1,log-distance,45,46,veh5,veh0,2,2,0,527.825,0,7.60851,14.0645,-81.1275,15.8488,2,0.02,0.026,0.0181111
juelich_pilot_d30_r2_log_distance_s01_w1,juelich,12345,1,1,log-distance,45,46,veh5,veh1,2,0,1,905.639,0,7.60851,7.80571,nan,nan,0,0.02,0.02,0.0181111
juelich_pilot_d30_r2_log_distance_s01_w1,juelich,12345,1,1,log-distance,45,46,veh5,veh10,2,0,1,896.859,0,7.60851,5.141,nan,nan,0,0.02,0.02,0.0181111
juelich_pilot_d30_r2_log_distance_s01_w1,juelich,12345,1,1,log-distance,45,46,veh5,veh11,2,0,1,871.315,0,7.60851,7.88279,nan,nan,0,0.02,0.02,0.0181111
juelich_pilot_d30_r2_log_distance_s01_w1,juelich,12345,1,1,log-distance,45,46,veh5,veh12,2,0,1,977.48,0,7.60851,7.682,nan,nan,0,0.02,0.02,0.0181111
juelich_pilot_d30_r2_log_distance_s01_w1,juelich,12345,1,1,log-distance,45,46,veh5,veh13,2,0,1,649.082,0,7.60851,6.37198,nan,nan,0,0.02,0.026,0.0181111
juelich_pilot_d30_r2_log_distance_s01_w1,juelich,12345,1,1,log-distance,45,46,veh5,veh14,2,0,1,989.712,0,7.60851,15.2695,nan,nan,0,0.02,0.02,0.0181111
juelich_pilot_d30_r2_log_distance_s01_w1,juelich,12345,1,1,log-distance,45,46,veh5,veh15,2,2,0,210.77,1,7.60851,7.72007,-73.1532,23.823,2,0.02,0.016,0.0181111
juelich_pilot_d30_r2_log_distance_s01_w1,juelich,12345,1,1,log-distance,45,46,veh5,veh16,2,0,1,593.344,0,7.60851,4.41572,nan,nan,0,0.02,0.014,0.0181111
juelich_pilot_d30_r2_log_distance_s01_w1,juelich,12345,1,1,log-distance,45,46,veh5,veh2,2,0,1,803.574,0,7.60851,0,nan,nan,0,0.02,0.012,0.0181111
juelich_pilot_d30_r2_log_distance_s01_w1,juelich,12345,1,1,log-distance,45,46,veh5,veh3,2,0,1,648.605,0,7.60851,12.1412,nan,nan,0,0.02,0.013,0.0181111
juelich_pilot_d30_r2_log_distance_s01_w1,juelich,12345,1,1,log-distance,45,46,veh5,veh4,2,0,1,770.953,0,7.60851,10.6821,nan,nan,0,0.02,0.025,0.0181111
juelich_pilot_d30_r2_log_distance_s01_w1,juelich,12345,1,1,log-distance,45,46,veh5,veh6,2,0,1,888.545,0,7.60851,9.08527,nan,nan,0,0.02,0.02,0.0181111
juelich_pilot_d30_r2_log_distance_s01_w1,juelich,12345,1,1,log-distance,45,46,veh5,veh7,2,2,0,281.813,1,7.60851,12.7718,-75.6765,21.2998,2,0.02,0.02,0.0181111
juelich_pilot_d30_r2_log_distance_s01_w1,juelich,12345,1,1,log-distance,45,46,veh5,veh8,2,2,0,560.152,0,7.60851,3.26208,-81.6437,15.3325,2,0.02,0.014,0.0181111
juelich_pilot_d30_r2_log_distance_s01_w1,juelich,12345,1,1,log-distance,45,46,veh5,veh9,2,0,1,846.193,0,7.60851,7.15848,nan,nan,0,0.02,0.02,0.0181111
juelich_pilot_d30_r2_log_distance_s01_w1,juelich,12345,1,1,log-distance,45,46,veh6,veh0,2,2,0,470.569,1,9.08527,14.0645,-80.1301,16.8462,2,0.02,0.026,0.0181111
juelich_pilot_d30_r2_log_distance_s01_w1,juelich,12345,1,1,log-distance,45,46,veh6,veh1,2,2,0,306.76,1,9.08527,7.80571,-76.4137,20.5626,2,0.02,0.02,0.0181111
juelich_pilot_d30_r2_log_distance_s01_w1,juelich,12345,1,1,log-distance,45,46,veh6,veh10,2,2,0,27.0896,1,9.08527,5.141,-55.3271,41.6492,2,0.02,0.02,0.0181111
juelich_pilot_d30_r2_log_distance_s01_w1,juelich,12345,1,1,log-distance,45,46,veh6,veh11,2,2,0,253.293,1,9.08527,7.88279,-74.7502,22.2261,2,0.02,0.02,0.0181111
juelich_pilot_d30_r2_log_distance_s01_w1,juelich,12345,1,1,log-distance,45,46,veh6,veh12,2,2,0,310.378,1,9.08527,7.682,-76.5151,20.4612,2,0.02,0.02,0.0181111
juelich_pilot_d30_r2_log_distance_s01_w1,juelich,12345,1,1,log-distance,45,46,veh6,veh13,2,2,0,257.3,1,9.08527,6.37198,-74.8861,22.0902,2,0.02,0.026,0.0181111
juelich_pilot_d30_r2_log_distance_s01_w1,juelich,12345,1,1,log-distance,45,46,veh6,veh14,2,2,0,424.881,1,9.08527,15.2695,-79.2423,17.734,2,0.02,0.02,0.0181111
juelich_pilot_d30_r2_log_distance_s01_w1,juelich,12345,1,1,log-distance,45,46,veh6,veh15,2,0,1,929.894,0,9.08527,7.72007,nan,nan,0,0.02,0.016,0.0181111
juelich_pilot_d30_r2_log_distance_s01_w1,juelich,12345,1,1,log-distance,45,46,veh6,veh4,2,2,0,124.705,1,9.08527,10.6821,-68.5954,28.3809,2,0.02,0.025,0.0181111
juelich_pilot_d30_r2_log_distance_s01_w1,juelich,12345,1,1,log-distance,45,46,veh6,veh5,2,0,1,888.545,0,9.08527,7.60851,nan,nan,0,0.02,0.02,0.0181111
juelich_pilot_d30_r2_log_distance_s01_w1,juelich,12345,1,1,log-distance,45,46,veh6,veh7,2,0,1,939.766,0,9.08527,12.7718,nan,nan,0,0.02,0.02,0.0181111
juelich_pilot_d30_r2_log_distance_s01_w1,juelich,12345,1,1,log-distance,45,46,veh6,veh9,2,2,0,214.49,1,9.08527,7.15848,-73.3058,23.6704,2,0.02,0.02,0.0181111
juelich_pilot_d30_r2_log_distance_s01_w1,juelich,12345,1,1,log-distance,45,46,veh7,veh0,2,0,1,702.576,0,12.7718,14.0645,nan,nan,0,0.02,0.026,0.0181111
juelich_pilot_d30_r2_log_distance_s01_w1,juelich,12345,1,1,log-distance,45,46,veh7,veh1,2,0,1,861.169,0,12.7718,7.80571,nan,nan,0,0.02,0.02,0.0181111
juelich_pilot_d30_r2_log_distance_s01_w1,juelich,12345,1,1,log-distance,45,46,veh7,veh10,2,0,1,939.97,0,12.7718,5.141,nan,nan,0,0.02,0.02,0.0181111
juelich_pilot_d30_r2_log_distance_s01_w1,juelich,12345,1,1,log-distance,45,46,veh7,veh11,2,0,1,844.077,0,12.7718,7.88279,nan,nan,0,0.02,0.02,0.0181111
juelich_pilot_d30_r2_log_distance_s01_w1,juelich,12345,1,1,log-distance,45,46,veh7,veh13,2,0,1,745.845,0,12.7718,6.37198,nan,nan,0,0.02,0.026,0.0181111
juelich_pilot_d30_r2_log_distance_s01_w1,juelich,12345,1,1,log-distance,45,46,veh7,veh15,2,2,0,491.832,1,12.7718,7.72007,-80.514,16.4622,2,0.02,0.016,0.0181111
juelich_pilot_d30_r2_log_distance_s01_w1,juelich,12345,1,1,log-distance,45,46,veh7,veh16,2,0,1,639.289,0,12.7718,4.41572,nan,nan,0,0.02,0.014,0.0181111
juelich_pilot_d30_r2_log_distance_s01_w1,juelich,12345,1,1,log-distance,45,46,veh7,veh2,2,1,0.5,582.476,0,12.7718,0,-81.9399,15.0364,1,0.02,0.012,0.0181111
juelich_pilot_d30_r2_log_distance_s01_w1,juelich,12345,1,1,log-distance,45,46,veh7,veh3,2,2,0,432.993,1,12.7718,12.1412,-79.4073,17.569,2,0.02,0.013,0.0181111
juelich_pilot_d30_r2_log_distance_s01_w1,juelich,12345,1,1,log-distance,45,46,veh7,veh4,2,0,1,815.073,0,12.7718,10.6821,nan,nan,0,0.02,0.025,0.0181111
juelich_pilot_d30_r2_log_distance_s01_w1,juelich,12345,1,1,log-distance,45,46,veh7,veh5,2,2,0,281.813,1,12.7718,7.60851,-75.6765,21.2998,2,0.02,0.02,0.0181111
juelich_pilot_d30_r2_log_distance_s01_w1,juelich,12345,1,1,log-distance,45,46,veh7,veh6,2,0,1,939.766,0,12.7718,9.08527,nan,nan,0,0.02,0.02,0.0181111
juelich_pilot_d30_r2_log_distance_s01_w1,juelich,12345,1,1,log-distance,45,46,veh7,veh8,2,2,0,280.133,1,12.7718,3.26208,-75.6249,21.3513,2,0.02,0.014,0.0181111
juelich_pilot_d30_r2_log_distance_s01_w1,juelich,12345,1,1,log-distance,45,46,veh7,veh9,2,0,1,832.985,0,12.7718,7.15848,nan,nan,0,0.02,0.02,0.0181111
juelich_pilot_d30_r2_log_distance_s01_w1,juelich,12345,1,1,log-distance,45,46,veh8,veh0,2,0,1,950.067,0,3.26208,14.0645,nan,nan,0,0.014,0.026,0.0181111
juelich_pilot_d30_r2_log_distance_s01_w1,juelich,12345,1,1,log-distance,45,46,veh8,veh1,2,0,1,947.168,0,3.26208,7.80571,nan,nan,0,0.014,0.02,0.0181111
juelich_pilot_d30_r2_log_distance_s01_w1,juelich,12345,1,1,log-distance,45,46,veh8,veh11,2,0,1,947.391,0,3.26208,7.88279,nan,nan,0,0.014,0.02,0.0181111
juelich_pilot_d30_r2_log_distance_s01_w1,juelich,12345,1,1,log-distance,45,46,veh8,veh13,2,0,1,949.717,0,3.26208,6.37198,nan,nan,0,0.014,0.026,0.0181111
juelich_pilot_d30_r2_log_distance_s01_w1,juelich,12345,1,1,log-distance,45,46,veh8,veh15,2,0,1,768.164,0,3.26208,7.72007,nan,nan,0,0.014,0.016,0.0181111
juelich_pilot_d30_r2_log_distance_s01_w1,juelich,12345,1,1,log-distance,45,46,veh8,veh16,2,0,1,753.847,0,3.26208,4.41572,nan,nan,0,0.014,0.014,0.0181111
juelich_pilot_d30_r2_log_distance_s01_w1,juelich,12345,1,1,log-distance,45,46,veh8,veh2,2,2,0,397.066,1,3.26208,0,-78.655,18.3213,2,0.014,0.012,0.0181111
juelich_pilot_d30_r2_log_distance_s01_w1,juelich,12345,1,1,log-distance,45,46,veh8,veh3,2,2,0,291.96,1,3.26208,12.1412,-75.984,20.9923,2,0.014,0.013,0.0181111
juelich_pilot_d30_r2_log_distance_s01_w1,juelich,12345,1,1,log-distance,45,46,veh8,veh4,2,0,1,978.599,0,3.26208,10.6821,nan,nan,0,0.014,0.025,0.0181111
juelich_pilot_d30_r2_log_distance_s01_w1,juelich,12345,1,1,log-distance,45,46,veh8,veh5,2,2,0,560.152,0,3.26208,7.60851,-81.6437,15.3325,2,0.014,0.02,0.0181111
juelich_pilot_d30_r2_log_distance_s01_w1,juelich,12345,1,1,log-distance,45,46,veh8,veh7,2,2,0,280.133,1,3.26208,12.7718,-75.6249,21.3513,2,0.014,0.02,0.0181111
juelich_pilot_d30_r2_log_distance_s01_w1,juelich,12345,1,1,log-distance,45,46,veh8,veh9,2,0,1,949.571,0,3.26208,7.15848,nan,nan,0,0.014,0.02,0.0181111
juelich_pilot_d30_r2_log_distance_s01_w1,juelich,12345,1,1,log-distance,45,46,veh9,veh0,2,2,0,551.868,0,7.15848,14.0645,-81.5144,15.4619,2,0.02,0.026,0.0181111
juelich_pilot_d30_r2_log_distance_s01_w1,juelich,12345,1,1,log-distance,45,46,veh9,veh1,2,2,0,105.804,1,7.15848,7.80571,-67.1677,29.8085,2,0.02,0.02,0.0181111
juelich_pilot_d30_r2_log_distance_s01_w1,juelich,12345,1,1,log-distance,45,46,veh9,veh10,2,2,0,193.023,1,7.15848,5.141,-72.3899,24.5864,2,0.02,0.02,0.0181111
juelich_pilot_d30_r2_log_distance_s01_w1,juelich,12345,1,1,log-distance,45,46,veh9,veh11,2,2,0,46.1646,1,7.15848,7.88279,-59.9638,37.0125,2,0.02,0.02,0.0181111
juelich_pilot_d30_r2_log_distance_s01_w1,juelich,12345,1,1,log-distance,45,46,veh9,veh12,2,2,0,522.527,0,7.15848,7.682,-81.0397,15.9365,2,0.02,0.02,0.0181111
juelich_pilot_d30_r2_log_distance_s01_w1,juelich,12345,1,1,log-distance,45,46,veh9,veh13,2,2,0,334.748,1,7.15848,6.37198,-77.1719,19.8044,2,0.02,0.026,0.0181111
juelich_pilot_d30_r2_log_distance_s01_w1,juelich,12345,1,1,log-distance,45,46,veh9,veh14,2,0,1,632.705,0,7.15848,15.2695,nan,nan,0,0.02,0.02,0.0181111
juelich_pilot_d30_r2_log_distance_s01_w1,juelich,12345,1,1,log-distance,45,46,veh9,veh15,2,0,1,935.135,0,7.15848,7.72007,nan,nan,0,0.02,0.016,0.0181111
juelich_pilot_d30_r2_log_distance_s01_w1,juelich,12345,1,1,log-distance,45,46,veh9,veh4,2,2,0,172.838,1,7.15848,10.6821,-71.4304,25.5459,2,0.02,0.025,0.0181111
juelich_pilot_d30_r2_log_distance_s01_w1,juelich,12345,1,1,log-distance,45,46,veh9,veh5,2,0,1,846.193,0,7.15848,7.60851,nan,nan,0,0.02,0.02,0.0181111
juelich_pilot_d30_r2_log_distance_s01_w1,juelich,12345,1,1,log-distance,45,46,veh9,veh6,2,2,0,214.49,1,7.15848,9.08527,-73.3058,23.6704,2,0.02,0.02,0.0181111
juelich_pilot_d30_r2_log_distance_s01_w1,juelich,12345,1,1,log-distance,45,46,veh9,veh7,2,0,1,832.985,0,7.15848,12.7718,nan,nan,0,0.02,0.02,0.0181111
juelich_pilot_d30_r2_log_distance_s01_w1,juelich,12345,1,1,log-distance,45,46,veh9,veh8,2,0,1,949.571,0,7.15848,3.26208,nan,nan,0,0.02,0.014,0.0181111
juelich_pilot_d30_r2_log_distance_s01_w1,juelich,12345,1,1,log-distance,46,47,veh0,veh1,2,0,1,657.857,0,14.0925,7.78013,nan,nan,0,0.028,0.02,0.0208889
juelich_pilot_d30_r2_log_distance_s01_w1,juelich,12345,1,1,log-distance,46,47,veh0,veh10,2,2,0,497.708,1,14.0925,6.34406,-80.6172,16.3591,2,0.028,0.02,0.0208889
juelich_pilot_d30_r2_log_distance_s01_w1,juelich,12345,1,1,log-distance,46,47,veh0,veh11,2,0,1,601.501,0,14.0925,7.35737,nan,nan,0,0.028,0.02,0.0208889
juelich_pilot_d30_r2_log_distance_s01_w1,juelich,12345,1,1,log-distance,46,47,veh0,veh12,2,2,0,454.253,1,14.0925,8.48864,-79.8236,17.1527,2,0.028,0.02,0.0208889
juelich_pilot_d30_r2_log_distance_s01_w1,juelich,12345,1,1,log-distance,46,47,veh0,veh13,2,2,0,238.853,1,14.0925,6.32548,-74.2392,22.7371,2,0.028,0.028,0.0208889
juelich_pilot_d30_r2_log_distance_s01_w1,juelich,12345,1,1,log-distance,46,47,veh0,veh14,2,2,0,463.367,1,14.0925,16.1675,-79.9962,16.9801,2,0.028,0.02,0.0208889
juelich_pilot_d30_r2_log_distance_s01_w1,juelich,12345,1,1,log-distance,46,47,veh0,veh15,2,2,0,481.875,1,14.0925,7.76651,-80.3363,16.64,2,0.028,0.02,0.0208889
juelich_pilot_d30_r2_log_distance_s01_w1,juelich,12345,1,1,log-distance,46,47,veh0,veh17,2,0,1,616.862,0,14.0925,0.82667,nan,nan,0,0.028,0.022,0.0208889
juelich_pilot_d30_r2_log_distance_s01_w1,juelich,12345,1,1,log-distance,46,47,veh0,veh4,2,2,0,399.938,1,14.0925,8.79245,-78.7175,18.2587,2,0.028,0.028,0.0208889
juelich_pilot_d30_r2_log_distance_s01_w1,juelich,12345,1,1,log-distance,46,47,veh0,veh5,2,2,0,527.883,0,14.0925,8.80782,-81.1285,15.8478,2,0.028,0.022,0.0208889
juelich_pilot_d30_r2_log_distance_s01_w1,juelich,12345,1,1,log-distance,46,47,veh0,veh6,2,2,0,476.413,1,14.0925,6.40335,-80.2373,16.7389,2,0.028,0.02,0.0208889
juelich_pilot_d30_r2_log_distance_s01_w1,juelich,12345,1,1,log-distance,46,47,veh0,veh7,2,0,1,697.136,0,14.0925,12.7795,nan,nan,0,0.028,0.024,0.0208889
juelich_pilot_d30_r2_log_distance_s01_w1,juelich,12345,1,1,log-distance,46,47,veh0,veh8,2,0,1,956.655,0,14.0925,3.70887,nan,nan,0,0.028,0.016,0.0208889
juelich_pilot_d30_r2_log_distance_s01_w1,juelich,12345,1,1,log-distance,46,47,veh0,veh9,2,2,0,558.737,0,14.0925,7.11945,-81.6218,15.3545,2,0.028,0.022,0.0208889
juelich_pilot_d30_r2_log_distance_s01_w1,juelich,12345,1,1,log-distance,46,47,veh1,veh0,2,0,1,657.857,0,7.78013,14.0925,nan,nan,0,0.02,0.028,0.0208889
juelich_pilot_d30_r2_log_distance_s01_w1,juelich,12345,1,1,log-distance,46,47,veh1,veh10,2,2,0,280.122,1,7.78013,6.34406,-75.6246,21.3516,2,0.02,0.02,0.0208889
juelich_pilot_d30_r2_log_distance_s01_w1,juelich,12345,1,1,log-distance,46,47,veh1,veh11,2,2,0,59.6366,1,7.78013,7.35737,-62.188,34.7883,2,0.02,0.02,0.0208889
juelich_pilot_d30_r2_log_distance_s01_w1,juelich,12345,1,1,log-distance,46,47,veh1,veh12,2,0,1,604.989,0,7.78013,8.48864,nan,nan,0,0.02,0.02,0.0208889
juelich_pilot_d30_r2_log_distance_s01_w1,juelich,12345,1,1,log-distance,46,47,veh1,veh13,2,2,0,429.09,1,7.78013,6.32548,-79.3286,17.6477,2,0.02,0.028,0.0208889
juelich_pilot_d30_r2_log_distance_s01_w1,juelich,12345,1,1,log-distance,46,47,veh1,veh14,2,0,1,709.907,0,7.78013,16.1675,nan,nan,0,0.02,0.02,0.0208889
juelich_pilot_d30_r2_log_distance_s01_w1,juelich,12345,1,1,log-distance,46,47,veh1,veh15,1,0,1,998.232,0,7.73271,7.75148,nan,nan,0,0.02,0.02,0.0208889
juelich_pilot_d30_r2_log_distance_s01_w1,juelich,12345,1,1,log-distance,46,47,veh1,veh17,2,0,1,886.964,0,7.78013,0.82667,nan,nan,0,0.02,0.022,0.0208889
juelich_pilot_d30_r2_log_distance_s01_w1,juelich,12345,1,1,log-distance,46,47,veh1,veh4,2,2,0,280.157,1,7.78013,8.79245,-75.6257,21.3505,2,0.02,0.028,0.0208889
juelich_pilot_d30_r2_log_distance_s01_w1,juelich,12345,1,1,log-distance,46,47,veh1,veh5,2,0,1,894.582,0,7.78013,8.80782,nan,nan,0,0.02,0.022,0.0208889
juelich_pilot_d30_r2_log_distance_s01_w1,juelich,12345,1,1,log-distance,46,47,veh1,veh6,2,2,0,306.321,1,7.78013,6.40335,-76.4012,20.5751,2,0.02,0.02,0.0208889
juelich_pilot_d30_r2_log_distance_s01_w1,juelich,12345,1,1,log-distance,46,47,veh1,veh7,2,0,1,846.599,0,7.78013,12.7795,nan,nan,0,0.02,0.024,0.0208889
juelich_pilot_d30_r2_log_distance_s01_w1,juelich,12345,1,1,log-distance,46,47,veh1,veh8,2,0,1,948.352,0,7.78013,3.70887,nan,nan,0,0.02,0.016,0.0208889
juelich_pilot_d30_r2_log_distance_s01_w1,juelich,12345,1,1,log-distance,46,47,veh1,veh9,2,2,0,105.129,1,7.78013,7.11945,-67.1121,29.8641,2,0.02,0.022,0.0208889
juelich_pilot_d30_r2_log_distance_s01_w1,juelich,12345,1,1,log-distance,46,47,veh10,veh0,2,2,0,497.708,1,6.34406,14.0925,-80.6172,16.3591,2,0.02,0.028,0.0208889
juelich_pilot_d30_r2_log_distance_s01_w1,juelich,12345,1,1,log-distance,46,47,veh10,veh1,2,2,0,280.122,1,6.34406,7.78013,-75.6246,21.3516,2,0.02,0.02,0.0208889
juelich_pilot_d30_r2_log_distance_s01_w1,juelich,12345,1,1,log-distance,46,47,veh10,veh11,2,2,0,228.098,1,6.34406,7.35737,-73.8401,23.1361,2,0.02,0.02,0.0208889
juelich_pilot_d30_r2_log_distance_s01_w1,juelich,12345,1,1,log-distance,46,47,veh10,veh12,2,2,0,325.346,1,6.34406,8.48864,-76.9243,20.052,2,0.02,0.02,0.0208889
juelich_pilot_d30_r2_log_distance_s01_w1,juelich,12345,1,1,log-distance,46,47,veh10,veh13,2,2,0,265.436,1,6.34406,6.32548,-75.1566,21.8197,2,0.02,0.028,0.0208889
juelich_pilot_d30_r2_log_distance_s01_w1,juelich,12345,1,1,log-distance,46,47,veh10,veh14,2,2,0,431.533,1,6.34406,16.1675,-79.3774,17.5989,2,0.02,0.02,0.0208889
juelich_pilot_d30_r2_log_distance_s01_w1,juelich,12345,1,1,log-distance,46,47,veh10,veh15,2,0,1,934.875,0,6.34406,7.76651,nan,nan,0,0.02,0.02,0.0208889
juelich_pilot_d30_r2_log_distance_s01_w1,juelich,12345,1,1,log-distance,46,47,veh10,veh17,2,0,1,922.606,0,6.34406,0.82667,nan,nan,0,0.02,0.022,0.0208889
juelich_pilot_d30_r2_log_distance_s01_w1,juelich,12345,1,1,log-distance,46,47,veh10,veh4,2,2,0,129.543,1,6.34406,8.79245,-68.9256,28.0507,2,0.02,0.028,0.0208889
juelich_pilot_d30_r2_log_distance_s01_w1,juelich,12345,1,1,log-distance,46,47,veh10,veh5,2,0,1,890.618,0,6.34406,8.80782,nan,nan,0,0.02,0.022,0.0208889
juelich_pilot_d30_r2_log_distance_s01_w1,juelich,12345,1,1,log-distance,46,47,veh10,veh6,2,2,0,28.8901,1,6.34406,6.40335,-55.8926,41.0836,2,0.02,0.02,0.0208889
juelich_pilot_d30_r2_log_distance_s01_w1,juelich,12345,1,1,log-distance,46,47,veh10,veh7,2,0,1,927.096,0,6.34406,12.7795,nan,nan,0,0.02,0.024,0.0208889
juelich_pilot_d30_r2_log_distance_s01_w1,juelich,12345,1,1,log-distance,46,47,veh10,veh9,2,2,0,191.834,1,6.34406,7.11945,-72.3362,24.6401,2,0.02,0.022,0.0208889
juelich_pilot_d30_r2_log_distance_s01_w1,juelich,12345,1,1,log-distance,46,47,veh11,veh0,2,0,1,601.501,0,7.35737,14.0925,nan,nan,0,0.02,0.028,0.0208889
juelich_pilot_d30_r2_log_distance_s01_w1,juelich,12345,1,1,log-distance,46,47,veh11,veh1,2,2,0,59.6366,1,7.35737,7.78013,-62.188,34.7883,2,0.02,0.02,0.0208889
juelich_pilot_d30_r2_log_distance_s01_w1,juelich,12345,1,1,log-distance,46,47,veh11,veh10,2,2,0,228.098,1,7.35737,6.34406,-73.8401,23.1361,2,0.02,0.02,0.0208889
juelich_pilot_d30_r2_log_distance_s01_w1,juelich,12345,1,1,log-distance,46,47,veh11,veh12,2,2,0,550.893,0,7.35737,8.48864,-81.4989,15.4774,2,0.02,0.02,0.0208889
juelich_pilot_d30_r2_log_distance_s01_w1,juelich,12345,1,1,log-distance,46,47,veh11,veh13,2,2,0,370.681,1,7.35737,6.32548,-78.0576,18.9187,2,0.02,0.028,0.0208889
juelich_pilot_d30_r2_log_distance_s01_w1,juelich,12345,1,1,log-distance,46,47,veh11,veh14,2,0,1,654.64,0,7.35737,16.1675,nan,nan,0,0.02,0.02,0.0208889
juelich_pilot_d30_r2_log_distance_s01_w1,juelich,12345,1,1,log-distance,46,47,veh11,veh15,2,0,1,957.552,0,7.35737,7.76651,nan,nan,0,0.02,0.02,0.0208889
juelich_pilot_d30_r2_log_distance_s01_w1,juelich,12345,1,1,log-distance,46,47,veh11,veh17,2,0,1,860.823,0,7.35737,0.82667,nan,nan,0,0.02,0.022,0.0208889
juelich_pilot_d30_r2_log_distance_s01_w1,juelich,12345,1,1,log-distance,46,47,veh11,veh4,2,2,0,220.526,1,7.35737,8.79245,-73.5469,23.4294,2,0.02,0.028,0.0208889
juelich_pilot_d30_r2_log_distance_s01_w1,juelich,12345,1,1,log-distance,46,47,veh11,veh5,2,0,1,860.918,0,7.35737,8.80782,nan,nan,0,0.02,0.022,0.0208889
juelich_pilot_d30_r2_log_distance_s01_w1,juelich,12345,1,1,log-distance,46,47,veh11,veh6,2,2,0,252.878,1,7.35737,6.40335,-74.7359,22.2404,2,0.02,0.02,0.0208889
juelich_pilot_d30_r2_log_distance_s01_w1,juelich,12345,1,1,log-distance,46,47,veh11,veh7,2,0,1,829.769,0,7.35737,12.7795,nan,nan,0,0.02,0.024,0.0208889
juelich_pilot_d30_r2_log_distance_s01_w1,juelich,12345,1,1,log-distance,46,47,veh11,veh8,2,0,1,948.874,0,7.35737,3.70887,nan,nan,0,0.02,0.016,0.0208889
juelich_pilot_d30_r2_log_distance_s01_w1,juelich,12345,1,1,log-distance,46,47,veh11,veh9,2,2,0,45.4949,1,7.35737,7.11945,-59.8369,37.1393,2,0.02,0.022,0.0208889
juelich_pilot_d30_r2_log_distance_s01_w1,juelich,12345,1,1,log-distance,46,47,veh12,veh0,2,2,0,454.253,1,8.48864,14.0925,-79.8236,17.1527,2,0.02,0.028,0.0208889
juelich_pilot_d30_r2_log_distance_s01_w1,juelich,12345,1,1,log-distance,46,47,veh12,veh1,2,0,1,604.989,0,8.48864,7.78013,nan,nan,0,0.02,0.02,0.0208889
juelich_pilot_d30_r2_log_distance_s01_w1,juelich,12345,1,1,log-distance,46,47,veh12,veh10,2,2,0,325.346,1,8.48864,6.34406,-76.9243,20.052,2,0.02,0.02,0.0208889
juelich_pilot_d30_r2_log_distance_s01_w1,juelich,12345,1,1,log-distance,46,47,veh12,veh11,2,2,0,550.893,0,8.48864,7.35737,-81.4989,15.4774,2,0.02,0.02,0.0208889
juelich_pilot_d30_r2_log_distance_s01_w1,juelich,12345,1,1,log-distance,46,47,veh12,veh13,2,2,0,349.576,1,8.48864,6.32548,-77.5481,19.4282,2,0.02,0.028,0.0208889
juelich_pilot_d30_r2_log_distance_s01_w1,juelich,12345,1,1,log-distance,46,47,veh12,veh14,2,2,0,108.886,1,8.48864,16.1675,-67.4137,29.5626,2,0.02,0.02,0.0208889
juelich_pilot_d30_r2_log_distance_s01_w1,juelich,12345,1,1,log-distance,46,47,veh12,veh15,2,0,1,935.252,0,8.48864,7.76651,nan,nan,0,0.02,0.02,0.0208889
juelich_pilot_d30_r2_log_distance_s01_w1,juelich,12345,1,1,log-distance,46,47,veh12,veh4,2,2,0,368.116,1,8.48864,8.79245,-77.9972,18.979,2,0.02,0.028,0.0208889
juelich_pilot_d30_r2_log_distance_s01_w1,juelich,12345,1,1,log-distance,46,47,veh12,veh5,2,0,1,967.489,0,8.48864,8.80782,nan,nan,0,0.02,0.022,0.0208889
juelich_pilot_d30_r2_log_distance_s01_w1,juelich,12345,1,1,log-distance,46,47,veh12,veh6,2,2,0,298.669,1,8.48864,6.40335,-76.1811,20.7952,2,0.02,0.02,0.0208889
juelich_pilot_d30_r2_log_distance_s01_w1,juelich,12345,1,1,log-distance,46,47,veh12,veh9,2,2,0,510.763,0,8.48864,7.11945,-80.8419,16.1343,2,0.02,0.022,0.0208889
juelich_pilot_d30_r2_log_distance_s01_w1,juelich,12345,1,1,log-distance,46,47,veh13,veh0,2,2,0,238.853,1,6.32548,14.0925,-74.2392,22.7371,2,0.028,0.028,0.0208889
juelich_pilot_d30_r2_log_distance_s01_w1,juelich,12345,1,1,log-distance,46,47,veh13,veh1,2,2,0,429.09,1,6.32548,7.78013,-79.3286,17.6477,2,0.028,0.02,0.0208889
juelich_pilot_d30_r2_log_distance_s01_w1,juelich,12345,1,1,log-distance,46,47,veh13,veh10,2,2,0,265.436,1,6.32548,6.34406,-75.1566,21.8197,2,0.028,0.02,0.0208889
juelich_pilot_d30_r2_log_distance_s01_w1,juelich,12345,1,1,log-distance,46,47,veh13,veh11,2,2,0,370.681,1,6.32548,7.35737,-78.0576,18.9187,2,0.028,0.02,0.0208889
juelich_pilot_d30_r2_log_distance_s01_w1,juelich,12345,1,1,log-distance,46,47,veh13,veh12,2,2,0,349.576,1,6.32548,8.48864,-77.5481,19.4282,2,0.028,0.02,0.0208889
juelich_pilot_d30_r2_log_distance_s01_w1,juelich,12345,1,1,log-distance,46,47,veh13,veh14,2,2,0,413.761,1,6.32548,16.1675,-79.0125,17.9638,2,0.028,0.02,0.0208889
juelich_pilot_d30_r2_log_distance_s01_w1,juelich,12345,1,1,log-distance,46,47,veh13,veh15,2,0,1,673.312,0,6.32548,7.76651,nan,nan,0,0.028,0.02,0.0208889
juelich_pilot_d30_r2_log_distance_s01_w1,juelich,12345,1,1,log-distance,46,47,veh13,veh17,2,0,1,704.562,0,6.32548,0.82667,nan,nan,0,0.028,0.022,0.0208889
juelich_pilot_d30_r2_log_distance_s01_w1,juelich,12345,1,1,log-distance,46,47,veh13,veh4,2,2,0,161.211,1,6.32548,8.79245,-70.8242,26.152,2,0.028,0.028,0.0208889
juelich_pilot_d30_r2_log_distance_s01_w1,juelich,12345,1,1,log-distance,46,47,veh13,veh5,2,0,1,651.932,0,6.32548,8.80782,nan,nan,0,0.028,0.022,0.0208889
juelich_pilot_d30_r2_log_distance_s01_w1,juelich,12345,1,1,log-distance,46,47,veh13,veh6,2,2,0,247.925,1,6.32548,6.40335,-74.5637,22.4125,2,0.028,0.02,0.0208889
juelich_pilot_d30_r2_log_distance_s01_w1,juelich,12345,1,1,log-distance,46,47,veh13,veh7,2,0,1,739.552,0,6.32548,12.7795,nan,nan,0,0.028,0.024,0.0208889
juelich_pilot_d30_r2_log_distance_s01_w1,juelich,12345,1,1,log-distance,46,47,veh13,veh8,2,0,1,955.368,0,6.32548,3.70887,nan,nan,0,0.028,0.016,0.0208889
juelich_pilot_d30_r2_log_distance_s01_w1,juelich,12345,1,1,log-distance,46,47,veh13,veh9,2,2,0,326.27,1,6.32548,7.11945,-76.9491,20.0272,2,0.028,0.022,0.0208889
juelich_pilot_d30_r2_log_distance_s01_w1,juelich,12345,1,1,log-distance,46,47,veh14,veh0,2,2,0,463.367,1,16.1675,14.0925,-79.9962,2.33365,2,0.02,0.028,0.0208889
juelich_pilot_d30_r2_log_distance_s01_w1,juelich,12345,1,1,log-distance,46,47,veh14,veh1,2,0,1,709.907,0,16.1675,7.78013,nan,nan,0,0.02,0.02,0.0208889
juelich_pilot_d30_r2_log_distance_s01_w1,juelich,12345,1,1,log-distance,46,47,veh14,veh10,2,2,0,431.533,1,16.1675,6.34406,-79.3774,6.26856,2,0.02,0.02,0.0208889
juelich_pilot_d30_r2_log_distance_s01_w1,juelich,12345,1,1,log-distance,46,47,veh14,veh11,2,0,1,654.64,0,16.1675,7.35737,nan,nan,0,0.02,0.02,0.0208889
juelich_pilot_d30_r2_log_distance_s01_w1,juelich,12345,1,1,log-distance,46,47,veh14,veh12,2,2,0,108.886,1,16.1675,8.48864,-67.4137,19.1688,2,0.02,0.02,0.0208889
juelich_pilot_d30_r2_log_distance_s01_w1,juelich,12345,1,1,log-distance,46,47,veh14,veh13,2,2,0,413.761,1,16.1675,6.32548,-79.0125,4.42685,2,0.02,0.028,0.0208889
juelich_pilot_d30_r2_log_distance_s01_w1,juelich,12345,1,1,log-distance,46,47,veh14,veh15,2,0,1,932.948,0,16.1675,7.76651,nan,nan,0,0.02,0.02,0.0208889
juelich_pilot_d30_r2_log_distance_s01_w1,juelich,12345,1,1,log-distance,46,47,veh14,veh4,2,2,0,461.546,1,16.1675,8.79245,-79.9617,4.45604,2,0.02,0.028,0.0208889
juelich_pilot_d30_r2_log_distance_s01_w1,juelich,12345,1,1,log-distance,46,47,veh14,veh5,2,0,1,989.689,0,16.1675,8.80782,nan,nan,0,0.02,0.022,0.0208889
juelich_pilot_d30_r2_log_distance_s01_w1,juelich,12345,1,1,log-distance,46,47,veh14,veh6,2,2,0,404.144,1,16.1675,6.40335,-78.8077,6.79779,2,0.02,0.02,0.0208889
juelich_pilot_d30_r2_log_distance_s01_w1,juelich,12345,1,1,log-distance,46,47,veh14,veh9,2,0,1,613.3,0,16.1675,7.11945,nan,nan,0,0.02,0.022,0.0208889
juelich_pilot_d30_r2_log_distance_s01_w1,juelich,12345,1,1,log-distance,46,47,veh15,veh0,2,2,0,481.875,1,7.76651,14.0925,-80.3363,1.78187,2,0.02,0.028,0.0208889
juelich_pilot_d30_r2_log_distance_s01_w1,juelich,12345,1,1,log-distance,46,47,veh15,veh1,1,0,1,998.232,0,7.75148,7.73271,nan,nan,0,0.02,0.02,0.0208889
juelich_pilot_d30_r2_log_distance_s01_w1,juelich,12345,1,1,log-distance,46,47,veh15,veh10,2,0,1,934.875,0,7.76651,6.34406,nan,nan,0,0.02,0.02,0.0208889
juelich_pilot_d30_r2_log_distance_s01_w1,juelich,12345,1,1,log-distance,46,47,veh15,veh11,2,0,1,957.552,0,7.76651,7.35737,nan,nan,0,0.02,0.02,0.0208889
juelich_pilot_d30_r2_log_distance_s01_w1,juelich,12345,1,1,log-distance,46,47,veh15,veh12,2,0,1,935.252,0,7.76651,8.48864,nan,nan,0,0.02,0.02,0.0208889
juelich_pilot_d30_r2_log_distance_s01_w1,juelich,12345,1,1,log-distance,46,47,veh15,veh13,2,0,1,673.312,0,7.76651,6.32548,nan,nan,0,0.02,0.028,0.0208889
juelich_pilot_d30_r2_log_distance_s01_w1,juelich,12345,1,1,log-distance,46,47,veh15,veh14,2,0,1,932.948,0,7.76651,16.1675,nan,nan,0,0.02,0.02,0.0208889
juelich_pilot_d30_r2_log_distance_s01_w1,juelich,12345,1,1,log-distance,46,47,veh15,veh16,2,0,1,626.264,0,7.76651,6.3857,nan,nan,0,0.02,0.016,0.0208889
juelich_pilot_d30_r2_log_distance_s01_w1,juelich,12345,1,1,log-distance,46,47,veh15,veh17,2,2,0,345.795,1,7.76651,0.82667,-77.4541,7.63141,2,0.02,0.022,0.0208889
juelich_pilot_d30_r2_log_distance_s01_w1,juelich,12345,1,1,log-distance,46,47,veh15,veh2,2,0,1,984.387,0,7.76651,0,nan,nan,0,0.02,0.014,0.0208889
juelich_pilot_d30_r2_log_distance_s01_w1,juelich,12345,1,1,log-distance,46,47,veh15,veh3,2,0,1,820.091,0,7.76651,12.1081,nan,nan,0,0.02,0.016,0.0208889
juelich_pilot_d30_r2_log_distance_s01_w1,juelich,12345,1,1,log-distance,46,47,veh15,veh4,2,0,1,813.268,0,7.76651,8.79245,nan,nan,0,0.02,0.028,0.0208889
juelich_pilot_d30_r2_log_distance_s01_w1,juelich,12345,1,1,log-distance,46,47,veh15,veh5,2,2,0,220.778,1,7.76651,8.80782,-73.5564,11.5299,2,0.02,0.022,0.0208889
juelich_pilot_d30_r2_log_distance_s01_w1,juelich,12345,1,1,log-distance,46,47,veh15,veh6,2,0,1,920.096,0,7.76651,6.40335,nan,nan,0,0.02,0.02,0.0208889
juelich_pilot_d30_r2_log_distance_s01_w1,juelich,12345,1,1,log-distance,46,47,veh15,veh7,2,2,0,491.369,1,7.76651,12.7795,-80.5059,4.28035,2,0.02,0.024,0.0208889
juelich_pilot_d30_r2_log_distance_s01_w1,juelich,12345,1,1,log-distance,46,47,veh15,veh8,2,0,1,769.376,0,7.76651,3.70887,nan,nan,0,0.02,0.016,0.0208889
juelich_pilot_d30_r2_log_distance_s01_w1,juelich,12345,1,1,log-distance,46,47,veh15,veh9,2,0,1,925.31,0,7.76651,7.11945,nan,nan,0,0.02,0.022,0.0208889
juelich_pilot_d30_r2_log_distance_s01_w1,juelich,12345,1,1,log-distance,46,47,veh16,veh15,2,0,1,626.264,0,6.3857,7.76651,nan,nan,0,0.016,0.02,0.0208889
juelich_pilot_d30_r2_log_distance_s01_w1,juelich,12345,1,1,log-distance,46,47,veh16,veh17,2,2,0,577.358,0,6.3857,0.82667,-81.9066,15.0697,2,0.016,0.022,0.0208889
juelich_pilot_d30_r2_log_distance_s01_w1,juelich,12345,1,1,log-distance,46,47,veh16,veh2,2,0,1,662.228,0,6.3857,0,nan,nan,0,0.016,0.014,0.0208889
juelich_pilot_d30_r2_log_distance_s01_w1,juelich,12345,1,1,log-distance,46,47,veh16,veh3,2,2,0,565.936,0,6.3857,12.1081,-81.7329,15.2434,2,0.016,0.016,0.0208889
juelich_pilot_d30_r2_log_distance_s01_w1,juelich,12345,1,1,log-distance,46,47,veh16,veh5,2,0,1,593.306,0,6.3857,8.80782,nan,nan,0,0.016,0.022,0.0208889
juelich_pilot_d30_r2_log_distance_s01_w1,juelich,12345,1,1,log-distance,46,47,veh16,veh7,2,0,1,643.699,0,6.3857,12.7795,nan,nan,0,0.016,0.024,0.0208889
juelich_pilot_d30_r2_log_distance_s01_w1,juelich,12345,1,1,log-distance,46,47,veh16,veh8,2,0,1,745.062,0,6.3857,3.70887,nan,nan,0,0.016,0.016,0.0208889
juelich_pilot_d30_r2_log_distance_s01_w1,juelich,12345,1,1,log-distance,46,47,veh17,veh0,2,0,1,616.862,0,0.82667,14.0925,nan,nan,0,0.022,0.028,0.0208889
juelich_pilot_d30_r2_log_distance_s01_w1,juelich,12345,1,1,log-distance,46,47,veh17,veh1,2,0,1,886.964,0,0.82667,7.78013,nan,nan,0,0.022,0.02,0.0208889
juelich_pilot_d30_r2_log_distance_s01_w1,juelich,12345,1,1,log-distance,46,47,veh17,veh10,2,0,1,922.606,0,0.82667,6.34406,nan,nan,0,0.022,0.02,0.0208889
juelich_pilot_d30_r2_log_distance_s01_w1,juelich,12345,1,1,log-distance,46,47,veh17,veh11,2,0,1,860.823,0,0.82667,7.35737,nan,nan,0,0.022,0.02,0.0208889
juelich_pilot_d30_r2_log_distance_s01_w1,juelich,12345,1,1,log-distance,46,47,veh17,veh13,2,0,1,704.562,0,0.82667,6.32548,nan,nan,0,0.022,0.028,0.0208889
juelich_pilot_d30_r2_log_distance_s01_w1,juelich,12345,1,1,log-distance,46,47,veh17,veh15,2,2,0,345.795,1,0.82667,7.76651,-77.4541,19.5222,2,0.022,0.02,0.0208889
juelich_pilot_d30_r2_log_distance_s01_w1,juelich,12345,1,1,log-distance,46,47,veh17,veh16,2,2,0,577.358,0,0.82667,6.3857,-81.9066,15.0697,2,0.022,0.016,0.0208889
juelich_pilot_d30_r2_log_distance_s01_w1,juelich,12345,1,1,log-distance,46,47,veh17,veh2,2,0,1,683.54,0,0.82667,0,nan,nan,0,0.022,0.014,0.0208889
juelich_pilot_d30_r2_log_distance_s01_w1,juelich,12345,1,1,log-distance,46,47,veh17,veh3,2,2,0,516.435,0,0.82667,12.1081,-80.9379,16.0384,2,0.022,0.016,0.0208889
juelich_pilot_d30_r2_log_distance_s01_w1,juelich,12345,1,1,log-distance,46,47,veh17,veh4,2,0,1,793.231,0,0.82667,8.79245,nan,nan,0,0.022,0.028,0.0208889
juelich_pilot_d30_r2_log_distance_s01_w1,juelich,12345,1,1,log-distance,46,47,veh17,veh5,2,2,0,127.875,1,0.82667,8.80782,-68.813,28.1633,2,0.022,0.022,0.0208889
juelich_pilot_d30_r2_log_distance_s01_w1,juelich,12345,1,1,log-distance,46,47,veh17,veh6,2,0,1,917.986,0,0.82667,6.40335,nan,nan,0,0.022,0.02,0.0208889
juelich_pilot_d30_r2_log_distance_s01_w1,juelich,12345,1,1,log-distance,46,47,veh17,veh7,2,2,0,147.711,1,0.82667,12.7795,-70.0659,26.9104,2,0.022,0.024,0.0208889
juelich_pilot_d30_r2_log_distance_s01_w1,juelich,12345,1,1,log-distance,46,47,veh17,veh8,2,2,0,424.006,1,0.82667,3.70887,-79.2251,17.7512,2,0.022,0.016,0.0208889
juelich_pilot_d30_r2_log_distance_s01_w1,juelich,12345,1,1,log-distance,46,47,veh17,veh9,2,0,1,842.585,0,0.82667,7.11945,nan,nan,0,0.022,0.022,0.0208889
juelich_pilot_d30_r2_log_distance_s01_w1,juelich,12345,1,1,log-distance,46,47,veh2,veh15,2,0,1,984.387,0,0,7.76651,nan,nan,0,0.014,0.02,0.0208889
juelich_pilot_d30_r2_log_distance_s01_w1,juelich,12345,1,1,log-distance,46,47,veh2,veh16,2,0,1,662.228,0,0,6.3857,nan,nan,0,0.014,0.016,0.0208889
juelich_pilot_d30_r2_log_distance_s01_w1,juelich,12345,1,1,log-distance,46,47,veh2,veh17,2,0,1,683.54,0,0,0.82667,nan,nan,0,0.014,0.022,0.0208889
juelich_pilot_d30_r2_log_distance_s01_w1,juelich,12345,1,1,log-distance,46,47,veh2,veh3,2,2,0,167.253,1,0,12.1081,-71.1437,25.8326,2,0.014,0.016,0.0208889
juelich_pilot_d30_r2_log_distance_s01_w1,juelich,12345,1,1,log-distance,46,47,veh2,veh5,2,0,1,800.095,0,0,8.80782,nan,nan,0,0.014,0.022,0.0208889
juelich_pilot_d30_r2_log_distance_s01_w1,juelich,12345,1,1,log-distance,46,47,veh2,veh7,2,0,1,594.08,0,0,12.7795,nan,nan,0,0.014,0.024,0.0208889
juelich_pilot_d30_r2_log_distance_s01_w1,juelich,12345,1,1,log-distance,46,47,veh2,veh8,2,2,0,395.766,1,0,3.70887,-78.6265,18.3498,2,0.014,0.016,0.0208889
juelich_pilot_d30_r2_log_distance_s01_w1,juelich,12345,1,1,log-distance,46,47,veh3,veh15,2,0,1,820.091,0,12.1081,7.76651,nan,nan,0,0.016,0.02,0.0208889
juelich_pilot_d30_r2_log_distance_s01_w1,juelich,12345,1,1,log-distance,46,47,veh3,veh16,2,2,0,565.936,0,12.1081,6.3857,-81.7329,15.2434,2,0.016,0.016,0.0208889
juelich_pilot_d30_r2_log_distance_s01_w1,juelich,12345,1,1,log-distance,46,47,veh3,veh17,2,2,0,516.435,0,12.1081,0.82667,-80.9379,16.0384,2,0.016,0.022,0.0208889
juelich_pilot_d30_r2_log_distance_s01_w1,juelich,12345,1,1,log-distance,46,47,veh3,veh2,2,2,0,167.253,1,12.1081,0,-71.1437,25.8326,2,0.016,0.014,0.0208889
juelich_pilot_d30_r2_log_distance_s01_w1,juelich,12345,1,1,log-distance,46,47,veh3,veh5,2,0,1,632.969,0,12.1081,8.80782,nan,nan,0,0.016,0.022,0.0208889
juelich_pilot_d30_r2_log_distance_s01_w1,juelich,12345,1,1,log-distance,46,47,veh3,veh7,2,2,0,432.465,1,12.1081,12.7795,-79.3967,17.5796,2,0.016,0.024,0.0208889
juelich_pilot_d30_r2_log_distance_s01_w1,juelich,12345,1,1,log-distance,46,47,veh3,veh8,2,2,0,280.682,1,12.1081,3.70887,-75.6417,21.3346,2,0.016,0.016,0.0208889
juelich_pilot_d30_r2_log_distance_s01_w1,juelich,12345,1,1,log-distance,46,47,veh4,veh0,2,2,0,399.938,1,8.79245,14.0925,-78.7175,18.2587,2,0.028,0.028,0.0208889
juelich_pilot_d30_r2_log_distance_s01_w1,juelich,12345,1,1,log-distance,46,47,veh4,veh1,2,2,0,280.157,1,8.79245,7.78013,-75.6257,21.3505,2,0.028,0.02,0.0208889
juelich_pilot_d30_r2_log_distance_s01_w1,juelich,12345,1,1,log-distance,46,47,veh4,veh10,2,2,0,129.543,1,8.79245,6.34406,-68.9256,28.0507,2,0.028,0.02,0.0208889
juelich_pilot_d30_r2_log_distance_s01_w1,juelich,12345,1,1,log-distance,46,47,veh4,veh11,2,2,0,220.526,1,8.79245,7.35737,-73.5469,23.4294,2,0.028,0.02,0.0208889
juelich_pilot_d30_r2_log_distance_s01_w1,juelich,12345,1,1,log-distance,46,47,veh4,veh12,2,2,0,368.116,1,8.79245,8.48864,-77.9972,18.979,2,0.028,0.02,0.0208889
juelich_pilot_d30_r2_log_distance_s01_w1,juelich,12345,1,1,log-distance,46,47,veh4,veh13,2,2,0,161.211,1,8.79245,6.32548,-70.8242,26.152,2,0.028,0.028,0.0208889
juelich_pilot_d30_r2_log_distance_s01_w1,juelich,12345,1,1,log-distance,46,47,veh4,veh14,2,2,0,461.546,1,8.79245,16.1675,-79.9617,17.0146,2,0.028,0.02,0.0208889
juelich_pilot_d30_r2_log_distance_s01_w1,juelich,12345,1,1,log-distance,46,47,veh4,veh15,2,0,1,813.268,0,8.79245,7.76651,nan,nan,0,0.028,0.02,0.0208889
juelich_pilot_d30_r2_log_distance_s01_w1,juelich,12345,1,1,log-distance,46,47,veh4,veh17,2,0,1,793.231,0,8.79245,0.82667,nan,nan,0,0.028,0.022,0.0208889
juelich_pilot_d30_r2_log_distance_s01_w1,juelich,12345,1,1,log-distance,46,47,veh4,veh5,2,0,1,761.682,0,8.79245,8.80782,nan,nan,0,0.028,0.022,0.0208889
juelich_pilot_d30_r2_log_distance_s01_w1,juelich,12345,1,1,log-distance,46,47,veh4,veh6,2,2,0,126.328,1,8.79245,6.40335,-68.7073,28.269,2,0.028,0.02,0.0208889
juelich_pilot_d30_r2_log_distance_s01_w1,juelich,12345,1,1,log-distance,46,47,veh4,veh7,2,0,1,800.761,0,8.79245,12.7795,nan,nan,0,0.028,0.024,0.0208889
juelich_pilot_d30_r2_log_distance_s01_w1,juelich,12345,1,1,log-distance,46,47,veh4,veh8,2,0,1,979.896,0,8.79245,3.70887,nan,nan,0,0.028,0.016,0.0208889
juelich_pilot_d30_r2_log_distance_s01_w1,juelich,12345,1,1,log-distance,46,47,veh4,veh9,2,2,0,175.031,1,8.79245,7.11945,-71.54,25.4363,2,0.028,0.022,0.0208889
juelich_pilot_d30_r2_log_distance_s01_w1,juelich,12345,1,1,log-distance,46,47,veh5,veh0,2,2,0,527.883,0,8.80782,14.0925,-81.1285,15.8478,2,0.022,0.028,0.0208889
juelich_pilot_d30_r2_log_distance_s01_w1,juelich,12345,1,1,log-distance,46,47,veh5,veh1,2,0,1,894.582,0,8.80782,7.78013,nan,nan,0,0.022,0.02,0.0208889
juelich_pilot_d30_r2_log_distance_s01_w1,juelich,12345,1,1,log-distance,46,47,veh5,veh10,2,0,1,890.618,0,8.80782,6.34406,nan,nan,0,0.022,0.02,0.0208889
juelich_pilot_d30_r2_log_distance_s01_w1,juelich,12345,1,1,log-distance,46,47,veh5,veh11,2,0,1,860.918,0,8.80782,7.35737,nan,nan,0,0.022,0.02,0.0208889
juelich_pilot_d30_r2_log_distance_s01_w1,juelich,12345,1,1,log-distance,46,47,veh5,veh12,2,0,1,967.489,0,8.80782,8.48864,nan,nan,0,0.022,0.02,0.0208889
juelich_pilot_d30_r2_log_distance_s01_w1,juelich,12345,1,1,log-distance,46,47,veh5,veh13,2,0,1,651.932,0,8.80782,6.32548,nan,nan,0,0.022,0.028,0.0208889
juelich_pilot_d30_r2_log_distance_s01_w1,juelich,12345,1,1,log-distance,46,47,veh5,veh14,2,0,1,989.689,0,8.80782,16.1675,nan,nan,0,0.022,0.02,0.0208889
juelich_pilot_d30_r2_log_distance_s01_w1,juelich,12345,1,1,log-distance,46,47,veh5,veh15,2,2,0,220.778,1,8.80782,7.76651,-73.5564,23.4199,2,0.022,0.02,0.0208889
juelich_pilot_d30_r2_log_distance_s01_w1,juelich,12345,1,1,log-distance,46,47,veh5,veh16,2,0,1,593.306,0,8.80782,6.3857,nan,nan,0,0.022,0.016,0.0208889
juelich_pilot_d30_r2_log_distance_s01_w1,juelich,12345,1,1,log-distance,46,47,veh5,veh17,2,2,0,127.875,1,8.80782,0.82667,-68.813,28.1633,2,0.022,0.022,0.0208889
juelich_pilot_d30_r2_log_distance_s01_w1,juelich,12345,1,1,log-distance,46,47,veh5,veh2,2,0,1,800.095,0,8.80782,0,nan,nan,0,0.022,0.014,0.0208889
juelich_pilot_d30_r2_log_distance_s01_w1,juelich,12345,1,1,log-distance,46,47,veh5,veh3,2,0,1,632.969,0,8.80782,12.1081,nan,nan,0,0.022,0.016,0.0208889
juelich_pilot_d30_r2_log_distance_s01_w1,juelich,12345,1,1,log-distance,46,47,veh5,veh4,2,0,1,761.682,0,8.80782,8.79245,nan,nan,0,0.022,0.028,0.0208889
juelich_pilot_d30_r2_log_distance_s01_w1,juelich,12345,1,1,log-distance,46,47,veh5,veh6,2,0,1,882.158,0,8.80782,6.40335,nan,nan,0,0.022,0.02,0.0208889
juelich_pilot_d30_r2_log_distance_s01_w1,juelich,12345,1,1,log-distance,46,47,veh5,veh7,2,2,0,270.867,1,8.80782,12.7795,-75.3325,21.6438,2,0.022,0.024,0.0208889
juelich_pilot_d30_r2_log_distance_s01_w1,juelich,12345,1,1,log-distance,46,47,veh5,veh8,2,2,0,551.368,0,8.80782,3.70887,-81.5065,15.4698,2,0.022,0.016,0.0208889
juelich_pilot_d30_r2_log_distance_s01_w1,juelich,12345,1,1,log-distance,46,47,veh5,veh9,2,0,1,836.637,0,8.80782,7.11945,nan,nan,0,0.022,0.022,0.0208889
juelich_pilot_d30_r2_log_distance_s01_w1,juelich,12345,1,1,log-distance,46,47,veh6,veh0,2,2,0,476.413,1,6.40335,14.0925,-80.2373,16.7389,2,0.02,0.028,0.0208889
juelich_pilot_d30_r2_log_distance_s01_w1,juelich,12345,1,1,log-distance,46,47,veh6,veh1,2,2,0,306.321,1,6.40335,7.78013,-76.4012,20.5751,2,0.02,0.02,0.0208889
juelich_pilot_d30_r2_log_distance_s01_w1,juelich,12345,1,1,log-distance,46,47,veh6,veh10,2,2,0,28.8901,1,6.40335,6.34406,-55.8926,41.0836,2,0.02,0.02,0.0208889
juelich_pilot_d30_r2_log_distance_s01_w1,juelich,12345,1,1,log-distance,46,47,veh6,veh11,2,2,0,252.878,1,6.40335,7.35737,-74.7359,22.2404,2,0.02,0.02,0.0208889
juelich_pilot_d30_r2_log_distance_s01_w1,juelich,12345,1,1,log-distance,46,47,veh6,veh12,2,2,0,298.669,1,6.40335,8.48864,-76.1811,20.7952,2,0.02,0.02,0.0208889
juelich_pilot_d30_r2_log_distance_s01_w1,juelich,12345,1,1,log-distance,46,47,veh6,veh13,2,2,0,247.925,1,6.40335,6.32548,-74.5637,22.4125,2,0.02,0.028,0.0208889
juelich_pilot_d30_r2_log_distance_s01_w1,juelich,12345,1,1,log-distance,46,47,veh6,veh14,2,2,0,404.144,1,6.40335,16.1675,-78.8077,18.1685,2,0.02,0.02,0.0208889
juelich_pilot_d30_r2_log_distance_s01_w1,juelich,12345,1,1,log-distance,46,47,veh6,veh15,2,0,1,920.096,0,6.40335,7.76651,nan,nan,0,0.02,0.02,0.0208889
juelich_pilot_d30_r2_log_distance_s01_w1,juelich,12345,1,1,log-distance,46,47,veh6,veh17,2,0,1,917.986,0,6.40335,0.82667,nan,nan,0,0.02,0.022,0.0208889
juelich_pilot_d30_r2_log_distance_s01_w1,juelich,12345,1,1,log-distance,46,47,veh6,veh4,2,2,0,126.328,1,6.40335,8.79245,-68.7073,28.269,2,0.02,0.028,0.0208889
juelich_pilot_d30_r2_log_distance_s01_w1,juelich,12345,1,1,log-distance,46,47,veh6,veh5,2,0,1,882.158,0,6.40335,8.80782,nan,nan,0,0.02,0.022,0.0208889
juelich_pilot_d30_r2_log_distance_s01_w1,juelich,12345,1,1,log-distance,46,47,veh6,veh7,2,0,1,927.076,0,6.40335,12.7795,nan,nan,0,0.02,0.024,0.0208889
juelich_pilot_d30_r2_log_distance_s01_w1,juelich,12345,1,1,log-distance,46,47,veh6,veh9,2,2,0,214.686,1,6.40335,7.11945,-73.3138,23.6625,2,0.02,0.022,0.0208889
juelich_pilot_d30_r2_log_distance_s01_w1,juelich,12345,1,1,log-distance,46,47,veh7,veh0,2,0,1,697.136,0,12.7795,14.0925,nan,nan,0,0.024,0.028,0.0208889
juelich_pilot_d30_r2_log_distance_s01_w1,juelich,12345,1,1,log-distance,46,47,veh7,veh1,2,0,1,846.599,0,12.7795,7.78013,nan,nan,0,0.024,0.02,0.0208889
juelich_pilot_d30_r2_log_distance_s01_w1,juelich,12345,1,1,log-distance,46,47,veh7,veh10,2,0,1,927.096,0,12.7795,6.34406,nan,nan,0,0.024,0.02,0.0208889
juelich_pilot_d30_r2_log_distance_s01_w1,juelich,12345,1,1,log-distance,46,47,veh7,veh11,2,0,1,829.769,0,12.7795,7.35737,nan,nan,0,0.024,0.02,0.0208889
juelich_pilot_d30_r2_log_distance_s01_w1,juelich,12345,1,1,log-distance,46,47,veh7,veh13,2,0,1,739.552,0,12.7795,6.32548,nan,nan,0,0.024,0.028,0.0208889
juelich_pilot_d30_r2_log_distance_s01_w1,juelich,12345,1,1,log-distance,46,47,veh7,veh15,2,2,0,491.369,1,12.7795,7.76651,-80.5059,16.4704,2,0.024,0.02,0.0208889
juelich_pilot_d30_r2_log_distance_s01_w1,juelich,12345,1,1,log-distance,46,47,veh7,veh16,2,0,1,643.699,0,12.7795,6.3857,nan,nan,0,0.024,0.016,0.0208889
juelich_pilot_d30_r2_log_distance_s01_w1,juelich,12345,1,1,log-distance,46,47,veh7,veh17,2,2,0,147.711,1,12.7795,0.82667,-70.0659,26.9104,2,0.024,0.022,0.0208889
juelich_pilot_d30_r2_log_distance_s01_w1,juelich,12345,1,1,log-distance,46,47,veh7,veh2,2,0,1,594.08,0,12.7795,0,nan,nan,0,0.024,0.014,0.0208889
juelich_pilot_d30_r2_log_distance_s01_w1,juelich,12345,1,1,log-distance,46,47,veh7,veh3,2,2,0,432.465,1,12.7795,12.1081,-79.3967,17.5796,2,0.024,0.016,0.0208889
juelich_pilot_d30_r2_log_distance_s01_w1,juelich,12345,1,1,log-distance,46,47,veh7,veh4,2,0,1,800.761,0,12.7795,8.79245,nan,nan,0,0.024,0.028,0.0208889
juelich_pilot_d30_r2_log_distance_s01_w1,juelich,12345,1,1,log-distance,46,47,veh7,veh5,2,2,0,270.867,1,12.7795,8.80782,-75.3325,21.6438,2,0.024,0.022,0.0208889
juelich_pilot_d30_r2_log_distance_s01_w1,juelich,12345,1,1,log-distance,46,47,veh7,veh6,2,0,1,927.076,0,12.7795,6.40335,nan,nan,0,0.024,0.02,0.0208889
juelich_pilot_d30_r2_log_distance_s01_w1,juelich,12345,1,1,log-distance,46,47,veh7,veh8,2,2,0,284.354,1,12.7795,3.70887,-75.7548,21.2215,2,0.024,0.016,0.0208889
juelich_pilot_d30_r2_log_distance_s01_w1,juelich,12345,1,1,log-distance,46,47,veh7,veh9,2,0,1,818.997,0,12.7795,7.11945,nan,nan,0,0.024,0.022,0.0208889
juelich_pilot_d30_r2_log_distance_s01_w1,juelich,12345,1,1,log-distance,46,47,veh8,veh0,2,0,1,956.655,0,3.70887,14.0925,nan,nan,0,0.016,0.028,0.0208889
juelich_pilot_d30_r2_log_distance_s01_w1,juelich,12345,1,1,log-distance,46,47,veh8,veh1,2,0,1,948.352,0,3.70887,7.78013,nan,nan,0,0.016,0.02,0.0208889
juelich_pilot_d30_r2_log_distance_s01_w1,juelich,12345,1,1,log-distance,46,47,veh8,veh11,2,0,1,948.874,0,3.70887,7.35737,nan,nan,0,0.016,0.02,0.0208889
juelich_pilot_d30_r2_log_distance_s01_w1,juelich,12345,1,1,log-distance,46,47,veh8,veh13,2,0,1,955.368,0,3.70887,6.32548,nan,nan,0,0.016,0.028,0.0208889
juelich_pilot_d30_r2_log_distance_s01_w1,juelich,12345,1,1,log-distance,46,47,veh8,veh15,2,0,1,769.376,0,3.70887,7.76651,nan,nan,0,0.016,0.02,0.0208889
juelich_pilot_d30_r2_log_distance_s01_w1,juelich,12345,1,1,log-distance,46,47,veh8,veh16,2,0,1,745.062,0,3.70887,6.3857,nan,nan,0,0.016,0.016,0.0208889
juelich_pilot_d30_r2_log_distance_s01_w1,juelich,12345,1,1,log-distance,46,47,veh8,veh17,2,2,0,424.006,1,3.70887,0.82667,-79.2251,17.7512,2,0.016,0.022,0.0208889
juelich_pilot_d30_r2_log_distance_s01_w1,juelich,12345,1,1,log-distance,46,47,veh8,veh2,2,2,0,395.766,1,3.70887,0,-78.6265,18.3498,2,0.016,0.014,0.0208889
juelich_pilot_d30_r2_log_distance_s01_w1,juelich,12345,1,1,log-distance,46,47,veh8,veh3,2,2,0,280.682,1,3.70887,12.1081,-75.6417,21.3346,2,0.016,0.016,0.0208889
juelich_pilot_d30_r2_log_distance_s01_w1,juelich,12345,1,1,log-distance,46,47,veh8,veh4,2,0,1,979.896,0,3.70887,8.79245,nan,nan,0,0.016,0.028,0.0208889
juelich_pilot_d30_r2_log_distance_s01_w1,juelich,12345,1,1,log-distance,46,47,veh8,veh5,2,2,0,551.368,0,3.70887,8.80782,-81.5065,15.4698,2,0.016,0.022,0.0208889
juelich_pilot_d30_r2_log_distance_s01_w1,juelich,12345,1,1,log-distance,46,47,veh8,veh7,2,2,0,284.354,1,3.70887,12.7795,-75.7548,21.2215,2,0.016,0.024,0.0208889
juelich_pilot_d30_r2_log_distance_s01_w1,juelich,12345,1,1,log-distance,46,47,veh8,veh9,2,0,1,951.156,0,3.70887,7.11945,nan,nan,0,0.016,0.022,0.0208889
juelich_pilot_d30_r2_log_distance_s01_w1,juelich,12345,1,1,log-distance,46,47,veh9,veh0,2,2,0,558.737,0,7.11945,14.0925,-81.6218,15.3545,2,0.022,0.028,0.0208889
juelich_pilot_d30_r2_log_distance_s01_w1,juelich,12345,1,1,log-distance,46,47,veh9,veh1,2,2,0,105.129,1,7.11945,7.78013,-67.1121,29.8641,2,0.022,0.02,0.0208889
juelich_pilot_d30_r2_log_distance_s01_w1,juelich,12345,1,1,log-distance,46,47,veh9,veh10,2,2,0,191.834,1,7.11945,6.34406,-72.3362,24.6401,2,0.022,0.02,0.0208889
juelich_pilot_d30_r2_log_distance_s01_w1,juelich,12345,1,1,log-distance,46,47,veh9,veh11,2,2,0,45.4949,1,7.11945,7.35737,-59.8369,37.1393,2,0.022,0.02,0.0208889
juelich_pilot_d30_r2_log_distance_s01_w1,juelich,12345,1,1,log-distance,46,47,veh9,veh12,2,2,0,510.763,0,7.11945,8.48864,-80.8419,16.1343,2,0.022,0.02,0.0208889
juelich_pilot_d30_r2_log_distance_s01_w1,juelich,12345,1,1,log-distance,46,47,veh9,veh13,2,2,0,326.27,1,7.11945,6.32548,-76.9491,20.0272,2,0.022,0.028,0.0208889
juelich_pilot_d30_r2_log_distance_s01_w1,juelich,12345,1,1,log-distance,46,47,veh9,veh14,2,0,1,613.3,0,7.11945,16.1675,nan,nan,0,0.022,0.02,0.0208889
juelich_pilot_d30_r2_log_distance_s01_w1,juelich,12345,1,1,log-distance,46,47,veh9,veh15,2,0,1,925.31,0,7.11945,7.76651,nan,nan,0,0.022,0.02,0.0208889
juelich_pilot_d30_r2_log_distance_s01_w1,juelich,12345,1,1,log-distance,46,47,veh9,veh17,2,0,1,842.585,0,7.11945,0.82667,nan,nan,0,0.022,0.022,0.0208889
juelich_pilot_d30_r2_log_distance_s01_w1,juelich,12345,1,1,log-distance,46,47,veh9,veh4,2,2,0,175.031,1,7.11945,8.79245,-71.54,25.4363,2,0.022,0.028,0.0208889
juelich_pilot_d30_r2_log_distance_s01_w1,juelich,12345,1,1,log-distance,46,47,veh9,veh5,2,0,1,836.637,0,7.11945,8.80782,nan,nan,0,0.022,0.022,0.0208889
juelich_pilot_d30_r2_log_distance_s01_w1,juelich,12345,1,1,log-distance,46,47,veh9,veh6,2,2,0,214.686,1,7.11945,6.40335,-73.3138,23.6625,2,0.022,0.02,0.0208889
juelich_pilot_d30_r2_log_distance_s01_w1,juelich,12345,1,1,log-distance,46,47,veh9,veh7,2,0,1,818.997,0,7.11945,12.7795,nan,nan,0,0.022,0.024,0.0208889
juelich_pilot_d30_r2_log_distance_s01_w1,juelich,12345,1,1,log-distance,46,47,veh9,veh8,2,0,1,951.156,0,7.11945,3.70887,nan,nan,0,0.022,0.016,0.0208889
juelich_pilot_d30_r2_log_distance_s01_w1,juelich,12345,1,1,log-distance,47,48,veh0,veh1,2,0,1,663.779,0,14.022,7.79301,nan,nan,0,0.028,0.02,0.0212222
juelich_pilot_d30_r2_log_distance_s01_w1,juelich,12345,1,1,log-distance,47,48,veh0,veh10,2,2,0,502.595,0,14.022,8.42435,-80.702,16.2742,2,0.028,0.02,0.0212222
juelich_pilot_d30_r2_log_distance_s01_w1,juelich,12345,1,1,log-distance,47,48,veh0,veh11,2,0,1,609.577,0,14.022,3.48405,nan,nan,0,0.028,0.022,0.0212222
juelich_pilot_d30_r2_log_distance_s01_w1,juelich,12345,1,1,log-distance,47,48,veh0,veh12,2,2,0,448.999,1,14.022,8.43229,-79.7226,17.2537,2,0.028,0.02,0.0212222
juelich_pilot_d30_r2_log_distance_s01_w1,juelich,12345,1,1,log-distance,47,48,veh0,veh13,2,2,0,254.121,1,14.022,6.31964,-74.7775,22.1988,2,0.028,0.028,0.0212222
juelich_pilot_d30_r2_log_distance_s01_w1,juelich,12345,1,1,log-distance,47,48,veh0,veh14,2,2,0,465.124,1,14.022,16.1564,-80.0291,16.9472,2,0.028,0.02,0.0212222
juelich_pilot_d30_r2_log_distance_s01_w1,juelich,12345,1,1,log-distance,47,48,veh0,veh15,2,2,0,471.237,1,14.022,7.75347,-80.1423,16.8339,2,0.028,0.02,0.0212222
juelich_pilot_d30_r2_log_distance_s01_w1,juelich,12345,1,1,log-distance,47,48,veh0,veh17,2,0,1,619.825,0,14.022,2.9768,nan,nan,0,0.028,0.022,0.0212222
juelich_pilot_d30_r2_log_distance_s01_w1,juelich,12345,1,1,log-distance,47,48,veh0,veh4,2,2,0,405.081,1,14.022,8.77092,-78.8285,18.1478,2,0.028,0.028,0.0212222
juelich_pilot_d30_r2_log_distance_s01_w1,juelich,12345,1,1,log-distance,47,48,veh0,veh5,2,2,0,524.805,0,14.022,8.9767,-81.0776,15.8987,2,0.028,0.023,0.0212222
juelich_pilot_d30_r2_log_distance_s01_w1,juelich,12345,1,1,log-distance,47,48,veh0,veh6,2,2,0,481.3,1,14.022,6.04676,-80.326,16.6503,2,0.028,0.02,0.0212222
juelich_pilot_d30_r2_log_distance_s01_w1,juelich,12345,1,1,log-distance,47,48,veh0,veh7,2,0,1,693.639,0,14.022,12.7836,nan,nan,0,0.028,0.026,0.0212222
juelich_pilot_d30_r2_log_distance_s01_w1,juelich,12345,1,1,log-distance,47,48,veh0,veh8,2,0,1,964.527,0,14.022,5.70297,nan,nan,0,0.028,0.016,0.0212222
juelich_pilot_d30_r2_log_distance_s01_w1,juelich,12345,1,1,log-distance,47,48,veh0,veh9,2,2,0,565.145,0,14.022,7.14985,-81.7209,15.2554,2,0.028,0.023,0.0212222
juelich_pilot_d30_r2_log_distance_s01_w1,juelich,12345,1,1,log-distance,47,48,veh1,veh0,2,0,1,663.779,0,7.79301,14.022,nan,nan,0,0.02,0.028,0.0212222
juelich_pilot_d30_r2_log_distance_s01_w1,juelich,12345,1,1,log-distance,47,48,veh1,veh10,2,2,0,279.879,1,7.79301,8.42435,-75.6171,21.3592,2,0.02,0.02,0.0212222
juelich_pilot_d30_r2_log_distance_s01_w1,juelich,12345,1,1,log-distance,47,48,veh1,veh11,2,2,0,57.2808,1,7.79301,3.48405,-61.8362,35.1401,2,0.02,0.022,0.0212222
juelich_pilot_d30_r2_log_distance_s01_w1,juelich,12345,1,1,log-distance,47,48,veh1,veh12,2,0,1,592.598,0,7.79301,8.43229,nan,nan,0,0.02,0.02,0.0212222
juelich_pilot_d30_r2_log_distance_s01_w1,juelich,12345,1,1,log-distance,47,48,veh1,veh13,2,2,0,420.28,1,7.79301,6.31964,-79.1483,17.8279,2,0.02,0.028,0.0212222
juelich_pilot_d30_r2_log_distance_s01_w1,juelich,12345,1,1,log-distance,47,48,veh1,veh14,2,0,1,689.105,0,7.79301,16.1564,nan,nan,0,0.02,0.02,0.0212222
juelich_pilot_d30_r2_log_distance_s01_w1,juelich,12345,1,1,log-distance,47,48,veh1,veh15,2,0,1,989.829,0,7.79301,7.75347,nan,nan,0,0.02,0.02,0.0212222
juelich_pilot_d30_r2_log_distance_s01_w1,juelich,12345,1,1,log-distance,47,48,veh1,veh17,2,0,1,881.854,0,7.79301,2.9768,nan,nan,0,0.02,0.022,0.0212222
juelich_pilot_d30_r2_log_distance_s01_w1,juelich,12345,1,1,log-distance,47,48,veh1,veh4,2,2,0,276.493,1,7.79301,8.77092,-75.5113,21.465,2,0.02,0.028,0.0212222
juelich_pilot_d30_r2_log_distance_s01_w1,juelich,12345,1,1,log-distance,47,48,veh1,veh5,2,0,1,881.866,0,7.79301,8.9767,nan,nan,0,0.02,0.023,0.0212222
juelich_pilot_d30_r2_log_distance_s01_w1,juelich,12345,1,1,log-distance,47,48,veh1,veh6,2,2,0,301.925,1,7.79301,6.04676,-76.2755,20.7008,2,0.02,0.02,0.0212222
juelich_pilot_d30_r2_log_distance_s01_w1,juelich,12345,1,1,log-distance,47,48,veh1,veh7,2,0,1,832.032,0,7.79301,12.7836,nan,nan,0,0.02,0.026,0.0212222
juelich_pilot_d30_r2_log_distance_s01_w1,juelich,12345,1,1,log-distance,47,48,veh1,veh8,2,0,1,950.434,0,7.79301,5.70297,nan,nan,0,0.02,0.016,0.0212222
juelich_pilot_d30_r2_log_distance_s01_w1,juelich,12345,1,1,log-distance,47,48,veh1,veh9,2,2,0,104.453,1,7.79301,7.14985,-67.0561,29.9202,2,0.02,0.023,0.0212222
juelich_pilot_d30_r2_log_distance_s01_w1,juelich,12345,1,1,log-distance,47,48,veh10,veh0,2,2,0,502.595,0,8.42435,14.022,-80.702,16.2742,2,0.02,0.028,0.0212222
juelich_pilot_d30_r2_log_distance_s01_w1,juelich,12345,1,1,log-distance,47,48,veh10,veh1,2,2,0,279.879,1,8.42435,7.79301,-75.6171,21.3592,2,0.02,0.02,0.0212222
juelich_pilot_d30_r2_log_distance_s01_w1,juelich,12345,1,1,log-distance,47,48,veh10,veh11,2,2,0,229.856,1,8.42435,3.48405,-73.9067,23.0696,2,0.02,0.022,0.0212222
juelich_pilot_d30_r2_log_distance_s01_w1,juelich,12345,1,1,log-distance,47,48,veh10,veh12,2,2,0,313.361,1,8.42435,8.43229,-76.5981,20.3782,2,0.02,0.02,0.0212222
juelich_pilot_d30_r2_log_distance_s01_w1,juelich,12345,1,1,log-distance,47,48,veh10,veh13,2,2,0,255.751,1,8.42435,6.31964,-74.8336,22.1427,2,0.02,0.028,0.0212222
juelich_pilot_d30_r2_log_distance_s01_w1,juelich,12345,1,1,log-distance,47,48,veh10,veh14,2,2,0,410.405,1,8.42435,16.1564,-78.9412,18.0351,2,0.02,0.02,0.0212222
juelich_pilot_d30_r2_log_distance_s01_w1,juelich,12345,1,1,log-distance,47,48,veh10,veh15,2,0,1,924.37,0,8.42435,7.75347,nan,nan,0,0.02,0.02,0.0212222
juelich_pilot_d30_r2_log_distance_s01_w1,juelich,12345,1,1,log-distance,47,48,veh10,veh17,2,0,1,919.469,0,8.42435,2.9768,nan,nan,0,0.02,0.022,0.0212222
juelich_pilot_d30_r2_log_distance_s01_w1,juelich,12345,1,1,log-distance,47,48,veh10,veh4,2,2,0,135.999,1,8.42435,8.77092,-69.3476,27.6287,2,0.02,0.028,0.0212222
juelich_pilot_d30_r2_log_distance_s01_w1,juelich,12345,1,1,log-distance,47,48,veh10,veh5,2,0,1,880.379,0,8.42435,8.9767,nan,nan,0,0.02,0.023,0.0212222
juelich_pilot_d30_r2_log_distance_s01_w1,juelich,12345,1,1,log-distance,47,48,veh10,veh6,2,2,0,25.9874,1,8.42435,6.04676,-54.9561,42.0202,2,0.02,0.02,0.0212222
juelich_pilot_d30_r2_log_distance_s01_w1,juelich,12345,1,1,log-distance,47,48,veh10,veh7,2,0,1,914.226,0,8.42435,12.7836,nan,nan,0,0.02,0.026,0.0212222
juelich_pilot_d30_r2_log_distance_s01_w1,juelich,12345,1,1,log-distance,47,48,veh10,veh9,2,2,0,192.183,1,8.42435,7.14985,-72.352,24.6243,2,0.02,0.023,0.0212222
juelich_pilot_d30_r2_log_distance_s01_w1,juelich,12345,1,1,log-distance,47,48,veh11,veh0,2,0,1,609.577,0,3.48405,14.022,nan,nan,0,0.022,0.028,0.0212222
juelich_pilot_d30_r2_log_distance_s01_w1,juelich,12345,1,1,log-distance,47,48,veh11,veh1,2,2,0,57.2808,1,3.48405,7.79301,-61.8362,35.1401,2,0.022,0.02,0.0212222
juelich_pilot_d30_r2_log_distance_s01_w1,juelich,12345,1,1,log-distance,47,48,veh11,veh10,2,2,0,229.856,1,3.48405,8.42435,-73.9067,23.0696,2,0.022,0.02,0.0212222
juelich_pilot_d30_r2_log_distance_s01_w1,juelich,12345,1,1,log-distance,47,48,veh11,veh12,2,2,0,540.482,0,3.48405,8.43229,-81.3333,15.643,2,0.022,0.02,0.0212222
juelich_pilot_d30_r2_log_distance_s01_w1,juelich,12345,1,1,log-distance,47,48,veh11,veh13,2,2,0,364.038,1,3.48405,6.31964,-77.9006,19.0757,2,0.022,0.028,0.0212222
juelich_pilot_d30_r2_log_distance_s01_w1,juelich,12345,1,1,log-distance,47,48,veh11,veh14,2,0,1,636.398,0,3.48405,16.1564,nan,nan,0,0.022,0.02,0.0212222
juelich_pilot_d30_r2_log_distance_s01_w1,juelich,12345,1,1,log-distance,47,48,veh11,veh15,2,0,1,948.233,0,3.48405,7.75347,nan,nan,0,0.022,0.02,0.0212222
juelich_pilot_d30_r2_log_distance_s01_w1,juelich,12345,1,1,log-distance,47,48,veh11,veh17,2,0,1,857.017,0,3.48405,2.9768,nan,nan,0,0.022,0.022,0.0212222
juelich_pilot_d30_r2_log_distance_s01_w1,juelich,12345,1,1,log-distance,47,48,veh11,veh4,2,2,0,219.264,1,3.48405,8.77092,-73.497,23.4792,2,0.022,0.028,0.0212222
juelich_pilot_d30_r2_log_distance_s01_w1,juelich,12345,1,1,log-distance,47,48,veh11,veh5,2,0,1,849.803,0,3.48405,8.9767,nan,nan,0,0.022,0.023,0.0212222
juelich_pilot_d30_r2_log_distance_s01_w1,juelich,12345,1,1,log-distance,47,48,veh11,veh6,2,2,0,250.422,1,3.48405,6.04676,-74.6511,22.3252,2,0.022,0.02,0.0212222
juelich_pilot_d30_r2_log_distance_s01_w1,juelich,12345,1,1,log-distance,47,48,veh11,veh7,2,0,1,816.046,0,3.48405,12.7836,nan,nan,0,0.022,0.026,0.0212222
juelich_pilot_d30_r2_log_distance_s01_w1,juelich,12345,1,1,log-distance,47,48,veh11,veh8,2,0,1,951.077,0,3.48405,5.70297,nan,nan,0,0.022,0.016,0.0212222
juelich_pilot_d30_r2_log_distance_s01_w1,juelich,12345,1,1,log-distance,47,48,veh11,veh9,2,2,0,47.1753,1,3.48405,7.14985,-60.1502,36.8261,2,0.022,0.023,0.0212222
juelich_pilot_d30_r2_log_distance_s01_w1,juelich,12345,1,1,log-distance,47,48,veh12,veh0,2,2,0,448.999,1,8.43229,14.022,-79.7226,17.2537,2,0.02,0.028,0.0212222
juelich_pilot_d30_r2_log_distance_s01_w1,juelich,12345,1,1,log-distance,47,48,veh12,veh1,2,0,1,592.598,0,8.43229,7.79301,nan,nan,0,0.02,0.02,0.0212222
juelich_pilot_d30_r2_log_distance_s01_w1,juelich,12345,1,1,log-distance,47,48,veh12,veh10,2,2,0,313.361,1,8.43229,8.42435,-76.5981,20.3782,2,0.02,0.02,0.0212222
juelich_pilot_d30_r2_log_distance_s01_w1,juelich,12345,1,1,log-distance,47,48,veh12,veh11,2,2,0,540.482,0,8.43229,3.48405,-81.3333,15.643,2,0.02,0.022,0.0212222
juelich_pilot_d30_r2_log_distance_s01_w1,juelich,12345,1,1,log-distance,47,48,veh12,veh13,2,2,0,335.317,1,8.43229,6.31964,-77.1863,19.79,2,0.02,0.028,0.0212222
juelich_pilot_d30_r2_log_distance_s01_w1,juelich,12345,1,1,log-distance,47,48,veh12,veh14,2,2,0,97.5447,1,8.43229,16.1564,-66.4587,30.5176,2,0.02,0.02,0.0212222
juelich_pilot_d30_r2_log_distance_s01_w1,juelich,12345,1,1,log-distance,47,48,veh12,veh15,2,0,1,920.15,0,8.43229,7.75347,nan,nan,0,0.02,0.02,0.0212222
juelich_pilot_d30_r2_log_distance_s01_w1,juelich,12345,1,1,log-distance,47,48,veh12,veh4,2,2,0,363.008,1,8.43229,8.77092,-77.876,19.1003,2,0.02,0.028,0.0212222
juelich_pilot_d30_r2_log_distance_s01_w1,juelich,12345,1,1,log-distance,47,48,veh12,veh5,2,0,1,952.361,0,8.43229,8.9767,nan,nan,0,0.02,0.023,0.0212222
juelich_pilot_d30_r2_log_distance_s01_w1,juelich,12345,1,1,log-distance,47,48,veh12,veh6,2,2,0,290.675,1,8.43229,6.04676,-75.9458,21.0305,2,0.02,0.02,0.0212222
juelich_pilot_d30_r2_log_distance_s01_w1,juelich,12345,1,1,log-distance,47,48,veh12,veh9,2,2,0,498.743,1,8.43229,7.14985,-80.6351,16.3412,2,0.02,0.023,0.0212222
juelich_pilot_d30_r2_log_distance_s01_w1,juelich,12345,1,1,log-distance,47,48,veh13,veh0,2,2,0,254.121,1,6.31964,14.022,-74.7775,22.1988,2,0.028,0.028,0.0212222
juelich_pilot_d30_r2_log_distance_s01_w1,juelich,12345,1,1,log-distance,47,48,veh13,veh1,2,2,0,420.28,1,6.31964,7.79301,-79.1483,17.8279,2,0.028,0.02,0.0212222
juelich_pilot_d30_r2_log_distance_s01_w1,juelich,12345,1,1,log-distance,47,48,veh13,veh10,2,2,0,255.751,1,6.31964,8.42435,-74.8336,22.1427,2,0.028,0.02,0.0212222
juelich_pilot_d30_r2_log_distance_s01_w1,juelich,12345,1,1,log-distance,47,48,veh13,veh11,2,2,0,364.038,1,6.31964,3.48405,-77.9006,19.0757,2,0.028,0.022,0.0212222
juelich_pilot_d30_r2_log_distance_s01_w1,juelich,12345,1,1,log-distance,47,48,veh13,veh12,2,2,0,335.317,1,6.31964,8.43229,-77.1863,19.79,2,0.028,0.02,0.0212222
juelich_pilot_d30_r2_log_distance_s01_w1,juelich,12345,1,1,log-distance,47,48,veh13,veh14,2,2,0,402.137,1,6.31964,16.1564,-78.765,18.2113,2,0.028,0.02,0.0212222
juelich_pilot_d30_r2_log_distance_s01_w1,juelich,12345,1,1,log-distance,47,48,veh13,veh15,2,0,1,672.115,0,6.31964,7.75347,nan,nan,0,0.028,0.02,0.0212222
juelich_pilot_d30_r2_log_distance_s01_w1,juelich,12345,1,1,log-distance,47,48,veh13,veh17,2,0,1,708.944,0,6.31964,2.9768,nan,nan,0,0.028,0.022,0.0212222
juelich_pilot_d30_r2_log_distance_s01_w1,juelich,12345,1,1,log-distance,47,48,veh13,veh4,2,2,0,151.544,1,6.31964,8.77092,-70.2877,26.6885,2,0.028,0.028,0.0212222
juelich_pilot_d30_r2_log_distance_s01_w1,juelich,12345,1,1,log-distance,47,48,veh13,veh5,2,0,1,650.62,0,6.31964,8.9767,nan,nan,0,0.028,0.023,0.0212222
juelich_pilot_d30_r2_log_distance_s01_w1,juelich,12345,1,1,log-distance,47,48,veh13,veh6,2,2,0,237.638,1,6.31964,6.04676,-74.1955,22.7808,2,0.028,0.02,0.0212222
juelich_pilot_d30_r2_log_distance_s01_w1,juelich,12345,1,1,log-distance,47,48,veh13,veh7,2,0,1,733.263,0,6.31964,12.7836,nan,nan,0,0.028,0.026,0.0212222
juelich_pilot_d30_r2_log_distance_s01_w1,juelich,12345,1,1,log-distance,47,48,veh13,veh8,2,0,1,961.346,0,6.31964,5.70297,nan,nan,0,0.028,0.016,0.0212222
juelich_pilot_d30_r2_log_distance_s01_w1,juelich,12345,1,1,log-distance,47,48,veh13,veh9,2,2,0,317.84,1,6.31964,7.14985,-76.7217,20.2546,2,0.028,0.023,0.0212222
juelich_pilot_d30_r2_log_distance_s01_w1,juelich,12345,1,1,log-distance,47,48,veh14,veh0,2,2,0,465.124,1,16.1564,14.022,-80.0291,2.34098,2,0.02,0.028,0.0212222
juelich_pilot_d30_r2_log_distance_s01_w1,juelich,12345,1,1,log-distance,47,48,veh14,veh1,2,0,1,689.105,0,16.1564,7.79301,nan,nan,0,0.02,0.02,0.0212222
juelich_pilot_d30_r2_log_distance_s01_w1,juelich,12345,1,1,log-distance,47,48,veh14,veh10,2,2,0,410.405,1,16.1564,8.42435,-78.9412,6.67735,2,0.02,0.02,0.0212222
juelich_pilot_d30_r2_log_distance_s01_w1,juelich,12345,1,1,log-distance,47,48,veh14,veh11,2,0,1,636.398,0,16.1564,3.48405,nan,nan,0,0.02,0.022,0.0212222
juelich_pilot_d30_r2_log_distance_s01_w1,juelich,12345,1,1,log-distance,47,48,veh14,veh12,2,2,0,97.5447,1,16.1564,8.43229,-66.4587,20.044,2,0.02,0.02,0.0212222
juelich_pilot_d30_r2_log_distance_s01_w1,juelich,12345,1,1,log-distance,47,48,veh14,veh13,2,2,0,402.137,1,16.1564,6.31964,-78.765,4.72584,2,0.02,0.028,0.0212222
juelich_pilot_d30_r2_log_distance_s01_w1,juelich,12345,1,1,log-distance,47,48,veh14,veh15,2,0,1,929.988,0,16.1564,7.75347,nan,nan,0,0.02,0.02,0.0212222
juelich_pilot_d30_r2_log_distance_s01_w1,juelich,12345,1,1,log-distance,47,48,veh14,veh4,2,2,0,451.505,1,16.1564,8.77092,-79.7709,4.54557,2,0.02,0.028,0.0212222
juelich_pilot_d30_r2_log_distance_s01_w1,juelich,12345,1,1,log-distance,47,48,veh14,veh5,2,0,1,984.394,0,16.1564,8.9767,nan,nan,0,0.02,0.023,0.0212222
juelich_pilot_d30_r2_log_distance_s01_w1,juelich,12345,1,1,log-distance,47,48,veh14,veh6,2,2,0,387.343,1,16.1564,6.04676,-78.4393,7.11676,2,0.02,0.02,0.0212222
juelich_pilot_d30_r2_log_distance_s01_w1,juelich,12345,1,1,log-distance,47,48,veh14,veh9,2,0,1,593.94,0,16.1564,7.14985,nan,nan,0,0.02,0.023,0.0212222
juelich_pilot_d30_r2_log_distance_s01_w1,juelich,12345,1,1,log-distance,47,48,veh15,veh0,2,2,0,471.237,1,7.75347,14.022,-80.1423,2.08775,2,0.02,0.028,0.0212222
juelich_pilot_d30_r2_log_distance_s01_w1,juelich,12345,1,1,log-distance,47,48,veh15,veh1,2,0,1,989.829,0,7.75347,7.79301,nan,nan,0,0.02,0.02,0.0212222
juelich_pilot_d30_r2_log_distance_s01_w1,juelich,12345,1,1,log-distance,47,48,veh15,veh10,2,0,1,924.37,0,7.75347,8.42435,nan,nan,0,0.02,0.02,0.0212222
juelich_pilot_d30_r2_log_distance_s01_w1,juelich,12345,1,1,log-distance,47,48,veh15,veh11,2,0,1,948.233,0,7.75347,3.48405,nan,nan,0,0.02,0.022,0.0212222
juelich_pilot_d30_r2_log_distance_s01_w1,juelich,12345,1,1,log-distance,47,48,veh15,veh12,2,0,1,920.15,0,7.75347,8.43229,nan,nan,0,0.02,0.02,0.0212222
juelich_pilot_d30_r2_log_distance_s01_w1,juelich,12345,1,1,log-distance,47,48,veh15,veh13,2,0,1,672.115,0,7.75347,6.31964,nan,nan,0,0.02,0.028,0.0212222
juelich_pilot_d30_r2_log_distance_s01_w1,juelich,12345,1,1,log-distance,47,48,veh15,veh14,2,0,1,929.988,0,7.75347,16.1564,nan,nan,0,0.02,0.02,0.0212222
juelich_pilot_d30_r2_log_distance_s01_w1,juelich,12345,1,1,log-distance,47,48,veh15,veh16,2,0,1,630.351,0,7.75347,8.3767,nan,nan,0,0.02,0.016,0.0212222
juelich_pilot_d30_r2_log_distance_s01_w1,juelich,12345,1,1,log-distance,47,48,veh15,veh17,2,2,0,347.087,1,7.75347,2.9768,-77.4865,7.563,2,0.02,0.022,0.0212222
juelich_pilot_d30_r2_log_distance_s01_w1,juelich,12345,1,1,log-distance,47,48,veh15,veh2,2,0,1,989.537,0,7.75347,0,nan,nan,0,0.02,0.014,0.0212222
juelich_pilot_d30_r2_log_distance_s01_w1,juelich,12345,1,1,log-distance,47,48,veh15,veh3,2,0,1,813.084,0,7.75347,12.1473,nan,nan,0,0.02,0.016,0.0212222
juelich_pilot_d30_r2_log_distance_s01_w1,juelich,12345,1,1,log-distance,47,48,veh15,veh4,2,0,1,798.651,0,7.75347,8.77092,nan,nan,0,0.02,0.028,0.0212222
juelich_pilot_d30_r2_log_distance_s01_w1,juelich,12345,1,1,log-distance,47,48,veh15,veh5,2,2,0,224.939,1,7.75347,8.9767,-73.719,11.2617,2,0.02,0.023,0.0212222
juelich_pilot_d30_r2_log_distance_s01_w1,juelich,12345,1,1,log-distance,47,48,veh15,veh6,2,0,1,908.504,0,7.75347,6.04676,nan,nan,0,0.02,0.02,0.0212222
juelich_pilot_d30_r2_log_distance_s01_w1,juelich,12345,1,1,log-distance,47,48,veh15,veh7,2,2,0,489.906,1,7.75347,12.7836,-80.4799,4.17003,2,0.02,0.026,0.0212222
juelich_pilot_d30_r2_log_distance_s01_w1,juelich,12345,1,1,log-distance,47,48,veh15,veh8,2,0,1,768.877,0,7.75347,5.70297,nan,nan,0,0.02,0.016,0.0212222
juelich_pilot_d30_r2_log_distance_s01_w1,juelich,12345,1,1,log-distance,47,48,veh15,veh9,2,0,1,914.746,0,7.75347,7.14985,nan,nan,0,0.02,0.023,0.0212222
juelich_pilot_d30_r2_log_distance_s01_w1,juelich,12345,1,1,log-distance,47,48,veh16,veh15,2,0,1,630.351,0,8.3767,7.75347,nan,nan,0,0.016,0.02,0.0212222
juelich_pilot_d30_r2_log_distance_s01_w1,juelich,12345,1,1,log-distance,47,48,veh16,veh17,2,2,0,572.307,0,8.3767,2.9768,-81.8303,15.146,2,0.016,0.022,0.0212222
juelich_pilot_d30_r2_log_distance_s01_w1,juelich,12345,1,1,log-distance,47,48,veh16,veh2,2,0,1,656.319,0,8.3767,0,nan,nan,0,0.016,0.014,0.0212222
juelich_pilot_d30_r2_log_distance_s01_w1,juelich,12345,1,1,log-distance,47,48,veh16,veh3,2,2,0,553.11,0,8.3767,12.1473,-81.5338,15.4425,2,0.016,0.016,0.0212222
juelich_pilot_d30_r2_log_distance_s01_w1,juelich,12345,1,1,log-distance,47,48,veh16,veh5,2,0,1,595.535,0,8.3767,8.9767,nan,nan,0,0.016,0.023,0.0212222
juelich_pilot_d30_r2_log_distance_s01_w1,juelich,12345,1,1,log-distance,47,48,veh16,veh7,2,0,1,646.357,0,8.3767,12.7836,nan,nan,0,0.016,0.026,0.0212222
juelich_pilot_d30_r2_log_distance_s01_w1,juelich,12345,1,1,log-distance,47,48,veh16,veh8,2,0,1,732.827,0,8.3767,5.70297,nan,nan,0,0.016,0.016,0.0212222
juelich_pilot_d30_r2_log_distance_s01_w1,juelich,12345,1,1,log-distance,47,48,veh17,veh0,2,0,1,619.825,0,2.9768,14.022,nan,nan,0,0.022,0.028,0.0212222
juelich_pilot_d30_r2_log_distance_s01_w1,juelich,12345,1,1,log-distance,47,48,veh17,veh1,2,0,1,881.854,0,2.9768,7.79301,nan,nan,0,0.022,0.02,0.0212222
juelich_pilot_d30_r2_log_distance_s01_w1,juelich,12345,1,1,log-distance,47,48,veh17,veh10,2,0,1,919.469,0,2.9768,8.42435,nan,nan,0,0.022,0.02,0.0212222
juelich_pilot_d30_r2_log_distance_s01_w1,juelich,12345,1,1,log-distance,47,48,veh17,veh11,2,0,1,857.017,0,2.9768,3.48405,nan,nan,0,0.022,0.022,0.0212222
juelich_pilot_d30_r2_log_distance_s01_w1,juelich,12345,1,1,log-distance,47,48,veh17,veh13,2,0,1,708.944,0,2.9768,6.31964,nan,nan,0,0.022,0.028,0.0212222
juelich_pilot_d30_r2_log_distance_s01_w1,juelich,12345,1,1,log-distance,47,48,veh17,veh15,2,2,0,347.087,1,2.9768,7.75347,-77.4865,19.4898,2,0.022,0.02,0.0212222
juelich_pilot_d30_r2_log_distance_s01_w1,juelich,12345,1,1,log-distance,47,48,veh17,veh16,2,2,0,572.307,0,2.9768,8.3767,-81.8303,15.146,2,0.022,0.016,0.0212222
juelich_pilot_d30_r2_log_distance_s01_w1,juelich,12345,1,1,log-distance,47,48,veh17,veh2,2,0,1,685.441,0,2.9768,0,nan,nan,0,0.022,0.014,0.0212222
juelich_pilot_d30_r2_log_distance_s01_w1,juelich,12345,1,1,log-distance,47,48,veh17,veh3,2,2,0,506.237,0,2.9768,12.1473,-80.7647,16.2116,2,0.022,0.016,0.0212222
juelich_pilot_d30_r2_log_distance_s01_w1,juelich,12345,1,1,log-distance,47,48,veh17,veh4,2,0,1,783.506,0,2.9768,8.77092,nan,nan,0,0.022,0.028,0.0212222
juelich_pilot_d30_r2_log_distance_s01_w1,juelich,12345,1,1,log-distance,47,48,veh17,veh5,2,2,0,126.284,1,2.9768,8.9767,-68.7046,28.2717,2,0.022,0.023,0.0212222
juelich_pilot_d30_r2_log_distance_s01_w1,juelich,12345,1,1,log-distance,47,48,veh17,veh6,2,0,1,912.37,0,2.9768,6.04676,nan,nan,0,0.022,0.02,0.0212222
juelich_pilot_d30_r2_log_distance_s01_w1,juelich,12345,1,1,log-distance,47,48,veh17,veh7,2,2,0,147.214,1,2.9768,12.7836,-70.0367,26.9396,2,0.022,0.026,0.0212222
juelich_pilot_d30_r2_log_distance_s01_w1,juelich,12345,1,1,log-distance,47,48,veh17,veh8,2,2,0,422.169,1,2.9768,5.70297,-79.1874,17.7889,2,0.022,0.016,0.0212222
juelich_pilot_d30_r2_log_distance_s01_w1,juelich,12345,1,1,log-distance,47,48,veh17,veh9,2,0,1,838.305,0,2.9768,7.14985,nan,nan,0,0.022,0.023,0.0212222
juelich_pilot_d30_r2_log_distance_s01_w1,juelich,12345,1,1,log-distance,47,48,veh2,veh15,2,0,1,989.537,0,0,7.75347,nan,nan,0,0.014,0.02,0.0212222
juelich_pilot_d30_r2_log_distance_s01_w1,juelich,12345,1,1,log-distance,47,48,veh2,veh16,2,0,1,656.319,0,0,8.3767,nan,nan,0,0.014,0.016,0.0212222
juelich_pilot_d30_r2_log_distance_s01_w1,juelich,12345,1,1,log-distance,47,48,veh2,veh17,2,0,1,685.441,0,0,2.9768,nan,nan,0,0.014,0.022,0.0212222
juelich_pilot_d30_r2_log_distance_s01_w1,juelich,12345,1,1,log-distance,47,48,veh2,veh3,2,2,0,179.392,1,0,12.1473,-71.7525,25.2237,2,0.014,0.016,0.0212222
juelich_pilot_d30_r2_log_distance_s01_w1,juelich,12345,1,1,log-distance,47,48,veh2,veh5,2,0,1,802.884,0,0,8.9767,nan,nan,0,0.014,0.023,0.0212222
juelich_pilot_d30_r2_log_distance_s01_w1,juelich,12345,1,1,log-distance,47,48,veh2,veh7,2,0,1,605.738,0,0,12.7836,nan,nan,0,0.014,0.026,0.0212222
juelich_pilot_d30_r2_log_distance_s01_w1,juelich,12345,1,1,log-distance,47,48,veh2,veh8,2,2,0,393.655,1,0,5.70297,-78.58,18.3963,2,0.014,0.016,0.0212222
juelich_pilot_d30_r2_log_distance_s01_w1,juelich,12345,1,1,log-distance,47,48,veh3,veh15,2,0,1,813.084,0,12.1473,7.75347,nan,nan,0,0.016,0.02,0.0212222
juelich_pilot_d30_r2_log_distance_s01_w1,juelich,12345,1,1,log-distance,47,48,veh3,veh16,2,2,0,553.11,0,12.1473,8.3767,-81.5338,15.4425,2,0.016,0.016,0.0212222
juelich_pilot_d30_r2_log_distance_s01_w1,juelich,12345,1,1,log-distance,47,48,veh3,veh17,2,2,0,506.237,0,12.1473,2.9768,-80.7647,16.2116,2,0.016,0.022,0.0212222
juelich_pilot_d30_r2_log_distance_s01_w1,juelich,12345,1,1,log-distance,47,48,veh3,veh2,2,2,0,179.392,1,12.1473,0,-71.7525,25.2237,2,0.016,0.014,0.0212222
juelich_pilot_d30_r2_log_distance_s01_w1,juelich,12345,1,1,log-distance,47,48,veh3,veh5,2,0,1,623.554,0,12.1473,8.9767,nan,nan,0,0.016,0.023,0.0212222
juelich_pilot_d30_r2_log_distance_s01_w1,juelich,12345,1,1,log-distance,47,48,veh3,veh7,2,2,0,433.107,1,12.1473,12.7836,-79.4096,17.5667,2,0.016,0.026,0.0212222
juelich_pilot_d30_r2_log_distance_s01_w1,juelich,12345,1,1,log-distance,47,48,veh3,veh8,2,2,0,271.079,1,12.1473,5.70297,-75.3392,21.6371,2,0.016,0.016,0.0212222
juelich_pilot_d30_r2_log_distance_s01_w1,juelich,12345,1,1,log-distance,47,48,veh4,veh0,2,2,0,405.081,1,8.77092,14.022,-78.8285,18.1478,2,0.028,0.028,0.0212222
juelich_pilot_d30_r2_log_distance_s01_w1,juelich,12345,1,1,log-distance,47,48,veh4,veh1,2,2,0,276.493,1,8.77092,7.79301,-75.5113,21.465,2,0.028,0.02,0.0212222
juelich_pilot_d30_r2_log_distance_s01_w1,juelich,12345,1,1,log-distance,47,48,veh4,veh10,2,2,0,135.999,1,8.77092,8.42435,-69.3476,27.6287,2,0.028,0.02,0.0212222
juelich_pilot_d30_r2_log_distance_s01_w1,juelich,12345,1,1,log-distance,47,48,veh4,veh11,2,2,0,219.264,1,8.77092,3.48405,-73.497,23.4792,2,0.028,0.022,0.0212222
juelich_pilot_d30_r2_log_distance_s01_w1,juelich,12345,1,1,log-distance,47,48,veh4,veh12,2,2,0,363.008,1,8.77092,8.43229,-77.876,19.1003,2,0.028,0.02,0.0212222
juelich_pilot_d30_r2_log_distance_s01_w1,juelich,12345,1,1,log-distance,47,48,veh4,veh13,2,2,0,151.544,1,8.77092,6.31964,-70.2877,26.6885,2,0.028,0.028,0.0212222
juelich_pilot_d30_r2_log_distance_s01_w1,juelich,12345,1,1,log-distance,47,48,veh4,veh14,2,2,0,451.505,1,8.77092,16.1564,-79.7709,17.2054,2,0.028,0.02,0.0212222
juelich_pilot_d30_r2_log_distance_s01_w1,juelich,12345,1,1,log-distance,47,48,veh4,veh15,2,0,1,798.651,0,8.77092,7.75347,nan,nan,0,0.028,0.02,0.0212222
juelich_pilot_d30_r2_log_distance_s01_w1,juelich,12345,1,1,log-distance,47,48,veh4,veh17,2,0,1,783.506,0,8.77092,2.9768,nan,nan,0,0.028,0.022,0.0212222
juelich_pilot_d30_r2_log_distance_s01_w1,juelich,12345,1,1,log-distance,47,48,veh4,veh5,2,0,1,745.49,0,8.77092,8.9767,nan,nan,0,0.028,0.023,0.0212222
juelich_pilot_d30_r2_log_distance_s01_w1,juelich,12345,1,1,log-distance,47,48,veh4,veh6,2,2,0,130.496,1,8.77092,6.04676,-68.9895,27.9868,2,0.028,0.02,0.0212222
juelich_pilot_d30_r2_log_distance_s01_w1,juelich,12345,1,1,log-distance,47,48,veh4,veh7,2,0,1,780.742,0,8.77092,12.7836,nan,nan,0,0.028,0.026,0.0212222
juelich_pilot_d30_r2_log_distance_s01_w1,juelich,12345,1,1,log-distance,47,48,veh4,veh8,2,0,1,974.836,0,8.77092,5.70297,nan,nan,0,0.028,0.016,0.0212222
juelich_pilot_d30_r2_log_distance_s01_w1,juelich,12345,1,1,log-distance,47,48,veh4,veh9,2,2,0,172.123,1,8.77092,7.14985,-71.3943,25.582,2,0.028,0.023,0.0212222
juelich_pilot_d30_r2_log_distance_s01_w1,juelich,12345,1,1,log-distance,47,48,veh5,veh0,2,2,0,524.805,0,8.9767,14.022,-81.0776,15.8987,2,0.023,0.028,0.0212222
juelich_pilot_d30_r2_log_distance_s01_w1,juelich,12345,1,1,log-distance,47,48,veh5,veh1,2,0,1,881.866,0,8.9767,7.79301,nan,nan,0,0.023,0.02,0.0212222
juelich_pilot_d30_r2_log_distance_s01_w1,juelich,12345,1,1,log-distance,47,48,veh5,veh10,2,0,1,880.379,0,8.9767,8.42435,nan,nan,0,0.023,0.02,0.0212222
juelich_pilot_d30_r2_log_distance_s01_w1,juelich,12345,1,1,log-distance,47,48,veh5,veh11,2,0,1,849.803,0,8.9767,3.48405,nan,nan,0,0.023,0.022,0.0212222
juelich_pilot_d30_r2_log_distance_s01_w1,juelich,12345,1,1,log-distance,47,48,veh5,veh12,2,0,1,952.361,0,8.9767,8.43229,nan,nan,0,0.023,0.02,0.0212222
juelich_pilot_d30_r2_log_distance_s01_w1,juelich,12345,1,1,log-distance,47,48,veh5,veh13,2,0,1,650.62,0,8.9767,6.31964,nan,nan,0,0.023,0.028,0.0212222
juelich_pilot_d30_r2_log_distance_s01_w1,juelich,12345,1,1,log-distance,47,48,veh5,veh14,2,0,1,984.394,0,8.9767,16.1564,nan,nan,0,0.023,0.02,0.0212222
juelich_pilot_d30_r2_log_distance_s01_w1,juelich,12345,1,1,log-distance,47,48,veh5,veh15,2,2,0,224.939,1,8.9767,7.75347,-73.719,23.2573,2,0.023,0.02,0.0212222
juelich_pilot_d30_r2_log_distance_s01_w1,juelich,12345,1,1,log-distance,47,48,veh5,veh16,2,0,1,595.535,0,8.9767,8.3767,nan,nan,0,0.023,0.016,0.0212222
juelich_pilot_d30_r2_log_distance_s01_w1,juelich,12345,1,1,log-distance,47,48,veh5,veh17,2,2,0,126.284,1,8.9767,2.9768,-68.7046,28.2717,2,0.023,0.022,0.0212222
juelich_pilot_d30_r2_log_distance_s01_w1,juelich,12345,1,1,log-distance,47,48,veh5,veh2,2,0,1,802.884,0,8.9767,0,nan,nan,0,0.023,0.014,0.0212222
juelich_pilot_d30_r2_log_distance_s01_w1,juelich,12345,1,1,log-distance,47,48,veh5,veh3,2,0,1,623.554,0,8.9767,12.1473,nan,nan,0,0.023,0.016,0.0212222
juelich_pilot_d30_r2_log_distance_s01_w1,juelich,12345,1,1,log-distance,47,48,veh5,veh4,2,0,1,745.49,0,8.9767,8.77092,nan,nan,0,0.023,0.028,0.0212222
juelich_pilot_d30_r2_log_distance_s01_w1,juelich,12345,1,1,log-distance,47,48,veh5,veh6,2,0,1,870.022,0,8.9767,6.04676,nan,nan,0,0.023,0.02,0.0212222
juelich_pilot_d30_r2_log_distance_s01_w1,juelich,12345,1,1,log-distance,47,48,veh5,veh7,2,2,0,265.133,1,8.9767,12.7836,-75.147,21.8293,2,0.023,0.026,0.0212222
juelich_pilot_d30_r2_log_distance_s01_w1,juelich,12345,1,1,log-distance,47,48,veh5,veh8,2,2,0,547.468,0,8.9767,5.70297,-81.4449,15.5314,2,0.023,0.016,0.0212222
juelich_pilot_d30_r2_log_distance_s01_w1,juelich,12345,1,1,log-distance,47,48,veh5,veh9,2,0,1,824.848,0,8.9767,7.14985,nan,nan,0,0.023,0.023,0.0212222
juelich_pilot_d30_r2_log_distance_s01_w1,juelich,12345,1,1,log-distance,47,48,veh6,veh0,2,2,0,481.3,1,6.04676,14.022,-80.326,16.6503,2,0.02,0.028,0.0212222
juelich_pilot_d30_r2_log_distance_s01_w1,juelich,12345,1,1,log-distance,47,48,veh6,veh1,2,2,0,301.925,1,6.04676,7.79301,-76.2755,20.7008,2,0.02,0.02,0.0212222
juelich_pilot_d30_r2_log_distance_s01_w1,juelich,12345,1,1,log-distance,47,48,veh6,veh10,2,2,0,25.9874,1,6.04676,8.42435,-54.9561,42.0202,2,0.02,0.02,0.0212222
juelich_pilot_d30_r2_log_distance_s01_w1,juelich,12345,1,1,log-distance,47,48,veh6,veh11,2,2,0,250.422,1,6.04676,3.48405,-74.6511,22.3252,2,0.02,0.022,0.0212222
juelich_pilot_d30_r2_log_distance_s01_w1,juelich,12345,1,1,log-distance,47,48,veh6,veh12,2,2,0,290.675,1,6.04676,8.43229,-75.9458,21.0305,2,0.02,0.02,0.0212222
juelich_pilot_d30_r2_log_distance_s01_w1,juelich,12345,1,1,log-distance,47,48,veh6,veh13,2,2,0,237.638,1,6.04676,6.31964,-74.1955,22.7808,2,0.02,0.028,0.0212222
juelich_pilot_d30_r2_log_distance_s01_w1,juelich,12345,1,1,log-distance,47,48,veh6,veh14,2,2,0,387.343,1,6.04676,16.1564,-78.4393,18.537,2,0.02,0.02,0.0212222
juelich_pilot_d30_r2_log_distance_s01_w1,juelich,12345,1,1,log-distance,47,48,veh6,veh15,2,0,1,908.504,0,6.04676,7.75347,nan,nan,0,0.02,0.02,0.0212222
juelich_pilot_d30_r2_log_distance_s01_w1,juelich,12345,1,1,log-distance,47,48,veh6,veh17,2,0,1,912.37,0,6.04676,2.9768,nan,nan,0,0.02,0.022,0.0212222
juelich_pilot_d30_r2_log_distance_s01_w1,juelich,12345,1,1,log-distance,47,48,veh6,veh4,2,2,0,130.496,1,6.04676,8.77092,-68.9895,27.9868,2,0.02,0.028,0.0212222
juelich_pilot_d30_r2_log_distance_s01_w1,juelich,12345,1,1,log-distance,47,48,veh6,veh5,2,0,1,870.022,0,6.04676,8.9767,nan,nan,0,0.02,0.023,0.0212222
juelich_pilot_d30_r2_log_distance_s01_w1,juelich,12345,1,1,log-distance,47,48,veh6,veh7,2,0,1,911.22,0,6.04676,12.7836,nan,nan,0,0.02,0.026,0.0212222
juelich_pilot_d30_r2_log_distance_s01_w1,juelich,12345,1,1,log-distance,47,48,veh6,veh9,2,2,0,210.663,1,6.04676,7.14985,-73.149,23.8272,2,0.02,0.023,0.0212222
juelich_pilot_d30_r2_log_distance_s01_w1,juelich,12345,1,1,log-distance,47,48,veh7,veh0,2,0,1,693.639,0,12.7836,14.022,nan,nan,0,0.026,0.028,0.0212222
juelich_pilot_d30_r2_log_distance_s01_w1,juelich,12345,1,1,log-distance,47,48,veh7,veh1,2,0,1,832.032,0,12.7836,7.79301,nan,nan,0,0.026,0.02,0.0212222
juelich_pilot_d30_r2_log_distance_s01_w1,juelich,12345,1,1,log-distance,47,48,veh7,veh10,2,0,1,914.226,0,12.7836,8.42435,nan,nan,0,0.026,0.02,0.0212222
juelich_pilot_d30_r2_log_distance_s01_w1,juelich,12345,1,1,log-distance,47,48,veh7,veh11,2,0,1,816.046,0,12.7836,3.48405,nan,nan,0,0.026,0.022,0.0212222
juelich_pilot_d30_r2_log_distance_s01_w1,juelich,12345,1,1,log-distance,47,48,veh7,veh13,2,0,1,733.263,0,12.7836,6.31964,nan,nan,0,0.026,0.028,0.0212222
juelich_pilot_d30_r2_log_distance_s01_w1,juelich,12345,1,1,log-distance,47,48,veh7,veh15,2,2,0,489.906,1,12.7836,7.75347,-80.4799,16.4963,2,0.026,0.02,0.0212222
juelich_pilot_d30_r2_log_distance_s01_w1,juelich,12345,1,1,log-distance,47,48,veh7,veh16,2,0,1,646.357,0,12.7836,8.3767,nan,nan,0,0.026,0.016,0.0212222
juelich_pilot_d30_r2_log_distance_s01_w1,juelich,12345,1,1,log-distance,47,48,veh7,veh17,2,2,0,147.214,1,12.7836,2.9768,-70.0367,26.9396,2,0.026,0.022,0.0212222
juelich_pilot_d30_r2_log_distance_s01_w1,juelich,12345,1,1,log-distance,47,48,veh7,veh2,2,0,1,605.738,0,12.7836,0,nan,nan,0,0.026,0.014,0.0212222
juelich_pilot_d30_r2_log_distance_s01_w1,juelich,12345,1,1,log-distance,47,48,veh7,veh3,2,2,0,433.107,1,12.7836,12.1473,-79.4096,17.5667,2,0.026,0.016,0.0212222
juelich_pilot_d30_r2_log_distance_s01_w1,juelich,12345,1,1,log-distance,47,48,veh7,veh4,2,0,1,780.742,0,12.7836,8.77092,nan,nan,0,0.026,0.028,0.0212222
juelich_pilot_d30_r2_log_distance_s01_w1,juelich,12345,1,1,log-distance,47,48,veh7,veh5,2,2,0,265.133,1,12.7836,8.9767,-75.147,21.8293,2,0.026,0.023,0.0212222
juelich_pilot_d30_r2_log_distance_s01_w1,juelich,12345,1,1,log-distance,47,48,veh7,veh6,2,0,1,911.22,0,12.7836,6.04676,nan,nan,0,0.026,0.02,0.0212222
juelich_pilot_d30_r2_log_distance_s01_w1,juelich,12345,1,1,log-distance,47,48,veh7,veh8,2,2,0,288.701,1,12.7836,5.70297,-75.8866,21.0897,2,0.026,0.016,0.0212222
juelich_pilot_d30_r2_log_distance_s01_w1,juelich,12345,1,1,log-distance,47,48,veh7,veh9,2,0,1,805.024,0,12.7836,7.14985,nan,nan,0,0.026,0.023,0.0212222
juelich_pilot_d30_r2_log_distance_s01_w1,juelich,12345,1,1,log-distance,47,48,veh8,veh0,2,0,1,964.527,0,5.70297,14.022,nan,nan,0,0.016,0.028,0.0212222
juelich_pilot_d30_r2_log_distance_s01_w1,juelich,12345,1,1,log-distance,47,48,veh8,veh1,2,0,1,950.434,0,5.70297,7.79301,nan,nan,0,0.016,0.02,0.0212222
juelich_pilot_d30_r2_log_distance_s01_w1,juelich,12345,1,1,log-distance,47,48,veh8,veh11,2,0,1,951.077,0,5.70297,3.48405,nan,nan,0,0.016,0.022,0.0212222
juelich_pilot_d30_r2_log_distance_s01_w1,juelich,12345,1,1,log-distance,47,48,veh8,veh13,2,0,1,961.346,0,5.70297,6.31964,nan,nan,0,0.016,0.028,0.0212222
juelich_pilot_d30_r2_log_distance_s01_w1,juelich,12345,1,1,log-distance,47,48,veh8,veh15,2,0,1,768.877,0,5.70297,7.75347,nan,nan,0,0.016,0.02,0.0212222
juelich_pilot_d30_r2_log_distance_s01_w1,juelich,12345,1,1,log-distance,47,48,veh8,veh16,2,0,1,732.827,0,5.70297,8.3767,nan,nan,0,0.016,0.016,0.0212222
juelich_pilot_d30_r2_log_distance_s01_w1,juelich,12345,1,1,log-distance,47,48,veh8,veh17,2,2,0,422.169,1,5.70297,2.9768,-79.1874,17.7889,2,0.016,0.022,0.0212222
juelich_pilot_d30_r2_log_distance_s01_w1,juelich,12345,1,1,log-distance,47,48,veh8,veh2,2,2,0,393.655,1,5.70297,0,-78.58,18.3963,2,0.016,0.014,0.0212222
juelich_pilot_d30_r2_log_distance_s01_w1,juelich,12345,1,1,log-distance,47,48,veh8,veh3,2,2,0,271.079,1,5.70297,12.1473,-75.3392,21.6371,2,0.016,0.016,0.0212222
juelich_pilot_d30_r2_log_distance_s01_w1,juelich,12345,1,1,log-distance,47,48,veh8,veh4,2,0,1,974.836,0,5.70297,8.77092,nan,nan,0,0.016,0.028,0.0212222
juelich_pilot_d30_r2_log_distance_s01_w1,juelich,12345,1,1,log-distance,47,48,veh8,veh5,2,2,0,547.468,0,5.70297,8.9767,-81.4449,15.5314,2,0.016,0.023,0.0212222
juelich_pilot_d30_r2_log_distance_s01_w1,juelich,12345,1,1,log-distance,47,48,veh8,veh7,2,2,0,288.701,1,5.70297,12.7836,-75.8866,21.0897,2,0.016,0.026,0.0212222
juelich_pilot_d30_r2_log_distance_s01_w1,juelich,12345,1,1,log-distance,47,48,veh8,veh9,2,0,1,953.498,0,5.70297,7.14985,nan,nan,0,0.016,0.023,0.0212222
juelich_pilot_d30_r2_log_distance_s01_w1,juelich,12345,1,1,log-distance,47,48,veh9,veh0,2,2,0,565.145,0,7.14985,14.022,-81.7209,15.2554,2,0.023,0.028,0.0212222
juelich_pilot_d30_r2_log_distance_s01_w1,juelich,12345,1,1,log-distance,47,48,veh9,veh1,2,2,0,104.453,1,7.14985,7.79301,-67.0561,29.9202,2,0.023,0.02,0.0212222
juelich_pilot_d30_r2_log_distance_s01_w1,juelich,12345,1,1,log-distance,47,48,veh9,veh10,2,2,0,192.183,1,7.14985,8.42435,-72.352,24.6243,2,0.023,0.02,0.0212222
juelich_pilot_d30_r2_log_distance_s01_w1,juelich,12345,1,1,log-distance,47,48,veh9,veh11,2,2,0,47.1753,1,7.14985,3.48405,-60.1502,36.8261,2,0.023,0.022,0.0212222
juelich_pilot_d30_r2_log_distance_s01_w1,juelich,12345,1,1,log-distance,47,48,veh9,veh12,2,2,0,498.743,1,7.14985,8.43229,-80.6351,16.3412,2,0.023,0.02,0.0212222
juelich_pilot_d30_r2_log_distance_s01_w1,juelich,12345,1,1,log-distance,47,48,veh9,veh13,2,2,0,317.84,1,7.14985,6.31964,-76.7217,20.2546,2,0.023,0.028,0.0212222
juelich_pilot_d30_r2_log_distance_s01_w1,juelich,12345,1,1,log-distance,47,48,veh9,veh14,2,0,1,593.94,0,7.14985,16.1564,nan,nan,0,0.023,0.02,0.0212222
juelich_pilot_d30_r2_log_distance_s01_w1,juelich,12345,1,1,log-distance,47,48,veh9,veh15,2,0,1,914.746,0,7.14985,7.75347,nan,nan,0,0.023,0.02,0.0212222
juelich_pilot_d30_r2_log_distance_s01_w1,juelich,12345,1,1,log-distance,47,48,veh9,veh17,2,0,1,838.305,0,7.14985,2.9768,nan,nan,0,0.023,0.022,0.0212222
juelich_pilot_d30_r2_log_distance_s01_w1,juelich,12345,1,1,log-distance,47,48,veh9,veh4,2,2,0,172.123,1,7.14985,8.77092,-71.3943,25.582,2,0.023,0.028,0.0212222
juelich_pilot_d30_r2_log_distance_s01_w1,juelich,12345,1,1,log-distance,47,48,veh9,veh5,2,0,1,824.848,0,7.14985,8.9767,nan,nan,0,0.023,0.023,0.0212222
juelich_pilot_d30_r2_log_distance_s01_w1,juelich,12345,1,1,log-distance,47,48,veh9,veh6,2,2,0,210.663,1,7.14985,6.04676,-73.149,23.8272,2,0.023,0.02,0.0212222
juelich_pilot_d30_r2_log_distance_s01_w1,juelich,12345,1,1,log-distance,47,48,veh9,veh7,2,0,1,805.024,0,7.14985,12.7836,nan,nan,0,0.023,0.026,0.0212222
juelich_pilot_d30_r2_log_distance_s01_w1,juelich,12345,1,1,log-distance,47,48,veh9,veh8,2,0,1,953.498,0,7.14985,5.70297,nan,nan,0,0.023,0.016,0.0212222
juelich_pilot_d30_r2_log_distance_s01_w1,juelich,12345,1,1,log-distance,48,49,veh0,veh1,2,0,1,669.682,0,14.037,7.80172,nan,nan,0,0.028,0.022,0.0204211
juelich_pilot_d30_r2_log_distance_s01_w1,juelich,12345,1,1,log-distance,48,49,veh0,veh10,2,2,0,506.043,0,14.037,9.9422,-80.7614,16.2148,2,0.028,0.02,0.0204211
juelich_pilot_d30_r2_log_distance_s01_w1,juelich,12345,1,1,log-distance,48,49,veh0,veh11,2,0,1,621.089,0,14.037,1.39217,nan,nan,0,0.028,0.022,0.0204211
juelich_pilot_d30_r2_log_distance_s01_w1,juelich,12345,1,1,log-distance,48,49,veh0,veh12,2,2,0,444.345,1,14.037,8.50772,-79.6321,17.3442,2,0.028,0.02,0.0204211
juelich_pilot_d30_r2_log_distance_s01_w1,juelich,12345,1,1,log-distance,48,49,veh0,veh13,2,2,0,269.354,1,14.037,6.33808,-75.2833,21.693,2,0.028,0.028,0.0204211
juelich_pilot_d30_r2_log_distance_s01_w1,juelich,12345,1,1,log-distance,48,49,veh0,veh14,2,2,0,468.703,1,14.037,16.1238,-80.0956,16.8807,2,0.028,0.02,0.0204211
juelich_pilot_d30_r2_log_distance_s01_w1,juelich,12345,1,1,log-distance,48,49,veh0,veh15,2,2,0,460.942,1,14.037,7.74829,-79.9505,17.0258,2,0.028,0.02,0.0204211
juelich_pilot_d30_r2_log_distance_s01_w1,juelich,12345,1,1,log-distance,48,49,veh0,veh17,2,0,1,621.153,0,14.037,4.94189,nan,nan,0,0.028,0.022,0.0204211
juelich_pilot_d30_r2_log_distance_s01_w1,juelich,12345,1,1,log-distance,48,49,veh0,veh4,2,2,0,412.626,1,14.037,8.7675,-78.9887,17.9876,2,0.028,0.028,0.0204211
juelich_pilot_d30_r2_log_distance_s01_w1,juelich,12345,1,1,log-distance,48,49,veh0,veh5,2,2,0,518.78,0,14.037,10.7545,-80.9773,15.999,2,0.028,0.024,0.0204211
juelich_pilot_d30_r2_log_distance_s01_w1,juelich,12345,1,1,log-distance,48,49,veh0,veh6,2,2,0,487.141,1,14.037,7.01887,-80.4308,16.5455,2,0.028,0.02,0.0204211
juelich_pilot_d30_r2_log_distance_s01_w1,juelich,12345,1,1,log-distance,48,49,veh0,veh7,2,0,1,690.728,0,14.037,12.7533,nan,nan,0,0.028,0.028,0.0204211
juelich_pilot_d30_r2_log_distance_s01_w1,juelich,12345,1,1,log-distance,48,49,veh0,veh8,2,0,1,972.064,0,14.037,7.67996,nan,nan,0,0.028,0.016,0.0204211
juelich_pilot_d30_r2_log_distance_s01_w1,juelich,12345,1,1,log-distance,48,49,veh0,veh9,2,2,0,571.544,0,14.037,7.09909,-81.8187,15.1576,2,0.028,0.024,0.0204211
juelich_pilot_d30_r2_log_distance_s01_w1,juelich,12345,1,1,log-distance,48,49,veh1,veh0,2,0,1,669.682,0,7.80172,14.037,nan,nan,0,0.022,0.028,0.0204211
juelich_pilot_d30_r2_log_distance_s01_w1,juelich,12345,1,1,log-distance,48,49,veh1,veh10,2,2,0,281.309,1,7.80172,9.9422,-75.6614,21.3149,2,0.022,0.02,0.0204211
juelich_pilot_d30_r2_log_distance_s01_w1,juelich,12345,1,1,log-distance,48,49,veh1,veh11,2,2,0,51.2679,1,7.80172,1.39217,-60.8706,36.1057,2,0.022,0.022,0.0204211
juelich_pilot_d30_r2_log_distance_s01_w1,juelich,12345,1,1,log-distance,48,49,veh1,veh12,2,2,0,580.219,0,7.80172,8.50772,-81.9494,15.0269,2,0.022,0.02,0.0204211
juelich_pilot_d30_r2_log_distance_s01_w1,juelich,12345,1,1,log-distance,48,49,veh1,veh13,2,2,0,411.526,1,7.80172,6.33808,-78.9655,18.0108,2,0.022,0.028,0.0204211
juelich_pilot_d30_r2_log_distance_s01_w1,juelich,12345,1,1,log-distance,48,49,veh1,veh14,2,0,1,668.524,0,7.80172,16.1238,nan,nan,0,0.022,0.02,0.0204211
juelich_pilot_d30_r2_log_distance_s01_w1,juelich,12345,1,1,log-distance,48,49,veh1,veh15,2,0,1,977.368,0,7.80172,7.74829,nan,nan,0,0.022,0.02,0.0204211
juelich_pilot_d30_r2_log_distance_s01_w1,juelich,12345,1,1,log-distance,48,49,veh1,veh17,2,0,1,875.264,0,7.80172,4.94189,nan,nan,0,0.022,0.022,0.0204211
juelich_pilot_d30_r2_log_distance_s01_w1,juelich,12345,1,1,log-distance,48,49,veh1,veh4,2,2,0,270.016,1,7.80172,8.7675,-75.3053,21.671,2,0.022,0.028,0.0204211
juelich_pilot_d30_r2_log_distance_s01_w1,juelich,12345,1,1,log-distance,48,49,veh1,veh5,2,0,1,869.178,0,7.80172,10.7545,nan,nan,0,0.022,0.024,0.0204211
juelich_pilot_d30_r2_log_distance_s01_w1,juelich,12345,1,1,log-distance,48,49,veh1,veh6,2,2,0,292.646,1,7.80172,7.01887,-76.0042,20.9721,2,0.022,0.02,0.0204211
juelich_pilot_d30_r2_log_distance_s01_w1,juelich,12345,1,1,log-distance,48,49,veh1,veh7,2,0,1,817.479,0,7.80172,12.7533,nan,nan,0,0.022,0.028,0.0204211
juelich_pilot_d30_r2_log_distance_s01_w1,juelich,12345,1,1,log-distance,48,49,veh1,veh8,2,0,1,953.47,0,7.80172,7.67996,nan,nan,0,0.022,0.016,0.0204211
juelich_pilot_d30_r2_log_distance_s01_w1,juelich,12345,1,1,log-distance,48,49,veh1,veh9,2,2,0,103.767,1,7.80172,7.09909,-66.9989,29.9774,2,0.022,0.024,0.0204211
juelich_pilot_d30_r2_log_distance_s01_w1,juelich,12345,1,1,log-distance,48,49,veh10,veh0,2,2,0,506.043,0,9.9422,14.037,-80.7614,16.2148,2,0.02,0.028,0.0204211
juelich_pilot_d30_r2_log_distance_s01_w1,juelich,12345,1,1,log-distance,48,49,veh10,veh1,2,2,0,281.309,1,9.9422,7.80172,-75.6614,21.3149,2,0.02,0.022,0.0204211
juelich_pilot_d30_r2_log_distance_s01_w1,juelich,12345,1,1,log-distance,48,49,veh10,veh11,2,2,0,236.311,1,9.9422,1.39217,-74.1471,22.8292,2,0.02,0.022,0.0204211
juelich_pilot_d30_r2_log_distance_s01_w1,juelich,12345,1,1,log-distance,48,49,veh10,veh12,2,2,0,299.67,1,9.9422,8.50772,-76.2099,20.7663,2,0.02,0.02,0.0204211
juelich_pilot_d30_r2_log_distance_s01_w1,juelich,12345,1,1,log-distance,48,49,veh10,veh13,2,2,0,244.917,1,9.9422,6.33808,-74.4575,22.5188,2,0.02,0.028,0.0204211
juelich_pilot_d30_r2_log_distance_s01_w1,juelich,12345,1,1,log-distance,48,49,veh10,veh14,2,2,0,387.838,1,9.9422,16.1238,-78.4497,18.5265,2,0.02,0.02,0.0204211
juelich_pilot_d30_r2_log_distance_s01_w1,juelich,12345,1,1,log-distance,48,49,veh10,veh15,2,0,1,912.028,0,9.9422,7.74829,nan,nan,0,0.02,0.02,0.0204211
juelich_pilot_d30_r2_log_distance_s01_w1,juelich,12345,1,1,log-distance,48,49,veh10,veh17,2,0,1,914.225,0,9.9422,4.94189,nan,nan,0,0.02,0.022,0.0204211
juelich_pilot_d30_r2_log_distance_s01_w1,juelich,12345,1,1,log-distance,48,49,veh10,veh4,2,2,0,143.342,1,9.9422,8.7675,-69.8044,27.1719,2,0.02,0.028,0.0204211
juelich_pilot_d30_r2_log_distance_s01_w1,juelich,12345,1,1,log-distance,48,49,veh10,veh5,2,0,1,868.133,0,9.9422,10.7545,nan,nan,0,0.02,0.024,0.0204211
juelich_pilot_d30_r2_log_distance_s01_w1,juelich,12345,1,1,log-distance,48,49,veh10,veh6,2,2,0,19.4879,1,9.9422,7.01887,-52.4527,44.5236,2,0.02,0.02,0.0204211
juelich_pilot_d30_r2_log_distance_s01_w1,juelich,12345,1,1,log-distance,48,49,veh10,veh7,2,0,1,901.419,0,9.9422,12.7533,nan,nan,0,0.02,0.028,0.0204211
juelich_pilot_d30_r2_log_distance_s01_w1,juelich,12345,1,1,log-distance,48,49,veh10,veh9,2,2,0,193.969,1,9.9422,7.09909,-72.4323,24.544,2,0.02,0.024,0.0204211
juelich_pilot_d30_r2_log_distance_s01_w1,juelich,12345,1,1,log-distance,48,49,veh11,veh0,2,0,1,621.089,0,1.39217,14.037,nan,nan,0,0.022,0.028,0.0204211
juelich_pilot_d30_r2_log_distance_s01_w1,juelich,12345,1,1,log-distance,48,49,veh11,veh1,2,2,0,51.2679,1,1.39217,7.80172,-60.8706,36.1057,2,0.022,0.022,0.0204211
juelich_pilot_d30_r2_log_distance_s01_w1,juelich,12345,1,1,log-distance,48,49,veh11,veh10,2,2,0,236.311,1,1.39217,9.9422,-74.1471,22.8292,2,0.022,0.02,0.0204211
juelich_pilot_d30_r2_log_distance_s01_w1,juelich,12345,1,1,log-distance,48,49,veh11,veh12,2,2,0,533.4,0,1.39217,8.50772,-81.2187,15.7576,2,0.022,0.02,0.0204211
juelich_pilot_d30_r2_log_distance_s01_w1,juelich,12345,1,1,log-distance,48,49,veh11,veh13,2,2,0,361.059,1,1.39217,6.33808,-77.8292,19.147,2,0.022,0.028,0.0204211
juelich_pilot_d30_r2_log_distance_s01_w1,juelich,12345,1,1,log-distance,48,49,veh11,veh14,2,0,1,621.7,0,1.39217,16.1238,nan,nan,0,0.022,0.02,0.0204211
juelich_pilot_d30_r2_log_distance_s01_w1,juelich,12345,1,1,log-distance,48,49,veh11,veh15,2,0,1,940.124,0,1.39217,7.74829,nan,nan,0,0.022,0.02,0.0204211
juelich_pilot_d30_r2_log_distance_s01_w1,juelich,12345,1,1,log-distance,48,49,veh11,veh17,2,0,1,853.122,0,1.39217,4.94189,nan,nan,0,0.022,0.022,0.0204211
juelich_pilot_d30_r2_log_distance_s01_w1,juelich,12345,1,1,log-distance,48,49,veh11,veh4,2,2,0,218.906,1,1.39217,8.7675,-73.4828,23.4934,2,0.022,0.028,0.0204211
juelich_pilot_d30_r2_log_distance_s01_w1,juelich,12345,1,1,log-distance,48,49,veh11,veh5,2,0,1,840.412,0,1.39217,10.7545,nan,nan,0,0.022,0.024,0.0204211
juelich_pilot_d30_r2_log_distance_s01_w1,juelich,12345,1,1,log-distance,48,49,veh11,veh6,2,2,0,246.23,1,1.39217,7.01887,-74.5044,22.4719,2,0.022,0.02,0.0204211
juelich_pilot_d30_r2_log_distance_s01_w1,juelich,12345,1,1,log-distance,48,49,veh11,veh7,2,0,1,803.229,0,1.39217,12.7533,nan,nan,0,0.022,0.028,0.0204211
juelich_pilot_d30_r2_log_distance_s01_w1,juelich,12345,1,1,log-distance,48,49,veh11,veh8,2,0,1,953.975,0,1.39217,7.67996,nan,nan,0,0.022,0.016,0.0204211
juelich_pilot_d30_r2_log_distance_s01_w1,juelich,12345,1,1,log-distance,48,49,veh11,veh9,2,2,0,52.5017,1,1.39217,7.09909,-61.0781,35.8982,2,0.022,0.024,0.0204211
juelich_pilot_d30_r2_log_distance_s01_w1,juelich,12345,1,1,log-distance,48,49,veh12,veh0,2,2,0,444.345,1,8.50772,14.037,-79.6321,17.3442,2,0.02,0.028,0.0204211
juelich_pilot_d30_r2_log_distance_s01_w1,juelich,12345,1,1,log-distance,48,49,veh12,veh1,2,2,0,580.219,0,8.50772,7.80172,-81.9494,15.0269,2,0.02,0.022,0.0204211
juelich_pilot_d30_r2_log_distance_s01_w1,juelich,12345,1,1,log-distance,48,49,veh12,veh10,2,2,0,299.67,1,8.50772,9.9422,-76.2099,20.7663,2,0.02,0.02,0.0204211
juelich_pilot_d30_r2_log_distance_s01_w1,juelich,12345,1,1,log-distance,48,49,veh12,veh11,2,2,0,533.4,0,8.50772,1.39217,-81.2187,15.7576,2,0.02,0.022,0.0204211
juelich_pilot_d30_r2_log_distance_s01_w1,juelich,12345,1,1,log-distance,48,49,veh12,veh13,2,2,0,321.109,1,8.50772,6.33808,-76.8102,20.1661,2,0.02,0.028,0.0204211
juelich_pilot_d30_r2_log_distance_s01_w1,juelich,12345,1,1,log-distance,48,49,veh12,veh14,2,2,0,88.4018,1,8.50772,16.1238,-65.6048,31.3715,2,0.02,0.02,0.0204211
juelich_pilot_d30_r2_log_distance_s01_w1,juelich,12345,1,1,log-distance,48,49,veh12,veh15,2,0,1,904.972,0,8.50772,7.74829,nan,nan,0,0.02,0.02,0.0204211
juelich_pilot_d30_r2_log_distance_s01_w1,juelich,12345,1,1,log-distance,48,49,veh12,veh4,2,2,0,361.152,1,8.50772,8.7675,-77.8315,19.1448,2,0.02,0.028,0.0204211
juelich_pilot_d30_r2_log_distance_s01_w1,juelich,12345,1,1,log-distance,48,49,veh12,veh5,2,0,1,934.283,0,8.50772,10.7545,nan,nan,0,0.02,0.024,0.0204211
juelich_pilot_d30_r2_log_distance_s01_w1,juelich,12345,1,1,log-distance,48,49,veh12,veh6,2,2,0,287.575,1,8.50772,7.01887,-75.8527,21.1236,2,0.02,0.02,0.0204211
juelich_pilot_d30_r2_log_distance_s01_w1,juelich,12345,1,1,log-distance,48,49,veh12,veh9,2,2,0,486.738,1,8.50772,7.09909,-80.4234,16.5528,2,0.02,0.024,0.0204211
juelich_pilot_d30_r2_log_distance_s01_w1,juelich,12345,1,1,log-distance,48,49,veh13,veh0,2,2,0,269.354,1,6.33808,14.037,-75.2833,21.693,2,0.028,0.028,0.0204211
juelich_pilot_d30_r2_log_distance_s01_w1,juelich,12345,1,1,log-distance,48,49,veh13,veh1,2,2,0,411.526,1,6.33808,7.80172,-78.9655,18.0108,2,0.028,0.022,0.0204211
juelich_pilot_d30_r2_log_distance_s01_w1,juelich,12345,1,1,log-distance,48,49,veh13,veh10,2,2,0,244.917,1,6.33808,9.9422,-74.4575,22.5188,2,0.028,0.02,0.0204211
juelich_pilot_d30_r2_log_distance_s01_w1,juelich,12345,1,1,log-distance,48,49,veh13,veh11,2,2,0,361.059,1,6.33808,1.39217,-77.8292,19.147,2,0.028,0.022,0.0204211
juelich_pilot_d30_r2_log_distance_s01_w1,juelich,12345,1,1,log-distance,48,49,veh13,veh12,2,2,0,321.109,1,6.33808,8.50772,-76.8102,20.1661,2,0.028,0.02,0.0204211
juelich_pilot_d30_r2_log_distance_s01_w1,juelich,12345,1,1,log-distance,48,49,veh13,veh14,2,2,0,390.85,1,6.33808,16.1238,-78.5177,18.4586,2,0.028,0.02,0.0204211
juelich_pilot_d30_r2_log_distance_s01_w1,juelich,12345,1,1,log-distance,48,49,veh13,veh15,2,0,1,670.14,0,6.33808,7.74829,nan,nan,0,0.028,0.02,0.0204211
juelich_pilot_d30_r2_log_distance_s01_w1,juelich,12345,1,1,log-distance,48,49,veh13,veh17,2,0,1,711.348,0,6.33808,4.94189,nan,nan,0,0.028,0.022,0.0204211
juelich_pilot_d30_r2_log_distance_s01_w1,juelich,12345,1,1,log-distance,48,49,veh13,veh4,2,2,0,145.067,1,6.33808,8.7675,-69.9087,27.0676,2,0.028,0.028,0.0204211
juelich_pilot_d30_r2_log_distance_s01_w1,juelich,12345,1,1,log-distance,48,49,veh13,veh5,2,0,1,647.119,0,6.33808,10.7545,nan,nan,0,0.028,0.024,0.0204211
juelich_pilot_d30_r2_log_distance_s01_w1,juelich,12345,1,1,log-distance,48,49,veh13,veh6,2,2,0,227.127,1,6.33808,7.01887,-73.8025,23.1738,2,0.028,0.02,0.0204211
juelich_pilot_d30_r2_log_distance_s01_w1,juelich,12345,1,1,log-distance,48,49,veh13,veh7,2,0,1,726.969,0,6.33808,12.7533,nan,nan,0,0.028,0.028,0.0204211
juelich_pilot_d30_r2_log_distance_s01_w1,juelich,12345,1,1,log-distance,48,49,veh13,veh8,2,0,1,967.48,0,6.33808,7.67996,nan,nan,0,0.028,0.016,0.0204211
juelich_pilot_d30_r2_log_distance_s01_w1,juelich,12345,1,1,log-distance,48,49,veh13,veh9,2,2,0,309.488,1,6.33808,7.09909,-76.4904,20.4859,2,0.028,0.024,0.0204211
juelich_pilot_d30_r2_log_distance_s01_w1,juelich,12345,1,1,log-distance,48,49,veh14,veh0,2,2,0,468.703,1,16.1238,14.037,-80.0956,2.29237,2,0.02,0.028,0.0204211
juelich_pilot_d30_r2_log_distance_s01_w1,juelich,12345,1,1,log-distance,48,49,veh14,veh1,2,0,1,668.524,0,16.1238,7.80172,nan,nan,0,0.02,0.022,0.0204211
juelich_pilot_d30_r2_log_distance_s01_w1,juelich,12345,1,1,log-distance,48,49,veh14,veh10,2,2,0,387.838,1,16.1238,9.9422,-78.4497,7.12271,2,0.02,0.02,0.0204211
juelich_pilot_d30_r2_log_distance_s01_w1,juelich,12345,1,1,log-distance,48,49,veh14,veh11,2,0,1,621.7,0,16.1238,1.39217,nan,nan,0,0.02,0.022,0.0204211
juelich_pilot_d30_r2_log_distance_s01_w1,juelich,12345,1,1,log-distance,48,49,veh14,veh12,2,2,0,88.4018,1,16.1238,8.50772,-65.6048,20.8015,2,0.02,0.02,0.0204211
juelich_pilot_d30_r2_log_distance_s01_w1,juelich,12345,1,1,log-distance,48,49,veh14,veh13,2,2,0,390.85,1,16.1238,6.33808,-78.5177,5.00121,2,0.02,0.028,0.0204211
juelich_pilot_d30_r2_log_distance_s01_w1,juelich,12345,1,1,log-distance,48,49,veh14,veh15,2,0,1,927.4,0,16.1238,7.74829,nan,nan,0,0.02,0.02,0.0204211
juelich_pilot_d30_r2_log_distance_s01_w1,juelich,12345,1,1,log-distance,48,49,veh14,veh4,2,2,0,445.674,1,16.1238,8.7675,-79.658,4.52695,2,0.02,0.028,0.0204211
juelich_pilot_d30_r2_log_distance_s01_w1,juelich,12345,1,1,log-distance,48,49,veh14,veh5,2,0,1,975.943,0,16.1238,10.7545,nan,nan,0,0.02,0.024,0.0204211
juelich_pilot_d30_r2_log_distance_s01_w1,juelich,12345,1,1,log-distance,48,49,veh14,veh6,2,2,0,375.898,1,16.1238,7.01887,-78.1789,7.28746,2,0.02,0.02,0.0204211
juelich_pilot_d30_r2_log_distance_s01_w1,juelich,12345,1,1,log-distance,48,49,veh14,veh9,2,2,0,574.892,0,16.1238,7.09909,-81.8691,2.94307,2,0.02,0.024,0.0204211
juelich_pilot_d30_r2_log_distance_s01_w1,juelich,12345,1,1,log-distance,48,49,veh15,veh0,2,2,0,460.942,1,7.74829,14.037,-79.9505,2.43654,2,0.02,0.028,0.0204211
juelich_pilot_d30_r2_log_distance_s01_w1,juelich,12345,1,1,log-distance,48,49,veh15,veh1,2,0,1,977.368,0,7.74829,7.80172,nan,nan,0,0.02,0.022,0.0204211
juelich_pilot_d30_r2_log_distance_s01_w1,juelich,12345,1,1,log-distance,48,49,veh15,veh10,2,0,1,912.028,0,7.74829,9.9422,nan,nan,0,0.02,0.02,0.0204211
juelich_pilot_d30_r2_log_distance_s01_w1,juelich,12345,1,1,log-distance,48,49,veh15,veh11,2,0,1,940.124,0,7.74829,1.39217,nan,nan,0,0.02,0.022,0.0204211
juelich_pilot_d30_r2_log_distance_s01_w1,juelich,12345,1,1,log-distance,48,49,veh15,veh12,2,0,1,904.972,0,7.74829,8.50772,nan,nan,0,0.02,0.02,0.0204211
juelich_pilot_d30_r2_log_distance_s01_w1,juelich,12345,1,1,log-distance,48,49,veh15,veh13,2,0,1,670.14,0,7.74829,6.33808,nan,nan,0,0.02,0.028,0.0204211
juelich_pilot_d30_r2_log_distance_s01_w1,juelich,12345,1,1,log-distance,48,49,veh15,veh14,2,0,1,927.4,0,7.74829,16.1238,nan,nan,0,0.02,0.02,0.0204211
juelich_pilot_d30_r2_log_distance_s01_w1,juelich,12345,1,1,log-distance,48,49,veh15,veh16,2,0,1,632.936,0,7.74829,10.4945,nan,nan,0,0.02,0.016,0.0204211
juelich_pilot_d30_r2_log_distance_s01_w1,juelich,12345,1,1,log-distance,48,49,veh15,veh17,2,2,0,344.979,1,7.74829,4.94189,-77.4335,7.57891,2,0.02,0.022,0.0204211
juelich_pilot_d30_r2_log_distance_s01_w1,juelich,12345,1,1,log-distance,48,49,veh15,veh2,2,0,1,992.772,0,7.74829,0,nan,nan,0,0.02,0.014,0.0204211
juelich_pilot_d30_r2_log_distance_s01_w1,juelich,12345,1,1,log-distance,48,49,veh15,veh3,2,0,1,804.18,0,7.74829,12.1848,nan,nan,0,0.02,0.016,0.0204211
juelich_pilot_d30_r2_log_distance_s01_w1,juelich,12345,1,1,log-distance,48,49,veh15,veh4,2,0,1,783.686,0,7.74829,8.7675,nan,nan,0,0.02,0.028,0.0204211
juelich_pilot_d30_r2_log_distance_s01_w1,juelich,12345,1,1,log-distance,48,49,veh15,veh5,2,2,0,222.236,1,7.74829,10.7545,-73.6139,11.2763,2,0.02,0.024,0.0204211
juelich_pilot_d30_r2_log_distance_s01_w1,juelich,12345,1,1,log-distance,48,49,veh15,veh6,2,0,1,895.291,0,7.74829,7.01887,nan,nan,0,0.02,0.02,0.0204211
juelich_pilot_d30_r2_log_distance_s01_w1,juelich,12345,1,1,log-distance,48,49,veh15,veh7,2,2,0,486.139,1,7.74829,12.7533,-80.4129,4.10752,2,0.02,0.028,0.0204211
juelich_pilot_d30_r2_log_distance_s01_w1,juelich,12345,1,1,log-distance,48,49,veh15,veh8,2,0,1,764.917,0,7.74829,7.67996,nan,nan,0,0.02,0.016,0.0204211
juelich_pilot_d30_r2_log_distance_s01_w1,juelich,12345,1,1,log-distance,48,49,veh15,veh9,2,0,1,902.863,0,7.74829,7.09909,nan,nan,0,0.02,0.024,0.0204211
juelich_pilot_d30_r2_log_distance_s01_w1,juelich,12345,1,1,log-distance,48,49,veh16,veh15,2,0,1,632.936,0,10.4945,7.74829,nan,nan,0,0.016,0.02,0.0204211
juelich_pilot_d30_r2_log_distance_s01_w1,juelich,12345,1,1,log-distance,48,49,veh16,veh17,2,2,0,567.066,0,10.4945,4.94189,-81.7503,15.2259,2,0.016,0.022,0.0204211
juelich_pilot_d30_r2_log_distance_s01_w1,juelich,12345,1,1,log-distance,48,49,veh16,veh2,2,0,1,648.829,0,10.4945,0,nan,nan,0,0.016,0.014,0.0204211
juelich_pilot_d30_r2_log_distance_s01_w1,juelich,12345,1,1,log-distance,48,49,veh16,veh3,2,2,0,538.606,0,10.4945,12.1848,-81.3029,15.6734,2,0.016,0.016,0.0204211
juelich_pilot_d30_r2_log_distance_s01_w1,juelich,12345,1,1,log-distance,48,49,veh16,veh5,2,0,1,598.038,0,10.4945,10.7545,nan,nan,0,0.016,0.024,0.0204211
juelich_pilot_d30_r2_log_distance_s01_w1,juelich,12345,1,1,log-distance,48,49,veh16,veh7,2,0,1,647.241,0,10.4945,12.7533,nan,nan,0,0.016,0.028,0.0204211
juelich_pilot_d30_r2_log_distance_s01_w1,juelich,12345,1,1,log-distance,48,49,veh16,veh8,2,0,1,716.536,0,10.4945,7.67996,nan,nan,0,0.016,0.016,0.0204211
juelich_pilot_d30_r2_log_distance_s01_w1,juelich,12345,1,1,log-distance,48,49,veh17,veh0,2,0,1,621.153,0,4.94189,14.037,nan,nan,0,0.022,0.028,0.0204211
juelich_pilot_d30_r2_log_distance_s01_w1,juelich,12345,1,1,log-distance,48,49,veh17,veh1,2,0,1,875.264,0,4.94189,7.80172,nan,nan,0,0.022,0.022,0.0204211
juelich_pilot_d30_r2_log_distance_s01_w1,juelich,12345,1,1,log-distance,48,49,veh17,veh10,2,0,1,914.225,0,4.94189,9.9422,nan,nan,0,0.022,0.02,0.0204211
juelich_pilot_d30_r2_log_distance_s01_w1,juelich,12345,1,1,log-distance,48,49,veh17,veh11,2,0,1,853.122,0,4.94189,1.39217,nan,nan,0,0.022,0.022,0.0204211
juelich_pilot_d30_r2_log_distance_s01_w1,juelich,12345,1,1,log-distance,48,49,veh17,veh13,2,0,1,711.348,0,4.94189,6.33808,nan,nan,0,0.022,0.028,0.0204211
juelich_pilot_d30_r2_log_distance_s01_w1,juelich,12345,1,1,log-distance,48,49,veh17,veh15,2,2,0,344.979,1,4.94189,7.74829,-77.4335,19.5428,2,0.022,0.02,0.0204211
juelich_pilot_d30_r2_log_distance_s01_w1,juelich,12345,1,1,log-distance,48,49,veh17,veh16,2,2,0,567.066,0,4.94189,10.4945,-81.7503,15.2259,2,0.022,0.016,0.0204211
juelich_pilot_d30_r2_log_distance_s01_w1,juelich,12345,1,1,log-distance,48,49,veh17,veh2,2,0,1,689.25,0,4.94189,0,nan,nan,0,0.022,0.014,0.0204211
juelich_pilot_d30_r2_log_distance_s01_w1,juelich,12345,1,1,log-distance,48,49,veh17,veh3,2,2,0,498.024,1,4.94189,12.1848,-80.6227,16.3536,2,0.022,0.016,0.0204211
juelich_pilot_d30_r2_log_distance_s01_w1,juelich,12345,1,1,log-distance,48,49,veh17,veh4,2,0,1,771.077,0,4.94189,8.7675,nan,nan,0,0.022,0.028,0.0204211
juelich_pilot_d30_r2_log_distance_s01_w1,juelich,12345,1,1,log-distance,48,49,veh17,veh5,2,2,0,128.409,1,4.94189,10.7545,-68.8495,28.1268,2,0.022,0.024,0.0204211
juelich_pilot_d30_r2_log_distance_s01_w1,juelich,12345,1,1,log-distance,48,49,veh17,veh6,2,0,1,902.28,0,4.94189,7.01887,nan,nan,0,0.022,0.02,0.0204211
juelich_pilot_d30_r2_log_distance_s01_w1,juelich,12345,1,1,log-distance,48,49,veh17,veh7,2,2,0,148.004,1,4.94189,12.7533,-70.0832,26.8931,2,0.022,0.028,0.0204211
juelich_pilot_d30_r2_log_distance_s01_w1,juelich,12345,1,1,log-distance,48,49,veh17,veh8,2,2,0,420.412,1,4.94189,7.67996,-79.1512,17.8251,2,0.022,0.016,0.0204211
juelich_pilot_d30_r2_log_distance_s01_w1,juelich,12345,1,1,log-distance,48,49,veh17,veh9,2,0,1,832.409,0,4.94189,7.09909,nan,nan,0,0.022,0.024,0.0204211
juelich_pilot_d30_r2_log_distance_s01_w1,juelich,12345,1,1,log-distance,48,49,veh2,veh15,2,0,1,992.772,0,0,7.74829,nan,nan,0,0.014,0.02,0.0204211
juelich_pilot_d30_r2_log_distance_s01_w1,juelich,12345,1,1,log-distance,48,49,veh2,veh16,2,0,1,648.829,0,0,10.4945,nan,nan,0,0.014,0.016,0.0204211
juelich_pilot_d30_r2_log_distance_s01_w1,juelich,12345,1,1,log-distance,48,49,veh2,veh17,2,0,1,689.25,0,0,4.94189,nan,nan,0,0.014,0.022,0.0204211
juelich_pilot_d30_r2_log_distance_s01_w1,juelich,12345,1,1,log-distance,48,49,veh2,veh3,2,2,0,191.466,1,0,12.1848,-72.3185,24.6578,2,0.014,0.016,0.0204211
juelich_pilot_d30_r2_log_distance_s01_w1,juelich,12345,1,1,log-distance,48,49,veh2,veh5,2,0,1,810.441,0,0,10.7545,nan,nan,0,0.014,0.024,0.0204211
juelich_pilot_d30_r2_log_distance_s01_w1,juelich,12345,1,1,log-distance,48,49,veh2,veh7,2,0,1,617.441,0,0,12.7533,nan,nan,0,0.014,0.028,0.0204211
juelich_pilot_d30_r2_log_distance_s01_w1,juelich,12345,1,1,log-distance,48,49,veh2,veh8,2,2,0,390.735,1,0,7.67996,-78.5153,18.4609,2,0.014,0.016,0.0204211
juelich_pilot_d30_r2_log_distance_s01_w1,juelich,12345,1,1,log-distance,48,49,veh3,veh15,2,0,1,804.18,0,12.1848,7.74829,nan,nan,0,0.016,0.02,0.0204211
juelich_pilot_d30_r2_log_distance_s01_w1,juelich,12345,1,1,log-distance,48,49,veh3,veh16,2,2,0,538.606,0,12.1848,10.4945,-81.3029,15.6734,2,0.016,0.016,0.0204211
juelich_pilot_d30_r2_log_distance_s01_w1,juelich,12345,1,1,log-distance,48,49,veh3,veh17,2,2,0,498.024,1,12.1848,4.94189,-80.6227,16.3536,2,0.016,0.022,0.0204211
juelich_pilot_d30_r2_log_distance_s01_w1,juelich,12345,1,1,log-distance,48,49,veh3,veh2,2,2,0,191.466,1,12.1848,0,-72.3185,24.6578,2,0.016,0.014,0.0204211
juelich_pilot_d30_r2_log_distance_s01_w1,juelich,12345,1,1,log-distance,48,49,veh3,veh5,2,0,1,619,0,12.1848,10.7545,nan,nan,0,0.016,0.024,0.0204211
juelich_pilot_d30_r2_log_distance_s01_w1,juelich,12345,1,1,log-distance,48,49,veh3,veh7,2,2,0,433.94,1,12.1848,12.7533,-79.4263,17.55,2,0.016,0.028,0.0204211
juelich_pilot_d30_r2_log_distance_s01_w1,juelich,12345,1,1,log-distance,48,49,veh3,veh8,2,2,0,260.084,1,12.1848,7.67996,-74.9794,21.9969,2,0.016,0.016,0.0204211
juelich_pilot_d30_r2_log_distance_s01_w1,juelich,12345,1,1,log-distance,48,49,veh4,veh0,2,2,0,412.626,1,8.7675,14.037,-78.9887,17.9876,2,0.028,0.028,0.0204211
juelich_pilot_d30_r2_log_distance_s01_w1,juelich,12345,1,1,log-distance,48,49,veh4,veh1,2,2,0,270.016,1,8.7675,7.80172,-75.3053,21.671,2,0.028,0.022,0.0204211
juelich_pilot_d30_r2_log_distance_s01_w1,juelich,12345,1,1,log-distance,48,49,veh4,veh10,2,2,0,143.342,1,8.7675,9.9422,-69.8044,27.1719,2,0.028,0.02,0.0204211
juelich_pilot_d30_r2_log_distance_s01_w1,juelich,12345,1,1,log-distance,48,49,veh4,veh11,2,2,0,218.906,1,8.7675,1.39217,-73.4828,23.4934,2,0.028,0.022,0.0204211
juelich_pilot_d30_r2_log_distance_s01_w1,juelich,12345,1,1,log-distance,48,49,veh4,veh12,2,2,0,361.152,1,8.7675,8.50772,-77.8315,19.1448,2,0.028,0.02,0.0204211
juelich_pilot_d30_r2_log_distance_s01_w1,juelich,12345,1,1,log-distance,48,49,veh4,veh13,2,2,0,145.067,1,8.7675,6.33808,-69.9087,27.0676,2,0.028,0.028,0.0204211
juelich_pilot_d30_r2_log_distance_s01_w1,juelich,12345,1,1,log-distance,48,49,veh4,veh14,2,2,0,445.674,1,8.7675,16.1238,-79.658,17.3183,2,0.028,0.02,0.0204211
juelich_pilot_d30_r2_log_distance_s01_w1,juelich,12345,1,1,log-distance,48,49,veh4,veh15,2,0,1,783.686,0,8.7675,7.74829,nan,nan,0,0.028,0.02,0.0204211
juelich_pilot_d30_r2_log_distance_s01_w1,juelich,12345,1,1,log-distance,48,49,veh4,veh17,2,0,1,771.077,0,8.7675,4.94189,nan,nan,0,0.028,0.022,0.0204211
juelich_pilot_d30_r2_log_distance_s01_w1,juelich,12345,1,1,log-distance,48,49,veh4,veh5,2,0,1,727.568,0,8.7675,10.7545,nan,nan,0,0.028,0.024,0.0204211
juelich_pilot_d30_r2_log_distance_s01_w1,juelich,12345,1,1,log-distance,48,49,veh4,veh6,2,2,0,132.85,1,8.7675,7.01887,-69.1449,27.8314,2,0.028,0.02,0.0204211
juelich_pilot_d30_r2_log_distance_s01_w1,juelich,12345,1,1,log-distance,48,49,veh4,veh7,2,0,1,759.278,0,8.7675,12.7533,nan,nan,0,0.028,0.028,0.0204211
juelich_pilot_d30_r2_log_distance_s01_w1,juelich,12345,1,1,log-distance,48,49,veh4,veh8,2,0,1,968.02,0,8.7675,7.67996,nan,nan,0,0.028,0.016,0.0204211
juelich_pilot_d30_r2_log_distance_s01_w1,juelich,12345,1,1,log-distance,48,49,veh4,veh9,2,2,0,166.59,1,8.7675,7.09909,-71.1104,25.8659,2,0.028,0.024,0.0204211
juelich_pilot_d30_r2_log_distance_s01_w1,juelich,12345,1,1,log-distance,48,49,veh5,veh0,2,2,0,518.78,0,10.7545,14.037,-80.9773,15.999,2,0.024,0.028,0.0204211
juelich_pilot_d30_r2_log_distance_s01_w1,juelich,12345,1,1,log-distance,48,49,veh5,veh1,2,0,1,869.178,0,10.7545,7.80172,nan,nan,0,0.024,0.022,0.0204211
juelich_pilot_d30_r2_log_distance_s01_w1,juelich,12345,1,1,log-distance,48,49,veh5,veh10,2,0,1,868.133,0,10.7545,9.9422,nan,nan,0,0.024,0.02,0.0204211
juelich_pilot_d30_r2_log_distance_s01_w1,juelich,12345,1,1,log-distance,48,49,veh5,veh11,2,0,1,840.412,0,10.7545,1.39217,nan,nan,0,0.024,0.022,0.0204211
juelich_pilot_d30_r2_log_distance_s01_w1,juelich,12345,1,1,log-distance,48,49,veh5,veh12,2,0,1,934.283,0,10.7545,8.50772,nan,nan,0,0.024,0.02,0.0204211
juelich_pilot_d30_r2_log_distance_s01_w1,juelich,12345,1,1,log-distance,48,49,veh5,veh13,2,0,1,647.119,0,10.7545,6.33808,nan,nan,0,0.024,0.028,0.0204211
juelich_pilot_d30_r2_log_distance_s01_w1,juelich,12345,1,1,log-distance,48,49,veh5,veh14,2,0,1,975.943,0,10.7545,16.1238,nan,nan,0,0.024,0.02,0.0204211
juelich_pilot_d30_r2_log_distance_s01_w1,juelich,12345,1,1,log-distance,48,49,veh5,veh15,2,2,0,222.236,1,10.7545,7.74829,-73.6139,23.3624,2,0.024,0.02,0.0204211
juelich_pilot_d30_r2_log_distance_s01_w1,juelich,12345,1,1,log-distance,48,49,veh5,veh16,2,0,1,598.038,0,10.7545,10.4945,nan,nan,0,0.024,0.016,0.0204211
juelich_pilot_d30_r2_log_distance_s01_w1,juelich,12345,1,1,log-distance,48,49,veh5,veh17,2,2,0,128.409,1,10.7545,4.94189,-68.8495,28.1268,2,0.024,0.022,0.0204211
juelich_pilot_d30_r2_log_distance_s01_w1,juelich,12345,1,1,log-distance,48,49,veh5,veh2,2,0,1,810.441,0,10.7545,0,nan,nan,0,0.024,0.014,0.0204211
juelich_pilot_d30_r2_log_distance_s01_w1,juelich,12345,1,1,log-distance,48,49,veh5,veh3,2,0,1,619,0,10.7545,12.1848,nan,nan,0,0.024,0.016,0.0204211
juelich_pilot_d30_r2_log_distance_s01_w1,juelich,12345,1,1,log-distance,48,49,veh5,veh4,2,0,1,727.568,0,10.7545,8.7675,nan,nan,0,0.024,0.028,0.0204211
juelich_pilot_d30_r2_log_distance_s01_w1,juelich,12345,1,1,log-distance,48,49,veh5,veh6,2,0,1,854.258,0,10.7545,7.01887,nan,nan,0,0.024,0.02,0.0204211
juelich_pilot_d30_r2_log_distance_s01_w1,juelich,12345,1,1,log-distance,48,49,veh5,veh7,2,2,0,264.061,1,10.7545,12.7533,-75.1118,21.8645,2,0.024,0.028,0.0204211
juelich_pilot_d30_r2_log_distance_s01_w1,juelich,12345,1,1,log-distance,48,49,veh5,veh8,2,2,0,547.454,0,10.7545,7.67996,-81.4447,15.5316,2,0.024,0.016,0.0204211
juelich_pilot_d30_r2_log_distance_s01_w1,juelich,12345,1,1,log-distance,48,49,veh5,veh9,2,0,1,812.597,0,10.7545,7.09909,nan,nan,0,0.024,0.024,0.0204211
juelich_pilot_d30_r2_log_distance_s01_w1,juelich,12345,1,1,log-distance,48,49,veh6,veh0,2,2,0,487.141,1,7.01887,14.037,-80.4308,16.5455,2,0.02,0.028,0.0204211
juelich_pilot_d30_r2_log_distance_s01_w1,juelich,12345,1,1,log-distance,48,49,veh6,veh1,2,2,0,292.646,1,7.01887,7.80172,-76.0042,20.9721,2,0.02,0.022,0.0204211
juelich_pilot_d30_r2_log_distance_s01_w1,juelich,12345,1,1,log-distance,48,49,veh6,veh10,2,2,0,19.4879,1,7.01887,9.9422,-52.4527,44.5236,2,0.02,0.02,0.0204211
juelich_pilot_d30_r2_log_distance_s01_w1,juelich,12345,1,1,log-distance,48,49,veh6,veh11,2,2,0,246.23,1,7.01887,1.39217,-74.5044,22.4719,2,0.02,0.022,0.0204211
juelich_pilot_d30_r2_log_distance_s01_w1,juelich,12345,1,1,log-distance,48,49,veh6,veh12,2,2,0,287.575,1,7.01887,8.50772,-75.8527,21.1236,2,0.02,0.02,0.0204211
juelich_pilot_d30_r2_log_distance_s01_w1,juelich,12345,1,1,log-distance,48,49,veh6,veh13,2,2,0,227.127,1,7.01887,6.33808,-73.8025,23.1738,2,0.02,0.028,0.0204211
juelich_pilot_d30_r2_log_distance_s01_w1,juelich,12345,1,1,log-distance,48,49,veh6,veh14,2,2,0,375.898,1,7.01887,16.1238,-78.1789,18.7974,2,0.02,0.02,0.0204211
juelich_pilot_d30_r2_log_distance_s01_w1,juelich,12345,1,1,log-distance,48,49,veh6,veh15,2,0,1,895.291,0,7.01887,7.74829,nan,nan,0,0.02,0.02,0.0204211
juelich_pilot_d30_r2_log_distance_s01_w1,juelich,12345,1,1,log-distance,48,49,veh6,veh17,2,0,1,902.28,0,7.01887,4.94189,nan,nan,0,0.02,0.022,0.0204211
juelich_pilot_d30_r2_log_distance_s01_w1,juelich,12345,1,1,log-distance,48,49,veh6,veh4,2,2,0,132.85,1,7.01887,8.7675,-69.1449,27.8314,2,0.02,0.028,0.0204211
juelich_pilot_d30_r2_log_distance_s01_w1,juelich,12345,1,1,log-distance,48,49,veh6,veh5,2,0,1,854.258,0,7.01887,10.7545,nan,nan,0,0.02,0.024,0.0204211
juelich_pilot_d30_r2_log_distance_s01_w1,juelich,12345,1,1,log-distance,48,49,veh6,veh7,2,0,1,892.099,0,7.01887,12.7533,nan,nan,0,0.02,0.028,0.0204211
juelich_pilot_d30_r2_log_distance_s01_w1,juelich,12345,1,1,log-distance,48,49,veh6,veh9,2,2,0,201.58,1,7.01887,7.09909,-72.766,24.2103,2,0.02,0.024,0.0204211
juelich_pilot_d30_r2_log_distance_s01_w1,juelich,12345,1,1,log-distance,48,49,veh7,veh0,2,0,1,690.728,0,12.7533,14.037,nan,nan,0,0.028,0.028,0.0204211
juelich_pilot_d30_r2_log_distance_s01_w1,juelich,12345,1,1,log-distance,48,49,veh7,veh1,2,0,1,817.479,0,12.7533,7.80172,nan,nan,0,0.028,0.022,0.0204211
juelich_pilot_d30_r2_log_distance_s01_w1,juelich,12345,1,1,log-distance,48,49,veh7,veh10,2,0,1,901.419,0,12.7533,9.9422,nan,nan,0,0.028,0.02,0.0204211
juelich_pilot_d30_r2_log_distance_s01_w1,juelich,12345,1,1,log-distance,48,49,veh7,veh11,2,0,1,803.229,0,12.7533,1.39217,nan,nan,0,0.028,0.022,0.0204211
juelich_pilot_d30_r2_log_distance_s01_w1,juelich,12345,1,1,log-distance,48,49,veh7,veh13,2,0,1,726.969,0,12.7533,6.33808,nan,nan,0,0.028,0.028,0.0204211
juelich_pilot_d30_r2_log_distance_s01_w1,juelich,12345,1,1,log-distance,48,49,veh7,veh15,2,2,0,486.139,1,12.7533,7.74829,-80.4129,16.5634,2,0.028,0.02,0.0204211
juelich_pilot_d30_r2_log_distance_s01_w1,juelich,12345,1,1,log-distance,48,49,veh7,veh16,2,0,1,647.241,0,12.7533,10.4945,nan,nan,0,0.028,0.016,0.0204211
juelich_pilot_d30_r2_log_distance_s01_w1,juelich,12345,1,1,log-distance,48,49,veh7,veh17,2,2,0,148.004,1,12.7533,4.94189,-70.0832,26.8931,2,0.028,0.022,0.0204211
juelich_pilot_d30_r2_log_distance_s01_w1,juelich,12345,1,1,log-distance,48,49,veh7,veh2,2,0,1,617.441,0,12.7533,0,nan,nan,0,0.028,0.014,0.0204211
juelich_pilot_d30_r2_log_distance_s01_w1,juelich,12345,1,1,log-distance,48,49,veh7,veh3,2,2,0,433.94,1,12.7533,12.1848,-79.4263,17.55,2,0.028,0.016,0.0204211
juelich_pilot_d30_r2_log_distance_s01_w1,juelich,12345,1,1,log-distance,48,49,veh7,veh4,2,0,1,759.278,0,12.7533,8.7675,nan,nan,0,0.028,0.028,0.0204211
juelich_pilot_d30_r2_log_distance_s01_w1,juelich,12345,1,1,log-distance,48,49,veh7,veh5,2,2,0,264.061,1,12.7533,10.7545,-75.1118,21.8645,2,0.028,0.024,0.0204211
juelich_pilot_d30_r2_log_distance_s01_w1,juelich,12345,1,1,log-distance,48,49,veh7,veh6,2,0,1,892.099,0,12.7533,7.01887,nan,nan,0,0.028,0.02,0.0204211
juelich_pilot_d30_r2_log_distance_s01_w1,juelich,12345,1,1,log-distance,48,49,veh7,veh8,2,2,0,292.902,1,12.7533,7.67996,-76.0121,20.9642,2,0.028,0.016,0.0204211
juelich_pilot_d30_r2_log_distance_s01_w1,juelich,12345,1,1,log-distance,48,49,veh7,veh9,2,0,1,791.077,0,12.7533,7.09909,nan,nan,0,0.028,0.024,0.0204211
juelich_pilot_d30_r2_log_distance_s01_w1,juelich,12345,1,1,log-distance,48,49,veh8,veh0,2,0,1,972.064,0,7.67996,14.037,nan,nan,0,0.016,0.028,0.0204211
juelich_pilot_d30_r2_log_distance_s01_w1,juelich,12345,1,1,log-distance,48,49,veh8,veh1,2,0,1,953.47,0,7.67996,7.80172,nan,nan,0,0.016,0.022,0.0204211
juelich_pilot_d30_r2_log_distance_s01_w1,juelich,12345,1,1,log-distance,48,49,veh8,veh11,2,0,1,953.975,0,7.67996,1.39217,nan,nan,0,0.016,0.022,0.0204211
juelich_pilot_d30_r2_log_distance_s01_w1,juelich,12345,1,1,log-distance,48,49,veh8,veh13,2,0,1,967.48,0,7.67996,6.33808,nan,nan,0,0.016,0.028,0.0204211
juelich_pilot_d30_r2_log_distance_s01_w1,juelich,12345,1,1,log-distance,48,49,veh8,veh15,2,0,1,764.917,0,7.67996,7.74829,nan,nan,0,0.016,0.02,0.0204211
juelich_pilot_d30_r2_log_distance_s01_w1,juelich,12345,1,1,log-distance,48,49,veh8,veh16,2,0,1,716.536,0,7.67996,10.4945,nan,nan,0,0.016,0.016,0.0204211
juelich_pilot_d30_r2_log_distance_s01_w1,juelich,12345,1,1,log-distance,48,49,veh8,veh17,2,2,0,420.412,1,7.67996,4.94189,-79.1512,17.8251,2,0.016,0.022,0.0204211
juelich_pilot_d30_r2_log_distance_s01_w1,juelich,12345,1,1,log-distance,48,49,veh8,veh2,2,2,0,390.735,1,7.67996,0,-78.5153,18.4609,2,0.016,0.014,0.0204211
juelich_pilot_d30_r2_log_distance_s01_w1,juelich,12345,1,1,log-distance,48,49,veh8,veh3,2,2,0,260.084,1,7.67996,12.1848,-74.9794,21.9969,2,0.016,0.016,0.0204211
juelich_pilot_d30_r2_log_distance_s01_w1,juelich,12345,1,1,log-distance,48,49,veh8,veh4,2,0,1,968.02,0,7.67996,8.7675,nan,nan,0,0.016,0.028,0.0204211
juelich_pilot_d30_r2_log_distance_s01_w1,juelich,12345,1,1,log-distance,48,49,veh8,veh5,2,2,0,547.454,0,7.67996,10.7545,-81.4447,15.5316,2,0.016,0.024,0.0204211
juelich_pilot_d30_r2_log_distance_s01_w1,juelich,12345,1,1,log-distance,48,49,veh8,veh7,2,2,0,292.902,1,7.67996,12.7533,-76.0121,20.9642,2,0.016,0.028,0.0204211
juelich_pilot_d30_r2_log_distance_s01_w1,juelich,12345,1,1,log-distance,48,49,veh8,veh9,2,0,1,956.587,0,7.67996,7.09909,nan,nan,0,0.016,0.024,0.0204211
juelich_pilot_d30_r2_log_distance_s01_w1,juelich,12345,1,1,log-distance,48,49,veh9,veh0,2,2,0,571.544,0,7.09909,14.037,-81.8187,15.1576,2,0.024,0.028,0.0204211
juelich_pilot_d30_r2_log_distance_s01_w1,juelich,12345,1,1,log-distance,48,49,veh9,veh1,2,2,0,103.767,1,7.09909,7.80172,-66.9989,29.9774,2,0.024,0.022,0.0204211
juelich_pilot_d30_r2_log_distance_s01_w1,juelich,12345,1,1,log-distance,48,49,veh9,veh10,2,2,0,193.969,1,7.09909,9.9422,-72.4323,24.544,2,0.024,0.02,0.0204211
juelich_pilot_d30_r2_log_distance_s01_w1,juelich,12345,1,1,log-distance,48,49,veh9,veh11,2,2,0,52.5017,1,7.09909,1.39217,-61.0781,35.8982,2,0.024,0.022,0.0204211
juelich_pilot_d30_r2_log_distance_s01_w1,juelich,12345,1,1,log-distance,48,49,veh9,veh12,2,2,0,486.738,1,7.09909,8.50772,-80.4234,16.5528,2,0.024,0.02,0.0204211
juelich_pilot_d30_r2_log_distance_s01_w1,juelich,12345,1,1,log-distance,48,49,veh9,veh13,2,2,0,309.488,1,7.09909,6.33808,-76.4904,20.4859,2,0.024,0.028,0.0204211
juelich_pilot_d30_r2_log_distance_s01_w1,juelich,12345,1,1,log-distance,48,49,veh9,veh14,2,2,0,574.892,0,7.09909,16.1238,-81.8691,15.1072,2,0.024,0.02,0.0204211
juelich_pilot_d30_r2_log_distance_s01_w1,juelich,12345,1,1,log-distance,48,49,veh9,veh15,2,0,1,902.863,0,7.09909,7.74829,nan,nan,0,0.024,0.02,0.0204211
juelich_pilot_d30_r2_log_distance_s01_w1,juelich,12345,1,1,log-distance,48,49,veh9,veh17,2,0,1,832.409,0,7.09909,4.94189,nan,nan,0,0.024,0.022,0.0204211
juelich_pilot_d30_r2_log_distance_s01_w1,juelich,12345,1,1,log-distance,48,49,veh9,veh4,2,2,0,166.59,1,7.09909,8.7675,-71.1104,25.8659,2,0.024,0.028,0.0204211
juelich_pilot_d30_r2_log_distance_s01_w1,juelich,12345,1,1,log-distance,48,49,veh9,veh5,2,0,1,812.597,0,7.09909,10.7545,nan,nan,0,0.024,0.024,0.0204211
juelich_pilot_d30_r2_log_distance_s01_w1,juelich,12345,1,1,log-distance,48,49,veh9,veh6,2,2,0,201.58,1,7.09909,7.01887,-72.766,24.2103,2,0.024,0.02,0.0204211
juelich_pilot_d30_r2_log_distance_s01_w1,juelich,12345,1,1,log-distance,48,49,veh9,veh7,2,0,1,791.077,0,7.09909,12.7533,nan,nan,0,0.024,0.028,0.0204211
juelich_pilot_d30_r2_log_distance_s01_w1,juelich,12345,1,1,log-distance,48,49,veh9,veh8,2,0,1,956.587,0,7.09909,7.67996,nan,nan,0,0.024,0.016,0.0204211
juelich_pilot_d30_r2_log_distance_s01_w1,juelich,12345,1,1,log-distance,49,50,veh0,veh1,2,0,1,675.618,0,14.0661,7.78024,nan,nan,0,0.03,0.022,0.0229474
juelich_pilot_d30_r2_log_distance_s01_w1,juelich,12345,1,1,log-distance,49,50,veh0,veh10,2,2,0,510.078,0,14.0661,7.16162,-80.8304,16.1459,2,0.03,0.02,0.0229474
juelich_pilot_d30_r2_log_distance_s01_w1,juelich,12345,1,1,log-distance,49,50,veh0,veh11,2,0,1,632.013,0,14.0661,3.23623,nan,nan,0,0.03,0.022,0.0229474
juelich_pilot_d30_r2_log_distance_s01_w1,juelich,12345,1,1,log-distance,49,50,veh0,veh12,2,2,0,440.359,1,14.0661,8.50406,-79.5538,17.4225,2,0.03,0.02,0.0229474
juelich_pilot_d30_r2_log_distance_s01_w1,juelich,12345,1,1,log-distance,49,50,veh0,veh13,2,2,0,284.601,1,14.0661,6.3481,-75.7617,21.2146,2,0.03,0.03,0.0229474
juelich_pilot_d30_r2_log_distance_s01_w1,juelich,12345,1,1,log-distance,49,50,veh0,veh14,2,2,0,474.165,1,14.0661,16.2022,-80.1962,16.78,2,0.03,0.02,0.0229474
juelich_pilot_d30_r2_log_distance_s01_w1,juelich,12345,1,1,log-distance,49,50,veh0,veh15,2,2,0,451.253,1,14.0661,7.71971,-79.766,17.2103,2,0.03,0.022,0.0229474
juelich_pilot_d30_r2_log_distance_s01_w1,juelich,12345,1,1,log-distance,49,50,veh0,veh17,2,0,1,620.881,0,14.0661,6.84933,nan,nan,0,0.03,0.025,0.0229474
juelich_pilot_d30_r2_log_distance_s01_w1,juelich,12345,1,1,log-distance,49,50,veh0,veh18,2,0,1,658.781,0,14.0661,1.50034,nan,nan,0,0.03,0.024,0.0229474
juelich_pilot_d30_r2_log_distance_s01_w1,juelich,12345,1,1,log-distance,49,50,veh0,veh4,2,2,0,420.999,1,14.0661,10.2109,-79.1632,17.8131,2,0.03,0.03,0.0229474
juelich_pilot_d30_r2_log_distance_s01_w1,juelich,12345,1,1,log-distance,49,50,veh0,veh5,2,2,0,511.315,0,14.0661,12.6406,-80.8514,16.1249,2,0.03,0.026,0.0229474
juelich_pilot_d30_r2_log_distance_s01_w1,juelich,12345,1,1,log-distance,49,50,veh0,veh6,2,2,0,492.543,1,14.0661,9.09785,-80.5266,16.4497,2,0.03,0.02,0.0229474
juelich_pilot_d30_r2_log_distance_s01_w1,juelich,12345,1,1,log-distance,49,50,veh0,veh7,2,0,1,688.316,0,14.0661,12.8041,nan,nan,0,0.03,0.03,0.0229474
juelich_pilot_d30_r2_log_distance_s01_w1,juelich,12345,1,1,log-distance,49,50,veh0,veh8,2,0,1,979.177,0,14.0661,9.57019,nan,nan,0,0.03,0.018,0.0229474
juelich_pilot_d30_r2_log_distance_s01_w1,juelich,12345,1,1,log-distance,49,50,veh0,veh9,2,2,0,577.971,0,14.0661,7.11684,-81.9158,15.0605,2,0.03,0.025,0.0229474
juelich_pilot_d30_r2_log_distance_s01_w1,juelich,12345,1,1,log-distance,49,50,veh1,veh0,2,0,1,675.618,0,7.78024,14.0661,nan,nan,0,0.022,0.03,0.0229474
juelich_pilot_d30_r2_log_distance_s01_w1,juelich,12345,1,1,log-distance,49,50,veh1,veh10,2,2,0,282.095,1,7.78024,7.16162,-75.6856,21.2907,2,0.022,0.02,0.0229474
juelich_pilot_d30_r2_log_distance_s01_w1,juelich,12345,1,1,log-distance,49,50,veh1,veh11,2,2,0,45.9219,1,7.78024,3.23623,-59.9155,37.0608,2,0.022,0.022,0.0229474
juelich_pilot_d30_r2_log_distance_s01_w1,juelich,12345,1,1,log-distance,49,50,veh1,veh12,2,2,0,567.887,0,7.78024,8.50406,-81.7628,15.2135,2,0.022,0.02,0.0229474
juelich_pilot_d30_r2_log_distance_s01_w1,juelich,12345,1,1,log-distance,49,50,veh1,veh13,2,2,0,402.855,1,7.78024,6.3481,-78.7806,18.1957,2,0.022,0.03,0.0229474
juelich_pilot_d30_r2_log_distance_s01_w1,juelich,12345,1,1,log-distance,49,50,veh1,veh14,2,0,1,648.179,0,7.78024,16.2022,nan,nan,0,0.022,0.02,0.0229474
juelich_pilot_d30_r2_log_distance_s01_w1,juelich,12345,1,1,log-distance,49,50,veh1,veh15,2,0,1,964.511,0,7.78024,7.71971,nan,nan,0,0.022,0.022,0.0229474
juelich_pilot_d30_r2_log_distance_s01_w1,juelich,12345,1,1,log-distance,49,50,veh1,veh17,2,0,1,867.272,0,7.78024,6.84933,nan,nan,0,0.022,0.025,0.0229474
juelich_pilot_d30_r2_log_distance_s01_w1,juelich,12345,1,1,log-distance,49,50,veh1,veh18,2,0,1,875.687,0,7.78024,1.50034,nan,nan,0,0.022,0.024,0.0229474
juelich_pilot_d30_r2_log_distance_s01_w1,juelich,12345,1,1,log-distance,49,50,veh1,veh4,2,2,0,263.221,1,7.78024,10.2109,-75.0839,21.8923,2,0.022,0.03,0.0229474
juelich_pilot_d30_r2_log_distance_s01_w1,juelich,12345,1,1,log-distance,49,50,veh1,veh5,2,0,1,855.045,0,7.78024,12.6406,nan,nan,0,0.022,0.026,0.0229474
juelich_pilot_d30_r2_log_distance_s01_w1,juelich,12345,1,1,log-distance,49,50,veh1,veh6,2,2,0,282.337,1,7.78024,9.09785,-75.6927,21.2836,2,0.022,0.02,0.0229474
juelich_pilot_d30_r2_log_distance_s01_w1,juelich,12345,1,1,log-distance,49,50,veh1,veh7,2,0,1,802.933,0,7.78024,12.8041,nan,nan,0,0.022,0.03,0.0229474
juelich_pilot_d30_r2_log_distance_s01_w1,juelich,12345,1,1,log-distance,49,50,veh1,veh8,2,0,1,957.428,0,7.78024,9.57019,nan,nan,0,0.022,0.018,0.0229474
juelich_pilot_d30_r2_log_distance_s01_w1,juelich,12345,1,1,log-distance,49,50,veh1,veh9,2,2,0,103.094,1,7.78024,7.11684,-66.9423,30.034,2,0.022,0.025,0.0229474
juelich_pilot_d30_r2_log_distance_s01_w1,juelich,12345,1,1,log-distance,49,50,veh10,veh0,2,2,0,510.078,0,7.16162,14.0661,-80.8304,16.1459,2,0.02,0.03,0.0229474
juelich_pilot_d30_r2_log_distance_s01_w1,juelich,12345,1,1,log-distance,49,50,veh10,veh1,2,2,0,282.095,1,7.16162,7.78024,-75.6856,21.2907,2,0.02,0.022,0.0229474
juelich_pilot_d30_r2_log_distance_s01_w1,juelich,12345,1,1,log-distance,49,50,veh10,veh11,2,2,0,241.656,1,7.16162,3.23623,-74.3416,22.6347,2,0.02,0.022,0.0229474
juelich_pilot_d30_r2_log_distance_s01_w1,juelich,12345,1,1,log-distance,49,50,veh10,veh12,2,2,0,286.732,1,7.16162,8.50406,-75.8268,21.1495,2,0.02,0.02,0.0229474
juelich_pilot_d30_r2_log_distance_s01_w1,juelich,12345,1,1,log-distance,49,50,veh10,veh13,2,2,0,234.582,1,7.16162,6.3481,-74.0832,22.8931,2,0.02,0.03,0.0229474
juelich_pilot_d30_r2_log_distance_s01_w1,juelich,12345,1,1,log-distance,49,50,veh10,veh14,2,2,0,366.315,1,7.16162,16.2022,-77.954,19.0223,2,0.02,0.02,0.0229474
juelich_pilot_d30_r2_log_distance_s01_w1,juelich,12345,1,1,log-distance,49,50,veh10,veh15,2,0,1,899.915,0,7.16162,7.71971,nan,nan,0,0.02,0.022,0.0229474
juelich_pilot_d30_r2_log_distance_s01_w1,juelich,12345,1,1,log-distance,49,50,veh10,veh17,2,0,1,907.391,0,7.16162,6.84933,nan,nan,0,0.02,0.025,0.0229474
juelich_pilot_d30_r2_log_distance_s01_w1,juelich,12345,1,1,log-distance,49,50,veh10,veh18,2,0,1,928.391,0,7.16162,1.50034,nan,nan,0,0.02,0.024,0.0229474
juelich_pilot_d30_r2_log_distance_s01_w1,juelich,12345,1,1,log-distance,49,50,veh10,veh4,2,2,0,152.03,1,7.16162,10.2109,-70.3151,26.6611,2,0.02,0.03,0.0229474
juelich_pilot_d30_r2_log_distance_s01_w1,juelich,12345,1,1,log-distance,49,50,veh10,veh5,2,0,1,854.322,0,7.16162,12.6406,nan,nan,0,0.02,0.026,0.0229474
juelich_pilot_d30_r2_log_distance_s01_w1,juelich,12345,1,1,log-distance,49,50,veh10,veh6,2,2,0,19.6331,1,7.16162,9.09785,-52.5157,44.4606,2,0.02,0.02,0.0229474
juelich_pilot_d30_r2_log_distance_s01_w1,juelich,12345,1,1,log-distance,49,50,veh10,veh7,2,0,1,888.678,0,7.16162,12.8041,nan,nan,0,0.02,0.03,0.0229474
juelich_pilot_d30_r2_log_distance_s01_w1,juelich,12345,1,1,log-distance,49,50,veh10,veh9,2,2,0,195.199,1,7.16162,7.11684,-72.4872,24.4891,2,0.02,0.025,0.0229474
juelich_pilot_d30_r2_log_distance_s01_w1,juelich,12345,1,1,log-distance,49,50,veh11,veh0,2,0,1,632.013,0,3.23623,14.0661,nan,nan,0,0.022,0.03,0.0229474
juelich_pilot_d30_r2_log_distance_s01_w1,juelich,12345,1,1,log-distance,49,50,veh11,veh1,2,2,0,45.9219,1,3.23623,7.78024,-59.9155,37.0608,2,0.022,0.022,0.0229474
juelich_pilot_d30_r2_log_distance_s01_w1,juelich,12345,1,1,log-distance,49,50,veh11,veh10,2,2,0,241.656,1,3.23623,7.16162,-74.3416,22.6347,2,0.022,0.02,0.0229474
juelich_pilot_d30_r2_log_distance_s01_w1,juelich,12345,1,1,log-distance,49,50,veh11,veh12,2,2,0,525.811,0,3.23623,8.50406,-81.0942,15.8821,2,0.022,0.02,0.0229474
juelich_pilot_d30_r2_log_distance_s01_w1,juelich,12345,1,1,log-distance,49,50,veh11,veh13,2,2,0,357.533,1,3.23623,6.3481,-77.744,19.2323,2,0.022,0.03,0.0229474
juelich_pilot_d30_r2_log_distance_s01_w1,juelich,12345,1,1,log-distance,49,50,veh11,veh14,2,0,1,606.603,0,3.23623,16.2022,nan,nan,0,0.022,0.02,0.0229474
juelich_pilot_d30_r2_log_distance_s01_w1,juelich,12345,1,1,log-distance,49,50,veh11,veh15,2,0,1,931.141,0,3.23623,7.71971,nan,nan,0,0.022,0.022,0.0229474
juelich_pilot_d30_r2_log_distance_s01_w1,juelich,12345,1,1,log-distance,49,50,veh11,veh17,2,0,1,847.435,0,3.23623,6.84933,nan,nan,0,0.022,0.025,0.0229474
juelich_pilot_d30_r2_log_distance_s01_w1,juelich,12345,1,1,log-distance,49,50,veh11,veh18,2,0,1,857.893,0,3.23623,1.50034,nan,nan,0,0.022,0.024,0.0229474
juelich_pilot_d30_r2_log_distance_s01_w1,juelich,12345,1,1,log-distance,49,50,veh11,veh4,2,2,0,217.621,1,3.23623,10.2109,-73.4317,23.5446,2,0.022,0.03,0.0229474
juelich_pilot_d30_r2_log_distance_s01_w1,juelich,12345,1,1,log-distance,49,50,veh11,veh5,2,0,1,829.134,0,3.23623,12.6406,nan,nan,0,0.022,0.026,0.0229474
juelich_pilot_d30_r2_log_distance_s01_w1,juelich,12345,1,1,log-distance,49,50,veh11,veh6,2,2,0,240.389,1,3.23623,9.09785,-74.2958,22.6805,2,0.022,0.02,0.0229474
juelich_pilot_d30_r2_log_distance_s01_w1,juelich,12345,1,1,log-distance,49,50,veh11,veh7,2,0,1,790.2,0,3.23623,12.8041,nan,nan,0,0.022,0.03,0.0229474
juelich_pilot_d30_r2_log_distance_s01_w1,juelich,12345,1,1,log-distance,49,50,veh11,veh8,2,0,1,957.707,0,3.23623,9.57019,nan,nan,0,0.022,0.018,0.0229474
juelich_pilot_d30_r2_log_distance_s01_w1,juelich,12345,1,1,log-distance,49,50,veh11,veh9,2,2,0,57.1737,1,3.23623,7.11684,-61.8204,35.1559,2,0.022,0.025,0.0229474
juelich_pilot_d30_r2_log_distance_s01_w1,juelich,12345,1,1,log-distance,49,50,veh12,veh0,2,2,0,440.359,1,8.50406,14.0661,-79.5538,17.4225,2,0.02,0.03,0.0229474
juelich_pilot_d30_r2_log_distance_s01_w1,juelich,12345,1,1,log-distance,49,50,veh12,veh1,2,2,0,567.887,0,8.50406,7.78024,-81.7628,15.2135,2,0.02,0.022,0.0229474
juelich_pilot_d30_r2_log_distance_s01_w1,juelich,12345,1,1,log-distance,49,50,veh12,veh10,2,2,0,286.732,1,8.50406,7.16162,-75.8268,21.1495,2,0.02,0.02,0.0229474
juelich_pilot_d30_r2_log_distance_s01_w1,juelich,12345,1,1,log-distance,49,50,veh12,veh11,2,2,0,525.811,0,8.50406,3.23623,-81.0942,15.8821,2,0.02,0.022,0.0229474
juelich_pilot_d30_r2_log_distance_s01_w1,juelich,12345,1,1,log-distance,49,50,veh12,veh13,2,2,0,306.931,1,8.50406,6.3481,-76.4179,20.5583,2,0.02,0.03,0.0229474
juelich_pilot_d30_r2_log_distance_s01_w1,juelich,12345,1,1,log-distance,49,50,veh12,veh14,2,2,0,82.1408,1,8.50406,16.2022,-64.968,32.0083,2,0.02,0.02,0.0229474
juelich_pilot_d30_r2_log_distance_s01_w1,juelich,12345,1,1,log-distance,49,50,veh12,veh15,2,0,1,889.846,0,8.50406,7.71971,nan,nan,0,0.02,0.022,0.0229474
juelich_pilot_d30_r2_log_distance_s01_w1,juelich,12345,1,1,log-distance,49,50,veh12,veh17,1,0,1,996.57,0,8.53846,7.30867,nan,nan,0,0.02,0.025,0.0229474
juelich_pilot_d30_r2_log_distance_s01_w1,juelich,12345,1,1,log-distance,49,50,veh12,veh4,2,2,0,360.351,1,8.50406,10.2109,-77.8122,19.1641,2,0.02,0.03,0.0229474
juelich_pilot_d30_r2_log_distance_s01_w1,juelich,12345,1,1,log-distance,49,50,veh12,veh5,2,0,1,914.197,0,8.50406,12.6406,nan,nan,0,0.02,0.026,0.0229474
juelich_pilot_d30_r2_log_distance_s01_w1,juelich,12345,1,1,log-distance,49,50,veh12,veh6,2,2,0,285.588,1,8.50406,9.09785,-75.7925,21.1838,2,0.02,0.02,0.0229474
juelich_pilot_d30_r2_log_distance_s01_w1,juelich,12345,1,1,log-distance,49,50,veh12,veh9,2,2,0,474.76,1,8.50406,7.11684,-80.207,16.7693,2,0.02,0.025,0.0229474
juelich_pilot_d30_r2_log_distance_s01_w1,juelich,12345,1,1,log-distance,49,50,veh13,veh0,2,2,0,284.601,1,6.3481,14.0661,-75.7617,21.2146,2,0.03,0.03,0.0229474
juelich_pilot_d30_r2_log_distance_s01_w1,juelich,12345,1,1,log-distance,49,50,veh13,veh1,2,2,0,402.855,1,6.3481,7.78024,-78.7806,18.1957,2,0.03,0.022,0.0229474
juelich_pilot_d30_r2_log_distance_s01_w1,juelich,12345,1,1,log-distance,49,50,veh13,veh10,2,2,0,234.582,1,6.3481,7.16162,-74.0832,22.8931,2,0.03,0.02,0.0229474
juelich_pilot_d30_r2_log_distance_s01_w1,juelich,12345,1,1,log-distance,49,50,veh13,veh11,2,2,0,357.533,1,6.3481,3.23623,-77.744,19.2323,2,0.03,0.022,0.0229474
juelich_pilot_d30_r2_log_distance_s01_w1,juelich,12345,1,1,log-distance,49,50,veh13,veh12,2,2,0,306.931,1,6.3481,8.50406,-76.4179,20.5583,2,0.03,0.02,0.0229474
juelich_pilot_d30_r2_log_distance_s01_w1,juelich,12345,1,1,log-distance,49,50,veh13,veh14,2,2,0,379.919,1,6.3481,16.2022,-78.2713,18.705,2,0.03,0.02,0.0229474
juelich_pilot_d30_r2_log_distance_s01_w1,juelich,12345,1,1,log-distance,49,50,veh13,veh15,2,0,1,668.012,0,6.3481,7.71971,nan,nan,0,0.03,0.022,0.0229474
juelich_pilot_d30_r2_log_distance_s01_w1,juelich,12345,1,1,log-distance,49,50,veh13,veh17,2,0,1,711.885,0,6.3481,6.84933,nan,nan,0,0.03,0.025,0.0229474
juelich_pilot_d30_r2_log_distance_s01_w1,juelich,12345,1,1,log-distance,49,50,veh13,veh18,2,0,1,738.757,0,6.3481,1.50034,nan,nan,0,0.03,0.024,0.0229474
juelich_pilot_d30_r2_log_distance_s01_w1,juelich,12345,1,1,log-distance,49,50,veh13,veh4,2,2,0,140.468,1,6.3481,10.2109,-69.6291,27.3472,2,0.03,0.03,0.0229474
juelich_pilot_d30_r2_log_distance_s01_w1,juelich,12345,1,1,log-distance,49,50,veh13,veh5,2,0,1,641.704,0,6.3481,12.6406,nan,nan,0,0.03,0.026,0.0229474
juelich_pilot_d30_r2_log_distance_s01_w1,juelich,12345,1,1,log-distance,49,50,veh13,veh6,2,2,0,215.695,1,6.3481,9.09785,-73.3537,23.6226,2,0.03,0.02,0.0229474
juelich_pilot_d30_r2_log_distance_s01_w1,juelich,12345,1,1,log-distance,49,50,veh13,veh7,2,0,1,720.653,0,6.3481,12.8041,nan,nan,0,0.03,0.03,0.0229474
juelich_pilot_d30_r2_log_distance_s01_w1,juelich,12345,1,1,log-distance,49,50,veh13,veh8,2,0,1,973.821,0,6.3481,9.57019,nan,nan,0,0.03,0.018,0.0229474
juelich_pilot_d30_r2_log_distance_s01_w1,juelich,12345,1,1,log-distance,49,50,veh13,veh9,2,2,0,301.217,1,6.3481,7.11684,-76.2551,20.7212,2,0.03,0.025,0.0229474
juelich_pilot_d30_r2_log_distance_s01_w1,juelich,12345,1,1,log-distance,49,50,veh14,veh0,2,2,0,474.165,1,16.2022,14.0661,-80.1962,2.18808,2,0.02,0.03,0.0229474
juelich_pilot_d30_r2_log_distance_s01_w1,juelich,12345,1,1,log-distance,49,50,veh14,veh1,2,0,1,648.179,0,16.2022,7.78024,nan,nan,0,0.02,0.022,0.0229474
juelich_pilot_d30_r2_log_distance_s01_w1,juelich,12345,1,1,log-distance,49,50,veh14,veh10,2,2,0,366.315,1,16.2022,7.16162,-77.954,7.55793,2,0.02,0.02,0.0229474
juelich_pilot_d30_r2_log_distance_s01_w1,juelich,12345,1,1,log-distance,49,50,veh14,veh11,2,0,1,606.603,0,16.2022,3.23623,nan,nan,0,0.02,0.022,0.0229474
juelich_pilot_d30_r2_log_distance_s01_w1,juelich,12345,1,1,log-distance,49,50,veh14,veh12,2,2,0,82.1408,1,16.2022,8.50406,-64.968,21.3251,2,0.02,0.02,0.0229474
juelich_pilot_d30_r2_log_distance_s01_w1,juelich,12345,1,1,log-distance,49,50,veh14,veh13,2,2,0,379.919,1,16.2022,6.3481,-78.2713,5.25385,2,0.02,0.03,0.0229474
juelich_pilot_d30_r2_log_distance_s01_w1,juelich,12345,1,1,log-distance,49,50,veh14,veh15,2,0,1,925.17,0,16.2022,7.71971,nan,nan,0,0.02,0.022,0.0229474
juelich_pilot_d30_r2_log_distance_s01_w1,juelich,12345,1,1,log-distance,49,50,veh14,veh4,2,2,0,441.763,1,16.2022,10.2109,-79.5815,4.44411,2,0.02,0.03,0.0229474
juelich_pilot_d30_r2_log_distance_s01_w1,juelich,12345,1,1,log-distance,49,50,veh14,veh5,2,0,1,965.732,0,16.2022,12.6406,nan,nan,0,0.02,0.026,0.0229474
juelich_pilot_d30_r2_log_distance_s01_w1,juelich,12345,1,1,log-distance,49,50,veh14,veh6,2,2,0,366.242,1,16.2022,9.09785,-77.9529,7.39061,2,0.02,0.02,0.0229474
juelich_pilot_d30_r2_log_distance_s01_w1,juelich,12345,1,1,log-distance,49,50,veh14,veh9,2,2,0,556.155,0,16.2022,7.11684,-81.5813,3.15762,2,0.02,0.025,0.0229474
juelich_pilot_d30_r2_log_distance_s01_w1,juelich,12345,1,1,log-distance,49,50,veh15,veh0,2,2,0,451.253,1,7.71971,14.0661,-79.766,2.76716,2,0.022,0.03,0.0229474
juelich_pilot_d30_r2_log_distance_s01_w1,juelich,12345,1,1,log-distance,49,50,veh15,veh1,2,0,1,964.511,0,7.71971,7.78024,nan,nan,0,0.022,0.022,0.0229474
juelich_pilot_d30_r2_log_distance_s01_w1,juelich,12345,1,1,log-distance,49,50,veh15,veh10,2,0,1,899.915,0,7.71971,7.16162,nan,nan,0,0.022,0.02,0.0229474
juelich_pilot_d30_r2_log_distance_s01_w1,juelich,12345,1,1,log-distance,49,50,veh15,veh11,2,0,1,931.141,0,7.71971,3.23623,nan,nan,0,0.022,0.022,0.0229474
juelich_pilot_d30_r2_log_distance_s01_w1,juelich,12345,1,1,log-distance,49,50,veh15,veh12,2,0,1,889.846,0,7.71971,8.50406,nan,nan,0,0.022,0.02,0.0229474
juelich_pilot_d30_r2_log_distance_s01_w1,juelich,12345,1,1,log-distance,49,50,veh15,veh13,2,0,1,668.012,0,7.71971,6.3481,nan,nan,0,0.022,0.03,0.0229474
juelich_pilot_d30_r2_log_distance_s01_w1,juelich,12345,1,1,log-distance,49,50,veh15,veh14,2,0,1,925.17,0,7.71971,16.2022,nan,nan,0,0.022,0.02,0.0229474
juelich_pilot_d30_r2_log_distance_s01_w1,juelich,12345,1,1,log-distance,49,50,veh15,veh16,2,0,1,634.316,0,7.71971,12.4887,nan,nan,0,0.022,0.018,0.0229474
juelich_pilot_d30_r2_log_distance_s01_w1,juelich,12345,1,1,log-distance,49,50,veh15,veh17,2,2,0,340.969,1,7.71971,6.84933,-77.332,7.62603,2,0.022,0.025,0.0229474
juelich_pilot_d30_r2_log_distance_s01_w1,juelich,12345,1,1,log-distance,49,50,veh15,veh18,2,2,0,382.615,1,7.71971,1.50034,-78.3329,6.72483,2,0.022,0.024,0.0229474
juelich_pilot_d30_r2_log_distance_s01_w1,juelich,12345,1,1,log-distance,49,50,veh15,veh2,2,0,1,995.31,0,7.71971,0,nan,nan,0,0.022,0.016,0.0229474
juelich_pilot_d30_r2_log_distance_s01_w1,juelich,12345,1,1,log-distance,49,50,veh15,veh3,2,0,1,794.731,0,7.71971,12.175,nan,nan,0,0.022,0.018,0.0229474
juelich_pilot_d30_r2_log_distance_s01_w1,juelich,12345,1,1,log-distance,49,50,veh15,veh4,2,0,1,768.347,0,7.71971,10.2109,nan,nan,0,0.022,0.03,0.0229474
juelich_pilot_d30_r2_log_distance_s01_w1,juelich,12345,1,1,log-distance,49,50,veh15,veh5,2,2,0,218.078,1,7.71971,12.6406,-73.4498,11.3302,2,0.022,0.026,0.0229474
juelich_pilot_d30_r2_log_distance_s01_w1,juelich,12345,1,1,log-distance,49,50,veh15,veh6,2,0,1,880.547,0,7.71971,9.09785,nan,nan,0,0.022,0.02,0.0229474
juelich_pilot_d30_r2_log_distance_s01_w1,juelich,12345,1,1,log-distance,49,50,veh15,veh7,2,2,0,481.584,1,7.71971,12.8041,-80.3311,4.05518,2,0.022,0.03,0.0229474
juelich_pilot_d30_r2_log_distance_s01_w1,juelich,12345,1,1,log-distance,49,50,veh15,veh8,2,0,1,759.088,0,7.71971,9.57019,nan,nan,0,0.022,0.018,0.0229474
juelich_pilot_d30_r2_log_distance_s01_w1,juelich,12345,1,1,log-distance,49,50,veh15,veh9,2,0,1,890.633,0,7.71971,7.11684,nan,nan,0,0.022,0.025,0.0229474
juelich_pilot_d30_r2_log_distance_s01_w1,juelich,12345,1,1,log-distance,49,50,veh16,veh15,2,0,1,634.316,0,12.4887,7.71971,nan,nan,0,0.018,0.022,0.0229474
juelich_pilot_d30_r2_log_distance_s01_w1,juelich,12345,1,1,log-distance,49,50,veh16,veh17,2,2,0,561.655,0,12.4887,6.84933,-81.6671,15.3092,2,0.018,0.025,0.0229474
juelich_pilot_d30_r2_log_distance_s01_w1,juelich,12345,1,1,log-distance,49,50,veh16,veh18,2,2,0,554.688,0,12.4887,1.50034,-81.5586,15.4177,2,0.018,0.024,0.0229474
juelich_pilot_d30_r2_log_distance_s01_w1,juelich,12345,1,1,log-distance,49,50,veh16,veh2,2,0,1,639.824,0,12.4887,0,nan,nan,0,0.018,0.016,0.0229474
juelich_pilot_d30_r2_log_distance_s01_w1,juelich,12345,1,1,log-distance,49,50,veh16,veh3,2,2,0,523.134,0,12.4887,12.175,-81.0497,15.9266,2,0.018,0.018,0.0229474
juelich_pilot_d30_r2_log_distance_s01_w1,juelich,12345,1,1,log-distance,49,50,veh16,veh5,2,0,1,601.053,0,12.4887,12.6406,nan,nan,0,0.018,0.026,0.0229474
juelich_pilot_d30_r2_log_distance_s01_w1,juelich,12345,1,1,log-distance,49,50,veh16,veh7,2,0,1,646.413,0,12.4887,12.8041,nan,nan,0,0.018,0.03,0.0229474
juelich_pilot_d30_r2_log_distance_s01_w1,juelich,12345,1,1,log-distance,49,50,veh16,veh8,2,0,1,696.259,0,12.4887,9.57019,nan,nan,0,0.018,0.018,0.0229474
juelich_pilot_d30_r2_log_distance_s01_w1,juelich,12345,1,1,log-distance,49,50,veh17,veh0,2,0,1,620.881,0,6.84933,14.0661,nan,nan,0,0.025,0.03,0.0229474
juelich_pilot_d30_r2_log_distance_s01_w1,juelich,12345,1,1,log-distance,49,50,veh17,veh1,2,0,1,867.272,0,6.84933,7.78024,nan,nan,0,0.025,0.022,0.0229474
juelich_pilot_d30_r2_log_distance_s01_w1,juelich,12345,1,1,log-distance,49,50,veh17,veh10,2,0,1,907.391,0,6.84933,7.16162,nan,nan,0,0.025,0.02,0.0229474
juelich_pilot_d30_r2_log_distance_s01_w1,juelich,12345,1,1,log-distance,49,50,veh17,veh11,2,0,1,847.435,0,6.84933,3.23623,nan,nan,0,0.025,0.022,0.0229474
juelich_pilot_d30_r2_log_distance_s01_w1,juelich,12345,1,1,log-distance,49,50,veh17,veh12,1,0,1,996.57,0,7.30867,8.53846,nan,nan,0,0.025,0.02,0.0229474
juelich_pilot_d30_r2_log_distance_s01_w1,juelich,12345,1,1,log-distance,49,50,veh17,veh13,2,0,1,711.885,0,6.84933,6.3481,nan,nan,0,0.025,0.03,0.0229474
juelich_pilot_d30_r2_log_distance_s01_w1,juelich,12345,1,1,log-distance,49,50,veh17,veh15,2,2,0,340.969,1,6.84933,7.71971,-77.332,19.6443,2,0.025,0.022,0.0229474
juelich_pilot_d30_r2_log_distance_s01_w1,juelich,12345,1,1,log-distance,49,50,veh17,veh16,2,2,0,561.655,0,6.84933,12.4887,-81.6671,15.3092,2,0.025,0.018,0.0229474
juelich_pilot_d30_r2_log_distance_s01_w1,juelich,12345,1,1,log-distance,49,50,veh17,veh18,2,2,0,43.1105,1,6.84933,1.50034,-59.3628,37.6135,2,0.025,0.024,0.0229474
juelich_pilot_d30_r2_log_distance_s01_w1,juelich,12345,1,1,log-distance,49,50,veh17,veh2,2,0,1,694.866,0,6.84933,0,nan,nan,0,0.025,0.016,0.0229474
juelich_pilot_d30_r2_log_distance_s01_w1,juelich,12345,1,1,log-distance,49,50,veh17,veh3,2,2,0,491.597,1,6.84933,12.175,-80.5098,16.4664,2,0.025,0.018,0.0229474
juelich_pilot_d30_r2_log_distance_s01_w1,juelich,12345,1,1,log-distance,49,50,veh17,veh4,2,0,1,756.305,0,6.84933,10.2109,nan,nan,0,0.025,0.03,0.0229474
juelich_pilot_d30_r2_log_distance_s01_w1,juelich,12345,1,1,log-distance,49,50,veh17,veh5,2,2,0,130.652,1,6.84933,12.6406,-68.9999,27.9764,2,0.025,0.026,0.0229474
juelich_pilot_d30_r2_log_distance_s01_w1,juelich,12345,1,1,log-distance,49,50,veh17,veh6,2,0,1,888.674,0,6.84933,9.09785,nan,nan,0,0.025,0.02,0.0229474
juelich_pilot_d30_r2_log_distance_s01_w1,juelich,12345,1,1,log-distance,49,50,veh17,veh7,2,2,0,149.704,1,6.84933,12.8041,-70.1823,26.794,2,0.025,0.03,0.0229474
juelich_pilot_d30_r2_log_distance_s01_w1,juelich,12345,1,1,log-distance,49,50,veh17,veh8,2,2,0,418.879,1,6.84933,9.57019,-79.1195,17.8568,2,0.025,0.018,0.0229474
juelich_pilot_d30_r2_log_distance_s01_w1,juelich,12345,1,1,log-distance,49,50,veh17,veh9,2,0,1,824.972,0,6.84933,7.11684,nan,nan,0,0.025,0.025,0.0229474
juelich_pilot_d30_r2_log_distance_s01_w1,juelich,12345,1,1,log-distance,49,50,veh18,veh0,2,0,1,658.781,0,1.50034,14.0661,nan,nan,0,0.024,0.03,0.0229474
juelich_pilot_d30_r2_log_distance_s01_w1,juelich,12345,1,1,log-distance,49,50,veh18,veh1,2,0,1,875.687,0,1.50034,7.78024,nan,nan,0,0.024,0.022,0.0229474
juelich_pilot_d30_r2_log_distance_s01_w1,juelich,12345,1,1,log-distance,49,50,veh18,veh10,2,0,1,928.391,0,1.50034,7.16162,nan,nan,0,0.024,0.02,0.0229474
juelich_pilot_d30_r2_log_distance_s01_w1,juelich,12345,1,1,log-distance,49,50,veh18,veh11,2,0,1,857.893,0,1.50034,3.23623,nan,nan,0,0.024,0.022,0.0229474
juelich_pilot_d30_r2_log_distance_s01_w1,juelich,12345,1,1,log-distance,49,50,veh18,veh13,2,0,1,738.757,0,1.50034,6.3481,nan,nan,0,0.024,0.03,0.0229474
juelich_pilot_d30_r2_log_distance_s01_w1,juelich,12345,1,1,log-distance,49,50,veh18,veh15,2,2,0,382.615,1,1.50034,7.71971,-78.3329,18.6433,2,0.024,0.022,0.0229474
juelich_pilot_d30_r2_log_distance_s01_w1,juelich,12345,1,1,log-distance,49,50,veh18,veh16,2,2,0,554.688,0,1.50034,12.4887,-81.5586,15.4177,2,0.024,0.018,0.0229474
juelich_pilot_d30_r2_log_distance_s01_w1,juelich,12345,1,1,log-distance,49,50,veh18,veh17,2,2,0,43.1105,1,1.50034,6.84933,-59.3628,37.6135,2,0.024,0.025,0.0229474
juelich_pilot_d30_r2_log_distance_s01_w1,juelich,12345,1,1,log-distance,49,50,veh18,veh2,2,0,1,654.112,0,1.50034,0,nan,nan,0,0.024,0.016,0.0229474
juelich_pilot_d30_r2_log_distance_s01_w1,juelich,12345,1,1,log-distance,49,50,veh18,veh3,2,2,0,451.172,1,1.50034,12.175,-79.7643,17.212,2,0.024,0.018,0.0229474
juelich_pilot_d30_r2_log_distance_s01_w1,juelich,12345,1,1,log-distance,49,50,veh18,veh4,2,0,1,776.698,0,1.50034,10.2109,nan,nan,0,0.024,0.03,0.0229474
juelich_pilot_d30_r2_log_distance_s01_w1,juelich,12345,1,1,log-distance,49,50,veh18,veh5,2,2,0,173.761,1,1.50034,12.6406,-71.476,25.5002,2,0.024,0.026,0.0229474
juelich_pilot_d30_r2_log_distance_s01_w1,juelich,12345,1,1,log-distance,49,50,veh18,veh6,2,0,1,909.91,0,1.50034,9.09785,nan,nan,0,0.024,0.02,0.0229474
juelich_pilot_d30_r2_log_distance_s01_w1,juelich,12345,1,1,log-distance,49,50,veh18,veh7,2,2,0,119.888,1,1.50034,12.8041,-68.2531,28.7232,2,0.024,0.03,0.0229474
juelich_pilot_d30_r2_log_distance_s01_w1,juelich,12345,1,1,log-distance,49,50,veh18,veh8,2,2,0,376.608,1,1.50034,9.57019,-78.1954,18.7809,2,0.024,0.018,0.0229474
juelich_pilot_d30_r2_log_distance_s01_w1,juelich,12345,1,1,log-distance,49,50,veh18,veh9,2,0,1,838.046,0,1.50034,7.11684,nan,nan,0,0.024,0.025,0.0229474
juelich_pilot_d30_r2_log_distance_s01_w1,juelich,12345,1,1,log-distance,49,50,veh2,veh15,2,0,1,995.31,0,0,7.71971,nan,nan,0,0.016,0.022,0.0229474
juelich_pilot_d30_r2_log_distance_s01_w1,juelich,12345,1,1,log-distance,49,50,veh2,veh16,2,0,1,639.824,0,0,12.4887,nan,nan,0,0.016,0.018,0.0229474
juelich_pilot_d30_r2_log_distance_s01_w1,juelich,12345,1,1,log-distance,49,50,veh2,veh17,2,0,1,694.866,0,0,6.84933,nan,nan,0,0.016,0.025,0.0229474
juelich_pilot_d30_r2_log_distance_s01_w1,juelich,12345,1,1,log-distance,49,50,veh2,veh18,2,0,1,654.112,0,0,1.50034,nan,nan,0,0.016,0.024,0.0229474
juelich_pilot_d30_r2_log_distance_s01_w1,juelich,12345,1,1,log-distance,49,50,veh2,veh3,2,2,0,203.524,1,0,12.175,-72.8491,24.1272,2,0.016,0.018,0.0229474
juelich_pilot_d30_r2_log_distance_s01_w1,juelich,12345,1,1,log-distance,49,50,veh2,veh5,2,0,1,819.753,0,0,12.6406,nan,nan,0,0.016,0.026,0.0229474
juelich_pilot_d30_r2_log_distance_s01_w1,juelich,12345,1,1,log-distance,49,50,veh2,veh7,2,0,1,629.2,0,0,12.8041,nan,nan,0,0.016,0.03,0.0229474
juelich_pilot_d30_r2_log_distance_s01_w1,juelich,12345,1,1,log-distance,49,50,veh2,veh8,2,2,0,387.113,1,0,9.57019,-78.4344,18.5419,2,0.016,0.018,0.0229474
juelich_pilot_d30_r2_log_distance_s01_w1,juelich,12345,1,1,log-distance,49,50,veh3,veh15,2,0,1,794.731,0,12.175,7.71971,nan,nan,0,0.018,0.022,0.0229474
juelich_pilot_d30_r2_log_distance_s01_w1,juelich,12345,1,1,log-distance,49,50,veh3,veh16,2,2,0,523.134,0,12.175,12.4887,-81.0497,15.9266,2,0.018,0.018,0.0229474
juelich_pilot_d30_r2_log_distance_s01_w1,juelich,12345,1,1,log-distance,49,50,veh3,veh17,2,2,0,491.597,1,12.175,6.84933,-80.5098,16.4664,2,0.018,0.025,0.0229474
juelich_pilot_d30_r2_log_distance_s01_w1,juelich,12345,1,1,log-distance,49,50,veh3,veh18,2,2,0,451.172,1,12.175,1.50034,-79.7643,17.212,2,0.018,0.024,0.0229474
juelich_pilot_d30_r2_log_distance_s01_w1,juelich,12345,1,1,log-distance,49,50,veh3,veh2,2,2,0,203.524,1,12.175,0,-72.8491,24.1272,2,0.018,0.016,0.0229474
juelich_pilot_d30_r2_log_distance_s01_w1,juelich,12345,1,1,log-distance,49,50,veh3,veh5,2,0,1,616.239,0,12.175,12.6406,nan,nan,0,0.018,0.026,0.0229474
juelich_pilot_d30_r2_log_distance_s01_w1,juelich,12345,1,1,log-distance,49,50,veh3,veh7,2,2,0,434.634,1,12.175,12.8041,-79.4402,17.5361,2,0.018,0.03,0.0229474
juelich_pilot_d30_r2_log_distance_s01_w1,juelich,12345,1,1,log-distance,49,50,veh3,veh8,2,2,0,246.909,1,12.175,9.57019,-74.5275,22.4488,2,0.018,0.018,0.0229474
juelich_pilot_d30_r2_log_distance_s01_w1,juelich,12345,1,1,log-distance,49,50,veh4,veh0,2,2,0,420.999,1,10.2109,14.0661,-79.1632,17.8131,2,0.03,0.03,0.0229474
juelich_pilot_d30_r2_log_distance_s01_w1,juelich,12345,1,1,log-distance,49,50,veh4,veh1,2,2,0,263.221,1,10.2109,7.78024,-75.0839,21.8923,2,0.03,0.022,0.0229474
juelich_pilot_d30_r2_log_distance_s01_w1,juelich,12345,1,1,log-distance,49,50,veh4,veh10,2,2,0,152.03,1,10.2109,7.16162,-70.3151,26.6611,2,0.03,0.02,0.0229474
juelich_pilot_d30_r2_log_distance_s01_w1,juelich,12345,1,1,log-distance,49,50,veh4,veh11,2,2,0,217.621,1,10.2109,3.23623,-73.4317,23.5446,2,0.03,0.022,0.0229474
juelich_pilot_d30_r2_log_distance_s01_w1,juelich,12345,1,1,log-distance,49,50,veh4,veh12,2,2,0,360.351,1,10.2109,8.50406,-77.8122,19.1641,2,0.03,0.02,0.0229474
juelich_pilot_d30_r2_log_distance_s01_w1,juelich,12345,1,1,log-distance,49,50,veh4,veh13,2,2,0,140.468,1,10.2109,6.3481,-69.6291,27.3472,2,0.03,0.03,0.0229474
juelich_pilot_d30_r2_log_distance_s01_w1,juelich,12345,1,1,log-distance,49,50,veh4,veh14,2,2,0,441.763,1,10.2109,16.2022,-79.5815,17.3948,2,0.03,0.02,0.0229474
juelich_pilot_d30_r2_log_distance_s01_w1,juelich,12345,1,1,log-distance,49,50,veh4,veh15,2,0,1,768.347,0,10.2109,7.71971,nan,nan,0,0.03,0.022,0.0229474
juelich_pilot_d30_r2_log_distance_s01_w1,juelich,12345,1,1,log-distance,49,50,veh4,veh17,2,0,1,756.305,0,10.2109,6.84933,nan,nan,0,0.03,0.025,0.0229474
juelich_pilot_d30_r2_log_distance_s01_w1,juelich,12345,1,1,log-distance,49,50,veh4,veh18,2,0,1,776.698,0,10.2109,1.50034,nan,nan,0,0.03,0.024,0.0229474
juelich_pilot_d30_r2_log_distance_s01_w1,juelich,12345,1,1,log-distance,49,50,veh4,veh5,2,0,1,707.45,0,10.2109,12.6406,nan,nan,0,0.03,0.026,0.0229474
juelich_pilot_d30_r2_log_distance_s01_w1,juelich,12345,1,1,log-distance,49,50,veh4,veh6,2,2,0,134.112,1,10.2109,9.09785,-69.227,27.7493,2,0.03,0.02,0.0229474
juelich_pilot_d30_r2_log_distance_s01_w1,juelich,12345,1,1,log-distance,49,50,veh4,veh7,2,0,1,737.037,0,10.2109,12.8041,nan,nan,0,0.03,0.03,0.0229474
juelich_pilot_d30_r2_log_distance_s01_w1,juelich,12345,1,1,log-distance,49,50,veh4,veh8,2,0,1,960.717,0,10.2109,9.57019,nan,nan,0,0.03,0.018,0.0229474
juelich_pilot_d30_r2_log_distance_s01_w1,juelich,12345,1,1,log-distance,49,50,veh4,veh9,2,2,0,160.988,1,10.2109,7.11684,-70.8133,26.163,2,0.03,0.025,0.0229474
juelich_pilot_d30_r2_log_distance_s01_w1,juelich,12345,1,1,log-distance,49,50,veh5,veh0,2,2,0,511.315,0,12.6406,14.0661,-80.8514,16.1249,2,0.026,0.03,0.0229474
juelich_pilot_d30_r2_log_distance_s01_w1,juelich,12345,1,1,log-distance,49,50,veh5,veh1,2,0,1,855.045,0,12.6406,7.78024,nan,nan,0,0.026,0.022,0.0229474
juelich_pilot_d30_r2_log_distance_s01_w1,juelich,12345,1,1,log-distance,49,50,veh5,veh10,2,0,1,854.322,0,12.6406,7.16162,nan,nan,0,0.026,0.02,0.0229474
juelich_pilot_d30_r2_log_distance_s01_w1,juelich,12345,1,1,log-distance,49,50,veh5,veh11,2,0,1,829.134,0,12.6406,3.23623,nan,nan,0,0.026,0.022,0.0229474
juelich_pilot_d30_r2_log_distance_s01_w1,juelich,12345,1,1,log-distance,49,50,veh5,veh12,2,0,1,914.197,0,12.6406,8.50406,nan,nan,0,0.026,0.02,0.0229474
juelich_pilot_d30_r2_log_distance_s01_w1,juelich,12345,1,1,log-distance,49,50,veh5,veh13,2,0,1,641.704,0,12.6406,6.3481,nan,nan,0,0.026,0.03,0.0229474
juelich_pilot_d30_r2_log_distance_s01_w1,juelich,12345,1,1,log-distance,49,50,veh5,veh14,2,0,1,965.732,0,12.6406,16.2022,nan,nan,0,0.026,0.02,0.0229474
juelich_pilot_d30_r2_log_distance_s01_w1,juelich,12345,1,1,log-distance,49,50,veh5,veh15,2,2,0,218.078,1,12.6406,7.71971,-73.4498,23.5265,2,0.026,0.022,0.0229474
juelich_pilot_d30_r2_log_distance_s01_w1,juelich,12345,1,1,log-distance,49,50,veh5,veh16,2,0,1,601.053,0,12.6406,12.4887,nan,nan,0,0.026,0.018,0.0229474
juelich_pilot_d30_r2_log_distance_s01_w1,juelich,12345,1,1,log-distance,49,50,veh5,veh17,2,2,0,130.652,1,12.6406,6.84933,-68.9999,27.9764,2,0.026,0.025,0.0229474
juelich_pilot_d30_r2_log_distance_s01_w1,juelich,12345,1,1,log-distance,49,50,veh5,veh18,2,2,0,173.761,1,12.6406,1.50034,-71.476,25.5002,2,0.026,0.024,0.0229474
juelich_pilot_d30_r2_log_distance_s01_w1,juelich,12345,1,1,log-distance,49,50,veh5,veh2,2,0,1,819.753,0,12.6406,0,nan,nan,0,0.026,0.016,0.0229474
juelich_pilot_d30_r2_log_distance_s01_w1,juelich,12345,1,1,log-distance,49,50,veh5,veh3,2,0,1,616.239,0,12.6406,12.175,nan,nan,0,0.026,0.018,0.0229474
juelich_pilot_d30_r2_log_distance_s01_w1,juelich,12345,1,1,log-distance,49,50,veh5,veh4,2,0,1,707.45,0,12.6406,10.2109,nan,nan,0,0.026,0.03,0.0229474
juelich_pilot_d30_r2_log_distance_s01_w1,juelich,12345,1,1,log-distance,49,50,veh5,veh6,2,0,1,835.047,0,12.6406,9.09785,nan,nan,0,0.026,0.02,0.0229474
juelich_pilot_d30_r2_log_distance_s01_w1,juelich,12345,1,1,log-distance,49,50,veh5,veh7,2,2,0,263.766,1,12.6406,12.8041,-75.1021,21.8742,2,0.026,0.03,0.0229474
juelich_pilot_d30_r2_log_distance_s01_w1,juelich,12345,1,1,log-distance,49,50,veh5,veh8,2,2,0,547.845,0,12.6406,9.57019,-81.4509,15.5254,2,0.026,0.018,0.0229474
juelich_pilot_d30_r2_log_distance_s01_w1,juelich,12345,1,1,log-distance,49,50,veh5,veh9,2,0,1,798.763,0,12.6406,7.11684,nan,nan,0,0.026,0.025,0.0229474
juelich_pilot_d30_r2_log_distance_s01_w1,juelich,12345,1,1,log-distance,49,50,veh6,veh0,2,2,0,492.543,1,9.09785,14.0661,-80.5266,16.4497,2,0.02,0.03,0.0229474
juelich_pilot_d30_r2_log_distance_s01_w1,juelich,12345,1,1,log-distance,49,50,veh6,veh1,2,2,0,282.337,1,9.09785,7.78024,-75.6927,21.2836,2,0.02,0.022,0.0229474
juelich_pilot_d30_r2_log_distance_s01_w1,juelich,12345,1,1,log-distance,49,50,veh6,veh10,2,2,0,19.6331,1,9.09785,7.16162,-52.5157,44.4606,2,0.02,0.02,0.0229474
juelich_pilot_d30_r2_log_distance_s01_w1,juelich,12345,1,1,log-distance,49,50,veh6,veh11,2,2,0,240.389,1,9.09785,3.23623,-74.2958,22.6805,2,0.02,0.022,0.0229474
juelich_pilot_d30_r2_log_distance_s01_w1,juelich,12345,1,1,log-distance,49,50,veh6,veh12,2,2,0,285.588,1,9.09785,8.50406,-75.7925,21.1838,2,0.02,0.02,0.0229474
juelich_pilot_d30_r2_log_distance_s01_w1,juelich,12345,1,1,log-distance,49,50,veh6,veh13,2,2,0,215.695,1,9.09785,6.3481,-73.3537,23.6226,2,0.02,0.03,0.0229474
juelich_pilot_d30_r2_log_distance_s01_w1,juelich,12345,1,1,log-distance,49,50,veh6,veh14,2,2,0,366.242,1,9.09785,16.2022,-77.9529,19.0234,2,0.02,0.02,0.0229474
juelich_pilot_d30_r2_log_distance_s01_w1,juelich,12345,1,1,log-distance,49,50,veh6,veh15,2,0,1,880.547,0,9.09785,7.71971,nan,nan,0,0.02,0.022,0.0229474
juelich_pilot_d30_r2_log_distance_s01_w1,juelich,12345,1,1,log-distance,49,50,veh6,veh17,2,0,1,888.674,0,9.09785,6.84933,nan,nan,0,0.02,0.025,0.0229474
juelich_pilot_d30_r2_log_distance_s01_w1,juelich,12345,1,1,log-distance,49,50,veh6,veh18,2,0,1,909.91,0,9.09785,1.50034,nan,nan,0,0.02,0.024,0.0229474
juelich_pilot_d30_r2_log_distance_s01_w1,juelich,12345,1,1,log-distance,49,50,veh6,veh4,2,2,0,134.112,1,9.09785,10.2109,-69.227,27.7493,2,0.02,0.03,0.0229474
juelich_pilot_d30_r2_log_distance_s01_w1,juelich,12345,1,1,log-distance,49,50,veh6,veh5,2,0,1,835.047,0,9.09785,12.6406,nan,nan,0,0.02,0.026,0.0229474
juelich_pilot_d30_r2_log_distance_s01_w1,juelich,12345,1,1,log-distance,49,50,veh6,veh7,2,0,1,871.116,0,9.09785,12.8041,nan,nan,0,0.02,0.03,0.0229474
juelich_pilot_d30_r2_log_distance_s01_w1,juelich,12345,1,1,log-distance,49,50,veh6,veh9,2,2,0,191.137,1,9.09785,7.11684,-72.3037,24.6726,2,0.02,0.025,0.0229474
juelich_pilot_d30_r2_log_distance_s01_w1,juelich,12345,1,1,log-distance,49,50,veh7,veh0,2,0,1,688.316,0,12.8041,14.0661,nan,nan,0,0.03,0.03,0.0229474
juelich_pilot_d30_r2_log_distance_s01_w1,juelich,12345,1,1,log-distance,49,50,veh7,veh1,2,0,1,802.933,0,12.8041,7.78024,nan,nan,0,0.03,0.022,0.0229474
juelich_pilot_d30_r2_log_distance_s01_w1,juelich,12345,1,1,log-distance,49,50,veh7,veh10,2,0,1,888.678,0,12.8041,7.16162,nan,nan,0,0.03,0.02,0.0229474
juelich_pilot_d30_r2_log_distance_s01_w1,juelich,12345,1,1,log-distance,49,50,veh7,veh11,2,0,1,790.2,0,12.8041,3.23623,nan,nan,0,0.03,0.022,0.0229474
juelich_pilot_d30_r2_log_distance_s01_w1,juelich,12345,1,1,log-distance,49,50,veh7,veh13,2,0,1,720.653,0,12.8041,6.3481,nan,nan,0,0.03,0.03,0.0229474
juelich_pilot_d30_r2_log_distance_s01_w1,juelich,12345,1,1,log-distance,49,50,veh7,veh15,2,2,0,481.584,1,12.8041,7.71971,-80.3311,16.6452,2,0.03,0.022,0.0229474
juelich_pilot_d30_r2_log_distance_s01_w1,juelich,12345,1,1,log-distance,49,50,veh7,veh16,2,0,1,646.413,0,12.8041,12.4887,nan,nan,0,0.03,0.018,0.0229474
juelich_pilot_d30_r2_log_distance_s01_w1,juelich,12345,1,1,log-distance,49,50,veh7,veh17,2,2,0,149.704,1,12.8041,6.84933,-70.1823,26.794,2,0.03,0.025,0.0229474
juelich_pilot_d30_r2_log_distance_s01_w1,juelich,12345,1,1,log-distance,49,50,veh7,veh18,2,2,0,119.888,1,12.8041,1.50034,-68.2531,28.7232,2,0.03,0.024,0.0229474
juelich_pilot_d30_r2_log_distance_s01_w1,juelich,12345,1,1,log-distance,49,50,veh7,veh2,2,0,1,629.2,0,12.8041,0,nan,nan,0,0.03,0.016,0.0229474
juelich_pilot_d30_r2_log_distance_s01_w1,juelich,12345,1,1,log-distance,49,50,veh7,veh3,2,2,0,434.634,1,12.8041,12.175,-79.4402,17.5361,2,0.03,0.018,0.0229474
juelich_pilot_d30_r2_log_distance_s01_w1,juelich,12345,1,1,log-distance,49,50,veh7,veh4,2,0,1,737.037,0,12.8041,10.2109,nan,nan,0,0.03,0.03,0.0229474
juelich_pilot_d30_r2_log_distance_s01_w1,juelich,12345,1,1,log-distance,49,50,veh7,veh5,2,2,0,263.766,1,12.8041,12.6406,-75.1021,21.8742,2,0.03,0.026,0.0229474
juelich_pilot_d30_r2_log_distance_s01_w1,juelich,12345,1,1,log-distance,49,50,veh7,veh6,2,0,1,871.116,0,12.8041,9.09785,nan,nan,0,0.03,0.02,0.0229474
juelich_pilot_d30_r2_log_distance_s01_w1,juelich,12345,1,1,log-distance,49,50,veh7,veh8,2,2,0,297.245,1,12.8041,9.57019,-76.1399,20.8364,2,0.03,0.018,0.0229474
juelich_pilot_d30_r2_log_distance_s01_w1,juelich,12345,1,1,log-distance,49,50,veh7,veh9,2,0,1,777.144,0,12.8041,7.11684,nan,nan,0,0.03,0.025,0.0229474
juelich_pilot_d30_r2_log_distance_s01_w1,juelich,12345,1,1,log-distance,49,50,veh8,veh0,2,0,1,979.177,0,9.57019,14.0661,nan,nan,0,0.018,0.03,0.0229474
juelich_pilot_d30_r2_log_distance_s01_w1,juelich,12345,1,1,log-distance,49,50,veh8,veh1,2,0,1,957.428,0,9.57019,7.78024,nan,nan,0,0.018,0.022,0.0229474
juelich_pilot_d30_r2_log_distance_s01_w1,juelich,12345,1,1,log-distance,49,50,veh8,veh11,2,0,1,957.707,0,9.57019,3.23623,nan,nan,0,0.018,0.022,0.0229474
juelich_pilot_d30_r2_log_distance_s01_w1,juelich,12345,1,1,log-distance,49,50,veh8,veh13,2,0,1,973.821,0,9.57019,6.3481,nan,nan,0,0.018,0.03,0.0229474
juelich_pilot_d30_r2_log_distance_s01_w1,juelich,12345,1,1,log-distance,49,50,veh8,veh15,2,0,1,759.088,0,9.57019,7.71971,nan,nan,0,0.018,0.022,0.0229474
juelich_pilot_d30_r2_log_distance_s01_w1,juelich,12345,1,1,log-distance,49,50,veh8,veh16,2,0,1,696.259,0,9.57019,12.4887,nan,nan,0,0.018,0.018,0.0229474
juelich_pilot_d30_r2_log_distance_s01_w1,juelich,12345,1,1,log-distance,49,50,veh8,veh17,2,2,0,418.879,1,9.57019,6.84933,-79.1195,17.8568,2,0.018,0.025,0.0229474
juelich_pilot_d30_r2_log_distance_s01_w1,juelich,12345,1,1,log-distance,49,50,veh8,veh18,2,2,0,376.608,1,9.57019,1.50034,-78.1954,18.7809,2,0.018,0.024,0.0229474
juelich_pilot_d30_r2_log_distance_s01_w1,juelich,12345,1,1,log-distance,49,50,veh8,veh2,2,2,0,387.113,1,9.57019,0,-78.4344,18.5419,2,0.018,0.016,0.0229474
juelich_pilot_d30_r2_log_distance_s01_w1,juelich,12345,1,1,log-distance,49,50,veh8,veh3,2,2,0,246.909,1,9.57019,12.175,-74.5275,22.4488,2,0.018,0.018,0.0229474
juelich_pilot_d30_r2_log_distance_s01_w1,juelich,12345,1,1,log-distance,49,50,veh8,veh4,2,0,1,960.717,0,9.57019,10.2109,nan,nan,0,0.018,0.03,0.0229474
juelich_pilot_d30_r2_log_distance_s01_w1,juelich,12345,1,1,log-distance,49,50,veh8,veh5,2,2,0,547.845,0,9.57019,12.6406,-81.4509,15.5254,2,0.018,0.026,0.0229474
juelich_pilot_d30_r2_log_distance_s01_w1,juelich,12345,1,1,log-distance,49,50,veh8,veh7,2,2,0,297.245,1,9.57019,12.8041,-76.1399,20.8364,2,0.018,0.03,0.0229474
juelich_pilot_d30_r2_log_distance_s01_w1,juelich,12345,1,1,log-distance,49,50,veh8,veh9,2,0,1,960.402,0,9.57019,7.11684,nan,nan,0,0.018,0.025,0.0229474
juelich_pilot_d30_r2_log_distance_s01_w1,juelich,12345,1,1,log-distance,49,50,veh9,veh0,2,2,0,577.971,0,7.11684,14.0661,-81.9158,15.0605,2,0.025,0.03,0.0229474
juelich_pilot_d30_r2_log_distance_s01_w1,juelich,12345,1,1,log-distance,49,50,veh9,veh1,2,2,0,103.094,1,7.11684,7.78024,-66.9423,30.034,2,0.025,0.022,0.0229474
juelich_pilot_d30_r2_log_distance_s01_w1,juelich,12345,1,1,log-distance,49,50,veh9,veh10,2,2,0,195.199,1,7.11684,7.16162,-72.4872,24.4891,2,0.025,0.02,0.0229474
juelich_pilot_d30_r2_log_distance_s01_w1,juelich,12345,1,1,log-distance,49,50,veh9,veh11,2,2,0,57.1737,1,7.11684,3.23623,-61.8204,35.1559,2,0.025,0.022,0.0229474
juelich_pilot_d30_r2_log_distance_s01_w1,juelich,12345,1,1,log-distance,49,50,veh9,veh12,2,2,0,474.76,1,7.11684,8.50406,-80.207,16.7693,2,0.025,0.02,0.0229474
juelich_pilot_d30_r2_log_distance_s01_w1,juelich,12345,1,1,log-distance,49,50,veh9,veh13,2,2,0,301.217,1,7.11684,6.3481,-76.2551,20.7212,2,0.025,0.03,0.0229474
juelich_pilot_d30_r2_log_distance_s01_w1,juelich,12345,1,1,log-distance,49,50,veh9,veh14,2,2,0,556.155,0,7.11684,16.2022,-81.5813,15.395,2,0.025,0.02,0.0229474
juelich_pilot_d30_r2_log_distance_s01_w1,juelich,12345,1,1,log-distance,49,50,veh9,veh15,2,0,1,890.633,0,7.11684,7.71971,nan,nan,0,0.025,0.022,0.0229474
juelich_pilot_d30_r2_log_distance_s01_w1,juelich,12345,1,1,log-distance,49,50,veh9,veh17,2,0,1,824.972,0,7.11684,6.84933,nan,nan,0,0.025,0.025,0.0229474
juelich_pilot_d30_r2_log_distance_s01_w1,juelich,12345,1,1,log-distance,49,50,veh9,veh18,2,0,1,838.046,0,7.11684,1.50034,nan,nan,0,0.025,0.024,0.0229474
juelich_pilot_d30_r2_log_distance_s01_w1,juelich,12345,1,1,log-distance,49,50,veh9,veh4,2,2,0,160.988,1,7.11684,10.2109,-70.8133,26.163,2,0.025,0.03,0.0229474
juelich_pilot_d30_r2_log_distance_s01_w1,juelich,12345,1,1,log-distance,49,50,veh9,veh5,2,0,1,798.763,0,7.11684,12.6406,nan,nan,0,0.025,0.026,0.0229474
juelich_pilot_d30_r2_log_distance_s01_w1,juelich,12345,1,1,log-distance,49,50,veh9,veh6,2,2,0,191.137,1,7.11684,9.09785,-72.3037,24.6726,2,0.025,0.02,0.0229474
juelich_pilot_d30_r2_log_distance_s01_w1,juelich,12345,1,1,log-distance,49,50,veh9,veh7,2,0,1,777.144,0,7.11684,12.8041,nan,nan,0,0.025,0.03,0.0229474
juelich_pilot_d30_r2_log_distance_s01_w1,juelich,12345,1,1,log-distance,49,50,veh9,veh8,2,0,1,960.402,0,7.11684,9.57019,nan,nan,0,0.025,0.018,0.0229474
