t,src,dst,tx,rxOk,per,dist_m,v_src,v_dst,rssi_dbm,snr_db,phyN,cbr_tx,cbr_rx,cbr_global
11,veh1,veh0,10,3,0.7,581.268,0,0.308475,-81.5534,15.4229,3,0.066,0.037,0.0515
11,veh0,veh1,10,5,0.5,581.268,0.308475,0,-75.9481,10.4705,5,0.037,0.066,0.0515
12,veh1,veh0,10,5,0.5,580.264,1.8917,0.0401477,-76.4434,20.5329,5,0.066,0.037,0.0515
12,veh0,veh1,10,7,0.3,580.264,0.0401477,1.8917,-78.0742,9.0958,7,0.037,0.066,0.0515
13,veh1,veh0,10,6,0.4,578.034,4.2318,0.00171912,-76.4796,20.4967,6,0.06,0.037,0.0485
13,veh0,veh1,10,5,0.5,578.034,0.00171912,4.2318,-77.868,11.7474,5,0.037,0.06,0.0485
14,veh1,veh0,10,3,0.7,575.139,5.55737,0,-74.8354,22.1409,3,0.067,0.031,0.049
14,veh0,veh1,10,5,0.5,575.139,0,5.55737,-76.542,8.85942,5,0.031,0.067,0.049
15,veh1,veh0,10,9,0.1,571.748,6.60702,0,-78.7924,18.1839,9,0.07,0.036,0.053
15,veh0,veh1,10,4,0.6,571.748,0,6.60702,-77.064,10.8706,4,0.036,0.07,0.053
16,veh1,veh0,10,5,0.5,567.865,7.705,0,-79.5941,17.3822,5,0.058,0.031,0.0445
16,veh0,veh1,10,3,0.7,567.865,0,7.705,-75.8043,13.5815,3,0.031,0.058,0.0445
17,veh1,veh0,10,4,0.6,564.036,7.75671,0,-76.0844,20.8919,4,0.071,0.049,0.06
17,veh0,veh1,10,4,0.6,564.036,0,7.75671,-78.6458,12.1383,4,0.049,0.071,0.06
18,veh1,veh0,10,5,0.5,560.501,7.31163,0,-76.0778,20.8985,5,0.079,0.032,0.0555
18,veh0,veh1,10,4,0.6,560.501,0,7.31163,-76.1982,12.5337,4,0.032,0.079,0.0555
19,veh1,veh0,10,7,0.3,557.979,5.52182,0,-76.5268,20.4494,7,0.067,0.039,0.053
19,veh0,veh1,10,6,0.4,557.979,0,5.52182,-77.7602,9.58048,6,0.039,0.067,0.053
20,veh2,veh1,10,5,0.5,516.629,0,7.10809,-77.6963,19.28,5,0.103,0.069,0.0713333
20,veh2,veh0,10,3,0.7,1026.08,0,0,-80.662,16.3143,3,0.103,0.042,0.0713333
20,veh1,veh2,10,5,0.5,516.629,7.10809,0,-75.5641,21.4122,5,0.069,0.103,0.0713333
20,veh1,veh0,10,6,0.4,557.497,7.10809,0,-76.5779,20.3984,6,0.069,0.042,0.0713333
20,veh0,veh2,10,1,0.9,1026.08,0,0,-79.5742,1.86562,1,0.042,0.103,0.0713333
20,veh0,veh1,10,7,0.3,557.497,0,7.10809,-78.3955,13.1985,7,0.042,0.069,0.0713333
21,veh2,veh1,10,5,0.5,509.371,2.49275,7.22785,-76.9638,20.0125,5,0.117,0.07,0.0746667
21,veh2,veh0,10,4,0.6,1026.59,2.49275,0,-79.7816,17.1947,4,0.117,0.037,0.0746667
21,veh1,veh2,10,2,0.8,509.371,7.22785,2.49275,-75.4696,21.5067,2,0.07,0.117,0.0746667
21,veh1,veh0,10,6,0.4,562.748,7.22785,0,-74.8159,22.1604,6,0.07,0.037,0.0746667
21,veh0,veh2,10,0,1,1026.59,0,2.49275,nan,nan,0,0.037,0.117,0.0746667
21,veh0,veh1,10,4,0.6,562.748,0,7.22785,-75.3598,14.6678,4,0.037,0.07,0.0746667
22,veh2,veh1,10,9,0.1,502.568,2.88943,6.55739,-76.2124,20.7638,9,0.103,0.079,0.072
22,veh2,veh0,10,2,0.8,1027.19,2.88943,0,-76.1772,20.7991,2,0.103,0.034,0.072
22,veh1,veh2,10,4,0.6,502.568,6.55739,2.88943,-75.2309,21.7454,4,0.079,0.103,0.072
22,veh1,veh0,10,4,0.6,568.601,6.55739,0,-76.4043,20.572,4,0.079,0.034,0.072
22,veh0,veh2,10,0,1,1027.19,0,2.88943,nan,nan,0,0.034,0.103,0.072
22,veh0,veh1,10,5,0.5,568.601,0,6.55739,-77.5005,13.9693,5,0.034,0.079,0.072
23,veh2,veh1,10,7,0.3,495.283,0.722336,7.27502,-78.1449,18.8314,7,0.114,0.071,0.0756667
23,veh2,veh0,10,1,0.9,1027.34,0.722336,0,-80.3436,16.6327,1,0.114,0.042,0.0756667
23,veh1,veh2,10,3,0.7,495.283,7.27502,0.722336,-76.0292,20.9471,3,0.071,0.114,0.0756667
23,veh1,veh0,10,6,0.4,575.163,7.27502,0,-78.5566,18.4197,6,0.071,0.042,0.0756667
23,veh0,veh2,10,1,0.9,1027.34,0,0.722336,-80.7605,1.66787,1,0.042,0.114,0.0756667
23,veh0,veh1,10,4,0.6,575.163,0,7.27502,-78.6928,9.75542,4,0.042,0.071,0.0756667
24,veh2,veh1,10,6,0.4,488.563,0.0123268,6.81204,-76.1833,20.793,6,0.113,0.08,0.0766667
24,veh2,veh0,10,0,1,1027.34,0.0123268,0,nan,nan,0,0.113,0.037,0.0766667
24,veh1,veh2,10,5,0.5,488.563,6.81204,0.0123268,-77.6752,19.3011,5,0.08,0.113,0.0766667
24,veh1,veh0,10,6,0.4,581.431,6.81204,0,-76.7749,20.2014,6,0.08,0.037,0.0766667
24,veh0,veh2,10,1,0.9,1027.34,0,0.0123268,-81.285,11.2915,1,0.037,0.113,0.0766667
24,veh0,veh1,10,6,0.4,581.431,0,6.81204,-76.4009,16.4796,6,0.037,0.08,0.0766667
25,veh2,veh1,10,8,0.2,481.587,0.00201702,7.07642,-76.7009,20.2754,8,0.105,0.084,0.0776667
25,veh2,veh0,10,3,0.7,1027.34,0.00201702,0,-77.8263,19.15,3,0.105,0.044,0.0776667
25,veh1,veh2,10,4,0.6,481.587,7.07642,0.00201702,-75.8135,21.1627,4,0.084,0.105,0.0776667
25,veh1,veh0,10,4,0.6,587.955,7.07642,0,-76.9529,20.0234,4,0.084,0.044,0.0776667
25,veh0,veh2,10,0,1,1027.34,0,0.00201702,nan,nan,0,0.044,0.105,0.0776667
25,veh0,veh1,10,8,0.2,587.955,0,7.07642,-77.7067,15.3122,8,0.044,0.084,0.0776667
26,veh2,veh1,10,6,0.4,474.747,0.000117654,6.94142,-76.8541,20.1222,6,0.102,0.074,0.071
26,veh2,veh0,10,5,0.5,1027.34,0.000117654,0,-80.4772,16.4991,5,0.102,0.037,0.071
26,veh1,veh2,10,4,0.6,474.747,6.94142,0.000117654,-76.2121,20.7642,4,0.074,0.102,0.071
26,veh1,veh0,10,4,0.6,594.369,6.94142,0,-78.4851,18.4911,4,0.074,0.037,0.071
26,veh0,veh2,10,1,0.9,1027.34,0,0.000117654,-80.5297,7.633,1,0.037,0.102,0.071
26,veh0,veh1,10,6,0.4,594.369,0,6.94142,-76.6738,15.1789,6,0.037,0.074,0.071
27,veh2,veh1,10,5,0.5,468.455,0,6.60857,-77.9474,19.0289,5,0.104,0.078,0.0726667
27,veh2,veh0,10,3,0.7,1027.34,0,0,-79.5812,17.3951,3,0.104,0.036,0.0726667
27,veh1,veh2,10,4,0.6,468.455,6.60857,0,-75.9206,21.0557,4,0.078,0.104,0.0726667
27,veh1,veh0,10,4,0.6,600.666,6.60857,0,-76.8628,20.1135,4,0.078,0.036,0.0726667
27,veh0,veh2,10,0,1,1027.34,0,0,nan,nan,0,0.036,0.104,0.0726667
27,veh0,veh1,10,5,0.5,600.666,0,6.60857,-76.5745,15.5666,5,0.036,0.078,0.0726667
28,veh2,veh1,10,7,0.3,465.328,0,7.21166,-76.9749,20.0014,7,0.1,0.075,0.0726667
28,veh2,veh0,10,6,0.4,1026.54,0,2.00233,-80.3545,16.6218,6,0.1,0.043,0.0726667
28,veh1,veh2,10,6,0.4,465.328,7.21166,0,-74.3597,22.6166,6,0.075,0.1,0.0726667
28,veh1,veh0,10,8,0.2,606.296,7.21166,2.00233,-77.8363,19.14,8,0.075,0.043,0.0726667
28,veh0,veh2,10,1,0.9,1026.54,2.00233,0,-80.189,16.7873,1,0.043,0.1,0.0726667
28,veh0,veh1,10,3,0.7,606.296,2.00233,7.21166,-74.2556,22.7207,3,0.043,0.075,0.0726667
29,veh3,veh2,10,9,0.1,517.141,0,0,-77.8718,19.1045,9,0.068,0.111,0.079
29,veh3,veh1,10,10,0,51.7812,0,6.21351,-59.8769,37.0993,10,0.068,0.085,0.079
29,veh3,veh0,10,3,0.7,562.662,0,3.88218,-79.593,17.3833,3,0.068,0.052,0.079
29,veh2,veh3,10,5,0.5,517.141,0,0,-78.3102,18.6661,5,0.111,0.068,0.079
29,veh2,veh1,10,6,0.4,465.909,0,6.21351,-77.8086,19.1677,6,0.111,0.085,0.079
29,veh2,veh0,10,5,0.5,1024.82,0,3.88218,-80.7703,16.206,5,0.111,0.052,0.079
29,veh1,veh3,10,10,0,51.7812,6.21351,0,-59.385,37.5913,10,0.085,0.068,0.079
29,veh1,veh2,10,6,0.4,465.909,6.21351,0,-77.0584,19.9179,6,0.085,0.111,0.079
29,veh1,veh0,10,5,0.5,608.535,6.21351,3.88218,-77.2642,19.7121,5,0.085,0.052,0.079
29,veh0,veh3,10,4,0.6,562.662,3.88218,0,-76.6219,15.2868,4,0.052,0.068,0.079
29,veh0,veh2,10,1,0.9,1024.82,3.88218,0,-80.7174,2.88808,1,0.052,0.111,0.079
29,veh0,veh1,10,4,0.6,608.535,3.88218,6.21351,-78.6726,12.4522,4,0.052,0.085,0.079
30,veh3,veh2,10,5,0.5,517.342,1.48435,0,-77.0151,19.9612,5,0.085,0.108,0.079
30,veh3,veh1,10,10,0,52.1812,1.48435,7.68178,-59.7739,37.2024,10,0.085,0.078,0.079
30,veh3,veh0,10,6,0.4,562.543,1.48435,5.82347,-76.9749,20.0014,6,0.085,0.045,0.079
30,veh2,veh3,10,5,0.5,517.342,0,1.48435,-77.1942,19.7821,5,0.108,0.085,0.079
30,veh2,veh1,10,7,0.3,467.111,0,7.68178,-75.2838,21.6925,7,0.108,0.078,0.079
30,veh2,veh0,10,2,0.8,1022.25,0,5.82347,-81.8662,15.1101,2,0.108,0.045,0.079
30,veh1,veh3,10,8,0.2,52.1812,7.68178,1.48435,-59.013,37.9633,8,0.078,0.085,0.079
30,veh1,veh2,10,5,0.5,467.111,7.68178,0,-76.8224,20.1539,5,0.078,0.108,0.079
30,veh1,veh0,10,4,0.6,611.004,7.68178,5.82347,-77.5057,19.4706,4,0.078,0.045,0.079
30,veh0,veh3,10,3,0.7,562.543,5.82347,1.48435,-76.3826,17.7418,3,0.045,0.085,0.079
30,veh0,veh2,10,3,0.7,1022.25,5.82347,0,-78.0375,18.9388,3,0.045,0.108,0.079
30,veh0,veh1,10,4,0.6,611.004,5.82347,7.68178,-78.2287,8.40052,4,0.045,0.078,0.079
31,veh3,veh2,10,5,0.5,517.792,3.21747,0,-77.6076,19.3686,5,0.086,0.097,0.077
31,veh3,veh1,10,10,0,52.735,3.21747,6.73916,-59.4349,37.5414,10,0.086,0.085,0.077
31,veh3,veh0,10,6,0.4,561.718,3.21747,8.25076,-78.0884,18.8879,6,0.086,0.04,0.077
31,veh2,veh3,10,7,0.3,517.792,0,3.21747,-79.0101,17.9662,7,0.097,0.086,0.077
31,veh2,veh1,10,8,0.2,468.266,0,6.73916,-77.0891,19.8872,8,0.097,0.085,0.077
31,veh2,veh0,10,2,0.8,1017.48,0,8.25076,-80.2676,16.7087,2,0.097,0.04,0.077
31,veh1,veh3,10,9,0.1,52.735,6.73916,3.21747,-58.0161,38.9602,9,0.085,0.086,0.077
31,veh1,veh2,10,7,0.3,468.266,6.73916,0,-77.197,19.7793,7,0.085,0.097,0.077
31,veh1,veh0,10,4,0.6,611.537,6.73916,8.25076,-77.6818,19.2945,4,0.085,0.04,0.077
31,veh0,veh3,10,4,0.6,561.718,8.25076,3.21747,-77.3378,9.91669,4,0.04,0.086,0.077
31,veh0,veh2,10,0,1,1017.48,8.25076,0,nan,nan,0,0.04,0.097,0.077
31,veh0,veh1,10,8,0.2,611.537,8.25076,6.73916,-78.814,8.8615,8,0.04,0.085,0.077
32,veh3,veh2,10,3,0.7,518.505,4.83512,0,-77.8165,19.1598,3,0.08,0.105,0.07925
32,veh3,veh1,10,10,0,53.253,4.83512,7.26885,-57.8116,39.1647,10,0.08,0.087,0.07925
32,veh3,veh0,10,9,0.1,562.145,4.83512,4.80802,-77.1673,19.809,9,0.08,0.045,0.07925
32,veh2,veh3,10,5,0.5,518.505,0,4.83512,-75.0492,21.9271,5,0.105,0.08,0.07925
32,veh2,veh1,10,7,0.3,469.618,0,7.26885,-76.5591,20.4172,7,0.105,0.087,0.07925
32,veh2,veh0,10,2,0.8,1014.1,0,4.80802,-80.7028,16.2735,2,0.105,0.045,0.07925
32,veh1,veh3,10,8,0.2,53.253,7.26885,4.83512,-60.0035,36.9728,8,0.087,0.08,0.07925
32,veh1,veh2,10,4,0.6,469.618,7.26885,0,-78.2916,18.6847,4,0.087,0.105,0.07925
32,veh1,veh0,10,7,0.3,612.934,7.26885,4.80802,-77.2158,19.7604,7,0.087,0.045,0.07925
32,veh0,veh3,10,2,0.8,562.145,4.80802,4.83512,-80.1186,7.64313,2,0.045,0.08,0.07925
32,veh0,veh2,10,3,0.7,1014.1,4.80802,0,-79.9239,5.09837,3,0.045,0.105,0.07925
32,veh0,veh1,10,5,0.5,612.934,4.80802,7.26885,-77.4713,10.7935,5,0.045,0.087,0.07925
33,veh3,veh2,10,6,0.4,518.796,7.09144,2.54493,-77.7101,19.2662,6,0.077,0.112,0.079
33,veh3,veh1,10,10,0,53.2786,7.09144,7.17414,-60.0893,36.887,10,0.077,0.083,0.079
33,veh3,veh0,10,5,0.5,561.367,7.09144,6.62069,-76.0562,20.9201,5,0.077,0.044,0.079
33,veh2,veh3,10,5,0.5,518.796,2.54493,7.09144,-77.5871,19.3892,5,0.112,0.077,0.079
33,veh2,veh1,10,6,0.4,470.119,2.54493,7.17414,-77.8888,19.0874,6,0.112,0.083,0.079
33,veh2,veh0,10,3,0.7,1008.38,2.54493,6.62069,-80.5011,16.4752,3,0.112,0.044,0.079
33,veh1,veh3,10,10,0,53.2786,7.17414,7.09144,-61.1251,35.8512,10,0.083,0.077,0.079
33,veh1,veh2,10,6,0.4,470.119,7.17414,2.54493,-76.1727,20.8035,6,0.083,0.112,0.079
33,veh1,veh0,10,5,0.5,611.91,7.17414,6.62069,-77.1418,19.8345,5,0.083,0.044,0.079
33,veh0,veh3,10,7,0.3,561.367,6.62069,7.09144,-75.9591,14.2455,7,0.044,0.077,0.079
33,veh0,veh2,10,1,0.9,1008.38,6.62069,2.54493,-79.4814,3.47603,1,0.044,0.112,0.079
33,veh0,veh1,10,3,0.7,611.91,6.62069,7.17414,-78.1655,16.9716,3,0.044,0.083,0.079
34,veh3,veh2,10,6,0.4,516.44,8.33989,4.88798,-76.6921,20.2842,6,0.086,0.106,0.08
34,veh3,veh1,10,10,0,53.0425,8.33989,7.2569,-58.8403,38.1359,10,0.086,0.088,0.08
34,veh3,veh0,10,2,0.8,558.487,8.33989,8.53964,-76.55,20.4262,2,0.086,0.04,0.08
34,veh2,veh3,10,6,0.4,516.44,4.88798,8.33989,-74.6011,22.3752,6,0.106,0.086,0.08
34,veh2,veh1,10,7,0.3,467.829,4.88798,7.2569,-76.7202,20.2561,7,0.106,0.088,0.08
34,veh2,veh0,10,3,0.7,997.198,4.88798,8.53964,-78.3613,18.615,3,0.106,0.04,0.08
34,veh1,veh3,10,9,0.1,53.0425,7.2569,8.33989,-61.2641,35.7122,9,0.088,0.086,0.08
34,veh1,veh2,10,6,0.4,467.829,7.2569,4.88798,-77.1652,19.811,6,0.088,0.106,0.08
34,veh1,veh0,10,7,0.3,608.149,7.2569,8.53964,-78.0057,18.9706,7,0.088,0.04,0.08
34,veh0,veh3,10,4,0.6,558.487,8.53964,8.33989,-76.181,6.92241,4,0.04,0.086,0.08
34,veh0,veh2,10,0,1,997.198,8.53964,4.88798,nan,nan,0,0.04,0.106,0.08
34,veh0,veh1,10,6,0.4,608.149,8.53964,7.2569,-78.1827,10.168,6,0.04,0.088,0.08
35,veh3,veh2,10,6,0.4,516.658,8.74604,4.40282,-79.4274,17.5489,6,0.09,0.105,0.081
35,veh3,veh1,10,10,0,52.6865,8.74604,6.91421,-58.3833,38.593,10,0.09,0.08,0.081
35,veh3,veh0,10,6,0.4,553.246,8.74604,10.2618,-76.5933,20.383,6,0.09,0.049,0.081
35,veh2,veh3,10,4,0.6,516.658,4.40282,8.74604,-77.8255,19.1508,4,0.105,0.09,0.081
35,veh2,veh1,10,6,0.4,468.151,4.40282,6.91421,-78.3041,18.6722,6,0.105,0.08,0.081
35,veh2,veh0,10,2,0.8,984.549,4.40282,10.2618,-79.6828,17.2935,2,0.105,0.049,0.081
35,veh1,veh3,10,9,0.1,52.6865,6.91421,8.74604,-58.8982,38.0781,9,0.08,0.09,0.081
35,veh1,veh2,10,2,0.8,468.151,6.91421,4.40282,-77.127,19.8493,2,0.08,0.105,0.081
35,veh1,veh0,10,6,0.4,601.654,6.91421,10.2618,-77.7508,19.2255,6,0.08,0.049,0.081
35,veh0,veh3,10,8,0.2,553.246,10.2618,8.74604,-76.3755,9.82597,8,0.049,0.09,0.081
35,veh0,veh2,10,0,1,984.549,10.2618,4.40282,nan,nan,0,0.049,0.105,0.081
35,veh0,veh1,10,5,0.5,601.654,10.2618,6.91421,-78.7114,12.0364,5,0.049,0.08,0.081
36,veh3,veh2,10,5,0.5,519.866,8.72765,6.9097,-76.0614,20.9149,5,0.072,0.098,0.076
36,veh3,veh1,10,10,0,52.4931,8.72765,7.47332,-57.8347,39.1416,10,0.072,0.082,0.076
36,veh3,veh0,10,7,0.3,545.992,8.72765,12.2754,-78.4873,18.489,7,0.072,0.052,0.076
36,veh2,veh3,10,7,0.3,519.866,6.9097,8.72765,-76.581,20.3953,7,0.098,0.072,0.076
36,veh2,veh1,10,5,0.5,471.661,6.9097,7.47332,-78.4482,18.5281,5,0.098,0.082,0.076
36,veh2,veh0,10,3,0.7,971.783,6.9097,12.2754,-80.8504,16.1259,3,0.098,0.052,0.076
36,veh1,veh3,10,9,0.1,52.4931,7.47332,8.72765,-57.4418,39.5345,9,0.082,0.072,0.076
36,veh1,veh2,10,6,0.4,471.661,7.47332,6.9097,-76.8707,20.1056,6,0.082,0.098,0.076
36,veh1,veh0,10,6,0.4,593.48,7.47332,12.2754,-78.8977,18.0785,6,0.082,0.052,0.076
36,veh0,veh3,10,6,0.4,545.992,12.2754,8.72765,-76.6389,13.5372,6,0.052,0.072,0.076
36,veh0,veh2,10,0,1,971.783,12.2754,6.9097,nan,nan,0,0.052,0.098,0.076
36,veh0,veh1,10,3,0.7,593.48,12.2754,7.47332,-76.1118,11.9273,3,0.052,0.082,0.076
37,veh3,veh2,10,7,0.3,522.618,8.19118,3.79226,-76.8799,20.0963,7,0.091,0.112,0.08475
37,veh3,veh1,10,10,0,52.2547,8.19118,6.60034,-60.2932,36.6831,10,0.091,0.086,0.08475
37,veh3,veh0,10,6,0.4,536.103,8.19118,14.7125,-77.1246,19.8517,6,0.091,0.05,0.08475
37,veh2,veh3,10,7,0.3,522.618,3.79226,8.19118,-78.4558,18.5205,7,0.112,0.091,0.08475
37,veh2,veh1,10,7,0.3,474.462,3.79226,6.60034,-77.4014,19.5748,7,0.112,0.086,0.08475
37,veh2,veh0,10,3,0.7,957.606,3.79226,14.7125,-80.682,16.2943,3,0.112,0.05,0.08475
37,veh1,veh3,10,8,0.2,52.2547,6.60034,8.19118,-58.8408,38.1355,8,0.086,0.091,0.08475
37,veh1,veh2,10,4,0.6,474.462,6.60034,3.79226,-75.617,21.3593,4,0.086,0.112,0.08475
37,veh1,veh0,10,5,0.5,582.444,6.60034,14.7125,-76.412,20.5643,5,0.086,0.05,0.08475
37,veh0,veh3,10,5,0.5,536.103,14.7125,8.19118,-76.786,12.0797,5,0.05,0.091,0.08475
37,veh0,veh2,10,1,0.9,957.606,14.7125,3.79226,-81.1031,15.8732,1,0.05,0.112,0.08475
37,veh0,veh1,10,3,0.7,582.444,14.7125,6.60034,-76.8466,12.8457,3,0.05,0.086,0.08475
38,veh3,veh4,10,8,0.2,687.997,8.51642,0,-78.8236,18.1527,8,0.078,0.093,0.0852
38,veh3,veh2,10,6,0.4,524.804,8.51642,0.248315,-78.1246,18.8517,6,0.078,0.122,0.0852
38,veh3,veh1,10,10,0,52.0174,8.51642,6.50755,-59.7421,37.2342,10,0.078,0.084,0.0852
38,veh3,veh0,10,6,0.4,526.92,8.51642,14.2996,-77.4814,19.4949,6,0.078,0.049,0.0852
38,veh4,veh3,10,6,0.4,687.997,0,8.51642,-78.9512,8.88179,6,0.093,0.078,0.0852
38,veh4,veh2,10,4,0.6,327.721,0,0.248315,-72.256,20.0589,4,0.093,0.122,0.0852
38,veh4,veh1,10,5,0.5,654.184,0,6.50755,-77.0278,12.065,5,0.093,0.084,0.0852
38,veh4,veh0,10,2,0.8,939.585,0,14.2996,-79.7279,15.499,2,0.093,0.049,0.0852
38,veh2,veh3,10,5,0.5,524.804,0.248315,8.51642,-75.5124,21.4639,5,0.122,0.078,0.0852
38,veh2,veh4,10,8,0.2,327.721,0.248315,0,-75.0997,21.8766,8,0.122,0.093,0.0852
38,veh2,veh1,10,7,0.3,476.405,0.248315,6.50755,-77.1571,19.8191,7,0.122,0.084,0.0852
38,veh2,veh0,10,5,0.5,944.618,0.248315,14.2996,-79.4607,17.5156,5,0.122,0.049,0.0852
38,veh1,veh3,10,9,0.1,52.0174,6.50755,8.51642,-59.3734,37.6029,9,0.084,0.078,0.0852
38,veh1,veh4,10,2,0.8,654.184,6.50755,0,-77.9105,19.0658,2,0.084,0.093,0.0852
38,veh1,veh2,10,6,0.4,476.405,6.50755,0.248315,-77.7779,19.1984,6,0.084,0.122,0.0852
38,veh1,veh0,10,8,0.2,571.816,6.50755,14.2996,-78.7438,18.2325,8,0.084,0.049,0.0852
38,veh0,veh3,10,5,0.5,526.92,14.2996,8.51642,-77.9271,11.5336,5,0.049,0.078,0.0852
38,veh0,veh4,10,3,0.7,939.585,14.2996,0,-78.9205,8.6838,3,0.049,0.093,0.0852
38,veh0,veh2,10,2,0.8,944.618,14.2996,0.248315,-79.4075,5.8836,2,0.049,0.122,0.0852
38,veh0,veh1,10,3,0.7,571.816,14.2996,6.50755,-76.8539,9.42532,3,0.049,0.084,0.0852
39,veh3,veh4,10,6,0.4,692.236,8.43912,2.08601,-78.8991,18.0771,6,0.086,0.092,0.0848
39,veh3,veh2,10,5,0.5,527.073,8.43912,0.146447,-76.6878,20.2885,5,0.086,0.105,0.0848
39,veh3,veh1,10,10,0,53.3408,8.43912,5.58603,-58.8555,38.1208,10,0.086,0.088,0.0848
39,veh3,veh0,10,7,0.3,518.022,8.43912,14.0605,-78.2337,18.7426,7,0.086,0.053,0.0848
39,veh4,veh3,10,4,0.6,692.236,2.08601,8.43912,-77.3213,9.73518,4,0.092,0.086,0.0848
39,veh4,veh2,10,7,0.3,325.489,2.08601,0.146447,-74.9472,8.98178,7,0.092,0.105,0.0848
39,veh4,veh1,10,6,0.4,655.296,2.08601,5.58603,-77.3497,11.7922,6,0.092,0.088,0.0848
39,veh4,veh0,10,2,0.8,929.368,2.08601,14.0605,-81.1925,7.81251,2,0.092,0.053,0.0848
39,veh2,veh3,10,5,0.5,527.073,0.146447,8.43912,-77.9376,19.0387,5,0.105,0.086,0.0848
39,veh2,veh4,10,9,0.1,325.489,0.146447,2.08601,-73.592,23.3843,9,0.105,0.092,0.0848
39,veh2,veh1,10,7,0.3,476.535,0.146447,5.58603,-77.0822,19.8941,7,0.105,0.088,0.0848
39,veh2,veh0,10,3,0.7,931.907,0.146447,14.0605,-79.3743,17.602,3,0.105,0.053,0.0848
39,veh1,veh3,10,10,0,53.3408,5.58603,8.43912,-59.0288,37.9475,10,0.088,0.086,0.0848
39,veh1,veh4,10,5,0.5,655.296,5.58603,2.08601,-79.5326,17.4437,5,0.088,0.092,0.0848
39,veh1,veh2,10,6,0.4,476.535,5.58603,0.146447,-77.664,19.3123,6,0.088,0.105,0.0848
39,veh1,veh0,10,7,0.3,561.989,5.58603,14.0605,-76.5821,20.3942,7,0.088,0.053,0.0848
39,veh0,veh3,10,4,0.6,518.022,14.0605,8.43912,-76.0975,13.1883,4,0.053,0.086,0.0848
39,veh0,veh4,10,2,0.8,929.368,14.0605,2.08601,-78.1608,13.8255,2,0.053,0.092,0.0848
39,veh0,veh2,10,1,0.9,931.907,14.0605,0.146447,-78.9521,1.51282,1,0.053,0.105,0.0848
39,veh0,veh1,10,4,0.6,561.989,14.0605,5.58603,-78.4739,12.0229,4,0.053,0.088,0.0848
40,veh3,veh4,10,6,0.4,695.015,8.25183,4.02431,-79.222,17.7543,6,0.09,0.082,0.0862
40,veh3,veh2,10,5,0.5,529.389,8.25183,0.0460566,-76.1612,20.8151,5,0.09,0.111,0.0862
40,veh3,veh1,10,10,0,58.8724,8.25183,5.6651,-61.8669,35.1094,10,0.09,0.093,0.0862
40,veh3,veh0,10,7,0.3,508.763,8.25183,14.4242,-76.8114,20.1649,7,0.09,0.055,0.0862
40,veh4,veh3,10,3,0.7,695.015,4.02431,8.25183,-79.8347,10.0101,3,0.082,0.09,0.0862
40,veh4,veh2,10,6,0.4,321.42,4.02431,0.0460566,-76.2849,9.87037,6,0.082,0.111,0.0862
40,veh4,veh1,10,4,0.6,649.642,4.02431,5.6651,-79.1535,7.89493,4,0.082,0.093,0.0862
40,veh4,veh0,10,0,1,918.49,4.02431,14.4242,nan,nan,0,0.082,0.055,0.0862
40,veh2,veh3,10,8,0.2,529.389,0.0460566,8.25183,-76.8468,20.1295,8,0.111,0.09,0.0862
40,veh2,veh4,10,6,0.4,321.42,0.0460566,4.02431,-76.8485,20.1278,6,0.111,0.082,0.0862
40,veh2,veh1,10,6,0.4,471.905,0.0460566,5.6651,-77.4226,19.5537,6,0.111,0.093,0.0862
40,veh2,veh0,10,3,0.7,918.884,0.0460566,14.4242,-79.696,17.2803,3,0.111,0.055,0.0862
40,veh1,veh3,10,10,0,58.8724,5.6651,8.25183,-61.4067,35.5696,10,0.093,0.09,0.0862
40,veh1,veh4,10,4,0.6,649.642,5.6651,4.02431,-80.2198,16.7565,4,0.093,0.082,0.0862
40,veh1,veh2,10,2,0.8,471.905,5.6651,0.0460566,-71.552,25.4243,2,0.093,0.111,0.0862
40,veh1,veh0,10,5,0.5,552.811,5.6651,14.4242,-74.6065,22.3698,5,0.093,0.055,0.0862
40,veh0,veh3,10,4,0.6,508.763,14.4242,8.25183,-79.8072,12.6819,4,0.055,0.09,0.0862
40,veh0,veh4,10,0,1,918.49,14.4242,4.02431,nan,nan,0,0.055,0.082,0.0862
40,veh0,veh2,10,1,0.9,918.884,14.4242,0.0460566,-80.9073,6.4695,1,0.055,0.111,0.0862
40,veh0,veh1,10,5,0.5,552.811,14.4242,5.6651,-77.7749,13.7714,5,0.055,0.093,0.0862
41,veh3,veh4,10,7,0.3,696.482,8.75848,6.6049,-77.3593,19.617,7,0.082,0.091,0.0872
41,veh3,veh2,10,7,0.3,532.838,8.75848,2.15152,-78.7189,18.2573,7,0.082,0.113,0.0872
41,veh3,veh1,10,10,0,67.2133,8.75848,7.76598,-59.5626,37.4137,10,0.082,0.098,0.0872
41,veh3,veh0,10,6,0.4,500.85,8.75848,13.7529,-76.4617,20.5146,6,0.082,0.052,0.0872
41,veh4,veh3,10,2,0.8,696.482,6.6049,8.75848,-76.5821,11.7145,2,0.091,0.082,0.0872
41,veh4,veh2,10,7,0.3,312.704,6.6049,2.15152,-73.1854,11.377,7,0.091,0.113,0.0872
41,veh4,veh1,10,4,0.6,641.105,6.6049,7.76598,-77.5387,10.5593,4,0.091,0.098,0.0872
41,veh4,veh0,10,3,0.7,907.341,6.6049,13.7529,-80.3199,8.38516,3,0.091,0.052,0.0872
41,veh2,veh3,10,7,0.3,532.838,2.15152,8.75848,-78.4625,18.5138,7,0.113,0.082,0.0872
41,veh2,veh4,10,10,0,312.704,2.15152,6.6049,-72.4718,24.5044,10,0.113,0.091,0.0872
41,veh2,veh1,10,7,0.3,466.31,2.15152,7.76598,-74.6069,22.3694,7,0.113,0.098,0.0872
41,veh2,veh0,10,1,0.9,906.205,2.15152,13.7529,-80.8262,16.1501,1,0.113,0.052,0.0872
41,veh1,veh3,10,8,0.2,67.2133,7.76598,8.75848,-61.5475,35.4288,8,0.098,0.082,0.0872
41,veh1,veh4,10,4,0.6,641.105,7.76598,6.6049,-78.8254,18.1509,4,0.098,0.091,0.0872
41,veh1,veh2,10,7,0.3,466.31,7.76598,2.15152,-76.4569,20.5194,7,0.098,0.113,0.0872
41,veh1,veh0,10,7,0.3,546.578,7.76598,13.7529,-76.0291,20.9472,7,0.098,0.052,0.0872
41,veh0,veh3,10,7,0.3,500.85,13.7529,8.75848,-77.5518,10.161,7,0.052,0.082,0.0872
41,veh0,veh4,10,2,0.8,907.341,13.7529,6.6049,-81.4093,4.14038,2,0.052,0.091,0.0872
41,veh0,veh2,10,3,0.7,906.205,13.7529,2.15152,-79.9247,9.30192,3,0.052,0.113,0.0872
41,veh0,veh1,10,5,0.5,546.578,13.7529,7.76598,-78.5619,9.29604,5,0.052,0.098,0.0872
42,veh3,veh4,10,4,0.6,697.349,8.93686,7.87868,-78.9426,18.0337,4,0.075,0.096,0.0842
42,veh3,veh2,10,6,0.4,538.919,8.93686,4.18115,-78.2177,18.7586,6,0.075,0.108,0.0842
42,veh3,veh1,10,10,0,75.7203,8.93686,7.42493,-63.1376,33.8387,10,0.075,0.085,0.0842
42,veh3,veh0,10,3,0.7,492.084,8.93686,14.5377,-77.2724,19.7039,3,0.075,0.057,0.0842
42,veh4,veh3,10,5,0.5,697.349,7.87868,8.93686,-78.5822,12.771,5,0.096,0.075,0.0842
42,veh4,veh2,10,6,0.4,301.77,7.87868,4.18115,-74.462,13.5764,6,0.096,0.108,0.0842
42,veh4,veh1,10,6,0.4,631.971,7.87868,7.42493,-76.259,11.8109,6,0.096,0.085,0.0842
42,veh4,veh0,10,5,0.5,896.654,7.87868,14.5377,-79.1709,10.2265,5,0.096,0.057,0.0842
42,veh2,veh3,10,8,0.2,538.919,4.18115,8.93686,-79.4457,17.5306,8,0.108,0.075,0.0842
42,veh2,veh4,10,5,0.5,301.77,4.18115,7.87868,-73.6087,23.3676,5,0.108,0.096,0.0842
42,veh2,veh1,10,6,0.4,463.471,4.18115,7.42493,-78.8706,18.1057,6,0.108,0.085,0.0842
42,veh2,veh0,10,2,0.8,895.431,4.18115,14.5377,-78.4693,18.507,2,0.108,0.057,0.0842
42,veh1,veh3,10,10,0,75.7203,7.42493,8.93686,-62.4145,34.5618,10,0.085,0.075,0.0842
42,veh1,veh4,10,5,0.5,631.971,7.42493,7.87868,-76.7138,20.2625,5,0.085,0.096,0.0842
42,veh1,veh2,10,8,0.2,463.471,7.42493,4.18115,-74.4958,22.4805,8,0.085,0.108,0.0842
42,veh1,veh0,10,3,0.7,539.105,7.42493,14.5377,-76.9465,20.0298,3,0.085,0.057,0.0842
42,veh0,veh3,10,6,0.4,492.084,14.5377,8.93686,-78.3682,10.123,6,0.057,0.075,0.0842
42,veh0,veh4,10,3,0.7,896.654,14.5377,7.87868,-78.7574,7.48098,3,0.057,0.096,0.0842
42,veh0,veh2,10,3,0.7,895.431,14.5377,4.18115,-79.8933,6.21567,3,0.057,0.108,0.0842
42,veh0,veh1,10,3,0.7,539.105,14.5377,7.42493,-76.2727,17.1759,3,0.057,0.085,0.0842
43,veh3,veh4,10,4,0.6,697.454,8.40031,8.48222,-78.91,18.0663,4,0.083,0.094,0.0872
43,veh3,veh2,10,6,0.4,547.761,8.40031,6.13557,-78.5878,18.3885,6,0.083,0.111,0.0872
43,veh3,veh1,10,10,0,84.7269,8.40031,7.79749,-65.9772,30.9991,10,0.083,0.091,0.0872
43,veh3,veh0,10,4,0.6,484.016,8.40031,13.5799,-75.6731,21.3032,4,0.083,0.057,0.0872
43,veh4,veh3,10,5,0.5,697.454,8.48222,8.40031,-78.9411,8.47852,5,0.094,0.083,0.0872
43,veh4,veh2,10,8,0.2,291.582,8.48222,6.13557,-71.8371,13.9344,8,0.094,0.111,0.0872
43,veh4,veh1,10,3,0.7,622.228,8.48222,7.79749,-77.1732,9.70784,3,0.094,0.091,0.0872
43,veh4,veh0,10,5,0.5,886.499,8.48222,13.5799,-78.7948,9.92318,5,0.094,0.057,0.0872
43,veh2,veh3,10,3,0.7,547.761,6.13557,8.40031,-77.0554,19.9209,3,0.111,0.083,0.0872
43,veh2,veh4,10,7,0.3,291.582,6.13557,8.48222,-73.8412,23.1351,7,0.111,0.094,0.0872
43,veh2,veh1,10,6,0.4,463.121,6.13557,7.79749,-79.5408,17.4354,6,0.111,0.091,0.0872
43,veh2,veh0,10,2,0.8,889.122,6.13557,13.5799,-79.6394,17.3369,2,0.111,0.057,0.0872
43,veh1,veh3,10,9,0.1,84.7269,7.79749,8.40031,-67.423,29.5533,9,0.091,0.083,0.0872
43,veh1,veh4,10,5,0.5,622.228,7.79749,8.48222,-76.0638,20.9125,5,0.091,0.094,0.0872
43,veh1,veh2,10,4,0.6,463.121,7.79749,6.13557,-76.7756,20.2007,4,0.091,0.111,0.0872
43,veh1,veh0,10,4,0.6,532.957,7.79749,13.5799,-76.608,20.3683,4,0.091,0.057,0.0872
43,veh0,veh3,10,4,0.6,484.016,13.5799,8.40031,-78.1608,13.317,4,0.057,0.083,0.0872
43,veh0,veh4,10,2,0.8,886.499,13.5799,8.48222,-80.0775,4.39865,2,0.057,0.094,0.0872
43,veh0,veh2,10,0,1,889.122,13.5799,6.13557,nan,nan,0,0.057,0.111,0.0872
43,veh0,veh1,10,5,0.5,532.957,13.5799,7.79749,-75.5481,13.4198,5,0.057,0.091,0.0872
44,veh3,veh4,10,5,0.5,698.496,8.20813,7.2978,-76.6948,20.2814,5,0.084,0.091,0.086
44,veh3,veh2,10,7,0.3,559.276,8.20813,8.69448,-76.9246,20.0517,7,0.084,0.112,0.086
44,veh3,veh1,10,9,0.1,94.1699,8.20813,7.74591,-64.2141,32.7622,9,0.084,0.09,0.086
44,veh3,veh0,10,7,0.3,475.668,8.20813,13.5009,-77.1648,19.8114,7,0.084,0.053,0.086
44,veh4,veh3,10,3,0.7,698.496,7.2978,8.20813,-79.175,8.23432,3,0.091,0.084,0.086
44,veh4,veh2,10,7,0.3,284.027,7.2978,8.69448,-73.5752,12.7259,7,0.091,0.112,0.086
44,veh4,veh1,10,5,0.5,613.354,7.2978,7.74591,-78.1417,13.9288,5,0.091,0.09,0.086
44,veh4,veh0,10,2,0.8,876.54,7.2978,13.5009,-80.1852,12.1975,2,0.091,0.053,0.086
44,veh2,veh3,10,5,0.5,559.276,8.69448,8.20813,-76.323,20.6533,5,0.112,0.084,0.086
44,veh2,veh4,10,10,0,284.027,8.69448,7.2978,-76.0323,20.944,10,0.112,0.091,0.086
44,veh2,veh1,10,6,0.4,465.116,8.69448,7.74591,-76.733,20.2432,6,0.112,0.09,0.086
44,veh2,veh0,10,3,0.7,885.946,8.69448,13.5009,-81.6159,15.3604,3,0.112,0.053,0.086
44,veh1,veh3,10,9,0.1,94.1699,7.74591,8.20813,-66.3348,30.6415,9,0.09,0.084,0.086
44,veh1,veh4,10,4,0.6,613.354,7.74591,7.2978,-76.6863,20.29,4,0.09,0.091,0.086
44,veh1,veh2,10,5,0.5,465.116,7.74591,8.69448,-75.6592,21.3171,5,0.09,0.112,0.086
44,veh1,veh0,10,7,0.3,526.833,7.74591,13.5009,-76.627,20.3493,7,0.09,0.053,0.086
44,veh0,veh3,10,6,0.4,475.668,13.5009,8.20813,-75.8173,15.9758,6,0.053,0.084,0.086
44,veh0,veh4,10,2,0.8,876.54,13.5009,7.2978,-79.6826,17.2937,2,0.053,0.091,0.086
44,veh0,veh2,10,1,0.9,885.946,13.5009,8.69448,-80.6745,0.213832,1,0.053,0.112,0.086
44,veh0,veh1,10,7,0.3,526.833,13.5009,7.74591,-76.2365,12.1519,7,0.053,0.09,0.086
45,veh3,veh4,10,4,0.6,700.312,8.52524,8.10561,-77.9578,19.0185,4,0.093,0.092,0.0898
45,veh3,veh2,10,6,0.4,573.917,8.52524,10.4092,-78.4997,18.4766,6,0.093,0.117,0.0898
45,veh3,veh1,10,10,0,105.155,8.52524,7.46378,-67.5051,29.4712,10,0.093,0.087,0.0898
45,veh3,veh0,10,5,0.5,466.314,8.52524,13.8069,-76.8638,20.1125,5,0.093,0.06,0.0898
45,veh4,veh3,10,4,0.6,700.312,8.10561,8.52524,-78.412,13.8057,4,0.092,0.093,0.0898
45,veh4,veh2,10,7,0.3,276.692,8.10561,10.4092,-73.1405,13.7588,7,0.092,0.117,0.0898
45,veh4,veh1,10,5,0.5,604.038,8.10561,7.46378,-78.9467,12.9685,5,0.092,0.087,0.0898
45,veh4,veh0,10,2,0.8,863.741,8.10561,13.8069,-79.4307,10.2703,2,0.092,0.06,0.0898
45,veh2,veh3,10,7,0.3,573.917,10.4092,8.52524,-78.308,18.6683,7,0.117,0.093,0.0898
45,veh2,veh4,10,5,0.5,276.692,10.4092,8.10561,-75.4318,21.5444,5,0.117,0.092,0.0898
45,veh2,veh1,10,7,0.3,468.766,10.4092,7.46378,-76.1976,20.7787,7,0.117,0.087,0.0898
45,veh2,veh0,10,2,0.8,882.754,10.4092,13.8069,-77.7826,19.1937,2,0.117,0.06,0.0898
45,veh1,veh3,10,8,0.2,105.155,7.46378,8.52524,-65.7363,31.24,8,0.087,0.093,0.0898
45,veh1,veh4,10,6,0.4,604.038,7.46378,8.10561,-76.0117,20.9646,6,0.087,0.092,0.0898
45,veh1,veh2,10,3,0.7,468.766,7.46378,10.4092,-77.351,19.6253,3,0.087,0.117,0.0898
45,veh1,veh0,10,8,0.2,519.977,7.46378,13.8069,-77.317,19.6593,8,0.087,0.06,0.0898
45,veh0,veh3,10,7,0.3,466.314,13.8069,8.52524,-73.6283,14.954,7,0.06,0.093,0.0898
45,veh0,veh4,10,2,0.8,863.741,13.8069,8.10561,-78.6168,8.21618,2,0.06,0.092,0.0898
45,veh0,veh2,10,1,0.9,882.754,13.8069,10.4092,-77.8592,19.1171,1,0.06,0.117,0.0898
45,veh0,veh1,10,5,0.5,519.977,13.8069,7.46378,-77.6191,10.4883,5,0.06,0.087,0.0898
46,veh3,veh4,10,4,0.6,701.8,7.84455,7.77785,-79.2024,17.7739,4,0.088,0.085,0.088
46,veh3,veh2,10,6,0.4,590.329,7.84455,12.6017,-77.3603,19.616,6,0.088,0.109,0.088
46,veh3,veh1,10,9,0.1,115.42,7.84455,6.882,-68.6053,28.371,9,0.088,0.094,0.088
46,veh3,veh0,10,6,0.4,456.725,7.84455,13.8087,-78.449,18.5273,6,0.088,0.064,0.088
46,veh4,veh3,10,4,0.6,701.8,7.77785,7.84455,-78.4649,11.3311,4,0.085,0.088,0.088
46,veh4,veh2,10,9,0.1,270.42,7.77785,12.6017,-71.3917,13.454,9,0.085,0.109,0.088
46,veh4,veh1,10,7,0.3,595.2,7.77785,6.882,-77.0617,12.7354,7,0.085,0.094,0.088
46,veh4,veh0,10,1,0.9,852.274,7.77785,13.8087,-78.6636,9.92599,1,0.085,0.064,0.088
46,veh2,veh3,10,5,0.5,590.329,12.6017,7.84455,-76.3068,20.6695,5,0.109,0.088,0.088
46,veh2,veh4,10,10,0,270.42,12.6017,7.77785,-75.201,21.7753,10,0.109,0.085,0.088
46,veh2,veh1,10,6,0.4,474.952,12.6017,6.882,-77.7983,19.1779,6,0.109,0.094,0.088
46,veh2,veh0,10,2,0.8,882.724,12.6017,13.8087,-80.1482,16.8281,2,0.109,0.064,0.088
46,veh1,veh3,10,8,0.2,115.42,6.882,7.84455,-71.4383,25.538,8,0.094,0.088,0.088
46,veh1,veh4,10,2,0.8,595.2,6.882,7.77785,-74.9343,22.042,2,0.094,0.085,0.088
46,veh1,veh2,10,6,0.4,474.952,6.882,12.6017,-76.4852,20.4911,6,0.094,0.109,0.088
46,veh1,veh0,10,7,0.3,512.815,6.882,13.8087,-77.8878,19.0884,7,0.094,0.064,0.088
46,veh0,veh3,10,8,0.2,456.725,13.8087,7.84455,-75.7411,11.9564,8,0.064,0.088,0.088
46,veh0,veh4,10,0,1,852.274,13.8087,7.77785,nan,nan,0,0.064,0.085,0.088
46,veh0,veh2,10,2,0.8,882.724,13.8087,12.6017,-79.3174,12.1129,2,0.064,0.109,0.088
46,veh0,veh1,10,7,0.3,512.815,13.8087,6.882,-77.1791,16.031,7,0.064,0.094,0.088
47,veh5,veh3,10,1,0.9,1145.77,0,8.71888,-78.2649,18.7114,1,0.131,0.083,0.0973333
47,veh5,veh4,10,0,1,802.276,0,7.38207,nan,nan,0,0.131,0.1,0.0973333
47,veh5,veh2,10,0,1,625.417,0,12.8854,nan,nan,0,0.131,0.116,0.0973333
47,veh5,veh1,10,1,0.9,1032.17,0,6.83511,-77.6089,19.3674,1,0.131,0.092,0.0973333
47,veh5,veh0,10,0,1,1494.25,0,14.4712,nan,nan,0,0.131,0.062,0.0973333
47,veh3,veh5,10,1,0.9,1145.77,8.71888,0,-79.2224,17.7539,1,0.083,0.131,0.0973333
47,veh3,veh4,10,4,0.6,704.16,8.71888,7.38207,-76.4392,20.5371,4,0.083,0.1,0.0973333
47,veh3,veh2,10,7,0.3,607.534,8.71888,12.8854,-76.5087,20.4675,7,0.083,0.116,0.0973333
47,veh3,veh1,10,10,0,126.241,8.71888,6.83511,-66.8343,30.142,10,0.083,0.092,0.0973333
47,veh3,veh0,10,4,0.6,447.393,8.71888,14.4712,-75.5018,21.4744,4,0.083,0.062,0.0973333
47,veh4,veh5,10,0,1,802.276,7.38207,0,nan,nan,0,0.1,0.131,0.0973333
47,veh4,veh3,10,4,0.6,704.16,7.38207,8.71888,-79.8614,9.42699,4,0.1,0.083,0.0973333
47,veh4,veh2,10,8,0.2,265.293,7.38207,12.8854,-74.0583,13.3518,8,0.1,0.116,0.0973333
47,veh4,veh1,10,3,0.7,586.532,7.38207,6.83511,-76.8155,12.3267,3,0.1,0.092,0.0973333
47,veh4,veh0,10,1,0.9,839.633,7.38207,14.4712,-80.0927,6.90132,1,0.1,0.062,0.0973333
47,veh2,veh5,10,4,0.6,625.417,12.8854,0,-76.753,20.2233,4,0.116,0.131,0.0973333
47,veh2,veh3,10,6,0.4,607.534,12.8854,8.71888,-78.0297,18.9466,6,0.116,0.083,0.0973333
47,veh2,veh4,10,9,0.1,265.293,12.8854,7.38207,-74.4285,22.5478,9,0.116,0.1,0.0973333
47,veh2,veh1,10,4,0.6,481.437,12.8854,6.83511,-77.0126,19.9637,4,0.116,0.092,0.0973333
47,veh2,veh0,10,3,0.7,882.092,12.8854,14.4712,-80.0691,16.9072,3,0.116,0.062,0.0973333
47,veh1,veh5,10,1,0.9,1032.17,6.83511,0,-80.7632,16.2131,1,0.092,0.131,0.0973333
47,veh1,veh3,10,9,0.1,126.241,6.83511,8.71888,-64.264,32.7123,9,0.092,0.083,0.0973333
47,veh1,veh4,10,3,0.7,586.532,6.83511,7.38207,-73.7581,23.2182,3,0.092,0.1,0.0973333
47,veh1,veh2,10,5,0.5,481.437,6.83511,12.8854,-75.9077,21.0686,5,0.092,0.116,0.0973333
47,veh1,veh0,10,7,0.3,504.992,6.83511,14.4712,-76.1313,20.845,7,0.092,0.062,0.0973333
47,veh0,veh5,10,0,1,1494.25,14.4712,0,nan,nan,0,0.062,0.131,0.0973333
47,veh0,veh3,10,7,0.3,447.393,14.4712,8.71888,-75.1362,16.4439,7,0.062,0.083,0.0973333
47,veh0,veh4,10,1,0.9,839.633,14.4712,7.38207,-74.3133,22.663,1,0.062,0.1,0.0973333
47,veh0,veh2,10,2,0.8,882.092,14.4712,12.8854,-78.4092,2.55967,2,0.062,0.116,0.0973333
47,veh0,veh1,10,3,0.7,504.992,14.4712,6.83511,-78.9648,12.2142,3,0.062,0.092,0.0973333
48,veh5,veh3,10,2,0.8,1148.14,1.77192,7.86363,-78.4842,18.4921,2,0.144,0.084,0.0966667
48,veh5,veh4,10,0,1,796.594,1.77192,8.02708,nan,nan,0,0.144,0.093,0.0966667
48,veh5,veh2,10,1,0.9,613.2,1.77192,12.8515,-77.5569,19.4194,1,0.144,0.108,0.0966667
48,veh5,veh1,10,1,0.9,1025.71,1.77192,6.83019,-75.3441,21.6322,1,0.144,0.1,0.0966667
48,veh5,veh0,10,0,1,1480.79,1.77192,13.8421,nan,nan,0,0.144,0.051,0.0966667
48,veh3,veh5,10,1,0.9,1148.14,7.86363,1.77192,-77.7812,19.1951,1,0.084,0.144,0.0966667
48,veh3,veh4,10,5,0.5,705.368,7.86363,8.02708,-79.8224,17.1539,5,0.084,0.093,0.0966667
48,veh3,veh2,10,6,0.4,624.227,7.86363,12.8515,-76.7981,20.1781,6,0.084,0.108,0.0966667
48,veh3,veh1,10,8,0.2,136.59,7.86363,6.83019,-67.6712,29.3051,8,0.084,0.1,0.0966667
48,veh3,veh0,10,7,0.3,438.553,7.86363,13.8421,-73.2572,23.719,7,0.084,0.051,0.0966667
48,veh4,veh5,10,0,1,796.594,8.02708,1.77192,nan,nan,0,0.093,0.144,0.0966667
48,veh4,veh3,10,4,0.6,705.368,8.02708,7.86363,-79.3056,12.8385,4,0.093,0.084,0.0966667
48,veh4,veh2,10,8,0.2,260.293,8.02708,12.8515,-71.318,12.5055,8,0.093,0.108,0.0966667
48,veh4,veh1,10,5,0.5,577.388,8.02708,6.83019,-78.1444,9.83484,5,0.093,0.1,0.0966667
48,veh4,veh0,10,1,0.9,827.112,8.02708,13.8421,-80.2923,11.9985,1,0.093,0.051,0.0966667
48,veh2,veh5,10,6,0.4,613.2,12.8515,1.77192,-79.933,17.0432,6,0.108,0.144,0.0966667
48,veh2,veh3,10,6,0.4,624.227,12.8515,7.86363,-79.0104,17.9659,6,0.108,0.084,0.0966667
48,veh2,veh4,10,9,0.1,260.293,12.8515,8.02708,-74.2592,22.7171,9,0.108,0.093,0.0966667
48,veh2,veh1,10,8,0.2,487.887,12.8515,6.83019,-75.4943,21.482,8,0.108,0.1,0.0966667
48,veh2,veh0,10,1,0.9,881.891,12.8515,13.8421,-79.972,17.0043,1,0.108,0.051,0.0966667
48,veh1,veh5,10,1,0.9,1025.71,6.83019,1.77192,-81.0654,15.9109,1,0.1,0.144,0.0966667
48,veh1,veh3,10,8,0.2,136.59,6.83019,7.86363,-69.1376,27.8387,8,0.1,0.084,0.0966667
48,veh1,veh4,10,6,0.4,577.388,6.83019,8.02708,-78.5359,18.4404,6,0.1,0.093,0.0966667
48,veh1,veh2,10,5,0.5,487.887,6.83019,12.8515,-77.6454,19.3309,5,0.1,0.108,0.0966667
48,veh1,veh0,10,7,0.3,497.768,6.83019,13.8421,-76.8099,20.1664,7,0.1,0.051,0.0966667
48,veh0,veh5,10,0,1,1480.79,13.8421,1.77192,nan,nan,0,0.051,0.144,0.0966667
48,veh0,veh3,10,6,0.4,438.553,13.8421,7.86363,-74.7185,12.0273,6,0.051,0.084,0.0966667
48,veh0,veh4,10,2,0.8,827.112,13.8421,8.02708,-80.5618,2.76039,2,0.051,0.093,0.0966667
48,veh0,veh2,10,4,0.6,881.891,13.8421,12.8515,-79.6677,6.03982,4,0.051,0.108,0.0966667
48,veh0,veh1,10,6,0.4,497.768,13.8421,6.83019,-75.8985,12.2111,6,0.051,0.1,0.0966667
49,veh5,veh3,10,1,0.9,1150.36,3.64519,5.47332,-77.633,19.3433,1,0.149,0.078,0.0993333
49,veh5,veh4,10,0,1,790.432,3.64519,7.62378,nan,nan,0,0.149,0.097,0.0993333
49,veh5,veh2,10,1,0.9,600.09,3.64519,14.0058,-76.3332,20.6431,1,0.149,0.112,0.0993333
49,veh5,veh1,10,0,1,1020.58,3.64519,5.69792,nan,nan,0,0.149,0.105,0.0993333
49,veh5,veh0,10,1,0.9,1466.92,3.64519,14.2049,-81.7951,15.1812,1,0.149,0.055,0.0993333
49,veh3,veh5,10,0,1,1150.36,5.47332,3.64519,nan,nan,0,0.078,0.149,0.0993333
49,veh3,veh4,10,3,0.7,704.836,5.47332,7.62378,-80.0647,16.9116,3,0.078,0.097,0.0993333
49,veh3,veh2,10,4,0.6,640.809,5.47332,14.0058,-78.6432,18.3331,4,0.078,0.112,0.0993333
49,veh3,veh1,10,10,0,145.088,5.47332,5.69792,-71.3685,25.6078,10,0.078,0.105,0.0993333
49,veh3,veh0,10,8,0.2,428.314,5.47332,14.2049,-75.6212,21.3551,8,0.078,0.055,0.0993333
49,veh4,veh5,10,0,1,790.432,7.62378,3.64519,nan,nan,0,0.097,0.149,0.0993333
49,veh4,veh3,10,3,0.7,704.836,7.62378,5.47332,-76.5357,9.6063,3,0.097,0.078,0.0993333
49,veh4,veh2,10,6,0.4,255.846,7.62378,14.0058,-72.5684,11.7312,6,0.097,0.112,0.0993333
49,veh4,veh1,10,8,0.2,568.253,7.62378,5.69792,-77.2497,13.1396,8,0.097,0.105,0.0993333
49,veh4,veh0,10,4,0.6,814.342,7.62378,14.2049,-76.7391,14.9474,4,0.097,0.055,0.0993333
49,veh2,veh5,10,8,0.2,600.09,14.0058,3.64519,-78.2366,18.7396,8,0.112,0.149,0.0993333
49,veh2,veh3,10,6,0.4,640.809,14.0058,5.47332,-78.1695,18.8068,6,0.112,0.078,0.0993333
49,veh2,veh4,10,8,0.2,255.846,14.0058,7.62378,-71.8851,25.0912,8,0.112,0.097,0.0993333
49,veh2,veh1,10,6,0.4,496.095,14.0058,5.69792,-78.0418,18.9345,6,0.112,0.105,0.0993333
49,veh2,veh0,10,3,0.7,882.26,14.0058,14.2049,-77.9299,19.0464,3,0.112,0.055,0.0993333
49,veh1,veh5,10,2,0.8,1020.58,5.69792,3.64519,-81.4384,15.5379,2,0.105,0.149,0.0993333
49,veh1,veh3,10,9,0.1,145.088,5.69792,5.47332,-67.395,29.5813,9,0.105,0.078,0.0993333
49,veh1,veh4,10,3,0.7,568.253,5.69792,7.62378,-79.1279,17.8484,3,0.105,0.097,0.0993333
49,veh1,veh2,10,7,0.3,496.095,5.69792,14.0058,-77.0414,19.9349,7,0.105,0.112,0.0993333
49,veh1,veh0,10,4,0.6,488.624,5.69792,14.2049,-77.3325,19.6438,4,0.105,0.055,0.0993333
49,veh0,veh5,10,0,1,1466.92,14.2049,3.64519,nan,nan,0,0.055,0.149,0.0993333
49,veh0,veh3,10,4,0.6,428.314,14.2049,5.47332,-76.2637,12.3917,4,0.055,0.078,0.0993333
49,veh0,veh4,10,5,0.5,814.342,14.2049,7.62378,-78.8331,8.59079,5,0.055,0.097,0.0993333
49,veh0,veh2,10,2,0.8,882.26,14.2049,14.0058,-79.167,4.99062,2,0.055,0.112,0.0993333
49,veh0,veh1,10,3,0.7,488.624,14.2049,5.69792,-77.0827,7.19083,3,0.055,0.105,0.0993333
50,veh5,veh3,10,1,0.9,1152.08,6.09789,6.86016,-81.8834,15.0929,1,0.141,0.086,0.100833
50,veh5,veh4,10,0,1,783.072,6.09789,8.13035,nan,nan,0,0.141,0.091,0.100833
50,veh5,veh2,10,0,1,587.083,6.09789,13.162,nan,nan,0,0.141,0.113,0.100833
50,veh5,veh1,10,1,0.9,1018.61,6.09789,5.34166,-78.7549,18.2214,1,0.141,0.103,0.100833
50,veh5,veh0,10,0,1,1452.58,6.09789,14.7016,nan,nan,0,0.141,0.071,0.100833
50,veh3,veh5,10,1,0.9,1152.08,6.86016,6.09789,-79.0918,17.8845,1,0.086,0.141,0.100833
50,veh3,veh4,10,2,0.8,704.09,6.86016,8.13035,-79.5048,17.4714,2,0.086,0.091,0.100833
50,veh3,veh2,10,4,0.6,656.003,6.86016,13.162,-78.8613,18.115,4,0.086,0.113,0.100833
50,veh3,veh1,10,9,0.1,152.916,6.86016,5.34166,-71.73,25.2463,9,0.086,0.103,0.100833
50,veh3,veh0,10,7,0.3,419.624,6.86016,14.7016,-77.3054,19.6709,7,0.086,0.071,0.100833
50,veh4,veh5,10,0,1,783.072,8.13035,6.09789,nan,nan,0,0.091,0.141,0.100833
50,veh4,veh3,10,4,0.6,704.09,8.13035,6.86016,-78.5257,10.1438,4,0.091,0.086,0.100833
50,veh4,veh2,10,8,0.2,251.998,8.13035,13.162,-68.886,12.3612,8,0.091,0.113,0.100833
50,veh4,veh1,10,5,0.5,557.347,8.13035,5.34166,-75.9154,7.66236,5,0.091,0.103,0.100833
50,veh4,veh0,10,3,0.7,801.081,8.13035,14.7016,-79.1922,11.1651,3,0.091,0.071,0.100833
50,veh2,veh5,10,7,0.3,587.083,13.162,6.09789,-76.5909,20.3854,7,0.113,0.141,0.100833
50,veh2,veh3,10,9,0.1,656.003,13.162,6.86016,-77.6187,19.3576,9,0.113,0.086,0.100833
50,veh2,veh4,10,8,0.2,251.998,13.162,8.13035,-72.508,24.4683,8,0.113,0.091,0.100833
50,veh2,veh1,10,10,0,504.362,13.162,5.34166,-76.641,20.3353,10,0.113,0.103,0.100833
50,veh2,veh0,10,4,0.6,881.491,13.162,14.7016,-79.2003,17.776,4,0.113,0.071,0.100833
50,veh1,veh5,10,0,1,1018.61,5.34166,6.09789,nan,nan,0,0.103,0.141,0.100833
50,veh1,veh3,10,8,0.2,152.916,5.34166,6.86016,-68.6344,28.3419,8,0.103,0.086,0.100833
50,veh1,veh4,10,5,0.5,557.347,5.34166,8.13035,-78.8167,18.1596,5,0.103,0.091,0.100833
50,veh1,veh2,10,3,0.7,504.362,5.34166,13.162,-77.0769,19.8994,3,0.103,0.113,0.100833
50,veh1,veh0,10,7,0.3,474.544,5.34166,14.7016,-77.0443,19.932,7,0.103,0.071,0.100833
50,veh0,veh5,10,0,1,1452.58,14.7016,6.09789,nan,nan,0,0.071,0.141,0.100833
50,veh0,veh3,10,9,0.1,419.624,14.7016,6.86016,-74.3738,16.1403,9,0.071,0.086,0.100833
50,veh0,veh4,10,0,1,801.081,14.7016,8.13035,nan,nan,0,0.071,0.091,0.100833
50,veh0,veh2,10,0,1,881.491,14.7016,13.162,nan,nan,0,0.071,0.113,0.100833
50,veh0,veh1,10,4,0.6,474.544,14.7016,5.34166,-76.4359,14.6092,4,0.071,0.103,0.100833
51,veh5,veh3,10,1,0.9,1148,8.05454,6.71262,-79.1791,17.7972,1,0.141,0.085,0.0961667
51,veh5,veh4,10,0,1,775.064,8.05454,8.36363,nan,nan,0,0.141,0.089,0.0961667
51,veh5,veh2,10,1,0.9,574.29,8.05454,12.2505,-77.2856,19.6906,1,0.141,0.11,0.0961667
51,veh5,veh1,10,1,0.9,1019.77,8.05454,5.19806,-80.9652,16.011,1,0.141,0.093,0.0961667
51,veh5,veh0,10,0,1,1439.51,8.05454,13.4863,nan,nan,0,0.141,0.059,0.0961667
51,veh3,veh5,10,2,0.8,1148,6.71262,8.05454,-79.7585,17.2178,2,0.085,0.141,0.0961667
51,veh3,veh4,10,3,0.7,696.062,6.71262,8.36363,-80.7998,16.1765,3,0.085,0.089,0.0961667
51,veh3,veh2,10,5,0.5,663.021,6.71262,12.2505,-77.5353,19.4409,5,0.085,0.11,0.0961667
51,veh3,veh1,10,8,0.2,152.12,6.71262,5.19806,-69.2409,27.7354,8,0.085,0.093,0.0961667
51,veh3,veh0,10,7,0.3,413.363,6.71262,13.4863,-78.155,18.8212,7,0.085,0.059,0.0961667
51,veh4,veh5,10,0,1,775.064,8.36363,8.05454,nan,nan,0,0.089,0.141,0.0961667
51,veh4,veh3,10,3,0.7,696.062,8.36363,6.71262,-80.6143,9.21176,3,0.089,0.085,0.0961667
51,veh4,veh2,10,5,0.5,249.075,8.36363,12.2505,-71.6813,9.75704,5,0.089,0.11,0.0961667
51,veh4,veh1,10,7,0.3,547.38,8.36363,5.19806,-78.3247,10.5511,7,0.089,0.093,0.0961667
51,veh4,veh0,10,5,0.5,788.75,8.36363,13.4863,-79.1272,9.80029,5,0.089,0.059,0.0961667
51,veh2,veh5,10,4,0.6,574.29,12.2505,8.05454,-79.7193,17.257,4,0.11,0.141,0.0961667
51,veh2,veh3,10,4,0.6,663.021,12.2505,6.71262,-77.4721,19.5041,4,0.11,0.085,0.0961667
51,veh2,veh4,10,8,0.2,249.075,12.2505,8.36363,-76.1404,20.8358,8,0.11,0.089,0.0961667
51,veh2,veh1,10,7,0.3,513.975,12.2505,5.19806,-77.4086,19.5677,7,0.11,0.093,0.0961667
51,veh2,veh0,10,3,0.7,881.158,12.2505,13.4863,-78.9359,18.0404,3,0.11,0.059,0.0961667
51,veh1,veh5,10,0,1,1019.77,5.19806,8.05454,nan,nan,0,0.093,0.141,0.0961667
51,veh1,veh3,10,7,0.3,152.12,5.19806,6.71262,-65.3307,31.6456,7,0.093,0.085,0.0961667
51,veh1,veh4,10,2,0.8,547.38,5.19806,8.36363,-73.4741,23.5022,2,0.093,0.089,0.0961667
51,veh1,veh2,10,3,0.7,513.975,5.19806,12.2505,-77.3649,19.6114,3,0.093,0.11,0.0961667
51,veh1,veh0,10,5,0.5,458.69,5.19806,13.4863,-74.9097,22.0666,5,0.093,0.059,0.0961667
51,veh0,veh5,10,0,1,1439.51,13.4863,8.05454,nan,nan,0,0.059,0.141,0.0961667
51,veh0,veh3,10,7,0.3,413.363,13.4863,6.71262,-77.0225,12.8462,7,0.059,0.085,0.0961667
51,veh0,veh4,10,2,0.8,788.75,13.4863,8.36363,-80.4569,14.3276,2,0.059,0.089,0.0961667
51,veh0,veh2,10,0,1,881.158,13.4863,12.2505,nan,nan,0,0.059,0.11,0.0961667
51,veh0,veh1,10,5,0.5,458.69,13.4863,5.19806,-74.977,13.512,5,0.059,0.093,0.0961667
52,veh5,veh3,10,1,0.9,1141.93,10.6509,8.80809,-81.7016,15.2747,1,0.141,0.082,0.0998333
52,veh5,veh4,10,0,1,766.71,10.6509,7.69356,nan,nan,0,0.141,0.095,0.0998333
52,veh5,veh2,10,1,0.9,564.944,10.6509,8.07002,-78.39,18.5863,1,0.141,0.123,0.0998333
52,veh5,veh1,10,0,1,1021.55,10.6509,6.74773,nan,nan,0,0.141,0.091,0.0998333
52,veh5,veh0,10,0,1,1426.44,10.6509,13.428,nan,nan,0,0.141,0.067,0.0998333
52,veh3,veh5,10,2,0.8,1141.93,8.80809,10.6509,-79.9894,16.9869,2,0.082,0.141,0.0998333
52,veh3,veh4,10,2,0.8,685.984,8.80809,7.69356,-78.531,18.4452,2,0.082,0.095,0.0998333
52,veh3,veh2,10,5,0.5,663.37,8.80809,8.07002,-76.9995,19.9768,5,0.082,0.123,0.0998333
52,veh3,veh1,10,9,0.1,150.141,8.80809,6.74773,-69.4215,27.5547,9,0.082,0.091,0.0998333
52,veh3,veh0,10,8,0.2,408.387,8.80809,13.428,-77.3037,19.6726,8,0.082,0.067,0.0998333
52,veh4,veh5,10,0,1,766.71,7.69356,10.6509,nan,nan,0,0.095,0.141,0.0998333
52,veh4,veh3,10,2,0.8,685.984,7.69356,8.80809,-75.6238,7.29472,2,0.095,0.082,0.0998333
52,veh4,veh2,10,9,0.1,245.676,7.69356,8.07002,-69.6089,13.1101,9,0.095,0.123,0.0998333
52,veh4,veh1,10,7,0.3,537.031,7.69356,6.74773,-75.5897,11.4086,7,0.095,0.091,0.0998333
52,veh4,veh0,10,4,0.6,776.286,7.69356,13.428,-77.6133,14.4555,4,0.095,0.067,0.0998333
52,veh2,veh5,10,3,0.7,564.944,8.07002,10.6509,-79.6577,17.3186,3,0.123,0.141,0.0998333
52,veh2,veh3,10,5,0.5,663.37,8.07002,8.80809,-79.6586,17.3176,5,0.123,0.082,0.0998333
52,veh2,veh4,10,8,0.2,245.676,8.07002,7.69356,-74.1394,22.8369,8,0.123,0.095,0.0998333
52,veh2,veh1,10,6,0.4,519.391,8.07002,6.74773,-79.5541,17.4222,6,0.123,0.091,0.0998333
52,veh2,veh0,10,4,0.6,876.538,8.07002,13.428,-79.2887,17.6876,4,0.123,0.067,0.0998333
52,veh1,veh5,10,1,0.9,1021.55,6.74773,10.6509,-80.0305,16.9458,1,0.091,0.141,0.0998333
52,veh1,veh3,10,9,0.1,150.141,6.74773,8.80809,-67.7635,29.2128,9,0.091,0.082,0.0998333
52,veh1,veh4,10,8,0.2,537.031,6.74773,7.69356,-76.5707,20.4056,8,0.091,0.095,0.0998333
52,veh1,veh2,10,5,0.5,519.391,6.74773,8.07002,-75.6348,21.3415,5,0.091,0.123,0.0998333
52,veh1,veh0,10,5,0.5,441.989,6.74773,13.428,-77.1376,19.8387,5,0.091,0.067,0.0998333
52,veh0,veh5,10,0,1,1426.44,13.428,10.6509,nan,nan,0,0.067,0.141,0.0998333
52,veh0,veh3,10,5,0.5,408.387,13.428,8.80809,-74.9649,17.127,5,0.067,0.082,0.0998333
52,veh0,veh4,10,2,0.8,776.286,13.428,7.69356,-79.3821,9.39387,2,0.067,0.095,0.0998333
52,veh0,veh2,10,2,0.8,876.538,13.428,8.07002,-80.2755,10.1653,2,0.067,0.123,0.0998333
52,veh0,veh1,10,3,0.7,441.989,13.428,6.74773,-76.0525,18.5563,3,0.067,0.091,0.0998333
53,veh5,veh3,10,1,0.9,1137.06,10.3474,7.76009,-77.8697,19.1066,1,0.137,0.086,0.101167
53,veh5,veh4,10,0,1,758.392,10.3474,8.4917,nan,nan,0,0.137,0.096,0.101167
53,veh5,veh2,10,0,1,559.937,10.3474,3.65199,nan,nan,0,0.137,0.128,0.101167
53,veh5,veh1,10,0,1,1023.45,10.3474,6.86019,nan,nan,0,0.137,0.091,0.101167
53,veh5,veh0,10,0,1,1413.24,10.3474,13.7812,nan,nan,0,0.137,0.069,0.101167
53,veh3,veh5,10,0,1,1137.06,7.76009,10.3474,nan,nan,0,0.086,0.137,0.101167
53,veh3,veh4,10,5,0.5,675.94,7.76009,8.4917,-76.6721,20.3041,5,0.086,0.096,0.101167
53,veh3,veh2,10,6,0.4,660.479,7.76009,3.65199,-78.7778,18.1984,6,0.086,0.128,0.101167
53,veh3,veh1,10,9,0.1,149.785,7.76009,6.86019,-70.4088,26.5675,9,0.086,0.091,0.101167
53,veh3,veh0,10,5,0.5,402.281,7.76009,13.7812,-77.0501,19.9262,5,0.086,0.069,0.101167
53,veh4,veh5,10,0,1,758.392,8.4917,10.3474,nan,nan,0,0.096,0.137,0.101167
53,veh4,veh3,10,2,0.8,675.94,8.4917,7.76009,-76.8185,13.5867,2,0.096,0.086,0.101167
53,veh4,veh2,10,5,0.5,239.894,8.4917,3.65199,-72.4179,13.0265,5,0.096,0.128,0.101167
53,veh4,veh1,10,4,0.6,526.274,8.4917,6.86019,-76.6597,15.2322,4,0.096,0.091,0.101167
53,veh4,veh0,10,1,0.9,763.351,8.4917,13.7812,-77.0172,5.15981,1,0.096,0.069,0.101167
53,veh2,veh5,10,4,0.6,559.937,3.65199,10.3474,-75.4766,21.4997,4,0.128,0.137,0.101167
53,veh2,veh3,10,5,0.5,660.479,3.65199,7.76009,-77.0885,19.8878,5,0.128,0.086,0.101167
53,veh2,veh4,10,8,0.2,239.894,3.65199,8.4917,-70.1495,26.8268,8,0.128,0.096,0.101167
53,veh2,veh1,10,10,0,520.731,3.65199,6.86019,-78.1635,18.8128,10,0.128,0.091,0.101167
53,veh2,veh0,10,6,0.4,867.194,3.65199,13.7812,-79.8236,17.1527,6,0.128,0.069,0.101167
53,veh1,veh5,10,2,0.8,1023.45,6.86019,10.3474,-80.5455,16.4308,2,0.091,0.137,0.101167
53,veh1,veh3,10,8,0.2,149.785,6.86019,7.76009,-71.2014,25.7749,8,0.091,0.086,0.101167
53,veh1,veh4,10,1,0.9,526.274,6.86019,8.4917,-76.1832,20.7931,1,0.091,0.096,0.101167
53,veh1,veh2,10,6,0.4,520.731,6.86019,3.65199,-75.667,21.3093,6,0.091,0.128,0.101167
53,veh1,veh0,10,8,0.2,424.892,6.86019,13.7812,-75.6889,21.2874,8,0.091,0.069,0.101167
53,veh0,veh5,10,0,1,1413.24,13.7812,10.3474,nan,nan,0,0.069,0.137,0.101167
53,veh0,veh3,10,8,0.2,402.281,13.7812,7.76009,-74.1797,18.0835,8,0.069,0.086,0.101167
53,veh0,veh4,10,5,0.5,763.351,13.7812,8.4917,-78.0002,14.6166,5,0.069,0.096,0.101167
53,veh0,veh2,10,0,1,867.194,13.7812,3.65199,nan,nan,0,0.069,0.128,0.101167
53,veh0,veh1,10,5,0.5,424.892,13.7812,6.86019,-77.1078,16.856,5,0.069,0.091,0.101167
54,veh5,veh3,10,0,1,1132.48,9.60874,7.39608,nan,nan,0,0.142,0.096,0.1005
54,veh5,veh4,10,0,1,751.571,9.60874,8.24423,nan,nan,0,0.142,0.097,0.1005
54,veh5,veh2,10,1,0.9,557.337,9.60874,1.34703,-74.8767,22.0996,1,0.142,0.112,0.1005
54,veh5,veh1,10,3,0.7,1025.28,9.60874,7.0855,-77.9996,18.9767,3,0.142,0.087,0.1005
54,veh5,veh0,10,0,1,1399.83,9.60874,14.0918,nan,nan,0,0.142,0.069,0.1005
54,veh3,veh5,10,1,0.9,1132.48,7.39608,9.60874,-78.0909,18.8854,1,0.096,0.142,0.1005
54,veh3,veh4,10,8,0.2,665.699,7.39608,8.24423,-79.3166,17.6597,8,0.096,0.097,0.1005
54,veh3,veh2,10,6,0.4,655.763,7.39608,1.34703,-77.5768,19.3995,6,0.096,0.112,0.1005
54,veh3,veh1,10,10,0,150.635,7.39608,7.0855,-70.0609,26.9154,10,0.096,0.087,0.1005
54,veh3,veh0,10,9,0.1,395.625,7.39608,14.0918,-75.1961,21.7802,9,0.096,0.069,0.1005
54,veh4,veh5,10,0,1,751.571,8.24423,9.60874,nan,nan,0,0.097,0.142,0.1005
54,veh4,veh3,10,7,0.3,665.699,8.24423,7.39608,-78.6995,8.55036,7,0.097,0.096,0.1005
54,veh4,veh2,10,8,0.2,233.869,8.24423,1.34703,-68.9595,14.9932,8,0.097,0.112,0.1005
54,veh4,veh1,10,4,0.6,515.211,8.24423,7.0855,-78.38,9.81179,4,0.097,0.087,0.1005
54,veh4,veh0,10,4,0.6,749.391,8.24423,14.0918,-78.063,10.1635,4,0.097,0.069,0.1005
54,veh2,veh5,10,9,0.1,557.337,1.34703,9.60874,-76.4458,20.5305,9,0.112,0.142,0.1005
54,veh2,veh3,10,5,0.5,655.763,1.34703,7.39608,-80.9135,16.0628,5,0.112,0.096,0.1005
54,veh2,veh4,10,10,0,233.869,1.34703,8.24423,-71.4188,25.5575,10,0.112,0.097,0.1005
54,veh2,veh1,10,6,0.4,519.925,1.34703,7.0855,-77.0484,19.9278,6,0.112,0.087,0.1005
54,veh2,veh0,10,2,0.8,855.28,1.34703,14.0918,-77.2973,19.679,2,0.112,0.069,0.1005
54,veh1,veh5,10,1,0.9,1025.28,7.0855,9.60874,-80.9563,16.02,1,0.087,0.142,0.1005
54,veh1,veh3,10,8,0.2,150.635,7.0855,7.39608,-70.1584,26.8179,8,0.087,0.096,0.1005
54,veh1,veh4,10,4,0.6,515.211,7.0855,8.24423,-76.8147,20.1616,4,0.087,0.097,0.1005
54,veh1,veh2,10,5,0.5,519.925,7.0855,1.34703,-75.6765,21.2998,5,0.087,0.112,0.1005
54,veh1,veh0,10,7,0.3,407.403,7.0855,14.0918,-77.9985,18.9778,7,0.087,0.069,0.1005
54,veh0,veh5,10,0,1,1399.83,14.0918,9.60874,nan,nan,0,0.069,0.142,0.1005
54,veh0,veh3,10,7,0.3,395.625,14.0918,7.39608,-74.5553,17.0557,7,0.069,0.096,0.1005
54,veh0,veh4,10,2,0.8,749.391,14.0918,8.24423,-80.9819,11.6785,2,0.069,0.097,0.1005
54,veh0,veh2,10,2,0.8,855.28,14.0918,1.34703,-80.704,11.6491,2,0.069,0.112,0.1005
54,veh0,veh1,10,6,0.4,407.403,14.0918,7.0855,-75.7168,18.1532,6,0.069,0.087,0.1005
55,veh5,veh3,10,1,0.9,1125.68,5.10874,8.51332,-81.7306,15.2457,1,0.132,0.092,0.1
55,veh5,veh4,10,0,1,750.193,5.10874,7.97195,nan,nan,0,0.132,0.087,0.1
55,veh5,veh2,10,1,0.9,556.631,5.10874,0.0465623,-73.2294,23.7469,1,0.132,0.13,0.1
55,veh5,veh1,10,0,1,1026.33,5.10874,6.72952,nan,nan,0,0.132,0.097,0.1
55,veh5,veh0,10,0,1,1386.78,5.10874,13.6242,nan,nan,0,0.132,0.062,0.1
55,veh3,veh5,10,2,0.8,1125.68,8.51332,5.10874,-79.1386,17.8377,2,0.092,0.132,0.1
55,veh3,veh4,10,4,0.6,653.554,8.51332,7.97195,-76.5004,20.4759,4,0.092,0.087,0.1
55,veh3,veh2,10,8,0.2,648.91,8.51332,0.0465623,-76.7804,20.1959,8,0.092,0.13,0.1
55,veh3,veh1,10,9,0.1,151.456,8.51332,6.72952,-71.6889,25.2874,9,0.092,0.097,0.1
55,veh3,veh0,10,7,0.3,390.21,8.51332,13.6242,-76.678,20.2983,7,0.092,0.062,0.1
55,veh4,veh5,10,0,1,750.193,7.97195,5.10874,nan,nan,0,0.087,0.132,0.1
55,veh4,veh3,10,3,0.7,653.554,7.97195,8.51332,-75.8437,10.4941,3,0.087,0.092,0.1
55,veh4,veh2,10,6,0.4,230.523,7.97195,0.0465623,-69.6884,10.4773,6,0.087,0.13,0.1
55,veh4,veh1,10,6,0.4,503.286,7.97195,6.72952,-77.9572,11.9108,6,0.087,0.097,0.1
55,veh4,veh0,10,4,0.6,732.935,7.97195,13.6242,-78.0824,12.4256,4,0.087,0.062,0.1
55,veh2,veh5,10,4,0.6,556.631,0.0465623,5.10874,-76.6418,20.3345,4,0.13,0.132,0.1
55,veh2,veh3,10,5,0.5,648.91,0.0465623,8.51332,-79.045,17.9313,5,0.13,0.092,0.1
55,veh2,veh4,10,10,0,230.523,0.0465623,7.97195,-71.0738,25.9024,10,0.13,0.087,0.1
55,veh2,veh1,10,7,0.3,518.062,0.0465623,6.72952,-75.0612,21.9151,7,0.13,0.097,0.1
55,veh2,veh0,10,3,0.7,842.535,0.0465623,13.6242,-78.3764,18.5999,3,0.13,0.062,0.1
55,veh1,veh5,10,0,1,1026.33,6.72952,5.10874,nan,nan,0,0.097,0.132,0.1
55,veh1,veh3,10,9,0.1,151.456,6.72952,8.51332,-71.9384,25.0379,9,0.097,0.092,0.1
55,veh1,veh4,10,8,0.2,503.286,6.72952,7.97195,-76.5667,20.4096,8,0.097,0.087,0.1
55,veh1,veh2,10,7,0.3,518.062,6.72952,0.0465623,-76.9142,20.0621,7,0.097,0.13,0.1
55,veh1,veh0,10,9,0.1,390.6,6.72952,13.6242,-76.3974,20.5789,9,0.097,0.062,0.1
55,veh0,veh5,10,0,1,1386.78,13.6242,5.10874,nan,nan,0,0.062,0.132,0.1
55,veh0,veh3,10,4,0.6,390.21,13.6242,8.51332,-73.9536,19.6456,4,0.062,0.092,0.1
55,veh0,veh4,10,3,0.7,732.935,13.6242,7.97195,-79.2733,12.5592,3,0.062,0.087,0.1
55,veh0,veh2,10,0,1,842.535,13.6242,0.0465623,nan,nan,0,0.062,0.13,0.1
55,veh0,veh1,10,5,0.5,390.6,13.6242,6.72952,-76.5491,15.7605,5,0.062,0.097,0.1
56,veh6,veh5,10,0,1,788.32,0,2.14236,nan,nan,0,0.108,0.137,0.103143
56,veh6,veh3,10,8,0.2,353.091,0,9.95481,-75.0504,13.8068,8,0.108,0.094,0.103143
56,veh6,veh4,10,5,0.5,545.486,0,8.1217,-75.8633,10.5046,5,0.108,0.095,0.103143
56,veh6,veh2,10,8,0.2,418.176,0,0.0170454,-74.7027,9.6048,8,0.108,0.12,0.103143
56,veh6,veh1,10,10,0,329.148,0,7.34157,-72.8277,14.3323,10,0.108,0.102,0.103143
56,veh6,veh0,10,3,0.7,702.63,0,10.3794,-78.5583,10.1764,3,0.108,0.066,0.103143
56,veh5,veh6,10,0,1,788.32,2.14236,0,nan,nan,0,0.137,0.108,0.103143
56,veh5,veh3,10,2,0.8,1117.78,2.14236,9.95481,-80.4008,16.5755,2,0.137,0.094,0.103143
56,veh5,veh4,10,0,1,757.11,2.14236,8.1217,nan,nan,0,0.137,0.095,0.103143
56,veh5,veh2,10,0,1,557.698,2.14236,0.0170454,nan,nan,0,0.137,0.12,0.103143
56,veh5,veh1,10,0,1,1028.12,2.14236,7.34157,nan,nan,0,0.137,0.102,0.103143
56,veh5,veh0,10,0,1,1378.07,2.14236,10.3794,nan,nan,0,0.137,0.066,0.103143
56,veh3,veh6,10,8,0.2,353.091,9.95481,0,-75.7285,21.2478,8,0.094,0.108,0.103143
56,veh3,veh5,10,5,0.5,1117.78,9.95481,2.14236,-80.099,16.8773,5,0.094,0.137,0.103143
56,veh3,veh4,10,3,0.7,641.513,9.95481,8.1217,-79.3418,17.6345,3,0.094,0.095,0.103143
56,veh3,veh2,10,3,0.7,640.815,9.95481,0.0170454,-78.7215,18.2548,3,0.094,0.12,0.103143
56,veh3,veh1,10,10,0,153,9.95481,7.34157,-73.4867,23.4896,10,0.094,0.102,0.103143
56,veh3,veh0,10,6,0.4,388.71,9.95481,10.3794,-75.9573,21.019,6,0.094,0.066,0.103143
56,veh4,veh6,10,7,0.3,545.486,8.1217,0,-77.4564,12.9198,7,0.095,0.108,0.103143
56,veh4,veh5,10,0,1,757.11,8.1217,2.14236,nan,nan,0,0.095,0.137,0.103143
56,veh4,veh3,10,2,0.8,641.513,8.1217,9.95481,-78.1723,17.1049,2,0.095,0.094,0.103143
56,veh4,veh2,10,9,0.1,233.774,8.1217,0.0170454,-71.5314,13.0815,9,0.095,0.12,0.103143
56,veh4,veh1,10,5,0.5,491.683,8.1217,7.34157,-75.8189,15.7388,5,0.095,0.102,0.103143
56,veh4,veh0,10,5,0.5,716.552,8.1217,10.3794,-79.7777,12.146,5,0.095,0.066,0.103143
56,veh2,veh6,10,5,0.5,418.176,0.0170454,0,-73.6965,23.2798,5,0.12,0.108,0.103143
56,veh2,veh5,10,6,0.4,557.698,0.0170454,2.14236,-75.5898,21.3864,6,0.12,0.137,0.103143
56,veh2,veh3,10,4,0.6,640.815,0.0170454,9.95481,-78.2636,18.7127,4,0.12,0.094,0.103143
56,veh2,veh4,10,6,0.4,233.774,0.0170454,8.1217,-72.8267,24.1496,6,0.12,0.095,0.103143
56,veh2,veh1,10,4,0.6,516.094,0.0170454,7.34157,-77.6815,19.2948,4,0.12,0.102,0.103143
56,veh2,veh0,10,6,0.4,832.825,0.0170454,10.3794,-79.8061,17.1702,6,0.12,0.066,0.103143
56,veh1,veh6,10,6,0.4,329.148,7.34157,0,-71.1482,25.8281,6,0.102,0.108,0.103143
56,veh1,veh5,10,0,1,1028.12,7.34157,2.14236,nan,nan,0,0.102,0.137,0.103143
56,veh1,veh3,10,8,0.2,153,7.34157,9.95481,-68.4403,28.536,8,0.102,0.094,0.103143
56,veh1,veh4,10,5,0.5,491.683,7.34157,8.1217,-75.8108,21.1655,5,0.102,0.095,0.103143
56,veh1,veh2,10,5,0.5,516.094,7.34157,0.0170454,-78.6675,18.3088,5,0.102,0.12,0.103143
56,veh1,veh0,10,5,0.5,376.806,7.34157,10.3794,-76.028,20.9483,5,0.102,0.066,0.103143
56,veh0,veh6,10,2,0.8,702.63,10.3794,0,-77.1131,10.4507,2,0.066,0.108,0.103143
56,veh0,veh5,10,0,1,1378.07,10.3794,2.14236,nan,nan,0,0.066,0.137,0.103143
56,veh0,veh3,10,8,0.2,388.71,10.3794,9.95481,-74.6682,12.3935,8,0.066,0.094,0.103143
56,veh0,veh4,10,3,0.7,716.552,10.3794,8.1217,-76.1358,14.2718,3,0.066,0.095,0.103143
56,veh0,veh2,10,3,0.7,832.825,10.3794,0.0170454,-79.2555,10.6873,3,0.066,0.12,0.103143
56,veh0,veh1,10,4,0.6,376.806,10.3794,7.34157,-78.4115,11.4014,4,0.066,0.102,0.103143
57,veh6,veh5,10,0,1,789.685,1.62569,2.96846,nan,nan,0,0.107,0.13,0.101571
57,veh6,veh3,10,8,0.2,341.624,1.62569,11.8804,-71.6879,17.5865,8,0.107,0.088,0.101571
57,veh6,veh4,10,5,0.5,546.71,1.62569,7.64719,-75.0134,12.0733,5,0.107,0.102,0.101571
57,veh6,veh2,10,8,0.2,419.486,1.62569,0,-74.7166,8.14229,8,0.107,0.12,0.101571
57,veh6,veh1,10,9,0.1,334.802,1.62569,7.26415,-74.8757,13.7414,9,0.107,0.095,0.101571
57,veh6,veh0,10,6,0.4,698.667,1.62569,7.73103,-78.1095,11.5292,6,0.107,0.069,0.101571
57,veh5,veh6,10,5,0.5,789.685,2.96846,1.62569,-78.5071,18.4692,5,0.13,0.107,0.101571
57,veh5,veh3,10,2,0.8,1107.73,2.96846,11.8804,-79.3821,17.5942,2,0.13,0.088,0.101571
57,veh5,veh4,10,0,1,766.6,2.96846,7.64719,nan,nan,0,0.13,0.102,0.101571
57,veh5,veh2,10,2,0.8,559.808,2.96846,0,-74.2311,22.7452,2,0.13,0.12,0.101571
57,veh5,veh1,10,3,0.7,1030.04,2.96846,7.26415,-81.0821,15.8942,3,0.13,0.095,0.101571
57,veh5,veh0,10,1,0.9,1373.3,2.96846,7.73103,-81.8082,15.1681,1,0.13,0.069,0.101571
57,veh3,veh6,10,8,0.2,341.624,11.8804,1.62569,-71.732,25.2443,8,0.088,0.107,0.101571
57,veh3,veh5,10,2,0.8,1107.73,11.8804,2.96846,-81.7056,15.2707,2,0.088,0.13,0.101571
57,veh3,veh4,10,6,0.4,630.65,11.8804,7.64719,-78.71,18.2662,6,0.088,0.102,0.101571
57,veh3,veh2,10,5,0.5,631.204,11.8804,0,-79.4382,17.5381,5,0.088,0.12,0.101571
57,veh3,veh1,10,8,0.2,155.044,11.8804,7.26415,-68.6057,28.3706,8,0.088,0.095,0.101571
57,veh3,veh0,10,6,0.4,394.885,11.8804,7.73103,-72.6555,24.3207,6,0.088,0.069,0.101571
57,veh4,veh6,10,3,0.7,546.71,7.64719,1.62569,-76.9966,14.8107,3,0.102,0.107,0.101571
57,veh4,veh5,10,0,1,766.6,7.64719,2.96846,nan,nan,0,0.102,0.13,0.101571
57,veh4,veh3,10,6,0.4,630.65,7.64719,11.8804,-78.1493,8.95015,6,0.102,0.088,0.101571
57,veh4,veh2,10,8,0.2,239.023,7.64719,0,-71.8277,10.5699,8,0.102,0.12,0.101571
57,veh4,veh1,10,2,0.8,481.952,7.64719,7.26415,-74.4735,13.659,2,0.102,0.095,0.101571
57,veh4,veh0,10,4,0.6,702.234,7.64719,7.73103,-77.5563,11.2118,4,0.102,0.069,0.101571
57,veh2,veh6,10,7,0.3,419.486,0,1.62569,-77.0078,19.9685,7,0.12,0.107,0.101571
57,veh2,veh5,10,5,0.5,559.808,0,2.96846,-77.1368,19.8394,5,0.12,0.13,0.101571
57,veh2,veh3,10,6,0.4,631.204,0,11.8804,-77.4901,19.4862,6,0.12,0.088,0.101571
57,veh2,veh4,10,8,0.2,239.023,0,7.64719,-75.0225,21.9538,8,0.12,0.102,0.101571
57,veh2,veh1,10,5,0.5,514.226,0,7.26415,-76.6451,20.3312,5,0.12,0.095,0.101571
57,veh2,veh0,10,3,0.7,825.946,0,7.73103,-79.1193,17.857,3,0.12,0.069,0.101571
57,veh1,veh6,10,3,0.7,334.802,7.26415,1.62569,-74.3406,22.6357,3,0.095,0.107,0.101571
57,veh1,veh5,10,0,1,1030.04,7.26415,2.96846,nan,nan,0,0.095,0.13,0.101571
57,veh1,veh3,10,8,0.2,155.044,7.26415,11.8804,-70.1702,26.8061,8,0.095,0.088,0.101571
57,veh1,veh4,10,7,0.3,481.952,7.26415,7.64719,-79.112,17.8643,7,0.095,0.102,0.101571
57,veh1,veh2,10,1,0.9,514.226,7.26415,0,-74.2644,22.7119,1,0.095,0.12,0.101571
57,veh1,veh0,10,8,0.2,368.093,7.26415,7.73103,-74.7617,22.2146,8,0.095,0.069,0.101571
57,veh0,veh6,10,2,0.8,698.667,7.73103,1.62569,-77.3041,13.7399,2,0.069,0.107,0.101571
57,veh0,veh5,10,0,1,1373.3,7.73103,2.96846,nan,nan,0,0.069,0.13,0.101571
57,veh0,veh3,10,6,0.4,394.885,7.73103,11.8804,-76.6379,10.8636,6,0.069,0.088,0.101571
57,veh0,veh4,10,4,0.6,702.234,7.73103,7.64719,-79.026,12.5326,4,0.069,0.102,0.101571
57,veh0,veh2,10,2,0.8,825.946,7.73103,0,-79.6466,3.14116,2,0.069,0.12,0.101571
57,veh0,veh1,10,4,0.6,368.093,7.73103,7.26415,-75.5905,10.2985,4,0.069,0.095,0.101571
58,veh6,veh5,10,0,1,788.303,4.09862,5.43145,nan,nan,0,0.109,0.14,0.103143
58,veh6,veh3,10,7,0.3,331.414,4.09862,11.2897,-75.3266,8.66739,7,0.109,0.085,0.103143
58,veh6,veh4,10,6,0.4,549.937,4.09862,8.20717,-77.9173,6.76814,6,0.109,0.096,0.103143
58,veh6,veh2,10,7,0.3,422.798,4.09862,0,-75.1923,7.31261,7,0.109,0.118,0.103143
58,veh6,veh1,10,6,0.4,342.304,4.09862,7.3307,-77.2917,9.42046,6,0.109,0.108,0.103143
58,veh6,veh0,10,3,0.7,701.123,4.09862,8.70976,-77.7432,10.2411,3,0.109,0.066,0.103143
58,veh5,veh6,10,1,0.9,788.303,5.43145,4.09862,-79.3876,17.5886,1,0.14,0.109,0.103143
58,veh5,veh3,10,0,1,1095.36,5.43145,11.2897,nan,nan,0,0.14,0.085,0.103143
58,veh5,veh4,10,0,1,775.726,5.43145,8.20717,nan,nan,0,0.14,0.096,0.103143
58,veh5,veh2,10,0,1,560.509,5.43145,0,nan,nan,0,0.14,0.118,0.103143
58,veh5,veh1,10,0,1,1029.65,5.43145,7.3307,nan,nan,0,0.14,0.108,0.103143
58,veh5,veh0,10,1,0.9,1369.64,5.43145,8.70976,-79.2469,17.7293,1,0.14,0.066,0.103143
58,veh3,veh6,10,8,0.2,331.414,11.2897,4.09862,-74.8094,22.1669,8,0.085,0.109,0.103143
58,veh3,veh5,10,2,0.8,1095.36,11.2897,5.43145,-78.4254,18.5509,2,0.085,0.14,0.103143
58,veh3,veh4,10,2,0.8,619.605,11.2897,8.20717,-79.7529,17.2234,2,0.085,0.096,0.103143
58,veh3,veh2,10,4,0.6,622.035,11.2897,0,-79.152,17.8243,4,0.085,0.118,0.103143
58,veh3,veh1,10,10,0,158.517,11.2897,7.3307,-71.3751,25.6012,10,0.085,0.108,0.103143
58,veh3,veh0,10,9,0.1,406.138,11.2897,8.70976,-75.0691,21.9072,9,0.085,0.066,0.103143
58,veh4,veh6,10,2,0.8,549.937,8.20717,4.09862,-73.3287,11.5048,2,0.096,0.109,0.103143
58,veh4,veh5,10,0,1,775.726,8.20717,5.43145,nan,nan,0,0.096,0.14,0.103143
58,veh4,veh3,10,5,0.5,619.605,8.20717,11.2897,-79.3241,8.06594,5,0.096,0.085,0.103143
58,veh4,veh2,10,7,0.3,244.426,8.20717,0,-68.3369,12.6622,7,0.096,0.118,0.103143
58,veh4,veh1,10,8,0.2,471.416,8.20717,7.3307,-75.5938,10.8653,8,0.096,0.108,0.103143
58,veh4,veh0,10,3,0.7,688.214,8.20717,8.70976,-79.2079,9.42809,3,0.096,0.066,0.103143
58,veh2,veh6,10,9,0.1,422.798,0,4.09862,-74.9437,22.0325,9,0.118,0.109,0.103143
58,veh2,veh5,10,6,0.4,560.509,0,5.43145,-76.8835,20.0927,6,0.118,0.14,0.103143
58,veh2,veh3,10,5,0.5,622.035,0,11.2897,-78.2162,18.76,5,0.118,0.085,0.103143
58,veh2,veh4,10,8,0.2,244.426,0,8.20717,-72.5568,24.4195,8,0.118,0.096,0.103143
58,veh2,veh1,10,4,0.6,512.438,0,7.3307,-77.2509,19.7254,4,0.118,0.108,0.103143
58,veh2,veh0,10,7,0.3,821.615,0,8.70976,-79.5019,17.4744,7,0.118,0.066,0.103143
58,veh1,veh6,10,8,0.2,342.304,7.3307,4.09862,-75.072,21.9043,8,0.108,0.109,0.103143
58,veh1,veh5,10,2,0.8,1029.65,7.3307,5.43145,-77.545,19.4312,2,0.108,0.14,0.103143
58,veh1,veh3,10,9,0.1,158.517,7.3307,11.2897,-68.981,27.9953,9,0.108,0.085,0.103143
58,veh1,veh4,10,3,0.7,471.416,7.3307,8.20717,-78.5023,18.474,3,0.108,0.096,0.103143
58,veh1,veh2,10,6,0.4,512.438,7.3307,0,-78.7144,18.2619,6,0.108,0.118,0.103143
58,veh1,veh0,10,3,0.7,363.869,7.3307,8.70976,-76.3244,20.6519,3,0.108,0.066,0.103143
58,veh0,veh6,10,4,0.6,701.123,8.70976,4.09862,-77.9035,12.1461,4,0.066,0.109,0.103143
58,veh0,veh5,10,0,1,1369.64,8.70976,5.43145,nan,nan,0,0.066,0.14,0.103143
58,veh0,veh3,10,6,0.4,406.138,8.70976,11.2897,-74.9294,15.3306,6,0.066,0.085,0.103143
58,veh0,veh4,10,2,0.8,688.214,8.70976,8.20717,-76.7348,11.1778,2,0.066,0.096,0.103143
58,veh0,veh2,10,2,0.8,821.615,8.70976,0,-80.0668,16.9095,2,0.066,0.118,0.103143
58,veh0,veh1,10,6,0.4,363.869,8.70976,7.3307,-73.0466,13.4922,6,0.066,0.108,0.103143
59,veh6,veh5,10,0,1,786.524,5.69744,7.15791,nan,nan,0,0.118,0.147,0.103286
59,veh6,veh3,10,4,0.6,319.544,5.69744,13.5052,-73.2148,18.3259,4,0.118,0.093,0.103286
59,veh6,veh4,10,5,0.5,554.603,5.69744,7.60258,-78.191,8.49354,5,0.118,0.095,0.103286
59,veh6,veh2,10,5,0.5,427.426,5.69744,0,-74.5059,11.5667,5,0.118,0.118,0.103286
59,veh6,veh1,10,6,0.4,350.637,5.69744,6.60895,-75.1495,10.1443,6,0.118,0.089,0.103286
59,veh6,veh0,10,5,0.5,705.668,5.69744,7.75675,-77.486,11.6993,5,0.118,0.063,0.103286
59,veh5,veh6,10,2,0.8,786.524,7.15791,5.69744,-80.0453,16.931,2,0.147,0.118,0.103286
59,veh5,veh3,10,1,0.9,1080.27,7.15791,13.5052,-79.809,17.1673,1,0.147,0.093,0.103286
59,veh5,veh4,10,0,1,784.683,7.15791,7.60258,nan,nan,0,0.147,0.095,0.103286
59,veh5,veh2,10,1,0.9,561.495,7.15791,0,-74.935,22.0413,1,0.147,0.118,0.103286
59,veh5,veh1,10,0,1,1029.13,7.15791,6.60895,nan,nan,0,0.147,0.089,0.103286
59,veh5,veh0,10,0,1,1367.33,7.15791,7.75675,nan,nan,0,0.147,0.063,0.103286
59,veh3,veh6,10,9,0.1,319.544,13.5052,5.69744,-73.5734,23.4029,9,0.093,0.118,0.103286
59,veh3,veh5,10,3,0.7,1080.27,13.5052,7.15791,-79.829,17.1473,3,0.093,0.147,0.103286
59,veh3,veh4,10,2,0.8,607.644,13.5052,7.60258,-79.261,17.7153,2,0.093,0.095,0.103286
59,veh3,veh2,10,9,0.1,610.933,13.5052,0,-77.2744,19.7019,9,0.093,0.118,0.103286
59,veh3,veh1,10,9,0.1,161.848,13.5052,6.60895,-69.664,27.3123,9,0.093,0.089,0.103286
59,veh3,veh0,10,5,0.5,419.491,13.5052,7.75675,-77.7894,19.1869,5,0.093,0.063,0.103286
59,veh4,veh6,10,2,0.8,554.603,7.60258,5.69744,-75.0101,14.0927,2,0.095,0.118,0.103286
59,veh4,veh5,10,0,1,784.683,7.60258,7.15791,nan,nan,0,0.095,0.147,0.103286
59,veh4,veh3,10,5,0.5,607.644,7.60258,13.5052,-77.5669,8.07749,5,0.095,0.093,0.103286
59,veh4,veh2,10,6,0.4,249.327,7.60258,0,-74.5891,9.4827,6,0.095,0.118,0.103286
59,veh4,veh1,10,6,0.4,461.541,7.60258,6.60895,-76.2234,7.6842,6,0.095,0.089,0.103286
59,veh4,veh0,10,3,0.7,676.069,7.60258,7.75675,-77.3491,7.75993,3,0.095,0.063,0.103286
59,veh2,veh6,10,6,0.4,427.426,0,5.69744,-76.413,20.5633,6,0.118,0.118,0.103286
59,veh2,veh5,10,4,0.6,561.495,0,7.15791,-77.515,19.4613,4,0.118,0.147,0.103286
59,veh2,veh3,10,5,0.5,610.933,0,13.5052,-77.076,19.9002,5,0.118,0.093,0.103286
59,veh2,veh4,10,8,0.2,249.327,0,7.60258,-73.0073,23.969,8,0.118,0.095,0.103286
59,veh2,veh1,10,8,0.2,510.91,0,6.60895,-78.8124,18.1639,8,0.118,0.089,0.103286
59,veh2,veh0,10,4,0.6,818.669,0,7.75675,-79.8824,17.0939,4,0.118,0.063,0.103286
59,veh1,veh6,10,5,0.5,350.637,6.60895,5.69744,-76.3553,20.621,5,0.089,0.118,0.103286
59,veh1,veh5,10,0,1,1029.13,6.60895,7.15791,nan,nan,0,0.089,0.147,0.103286
59,veh1,veh3,10,8,0.2,161.848,6.60895,13.5052,-70.3645,26.6118,8,0.089,0.093,0.103286
59,veh1,veh4,10,3,0.7,461.541,6.60895,7.60258,-75.8577,21.1185,3,0.089,0.095,0.103286
59,veh1,veh2,10,2,0.8,510.91,6.60895,0,-75.2529,21.7234,2,0.089,0.118,0.103286
59,veh1,veh0,10,6,0.4,361.049,6.60895,7.75675,-73.175,23.8013,6,0.089,0.063,0.103286
59,veh0,veh6,10,3,0.7,705.668,7.75675,5.69744,-80.0786,14.4675,3,0.063,0.118,0.103286
59,veh0,veh5,10,1,0.9,1367.33,7.75675,7.15791,-80.7998,16.1765,1,0.063,0.147,0.103286
59,veh0,veh3,10,5,0.5,419.491,7.75675,13.5052,-74.3883,20.2056,5,0.063,0.093,0.103286
59,veh0,veh4,10,7,0.3,676.069,7.75675,7.60258,-77.8383,11.485,7,0.063,0.095,0.103286
59,veh0,veh2,10,0,1,818.669,7.75675,0,nan,nan,0,0.063,0.118,0.103286
59,veh0,veh1,10,5,0.5,361.049,7.75675,6.60895,-73.0019,17.4799,5,0.063,0.089,0.103286
60,veh6,veh5,10,0,1,784.514,8.26583,8.95051,nan,nan,0,0.122,0.144,0.104429
60,veh6,veh3,10,8,0.2,307.19,8.26583,14.9531,-73.3736,14.8435,8,0.122,0.094,0.104429
60,veh6,veh4,10,6,0.4,561.74,8.26583,8.26954,-78.2466,12.6389,6,0.122,0.107,0.104429
60,veh6,veh2,10,5,0.5,434.184,8.26583,0,-75.9948,11.3454,5,0.122,0.108,0.104429
60,veh6,veh1,10,7,0.3,361.488,8.26583,7.25613,-74.6662,14.0716,7,0.122,0.081,0.104429
60,veh6,veh0,10,4,0.6,712.008,8.26583,7.99102,-77.731,13.5007,4,0.122,0.075,0.104429
60,veh5,veh6,10,3,0.7,784.514,8.95051,8.26583,-79.0776,17.8987,3,0.144,0.122,0.104429
60,veh5,veh3,10,0,1,1063.31,8.95051,14.9531,nan,nan,0,0.144,0.094,0.104429
60,veh5,veh4,10,0,1,794.745,8.95051,8.26954,nan,nan,0,0.144,0.107,0.104429
60,veh5,veh2,10,1,0.9,562.854,8.95051,0,-81.4668,15.5095,1,0.144,0.108,0.104429
60,veh5,veh1,10,1,0.9,1028.64,8.95051,7.25613,-81.456,15.5203,1,0.144,0.081,0.104429
60,veh5,veh0,10,1,0.9,1365.08,8.95051,7.99102,-77.3021,19.6742,1,0.144,0.075,0.104429
60,veh3,veh6,10,9,0.1,307.19,14.9531,8.26583,-73.6241,23.3521,9,0.094,0.122,0.104429
60,veh3,veh5,10,2,0.8,1063.31,14.9531,8.95051,-77.6863,19.29,2,0.094,0.144,0.104429
60,veh3,veh4,10,1,0.9,594.968,14.9531,8.26954,-80.766,16.2103,1,0.094,0.107,0.104429
60,veh3,veh2,10,5,0.5,598.753,14.9531,0,-77.3173,19.659,5,0.094,0.108,0.104429
60,veh3,veh1,10,10,0,167.173,14.9531,7.25613,-69.8101,27.1662,10,0.094,0.081,0.104429
60,veh3,veh0,10,5,0.5,434.015,14.9531,7.99102,-75.0546,21.9217,5,0.094,0.075,0.104429
60,veh4,veh6,10,2,0.8,561.74,8.26954,8.26583,-77.7032,7.41137,2,0.107,0.122,0.104429
60,veh4,veh5,10,0,1,794.745,8.26954,8.95051,nan,nan,0,0.107,0.144,0.104429
60,veh4,veh3,10,5,0.5,594.968,8.26954,14.9531,-76.2799,10.7407,5,0.107,0.094,0.104429
60,veh4,veh2,10,8,0.2,254.711,8.26954,0,-75.4367,12.3598,8,0.107,0.108,0.104429
60,veh4,veh1,10,4,0.6,450.665,8.26954,7.25613,-78.219,8.46884,4,0.107,0.081,0.104429
60,veh4,veh0,10,3,0.7,663.111,8.26954,7.99102,-79.742,8.74307,3,0.107,0.075,0.104429
60,veh2,veh6,10,9,0.1,434.184,0,8.26583,-77.4893,19.487,9,0.108,0.122,0.104429
60,veh2,veh5,10,7,0.3,562.854,0,8.95051,-78.0448,18.9315,7,0.108,0.144,0.104429
60,veh2,veh3,10,5,0.5,598.753,0,14.9531,-78.5297,18.4466,5,0.108,0.094,0.104429
60,veh2,veh4,10,6,0.4,254.711,0,8.26954,-72.8181,24.1582,6,0.108,0.107,0.104429
60,veh2,veh1,10,5,0.5,509.326,0,7.25613,-78.0988,18.8775,5,0.108,0.081,0.104429
60,veh2,veh0,10,7,0.3,815.678,0,7.99102,-78.3693,18.607,7,0.108,0.075,0.104429
60,veh1,veh6,10,4,0.6,361.488,7.25613,8.26583,-74.2617,22.7146,4,0.081,0.122,0.104429
60,veh1,veh5,10,1,0.9,1028.64,7.25613,8.95051,-77.2972,19.6791,1,0.081,0.144,0.104429
60,veh1,veh3,10,8,0.2,167.173,7.25613,14.9531,-68.8642,28.1121,8,0.081,0.094,0.104429
60,veh1,veh4,10,4,0.6,450.665,7.25613,8.26954,-76.2789,20.6974,4,0.081,0.107,0.104429
60,veh1,veh2,10,4,0.6,509.326,7.25613,0,-75.4302,21.5461,4,0.081,0.108,0.104429
60,veh1,veh0,10,8,0.2,357.919,7.25613,7.99102,-75.3986,21.5777,8,0.081,0.075,0.104429
60,veh0,veh6,10,5,0.5,712.008,7.99102,8.26583,-78.8124,18.1639,5,0.075,0.122,0.104429
60,veh0,veh5,10,0,1,1365.08,7.99102,8.95051,nan,nan,0,0.075,0.144,0.104429
60,veh0,veh3,10,5,0.5,434.015,7.99102,14.9531,-75.3744,15.7676,5,0.075,0.094,0.104429
60,veh0,veh4,10,3,0.7,663.111,7.99102,8.26954,-78.6747,18.3016,3,0.075,0.107,0.104429
60,veh0,veh2,10,1,0.9,815.678,7.99102,0,-79.3201,17.6562,1,0.075,0.108,0.104429
60,veh0,veh1,10,7,0.3,357.919,7.99102,7.25613,-75.5661,16.2514,7,0.075,0.081,0.104429
61,veh6,veh5,10,0,1,781.618,3.81717,10.6294,nan,nan,0,0.112,0.137,0.103286
61,veh6,veh3,10,8,0.2,293.05,3.81717,14.9623,-75.2485,14.1563,8,0.112,0.103,0.103286
61,veh6,veh4,10,4,0.6,564.358,3.81717,8.39728,-76.1911,11.8386,4,0.112,0.095,0.103286
61,veh6,veh2,10,4,0.6,437.509,3.81717,0,-76.0666,9.65423,4,0.112,0.106,0.103286
61,veh6,veh1,10,6,0.4,369.014,3.81717,7.44812,-75.938,11.2807,6,0.112,0.101,0.103286
61,veh6,veh0,10,4,0.6,715.205,3.81717,7.77212,-79.2261,11.6979,4,0.112,0.069,0.103286
61,veh5,veh6,10,1,0.9,781.618,10.6294,3.81717,-81.9926,14.9837,1,0.137,0.112,0.103286
61,veh5,veh3,10,1,0.9,1045.98,10.6294,14.9623,-80.4862,16.4901,1,0.137,0.103,0.103286
61,veh5,veh4,10,0,1,805.451,10.6294,8.39728,nan,nan,0,0.137,0.095,0.103286
61,veh5,veh2,10,2,0.8,564.703,10.6294,0,-75.85,21.1262,2,0.137,0.106,0.103286
61,veh5,veh1,10,1,0.9,1028.33,10.6294,7.44812,-79.5021,17.4742,1,0.137,0.101,0.103286
61,veh5,veh0,10,0,1,1363.1,10.6294,7.77212,nan,nan,0,0.137,0.069,0.103286
61,veh3,veh6,10,8,0.2,293.05,14.9623,3.81717,-73.361,23.6153,8,0.103,0.112,0.103286
61,veh3,veh5,10,3,0.7,1045.98,14.9623,10.6294,-81.6706,15.3057,3,0.103,0.137,0.103286
61,veh3,veh4,10,5,0.5,582.642,14.9623,8.39728,-76.5148,20.4615,5,0.103,0.095,0.103286
61,veh3,veh2,10,7,0.3,586.644,14.9623,0,-75.9943,20.982,7,0.103,0.106,0.103286
61,veh3,veh1,10,9,0.1,174.224,14.9623,7.44812,-70.8058,26.1705,9,0.103,0.101,0.103286
61,veh3,veh0,10,9,0.1,448.364,14.9623,7.77212,-76.021,20.9552,9,0.103,0.069,0.103286
61,veh4,veh6,10,3,0.7,564.358,8.39728,3.81717,-78.5114,8.68659,3,0.095,0.112,0.103286
61,veh4,veh5,10,0,1,805.451,8.39728,10.6294,nan,nan,0,0.095,0.137,0.103286
61,veh4,veh3,10,5,0.5,582.642,8.39728,14.9623,-76.847,9.34033,5,0.095,0.103,0.103286
61,veh4,veh2,10,7,0.3,260.205,8.39728,0,-73.0553,11.4148,7,0.095,0.106,0.103286
61,veh4,veh1,10,6,0.4,439.449,8.39728,7.44812,-77.5166,8.2017,6,0.095,0.101,0.103286
61,veh4,veh0,10,6,0.4,650.112,8.39728,7.77212,-77.4959,11.6777,6,0.095,0.069,0.103286
61,veh2,veh6,10,7,0.3,437.509,0,3.81717,-76.549,20.4273,7,0.106,0.112,0.103286
61,veh2,veh5,10,3,0.7,564.703,0,10.6294,-78.564,18.4123,3,0.106,0.137,0.103286
61,veh2,veh3,10,6,0.4,586.644,0,14.9623,-77.5501,19.4262,6,0.106,0.103,0.103286
61,veh2,veh4,10,9,0.1,260.205,0,8.39728,-73.3392,23.6371,9,0.106,0.095,0.103286
61,veh2,veh1,10,8,0.2,507.802,0,7.44812,-75.6078,21.3685,8,0.106,0.101,0.103286
61,veh2,veh0,10,4,0.6,812.786,0,7.77212,-77.675,19.3013,4,0.106,0.069,0.103286
61,veh1,veh6,10,7,0.3,369.014,7.44812,3.81717,-75.7911,21.1852,7,0.101,0.112,0.103286
61,veh1,veh5,10,1,0.9,1028.33,7.44812,10.6294,-80.9872,15.9891,1,0.101,0.137,0.103286
61,veh1,veh3,10,10,0,174.224,7.44812,14.9623,-70.1116,26.8646,10,0.101,0.103,0.103286
61,veh1,veh4,10,7,0.3,439.449,7.44812,8.39728,-75.7193,21.257,7,0.101,0.095,0.103286
61,veh1,veh2,10,4,0.6,507.802,7.44812,0,-74.1159,22.8604,4,0.101,0.106,0.103286
61,veh1,veh0,10,8,0.2,354.647,7.44812,7.77212,-72.9042,24.0721,8,0.101,0.069,0.103286
61,veh0,veh6,10,3,0.7,715.205,7.77212,3.81717,-78.2235,13.1071,3,0.069,0.112,0.103286
61,veh0,veh5,10,1,0.9,1363.1,7.77212,10.6294,-81.8305,15.1458,1,0.069,0.137,0.103286
61,veh0,veh3,10,3,0.7,448.364,7.77212,14.9623,-73.8687,18.4509,3,0.069,0.103,0.103286
61,veh0,veh4,10,1,0.9,650.112,7.77212,8.39728,-75.2651,21.7111,1,0.069,0.095,0.103286
61,veh0,veh2,10,1,0.9,812.786,7.77212,0,-81.1223,3.09567,1,0.069,0.106,0.103286
61,veh0,veh1,10,6,0.4,354.647,7.77212,7.44812,-77.3748,13.0576,6,0.069,0.101,0.103286
62,veh6,veh5,10,1,0.9,779.895,3.30478,10.6932,-79.5925,17.3837,1,0.119,0.139,0.105429
62,veh6,veh3,10,6,0.4,277.23,3.30478,13.8773,-72.1351,12.9637,6,0.119,0.091,0.105429
62,veh6,veh4,10,1,0.9,563.123,3.30478,7.43996,-71.1684,16.6106,1,0.119,0.1,0.105429
62,veh6,veh2,10,8,0.2,438.399,3.30478,0,-75.9796,10.8253,8,0.119,0.122,0.105429
62,veh6,veh1,10,10,0,371.676,3.30478,6.57501,-75.7746,11.9362,10,0.119,0.104,0.105429
62,veh6,veh0,10,4,0.6,714.524,3.30478,8.18901,-78.9974,9.88142,4,0.119,0.063,0.105429
62,veh5,veh6,10,0,1,779.895,10.6932,3.30478,nan,nan,0,0.139,0.119,0.105429
62,veh5,veh3,10,2,0.8,1029.56,10.6932,13.8773,-79.9441,17.0322,2,0.139,0.091,0.105429
62,veh5,veh4,10,0,1,815.377,10.6932,7.43996,nan,nan,0,0.139,0.1,0.105429
62,veh5,veh2,10,0,1,566.797,10.6932,0,nan,nan,0,0.139,0.122,0.105429
62,veh5,veh1,10,0,1,1028.26,10.6932,6.57501,nan,nan,0,0.139,0.104,0.105429
62,veh5,veh0,10,0,1,1361.3,10.6932,8.18901,nan,nan,0,0.139,0.063,0.105429
62,veh3,veh6,10,9,0.1,277.23,13.8773,3.30478,-73.325,23.6513,9,0.091,0.119,0.105429
62,veh3,veh5,10,2,0.8,1029.56,13.8773,10.6932,-79.3844,17.5919,2,0.091,0.139,0.105429
62,veh3,veh4,10,8,0.2,570.661,13.8773,7.43996,-77.3323,19.644,8,0.091,0.1,0.105429
62,veh3,veh2,10,6,0.4,574.723,13.8773,0,-78.0931,18.8832,6,0.091,0.122,0.105429
62,veh3,veh1,10,9,0.1,180.271,13.8773,6.57501,-72.0523,24.924,9,0.091,0.104,0.105429
62,veh3,veh0,10,6,0.4,461.055,13.8773,8.18901,-76.2799,20.6964,6,0.091,0.063,0.105429
62,veh4,veh6,10,4,0.6,563.123,7.43996,3.30478,-75.5538,7.25059,4,0.1,0.119,0.105429
62,veh4,veh5,10,0,1,815.377,7.43996,10.6932,nan,nan,0,0.1,0.139,0.105429
62,veh4,veh3,10,2,0.8,570.661,7.43996,13.8773,-73.4078,12.1412,2,0.1,0.091,0.105429
62,veh4,veh2,10,7,0.3,265.121,7.43996,0,-72.9375,11.5103,7,0.1,0.122,0.105429
62,veh4,veh1,10,5,0.5,429.454,7.43996,6.57501,-75.7892,10.1703,5,0.1,0.104,0.105429
62,veh4,veh0,10,5,0.5,637.812,7.43996,8.18901,-78.149,9.59745,5,0.1,0.063,0.105429
62,veh2,veh6,10,8,0.2,438.399,0,3.30478,-73.8174,23.1589,8,0.122,0.119,0.105429
62,veh2,veh5,10,4,0.6,566.797,0,10.6932,-77.3959,19.5804,4,0.122,0.139,0.105429
62,veh2,veh3,10,7,0.3,574.723,0,13.8773,-77.1081,19.8682,7,0.122,0.091,0.105429
62,veh2,veh4,10,8,0.2,265.121,0,7.43996,-74.3981,22.5782,8,0.122,0.1,0.105429
62,veh2,veh1,10,5,0.5,506.544,0,6.57501,-77.5022,19.4741,5,0.122,0.104,0.105429
62,veh2,veh0,10,6,0.4,809.808,0,8.18901,-79.1281,17.8482,6,0.122,0.063,0.105429
62,veh1,veh6,10,7,0.3,371.676,6.57501,3.30478,-73.2217,23.7546,7,0.104,0.119,0.105429
62,veh1,veh5,10,0,1,1028.26,6.57501,10.6932,nan,nan,0,0.104,0.139,0.105429
62,veh1,veh3,10,8,0.2,180.271,6.57501,13.8773,-70.2112,26.7651,8,0.104,0.091,0.105429
62,veh1,veh4,10,6,0.4,429.454,6.57501,7.43996,-73.8754,23.1009,6,0.104,0.1,0.105429
62,veh1,veh2,10,4,0.6,506.544,6.57501,0,-79.1012,17.8751,4,0.104,0.122,0.105429
62,veh1,veh0,10,8,0.2,351.812,6.57501,8.18901,-78.8125,18.1637,8,0.104,0.063,0.105429
62,veh0,veh6,10,3,0.7,714.524,8.18901,3.30478,-77.7961,15.6755,3,0.063,0.119,0.105429
62,veh0,veh5,10,0,1,1361.3,8.18901,10.6932,nan,nan,0,0.063,0.139,0.105429
62,veh0,veh3,10,7,0.3,461.055,8.18901,13.8773,-76.5357,12.6994,7,0.063,0.091,0.105429
62,veh0,veh4,10,3,0.7,637.812,8.18901,7.43996,-77.9981,13.4527,3,0.063,0.1,0.105429
62,veh0,veh2,10,1,0.9,809.808,8.18901,0,-80.7712,13.2524,1,0.063,0.122,0.105429
62,veh0,veh1,10,6,0.4,351.812,8.18901,6.57501,-76.6913,14.4959,6,0.063,0.104,0.105429
63,veh6,veh5,10,0,1,775.591,3.23215,11.0261,nan,nan,0,0.111,0.147,0.109571
63,veh6,veh3,10,5,0.5,262.535,3.23215,14.3013,-71.435,17.0568,5,0.111,0.098,0.109571
63,veh6,veh4,10,6,0.4,558.894,3.23215,8.53103,-77.2007,9.76164,6,0.111,0.103,0.109571
63,veh6,veh2,10,2,0.8,435.903,3.23215,0,-79.2608,8.8533,2,0.111,0.132,0.109571
63,veh6,veh1,10,9,0.1,374.816,3.23215,7.69578,-74.4971,14.1072,9,0.111,0.1,0.109571
63,veh6,veh0,10,3,0.7,714.156,3.23215,8.71408,-78.4632,12.9051,3,0.111,0.076,0.109571
63,veh5,veh6,10,3,0.7,775.591,11.0261,3.23215,-78.1947,18.7815,3,0.147,0.111,0.109571
63,veh5,veh3,10,0,1,1012.66,11.0261,14.3013,nan,nan,0,0.147,0.098,0.109571
63,veh5,veh4,10,0,1,826.345,11.0261,8.53103,nan,nan,0,0.147,0.103,0.109571
63,veh5,veh2,10,1,0.9,569.16,11.0261,0,-73.5867,23.3896,1,0.147,0.132,0.109571
63,veh5,veh1,10,0,1,1028.61,11.0261,7.69578,nan,nan,0,0.147,0.1,0.109571
63,veh5,veh0,10,0,1,1359.65,11.0261,8.71408,nan,nan,0,0.147,0.076,0.109571
63,veh3,veh6,10,9,0.1,262.535,14.3013,3.23215,-73.755,23.2213,9,0.098,0.111,0.109571
63,veh3,veh5,10,2,0.8,1012.66,14.3013,11.0261,-79.0596,17.9167,2,0.098,0.147,0.109571
63,veh3,veh4,10,8,0.2,557.577,14.3013,8.53103,-78.0601,18.9162,8,0.098,0.103,0.109571
63,veh3,veh2,10,7,0.3,562.07,14.3013,0,-77.9875,18.9888,7,0.098,0.132,0.109571
63,veh3,veh1,10,9,0.1,187.682,14.3013,7.69578,-71.7336,25.2427,9,0.098,0.1,0.109571
63,veh3,veh0,10,6,0.4,473.593,14.3013,8.71408,-76.3062,20.6701,6,0.098,0.076,0.109571
63,veh4,veh6,10,3,0.7,558.894,8.53103,3.23215,-76.6563,10.0172,3,0.103,0.111,0.109571
63,veh4,veh5,10,0,1,826.345,8.53103,11.0261,nan,nan,0,0.103,0.147,0.109571
63,veh4,veh3,10,7,0.3,557.577,8.53103,14.3013,-77.7251,11.5246,7,0.103,0.098,0.109571
63,veh4,veh2,10,6,0.4,270.833,8.53103,0,-71.5355,12.5918,6,0.103,0.132,0.109571
63,veh4,veh1,10,6,0.4,417.834,8.53103,7.69578,-77.4304,10.981,6,0.103,0.1,0.109571
63,veh4,veh0,10,3,0.7,624.155,8.53103,8.71408,-80.1153,8.11905,3,0.103,0.076,0.109571
63,veh2,veh6,10,5,0.5,435.903,0,3.23215,-77.7959,19.1804,5,0.132,0.111,0.109571
63,veh2,veh5,10,5,0.5,569.16,0,11.0261,-78.8012,18.1751,5,0.132,0.147,0.109571
63,veh2,veh3,10,4,0.6,562.07,0,14.3013,-77.1671,19.8091,4,0.132,0.098,0.109571
63,veh2,veh4,10,9,0.1,270.833,0,8.53103,-74.301,22.6753,9,0.132,0.103,0.109571
63,veh2,veh1,10,8,0.2,505.177,0,7.69578,-75.8697,21.1066,8,0.132,0.1,0.109571
63,veh2,veh0,10,3,0.7,806.718,0,8.71408,-79.4899,17.4864,3,0.132,0.076,0.109571
63,veh1,veh6,10,4,0.6,374.816,7.69578,3.23215,-77.4707,19.5055,4,0.1,0.111,0.109571
63,veh1,veh5,10,3,0.7,1028.61,7.69578,11.0261,-80.4246,16.5517,3,0.1,0.147,0.109571
63,veh1,veh3,10,8,0.2,187.682,7.69578,14.3013,-69.4353,27.5409,8,0.1,0.098,0.109571
63,veh1,veh4,10,6,0.4,417.834,7.69578,8.53103,-76.3771,20.5992,6,0.1,0.103,0.109571
63,veh1,veh2,10,4,0.6,505.177,7.69578,0,-78.2068,18.7694,4,0.1,0.132,0.109571
63,veh1,veh0,10,9,0.1,348.473,7.69578,8.71408,-71.7075,25.2688,9,0.1,0.076,0.109571
63,veh0,veh6,10,4,0.6,714.156,8.71408,3.23215,-77.8392,4.97008,4,0.076,0.111,0.109571
63,veh0,veh5,10,0,1,1359.65,8.71408,11.0261,nan,nan,0,0.076,0.147,0.109571
63,veh0,veh3,10,9,0.1,473.593,8.71408,14.3013,-76.9888,12.7275,9,0.076,0.098,0.109571
63,veh0,veh4,10,3,0.7,624.155,8.71408,8.53103,-76.48,13.317,3,0.076,0.103,0.109571
63,veh0,veh2,10,2,0.8,806.718,8.71408,0,-77.7599,9.75925,2,0.076,0.132,0.109571
63,veh0,veh1,10,8,0.2,348.473,8.71408,7.69578,-74.8277,14.8276,8,0.076,0.1,0.109571
64,veh6,veh5,10,0,1,771.284,5.57172,10.4829,nan,nan,0,0.118,0.15,0.108857
64,veh6,veh3,10,7,0.3,247.079,5.57172,14.3896,-72.2913,16.4826,7,0.118,0.106,0.108857
64,veh6,veh4,10,5,0.5,552.501,5.57172,7.39861,-78.5573,8.44773,5,0.118,0.099,0.108857
64,veh6,veh2,10,5,0.5,431.362,5.57172,0,-73.6138,7.02588,5,0.118,0.121,0.108857
64,veh6,veh1,10,7,0.3,376.081,5.57172,7.39661,-74.8597,12.9336,7,0.118,0.094,0.108857
64,veh6,veh0,10,2,0.8,712.201,5.57172,7.61166,-78.1832,13.0215,2,0.118,0.074,0.108857
64,veh5,veh6,10,0,1,771.284,10.4829,5.57172,nan,nan,0,0.15,0.118,0.108857
64,veh5,veh3,10,1,0.9,995.945,10.4829,14.3896,-81.0931,15.8832,1,0.15,0.106,0.108857
64,veh5,veh4,10,0,1,836.134,10.4829,7.39861,nan,nan,0,0.15,0.099,0.108857
64,veh5,veh2,10,0,1,571.542,10.4829,0,nan,nan,0,0.15,0.121,0.108857
64,veh5,veh1,10,1,0.9,1029.28,10.4829,7.39661,-79.5359,17.4404,1,0.15,0.094,0.108857
64,veh5,veh0,10,0,1,1358.47,10.4829,7.61166,nan,nan,0,0.15,0.074,0.108857
64,veh3,veh6,10,9,0.1,247.079,14.3896,5.57172,-73.2835,23.6928,9,0.106,0.118,0.108857
64,veh3,veh5,10,3,0.7,995.945,14.3896,10.4829,-78.8151,18.1612,3,0.106,0.15,0.108857
64,veh3,veh4,10,5,0.5,545.714,14.3896,7.39861,-76.6017,20.3746,5,0.106,0.099,0.108857
64,veh3,veh2,10,8,0.2,549.432,14.3896,0,-78.0703,18.906,8,0.106,0.121,0.108857
64,veh3,veh1,10,10,0,195.876,14.3896,7.39661,-72.1417,24.8346,10,0.106,0.094,0.108857
64,veh3,veh0,10,8,0.2,485.81,14.3896,7.61166,-78.3649,18.6114,8,0.106,0.074,0.108857
64,veh4,veh6,10,2,0.8,552.501,7.39861,5.57172,-77.5629,4.7361,2,0.099,0.118,0.108857
64,veh4,veh5,10,0,1,836.134,7.39861,10.4829,nan,nan,0,0.099,0.15,0.108857
64,veh4,veh3,10,9,0.1,545.714,7.39861,14.3896,-74.5544,14.6086,9,0.099,0.106,0.108857
64,veh4,veh2,10,8,0.2,275.904,7.39861,0,-73.0675,10.2704,8,0.099,0.121,0.108857
64,veh4,veh1,10,5,0.5,407.272,7.39861,7.39661,-76.1959,11.6393,5,0.099,0.094,0.108857
64,veh4,veh0,10,5,0.5,612.32,7.39861,7.61166,-77.2789,13.0843,5,0.099,0.074,0.108857
64,veh2,veh6,10,8,0.2,431.362,0,5.57172,-74.341,22.6353,8,0.121,0.118,0.108857
64,veh2,veh5,10,6,0.4,571.542,0,10.4829,-78.4299,18.5463,6,0.121,0.15,0.108857
64,veh2,veh3,10,6,0.4,549.432,0,14.3896,-78.1919,18.7844,6,0.121,0.106,0.108857
64,veh2,veh4,10,10,0,275.904,0,7.39861,-73.8519,23.1244,10,0.121,0.099,0.108857
64,veh2,veh1,10,6,0.4,503.97,0,7.39661,-75.702,21.2743,6,0.121,0.094,0.108857
64,veh2,veh0,10,2,0.8,804.086,0,7.61166,-80.3431,16.6332,2,0.121,0.074,0.108857
64,veh1,veh6,10,5,0.5,376.081,7.39661,5.57172,-72.7748,24.2015,5,0.094,0.118,0.108857
64,veh1,veh5,10,2,0.8,1029.28,7.39661,10.4829,-79.6052,17.3711,2,0.094,0.15,0.108857
64,veh1,veh3,10,8,0.2,195.876,7.39661,14.3896,-71.2182,25.7581,8,0.094,0.106,0.108857
64,veh1,veh4,10,8,0.2,407.272,7.39661,7.39861,-74.8389,22.1374,8,0.094,0.099,0.108857
64,veh1,veh2,10,5,0.5,503.97,7.39661,0,-78.0173,18.959,5,0.094,0.121,0.108857
64,veh1,veh0,10,8,0.2,345.236,7.39661,7.61166,-75.9121,21.0642,8,0.094,0.074,0.108857
64,veh0,veh6,10,2,0.8,712.201,7.61166,5.57172,-76.9537,20.0226,2,0.074,0.118,0.108857
64,veh0,veh5,10,0,1,1358.47,7.61166,10.4829,nan,nan,0,0.074,0.15,0.108857
64,veh0,veh3,10,4,0.6,485.81,7.61166,14.3896,-77.6778,11.4529,4,0.074,0.106,0.108857
64,veh0,veh4,10,6,0.4,612.32,7.61166,7.39861,-78.3597,14.3791,6,0.074,0.099,0.108857
64,veh0,veh2,10,3,0.7,804.086,7.61166,0,-80.3635,11.8066,3,0.074,0.121,0.108857
64,veh0,veh1,10,8,0.2,345.236,7.61166,7.39661,-74.8557,14.581,8,0.074,0.094,0.108857
65,veh7,veh6,10,6,0.4,550.456,6.2463,7.85824,-76.6317,20.3445,6,0.146,0.112,0.1155
65,veh7,veh5,10,7,0.3,317.346,6.2463,10.3764,-75.6404,21.3359,7,0.146,0.147,0.1155
65,veh7,veh3,10,3,0.7,780.694,6.2463,14.1528,-79.6741,17.3022,3,0.146,0.103,0.1155
65,veh7,veh4,10,5,0.5,831.713,6.2463,7.62874,-79.0229,17.9534,5,0.146,0.112,0.1155
65,veh7,veh2,10,7,0.3,556.569,6.2463,0,-79.1486,17.8277,7,0.146,0.129,0.1155
65,veh7,veh1,10,2,0.8,884.905,6.2463,7.63587,-78.2673,18.709,2,0.146,0.102,0.1155
65,veh7,veh0,10,1,0.9,1228.31,6.2463,8.61394,-80.921,16.0552,1,0.146,0.073,0.1155
65,veh6,veh7,10,0,1,550.456,7.85824,6.2463,nan,nan,0,0.112,0.146,0.1155
65,veh6,veh5,10,0,1,767.052,7.85824,10.3764,nan,nan,0,0.112,0.147,0.1155
65,veh6,veh3,10,10,0,231.047,7.85824,14.1528,-72.2537,12.6106,10,0.112,0.103,0.1155
65,veh6,veh4,10,2,0.8,543.893,7.85824,7.62874,-74.1292,11.7558,2,0.112,0.112,0.1155
65,veh6,veh2,10,4,0.6,425.001,7.85824,0,-73.4509,13.0897,4,0.112,0.129,0.1155
65,veh6,veh1,10,7,0.3,374.322,7.85824,7.63587,-76.8723,7.68834,7,0.112,0.102,0.1155
65,veh6,veh0,10,4,0.6,709.021,7.85824,8.61394,-79.8254,9.67789,4,0.112,0.073,0.1155
65,veh5,veh7,10,5,0.5,317.346,10.3764,6.2463,-72.3865,14.5564,5,0.147,0.146,0.1155
65,veh5,veh6,10,2,0.8,767.052,10.3764,7.85824,-77.1472,19.8291,2,0.147,0.112,0.1155
65,veh5,veh3,10,1,0.9,979.579,10.3764,14.1528,-79.0453,17.931,1,0.147,0.103,0.1155
65,veh5,veh4,10,0,1,846.128,10.3764,7.62874,nan,nan,0,0.147,0.112,0.1155
65,veh5,veh2,10,2,0.8,574.078,10.3764,0,-78.9751,18.0012,2,0.147,0.129,0.1155
65,veh5,veh1,10,0,1,1028.59,10.3764,7.63587,nan,nan,0,0.147,0.102,0.1155
65,veh5,veh0,10,0,1,1357.34,10.3764,8.61394,nan,nan,0,0.147,0.073,0.1155
65,veh3,veh7,10,5,0.5,780.694,14.1528,6.2463,-78.9358,18.0405,5,0.103,0.146,0.1155
65,veh3,veh6,10,9,0.1,231.047,14.1528,7.85824,-71.9268,25.0495,9,0.103,0.112,0.1155
65,veh3,veh5,10,3,0.7,979.579,14.1528,10.3764,-78.9504,18.0259,3,0.103,0.147,0.1155
65,veh3,veh4,10,8,0.2,534.48,14.1528,7.62874,-78.9439,18.0324,8,0.103,0.112,0.1155
65,veh3,veh2,10,7,0.3,537.089,14.1528,0,-75.9306,21.0457,7,0.103,0.129,0.1155
65,veh3,veh1,10,9,0.1,204.419,14.1528,7.63587,-71.4283,25.548,9,0.103,0.102,0.1155
65,veh3,veh0,10,4,0.6,498.29,14.1528,8.61394,-76.9056,20.0707,4,0.103,0.073,0.1155
65,veh4,veh7,10,0,1,831.713,7.62874,6.2463,nan,nan,0,0.112,0.146,0.1155
65,veh4,veh6,10,1,0.9,543.893,7.62874,7.85824,-79.4597,9.30802,1,0.112,0.112,0.1155
65,veh4,veh5,10,0,1,846.128,7.62874,10.3764,nan,nan,0,0.112,0.147,0.1155
65,veh4,veh3,10,3,0.7,534.48,7.62874,14.1528,-75.4573,14.1794,3,0.112,0.103,0.1155
65,veh4,veh2,10,6,0.4,281.241,7.62874,0,-72.2934,10.2769,6,0.112,0.129,0.1155
65,veh4,veh1,10,8,0.2,395.511,7.62874,7.63587,-75.5103,13.7906,8,0.112,0.102,0.1155
65,veh4,veh0,10,5,0.5,599.732,7.62874,8.61394,-79.0823,11.2365,5,0.112,0.073,0.1155
65,veh2,veh7,10,7,0.3,556.569,0,6.2463,-75.4256,21.5507,7,0.129,0.146,0.1155
65,veh2,veh6,10,6,0.4,425.001,0,7.85824,-75.1665,21.8097,6,0.129,0.112,0.1155
65,veh2,veh5,10,5,0.5,574.078,0,10.3764,-78.9145,18.0618,5,0.129,0.147,0.1155
65,veh2,veh3,10,6,0.4,537.089,0,14.1528,-78.6763,18.3,6,0.129,0.103,0.1155
65,veh2,veh4,10,8,0.2,281.241,0,7.62874,-73.3464,23.6299,8,0.129,0.112,0.1155
65,veh2,veh1,10,4,0.6,501.289,0,7.63587,-76.0121,20.9642,4,0.129,0.102,0.1155
65,veh2,veh0,10,3,0.7,801.204,0,8.61394,-80.2051,16.7712,3,0.129,0.073,0.1155
65,veh1,veh7,10,1,0.9,884.905,7.63587,6.2463,-79.8901,17.0861,1,0.102,0.146,0.1155
65,veh1,veh6,10,6,0.4,374.322,7.63587,7.85824,-75.3436,21.6327,6,0.102,0.112,0.1155
65,veh1,veh5,10,2,0.8,1028.59,7.63587,10.3764,-78.7029,18.2734,2,0.102,0.147,0.1155
65,veh1,veh3,10,10,0,204.419,7.63587,14.1528,-69.4392,27.5371,10,0.102,0.103,0.1155
65,veh1,veh4,10,6,0.4,395.511,7.63587,7.62874,-74.1285,22.8478,6,0.102,0.112,0.1155
65,veh1,veh2,10,5,0.5,501.289,7.63587,0,-75.8267,21.1495,5,0.102,0.129,0.1155
65,veh1,veh0,10,9,0.1,343.638,7.63587,8.61394,-73.7818,23.1945,9,0.102,0.073,0.1155
65,veh0,veh7,10,1,0.9,1228.31,8.61394,6.2463,-79.9727,8.47859,1,0.073,0.146,0.1155
65,veh0,veh6,10,2,0.8,709.021,8.61394,7.85824,-78.397,14.6479,2,0.073,0.112,0.1155
65,veh0,veh5,10,1,0.9,1357.34,8.61394,10.3764,-80.0902,0.141163,1,0.073,0.147,0.1155
65,veh0,veh3,10,5,0.5,498.29,8.61394,14.1528,-76.278,16.4825,5,0.073,0.103,0.1155
65,veh0,veh4,10,4,0.6,599.732,8.61394,7.62874,-78.1326,17.6592,4,0.073,0.112,0.1155
65,veh0,veh2,10,2,0.8,801.204,8.61394,0,-77.5279,11.2285,2,0.073,0.129,0.1155
65,veh0,veh1,10,6,0.4,343.638,8.61394,7.63587,-72.0238,17.2553,6,0.073,0.102,0.1155
66,veh7,veh6,10,8,0.2,552.487,5.84079,8.4435,-78.0095,18.9668,8,0.147,0.114,0.11125
66,veh7,veh5,10,7,0.3,303.047,5.84079,11.5322,-75.6586,21.3177,7,0.147,0.146,0.11125
66,veh7,veh3,10,4,0.6,766.052,5.84079,14.9609,-80.3074,16.6689,4,0.147,0.1,0.11125
66,veh7,veh4,10,2,0.8,832.662,5.84079,8.15759,-81.459,15.5172,2,0.147,0.091,0.11125
66,veh7,veh2,10,6,0.4,552.393,5.84079,0,-77.0822,19.8941,6,0.147,0.125,0.11125
66,veh7,veh1,10,2,0.8,887.352,5.84079,6.65046,-80.8457,16.1306,2,0.147,0.095,0.11125
66,veh7,veh0,10,0,1,1227.05,5.84079,7.94984,nan,nan,0,0.147,0.072,0.11125
66,veh6,veh7,10,2,0.8,552.487,8.4435,5.84079,-75.944,21.0323,2,0.114,0.147,0.11125
66,veh6,veh5,10,0,1,762.781,8.4435,11.5322,nan,nan,0,0.114,0.146,0.11125
66,veh6,veh3,10,9,0.1,214.086,8.4435,14.9609,-73.15,12.638,9,0.114,0.1,0.11125
66,veh6,veh4,10,4,0.6,534.743,8.4435,8.15759,-77.0156,10.3802,4,0.114,0.091,0.11125
66,veh6,veh2,10,7,0.3,418.222,8.4435,0,-74.4907,11.9079,7,0.114,0.125,0.11125
66,veh6,veh1,10,9,0.1,373.451,8.4435,6.65046,-74.5472,10.8171,9,0.114,0.095,0.11125
66,veh6,veh0,10,8,0.2,705.389,8.4435,7.94984,-78.1851,12.6317,8,0.114,0.072,0.11125
66,veh5,veh7,10,7,0.3,303.047,11.5322,5.84079,-74.1302,16.9833,7,0.146,0.147,0.11125
66,veh5,veh6,10,2,0.8,762.781,11.5322,8.4435,-78.2028,18.7734,2,0.146,0.114,0.11125
66,veh5,veh3,10,0,1,962.234,11.5322,14.9609,nan,nan,0,0.146,0.1,0.11125
66,veh5,veh4,10,0,1,857.082,11.5322,8.15759,nan,nan,0,0.146,0.091,0.11125
66,veh5,veh2,10,2,0.8,577.153,11.5322,0,-76.128,20.8482,2,0.146,0.125,0.11125
66,veh5,veh1,10,0,1,1030.79,11.5322,6.65046,nan,nan,0,0.146,0.095,0.11125
66,veh5,veh0,10,0,1,1356.76,11.5322,7.94984,nan,nan,0,0.146,0.072,0.11125
66,veh3,veh7,10,3,0.7,766.052,14.9609,5.84079,-79.2187,17.7576,3,0.1,0.147,0.11125
66,veh3,veh6,10,7,0.3,214.086,14.9609,8.4435,-71.7362,25.2401,7,0.1,0.114,0.11125
66,veh3,veh5,10,2,0.8,962.234,14.9609,11.5322,-80.5497,16.4266,2,0.1,0.146,0.11125
66,veh3,veh4,10,3,0.7,523.284,14.9609,8.15759,-79.2036,17.7727,3,0.1,0.091,0.11125
66,veh3,veh2,10,7,0.3,524.14,14.9609,0,-76.9073,20.069,7,0.1,0.125,0.11125
66,veh3,veh1,10,8,0.2,213.645,14.9609,6.65046,-73.2336,23.7427,8,0.1,0.095,0.11125
66,veh3,veh0,10,7,0.3,511.138,14.9609,7.94984,-78.0628,18.9134,7,0.1,0.072,0.11125
66,veh4,veh7,10,1,0.9,832.662,8.15759,5.84079,-77.2191,19.7572,1,0.091,0.147,0.11125
66,veh4,veh6,10,2,0.8,534.743,8.15759,8.4435,-75.9532,16.603,2,0.091,0.114,0.11125
66,veh4,veh5,10,0,1,857.082,8.15759,11.5322,nan,nan,0,0.091,0.146,0.11125
66,veh4,veh3,10,5,0.5,523.284,8.15759,14.9609,-75.231,14.645,5,0.091,0.1,0.11125
66,veh4,veh2,10,5,0.5,287.062,8.15759,0,-73.8104,10.4824,5,0.091,0.125,0.11125
66,veh4,veh1,10,8,0.2,385.911,8.15759,6.65046,-74.5594,13.4101,8,0.091,0.095,0.11125
66,veh4,veh0,10,7,0.3,587.114,8.15759,7.94984,-76.727,12.2526,7,0.091,0.072,0.11125
66,veh2,veh7,10,7,0.3,552.393,0,5.84079,-78.6156,18.3607,7,0.125,0.147,0.11125
66,veh2,veh6,10,9,0.1,418.222,0,8.4435,-75.8108,21.1655,9,0.125,0.114,0.11125
66,veh2,veh5,10,5,0.5,577.153,0,11.5322,-77.8033,19.173,5,0.125,0.146,0.11125
66,veh2,veh3,10,3,0.7,524.14,0,14.9609,-76.1531,20.8232,3,0.125,0.1,0.11125
66,veh2,veh4,10,7,0.3,287.062,0,8.15759,-72.961,24.0153,7,0.125,0.091,0.11125
66,veh2,veh1,10,7,0.3,501.554,0,6.65046,-76.2887,20.6876,7,0.125,0.095,0.11125
66,veh2,veh0,10,3,0.7,798.681,0,7.94984,-78.8609,18.1154,3,0.125,0.072,0.11125
66,veh1,veh7,10,2,0.8,887.352,6.65046,5.84079,-79.0142,17.962,2,0.095,0.147,0.11125
66,veh1,veh6,10,6,0.4,373.451,6.65046,8.4435,-75.2094,21.7668,6,0.095,0.114,0.11125
66,veh1,veh5,10,0,1,1030.79,6.65046,11.5322,nan,nan,0,0.095,0.146,0.11125
66,veh1,veh3,10,8,0.2,213.645,6.65046,14.9609,-71.1885,25.7877,8,0.095,0.1,0.11125
66,veh1,veh4,10,6,0.4,385.911,6.65046,8.15759,-73.9619,23.0144,6,0.095,0.091,0.11125
66,veh1,veh2,10,3,0.7,501.554,6.65046,0,-76.7312,20.2451,3,0.095,0.125,0.11125
66,veh1,veh0,10,9,0.1,340.033,6.65046,7.94984,-73.9987,22.9776,9,0.095,0.072,0.11125
66,veh0,veh7,10,0,1,1227.05,7.94984,5.84079,nan,nan,0,0.072,0.147,0.11125
66,veh0,veh6,10,1,0.9,705.389,7.94984,8.4435,-76.2726,4.32777,1,0.072,0.114,0.11125
66,veh0,veh5,10,0,1,1356.76,7.94984,11.5322,nan,nan,0,0.072,0.146,0.11125
66,veh0,veh3,10,5,0.5,511.138,7.94984,14.9609,-77.7547,13.7048,5,0.072,0.1,0.11125
66,veh0,veh4,10,6,0.4,587.114,7.94984,8.15759,-78.6613,11.7124,6,0.072,0.091,0.11125
66,veh0,veh2,10,3,0.7,798.681,7.94984,0,-77.2097,18.3476,3,0.072,0.125,0.11125
66,veh0,veh1,10,5,0.5,340.033,7.94984,6.65046,-74.7558,13.1248,5,0.072,0.095,0.11125
67,veh7,veh6,10,6,0.4,551.248,6.10572,7.92633,-78.4853,18.491,6,0.147,0.116,0.113125
67,veh7,veh5,10,6,0.4,292.717,6.10572,10.4926,-71.4626,25.5137,6,0.147,0.15,0.113125
67,veh7,veh3,10,3,0.7,749.628,6.10572,13.5752,-78.572,18.4043,3,0.147,0.111,0.113125
67,veh7,veh4,10,3,0.7,832.05,6.10572,8.15483,-79.8187,17.1576,3,0.147,0.093,0.113125
67,veh7,veh2,10,8,0.2,546.835,6.10572,0,-75.7863,21.19,8,0.147,0.125,0.113125
67,veh7,veh1,10,3,0.7,886.424,6.10572,7.33584,-79.7529,17.2234,3,0.147,0.096,0.113125
67,veh7,veh0,10,0,1,1223.06,6.10572,8.05272,nan,nan,0,0.147,0.067,0.113125
67,veh6,veh7,10,1,0.9,551.248,7.92633,6.10572,-77.1563,19.82,1,0.116,0.147,0.113125
67,veh6,veh5,10,1,0.9,759.304,7.92633,10.4926,-77.7788,19.1975,1,0.116,0.15,0.113125
67,veh6,veh3,10,10,0,198.655,7.92633,13.5752,-71.1037,14.9736,10,0.116,0.111,0.113125
67,veh6,veh4,10,3,0.7,526.206,7.92633,8.15483,-77.5171,7.18404,3,0.116,0.093,0.113125
67,veh6,veh2,10,7,0.3,411.903,7.92633,0,-73.8253,13.1695,7,0.116,0.125,0.113125
67,veh6,veh1,10,6,0.4,372.889,7.92633,7.33584,-75.0266,13.2793,6,0.116,0.096,0.113125
67,veh6,veh0,10,2,0.8,702.131,7.92633,8.05272,-75.2612,16.4643,2,0.116,0.067,0.113125
67,veh5,veh7,10,5,0.5,292.717,10.4926,6.10572,-73.923,11.4513,5,0.15,0.147,0.113125
67,veh5,veh6,10,0,1,759.304,10.4926,7.92633,nan,nan,0,0.15,0.116,0.113125
67,veh5,veh3,10,1,0.9,946.605,10.4926,13.5752,-80.6173,16.359,1,0.15,0.111,0.113125
67,veh5,veh4,10,0,1,867.697,10.4926,8.15483,nan,nan,0,0.15,0.093,0.113125
67,veh5,veh2,10,1,0.9,580.135,10.4926,0,-80.5139,16.4624,1,0.15,0.125,0.113125
67,veh5,veh1,10,0,1,1032.33,10.4926,7.33584,nan,nan,0,0.15,0.096,0.113125
67,veh5,veh0,10,2,0.8,1356.35,10.4926,8.05272,-80.5214,16.4549,2,0.15,0.067,0.113125
67,veh3,veh7,10,7,0.3,749.628,13.5752,6.10572,-78.2893,18.687,7,0.111,0.147,0.113125
67,veh3,veh6,10,9,0.1,198.655,13.5752,7.92633,-71.0192,25.9571,9,0.111,0.116,0.113125
67,veh3,veh5,10,5,0.5,946.605,13.5752,10.4926,-79.2024,17.7738,5,0.111,0.15,0.113125
67,veh3,veh4,10,5,0.5,513.484,13.5752,8.15483,-78.5325,18.4438,5,0.111,0.093,0.113125
67,veh3,veh2,10,8,0.2,512.486,13.5752,0,-75.236,21.7403,8,0.111,0.125,0.113125
67,veh3,veh1,10,10,0,224.025,13.5752,7.33584,-72.6547,24.3216,10,0.111,0.096,0.113125
67,veh3,veh0,10,4,0.6,523.14,13.5752,8.05272,-77.806,19.1703,4,0.111,0.067,0.113125
67,veh4,veh7,10,0,1,832.05,8.15483,6.10572,nan,nan,0,0.093,0.147,0.113125
67,veh4,veh6,10,5,0.5,526.206,8.15483,7.92633,-76.8922,11.7358,5,0.093,0.116,0.113125
67,veh4,veh5,10,0,1,867.697,8.15483,10.4926,nan,nan,0,0.093,0.15,0.113125
67,veh4,veh3,10,5,0.5,513.484,8.15483,13.5752,-77.0106,7.20355,5,0.093,0.111,0.113125
67,veh4,veh2,10,3,0.7,292.992,8.15483,0,-74.3311,7.38035,3,0.093,0.125,0.113125
67,veh4,veh1,10,7,0.3,374.8,8.15483,7.33584,-75.5263,10.858,7,0.093,0.096,0.113125
67,veh4,veh0,10,4,0.6,574.503,8.15483,8.05272,-77.1501,13.5397,4,0.093,0.067,0.113125
67,veh2,veh7,10,4,0.6,546.835,0,6.10572,-76.6195,20.3568,4,0.125,0.147,0.113125
67,veh2,veh6,10,7,0.3,411.903,0,7.92633,-75.8313,21.1449,7,0.125,0.116,0.113125
67,veh2,veh5,10,4,0.6,580.135,0,10.4926,-75.7591,21.2172,4,0.125,0.15,0.113125
67,veh2,veh3,10,5,0.5,512.486,0,13.5752,-76.2554,20.7209,5,0.125,0.111,0.113125
67,veh2,veh4,10,8,0.2,292.992,0,8.15483,-74.1603,22.816,8,0.125,0.093,0.113125
67,veh2,veh1,10,6,0.4,500.63,0,7.33584,-77.9629,19.0134,6,0.125,0.096,0.113125
67,veh2,veh0,10,3,0.7,796.21,0,8.05272,-79.4916,17.4846,3,0.125,0.067,0.113125
67,veh1,veh7,10,2,0.8,886.424,7.33584,6.10572,-81.2759,15.7004,2,0.096,0.147,0.113125
67,veh1,veh6,10,5,0.5,372.889,7.33584,7.92633,-77.0882,19.8881,5,0.096,0.116,0.113125
67,veh1,veh5,10,1,0.9,1032.33,7.33584,10.4926,-80.5206,16.4557,1,0.096,0.15,0.113125
67,veh1,veh3,10,9,0.1,224.025,7.33584,13.5752,-71.0287,25.9476,9,0.096,0.111,0.113125
67,veh1,veh4,10,6,0.4,374.8,7.33584,8.15483,-76.7407,20.2355,6,0.096,0.093,0.113125
67,veh1,veh2,10,5,0.5,500.63,7.33584,0,-78.4869,18.4894,5,0.096,0.125,0.113125
67,veh1,veh0,10,6,0.4,336.995,7.33584,8.05272,-74.1137,22.8626,6,0.096,0.067,0.113125
67,veh0,veh7,10,0,1,1223.06,8.05272,6.10572,nan,nan,0,0.067,0.147,0.113125
67,veh0,veh6,10,0,1,702.131,8.05272,7.92633,nan,nan,0,0.067,0.116,0.113125
67,veh0,veh5,10,0,1,1356.35,8.05272,10.4926,nan,nan,0,0.067,0.15,0.113125
67,veh0,veh3,10,1,0.9,523.14,8.05272,13.5752,-75.7439,21.2324,1,0.067,0.111,0.113125
67,veh0,veh4,10,2,0.8,574.503,8.05272,8.15483,-80.4262,16.5501,2,0.067,0.093,0.113125
67,veh0,veh2,10,4,0.6,796.21,8.05272,0,-78.5161,7.94268,4,0.067,0.125,0.113125
67,veh0,veh1,10,6,0.4,336.995,8.05272,7.33584,-71.1973,18.6799,6,0.067,0.096,0.113125
68,veh7,veh6,10,8,0.2,547.573,5.78944,7.7399,-76.8452,20.1311,8,0.154,0.111,0.113375
68,veh7,veh5,10,6,0.4,290.821,5.78944,6.90876,-74.9849,21.9914,6,0.154,0.149,0.113375
68,veh7,veh3,10,4,0.6,735.177,5.78944,9.07523,-78.2503,18.726,4,0.154,0.104,0.113375
68,veh7,veh4,10,4,0.6,831.441,5.78944,6.39215,-80.953,16.0233,4,0.154,0.098,0.113375
68,veh7,veh2,10,4,0.6,542.817,5.78944,0,-74.6732,22.3031,4,0.154,0.115,0.113375
68,veh7,veh1,10,2,0.8,884.402,5.78944,7.64784,-77.742,19.2343,2,0.154,0.096,0.113375
68,veh7,veh0,10,1,0.9,1217.9,5.78944,7.76227,-81.4251,15.5512,1,0.154,0.08,0.113375
68,veh6,veh7,10,1,0.9,547.573,7.7399,5.78944,-73.9943,22.982,1,0.111,0.154,0.113375
68,veh6,veh5,10,0,1,757.134,7.7399,6.90876,nan,nan,0,0.111,0.149,0.113375
68,veh6,veh3,10,8,0.2,187.642,7.7399,9.07523,-70.8375,14.7115,8,0.111,0.104,0.113375
68,veh6,veh4,10,5,0.5,518.068,7.7399,6.39215,-74.1525,13.861,5,0.111,0.098,0.113375
68,veh6,veh2,10,6,0.4,405.786,7.7399,0,-73.7,14.1567,6,0.111,0.115,0.113375
68,veh6,veh1,10,6,0.4,372.705,7.7399,7.64784,-73.8907,11.6725,6,0.111,0.096,0.113375
68,veh6,veh0,10,7,0.3,698.94,7.7399,7.76227,-78.8958,10.5302,7,0.111,0.08,0.113375
68,veh5,veh7,10,8,0.2,290.821,6.90876,5.78944,-72.6225,12.7981,8,0.149,0.154,0.113375
68,veh5,veh6,10,3,0.7,757.134,6.90876,7.7399,-78.3743,18.602,3,0.149,0.111,0.113375
68,veh5,veh3,10,0,1,936.241,6.90876,9.07523,nan,nan,0,0.149,0.104,0.113375
68,veh5,veh4,10,0,1,875.551,6.90876,6.39215,nan,nan,0,0.149,0.098,0.113375
68,veh5,veh2,10,1,0.9,582.194,6.90876,0,-71.3741,25.6022,1,0.149,0.115,0.113375
68,veh5,veh1,10,0,1,1034.11,6.90876,7.64784,nan,nan,0,0.149,0.096,0.113375
68,veh5,veh0,10,0,1,1355.84,6.90876,7.76227,nan,nan,0,0.149,0.08,0.113375
68,veh3,veh7,10,3,0.7,735.177,9.07523,5.78944,-79.6361,17.3402,3,0.104,0.154,0.113375
68,veh3,veh6,10,10,0,187.642,9.07523,7.7399,-67.7164,29.2599,10,0.104,0.111,0.113375
68,veh3,veh5,10,2,0.8,936.241,9.07523,6.90876,-81.4744,15.5019,2,0.104,0.149,0.113375
68,veh3,veh4,10,6,0.4,506.974,9.07523,6.39215,-76.9729,20.0034,6,0.104,0.098,0.113375
68,veh3,veh2,10,6,0.4,504.759,9.07523,0,-76.9618,20.0145,6,0.104,0.115,0.113375
68,veh3,veh1,10,9,0.1,233.892,9.07523,7.64784,-71.3668,25.6095,9,0.104,0.096,0.113375
68,veh3,veh0,10,7,0.3,532.061,9.07523,7.76227,-76.3575,20.6188,7,0.104,0.08,0.113375
68,veh4,veh7,10,0,1,831.441,6.39215,5.78944,nan,nan,0,0.098,0.154,0.113375
68,veh4,veh6,10,3,0.7,518.068,6.39215,7.7399,-75.7797,5.82076,3,0.098,0.111,0.113375
68,veh4,veh5,10,0,1,875.551,6.39215,6.90876,nan,nan,0,0.098,0.149,0.113375
68,veh4,veh3,10,4,0.6,506.974,6.39215,9.07523,-76.7555,10.952,4,0.098,0.104,0.113375
68,veh4,veh2,10,7,0.3,297.715,6.39215,0,-74.0417,8.61713,7,0.098,0.115,0.113375
68,veh4,veh1,10,6,0.4,364.815,6.39215,7.64784,-75.6122,13.2442,6,0.098,0.096,0.113375
68,veh4,veh0,10,7,0.3,563.86,6.39215,7.76227,-78.2122,9.60519,7,0.098,0.08,0.113375
68,veh2,veh7,10,5,0.5,542.817,0,5.78944,-79.4049,17.5714,5,0.115,0.154,0.113375
68,veh2,veh6,10,8,0.2,405.786,0,7.7399,-77.9075,19.0687,8,0.115,0.111,0.113375
68,veh2,veh5,10,5,0.5,582.194,0,6.90876,-78.6582,18.3181,5,0.115,0.149,0.113375
68,veh2,veh3,10,8,0.2,504.759,0,9.07523,-76.88,20.0963,8,0.115,0.104,0.113375
68,veh2,veh4,10,8,0.2,297.715,0,6.39215,-71.6365,25.3397,8,0.115,0.098,0.113375
68,veh2,veh1,10,6,0.4,499.779,0,7.64784,-77.8834,19.0929,6,0.115,0.096,0.113375
68,veh2,veh0,10,3,0.7,793.897,0,7.76227,-77.333,19.6432,3,0.115,0.08,0.113375
68,veh1,veh7,10,2,0.8,884.402,7.64784,5.78944,-80.1847,16.7916,2,0.096,0.154,0.113375
68,veh1,veh6,10,5,0.5,372.705,7.64784,7.7399,-76.1745,20.8018,5,0.096,0.111,0.113375
68,veh1,veh5,10,1,0.9,1034.11,7.64784,6.90876,-77.0096,19.9667,1,0.096,0.149,0.113375
68,veh1,veh3,10,10,0,233.892,7.64784,9.07523,-74.7513,22.225,10,0.096,0.104,0.113375
68,veh1,veh4,10,8,0.2,364.815,7.64784,6.39215,-72.5474,24.4289,8,0.096,0.098,0.113375
68,veh1,veh2,10,4,0.6,499.779,7.64784,0,-73.7708,23.2055,4,0.096,0.115,0.113375
68,veh1,veh0,10,4,0.6,333.783,7.64784,7.76227,-73.5215,23.4548,4,0.096,0.08,0.113375
68,veh0,veh7,10,0,1,1217.9,7.76227,5.78944,nan,nan,0,0.08,0.154,0.113375
68,veh0,veh6,10,1,0.9,698.94,7.76227,7.7399,-73.6497,23.3265,1,0.08,0.111,0.113375
68,veh0,veh5,10,1,0.9,1355.84,7.76227,6.90876,-81.9459,11.0121,1,0.08,0.149,0.113375
68,veh0,veh3,10,1,0.9,532.061,7.76227,9.07523,-78.7895,12.4321,1,0.08,0.104,0.113375
68,veh0,veh4,10,2,0.8,563.86,7.76227,6.39215,-77.7105,11.809,2,0.08,0.098,0.113375
68,veh0,veh2,10,1,0.9,793.897,7.76227,0,-75.5563,21.42,1,0.08,0.115,0.113375
68,veh0,veh1,10,5,0.5,333.783,7.76227,7.64784,-73.0781,16.1864,5,0.08,0.096,0.113375
69,veh7,veh6,10,5,0.5,544.814,5.0535,7.66132,-76.1628,20.8135,5,0.149,0.118,0.112625
69,veh7,veh5,10,5,0.5,292.133,5.0535,3.4579,-71.9395,25.0368,5,0.149,0.143,0.112625
69,veh7,veh3,10,3,0.7,724.901,5.0535,8.05842,-79.9122,17.0641,3,0.149,0.102,0.112625
69,veh7,veh4,10,4,0.6,830.021,5.0535,2.86594,-77.2557,19.7206,4,0.149,0.108,0.112625
69,veh7,veh2,10,4,0.6,540.161,5.0535,0,-76.868,20.1083,4,0.149,0.111,0.112625
69,veh7,veh1,10,4,0.6,882.296,5.0535,5.07794,-79.3278,17.6485,4,0.149,0.101,0.112625
69,veh7,veh0,10,1,0.9,1213.89,5.0535,8.65447,-81.6217,15.3546,1,0.149,0.069,0.112625
69,veh6,veh7,10,1,0.9,544.814,7.66132,5.0535,-74.0541,22.9222,1,0.118,0.149,0.112625
69,veh6,veh5,10,0,1,756.04,7.66132,3.4579,nan,nan,0,0.118,0.143,0.112625
69,veh6,veh3,10,9,0.1,180.088,7.66132,8.05842,-68.8506,17.0338,9,0.118,0.102,0.112625
69,veh6,veh4,10,7,0.3,510.243,7.66132,2.86594,-75.5007,8.47044,7,0.118,0.108,0.112625
69,veh6,veh2,10,4,0.6,399.786,7.66132,0,-73.0751,11.2457,4,0.118,0.111,0.112625
69,veh6,veh1,10,9,0.1,370.701,7.66132,5.07794,-75.1042,11.3948,9,0.118,0.101,0.112625
69,veh6,veh0,10,6,0.4,695.987,7.66132,8.65447,-80.0608,10.211,6,0.118,0.069,0.112625
69,veh5,veh7,10,9,0.1,292.133,3.4579,5.0535,-74.2536,8.34999,9,0.143,0.149,0.112625
69,veh5,veh6,10,0,1,756.04,3.4579,7.66132,nan,nan,0,0.143,0.118,0.112625
69,veh5,veh3,10,3,0.7,929.084,3.4579,8.05842,-79.9502,17.0261,3,0.143,0.102,0.112625
69,veh5,veh4,10,0,1,879.203,3.4579,2.86594,nan,nan,0,0.143,0.108,0.112625
69,veh5,veh2,10,0,1,583.252,3.4579,0,nan,nan,0,0.143,0.111,0.112625
69,veh5,veh1,10,0,1,1035.36,3.4579,5.07794,nan,nan,0,0.143,0.101,0.112625
69,veh5,veh0,10,0,1,1354.93,3.4579,8.65447,nan,nan,0,0.143,0.069,0.112625
69,veh3,veh7,10,6,0.4,724.901,8.05842,5.0535,-79.6189,17.3574,6,0.102,0.149,0.112625
69,veh3,veh6,10,9,0.1,180.088,8.05842,7.66132,-71.0874,25.8889,9,0.102,0.118,0.112625
69,veh3,veh5,10,4,0.6,929.084,8.05842,3.4579,-78.8253,18.151,4,0.102,0.143,0.112625
69,veh3,veh4,10,7,0.3,499.913,8.05842,2.86594,-77.7993,19.1769,7,0.102,0.108,0.112625
69,veh3,veh2,10,6,0.4,497.267,8.05842,0,-77.7588,19.2174,6,0.102,0.111,0.112625
69,veh3,veh1,10,9,0.1,237.368,8.05842,5.07794,-73.4057,23.5705,9,0.102,0.101,0.112625
69,veh3,veh0,10,6,0.4,537.01,8.05842,8.65447,-76.7274,20.2489,6,0.102,0.069,0.112625
69,veh4,veh7,10,0,1,830.021,2.86594,5.0535,nan,nan,0,0.108,0.149,0.112625
69,veh4,veh6,10,4,0.6,510.243,2.86594,7.66132,-76.983,11.3145,4,0.108,0.118,0.112625
69,veh4,veh5,10,0,1,879.203,2.86594,3.4579,nan,nan,0,0.108,0.143,0.112625
69,veh4,veh3,10,4,0.6,499.913,2.86594,8.05842,-76.0209,10.9517,4,0.108,0.102,0.112625
69,veh4,veh2,10,4,0.6,299.844,2.86594,0,-73.3495,7.48885,4,0.108,0.111,0.112625
69,veh4,veh1,10,7,0.3,359.23,2.86594,5.07794,-71.8342,16.4902,7,0.108,0.101,0.112625
69,veh4,veh0,10,8,0.2,556.275,2.86594,8.65447,-78.9377,11.6006,8,0.108,0.069,0.112625
69,veh2,veh7,10,7,0.3,540.161,0,5.0535,-77.1543,19.822,7,0.111,0.149,0.112625
69,veh2,veh6,10,7,0.3,399.786,0,7.66132,-75.8897,21.0865,7,0.111,0.118,0.112625
69,veh2,veh5,10,6,0.4,583.252,0,3.4579,-77.9563,19.02,6,0.111,0.143,0.112625
69,veh2,veh3,10,5,0.5,497.267,0,8.05842,-77.6609,19.3154,5,0.111,0.102,0.112625
69,veh2,veh4,10,9,0.1,299.844,0,2.86594,-77.3501,19.6261,9,0.111,0.108,0.112625
69,veh2,veh1,10,6,0.4,499.278,0,5.07794,-76.0198,20.9565,6,0.111,0.101,0.112625
69,veh2,veh0,10,7,0.3,791.37,0,8.65447,-79.4181,17.5582,7,0.111,0.069,0.112625
69,veh1,veh7,10,0,1,882.296,5.07794,5.0535,nan,nan,0,0.101,0.149,0.112625
69,veh1,veh6,10,5,0.5,370.701,5.07794,7.66132,-74.7419,22.2343,5,0.101,0.118,0.112625
69,veh1,veh5,10,1,0.9,1035.36,5.07794,3.4579,-80.692,16.2843,1,0.101,0.143,0.112625
69,veh1,veh3,10,9,0.1,237.368,5.07794,8.05842,-73.2913,23.685,9,0.101,0.102,0.112625
69,veh1,veh4,10,7,0.3,359.23,5.07794,2.86594,-76.5467,20.4295,7,0.101,0.108,0.112625
69,veh1,veh2,10,4,0.6,499.278,5.07794,0,-76.4632,20.5131,4,0.101,0.111,0.112625
69,veh1,veh0,10,8,0.2,331.94,5.07794,8.65447,-75.0326,21.9436,8,0.101,0.069,0.112625
69,veh0,veh7,10,0,1,1213.89,8.65447,5.0535,nan,nan,0,0.069,0.149,0.112625
69,veh0,veh6,10,3,0.7,695.987,8.65447,7.66132,-75.0945,11.6179,3,0.069,0.118,0.112625
69,veh0,veh5,10,0,1,1354.93,8.65447,3.4579,nan,nan,0,0.069,0.143,0.112625
69,veh0,veh3,10,4,0.6,537.01,8.65447,8.05842,-76.0848,9.74639,4,0.069,0.102,0.112625
69,veh0,veh4,10,4,0.6,556.275,8.65447,2.86594,-77.6927,9.35333,4,0.069,0.108,0.112625
69,veh0,veh2,10,2,0.8,791.37,8.65447,0,-77.3651,14.0913,2,0.069,0.111,0.112625
69,veh0,veh1,10,6,0.4,331.94,8.65447,5.07794,-75.3927,14.2924,6,0.069,0.101,0.112625
70,veh7,veh6,10,7,0.3,541.389,6.21228,8.63875,-75.6902,21.2861,7,0.15,0.116,0.110375
70,veh7,veh5,10,7,0.3,296.25,6.21228,1.10572,-73.7556,23.2207,7,0.15,0.148,0.110375
70,veh7,veh3,10,7,0.3,719.719,6.21228,8.16747,-78.8128,18.1635,7,0.15,0.1,0.110375
70,veh7,veh4,10,1,0.9,826.379,6.21228,0.232035,-81.726,15.2503,1,0.15,0.093,0.110375
70,veh7,veh2,10,3,0.7,536.991,6.21228,0,-79.2877,17.6886,3,0.15,0.118,0.110375
70,veh7,veh1,10,1,0.9,880.026,6.21228,7.18812,-77.7905,19.1858,1,0.15,0.1,0.110375
70,veh7,veh0,10,1,0.9,1208.83,6.21228,7.76569,-76.1185,20.8577,1,0.15,0.058,0.110375
70,veh6,veh7,10,1,0.9,541.389,8.63875,6.21228,-71.6837,25.2926,1,0.116,0.15,0.110375
70,veh6,veh5,10,0,1,755.611,8.63875,1.10572,nan,nan,0,0.116,0.148,0.110375
70,veh6,veh3,10,7,0.3,178.367,8.63875,8.16747,-72.2572,14.9003,7,0.116,0.1,0.110375
70,veh6,veh4,10,4,0.6,501.592,8.63875,0.232035,-76.065,11.6292,4,0.116,0.093,0.110375
70,veh6,veh2,10,5,0.5,393.09,8.63875,0,-74.5541,14.0512,5,0.116,0.118,0.110375
70,veh6,veh1,10,4,0.6,369.331,8.63875,7.18812,-77.6461,11.9954,4,0.116,0.1,0.110375
70,veh6,veh0,10,4,0.6,692.078,8.63875,7.76569,-78.3107,11.1127,4,0.116,0.058,0.110375
70,veh5,veh7,10,6,0.4,296.25,1.10572,6.21228,-72.138,15.6917,6,0.148,0.15,0.110375
70,veh5,veh6,10,0,1,755.611,1.10572,8.63875,nan,nan,0,0.148,0.116,0.110375
70,veh5,veh3,10,1,0.9,927.604,1.10572,8.16747,-80.6076,16.3687,1,0.148,0.1,0.110375
70,veh5,veh4,10,0,1,879.8,1.10572,0.232035,nan,nan,0,0.148,0.093,0.110375
70,veh5,veh2,10,2,0.8,583.594,1.10572,0,-76.0679,20.9084,2,0.148,0.118,0.110375
70,veh5,veh1,10,0,1,1036.8,1.10572,7.18812,nan,nan,0,0.148,0.1,0.110375
70,veh5,veh0,10,1,0.9,1353.84,1.10572,7.76569,-80.5883,16.3879,1,0.148,0.058,0.110375
70,veh3,veh7,10,5,0.5,719.719,8.16747,6.21228,-79.8769,17.0994,5,0.1,0.15,0.110375
70,veh3,veh6,10,9,0.1,178.367,8.16747,8.63875,-71.6589,25.3174,9,0.1,0.116,0.110375
70,veh3,veh5,10,1,0.9,927.604,8.16747,1.10572,-78.1347,18.8416,1,0.1,0.148,0.110375
70,veh3,veh4,10,4,0.6,491.89,8.16747,0.232035,-75.2502,21.7261,4,0.1,0.093,0.110375
70,veh3,veh2,10,5,0.5,491.78,8.16747,0,-77.1978,19.7785,5,0.1,0.118,0.110375
70,veh3,veh1,10,10,0,237.011,8.16747,7.18812,-73.0705,23.9057,10,0.1,0.1,0.110375
70,veh3,veh0,10,3,0.7,534.853,8.16747,7.76569,-77.5776,19.3987,3,0.1,0.058,0.110375
70,veh4,veh7,10,0,1,826.379,0.232035,6.21228,nan,nan,0,0.093,0.15,0.110375
70,veh4,veh6,10,5,0.5,501.592,0.232035,8.63875,-77.2386,10.1693,5,0.093,0.116,0.110375
70,veh4,veh5,10,0,1,879.8,0.232035,1.10572,nan,nan,0,0.093,0.148,0.110375
70,veh4,veh3,10,6,0.4,491.89,0.232035,8.16747,-77.2375,10.0017,6,0.093,0.1,0.110375
70,veh4,veh2,10,4,0.6,300.011,0.232035,0,-71.8584,13.2101,4,0.093,0.118,0.110375
70,veh4,veh1,10,6,0.4,354.097,0.232035,7.18812,-75.2636,13.3995,6,0.093,0.1,0.110375
70,veh4,veh0,10,5,0.5,551.773,0.232035,7.76569,-78.0202,14.1358,5,0.093,0.058,0.110375
70,veh2,veh7,10,9,0.1,536.991,0,6.21228,-77.589,19.3872,9,0.118,0.15,0.110375
70,veh2,veh6,10,8,0.2,393.09,0,8.63875,-75.9209,21.0553,8,0.118,0.116,0.110375
70,veh2,veh5,10,6,0.4,583.594,0,1.10572,-77.7067,19.2696,6,0.118,0.148,0.110375
70,veh2,veh3,10,6,0.4,491.78,0,8.16747,-76.7007,20.2756,6,0.118,0.1,0.110375
70,veh2,veh4,10,6,0.4,300.011,0,0.232035,-73.7295,23.2468,6,0.118,0.093,0.110375
70,veh2,veh1,10,9,0.1,498.398,0,7.18812,-77.054,19.9222,9,0.118,0.1,0.110375
70,veh2,veh0,10,4,0.6,789.062,0,7.76569,-77.6754,19.3009,4,0.118,0.058,0.110375
70,veh1,veh7,10,2,0.8,880.026,7.18812,6.21228,-80.1076,16.8687,2,0.1,0.15,0.110375
70,veh1,veh6,10,7,0.3,369.331,7.18812,8.63875,-75.4106,21.5657,7,0.1,0.116,0.110375
70,veh1,veh5,10,1,0.9,1036.8,7.18812,1.10572,-79.7936,17.1827,1,0.1,0.148,0.110375
70,veh1,veh3,10,8,0.2,237.011,7.18812,8.16747,-70.0267,26.9495,8,0.1,0.1,0.110375
70,veh1,veh4,10,7,0.3,354.097,7.18812,0.232035,-75.1364,21.8399,7,0.1,0.093,0.110375
70,veh1,veh2,10,5,0.5,498.398,7.18812,0,-78.6075,18.3687,5,0.1,0.118,0.110375
70,veh1,veh0,10,6,0.4,329.064,7.18812,7.76569,-75.1399,21.8364,6,0.1,0.058,0.110375
70,veh0,veh7,10,0,1,1208.83,7.76569,6.21228,nan,nan,0,0.058,0.15,0.110375
70,veh0,veh6,10,2,0.8,692.078,7.76569,8.63875,-77.5358,13.3441,2,0.058,0.116,0.110375
70,veh0,veh5,10,0,1,1353.84,7.76569,1.10572,nan,nan,0,0.058,0.148,0.110375
70,veh0,veh3,10,7,0.3,534.853,7.76569,8.16747,-77.1156,14.1605,7,0.058,0.1,0.110375
70,veh0,veh4,10,0,1,551.773,7.76569,0.232035,nan,nan,0,0.058,0.093,0.110375
70,veh0,veh2,10,2,0.8,789.062,7.76569,0,-75.8909,9.64023,2,0.058,0.118,0.110375
70,veh0,veh1,10,5,0.5,329.064,7.76569,7.18812,-72.1681,19.0455,5,0.058,0.1,0.110375
71,veh7,veh6,10,5,0.5,537.752,6.32461,7.72309,-77.014,19.9623,5,0.15,0.117,0.115
71,veh7,veh5,10,8,0.2,301.186,6.32461,0.205513,-71.9825,24.9938,8,0.15,0.148,0.115
71,veh7,veh3,10,5,0.5,715.933,6.32461,7.86156,-77.5123,19.464,5,0.15,0.104,0.115
71,veh7,veh4,10,4,0.6,822.616,6.32461,0.0829213,-76.916,20.0602,4,0.15,0.1,0.115
71,veh7,veh2,10,4,0.6,533.818,6.32461,0,-78.8536,18.1227,4,0.15,0.129,0.115
71,veh7,veh1,10,4,0.6,877.778,6.32461,8.59762,-78.4856,18.4907,4,0.15,0.094,0.115
71,veh7,veh0,10,3,0.7,1203.76,6.32461,7.88425,-81.3523,15.6239,3,0.15,0.078,0.115
71,veh6,veh7,10,0,1,537.752,7.72309,6.32461,nan,nan,0,0.117,0.15,0.115
71,veh6,veh5,10,0,1,755.499,7.72309,0.205513,nan,nan,0,0.117,0.148,0.115
71,veh6,veh3,10,10,0,178.287,7.72309,7.86156,-71.4915,13.4836,10,0.117,0.104,0.115
71,veh6,veh4,10,3,0.7,493.871,7.72309,0.0829213,-77.8905,8.40021,3,0.117,0.1,0.115
71,veh6,veh2,10,7,0.3,387.169,7.72309,0,-75.0682,13.9384,7,0.117,0.129,0.115
71,veh6,veh1,10,6,0.4,369.117,7.72309,8.59762,-77.6723,10.9215,6,0.117,0.094,0.115
71,veh6,veh0,10,4,0.6,688.791,7.72309,7.88425,-78.4895,9.62296,4,0.117,0.078,0.115
71,veh5,veh7,10,2,0.8,301.186,0.205513,6.32461,-74.0654,12.2268,2,0.148,0.15,0.115
71,veh5,veh6,10,1,0.9,755.499,0.205513,7.72309,-75.7437,21.2325,1,0.148,0.117,0.115
71,veh5,veh3,10,1,0.9,927.815,0.205513,7.86156,-77.5848,19.3915,1,0.148,0.104,0.115
71,veh5,veh4,10,0,1,879.943,0.205513,0.0829213,nan,nan,0,0.148,0.1,0.115
71,veh5,veh2,10,0,1,583.657,0.205513,0,nan,nan,0,0.148,0.129,0.115
71,veh5,veh1,10,0,1,1037.87,0.205513,8.59762,nan,nan,0,0.148,0.094,0.115
71,veh5,veh0,10,0,1,1352.67,0.205513,7.88425,nan,nan,0,0.148,0.078,0.115
71,veh3,veh7,10,6,0.4,715.933,7.86156,6.32461,-78.1989,18.7774,6,0.104,0.15,0.115
71,veh3,veh6,10,10,0,178.287,7.86156,7.72309,-71.5313,25.445,10,0.104,0.117,0.115
71,veh3,veh5,10,0,1,927.815,7.86156,0.205513,nan,nan,0,0.104,0.148,0.115
71,veh3,veh4,10,5,0.5,484.608,7.86156,0.0829213,-75.6553,21.321,5,0.104,0.1,0.115
71,veh3,veh2,10,9,0.1,487.677,7.86156,0,-77.6636,19.3126,9,0.104,0.129,0.115
71,veh3,veh1,10,9,0.1,237.276,7.86156,8.59762,-72.1428,24.8334,9,0.104,0.094,0.115
71,veh3,veh0,10,3,0.7,531.831,7.86156,7.88425,-76.1903,20.786,3,0.104,0.078,0.115
71,veh4,veh7,10,1,0.9,822.616,0.0829213,6.32461,-74.9639,22.0124,1,0.1,0.15,0.115
71,veh4,veh6,10,4,0.6,493.871,0.0829213,7.72309,-77.7618,11.533,4,0.1,0.117,0.115
71,veh4,veh5,10,0,1,879.943,0.0829213,0.205513,nan,nan,0,0.1,0.148,0.115
71,veh4,veh3,10,4,0.6,484.608,0.0829213,7.86156,-75.7777,11.6132,4,0.1,0.104,0.115
71,veh4,veh2,10,8,0.2,300.07,0.0829213,0,-71.6627,11.512,8,0.1,0.129,0.115
71,veh4,veh1,10,7,0.3,347.742,0.0829213,8.59762,-72.523,14.3628,7,0.1,0.094,0.115
71,veh4,veh0,10,6,0.4,547.434,0.0829213,7.88425,-76.2845,12.9101,6,0.1,0.078,0.115
71,veh2,veh7,10,6,0.4,533.818,0,6.32461,-76.196,20.7803,6,0.129,0.15,0.115
71,veh2,veh6,10,8,0.2,387.169,0,7.72309,-75.3289,21.6474,8,0.129,0.117,0.115
71,veh2,veh5,10,4,0.6,583.657,0,0.205513,-79.1028,17.8735,4,0.129,0.148,0.115
71,veh2,veh3,10,7,0.3,487.677,0,7.86156,-77.0256,19.9507,7,0.129,0.104,0.115
71,veh2,veh4,10,8,0.2,300.07,0,0.0829213,-74.5684,22.4079,8,0.129,0.1,0.115
71,veh2,veh1,10,9,0.1,496.809,0,8.59762,-76.7781,20.1982,9,0.129,0.094,0.115
71,veh2,veh0,10,7,0.3,786.789,0,7.88425,-76.825,20.1513,7,0.129,0.078,0.115
71,veh1,veh7,10,3,0.7,877.778,8.59762,6.32461,-80.1737,16.8026,3,0.094,0.15,0.115
71,veh1,veh6,10,7,0.3,369.117,8.59762,7.72309,-76.6858,20.2905,7,0.094,0.117,0.115
71,veh1,veh5,10,2,0.8,1037.87,8.59762,0.205513,-80.5472,16.4291,2,0.094,0.148,0.115
71,veh1,veh3,10,6,0.4,237.276,8.59762,7.86156,-72.8752,24.1011,6,0.094,0.104,0.115
71,veh1,veh4,10,6,0.4,347.742,8.59762,0.0829213,-74.5338,22.4425,6,0.094,0.1,0.115
71,veh1,veh2,10,6,0.4,496.809,8.59762,0,-73.266,23.7103,6,0.094,0.129,0.115
71,veh1,veh0,10,9,0.1,326.126,8.59762,7.88425,-71.8836,25.0927,9,0.094,0.078,0.115
71,veh0,veh7,10,0,1,1203.76,7.88425,6.32461,nan,nan,0,0.078,0.15,0.115
71,veh0,veh6,10,4,0.6,688.791,7.88425,7.72309,-78.8043,12.1528,4,0.078,0.117,0.115
71,veh0,veh5,10,0,1,1352.67,7.88425,0.205513,nan,nan,0,0.078,0.148,0.115
71,veh0,veh3,10,3,0.7,531.831,7.88425,7.86156,-78.086,13.3161,3,0.078,0.104,0.115
71,veh0,veh4,10,6,0.4,547.434,7.88425,0.0829213,-76.6913,14.2412,6,0.078,0.1,0.115
71,veh0,veh2,10,3,0.7,786.789,7.88425,0,-78.7082,12.8571,3,0.078,0.129,0.115
71,veh0,veh1,10,8,0.2,326.126,7.88425,8.59762,-76,13.1118,8,0.078,0.094,0.115
72,veh7,veh6,10,5,0.5,533.591,7.13995,7.99046,-78.5212,18.4551,5,0.148,0.124,0.113375
72,veh7,veh5,10,8,0.2,306.967,7.13995,0.0266305,-73.5261,23.4502,8,0.148,0.148,0.113375
72,veh7,veh3,10,3,0.7,711.518,7.13995,7.73775,-74.5446,22.4317,3,0.148,0.104,0.113375
72,veh7,veh4,10,4,0.6,818.368,7.13995,0.0276972,-79.015,17.9613,4,0.148,0.096,0.113375
72,veh7,veh2,10,3,0.7,530.305,7.13995,0,-74.2602,22.716,3,0.148,0.12,0.113375
72,veh7,veh1,10,3,0.7,872.46,7.13995,9.88126,-78.6715,18.3047,3,0.148,0.095,0.113375
72,veh7,veh0,10,3,0.7,1198.26,7.13995,8.64501,-79.9498,17.0265,3,0.148,0.072,0.113375
72,veh6,veh7,10,2,0.8,533.591,7.99046,7.13995,-77.5773,19.399,2,0.124,0.148,0.113375
72,veh6,veh5,10,1,0.9,755.508,7.99046,0.0266305,-72.915,24.0613,1,0.124,0.148,0.113375
72,veh6,veh3,10,10,0,178.161,7.99046,7.73775,-70.3774,14.6994,10,0.124,0.104,0.113375
72,veh6,veh4,10,9,0.1,485.888,7.99046,0.0276972,-75.1381,12.7328,9,0.124,0.096,0.113375
72,veh6,veh2,10,7,0.3,381.111,7.99046,0,-75.6388,7.14708,7,0.124,0.12,0.113375
72,veh6,veh1,10,8,0.2,366.825,7.99046,9.88126,-76.8821,14.8233,8,0.124,0.095,0.113375
72,veh6,veh0,10,4,0.6,685.615,7.99046,8.64501,-77.4028,11.2184,4,0.124,0.072,0.113375
72,veh5,veh7,10,8,0.2,306.967,0.0266305,7.13995,-72.2429,15.0525,8,0.148,0.148,0.113375
72,veh5,veh6,10,0,1,755.508,0.0266305,7.99046,nan,nan,0,0.148,0.124,0.113375
72,veh5,veh3,10,1,0.9,928.183,0.0266305,7.73775,-77.57,19.4062,1,0.148,0.104,0.113375
72,veh5,veh4,10,0,1,879.975,0.0266305,0.0276972,nan,nan,0,0.148,0.096,0.113375
72,veh5,veh2,10,0,1,583.665,0.0266305,0,nan,nan,0,0.148,0.12,0.113375
72,veh5,veh1,10,1,0.9,1036.12,0.0266305,9.88126,-78.7067,18.2696,1,0.148,0.095,0.113375
72,veh5,veh0,10,0,1,1351.53,0.0266305,8.64501,nan,nan,0,0.148,0.072,0.113375
72,veh3,veh7,10,6,0.4,711.518,7.73775,7.13995,-78.3709,18.6054,6,0.104,0.148,0.113375
72,veh3,veh6,10,10,0,178.161,7.73775,7.99046,-70.1951,26.7812,10,0.104,0.124,0.113375
72,veh3,veh5,10,2,0.8,928.183,7.73775,0.0266305,-79.5674,17.4089,2,0.104,0.148,0.113375
72,veh3,veh4,10,6,0.4,477.509,7.73775,0.0276972,-77.677,19.2993,6,0.104,0.096,0.113375
72,veh3,veh2,10,5,0.5,483.786,7.73775,0,-76.4977,20.4786,5,0.104,0.12,0.113375
72,veh3,veh1,10,10,0,236.883,7.73775,9.88126,-71.6394,25.3368,10,0.104,0.095,0.113375
72,veh3,veh0,10,8,0.2,529.247,7.73775,8.64501,-78.656,18.3203,8,0.104,0.072,0.113375
72,veh4,veh7,10,0,1,818.368,0.0276972,7.13995,nan,nan,0,0.096,0.148,0.113375
72,veh4,veh6,10,4,0.6,485.888,0.0276972,7.99046,-74.957,14.9921,4,0.096,0.124,0.113375
72,veh4,veh5,10,0,1,879.975,0.0276972,0.0266305,nan,nan,0,0.096,0.148,0.113375
72,veh4,veh3,10,3,0.7,477.509,0.0276972,7.73775,-76.0404,11.8049,3,0.096,0.104,0.113375
72,veh4,veh2,10,6,0.4,300.09,0.0276972,0,-72.2753,10.4982,6,0.096,0.12,0.113375
72,veh4,veh1,10,9,0.1,339.025,0.0276972,9.88126,-73.5977,15.2331,9,0.096,0.095,0.113375
72,veh4,veh0,10,6,0.4,542.927,0.0276972,8.64501,-78.7017,12.5615,6,0.096,0.072,0.113375
72,veh2,veh7,10,5,0.5,530.305,0,7.13995,-77.957,19.0193,5,0.12,0.148,0.113375
72,veh2,veh6,10,8,0.2,381.111,0,7.99046,-71.7143,25.262,8,0.12,0.124,0.113375
72,veh2,veh5,10,4,0.6,583.665,0,0.0266305,-77.3394,19.6368,4,0.12,0.148,0.113375
72,veh2,veh3,10,7,0.3,483.786,0,7.73775,-75.7919,21.1844,7,0.12,0.104,0.113375
72,veh2,veh4,10,10,0,300.09,0,0.0276972,-75.6778,21.2985,10,0.12,0.096,0.113375
72,veh2,veh1,10,8,0.2,492.318,0,9.88126,-76.0678,20.9084,8,0.12,0.095,0.113375
72,veh2,veh0,10,4,0.6,784.486,0,8.64501,-77.1241,19.8522,4,0.12,0.072,0.113375
72,veh1,veh7,10,1,0.9,872.46,9.88126,7.13995,-80.1256,16.8507,1,0.095,0.148,0.113375
72,veh1,veh6,10,10,0,366.825,9.88126,7.99046,-74.7501,22.2262,10,0.095,0.124,0.113375
72,veh1,veh5,10,0,1,1036.12,9.88126,0.0266305,nan,nan,0,0.095,0.148,0.113375
72,veh1,veh3,10,8,0.2,236.883,9.88126,7.73775,-69.5966,27.3797,8,0.095,0.104,0.113375
72,veh1,veh4,10,6,0.4,339.025,9.88126,0.0276972,-72.6195,24.3568,6,0.095,0.096,0.113375
72,veh1,veh2,10,3,0.7,492.318,9.88126,0,-76.4467,20.5296,3,0.095,0.12,0.113375
72,veh1,veh0,10,9,0.1,325.834,9.88126,8.64501,-75.2315,21.7447,9,0.095,0.072,0.113375
72,veh0,veh7,10,1,0.9,1198.26,8.64501,7.13995,-81.2291,15.7472,1,0.072,0.148,0.113375
72,veh0,veh6,10,4,0.6,685.615,8.64501,7.99046,-78.9995,12.4691,4,0.072,0.124,0.113375
72,veh0,veh5,10,0,1,1351.53,8.64501,0.0266305,nan,nan,0,0.072,0.148,0.113375
72,veh0,veh3,10,5,0.5,529.247,8.64501,7.73775,-78.7395,12.1242,5,0.072,0.104,0.113375
72,veh0,veh4,10,4,0.6,542.927,8.64501,0.0276972,-77.7676,12.4897,4,0.072,0.096,0.113375
72,veh0,veh2,10,2,0.8,784.486,8.64501,0,-79.2409,4.6682,2,0.072,0.12,0.113375
72,veh0,veh1,10,3,0.7,325.834,8.64501,9.88126,-74.8874,19.8532,3,0.072,0.095,0.113375
73,veh7,veh6,10,8,0.2,529.344,6.82689,6.39411,-77.4022,19.574,8,0.139,0.123,0.114375
73,veh7,veh5,10,6,0.4,312.559,6.82689,0.00792454,-73.3003,23.676,6,0.139,0.149,0.114375
73,veh7,veh3,10,5,0.5,707.895,6.82689,8.62574,-77.6211,19.3552,5,0.139,0.104,0.114375
73,veh7,veh4,10,2,0.8,814.331,6.82689,0.00343959,-77.1743,19.802,2,0.139,0.109,0.114375
73,veh7,veh2,10,7,0.3,525.75,6.82689,2.52737,-76.9182,20.0581,7,0.139,0.114,0.114375
73,veh7,veh1,10,4,0.6,859.64,6.82689,9.21212,-79.6135,17.3628,4,0.139,0.1,0.114375
73,veh7,veh0,10,1,0.9,1193.14,6.82689,8.20333,-80.2312,16.745,1,0.139,0.077,0.114375
73,veh6,veh7,10,0,1,529.344,6.39411,6.82689,nan,nan,0,0.123,0.139,0.114375
73,veh6,veh5,10,0,1,755.579,6.39411,0.00792454,nan,nan,0,0.123,0.149,0.114375
73,veh6,veh3,10,10,0,178.815,6.39411,8.62574,-70.9736,15.9743,10,0.123,0.104,0.114375
73,veh6,veh4,10,6,0.4,479.501,6.39411,0.00343959,-76.2544,12.9542,6,0.123,0.109,0.114375
73,veh6,veh2,10,6,0.4,377.92,6.39411,2.52737,-74.8106,8.84176,6,0.123,0.114,0.114375
73,veh6,veh1,10,4,0.6,357.067,6.39411,9.21212,-75.8374,7.28861,4,0.123,0.1,0.114375
73,veh6,veh0,10,6,0.4,683.414,6.39411,8.20333,-78.9761,13.9621,6,0.123,0.077,0.114375
73,veh5,veh7,10,5,0.5,312.559,0.00792454,6.82689,-73.8471,12.3687,5,0.149,0.139,0.114375
73,veh5,veh6,10,0,1,755.579,0.00792454,6.39411,nan,nan,0,0.149,0.123,0.114375
73,veh5,veh3,10,1,0.9,928.752,0.00792454,8.62574,-80.4912,16.4851,1,0.149,0.104,0.114375
73,veh5,veh4,10,0,1,879.981,0.00792454,0.00343959,nan,nan,0,0.149,0.109,0.114375
73,veh5,veh2,10,1,0.9,581.432,0.00792454,2.52737,-74.3135,22.6628,1,0.149,0.114,0.114375
73,veh5,veh1,10,0,1,1027.83,0.00792454,9.21212,nan,nan,0,0.149,0.1,0.114375
73,veh5,veh0,10,0,1,1350.51,0.00792454,8.20333,nan,nan,0,0.149,0.077,0.114375
73,veh3,veh7,10,3,0.7,707.895,8.62574,6.82689,-78.6469,18.3294,3,0.104,0.139,0.114375
73,veh3,veh6,10,8,0.2,178.815,8.62574,6.39411,-70.7231,26.2531,8,0.104,0.123,0.114375
73,veh3,veh5,10,3,0.7,928.752,8.62574,0.00792454,-76.9374,20.0389,3,0.104,0.149,0.114375
73,veh3,veh4,10,7,0.3,469.661,8.62574,0.00343959,-76.9263,20.05,7,0.104,0.109,0.114375
73,veh3,veh2,10,7,0.3,481.795,8.62574,2.52737,-75.9995,20.9768,7,0.104,0.114,0.114375
73,veh3,veh1,10,8,0.2,227.263,8.62574,9.21212,-72.7607,24.2155,8,0.104,0.1,0.114375
73,veh3,veh0,10,8,0.2,525.808,8.62574,8.20333,-79.5002,17.4761,8,0.104,0.077,0.114375
73,veh4,veh7,10,0,1,814.331,0.00343959,6.82689,nan,nan,0,0.109,0.139,0.114375
73,veh4,veh6,10,1,0.9,479.501,0.00343959,6.39411,-70.7945,8.51328,1,0.109,0.123,0.114375
73,veh4,veh5,10,0,1,879.981,0.00343959,0.00792454,nan,nan,0,0.109,0.149,0.114375
73,veh4,veh3,10,5,0.5,469.661,0.00343959,8.62574,-78.8443,9.73864,5,0.109,0.104,0.114375
73,veh4,veh2,10,5,0.5,302.064,0.00343959,2.52737,-70.9887,8.0401,5,0.109,0.114,0.114375
73,veh4,veh1,10,6,0.4,331.209,0.00343959,9.21212,-76.5328,13.8944,6,0.109,0.1,0.114375
73,veh4,veh0,10,7,0.3,538.783,0.00343959,8.20333,-78.3467,9.38174,7,0.109,0.077,0.114375
73,veh2,veh7,10,6,0.4,525.75,2.52737,6.82689,-78.3927,18.5836,6,0.114,0.139,0.114375
73,veh2,veh6,10,10,0,377.92,2.52737,6.39411,-75.1085,21.8678,10,0.114,0.123,0.114375
73,veh2,veh5,10,4,0.6,581.432,2.52737,0.00792454,-77.3645,19.6118,4,0.114,0.149,0.114375
73,veh2,veh3,10,7,0.3,481.795,2.52737,8.62574,-74.1176,22.8587,7,0.114,0.104,0.114375
73,veh2,veh4,10,5,0.5,302.064,2.52737,0.00343959,-74.1666,22.8097,5,0.114,0.109,0.114375
73,veh2,veh1,10,5,0.5,485.834,2.52737,9.21212,-78.5557,18.4206,5,0.114,0.1,0.114375
73,veh2,veh0,10,3,0.7,784.889,2.52737,8.20333,-78.7177,18.2586,3,0.114,0.077,0.114375
73,veh1,veh7,10,2,0.8,859.64,9.21212,6.82689,-78.5142,18.462,2,0.1,0.139,0.114375
73,veh1,veh6,10,7,0.3,357.067,9.21212,6.39411,-73.8041,23.1722,7,0.1,0.123,0.114375
73,veh1,veh5,10,2,0.8,1027.83,9.21212,0.00792454,-80.2297,16.7466,2,0.1,0.149,0.114375
73,veh1,veh3,10,10,0,227.263,9.21212,8.62574,-71.5515,25.4248,10,0.1,0.104,0.114375
73,veh1,veh4,10,6,0.4,331.209,9.21212,0.00343959,-73.9645,23.0118,6,0.1,0.109,0.114375
73,veh1,veh2,10,3,0.7,485.834,9.21212,2.52737,-74.2582,22.7181,3,0.1,0.114,0.114375
73,veh1,veh0,10,10,0,333.515,9.21212,8.20333,-73.7622,23.2141,10,0.1,0.077,0.114375
73,veh0,veh7,10,0,1,1193.14,8.20333,6.82689,nan,nan,0,0.077,0.139,0.114375
73,veh0,veh6,10,3,0.7,683.414,8.20333,6.39411,-77.7257,12.1443,3,0.077,0.123,0.114375
73,veh0,veh5,10,0,1,1350.51,8.20333,0.00792454,nan,nan,0,0.077,0.149,0.114375
73,veh0,veh3,10,4,0.6,525.808,8.20333,8.62574,-77.6908,12.6258,4,0.077,0.104,0.114375
73,veh0,veh4,10,2,0.8,538.783,8.20333,0.00343959,-74.8343,14.2992,2,0.077,0.109,0.114375
73,veh0,veh2,10,2,0.8,784.889,8.20333,2.52737,-76.7645,14.5726,2,0.077,0.114,0.114375
73,veh0,veh1,10,5,0.5,333.515,8.20333,9.21212,-75.8934,16.4627,5,0.077,0.1,0.114375
74,veh7,veh6,10,9,0.1,524.863,7.11077,8.65302,-77.5976,19.3787,9,0.145,0.114,0.118111
74,veh7,veh5,10,7,0.3,318.436,7.11077,0.00708873,-75.649,21.3273,7,0.145,0.153,0.118111
74,veh7,veh8,10,5,0.5,396.356,7.11077,7.81271,-75.5784,21.3978,5,0.145,0.147,0.118111
74,veh7,veh3,10,4,0.6,704.109,7.11077,8.44058,-77.0142,19.9621,4,0.145,0.102,0.118111
74,veh7,veh4,10,3,0.7,810.166,7.11077,0.00237425,-78.7571,18.2192,3,0.145,0.109,0.118111
74,veh7,veh2,10,8,0.2,520.463,7.11077,3.86033,-78.5821,18.3941,8,0.145,0.133,0.118111
74,veh7,veh1,10,4,0.6,844.571,7.11077,10.6466,-80.3275,16.6488,4,0.145,0.097,0.118111
74,veh7,veh0,10,1,0.9,1187.91,7.11077,8.42727,-79.4695,17.5068,1,0.145,0.063,0.118111
74,veh6,veh7,10,2,0.8,524.863,8.65302,7.11077,-77.4722,19.5041,2,0.114,0.145,0.118111
74,veh6,veh5,10,0,1,754.916,8.65302,0.00708873,nan,nan,0,0.114,0.153,0.118111
74,veh6,veh8,10,2,0.8,763.667,8.65302,7.81271,-78.6209,18.3554,2,0.114,0.147,0.118111
74,veh6,veh3,10,9,0.1,179.708,8.65302,8.44058,-71.2011,17.2933,9,0.114,0.102,0.118111
74,veh6,veh4,10,6,0.4,471.231,8.65302,0.00237425,-76.1213,11.4331,6,0.114,0.109,0.118111
74,veh6,veh2,10,7,0.3,373.71,8.65302,3.86033,-74.0367,14.1703,7,0.114,0.133,0.118111
74,veh6,veh1,10,4,0.6,344.397,8.65302,10.6466,-73.3197,13.6982,4,0.114,0.097,0.118111
74,veh6,veh0,10,5,0.5,680.686,8.65302,8.42727,-76.3821,12.1443,5,0.114,0.063,0.118111
74,veh5,veh7,10,6,0.4,318.436,0.00708873,7.11077,-75.1521,14.216,6,0.153,0.145,0.118111
74,veh5,veh6,10,1,0.9,754.916,0.00708873,8.65302,-73.3981,23.5782,1,0.153,0.114,0.118111
74,veh5,veh8,10,10,0,116.706,0.00708873,7.81271,-66.1854,20.4424,10,0.153,0.147,0.118111
74,veh5,veh3,10,0,1,929.406,0.00708873,8.44058,nan,nan,0,0.153,0.102,0.118111
74,veh5,veh4,10,0,1,879.986,0.00708873,0.00237425,nan,nan,0,0.153,0.109,0.118111
74,veh5,veh2,10,1,0.9,577.978,0.00708873,3.86033,-74.3824,22.5938,1,0.153,0.133,0.118111
74,veh5,veh1,10,0,1,1017.58,0.00708873,10.6466,nan,nan,0,0.153,0.097,0.118111
74,veh5,veh0,10,0,1,1349.52,0.00708873,8.42727,nan,nan,0,0.153,0.063,0.118111
74,veh8,veh7,10,9,0.1,396.356,7.81271,7.11077,-76.0392,20.9371,9,0.147,0.145,0.118111
74,veh8,veh6,10,4,0.6,763.667,7.81271,8.65302,-78.9625,18.0138,4,0.147,0.114,0.118111
74,veh8,veh5,10,10,0,116.706,7.81271,0.00708873,-65.4875,31.4888,10,0.147,0.153,0.118111
74,veh8,veh3,10,2,0.8,930.526,7.81271,8.44058,-80.1806,16.7957,2,0.147,0.102,0.118111
74,veh8,veh4,10,3,0.7,823.232,7.81271,0.00237425,-77.6738,19.3025,3,0.147,0.109,0.118111
74,veh8,veh2,10,7,0.3,531.365,7.81271,3.86033,-77.7417,19.2346,7,0.147,0.133,0.118111
74,veh8,veh1,10,2,0.8,994.381,7.81271,10.6466,-81.5502,15.4261,2,0.147,0.097,0.118111
74,veh8,veh0,10,0,1,1316.15,7.81271,8.42727,nan,nan,0,0.147,0.063,0.118111
74,veh3,veh7,10,5,0.5,704.109,8.44058,7.11077,-80.0623,16.9139,5,0.102,0.145,0.118111
74,veh3,veh6,10,10,0,179.708,8.44058,8.65302,-69.2761,27.7002,10,0.102,0.114,0.118111
74,veh3,veh5,10,1,0.9,929.406,8.44058,0.00708873,-78.4638,18.5125,1,0.102,0.153,0.118111
74,veh3,veh8,10,2,0.8,930.526,8.44058,7.81271,-80.0897,16.8866,2,0.102,0.147,0.118111
74,veh3,veh4,10,5,0.5,462.02,8.44058,0.00237425,-73.0401,23.9362,5,0.102,0.109,0.118111
74,veh3,veh2,10,7,0.3,481.182,8.44058,3.86033,-76.0442,20.932,7,0.102,0.133,0.118111
74,veh3,veh1,10,9,0.1,216.346,8.44058,10.6466,-72.6439,24.3324,9,0.102,0.097,0.118111
74,veh3,veh0,10,7,0.3,522.59,8.44058,8.42727,-77.6113,19.3649,7,0.102,0.063,0.118111
74,veh4,veh7,10,1,0.9,810.166,0.00237425,7.11077,-77.2255,19.7508,1,0.109,0.145,0.118111
74,veh4,veh6,10,6,0.4,471.231,0.00237425,8.65302,-77.32,6.54592,6,0.109,0.114,0.118111
74,veh4,veh5,10,0,1,879.986,0.00237425,0.00708873,nan,nan,0,0.109,0.153,0.118111
74,veh4,veh8,10,0,1,823.232,0.00237425,7.81271,nan,nan,0,0.109,0.147,0.118111
74,veh4,veh3,10,6,0.4,462.02,0.00237425,8.44058,-76.9729,9.13295,6,0.109,0.102,0.118111
74,veh4,veh2,10,6,0.4,305.152,0.00237425,3.86033,-74.2543,14.426,6,0.109,0.133,0.118111
74,veh4,veh1,10,9,0.1,323.021,0.00237425,10.6466,-75.7542,14.2124,9,0.109,0.097,0.118111
74,veh4,veh0,10,6,0.4,534.627,0.00237425,8.42727,-77.5181,10.0014,6,0.109,0.063,0.118111
74,veh2,veh7,10,5,0.5,520.463,3.86033,7.11077,-78.8708,18.1055,5,0.133,0.145,0.118111
74,veh2,veh6,10,9,0.1,373.71,3.86033,8.65302,-75.4706,21.5057,9,0.133,0.114,0.118111
74,veh2,veh5,10,6,0.4,577.978,3.86033,0.00708873,-78.5136,18.4627,6,0.133,0.153,0.118111
74,veh2,veh8,10,5,0.5,531.365,3.86033,7.81271,-79.0462,17.9301,5,0.133,0.147,0.118111
74,veh2,veh3,10,7,0.3,481.182,3.86033,8.44058,-77.9509,19.0254,7,0.133,0.102,0.118111
74,veh2,veh4,10,9,0.1,305.152,3.86033,0.00237425,-73.5327,23.4436,9,0.133,0.109,0.118111
74,veh2,veh1,10,7,0.3,479.036,3.86033,10.6466,-77.4386,19.5377,7,0.133,0.097,0.118111
74,veh2,veh0,10,4,0.6,786.638,3.86033,8.42727,-79.3662,17.6101,4,0.133,0.063,0.118111
74,veh1,veh7,10,1,0.9,844.571,10.6466,7.11077,-80.0905,16.8858,1,0.097,0.145,0.118111
74,veh1,veh6,10,4,0.6,344.397,10.6466,8.65302,-72.8749,24.1014,4,0.097,0.114,0.118111
74,veh1,veh5,10,0,1,1017.58,10.6466,0.00708873,nan,nan,0,0.097,0.153,0.118111
74,veh1,veh8,10,2,0.8,994.381,10.6466,7.81271,-81.0487,15.9276,2,0.097,0.147,0.118111
74,veh1,veh3,10,6,0.4,216.346,10.6466,8.44058,-72.4594,24.5169,6,0.097,0.102,0.118111
74,veh1,veh4,10,7,0.3,323.021,10.6466,0.00237425,-75.7224,21.2539,7,0.097,0.109,0.118111
74,veh1,veh2,10,7,0.3,479.036,10.6466,3.86033,-74.9143,22.062,7,0.097,0.133,0.118111
74,veh1,veh0,10,6,0.4,343.346,10.6466,8.42727,-74.0436,22.9326,6,0.097,0.063,0.118111
74,veh0,veh7,10,0,1,1187.91,8.42727,7.11077,nan,nan,0,0.063,0.145,0.118111
74,veh0,veh6,10,2,0.8,680.686,8.42727,8.65302,-79.41,5.31309,2,0.063,0.114,0.118111
74,veh0,veh5,10,0,1,1349.52,8.42727,0.00708873,nan,nan,0,0.063,0.153,0.118111
74,veh0,veh8,10,0,1,1316.15,8.42727,7.81271,nan,nan,0,0.063,0.147,0.118111
74,veh0,veh3,10,4,0.6,522.59,8.42727,8.44058,-75.4425,12.8265,4,0.063,0.102,0.118111
74,veh0,veh4,10,4,0.6,534.627,8.42727,0.00237425,-76.7471,12.7698,4,0.063,0.109,0.118111
74,veh0,veh2,10,3,0.7,786.638,8.42727,3.86033,-78.3754,10.4632,3,0.063,0.133,0.118111
74,veh0,veh1,10,4,0.6,343.346,8.42727,10.6466,-77.47,6.55805,4,0.063,0.097,0.118111
75,veh7,veh6,10,3,0.7,516.331,6.70492,7.70579,-77.8089,19.1674,3,0.149,0.119,0.118333
75,veh7,veh5,10,7,0.3,324.027,6.70492,0.000519618,-75.6025,21.3738,7,0.149,0.149,0.118333
75,veh7,veh8,10,4,0.6,395.953,6.70492,7.34318,-73.052,23.9243,4,0.149,0.138,0.118333
75,veh7,veh3,10,4,0.6,700.667,6.70492,7.9248,-76.7588,20.2175,4,0.149,0.112,0.118333
75,veh7,veh4,10,4,0.6,806.275,6.70492,0.000470324,-77.6518,19.3245,4,0.149,0.099,0.118333
75,veh7,veh2,10,8,0.2,514.76,6.70492,5.44511,-75.9261,21.0502,8,0.149,0.124,0.118333
75,veh7,veh1,10,5,0.5,828.094,6.70492,12.8639,-77.8133,19.163,5,0.149,0.104,0.118333
75,veh7,veh0,10,6,0.4,1183.11,6.70492,8.16668,-79.0668,17.9094,6,0.149,0.071,0.118333
75,veh6,veh7,10,0,1,516.331,7.70579,6.70492,nan,nan,0,0.119,0.149,0.118333
75,veh6,veh5,10,0,1,750.292,7.70579,0.000519618,nan,nan,0,0.119,0.149,0.118333
75,veh6,veh8,10,2,0.8,750.935,7.70579,7.34318,-78.8481,18.1282,2,0.119,0.138,0.118333
75,veh6,veh3,10,9,0.1,184.982,7.70579,7.9248,-68.9606,15.9724,9,0.119,0.112,0.118333
75,veh6,veh4,10,7,0.3,465.311,7.70579,0.000470324,-76.9868,9.5356,7,0.119,0.099,0.118333
75,veh6,veh2,10,4,0.6,369.75,7.70579,5.44511,-75.542,13.3945,4,0.119,0.124,0.118333
75,veh6,veh1,10,6,0.4,334.798,7.70579,12.8639,-73.0328,16.2261,6,0.119,0.104,0.118333
75,veh6,veh0,10,4,0.6,682.541,7.70579,8.16668,-77.9873,10.2419,4,0.119,0.071,0.118333
75,veh5,veh7,10,6,0.4,324.027,0.000519618,6.70492,-72.9067,12.4444,6,0.149,0.149,0.118333
75,veh5,veh6,10,2,0.8,750.292,0.000519618,7.70579,-77.4181,19.5581,2,0.149,0.119,0.118333
75,veh5,veh8,10,10,0,116.882,0.000519618,7.34318,-68.9115,14.2486,10,0.149,0.138,0.118333
75,veh5,veh3,10,0,1,930.093,0.000519618,7.9248,nan,nan,0,0.149,0.112,0.118333
75,veh5,veh4,10,0,1,879.986,0.000519618,0.000470324,nan,nan,0,0.149,0.099,0.118333
75,veh5,veh2,10,2,0.8,573.111,0.000519618,5.44511,-76.086,20.8903,2,0.149,0.124,0.118333
75,veh5,veh1,10,0,1,1005.22,0.000519618,12.8639,nan,nan,0,0.149,0.104,0.118333
75,veh5,veh0,10,1,0.9,1348.6,0.000519618,8.16668,-81.0522,15.9241,1,0.149,0.071,0.118333
75,veh8,veh7,10,6,0.4,395.953,7.34318,6.70492,-77.0647,19.9115,6,0.138,0.149,0.118333
75,veh8,veh6,10,5,0.5,750.935,7.34318,7.70579,-78.529,18.4473,5,0.138,0.119,0.118333
75,veh8,veh5,10,9,0.1,116.882,7.34318,0.000519618,-67.6898,29.2865,9,0.138,0.149,0.118333
75,veh8,veh3,10,4,0.6,922.895,7.34318,7.9248,-80.3825,16.5938,4,0.138,0.112,0.118333
75,veh8,veh4,10,1,0.9,816.647,7.34318,0.000470324,-76.7394,20.2369,1,0.138,0.099,0.118333
75,veh8,veh2,10,4,0.6,519.166,7.34318,5.44511,-79.6194,17.3569,4,0.138,0.124,0.118333
75,veh8,veh1,10,4,0.6,974.441,7.34318,12.8639,-79.7582,17.2181,4,0.138,0.104,0.118333
75,veh8,veh0,10,1,0.9,1307.48,7.34318,8.16668,-79.6599,17.3164,1,0.138,0.071,0.118333
75,veh3,veh7,10,5,0.5,700.667,7.9248,6.70492,-78.9565,18.0198,5,0.112,0.149,0.118333
75,veh3,veh6,10,9,0.1,184.982,7.9248,7.70579,-70.3275,26.6488,9,0.112,0.119,0.118333
75,veh3,veh5,10,2,0.8,930.093,7.9248,0.000519618,-80.6272,16.3491,2,0.112,0.149,0.118333
75,veh3,veh8,10,5,0.5,922.895,7.9248,7.34318,-80.5161,16.4602,5,0.112,0.138,0.118333
75,veh3,veh4,10,7,0.3,454.875,7.9248,0.000470324,-76.1477,20.8286,7,0.112,0.099,0.118333
75,veh3,veh2,10,9,0.1,482.358,7.9248,5.44511,-76.5662,20.41,9,0.112,0.124,0.118333
75,veh3,veh1,10,8,0.2,205.831,7.9248,12.8639,-71.6045,25.3718,8,0.112,0.104,0.118333
75,veh3,veh0,10,4,0.6,519.675,7.9248,8.16668,-75.9647,21.0116,4,0.112,0.071,0.118333
75,veh4,veh7,10,0,1,806.275,0.000470324,6.70492,nan,nan,0,0.099,0.149,0.118333
75,veh4,veh6,10,4,0.6,465.311,0.000470324,7.70579,-78.4328,7.31423,4,0.099,0.119,0.118333
75,veh4,veh5,10,0,1,879.986,0.000470324,0.000519618,nan,nan,0,0.099,0.149,0.118333
75,veh4,veh8,10,0,1,816.647,0.000470324,7.34318,nan,nan,0,0.099,0.138,0.118333
75,veh4,veh3,10,4,0.6,454.875,0.000470324,7.9248,-72.9538,8.21742,4,0.099,0.112,0.118333
75,veh4,veh2,10,2,0.8,309.535,0.000470324,5.44511,-70.2787,15.3067,2,0.099,0.124,0.118333
75,veh4,veh1,10,6,0.4,313.327,0.000470324,12.8639,-75.615,14.4551,6,0.099,0.104,0.118333
75,veh4,veh0,10,4,0.6,530.695,0.000470324,8.16668,-77.3033,11.5107,4,0.099,0.071,0.118333
75,veh2,veh7,10,8,0.2,514.76,5.44511,6.70492,-75.8138,21.1625,8,0.124,0.149,0.118333
75,veh2,veh6,10,8,0.2,369.75,5.44511,7.70579,-76.3205,20.6558,8,0.124,0.119,0.118333
75,veh2,veh5,10,6,0.4,573.111,5.44511,0.000519618,-77.5538,19.4224,6,0.124,0.149,0.118333
75,veh2,veh8,10,4,0.6,519.166,5.44511,7.34318,-79.0994,17.8769,4,0.124,0.138,0.118333
75,veh2,veh3,10,6,0.4,482.358,5.44511,7.9248,-75.3265,21.6498,6,0.124,0.112,0.118333
75,veh2,veh4,10,8,0.2,309.535,5.44511,0.000470324,-75.0236,21.9527,8,0.124,0.099,0.118333
75,veh2,veh1,10,7,0.3,471.599,5.44511,12.8639,-75.5871,21.3891,7,0.124,0.104,0.118333
75,veh2,veh0,10,4,0.6,790.078,5.44511,8.16668,-78.2225,18.7537,4,0.124,0.071,0.118333
75,veh1,veh7,10,2,0.8,828.094,12.8639,6.70492,-76.6118,20.3645,2,0.104,0.149,0.118333
75,veh1,veh6,10,7,0.3,334.798,12.8639,7.70579,-74.9314,22.0448,7,0.104,0.119,0.118333
75,veh1,veh5,10,1,0.9,1005.22,12.8639,0.000519618,-78.5764,18.3999,1,0.104,0.149,0.118333
75,veh1,veh8,10,3,0.7,974.441,12.8639,7.34318,-79.3906,17.5857,3,0.104,0.138,0.118333
75,veh1,veh3,10,10,0,205.831,12.8639,7.9248,-70.8945,26.0818,10,0.104,0.112,0.118333
75,veh1,veh4,10,8,0.2,313.327,12.8639,0.000470324,-74.5162,22.4601,8,0.104,0.099,0.118333
75,veh1,veh2,10,5,0.5,471.599,12.8639,5.44511,-76.2535,20.7228,5,0.104,0.124,0.118333
75,veh1,veh0,10,7,0.3,355.019,12.8639,8.16668,-76.2511,20.7251,7,0.104,0.071,0.118333
75,veh0,veh7,10,0,1,1183.11,8.16668,6.70492,nan,nan,0,0.071,0.149,0.118333
75,veh0,veh6,10,1,0.9,682.541,8.16668,7.70579,-80.4106,3.86867,1,0.071,0.119,0.118333
75,veh0,veh5,10,0,1,1348.6,8.16668,0.000519618,nan,nan,0,0.071,0.149,0.118333
75,veh0,veh8,10,0,1,1307.48,8.16668,7.34318,nan,nan,0,0.071,0.138,0.118333
75,veh0,veh3,10,2,0.8,519.675,8.16668,7.9248,-78.1782,9.53161,2,0.071,0.112,0.118333
75,veh0,veh4,10,3,0.7,530.695,8.16668,0.000470324,-77.0897,19.8865,3,0.071,0.099,0.118333
75,veh0,veh2,10,1,0.9,790.078,8.16668,5.44511,-75.8593,17.2515,1,0.071,0.124,0.118333
75,veh0,veh1,10,7,0.3,355.019,8.16668,12.8639,-74.4419,17.9499,7,0.071,0.104,0.118333
76,veh7,veh6,10,3,0.7,506.565,3.68001,8.05053,-77.5934,19.3828,3,0.144,0.123,0.114778
76,veh7,veh5,10,6,0.4,325.324,3.68001,2.37454,-74.2301,22.7462,6,0.144,0.138,0.114778
76,veh7,veh8,10,6,0.4,394.015,3.68001,6.55227,-76.8439,20.1324,6,0.144,0.137,0.114778
76,veh7,veh3,10,3,0.7,700.273,3.68001,8.17294,-79.1828,17.7935,3,0.144,0.106,0.114778
76,veh7,veh4,10,2,0.8,804.155,3.68001,0,-79.7032,17.2731,2,0.144,0.094,0.114778
76,veh7,veh2,10,3,0.7,509.855,3.68001,6.94181,-76.2409,20.7354,3,0.144,0.122,0.114778
76,veh7,veh1,10,3,0.7,814.635,3.68001,12.4374,-78.7919,18.1844,3,0.144,0.098,0.114778
76,veh7,veh0,10,1,0.9,1180.91,3.68001,7.70693,-78.6166,18.3597,1,0.144,0.071,0.114778
76,veh6,veh7,10,4,0.6,506.565,8.05053,3.68001,-77.8055,19.1708,4,0.123,0.144,0.114778
76,veh6,veh5,10,0,1,742.041,8.05053,2.37454,nan,nan,0,0.123,0.138,0.114778
76,veh6,veh8,10,0,1,736.566,8.05053,6.55227,nan,nan,0,0.123,0.137,0.114778
76,veh6,veh3,10,7,0.3,194.279,8.05053,8.17294,-72.1105,14.6101,7,0.123,0.106,0.114778
76,veh6,veh4,10,6,0.4,463.19,8.05053,0,-76.5976,9.30178,6,0.123,0.094,0.114778
76,veh6,veh2,10,6,0.4,367.529,8.05053,6.94181,-72.5671,11.2345,6,0.123,0.122,0.114778
76,veh6,veh1,10,6,0.4,330.302,8.05053,12.4374,-73.6288,14.6119,6,0.123,0.098,0.114778
76,veh6,veh0,10,3,0.7,689.005,8.05053,7.70693,-77.7419,11.4975,3,0.123,0.071,0.114778
76,veh5,veh7,10,7,0.3,325.324,2.37454,3.68001,-74.0261,12.7483,7,0.138,0.144,0.114778
76,veh5,veh6,10,0,1,742.041,2.37454,8.05053,nan,nan,0,0.138,0.123,0.114778
76,veh5,veh8,10,10,0,119.554,2.37454,6.55227,-66.2859,20.2823,10,0.138,0.137,0.114778
76,veh5,veh3,10,0,1,930.39,2.37454,8.17294,nan,nan,0,0.138,0.106,0.114778
76,veh5,veh4,10,0,1,880.665,2.37454,0,nan,nan,0,0.138,0.094,0.114778
76,veh5,veh2,10,1,0.9,567.485,2.37454,6.94181,-75.7676,21.2086,1,0.138,0.122,0.114778
76,veh5,veh1,10,0,1,993.245,2.37454,12.4374,nan,nan,0,0.138,0.098,0.114778
76,veh5,veh0,10,0,1,1347.94,2.37454,7.70693,nan,nan,0,0.138,0.071,0.114778
76,veh8,veh7,10,7,0.3,394.015,6.55227,3.68001,-77.3967,19.5796,7,0.137,0.144,0.114778
76,veh8,veh6,10,6,0.4,736.566,6.55227,8.05053,-75.2556,21.7207,6,0.137,0.123,0.114778
76,veh8,veh5,10,8,0.2,119.554,6.55227,2.37454,-67.952,29.0243,8,0.137,0.138,0.114778
76,veh8,veh3,10,2,0.8,916.104,6.55227,8.17294,-81.1068,15.8695,2,0.137,0.106,0.114778
76,veh8,veh4,10,2,0.8,810.807,6.55227,0,-80.226,16.7503,2,0.137,0.094,0.114778
76,veh8,veh2,10,6,0.4,506.324,6.55227,6.94181,-77.05,19.9263,6,0.137,0.122,0.114778
76,veh8,veh1,10,4,0.6,955.721,6.55227,12.4374,-79.1656,17.8107,4,0.137,0.098,0.114778
76,veh8,veh0,10,1,0.9,1299.73,6.55227,7.70693,-81.939,15.0372,1,0.137,0.071,0.114778
76,veh3,veh7,10,3,0.7,700.273,8.17294,3.68001,-80.6912,16.285,3,0.106,0.144,0.114778
76,veh3,veh6,10,10,0,194.279,8.17294,8.05053,-73.7695,23.2067,10,0.106,0.123,0.114778
76,veh3,veh5,10,2,0.8,930.39,8.17294,2.37454,-81.2424,15.7339,2,0.106,0.138,0.114778
76,veh3,veh8,10,3,0.7,916.104,8.17294,6.55227,-80.73,16.2462,3,0.106,0.137,0.114778
76,veh3,veh4,10,4,0.6,447.532,8.17294,0,-77.8624,19.1139,4,0.106,0.094,0.114778
76,veh3,veh2,10,7,0.3,484.944,8.17294,6.94181,-77.1892,19.787,7,0.106,0.122,0.114778
76,veh3,veh1,10,10,0,195.737,8.17294,12.4374,-71.7724,25.2039,10,0.106,0.098,0.114778
76,veh3,veh0,10,8,0.2,516.4,8.17294,7.70693,-78.1454,18.8309,8,0.106,0.071,0.114778
76,veh4,veh7,10,0,1,804.155,0,3.68001,nan,nan,0,0.094,0.144,0.114778
76,veh4,veh6,10,4,0.6,463.19,0,8.05053,-76.4116,9.04399,4,0.094,0.123,0.114778
76,veh4,veh5,10,0,1,880.665,0,2.37454,nan,nan,0,0.094,0.138,0.114778
76,veh4,veh8,10,0,1,810.807,0,6.55227,nan,nan,0,0.094,0.137,0.114778
76,veh4,veh3,10,8,0.2,447.532,0,8.17294,-73.6799,11.3916,8,0.094,0.106,0.114778
76,veh4,veh2,10,6,0.4,315.171,0,6.94181,-70.9523,9.1639,6,0.094,0.122,0.114778
76,veh4,veh1,10,5,0.5,304.178,0,12.4374,-72.0948,11.7173,5,0.094,0.098,0.114778
76,veh4,veh0,10,4,0.6,527.073,0,7.70693,-75.4909,13.8962,4,0.094,0.071,0.114778
76,veh2,veh7,10,8,0.2,509.855,6.94181,3.68001,-76.2628,20.7135,8,0.122,0.144,0.114778
76,veh2,veh6,10,10,0,367.529,6.94181,8.05053,-75.5466,21.4297,10,0.122,0.123,0.114778
76,veh2,veh5,10,6,0.4,567.485,6.94181,2.37454,-76.6283,20.348,6,0.122,0.138,0.114778
76,veh2,veh8,10,7,0.3,506.324,6.94181,6.55227,-77.0884,19.8879,7,0.122,0.137,0.114778
76,veh2,veh3,10,7,0.3,484.944,6.94181,8.17294,-77.8428,19.1335,7,0.122,0.106,0.114778
76,veh2,veh4,10,7,0.3,315.171,6.94181,0,-72.4907,24.4856,7,0.122,0.094,0.114778
76,veh2,veh1,10,8,0.2,466.08,6.94181,12.4374,-76.7478,20.2285,8,0.122,0.098,0.114778
76,veh2,veh0,10,5,0.5,795.157,6.94181,7.70693,-80.5156,16.4607,5,0.122,0.071,0.114778
76,veh1,veh7,10,2,0.8,814.635,12.4374,3.68001,-78.4797,18.4965,2,0.098,0.144,0.114778
76,veh1,veh6,10,5,0.5,330.302,12.4374,8.05053,-75.3074,21.6689,5,0.098,0.123,0.114778
76,veh1,veh5,10,1,0.9,993.245,12.4374,2.37454,-78.9467,18.0296,1,0.098,0.138,0.114778
76,veh1,veh8,10,0,1,955.721,12.4374,6.55227,nan,nan,0,0.098,0.137,0.114778
76,veh1,veh3,10,6,0.4,195.737,12.4374,8.17294,-71.5087,25.4676,6,0.098,0.106,0.114778
76,veh1,veh4,10,9,0.1,304.178,12.4374,0,-76.4827,20.4936,9,0.098,0.094,0.114778
76,veh1,veh2,10,4,0.6,466.08,12.4374,6.94181,-78.4296,18.5466,4,0.098,0.122,0.114778
76,veh1,veh0,10,8,0.2,366.287,12.4374,7.70693,-73.2958,23.6805,8,0.098,0.071,0.114778
76,veh0,veh7,10,0,1,1180.91,7.70693,3.68001,nan,nan,0,0.071,0.144,0.114778
76,veh0,veh6,10,3,0.7,689.005,7.70693,8.05053,-78.4591,18.5172,3,0.071,0.123,0.114778
76,veh0,veh5,10,0,1,1347.94,7.70693,2.37454,nan,nan,0,0.071,0.138,0.114778
76,veh0,veh8,10,1,0.9,1299.73,7.70693,6.55227,-81.5909,0.348608,1,0.071,0.137,0.114778
76,veh0,veh3,10,6,0.4,516.4,7.70693,8.17294,-75.2957,17.3802,6,0.071,0.106,0.114778
76,veh0,veh4,10,3,0.7,527.073,7.70693,0,-74.6138,19.4677,3,0.071,0.094,0.114778
76,veh0,veh2,10,1,0.9,795.157,7.70693,6.94181,-81.1104,3.82468,1,0.071,0.122,0.114778
76,veh0,veh1,10,5,0.5,366.287,7.70693,12.4374,-73.4761,23.1803,5,0.071,0.098,0.114778
77,veh7,veh6,10,8,0.2,493.355,5.50538,8.6658,-76.9322,20.0441,8,0.148,0.115,0.117222
77,veh7,veh5,10,3,0.7,326.434,5.50538,4.01344,-78.6728,18.3035,3,0.148,0.147,0.117222
77,veh7,veh8,10,8,0.2,392.504,5.50538,6.9671,-77.7343,19.242,8,0.148,0.142,0.117222
77,veh7,veh3,10,4,0.6,698.284,5.50538,8.63471,-80.687,16.2893,4,0.148,0.095,0.117222
77,veh7,veh4,10,5,0.5,800.501,5.50538,0,-79.3039,17.6724,5,0.148,0.112,0.117222
77,veh7,veh2,10,5,0.5,503.268,5.50538,8.28427,-77.1187,19.8576,5,0.148,0.125,0.117222
77,veh7,veh1,10,3,0.7,800.374,5.50538,11.3062,-79.248,17.7283,3,0.148,0.101,0.117222
77,veh7,veh0,10,0,1,1177.06,5.50538,8.55256,nan,nan,0,0.148,0.07,0.117222
77,veh6,veh7,10,3,0.7,493.355,8.6658,5.50538,-74.3139,22.6624,3,0.115,0.148,0.117222
77,veh6,veh5,10,0,1,732.104,8.6658,4.01344,nan,nan,0,0.115,0.147,0.117222
77,veh6,veh8,10,1,0.9,721.063,8.6658,6.9671,-75.9675,21.0088,1,0.115,0.142,0.117222
77,veh6,veh3,10,6,0.4,205.322,8.6658,8.63471,-70.4269,18.7664,6,0.115,0.095,0.117222
77,veh6,veh4,10,8,0.2,463.049,8.6658,0,-75.6503,9.56873,8,0.115,0.112,0.117222
77,veh6,veh2,10,5,0.5,366.892,8.6658,8.28427,-74.7834,12.6047,5,0.115,0.125,0.117222
77,veh6,veh1,10,4,0.6,328.589,8.6658,11.3062,-77.4591,11.7388,4,0.115,0.101,0.117222
77,veh6,veh0,10,5,0.5,697.637,8.6658,8.55256,-76.5695,9.58162,5,0.115,0.07,0.117222
77,veh5,veh7,10,9,0.1,326.434,4.01344,5.50538,-72.5749,15.885,9,0.147,0.148,0.117222
77,veh5,veh6,10,2,0.8,732.104,4.01344,8.6658,-79.29,17.6863,2,0.147,0.115,0.117222
77,veh5,veh8,10,8,0.2,123.92,4.01344,6.9671,-69.4246,13.3242,8,0.147,0.142,0.117222
77,veh5,veh3,10,2,0.8,930.285,4.01344,8.63471,-77.62,19.3563,2,0.147,0.095,0.117222
77,veh5,veh4,10,0,1,881.571,4.01344,0,nan,nan,0,0.147,0.112,0.117222
77,veh5,veh2,10,0,1,560.91,4.01344,8.28427,nan,nan,0,0.147,0.125,0.117222
77,veh5,veh1,10,0,1,982.118,4.01344,11.3062,nan,nan,0,0.147,0.101,0.117222
77,veh5,veh0,10,0,1,1347.14,4.01344,8.55256,nan,nan,0,0.147,0.07,0.117222
77,veh8,veh7,10,8,0.2,392.504,6.9671,5.50538,-75.442,21.5343,8,0.142,0.148,0.117222
77,veh8,veh6,10,3,0.7,721.063,6.9671,8.6658,-77.5292,19.4471,3,0.142,0.115,0.117222
77,veh8,veh5,10,10,0,123.92,6.9671,4.01344,-68.8778,28.0984,10,0.142,0.147,0.117222
77,veh8,veh3,10,3,0.7,908.959,6.9671,8.63471,-79.47,17.5063,3,0.142,0.095,0.117222
77,veh8,veh4,10,5,0.5,804.609,6.9671,0,-78.8136,18.1627,5,0.142,0.112,0.117222
77,veh8,veh2,10,6,0.4,491.862,6.9671,8.28427,-77.1902,19.7861,6,0.142,0.125,0.117222
77,veh8,veh1,10,6,0.4,937.717,6.9671,11.3062,-78.2457,18.7306,6,0.142,0.101,0.117222
77,veh8,veh0,10,0,1,1291.51,6.9671,8.55256,nan,nan,0,0.142,0.07,0.117222
77,veh3,veh7,10,4,0.6,698.284,8.63471,5.50538,-78.4707,18.5056,4,0.095,0.148,0.117222
77,veh3,veh6,10,9,0.1,205.322,8.63471,8.6658,-72.397,24.5793,9,0.095,0.115,0.117222
77,veh3,veh5,10,4,0.6,930.285,8.63471,4.01344,-79.8,17.1763,4,0.095,0.147,0.117222
77,veh3,veh8,10,2,0.8,908.959,8.63471,6.9671,-75.883,21.0933,2,0.095,0.142,0.117222
77,veh3,veh4,10,5,0.5,439.807,8.63471,0,-76.2007,20.7756,5,0.095,0.112,0.117222
77,veh3,veh2,10,6,0.4,488.808,8.63471,8.28427,-77.3584,19.6179,6,0.095,0.125,0.117222
77,veh3,veh1,10,9,0.1,185.922,8.63471,11.3062,-70.1968,26.7795,9,0.095,0.101,0.117222
77,veh3,veh0,10,4,0.6,513.109,8.63471,8.55256,-75.9869,20.9894,4,0.095,0.07,0.117222
77,veh4,veh7,10,0,1,800.501,0,5.50538,nan,nan,0,0.112,0.148,0.117222
77,veh4,veh6,10,2,0.8,463.049,0,8.6658,-72.0775,14.0255,2,0.112,0.115,0.117222
77,veh4,veh5,10,0,1,881.571,0,4.01344,nan,nan,0,0.112,0.147,0.117222
77,veh4,veh8,10,1,0.9,804.609,0,6.9671,-76.3789,20.5974,1,0.112,0.142,0.117222
77,veh4,veh3,10,4,0.6,439.807,0,8.63471,-73.362,17.4119,4,0.112,0.095,0.117222
77,veh4,veh2,10,6,0.4,321.927,0,8.28427,-72.4893,13.8157,6,0.112,0.125,0.117222
77,veh4,veh1,10,8,0.2,296.07,0,11.3062,-73.1138,11.8599,8,0.112,0.101,0.117222
77,veh4,veh0,10,2,0.8,523.157,0,8.55256,-77.6653,9.12724,2,0.112,0.07,0.117222
77,veh2,veh7,10,5,0.5,503.268,8.28427,5.50538,-75.2612,21.7151,5,0.125,0.148,0.117222
77,veh2,veh6,10,8,0.2,366.892,8.28427,8.6658,-75.1108,21.8655,8,0.125,0.115,0.117222
77,veh2,veh5,10,5,0.5,560.91,8.28427,4.01344,-74.9543,22.022,5,0.125,0.147,0.117222
77,veh2,veh8,10,7,0.3,491.862,8.28427,6.9671,-77.2966,19.6797,7,0.125,0.142,0.117222
77,veh2,veh3,10,6,0.4,488.808,8.28427,8.63471,-75.932,21.0443,6,0.125,0.095,0.117222
77,veh2,veh4,10,7,0.3,321.927,8.28427,0,-73.4782,23.4981,7,0.125,0.112,0.117222
77,veh2,veh1,10,9,0.1,463.033,8.28427,11.3062,-75.3963,21.58,9,0.125,0.101,0.117222
77,veh2,veh0,10,5,0.5,801.407,8.28427,8.55256,-79.2927,17.6836,5,0.125,0.07,0.117222
77,veh1,veh7,10,2,0.8,800.374,11.3062,5.50538,-78.4752,18.5011,2,0.101,0.148,0.117222
77,veh1,veh6,10,7,0.3,328.589,11.3062,8.6658,-73.7543,23.222,7,0.101,0.115,0.117222
77,veh1,veh5,10,0,1,982.118,11.3062,4.01344,nan,nan,0,0.101,0.147,0.117222
77,veh1,veh8,10,1,0.9,937.717,11.3062,6.9671,-80.5912,16.385,1,0.101,0.142,0.117222
77,veh1,veh3,10,9,0.1,185.922,11.3062,8.63471,-71.352,25.6243,9,0.101,0.095,0.117222
77,veh1,veh4,10,7,0.3,296.07,11.3062,0,-77.0065,19.9698,7,0.101,0.112,0.117222
77,veh1,veh2,10,4,0.6,463.033,11.3062,8.28427,-76.3865,20.5898,4,0.101,0.125,0.117222
77,veh1,veh0,10,6,0.4,376.712,11.3062,8.55256,-77.304,19.6723,6,0.101,0.07,0.117222
77,veh0,veh7,10,0,1,1177.06,8.55256,5.50538,nan,nan,0,0.07,0.148,0.117222
77,veh0,veh6,10,3,0.7,697.637,8.55256,8.6658,-79.1941,13.6313,3,0.07,0.115,0.117222
77,veh0,veh5,10,0,1,1347.14,8.55256,4.01344,nan,nan,0,0.07,0.147,0.117222
77,veh0,veh8,10,0,1,1291.51,8.55256,6.9671,nan,nan,0,0.07,0.142,0.117222
77,veh0,veh3,10,8,0.2,513.109,8.55256,8.63471,-75.714,13.4753,8,0.07,0.095,0.117222
77,veh0,veh4,10,6,0.4,523.157,8.55256,0,-77.038,11.5919,6,0.07,0.112,0.117222
77,veh0,veh2,10,3,0.7,801.407,8.55256,8.28427,-79.6079,12.3283,3,0.07,0.125,0.117222
77,veh0,veh1,10,8,0.2,376.712,8.55256,11.3062,-76.7794,11.9133,8,0.07,0.101,0.117222
78,veh7,veh6,10,7,0.3,478.286,7.77335,8.63709,-77.2079,19.7684,7,0.143,0.115,0.116111
78,veh7,veh5,10,6,0.4,323.747,7.77335,5.74295,-75.1446,21.8317,6,0.143,0.141,0.116111
78,veh7,veh8,10,6,0.4,387.975,7.77335,7.3416,-79.3029,17.6734,6,0.143,0.143,0.116111
78,veh7,veh3,10,4,0.6,694.192,7.77335,8.09941,-78.7927,18.1836,4,0.143,0.1,0.116111
78,veh7,veh4,10,4,0.6,793.352,7.77335,0,-80.0533,16.923,4,0.143,0.1,0.116111
78,veh7,veh2,10,4,0.6,492.707,7.77335,10.5323,-76.9843,19.992,4,0.143,0.128,0.116111
78,veh7,veh1,10,4,0.6,787.338,7.77335,6.80616,-79.3813,17.595,4,0.143,0.105,0.116111
78,veh7,veh0,10,2,0.8,1170.77,7.77335,8.63097,-80.7173,16.2589,2,0.143,0.07,0.116111
78,veh6,veh7,10,1,0.9,478.286,8.63709,7.77335,-75.6951,21.2812,1,0.115,0.143,0.116111
78,veh6,veh5,10,0,1,720.085,8.63709,5.74295,nan,nan,0,0.115,0.141,0.116111
78,veh6,veh8,10,0,1,705.223,8.63709,7.3416,nan,nan,0,0.115,0.143,0.116111
78,veh6,veh3,10,8,0.2,216.13,8.63709,8.09941,-72.4167,13.7711,8,0.115,0.1,0.116111
78,veh6,veh4,10,3,0.7,463.069,8.63709,0,-73.3857,12.2724,3,0.115,0.1,0.116111
78,veh6,veh2,10,7,0.3,368.178,8.63709,10.5323,-74.4399,8.55064,7,0.115,0.128,0.116111
78,veh6,veh1,10,6,0.4,329.724,8.63709,6.80616,-75.1951,12.7041,6,0.115,0.105,0.116111
78,veh6,veh0,10,3,0.7,706.277,8.63709,8.63097,-79.3511,10.2087,3,0.115,0.07,0.116111
78,veh5,veh7,10,5,0.5,323.747,5.74295,7.77335,-72.7983,16.7884,5,0.141,0.143,0.116111
78,veh5,veh6,10,1,0.9,720.085,5.74295,8.63709,-75.5066,21.4697,1,0.141,0.115,0.116111
78,veh5,veh8,10,10,0,128.793,5.74295,7.3416,-67.488,18.8627,10,0.141,0.143,0.116111
78,veh5,veh3,10,0,1,928.046,5.74295,8.09941,nan,nan,0,0.141,0.1,0.116111
78,veh5,veh4,10,0,1,881.049,5.74295,0,nan,nan,0,0.141,0.1,0.116111
78,veh5,veh2,10,0,1,551.295,5.74295,10.5323,nan,nan,0,0.141,0.128,0.116111
78,veh5,veh1,10,0,1,973.452,5.74295,6.80616,nan,nan,0,0.141,0.105,0.116111
78,veh5,veh0,10,0,1,1344.66,5.74295,8.63097,nan,nan,0,0.141,0.07,0.116111
78,veh8,veh7,10,9,0.1,387.975,7.3416,7.77335,-75.8871,21.0891,9,0.143,0.143,0.116111
78,veh8,veh6,10,2,0.8,705.223,7.3416,8.63709,-78.1852,18.7911,2,0.143,0.115,0.116111
78,veh8,veh5,10,9,0.1,128.793,7.3416,5.74295,-71.0552,25.9211,9,0.143,0.141,0.116111
78,veh8,veh3,10,5,0.5,901.369,7.3416,8.09941,-79.3497,17.6266,5,0.143,0.1,0.116111
78,veh8,veh4,10,2,0.8,798.093,7.3416,0,-80.2748,16.7015,2,0.143,0.1,0.116111
78,veh8,veh2,10,7,0.3,475.154,7.3416,10.5323,-77.7722,19.204,7,0.143,0.128,0.116111
78,veh8,veh1,10,3,0.7,923.786,7.3416,6.80616,-79.5841,17.3921,3,0.143,0.105,0.116111
78,veh8,veh0,10,1,0.9,1283,7.3416,8.63097,-81.87,15.1063,1,0.143,0.07,0.116111
78,veh3,veh7,10,6,0.4,694.192,8.09941,7.77335,-77.77,19.2063,6,0.1,0.143,0.116111
78,veh3,veh6,10,8,0.2,216.13,8.09941,8.63709,-73.5588,23.4175,8,0.1,0.115,0.116111
78,veh3,veh5,10,5,0.5,928.046,8.09941,5.74295,-80.6181,16.3582,5,0.1,0.141,0.116111
78,veh3,veh8,10,2,0.8,901.369,8.09941,7.3416,-79.0108,17.9655,2,0.1,0.143,0.116111
78,veh3,veh4,10,6,0.4,432.523,8.09941,0,-74.417,22.5593,6,0.1,0.1,0.116111
78,veh3,veh2,10,6,0.4,495.276,8.09941,10.5323,-77.0593,19.917,6,0.1,0.128,0.116111
78,veh3,veh1,10,9,0.1,177.411,8.09941,6.80616,-71.1679,25.8084,9,0.1,0.105,0.116111
78,veh3,veh0,10,5,0.5,510.375,8.09941,8.63097,-75.7509,21.2254,5,0.1,0.07,0.116111
78,veh4,veh7,10,2,0.8,793.352,0,7.77335,-81.0081,15.9682,2,0.1,0.143,0.116111
78,veh4,veh6,10,6,0.4,463.069,0,8.63709,-76.5491,9.6964,6,0.1,0.115,0.116111
78,veh4,veh5,10,0,1,881.049,0,5.74295,nan,nan,0,0.1,0.141,0.116111
78,veh4,veh8,10,0,1,798.093,0,7.3416,nan,nan,0,0.1,0.143,0.116111
78,veh4,veh3,10,7,0.3,432.523,0,8.09941,-76.3462,11.958,7,0.1,0.1,0.116111
78,veh4,veh2,10,8,0.2,330.28,0,10.5323,-73.5745,11.029,8,0.1,0.128,0.116111
78,veh4,veh1,10,7,0.3,291.291,0,6.80616,-73.8019,11.2252,7,0.1,0.105,0.116111
78,veh4,veh0,10,6,0.4,519.319,0,8.63097,-76.1758,13.3663,6,0.1,0.07,0.116111
78,veh2,veh7,10,5,0.5,492.707,10.5323,7.77335,-74.8248,22.1515,5,0.128,0.143,0.116111
78,veh2,veh6,10,9,0.1,368.178,10.5323,8.63709,-73.7833,23.193,9,0.128,0.115,0.116111
78,veh2,veh5,10,8,0.2,551.295,10.5323,5.74295,-77.9662,19.01,8,0.128,0.141,0.116111
78,veh2,veh8,10,8,0.2,475.154,10.5323,7.3416,-77.3847,19.5916,8,0.128,0.143,0.116111
78,veh2,veh3,10,6,0.4,495.276,10.5323,8.09941,-75.2013,21.775,6,0.128,0.1,0.116111
78,veh2,veh4,10,6,0.4,330.28,10.5323,0,-72.245,24.7312,6,0.128,0.1,0.116111
78,veh2,veh1,10,7,0.3,466.759,10.5323,6.80616,-77.1609,19.8154,7,0.128,0.105,0.116111
78,veh2,veh0,10,3,0.7,809.771,10.5323,8.63097,-78.778,18.1982,3,0.128,0.07,0.116111
78,veh1,veh7,10,3,0.7,787.338,6.80616,7.77335,-76.3408,20.6355,3,0.105,0.143,0.116111
78,veh1,veh6,10,5,0.5,329.724,6.80616,8.63709,-75.4912,21.485,5,0.105,0.115,0.116111
78,veh1,veh5,10,2,0.8,973.452,6.80616,5.74295,-80.0078,16.9685,2,0.105,0.141,0.116111
78,veh1,veh8,10,4,0.6,923.786,6.80616,7.3416,-80.087,16.8893,4,0.105,0.143,0.116111
78,veh1,veh3,10,10,0,177.411,6.80616,8.09941,-71.3763,25.5999,10,0.105,0.1,0.116111
78,veh1,veh4,10,6,0.4,291.291,6.80616,0,-71.5081,25.4682,6,0.105,0.1,0.116111
78,veh1,veh2,10,5,0.5,466.759,6.80616,10.5323,-76.0167,20.9595,5,0.105,0.128,0.116111
78,veh1,veh0,10,8,0.2,383.439,6.80616,8.63097,-74.804,22.1723,8,0.105,0.07,0.116111
78,veh0,veh7,10,0,1,1170.77,8.63097,7.77335,nan,nan,0,0.07,0.143,0.116111
78,veh0,veh6,10,5,0.5,706.277,8.63097,8.63709,-79.4805,8.17074,5,0.07,0.115,0.116111
78,veh0,veh5,10,0,1,1344.66,8.63097,5.74295,nan,nan,0,0.07,0.141,0.116111
78,veh0,veh8,10,1,0.9,1283,8.63097,7.3416,-81.3642,15.612,1,0.07,0.143,0.116111
78,veh0,veh3,10,4,0.6,510.375,8.63097,8.09941,-76.8108,9.98885,4,0.07,0.1,0.116111
78,veh0,veh4,10,7,0.3,519.319,8.63097,0,-77.546,10.3166,7,0.07,0.1,0.116111
78,veh0,veh2,10,2,0.8,809.771,8.63097,10.5323,-79.7258,11.4647,2,0.07,0.128,0.116111
78,veh0,veh1,10,4,0.6,383.439,8.63097,6.80616,-76.344,15.164,4,0.07,0.105,0.116111
79,veh7,veh6,10,10,0,466.575,7.1759,8.10392,-75.5616,21.4147,10,0.146,0.131,0.118667
79,veh7,veh5,10,7,0.3,314.818,7.1759,7.25752,-74.9169,22.0594,7,0.146,0.155,0.118667
79,veh7,veh8,10,6,0.4,379.656,7.1759,6.53191,-75.1209,21.8554,6,0.146,0.14,0.118667
79,veh7,veh3,10,6,0.4,692.942,7.1759,7.75444,-80.2983,16.678,6,0.146,0.108,0.118667
79,veh7,veh4,10,3,0.7,786.725,7.1759,0,-76.6603,20.316,3,0.146,0.095,0.118667
79,veh7,veh2,10,7,0.3,481.049,7.1759,13.0081,-76.7394,20.2369,7,0.146,0.127,0.118667
79,veh7,veh1,10,5,0.5,779.693,7.1759,2.86948,-78.4525,18.5237,5,0.146,0.098,0.118667
79,veh7,veh0,10,1,0.9,1166.55,7.1759,7.81915,-79.8414,17.1349,1,0.146,0.068,0.118667
79,veh6,veh7,10,1,0.9,466.575,8.10392,7.1759,-81.1911,15.7852,1,0.131,0.146,0.118667
79,veh6,veh5,10,1,0.9,705.574,8.10392,7.25752,-77.3624,19.6139,1,0.131,0.155,0.118667
79,veh6,veh8,10,2,0.8,690.719,8.10392,6.53191,-77.5509,19.4254,2,0.131,0.14,0.118667
79,veh6,veh3,10,7,0.3,226.438,8.10392,7.75444,-72.4215,13.9873,7,0.131,0.108,0.118667
79,veh6,veh4,10,5,0.5,463.235,8.10392,0,-74.8433,14.7257,5,0.131,0.095,0.118667
79,veh6,veh2,10,7,0.3,371.581,8.10392,13.0081,-74.9118,10.6777,7,0.131,0.127,0.118667
79,veh6,veh1,10,6,0.4,333.059,8.10392,2.86948,-76.5848,12.7903,6,0.131,0.098,0.118667
79,veh6,veh0,10,3,0.7,714.32,8.10392,7.81915,-76.8805,10.4838,3,0.131,0.068,0.118667
79,veh5,veh7,10,6,0.4,314.818,7.25752,7.1759,-72.7476,11.7188,6,0.155,0.146,0.118667
79,veh5,veh6,10,0,1,705.574,7.25752,8.10392,nan,nan,0,0.155,0.131,0.118667
79,veh5,veh8,10,10,0,131.539,7.25752,6.53191,-69.4249,16.4421,10,0.155,0.14,0.118667
79,veh5,veh3,10,0,1,922.808,7.25752,7.75444,nan,nan,0,0.155,0.108,0.118667
79,veh5,veh4,10,0,1,877.212,7.25752,0,nan,nan,0,0.155,0.095,0.118667
79,veh5,veh2,10,2,0.8,536.51,7.25752,13.0081,-75.1858,21.7905,2,0.155,0.127,0.118667
79,veh5,veh1,10,0,1,965.274,7.25752,2.86948,nan,nan,0,0.155,0.098,0.118667
79,veh5,veh0,10,0,1,1339.03,7.25752,7.81915,nan,nan,0,0.155,0.068,0.118667
79,veh8,veh7,10,7,0.3,379.656,6.53191,7.1759,-75.6965,21.2798,7,0.14,0.146,0.118667
79,veh8,veh6,10,6,0.4,690.719,6.53191,8.10392,-78.9468,18.0294,6,0.14,0.131,0.118667
79,veh8,veh5,10,10,0,131.539,6.53191,7.25752,-71.3246,25.6517,10,0.14,0.155,0.118667
79,veh8,veh3,10,2,0.8,894.691,6.53191,7.75444,-78.0296,18.9467,2,0.14,0.108,0.118667
79,veh8,veh4,10,3,0.7,792.308,6.53191,0,-79.3048,17.6714,3,0.14,0.095,0.118667
79,veh8,veh2,10,5,0.5,456.99,6.53191,13.0081,-75.7241,21.2521,5,0.14,0.127,0.118667
79,veh8,veh1,10,5,0.5,914.532,6.53191,2.86948,-80.1983,16.7779,5,0.14,0.098,0.118667
79,veh8,veh0,10,1,0.9,1275.48,6.53191,7.81915,-80.8463,16.13,1,0.14,0.068,0.118667
79,veh3,veh7,10,8,0.2,692.942,7.75444,7.1759,-78.7403,18.236,8,0.108,0.146,0.118667
79,veh3,veh6,10,9,0.1,226.438,7.75444,8.10392,-72.0091,24.9672,9,0.108,0.131,0.118667
79,veh3,veh5,10,4,0.6,922.808,7.75444,7.25752,-79.2138,17.7625,4,0.108,0.155,0.118667
79,veh3,veh8,10,5,0.5,894.691,7.75444,6.53191,-79.8397,17.1366,5,0.108,0.14,0.118667
79,veh3,veh4,10,9,0.1,425.587,7.75444,0,-77.2202,19.7561,9,0.108,0.095,0.118667
79,veh3,veh2,10,7,0.3,504.473,7.75444,13.0081,-78.125,18.8513,7,0.108,0.127,0.118667
79,veh3,veh1,10,9,0.1,169.55,7.75444,2.86948,-70.053,26.9233,9,0.108,0.098,0.118667
79,veh3,veh0,10,6,0.4,507.571,7.75444,7.81915,-77.5209,19.4554,6,0.108,0.068,0.118667
79,veh4,veh7,10,0,1,786.725,0,7.1759,nan,nan,0,0.095,0.146,0.118667
79,veh4,veh6,10,6,0.4,463.235,0,8.10392,-74.9975,10.1241,6,0.095,0.131,0.118667
79,veh4,veh5,10,0,1,877.212,0,7.25752,nan,nan,0,0.095,0.155,0.118667
79,veh4,veh8,10,0,1,792.308,0,6.53191,nan,nan,0,0.095,0.14,0.118667
79,veh4,veh3,10,5,0.5,425.587,0,7.75444,-77.8056,10.2038,5,0.095,0.108,0.118667
79,veh4,veh2,10,4,0.6,340.763,0,13.0081,-74.0732,11.2329,4,0.095,0.127,0.118667
79,veh4,veh1,10,9,0.1,289.301,0,2.86948,-71.9836,14.2693,9,0.095,0.098,0.118667
79,veh4,veh0,10,6,0.4,515.941,0,7.81915,-75.6919,10.9081,6,0.095,0.068,0.118667
79,veh2,veh7,10,8,0.2,481.049,13.0081,7.1759,-77.1673,19.809,8,0.127,0.146,0.118667
79,veh2,veh6,10,9,0.1,371.581,13.0081,8.10392,-75.2783,21.698,9,0.127,0.131,0.118667
79,veh2,veh5,10,7,0.3,536.51,13.0081,7.25752,-77.4832,19.493,7,0.127,0.155,0.118667
79,veh2,veh8,10,5,0.5,456.99,13.0081,6.53191,-74.5368,22.4395,5,0.127,0.14,0.118667
79,veh2,veh3,10,7,0.3,504.473,13.0081,7.75444,-75.8086,21.1677,7,0.127,0.108,0.118667
79,veh2,veh4,10,6,0.4,340.763,13.0081,0,-73.5663,23.41,6,0.127,0.095,0.118667
79,veh2,veh1,10,7,0.3,476.896,13.0081,2.86948,-76.1117,20.8646,7,0.127,0.098,0.118667
79,veh2,veh0,10,4,0.6,820.73,13.0081,7.81915,-79.6856,17.2907,4,0.127,0.068,0.118667
79,veh1,veh7,10,2,0.8,779.693,2.86948,7.1759,-80.4076,16.5687,2,0.098,0.146,0.118667
79,veh1,veh6,10,6,0.4,333.059,2.86948,8.10392,-75.5611,21.4152,6,0.098,0.131,0.118667
79,veh1,veh5,10,2,0.8,965.274,2.86948,7.25752,-80.3462,16.6301,2,0.098,0.155,0.118667
79,veh1,veh8,10,1,0.9,914.532,2.86948,6.53191,-79.9808,16.9954,1,0.098,0.14,0.118667
79,veh1,veh3,10,8,0.2,169.55,2.86948,7.75444,-70.646,26.3303,8,0.098,0.108,0.118667
79,veh1,veh4,10,5,0.5,289.301,2.86948,0,-73.2953,23.681,5,0.098,0.095,0.118667
79,veh1,veh2,10,4,0.6,476.896,2.86948,13.0081,-76.9769,19.9994,4,0.098,0.127,0.118667
79,veh1,veh0,10,8,0.2,386.887,2.86948,7.81915,-75.0603,21.916,8,0.098,0.068,0.118667
79,veh0,veh7,10,1,0.9,1166.55,7.81915,7.1759,-81.3027,15.6735,1,0.068,0.146,0.118667
79,veh0,veh6,10,1,0.9,714.32,7.81915,8.10392,-77.4809,19.4954,1,0.068,0.131,0.118667
79,veh0,veh5,10,0,1,1339.03,7.81915,7.25752,nan,nan,0,0.068,0.155,0.118667
79,veh0,veh8,10,0,1,1275.48,7.81915,6.53191,nan,nan,0,0.068,0.14,0.118667
79,veh0,veh3,10,6,0.4,507.571,7.81915,7.75444,-75.4078,14.469,6,0.068,0.108,0.118667
79,veh0,veh4,10,4,0.6,515.941,7.81915,0,-75.7064,12.6002,4,0.068,0.095,0.118667
79,veh0,veh2,10,1,0.9,820.73,7.81915,13.0081,-76.6933,11.7093,1,0.068,0.127,0.118667
79,veh0,veh1,10,6,0.4,386.887,7.81915,2.86948,-75.8038,14.31,6,0.068,0.098,0.118667
80,veh7,veh6,10,5,0.5,455.753,7.90813,8.29289,-77.509,19.4673,5,0.14,0.123,0.115778
80,veh7,veh5,10,8,0.2,304.581,7.90813,7.6437,-71.9887,24.9876,8,0.14,0.152,0.115778
80,veh7,veh8,10,8,0.2,369.35,7.90813,6.75976,-76.5792,20.397,8,0.14,0.142,0.115778
80,veh7,veh3,10,7,0.3,692.823,7.90813,7.94911,-77.855,19.1213,7,0.14,0.106,0.115778
80,veh7,veh4,10,4,0.6,780.151,7.90813,0,-80.1328,16.8435,4,0.14,0.099,0.115778
80,veh7,veh2,10,7,0.3,469.243,7.90813,12.8571,-76.9195,20.0567,7,0.14,0.112,0.115778
80,veh7,veh1,10,4,0.6,776.78,7.90813,0.225843,-78.1372,18.8391,4,0.14,0.094,0.115778
80,veh7,veh0,10,2,0.8,1163.02,7.90813,7.57053,-78.9325,18.0438,2,0.14,0.074,0.115778
80,veh6,veh7,10,1,0.9,455.753,8.29289,7.90813,-72.9358,24.0405,1,0.123,0.14,0.115778
80,veh6,veh5,10,0,1,689.677,8.29289,7.6437,nan,nan,0,0.123,0.152,0.115778
80,veh6,veh8,10,2,0.8,675.808,8.29289,6.75976,-78.5942,18.3821,2,0.123,0.142,0.115778
80,veh6,veh3,10,8,0.2,237.072,8.29289,7.94911,-73.6802,11.8052,8,0.123,0.106,0.115778
80,veh6,veh4,10,8,0.2,463.551,8.29289,0,-75.4086,13.0487,8,0.123,0.099,0.115778
80,veh6,veh2,10,4,0.6,374.771,8.29289,12.8571,-75.1089,8.97087,4,0.123,0.112,0.115778
80,veh6,veh1,10,7,0.3,340.719,8.29289,0.225843,-75.969,9.37207,7,0.123,0.094,0.115778
80,veh6,veh0,10,2,0.8,722.442,8.29289,7.57053,-80.805,6.91746,2,0.123,0.074,0.115778
80,veh5,veh7,10,6,0.4,304.581,7.6437,7.90813,-74.1497,8.72346,6,0.152,0.14,0.115778
80,veh5,veh6,10,4,0.6,689.677,7.6437,8.29289,-77.4406,19.5357,4,0.152,0.123,0.115778
80,veh5,veh8,10,7,0.3,131.193,7.6437,6.75976,-69.4692,12.2104,7,0.152,0.142,0.115778
80,veh5,veh3,10,0,1,916.267,7.6437,7.94911,nan,nan,0,0.152,0.106,0.115778
80,veh5,veh4,10,0,1,870.827,7.6437,0,nan,nan,0,0.152,0.099,0.115778
80,veh5,veh2,10,3,0.7,519.57,7.6437,12.8571,-74.9048,22.0714,3,0.152,0.112,0.115778
80,veh5,veh1,10,0,1,958.708,7.6437,0.225843,nan,nan,0,0.152,0.094,0.115778
80,veh5,veh0,10,1,0.9,1331.39,7.6437,7.57053,-81.8181,15.1581,1,0.152,0.074,0.115778
80,veh8,veh7,10,5,0.5,369.35,6.75976,7.90813,-78.571,18.4053,5,0.142,0.14,0.115778
80,veh8,veh6,10,6,0.4,675.808,6.75976,8.29289,-76.9894,19.9869,6,0.142,0.123,0.115778
80,veh8,veh5,10,10,0,131.193,6.75976,7.6437,-68.7603,28.216,10,0.142,0.152,0.115778
80,veh8,veh3,10,4,0.6,887.849,6.75976,7.94911,-79.48,17.4963,4,0.142,0.106,0.115778
80,veh8,veh4,10,3,0.7,786.332,6.75976,0,-79.1419,17.8344,3,0.142,0.099,0.115778
80,veh8,veh2,10,8,0.2,438.87,6.75976,12.8571,-76.4264,20.5499,8,0.142,0.112,0.115778
80,veh8,veh1,10,4,0.6,908.237,6.75976,0.225843,-78.5513,18.425,4,0.142,0.094,0.115778
80,veh8,veh0,10,1,0.9,1267.86,6.75976,7.57053,-80.5135,16.4628,1,0.142,0.074,0.115778
80,veh3,veh7,10,6,0.4,692.823,7.94911,7.90813,-79.1247,17.8515,6,0.106,0.14,0.115778
80,veh3,veh6,10,8,0.2,237.072,7.94911,8.29289,-72.6195,24.3567,8,0.106,0.123,0.115778
80,veh3,veh5,10,0,1,916.267,7.94911,7.6437,nan,nan,0,0.106,0.152,0.115778
80,veh3,veh8,10,1,0.9,887.849,7.94911,6.75976,-77.6239,19.3524,1,0.106,0.142,0.115778
80,veh3,veh4,10,6,0.4,418.507,7.94911,0,-78.1282,18.8481,6,0.106,0.099,0.115778
80,veh3,veh2,10,3,0.7,513.738,7.94911,12.8571,-77.187,19.7893,3,0.106,0.112,0.115778
80,veh3,veh1,10,10,0,164.798,7.94911,0.225843,-70.5341,26.4421,10,0.106,0.094,0.115778
80,veh3,veh0,10,5,0.5,504.525,7.94911,7.57053,-77.8776,19.0987,5,0.106,0.074,0.115778
80,veh4,veh7,10,1,0.9,780.151,0,7.90813,-77.4686,19.5077,1,0.099,0.14,0.115778
80,veh4,veh6,10,4,0.6,463.551,0,8.29289,-75.0649,10.7289,4,0.099,0.123,0.115778
80,veh4,veh5,10,0,1,870.827,0,7.6437,nan,nan,0,0.099,0.152,0.115778
80,veh4,veh8,10,2,0.8,786.332,0,6.75976,-78.6916,18.2847,2,0.099,0.142,0.115778
80,veh4,veh3,10,7,0.3,418.507,0,7.94911,-73.2227,13.6081,7,0.099,0.106,0.115778
80,veh4,veh2,10,5,0.5,351.294,0,12.8571,-70.7451,8.94924,5,0.099,0.112,0.115778
80,veh4,veh1,10,8,0.2,286.842,0,0.225843,-71.6387,15.5239,8,0.099,0.094,0.115778
80,veh4,veh0,10,8,0.2,512.764,0,7.57053,-77.7035,11.9699,8,0.099,0.074,0.115778
80,veh2,veh7,10,7,0.3,469.243,12.8571,7.90813,-75.4404,21.5359,7,0.112,0.14,0.115778
80,veh2,veh6,10,7,0.3,374.771,12.8571,8.29289,-75.3035,21.6728,7,0.112,0.123,0.115778
80,veh2,veh5,10,7,0.3,519.57,12.8571,7.6437,-77.5721,19.4042,7,0.112,0.152,0.115778
80,veh2,veh8,10,9,0.1,438.87,12.8571,6.75976,-76.0292,20.9471,9,0.112,0.142,0.115778
80,veh2,veh3,10,9,0.1,513.738,12.8571,7.94911,-77.2092,19.767,9,0.112,0.106,0.115778
80,veh2,veh4,10,8,0.2,351.294,12.8571,0,-76.8464,20.1299,8,0.112,0.099,0.115778
80,veh2,veh1,10,7,0.3,489.47,12.8571,0.225843,-77.3253,19.651,7,0.112,0.094,0.115778
80,veh2,veh0,10,3,0.7,831.617,12.8571,7.57053,-78.9455,18.0307,3,0.112,0.074,0.115778
80,veh1,veh7,10,1,0.9,776.78,0.225843,7.90813,-74.4473,22.529,1,0.094,0.14,0.115778
80,veh1,veh6,10,5,0.5,340.719,0.225843,8.29289,-72.5889,24.3874,5,0.094,0.123,0.115778
80,veh1,veh5,10,0,1,958.708,0.225843,7.6437,nan,nan,0,0.094,0.152,0.115778
80,veh1,veh8,10,0,1,908.237,0.225843,6.75976,nan,nan,0,0.094,0.142,0.115778
80,veh1,veh3,10,10,0,164.798,0.225843,7.94911,-66.7499,30.2264,10,0.094,0.106,0.115778
80,veh1,veh4,10,8,0.2,286.842,0.225843,0,-75.4884,21.4879,8,0.094,0.099,0.115778
80,veh1,veh2,10,3,0.7,489.47,0.225843,12.8571,-74.4238,22.5525,3,0.094,0.112,0.115778
80,veh1,veh0,10,9,0.1,386.366,0.225843,7.57053,-74.8053,22.171,9,0.094,0.074,0.115778
80,veh0,veh7,10,0,1,1163.02,7.57053,7.90813,nan,nan,0,0.074,0.14,0.115778
80,veh0,veh6,10,2,0.8,722.442,7.57053,8.29289,-81.7323,10.1984,2,0.074,0.123,0.115778
80,veh0,veh5,10,0,1,1331.39,7.57053,7.6437,nan,nan,0,0.074,0.152,0.115778
80,veh0,veh8,10,0,1,1267.86,7.57053,6.75976,nan,nan,0,0.074,0.142,0.115778
80,veh0,veh3,10,3,0.7,504.525,7.57053,7.94911,-75.2789,21.6973,3,0.074,0.106,0.115778
80,veh0,veh4,10,4,0.6,512.764,7.57053,0,-74.8566,16.4461,4,0.074,0.099,0.115778
80,veh0,veh2,10,4,0.6,831.617,7.57053,12.8571,-77.6822,19.2941,4,0.074,0.112,0.115778
80,veh0,veh1,10,5,0.5,386.366,7.57053,0.225843,-76.2497,15.6655,5,0.074,0.094,0.115778
81,veh7,veh6,10,6,0.4,444.172,9.49586,8.51605,-74.2656,22.7107,6,0.156,0.127,0.121
81,veh7,veh5,10,9,0.1,295.029,9.49586,6.77295,-72.3658,24.6105,9,0.156,0.156,0.121
81,veh7,veh8,10,8,0.2,357.926,9.49586,6.66356,-74.9252,22.0511,8,0.156,0.146,0.121
81,veh7,veh3,10,4,0.6,692.377,9.49586,8.6529,-76.9402,20.0361,4,0.156,0.114,0.121
81,veh7,veh4,10,5,0.5,772.314,9.49586,0,-78.6162,18.3601,5,0.156,0.1,0.121
81,veh7,veh2,10,6,0.4,456.149,9.49586,12.7997,-74.6425,22.3338,6,0.156,0.119,0.121
81,veh7,veh1,10,3,0.7,769.773,9.49586,1.98935,-77.8624,19.1139,3,0.156,0.094,0.121
81,veh7,veh0,10,3,0.7,1158.62,9.49586,7.77747,-80.0476,16.9287,3,0.156,0.077,0.121
81,veh6,veh7,10,1,0.9,444.172,8.51605,9.49586,-79.8552,17.1211,1,0.127,0.156,0.121
81,veh6,veh5,10,1,0.9,674.486,8.51605,6.77295,-81.8308,15.1455,1,0.127,0.156,0.121
81,veh6,veh8,10,0,1,660.777,8.51605,6.66356,nan,nan,0,0.127,0.146,0.121
81,veh6,veh3,10,9,0.1,248.261,8.51605,8.6529,-73.1647,17.4439,9,0.127,0.114,0.121
81,veh6,veh4,10,5,0.5,464.03,8.51605,0,-76.2779,12.2075,5,0.127,0.1,0.121
81,veh6,veh2,10,3,0.7,377.789,8.51605,12.7997,-76.0797,10.9229,3,0.127,0.119,0.121
81,veh6,veh1,10,6,0.4,345.009,8.51605,1.98935,-74.5745,13.8792,6,0.127,0.094,0.121
81,veh6,veh0,10,4,0.6,730.789,8.51605,7.77747,-78.1639,9.27176,4,0.127,0.077,0.121
81,veh5,veh7,10,5,0.5,295.029,6.77295,9.49586,-72.1679,12.6284,5,0.156,0.156,0.121
81,veh5,veh6,10,0,1,674.486,6.77295,8.51605,nan,nan,0,0.156,0.127,0.121
81,veh5,veh8,10,8,0.2,129.864,6.77295,6.66356,-68.42,18.3893,8,0.156,0.146,0.121
81,veh5,veh3,10,1,0.9,910.72,6.77295,8.6529,-81.5805,15.3958,1,0.156,0.114,0.121
81,veh5,veh4,10,0,1,864.619,6.77295,0,nan,nan,0,0.156,0.1,0.121
81,veh5,veh2,10,4,0.6,503.059,6.77295,12.7997,-76.7815,20.1948,4,0.156,0.119,0.121
81,veh5,veh1,10,0,1,950.089,6.77295,1.98935,nan,nan,0,0.156,0.094,0.121
81,veh5,veh0,10,0,1,1324.28,6.77295,7.77747,nan,nan,0,0.156,0.077,0.121
81,veh8,veh7,10,6,0.4,357.926,6.66356,9.49586,-73.2044,23.7719,6,0.146,0.156,0.121
81,veh8,veh6,10,8,0.2,660.777,6.66356,8.51605,-77.1789,19.7974,8,0.146,0.127,0.121
81,veh8,veh5,10,9,0.1,129.864,6.66356,6.77295,-68.3767,28.5995,9,0.146,0.156,0.121
81,veh8,veh3,10,3,0.7,881.177,6.66356,8.6529,-79.643,17.3332,3,0.146,0.114,0.121
81,veh8,veh4,10,6,0.4,780.454,6.66356,0,-78.6069,18.3694,6,0.146,0.1,0.121
81,veh8,veh2,10,7,0.3,421.025,6.66356,12.7997,-74.3867,22.5896,7,0.146,0.119,0.121
81,veh8,veh1,10,4,0.6,899.73,6.66356,1.98935,-79.8991,17.0772,4,0.146,0.094,0.121
81,veh8,veh0,10,2,0.8,1260.36,6.66356,7.77747,-80.5837,16.3926,2,0.146,0.077,0.121
81,veh3,veh7,10,2,0.8,692.377,8.6529,9.49586,-78.1199,18.8564,2,0.114,0.156,0.121
81,veh3,veh6,10,10,0,248.261,8.6529,8.51605,-71.9381,25.0382,10,0.114,0.127,0.121
81,veh3,veh5,10,3,0.7,910.72,8.6529,6.77295,-78.9191,18.0572,3,0.114,0.156,0.121
81,veh3,veh8,10,2,0.8,881.177,8.6529,6.66356,-80.1887,16.7876,2,0.114,0.146,0.121
81,veh3,veh4,10,7,0.3,410.835,8.6529,0,-76.3717,20.6046,7,0.114,0.1,0.121
81,veh3,veh2,10,8,0.2,522.995,8.6529,12.7997,-75.6841,21.2922,8,0.114,0.119,0.121
81,veh3,veh1,10,8,0.2,156.095,8.6529,1.98935,-70.351,26.6253,8,0.114,0.094,0.121
81,veh3,veh0,10,7,0.3,501.026,8.6529,7.77747,-74.9942,21.9821,7,0.114,0.077,0.121
81,veh4,veh7,10,0,1,772.314,0,9.49586,nan,nan,0,0.1,0.156,0.121
81,veh4,veh6,10,8,0.2,464.03,0,8.51605,-74.9077,9.41375,8,0.1,0.127,0.121
81,veh4,veh5,10,0,1,864.619,0,6.77295,nan,nan,0,0.1,0.156,0.121
81,veh4,veh8,10,0,1,780.454,0,6.66356,nan,nan,0,0.1,0.146,0.121
81,veh4,veh3,10,6,0.4,410.835,0,8.6529,-74.6253,11.7797,6,0.1,0.114,0.121
81,veh4,veh2,10,6,0.4,361.926,0,12.7997,-73.7272,12.2002,6,0.1,0.119,0.121
81,veh4,veh1,10,6,0.4,285.46,0,1.98935,-72.8568,14.4464,6,0.1,0.094,0.121
81,veh4,veh0,10,6,0.4,509.595,0,7.77747,-78.1234,15.2653,6,0.1,0.077,0.121
81,veh2,veh7,10,9,0.1,456.149,12.7997,9.49586,-77.545,19.4313,9,0.119,0.156,0.121
81,veh2,veh6,10,9,0.1,377.789,12.7997,8.51605,-75.9432,21.0331,9,0.119,0.127,0.121
81,veh2,veh5,10,7,0.3,503.059,12.7997,6.77295,-77.4704,19.5059,7,0.119,0.156,0.121
81,veh2,veh8,10,8,0.2,421.025,12.7997,6.66356,-75.0608,21.9155,8,0.119,0.146,0.121
81,veh2,veh3,10,8,0.2,522.995,12.7997,8.6529,-77.3746,19.6016,8,0.119,0.114,0.121
81,veh2,veh4,10,5,0.5,361.926,12.7997,0,-74.8597,22.1165,5,0.119,0.1,0.121
81,veh2,veh1,10,9,0.1,500.28,12.7997,1.98935,-76.5814,20.3949,9,0.119,0.094,0.121
81,veh2,veh0,10,5,0.5,842.427,12.7997,7.77747,-78.4307,18.5456,5,0.119,0.077,0.121
81,veh1,veh7,10,1,0.9,769.773,1.98935,9.49586,-78.3607,18.6156,1,0.094,0.156,0.121
81,veh1,veh6,10,7,0.3,345.009,1.98935,8.51605,-73.5271,23.4492,7,0.094,0.127,0.121
81,veh1,veh5,10,0,1,950.089,1.98935,6.77295,nan,nan,0,0.094,0.156,0.121
81,veh1,veh8,10,1,0.9,899.73,1.98935,6.66356,-80.2213,16.7549,1,0.094,0.146,0.121
81,veh1,veh3,10,8,0.2,156.095,1.98935,8.6529,-69.3314,27.6448,8,0.094,0.114,0.121
81,veh1,veh4,10,8,0.2,285.46,1.98935,0,-73.7375,23.2388,8,0.094,0.1,0.121
81,veh1,veh2,10,4,0.6,500.28,1.98935,12.7997,-78.0693,18.907,4,0.094,0.119,0.121
81,veh1,veh0,10,6,0.4,389.272,1.98935,7.77747,-75.9874,20.9888,6,0.094,0.077,0.121
81,veh0,veh7,10,0,1,1158.62,7.77747,9.49586,nan,nan,0,0.077,0.156,0.121
81,veh0,veh6,10,2,0.8,730.789,7.77747,8.51605,-79.1732,8.50768,2,0.077,0.127,0.121
81,veh0,veh5,10,0,1,1324.28,7.77747,6.77295,nan,nan,0,0.077,0.156,0.121
81,veh0,veh8,10,0,1,1260.36,7.77747,6.66356,nan,nan,0,0.077,0.146,0.121
81,veh0,veh3,10,4,0.6,501.026,7.77747,8.6529,-74.3715,16.3977,4,0.077,0.114,0.121
81,veh0,veh4,10,3,0.7,509.595,7.77747,0,-75.006,16.5507,3,0.077,0.1,0.121
81,veh0,veh2,10,1,0.9,842.427,7.77747,12.7997,-79.5589,11.2248,1,0.077,0.119,0.121
81,veh0,veh1,10,6,0.4,389.272,7.77747,1.98935,-76.7938,11.508,6,0.077,0.094,0.121
82,veh7,veh6,10,4,0.6,432.214,11.6677,8.11772,-75.9314,21.0449,4,0.137,0.127,0.119444
82,veh7,veh5,10,5,0.5,285.017,11.6677,6.37263,-73.0591,23.9171,5,0.137,0.145,0.119444
82,veh7,veh8,10,7,0.3,344.73,11.6677,6.97087,-74.8787,22.0976,7,0.137,0.145,0.119444
82,veh7,veh3,10,7,0.3,691.001,11.6677,8.4637,-79.9437,17.0326,7,0.137,0.107,0.119444
82,veh7,veh4,10,3,0.7,762.735,11.6677,0,-78.0502,18.9261,3,0.137,0.105,0.119444
82,veh7,veh2,10,4,0.6,441.03,11.6677,13.2587,-71.579,25.3973,4,0.137,0.126,0.119444
82,veh7,veh1,10,3,0.7,759.552,11.6677,4.46623,-79.8898,17.0865,3,0.137,0.106,0.119444
82,veh7,veh0,10,1,0.9,1153.02,11.6677,8.11911,-80.4373,16.539,1,0.137,0.077,0.119444
82,veh6,veh7,10,2,0.8,432.214,8.11772,11.6677,-70.7797,26.1966,2,0.127,0.137,0.119444
82,veh6,veh5,10,1,0.9,660.107,8.11772,6.37263,-75.9293,21.047,1,0.127,0.145,0.119444
82,veh6,veh8,10,0,1,645.843,8.11772,6.97087,nan,nan,0,0.127,0.145,0.119444
82,veh6,veh3,10,9,0.1,259.089,8.11772,8.4637,-74.7708,11.6007,9,0.127,0.107,0.119444
82,veh6,veh4,10,4,0.6,464.631,8.11772,0,-76.3042,13.9327,4,0.127,0.105,0.119444
82,veh6,veh2,10,5,0.5,381.454,8.11772,13.2587,-72.6606,11.7417,5,0.127,0.126,0.119444
82,veh6,veh1,10,6,0.4,347.43,8.11772,4.46623,-74.015,12.5116,6,0.127,0.106,0.119444
82,veh6,veh0,10,3,0.7,738.93,8.11772,8.11911,-78.5564,15.522,3,0.127,0.077,0.119444
82,veh5,veh7,10,6,0.4,285.017,6.37263,11.6677,-73.6865,9.25011,6,0.145,0.137,0.119444
82,veh5,veh6,10,1,0.9,660.107,6.37263,8.11772,-76.6665,20.3098,1,0.145,0.127,0.119444
82,veh5,veh8,10,9,0.1,128.572,6.37263,6.97087,-69.9221,15.8069,9,0.145,0.145,0.119444
82,veh5,veh3,10,0,1,905.62,6.37263,8.4637,nan,nan,0,0.145,0.107,0.119444
82,veh5,veh4,10,0,1,858.717,6.37263,0,nan,nan,0,0.145,0.105,0.119444
82,veh5,veh2,10,1,0.9,486.689,6.37263,13.2587,-76.3458,20.6305,1,0.145,0.126,0.119444
82,veh5,veh1,10,0,1,939.493,6.37263,4.46623,nan,nan,0,0.145,0.106,0.119444
82,veh5,veh0,10,0,1,1317.56,6.37263,8.11911,nan,nan,0,0.145,0.077,0.119444
82,veh8,veh7,10,8,0.2,344.73,6.97087,11.6677,-74.4786,22.4977,8,0.145,0.137,0.119444
82,veh8,veh6,10,7,0.3,645.843,6.97087,8.11772,-78.1635,18.8128,7,0.145,0.127,0.119444
82,veh8,veh5,10,9,0.1,128.572,6.97087,6.37263,-65.9582,31.018,9,0.145,0.145,0.119444
82,veh8,veh3,10,5,0.5,874.281,6.97087,8.4637,-79.1545,17.8218,5,0.145,0.107,0.119444
82,veh8,veh4,10,2,0.8,774.318,6.97087,0,-81.1414,15.8349,2,0.145,0.105,0.119444
82,veh8,veh2,10,9,0.1,402.636,6.97087,13.2587,-77.3668,19.6095,9,0.145,0.126,0.119444
82,veh8,veh1,10,5,0.5,888.49,6.97087,4.46623,-80.6775,16.2987,5,0.145,0.106,0.119444
82,veh8,veh0,10,2,0.8,1252.6,6.97087,8.11911,-80.7609,16.2153,2,0.145,0.077,0.119444
82,veh3,veh7,10,5,0.5,691.001,8.4637,11.6677,-79.2442,17.7321,5,0.107,0.137,0.119444
82,veh3,veh6,10,8,0.2,259.089,8.4637,8.11772,-76.1648,20.8115,8,0.107,0.127,0.119444
82,veh3,veh5,10,2,0.8,905.62,8.4637,6.37263,-81.1162,15.8601,2,0.107,0.145,0.119444
82,veh3,veh8,10,4,0.6,874.281,8.4637,6.97087,-78.6874,18.2889,4,0.107,0.145,0.119444
82,veh3,veh4,10,7,0.3,403.37,8.4637,0,-75.1948,21.7815,7,0.107,0.105,0.119444
82,veh3,veh2,10,5,0.5,533.035,8.4637,13.2587,-76.633,20.3433,5,0.107,0.126,0.119444
82,veh3,veh1,10,8,0.2,147.599,8.4637,4.46623,-66.3735,30.6027,8,0.107,0.106,0.119444
82,veh3,veh0,10,4,0.6,497.813,8.4637,8.11911,-76.3595,20.6168,4,0.107,0.077,0.119444
82,veh4,veh7,10,0,1,762.735,0,11.6677,nan,nan,0,0.105,0.137,0.119444
82,veh4,veh6,10,6,0.4,464.631,0,8.11772,-75.8408,8.32988,6,0.105,0.127,0.119444
82,veh4,veh5,10,0,1,858.717,0,6.37263,nan,nan,0,0.105,0.145,0.119444
82,veh4,veh8,10,0,1,774.318,0,6.97087,nan,nan,0,0.105,0.145,0.119444
82,veh4,veh3,10,3,0.7,403.37,0,8.4637,-74.0825,12.3769,3,0.105,0.107,0.119444
82,veh4,veh2,10,4,0.6,373.082,0,13.2587,-75.0975,8.35256,4,0.105,0.126,0.119444
82,veh4,veh1,10,5,0.5,282.386,0,4.46623,-72.5299,12.832,5,0.105,0.106,0.119444
82,veh4,veh0,10,5,0.5,506.388,0,8.11911,-74.0276,12.0986,5,0.105,0.077,0.119444
82,veh2,veh7,10,6,0.4,441.03,13.2587,11.6677,-76.9316,20.0447,6,0.126,0.137,0.119444
82,veh2,veh6,10,9,0.1,381.454,13.2587,8.11772,-76.4169,20.5594,9,0.126,0.127,0.119444
82,veh2,veh5,10,9,0.1,486.689,13.2587,6.37263,-77.2497,19.7266,9,0.126,0.145,0.119444
82,veh2,veh8,10,6,0.4,402.636,13.2587,6.97087,-75.8466,21.1297,6,0.126,0.145,0.119444
82,veh2,veh3,10,5,0.5,533.035,13.2587,8.4637,-76.7219,20.2544,5,0.126,0.107,0.119444
82,veh2,veh4,10,6,0.4,373.082,13.2587,0,-77.498,19.4783,6,0.126,0.105,0.119444
82,veh2,veh1,10,5,0.5,509.075,13.2587,4.46623,-79.312,17.6643,5,0.126,0.106,0.119444
82,veh2,veh0,10,4,0.6,853.629,13.2587,8.11911,-80.1719,16.8044,4,0.126,0.077,0.119444
82,veh1,veh7,10,3,0.7,759.552,4.46623,11.6677,-77.6605,19.3158,3,0.106,0.137,0.119444
82,veh1,veh6,10,7,0.3,347.43,4.46623,8.11772,-74.075,22.9013,7,0.106,0.127,0.119444
82,veh1,veh5,10,1,0.9,939.493,4.46623,6.37263,-80.9849,15.9914,1,0.106,0.145,0.119444
82,veh1,veh8,10,0,1,888.49,4.46623,6.97087,nan,nan,0,0.106,0.145,0.119444
82,veh1,veh3,10,9,0.1,147.599,4.46623,8.4637,-67.8414,29.1349,9,0.106,0.107,0.119444
82,veh1,veh4,10,7,0.3,282.386,4.46623,0,-71.1608,25.8155,7,0.106,0.105,0.119444
82,veh1,veh2,10,5,0.5,509.075,4.46623,13.2587,-78.059,18.9173,5,0.106,0.126,0.119444
82,veh1,veh0,10,8,0.2,394.3,4.46623,8.11911,-76.9765,19.9998,8,0.106,0.077,0.119444
82,veh0,veh7,10,1,0.9,1153.02,8.11911,11.6677,-77.3495,19.6268,1,0.077,0.137,0.119444
82,veh0,veh6,10,4,0.6,738.93,8.11911,8.11772,-78.0134,15.8814,4,0.077,0.127,0.119444
82,veh0,veh5,10,0,1,1317.56,8.11911,6.37263,nan,nan,0,0.077,0.145,0.119444
82,veh0,veh8,10,0,1,1252.6,8.11911,6.97087,nan,nan,0,0.077,0.145,0.119444
82,veh0,veh3,10,4,0.6,497.813,8.11911,8.4637,-76.0539,14.0697,4,0.077,0.107,0.119444
82,veh0,veh4,10,5,0.5,506.388,8.11911,0,-76.1491,12.2129,5,0.077,0.105,0.119444
82,veh0,veh2,10,1,0.9,853.629,8.11911,13.2587,-77.0656,19.9107,1,0.077,0.126,0.119444
82,veh0,veh1,10,5,0.5,394.3,8.11911,4.46623,-76.4147,15.8806,5,0.077,0.106,0.119444
83,veh9,veh7,10,6,0.4,463.142,0,12.0103,-78.3492,18.6271,6,0.122,0.143,0.1201
83,veh9,veh6,10,9,0.1,133.296,0,8.46654,-69.6138,27.3625,9,0.122,0.125,0.1201
83,veh9,veh5,10,5,0.5,717.704,0,6.12716,-77.7479,19.2284,5,0.122,0.149,0.1201
83,veh9,veh8,10,2,0.8,722.129,0,7.19478,-79.9997,16.9766,2,0.122,0.13,0.1201
83,veh9,veh3,10,8,0.2,289.435,0,8.43914,-72.2892,24.6871,8,0.122,0.111,0.1201
83,veh9,veh4,10,4,0.6,577.563,0,0,-77.0944,19.8819,4,0.122,0.106,0.1201
83,veh9,veh2,10,5,0.5,514.408,0,13.2238,-77.2285,19.7478,5,0.122,0.114,0.1201
83,veh9,veh1,10,7,0.3,407.376,0,6.42244,-77.1411,18.8221,7,0.122,0.114,0.1201
83,veh9,veh0,10,3,0.7,783.357,0,3.61911,-78.3939,18.5824,3,0.122,0.087,0.1201
83,veh7,veh9,10,4,0.6,463.142,12.0103,0,-78.1424,18.8339,4,0.143,0.122,0.1201
83,veh7,veh6,10,7,0.3,419.949,12.0103,8.46654,-78.6496,18.3267,7,0.143,0.125,0.1201
83,veh7,veh5,10,7,0.3,275.213,12.0103,6.12716,-73.076,23.9003,7,0.143,0.149,0.1201
83,veh7,veh8,10,8,0.2,331.162,12.0103,7.19478,-75.9143,21.062,8,0.143,0.13,0.1201
83,veh7,veh3,10,4,0.6,687.945,12.0103,8.43914,-76.5436,20.4327,4,0.143,0.111,0.1201
83,veh7,veh4,10,2,0.8,752.937,12.0103,0,-80.2002,16.7761,2,0.143,0.106,0.1201
83,veh7,veh2,10,5,0.5,425.789,12.0103,13.2238,-78.3645,18.6118,5,0.143,0.114,0.1201
83,veh7,veh1,10,3,0.7,747.567,12.0103,6.42244,-79.3323,17.644,3,0.143,0.114,0.1201
83,veh7,veh0,10,2,0.8,1146.62,12.0103,3.61911,-81.5759,15.4004,2,0.143,0.087,0.1201
83,veh6,veh9,10,8,0.2,133.296,8.46654,0,-70.4253,15.1006,8,0.125,0.122,0.1201
83,veh6,veh7,10,5,0.5,419.949,8.46654,12.0103,-77.1053,19.871,5,0.125,0.143,0.1201
83,veh6,veh5,10,0,1,645.623,8.46654,6.12716,nan,nan,0,0.125,0.149,0.1201
83,veh6,veh8,10,0,1,630.351,8.46654,7.19478,nan,nan,0,0.125,0.13,0.1201
83,veh6,veh3,10,7,0.3,268.751,8.46654,8.43914,-71.7349,13.3296,7,0.125,0.111,0.1201
83,veh6,veh4,10,6,0.4,465.408,8.46654,0,-77.9597,10.3897,6,0.125,0.106,0.1201
83,veh6,veh2,10,4,0.6,384.869,8.46654,13.2238,-73.5712,11.4977,4,0.125,0.114,0.1201
83,veh6,veh1,10,9,0.1,348.782,8.46654,6.42244,-74.7848,13.6074,9,0.125,0.114,0.1201
83,veh6,veh0,10,2,0.8,746.126,8.46654,3.61911,-79.8457,8.7519,2,0.125,0.087,0.1201
83,veh5,veh9,10,2,0.8,717.704,6.12716,0,-78.5247,18.4516,2,0.149,0.122,0.1201
83,veh5,veh7,10,5,0.5,275.213,6.12716,12.0103,-71.7945,17.117,5,0.149,0.143,0.1201
83,veh5,veh6,10,2,0.8,645.623,6.12716,8.46654,-81.0808,15.8955,2,0.149,0.125,0.1201
83,veh5,veh8,10,8,0.2,127.42,6.12716,7.19478,-65.4207,18.55,8,0.149,0.13,0.1201
83,veh5,veh3,10,0,1,899.289,6.12716,8.43914,nan,nan,0,0.149,0.111,0.1201
83,veh5,veh4,10,0,1,853.048,6.12716,0,nan,nan,0,0.149,0.106,0.1201
83,veh5,veh2,10,0,1,470.806,6.12716,13.2238,nan,nan,0,0.149,0.114,0.1201
83,veh5,veh1,10,0,1,927.288,6.12716,6.42244,nan,nan,0,0.149,0.114,0.1201
83,veh5,veh0,10,1,0.9,1311.36,6.12716,3.61911,-78.9009,18.0754,1,0.149,0.087,0.1201
83,veh8,veh9,10,5,0.5,722.129,7.19478,0,-77.7013,19.275,5,0.13,0.122,0.1201
83,veh8,veh7,10,7,0.3,331.162,7.19478,12.0103,-75.6276,21.3487,7,0.13,0.143,0.1201
83,veh8,veh6,10,5,0.5,630.351,7.19478,8.46654,-78.0408,18.9355,5,0.13,0.125,0.1201
83,veh8,veh5,10,10,0,127.42,7.19478,6.12716,-67.8462,29.1301,10,0.13,0.149,0.1201
83,veh8,veh3,10,5,0.5,865.747,7.19478,8.43914,-79.0413,17.935,5,0.13,0.111,0.1201
83,veh8,veh4,10,5,0.5,768,7.19478,0,-78.0865,18.8898,5,0.13,0.106,0.1201
83,veh8,veh2,10,8,0.2,384.261,7.19478,13.2238,-75.6347,21.3416,8,0.13,0.114,0.1201
83,veh8,veh1,10,2,0.8,875.114,7.19478,6.42244,-78.3253,18.6509,2,0.13,0.114,0.1201
83,veh8,veh0,10,0,1,1245.3,7.19478,3.61911,nan,nan,0,0.13,0.087,0.1201
83,veh3,veh9,10,6,0.4,289.435,8.43914,0,-74.9124,22.0639,6,0.111,0.122,0.1201
83,veh3,veh7,10,4,0.6,687.945,8.43914,12.0103,-78.405,18.5713,4,0.111,0.143,0.1201
83,veh3,veh6,10,7,0.3,268.751,8.43914,8.46654,-73.9263,23.0499,7,0.111,0.125,0.1201
83,veh3,veh5,10,2,0.8,899.289,8.43914,6.12716,-79.4626,17.5137,2,0.111,0.149,0.1201
83,veh3,veh8,10,3,0.7,865.747,8.43914,7.19478,-79.6897,17.2866,3,0.111,0.13,0.1201
83,veh3,veh4,10,9,0.1,395.647,8.43914,0,-73.9325,23.0438,9,0.111,0.106,0.1201
83,veh3,veh2,10,7,0.3,542.009,8.43914,13.2238,-77.9393,19.037,7,0.111,0.114,0.1201
83,veh3,veh1,10,10,0,139.746,8.43914,6.42244,-66.2068,30.7695,10,0.111,0.114,0.1201
83,veh3,veh0,10,8,0.2,494.052,8.43914,3.61911,-75.4647,21.5116,8,0.111,0.087,0.1201
83,veh4,veh9,10,3,0.7,577.563,0,0,-78.6783,8.38642,3,0.106,0.122,0.1201
83,veh4,veh7,10,1,0.9,752.937,0,12.0103,-80.0914,16.8848,1,0.106,0.143,0.1201
83,veh4,veh6,10,3,0.7,465.408,0,8.46654,-78.8411,9.65099,3,0.106,0.125,0.1201
83,veh4,veh5,10,0,1,853.048,0,6.12716,nan,nan,0,0.106,0.149,0.1201
83,veh4,veh8,10,0,1,768,0,7.19478,nan,nan,0,0.106,0.13,0.1201
83,veh4,veh3,10,7,0.3,395.647,0,8.43914,-73.5352,13.1993,7,0.106,0.111,0.1201
83,veh4,veh2,10,5,0.5,384.343,0,13.2238,-75.0166,10.9529,5,0.106,0.114,0.1201
83,veh4,veh1,10,9,0.1,278.03,0,6.42244,-70.7019,16.1593,9,0.106,0.114,0.1201
83,veh4,veh0,10,5,0.5,504.989,0,3.61911,-76.0357,10.8988,5,0.106,0.087,0.1201
83,veh2,veh9,10,5,0.5,514.408,13.2238,0,-76.6005,20.3758,5,0.114,0.122,0.1201
83,veh2,veh7,10,6,0.4,425.789,13.2238,12.0103,-78.2766,18.6997,6,0.114,0.143,0.1201
83,veh2,veh6,10,5,0.5,384.869,13.2238,8.46654,-77.5674,19.4089,5,0.114,0.125,0.1201
83,veh2,veh5,10,5,0.5,470.806,13.2238,6.12716,-78.079,18.8972,5,0.114,0.149,0.1201
83,veh2,veh8,10,6,0.4,384.261,13.2238,7.19478,-75.4966,21.4797,6,0.114,0.13,0.1201
83,veh2,veh3,10,9,0.1,542.009,13.2238,8.43914,-78.1884,18.7879,9,0.114,0.111,0.1201
83,veh2,veh4,10,7,0.3,384.343,13.2238,0,-72.8314,24.1449,7,0.114,0.106,0.1201
83,veh2,veh1,10,8,0.2,515.878,13.2238,6.42244,-79.1479,17.8283,8,0.114,0.114,0.1201
83,veh2,veh0,10,1,0.9,865.657,13.2238,3.61911,-76.8012,20.1751,1,0.114,0.087,0.1201
83,veh1,veh9,10,3,0.7,407.376,6.42244,0,-74.0564,22.9198,3,0.114,0.122,0.1201
83,veh1,veh7,10,1,0.9,747.567,6.42244,12.0103,-79.5766,17.3997,1,0.114,0.143,0.1201
83,veh1,veh6,10,3,0.7,348.782,6.42244,8.46654,-77.0351,19.9412,3,0.114,0.125,0.1201
83,veh1,veh5,10,0,1,927.288,6.42244,6.12716,nan,nan,0,0.114,0.149,0.1201
83,veh1,veh8,10,0,1,875.114,6.42244,7.19478,nan,nan,0,0.114,0.13,0.1201
83,veh1,veh3,10,6,0.4,139.746,6.42244,8.43914,-69.597,27.3793,6,0.114,0.111,0.1201
83,veh1,veh4,10,5,0.5,278.03,6.42244,0,-77.0745,19.9018,5,0.114,0.106,0.1201
83,veh1,veh2,10,2,0.8,515.878,6.42244,13.2238,-77.4042,19.5721,2,0.114,0.114,0.1201
83,veh1,veh0,10,8,0.2,400.056,6.42244,3.61911,-74.3002,22.6761,8,0.114,0.087,0.1201
83,veh0,veh9,10,4,0.6,783.357,3.61911,0,-80.3608,10.79,4,0.087,0.122,0.1201
83,veh0,veh7,10,0,1,1146.62,3.61911,12.0103,nan,nan,0,0.087,0.143,0.1201
83,veh0,veh6,10,1,0.9,746.126,3.61911,8.46654,-77.8073,5.4246,1,0.087,0.125,0.1201
83,veh0,veh5,10,0,1,1311.36,3.61911,6.12716,nan,nan,0,0.087,0.149,0.1201
83,veh0,veh8,10,0,1,1245.3,3.61911,7.19478,nan,nan,0,0.087,0.13,0.1201
83,veh0,veh3,10,3,0.7,494.052,3.61911,8.43914,-77.3998,12.4919,3,0.087,0.111,0.1201
83,veh0,veh4,10,4,0.6,504.989,3.61911,0,-75.0741,13.1272,4,0.087,0.106,0.1201
83,veh0,veh2,10,0,1,865.657,3.61911,13.2238,nan,nan,0,0.087,0.114,0.1201
83,veh0,veh1,10,3,0.7,400.056,3.61911,6.42244,-75.5631,17.223,3,0.087,0.114,0.1201
84,veh9,veh7,10,8,0.2,462.281,2.15928,12.1343,-76.5642,20.4121,8,0.122,0.144,0.1257
84,veh9,veh6,10,10,0,139.658,2.15928,8.47464,-69.604,25.6728,10,0.122,0.124,0.1257
84,veh9,veh5,10,3,0.7,711.764,2.15928,6.62855,-79.6978,13.6403,3,0.122,0.158,0.1257
84,veh9,veh8,10,5,0.5,715.289,2.15928,7.79955,-78.9501,18.0262,5,0.122,0.151,0.1257
84,veh9,veh3,10,9,0.1,297.972,2.15928,8.42126,-73.9221,20.7841,9,0.122,0.116,0.1257
84,veh9,veh4,10,7,0.3,579.721,2.15928,0,-77.0684,19.9079,7,0.122,0.113,0.1257
84,veh9,veh2,10,6,0.4,525.552,2.15928,14.0218,-77.9683,19.008,6,0.122,0.133,0.1257
84,veh9,veh1,10,7,0.3,405.809,2.15928,8.85516,-74.914,22.0623,7,0.122,0.113,0.1257
84,veh9,veh0,10,3,0.7,786.294,2.15928,2.9468,-75.3009,21.6754,3,0.122,0.083,0.1257
84,veh7,veh9,10,8,0.2,462.281,12.1343,2.15928,-77.3485,19.6278,8,0.144,0.122,0.1257
84,veh7,veh6,10,7,0.3,407.798,12.1343,8.47464,-77.7984,19.1779,7,0.144,0.124,0.1257
84,veh7,veh5,10,9,0.1,265.247,12.1343,6.62855,-74.6412,22.3351,9,0.144,0.158,0.1257
84,veh7,veh8,10,8,0.2,317.114,12.1343,7.79955,-74.128,22.8483,8,0.144,0.151,0.1257
84,veh7,veh3,10,4,0.6,686.437,12.1343,8.42126,-77.9042,19.0721,4,0.144,0.116,0.1257
84,veh7,veh4,10,6,0.4,743.104,12.1343,0,-79.8152,17.1611,6,0.144,0.113,0.1257
84,veh7,veh2,10,6,0.4,410.451,12.1343,14.0218,-77.9408,19.0355,6,0.144,0.133,0.1257
84,veh7,veh1,10,3,0.7,733.514,12.1343,8.85516,-80.0648,16.9115,3,0.144,0.113,0.1257
84,veh7,veh0,10,1,0.9,1140.08,12.1343,2.9468,-80.5373,16.439,1,0.144,0.083,0.1257
84,veh6,veh9,10,7,0.3,139.658,8.47464,2.15928,-66.2104,18.1432,7,0.124,0.122,0.1257
84,veh6,veh7,10,1,0.9,407.798,8.47464,12.1343,-76.6898,20.2865,1,0.124,0.144,0.1257
84,veh6,veh5,10,2,0.8,630.669,8.47464,6.62855,-75.4194,21.5569,2,0.124,0.158,0.1257
84,veh6,veh8,10,0,1,614.261,8.47464,7.79955,nan,nan,0,0.124,0.151,0.1257
84,veh6,veh3,10,5,0.5,280.048,8.47464,8.42126,-73.4919,18.9531,5,0.124,0.116,0.1257
84,veh6,veh4,10,6,0.4,466.339,8.47464,0,-74.0404,12.5605,6,0.124,0.113,0.1257
84,veh6,veh2,10,5,0.5,388.892,8.47464,14.0218,-74.2702,11.3746,5,0.124,0.133,0.1257
84,veh6,veh1,10,8,0.2,348.498,8.47464,8.85516,-74.2177,12.5364,8,0.124,0.113,0.1257
84,veh6,veh0,10,1,0.9,753.139,8.47464,2.9468,-77.0037,10.9706,1,0.124,0.083,0.1257
84,veh5,veh9,10,1,0.9,711.764,6.62855,2.15928,-76.7947,20.1816,1,0.158,0.122,0.1257
84,veh5,veh7,10,8,0.2,265.247,6.62855,12.1343,-71.4137,14.1763,8,0.158,0.144,0.1257
84,veh5,veh6,10,2,0.8,630.669,6.62855,8.47464,-80.0727,16.9035,2,0.158,0.124,0.1257
84,veh5,veh8,10,9,0.1,126.042,6.62855,7.79955,-68.9968,14.7847,9,0.158,0.151,0.1257
84,veh5,veh3,10,0,1,894.116,6.62855,8.42126,nan,nan,0,0.158,0.116,0.1257
84,veh5,veh4,10,0,1,846.861,6.62855,0,nan,nan,0,0.158,0.113,0.1257
84,veh5,veh2,10,4,0.6,454.057,6.62855,14.0218,-72.3674,24.6089,4,0.158,0.133,0.1257
84,veh5,veh1,10,1,0.9,912.271,6.62855,8.85516,-78.8934,18.0829,1,0.158,0.113,0.1257
84,veh5,veh0,10,0,1,1304.66,6.62855,2.9468,nan,nan,0,0.158,0.083,0.1257
84,veh8,veh9,10,7,0.3,715.289,7.79955,2.15928,-78.9075,18.0688,7,0.151,0.122,0.1257
84,veh8,veh7,10,7,0.3,317.114,7.79955,12.1343,-75.9149,21.0613,7,0.151,0.144,0.1257
84,veh8,veh6,10,5,0.5,614.261,7.79955,8.47464,-77.4978,19.4785,5,0.151,0.124,0.1257
84,veh8,veh5,10,8,0.2,126.042,7.79955,6.62855,-67.1105,29.8658,8,0.151,0.158,0.1257
84,veh8,veh3,10,4,0.6,858.229,7.79955,8.42126,-78.4714,18.5049,4,0.151,0.116,0.1257
84,veh8,veh4,10,3,0.7,761.168,7.79955,0,-77.2745,19.7018,3,0.151,0.113,0.1257
84,veh8,veh2,10,9,0.1,364.864,7.79955,14.0218,-75.332,21.6443,9,0.151,0.133,0.1257
84,veh8,veh1,10,3,0.7,858.765,7.79955,8.85516,-79.991,16.9853,3,0.151,0.113,0.1257
84,veh8,veh0,10,2,0.8,1237.53,7.79955,2.9468,-80.7764,16.1998,2,0.151,0.083,0.1257
84,veh3,veh9,10,8,0.2,297.972,8.42126,2.15928,-72.5455,24.4308,8,0.116,0.122,0.1257
84,veh3,veh7,10,5,0.5,686.437,8.42126,12.1343,-78.1351,18.8411,5,0.116,0.144,0.1257
84,veh3,veh6,10,9,0.1,280.048,8.42126,8.47464,-74.2179,22.7584,9,0.116,0.124,0.1257
84,veh3,veh5,10,4,0.6,894.116,8.42126,6.62855,-79.8885,17.0878,4,0.116,0.158,0.1257
84,veh3,veh8,10,4,0.6,858.229,8.42126,7.79955,-79.993,16.9833,4,0.116,0.151,0.1257
84,veh3,veh4,10,5,0.5,388.307,8.42126,0,-73.215,23.7613,5,0.116,0.113,0.1257
84,veh3,veh2,10,6,0.4,553.339,8.42126,14.0218,-78.1579,18.8184,6,0.116,0.133,0.1257
84,veh3,veh1,10,9,0.1,132.028,8.42126,8.85516,-69.4863,27.49,9,0.116,0.113,0.1257
84,veh3,veh0,10,6,0.4,488.706,8.42126,2.9468,-79.7295,17.2468,6,0.116,0.083,0.1257
84,veh4,veh9,10,4,0.6,579.721,0,2.15928,-78.8676,11.1136,4,0.113,0.122,0.1257
84,veh4,veh7,10,0,1,743.104,0,12.1343,nan,nan,0,0.113,0.144,0.1257
84,veh4,veh6,10,4,0.6,466.339,0,8.47464,-75.1785,10.2737,4,0.113,0.124,0.1257
84,veh4,veh5,10,0,1,846.861,0,6.62855,nan,nan,0,0.113,0.158,0.1257
84,veh4,veh8,10,0,1,761.168,0,7.79955,nan,nan,0,0.113,0.151,0.1257
84,veh4,veh3,10,4,0.6,388.307,0,8.42126,-73.9149,11.3903,4,0.113,0.116,0.1257
84,veh4,veh2,10,3,0.7,396.416,0,14.0218,-78.2494,14.0036,3,0.113,0.133,0.1257
84,veh4,veh1,10,8,0.2,272.159,0,8.85516,-73.5348,12.7884,8,0.113,0.113,0.1257
84,veh4,veh0,10,4,0.6,503.849,0,2.9468,-78.5914,9.9737,4,0.113,0.083,0.1257
84,veh2,veh9,10,8,0.2,525.552,14.0218,2.15928,-78.4521,18.5242,8,0.133,0.122,0.1257
84,veh2,veh7,10,9,0.1,410.451,14.0218,12.1343,-75.4964,21.4799,9,0.133,0.144,0.1257
84,veh2,veh6,10,9,0.1,388.892,14.0218,8.47464,-75.8971,21.0791,9,0.133,0.124,0.1257
84,veh2,veh5,10,8,0.2,454.057,14.0218,6.62855,-78.0671,18.9092,8,0.133,0.158,0.1257
84,veh2,veh8,10,10,0,364.864,14.0218,7.79955,-77.4481,19.5281,10,0.133,0.151,0.1257
84,veh2,veh3,10,6,0.4,553.339,14.0218,8.42126,-78.2477,18.7286,6,0.133,0.116,0.1257
84,veh2,veh4,10,7,0.3,396.416,14.0218,0,-76.0344,20.9419,7,0.133,0.113,0.1257
84,veh2,veh1,10,6,0.4,521.047,14.0218,8.85516,-76.9688,20.0075,6,0.133,0.113,0.1257
84,veh2,veh0,10,4,0.6,878.563,14.0218,2.9468,-79.7814,17.1949,4,0.133,0.083,0.1257
84,veh1,veh9,10,5,0.5,405.809,8.85516,2.15928,-74.8811,22.0952,5,0.113,0.122,0.1257
84,veh1,veh7,10,2,0.8,733.514,8.85516,12.1343,-77.2471,19.7292,2,0.113,0.144,0.1257
84,veh1,veh6,10,6,0.4,348.498,8.85516,8.47464,-76.8509,20.1254,6,0.113,0.124,0.1257
84,veh1,veh5,10,3,0.7,912.271,8.85516,6.62855,-80.6373,16.339,3,0.113,0.158,0.1257
84,veh1,veh8,10,3,0.7,858.765,8.85516,7.79955,-78.0449,18.9313,3,0.113,0.151,0.1257
84,veh1,veh3,10,9,0.1,132.028,8.85516,8.42126,-70.6898,26.2865,9,0.113,0.116,0.1257
84,veh1,veh4,10,7,0.3,272.159,8.85516,0,-71.5385,25.4378,7,0.113,0.113,0.1257
84,veh1,veh2,10,5,0.5,521.047,8.85516,14.0218,-76.4758,20.5005,5,0.113,0.133,0.1257
84,veh1,veh0,10,7,0.3,407.601,8.85516,2.9468,-74.3802,22.5961,7,0.113,0.083,0.1257
84,veh0,veh9,10,1,0.9,786.294,2.9468,2.15928,-76.9027,4.10571,1,0.083,0.122,0.1257
84,veh0,veh7,10,0,1,1140.08,2.9468,12.1343,nan,nan,0,0.083,0.144,0.1257
84,veh0,veh6,10,2,0.8,753.139,2.9468,8.47464,-75.2445,10.5366,2,0.083,0.124,0.1257
84,veh0,veh5,10,0,1,1304.66,2.9468,6.62855,nan,nan,0,0.083,0.158,0.1257
84,veh0,veh8,10,0,1,1237.53,2.9468,7.79955,nan,nan,0,0.083,0.151,0.1257
84,veh0,veh3,10,7,0.3,488.706,2.9468,8.42126,-77.4773,12.8458,7,0.083,0.116,0.1257
84,veh0,veh4,10,6,0.4,503.849,2.9468,0,-75.6393,13.6129,6,0.083,0.113,0.1257
84,veh0,veh2,10,1,0.9,878.563,2.9468,14.0218,-81.6529,6.15425,1,0.083,0.133,0.1257
84,veh0,veh1,10,5,0.5,407.601,2.9468,8.85516,-73.7333,14.7167,5,0.083,0.113,0.1257
85,veh9,veh7,10,6,0.4,461.849,4.35189,11.092,-77.8426,19.1337,6,0.121,0.148,0.1206
85,veh9,veh6,10,10,0,147.96,4.35189,8.32749,-65.5862,26.6264,10,0.121,0.121,0.1206
85,veh9,veh5,10,5,0.5,705.973,4.35189,6.7947,-78.3886,14.3371,5,0.121,0.156,0.1206
85,veh9,veh8,10,5,0.5,709.908,4.35189,6.97148,-79.17,17.8063,5,0.121,0.139,0.1206
85,veh9,veh3,10,7,0.3,308.837,4.35189,8.86048,-73.5669,20.1916,7,0.121,0.107,0.1206
85,veh9,veh4,10,5,0.5,584.069,4.35189,0,-79.2354,17.7409,5,0.121,0.108,0.1206
85,veh9,veh2,10,5,0.5,537.932,4.35189,13.403,-74.4575,22.5188,5,0.121,0.128,0.1206
85,veh9,veh1,10,6,0.4,406,4.35189,10.275,-75.41,19.8284,6,0.121,0.103,0.1206
85,veh9,veh0,10,2,0.8,789.255,4.35189,2.50091,-78.2807,11.3053,2,0.121,0.075,0.1206
85,veh7,veh9,10,3,0.7,461.849,11.092,4.35189,-79.6102,17.3661,3,0.148,0.121,0.1206
85,veh7,veh6,10,5,0.5,396.297,11.092,8.32749,-75.4269,21.5493,5,0.148,0.121,0.1206
85,veh7,veh5,10,7,0.3,255.727,11.092,6.7947,-73.9725,23.0037,7,0.148,0.156,0.1206
85,veh7,veh8,10,9,0.1,304.409,11.092,6.97148,-74.7938,22.1825,9,0.148,0.139,0.1206
85,veh7,veh3,10,2,0.8,685.542,11.092,8.86048,-79.3329,17.6434,2,0.148,0.107,0.1206
85,veh7,veh4,10,5,0.5,734.176,11.092,0,-76.5763,20.4,5,0.148,0.108,0.1206
85,veh7,veh2,10,10,0,396.506,11.092,13.403,-75.9626,21.0136,10,0.148,0.128,0.1206
85,veh7,veh1,10,5,0.5,718.912,11.092,10.275,-80.5197,16.4566,5,0.148,0.103,0.1206
85,veh7,veh0,10,0,1,1132.59,11.092,2.50091,nan,nan,0,0.148,0.075,0.1206
85,veh6,veh9,10,9,0.1,147.96,8.32749,4.35189,-69.2108,16.9414,9,0.121,0.121,0.1206
85,veh6,veh7,10,3,0.7,396.297,8.32749,11.092,-72.7228,24.2535,3,0.121,0.148,0.1206
85,veh6,veh5,10,1,0.9,615.706,8.32749,6.7947,-79.3531,17.6232,1,0.121,0.156,0.1206
85,veh6,veh8,10,1,0.9,599.144,8.32749,6.97148,-72.7415,24.2348,1,0.121,0.139,0.1206
85,veh6,veh3,10,8,0.2,291.499,8.32749,8.86048,-73.3622,16.3098,8,0.121,0.107,0.1206
85,veh6,veh4,10,4,0.6,467.401,8.32749,0,-76.4407,10.3198,4,0.121,0.108,0.1206
85,veh6,veh2,10,7,0.3,392.573,8.32749,13.403,-74.6945,12.0143,7,0.121,0.128,0.1206
85,veh6,veh1,10,6,0.4,347.211,8.32749,10.275,-72.1627,14.1717,6,0.121,0.103,0.1206
85,veh6,veh0,10,3,0.7,758.387,8.32749,2.50091,-78.9384,10.2163,3,0.121,0.075,0.1206
85,veh5,veh9,10,1,0.9,705.973,6.7947,4.35189,-78.6088,18.3675,1,0.156,0.121,0.1206
85,veh5,veh7,10,5,0.5,255.727,6.7947,11.092,-69.4786,15.1798,5,0.156,0.148,0.1206
85,veh5,veh6,10,1,0.9,615.706,6.7947,8.32749,-74.5186,22.4577,1,0.156,0.121,0.1206
85,veh5,veh8,10,9,0.1,124.433,6.7947,6.97148,-69.3525,15.5294,9,0.156,0.139,0.1206
85,veh5,veh3,10,0,1,888.965,6.7947,8.86048,nan,nan,0,0.156,0.107,0.1206
85,veh5,veh4,10,0,1,840.517,6.7947,0,nan,nan,0,0.156,0.108,0.1206
85,veh5,veh2,10,5,0.5,437.901,6.7947,13.403,-72.5996,24.3767,5,0.156,0.128,0.1206
85,veh5,veh1,10,0,1,895.813,6.7947,10.275,nan,nan,0,0.156,0.103,0.1206
85,veh5,veh0,10,0,1,1296.38,6.7947,2.50091,nan,nan,0,0.156,0.075,0.1206
85,veh8,veh9,10,4,0.6,709.908,6.97148,4.35189,-78.0989,18.8774,4,0.139,0.121,0.1206
85,veh8,veh7,10,8,0.2,304.409,6.97148,11.092,-76.2096,20.7667,8,0.139,0.148,0.1206
85,veh8,veh6,10,2,0.8,599.144,6.97148,8.32749,-78.1304,18.8459,2,0.139,0.121,0.1206
85,veh8,veh5,10,10,0,124.433,6.97148,6.7947,-65.8558,31.1205,10,0.139,0.156,0.1206
85,veh8,veh3,10,3,0.7,851.686,6.97148,8.86048,-79.2479,17.7284,3,0.139,0.107,0.1206
85,veh8,veh4,10,4,0.6,755.077,6.97148,0,-78.7446,18.2317,4,0.139,0.108,0.1206
85,veh8,veh2,10,7,0.3,346.994,6.97148,13.403,-76.6043,20.372,7,0.139,0.128,0.1206
85,veh8,veh1,10,3,0.7,841.908,6.97148,10.275,-80.3141,16.6621,3,0.139,0.103,0.1206
85,veh8,veh0,10,1,0.9,1229.23,6.97148,2.50091,-79.5569,17.4194,1,0.139,0.075,0.1206
85,veh3,veh9,10,9,0.1,308.837,8.86048,4.35189,-74.961,22.0153,9,0.107,0.121,0.1206
85,veh3,veh7,10,7,0.3,685.542,8.86048,11.092,-78.0594,18.9169,7,0.107,0.148,0.1206
85,veh3,veh6,10,9,0.1,291.499,8.86048,8.32749,-74.7347,22.2416,9,0.107,0.121,0.1206
85,veh3,veh5,10,3,0.7,888.965,8.86048,6.7947,-78.9328,18.0435,3,0.107,0.156,0.1206
85,veh3,veh8,10,2,0.8,851.686,8.86048,6.97148,-78.5714,18.4049,2,0.107,0.139,0.1206
85,veh3,veh4,10,9,0.1,380.656,8.86048,0,-73.5515,23.4248,9,0.107,0.108,0.1206
85,veh3,veh2,10,8,0.2,564.237,8.86048,13.403,-77.7673,19.209,8,0.107,0.128,0.1206
85,veh3,veh1,10,7,0.3,124.891,8.86048,10.275,-69.4586,27.5177,7,0.107,0.103,0.1206
85,veh3,veh0,10,5,0.5,481.281,8.86048,2.50091,-77.5599,19.4164,5,0.107,0.075,0.1206
85,veh4,veh9,10,2,0.8,584.069,0,4.35189,-75.843,13.1824,2,0.108,0.121,0.1206
85,veh4,veh7,10,1,0.9,734.176,0,11.092,-76.3782,20.598,1,0.108,0.148,0.1206
85,veh4,veh6,10,3,0.7,467.401,0,8.32749,-75.5036,13.0555,3,0.108,0.121,0.1206
85,veh4,veh5,10,0,1,840.517,0,6.7947,nan,nan,0,0.108,0.156,0.1206
85,veh4,veh8,10,0,1,755.077,0,6.97148,nan,nan,0,0.108,0.139,0.1206
85,veh4,veh3,10,6,0.4,380.656,0,8.86048,-74.8228,11.4905,6,0.108,0.107,0.1206
85,veh4,veh2,10,3,0.7,408.091,0,13.403,-76.6272,7.27331,3,0.108,0.128,0.1206
85,veh4,veh1,10,9,0.1,265.576,0,10.275,-72.6983,13.7066,9,0.108,0.103,0.1206
85,veh4,veh0,10,3,0.7,501.729,0,2.50091,-73.9322,14.6795,3,0.108,0.075,0.1206
85,veh2,veh9,10,8,0.2,537.932,13.403,4.35189,-75.8709,21.1054,8,0.128,0.121,0.1206
85,veh2,veh7,10,9,0.1,396.506,13.403,11.092,-74.31,22.6663,9,0.128,0.148,0.1206
85,veh2,veh6,10,6,0.4,392.573,13.403,8.32749,-75.4253,21.551,6,0.128,0.121,0.1206
85,veh2,veh5,10,7,0.3,437.901,13.403,6.7947,-74.8387,22.1376,7,0.128,0.156,0.1206
85,veh2,veh8,10,10,0,346.994,13.403,6.97148,-75.2165,21.7598,10,0.128,0.139,0.1206
85,veh2,veh3,10,6,0.4,564.237,13.403,8.86048,-78.6353,18.341,6,0.128,0.107,0.1206
85,veh2,veh4,10,7,0.3,408.091,13.403,0,-78.1322,18.8441,7,0.128,0.108,0.1206
85,veh2,veh1,10,6,0.4,524.231,13.403,10.275,-76.3199,20.6564,6,0.128,0.103,0.1206
85,veh2,veh0,10,5,0.5,889.634,13.403,2.50091,-79.6691,17.3071,5,0.128,0.075,0.1206
85,veh1,veh9,10,8,0.2,406,10.275,4.35189,-76.5361,20.4402,8,0.103,0.121,0.1206
85,veh1,veh7,10,2,0.8,718.912,10.275,11.092,-80.6069,16.3694,2,0.103,0.148,0.1206
85,veh1,veh6,10,6,0.4,347.211,10.275,8.32749,-74.4608,22.5155,6,0.103,0.121,0.1206
85,veh1,veh5,10,2,0.8,895.813,10.275,6.7947,-79.1032,17.8731,2,0.103,0.156,0.1206
85,veh1,veh8,10,3,0.7,841.908,10.275,6.97148,-80.3896,16.5867,3,0.103,0.139,0.1206
85,veh1,veh3,10,8,0.2,124.891,10.275,8.86048,-69.4319,27.5443,8,0.103,0.107,0.1206
85,veh1,veh4,10,8,0.2,265.576,10.275,0,-72.4751,24.5012,8,0.103,0.108,0.1206
85,veh1,veh2,10,3,0.7,524.231,10.275,13.403,-76.6156,20.3607,3,0.103,0.128,0.1206
85,veh1,veh0,10,5,0.5,414.626,10.275,2.50091,-76.2265,20.7498,5,0.103,0.075,0.1206
85,veh0,veh9,10,4,0.6,789.255,2.50091,4.35189,-79.378,9.93904,4,0.075,0.121,0.1206
85,veh0,veh7,10,0,1,1132.59,2.50091,11.092,nan,nan,0,0.075,0.148,0.1206
85,veh0,veh6,10,1,0.9,758.387,2.50091,8.32749,-80.3327,6.92686,1,0.075,0.121,0.1206
85,veh0,veh5,10,0,1,1296.38,2.50091,6.7947,nan,nan,0,0.075,0.156,0.1206
85,veh0,veh8,10,0,1,1229.23,2.50091,6.97148,nan,nan,0,0.075,0.139,0.1206
85,veh0,veh3,10,6,0.4,481.281,2.50091,8.86048,-77.7632,12.8843,6,0.075,0.107,0.1206
85,veh0,veh4,10,2,0.8,501.729,2.50091,0,-79.2435,7.74974,2,0.075,0.108,0.1206
85,veh0,veh2,10,1,0.9,889.634,2.50091,13.403,-78.8614,18.1149,1,0.075,0.128,0.1206
85,veh0,veh1,10,5,0.5,414.626,2.50091,10.275,-77.8775,8.09081,5,0.075,0.103,0.1206
86,veh9,veh7,10,8,0.2,462.029,6.83851,12.0222,-78.9605,18.0158,8,0.116,0.153,0.121
86,veh9,veh6,10,10,0,158.389,6.83851,8.34796,-70.3501,22.7804,10,0.116,0.126,0.121
86,veh9,veh5,10,6,0.4,701.022,6.83851,6.31821,-78.541,18.4352,6,0.116,0.151,0.121
86,veh9,veh8,10,3,0.7,704.94,6.83851,7.39223,-78.9528,18.0234,3,0.116,0.139,0.121
86,veh9,veh3,10,7,0.3,321.048,6.83851,7.75062,-76.1622,16.3449,7,0.116,0.109,0.121
86,veh9,veh4,10,4,0.6,590.902,6.83851,0,-76.5728,13.9033,4,0.116,0.111,0.121
86,veh9,veh2,10,5,0.5,550.49,6.83851,12.79,-77.5068,19.4695,5,0.116,0.128,0.121
86,veh9,veh1,10,4,0.6,408.189,6.83851,12.2469,-77.3438,17.6357,4,0.116,0.106,0.121
86,veh9,veh0,10,5,0.5,792.881,6.83851,2.2675,-78.6805,16.2615,5,0.116,0.071,0.121
86,veh7,veh9,10,6,0.4,462.029,12.0222,6.83851,-76.4592,20.5171,6,0.153,0.116,0.121
86,veh7,veh6,10,6,0.4,384.665,12.0222,8.34796,-77.2533,19.723,6,0.153,0.126,0.121
86,veh7,veh5,10,7,0.3,246.444,12.0222,6.31821,-71.8048,25.1714,7,0.153,0.151,0.121
86,veh7,veh8,10,7,0.3,290.783,12.0222,7.39223,-74.9225,22.0538,7,0.153,0.139,0.121
86,veh7,veh3,10,2,0.8,683.899,12.0222,7.75062,-76.4069,20.5694,2,0.153,0.109,0.121
86,veh7,veh4,10,4,0.6,724.571,12.0222,0,-80.1833,16.793,4,0.153,0.111,0.121
86,veh7,veh2,10,6,0.4,380.609,12.0222,12.79,-74.4327,22.5435,6,0.153,0.128,0.121
86,veh7,veh1,10,4,0.6,702.188,12.0222,12.2469,-78.5035,18.4727,4,0.153,0.106,0.121
86,veh7,veh0,10,0,1,1123.89,12.0222,2.2675,nan,nan,0,0.153,0.071,0.121
86,veh6,veh9,10,10,0,158.389,8.34796,6.83851,-71.7656,12.0878,10,0.126,0.116,0.121
86,veh6,veh7,10,5,0.5,384.665,8.34796,12.0222,-72.1699,24.8064,5,0.126,0.153,0.121
86,veh6,veh5,10,2,0.8,601.19,8.34796,6.31821,-80.061,16.9153,2,0.126,0.151,0.121
86,veh6,veh8,10,3,0.7,583.601,8.34796,7.39223,-76.7613,20.215,3,0.126,0.139,0.121
86,veh6,veh3,10,8,0.2,302.501,8.34796,7.75062,-74.4251,11.2658,8,0.126,0.109,0.121
86,veh6,veh4,10,6,0.4,468.612,8.34796,0,-74.9717,15.8312,6,0.126,0.111,0.121
86,veh6,veh2,10,7,0.3,394.649,8.34796,12.79,-75.9516,10.2016,7,0.126,0.128,0.121
86,veh6,veh1,10,3,0.7,344.647,8.34796,12.2469,-74.5939,7.45527,3,0.126,0.106,0.121
86,veh6,veh0,10,3,0.7,762.64,8.34796,2.2675,-80.2527,7.7311,3,0.126,0.071,0.121
86,veh5,veh9,10,3,0.7,701.022,6.31821,6.83851,-75.5241,21.4522,3,0.151,0.116,0.121
86,veh5,veh7,10,5,0.5,246.444,6.31821,12.0222,-70.384,15.7776,5,0.151,0.153,0.121
86,veh5,veh6,10,2,0.8,601.19,6.31821,8.34796,-78.1506,18.8257,2,0.151,0.126,0.121
86,veh5,veh8,10,7,0.3,123.12,6.31821,7.39223,-67.5571,15.008,7,0.151,0.139,0.121
86,veh5,veh3,10,2,0.8,884.153,6.31821,7.75062,-77.788,19.1883,2,0.151,0.109,0.121
86,veh5,veh4,10,0,1,834.624,6.31821,0,nan,nan,0,0.151,0.111,0.121
86,veh5,veh2,10,3,0.7,422.042,6.31821,12.79,-75.8618,21.1144,3,0.151,0.128,0.121
86,veh5,veh1,10,0,1,878.005,6.31821,12.2469,nan,nan,0,0.151,0.106,0.121
86,veh5,veh0,10,0,1,1288.13,6.31821,2.2675,nan,nan,0,0.151,0.071,0.121
86,veh8,veh9,10,1,0.9,704.94,7.39223,6.83851,-80.1936,16.7827,1,0.139,0.116,0.121
86,veh8,veh7,10,8,0.2,290.783,7.39223,12.0222,-73.1918,23.7845,8,0.139,0.153,0.121
86,veh8,veh6,10,7,0.3,583.601,7.39223,8.34796,-78.8361,18.1402,7,0.139,0.126,0.121
86,veh8,veh5,10,10,0,123.12,7.39223,6.31821,-70.0045,26.9718,10,0.139,0.151,0.121
86,veh8,veh3,10,4,0.6,844.758,7.39223,7.75062,-80.7101,16.2662,4,0.139,0.109,0.121
86,veh8,veh4,10,0,1,748.635,7.39223,0,nan,nan,0,0.139,0.111,0.121
86,veh8,veh2,10,9,0.1,328.966,7.39223,12.79,-74.4182,22.5581,9,0.139,0.128,0.121
86,veh8,veh1,10,4,0.6,822.744,7.39223,12.2469,-80.4125,16.5638,4,0.139,0.106,0.121
86,veh8,veh0,10,1,0.9,1220.25,7.39223,2.2675,-81.8004,15.1758,1,0.139,0.071,0.121
86,veh3,veh9,10,5,0.5,321.048,7.75062,6.83851,-76.0189,20.9574,5,0.109,0.116,0.121
86,veh3,veh7,10,8,0.2,683.899,7.75062,12.0222,-78.8533,18.123,8,0.109,0.153,0.121
86,veh3,veh6,10,9,0.1,302.501,7.75062,8.34796,-75.8001,21.1762,9,0.109,0.126,0.121
86,veh3,veh5,10,0,1,884.153,7.75062,6.31821,nan,nan,0,0.109,0.151,0.121
86,veh3,veh8,10,4,0.6,844.758,7.75062,7.39223,-78.3142,18.6621,4,0.109,0.139,0.121
86,veh3,veh4,10,7,0.3,374.006,7.75062,0,-77.7721,19.2041,7,0.109,0.111,0.121
86,veh3,veh2,10,5,0.5,574.495,7.75062,12.79,-75.9321,21.0442,5,0.109,0.128,0.121
86,veh3,veh1,10,10,0,120.521,7.75062,12.2469,-69.8555,27.1208,10,0.109,0.106,0.121
86,veh3,veh0,10,5,0.5,473.446,7.75062,2.2675,-76.0005,20.9758,5,0.109,0.071,0.121
86,veh4,veh9,10,2,0.8,590.902,0,6.83851,-77.3404,15.2207,2,0.111,0.116,0.121
86,veh4,veh7,10,2,0.8,724.571,0,12.0222,-75.6733,21.303,2,0.111,0.153,0.121
86,veh4,veh6,10,6,0.4,468.612,0,8.34796,-72.465,10.4672,6,0.111,0.126,0.121
86,veh4,veh5,10,0,1,834.624,0,6.31821,nan,nan,0,0.111,0.151,0.121
86,veh4,veh8,10,0,1,748.635,0,7.39223,nan,nan,0,0.111,0.139,0.121
86,veh4,veh3,10,6,0.4,374.006,0,7.75062,-75.9071,12.817,6,0.111,0.109,0.121
86,veh4,veh2,10,3,0.7,419.869,0,12.79,-74.1769,13.2662,3,0.111,0.128,0.121
86,veh4,veh1,10,6,0.4,258.042,0,12.2469,-70.1784,14.4447,6,0.111,0.106,0.121
86,veh4,veh0,10,6,0.4,499.858,0,2.2675,-76.6039,11.2121,6,0.111,0.071,0.121
86,veh2,veh9,10,8,0.2,550.49,12.79,6.83851,-77.7935,19.1827,8,0.128,0.116,0.121
86,veh2,veh7,10,9,0.1,380.609,12.79,12.0222,-76.43,20.5463,9,0.128,0.153,0.121
86,veh2,veh6,10,7,0.3,394.649,12.79,8.34796,-76.0353,20.941,7,0.128,0.126,0.121
86,veh2,veh5,10,7,0.3,422.042,12.79,6.31821,-73.1333,23.843,7,0.128,0.151,0.121
86,veh2,veh8,10,8,0.2,328.966,12.79,7.39223,-76.0472,20.9291,8,0.128,0.139,0.121
86,veh2,veh3,10,5,0.5,574.495,12.79,7.75062,-77.2667,19.7096,5,0.128,0.109,0.121
86,veh2,veh4,10,5,0.5,419.869,12.79,0,-75.5895,21.3867,5,0.128,0.111,0.121
86,veh2,veh1,10,6,0.4,524.63,12.79,12.2469,-75.1359,21.8404,6,0.128,0.106,0.121
86,veh2,veh0,10,4,0.6,900.186,12.79,2.2675,-79.1599,17.8164,4,0.128,0.071,0.121
86,veh1,veh9,10,6,0.4,408.189,12.2469,6.83851,-75.5023,21.474,6,0.106,0.116,0.121
86,veh1,veh7,10,4,0.6,702.188,12.2469,12.0222,-80.024,16.9523,4,0.106,0.153,0.121
86,veh1,veh6,10,7,0.3,344.647,12.2469,8.34796,-74.5939,22.3824,7,0.106,0.126,0.121
86,veh1,veh5,10,2,0.8,878.005,12.2469,6.31821,-79.4483,17.528,2,0.106,0.151,0.121
86,veh1,veh8,10,3,0.7,822.744,12.2469,7.39223,-79.4791,17.4972,3,0.106,0.139,0.121
86,veh1,veh3,10,8,0.2,120.521,12.2469,7.75062,-66.4594,30.5169,8,0.106,0.109,0.121
86,veh1,veh4,10,8,0.2,258.042,12.2469,0,-75.4017,21.5745,8,0.106,0.111,0.121
86,veh1,veh2,10,5,0.5,524.63,12.2469,12.79,-76.101,20.8753,5,0.106,0.128,0.121
86,veh1,veh0,10,8,0.2,422.411,12.2469,2.2675,-76.6358,20.3405,8,0.106,0.071,0.121
86,veh0,veh9,10,2,0.8,792.881,2.2675,6.83851,-79.3317,17.6446,2,0.071,0.116,0.121
86,veh0,veh7,10,0,1,1123.89,2.2675,12.0222,nan,nan,0,0.071,0.153,0.121
86,veh0,veh6,10,4,0.6,762.64,2.2675,8.34796,-77.1806,18.0751,4,0.071,0.126,0.121
86,veh0,veh5,10,0,1,1288.13,2.2675,6.31821,nan,nan,0,0.071,0.151,0.121
86,veh0,veh8,10,0,1,1220.25,2.2675,7.39223,nan,nan,0,0.071,0.139,0.121
86,veh0,veh3,10,5,0.5,473.446,2.2675,7.75062,-77.7074,12.4814,5,0.071,0.109,0.121
86,veh0,veh4,10,4,0.6,499.858,2.2675,0,-75.7302,16.4616,4,0.071,0.111,0.121
86,veh0,veh2,10,2,0.8,900.186,2.2675,12.79,-79.6228,13.9247,2,0.071,0.128,0.121
86,veh0,veh1,10,2,0.8,422.411,2.2675,12.2469,-73.2599,21.1728,2,0.071,0.106,0.121
87,veh9,veh7,10,7,0.3,463.003,6.93731,12.0679,-76.9248,20.0515,7,0.119,0.146,0.1212
87,veh9,veh6,10,7,0.3,168.919,6.93731,8.31075,-68.1815,23.5858,7,0.119,0.135,0.1212
87,veh9,veh5,10,3,0.7,696.318,6.93731,6.18955,-79.8771,17.0992,3,0.119,0.144,0.1212
87,veh9,veh8,10,3,0.7,700.504,6.93731,6.97533,-77.6808,19.2955,3,0.119,0.14,0.1212
87,veh9,veh3,10,7,0.3,333.944,6.93731,8.22869,-74.6422,17.5135,7,0.119,0.113,0.1212
87,veh9,veh4,10,7,0.3,597.834,6.93731,0,-76.5286,16.8749,7,0.119,0.11,0.1212
87,veh9,veh2,10,5,0.5,564.787,6.93731,13.3186,-77.8196,15.3394,5,0.119,0.123,0.1212
87,veh9,veh1,10,6,0.4,410.961,6.93731,12.1575,-77.8391,16.8477,6,0.119,0.108,0.1212
87,veh9,veh0,10,3,0.7,796.548,6.93731,2.15521,-79.8331,17.1432,3,0.119,0.074,0.1212
87,veh7,veh9,10,5,0.5,463.003,12.0679,6.93731,-77.4412,19.5351,5,0.146,0.119,0.1212
87,veh7,veh6,10,6,0.4,373.283,12.0679,8.31075,-76.6073,20.369,6,0.146,0.135,0.1212
87,veh7,veh5,10,8,0.2,237.48,12.0679,6.18955,-74.7505,22.2258,8,0.146,0.144,0.1212
87,veh7,veh8,10,9,0.1,277.458,12.0679,6.97533,-72.138,24.8383,9,0.146,0.14,0.1212
87,veh7,veh3,10,2,0.8,682.453,12.0679,8.22869,-78.4991,18.4771,2,0.146,0.113,0.1212
87,veh7,veh4,10,4,0.6,715.015,12.0679,0,-78.5177,18.4586,4,0.146,0.11,0.1212
87,veh7,veh2,10,8,0.2,366.344,12.0679,13.3186,-76.942,20.0343,8,0.146,0.123,0.1212
87,veh7,veh1,10,7,0.3,685.551,12.0679,12.1575,-78.5611,18.4152,7,0.146,0.108,0.1212
87,veh7,veh0,10,0,1,1115.83,12.0679,2.15521,nan,nan,0,0.146,0.074,0.1212
87,veh6,veh9,10,7,0.3,168.919,8.31075,6.93731,-67.747,17.3249,7,0.135,0.119,0.1212
87,veh6,veh7,10,1,0.9,373.283,8.31075,12.0679,-75.584,6.06092,1,0.135,0.146,0.1212
87,veh6,veh5,10,1,0.9,586.834,8.31075,6.18955,-75.469,21.5073,1,0.135,0.144,0.1212
87,veh6,veh8,10,0,1,568.511,8.31075,6.97533,nan,nan,0,0.135,0.14,0.1212
87,veh6,veh3,10,7,0.3,313.729,8.31075,8.22869,-76.3008,11.1495,7,0.135,0.113,0.1212
87,veh6,veh4,10,5,0.5,469.962,8.31075,0,-77.3378,8.25444,5,0.135,0.11,0.1212
87,veh6,veh2,10,5,0.5,398.376,8.31075,13.3186,-74.0342,10.5671,5,0.135,0.123,0.1212
87,veh6,veh1,10,6,0.4,342.14,8.31075,12.1575,-74.8556,9.63079,6,0.135,0.108,0.1212
87,veh6,veh0,10,5,0.5,767.221,8.31075,2.15521,-79.1535,10.878,5,0.135,0.074,0.1212
87,veh5,veh9,10,1,0.9,696.318,6.18955,6.93731,-76.4822,20.4941,1,0.144,0.119,0.1212
87,veh5,veh7,10,7,0.3,237.48,6.18955,12.0679,-72.9708,11.5456,7,0.144,0.146,0.1212
87,veh5,veh6,10,2,0.8,586.834,6.18955,8.31075,-77.6562,19.3201,2,0.144,0.135,0.1212
87,veh5,veh8,10,8,0.2,121.815,6.18955,6.97533,-66.2198,18.412,8,0.144,0.14,0.1212
87,veh5,veh3,10,1,0.9,879.624,6.18955,8.22869,-80.0576,16.9187,1,0.144,0.113,0.1212
87,veh5,veh4,10,0,1,828.864,6.18955,0,nan,nan,0,0.144,0.11,0.1212
87,veh5,veh2,10,0,1,407.156,6.18955,13.3186,nan,nan,0,0.144,0.123,0.1212
87,veh5,veh1,10,0,1,860.432,6.18955,12.1575,nan,nan,0,0.144,0.108,0.1212
87,veh5,veh0,10,0,1,1280.82,6.18955,2.15521,nan,nan,0,0.144,0.074,0.1212
87,veh8,veh9,10,6,0.4,700.504,6.97533,6.93731,-77.3316,19.6447,6,0.14,0.119,0.1212
87,veh8,veh7,10,10,0,277.458,6.97533,12.0679,-72.1635,24.8128,10,0.14,0.146,0.1212
87,veh8,veh6,10,5,0.5,568.511,6.97533,8.31075,-78.504,18.4723,5,0.14,0.135,0.1212
87,veh8,veh5,10,9,0.1,121.815,6.97533,6.18955,-68.917,28.0593,9,0.14,0.144,0.1212
87,veh8,veh3,10,5,0.5,838.354,6.97533,8.22869,-78.6829,18.2934,5,0.14,0.113,0.1212
87,veh8,veh4,10,5,0.5,742.569,6.97533,0,-78.1011,18.8752,5,0.14,0.11,0.1212
87,veh8,veh2,10,8,0.2,311.762,6.97533,13.3186,-74.7448,22.2315,8,0.14,0.123,0.1212
87,veh8,veh1,10,3,0.7,804.089,6.97533,12.1575,-79.2441,17.7322,3,0.14,0.108,0.1212
87,veh8,veh0,10,0,1,1212.62,6.97533,2.15521,nan,nan,0,0.14,0.074,0.1212
87,veh3,veh9,10,7,0.3,333.944,8.22869,6.93731,-77.022,19.9543,7,0.113,0.119,0.1212
87,veh3,veh7,10,5,0.5,682.453,8.22869,12.0679,-77.41,19.5663,5,0.113,0.146,0.1212
87,veh3,veh6,10,10,0,313.729,8.22869,8.31075,-73.3158,23.6604,10,0.113,0.135,0.1212
87,veh3,veh5,10,4,0.6,879.624,8.22869,6.18955,-79.6198,17.3565,4,0.113,0.144,0.1212
87,veh3,veh8,10,3,0.7,838.354,8.22869,6.97533,-80.7474,16.2289,3,0.113,0.14,0.1212
87,veh3,veh4,10,8,0.2,366.993,8.22869,0,-76.1975,20.7788,8,0.113,0.11,0.1212
87,veh3,veh2,10,5,0.5,585.924,8.22869,13.3186,-74.5448,22.4315,5,0.113,0.123,0.1212
87,veh3,veh1,10,9,0.1,117.297,8.22869,12.1575,-71.0221,25.9542,9,0.113,0.108,0.1212
87,veh3,veh0,10,10,0,465.343,8.22869,2.15521,-76.4551,20.5212,10,0.113,0.074,0.1212
87,veh4,veh9,10,6,0.4,597.834,0,6.93731,-77.2908,11.8532,6,0.11,0.119,0.1212
87,veh4,veh7,10,0,1,715.015,0,12.0679,nan,nan,0,0.11,0.146,0.1212
87,veh4,veh6,10,1,0.9,469.962,0,8.31075,-74.0098,19.8102,1,0.11,0.135,0.1212
87,veh4,veh5,10,0,1,828.864,0,6.18955,nan,nan,0,0.11,0.144,0.1212
87,veh4,veh8,10,0,1,742.569,0,6.97533,nan,nan,0,0.11,0.14,0.1212
87,veh4,veh3,10,6,0.4,366.993,0,8.22869,-75.1327,15.4706,6,0.11,0.113,0.1212
87,veh4,veh2,10,4,0.6,431.622,0,13.3186,-71.6704,25.3059,4,0.11,0.123,0.1212
87,veh4,veh1,10,8,0.2,250.923,0,12.1575,-73.9597,11.3184,8,0.11,0.108,0.1212
87,veh4,veh0,10,8,0.2,499.321,0,2.15521,-75.6428,12.6931,8,0.11,0.074,0.1212
87,veh2,veh9,10,6,0.4,564.787,13.3186,6.93731,-76.8209,20.1554,6,0.123,0.119,0.1212
87,veh2,veh7,10,9,0.1,366.344,13.3186,12.0679,-77.4195,19.5568,9,0.123,0.146,0.1212
87,veh2,veh6,10,8,0.2,398.376,13.3186,8.31075,-77.2999,19.6764,8,0.123,0.135,0.1212
87,veh2,veh5,10,5,0.5,407.156,13.3186,6.18955,-75.2007,21.7755,5,0.123,0.144,0.1212
87,veh2,veh8,10,9,0.1,311.762,13.3186,6.97533,-75.3685,21.6078,9,0.123,0.14,0.1212
87,veh2,veh3,10,6,0.4,585.924,13.3186,8.22869,-78.4303,18.546,6,0.123,0.113,0.1212
87,veh2,veh4,10,7,0.3,431.622,13.3186,0,-74.86,22.1163,7,0.123,0.11,0.1212
87,veh2,veh1,10,7,0.3,525.872,13.3186,12.1575,-77.8973,19.0789,7,0.123,0.108,0.1212
87,veh2,veh0,10,2,0.8,912.115,13.3186,2.15521,-80.9747,16.0016,2,0.123,0.074,0.1212
87,veh1,veh9,10,7,0.3,410.961,12.1575,6.93731,-75.6196,21.3567,7,0.108,0.119,0.1212
87,veh1,veh7,10,0,1,685.551,12.1575,12.0679,nan,nan,0,0.108,0.146,0.1212
87,veh1,veh6,10,6,0.4,342.14,12.1575,8.31075,-76.5098,20.4665,6,0.108,0.135,0.1212
87,veh1,veh5,10,2,0.8,860.432,12.1575,6.18955,-80.1813,16.795,2,0.108,0.144,0.1212
87,veh1,veh8,10,0,1,804.089,12.1575,6.97533,nan,nan,0,0.108,0.14,0.1212
87,veh1,veh3,10,9,0.1,117.297,12.1575,8.22869,-69.1998,27.7765,9,0.108,0.113,0.1212
87,veh1,veh4,10,7,0.3,250.923,12.1575,0,-71.0275,25.9488,7,0.108,0.11,0.1212
87,veh1,veh2,10,3,0.7,525.872,12.1575,13.3186,-75.1276,21.8486,3,0.108,0.123,0.1212
87,veh1,veh0,10,5,0.5,430.747,12.1575,2.15521,-80.8172,16.1591,5,0.108,0.074,0.1212
87,veh0,veh9,10,0,1,796.548,2.15521,6.93731,nan,nan,0,0.074,0.119,0.1212
87,veh0,veh7,10,0,1,1115.83,2.15521,12.0679,nan,nan,0,0.074,0.146,0.1212
87,veh0,veh6,10,3,0.7,767.221,2.15521,8.31075,-77.6305,12.8406,3,0.074,0.135,0.1212
87,veh0,veh5,10,0,1,1280.82,2.15521,6.18955,nan,nan,0,0.074,0.144,0.1212
87,veh0,veh8,10,1,0.9,1212.62,2.15521,6.97533,-80.3566,16.6197,1,0.074,0.14,0.1212
87,veh0,veh3,10,2,0.8,465.343,2.15521,8.22869,-79.0467,12.6275,2,0.074,0.113,0.1212
87,veh0,veh4,10,3,0.7,499.321,2.15521,0,-77.8719,6.12987,3,0.074,0.11,0.1212
87,veh0,veh2,10,3,0.7,912.115,2.15521,13.3186,-79.4615,11.5861,3,0.074,0.123,0.1212
87,veh0,veh1,10,5,0.5,430.747,2.15521,12.1575,-76.647,11.5852,5,0.074,0.108,0.1212
88,veh9,veh7,10,8,0.2,464.6,6.24237,11.4567,-77.1799,19.7964,8,0.117,0.146,0.1211
88,veh9,veh6,10,10,0,178.954,6.24237,8.33926,-68.3199,26.9106,10,0.117,0.131,0.1211
88,veh9,veh5,10,6,0.4,691.483,6.24237,6.33049,-79.4651,14.6415,6,0.117,0.147,0.1211
88,veh9,veh8,10,5,0.5,695.241,6.24237,7.72561,-80.226,16.7502,5,0.117,0.137,0.1211
88,veh9,veh3,10,8,0.2,346.101,6.24237,7.85977,-74.4223,20.6765,8,0.117,0.109,0.1211
88,veh9,veh4,10,6,0.4,603.939,6.24237,1.6288,-76.3709,18.8871,6,0.117,0.106,0.1211
88,veh9,veh2,10,4,0.6,578.306,6.24237,12.857,-79.043,17.9333,4,0.117,0.129,0.1211
88,veh9,veh1,10,6,0.4,413.467,6.24237,12.3259,-74.3684,22.6079,6,0.117,0.117,0.1211
88,veh9,veh0,10,5,0.5,800.483,6.24237,2.11931,-77.1212,17.5581,5,0.117,0.072,0.1211
88,veh7,veh9,10,5,0.5,464.6,11.4567,6.24237,-78.1788,18.7975,5,0.146,0.117,0.1211
88,veh7,veh6,10,5,0.5,362.253,11.4567,8.33926,-76.5774,20.3989,5,0.146,0.131,0.1211
88,veh7,veh5,10,8,0.2,228.83,11.4567,6.33049,-73.5814,23.3949,8,0.146,0.147,0.1211
88,veh7,veh8,10,9,0.1,264.055,11.4567,7.72561,-74.7649,22.2114,9,0.146,0.137,0.1211
88,veh7,veh3,10,4,0.6,681.107,11.4567,7.85977,-77.8607,19.1156,4,0.146,0.109,0.1211
88,veh7,veh4,10,5,0.5,706.964,11.4567,1.6288,-80.2029,16.7734,5,0.146,0.106,0.1211
88,veh7,veh2,10,6,0.4,353.089,11.4567,12.857,-75.2422,21.7341,6,0.146,0.129,0.1211
88,veh7,veh1,10,3,0.7,669.106,11.4567,12.3259,-78.4778,18.4985,3,0.146,0.117,0.1211
88,veh7,veh0,10,1,0.9,1109.28,11.4567,2.11931,-81.5162,15.46,1,0.146,0.072,0.1211
88,veh6,veh9,10,8,0.2,178.954,8.33926,6.24237,-68.7943,16.9954,8,0.131,0.117,0.1211
88,veh6,veh7,10,2,0.8,362.253,8.33926,11.4567,-68.8307,11.8969,2,0.131,0.146,0.1211
88,veh6,veh5,10,0,1,572.305,8.33926,6.33049,nan,nan,0,0.131,0.147,0.1211
88,veh6,veh8,10,5,0.5,552.661,8.33926,7.72561,-80.5461,16.4302,5,0.131,0.137,0.1211
88,veh6,veh3,10,7,0.3,324.833,8.33926,7.85977,-72.44,14.5866,7,0.131,0.109,0.1211
88,veh6,veh4,10,4,0.6,471.694,8.33926,1.6288,-74.2986,11.5902,4,0.131,0.106,0.1211
88,veh6,veh2,10,4,0.6,401.76,8.33926,12.857,-75.4424,12.2391,4,0.131,0.129,0.1211
88,veh6,veh1,10,6,0.4,339.567,8.33926,12.3259,-72.2509,13.2374,6,0.131,0.117,0.1211
88,veh6,veh0,10,5,0.5,772.86,8.33926,2.11931,-79.0515,11.6454,5,0.131,0.072,0.1211
88,veh5,veh9,10,2,0.8,691.483,6.33049,6.24237,-79.1037,17.8726,2,0.147,0.117,0.1211
88,veh5,veh7,10,8,0.2,228.83,6.33049,11.4567,-68.8515,20.8684,8,0.147,0.146,0.1211
88,veh5,veh6,10,2,0.8,572.305,6.33049,8.33926,-72.9781,23.9982,2,0.147,0.131,0.1211
88,veh5,veh8,10,10,0,120.654,6.33049,7.72561,-68.383,15.6393,10,0.147,0.137,0.1211
88,veh5,veh3,10,1,0.9,874.942,6.33049,7.85977,-78.1468,18.8295,1,0.147,0.109,0.1211
88,veh5,veh4,10,0,1,824.251,6.33049,1.6288,nan,nan,0,0.147,0.106,0.1211
88,veh5,veh2,10,3,0.7,392.875,6.33049,12.857,-73.6125,9.40677,3,0.147,0.129,0.1211
88,veh5,veh1,10,0,1,842.589,6.33049,12.3259,nan,nan,0,0.147,0.117,0.1211
88,veh5,veh0,10,0,1,1274.49,6.33049,2.11931,nan,nan,0,0.147,0.072,0.1211
88,veh8,veh9,10,6,0.4,695.241,7.72561,6.24237,-76.7565,20.2198,6,0.137,0.117,0.1211
88,veh8,veh7,10,7,0.3,264.055,7.72561,11.4567,-73.4822,23.4941,7,0.137,0.146,0.1211
88,veh8,veh6,10,7,0.3,552.661,7.72561,8.33926,-76.1402,20.836,7,0.137,0.131,0.1211
88,veh8,veh5,10,10,0,120.654,7.72561,6.33049,-66.057,30.9193,10,0.137,0.147,0.1211
88,veh8,veh3,10,3,0.7,831.257,7.72561,7.85977,-79.4564,17.5199,3,0.137,0.109,0.1211
88,veh8,veh4,10,1,0.9,737.23,7.72561,1.6288,-80.8335,16.1428,1,0.137,0.106,0.1211
88,veh8,veh2,10,10,0,294.71,7.72561,12.857,-74.2964,22.6799,10,0.137,0.129,0.1211
88,veh8,veh1,10,5,0.5,784.552,7.72561,12.3259,-78.3178,18.6585,5,0.137,0.117,0.1211
88,veh8,veh0,10,1,0.9,1205.41,7.72561,2.11931,-80.9906,15.9857,1,0.137,0.072,0.1211
88,veh3,veh9,10,7,0.3,346.101,7.85977,6.24237,-72.6786,24.2977,7,0.109,0.117,0.1211
88,veh3,veh7,10,6,0.4,681.107,7.85977,11.4567,-77.9878,18.9884,6,0.109,0.146,0.1211
88,veh3,veh6,10,8,0.2,324.833,7.85977,8.33926,-76.3345,20.6418,8,0.109,0.131,0.1211
88,veh3,veh5,10,4,0.6,874.942,7.85977,6.33049,-80.5067,16.4695,4,0.109,0.147,0.1211
88,veh3,veh8,10,4,0.6,831.257,7.85977,7.72561,-80.5808,16.3955,4,0.109,0.137,0.1211
88,veh3,veh4,10,7,0.3,359.404,7.85977,1.6288,-75.1386,21.8377,7,0.109,0.106,0.1211
88,veh3,veh2,10,3,0.7,597.155,7.85977,12.857,-77.2173,19.759,3,0.109,0.129,0.1211
88,veh3,veh1,10,7,0.3,116.245,7.85977,12.3259,-67.9338,29.0425,7,0.109,0.117,0.1211
88,veh3,veh0,10,7,0.3,458.49,7.85977,2.11931,-76.5823,20.3939,7,0.109,0.072,0.1211
88,veh4,veh9,10,4,0.6,603.939,1.6288,6.24237,-74.9634,10.5125,4,0.106,0.117,0.1211
88,veh4,veh7,10,0,1,706.964,1.6288,11.4567,nan,nan,0,0.106,0.146,0.1211
88,veh4,veh6,10,4,0.6,471.694,1.6288,8.33926,-76.3919,6.78128,4,0.106,0.131,0.1211
88,veh4,veh5,10,0,1,824.251,1.6288,6.33049,nan,nan,0,0.106,0.147,0.1211
88,veh4,veh8,10,0,1,737.23,1.6288,7.72561,nan,nan,0,0.106,0.137,0.1211
88,veh4,veh3,10,9,0.1,359.404,1.6288,7.85977,-72.0913,14.3257,9,0.106,0.109,0.1211
88,veh4,veh2,10,4,0.6,444.466,1.6288,12.857,-74.9327,22.0436,4,0.106,0.129,0.1211
88,veh4,veh1,10,7,0.3,243.16,1.6288,12.3259,-72.2645,15.0138,7,0.106,0.117,0.1211
88,veh4,veh0,10,3,0.7,498.328,1.6288,2.11931,-75.3012,9.19167,3,0.106,0.072,0.1211
88,veh2,veh9,10,5,0.5,578.306,12.857,6.24237,-76.8462,20.1301,5,0.129,0.117,0.1211
88,veh2,veh7,10,5,0.5,353.089,12.857,11.4567,-74.4623,22.514,5,0.129,0.146,0.1211
88,veh2,veh6,10,8,0.2,401.76,12.857,8.33926,-77.0412,19.9351,8,0.129,0.131,0.1211
88,veh2,veh5,10,5,0.5,392.875,12.857,6.33049,-77.2228,19.7534,5,0.129,0.147,0.1211
88,veh2,veh8,10,8,0.2,294.71,12.857,7.72561,-73.5832,23.3931,8,0.129,0.137,0.1211
88,veh2,veh3,10,5,0.5,597.155,12.857,7.85977,-79.4998,17.4764,5,0.129,0.109,0.1211
88,veh2,veh4,10,8,0.2,444.466,12.857,1.6288,-75.9529,21.0234,8,0.129,0.106,0.1211
88,veh2,veh1,10,7,0.3,526.486,12.857,12.3259,-77.8909,19.0854,7,0.129,0.117,0.1211
88,veh2,veh0,10,3,0.7,924.776,12.857,2.11931,-80.5594,16.4169,3,0.129,0.072,0.1211
88,veh1,veh9,10,6,0.4,413.467,12.3259,6.24237,-75.9458,21.0305,6,0.117,0.117,0.1211
88,veh1,veh7,10,4,0.6,669.106,12.3259,11.4567,-78.1074,18.8689,4,0.117,0.146,0.1211
88,veh1,veh6,10,7,0.3,339.567,12.3259,8.33926,-73.1609,23.8154,7,0.117,0.131,0.1211
88,veh1,veh5,10,2,0.8,842.589,12.3259,6.33049,-80.2255,16.7508,2,0.117,0.147,0.1211
88,veh1,veh8,10,1,0.9,784.552,12.3259,7.72561,-81.0136,15.9627,1,0.117,0.137,0.1211
88,veh1,veh3,10,10,0,116.245,12.3259,7.85977,-69.1319,27.8444,10,0.117,0.109,0.1211
88,veh1,veh4,10,10,0,243.16,12.3259,1.6288,-72.9676,24.0087,10,0.117,0.106,0.1211
88,veh1,veh2,10,5,0.5,526.486,12.3259,12.857,-78.1129,18.8634,5,0.117,0.129,0.1211
88,veh1,veh0,10,5,0.5,440.428,12.3259,2.11931,-78.5226,18.4537,5,0.117,0.072,0.1211
88,veh0,veh9,10,1,0.9,800.483,2.11931,6.24237,-77.9083,6.1294,1,0.072,0.117,0.1211
88,veh0,veh7,10,0,1,1109.28,2.11931,11.4567,nan,nan,0,0.072,0.146,0.1211
88,veh0,veh6,10,0,1,772.86,2.11931,8.33926,nan,nan,0,0.072,0.131,0.1211
88,veh0,veh5,10,0,1,1274.49,2.11931,6.33049,nan,nan,0,0.072,0.147,0.1211
88,veh0,veh8,10,0,1,1205.41,2.11931,7.72561,nan,nan,0,0.072,0.137,0.1211
88,veh0,veh3,10,6,0.4,458.49,2.11931,7.85977,-76.0696,11.4934,6,0.072,0.109,0.1211
88,veh0,veh4,10,5,0.5,498.328,2.11931,1.6288,-74.3361,17.6402,5,0.072,0.106,0.1211
88,veh0,veh2,10,1,0.9,924.776,2.11931,12.857,-77.8134,19.1629,1,0.072,0.129,0.1211
88,veh0,veh1,10,8,0.2,440.428,2.11931,12.3259,-78.8713,7.63129,8,0.072,0.117,0.1211
89,veh9,veh7,10,8,0.2,466.941,6.72015,11.6768,-77.9096,19.0667,8,0.115,0.145,0.1198
89,veh9,veh6,10,8,0.2,186.607,6.72015,3.83926,-71.0581,22.7882,8,0.115,0.126,0.1198
89,veh9,veh5,10,3,0.7,687.396,6.72015,5.70775,-77.6566,19.3197,3,0.115,0.149,0.1198
89,veh9,veh8,10,4,0.6,690.56,6.72015,7.39348,-77.3446,19.6317,4,0.115,0.138,0.1198
89,veh9,veh3,10,8,0.2,359.454,6.72015,8.5832,-75.297,19.3029,8,0.115,0.096,0.1198
89,veh9,veh4,10,8,0.2,610.344,6.72015,4.09986,-77.1894,17.109,8,0.115,0.107,0.1198
89,veh9,veh2,10,3,0.7,592.674,6.72015,13.53,-74.6742,22.3021,3,0.115,0.131,0.1198
89,veh9,veh1,10,9,0.1,416.748,6.72015,12.8794,-76.5943,19.4094,9,0.115,0.117,0.1198
89,veh9,veh0,10,5,0.5,804.954,6.72015,2.11301,-78.3976,18.5786,5,0.115,0.074,0.1198
89,veh7,veh9,10,9,0.1,466.941,11.6768,6.72015,-76.6142,20.362,9,0.145,0.115,0.1198
89,veh7,veh6,10,6,0.4,355.764,11.6768,3.83926,-73.4695,23.5067,6,0.145,0.126,0.1198
89,veh7,veh5,10,9,0.1,220.96,11.6768,5.70775,-68.651,28.3253,9,0.145,0.149,0.1198
89,veh7,veh8,10,7,0.3,250.807,11.6768,7.39348,-72.0041,24.9722,7,0.145,0.138,0.1198
89,veh7,veh3,10,3,0.7,679.933,11.6768,8.5832,-77.9757,19.0006,3,0.145,0.096,0.1198
89,veh7,veh4,10,3,0.7,700.307,11.6768,4.09986,-76.42,20.5563,3,0.145,0.107,0.1198
89,veh7,veh2,10,6,0.4,339.904,11.6768,13.53,-75.4117,21.5646,6,0.145,0.131,0.1198
89,veh7,veh1,10,1,0.9,652.07,11.6768,12.8794,-77.8739,19.1024,1,0.145,0.117,0.1198
89,veh7,veh0,10,3,0.7,1102.89,11.6768,2.11301,-79.3812,17.5951,3,0.145,0.074,0.1198
89,veh6,veh9,10,8,0.2,186.607,3.83926,6.72015,-72.3549,10.7784,8,0.126,0.115,0.1198
89,veh6,veh7,10,3,0.7,355.764,3.83926,11.6768,-72.4409,6.3448,3,0.126,0.145,0.1198
89,veh6,veh5,10,1,0.9,562.878,3.83926,5.70775,-75.9554,21.0209,1,0.126,0.149,0.1198
89,veh6,veh8,10,3,0.7,541.592,3.83926,7.39348,-74.0036,22.9727,3,0.126,0.138,0.1198
89,veh6,veh3,10,4,0.6,332.431,3.83926,8.5832,-75.809,9.58901,4,0.126,0.096,0.1198
89,veh6,veh4,10,4,0.6,473.094,3.83926,4.09986,-73.854,12.6001,4,0.126,0.107,0.1198
89,veh6,veh2,10,6,0.4,409.135,3.83926,13.53,-76.2312,10.0776,6,0.126,0.131,0.1198
89,veh6,veh1,10,7,0.3,333.79,3.83926,12.8794,-74.5278,11.6279,7,0.126,0.117,0.1198
89,veh6,veh0,10,5,0.5,775.298,3.83926,2.11301,-77.9196,12.384,5,0.126,0.074,0.1198
89,veh5,veh9,10,2,0.8,687.396,5.70775,6.72015,-78.4575,18.5188,2,0.149,0.115,0.1198
89,veh5,veh7,10,8,0.2,220.96,5.70775,11.6768,-71.3504,14.0411,8,0.149,0.145,0.1198
89,veh5,veh6,10,2,0.8,562.878,5.70775,3.83926,-78.086,18.8903,2,0.149,0.126,0.1198
89,veh5,veh8,10,10,0,119.767,5.70775,7.39348,-67.771,15.2405,10,0.149,0.138,0.1198
89,veh5,veh3,10,0,1,871.107,5.70775,8.5832,nan,nan,0,0.149,0.096,0.1198
89,veh5,veh4,10,0,1,822.149,5.70775,4.09986,nan,nan,0,0.149,0.107,0.1198
89,veh5,veh2,10,3,0.7,379.107,5.70775,13.53,-74.347,14.6956,3,0.149,0.131,0.1198
89,veh5,veh1,10,1,0.9,824.881,5.70775,12.8794,-78.0478,18.9285,1,0.149,0.117,0.1198
89,veh5,veh0,10,0,1,1268.97,5.70775,2.11301,nan,nan,0,0.149,0.074,0.1198
89,veh8,veh9,10,4,0.6,690.56,7.39348,6.72015,-77.6599,19.3164,4,0.138,0.115,0.1198
89,veh8,veh7,10,8,0.2,250.807,7.39348,11.6768,-72.2011,24.7752,8,0.138,0.145,0.1198
89,veh8,veh6,10,7,0.3,541.592,7.39348,3.83926,-79.1746,17.8017,7,0.138,0.126,0.1198
89,veh8,veh5,10,10,0,119.767,7.39348,5.70775,-67.789,29.1873,10,0.138,0.149,0.1198
89,veh8,veh3,10,2,0.8,824.648,7.39348,8.5832,-78.2843,18.692,2,0.138,0.096,0.1198
89,veh8,veh4,10,3,0.7,734.262,7.39348,4.09986,-78.5789,18.3973,3,0.138,0.107,0.1198
89,veh8,veh2,10,8,0.2,277.873,7.39348,13.53,-73.0275,23.9488,8,0.138,0.131,0.1198
89,veh8,veh1,10,2,0.8,764.83,7.39348,12.8794,-76.4781,20.4982,2,0.138,0.117,0.1198
89,veh8,veh0,10,0,1,1198.7,7.39348,2.11301,nan,nan,0,0.138,0.074,0.1198
89,veh3,veh9,10,7,0.3,359.454,8.5832,6.72015,-75.1447,21.8316,7,0.096,0.115,0.1198
89,veh3,veh7,10,4,0.6,679.933,8.5832,11.6768,-79.6966,17.2797,4,0.096,0.145,0.1198
89,veh3,veh6,10,8,0.2,332.431,8.5832,3.83926,-74.0582,22.918,8,0.096,0.126,0.1198
89,veh3,veh5,10,3,0.7,871.107,8.5832,5.70775,-79.6732,17.3031,3,0.096,0.149,0.1198
89,veh3,veh8,10,2,0.8,824.648,8.5832,7.39348,-79.7801,17.1962,2,0.096,0.138,0.1198
89,veh3,veh4,10,9,0.1,349.799,8.5832,4.09986,-75.2764,21.6999,9,0.096,0.107,0.1198
89,veh3,veh2,10,7,0.3,609.106,8.5832,13.53,-77.5241,19.4522,7,0.096,0.131,0.1198
89,veh3,veh1,10,10,0,116.801,8.5832,12.8794,-70.335,26.6413,10,0.096,0.117,0.1198
89,veh3,veh0,10,6,0.4,451.37,8.5832,2.11301,-76.0443,20.932,6,0.096,0.074,0.1198
89,veh4,veh9,10,2,0.8,610.344,4.09986,6.72015,-77.5585,9.6223,2,0.107,0.115,0.1198
89,veh4,veh7,10,1,0.9,700.307,4.09986,11.6768,-73.5454,23.4309,1,0.107,0.145,0.1198
89,veh4,veh6,10,3,0.7,473.094,4.09986,3.83926,-72.6734,6.98604,3,0.107,0.126,0.1198
89,veh4,veh5,10,0,1,822.149,4.09986,5.70775,nan,nan,0,0.107,0.149,0.1198
89,veh4,veh8,10,0,1,734.262,4.09986,7.39348,nan,nan,0,0.107,0.138,0.1198
89,veh4,veh3,10,6,0.4,349.799,4.09986,8.5832,-74.8427,11.3572,6,0.107,0.096,0.1198
89,veh4,veh2,10,2,0.8,460.18,4.09986,13.53,-71.2016,25.7747,2,0.107,0.131,0.1198
89,veh4,veh1,10,8,0.2,234.38,4.09986,12.8794,-74.1593,11.6892,8,0.107,0.117,0.1198
89,veh4,veh0,10,6,0.4,495.069,4.09986,2.11301,-75.9142,12.9484,6,0.107,0.074,0.1198
89,veh2,veh9,10,3,0.7,592.674,13.53,6.72015,-75.4843,21.492,3,0.131,0.115,0.1198
89,veh2,veh7,10,7,0.3,339.904,13.53,11.6768,-76.8769,20.0994,7,0.131,0.145,0.1198
89,veh2,veh6,10,7,0.3,409.135,13.53,3.83926,-76.6869,20.2894,7,0.131,0.126,0.1198
89,veh2,veh5,10,7,0.3,379.107,13.53,5.70775,-75.1323,21.844,7,0.131,0.149,0.1198
89,veh2,veh8,10,7,0.3,277.873,13.53,7.39348,-73.7168,23.2595,7,0.131,0.138,0.1198
89,veh2,veh3,10,9,0.1,609.106,13.53,8.5832,-77.2557,19.7206,9,0.131,0.096,0.1198
89,veh2,veh4,10,5,0.5,460.18,13.53,4.09986,-78.3496,18.6267,5,0.131,0.107,0.1198
89,veh2,veh1,10,9,0.1,527.223,13.53,12.8794,-76.0786,20.8977,9,0.131,0.117,0.1198
89,veh2,veh0,10,1,0.9,938.304,13.53,2.11301,-76.8431,20.1332,1,0.131,0.074,0.1198
89,veh1,veh9,10,5,0.5,416.748,12.8794,6.72015,-75.3425,21.6338,5,0.117,0.115,0.1198
89,veh1,veh7,10,2,0.8,652.07,12.8794,11.6768,-77.9252,19.0511,2,0.117,0.145,0.1198
89,veh1,veh6,10,7,0.3,333.79,12.8794,3.83926,-73.2755,23.7008,7,0.117,0.126,0.1198
89,veh1,veh5,10,2,0.8,824.881,12.8794,5.70775,-80.9758,16.0005,2,0.117,0.149,0.1198
89,veh1,veh8,10,3,0.7,764.83,12.8794,7.39348,-78.9736,18.0027,3,0.117,0.138,0.1198
89,veh1,veh3,10,8,0.2,116.801,12.8794,8.5832,-66.9748,30.0015,8,0.117,0.096,0.1198
89,veh1,veh4,10,8,0.2,234.38,12.8794,4.09986,-70.9111,26.0651,8,0.117,0.107,0.1198
89,veh1,veh2,10,3,0.7,527.223,12.8794,13.53,-77.9387,19.0376,3,0.117,0.131,0.1198
89,veh1,veh0,10,9,0.1,450.925,12.8794,2.11301,-77.2679,19.7083,9,0.117,0.074,0.1198
89,veh0,veh9,10,1,0.9,804.954,2.11301,6.72015,-75.8923,2.7229,1,0.074,0.115,0.1198
89,veh0,veh7,10,0,1,1102.89,2.11301,11.6768,nan,nan,0,0.074,0.145,0.1198
89,veh0,veh6,10,2,0.8,775.298,2.11301,3.83926,-79.722,1.84757,2,0.074,0.126,0.1198
89,veh0,veh5,10,0,1,1268.97,2.11301,5.70775,nan,nan,0,0.074,0.149,0.1198
89,veh0,veh8,10,0,1,1198.7,2.11301,7.39348,nan,nan,0,0.074,0.138,0.1198
89,veh0,veh3,10,4,0.6,451.37,2.11301,8.5832,-75.962,8.2877,4,0.074,0.096,0.1198
89,veh0,veh4,10,3,0.7,495.069,2.11301,4.09986,-75.5999,12.1544,3,0.074,0.107,0.1198
89,veh0,veh2,10,1,0.9,938.304,2.11301,13.53,-75.3414,11.0468,1,0.074,0.131,0.1198
89,veh0,veh1,10,4,0.6,450.925,2.11301,12.8794,-75.8637,9.47474,4,0.074,0.117,0.1198
90,veh9,veh7,10,6,0.4,469.942,6.69793,11.4368,-76.7175,20.2588,6,0.112,0.143,0.1206
90,veh9,veh6,10,9,0.1,192.468,6.69793,0.893062,-70.2061,22.7253,9,0.112,0.127,0.1206
90,veh9,veh5,10,3,0.7,683.463,6.69793,5.65959,-78.2236,18.7527,3,0.112,0.149,0.1206
90,veh9,veh8,10,3,0.7,686.704,6.69793,6.62366,-77.1656,19.8107,3,0.112,0.141,0.1206
90,veh9,veh3,10,9,0.1,373.205,6.69793,8.88516,-76.0635,17.8702,9,0.112,0.107,0.1206
90,veh9,veh4,10,6,0.4,616.596,6.69793,6.6075,-78.3071,14.1343,6,0.112,0.112,0.1206
90,veh9,veh2,10,4,0.6,604.891,6.69793,10.5402,-75.8521,17.365,4,0.112,0.134,0.1206
90,veh9,veh1,10,8,0.2,420.652,6.69793,12.015,-74.6927,19.1208,8,0.112,0.109,0.1206
90,veh9,veh0,10,2,0.8,808.258,6.69793,4.6954,-78.7293,11.4996,2,0.112,0.072,0.1206
90,veh7,veh9,10,5,0.5,469.942,11.4368,6.69793,-76.4233,20.553,5,0.143,0.112,0.1206
90,veh7,veh6,10,8,0.2,352.528,11.4368,0.893062,-73.5019,23.4744,8,0.143,0.127,0.1206
90,veh7,veh5,10,8,0.2,213.522,11.4368,5.65959,-73.0823,23.894,8,0.143,0.149,0.1206
90,veh7,veh8,10,5,0.5,238.351,11.4368,6.62366,-73.1443,23.832,5,0.143,0.141,0.1206
90,veh7,veh3,10,4,0.6,678.966,11.4368,8.88516,-78.7406,18.2357,4,0.143,0.107,0.1206
90,veh7,veh4,10,3,0.7,695.533,11.4368,6.6075,-78.1311,18.8451,3,0.143,0.112,0.1206
90,veh7,veh2,10,8,0.2,327.607,11.4368,10.5402,-73.9144,23.0619,8,0.143,0.134,0.1206
90,veh7,veh1,10,3,0.7,635.915,11.4368,12.015,-76.7046,20.2717,3,0.143,0.109,0.1206
90,veh7,veh0,10,3,0.7,1096.58,11.4368,4.6954,-78.7817,18.1946,3,0.143,0.072,0.1206
90,veh6,veh9,10,9,0.1,192.468,0.893062,6.69793,-71.6255,12.6859,9,0.127,0.112,0.1206
90,veh6,veh7,10,2,0.8,352.528,0.893062,11.4368,-74.5548,6.40398,2,0.127,0.143,0.1206
90,veh6,veh5,10,0,1,556.442,0.893062,5.65959,nan,nan,0,0.127,0.149,0.1206
90,veh6,veh8,10,5,0.5,534.191,0.893062,6.62366,-77.6255,19.3508,5,0.127,0.141,0.1206
90,veh6,veh3,10,5,0.5,337.763,0.893062,8.88516,-77.635,11.7742,5,0.127,0.107,0.1206
90,veh6,veh4,10,7,0.3,474.411,0.893062,6.6075,-76.3357,11.5482,7,0.127,0.112,0.1206
90,veh6,veh2,10,3,0.7,416.581,0.893062,10.5402,-73.8356,9.94424,3,0.127,0.134,0.1206
90,veh6,veh1,10,8,0.2,326.87,0.893062,12.015,-76.3944,9.8027,8,0.127,0.109,0.1206
90,veh6,veh0,10,3,0.7,774.932,0.893062,4.6954,-79.7668,11.1163,3,0.127,0.072,0.1206
90,veh5,veh9,10,2,0.8,683.463,5.65959,6.69793,-79.8981,17.0782,2,0.149,0.112,0.1206
90,veh5,veh7,10,10,0,213.522,5.65959,11.4368,-69.0663,12.7018,10,0.149,0.143,0.1206
90,veh5,veh6,10,3,0.7,556.442,5.65959,0.893062,-76.289,20.6873,3,0.149,0.127,0.1206
90,veh5,veh8,10,9,0.1,118.747,5.65959,6.62366,-67.3995,14.8848,9,0.149,0.141,0.1206
90,veh5,veh3,10,0,1,867.469,5.65959,8.88516,nan,nan,0,0.149,0.107,0.1206
90,veh5,veh4,10,0,1,822.039,5.65959,6.6075,nan,nan,0,0.149,0.112,0.1206
90,veh5,veh2,10,4,0.6,367.743,5.65959,10.5402,-72.9246,9.35578,4,0.149,0.134,0.1206
90,veh5,veh1,10,1,0.9,808.057,5.65959,12.015,-80.3615,16.6148,1,0.149,0.109,0.1206
90,veh5,veh0,10,0,1,1263.62,5.65959,4.6954,nan,nan,0,0.149,0.072,0.1206
90,veh8,veh9,10,3,0.7,686.704,6.62366,6.69793,-76.8204,20.1559,3,0.141,0.112,0.1206
90,veh8,veh7,10,9,0.1,238.351,6.62366,11.4368,-70.4364,26.5399,9,0.141,0.143,0.1206
90,veh8,veh6,10,3,0.7,534.191,6.62366,0.893062,-78.6558,18.3205,3,0.141,0.127,0.1206
90,veh8,veh5,10,9,0.1,118.747,6.62366,5.65959,-67.3309,29.6454,9,0.141,0.149,0.1206
90,veh8,veh3,10,3,0.7,818.939,6.62366,8.88516,-78.7243,18.252,3,0.141,0.107,0.1206
90,veh8,veh4,10,4,0.6,734.06,6.62366,6.6075,-79.7816,17.1947,4,0.141,0.112,0.1206
90,veh8,veh2,10,10,0,264.493,6.62366,10.5402,-73.9215,23.0548,10,0.141,0.134,0.1206
90,veh8,veh1,10,3,0.7,746.72,6.62366,12.015,-77.5231,19.4532,3,0.141,0.109,0.1206
90,veh8,veh0,10,3,0.7,1193.04,6.62366,4.6954,-79.7637,17.2126,3,0.141,0.072,0.1206
90,veh3,veh9,10,8,0.2,373.205,8.88516,6.69793,-75.1654,21.8109,8,0.107,0.112,0.1206
90,veh3,veh7,10,4,0.6,678.966,8.88516,11.4368,-77.6491,19.3272,4,0.107,0.143,0.1206
90,veh3,veh6,10,8,0.2,337.763,8.88516,0.893062,-75.1362,21.8401,8,0.107,0.127,0.1206
90,veh3,veh5,10,3,0.7,867.469,8.88516,5.65959,-79.5538,17.4225,3,0.107,0.149,0.1206
90,veh3,veh8,10,4,0.6,818.939,8.88516,6.62366,-78.8924,18.0839,4,0.107,0.141,0.1206
90,veh3,veh4,10,9,0.1,338.494,8.88516,6.6075,-73.1624,23.8138,9,0.107,0.112,0.1206
90,veh3,veh2,10,7,0.3,618.239,8.88516,10.5402,-77.7265,19.2498,7,0.107,0.134,0.1206
90,veh3,veh1,10,9,0.1,118.528,8.88516,12.015,-65.8126,31.1637,9,0.107,0.109,0.1206
90,veh3,veh0,10,9,0.1,443.318,8.88516,4.6954,-75.2261,21.7502,9,0.107,0.072,0.1206
90,veh4,veh9,10,3,0.7,616.596,6.6075,6.69793,-76.0685,13.4175,3,0.112,0.112,0.1206
90,veh4,veh7,10,0,1,695.533,6.6075,11.4368,nan,nan,0,0.112,0.143,0.1206
90,veh4,veh6,10,5,0.5,474.411,6.6075,0.893062,-73.974,8.59329,5,0.112,0.127,0.1206
90,veh4,veh5,10,0,1,822.039,6.6075,5.65959,nan,nan,0,0.112,0.149,0.1206
90,veh4,veh8,10,0,1,734.06,6.6075,6.62366,nan,nan,0,0.112,0.141,0.1206
90,veh4,veh3,10,5,0.5,338.494,6.6075,8.88516,-76.3305,10.5317,5,0.112,0.107,0.1206
90,veh4,veh2,10,0,1,475.535,6.6075,10.5402,nan,nan,0,0.112,0.134,0.1206
90,veh4,veh1,10,8,0.2,225.715,6.6075,12.015,-72.2108,10.9467,8,0.112,0.109,0.1206
90,veh4,veh0,10,6,0.4,490.336,6.6075,4.6954,-75.9347,8.93541,6,0.112,0.072,0.1206
90,veh2,veh9,10,7,0.3,604.891,10.5402,6.69793,-78.9232,18.0531,7,0.134,0.112,0.1206
90,veh2,veh7,10,9,0.1,327.607,10.5402,11.4368,-74.5001,22.4762,9,0.134,0.143,0.1206
90,veh2,veh6,10,5,0.5,416.581,10.5402,0.893062,-75.1492,21.8271,5,0.134,0.127,0.1206
90,veh2,veh5,10,5,0.5,367.743,10.5402,5.65959,-75.9869,20.9894,5,0.134,0.149,0.1206
90,veh2,veh8,10,8,0.2,264.493,10.5402,6.62366,-72.8592,24.1171,8,0.134,0.141,0.1206
90,veh2,veh3,10,4,0.6,618.239,10.5402,8.88516,-78.0599,18.9163,4,0.134,0.107,0.1206
90,veh2,veh4,10,7,0.3,475.535,10.5402,6.6075,-76.1339,20.8424,7,0.134,0.112,0.1206
90,veh2,veh1,10,5,0.5,525.828,10.5402,12.015,-78.6115,18.3648,5,0.134,0.109,0.1206
90,veh2,veh0,10,1,0.9,949.535,10.5402,4.6954,-81.6072,15.3691,1,0.134,0.072,0.1206
90,veh1,veh9,10,3,0.7,420.652,12.015,6.69793,-78.5166,18.4596,3,0.109,0.112,0.1206
90,veh1,veh7,10,3,0.7,635.915,12.015,11.4368,-78.9919,17.9844,3,0.109,0.143,0.1206
90,veh1,veh6,10,3,0.7,326.87,12.015,0.893062,-75.0909,21.8854,3,0.109,0.127,0.1206
90,veh1,veh5,10,2,0.8,808.057,12.015,5.65959,-80.9501,16.0262,2,0.109,0.149,0.1206
90,veh1,veh8,10,2,0.8,746.72,12.015,6.62366,-79.0023,17.974,2,0.109,0.141,0.1206
90,veh1,veh3,10,9,0.1,118.528,12.015,8.88516,-69.2274,27.7489,9,0.109,0.107,0.1206
90,veh1,veh4,10,10,0,225.715,12.015,6.6075,-72.2611,24.7152,10,0.109,0.112,0.1206
90,veh1,veh2,10,5,0.5,525.828,12.015,10.5402,-75.2192,21.7571,5,0.109,0.134,0.1206
90,veh1,veh0,10,8,0.2,460.678,12.015,4.6954,-75.8573,21.119,8,0.109,0.072,0.1206
90,veh0,veh9,10,1,0.9,808.258,4.6954,6.69793,-81.7315,2.29955,1,0.072,0.112,0.1206
90,veh0,veh7,10,0,1,1096.58,4.6954,11.4368,nan,nan,0,0.072,0.143,0.1206
90,veh0,veh6,10,2,0.8,774.932,4.6954,0.893062,-81.6495,11.3643,2,0.072,0.127,0.1206
90,veh0,veh5,10,0,1,1263.62,4.6954,5.65959,nan,nan,0,0.072,0.149,0.1206
90,veh0,veh8,10,0,1,1193.04,4.6954,6.62366,nan,nan,0,0.072,0.141,0.1206
90,veh0,veh3,10,5,0.5,443.318,4.6954,8.88516,-76.0673,11.6522,5,0.072,0.107,0.1206
90,veh0,veh4,10,3,0.7,490.336,4.6954,6.6075,-74.9532,13.6847,3,0.072,0.112,0.1206
90,veh0,veh2,10,0,1,949.535,4.6954,10.5402,nan,nan,0,0.072,0.134,0.1206
90,veh0,veh1,10,5,0.5,460.678,4.6954,12.015,-76.4867,12.7393,5,0.072,0.109,0.1206
91,veh9,veh7,10,8,0.2,473.54,6.62694,11.1474,-76.6842,20.2921,8,0.121,0.144,0.1207
91,veh9,veh6,10,9,0.1,199.122,6.62694,2.23934,-72.7956,24.1806,9,0.121,0.123,0.1207
91,veh9,veh5,10,5,0.5,678.755,6.62694,6.63639,-78.307,18.6692,5,0.121,0.149,0.1207
91,veh9,veh8,10,4,0.6,682.763,6.62694,6.80418,-78.7607,18.2156,4,0.121,0.142,0.1207
91,veh9,veh3,10,7,0.3,386.174,6.62694,7.92799,-74.4836,22.4927,7,0.121,0.114,0.1207
91,veh9,veh4,10,5,0.5,622.796,6.62694,7.70874,-76.4424,20.5339,5,0.121,0.103,0.1207
91,veh9,veh2,10,2,0.8,613.804,6.62694,6.04015,-80.1885,16.7878,2,0.121,0.125,0.1207
91,veh9,veh1,10,6,0.4,424.717,6.62694,13.015,-73.2976,23.6787,6,0.121,0.106,0.1207
91,veh9,veh0,10,4,0.6,810.57,6.62694,6.78553,-77.0171,19.9592,4,0.121,0.08,0.1207
91,veh7,veh9,10,9,0.1,473.54,11.1474,6.62694,-77.5999,19.3764,9,0.144,0.121,0.1207
91,veh7,veh6,10,5,0.5,348.356,11.1474,2.23934,-73.1294,23.8469,5,0.144,0.123,0.1207
91,veh7,veh5,10,9,0.1,205.592,11.1474,6.63639,-72.0647,24.9116,9,0.144,0.149,0.1207
91,veh7,veh8,10,10,0,226.02,11.1474,6.80418,-75.2291,21.7472,10,0.144,0.142,0.1207
91,veh7,veh3,10,6,0.4,677.772,11.1474,7.92799,-78.0173,18.959,6,0.144,0.114,0.1207
91,veh7,veh4,10,5,0.5,691.898,11.1474,7.70874,-79.8638,17.1125,5,0.144,0.103,0.1207
91,veh7,veh2,10,8,0.2,316.102,11.1474,6.04015,-76.3871,20.5892,8,0.144,0.125,0.1207
91,veh7,veh1,10,6,0.4,619.071,11.1474,13.015,-76.6849,20.2914,6,0.144,0.106,0.1207
91,veh7,veh0,10,1,0.9,1090.5,11.1474,6.78553,-81.7651,15.2112,1,0.144,0.08,0.1207
91,veh6,veh9,10,8,0.2,199.122,2.23934,6.62694,-71.8656,13.1993,8,0.123,0.121,0.1207
91,veh6,veh7,10,4,0.6,348.356,2.23934,11.1474,-75.8133,10.5428,4,0.123,0.144,0.1207
91,veh6,veh5,10,0,1,547.707,2.23934,6.63639,nan,nan,0,0.123,0.149,0.1207
91,veh6,veh8,10,3,0.7,525.289,2.23934,6.80418,-74.6781,22.2982,3,0.123,0.142,0.1207
91,veh6,veh3,10,8,0.2,343.86,2.23934,7.92799,-72.2265,13.2152,8,0.123,0.114,0.1207
91,veh6,veh4,10,3,0.7,476.379,2.23934,7.70874,-76.0486,13.5059,3,0.123,0.103,0.1207
91,veh6,veh2,10,3,0.7,419.532,2.23934,6.04015,-74.7274,8.68038,3,0.123,0.125,0.1207
91,veh6,veh1,10,7,0.3,320.387,2.23934,13.015,-73.6039,10.2853,7,0.123,0.106,0.1207
91,veh6,veh0,10,3,0.7,775.191,2.23934,6.78553,-78.7639,8.53874,3,0.123,0.08,0.1207
91,veh5,veh9,10,4,0.6,678.755,6.63639,6.62694,-77.2217,19.7546,4,0.149,0.121,0.1207
91,veh5,veh7,10,8,0.2,205.592,6.63639,11.1474,-72.791,8.83673,8,0.149,0.144,0.1207
91,veh5,veh6,10,2,0.8,547.707,6.63639,2.23934,-76.6995,20.2768,2,0.149,0.123,0.1207
91,veh5,veh8,10,8,0.2,117.32,6.63639,6.80418,-67.3929,16.4992,8,0.149,0.142,0.1207
91,veh5,veh3,10,0,1,862.708,6.63639,7.92799,nan,nan,0,0.149,0.114,0.1207
91,veh5,veh4,10,0,1,821.886,6.63639,7.70874,nan,nan,0,0.149,0.103,0.1207
91,veh5,veh2,10,5,0.5,358.722,6.63639,6.04015,-75.2381,10.3453,5,0.149,0.125,0.1207
91,veh5,veh1,10,0,1,789.362,6.63639,13.015,nan,nan,0,0.149,0.106,0.1207
91,veh5,veh0,10,1,0.9,1257.42,6.63639,6.78553,-79.178,17.7983,1,0.149,0.08,0.1207
91,veh8,veh9,10,6,0.4,682.763,6.80418,6.62694,-80.0312,16.9451,6,0.142,0.121,0.1207
91,veh8,veh7,10,9,0.1,226.02,6.80418,11.1474,-71.9828,24.9935,9,0.142,0.144,0.1207
91,veh8,veh6,10,9,0.1,525.289,6.80418,2.23934,-76.9089,20.0674,9,0.142,0.123,0.1207
91,veh8,veh5,10,9,0.1,117.32,6.80418,6.63639,-67.1137,29.8626,9,0.142,0.149,0.1207
91,veh8,veh3,10,4,0.6,813.047,6.80418,7.92799,-80.4382,16.538,4,0.142,0.114,0.1207
91,veh8,veh4,10,4,0.6,734.623,6.80418,7.70874,-78.3844,18.5918,4,0.142,0.103,0.1207
91,veh8,veh2,10,7,0.3,254.772,6.80418,6.04015,-70.226,26.7503,7,0.142,0.125,0.1207
91,veh8,veh1,10,3,0.7,727.489,6.80418,13.015,-76.0505,20.9258,3,0.142,0.106,0.1207
91,veh8,veh0,10,0,1,1187.48,6.80418,6.78553,nan,nan,0,0.142,0.08,0.1207
91,veh3,veh9,10,4,0.6,386.174,7.92799,6.62694,-75.3762,21.6001,4,0.114,0.121,0.1207
91,veh3,veh7,10,5,0.5,677.772,7.92799,11.1474,-75.1482,21.8281,5,0.114,0.144,0.1207
91,veh3,veh6,10,7,0.3,343.86,7.92799,2.23934,-76.7617,20.2145,7,0.114,0.123,0.1207
91,veh3,veh5,10,4,0.6,862.708,7.92799,6.63639,-80.1042,16.872,4,0.114,0.149,0.1207
91,veh3,veh8,10,2,0.8,813.047,7.92799,6.80418,-79.4369,17.5394,2,0.114,0.142,0.1207
91,veh3,veh4,10,7,0.3,327.371,7.92799,7.70874,-76.3997,20.5766,7,0.114,0.103,0.1207
91,veh3,veh2,10,5,0.5,623.196,7.92799,6.04015,-77.5721,19.4042,5,0.114,0.125,0.1207
91,veh3,veh1,10,10,0,123.425,7.92799,13.015,-66.94,30.0362,10,0.114,0.106,0.1207
91,veh3,veh0,10,7,0.3,435.558,7.92799,6.78553,-75.065,21.9113,7,0.114,0.08,0.1207
91,veh4,veh9,10,3,0.7,622.796,7.70874,6.62694,-77.9732,13.3131,3,0.103,0.121,0.1207
91,veh4,veh7,10,0,1,691.898,7.70874,11.1474,nan,nan,0,0.103,0.144,0.1207
91,veh4,veh6,10,6,0.4,476.379,7.70874,2.23934,-77.5472,7.3984,6,0.103,0.123,0.1207
91,veh4,veh5,10,0,1,821.886,7.70874,6.63639,nan,nan,0,0.103,0.149,0.1207
91,veh4,veh8,10,1,0.9,734.623,7.70874,6.80418,-77.3444,19.6318,1,0.103,0.142,0.1207
91,veh4,veh3,10,7,0.3,327.371,7.70874,7.92799,-73.9319,11.4596,7,0.103,0.114,0.1207
91,veh4,veh2,10,2,0.8,487.88,7.70874,6.04015,-76.047,20.9293,2,0.103,0.125,0.1207
91,veh4,veh1,10,5,0.5,217.512,7.70874,13.015,-70.6587,13.1978,5,0.103,0.106,0.1207
91,veh4,veh0,10,5,0.5,485.368,7.70874,6.78553,-75.987,11.2984,5,0.103,0.08,0.1207
91,veh2,veh9,10,6,0.4,613.804,6.04015,6.62694,-77.0621,19.9142,6,0.125,0.121,0.1207
91,veh2,veh7,10,10,0,316.102,6.04015,11.1474,-74.0293,22.947,10,0.125,0.144,0.1207
91,veh2,veh6,10,7,0.3,419.532,6.04015,2.23934,-74.8931,22.0831,7,0.125,0.123,0.1207
91,veh2,veh5,10,8,0.2,358.722,6.04015,6.63639,-75.0939,21.8824,8,0.125,0.149,0.1207
91,veh2,veh8,10,8,0.2,254.772,6.04015,6.80418,-72.9764,23.9998,8,0.125,0.142,0.1207
91,veh2,veh3,10,5,0.5,623.196,6.04015,7.92799,-79.1054,17.8709,5,0.125,0.114,0.1207
91,veh2,veh4,10,7,0.3,487.88,6.04015,7.70874,-76.0282,20.9481,7,0.125,0.103,0.1207
91,veh2,veh1,10,7,0.3,518.941,6.04015,13.015,-77.3088,19.6675,7,0.125,0.106,0.1207
91,veh2,veh0,10,3,0.7,956.919,6.04015,6.78553,-79.1156,17.8607,3,0.125,0.08,0.1207
91,veh1,veh9,10,5,0.5,424.717,13.015,6.62694,-75.5297,21.4466,5,0.106,0.121,0.1207
91,veh1,veh7,10,2,0.8,619.071,13.015,11.1474,-78.9886,17.9877,2,0.106,0.144,0.1207
91,veh1,veh6,10,5,0.5,320.387,13.015,2.23934,-76.1571,20.8192,5,0.106,0.123,0.1207
91,veh1,veh5,10,2,0.8,789.362,13.015,6.63639,-79.6854,17.2909,2,0.106,0.149,0.1207
91,veh1,veh8,10,2,0.8,727.489,13.015,6.80418,-76.1521,20.8242,2,0.106,0.142,0.1207
91,veh1,veh3,10,6,0.4,123.425,13.015,7.92799,-62.8542,34.1221,6,0.106,0.114,0.1207
91,veh1,veh4,10,5,0.5,217.512,13.015,7.70874,-70.1146,26.8616,5,0.106,0.103,0.1207
91,veh1,veh2,10,2,0.8,518.941,13.015,6.04015,-75.8437,21.1326,2,0.106,0.125,0.1207
91,veh1,veh0,10,7,0.3,471.449,13.015,6.78553,-77.0737,19.9026,7,0.106,0.08,0.1207
91,veh0,veh9,10,2,0.8,810.57,6.78553,6.62694,-77.9732,14.4262,2,0.08,0.121,0.1207
91,veh0,veh7,10,0,1,1090.5,6.78553,11.1474,nan,nan,0,0.08,0.144,0.1207
91,veh0,veh6,10,0,1,775.191,6.78553,2.23934,nan,nan,0,0.08,0.123,0.1207
91,veh0,veh5,10,0,1,1257.42,6.78553,6.63639,nan,nan,0,0.08,0.149,0.1207
91,veh0,veh8,10,1,0.9,1187.48,6.78553,6.80418,-80.176,16.8003,1,0.08,0.142,0.1207
91,veh0,veh3,10,6,0.4,435.558,6.78553,7.92799,-75.7511,14.3011,6,0.08,0.114,0.1207
91,veh0,veh4,10,4,0.6,485.368,6.78553,7.70874,-76.9709,4.33133,4,0.08,0.103,0.1207
91,veh0,veh2,10,0,1,956.919,6.78553,6.04015,nan,nan,0,0.08,0.125,0.1207
91,veh0,veh1,10,4,0.6,471.449,6.78553,13.015,-77.517,12.6713,4,0.08,0.106,0.1207
92,veh9,veh7,10,7,0.3,477.845,6.35658,11.7008,-77.4693,19.507,7,0.127,0.148,0.123818
92,veh9,veh6,10,9,0.1,207.011,6.35658,4.66963,-71.6759,20.3234,9,0.127,0.132,0.123818
92,veh9,veh5,10,8,0.2,674.217,6.35658,6.52772,-77.8588,19.1175,8,0.127,0.147,0.123818
92,veh9,veh8,10,5,0.5,678.67,6.35658,6.98005,-79.0654,17.9109,5,0.127,0.138,0.123818
92,veh9,veh3,10,7,0.3,399.674,6.35658,8.66464,-74.6015,22.3748,7,0.127,0.099,0.123818
92,veh9,veh4,10,4,0.6,628.794,6.35658,8.45315,-79.0089,13.9239,4,0.127,0.099,0.123818
92,veh9,veh2,10,4,0.6,619.286,6.35658,1.54015,-77.2794,19.6969,4,0.127,0.135,0.123818
92,veh9,veh1,10,9,0.1,429.019,6.35658,12.6392,-77.2698,17.4873,9,0.127,0.116,0.123818
92,veh9,veh10,10,5,0.5,449.446,6.35658,0,-77.1095,15.8741,5,0.127,0.143,0.123818
92,veh9,veh0,10,3,0.7,812.123,6.35658,8.02334,-79.2529,11.6632,3,0.127,0.078,0.123818
92,veh7,veh9,10,5,0.5,477.845,11.7008,6.35658,-77.8818,19.0945,5,0.148,0.127,0.123818
92,veh7,veh6,10,5,0.5,342.031,11.7008,4.66963,-76.0287,20.9476,5,0.148,0.132,0.123818
92,veh7,veh5,10,7,0.3,198.051,11.7008,6.52772,-68.9832,27.9931,7,0.148,0.147,0.123818
92,veh7,veh8,10,6,0.4,213.285,11.7008,6.98005,-73.8305,23.1458,6,0.148,0.138,0.123818
92,veh7,veh3,10,5,0.5,676.657,11.7008,8.66464,-78.5161,18.4602,5,0.148,0.099,0.123818
92,veh7,veh4,10,3,0.7,688.596,11.7008,8.45315,-78.5299,18.4464,3,0.148,0.099,0.123818
92,veh7,veh2,10,8,0.2,304.334,11.7008,1.54015,-74.5466,22.4297,8,0.148,0.135,0.123818
92,veh7,veh1,10,4,0.6,602.29,11.7008,12.6392,-80.6884,16.2879,4,0.148,0.116,0.123818
92,veh7,veh10,10,9,0.1,158.476,11.7008,0,-68.5325,28.4438,9,0.148,0.143,0.123818
92,veh7,veh0,10,0,1,1084.35,11.7008,8.02334,nan,nan,0,0.148,0.078,0.123818
92,veh6,veh9,10,8,0.2,207.011,4.66963,6.35658,-70.4519,14.6813,8,0.132,0.127,0.123818
92,veh6,veh7,10,5,0.5,342.031,4.66963,11.7008,-73.3578,12.0896,5,0.132,0.148,0.123818
92,veh6,veh5,10,1,0.9,536.654,4.66963,6.52772,-79.8668,17.1095,1,0.132,0.147,0.123818
92,veh6,veh8,10,2,0.8,513.826,4.66963,6.98005,-76.4807,20.4956,2,0.132,0.138,0.123818
92,veh6,veh3,10,3,0.7,352.476,4.66963,8.66464,-71.4538,11.8824,3,0.132,0.099,0.123818
92,veh6,veh4,10,8,0.2,479.349,4.66963,8.45315,-76.254,8.08077,8,0.132,0.099,0.123818
92,veh6,veh2,10,5,0.5,417.075,4.66963,1.54015,-76.182,7.98092,5,0.132,0.135,0.123818
92,veh6,veh1,10,7,0.3,315.74,4.66963,12.6392,-74.4373,12.9976,7,0.132,0.116,0.123818
92,veh6,veh10,10,0,1,382.994,4.66963,0,nan,nan,0,0.132,0.143,0.123818
92,veh6,veh0,10,3,0.7,777.181,4.66963,8.02334,-80.3086,10.7342,3,0.132,0.078,0.123818
92,veh5,veh9,10,3,0.7,674.217,6.52772,6.35658,-76.4873,20.489,3,0.147,0.127,0.123818
92,veh5,veh7,10,8,0.2,198.051,6.52772,11.7008,-69.8792,13.5106,8,0.147,0.148,0.123818
92,veh5,veh6,10,0,1,536.654,6.52772,4.66963,nan,nan,0,0.147,0.132,0.123818
92,veh5,veh8,10,10,0,115.998,6.52772,6.98005,-67.5552,17.5416,10,0.147,0.138,0.123818
92,veh5,veh3,10,2,0.8,858.309,6.52772,8.66464,-76.6235,20.3528,2,0.147,0.099,0.123818
92,veh5,veh4,10,0,1,822.422,6.52772,8.45315,nan,nan,0,0.147,0.099,0.123818
92,veh5,veh2,10,2,0.8,352.691,6.52772,1.54015,-73.9871,4.90972,2,0.147,0.135,0.123818
92,veh5,veh1,10,0,1,771.159,6.52772,12.6392,nan,nan,0,0.147,0.116,0.123818
92,veh5,veh10,10,8,0.2,276.219,6.52772,0,-72.9448,12.902,8,0.147,0.143,0.123818
92,veh5,veh0,10,0,1,1251.42,6.52772,8.02334,nan,nan,0,0.147,0.078,0.123818
92,veh8,veh9,10,5,0.5,678.67,6.98005,6.35658,-79.5954,17.3809,5,0.138,0.127,0.123818
92,veh8,veh7,10,10,0,213.285,6.98005,11.7008,-72.3381,24.6382,10,0.138,0.148,0.123818
92,veh8,veh6,10,5,0.5,513.826,6.98005,4.66963,-77.7455,19.2308,5,0.138,0.132,0.123818
92,veh8,veh5,10,10,0,115.998,6.98005,6.52772,-68.7328,28.2435,10,0.138,0.147,0.123818
92,veh8,veh3,10,3,0.7,807.168,6.98005,8.66464,-79.7632,17.2131,3,0.138,0.099,0.123818
92,veh8,veh4,10,5,0.5,735.659,6.98005,8.45315,-78.8441,18.1322,5,0.138,0.099,0.123818
92,veh8,veh2,10,8,0.2,248.473,6.98005,1.54015,-71.0942,25.8821,8,0.138,0.135,0.123818
92,veh8,veh1,10,6,0.4,708.477,6.98005,12.6392,-78.7429,18.2334,6,0.138,0.116,0.123818
92,veh8,veh10,10,9,0.1,342.222,6.98005,0,-74.1769,22.7994,9,0.138,0.143,0.123818
92,veh8,veh0,10,2,0.8,1181.93,6.98005,8.02334,-79.6321,17.3442,2,0.138,0.078,0.123818
92,veh3,veh9,10,7,0.3,399.674,8.66464,6.35658,-75.5356,21.4407,7,0.099,0.127,0.123818
92,veh3,veh7,10,2,0.8,676.657,8.66464,11.7008,-79.6468,17.3295,2,0.099,0.148,0.123818
92,veh3,veh6,10,9,0.1,352.476,8.66464,4.66963,-75.9059,21.0704,9,0.099,0.132,0.123818
92,veh3,veh5,10,3,0.7,858.309,8.66464,6.52772,-77.5151,19.4611,3,0.099,0.147,0.123818
92,veh3,veh8,10,3,0.7,807.168,8.66464,6.98005,-79.6787,17.2976,3,0.099,0.138,0.123818
92,veh3,veh4,10,9,0.1,315.214,8.66464,8.45315,-73.6264,23.3498,9,0.099,0.099,0.123818
92,veh3,veh2,10,3,0.7,623.722,8.66464,1.54015,-79.2195,17.7568,3,0.099,0.135,0.123818
92,veh3,veh1,10,10,0,129.23,8.66464,12.6392,-69.7422,27.2341,10,0.099,0.116,0.123818
92,veh3,veh10,10,5,0.5,735.396,8.66464,0,-76.4392,20.5371,5,0.099,0.143,0.123818
92,veh3,veh0,10,9,0.1,427.298,8.66464,8.02334,-76.451,20.5252,9,0.099,0.078,0.123818
92,veh4,veh9,10,2,0.8,628.794,8.45315,6.35658,-77.4982,12.0774,2,0.099,0.127,0.123818
92,veh4,veh7,10,1,0.9,688.596,8.45315,11.7008,-75.293,21.6833,1,0.099,0.148,0.123818
92,veh4,veh6,10,6,0.4,479.349,8.45315,4.66963,-76.1647,11.801,6,0.099,0.132,0.123818
92,veh4,veh5,10,0,1,822.422,8.45315,6.52772,nan,nan,0,0.099,0.147,0.123818
92,veh4,veh8,10,0,1,735.659,8.45315,6.98005,nan,nan,0,0.099,0.138,0.123818
92,veh4,veh3,10,5,0.5,315.214,8.45315,8.66464,-72.7534,13.8794,5,0.099,0.099,0.123818
92,veh4,veh2,10,1,0.9,496.838,8.45315,1.54015,-74.3342,22.6421,1,0.099,0.135,0.123818
92,veh4,veh1,10,8,0.2,210.886,8.45315,12.6392,-70.5606,13.0833,8,0.099,0.116,0.123818
92,veh4,veh10,10,0,1,803.883,8.45315,0,nan,nan,0,0.099,0.143,0.123818
92,veh4,veh0,10,7,0.3,480.23,8.45315,8.02334,-75.1359,12.2936,7,0.099,0.078,0.123818
92,veh2,veh9,10,8,0.2,619.286,1.54015,6.35658,-78.6783,18.298,8,0.135,0.127,0.123818
92,veh2,veh7,10,9,0.1,304.334,1.54015,11.7008,-75.9999,20.9764,9,0.135,0.148,0.123818
92,veh2,veh6,10,8,0.2,417.075,1.54015,4.66963,-79.736,17.2403,8,0.135,0.132,0.123818
92,veh2,veh5,10,5,0.5,352.691,1.54015,6.52772,-75.8134,21.1629,5,0.135,0.147,0.123818
92,veh2,veh8,10,7,0.3,248.473,1.54015,6.98005,-71.7854,25.1909,7,0.135,0.138,0.123818
92,veh2,veh3,10,4,0.6,623.722,1.54015,8.66464,-78.1776,18.7987,4,0.135,0.099,0.123818
92,veh2,veh4,10,6,0.4,496.838,1.54015,8.45315,-75.1508,21.8255,6,0.135,0.099,0.123818
92,veh2,veh1,10,8,0.2,507.927,1.54015,12.6392,-75.6217,21.3545,8,0.135,0.116,0.123818
92,veh2,veh10,10,6,0.4,461.933,1.54015,0,-78.6475,18.3287,6,0.135,0.143,0.123818
92,veh2,veh0,10,2,0.8,960.279,1.54015,8.02334,-79.9788,16.9975,2,0.135,0.078,0.123818
92,veh1,veh9,10,7,0.3,429.019,12.6392,6.35658,-74.2933,22.683,7,0.116,0.127,0.123818
92,veh1,veh7,10,4,0.6,602.29,12.6392,11.7008,-78.6201,18.3562,4,0.116,0.148,0.123818
92,veh1,veh6,10,6,0.4,315.74,12.6392,4.66963,-75.3156,21.6607,6,0.116,0.132,0.123818
92,veh1,veh5,10,2,0.8,771.159,12.6392,6.52772,-78.819,18.1573,2,0.116,0.147,0.123818
92,veh1,veh8,10,4,0.6,708.477,12.6392,6.98005,-76.5875,20.3888,4,0.116,0.138,0.123818
92,veh1,veh3,10,9,0.1,129.23,12.6392,8.66464,-67.6258,29.3505,9,0.116,0.099,0.123818
92,veh1,veh4,10,10,0,210.886,12.6392,8.45315,-70.1058,26.8705,10,0.116,0.099,0.123818
92,veh1,veh2,10,7,0.3,507.927,12.6392,1.54015,-78.2047,18.7715,7,0.116,0.135,0.123818
92,veh1,veh10,10,4,0.6,684.809,12.6392,0,-80.5489,16.4274,4,0.116,0.143,0.123818
92,veh1,veh0,10,10,0,482.235,12.6392,8.02334,-77.249,19.7273,10,0.116,0.078,0.123818
92,veh10,veh9,10,8,0.2,449.446,0,6.35658,-75.0431,21.9331,8,0.143,0.127,0.123818
92,veh10,veh7,10,10,0,158.476,0,11.7008,-71.1995,25.7768,10,0.143,0.148,0.123818
92,veh10,veh6,10,7,0.3,382.994,0,4.66963,-77.7931,19.1832,7,0.143,0.132,0.123818
92,veh10,veh5,10,9,0.1,276.219,0,6.52772,-74.3494,22.6268,9,0.143,0.147,0.123818
92,veh10,veh8,10,8,0.2,342.222,0,6.98005,-75.5263,21.45,8,0.143,0.138,0.123818
92,veh10,veh3,10,3,0.7,735.396,0,8.66464,-76.3607,20.6155,3,0.143,0.099,0.123818
92,veh10,veh4,10,5,0.5,803.883,0,8.45315,-78.7936,18.1827,5,0.143,0.099,0.123818
92,veh10,veh2,10,9,0.1,461.933,0,1.54015,-76.7645,20.2118,9,0.143,0.135,0.123818
92,veh10,veh1,10,6,0.4,684.809,0,12.6392,-79.4318,17.5444,6,0.143,0.116,0.123818
92,veh10,veh0,10,2,0.8,1158.39,0,8.02334,-80.8982,16.078,2,0.143,0.078,0.123818
92,veh0,veh9,10,3,0.7,812.123,8.02334,6.35658,-79.8188,6.44329,3,0.078,0.127,0.123818
92,veh0,veh7,10,1,0.9,1084.35,8.02334,11.7008,-81.5217,0.928942,1,0.078,0.148,0.123818
92,veh0,veh6,10,1,0.9,777.181,8.02334,4.66963,-75.0781,6.31858,1,0.078,0.132,0.123818
92,veh0,veh5,10,0,1,1251.42,8.02334,6.52772,nan,nan,0,0.078,0.147,0.123818
92,veh0,veh8,10,0,1,1181.93,8.02334,6.98005,nan,nan,0,0.078,0.138,0.123818
92,veh0,veh3,10,9,0.1,427.298,8.02334,8.66464,-75.9644,10.2336,9,0.078,0.099,0.123818
92,veh0,veh4,10,8,0.2,480.23,8.02334,8.45315,-75.9858,12.8008,8,0.078,0.099,0.123818
92,veh0,veh2,10,2,0.8,960.279,8.02334,1.54015,-81.5604,11.1368,2,0.078,0.135,0.123818
92,veh0,veh1,10,5,0.5,482.235,8.02334,12.6392,-76.7565,8.82722,5,0.078,0.116,0.123818
92,veh0,veh10,10,0,1,1158.39,8.02334,0,nan,nan,0,0.078,0.143,0.123818
93,veh9,veh7,10,8,0.2,482.857,6.17699,12.1213,-77.6444,19.3318,8,0.113,0.148,0.125909
93,veh9,veh6,10,8,0.2,216.021,6.17699,6.79411,-73.7949,23.1813,8,0.113,0.134,0.125909
93,veh9,veh5,10,4,0.6,669.848,6.17699,6.42936,-76.1631,20.8131,4,0.113,0.15,0.125909
93,veh9,veh8,10,6,0.4,674.934,6.17699,6.63273,-78.7842,18.1921,6,0.113,0.149,0.125909
93,veh9,veh3,10,9,0.1,413.132,6.17699,8.68233,-77.2308,19.7455,9,0.113,0.111,0.125909
93,veh9,veh4,10,6,0.4,635.077,6.17699,7.83845,-79.2799,17.6964,6,0.113,0.111,0.125909
93,veh9,veh2,10,6,0.4,623.756,6.17699,0.271367,-77.599,19.3773,6,0.113,0.136,0.125909
93,veh9,veh1,10,8,0.2,434.21,6.17699,11.7854,-77.4052,19.571,8,0.113,0.11,0.125909
93,veh9,veh10,10,5,0.5,446.562,6.17699,2.45287,-76.4803,20.496,5,0.113,0.144,0.125909
93,veh9,veh0,10,5,0.5,813.721,6.17699,7.62646,-78.7598,18.2165,5,0.113,0.079,0.125909
93,veh7,veh9,10,5,0.5,482.857,12.1213,6.17699,-77.2283,19.7479,5,0.148,0.113,0.125909
93,veh7,veh6,10,8,0.2,333.904,12.1213,6.79411,-76.3872,20.589,8,0.148,0.134,0.125909
93,veh7,veh5,10,10,0,191.024,12.1213,6.42936,-71.2167,25.7596,10,0.148,0.15,0.125909
93,veh7,veh8,10,9,0.1,200.679,12.1213,6.63273,-73.1241,23.8522,9,0.148,0.149,0.125909
93,veh7,veh3,10,5,0.5,675.413,12.1213,8.68233,-78.2729,18.7034,5,0.148,0.111,0.125909
93,veh7,veh4,10,5,0.5,685.131,12.1213,7.83845,-78.4406,18.5357,5,0.148,0.111,0.125909
93,veh7,veh2,10,8,0.2,292.211,12.1213,0.271367,-73.0533,23.923,8,0.148,0.136,0.125909
93,veh7,veh1,10,6,0.4,586.361,12.1213,11.7854,-78.7383,18.2379,6,0.148,0.11,0.125909
93,veh7,veh10,10,10,0,170.752,12.1213,2.45287,-68.7338,28.2425,10,0.148,0.144,0.125909
93,veh7,veh0,10,3,0.7,1078.31,12.1213,7.62646,-79.0545,17.9218,3,0.148,0.079,0.125909
93,veh6,veh9,10,6,0.4,216.021,6.79411,6.17699,-69.4889,16.349,6,0.134,0.113,0.125909
93,veh6,veh7,10,6,0.4,333.904,6.79411,12.1213,-71.1933,7.74828,6,0.134,0.148,0.125909
93,veh6,veh5,10,1,0.9,523.577,6.79411,6.42936,-72.1011,24.8752,1,0.134,0.15,0.125909
93,veh6,veh8,10,1,0.9,500.621,6.79411,6.63273,-71.8832,25.0931,1,0.134,0.149,0.125909
93,veh6,veh3,10,7,0.3,362.923,6.79411,8.68233,-75.225,11.2992,7,0.134,0.111,0.125909
93,veh6,veh4,10,6,0.4,483.45,6.79411,7.83845,-75.1459,13.6837,6,0.134,0.111,0.125909
93,veh6,veh2,10,6,0.4,411.996,6.79411,0.271367,-74.488,14.1517,6,0.134,0.136,0.125909
93,veh6,veh1,10,6,0.4,313.372,6.79411,11.7854,-73.5498,11.7184,6,0.134,0.11,0.125909
93,veh6,veh10,10,4,0.6,375.161,6.79411,2.45287,-75.0978,21.8785,4,0.134,0.144,0.125909
93,veh6,veh0,10,2,0.8,781.073,6.79411,7.62646,-78.0667,7.21783,2,0.134,0.079,0.125909
93,veh5,veh9,10,0,1,669.848,6.42936,6.17699,nan,nan,0,0.15,0.113,0.125909
93,veh5,veh7,10,10,0,191.024,6.42936,12.1213,-68.5757,14.113,10,0.15,0.148,0.125909
93,veh5,veh6,10,2,0.8,523.577,6.42936,6.79411,-76.7281,20.2482,2,0.15,0.134,0.125909
93,veh5,veh8,10,9,0.1,114.638,6.42936,6.63273,-64.832,21.6179,9,0.15,0.149,0.125909
93,veh5,veh3,10,0,1,854.095,6.42936,8.68233,nan,nan,0,0.15,0.111,0.125909
93,veh5,veh4,10,0,1,822.781,6.42936,7.83845,nan,nan,0,0.15,0.111,0.125909
93,veh5,veh2,10,4,0.6,347.565,6.42936,0.271367,-72.318,13.2856,4,0.15,0.136,0.125909
93,veh5,veh1,10,0,1,754.11,6.42936,11.7854,nan,nan,0,0.15,0.11,0.125909
93,veh5,veh10,10,8,0.2,274.383,6.42936,2.45287,-72.7249,11.5127,8,0.15,0.144,0.125909
93,veh5,veh0,10,0,1,1245.53,6.42936,7.62646,nan,nan,0,0.15,0.079,0.125909
93,veh8,veh9,10,6,0.4,674.934,6.63273,6.17699,-77.0147,19.9616,6,0.149,0.113,0.125909
93,veh8,veh7,10,8,0.2,200.679,6.63273,12.1213,-73.7453,23.231,8,0.149,0.148,0.125909
93,veh8,veh6,10,5,0.5,500.621,6.63273,6.79411,-76.4299,20.5464,5,0.149,0.134,0.125909
93,veh8,veh5,10,9,0.1,114.638,6.63273,6.42936,-68.0378,28.9385,9,0.149,0.15,0.125909
93,veh8,veh3,10,2,0.8,801.745,6.63273,8.68233,-79.8732,17.1031,2,0.149,0.111,0.125909
93,veh8,veh4,10,5,0.5,736.657,6.63273,7.83845,-78.1767,18.7996,5,0.149,0.111,0.125909
93,veh8,veh2,10,7,0.3,243.466,6.63273,0.271367,-74.7878,22.1885,7,0.149,0.136,0.125909
93,veh8,veh1,10,4,0.6,690.815,6.63273,11.7854,-79.0582,17.9181,4,0.149,0.11,0.125909
93,veh8,veh10,10,10,0,340.084,6.63273,2.45287,-74.6367,22.3395,10,0.149,0.144,0.125909
93,veh8,veh0,10,1,0.9,1176.68,6.63273,7.62646,-81.7536,15.2227,1,0.149,0.079,0.125909
93,veh3,veh9,10,6,0.4,413.132,8.68233,6.17699,-76.5117,20.4646,6,0.111,0.113,0.125909
93,veh3,veh7,10,6,0.4,675.413,8.68233,12.1213,-77.6308,19.3455,6,0.111,0.148,0.125909
93,veh3,veh6,10,6,0.4,362.923,8.68233,6.79411,-76.1265,20.8498,6,0.111,0.134,0.125909
93,veh3,veh5,10,1,0.9,854.095,8.68233,6.42936,-77.4173,19.559,1,0.111,0.15,0.125909
93,veh3,veh8,10,3,0.7,801.745,8.68233,6.63273,-79.8971,17.0792,3,0.111,0.149,0.125909
93,veh3,veh4,10,8,0.2,303.69,8.68233,7.83845,-75.3732,21.6031,8,0.111,0.111,0.125909
93,veh3,veh2,10,5,0.5,623.108,8.68233,0.271367,-78.7723,18.204,5,0.111,0.136,0.125909
93,veh3,veh1,10,10,0,135.927,8.68233,11.7854,-69.618,27.3583,10,0.111,0.11,0.125909
93,veh3,veh10,10,4,0.6,738.026,8.68233,2.45287,-79.8123,17.164,4,0.111,0.144,0.125909
93,veh3,veh0,10,7,0.3,419.585,8.68233,7.62646,-77.2458,19.7305,7,0.111,0.079,0.125909
93,veh4,veh9,10,4,0.6,635.077,7.83845,6.17699,-75.4567,10.8726,4,0.111,0.113,0.125909
93,veh4,veh7,10,0,1,685.131,7.83845,12.1213,nan,nan,0,0.111,0.148,0.125909
93,veh4,veh6,10,4,0.6,483.45,7.83845,6.79411,-74.5171,10.2589,4,0.111,0.134,0.125909
93,veh4,veh5,10,0,1,822.781,7.83845,6.42936,nan,nan,0,0.111,0.15,0.125909
93,veh4,veh8,10,0,1,736.657,7.83845,6.63273,nan,nan,0,0.111,0.149,0.125909
93,veh4,veh3,10,8,0.2,303.69,7.83845,8.68233,-73.0736,10.3366,8,0.111,0.111,0.125909
93,veh4,veh2,10,1,0.9,504.255,7.83845,0.271367,-73.1647,23.8116,1,0.111,0.136,0.125909
93,veh4,veh1,10,9,0.1,206.241,7.83845,11.7854,-69.8242,11.7481,9,0.111,0.11,0.125909
93,veh4,veh10,10,1,0.9,806.914,7.83845,2.45287,-79.3859,17.5904,1,0.111,0.144,0.125909
93,veh4,veh0,10,6,0.4,475.607,7.83845,7.62646,-75.4684,12.4095,6,0.111,0.079,0.125909
93,veh2,veh9,10,5,0.5,623.756,0.271367,6.17699,-78.0968,18.8795,5,0.136,0.113,0.125909
93,veh2,veh7,10,7,0.3,292.211,0.271367,12.1213,-74.3607,22.6155,7,0.136,0.148,0.125909
93,veh2,veh6,10,8,0.2,411.996,0.271367,6.79411,-76.8476,20.1287,8,0.136,0.134,0.125909
93,veh2,veh5,10,8,0.2,347.565,0.271367,6.42936,-77.1435,19.8328,8,0.136,0.15,0.125909
93,veh2,veh8,10,8,0.2,243.466,0.271367,6.63273,-74.2313,22.745,8,0.136,0.149,0.125909
93,veh2,veh3,10,5,0.5,623.108,0.271367,8.68233,-77.6454,19.3309,5,0.136,0.111,0.125909
93,veh2,veh4,10,4,0.6,504.255,0.271367,7.83845,-77.7488,19.2274,4,0.136,0.111,0.125909
93,veh2,veh1,10,4,0.6,496.515,0.271367,11.7854,-80.4275,16.5488,4,0.136,0.11,0.125909
93,veh2,veh10,10,8,0.2,461.928,0.271367,2.45287,-75.8973,21.079,8,0.136,0.144,0.125909
93,veh2,veh0,10,0,1,962.373,0.271367,7.62646,nan,nan,0,0.136,0.079,0.125909
93,veh1,veh9,10,8,0.2,434.21,11.7854,6.17699,-75.4105,21.5658,8,0.11,0.113,0.125909
93,veh1,veh7,10,4,0.6,586.361,11.7854,12.1213,-77.3112,19.665,4,0.11,0.148,0.125909
93,veh1,veh6,10,8,0.2,313.372,11.7854,6.79411,-75.014,21.9623,8,0.11,0.134,0.125909
93,veh1,veh5,10,3,0.7,754.11,11.7854,6.42936,-79.1158,17.8604,3,0.11,0.15,0.125909
93,veh1,veh8,10,2,0.8,690.815,11.7854,6.63273,-80.4069,16.5694,2,0.11,0.149,0.125909
93,veh1,veh3,10,7,0.3,135.927,11.7854,8.68233,-71.2673,25.709,7,0.11,0.111,0.125909
93,veh1,veh4,10,9,0.1,206.241,11.7854,7.83845,-73.0658,23.9105,9,0.11,0.111,0.125909
93,veh1,veh2,10,6,0.4,496.515,11.7854,0.271367,-76.9745,20.0018,6,0.11,0.136,0.125909
93,veh1,veh10,10,2,0.8,674.744,11.7854,2.45287,-75.7242,21.252,2,0.11,0.144,0.125909
93,veh1,veh0,10,6,0.4,492.384,11.7854,7.62646,-76.6269,20.3494,6,0.11,0.079,0.125909
93,veh10,veh9,10,6,0.4,446.562,2.45287,6.17699,-78.3411,18.6352,6,0.144,0.113,0.125909
93,veh10,veh7,10,10,0,170.752,2.45287,12.1213,-71.9891,24.9872,10,0.144,0.148,0.125909
93,veh10,veh6,10,8,0.2,375.161,2.45287,6.79411,-75.8483,21.128,8,0.144,0.134,0.125909
93,veh10,veh5,10,9,0.1,274.383,2.45287,6.42936,-73.2267,23.7495,9,0.144,0.15,0.125909
93,veh10,veh8,10,9,0.1,340.084,2.45287,6.63273,-75.3896,21.5867,9,0.144,0.149,0.125909
93,veh10,veh3,10,4,0.6,738.026,2.45287,8.68233,-80.8809,16.0954,4,0.144,0.111,0.125909
93,veh10,veh4,10,4,0.6,806.914,2.45287,7.83845,-78.9932,17.9831,4,0.144,0.111,0.125909
93,veh10,veh2,10,5,0.5,461.928,2.45287,0.271367,-77.7246,19.2517,5,0.144,0.136,0.125909
93,veh10,veh1,10,4,0.6,674.744,2.45287,11.7854,-80.0515,16.9248,4,0.144,0.11,0.125909
93,veh10,veh0,10,0,1,1155.2,2.45287,7.62646,nan,nan,0,0.144,0.079,0.125909
93,veh0,veh9,10,2,0.8,813.721,7.62646,6.17699,-79.9106,17.0657,2,0.079,0.113,0.125909
93,veh0,veh7,10,0,1,1078.31,7.62646,12.1213,nan,nan,0,0.079,0.148,0.125909
93,veh0,veh6,10,3,0.7,781.073,7.62646,6.79411,-79.1386,13.0976,3,0.079,0.134,0.125909
93,veh0,veh5,10,0,1,1245.53,7.62646,6.42936,nan,nan,0,0.079,0.15,0.125909
93,veh0,veh8,10,0,1,1176.68,7.62646,6.63273,nan,nan,0,0.079,0.149,0.125909
93,veh0,veh3,10,7,0.3,419.585,7.62646,8.68233,-75.6108,14.5358,7,0.079,0.111,0.125909
93,veh0,veh4,10,6,0.4,475.607,7.62646,7.83845,-76.8492,12.6975,6,0.079,0.111,0.125909
93,veh0,veh2,10,1,0.9,962.373,7.62646,0.271367,-80.3269,14.1896,1,0.079,0.136,0.125909
93,veh0,veh1,10,4,0.6,492.384,7.62646,11.7854,-78.6953,15.004,4,0.079,0.11,0.125909
93,veh0,veh10,10,0,1,1155.2,7.62646,2.45287,nan,nan,0,0.079,0.144,0.125909
94,veh9,veh7,10,7,0.3,487.585,6.35909,9.09116,-75.9792,20.9971,7,0.126,0.146,0.125636
94,veh9,veh6,10,8,0.2,225.862,6.35909,7.90264,-72.5501,24.4262,8,0.126,0.127,0.125636
94,veh9,veh5,10,3,0.7,666.231,6.35909,5.76382,-79.9798,16.9964,3,0.126,0.149,0.125636
94,veh9,veh8,10,4,0.6,671.112,6.35909,6.91918,-79.0046,13.9805,4,0.126,0.139,0.125636
94,veh9,veh3,10,5,0.5,426.526,6.35909,8.32875,-74.7017,22.2746,5,0.126,0.104,0.125636
94,veh9,veh4,10,5,0.5,641.664,6.35909,7.60786,-78.7166,18.2597,5,0.126,0.108,0.125636
94,veh9,veh2,10,7,0.3,628.202,6.35909,0.016239,-78.0719,18.9044,7,0.126,0.141,0.125636
94,veh9,veh1,10,8,0.2,443.205,6.35909,12.2852,-76.4857,19.0365,8,0.126,0.12,0.125636
94,veh9,veh10,10,8,0.2,441.366,6.35909,4.83789,-74.426,19.5511,8,0.126,0.148,0.125636
94,veh9,veh0,10,4,0.6,815.092,6.35909,8.51037,-78.8122,18.1641,4,0.126,0.074,0.125636
94,veh7,veh9,10,5,0.5,487.585,9.09116,6.35909,-77.6445,19.3318,5,0.146,0.126,0.125636
94,veh7,veh6,10,6,0.4,325.262,9.09116,7.90264,-77.9006,19.0757,6,0.146,0.127,0.125636
94,veh7,veh5,10,9,0.1,185.2,9.09116,5.76382,-71.9849,24.9914,9,0.146,0.149,0.125636
94,veh7,veh8,10,7,0.3,189.765,9.09116,6.91918,-71.2827,25.6936,7,0.146,0.139,0.125636
94,veh7,veh3,10,5,0.5,675.109,9.09116,8.32875,-79.195,17.7812,5,0.146,0.104,0.125636
94,veh7,veh4,10,4,0.6,683.962,9.09116,7.60786,-79.9211,17.0552,4,0.146,0.108,0.125636
94,veh7,veh2,10,9,0.1,283.127,9.09116,0.016239,-75.6467,21.3296,9,0.146,0.141,0.125636
94,veh7,veh1,10,5,0.5,573.703,9.09116,12.2852,-76.7968,20.1795,5,0.146,0.12,0.125636
94,veh7,veh10,10,8,0.2,180.273,9.09116,4.83789,-73.0768,23.8995,8,0.146,0.148,0.125636
94,veh7,veh0,10,1,0.9,1073.97,9.09116,8.51037,-79.6383,17.338,1,0.146,0.074,0.125636
94,veh6,veh9,10,7,0.3,225.862,7.90264,6.35909,-69.0804,14.6279,7,0.127,0.126,0.125636
94,veh6,veh7,10,2,0.8,325.262,7.90264,9.09116,-73.8646,7.9145,2,0.127,0.146,0.125636
94,veh6,veh5,10,1,0.9,510.046,7.90264,5.76382,-80.884,16.0923,1,0.127,0.149,0.125636
94,veh6,veh8,10,2,0.8,486.058,7.90264,6.91918,-73.6633,23.313,2,0.127,0.139,0.125636
94,veh6,veh3,10,4,0.6,374.117,7.90264,8.32875,-74.9055,12.4848,4,0.127,0.104,0.125636
94,veh6,veh4,10,6,0.4,488.275,7.90264,7.60786,-76.5301,11.9289,6,0.127,0.108,0.125636
94,veh6,veh2,10,5,0.5,405.911,7.90264,0.016239,-75.5292,8.06976,5,0.127,0.141,0.125636
94,veh6,veh1,10,8,0.2,314.486,7.90264,12.2852,-75.0723,11.4875,8,0.127,0.12,0.125636
94,veh6,veh10,10,1,0.9,364.471,7.90264,4.83789,-72.0193,5.13936,1,0.127,0.148,0.125636
94,veh6,veh0,10,2,0.8,785.878,7.90264,8.51037,-80.3542,11.3863,2,0.127,0.074,0.125636
94,veh5,veh9,10,2,0.8,666.231,5.76382,6.35909,-76.7185,20.2578,2,0.149,0.126,0.125636
94,veh5,veh7,10,10,0,185.2,5.76382,9.09116,-70.2161,15.3734,10,0.149,0.146,0.125636
94,veh5,veh6,10,4,0.6,510.046,5.76382,7.90264,-76.6279,20.3484,4,0.149,0.127,0.125636
94,veh5,veh8,10,9,0.1,113.702,5.76382,6.91918,-67.3054,18.4411,9,0.149,0.139,0.125636
94,veh5,veh3,10,0,1,850.537,5.76382,8.32875,nan,nan,0,0.149,0.104,0.125636
94,veh5,veh4,10,0,1,823.6,5.76382,7.60786,nan,nan,0,0.149,0.108,0.125636
94,veh5,veh2,10,6,0.4,343.149,5.76382,0.016239,-74.6854,12.0722,6,0.149,0.141,0.125636
94,veh5,veh1,10,2,0.8,739.148,5.76382,12.2852,-77.8893,19.087,2,0.149,0.12,0.125636
94,veh5,veh10,10,9,0.1,274.743,5.76382,4.83789,-72.5719,13.6878,9,0.149,0.148,0.125636
94,veh5,veh0,10,1,0.9,1240.39,5.76382,8.51037,-81.0182,15.9581,1,0.149,0.074,0.125636
94,veh8,veh9,10,5,0.5,671.112,6.91918,6.35909,-79.3836,17.5927,5,0.139,0.126,0.125636
94,veh8,veh7,10,8,0.2,189.765,6.91918,9.09116,-71.6465,25.3298,8,0.139,0.146,0.125636
94,veh8,veh6,10,8,0.2,486.058,6.91918,7.90264,-75.6502,21.3261,8,0.139,0.127,0.125636
94,veh8,veh5,10,10,0,113.702,6.91918,5.76382,-66.1202,30.8561,10,0.139,0.149,0.125636
94,veh8,veh3,10,4,0.6,796.097,6.91918,8.32875,-77.539,19.4373,4,0.139,0.104,0.125636
94,veh8,veh4,10,4,0.6,737.228,6.91918,7.60786,-77.6662,19.3101,4,0.139,0.108,0.125636
94,veh8,veh2,10,10,0,238.53,6.91918,0.016239,-74.6432,22.3331,10,0.139,0.141,0.125636
94,veh8,veh1,10,6,0.4,673.893,6.91918,12.2852,-80.1428,16.8335,6,0.139,0.12,0.125636
94,veh8,veh10,10,9,0.1,339.048,6.91918,4.83789,-77.3226,19.6537,9,0.139,0.148,0.125636
94,veh8,veh0,10,0,1,1171.31,6.91918,8.51037,nan,nan,0,0.139,0.074,0.125636
94,veh3,veh9,10,8,0.2,426.526,8.32875,6.35909,-77.0119,19.9644,8,0.104,0.126,0.125636
94,veh3,veh7,10,4,0.6,675.109,8.32875,9.09116,-79.8145,17.1618,4,0.104,0.146,0.125636
94,veh3,veh6,10,9,0.1,374.117,8.32875,7.90264,-76.9762,20.0001,9,0.104,0.127,0.125636
94,veh3,veh5,10,2,0.8,850.537,8.32875,5.76382,-79.4537,17.5226,2,0.104,0.149,0.125636
94,veh3,veh8,10,4,0.6,796.097,8.32875,6.91918,-78.161,18.8153,4,0.104,0.139,0.125636
94,veh3,veh4,10,8,0.2,292.635,8.32875,7.60786,-70.6857,26.2906,8,0.104,0.108,0.125636
94,veh3,veh2,10,5,0.5,622.389,8.32875,0.016239,-76.9953,19.981,5,0.104,0.141,0.125636
94,veh3,veh1,10,10,0,144.824,8.32875,12.2852,-69.8129,27.1633,10,0.104,0.12,0.125636
94,veh3,veh10,10,6,0.4,738.573,8.32875,4.83789,-78.9308,18.0455,6,0.104,0.148,0.125636
94,veh3,veh0,10,7,0.3,412.38,8.32875,8.51037,-74.2519,22.7244,7,0.104,0.074,0.125636
94,veh4,veh9,10,4,0.6,641.664,7.60786,6.35909,-75.5016,8.40523,4,0.108,0.126,0.125636
94,veh4,veh7,10,0,1,683.962,7.60786,9.09116,nan,nan,0,0.108,0.146,0.125636
94,veh4,veh6,10,3,0.7,488.275,7.60786,7.90264,-77.4407,8.11802,3,0.108,0.127,0.125636
94,veh4,veh5,10,0,1,823.6,7.60786,5.76382,nan,nan,0,0.108,0.149,0.125636
94,veh4,veh8,10,0,1,737.228,7.60786,6.91918,nan,nan,0,0.108,0.139,0.125636
94,veh4,veh3,10,7,0.3,292.635,7.60786,8.32875,-74.4701,12.4792,7,0.108,0.104,0.125636
94,veh4,veh2,10,1,0.9,511.262,7.60786,0.016239,-77.6145,19.3618,1,0.108,0.141,0.125636
94,veh4,veh1,10,8,0.2,200.178,7.60786,12.2852,-70.4901,13.5503,8,0.108,0.12,0.125636
94,veh4,veh10,10,0,1,808.492,7.60786,4.83789,nan,nan,0,0.108,0.148,0.125636
94,veh4,veh0,10,4,0.6,471.695,7.60786,8.51037,-76.0696,12.0936,4,0.108,0.074,0.125636
94,veh2,veh9,10,6,0.4,628.202,0.016239,6.35909,-79.2587,17.7176,6,0.141,0.126,0.125636
94,veh2,veh7,10,8,0.2,283.127,0.016239,9.09116,-72.3322,24.6441,8,0.141,0.146,0.125636
94,veh2,veh6,10,6,0.4,405.911,0.016239,7.90264,-75.1896,21.7867,6,0.141,0.127,0.125636
94,veh2,veh5,10,8,0.2,343.149,0.016239,5.76382,-74.789,22.1873,8,0.141,0.149,0.125636
94,veh2,veh8,10,9,0.1,238.53,0.016239,6.91918,-71.0396,25.9366,9,0.141,0.139,0.125636
94,veh2,veh3,10,4,0.6,622.389,0.016239,8.32875,-78.3248,18.6515,4,0.141,0.104,0.125636
94,veh2,veh4,10,5,0.5,511.262,0.016239,7.60786,-77.3468,19.6295,5,0.141,0.108,0.125636
94,veh2,veh1,10,8,0.2,485.006,0.016239,12.2852,-74.7755,22.2008,8,0.141,0.12,0.125636
94,veh2,veh10,10,8,0.2,461.958,0.016239,4.83789,-75.8032,21.1731,8,0.141,0.148,0.125636
94,veh2,veh0,10,2,0.8,964.498,0.016239,8.51037,-80.7763,16.2,2,0.141,0.074,0.125636
94,veh1,veh9,10,6,0.4,443.205,12.2852,6.35909,-75.2088,21.7674,6,0.12,0.126,0.125636
94,veh1,veh7,10,3,0.7,573.703,12.2852,9.09116,-79.3436,17.6327,3,0.12,0.146,0.125636
94,veh1,veh6,10,6,0.4,314.486,12.2852,7.90264,-79.4195,17.5567,6,0.12,0.127,0.125636
94,veh1,veh5,10,6,0.4,739.148,12.2852,5.76382,-78.5117,18.4645,6,0.12,0.149,0.125636
94,veh1,veh8,10,2,0.8,673.893,12.2852,6.91918,-80.746,16.2302,2,0.12,0.139,0.125636
94,veh1,veh3,10,7,0.3,144.824,12.2852,8.32875,-72.6504,24.3259,7,0.12,0.104,0.125636
94,veh1,veh4,10,9,0.1,200.178,12.2852,7.60786,-70.4576,26.5187,9,0.12,0.108,0.125636
94,veh1,veh2,10,6,0.4,485.006,12.2852,0.016239,-76.1659,20.8104,6,0.12,0.141,0.125636
94,veh1,veh10,10,4,0.6,665.487,12.2852,4.83789,-79.3799,17.5964,4,0.12,0.148,0.125636
94,veh1,veh0,10,6,0.4,501.424,12.2852,8.51037,-79.1128,17.8634,6,0.12,0.074,0.125636
94,veh10,veh9,10,8,0.2,441.366,4.83789,6.35909,-76.845,20.1313,8,0.148,0.126,0.125636
94,veh10,veh7,10,9,0.1,180.273,4.83789,9.09116,-70.6465,26.3298,9,0.148,0.146,0.125636
94,veh10,veh6,10,10,0,364.471,4.83789,7.90264,-76.0095,20.9668,10,0.148,0.127,0.125636
94,veh10,veh5,10,9,0.1,274.743,4.83789,5.76382,-72.9604,24.0158,9,0.148,0.149,0.125636
94,veh10,veh8,10,6,0.4,339.048,4.83789,6.91918,-74.0358,22.9405,6,0.148,0.139,0.125636
94,veh10,veh3,10,4,0.6,738.573,4.83789,8.32875,-78.3929,18.5834,4,0.148,0.104,0.125636
94,veh10,veh4,10,4,0.6,808.492,4.83789,7.60786,-79.196,17.7802,4,0.148,0.108,0.125636
94,veh10,veh2,10,5,0.5,461.958,4.83789,0.016239,-76.1752,20.8011,5,0.148,0.141,0.125636
94,veh10,veh1,10,7,0.3,665.487,4.83789,12.2852,-79.381,17.5953,7,0.148,0.12,0.125636
94,veh10,veh0,10,2,0.8,1149.98,4.83789,8.51037,-80.8267,16.1496,2,0.148,0.074,0.125636
94,veh0,veh9,10,3,0.7,815.092,8.51037,6.35909,-79.9338,10.7472,3,0.074,0.126,0.125636
94,veh0,veh7,10,1,0.9,1073.97,8.51037,9.09116,-81.3463,15.63,1,0.074,0.146,0.125636
94,veh0,veh6,10,1,0.9,785.878,8.51037,7.90264,-75.5893,7.89598,1,0.074,0.127,0.125636
94,veh0,veh5,10,0,1,1240.39,8.51037,5.76382,nan,nan,0,0.074,0.149,0.125636
94,veh0,veh8,10,1,0.9,1171.31,8.51037,6.91918,-80.9017,16.0746,1,0.074,0.139,0.125636
94,veh0,veh3,10,6,0.4,412.38,8.51037,8.32875,-75.7946,15.6925,6,0.074,0.104,0.125636
94,veh0,veh4,10,5,0.5,471.695,8.51037,7.60786,-76.3675,13.5491,5,0.074,0.108,0.125636
94,veh0,veh2,10,0,1,964.498,8.51037,0.016239,nan,nan,0,0.074,0.141,0.125636
94,veh0,veh1,10,6,0.4,501.424,8.51037,12.2852,-74.3588,16.3395,6,0.074,0.12,0.125636
94,veh0,veh10,10,0,1,1149.98,8.51037,4.83789,nan,nan,0,0.074,0.148,0.125636
95,veh9,veh7,10,8,0.2,491.268,6.53497,4.59116,-75.5954,21.3809,8,0.12,0.143,0.124273
95,veh9,veh6,10,8,0.2,236.334,6.53497,8.66808,-73.1717,21.434,8,0.12,0.13,0.124273
95,veh9,veh5,10,4,0.6,662.033,6.53497,6.49254,-78.3404,18.6359,4,0.12,0.151,0.124273
95,veh9,veh8,10,2,0.8,667.722,6.53497,6.64735,-80.3544,16.6219,2,0.12,0.143,0.124273
95,veh9,veh3,10,6,0.4,440.004,6.53497,8.15497,-77.7686,15.7392,6,0.12,0.113,0.124273
95,veh9,veh4,10,3,0.7,648.528,6.53497,7.92776,-79.2834,17.6929,3,0.12,0.09,0.124273
95,veh9,veh2,10,6,0.4,632.794,6.53497,0.00215434,-79.2282,17.7481,6,0.12,0.135,0.124273
95,veh9,veh1,10,8,0.2,453.495,6.53497,11.8477,-76.4547,19.2511,8,0.12,0.116,0.124273
95,veh9,veh10,10,8,0.2,434.336,6.53497,6.75333,-74.5229,22.4534,8,0.12,0.144,0.124273
95,veh9,veh0,10,5,0.5,816.875,6.53497,7.91952,-78.3426,15.788,5,0.12,0.082,0.124273
95,veh7,veh9,10,6,0.4,491.268,4.59116,6.53497,-77.7375,19.2388,6,0.143,0.12,0.124273
95,veh7,veh6,10,6,0.4,316.313,4.59116,8.66808,-76.5905,20.3858,6,0.143,0.13,0.124273
95,veh7,veh5,10,10,0,178.847,4.59116,6.49254,-70.3915,26.5847,10,0.143,0.151,0.124273
95,veh7,veh8,10,9,0.1,181.738,4.59116,6.64735,-71.1722,25.8041,9,0.143,0.143,0.124273
95,veh7,veh3,10,5,0.5,676.322,4.59116,8.15497,-76.2557,20.7206,5,0.143,0.113,0.124273
95,veh7,veh4,10,0,1,686.374,4.59116,7.92776,nan,nan,0,0.143,0.09,0.124273
95,veh7,veh2,10,10,0,278.54,4.59116,0.00215434,-73.5062,23.4701,10,0.143,0.135,0.124273
95,veh7,veh1,10,4,0.6,563.99,4.59116,11.8477,-77.5564,19.4199,4,0.143,0.116,0.124273
95,veh7,veh10,10,9,0.1,185.68,4.59116,6.75333,-70.5361,26.4401,9,0.143,0.144,0.124273
95,veh7,veh0,10,1,0.9,1071.91,4.59116,7.91952,-77.7265,19.2498,1,0.143,0.082,0.124273
95,veh6,veh9,10,7,0.3,236.334,8.66808,6.53497,-70.7754,13.6552,7,0.13,0.12,0.124273
95,veh6,veh7,10,7,0.3,316.313,8.66808,4.59116,-73.4809,8.73369,7,0.13,0.143,0.124273
95,veh6,veh5,10,1,0.9,494.994,8.66808,6.49254,-76.0557,20.9206,1,0.13,0.151,0.124273
95,veh6,veh8,10,2,0.8,471.028,8.66808,6.64735,-74.896,22.0803,2,0.13,0.143,0.124273
95,veh6,veh3,10,7,0.3,385.86,8.66808,8.15497,-72.555,10.9301,7,0.13,0.113,0.124273
95,veh6,veh4,10,5,0.5,493.929,8.66808,7.92776,-77.2495,13.2736,5,0.13,0.09,0.124273
95,veh6,veh2,10,5,0.5,399.301,8.66808,0.00215434,-75.5599,10.7472,5,0.13,0.135,0.124273
95,veh6,veh1,10,8,0.2,316.923,8.66808,11.8477,-72.2066,16.8956,8,0.13,0.116,0.124273
95,veh6,veh10,10,4,0.6,351.709,8.66808,6.75333,-73.907,13.5214,4,0.13,0.144,0.124273
95,veh6,veh0,10,5,0.5,791.614,8.66808,7.91952,-78.821,13.9965,5,0.13,0.082,0.124273
95,veh5,veh9,10,3,0.7,662.033,6.49254,6.53497,-75.6118,21.3645,3,0.151,0.12,0.124273
95,veh5,veh7,10,8,0.2,178.847,6.49254,4.59116,-68.8971,13.8618,8,0.151,0.143,0.124273
95,veh5,veh6,10,3,0.7,494.994,6.49254,8.66808,-73.0701,23.9062,3,0.151,0.13,0.124273
95,veh5,veh8,10,9,0.1,112.517,6.49254,6.64735,-67.6017,17.315,9,0.151,0.143,0.124273
95,veh5,veh3,10,0,1,846.287,6.49254,8.15497,nan,nan,0,0.151,0.113,0.124273
95,veh5,veh4,10,0,1,824.086,6.49254,7.92776,nan,nan,0,0.151,0.09,0.124273
95,veh5,veh2,10,3,0.7,338.375,6.49254,0.00215434,-72.5511,7.67836,3,0.151,0.135,0.124273
95,veh5,veh1,10,1,0.9,724.214,6.49254,11.8477,-79.3658,17.6105,1,0.151,0.116,0.124273
95,veh5,veh10,10,8,0.2,275.947,6.49254,6.75333,-71.7904,13.3679,8,0.151,0.144,0.124273
95,veh5,veh0,10,0,1,1234.56,6.49254,7.91952,nan,nan,0,0.151,0.082,0.124273
95,veh8,veh9,10,5,0.5,667.722,6.64735,6.53497,-76.5415,20.4348,5,0.143,0.12,0.124273
95,veh8,veh7,10,9,0.1,181.738,6.64735,4.59116,-69.518,27.4582,9,0.143,0.143,0.124273
95,veh8,veh6,10,6,0.4,471.028,6.64735,8.66808,-75.1323,21.844,6,0.143,0.13,0.124273
95,veh8,veh5,10,8,0.2,112.517,6.64735,6.49254,-67.2348,29.7415,8,0.143,0.151,0.124273
95,veh8,veh3,10,4,0.6,790.797,6.64735,8.15497,-77.436,19.5403,4,0.143,0.113,0.124273
95,veh8,veh4,10,2,0.8,738.312,6.64735,7.92776,-79.4675,17.5088,2,0.143,0.09,0.124273
95,veh8,veh2,10,9,0.1,233.893,6.64735,0.00215434,-73.3822,23.5941,9,0.143,0.135,0.124273
95,veh8,veh1,10,7,0.3,657.869,6.64735,11.8477,-79.1881,17.7882,7,0.143,0.116,0.124273
95,veh8,veh10,10,6,0.4,339.129,6.64735,6.75333,-75.7025,21.2737,6,0.143,0.144,0.124273
95,veh8,veh0,10,4,0.6,1166.14,6.64735,7.91952,-78.9304,18.0458,4,0.143,0.082,0.124273
95,veh3,veh9,10,7,0.3,440.004,8.15497,6.53497,-76.6617,20.3146,7,0.113,0.12,0.124273
95,veh3,veh7,10,5,0.5,676.322,8.15497,4.59116,-77.5097,19.4666,5,0.113,0.143,0.124273
95,veh3,veh6,10,6,0.4,385.86,8.15497,8.66808,-74.1806,22.7957,6,0.113,0.13,0.124273
95,veh3,veh5,10,5,0.5,846.287,8.15497,6.49254,-78.9431,18.0332,5,0.113,0.151,0.124273
95,veh3,veh8,10,2,0.8,790.797,8.15497,6.64735,-81.025,15.9512,2,0.113,0.143,0.124273
95,veh3,veh4,10,9,0.1,281.586,8.15497,7.92776,-73.3265,23.6497,9,0.113,0.09,0.124273
95,veh3,veh2,10,4,0.6,621.779,8.15497,0.00215434,-78.7383,18.2379,4,0.113,0.135,0.124273
95,veh3,veh1,10,10,0,154.163,8.15497,11.8477,-67.5741,29.4022,10,0.113,0.116,0.124273
95,veh3,veh10,10,5,0.5,737.566,8.15497,6.75333,-79.4425,17.5338,5,0.113,0.144,0.124273
95,veh3,veh0,10,6,0.4,405.911,8.15497,7.91952,-77.6278,19.3485,6,0.113,0.082,0.124273
95,veh4,veh9,10,1,0.9,648.528,7.92776,6.53497,-79.4061,7.31399,1,0.09,0.12,0.124273
95,veh4,veh7,10,1,0.9,686.374,7.92776,4.59116,-76.5489,20.4274,1,0.09,0.143,0.124273
95,veh4,veh6,10,1,0.9,493.929,7.92776,8.66808,-76.0897,5.20446,1,0.09,0.13,0.124273
95,veh4,veh5,10,0,1,824.086,7.92776,6.49254,nan,nan,0,0.09,0.151,0.124273
95,veh4,veh8,10,0,1,738.312,7.92776,6.64735,nan,nan,0,0.09,0.143,0.124273
95,veh4,veh3,10,8,0.2,281.586,7.92776,8.15497,-73.0029,12.954,8,0.09,0.113,0.124273
95,veh4,veh2,10,2,0.8,518.568,7.92776,0.00215434,-74.8506,22.1257,2,0.09,0.135,0.124273
95,veh4,veh1,10,6,0.4,195.118,7.92776,11.8477,-69.4442,12.6685,6,0.09,0.116,0.124273
95,veh4,veh10,10,1,0.9,809.154,7.92776,6.75333,-77.1409,19.8354,1,0.09,0.144,0.124273
95,veh4,veh0,10,6,0.4,467.315,7.92776,7.91952,-74.2377,13.1447,6,0.09,0.082,0.124273
95,veh2,veh9,10,6,0.4,632.794,0.00215434,6.53497,-78.3756,18.6006,6,0.135,0.12,0.124273
95,veh2,veh7,10,10,0,278.54,0.00215434,4.59116,-73.7849,23.1914,10,0.135,0.143,0.124273
95,veh2,veh6,10,8,0.2,399.301,0.00215434,8.66808,-73.785,23.1913,8,0.135,0.13,0.124273
95,veh2,veh5,10,8,0.2,338.375,0.00215434,6.49254,-73.5711,23.4052,8,0.135,0.151,0.124273
95,veh2,veh8,10,9,0.1,233.893,0.00215434,6.64735,-72.5082,24.4681,9,0.135,0.143,0.124273
95,veh2,veh3,10,9,0.1,621.779,0.00215434,8.15497,-77.0457,19.9306,9,0.135,0.113,0.124273
95,veh2,veh4,10,5,0.5,518.568,0.00215434,7.92776,-76.3342,20.6421,5,0.135,0.09,0.124273
95,veh2,veh1,10,7,0.3,473.863,0.00215434,11.8477,-77.6828,19.2934,7,0.135,0.116,0.124273
95,veh2,veh10,10,8,0.2,462.086,0.00215434,6.75333,-76.0978,20.8785,8,0.135,0.144,0.124273
95,veh2,veh0,10,3,0.7,966.526,0.00215434,7.91952,-80.5831,16.3932,3,0.135,0.082,0.124273
95,veh1,veh9,10,5,0.5,453.495,11.8477,6.53497,-76.3549,20.6214,5,0.116,0.12,0.124273
95,veh1,veh7,10,3,0.7,563.99,11.8477,4.59116,-79.2634,17.7129,3,0.116,0.143,0.124273
95,veh1,veh6,10,4,0.6,316.923,11.8477,8.66808,-77.1062,19.8701,4,0.116,0.13,0.124273
95,veh1,veh5,10,2,0.8,724.214,11.8477,6.49254,-78.3615,18.6147,2,0.116,0.151,0.124273
95,veh1,veh8,10,5,0.5,657.869,11.8477,6.64735,-78.0004,18.9759,5,0.116,0.143,0.124273
95,veh1,veh3,10,10,0,154.163,11.8477,8.15497,-70.957,26.0193,10,0.116,0.113,0.124273
95,veh1,veh4,10,8,0.2,195.118,11.8477,7.92776,-72.189,24.7873,8,0.116,0.09,0.124273
95,veh1,veh2,10,5,0.5,473.863,11.8477,0.00215434,-76.4569,20.5194,5,0.116,0.135,0.124273
95,veh1,veh10,10,3,0.7,655.96,11.8477,6.75333,-78.1708,18.8055,3,0.116,0.144,0.124273
95,veh1,veh0,10,6,0.4,510.369,11.8477,7.91952,-76.2361,20.7402,6,0.116,0.082,0.124273
95,veh10,veh9,10,7,0.3,434.336,6.75333,6.53497,-75.1454,21.8309,7,0.144,0.12,0.124273
95,veh10,veh7,10,9,0.1,185.68,6.75333,4.59116,-71.808,25.1683,9,0.144,0.143,0.124273
95,veh10,veh6,10,6,0.4,351.709,6.75333,8.66808,-72.7397,24.2366,6,0.144,0.13,0.124273
95,veh10,veh5,10,9,0.1,275.947,6.75333,6.49254,-72.9204,24.0559,9,0.144,0.151,0.124273
95,veh10,veh8,10,10,0,339.129,6.75333,6.64735,-74.1695,22.8068,10,0.144,0.143,0.124273
95,veh10,veh3,10,4,0.6,737.566,6.75333,8.15497,-79.1009,17.8754,4,0.144,0.113,0.124273
95,veh10,veh4,10,3,0.7,809.154,6.75333,7.92776,-80.8645,16.1118,3,0.144,0.09,0.124273
95,veh10,veh2,10,5,0.5,462.086,6.75333,0.00215434,-77.9359,19.0404,5,0.144,0.135,0.124273
95,veh10,veh1,10,7,0.3,655.96,6.75333,11.8477,-80.1716,16.8047,7,0.144,0.116,0.124273
95,veh10,veh0,10,1,0.9,1143.3,6.75333,7.91952,-81.9849,14.9914,1,0.144,0.082,0.124273
95,veh0,veh9,10,0,1,816.875,7.91952,6.53497,nan,nan,0,0.082,0.12,0.124273
95,veh0,veh7,10,0,1,1071.91,7.91952,4.59116,nan,nan,0,0.082,0.143,0.124273
95,veh0,veh6,10,4,0.6,791.614,7.91952,8.66808,-78.9622,2.46952,4,0.082,0.13,0.124273
95,veh0,veh5,10,0,1,1234.56,7.91952,6.49254,nan,nan,0,0.082,0.151,0.124273
95,veh0,veh8,10,1,0.9,1166.14,7.91952,6.64735,-81.9085,9.48116,1,0.082,0.143,0.124273
95,veh0,veh3,10,5,0.5,405.911,7.91952,8.15497,-76.9988,7.20445,5,0.082,0.113,0.124273
95,veh0,veh4,10,4,0.6,467.315,7.91952,7.92776,-76.4991,14.9127,4,0.082,0.09,0.124273
95,veh0,veh2,10,0,1,966.526,7.91952,0.00215434,nan,nan,0,0.082,0.135,0.124273
95,veh0,veh1,10,5,0.5,510.369,7.91952,11.8477,-76.9451,10.7858,5,0.082,0.116,0.124273
95,veh0,veh10,10,0,1,1143.3,7.91952,6.75333,nan,nan,0,0.082,0.144,0.124273
96,veh9,veh7,10,8,0.2,493.266,5.47486,0.284906,-78.5719,18.4044,8,0.114,0.146,0.123
96,veh9,veh6,10,9,0.1,245.239,5.47486,7.48827,-72.9245,22.1147,9,0.114,0.136,0.123
96,veh9,veh5,10,4,0.6,658.216,5.47486,5.8335,-78.633,18.3433,4,0.114,0.149,0.123
96,veh9,veh8,10,3,0.7,663.526,5.47486,7.16916,-80.0954,16.8809,3,0.114,0.135,0.123
96,veh9,veh3,10,6,0.4,452.762,5.47486,8.35941,-76.6414,18.3152,6,0.114,0.106,0.123
96,veh9,veh4,10,0,1,654.433,5.47486,8.10188,nan,nan,0,0.114,0.104,0.123
96,veh9,veh2,10,2,0.8,636.666,5.47486,0.000603392,-78.2033,18.773,2,0.114,0.119,0.123
96,veh9,veh1,10,5,0.5,459.108,5.47486,12.6064,-75.2601,21.7162,5,0.114,0.117,0.123
96,veh9,veh10,10,5,0.5,426.221,5.47486,7.95303,-74.7192,22.2571,5,0.114,0.149,0.123
96,veh9,veh0,10,4,0.6,817.69,5.47486,8.2526,-79.5787,14.2568,4,0.114,0.078,0.123
96,veh7,veh9,10,6,0.4,493.266,0.284906,5.47486,-77.1399,19.8364,6,0.146,0.114,0.123
96,veh7,veh6,10,6,0.4,308.821,0.284906,7.48827,-74.2875,22.6888,6,0.146,0.136,0.123
96,veh7,veh5,10,8,0.2,173.123,0.284906,5.8335,-70.0921,26.8842,8,0.146,0.149,0.123
96,veh7,veh8,10,7,0.3,175.875,0.284906,7.16916,-71.6585,25.3178,7,0.146,0.135,0.123
96,veh7,veh3,10,5,0.5,679.172,0.284906,8.35941,-77.4535,19.5228,5,0.146,0.106,0.123
96,veh7,veh4,10,5,0.5,692.01,0.284906,8.10188,-79.3127,17.6636,5,0.146,0.104,0.123
96,veh7,veh2,10,8,0.2,278.255,0.284906,0.000603392,-70.8746,26.1017,8,0.146,0.119,0.123
96,veh7,veh1,10,6,0.4,553.123,0.284906,12.6064,-77.2785,19.6978,6,0.146,0.117,0.123
96,veh7,veh10,10,5,0.5,187.264,0.284906,7.95303,-70.8464,26.1299,5,0.146,0.149,0.123
96,veh7,veh0,10,0,1,1071.89,0.284906,8.2526,nan,nan,0,0.146,0.078,0.123
96,veh6,veh9,10,4,0.6,245.239,7.48827,5.47486,-71.5522,10.9419,4,0.136,0.114,0.123
96,veh6,veh7,10,3,0.7,308.821,7.48827,0.284906,-69.9592,11.1944,3,0.136,0.146,0.123
96,veh6,veh5,10,1,0.9,481.75,7.48827,5.8335,-79.9318,17.0445,1,0.136,0.149,0.123
96,veh6,veh8,10,2,0.8,456.671,7.48827,7.16916,-75.1567,21.8196,2,0.136,0.135,0.123
96,veh6,veh3,10,6,0.4,396.783,7.48827,8.35941,-74.0818,15.1413,6,0.136,0.106,0.123
96,veh6,veh4,10,3,0.7,499.728,7.48827,8.10188,-74.3883,7.35931,3,0.136,0.104,0.123
96,veh6,veh2,10,6,0.4,393.684,7.48827,0.000603392,-74.3013,12.9938,6,0.136,0.119,0.123
96,veh6,veh1,10,6,0.4,314.662,7.48827,12.6064,-73.4561,13.4785,6,0.136,0.117,0.123
96,veh6,veh10,10,3,0.7,339.122,7.48827,7.95303,-74.1866,6.97082,3,0.136,0.149,0.123
96,veh6,veh0,10,2,0.8,796.573,7.48827,8.2526,-77.2714,10.7265,2,0.136,0.078,0.123
96,veh5,veh9,10,1,0.9,658.216,5.8335,5.47486,-77.3751,19.6012,1,0.149,0.114,0.123
96,veh5,veh7,10,8,0.2,173.123,5.8335,0.284906,-68.8644,15.5595,8,0.149,0.146,0.123
96,veh5,veh6,10,5,0.5,481.75,5.8335,7.48827,-76.9986,6.90649,5,0.149,0.136,0.123
96,veh5,veh8,10,7,0.3,111.919,5.8335,7.16916,-69.1162,19.2183,7,0.149,0.135,0.123
96,veh5,veh3,10,0,1,842.839,5.8335,8.35941,nan,nan,0,0.149,0.106,0.123
96,veh5,veh4,10,0,1,825.371,5.8335,8.10188,nan,nan,0,0.149,0.104,0.123
96,veh5,veh2,10,8,0.2,334.213,5.8335,0.000603392,-71.851,10.6394,8,0.149,0.119,0.123
96,veh5,veh1,10,3,0.7,706.976,5.8335,12.6064,-77.2819,19.6944,3,0.149,0.117,0.123
96,veh5,veh10,10,8,0.2,278.344,5.8335,7.95303,-72.9233,17.9134,8,0.149,0.149,0.123
96,veh5,veh0,10,0,1,1229.47,5.8335,8.2526,nan,nan,0,0.149,0.078,0.123
96,veh8,veh9,10,3,0.7,663.526,7.16916,5.47486,-78.6902,18.2861,3,0.135,0.114,0.123
96,veh8,veh7,10,9,0.1,175.875,7.16916,0.284906,-70.3133,26.663,9,0.135,0.146,0.123
96,veh8,veh6,10,6,0.4,456.671,7.16916,7.48827,-75.7401,21.2362,6,0.135,0.136,0.123
96,veh8,veh5,10,9,0.1,111.919,7.16916,5.8335,-68.1881,28.7882,9,0.135,0.149,0.123
96,veh8,veh3,10,5,0.5,785.117,7.16916,8.35941,-77.0626,19.9137,5,0.135,0.106,0.123
96,veh8,veh4,10,3,0.7,739.093,7.16916,8.10188,-79.7402,17.2361,3,0.135,0.104,0.123
96,veh8,veh2,10,9,0.1,229.004,7.16916,0.000603392,-72.7064,24.2698,9,0.135,0.119,0.123
96,veh8,veh1,10,3,0.7,638.767,7.16916,12.6064,-76.4958,20.4805,3,0.135,0.117,0.123
96,veh8,veh10,10,8,0.2,339.559,7.16916,7.95303,-73.2087,23.7676,8,0.135,0.149,0.123
96,veh8,veh0,10,2,0.8,1160.55,7.16916,8.2526,-78.9554,18.0209,2,0.135,0.078,0.123
96,veh3,veh9,10,6,0.4,452.762,8.35941,5.47486,-75.9524,21.0239,6,0.106,0.114,0.123
96,veh3,veh7,10,1,0.9,679.172,8.35941,0.284906,-78.4814,18.4949,1,0.106,0.146,0.123
96,veh3,veh6,10,5,0.5,396.783,8.35941,7.48827,-76.8852,20.0911,5,0.106,0.136,0.123
96,veh3,veh5,10,4,0.6,842.839,8.35941,5.8335,-77.9712,19.0051,4,0.106,0.149,0.123
96,veh3,veh8,10,2,0.8,785.117,8.35941,7.16916,-77.5537,19.4226,2,0.106,0.135,0.123
96,veh3,veh4,10,8,0.2,270.301,8.35941,8.10188,-71.1911,25.7852,8,0.106,0.104,0.123
96,veh3,veh2,10,2,0.8,621.259,8.35941,0.000603392,-80.3739,16.6024,2,0.106,0.119,0.123
96,veh3,veh1,10,9,0.1,164.384,8.35941,12.6064,-69.6896,27.2867,9,0.106,0.117,0.123
96,veh3,veh10,10,6,0.4,735.845,8.35941,7.95303,-80.124,16.8523,6,0.106,0.149,0.123
96,veh3,veh0,10,9,0.1,399.792,8.35941,8.2526,-74.0212,22.9551,9,0.106,0.078,0.123
96,veh4,veh9,10,2,0.8,654.433,8.10188,5.47486,-79.6697,5.31265,2,0.104,0.114,0.123
96,veh4,veh7,10,0,1,692.01,8.10188,0.284906,nan,nan,0,0.104,0.146,0.123
96,veh4,veh6,10,4,0.6,499.728,8.10188,7.48827,-78.0818,18.8945,4,0.104,0.136,0.123
96,veh4,veh5,10,0,1,825.371,8.10188,5.8335,nan,nan,0,0.104,0.149,0.123
96,veh4,veh8,10,1,0.9,739.093,8.10188,7.16916,-79.8312,17.1451,1,0.104,0.135,0.123
96,veh4,veh3,10,8,0.2,270.301,8.10188,8.35941,-73.9791,10.0827,8,0.104,0.106,0.123
96,veh4,veh2,10,0,1,526.052,8.10188,0.000603392,nan,nan,0,0.104,0.119,0.123
96,veh4,veh1,10,6,0.4,196.021,8.10188,12.6064,-70.8505,12.8268,6,0.104,0.117,0.123
96,veh4,veh10,10,1,0.9,809.225,8.10188,7.95303,-79.7884,17.1879,1,0.104,0.149,0.123
96,veh4,veh0,10,7,0.3,463.023,8.10188,8.2526,-76.1564,11.6685,7,0.104,0.078,0.123
96,veh2,veh9,10,7,0.3,636.666,0.000603392,5.47486,-79.0024,17.9739,7,0.119,0.114,0.123
96,veh2,veh7,10,6,0.4,278.255,0.000603392,0.284906,-72.3056,24.6707,6,0.119,0.146,0.123
96,veh2,veh6,10,6,0.4,393.684,0.000603392,7.48827,-75.2557,21.7206,6,0.119,0.136,0.123
96,veh2,veh5,10,7,0.3,334.213,0.000603392,5.8335,-73.9374,23.0389,7,0.119,0.149,0.123
96,veh2,veh8,10,7,0.3,229.004,0.000603392,7.16916,-71.6276,25.3487,7,0.119,0.135,0.123
96,veh2,veh3,10,5,0.5,621.259,0.000603392,8.35941,-75.5202,21.456,5,0.119,0.106,0.123
96,veh2,veh4,10,6,0.4,526.052,0.000603392,8.10188,-78.3707,18.6056,6,0.119,0.104,0.123
96,veh2,veh1,10,8,0.2,461.009,0.000603392,12.6064,-74.0706,22.9057,8,0.119,0.117,0.123
96,veh2,veh10,10,7,0.3,462.362,0.000603392,7.95303,-78.0207,18.9556,7,0.119,0.149,0.123
96,veh2,veh0,10,3,0.7,968.702,0.000603392,8.2526,-79.4942,17.4821,3,0.119,0.078,0.123
96,veh1,veh9,10,6,0.4,459.108,12.6064,5.47486,-73.9399,23.0364,6,0.117,0.114,0.123
96,veh1,veh7,10,1,0.9,553.123,12.6064,0.284906,-75.4397,21.5366,1,0.117,0.146,0.123
96,veh1,veh6,10,6,0.4,314.662,12.6064,7.48827,-74.8132,22.1631,6,0.117,0.136,0.123
96,veh1,veh5,10,1,0.9,706.976,12.6064,5.8335,-76.9291,20.0472,1,0.117,0.149,0.123
96,veh1,veh8,10,2,0.8,638.767,12.6064,7.16916,-79.5183,17.458,2,0.117,0.135,0.123
96,veh1,veh3,10,9,0.1,164.384,12.6064,8.35941,-72.5862,24.39,9,0.117,0.106,0.123
96,veh1,veh4,10,9,0.1,196.021,12.6064,8.10188,-73.1989,23.7774,9,0.117,0.104,0.123
96,veh1,veh2,10,3,0.7,461.009,12.6064,0.000603392,-74.0081,22.9682,3,0.117,0.119,0.123
96,veh1,veh10,10,2,0.8,642.017,12.6064,7.95303,-78.4734,18.5029,2,0.117,0.149,0.123
96,veh1,veh0,10,6,0.4,522.83,12.6064,8.2526,-77.6701,19.3061,6,0.117,0.078,0.123
96,veh10,veh9,10,9,0.1,426.221,7.95303,5.47486,-77.5854,19.3908,9,0.149,0.114,0.123
96,veh10,veh7,10,10,0,187.264,7.95303,0.284906,-69.5054,27.4709,10,0.149,0.146,0.123
96,veh10,veh6,10,5,0.5,339.122,7.95303,7.48827,-76.6377,20.3386,5,0.149,0.136,0.123
96,veh10,veh5,10,9,0.1,278.344,7.95303,5.8335,-73.0318,23.9445,9,0.149,0.149,0.123
96,veh10,veh8,10,7,0.3,339.559,7.95303,7.16916,-74.5372,22.4391,7,0.149,0.135,0.123
96,veh10,veh3,10,4,0.6,735.845,7.95303,8.35941,-78.6129,18.3634,4,0.149,0.106,0.123
96,veh10,veh4,10,3,0.7,809.225,7.95303,8.10188,-77.6804,19.2959,3,0.149,0.104,0.123
96,veh10,veh2,10,7,0.3,462.362,7.95303,0.000603392,-77.9981,18.9782,7,0.149,0.119,0.123
96,veh10,veh1,10,4,0.6,642.017,7.95303,12.6064,-78.7203,18.2559,4,0.149,0.117,0.123
96,veh10,veh0,10,1,0.9,1135.6,7.95303,8.2526,-81.4116,15.5647,1,0.149,0.078,0.123
96,veh0,veh9,10,0,1,817.69,8.2526,5.47486,nan,nan,0,0.078,0.114,0.123
96,veh0,veh7,10,1,0.9,1071.89,8.2526,0.284906,-78.0474,18.9288,1,0.078,0.146,0.123
96,veh0,veh6,10,0,1,796.573,8.2526,7.48827,nan,nan,0,0.078,0.136,0.123
96,veh0,veh5,10,0,1,1229.47,8.2526,5.8335,nan,nan,0,0.078,0.149,0.123
96,veh0,veh8,10,0,1,1160.55,8.2526,7.16916,nan,nan,0,0.078,0.135,0.123
96,veh0,veh3,10,8,0.2,399.792,8.2526,8.35941,-75.3601,13.5154,8,0.078,0.106,0.123
96,veh0,veh4,10,7,0.3,463.023,8.2526,8.10188,-74.8532,19.187,7,0.078,0.104,0.123
96,veh0,veh2,10,0,1,968.702,8.2526,0.000603392,nan,nan,0,0.078,0.119,0.123
96,veh0,veh1,10,4,0.6,522.83,8.2526,12.6064,-77.2082,14.087,4,0.078,0.117,0.123
96,veh0,veh10,10,0,1,1135.6,8.2526,7.95303,nan,nan,0,0.078,0.149,0.123
97,veh9,veh7,10,6,0.4,495.53,3.12769,1.65238,-76.0979,20.8784,6,0.122,0.142,0.125
97,veh9,veh6,10,9,0.1,252.604,3.12769,7.43972,-71.2869,21.7557,9,0.122,0.125,0.125
97,veh9,veh5,10,5,0.5,653.747,3.12769,6.51908,-78.7948,18.1815,5,0.122,0.154,0.125
97,veh9,veh8,10,2,0.8,658.661,3.12769,7.47677,-80.8254,16.1509,2,0.122,0.149,0.125
97,veh9,veh3,10,6,0.4,461.021,3.12769,6.26709,-77.7095,16.176,6,0.122,0.106,0.125
97,veh9,veh4,10,7,0.3,657.814,3.12769,7.6774,-77.7202,17.2043,7,0.122,0.114,0.125
97,veh9,veh2,10,6,0.4,640.49,3.12769,1.85088,-78.1709,15.3506,6,0.122,0.136,0.125
97,veh9,veh1,10,5,0.5,461.839,3.12769,12.1829,-78.0811,15.0088,5,0.122,0.118,0.125
97,veh9,veh10,10,4,0.6,417.809,3.12769,9.03122,-72.9414,24.0349,4,0.122,0.137,0.125
97,veh9,veh0,10,3,0.7,816.196,3.12769,8.02188,-80.7153,8.452,3,0.122,0.072,0.125
97,veh7,veh9,10,6,0.4,495.53,1.65238,3.12769,-76.7792,20.1971,6,0.142,0.122,0.125
97,veh7,veh6,10,5,0.5,301.3,1.65238,7.43972,-72.327,24.6492,5,0.142,0.125,0.125
97,veh7,veh5,10,7,0.3,166.692,1.65238,6.51908,-68.6742,28.3021,7,0.142,0.154,0.125
97,veh7,veh8,10,7,0.3,169.017,1.65238,7.47677,-68.4101,28.5662,7,0.142,0.149,0.125
97,veh7,veh3,10,5,0.5,680.84,1.65238,6.26709,-79.3404,17.6359,5,0.142,0.106,0.125
97,veh7,veh4,10,3,0.7,696.448,1.65238,7.6774,-78.914,18.0623,3,0.142,0.114,0.125
97,veh7,veh2,10,8,0.2,276.477,1.65238,1.85088,-74.3203,22.6559,8,0.142,0.136,0.125
97,veh7,veh1,10,6,0.4,541.676,1.65238,12.1829,-79.043,17.9333,6,0.142,0.118,0.125
97,veh7,veh10,10,8,0.2,190.745,1.65238,9.03122,-72.9015,24.0748,8,0.142,0.137,0.125
97,veh7,veh0,10,3,0.7,1071.33,1.65238,8.02188,-80.1667,16.8096,3,0.142,0.072,0.125
97,veh6,veh9,10,10,0,252.604,7.43972,3.12769,-72.9602,10.2386,10,0.125,0.122,0.125
97,veh6,veh7,10,2,0.8,301.3,7.43972,1.65238,-73.4445,11.5554,2,0.125,0.142,0.125
97,veh6,veh5,10,2,0.8,467.85,7.43972,6.51908,-74.3474,22.6289,2,0.125,0.154,0.125
97,veh6,veh8,10,1,0.9,442.078,7.43972,7.47677,-78.993,17.9833,1,0.125,0.149,0.125
97,veh6,veh3,10,7,0.3,406.486,7.43972,6.26709,-75.5306,10.2489,7,0.125,0.106,0.125
97,veh6,veh4,10,6,0.4,505.748,7.43972,7.6774,-74.4727,12.6839,6,0.125,0.114,0.125
97,veh6,veh2,10,6,0.4,389.506,7.43972,1.85088,-74.5194,11.9868,6,0.125,0.136,0.125
97,veh6,veh1,10,5,0.5,312.104,7.43972,12.1829,-74.2843,9.86454,5,0.125,0.118,0.125
97,veh6,veh10,10,3,0.7,325.964,7.43972,9.03122,-74.9991,9.00693,3,0.125,0.137,0.125
97,veh6,veh0,10,3,0.7,801.715,7.43972,8.02188,-78.6497,12.6536,3,0.125,0.072,0.125
97,veh5,veh9,10,2,0.8,653.747,6.51908,3.12769,-81.1241,10.6886,2,0.154,0.122,0.125
97,veh5,veh7,10,8,0.2,166.692,6.51908,1.65238,-69.9989,11.4547,8,0.154,0.142,0.125
97,veh5,veh6,10,3,0.7,467.85,6.51908,7.43972,-73.8534,12.3079,3,0.154,0.125,0.125
97,veh5,veh8,10,9,0.1,111.293,6.51908,7.47677,-65.8849,18.9026,9,0.154,0.149,0.125
97,veh5,veh3,10,2,0.8,838.213,6.51908,6.26709,-75.156,21.8203,2,0.154,0.106,0.125
97,veh5,veh4,10,0,1,825.781,6.51908,7.6774,nan,nan,0,0.154,0.114,0.125
97,veh5,veh2,10,6,0.4,328.734,6.51908,1.85088,-72.1346,10.2909,6,0.154,0.136,0.125
97,veh5,veh1,10,0,1,689.354,6.51908,12.1829,nan,nan,0,0.154,0.118,0.125
97,veh5,veh10,10,6,0.4,280.972,6.51908,9.03122,-73.0141,10.2094,6,0.154,0.137,0.125
97,veh5,veh0,10,1,0.9,1223.78,6.51908,8.02188,-79.0198,17.9565,1,0.154,0.072,0.125
97,veh8,veh9,10,5,0.5,658.661,7.47677,3.12769,-78.4474,18.5289,5,0.149,0.122,0.125
97,veh8,veh7,10,10,0,169.017,7.47677,1.65238,-70.6982,26.2781,10,0.149,0.142,0.125
97,veh8,veh6,10,7,0.3,442.078,7.47677,7.43972,-77.2206,19.7557,7,0.149,0.125,0.125
97,veh8,veh5,10,10,0,111.293,7.47677,6.51908,-66.6581,30.3182,10,0.149,0.154,0.125
97,veh8,veh3,10,6,0.4,778.87,7.47677,6.26709,-79.7238,17.2525,6,0.149,0.106,0.125
97,veh8,veh4,10,5,0.5,739.241,7.47677,7.6774,-77.1846,19.7917,5,0.149,0.114,0.125
97,veh8,veh2,10,10,0,222.808,7.47677,1.85088,-72.9505,24.0258,10,0.149,0.136,0.125
97,veh8,veh1,10,3,0.7,619.698,7.47677,12.1829,-78.6455,18.3308,3,0.149,0.118,0.125
97,veh8,veh10,10,9,0.1,340.386,7.47677,9.03122,-71.1104,25.8659,9,0.149,0.137,0.125
97,veh8,veh0,10,2,0.8,1154.67,7.47677,8.02188,-80.5523,16.424,2,0.149,0.072,0.125
97,veh3,veh9,10,4,0.6,461.021,6.26709,3.12769,-76.5882,20.3881,4,0.106,0.122,0.125
97,veh3,veh7,10,5,0.5,680.84,6.26709,1.65238,-77.0868,19.8895,5,0.106,0.142,0.125
97,veh3,veh6,10,7,0.3,406.486,6.26709,7.43972,-78.1434,18.8328,7,0.106,0.125,0.125
97,veh3,veh5,10,5,0.5,838.213,6.26709,6.51908,-78.3711,18.6051,5,0.106,0.154,0.125
97,veh3,veh8,10,3,0.7,778.87,6.26709,7.47677,-79.6504,17.3259,3,0.106,0.149,0.125
97,veh3,veh4,10,10,0,261.091,6.26709,7.6774,-73.7419,23.2344,10,0.106,0.114,0.125
97,veh3,veh2,10,6,0.4,622.795,6.26709,1.85088,-77.3156,19.6607,6,0.106,0.136,0.125
97,veh3,veh1,10,9,0.1,175.08,6.26709,12.1829,-68.6265,28.3498,9,0.106,0.118,0.125
97,veh3,veh10,10,3,0.7,732.195,6.26709,9.03122,-78.1431,18.8332,3,0.106,0.137,0.125
97,veh3,veh0,10,6,0.4,395.384,6.26709,8.02188,-75.1506,21.8256,6,0.106,0.072,0.125
97,veh4,veh9,10,0,1,657.814,7.6774,3.12769,nan,nan,0,0.114,0.122,0.125
97,veh4,veh7,10,0,1,696.448,7.6774,1.65238,nan,nan,0,0.114,0.142,0.125
97,veh4,veh6,10,4,0.6,505.748,7.6774,7.43972,-76.7098,20.2665,4,0.114,0.125,0.125
97,veh4,veh5,10,0,1,825.781,7.6774,6.51908,nan,nan,0,0.114,0.154,0.125
97,veh4,veh8,10,1,0.9,739.241,7.6774,7.47677,-77.6029,19.3734,1,0.114,0.149,0.125
97,veh4,veh3,10,7,0.3,261.091,7.6774,6.26709,-71.8656,18.4461,7,0.114,0.106,0.125
97,veh4,veh2,10,2,0.8,534.89,7.6774,1.85088,-73.9774,22.9989,2,0.114,0.136,0.125
97,veh4,veh1,10,8,0.2,199.618,7.6774,12.1829,-72.1028,13.2439,8,0.114,0.118,0.125
97,veh4,veh10,10,0,1,808.432,7.6774,9.03122,nan,nan,0,0.114,0.137,0.125
97,veh4,veh0,10,4,0.6,459.164,7.6774,8.02188,-77.7328,9.19998,4,0.114,0.072,0.125
97,veh2,veh9,10,4,0.6,640.49,1.85088,3.12769,-79.369,17.6073,4,0.136,0.122,0.125
97,veh2,veh7,10,9,0.1,276.477,1.85088,1.65238,-73.2739,23.7024,9,0.136,0.142,0.125
97,veh2,veh6,10,7,0.3,389.506,1.85088,7.43972,-75.6538,21.3225,7,0.136,0.125,0.125
97,veh2,veh5,10,10,0,328.734,1.85088,6.51908,-75.21,21.7663,10,0.136,0.154,0.125
97,veh2,veh8,10,8,0.2,222.808,1.85088,7.47677,-72.052,24.9243,8,0.136,0.149,0.125
97,veh2,veh3,10,4,0.6,622.795,1.85088,6.26709,-79.4114,17.5648,4,0.136,0.106,0.125
97,veh2,veh4,10,4,0.6,534.89,1.85088,7.6774,-76.7398,20.2364,4,0.136,0.114,0.125
97,veh2,veh1,10,8,0.2,450.488,1.85088,12.1829,-76.8862,20.0901,8,0.136,0.118,0.125
97,veh2,veh10,10,6,0.4,462.925,1.85088,9.03122,-76.4364,20.5399,6,0.136,0.137,0.125
97,veh2,veh0,10,1,0.9,972.704,1.85088,8.02188,-81.7931,15.1832,1,0.136,0.072,0.125
97,veh1,veh9,10,4,0.6,461.839,12.1829,3.12769,-74.6802,22.2961,4,0.118,0.122,0.125
97,veh1,veh7,10,4,0.6,541.676,12.1829,1.65238,-76.1638,20.8125,4,0.118,0.142,0.125
97,veh1,veh6,10,5,0.5,312.104,12.1829,7.43972,-77.2197,19.7566,5,0.118,0.125,0.125
97,veh1,veh5,10,3,0.7,689.354,12.1829,6.51908,-78.0877,18.8886,3,0.118,0.154,0.125
97,veh1,veh8,10,3,0.7,619.698,12.1829,7.47677,-79.6641,17.3122,3,0.118,0.149,0.125
97,veh1,veh3,10,10,0,175.08,12.1829,6.26709,-70.968,26.0083,10,0.118,0.106,0.125
97,veh1,veh4,10,7,0.3,199.618,12.1829,7.6774,-69.4664,27.5099,7,0.118,0.114,0.125
97,veh1,veh2,10,6,0.4,450.488,12.1829,1.85088,-76.8137,20.1625,6,0.118,0.136,0.125
97,veh1,veh10,10,5,0.5,627.538,12.1829,9.03122,-76.2524,20.7238,5,0.118,0.137,0.125
97,veh1,veh0,10,3,0.7,535.38,12.1829,8.02188,-78.1198,18.8565,3,0.118,0.072,0.125
97,veh10,veh9,10,8,0.2,417.809,9.03122,3.12769,-74.9273,22.049,8,0.137,0.122,0.125
97,veh10,veh7,10,10,0,190.745,9.03122,1.65238,-72.403,24.5733,10,0.137,0.142,0.125
97,veh10,veh6,10,7,0.3,325.964,9.03122,7.43972,-74.8476,22.1286,7,0.137,0.125,0.125
97,veh10,veh5,10,8,0.2,280.972,9.03122,6.51908,-75.1098,21.8665,8,0.137,0.154,0.125
97,veh10,veh8,10,7,0.3,340.386,9.03122,7.47677,-75.0742,21.9021,7,0.137,0.149,0.125
97,veh10,veh3,10,3,0.7,732.195,9.03122,6.26709,-77.9181,19.0582,3,0.137,0.106,0.125
97,veh10,veh4,10,4,0.6,808.432,9.03122,7.6774,-78.6419,18.3344,4,0.137,0.114,0.125
97,veh10,veh2,10,8,0.2,462.925,9.03122,1.85088,-77.0345,19.9418,8,0.137,0.136,0.125
97,veh10,veh1,10,3,0.7,627.538,9.03122,12.1829,-77.2118,19.7644,3,0.137,0.118,0.125
97,veh10,veh0,10,2,0.8,1127.07,9.03122,8.02188,-78.5503,18.426,2,0.137,0.072,0.125
97,veh0,veh9,10,3,0.7,816.196,8.02188,3.12769,-78.4314,13.5232,3,0.072,0.122,0.125
97,veh0,veh7,10,0,1,1071.33,8.02188,1.65238,nan,nan,0,0.072,0.142,0.125
97,veh0,veh6,10,2,0.8,801.715,8.02188,7.43972,-77.1535,2.66234,2,0.072,0.125,0.125
97,veh0,veh5,10,0,1,1223.78,8.02188,6.51908,nan,nan,0,0.072,0.154,0.125
97,veh0,veh8,10,1,0.9,1154.67,8.02188,7.47677,-80.9611,16.0152,1,0.072,0.149,0.125
97,veh0,veh3,10,5,0.5,395.384,8.02188,6.26709,-74.2892,13.0754,5,0.072,0.106,0.125
97,veh0,veh4,10,4,0.6,459.164,8.02188,7.6774,-77.2776,12.1677,4,0.072,0.114,0.125
97,veh0,veh2,10,1,0.9,972.704,8.02188,1.85088,-81.313,15.6633,1,0.072,0.136,0.125
97,veh0,veh1,10,3,0.7,535.38,8.02188,12.1829,-78.076,7.8037,3,0.072,0.118,0.125
97,veh0,veh10,10,0,1,1127.07,8.02188,9.03122,nan,nan,0,0.072,0.137,0.125
98,veh9,veh7,10,6,0.4,498.473,2.63175,3.11648,-77.6946,19.2817,6,0.127,0.147,0.128273
98,veh9,veh6,10,8,0.2,259.103,2.63175,8.34289,-75.717,19.1523,8,0.127,0.132,0.128273
98,veh9,veh5,10,5,0.5,650.166,2.63175,6.06987,-79.617,17.3593,5,0.127,0.149,0.128273
98,veh9,veh8,10,5,0.5,656.454,2.63175,4.38115,-78.1468,18.8295,5,0.127,0.15,0.128273
98,veh9,veh3,10,5,0.5,462.261,2.63175,2.50387,-75.8254,21.1509,5,0.127,0.105,0.128273
98,veh9,veh4,10,7,0.3,657.897,2.63175,7.49598,-77.9703,14.9494,7,0.127,0.107,0.128273
98,veh9,veh2,10,5,0.5,643.872,2.63175,3.20947,-78.4064,18.5699,5,0.127,0.138,0.128273
98,veh9,veh1,10,6,0.4,461.727,2.63175,12.4202,-76.4694,19.6096,6,0.127,0.118,0.128273
98,veh9,veh10,10,6,0.4,411.495,2.63175,8.39809,-74.5825,19.8865,6,0.127,0.151,0.128273
98,veh9,veh0,10,2,0.8,811.22,2.63175,8.22429,-78.2784,14.0251,2,0.127,0.087,0.128273
98,veh7,veh9,10,4,0.6,498.473,3.11648,2.63175,-78.3351,18.6412,4,0.147,0.127,0.128273
98,veh7,veh6,10,8,0.2,292.81,3.11648,8.34289,-73.2844,23.6919,8,0.147,0.132,0.128273
98,veh7,veh5,10,8,0.2,160.718,3.11648,6.06987,-69.1116,27.8647,8,0.147,0.149,0.128273
98,veh7,veh8,10,9,0.1,163.674,3.11648,4.38115,-72.4202,24.556,9,0.147,0.15,0.128273
98,veh7,veh3,10,5,0.5,680.611,3.11648,2.50387,-77.2856,19.6907,5,0.147,0.105,0.128273
98,veh7,veh4,10,6,0.4,699.828,3.11648,7.49598,-77.8555,19.1207,6,0.147,0.107,0.128273
98,veh7,veh2,10,8,0.2,273.099,3.11648,3.20947,-73.1102,23.8661,8,0.147,0.138,0.128273
98,veh7,veh1,10,6,0.4,529.472,3.11648,12.4202,-78.1239,18.8524,6,0.147,0.118,0.128273
98,veh7,veh10,10,8,0.2,195.835,3.11648,8.39809,-67.3704,29.6058,8,0.147,0.151,0.128273
98,veh7,veh0,10,0,1,1070.25,3.11648,8.22429,nan,nan,0,0.147,0.087,0.128273
98,veh6,veh9,10,9,0.1,259.103,8.34289,2.63175,-71.7031,16.1672,9,0.132,0.127,0.128273
98,veh6,veh7,10,5,0.5,292.81,8.34289,3.11648,-68.6545,9.87213,5,0.132,0.147,0.128273
98,veh6,veh5,10,2,0.8,453.484,8.34289,6.06987,-73.7651,23.2111,2,0.132,0.149,0.128273
98,veh6,veh8,10,1,0.9,429.636,8.34289,4.38115,-75.6021,21.3742,1,0.132,0.15,0.128273
98,veh6,veh3,10,6,0.4,414.785,8.34289,2.50387,-76.7645,12.1692,6,0.132,0.105,0.128273
98,veh6,veh4,10,6,0.4,512.472,8.34289,7.49598,-76.1531,11.6755,6,0.132,0.107,0.128273
98,veh6,veh2,10,8,0.2,385.621,8.34289,3.20947,-74.3445,10.5284,8,0.132,0.138,0.128273
98,veh6,veh1,10,9,0.1,310.052,8.34289,12.4202,-75.2016,10.6297,9,0.132,0.118,0.128273
98,veh6,veh10,10,1,0.9,312.906,8.34289,8.39809,-77.1182,4.13448,1,0.132,0.151,0.128273
98,veh6,veh0,10,2,0.8,807.783,8.34289,8.22429,-77.3644,8.67724,2,0.132,0.087,0.128273
98,veh5,veh9,10,1,0.9,650.166,6.06987,2.63175,-77.8257,13.5246,1,0.149,0.127,0.128273
98,veh5,veh7,10,8,0.2,160.718,6.06987,3.11648,-66.6841,15.8229,8,0.149,0.147,0.128273
98,veh5,veh6,10,4,0.6,453.484,6.06987,8.34289,-75.783,9.90787,4,0.149,0.132,0.128273
98,veh5,veh8,10,9,0.1,109.895,6.06987,4.38115,-66.9573,14.9799,9,0.149,0.15,0.128273
98,veh5,veh3,10,0,1,832.945,6.06987,2.50387,nan,nan,0,0.149,0.105,0.128273
98,veh5,veh4,10,0,1,826.456,6.06987,7.49598,nan,nan,0,0.149,0.107,0.128273
98,veh5,veh2,10,5,0.5,322.873,6.06987,3.20947,-73.3042,7.66934,5,0.149,0.138,0.128273
98,veh5,veh1,10,0,1,672.195,6.06987,12.4202,nan,nan,0,0.149,0.118,0.128273
98,veh5,veh10,10,4,0.6,283.413,6.06987,8.39809,-72.0999,15.6623,4,0.149,0.151,0.128273
98,veh5,veh0,10,0,1,1218.57,6.06987,8.22429,nan,nan,0,0.149,0.087,0.128273
98,veh8,veh9,10,8,0.2,656.454,4.38115,2.63175,-78.5713,18.405,8,0.15,0.127,0.128273
98,veh8,veh7,10,10,0,163.674,4.38115,3.11648,-68.1364,28.8399,10,0.15,0.147,0.128273
98,veh8,veh6,10,6,0.4,429.636,4.38115,8.34289,-75.3636,21.6127,6,0.15,0.132,0.128273
98,veh8,veh5,10,10,0,109.895,4.38115,6.06987,-67.9158,29.0605,10,0.15,0.149,0.128273
98,veh8,veh3,10,6,0.4,775.017,4.38115,2.50387,-78.8473,18.129,6,0.15,0.105,0.128273
98,veh8,veh4,10,7,0.3,741.928,4.38115,7.49598,-79.1144,17.8619,7,0.15,0.107,0.128273
98,veh8,veh2,10,10,0,217.856,4.38115,3.20947,-72.5858,24.3905,10,0.15,0.138,0.128273
98,veh8,veh1,10,6,0.4,603.608,4.38115,12.4202,-77.8741,19.1021,6,0.15,0.118,0.128273
98,veh8,veh10,10,8,0.2,342.487,4.38115,8.39809,-74.3375,22.6388,8,0.15,0.151,0.128273
98,veh8,veh0,10,1,0.9,1151.81,4.38115,8.22429,-79.9892,16.9871,1,0.15,0.087,0.128273
98,veh3,veh9,10,6,0.4,462.261,2.50387,2.63175,-75.9402,21.0361,6,0.105,0.127,0.128273
98,veh3,veh7,10,6,0.4,680.611,2.50387,3.11648,-78.1798,18.7965,6,0.105,0.147,0.128273
98,veh3,veh6,10,8,0.2,414.785,2.50387,8.34289,-76.419,20.5573,8,0.105,0.132,0.128273
98,veh3,veh5,10,4,0.6,832.945,2.50387,6.06987,-78.6159,18.3604,4,0.105,0.149,0.128273
98,veh3,veh8,10,4,0.6,775.017,2.50387,4.38115,-77.9363,19.04,4,0.105,0.15,0.128273
98,veh3,veh4,10,9,0.1,255.349,2.50387,7.49598,-72.114,24.8623,9,0.105,0.107,0.128273
98,veh3,veh2,10,6,0.4,625.882,2.50387,3.20947,-77.2891,19.6872,6,0.105,0.138,0.128273
98,veh3,veh1,10,8,0.2,186.834,2.50387,12.4202,-72.0394,24.9369,8,0.105,0.118,0.128273
98,veh3,veh10,10,6,0.4,726.928,2.50387,8.39809,-79.4516,17.5247,6,0.105,0.151,0.128273
98,veh3,veh0,10,8,0.2,393.35,2.50387,8.22429,-74.4144,22.5619,8,0.105,0.087,0.128273
98,veh4,veh9,10,2,0.8,657.897,7.49598,2.63175,-78.9416,18.0347,2,0.107,0.127,0.128273
98,veh4,veh7,10,0,1,699.828,7.49598,3.11648,nan,nan,0,0.107,0.147,0.128273
98,veh4,veh6,10,3,0.7,512.472,7.49598,8.34289,-75.0533,21.923,3,0.107,0.132,0.128273
98,veh4,veh5,10,0,1,826.456,7.49598,6.06987,nan,nan,0,0.107,0.149,0.128273
98,veh4,veh8,10,0,1,741.928,7.49598,4.38115,nan,nan,0,0.107,0.15,0.128273
98,veh4,veh3,10,6,0.4,255.349,7.49598,2.50387,-71.6876,13.4198,6,0.107,0.105,0.128273
98,veh4,veh2,10,2,0.8,544.885,7.49598,3.20947,-75.9826,20.9937,2,0.107,0.138,0.128273
98,veh4,veh1,10,9,0.1,205.079,7.49598,12.4202,-69.0541,14.7623,9,0.107,0.118,0.128273
98,veh4,veh10,10,1,0.9,807.91,7.49598,8.39809,-78.6845,18.2918,1,0.107,0.151,0.128273
98,veh4,veh0,10,6,0.4,455.706,7.49598,8.22429,-75.8546,16.1487,6,0.107,0.087,0.128273
98,veh2,veh9,10,5,0.5,643.872,3.20947,2.63175,-78.2505,18.7257,5,0.138,0.127,0.128273
98,veh2,veh7,10,8,0.2,273.099,3.20947,3.11648,-72.1585,24.8178,8,0.138,0.147,0.128273
98,veh2,veh6,10,8,0.2,385.621,3.20947,8.34289,-76.7279,20.2484,8,0.138,0.132,0.128273
98,veh2,veh5,10,8,0.2,322.873,3.20947,6.06987,-70.1792,26.7971,8,0.138,0.149,0.128273
98,veh2,veh8,10,7,0.3,217.856,3.20947,4.38115,-75.4703,21.506,7,0.138,0.15,0.128273
98,veh2,veh3,10,3,0.7,625.882,3.20947,2.50387,-79.0826,17.8937,3,0.138,0.105,0.128273
98,veh2,veh4,10,4,0.6,544.885,3.20947,7.49598,-77.2243,19.752,4,0.138,0.107,0.128273
98,veh2,veh1,10,6,0.4,441.279,3.20947,12.4202,-76.7004,20.2759,6,0.138,0.118,0.128273
98,veh2,veh10,10,4,0.6,463.709,3.20947,8.39809,-80.2497,16.7266,4,0.138,0.151,0.128273
98,veh2,veh0,10,0,1,978.181,3.20947,8.22429,nan,nan,0,0.138,0.087,0.128273
98,veh1,veh9,10,8,0.2,461.727,12.4202,2.63175,-75.4663,21.51,8,0.118,0.127,0.128273
98,veh1,veh7,10,5,0.5,529.472,12.4202,3.11648,-78.21,18.7662,5,0.118,0.147,0.128273
98,veh1,veh6,10,6,0.4,310.052,12.4202,8.34289,-71.2472,25.7291,6,0.118,0.132,0.128273
98,veh1,veh5,10,4,0.6,672.195,12.4202,6.06987,-77.9677,19.0086,4,0.118,0.149,0.128273
98,veh1,veh8,10,7,0.3,603.608,12.4202,4.38115,-78.4648,18.5115,7,0.118,0.15,0.128273
98,veh1,veh3,10,10,0,186.834,12.4202,2.50387,-70.884,26.0923,10,0.118,0.105,0.128273
98,veh1,veh4,10,8,0.2,205.079,12.4202,7.49598,-73.1282,23.8481,8,0.118,0.107,0.128273
98,veh1,veh2,10,6,0.4,441.279,12.4202,3.20947,-75.7534,21.2229,6,0.118,0.138,0.128273
98,veh1,veh10,10,7,0.3,613.853,12.4202,8.39809,-78.6058,18.3705,7,0.118,0.151,0.128273
98,veh1,veh0,10,5,0.5,548.273,12.4202,8.22429,-78.4237,18.5525,5,0.118,0.087,0.128273
98,veh10,veh9,10,6,0.4,411.495,8.39809,2.63175,-76.2961,20.6802,6,0.151,0.127,0.128273
98,veh10,veh7,10,9,0.1,195.835,8.39809,3.11648,-68.804,28.1723,9,0.151,0.147,0.128273
98,veh10,veh6,10,10,0,312.906,8.39809,8.34289,-77.4323,19.544,10,0.151,0.132,0.128273
98,veh10,veh5,10,9,0.1,283.413,8.39809,6.06987,-73.9736,23.0027,9,0.151,0.149,0.128273
98,veh10,veh8,10,7,0.3,342.487,8.39809,4.38115,-77.5453,19.431,7,0.151,0.15,0.128273
98,veh10,veh3,10,3,0.7,726.928,8.39809,2.50387,-81.0632,15.9131,3,0.151,0.105,0.128273
98,veh10,veh4,10,3,0.7,807.91,8.39809,7.49598,-80.6686,16.3077,3,0.151,0.107,0.128273
98,veh10,veh2,10,8,0.2,463.709,8.39809,3.20947,-75.5134,21.4629,8,0.151,0.138,0.128273
98,veh10,veh1,10,7,0.3,613.853,8.39809,12.4202,-78.8527,18.1236,7,0.151,0.118,0.128273
98,veh10,veh0,10,0,1,1119.03,8.39809,8.22429,nan,nan,0,0.151,0.087,0.128273
98,veh0,veh9,10,1,0.9,811.22,8.22429,2.63175,-80.6862,2.33526,1,0.087,0.127,0.128273
98,veh0,veh7,10,0,1,1070.25,8.22429,3.11648,nan,nan,0,0.087,0.147,0.128273
98,veh0,veh6,10,0,1,807.783,8.22429,8.34289,nan,nan,0,0.087,0.132,0.128273
98,veh0,veh5,10,0,1,1218.57,8.22429,6.06987,nan,nan,0,0.087,0.149,0.128273
98,veh0,veh8,10,2,0.8,1151.81,8.22429,4.38115,-81.2383,7.17801,2,0.087,0.15,0.128273
98,veh0,veh3,10,7,0.3,393.35,8.22429,2.50387,-73.9787,16.644,7,0.087,0.105,0.128273
98,veh0,veh4,10,4,0.6,455.706,8.22429,7.49598,-76.2101,16.5338,4,0.087,0.107,0.128273
98,veh0,veh2,10,0,1,978.181,8.22429,3.20947,nan,nan,0,0.087,0.138,0.128273
98,veh0,veh1,10,6,0.4,548.273,8.22429,12.4202,-75.8177,10.6335,6,0.087,0.118,0.128273
98,veh0,veh10,10,0,1,1119.03,8.22429,8.39809,nan,nan,0,0.087,0.151,0.128273
99,veh9,veh7,10,9,0.1,500.176,2.25458,5.59007,-74.8944,22.0818,9,0.124,0.149,0.129091
99,veh9,veh6,10,8,0.2,263.216,2.25458,8.02072,-73.4814,23.4948,8,0.124,0.139,0.129091
99,veh9,veh5,10,4,0.6,643.901,2.25458,6.61161,-80.15,16.8263,4,0.124,0.147,0.129091
99,veh9,veh8,10,4,0.6,654.816,2.25458,1.26513,-76.5669,20.4093,4,0.124,0.152,0.129091
99,veh9,veh3,10,8,0.2,460.208,2.25458,0.0871054,-74.8275,20.8118,8,0.124,0.116,0.129091
99,veh9,veh4,10,4,0.6,656.505,2.25458,8.53774,-79.1841,17.7922,4,0.124,0.111,0.129091
99,veh9,veh2,10,5,0.5,645.951,2.25458,4.80774,-79.8679,17.1084,5,0.124,0.137,0.129091
99,veh9,veh1,10,6,0.4,460.209,2.25458,12.6425,-78.9889,17.9874,6,0.124,0.121,0.129091
99,veh9,veh10,10,7,0.3,403.65,2.25458,8.34389,-76.0353,20.941,7,0.124,0.144,0.129091
99,veh9,veh0,10,6,0.4,806.049,2.25458,7.94558,-76.5686,20.4077,6,0.124,0.08,0.129091
99,veh7,veh9,10,6,0.4,500.176,5.59007,2.25458,-76.971,20.0053,6,0.149,0.124,0.129091
99,veh7,veh6,10,10,0,284.611,5.59007,8.02072,-75.4731,21.5032,10,0.149,0.139,0.129091
99,veh7,veh5,10,9,0.1,154.291,5.59007,6.61161,-72.4906,24.4857,9,0.149,0.147,0.129091
99,veh7,veh8,10,9,0.1,159.23,5.59007,1.26513,-70.6402,26.3361,9,0.149,0.152,0.129091
99,veh7,veh3,10,6,0.4,678.624,5.59007,0.0871054,-75.2055,21.7708,6,0.149,0.116,0.129091
99,veh7,veh4,10,4,0.6,702.423,5.59007,8.53774,-77.5864,19.3898,4,0.149,0.111,0.129091
99,veh7,veh2,10,6,0.4,267.163,5.59007,4.80774,-72.1621,24.8142,6,0.149,0.137,0.129091
99,veh7,veh1,10,5,0.5,515.782,5.59007,12.6425,-75.2625,21.7137,5,0.149,0.121,0.129091
99,veh7,veh10,10,9,0.1,203.536,5.59007,8.34389,-68.1249,28.8514,9,0.149,0.144,0.129091
99,veh7,veh0,10,1,0.9,1068.26,5.59007,7.94558,-81.0261,15.9502,1,0.149,0.08,0.129091
99,veh6,veh9,10,8,0.2,263.216,8.02072,2.25458,-72.4255,14.2665,8,0.139,0.124,0.129091
99,veh6,veh7,10,8,0.2,284.611,8.02072,5.59007,-72.4481,12.7782,8,0.139,0.149,0.129091
99,veh6,veh5,10,1,0.9,438.878,8.02072,6.61161,-72.1585,24.8178,1,0.139,0.147,0.129091
99,veh6,veh8,10,2,0.8,420.576,8.02072,1.26513,-74.049,22.9273,2,0.139,0.152,0.129091
99,veh6,veh3,10,5,0.5,421.476,8.02072,0.0871054,-77.2919,12.5115,5,0.139,0.116,0.129091
99,veh6,veh4,10,5,0.5,519.939,8.02072,8.53774,-79.0847,9.19874,5,0.139,0.111,0.129091
99,veh6,veh2,10,8,0.2,383.118,8.02072,4.80774,-73.156,12.9901,8,0.139,0.137,0.129091
99,veh6,veh1,10,8,0.2,307.764,8.02072,12.6425,-76.4157,9.43649,8,0.139,0.121,0.129091
99,veh6,veh10,10,3,0.7,300.499,8.02072,8.34389,-72.5522,6.05585,3,0.139,0.144,0.129091
99,veh6,veh0,10,5,0.5,813.802,8.02072,7.94558,-80.3219,7.63449,5,0.139,0.08,0.129091
99,veh5,veh9,10,1,0.9,643.901,6.61161,2.25458,-79.2034,11.8947,1,0.147,0.124,0.129091
99,veh5,veh7,10,8,0.2,154.291,6.61161,5.59007,-70.4018,14.6053,8,0.147,0.149,0.129091
99,veh5,veh6,10,2,0.8,438.878,6.61161,8.02072,-72.5351,13.2402,2,0.147,0.139,0.129091
99,veh5,veh8,10,9,0.1,107.736,6.61161,1.26513,-65.553,16.9163,9,0.147,0.152,0.129091
99,veh5,veh3,10,1,0.9,826.492,6.61161,0.0871054,-73.5122,23.4641,1,0.147,0.116,0.129091
99,veh5,veh4,10,0,1,827.685,6.61161,8.53774,nan,nan,0,0.147,0.111,0.129091
99,veh5,veh2,10,6,0.4,316.242,6.61161,4.80774,-70.5212,11.4448,6,0.147,0.137,0.129091
99,veh5,veh1,10,0,1,654.491,6.61161,12.6425,nan,nan,0,0.147,0.121,0.129091
99,veh5,veh10,10,7,0.3,285.192,6.61161,8.34389,-72.4336,13.4564,7,0.147,0.144,0.129091
99,veh5,veh0,10,2,0.8,1212.95,6.61161,7.94558,-77.8696,19.1066,2,0.147,0.08,0.129091
99,veh8,veh9,10,4,0.6,654.816,1.26513,2.25458,-78.052,18.9243,4,0.152,0.124,0.129091
99,veh8,veh7,10,10,0,159.23,1.26513,5.59007,-70.461,26.5153,10,0.152,0.149,0.129091
99,veh8,veh6,10,8,0.2,420.576,1.26513,8.02072,-74.16,22.8162,8,0.152,0.139,0.129091
99,veh8,veh5,10,9,0.1,107.736,1.26513,6.61161,-64.5935,32.3828,9,0.152,0.147,0.129091
99,veh8,veh3,10,6,0.4,773.789,1.26513,0.0871054,-79.0978,17.8785,6,0.152,0.116,0.129091
99,veh8,veh4,10,1,0.9,748.252,1.26513,8.53774,-78.3625,18.6137,1,0.152,0.111,0.129091
99,veh8,veh2,10,9,0.1,213.924,1.26513,4.80774,-70.5357,26.4406,9,0.152,0.137,0.129091
99,veh8,veh1,10,9,0.1,590.317,1.26513,12.6425,-77.4959,19.4804,9,0.152,0.121,0.129091
99,veh8,veh10,10,8,0.2,346.245,1.26513,8.34389,-71.8997,25.0766,8,0.152,0.144,0.129091
99,veh8,veh0,10,1,0.9,1151.92,1.26513,7.94558,-80.1519,16.8244,1,0.152,0.08,0.129091
99,veh3,veh9,10,6,0.4,460.208,0.0871054,2.25458,-76.9094,20.0669,6,0.116,0.124,0.129091
99,veh3,veh7,10,6,0.4,678.624,0.0871054,5.59007,-76.7104,20.2659,6,0.116,0.149,0.129091
99,veh3,veh6,10,6,0.4,421.476,0.0871054,8.02072,-73.6229,23.3534,6,0.116,0.139,0.129091
99,veh3,veh5,10,6,0.4,826.492,0.0871054,6.61161,-78.5615,18.4148,6,0.116,0.147,0.129091
99,veh3,veh8,10,2,0.8,773.789,0.0871054,1.26513,-80.3148,16.6615,2,0.116,0.152,0.129091
99,veh3,veh4,10,8,0.2,251.442,0.0871054,8.53774,-75.0637,21.9125,8,0.116,0.111,0.129091
99,veh3,veh2,10,6,0.4,630.666,0.0871054,4.80774,-76.0047,20.9716,6,0.116,0.137,0.129091
99,veh3,veh1,10,10,0,199.296,0.0871054,12.6425,-71.064,25.9123,10,0.116,0.121,0.129091
99,veh3,veh10,10,5,0.5,720.31,0.0871054,8.34389,-80.0033,16.973,5,0.116,0.144,0.129091
99,veh3,veh0,10,7,0.3,392.807,0.0871054,7.94558,-76.4805,20.4958,7,0.116,0.08,0.129091
99,veh4,veh9,10,3,0.7,656.505,8.53774,2.25458,-75.121,21.8553,3,0.111,0.124,0.129091
99,veh4,veh7,10,1,0.9,702.423,8.53774,5.59007,-72.9773,23.9989,1,0.111,0.149,0.129091
99,veh4,veh6,10,2,0.8,519.939,8.53774,8.02072,-77.9583,19.018,2,0.111,0.139,0.129091
99,veh4,veh5,10,0,1,827.685,8.53774,6.61161,nan,nan,0,0.111,0.147,0.129091
99,veh4,veh8,10,1,0.9,748.252,8.53774,1.26513,-75.7944,21.1819,1,0.111,0.152,0.129091
99,veh4,veh3,10,6,0.4,251.442,8.53774,0.0871054,-71.3223,13.8137,6,0.111,0.116,0.129091
99,veh4,veh2,10,1,0.9,557.411,8.53774,4.80774,-76.5788,20.3975,1,0.111,0.137,0.129091
99,veh4,veh1,10,7,0.3,212.807,8.53774,12.6425,-68.9663,14.568,7,0.111,0.121,0.129091
99,veh4,veh10,10,1,0.9,808.032,8.53774,8.34389,-80.6496,16.3267,1,0.111,0.144,0.129091
99,veh4,veh0,10,3,0.7,451.188,8.53774,7.94558,-75.4034,12.6545,3,0.111,0.08,0.129091
99,veh2,veh9,10,5,0.5,645.951,4.80774,2.25458,-80.3377,16.6386,5,0.137,0.124,0.129091
99,veh2,veh7,10,8,0.2,267.163,4.80774,5.59007,-73.9223,23.054,8,0.137,0.149,0.129091
99,veh2,veh6,10,10,0,383.118,4.80774,8.02072,-76.8485,20.1278,10,0.137,0.139,0.129091
99,veh2,veh5,10,6,0.4,316.242,4.80774,6.61161,-74.467,22.5093,6,0.137,0.147,0.129091
99,veh2,veh8,10,8,0.2,213.924,4.80774,1.26513,-70.3599,26.6164,8,0.137,0.152,0.129091
99,veh2,veh3,10,7,0.3,630.666,4.80774,0.0871054,-77.3233,19.653,7,0.137,0.116,0.129091
99,veh2,veh4,10,9,0.1,557.411,4.80774,8.53774,-77.7507,19.2256,9,0.137,0.111,0.129091
99,veh2,veh1,10,9,0.1,433.439,4.80774,12.6425,-75.0557,21.9206,9,0.137,0.121,0.129091
99,veh2,veh10,10,10,0,464.877,4.80774,8.34389,-75.9519,21.0244,10,0.137,0.144,0.129091
99,veh2,veh0,10,2,0.8,985.24,4.80774,7.94558,-79.6209,17.3554,2,0.137,0.08,0.129091
99,veh1,veh9,10,3,0.7,460.209,12.6425,2.25458,-76.4438,20.5325,3,0.121,0.124,0.129091
99,veh1,veh7,10,4,0.6,515.782,12.6425,5.59007,-77.1235,19.8528,4,0.121,0.149,0.129091
99,veh1,veh6,10,7,0.3,307.764,12.6425,8.02072,-74.7344,22.2419,7,0.121,0.139,0.129091
99,veh1,veh5,10,5,0.5,654.491,12.6425,6.61161,-79.0333,17.943,5,0.121,0.147,0.129091
99,veh1,veh8,10,4,0.6,590.317,12.6425,1.26513,-77.9076,19.0687,4,0.121,0.152,0.129091
99,veh1,veh3,10,7,0.3,199.296,12.6425,0.0871054,-69.5485,27.4278,7,0.121,0.116,0.129091
99,veh1,veh4,10,10,0,212.807,12.6425,8.53774,-71.7345,25.2418,10,0.121,0.111,0.129091
99,veh1,veh2,10,5,0.5,433.439,12.6425,4.80774,-75.1768,21.7995,5,0.121,0.137,0.129091
99,veh1,veh10,10,3,0.7,600.465,12.6425,8.34389,-79.9694,17.0069,3,0.121,0.144,0.129091
99,veh1,veh0,10,4,0.6,561.609,12.6425,7.94558,-77.4691,19.5072,4,0.121,0.08,0.129091
99,veh10,veh9,10,7,0.3,403.65,8.34389,2.25458,-71.7162,25.2601,7,0.144,0.124,0.129091
99,veh10,veh7,10,10,0,203.536,8.34389,5.59007,-71.7533,25.223,10,0.144,0.149,0.129091
99,veh10,veh6,10,8,0.2,300.499,8.34389,8.02072,-73.2033,23.7729,8,0.144,0.139,0.129091
99,veh10,veh5,10,10,0,285.192,8.34389,6.61161,-72.5477,24.4286,10,0.144,0.147,0.129091
99,veh10,veh8,10,9,0.1,346.245,8.34389,1.26513,-74.7324,22.2439,9,0.144,0.152,0.129091
99,veh10,veh3,10,3,0.7,720.31,8.34389,0.0871054,-78.7607,18.2156,3,0.144,0.116,0.129091
99,veh10,veh4,10,5,0.5,808.032,8.34389,8.53774,-79.0671,17.9092,5,0.144,0.111,0.129091
99,veh10,veh2,10,9,0.1,464.877,8.34389,4.80774,-75.9935,20.9828,9,0.144,0.137,0.129091
99,veh10,veh1,10,3,0.7,600.465,8.34389,12.6425,-78.568,18.4083,3,0.144,0.121,0.129091
99,veh10,veh0,10,3,0.7,1111.09,8.34389,7.94558,-81.3339,15.6424,3,0.144,0.08,0.129091
99,veh0,veh9,10,2,0.8,806.049,7.94558,2.25458,-77.5335,15.143,2,0.08,0.124,0.129091
99,veh0,veh7,10,0,1,1068.26,7.94558,5.59007,nan,nan,0,0.08,0.149,0.129091
99,veh0,veh6,10,3,0.7,813.802,7.94558,8.02072,-80.052,8.25717,3,0.08,0.139,0.129091
99,veh0,veh5,10,0,1,1212.95,7.94558,6.61161,nan,nan,0,0.08,0.147,0.129091
99,veh0,veh8,10,0,1,1151.92,7.94558,1.26513,nan,nan,0,0.08,0.152,0.129091
99,veh0,veh3,10,6,0.4,392.807,7.94558,0.0871054,-75.8163,11.8737,6,0.08,0.116,0.129091
99,veh0,veh4,10,4,0.6,451.188,7.94558,8.53774,-77.3011,10.1014,4,0.08,0.111,0.129091
99,veh0,veh2,10,0,1,985.24,7.94558,4.80774,nan,nan,0,0.08,0.137,0.129091
99,veh0,veh1,10,5,0.5,561.609,7.94558,12.6425,-77.5977,6.49453,5,0.08,0.121,0.129091
99,veh0,veh10,10,0,1,1111.09,7.94558,8.34389,nan,nan,0,0.08,0.144,0.129091
100,veh9,veh7,10,6,0.4,501.387,4.74033,7.96821,-74.8069,22.1693,6,0.114,0.142,0.122909
100,veh9,veh6,10,8,0.2,265.155,4.74033,7.70186,-71.3012,18.6104,8,0.114,0.132,0.122909
100,veh9,veh5,10,3,0.7,636.317,4.74033,6.7641,-77.4918,19.4845,3,0.114,0.146,0.122909
100,veh9,veh8,10,2,0.8,652.736,4.74033,0.0639028,-81.3658,15.6105,2,0.114,0.137,0.122909
100,veh9,veh3,10,7,0.3,455.808,4.74033,0.00881239,-77.1339,19.8424,7,0.114,0.123,0.122909
100,veh9,veh4,10,3,0.7,652.634,4.74033,8.28443,-77.1569,19.8194,3,0.114,0.097,0.122909
100,veh9,veh2,10,4,0.6,646.484,4.74033,6.83135,-78.8501,13.4182,4,0.114,0.138,0.122909
100,veh9,veh1,10,8,0.2,456.417,4.74033,12.7073,-76.5485,17.0907,8,0.114,0.107,0.122909
100,veh9,veh10,10,5,0.5,395.384,4.74033,8.41048,-76.076,17.6859,5,0.114,0.14,0.122909
100,veh9,veh0,10,4,0.6,799.205,4.74033,7.99978,-79.4536,16.7186,4,0.114,0.076,0.122909
100,veh7,veh9,10,5,0.5,501.387,7.96821,4.74033,-78.0646,18.9117,5,0.142,0.114,0.122909
100,veh7,veh6,10,6,0.4,276.836,7.96821,7.70186,-73.7663,23.2099,6,0.142,0.132,0.122909
100,veh7,veh5,10,6,0.4,148.093,7.96821,6.7641,-71.6496,25.3266,6,0.142,0.146,0.122909
100,veh7,veh8,10,6,0.4,154.451,7.96821,0.0639028,-71.5881,25.3882,6,0.142,0.137,0.122909
100,veh7,veh3,10,5,0.5,675.82,7.96821,0.00881239,-77.4098,19.5665,5,0.142,0.123,0.122909
100,veh7,veh4,10,2,0.8,703.408,7.96821,8.28443,-77.2924,19.6839,2,0.142,0.097,0.122909
100,veh7,veh2,10,4,0.6,257.804,7.96821,6.83135,-70.4353,26.541,4,0.142,0.138,0.122909
100,veh7,veh1,10,4,0.6,500.778,7.96821,12.7073,-76.8949,20.0814,4,0.142,0.107,0.122909
100,veh7,veh10,10,6,0.4,213.7,7.96821,8.41048,-73.9501,23.0262,6,0.142,0.14,0.122909
100,veh7,veh0,10,4,0.6,1065.47,7.96821,7.99978,-78.7105,18.2658,4,0.142,0.076,0.122909
100,veh6,veh9,10,8,0.2,265.155,7.70186,4.74033,-71.5963,12.3823,8,0.132,0.114,0.122909
100,veh6,veh7,10,4,0.6,276.836,7.70186,7.96821,-71.6048,8.03672,4,0.132,0.142,0.122909
100,veh6,veh5,10,1,0.9,424.434,7.70186,6.7641,-72.0293,24.947,1,0.132,0.146,0.122909
100,veh6,veh8,10,3,0.7,413.005,7.70186,0.0639028,-73.9367,23.0396,3,0.132,0.137,0.122909
100,veh6,veh3,10,7,0.3,427.9,7.70186,0.00881239,-73.8453,11.2555,7,0.132,0.123,0.122909
100,veh6,veh4,10,6,0.4,527.545,7.70186,8.28443,-75.3426,10.1252,6,0.132,0.097,0.122909
100,veh6,veh2,10,2,0.8,381.437,7.70186,6.83135,-73.5288,11.6787,2,0.132,0.138,0.122909
100,veh6,veh1,10,7,0.3,305.335,7.70186,12.7073,-75.1207,10.1713,7,0.132,0.107,0.122909
100,veh6,veh10,10,2,0.8,288.673,7.70186,8.41048,-68.8379,17.1094,2,0.132,0.14,0.122909
100,veh6,veh0,10,4,0.6,819.714,7.70186,7.99978,-78.0767,12.4484,4,0.132,0.076,0.122909
100,veh5,veh9,10,2,0.8,636.317,6.7641,4.74033,-78.5017,7.54815,2,0.146,0.114,0.122909
100,veh5,veh7,10,9,0.1,148.093,6.7641,7.96821,-68.7711,17.5888,9,0.146,0.142,0.122909
100,veh5,veh6,10,3,0.7,424.434,6.7641,7.70186,-76.5455,11.7091,3,0.146,0.132,0.122909
100,veh5,veh8,10,9,0.1,105.551,6.7641,0.0639028,-66.5844,17.9577,9,0.146,0.137,0.122909
100,veh5,veh3,10,0,1,819.878,6.7641,0.00881239,nan,nan,0,0.146,0.123,0.122909
100,veh5,veh4,10,0,1,828.605,6.7641,8.28443,nan,nan,0,0.146,0.097,0.122909
100,veh5,veh2,10,5,0.5,307.964,6.7641,6.83135,-71.8123,13.9772,5,0.146,0.138,0.122909
100,veh5,veh1,10,0,1,636.691,6.7641,12.7073,nan,nan,0,0.146,0.107,0.122909
100,veh5,veh10,10,5,0.5,286.876,6.7641,8.41048,-72.957,18.1346,5,0.146,0.14,0.122909
100,veh5,veh0,10,0,1,1207.22,6.7641,7.99978,nan,nan,0,0.146,0.076,0.122909
100,veh8,veh9,10,4,0.6,652.736,0.0639028,4.74033,-78.2489,18.7274,4,0.137,0.114,0.122909
100,veh8,veh7,10,10,0,154.451,0.0639028,7.96821,-70.3542,26.6221,10,0.137,0.142,0.122909
100,veh8,veh6,10,8,0.2,413.005,0.0639028,7.70186,-77.5051,19.4712,8,0.137,0.132,0.122909
100,veh8,veh5,10,10,0,105.551,0.0639028,6.7641,-66.2784,30.6979,10,0.137,0.146,0.122909
100,veh8,veh3,10,3,0.7,773.728,0.0639028,0.00881239,-78.8655,18.1108,3,0.137,0.123,0.122909
100,veh8,veh4,10,3,0.7,755.423,0.0639028,8.28443,-78.9058,18.0704,3,0.137,0.097,0.122909
100,veh8,veh2,10,9,0.1,208.787,0.0639028,6.83135,-71.7696,25.2067,9,0.137,0.138,0.122909
100,veh8,veh1,10,5,0.5,578.141,0.0639028,12.7073,-77.176,19.8003,5,0.137,0.107,0.122909
100,veh8,veh10,10,8,0.2,350.801,0.0639028,8.41048,-72.3709,24.6054,8,0.137,0.14,0.122909
100,veh8,veh0,10,1,0.9,1153.24,0.0639028,7.99978,-81.6926,15.2837,1,0.137,0.076,0.122909
100,veh3,veh9,10,5,0.5,455.808,0.00881239,4.74033,-78.4833,18.4929,5,0.123,0.114,0.122909
100,veh3,veh7,10,4,0.6,675.82,0.00881239,7.96821,-78.221,18.7553,4,0.123,0.142,0.122909
100,veh3,veh6,10,6,0.4,427.9,0.00881239,7.70186,-73.3779,23.5984,6,0.123,0.132,0.122909
100,veh3,veh5,10,5,0.5,819.878,0.00881239,6.7641,-80.6029,16.3733,5,0.123,0.146,0.122909
100,veh3,veh8,10,7,0.3,773.728,0.00881239,0.0639028,-77.9266,19.0497,7,0.123,0.137,0.122909
100,veh3,veh4,10,9,0.1,247.955,0.00881239,8.28443,-76.9549,20.0214,9,0.123,0.097,0.122909
100,veh3,veh2,10,5,0.5,637.273,0.00881239,6.83135,-79.6985,17.2778,5,0.123,0.138,0.122909
100,veh3,veh1,10,9,0.1,211.854,0.00881239,12.7073,-70.882,26.0943,9,0.123,0.107,0.122909
100,veh3,veh10,10,4,0.6,713.626,0.00881239,8.41048,-76.801,20.1753,4,0.123,0.14,0.122909
100,veh3,veh0,10,6,0.4,392.456,0.00881239,7.99978,-77.5971,19.3792,6,0.123,0.076,0.122909
100,veh4,veh9,10,2,0.8,652.634,8.28443,4.74033,-77.7411,19.2352,2,0.097,0.114,0.122909
100,veh4,veh7,10,0,1,703.408,8.28443,7.96821,nan,nan,0,0.097,0.142,0.122909
100,veh4,veh6,10,1,0.9,527.545,8.28443,7.70186,-78.3087,18.6675,1,0.097,0.132,0.122909
100,veh4,veh5,10,0,1,828.605,8.28443,6.7641,nan,nan,0,0.097,0.146,0.122909
100,veh4,veh8,10,0,1,755.423,8.28443,0.0639028,nan,nan,0,0.097,0.137,0.122909
100,veh4,veh3,10,9,0.1,247.955,8.28443,0.00881239,-70.5865,13.259,9,0.097,0.123,0.122909
100,veh4,veh2,10,0,1,571.883,8.28443,6.83135,nan,nan,0,0.097,0.138,0.122909
100,veh4,veh1,10,7,0.3,222.21,8.28443,12.7073,-74.7243,10.2866,7,0.097,0.107,0.122909
100,veh4,veh10,10,1,0.9,807.976,8.28443,8.41048,-79.4137,17.5626,1,0.097,0.14,0.122909
100,veh4,veh0,10,6,0.4,447.072,8.28443,7.99978,-76.9543,11.0834,6,0.097,0.076,0.122909
100,veh2,veh9,10,6,0.4,646.484,6.83135,4.74033,-78.1909,18.7854,6,0.138,0.114,0.122909
100,veh2,veh7,10,8,0.2,257.804,6.83135,7.96821,-70.1044,26.8719,8,0.138,0.142,0.122909
100,veh2,veh6,10,8,0.2,381.437,6.83135,7.70186,-75.2958,21.6805,8,0.138,0.132,0.122909
100,veh2,veh5,10,6,0.4,307.964,6.83135,6.7641,-72.6157,24.3606,6,0.138,0.146,0.122909
100,veh2,veh8,10,9,0.1,208.787,6.83135,0.0639028,-70.1038,26.8724,9,0.138,0.137,0.122909
100,veh2,veh3,10,5,0.5,637.273,6.83135,0.00881239,-78.4184,18.5578,5,0.138,0.123,0.122909
100,veh2,veh4,10,4,0.6,571.883,6.83135,8.28443,-75.7624,21.2139,4,0.138,0.097,0.122909
100,veh2,veh1,10,7,0.3,427.418,6.83135,12.7073,-76.9456,20.0306,7,0.138,0.107,0.122909
100,veh2,veh10,10,8,0.2,465.576,6.83135,8.41048,-79.2948,17.6814,8,0.138,0.14,0.122909
100,veh2,veh0,10,0,1,994.404,6.83135,7.99978,nan,nan,0,0.138,0.076,0.122909
100,veh1,veh9,10,7,0.3,456.417,12.7073,4.74033,-76.2533,20.723,7,0.107,0.114,0.122909
100,veh1,veh7,10,1,0.9,500.778,12.7073,7.96821,-76.0274,20.9489,1,0.107,0.142,0.122909
100,veh1,veh6,10,4,0.6,305.335,12.7073,7.70186,-76.8839,20.0924,4,0.107,0.132,0.122909
100,veh1,veh5,10,1,0.9,636.691,12.7073,6.7641,-79.6351,17.3412,1,0.107,0.146,0.122909
100,veh1,veh8,10,3,0.7,578.141,12.7073,0.0639028,-78.1817,18.7946,3,0.107,0.137,0.122909
100,veh1,veh3,10,7,0.3,211.854,12.7073,0.00881239,-72.5324,24.4439,7,0.107,0.123,0.122909
100,veh1,veh4,10,8,0.2,222.21,12.7073,8.28443,-74.0318,22.9445,8,0.107,0.097,0.122909
100,veh1,veh2,10,4,0.6,427.418,12.7073,6.83135,-76.9786,19.9977,4,0.107,0.138,0.122909
100,veh1,veh10,10,2,0.8,587.442,12.7073,8.41048,-76.0639,20.9123,2,0.107,0.14,0.122909
100,veh1,veh0,10,6,0.4,575.246,12.7073,7.99978,-75.8053,21.171,6,0.107,0.076,0.122909
100,veh10,veh9,10,6,0.4,395.384,8.41048,4.74033,-78.7283,18.248,6,0.14,0.114,0.122909
100,veh10,veh7,10,9,0.1,213.7,8.41048,7.96821,-72.1493,24.827,9,0.14,0.142,0.122909
100,veh10,veh6,10,9,0.1,288.673,8.41048,7.70186,-73.4939,23.4824,9,0.14,0.132,0.122909
100,veh10,veh5,10,7,0.3,286.876,8.41048,6.7641,-71.7505,25.2257,7,0.14,0.146,0.122909
100,veh10,veh8,10,5,0.5,350.801,8.41048,0.0639028,-76.3564,20.6198,5,0.14,0.137,0.122909
100,veh10,veh3,10,7,0.3,713.626,8.41048,0.00881239,-78.6357,18.3406,7,0.14,0.123,0.122909
100,veh10,veh4,10,2,0.8,807.976,8.41048,8.28443,-79.5569,17.4194,2,0.14,0.097,0.122909
100,veh10,veh2,10,4,0.6,465.576,8.41048,6.83135,-79.1493,17.827,4,0.14,0.138,0.122909
100,veh10,veh1,10,2,0.8,587.442,8.41048,12.7073,-75.7618,21.2145,2,0.14,0.107,0.122909
100,veh10,veh0,10,3,0.7,1103.09,8.41048,7.99978,-79.0264,17.9499,3,0.14,0.076,0.122909
100,veh0,veh9,10,3,0.7,799.205,7.99978,4.74033,-78.7042,7.46074,3,0.076,0.114,0.122909
100,veh0,veh7,10,0,1,1065.47,7.99978,7.96821,nan,nan,0,0.076,0.142,0.122909
100,veh0,veh6,10,1,0.9,819.714,7.99978,7.70186,-78.7401,18.2362,1,0.076,0.132,0.122909
100,veh0,veh5,10,0,1,1207.22,7.99978,6.7641,nan,nan,0,0.076,0.146,0.122909
100,veh0,veh8,10,0,1,1153.24,7.99978,0.0639028,nan,nan,0,0.076,0.137,0.122909
100,veh0,veh3,10,7,0.3,392.456,7.99978,0.00881239,-76.0785,13.2071,7,0.076,0.123,0.122909
100,veh0,veh4,10,7,0.3,447.072,7.99978,8.28443,-77.5579,10.7557,7,0.076,0.097,0.122909
100,veh0,veh2,10,0,1,994.404,7.99978,6.83135,nan,nan,0,0.076,0.138,0.122909
100,veh0,veh1,10,4,0.6,575.246,7.99978,12.7073,-75.7121,12.4967,4,0.076,0.107,0.122909
100,veh0,veh10,10,0,1,1103.09,7.99978,8.41048,nan,nan,0,0.076,0.14,0.122909
101,veh11,veh9,10,4,0.6,669.23,0,6.77839,-78.5961,18.3802,4,0.113,0.114,0.131091
101,veh11,veh7,10,3,0.7,728.7,0,9.67566,-76.7724,20.2039,3,0.113,0.153,0.131091
101,veh11,veh6,10,9,0.1,561.479,0,8.27876,-77.1408,19.8355,9,0.113,0.142,0.131091
101,veh11,veh5,10,5,0.5,854.193,0,6.72639,-79.6335,17.3428,5,0.113,0.148,0.131091
101,veh11,veh8,10,3,0.7,786.419,0,0.00698117,-80.8215,16.1548,3,0.113,0.143,0.131091
101,veh11,veh3,10,10,0,258.658,0,0.00343122,-73.7217,23.2545,10,0.113,0.122,0.131091
101,veh11,veh4,10,10,0,26.0108,0,8.0098,-55.7397,41.2366,10,0.113,0.109,0.131091
101,veh11,veh2,10,6,0.4,610.964,0,8.76356,-76.1422,20.8341,6,0.113,0.131,0.131091
101,veh11,veh1,10,7,0.3,258.868,0,12.6166,-73.5399,23.4363,7,0.113,0.12,0.131091
101,veh11,veh10,10,6,0.4,833.747,0,8.39881,-79.7304,17.2459,6,0.113,0.147,0.131091
101,veh9,veh11,10,4,0.6,669.23,6.77839,0,-79.5874,17.3889,4,0.114,0.113,0.131091
101,veh9,veh7,10,8,0.2,502.494,6.77839,9.67566,-78.2474,18.7289,8,0.114,0.153,0.131091
101,veh9,veh6,10,8,0.2,266.427,6.77839,8.27876,-74.1795,21.831,8,0.114,0.142,0.131091
101,veh9,veh5,10,4,0.6,628.23,6.77839,6.72639,-79.6885,17.2878,4,0.114,0.148,0.131091
101,veh9,veh8,10,3,0.7,649.886,6.77839,0.00698117,-75.4319,21.5444,3,0.114,0.143,0.131091
101,veh9,veh3,10,6,0.4,449.52,6.77839,0.00343122,-78.1537,15.892,6,0.114,0.122,0.131091
101,veh9,veh4,10,5,0.5,646.822,6.77839,8.0098,-78.1283,15.9448,5,0.114,0.109,0.131091
101,veh9,veh2,10,5,0.5,642.671,6.77839,8.76356,-78.7714,18.2049,5,0.114,0.131,0.131091
101,veh9,veh1,10,5,0.5,450.967,6.77839,12.6166,-75.0352,20.0196,5,0.114,0.12,0.131091
101,veh9,veh10,10,6,0.4,387.298,6.77839,8.39881,-75.8495,18.4986,6,0.114,0.147,0.131091
101,veh7,veh11,10,5,0.5,728.7,9.67566,0,-79.9798,16.9965,5,0.153,0.113,0.131091
101,veh7,veh9,10,3,0.7,502.494,9.67566,6.77839,-78.687,18.2892,3,0.153,0.114,0.131091
101,veh7,veh6,10,5,0.5,268.783,9.67566,8.27876,-74.8869,22.0893,5,0.153,0.142,0.131091
101,veh7,veh5,10,10,0,142.624,9.67566,6.72639,-70.6952,26.2811,10,0.153,0.148,0.131091
101,veh7,veh8,10,10,0,149.074,9.67566,0.00698117,-73.2926,23.6836,10,0.153,0.143,0.131091
101,veh7,veh3,10,4,0.6,672.523,9.67566,0.00343122,-79.0898,17.8865,4,0.153,0.122,0.131091
101,veh7,veh4,10,3,0.7,703.27,9.67566,8.0098,-79.6144,17.3619,3,0.153,0.109,0.131091
101,veh7,veh2,10,8,0.2,241.656,9.67566,8.76356,-71.968,25.0083,8,0.153,0.131,0.131091
101,veh7,veh1,10,7,0.3,484.946,9.67566,12.6166,-75.4608,21.5155,7,0.153,0.12,0.131091
101,veh7,veh10,10,7,0.3,225.598,9.67566,8.39881,-72.1981,24.7782,7,0.153,0.147,0.131091
101,veh6,veh11,10,6,0.4,561.479,8.27876,0,-78.7025,8.33522,6,0.142,0.113,0.131091
101,veh6,veh9,10,5,0.5,266.427,8.27876,6.77839,-71.777,14.3398,5,0.142,0.114,0.131091
101,veh6,veh7,10,8,0.2,268.783,8.27876,9.67566,-70.6889,13.8359,8,0.142,0.153,0.131091
101,veh6,veh5,10,2,0.8,409.452,8.27876,6.72639,-74.5671,22.4092,2,0.142,0.148,0.131091
101,veh6,veh8,10,1,0.9,404.935,8.27876,0.00698117,-71.0096,6.88208,1,0.142,0.143,0.131091
101,veh6,veh3,10,5,0.5,434.847,8.27876,0.00343122,-71.9094,12.8274,5,0.142,0.122,0.131091
101,veh6,veh4,10,4,0.6,535.672,8.27876,8.0098,-77.0004,9.64112,4,0.142,0.109,0.131091
101,veh6,veh2,10,7,0.3,376.249,8.27876,8.76356,-74.5983,11.8503,7,0.142,0.131,0.131091
101,veh6,veh1,10,7,0.3,303.284,8.27876,12.6166,-71.6335,12.225,7,0.142,0.12,0.131091
101,veh6,veh10,10,5,0.5,276.888,8.27876,8.39881,-72.0462,6.62287,5,0.142,0.147,0.131091
101,veh5,veh11,10,0,1,854.193,6.72639,0,nan,nan,0,0.148,0.113,0.131091
101,veh5,veh9,10,3,0.7,628.23,6.72639,6.77839,-77.423,10.6799,3,0.148,0.114,0.131091
101,veh5,veh7,10,7,0.3,142.624,6.72639,9.67566,-67.372,16.0088,7,0.148,0.153,0.131091
101,veh5,veh6,10,6,0.4,409.452,6.72639,8.27876,-73.5699,6.88313,6,0.148,0.142,0.131091
101,veh5,veh8,10,10,0,103.754,6.72639,0.00698117,-67.5929,18.9119,10,0.148,0.143,0.131091
101,veh5,veh3,10,0,1,813.303,6.72639,0.00343122,nan,nan,0,0.148,0.122,0.131091
101,veh5,veh4,10,0,1,829.333,6.72639,8.0098,nan,nan,0,0.148,0.109,0.131091
101,veh5,veh2,10,5,0.5,295.041,6.72639,8.76356,-73.4312,12.4361,5,0.148,0.131,0.131091
101,veh5,veh1,10,0,1,619.107,6.72639,12.6166,nan,nan,0,0.148,0.12,0.131091
101,veh5,veh10,10,7,0.3,288.579,6.72639,8.39881,-72.6863,12.0732,7,0.148,0.147,0.131091
101,veh8,veh11,10,5,0.5,786.419,0.00698117,0,-78.7737,18.2026,5,0.143,0.113,0.131091
101,veh8,veh9,10,5,0.5,649.886,0.00698117,6.77839,-79.5286,17.4477,5,0.143,0.114,0.131091
101,veh8,veh7,10,10,0,149.074,0.00698117,9.67566,-68.3518,28.6245,10,0.143,0.153,0.131091
101,veh8,veh6,10,4,0.6,404.935,0.00698117,8.27876,-80.5337,16.4426,4,0.143,0.142,0.131091
101,veh8,veh5,10,10,0,103.754,0.00698117,6.72639,-64.6678,32.3084,10,0.143,0.148,0.131091
101,veh8,veh3,10,6,0.4,773.721,0.00698117,0.00343122,-80.1808,16.7955,6,0.143,0.122,0.131091
101,veh8,veh4,10,1,0.9,762.424,0.00698117,8.0098,-77.8736,19.1027,1,0.143,0.109,0.131091
101,veh8,veh2,10,8,0.2,199.077,0.00698117,8.76356,-73.8778,23.0985,8,0.143,0.131,0.131091
101,veh8,veh1,10,5,0.5,566.131,0.00698117,12.6166,-78.2837,18.6926,5,0.143,0.12,0.131091
101,veh8,veh10,10,7,0.3,355.521,0.00698117,8.39881,-76.9809,19.9954,7,0.143,0.147,0.131091
101,veh3,veh11,10,6,0.4,258.658,0.00343122,0,-77.3643,19.6119,6,0.122,0.113,0.131091
101,veh3,veh9,10,8,0.2,449.52,0.00343122,6.77839,-76.0264,20.9499,8,0.122,0.114,0.131091
101,veh3,veh7,10,3,0.7,672.523,0.00343122,9.67566,-76.9948,19.9815,3,0.122,0.153,0.131091
101,veh3,veh6,10,7,0.3,434.847,0.00343122,8.27876,-75.9497,21.0265,7,0.122,0.142,0.131091
101,veh3,veh5,10,3,0.7,813.303,0.00343122,6.72639,-78.7602,18.2161,3,0.122,0.148,0.131091
101,veh3,veh8,10,5,0.5,773.721,0.00343122,0.00698117,-78.3866,18.5897,5,0.122,0.143,0.131091
101,veh3,veh4,10,10,0,244.809,0.00343122,8.0098,-72.9577,24.0186,10,0.122,0.109,0.131091
101,veh3,veh2,10,3,0.7,644.391,0.00343122,8.76356,-79.6371,17.3392,3,0.122,0.131,0.131091
101,veh3,veh1,10,7,0.3,224.34,0.00343122,12.6166,-70.3577,26.6185,7,0.122,0.12,0.131091
101,veh3,veh10,10,3,0.7,706.986,0.00343122,8.39881,-79.561,17.4153,3,0.122,0.147,0.131091
101,veh4,veh11,10,10,0,26.0108,8.0098,0,-51.8577,32.5368,10,0.109,0.113,0.131091
101,veh4,veh9,10,3,0.7,646.822,8.0098,6.77839,-79.3481,17.6282,3,0.109,0.114,0.131091
101,veh4,veh7,10,1,0.9,703.27,8.0098,9.67566,-74.803,22.1733,1,0.109,0.153,0.131091
101,veh4,veh6,10,0,1,535.672,8.0098,8.27876,nan,nan,0,0.109,0.142,0.131091
101,veh4,veh5,10,0,1,829.333,8.0098,6.72639,nan,nan,0,0.109,0.148,0.131091
101,veh4,veh8,10,0,1,762.424,8.0098,0.00698117,nan,nan,0,0.109,0.143,0.131091
101,veh4,veh3,10,8,0.2,244.809,8.0098,0.00343122,-70.9331,9.16765,8,0.109,0.122,0.131091
101,veh4,veh2,10,2,0.8,588.609,8.0098,8.76356,-73.5314,23.4449,2,0.109,0.131,0.131091
101,veh4,veh1,10,8,0.2,232.927,8.0098,12.6166,-72.8689,12.6577,8,0.109,0.12,0.131091
101,veh4,veh10,10,0,1,807.768,8.0098,8.39881,nan,nan,0,0.109,0.147,0.131091
101,veh2,veh11,10,7,0.3,610.964,8.76356,0,-78.7432,18.2331,7,0.131,0.113,0.131091
101,veh2,veh9,10,4,0.6,642.671,8.76356,6.77839,-79.561,17.4153,4,0.131,0.114,0.131091
101,veh2,veh7,10,10,0,241.656,8.76356,9.67566,-73.7673,23.2089,10,0.131,0.153,0.131091
101,veh2,veh6,10,10,0,376.249,8.76356,8.27876,-75.8153,21.161,10,0.131,0.142,0.131091
101,veh2,veh5,10,6,0.4,295.041,8.76356,6.72639,-73.1514,23.8249,6,0.131,0.148,0.131091
101,veh2,veh8,10,9,0.1,199.077,8.76356,0.00698117,-74.6455,22.3307,9,0.131,0.143,0.131091
101,veh2,veh3,10,6,0.4,644.391,8.76356,0.00343122,-78.5616,18.4147,6,0.131,0.122,0.131091
101,veh2,veh4,10,7,0.3,588.609,8.76356,8.0098,-77.7493,19.2269,7,0.131,0.109,0.131091
101,veh2,veh1,10,7,0.3,422.311,8.76356,12.6166,-78.6939,18.2824,7,0.131,0.12,0.131091
101,veh2,veh10,10,7,0.3,461.691,8.76356,8.39881,-77.3816,19.5946,7,0.131,0.147,0.131091
101,veh1,veh11,10,8,0.2,258.868,12.6166,0,-74.3376,22.6387,8,0.12,0.113,0.131091
101,veh1,veh9,10,2,0.8,450.967,12.6166,6.77839,-73.1171,23.8592,2,0.12,0.114,0.131091
101,veh1,veh7,10,2,0.8,484.946,12.6166,9.67566,-81.3439,15.6324,2,0.12,0.153,0.131091
101,veh1,veh6,10,5,0.5,303.284,12.6166,8.27876,-75.0128,21.9634,5,0.12,0.142,0.131091
101,veh1,veh5,10,2,0.8,619.107,12.6166,6.72639,-77.2295,19.7468,2,0.12,0.148,0.131091
101,veh1,veh8,10,4,0.6,566.131,12.6166,0.00698117,-77.1556,19.8206,4,0.12,0.143,0.131091
101,veh1,veh3,10,6,0.4,224.34,12.6166,0.00343122,-73.6281,23.3482,6,0.12,0.122,0.131091
101,veh1,veh4,10,10,0,232.927,12.6166,8.0098,-73.8244,23.1519,10,0.12,0.109,0.131091
101,veh1,veh2,10,3,0.7,422.311,12.6166,8.76356,-72.0902,24.8861,3,0.12,0.131,0.131091
101,veh1,veh10,10,2,0.8,574.958,12.6166,8.39881,-79.6027,17.3736,2,0.12,0.147,0.131091
101,veh10,veh11,10,4,0.6,833.747,8.39881,0,-76.9542,20.0221,4,0.147,0.113,0.131091
101,veh10,veh9,10,7,0.3,387.298,8.39881,6.77839,-75.3603,21.616,7,0.147,0.114,0.131091
101,veh10,veh7,10,9,0.1,225.598,8.39881,9.67566,-69.9077,27.0685,9,0.147,0.153,0.131091
101,veh10,veh6,10,10,0,276.888,8.39881,8.27876,-75.3994,21.5769,10,0.147,0.142,0.131091
101,veh10,veh5,10,9,0.1,288.579,8.39881,6.72639,-72.2584,24.7179,9,0.147,0.148,0.131091
101,veh10,veh8,10,6,0.4,355.521,8.39881,0.00698117,-74.4807,22.4956,6,0.147,0.143,0.131091
101,veh10,veh3,10,7,0.3,706.986,8.39881,0.00343122,-77.8793,19.097,7,0.147,0.122,0.131091
101,veh10,veh4,10,1,0.9,807.768,8.39881,8.0098,-76.9529,20.0234,1,0.147,0.109,0.131091
101,veh10,veh2,10,7,0.3,461.691,8.39881,8.76356,-77.3395,19.6368,7,0.147,0.131,0.131091
101,veh10,veh1,10,7,0.3,574.958,8.39881,12.6166,-77.1724,19.8039,7,0.147,0.12,0.131091
102,veh11,veh9,10,6,0.4,664.142,1.4382,6.42477,-76.7214,20.2549,6,0.114,0.126,0.127727
102,veh11,veh7,10,3,0.7,721.865,1.4382,11.7668,-79.4847,17.4916,3,0.114,0.138,0.127727
102,veh11,veh6,10,3,0.7,566.73,1.4382,8.13478,-80.0309,16.9453,3,0.114,0.141,0.127727
102,veh11,veh5,10,4,0.6,849.466,1.4382,6.15991,-80.027,16.9493,4,0.114,0.137,0.127727
102,veh11,veh8,10,1,0.9,786.911,1.4382,0.00312361,-78.5548,18.4215,1,0.114,0.143,0.127727
102,veh11,veh3,10,9,0.1,259.969,1.4382,0.000551022,-75.8368,21.1395,9,0.114,0.106,0.127727
102,veh11,veh4,10,10,0,23.0862,1.4382,8.24642,-52.6169,44.3594,10,0.114,0.113,0.127727
102,veh11,veh2,10,7,0.3,613.552,1.4382,6.40864,-78.1204,18.8559,7,0.114,0.129,0.127727
102,veh11,veh1,10,5,0.5,266.923,1.4382,12.4021,-72.8971,24.0792,5,0.114,0.119,0.127727
102,veh11,veh10,10,3,0.7,829.866,1.4382,8.4861,-80.8742,16.1021,3,0.114,0.139,0.127727
102,veh9,veh11,10,4,0.6,664.142,6.42477,1.4382,-79.5143,9.42599,4,0.126,0.114,0.127727
102,veh9,veh7,10,6,0.4,504.596,6.42477,11.7668,-78.8115,18.1648,6,0.126,0.138,0.127727
102,veh9,veh6,10,9,0.1,268.245,6.42477,8.13478,-72.9038,21.0277,9,0.126,0.141,0.127727
102,veh9,veh5,10,2,0.8,620.791,6.42477,6.15991,-75.8382,21.1381,2,0.126,0.137,0.127727
102,veh9,veh8,10,7,0.3,647.241,6.42477,0.00312361,-78.2199,18.7564,7,0.126,0.143,0.127727
102,veh9,veh3,10,7,0.3,443.57,6.42477,0.000551022,-75.8689,19.4081,7,0.126,0.106,0.127727
102,veh9,veh4,10,4,0.6,641.503,6.42477,8.24642,-78.7807,14.026,4,0.126,0.113,0.127727
102,veh9,veh2,10,6,0.4,633.938,6.42477,6.40864,-78.687,18.2893,6,0.126,0.129,0.127727
102,veh9,veh1,10,6,0.4,446.233,6.42477,12.4021,-79.4576,17.5187,6,0.126,0.119,0.127727
102,veh9,veh10,10,8,0.2,379.231,6.42477,8.4861,-74.8976,19.2553,8,0.126,0.139,0.127727
102,veh7,veh11,10,3,0.7,721.865,11.7668,1.4382,-76.0066,20.9697,3,0.138,0.114,0.127727
102,veh7,veh9,10,8,0.2,504.596,11.7668,6.42477,-78.3322,18.644,8,0.138,0.126,0.127727
102,veh7,veh6,10,8,0.2,261.457,11.7668,8.13478,-70.1922,26.7841,8,0.138,0.141,0.127727
102,veh7,veh5,10,10,0,138.884,11.7668,6.15991,-67.9975,28.9788,10,0.138,0.137,0.127727
102,veh7,veh8,10,9,0.1,143.116,11.7668,0.00312361,-71.4076,25.5687,9,0.138,0.143,0.127727
102,veh7,veh3,10,4,0.6,668.713,11.7668,0.000551022,-77.5419,19.4344,4,0.138,0.106,0.127727
102,veh7,veh4,10,4,0.6,702.253,11.7668,8.24642,-78.5556,18.4207,4,0.138,0.113,0.127727
102,veh7,veh2,10,9,0.1,223.475,11.7668,6.40864,-72.7794,24.1968,9,0.138,0.129,0.127727
102,veh7,veh1,10,6,0.4,468.238,11.7668,12.4021,-75.1488,21.8275,6,0.138,0.119,0.127727
102,veh7,veh10,10,5,0.5,239.582,11.7668,8.4861,-73.0754,23.9009,5,0.138,0.139,0.127727
102,veh6,veh11,10,4,0.6,566.73,8.13478,1.4382,-76.0709,12.6531,4,0.141,0.114,0.127727
102,veh6,veh9,10,5,0.5,268.245,8.13478,6.42477,-70.3579,16.5045,5,0.141,0.126,0.127727
102,veh6,veh7,10,5,0.5,261.457,8.13478,11.7668,-70.7941,10.0361,5,0.141,0.138,0.127727
102,veh6,veh5,10,3,0.7,395.176,8.13478,6.15991,-73.0819,23.8944,3,0.141,0.137,0.127727
102,veh6,veh8,10,3,0.7,397.015,8.13478,0.00312361,-74.4627,8.79786,3,0.141,0.143,0.127727
102,veh6,veh3,10,5,0.5,441.717,8.13478,0.000551022,-76.4094,11.6101,5,0.141,0.106,0.127727
102,veh6,veh4,10,6,0.4,544.207,8.13478,8.24642,-76.6965,13.5619,6,0.141,0.113,0.127727
102,veh6,veh2,10,4,0.6,365.773,8.13478,6.40864,-74.9099,9.21508,4,0.141,0.129,0.127727
102,veh6,veh1,10,4,0.6,301.317,8.13478,12.4021,-74.6612,9.93139,4,0.141,0.119,0.127727
102,veh6,veh10,10,2,0.8,265.666,8.13478,8.4861,-69.4372,16.1954,2,0.141,0.139,0.127727
102,veh5,veh11,10,0,1,849.466,6.15991,1.4382,nan,nan,0,0.137,0.114,0.127727
102,veh5,veh9,10,0,1,620.791,6.15991,6.42477,nan,nan,0,0.137,0.126,0.127727
102,veh5,veh7,10,10,0,138.884,6.15991,11.7668,-68.5076,14.3569,10,0.137,0.138,0.127727
102,veh5,veh6,10,6,0.4,395.176,6.15991,8.13478,-75.0346,11.3186,6,0.137,0.141,0.127727
102,veh5,veh8,10,10,0,102.468,6.15991,0.00312361,-62.5174,19.247,10,0.137,0.143,0.127727
102,veh5,veh3,10,0,1,807.282,6.15991,0.000551022,nan,nan,0,0.137,0.106,0.127727
102,veh5,veh4,10,0,1,830.747,6.15991,8.24642,nan,nan,0,0.137,0.113,0.127727
102,veh5,veh2,10,7,0.3,286.13,6.15991,6.40864,-71.3513,9.23509,7,0.137,0.129,0.127727
102,veh5,veh1,10,0,1,602.348,6.15991,12.4021,nan,nan,0,0.137,0.119,0.127727
102,veh5,veh10,10,9,0.1,290.74,6.15991,8.4861,-73.186,12.9325,9,0.137,0.139,0.127727
102,veh8,veh11,10,5,0.5,786.911,0.00312361,1.4382,-79.3816,17.5947,5,0.143,0.114,0.127727
102,veh8,veh9,10,5,0.5,647.241,0.00312361,6.42477,-76.7116,20.2647,5,0.143,0.126,0.127727
102,veh8,veh7,10,10,0,143.116,0.00312361,11.7668,-68.2367,28.7396,10,0.143,0.138,0.127727
102,veh8,veh6,10,10,0,397.015,0.00312361,8.13478,-76.9392,20.0371,10,0.143,0.141,0.127727
102,veh8,veh5,10,10,0,102.468,0.00312361,6.15991,-67.8135,29.1628,10,0.143,0.137,0.127727
102,veh8,veh3,10,6,0.4,773.718,0.00312361,0.000551022,-78.9187,18.0576,6,0.143,0.106,0.127727
102,veh8,veh4,10,5,0.5,769.652,0.00312361,8.24642,-79.2974,17.6788,5,0.143,0.113,0.127727
102,veh8,veh2,10,9,0.1,194.011,0.00312361,6.40864,-68.8117,28.1646,9,0.143,0.129,0.127727
102,veh8,veh1,10,4,0.6,554.358,0.00312361,12.4021,-76.1291,20.8471,4,0.143,0.119,0.127727
102,veh8,veh10,10,9,0.1,360.429,0.00312361,8.4861,-76.861,20.1153,9,0.143,0.139,0.127727
102,veh3,veh11,10,10,0,259.969,0.000551022,1.4382,-75.5213,21.455,10,0.106,0.114,0.127727
102,veh3,veh9,10,8,0.2,443.57,0.000551022,6.42477,-75.789,21.1873,8,0.106,0.126,0.127727
102,veh3,veh7,10,4,0.6,668.713,0.000551022,11.7668,-79.0191,17.9572,4,0.106,0.138,0.127727
102,veh3,veh6,10,9,0.1,441.717,0.000551022,8.13478,-74.4999,22.4763,9,0.106,0.141,0.127727
102,veh3,veh5,10,1,0.9,807.282,0.000551022,6.15991,-81.5545,15.4218,1,0.106,0.137,0.127727
102,veh3,veh8,10,6,0.4,773.718,0.000551022,0.00312361,-79.2358,17.7405,6,0.106,0.143,0.127727
102,veh3,veh4,10,10,0,241.801,0.000551022,8.24642,-73.7161,23.2602,10,0.106,0.113,0.127727
102,veh3,veh2,10,5,0.5,644.047,0.000551022,6.40864,-77.0894,19.8868,5,0.106,0.129,0.127727
102,veh3,veh1,10,8,0.2,236.628,0.000551022,12.4021,-69.8559,27.1204,8,0.106,0.119,0.127727
102,veh3,veh10,10,5,0.5,700.313,0.000551022,8.4861,-80.2236,16.7527,5,0.106,0.139,0.127727
102,veh4,veh11,10,10,0,23.0862,8.24642,1.4382,-53.3782,30.0888,10,0.113,0.114,0.127727
102,veh4,veh9,10,4,0.6,641.503,8.24642,6.42477,-77.1523,19.824,4,0.113,0.126,0.127727
102,veh4,veh7,10,0,1,702.253,8.24642,11.7668,nan,nan,0,0.113,0.138,0.127727
102,veh4,veh6,10,0,1,544.207,8.24642,8.13478,nan,nan,0,0.113,0.141,0.127727
102,veh4,veh5,10,0,1,830.747,8.24642,6.15991,nan,nan,0,0.113,0.137,0.127727
102,veh4,veh8,10,0,1,769.652,8.24642,0.00312361,nan,nan,0,0.113,0.143,0.127727
102,veh4,veh3,10,9,0.1,241.801,8.24642,0.000551022,-72.9064,10.9506,9,0.113,0.106,0.127727
102,veh4,veh2,10,0,1,598.425,8.24642,6.40864,nan,nan,0,0.113,0.129,0.127727
102,veh4,veh1,10,8,0.2,244.92,8.24642,12.4021,-72.2298,10.4976,8,0.113,0.119,0.127727
102,veh4,veh10,10,0,1,807.64,8.24642,8.4861,nan,nan,0,0.113,0.139,0.127727
102,veh2,veh11,10,6,0.4,613.552,6.40864,1.4382,-79.0174,17.9589,6,0.129,0.114,0.127727
102,veh2,veh9,10,4,0.6,633.938,6.40864,6.42477,-77.6598,19.3165,4,0.129,0.126,0.127727
102,veh2,veh7,10,8,0.2,223.475,6.40864,11.7668,-73.8259,23.1503,8,0.129,0.138,0.127727
102,veh2,veh6,10,8,0.2,365.773,6.40864,8.13478,-76.0146,20.9617,8,0.129,0.141,0.127727
102,veh2,veh5,10,8,0.2,286.13,6.40864,6.15991,-71.7056,25.2707,8,0.129,0.137,0.127727
102,veh2,veh8,10,9,0.1,194.011,6.40864,0.00312361,-68.1323,28.844,9,0.129,0.143,0.127727
102,veh2,veh3,10,2,0.8,644.047,6.40864,0.000551022,-74.9512,22.0251,2,0.129,0.106,0.127727
102,veh2,veh4,10,3,0.7,598.425,6.40864,8.24642,-77.8847,19.0916,3,0.129,0.113,0.127727
102,veh2,veh1,10,9,0.1,409.987,6.40864,12.4021,-77.0063,19.9699,9,0.129,0.119,0.127727
102,veh2,veh10,10,6,0.4,457.033,6.40864,8.4861,-77.0775,19.8988,6,0.129,0.139,0.127727
102,veh1,veh11,10,8,0.2,266.923,12.4021,1.4382,-74.8323,22.144,8,0.119,0.114,0.127727
102,veh1,veh9,10,8,0.2,446.233,12.4021,6.42477,-76.1492,20.8271,8,0.119,0.126,0.127727
102,veh1,veh7,10,2,0.8,468.238,12.4021,11.7668,-77.8723,19.104,2,0.119,0.138,0.127727
102,veh1,veh6,10,6,0.4,301.317,12.4021,8.13478,-73.8595,23.1168,6,0.119,0.141,0.127727
102,veh1,veh5,10,1,0.9,602.348,12.4021,6.15991,-75.5798,21.3965,1,0.119,0.137,0.127727
102,veh1,veh8,10,2,0.8,554.358,12.4021,0.00312361,-79.85,17.1263,2,0.119,0.143,0.127727
102,veh1,veh3,10,9,0.1,236.628,12.4021,0.000551022,-74.1801,22.7962,9,0.119,0.106,0.127727
102,veh1,veh4,10,7,0.3,244.92,12.4021,8.24642,-71.7614,25.2149,7,0.119,0.113,0.127727
102,veh1,veh2,10,3,0.7,409.987,12.4021,6.40864,-79.5498,17.4265,3,0.119,0.129,0.127727
102,veh1,veh10,10,2,0.8,563.057,12.4021,8.4861,-78.2032,18.773,2,0.119,0.139,0.127727
102,veh10,veh11,10,5,0.5,829.866,8.4861,1.4382,-78.6183,18.3579,5,0.139,0.114,0.127727
102,veh10,veh9,10,9,0.1,379.231,8.4861,6.42477,-78.015,18.9613,9,0.139,0.126,0.127727
102,veh10,veh7,10,9,0.1,239.582,8.4861,11.7668,-70.5485,26.4278,9,0.139,0.138,0.127727
102,veh10,veh6,10,9,0.1,265.666,8.4861,8.13478,-72.7574,24.2189,9,0.139,0.141,0.127727
102,veh10,veh5,10,6,0.4,290.74,8.4861,6.15991,-72.8733,24.1029,6,0.139,0.137,0.127727
102,veh10,veh8,10,7,0.3,360.429,8.4861,0.00312361,-74.5219,22.4544,7,0.139,0.143,0.127727
102,veh10,veh3,10,5,0.5,700.313,8.4861,0.000551022,-80.1762,16.8,5,0.139,0.106,0.127727
102,veh10,veh4,10,5,0.5,807.64,8.4861,8.24642,-77.8691,19.1072,5,0.139,0.113,0.127727
102,veh10,veh2,10,5,0.5,457.033,8.4861,6.40864,-75.9272,21.0491,5,0.139,0.129,0.127727
102,veh10,veh1,10,4,0.6,563.057,8.4861,12.4021,-77.9882,18.9881,4,0.139,0.119,0.127727
103,veh11,veh9,10,7,0.3,661.62,3.58492,5.88071,-78.3617,18.6146,7,0.118,0.118,0.129545
103,veh11,veh7,10,8,0.2,715.55,3.58492,12.306,-78.4377,18.5386,8,0.118,0.142,0.129545
103,veh11,veh6,10,7,0.3,573.51,3.58492,8.16631,-79.6561,17.3202,7,0.118,0.138,0.129545
103,veh11,veh5,10,0,1,845.898,3.58492,5.63812,nan,nan,0,0.118,0.14,0.129545
103,veh11,veh8,10,4,0.6,785.855,3.58492,2.32729,-76.7463,20.23,4,0.118,0.149,0.129545
103,veh11,veh3,10,9,0.1,263.538,3.58492,0,-74.4969,22.4794,9,0.118,0.11,0.129545
103,veh11,veh4,10,10,0,25.123,3.58492,5.66264,-52.9163,44.06,10,0.118,0.113,0.129545
103,veh11,veh2,10,3,0.7,615.306,3.58492,3.41224,-78.2472,18.7291,3,0.118,0.134,0.129545
103,veh11,veh1,10,7,0.3,274.853,3.58492,11.8778,-72.8529,24.1234,7,0.118,0.123,0.129545
103,veh11,veh10,10,4,0.6,827.326,3.58492,8.70288,-78.969,18.0073,4,0.118,0.14,0.129545
103,veh9,veh11,10,6,0.4,661.62,5.88071,3.58492,-78.9658,14.9149,6,0.118,0.118,0.129545
103,veh9,veh7,10,5,0.5,507.142,5.88071,12.306,-75.0435,21.9328,5,0.118,0.142,0.129545
103,veh9,veh6,10,6,0.4,270.813,5.88071,8.16631,-75.1077,21.8686,6,0.118,0.138,0.129545
103,veh9,veh5,10,4,0.6,614.005,5.88071,5.63812,-74.0868,16.0832,4,0.118,0.14,0.129545
103,veh9,veh8,10,4,0.6,642.745,5.88071,2.32729,-79.2819,17.6944,4,0.118,0.149,0.129545
103,veh9,veh3,10,3,0.7,438.136,5.88071,0,-77.2514,12.4558,3,0.118,0.11,0.129545
103,veh9,veh4,10,7,0.3,636.623,5.88071,5.66264,-77.6044,15.0622,7,0.118,0.113,0.129545
103,veh9,veh2,10,4,0.6,627.752,5.88071,3.41224,-76.1291,20.8471,4,0.118,0.134,0.129545
103,veh9,veh1,10,4,0.6,443.862,5.88071,11.8778,-75.1114,15.3297,4,0.118,0.123,0.129545
103,veh9,veh10,10,4,0.6,371.029,5.88071,8.70288,-75.0996,16.3794,4,0.118,0.14,0.129545
103,veh7,veh11,10,2,0.8,715.55,12.306,3.58492,-81.6173,15.3589,2,0.142,0.118,0.129545
103,veh7,veh9,10,5,0.5,507.142,12.306,5.88071,-77.2641,19.7122,5,0.142,0.118,0.129545
103,veh7,veh6,10,5,0.5,254.727,12.306,8.16631,-69.9182,27.0581,5,0.142,0.138,0.129545
103,veh7,veh5,10,8,0.2,136.964,12.306,5.63812,-68.9778,27.9985,8,0.142,0.14,0.129545
103,veh7,veh8,10,7,0.3,135.607,12.306,2.32729,-70.382,26.5943,7,0.142,0.149,0.129545
103,veh7,veh3,10,3,0.7,664.887,12.306,0,-79.2675,17.7088,3,0.142,0.11,0.129545
103,veh7,veh4,10,4,0.6,699.194,12.306,5.66264,-78.7458,18.2305,4,0.142,0.113,0.129545
103,veh7,veh2,10,9,0.1,207.796,12.306,3.41224,-71.37,25.6062,9,0.142,0.134,0.129545
103,veh7,veh1,10,6,0.4,452.694,12.306,11.8778,-75.7904,21.1859,6,0.142,0.123,0.129545
103,veh7,veh10,10,6,0.4,254.189,12.306,8.70288,-74.4874,22.4889,6,0.142,0.14,0.129545
103,veh6,veh11,10,4,0.6,573.51,8.16631,3.58492,-77.1273,10.0254,4,0.138,0.118,0.129545
103,veh6,veh9,10,8,0.2,270.813,8.16631,5.88071,-70.0461,17.5629,8,0.138,0.118,0.129545
103,veh6,veh7,10,4,0.6,254.727,8.16631,12.306,-72.8126,7.89366,4,0.138,0.142,0.129545
103,veh6,veh5,10,3,0.7,381.39,8.16631,5.63812,-72.2009,24.7754,3,0.138,0.14,0.129545
103,veh6,veh8,10,4,0.6,386.816,8.16631,2.32729,-74.9971,10.7937,4,0.138,0.149,0.129545
103,veh6,veh3,10,6,0.4,448.655,8.16631,0,-74.0819,9.15268,6,0.138,0.11,0.129545
103,veh6,veh4,10,5,0.5,551.808,8.16631,5.66264,-76.8211,10.6064,5,0.138,0.113,0.129545
103,veh6,veh2,10,7,0.3,357.397,8.16631,3.41224,-74.8054,9.64951,7,0.138,0.134,0.129545
103,veh6,veh1,10,5,0.5,301.16,8.16631,11.8778,-75.4146,9.73292,5,0.138,0.123,0.129545
103,veh6,veh10,10,5,0.5,254.881,8.16631,8.70288,-73.5482,8.21979,5,0.138,0.14,0.129545
103,veh5,veh11,10,0,1,845.898,5.63812,3.58492,nan,nan,0,0.14,0.118,0.129545
103,veh5,veh9,10,5,0.5,614.005,5.63812,5.88071,-75.206,8.50441,5,0.14,0.118,0.129545
103,veh5,veh7,10,8,0.2,136.964,5.63812,12.306,-69.8721,12.9322,8,0.14,0.142,0.129545
103,veh5,veh6,10,5,0.5,381.39,5.63812,8.16631,-74.0535,14.3136,5,0.14,0.138,0.129545
103,veh5,veh8,10,10,0,101.71,5.63812,2.32729,-66.2901,19.6555,10,0.14,0.149,0.129545
103,veh5,veh3,10,1,0.9,801.774,5.63812,0,-79.5502,17.4261,1,0.14,0.11,0.129545
103,veh5,veh4,10,0,1,830.565,5.63812,5.66264,nan,nan,0,0.14,0.113,0.129545
103,veh5,veh2,10,6,0.4,280.212,5.63812,3.41224,-73.3974,9.40726,6,0.14,0.134,0.129545
103,veh5,veh1,10,1,0.9,587.579,5.63812,11.8778,-77.6116,19.3647,1,0.14,0.123,0.129545
103,veh5,veh10,10,7,0.3,293.434,5.63812,8.70288,-73.0649,11.809,7,0.14,0.14,0.129545
103,veh8,veh11,10,3,0.7,785.855,2.32729,3.58492,-80.9751,16.0012,3,0.149,0.118,0.129545
103,veh8,veh9,10,6,0.4,642.745,2.32729,5.88071,-76.618,20.3582,6,0.149,0.118,0.129545
103,veh8,veh7,10,9,0.1,135.607,2.32729,12.306,-73.279,23.6973,9,0.149,0.142,0.129545
103,veh8,veh6,10,8,0.2,386.816,2.32729,8.16631,-75.9851,20.9912,8,0.149,0.138,0.129545
103,veh8,veh5,10,9,0.1,101.71,2.32729,5.63812,-69.8337,27.1426,9,0.149,0.14,0.129545
103,veh8,veh3,10,2,0.8,771.43,2.32729,0,-80.3533,16.623,2,0.149,0.11,0.129545
103,veh8,veh4,10,2,0.8,772.64,2.32729,5.66264,-79.3415,17.6348,2,0.149,0.113,0.129545
103,veh8,veh2,10,8,0.2,189.965,2.32729,3.41224,-71.1957,25.7806,8,0.149,0.134,0.129545
103,veh8,veh1,10,6,0.4,541.626,2.32729,11.8778,-77.2308,19.7455,6,0.149,0.123,0.129545
103,veh8,veh10,10,8,0.2,364.208,2.32729,8.70288,-76.6608,20.3155,8,0.149,0.14,0.129545
103,veh3,veh11,10,9,0.1,263.538,0,3.58492,-73.9527,23.0236,9,0.11,0.118,0.129545
103,veh3,veh9,10,8,0.2,438.136,0,5.88071,-77.6943,19.282,8,0.11,0.118,0.129545
103,veh3,veh7,10,4,0.6,664.887,0,12.306,-77.8716,19.1047,4,0.11,0.142,0.129545
103,veh3,veh6,10,6,0.4,448.655,0,8.16631,-76.9744,20.0019,6,0.11,0.138,0.129545
103,veh3,veh5,10,5,0.5,801.774,0,5.63812,-79.1779,17.7984,5,0.11,0.14,0.129545
103,veh3,veh8,10,4,0.6,771.43,0,2.32729,-79.5229,17.4534,4,0.11,0.149,0.129545
103,veh3,veh4,10,10,0,240.034,0,5.66264,-72.2575,24.7188,10,0.11,0.113,0.129545
103,veh3,veh2,10,6,0.4,643.883,0,3.41224,-76.7677,20.2086,6,0.11,0.134,0.129545
103,veh3,veh1,10,10,0,248.405,0,11.8778,-73.7985,23.1777,10,0.11,0.123,0.129545
103,veh3,veh10,10,5,0.5,693.511,0,8.70288,-78.8655,18.1108,5,0.11,0.14,0.129545
103,veh4,veh11,10,10,0,25.123,5.66264,3.58492,-52.3227,33.7073,10,0.113,0.118,0.129545
103,veh4,veh9,10,1,0.9,636.623,5.66264,5.88071,-76.3733,20.603,1,0.113,0.118,0.129545
103,veh4,veh7,10,0,1,699.194,5.66264,12.306,nan,nan,0,0.113,0.142,0.129545
103,veh4,veh6,10,2,0.8,551.808,5.66264,8.16631,-77.7056,19.2707,2,0.113,0.138,0.129545
103,veh4,veh5,10,0,1,830.565,5.66264,5.63812,nan,nan,0,0.113,0.14,0.129545
103,veh4,veh8,10,0,1,772.64,5.66264,2.32729,nan,nan,0,0.113,0.149,0.129545
103,veh4,veh3,10,7,0.3,240.034,5.66264,0,-73.5937,10.3214,7,0.113,0.11,0.129545
103,veh4,veh2,10,2,0.8,604.866,5.66264,3.41224,-76.1739,20.8024,2,0.113,0.134,0.129545
103,veh4,veh1,10,7,0.3,254.737,5.66264,11.8778,-72.8003,10.9197,7,0.113,0.123,0.129545
103,veh4,veh10,10,0,1,806.023,5.66264,8.70288,nan,nan,0,0.113,0.14,0.129545
103,veh2,veh11,10,6,0.4,615.306,3.41224,3.58492,-79.0831,17.8932,6,0.134,0.118,0.129545
103,veh2,veh9,10,4,0.6,627.752,3.41224,5.88071,-77.3049,19.6714,4,0.134,0.118,0.129545
103,veh2,veh7,10,10,0,207.796,3.41224,12.306,-71.586,25.3903,10,0.134,0.142,0.129545
103,veh2,veh6,10,4,0.6,357.397,3.41224,8.16631,-76.4694,20.5069,4,0.134,0.138,0.129545
103,veh2,veh5,10,9,0.1,280.212,3.41224,5.63812,-73.681,23.2953,9,0.134,0.14,0.129545
103,veh2,veh8,10,9,0.1,189.965,3.41224,2.32729,-71.6084,25.3679,9,0.134,0.149,0.129545
103,veh2,veh3,10,5,0.5,643.883,3.41224,0,-81.2873,15.689,5,0.134,0.11,0.129545
103,veh2,veh4,10,5,0.5,604.866,3.41224,5.66264,-76.1156,20.8607,5,0.134,0.113,0.129545
103,veh2,veh1,10,8,0.2,398.511,3.41224,11.8778,-77.2015,19.7748,8,0.134,0.123,0.129545
103,veh2,veh10,10,7,0.3,455.592,3.41224,8.70288,-76.4079,20.5684,7,0.134,0.14,0.129545
103,veh1,veh11,10,7,0.3,274.853,11.8778,3.58492,-74.3803,22.596,7,0.123,0.118,0.129545
103,veh1,veh9,10,5,0.5,443.862,11.8778,5.88071,-76.1964,20.7799,5,0.123,0.118,0.129545
103,veh1,veh7,10,4,0.6,452.694,11.8778,12.306,-74.902,22.0743,4,0.123,0.142,0.129545
103,veh1,veh6,10,9,0.1,301.16,11.8778,8.16631,-75.0765,21.8998,9,0.123,0.138,0.129545
103,veh1,veh5,10,3,0.7,587.579,11.8778,5.63812,-76.4222,20.5541,3,0.123,0.14,0.129545
103,veh1,veh8,10,3,0.7,541.626,11.8778,2.32729,-78.079,18.8973,3,0.123,0.149,0.129545
103,veh1,veh3,10,9,0.1,248.405,11.8778,0,-73.708,23.2683,9,0.123,0.11,0.129545
103,veh1,veh4,10,7,0.3,254.737,11.8778,5.66264,-72.1819,24.7944,7,0.123,0.113,0.129545
103,veh1,veh2,10,5,0.5,398.511,11.8778,3.41224,-75.9926,20.9837,5,0.123,0.134,0.129545
103,veh1,veh10,10,1,0.9,553.311,11.8778,8.70288,-78.9374,18.0388,1,0.123,0.14,0.129545
103,veh10,veh11,10,5,0.5,827.326,8.70288,3.58492,-78.8255,18.1508,5,0.14,0.118,0.129545
103,veh10,veh9,10,10,0,371.029,8.70288,5.88071,-75.754,21.2223,10,0.14,0.118,0.129545
103,veh10,veh7,10,5,0.5,254.189,8.70288,12.306,-71.0509,25.9254,5,0.14,0.142,0.129545
103,veh10,veh6,10,8,0.2,254.881,8.70288,8.16631,-73.0257,23.9506,8,0.14,0.138,0.129545
103,veh10,veh5,10,7,0.3,293.434,8.70288,5.63812,-74.0285,22.9478,7,0.14,0.14,0.129545
103,veh10,veh8,10,8,0.2,364.208,8.70288,2.32729,-74.8827,22.0936,8,0.14,0.149,0.129545
103,veh10,veh3,10,4,0.6,693.511,8.70288,0,-78.6927,18.2836,4,0.14,0.11,0.129545
103,veh10,veh4,10,5,0.5,806.023,8.70288,5.66264,-78.6256,18.3507,5,0.14,0.113,0.129545
103,veh10,veh2,10,4,0.6,455.592,8.70288,3.41224,-74.9778,21.9985,4,0.14,0.134,0.129545
103,veh10,veh1,10,6,0.4,553.311,8.70288,11.8778,-77.2987,19.6776,6,0.14,0.123,0.129545
104,veh11,veh9,10,6,0.4,661.14,5.85979,6.29573,-78.8561,18.1202,6,0.107,0.123,0.13
104,veh11,veh7,10,5,0.5,711.49,5.85979,11.8796,-80.6983,16.278,5,0.107,0.138,0.13
104,veh11,veh6,10,7,0.3,582.428,5.85979,7.67826,-77.9615,19.0148,7,0.107,0.145,0.13
104,veh11,veh5,10,4,0.6,844.034,5.85979,5.96498,-77.0937,19.8826,4,0.107,0.138,0.13
104,veh11,veh8,10,4,0.6,785.106,5.85979,4.06205,-78.4854,18.4909,4,0.107,0.142,0.13
104,veh11,veh3,10,10,0,269.195,5.85979,0,-73.301,23.6753,10,0.107,0.122,0.13
104,veh11,veh4,10,10,0,27.0968,5.85979,4.93287,-55.932,41.0443,10,0.107,0.109,0.13
104,veh11,veh2,10,5,0.5,617.531,5.85979,0.288397,-77.4393,19.537,5,0.107,0.14,0.13
104,veh11,veh1,10,5,0.5,286.819,5.85979,12.1972,-70.4085,26.5678,5,0.107,0.131,0.13
104,veh11,veh10,10,5,0.5,827.382,5.85979,8.47255,-79.7629,17.2134,5,0.107,0.135,0.13
104,veh9,veh11,10,8,0.2,661.14,6.29573,5.85979,-78.9245,13.9039,8,0.123,0.107,0.13
104,veh9,veh7,10,7,0.3,509.337,6.29573,11.8796,-76.8584,20.1179,7,0.123,0.138,0.13
104,veh9,veh6,10,7,0.3,273.088,6.29573,7.67826,-73.0991,21.9101,7,0.123,0.145,0.13
104,veh9,veh5,10,3,0.7,606.831,6.29573,5.96498,-79.6003,17.376,3,0.123,0.138,0.13
104,veh9,veh8,10,4,0.6,636.524,6.29573,4.06205,-76.4623,20.514,4,0.123,0.142,0.13
104,veh9,veh3,10,8,0.2,432.331,6.29573,0,-75.2937,20.1115,8,0.123,0.122,0.13
104,veh9,veh4,10,5,0.5,634.572,6.29573,4.93287,-77.3761,16.3963,5,0.123,0.109,0.13
104,veh9,veh2,10,5,0.5,623.468,6.29573,0.288397,-76.8231,16.4922,5,0.123,0.14,0.13
104,veh9,veh1,10,5,0.5,439.973,6.29573,12.1972,-76.9855,19.9908,5,0.123,0.131,0.13
104,veh9,veh10,10,7,0.3,363.217,6.29573,8.47255,-73.0001,23.9762,7,0.123,0.135,0.13
104,veh7,veh11,10,2,0.8,711.49,11.8796,5.85979,-78.7532,18.2231,2,0.138,0.107,0.13
104,veh7,veh9,10,7,0.3,509.337,11.8796,6.29573,-77.3451,19.6312,7,0.138,0.123,0.13
104,veh7,veh6,10,7,0.3,249.016,11.8796,7.67826,-71.187,25.7893,7,0.138,0.145,0.13
104,veh7,veh5,10,7,0.3,135.849,11.8796,5.96498,-68.8187,28.1576,7,0.138,0.138,0.13
104,veh7,veh8,10,8,0.2,127.465,11.8796,4.06205,-72.283,24.6933,8,0.138,0.142,0.13
104,veh7,veh3,10,5,0.5,661.314,11.8796,0,-78.5689,18.4074,5,0.138,0.122,0.13
104,veh7,veh4,10,5,0.5,696.096,11.8796,4.93287,-79.1522,17.8241,5,0.138,0.109,0.13
104,veh7,veh2,10,6,0.4,195.651,11.8796,0.288397,-69.5999,27.3764,6,0.138,0.14,0.13
104,veh7,veh1,10,9,0.1,436.052,11.8796,12.1972,-76.7379,20.2384,9,0.138,0.131,0.13
104,veh7,veh10,10,7,0.3,268.332,11.8796,8.47255,-72.8907,24.0856,7,0.138,0.135,0.13
104,veh6,veh11,10,3,0.7,582.428,7.67826,5.85979,-77.7479,8.2289,3,0.145,0.107,0.13
104,veh6,veh9,10,9,0.1,273.088,7.67826,6.29573,-73.2719,12.4198,9,0.145,0.123,0.13
104,veh6,veh7,10,4,0.6,249.016,7.67826,11.8796,-67.7339,14.6246,4,0.145,0.138,0.13
104,veh6,veh5,10,3,0.7,367.765,7.67826,5.96498,-72.8938,24.0824,3,0.145,0.138,0.13
104,veh6,veh8,10,3,0.7,375.424,7.67826,4.06205,-72.832,4.95467,3,0.145,0.142,0.13
104,veh6,veh3,10,6,0.4,455.219,7.67826,0,-76.1911,13.139,6,0.145,0.122,0.13
104,veh6,veh4,10,5,0.5,560.57,7.67826,4.93287,-76.5323,10.3514,5,0.145,0.109,0.13
104,veh6,veh2,10,5,0.5,351.619,7.67826,0.288397,-71.3205,10.9053,5,0.145,0.14,0.13
104,veh6,veh1,10,8,0.2,299.18,7.67826,12.1972,-73.3787,10.3416,8,0.145,0.131,0.13
104,veh6,veh10,10,5,0.5,245.193,7.67826,8.47255,-71.6973,10.4516,5,0.145,0.135,0.13
104,veh5,veh11,10,0,1,844.034,5.96498,5.85979,nan,nan,0,0.138,0.107,0.13
104,veh5,veh9,10,4,0.6,606.831,5.96498,6.29573,-75.4893,11.4603,4,0.138,0.123,0.13
104,veh5,veh7,10,7,0.3,135.849,5.96498,11.8796,-71.0446,12.9583,7,0.138,0.138,0.13
104,veh5,veh6,10,3,0.7,367.765,5.96498,7.67826,-74.2525,12.5034,3,0.138,0.145,0.13
104,veh5,veh8,10,10,0,101.063,5.96498,4.06205,-66.9089,18.4262,10,0.138,0.142,0.13
104,veh5,veh3,10,0,1,795.947,5.96498,0,nan,nan,0,0.138,0.122,0.13
104,veh5,veh4,10,0,1,829.458,5.96498,4.93287,nan,nan,0,0.138,0.109,0.13
104,veh5,veh2,10,6,0.4,276.951,5.96498,0.288397,-74.7612,12.6997,6,0.138,0.14,0.13
104,veh5,veh1,10,0,1,571.411,5.96498,12.1972,nan,nan,0,0.138,0.131,0.13
104,veh5,veh10,10,8,0.2,295.731,5.96498,8.47255,-74.2111,11.115,8,0.138,0.135,0.13
104,veh8,veh11,10,4,0.6,785.106,4.06205,5.85979,-77.6908,19.2855,4,0.142,0.107,0.13
104,veh8,veh9,10,3,0.7,636.524,4.06205,6.29573,-77.3548,19.6215,3,0.142,0.123,0.13
104,veh8,veh7,10,9,0.1,127.465,4.06205,11.8796,-68.4863,28.49,9,0.142,0.138,0.13
104,veh8,veh6,10,7,0.3,375.424,4.06205,7.67826,-74.8831,22.0932,7,0.142,0.145,0.13
104,veh8,veh5,10,10,0,101.063,4.06205,5.96498,-66.4093,30.567,10,0.142,0.138,0.13
104,veh8,veh3,10,3,0.7,767.437,4.06205,0,-78.6295,18.3467,3,0.142,0.122,0.13
104,veh8,veh4,10,2,0.8,772.951,4.06205,4.93287,-79.5252,17.4511,2,0.142,0.109,0.13
104,veh8,veh2,10,9,0.1,187.319,4.06205,0.288397,-71.8958,25.0805,9,0.142,0.14,0.13
104,veh8,veh1,10,7,0.3,526.29,4.06205,12.1972,-77.1345,19.8418,7,0.142,0.131,0.13
104,veh8,veh10,10,5,0.5,366.863,4.06205,8.47255,-75.1639,21.8124,5,0.142,0.135,0.13
104,veh3,veh11,10,10,0,269.195,0,5.85979,-72.5082,24.4681,10,0.122,0.107,0.13
104,veh3,veh9,10,8,0.2,432.331,0,6.29573,-75.2767,21.6996,8,0.122,0.123,0.13
104,veh3,veh7,10,3,0.7,661.314,0,11.8796,-77.4539,19.5224,3,0.122,0.138,0.13
104,veh3,veh6,10,5,0.5,455.219,0,7.67826,-77.3465,19.6297,5,0.122,0.145,0.13
104,veh3,veh5,10,2,0.8,795.947,0,5.96498,-78.2659,18.7104,2,0.122,0.138,0.13
104,veh3,veh8,10,5,0.5,767.437,0,4.06205,-78.4772,18.4991,5,0.122,0.142,0.13
104,veh3,veh4,10,9,0.1,242.975,0,4.93287,-73.2547,23.7216,9,0.122,0.109,0.13
104,veh3,veh2,10,9,0.1,643.871,0,0.288397,-78.7493,18.227,9,0.122,0.14,0.13
104,veh3,veh1,10,8,0.2,260.503,0,12.1972,-72.1667,24.8096,8,0.122,0.131,0.13
104,veh3,veh10,10,4,0.6,686.93,0,8.47255,-77.414,19.5623,4,0.122,0.135,0.13
104,veh4,veh11,10,10,0,27.0968,4.93287,5.85979,-53.2472,32.1592,10,0.109,0.107,0.13
104,veh4,veh9,10,1,0.9,634.572,4.93287,6.29573,-75.4912,21.4851,1,0.109,0.123,0.13
104,veh4,veh7,10,1,0.9,696.096,4.93287,11.8796,-79.6713,17.305,1,0.109,0.138,0.13
104,veh4,veh6,10,2,0.8,560.57,4.93287,7.67826,-74.8,22.1763,2,0.109,0.145,0.13
104,veh4,veh5,10,0,1,829.458,4.93287,5.96498,nan,nan,0,0.109,0.138,0.13
104,veh4,veh8,10,0,1,772.951,4.93287,4.06205,nan,nan,0,0.109,0.142,0.13
104,veh4,veh3,10,9,0.1,242.975,4.93287,0,-72.8163,9.2795,9,0.109,0.122,0.13
104,veh4,veh2,10,2,0.8,608.505,4.93287,0.288397,-76.5171,20.4592,2,0.109,0.14,0.13
104,veh4,veh1,10,8,0.2,267.263,4.93287,12.1972,-73.1627,12.712,8,0.109,0.131,0.13
104,veh4,veh10,10,0,1,805.712,4.93287,8.47255,nan,nan,0,0.109,0.135,0.13
104,veh2,veh11,10,7,0.3,617.531,0.288397,5.85979,-76.2065,20.7698,7,0.14,0.107,0.13
104,veh2,veh9,10,4,0.6,623.468,0.288397,6.29573,-78.5537,18.4226,4,0.14,0.123,0.13
104,veh2,veh7,10,9,0.1,195.651,0.288397,11.8796,-70.1661,26.8102,9,0.14,0.138,0.13
104,veh2,veh6,10,9,0.1,351.619,0.288397,7.67826,-76.3801,20.5962,9,0.14,0.145,0.13
104,veh2,veh5,10,8,0.2,276.951,0.288397,5.96498,-73.4464,23.5299,8,0.14,0.138,0.13
104,veh2,veh8,10,9,0.1,187.319,0.288397,4.06205,-70.6614,26.3149,9,0.14,0.142,0.13
104,veh2,veh3,10,6,0.4,643.871,0.288397,0,-79.5572,17.4191,6,0.14,0.122,0.13
104,veh2,veh4,10,3,0.7,608.505,0.288397,4.93287,-76.774,20.2023,3,0.14,0.109,0.13
104,veh2,veh1,10,6,0.4,386.348,0.288397,12.1972,-74.6057,22.3706,6,0.14,0.131,0.13
104,veh2,veh10,10,5,0.5,457.31,0.288397,8.47255,-75.4493,21.527,5,0.14,0.135,0.13
104,veh1,veh11,10,6,0.4,286.819,12.1972,5.85979,-74.5391,22.4372,6,0.131,0.107,0.13
104,veh1,veh9,10,7,0.3,439.973,12.1972,6.29573,-75.9459,21.0304,7,0.131,0.123,0.13
104,veh1,veh7,10,3,0.7,436.052,12.1972,11.8796,-77.9421,19.0342,3,0.131,0.138,0.13
104,veh1,veh6,10,5,0.5,299.18,12.1972,7.67826,-73.6884,23.2878,5,0.131,0.145,0.13
104,veh1,veh5,10,4,0.6,571.411,12.1972,5.96498,-77.4058,19.5705,4,0.131,0.138,0.13
104,veh1,veh8,10,4,0.6,526.29,12.1972,4.06205,-80.1189,16.8574,4,0.131,0.142,0.13
104,veh1,veh3,10,9,0.1,260.503,12.1972,0,-73.1551,23.8211,9,0.131,0.122,0.13
104,veh1,veh4,10,9,0.1,267.263,12.1972,4.93287,-73.4802,23.4961,9,0.131,0.109,0.13
104,veh1,veh2,10,6,0.4,386.348,12.1972,0.288397,-75.7027,21.2735,6,0.131,0.14,0.13
104,veh1,veh10,10,5,0.5,542.633,12.1972,8.47255,-78.6158,18.3605,5,0.131,0.135,0.13
104,veh10,veh11,10,2,0.8,827.382,8.47255,5.85979,-76.7702,20.206,2,0.135,0.107,0.13
104,veh10,veh9,10,5,0.5,363.217,8.47255,6.29573,-75.9374,21.0389,5,0.135,0.123,0.13
104,veh10,veh7,10,10,0,268.332,8.47255,11.8796,-72.7757,24.2006,10,0.135,0.138,0.13
104,veh10,veh6,10,8,0.2,245.193,8.47255,7.67826,-75.0915,21.8848,8,0.135,0.145,0.13
104,veh10,veh5,10,5,0.5,295.731,8.47255,5.96498,-76.1964,20.7799,5,0.135,0.138,0.13
104,veh10,veh8,10,9,0.1,366.863,8.47255,4.06205,-77.0049,19.9714,9,0.135,0.142,0.13
104,veh10,veh3,10,5,0.5,686.93,8.47255,0,-79.2217,17.7546,5,0.135,0.122,0.13
104,veh10,veh4,10,3,0.7,805.712,8.47255,4.93287,-79.1786,17.7977,3,0.135,0.109,0.13
104,veh10,veh2,10,8,0.2,457.31,8.47255,0.288397,-75.9966,20.9796,8,0.135,0.14,0.13
104,veh10,veh1,10,8,0.2,542.633,8.47255,12.1972,-77.544,19.4323,8,0.135,0.131,0.13
105,veh11,veh9,10,4,0.6,663.343,8.3626,6.12741,-79.4645,17.5118,4,0.115,0.128,0.131818
105,veh11,veh7,10,2,0.8,709.103,8.3626,12.2049,-78.5036,18.4727,2,0.115,0.14,0.131818
105,veh11,veh6,10,7,0.3,594.028,8.3626,8.51037,-77.0272,19.9491,7,0.115,0.143,0.131818
105,veh11,veh5,10,3,0.7,843.372,8.3626,6.58574,-79.8793,17.097,3,0.115,0.145,0.131818
105,veh11,veh8,10,7,0.3,783.941,8.3626,6.33179,-79.6151,17.3612,7,0.115,0.146,0.131818
105,veh11,veh3,10,8,0.2,275.657,8.3626,1.61257,-72.5857,24.3905,8,0.115,0.111,0.131818
105,veh11,veh4,10,10,0,30.6987,8.3626,4.75965,-56.0937,40.8826,10,0.115,0.115,0.131818
105,veh11,veh2,10,5,0.5,620.92,8.3626,0.0590577,-78.6224,18.3539,5,0.115,0.139,0.131818
105,veh11,veh1,10,7,0.3,300.733,8.3626,11.8625,-75.7746,21.2017,7,0.115,0.127,0.131818
105,veh11,veh10,10,2,0.8,829.557,8.3626,8.90573,-76.8781,20.0981,2,0.115,0.141,0.131818
105,veh9,veh11,10,5,0.5,663.343,6.12741,8.3626,-77.9453,14.0408,5,0.128,0.115,0.131818
105,veh9,veh7,10,5,0.5,511.968,6.12741,12.2049,-75.8572,21.1191,5,0.128,0.14,0.131818
105,veh9,veh6,10,6,0.4,276.484,6.12741,8.51037,-76.6785,17.2147,6,0.128,0.143,0.131818
105,veh9,veh5,10,1,0.9,599.141,6.12741,6.58574,-80.4695,16.5068,1,0.128,0.145,0.131818
105,veh9,veh8,10,6,0.4,628.31,6.12741,6.33179,-77.1273,17.1561,6,0.128,0.146,0.131818
105,veh9,veh3,10,8,0.2,428.136,6.12741,1.61257,-74.8778,16.7757,8,0.128,0.111,0.131818
105,veh9,veh4,10,5,0.5,633.216,6.12741,4.75965,-78.0572,4.8624,5,0.128,0.115,0.131818
105,veh9,veh2,10,4,0.6,619.482,6.12741,0.0590577,-75.6141,15.1922,4,0.128,0.139,0.131818
105,veh9,veh1,10,6,0.4,436.569,6.12741,11.8625,-77.2151,13.5692,6,0.128,0.127,0.131818
105,veh9,veh10,10,6,0.4,355.093,6.12741,8.90573,-75.7746,18.7107,6,0.128,0.141,0.131818
105,veh7,veh11,10,4,0.6,709.103,12.2049,8.3626,-78.5618,18.4145,4,0.14,0.115,0.131818
105,veh7,veh9,10,4,0.6,511.968,12.2049,6.12741,-78.8534,18.1228,4,0.14,0.128,0.131818
105,veh7,veh6,10,6,0.4,243.462,12.2049,8.51037,-71.4347,25.5415,6,0.14,0.143,0.131818
105,veh7,veh5,10,6,0.4,135.358,12.2049,6.58574,-72.5042,24.4721,6,0.14,0.145,0.131818
105,veh7,veh8,10,8,0.2,117.616,12.2049,6.33179,-66.8695,30.1068,8,0.14,0.146,0.131818
105,veh7,veh3,10,3,0.7,658.383,12.2049,1.61257,-75.8966,21.0797,3,0.14,0.111,0.131818
105,veh7,veh4,10,3,0.7,691.712,12.2049,4.75965,-77.1493,19.827,3,0.14,0.115,0.131818
105,veh7,veh2,10,6,0.4,183.398,12.2049,0.0590577,-69.5662,27.4101,6,0.14,0.139,0.131818
105,veh7,veh1,10,6,0.4,419.739,12.2049,11.8625,-77.5183,19.458,6,0.14,0.127,0.131818
105,veh7,veh10,10,6,0.4,283.062,12.2049,8.90573,-75.0116,21.9647,6,0.14,0.141,0.131818
105,veh6,veh11,10,5,0.5,594.028,8.51037,8.3626,-77.1644,10.9229,5,0.143,0.115,0.131818
105,veh6,veh9,10,9,0.1,276.484,8.51037,6.12741,-73.2983,14.1298,9,0.143,0.128,0.131818
105,veh6,veh7,10,5,0.5,243.462,8.51037,12.2049,-71.3792,12.3855,5,0.143,0.14,0.131818
105,veh6,veh5,10,3,0.7,352.689,8.51037,6.58574,-69.5139,27.4624,3,0.143,0.145,0.131818
105,veh6,veh8,10,2,0.8,361.055,8.51037,6.33179,-70.175,16.6369,2,0.143,0.146,0.131818
105,veh6,veh3,10,4,0.6,463.283,8.51037,1.61257,-76.6596,11.0859,4,0.143,0.111,0.131818
105,veh6,veh4,10,4,0.6,569.294,8.51037,4.75965,-78.0325,13.7627,4,0.143,0.115,0.131818
105,veh6,veh2,10,4,0.6,345.49,8.51037,0.0590577,-73.1088,10.2349,4,0.143,0.139,0.131818
105,veh6,veh1,10,8,0.2,297.759,8.51037,11.8625,-72.4607,13.0755,8,0.143,0.127,0.131818
105,veh6,veh10,10,4,0.6,235.542,8.51037,8.90573,-73.5387,8.10581,4,0.143,0.141,0.131818
105,veh5,veh11,10,0,1,843.372,6.58574,8.3626,nan,nan,0,0.145,0.115,0.131818
105,veh5,veh9,10,2,0.8,599.141,6.58574,6.12741,-77.0536,12.4184,2,0.145,0.128,0.131818
105,veh5,veh7,10,10,0,135.358,6.58574,12.2049,-71.8458,13.7756,10,0.145,0.14,0.131818
105,veh5,veh6,10,6,0.4,352.689,6.58574,8.51037,-74.5948,10.2624,6,0.145,0.143,0.131818
105,veh5,veh8,10,10,0,100.437,6.58574,6.33179,-68.2537,22.487,10,0.145,0.146,0.131818
105,veh5,veh3,10,1,0.9,789.938,6.58574,1.61257,-78.136,18.8403,1,0.145,0.111,0.131818
105,veh5,veh4,10,0,1,826.477,6.58574,4.75965,nan,nan,0,0.145,0.115,0.131818
105,veh5,veh2,10,5,0.5,273.693,6.58574,0.0590577,-72.0652,10.2489,5,0.145,0.139,0.131818
105,veh5,veh1,10,0,1,555.09,6.58574,11.8625,nan,nan,0,0.145,0.127,0.131818
105,veh5,veh10,10,8,0.2,297.93,6.58574,8.90573,-71.9651,12.5022,8,0.145,0.141,0.131818
105,veh8,veh11,10,5,0.5,783.941,6.33179,8.3626,-80.6122,16.3641,5,0.146,0.115,0.131818
105,veh8,veh9,10,5,0.5,628.31,6.33179,6.12741,-76.9626,20.0137,5,0.146,0.128,0.131818
105,veh8,veh7,10,10,0,117.616,6.33179,12.2049,-67.434,29.5423,10,0.146,0.14,0.131818
105,veh8,veh6,10,7,0.3,361.055,6.33179,8.51037,-74.533,22.4432,7,0.146,0.143,0.131818
105,veh8,veh5,10,10,0,100.437,6.33179,6.58574,-64.1681,32.8082,10,0.146,0.145,0.131818
105,veh8,veh3,10,3,0.7,761.44,6.33179,1.61257,-77.3936,19.5826,3,0.146,0.111,0.131818
105,veh8,veh4,10,4,0.6,769.738,6.33179,4.75965,-81.0017,15.9746,4,0.146,0.115,0.131818
105,veh8,veh2,10,8,0.2,183.612,6.33179,0.0590577,-68.3052,28.6711,8,0.146,0.139,0.131818
105,veh8,veh1,10,6,0.4,509.195,6.33179,11.8625,-77.2808,19.6955,6,0.146,0.127,0.131818
105,veh8,veh10,10,8,0.2,368.429,6.33179,8.90573,-77.546,19.4303,8,0.146,0.141,0.131818
105,veh3,veh11,10,10,0,275.657,1.61257,8.3626,-72.5394,24.4369,10,0.111,0.115,0.131818
105,veh3,veh9,10,8,0.2,428.136,1.61257,6.12741,-76.4768,20.4995,8,0.111,0.128,0.131818
105,veh3,veh7,10,3,0.7,658.383,1.61257,12.2049,-78.9598,18.0165,3,0.111,0.14,0.131818
105,veh3,veh6,10,6,0.4,463.283,1.61257,8.51037,-76.8795,20.0967,6,0.111,0.143,0.131818
105,veh3,veh5,10,7,0.3,789.938,1.61257,6.58574,-79.0336,17.9427,7,0.111,0.145,0.131818
105,veh3,veh8,10,5,0.5,761.44,1.61257,6.33179,-79.1745,17.8018,5,0.111,0.146,0.131818
105,veh3,veh4,10,9,0.1,245.94,1.61257,4.75965,-75.7433,21.233,9,0.111,0.115,0.131818
105,veh3,veh2,10,3,0.7,643.77,1.61257,0.0590577,-81.3887,15.5876,3,0.111,0.139,0.131818
105,veh3,veh1,10,8,0.2,272.004,1.61257,11.8625,-76.0708,20.9055,8,0.111,0.127,0.131818
105,veh3,veh10,10,4,0.6,681.024,1.61257,8.90573,-79.5684,17.4079,4,0.111,0.141,0.131818
105,veh4,veh11,10,10,0,30.6987,4.75965,8.3626,-54.2966,33.0473,10,0.115,0.115,0.131818
105,veh4,veh9,10,3,0.7,633.216,4.75965,6.12741,-76.0294,20.9469,3,0.115,0.128,0.131818
105,veh4,veh7,10,0,1,691.712,4.75965,12.2049,nan,nan,0,0.115,0.14,0.131818
105,veh4,veh6,10,1,0.9,569.294,4.75965,8.51037,-73.4166,23.5597,1,0.115,0.143,0.131818
105,veh4,veh5,10,0,1,826.477,4.75965,6.58574,nan,nan,0,0.115,0.145,0.131818
105,veh4,veh8,10,0,1,769.738,4.75965,6.33179,nan,nan,0,0.115,0.146,0.131818
105,veh4,veh3,10,9,0.1,245.94,4.75965,1.61257,-70.238,15.9287,9,0.115,0.111,0.131818
105,veh4,veh2,10,2,0.8,610.279,4.75965,0.0590577,-73.7452,23.231,2,0.115,0.139,0.131818
105,veh4,veh1,10,4,0.6,278.834,4.75965,11.8625,-71.0099,6.75851,4,0.115,0.127,0.131818
105,veh4,veh10,10,1,0.9,804.678,4.75965,8.90573,-77.7205,19.2558,1,0.115,0.141,0.131818
105,veh2,veh11,10,6,0.4,620.92,0.0590577,8.3626,-78.4134,18.5629,6,0.139,0.115,0.131818
105,veh2,veh9,10,7,0.3,619.482,0.0590577,6.12741,-77.9807,18.9956,7,0.139,0.128,0.131818
105,veh2,veh7,10,9,0.1,183.398,0.0590577,12.2049,-69.5167,27.4596,9,0.139,0.14,0.131818
105,veh2,veh6,10,5,0.5,345.49,0.0590577,8.51037,-74.3946,22.5816,5,0.139,0.143,0.131818
105,veh2,veh5,10,9,0.1,273.693,0.0590577,6.58574,-76.1891,20.7872,9,0.139,0.145,0.131818
105,veh2,veh8,10,10,0,183.612,0.0590577,6.33179,-71.2078,25.7685,10,0.139,0.146,0.131818
105,veh2,veh3,10,3,0.7,643.77,0.0590577,1.61257,-80.1011,16.8752,3,0.139,0.111,0.131818
105,veh2,veh4,10,3,0.7,610.279,0.0590577,4.75965,-79.4854,17.4908,3,0.139,0.115,0.131818
105,veh2,veh1,10,7,0.3,374.512,0.0590577,11.8625,-75.761,21.2153,7,0.139,0.127,0.131818
105,veh2,veh10,10,5,0.5,459.513,0.0590577,8.90573,-76.9347,20.0416,5,0.139,0.141,0.131818
105,veh1,veh11,10,8,0.2,300.733,11.8625,8.3626,-76.2081,20.7682,8,0.127,0.115,0.131818
105,veh1,veh9,10,9,0.1,436.569,11.8625,6.12741,-77.2747,19.7016,9,0.127,0.128,0.131818
105,veh1,veh7,10,5,0.5,419.739,11.8625,12.2049,-76.1658,20.8105,5,0.127,0.14,0.131818
105,veh1,veh6,10,7,0.3,297.759,11.8625,8.51037,-73.4672,23.5091,7,0.127,0.143,0.131818
105,veh1,veh5,10,4,0.6,555.09,11.8625,6.58574,-78.0999,18.8763,4,0.127,0.145,0.131818
105,veh1,veh8,10,5,0.5,509.195,11.8625,6.33179,-76.1254,20.8509,5,0.127,0.146,0.131818
105,veh1,veh3,10,10,0,272.004,11.8625,1.61257,-70.0179,26.9584,10,0.127,0.111,0.131818
105,veh1,veh4,10,8,0.2,278.834,11.8625,4.75965,-74.2698,22.7065,8,0.127,0.115,0.131818
105,veh1,veh2,10,6,0.4,374.512,11.8625,0.0590577,-75.0042,21.972,6,0.127,0.139,0.131818
105,veh1,veh10,10,2,0.8,532.495,11.8625,8.90573,-78.8554,18.1209,2,0.127,0.141,0.131818
105,veh10,veh11,10,6,0.4,829.557,8.90573,8.3626,-78.4301,18.5462,6,0.141,0.115,0.131818
105,veh10,veh9,10,7,0.3,355.093,8.90573,6.12741,-77.5575,19.4188,7,0.141,0.128,0.131818
105,veh10,veh7,10,8,0.2,283.062,8.90573,12.2049,-74.1049,22.8714,8,0.141,0.14,0.131818
105,veh10,veh6,10,9,0.1,235.542,8.90573,8.51037,-71.4893,25.487,9,0.141,0.143,0.131818
105,veh10,veh5,10,9,0.1,297.93,8.90573,6.58574,-74.9607,22.0156,9,0.141,0.145,0.131818
105,veh10,veh8,10,8,0.2,368.429,8.90573,6.33179,-77.7245,19.2518,8,0.141,0.146,0.131818
105,veh10,veh3,10,7,0.3,681.024,8.90573,1.61257,-79.5418,17.4345,7,0.141,0.111,0.131818
105,veh10,veh4,10,6,0.4,804.678,8.90573,4.75965,-79.3154,17.6609,6,0.141,0.115,0.131818
105,veh10,veh2,10,5,0.5,459.513,8.90573,0.0590577,-79.2953,17.681,5,0.141,0.139,0.131818
105,veh10,veh1,10,7,0.3,532.495,8.90573,11.8625,-78.6663,18.3099,7,0.141,0.127,0.131818
106,veh11,veh9,10,4,0.6,665.326,8.03846,6.02464,-79.0213,17.9549,4,0.104,0.121,0.129273
106,veh11,veh7,10,4,0.6,707.36,8.03846,10.9969,-74.6271,22.3492,4,0.104,0.15,0.129273
106,veh11,veh6,10,4,0.6,605.011,8.03846,7.85462,-76.4692,20.5071,4,0.104,0.132,0.129273
106,veh11,veh5,10,3,0.7,843.308,8.03846,5.76418,-79.1492,17.8271,3,0.104,0.148,0.129273
106,veh11,veh8,10,1,0.9,781.951,8.03846,7.26726,-81.5488,15.4275,1,0.104,0.139,0.129273
106,veh11,veh3,10,9,0.1,280.267,8.03846,3.15518,-73.3364,23.6399,9,0.104,0.119,0.129273
106,veh11,veh4,10,10,0,32.237,8.03846,6.49953,-56.4392,40.537,10,0.104,0.104,0.129273
106,veh11,veh2,10,5,0.5,624.25,8.03846,0.0147216,-77.6491,19.3272,5,0.104,0.132,0.129273
106,veh11,veh1,10,9,0.1,313.24,8.03846,9.98139,-74.7141,22.2621,9,0.104,0.128,0.129273
106,veh11,veh10,10,3,0.7,831.977,8.03846,8.24478,-80.053,16.9233,3,0.104,0.145,0.129273
106,veh9,veh11,10,3,0.7,665.326,6.02464,8.03846,-78.6317,18.3445,3,0.121,0.104,0.129273
106,veh9,veh7,10,8,0.2,514.27,6.02464,10.9969,-76.6864,20.2898,8,0.121,0.15,0.129273
106,veh9,veh6,10,7,0.3,279.735,6.02464,7.85462,-75.3362,21.64,7,0.121,0.132,0.129273
106,veh9,veh5,10,4,0.6,592.28,6.02464,5.76418,-77.2265,19.7498,4,0.121,0.148,0.129273
106,veh9,veh8,10,6,0.4,619.291,6.02464,7.26726,-78.4055,18.5708,6,0.121,0.139,0.129273
106,veh9,veh3,10,7,0.3,425.303,6.02464,3.15518,-75.9144,21.0618,7,0.121,0.119,0.129273
106,veh9,veh4,10,6,0.4,633.663,6.02464,6.49953,-78.4165,18.5598,6,0.121,0.104,0.129273
106,veh9,veh2,10,4,0.6,615.628,6.02464,0.0147216,-76.038,20.9383,4,0.121,0.132,0.129273
106,veh9,veh1,10,4,0.6,433.164,6.02464,9.98139,-77.1554,19.8209,4,0.121,0.128,0.129273
106,veh9,veh10,10,8,0.2,347.753,6.02464,8.24478,-77.202,19.7743,8,0.121,0.145,0.129273
106,veh7,veh11,10,6,0.4,707.36,10.9969,8.03846,-77.5063,19.47,6,0.15,0.104,0.129273
106,veh7,veh9,10,3,0.7,514.27,10.9969,6.02464,-80.1894,16.7869,3,0.15,0.121,0.129273
106,veh7,veh6,10,9,0.1,239.062,10.9969,7.85462,-72.0589,24.9174,9,0.15,0.132,0.129273
106,veh7,veh5,10,9,0.1,136.074,10.9969,5.76418,-67.2542,29.7221,9,0.15,0.148,0.129273
106,veh7,veh8,10,10,0,107.831,10.9969,7.26726,-64.6171,32.3592,10,0.15,0.139,0.129273
106,veh7,veh3,10,6,0.4,656.084,10.9969,3.15518,-77.5117,19.4646,6,0.15,0.119,0.129273
106,veh7,veh4,10,5,0.5,689.109,10.9969,6.49953,-78.038,18.9383,5,0.15,0.104,0.129273
106,veh7,veh2,10,9,0.1,172.394,10.9969,0.0147216,-69.5404,27.4359,9,0.15,0.132,0.129273
106,veh7,veh1,10,8,0.2,405.799,10.9969,9.98139,-76.9756,20.0007,8,0.15,0.128,0.129273
106,veh7,veh10,10,10,0,296.5,10.9969,8.24478,-73.6465,23.3298,10,0.15,0.145,0.129273
106,veh6,veh11,10,6,0.4,605.011,7.85462,8.03846,-77.687,10.0112,6,0.132,0.104,0.129273
106,veh6,veh9,10,6,0.4,279.735,7.85462,6.02464,-72.3308,15.0042,6,0.132,0.121,0.129273
106,veh6,veh7,10,8,0.2,239.062,7.85462,10.9969,-70.0595,11.0366,8,0.132,0.15,0.129273
106,veh6,veh5,10,2,0.8,339.086,7.85462,5.76418,-73.6312,9.8603,2,0.132,0.148,0.129273
106,veh6,veh8,10,1,0.9,346.456,7.85462,7.26726,-71.3486,12.0134,1,0.132,0.139,0.129273
106,veh6,veh3,10,5,0.5,471.284,7.85462,3.15518,-76.8506,11.0252,5,0.132,0.119,0.129273
106,veh6,veh4,10,5,0.5,579.044,7.85462,6.49953,-74.7732,9.4599,5,0.132,0.104,0.129273
106,veh6,veh2,10,8,0.2,339.953,7.85462,0.0147216,-74.4688,10.8134,8,0.132,0.132,0.129273
106,veh6,veh1,10,7,0.3,296.881,7.85462,9.98139,-74.1309,12.4576,7,0.132,0.128,0.129273
106,veh6,veh10,10,5,0.5,227.443,7.85462,8.24478,-73.0549,6.78872,5,0.132,0.145,0.129273
106,veh5,veh11,10,0,1,843.308,5.76418,8.03846,nan,nan,0,0.148,0.104,0.129273
106,veh5,veh9,10,5,0.5,592.28,5.76418,6.02464,-78.1661,9.97682,5,0.148,0.121,0.129273
106,veh5,veh7,10,10,0,136.074,5.76418,10.9969,-67.806,13.9414,10,0.148,0.15,0.129273
106,veh5,veh6,10,4,0.6,339.086,5.76418,7.85462,-76.703,6.32623,4,0.148,0.132,0.129273
106,veh5,veh8,10,9,0.1,99.9276,5.76418,7.26726,-64.908,20.5621,9,0.148,0.139,0.129273
106,veh5,veh3,10,1,0.9,784.891,5.76418,3.15518,-81.1519,15.8244,1,0.148,0.119,0.129273
106,veh5,veh4,10,0,1,825.179,5.76418,6.49953,nan,nan,0,0.148,0.104,0.129273
106,veh5,veh2,10,5,0.5,270.942,5.76418,0.0147216,-71.0668,12.0319,5,0.148,0.132,0.129273
106,veh5,veh1,10,2,0.8,541.242,5.76418,9.98139,-74.9163,22.06,2,0.148,0.128,0.129273
106,veh5,veh10,10,8,0.2,300.224,5.76418,8.24478,-74.7791,10.1238,8,0.148,0.145,0.129273
106,veh8,veh11,10,4,0.6,781.951,7.26726,8.03846,-79.7525,17.2237,4,0.139,0.104,0.129273
106,veh8,veh9,10,5,0.5,619.291,7.26726,6.02464,-80.0905,16.8857,5,0.139,0.121,0.129273
106,veh8,veh7,10,9,0.1,107.831,7.26726,10.9969,-68.2925,28.6838,9,0.139,0.15,0.129273
106,veh8,veh6,10,9,0.1,346.456,7.26726,7.85462,-75.4862,21.4901,9,0.139,0.132,0.129273
106,veh8,veh5,10,10,0,99.9276,7.26726,5.76418,-65.8679,31.1084,10,0.139,0.148,0.129273
106,veh8,veh3,10,1,0.9,754.504,7.26726,3.15518,-79.553,17.4233,1,0.139,0.119,0.129273
106,veh8,veh4,10,4,0.6,766.559,7.26726,6.49953,-78.3448,18.6315,4,0.139,0.104,0.129273
106,veh8,veh2,10,9,0.1,179.582,7.26726,0.0147216,-72.0591,24.9171,9,0.139,0.132,0.129273
106,veh8,veh1,10,7,0.3,493.06,7.26726,9.98139,-77.7657,19.2106,7,0.139,0.128,0.129273
106,veh8,veh10,10,8,0.2,369.03,7.26726,8.24478,-77.6125,19.3638,8,0.139,0.145,0.129273
106,veh3,veh11,10,7,0.3,280.267,3.15518,8.03846,-72.9992,23.977,7,0.119,0.104,0.129273
106,veh3,veh9,10,8,0.2,425.303,3.15518,6.02464,-75.5117,21.4646,8,0.119,0.121,0.129273
106,veh3,veh7,10,6,0.4,656.084,3.15518,10.9969,-79.3365,17.6398,6,0.119,0.15,0.129273
106,veh3,veh6,10,7,0.3,471.284,3.15518,7.85462,-77.7016,19.2747,7,0.119,0.132,0.129273
106,veh3,veh5,10,5,0.5,784.891,3.15518,5.76418,-78.383,18.5933,5,0.119,0.148,0.129273
106,veh3,veh8,10,5,0.5,754.504,3.15518,7.26726,-78.7247,18.2516,5,0.119,0.139,0.129273
106,veh3,veh4,10,7,0.3,249.046,3.15518,6.49953,-74.0185,22.9578,7,0.119,0.104,0.129273
106,veh3,veh2,10,5,0.5,643.33,3.15518,0.0147216,-78.3673,18.609,5,0.119,0.132,0.129273
106,veh3,veh1,10,10,0,281.172,3.15518,9.98139,-75.0659,21.9104,10,0.119,0.128,0.129273
106,veh3,veh10,10,5,0.5,676.427,3.15518,8.24478,-78.7247,18.2516,5,0.119,0.145,0.129273
106,veh4,veh11,10,10,0,32.237,6.49953,8.03846,-56.9933,29.115,10,0.104,0.104,0.129273
106,veh4,veh9,10,1,0.9,633.663,6.49953,6.02464,-80.759,16.2173,1,0.104,0.121,0.129273
106,veh4,veh7,10,0,1,689.109,6.49953,10.9969,nan,nan,0,0.104,0.15,0.129273
106,veh4,veh6,10,3,0.7,579.044,6.49953,7.85462,-73.2027,23.7736,3,0.104,0.132,0.129273
106,veh4,veh5,10,0,1,825.179,6.49953,5.76418,nan,nan,0,0.104,0.148,0.129273
106,veh4,veh8,10,0,1,766.559,6.49953,7.26726,nan,nan,0,0.104,0.139,0.129273
106,veh4,veh3,10,6,0.4,249.046,6.49953,3.15518,-69.0146,16.1339,6,0.104,0.119,0.129273
106,veh4,veh2,10,2,0.8,612.63,6.49953,0.0147216,-79.9486,17.0277,2,0.104,0.132,0.129273
106,veh4,veh1,10,5,0.5,290.352,6.49953,9.98139,-71.4575,15.0279,5,0.104,0.128,0.129273
106,veh4,veh10,10,1,0.9,805.53,6.49953,8.24478,-78.584,18.3923,1,0.104,0.145,0.129273
106,veh2,veh11,10,4,0.6,624.25,0.0147216,8.03846,-76.2501,20.7262,4,0.132,0.104,0.129273
106,veh2,veh9,10,3,0.7,615.628,0.0147216,6.02464,-78.2836,18.6926,3,0.132,0.121,0.129273
106,veh2,veh7,10,10,0,172.394,0.0147216,10.9969,-71.9475,25.0288,10,0.132,0.15,0.129273
106,veh2,veh6,10,9,0.1,339.953,0.0147216,7.85462,-75.641,21.3352,9,0.132,0.132,0.129273
106,veh2,veh5,10,9,0.1,270.942,0.0147216,5.76418,-72.1794,24.7969,9,0.132,0.148,0.129273
106,veh2,veh8,10,8,0.2,179.582,0.0147216,7.26726,-70.7821,26.1942,8,0.132,0.139,0.129273
106,veh2,veh3,10,6,0.4,643.33,0.0147216,3.15518,-76.8936,20.0827,6,0.132,0.119,0.129273
106,veh2,veh4,10,4,0.6,612.63,0.0147216,6.49953,-76.2899,20.6864,4,0.132,0.104,0.129273
106,veh2,veh1,10,8,0.2,364.554,0.0147216,9.98139,-75.5196,21.4567,8,0.132,0.128,0.129273
106,veh2,veh10,10,6,0.4,461.734,0.0147216,8.24478,-76.7735,20.2028,6,0.132,0.145,0.129273
106,veh1,veh11,10,8,0.2,313.24,9.98139,8.03846,-74.9042,22.0721,8,0.128,0.104,0.129273
106,veh1,veh9,10,3,0.7,433.164,9.98139,6.02464,-76.5592,20.417,3,0.128,0.121,0.129273
106,veh1,veh7,10,6,0.4,405.799,9.98139,10.9969,-76.3489,20.6274,6,0.128,0.15,0.129273
106,veh1,veh6,10,8,0.2,296.881,9.98139,7.85462,-73.4013,23.575,8,0.128,0.132,0.129273
106,veh1,veh5,10,5,0.5,541.242,9.98139,5.76418,-75.7337,21.2426,5,0.128,0.148,0.129273
106,veh1,veh8,10,1,0.9,493.06,9.98139,7.26726,-78.6028,18.3735,1,0.128,0.139,0.129273
106,veh1,veh3,10,8,0.2,281.172,9.98139,3.15518,-75.4672,21.5091,8,0.128,0.119,0.129273
106,veh1,veh4,10,8,0.2,290.352,9.98139,6.49953,-74.0877,22.8885,8,0.128,0.104,0.129273
106,veh1,veh2,10,5,0.5,364.554,9.98139,0.0147216,-74.268,22.7083,5,0.128,0.132,0.129273
106,veh1,veh10,10,5,0.5,524.114,9.98139,8.24478,-76.8373,20.139,5,0.128,0.145,0.129273
106,veh10,veh11,10,6,0.4,831.977,8.24478,8.03846,-77.8508,19.1255,6,0.145,0.104,0.129273
106,veh10,veh9,10,8,0.2,347.753,8.24478,6.02464,-73.8839,23.0924,8,0.145,0.121,0.129273
106,veh10,veh7,10,6,0.4,296.5,8.24478,10.9969,-75.8561,21.1202,6,0.145,0.15,0.129273
106,veh10,veh6,10,7,0.3,227.443,8.24478,7.85462,-71.9224,25.0538,7,0.145,0.132,0.129273
106,veh10,veh5,10,8,0.2,300.224,8.24478,5.76418,-74.5556,22.4207,8,0.145,0.148,0.129273
106,veh10,veh8,10,7,0.3,369.03,8.24478,7.26726,-78.3382,18.6381,7,0.145,0.139,0.129273
106,veh10,veh3,10,4,0.6,676.427,8.24478,3.15518,-78.1214,18.8549,4,0.145,0.119,0.129273
106,veh10,veh4,10,2,0.8,805.53,8.24478,6.49953,-76.9324,20.0439,2,0.145,0.104,0.129273
106,veh10,veh2,10,7,0.3,461.734,8.24478,0.0147216,-74.1961,22.7802,7,0.145,0.132,0.129273
106,veh10,veh1,10,8,0.2,524.114,8.24478,9.98139,-77.702,19.2743,8,0.145,0.128,0.129273
107,veh11,veh9,10,3,0.7,666.364,7.93281,6.87389,-77.0448,19.9314,3,0.11,0.132,0.129727
107,veh11,veh7,10,5,0.5,707.835,7.93281,7.21343,-78.1844,18.7919,5,0.11,0.138,0.129727
107,veh11,veh6,10,4,0.6,616.009,7.93281,8.02906,-78.584,18.3923,4,0.11,0.135,0.129727
107,veh11,veh5,10,2,0.8,842.931,7.93281,5.76343,-76.7711,20.2052,2,0.11,0.141,0.129727
107,veh11,veh8,10,4,0.6,779.829,7.93281,7.53134,-79.679,17.2972,4,0.11,0.147,0.129727
107,veh11,veh3,10,6,0.4,283.405,7.93281,4.55764,-70.5303,26.446,6,0.11,0.112,0.129727
107,veh11,veh4,10,10,0,32.425,7.93281,7.88859,-54.1286,42.8476,10,0.11,0.104,0.129727
107,veh11,veh2,10,6,0.4,627.62,7.93281,0.012752,-78.2854,18.6909,6,0.11,0.138,0.129727
107,veh11,veh1,10,9,0.1,323.156,7.93281,6.04616,-76.5536,20.4226,9,0.11,0.128,0.129727
107,veh11,veh10,10,2,0.8,834.23,7.93281,8.69116,-78.5187,18.4576,2,0.11,0.142,0.129727
107,veh9,veh11,10,4,0.6,666.364,6.87389,7.93281,-77.7752,14.3693,4,0.132,0.11,0.129727
107,veh9,veh7,10,6,0.4,514.532,6.87389,7.21343,-77.2841,19.6922,6,0.132,0.138,0.129727
107,veh9,veh6,10,8,0.2,283.02,6.87389,8.02906,-71.7788,22.0374,8,0.132,0.135,0.129727
107,veh9,veh5,10,4,0.6,585.536,6.87389,5.76343,-77.9404,19.0359,4,0.132,0.141,0.129727
107,veh9,veh8,10,5,0.5,609.719,6.87389,7.53134,-77.6834,19.2929,5,0.132,0.147,0.129727
107,veh9,veh3,10,4,0.6,422.775,6.87389,4.55764,-74.1702,16.3742,4,0.132,0.112,0.129727
107,veh9,veh4,10,4,0.6,634.425,6.87389,7.88859,-76.3387,20.6376,4,0.132,0.104,0.129727
107,veh9,veh2,10,3,0.7,611.275,6.87389,0.012752,-74.7608,22.2155,3,0.132,0.138,0.129727
107,veh9,veh1,10,6,0.4,428.141,6.87389,6.04616,-77.428,16.4393,6,0.132,0.128,0.129727
107,veh9,veh10,10,8,0.2,340.262,6.87389,8.69116,-73.6059,22.0272,8,0.132,0.142,0.129727
107,veh7,veh11,10,3,0.7,707.835,7.21343,7.93281,-79.6237,17.3526,3,0.138,0.11,0.129727
107,veh7,veh9,10,5,0.5,514.532,7.21343,6.87389,-77.741,19.2353,5,0.138,0.132,0.129727
107,veh7,veh6,10,8,0.2,233.816,7.21343,8.02906,-70.2789,26.6973,8,0.138,0.135,0.129727
107,veh7,veh5,10,10,0,135.104,7.21343,5.76343,-67.3724,29.6039,10,0.138,0.141,0.129727
107,veh7,veh8,10,8,0.2,99.1224,7.21343,7.53134,-67.1764,29.7999,8,0.138,0.147,0.129727
107,veh7,veh3,10,4,0.6,654.735,7.21343,4.55764,-79.4983,17.4779,4,0.138,0.112,0.129727
107,veh7,veh4,10,6,0.4,689.059,7.21343,7.88859,-79.225,17.7513,6,0.138,0.104,0.129727
107,veh7,veh2,10,8,0.2,165.174,7.21343,0.012752,-70.4774,26.4989,8,0.138,0.138,0.129727
107,veh7,veh1,10,6,0.4,397.108,7.21343,6.04616,-75.3908,21.5855,6,0.138,0.128,0.129727
107,veh7,veh10,10,7,0.3,306.689,7.21343,8.69116,-75.4683,21.508,7,0.138,0.142,0.129727
107,veh6,veh11,10,4,0.6,616.009,8.02906,7.93281,-78.6934,8.41921,4,0.135,0.11,0.129727
107,veh6,veh9,10,6,0.4,283.02,8.02906,6.87389,-68.946,15.8802,6,0.135,0.132,0.129727
107,veh6,veh7,10,6,0.4,233.816,8.02906,7.21343,-70.245,10.07,6,0.135,0.138,0.129727
107,veh6,veh5,10,1,0.9,325.414,8.02906,5.76343,-69.9943,4.07691,1,0.135,0.141,0.129727
107,veh6,veh8,10,3,0.7,331.485,8.02906,7.53134,-71.9003,11.8961,3,0.135,0.147,0.129727
107,veh6,veh3,10,6,0.4,479.813,8.02906,4.55764,-77.0948,10.2324,6,0.135,0.112,0.129727
107,veh6,veh4,10,5,0.5,589.673,8.02906,7.88859,-76.4559,9.31549,5,0.135,0.104,0.129727
107,veh6,veh2,10,5,0.5,334.39,8.02906,0.012752,-74.5524,7.50965,5,0.135,0.138,0.129727
107,veh6,veh1,10,6,0.4,297.751,8.02906,6.04616,-72.8135,12.7801,6,0.135,0.128,0.129727
107,veh6,veh10,10,4,0.6,219.965,8.02906,8.69116,-68.2879,15.8734,4,0.135,0.142,0.129727
107,veh5,veh11,10,0,1,842.931,5.76343,7.93281,nan,nan,0,0.141,0.11,0.129727
107,veh5,veh9,10,2,0.8,585.536,5.76343,6.87389,-80.2263,8.11554,2,0.141,0.132,0.129727
107,veh5,veh7,10,9,0.1,135.104,5.76343,7.21343,-67.4834,14.1394,9,0.141,0.138,0.129727
107,veh5,veh6,10,4,0.6,325.414,5.76343,8.02906,-72.4115,7.70306,4,0.141,0.135,0.129727
107,veh5,veh8,10,9,0.1,98.7533,5.76343,7.53134,-65.161,20.5642,9,0.141,0.147,0.129727
107,veh5,veh3,10,0,1,779.848,5.76343,4.55764,nan,nan,0,0.141,0.112,0.129727
107,veh5,veh4,10,0,1,824.021,5.76343,7.88859,nan,nan,0,0.141,0.104,0.129727
107,veh5,veh2,10,8,0.2,267.659,5.76343,0.012752,-72.7062,10.9972,8,0.141,0.138,0.129727
107,veh5,veh1,10,1,0.9,530.581,5.76343,6.04616,-79.401,17.5753,1,0.141,0.128,0.129727
107,veh5,veh10,10,4,0.6,303.42,5.76343,8.69116,-76.4431,14.3905,4,0.141,0.142,0.129727
107,veh8,veh11,10,4,0.6,779.829,7.53134,7.93281,-79.8289,17.1474,4,0.147,0.11,0.129727
107,veh8,veh9,10,6,0.4,609.719,7.53134,6.87389,-76.4097,20.5666,6,0.147,0.132,0.129727
107,veh8,veh7,10,9,0.1,99.1224,7.53134,7.21343,-68.2323,28.744,9,0.147,0.138,0.129727
107,veh8,veh6,10,8,0.2,331.485,7.53134,8.02906,-76.2825,20.6938,8,0.147,0.135,0.129727
107,veh8,veh5,10,9,0.1,98.7533,7.53134,5.76343,-66.8374,30.1389,9,0.147,0.141,0.129727
107,veh8,veh3,10,5,0.5,747.265,7.53134,4.55764,-78.7612,18.2151,5,0.147,0.112,0.129727
107,veh8,veh4,10,1,0.9,763.533,7.53134,7.88859,-76.9119,20.0643,1,0.147,0.104,0.129727
107,veh8,veh2,10,9,0.1,175.624,7.53134,0.012752,-74.1407,22.8356,9,0.147,0.138,0.129727
107,veh8,veh1,10,5,0.5,480.411,7.53134,6.04616,-75.2984,21.6779,5,0.147,0.128,0.129727
107,veh8,veh10,10,8,0.2,369.749,7.53134,8.69116,-76.5252,20.4511,8,0.147,0.142,0.129727
107,veh3,veh11,10,9,0.1,283.405,4.55764,7.93281,-74.5641,22.4122,9,0.112,0.11,0.129727
107,veh3,veh9,10,7,0.3,422.775,4.55764,6.87389,-77.3722,19.6041,7,0.112,0.132,0.129727
107,veh3,veh7,10,5,0.5,654.735,4.55764,7.21343,-77.9504,19.0259,5,0.112,0.138,0.129727
107,veh3,veh6,10,6,0.4,479.813,4.55764,8.02906,-74.1037,22.8726,6,0.112,0.135,0.129727
107,veh3,veh5,10,6,0.4,779.848,4.55764,5.76343,-78.9299,18.0464,6,0.112,0.141,0.129727
107,veh3,veh8,10,5,0.5,747.265,4.55764,7.53134,-79.5354,17.4409,5,0.112,0.147,0.129727
107,veh3,veh4,10,9,0.1,252.08,4.55764,7.88859,-74.4524,22.5239,9,0.112,0.104,0.129727
107,veh3,veh2,10,2,0.8,642.556,4.55764,0.012752,-78.3327,18.6436,2,0.112,0.138,0.129727
107,veh3,veh1,10,9,0.1,286.011,4.55764,6.04616,-74.6963,22.28,9,0.112,0.128,0.129727
107,veh3,veh10,10,6,0.4,672.206,4.55764,8.69116,-78.707,18.2692,6,0.112,0.142,0.129727
107,veh4,veh11,10,10,0,32.425,7.88859,7.93281,-55.865,25.6234,10,0.104,0.11,0.129727
107,veh4,veh9,10,4,0.6,634.425,7.88859,6.87389,-76.796,20.1803,4,0.104,0.132,0.129727
107,veh4,veh7,10,0,1,689.059,7.88859,7.21343,nan,nan,0,0.104,0.138,0.129727
107,veh4,veh6,10,3,0.7,589.673,7.88859,8.02906,-78.2336,18.7427,3,0.104,0.135,0.129727
107,veh4,veh5,10,0,1,824.021,7.88859,5.76343,nan,nan,0,0.104,0.141,0.129727
107,veh4,veh8,10,1,0.9,763.533,7.88859,7.53134,-80.2255,16.7508,1,0.104,0.147,0.129727
107,veh4,veh3,10,7,0.3,252.08,7.88859,4.55764,-73.9261,14.2844,7,0.104,0.112,0.129727
107,veh4,veh2,10,1,0.9,615.132,7.88859,0.012752,-79.6859,17.2904,1,0.104,0.138,0.129727
107,veh4,veh1,10,8,0.2,299.727,7.88859,6.04616,-72.3356,12.0451,8,0.104,0.128,0.129727
107,veh4,veh10,10,0,1,807.099,7.88859,8.69116,nan,nan,0,0.104,0.142,0.129727
107,veh2,veh11,10,4,0.6,627.62,0.012752,7.93281,-79.3776,17.5987,4,0.138,0.11,0.129727
107,veh2,veh9,10,3,0.7,611.275,0.012752,6.87389,-79.0322,17.9441,3,0.138,0.132,0.129727
107,veh2,veh7,10,9,0.1,165.174,0.012752,7.21343,-71.7479,25.2283,9,0.138,0.138,0.129727
107,veh2,veh6,10,8,0.2,334.39,0.012752,8.02906,-75.9605,21.0158,8,0.138,0.135,0.129727
107,veh2,veh5,10,10,0,267.659,0.012752,5.76343,-71.2224,25.7539,10,0.138,0.141,0.129727
107,veh2,veh8,10,10,0,175.624,0.012752,7.53134,-70.906,26.0703,10,0.138,0.147,0.129727
107,veh2,veh3,10,4,0.6,642.556,0.012752,4.55764,-80.0059,16.9704,4,0.138,0.112,0.129727
107,veh2,veh4,10,6,0.4,615.132,0.012752,7.88859,-78.525,18.4513,6,0.138,0.104,0.129727
107,veh2,veh1,10,8,0.2,358.522,0.012752,6.04616,-74.9847,21.9916,8,0.138,0.128,0.129727
107,veh2,veh10,10,6,0.4,464.226,0.012752,8.69116,-75.9169,21.0594,6,0.138,0.142,0.129727
107,veh1,veh11,10,7,0.3,323.156,6.04616,7.93281,-76.2593,20.717,7,0.128,0.11,0.129727
107,veh1,veh9,10,7,0.3,428.141,6.04616,6.87389,-79.2137,17.7626,7,0.128,0.132,0.129727
107,veh1,veh7,10,7,0.3,397.108,6.04616,7.21343,-76.9412,20.0351,7,0.128,0.138,0.129727
107,veh1,veh6,10,6,0.4,297.751,6.04616,8.02906,-73.934,23.0423,6,0.128,0.135,0.129727
107,veh1,veh5,10,5,0.5,530.581,6.04616,5.76343,-77.7102,19.2661,5,0.128,0.141,0.129727
107,veh1,veh8,10,3,0.7,480.411,6.04616,7.53134,-78.3904,18.5859,3,0.128,0.147,0.129727
107,veh1,veh3,10,6,0.4,286.011,6.04616,4.55764,-72.4303,24.5459,6,0.128,0.112,0.129727
107,veh1,veh4,10,10,0,299.727,6.04616,7.88859,-72.8156,24.1607,10,0.128,0.104,0.129727
107,veh1,veh2,10,5,0.5,358.522,6.04616,0.012752,-78.2861,18.6902,5,0.128,0.138,0.129727
107,veh1,veh10,10,3,0.7,517.701,6.04616,8.69116,-78.9419,18.0344,3,0.128,0.142,0.129727
107,veh10,veh11,10,4,0.6,834.23,8.69116,7.93281,-78.6146,18.3617,4,0.142,0.11,0.129727
107,veh10,veh9,10,7,0.3,340.262,8.69116,6.87389,-71.6364,25.3399,7,0.142,0.132,0.129727
107,veh10,veh7,10,8,0.2,306.689,8.69116,7.21343,-72.7706,24.2057,8,0.142,0.138,0.129727
107,veh10,veh6,10,8,0.2,219.965,8.69116,8.02906,-73.9693,23.007,8,0.142,0.135,0.129727
107,veh10,veh5,10,9,0.1,303.42,8.69116,5.76343,-74.682,22.2942,9,0.142,0.141,0.129727
107,veh10,veh8,10,8,0.2,369.749,8.69116,7.53134,-73.8034,23.1729,8,0.142,0.147,0.129727
107,veh10,veh3,10,6,0.4,672.206,8.69116,4.55764,-79.0654,17.9109,6,0.142,0.112,0.129727
107,veh10,veh4,10,4,0.6,807.099,8.69116,7.88859,-79.0853,17.891,4,0.142,0.104,0.129727
107,veh10,veh2,10,4,0.6,464.226,8.69116,0.012752,-78.8749,18.1014,4,0.142,0.138,0.129727
107,veh10,veh1,10,5,0.5,517.701,8.69116,6.04616,-79.0926,17.8837,5,0.142,0.128,0.129727
108,veh11,veh9,10,5,0.5,663.056,4.53047,6.8201,-79.1736,17.8027,5,0.11,0.127,0.129818
108,veh11,veh7,10,7,0.3,710.093,4.53047,3.13892,-80.5716,16.4047,7,0.11,0.141,0.129818
108,veh11,veh6,10,7,0.3,622.629,4.53047,4.4901,-77.7493,19.2269,7,0.11,0.137,0.129818
108,veh11,veh5,10,2,0.8,841.36,4.53047,6.30364,-81.3541,15.6222,2,0.11,0.147,0.129818
108,veh11,veh8,10,3,0.7,778.293,4.53047,6.71901,-79.7445,17.2318,3,0.11,0.144,0.129818
108,veh11,veh3,10,9,0.1,279.354,4.53047,6.59978,-74.5052,22.471,9,0.11,0.119,0.129818
108,veh11,veh4,10,10,0,27.6862,4.53047,8.03495,-54.5722,42.4041,10,0.11,0.107,0.129818
108,veh11,veh2,10,4,0.6,631.563,4.53047,0.00130254,-78.8808,18.0955,4,0.11,0.132,0.129818
108,veh11,veh1,10,8,0.2,328.364,4.53047,1.54616,-75.2628,21.7135,8,0.11,0.126,0.129818
108,veh11,veh10,10,4,0.6,834.312,4.53047,7.92722,-77.7239,19.2523,4,0.11,0.138,0.129818
108,veh9,veh11,10,5,0.5,663.056,6.8201,4.53047,-77.7691,16.1079,5,0.127,0.11,0.129818
108,veh9,veh7,10,6,0.4,513.017,6.8201,3.13892,-78.6928,18.2835,6,0.127,0.141,0.129818
108,veh9,veh6,10,9,0.1,283.581,6.8201,4.4901,-72.4504,16.247,9,0.127,0.137,0.129818
108,veh9,veh5,10,5,0.5,578.415,6.8201,6.30364,-77.2644,19.7118,5,0.127,0.147,0.129818
108,veh9,veh8,10,7,0.3,600.944,6.8201,6.71901,-77.4393,16.5792,7,0.127,0.144,0.129818
108,veh9,veh3,10,7,0.3,420.21,6.8201,6.59978,-75.3958,15.6555,7,0.127,0.119,0.129818
108,veh9,veh4,10,7,0.3,635.399,6.8201,8.03495,-78.4716,12.088,7,0.127,0.107,0.129818
108,veh9,veh2,10,6,0.4,607.011,6.8201,0.00130254,-78.4915,16.2417,6,0.127,0.132,0.129818
108,veh9,veh1,10,6,0.4,422.019,6.8201,1.54616,-75.3373,18.4827,6,0.127,0.126,0.129818
108,veh9,veh10,10,9,0.1,333.71,6.8201,7.92722,-74.5812,16.9494,9,0.127,0.138,0.129818
108,veh7,veh11,10,3,0.7,710.093,3.13892,4.53047,-80.717,16.2593,3,0.141,0.11,0.129818
108,veh7,veh9,10,4,0.6,513.017,3.13892,6.8201,-77.3146,19.6617,4,0.141,0.127,0.129818
108,veh7,veh6,10,7,0.3,230.712,3.13892,4.4901,-73.8005,23.1758,7,0.141,0.137,0.129818
108,veh7,veh5,10,9,0.1,131.427,3.13892,6.30364,-69.5212,27.4551,9,0.141,0.147,0.129818
108,veh7,veh8,10,7,0.3,92.0363,3.13892,6.71901,-67.2635,29.7127,7,0.141,0.144,0.129818
108,veh7,veh3,10,4,0.6,652.035,3.13892,6.59978,-77.6173,19.359,4,0.141,0.119,0.129818
108,veh7,veh4,10,2,0.8,691.24,3.13892,8.03495,-76.7045,20.2718,2,0.141,0.107,0.129818
108,veh7,veh2,10,8,0.2,162.037,3.13892,0.00130254,-70.9648,26.0115,8,0.141,0.132,0.129818
108,veh7,veh1,10,6,0.4,394.28,3.13892,1.54616,-74.8826,22.0937,6,0.141,0.126,0.129818
108,veh7,veh10,10,5,0.5,312.932,3.13892,7.92722,-76.4003,20.576,5,0.141,0.138,0.129818
108,veh6,veh11,10,4,0.6,622.629,4.4901,4.53047,-75.3354,15.4101,4,0.137,0.11,0.129818
108,veh6,veh9,10,2,0.8,283.581,4.4901,6.8201,-76.7392,4.94916,2,0.137,0.127,0.129818
108,veh6,veh7,10,8,0.2,230.712,4.4901,3.13892,-69.939,10.3375,8,0.137,0.141,0.129818
108,veh6,veh5,10,3,0.7,314.791,4.4901,6.30364,-74.7081,10.8057,3,0.137,0.147,0.129818
108,veh6,veh8,10,3,0.7,320.741,4.4901,6.71901,-71.5647,11.8489,3,0.137,0.144,0.129818
108,veh6,veh3,10,9,0.1,483.538,4.4901,6.59978,-75.8791,12.1223,9,0.137,0.119,0.129818
108,veh6,veh4,10,4,0.6,598.273,4.4901,8.03495,-79.0186,10.2165,4,0.137,0.107,0.129818
108,veh6,veh2,10,6,0.4,331.328,4.4901,0.00130254,-75.183,5.66291,6,0.137,0.132,0.129818
108,veh6,veh1,10,9,0.1,299.036,4.4901,1.54616,-72.9096,13.413,9,0.137,0.126,0.129818
108,veh6,veh10,10,6,0.4,215.087,4.4901,7.92722,-69.618,13.8233,6,0.137,0.138,0.129818
108,veh5,veh11,10,0,1,841.36,6.30364,4.53047,nan,nan,0,0.147,0.11,0.129818
108,veh5,veh9,10,3,0.7,578.415,6.30364,6.8201,-77.1596,9.81702,3,0.147,0.127,0.129818
108,veh5,veh7,10,7,0.3,131.427,6.30364,3.13892,-70.5718,13.9693,7,0.147,0.141,0.129818
108,veh5,veh6,10,7,0.3,314.791,6.30364,4.4901,-73.0985,9.44628,7,0.147,0.137,0.129818
108,veh5,veh8,10,8,0.2,97.2754,6.30364,6.71901,-68.0147,16.2867,8,0.147,0.144,0.129818
108,veh5,veh3,10,0,1,772.101,6.30364,6.59978,nan,nan,0,0.147,0.119,0.129818
108,veh5,veh4,10,0,1,822.288,6.30364,8.03495,nan,nan,0,0.147,0.107,0.129818
108,veh5,veh2,10,9,0.1,264.068,6.30364,0.00130254,-72.0054,12.6849,9,0.147,0.132,0.129818
108,veh5,veh1,10,2,0.8,523.24,6.30364,1.54616,-77.1362,19.8401,2,0.147,0.126,0.129818
108,veh5,veh10,10,5,0.5,305.811,6.30364,7.92722,-73.254,11.9597,5,0.147,0.138,0.129818
108,veh8,veh11,10,7,0.3,778.293,6.71901,4.53047,-79.1044,17.8719,7,0.144,0.11,0.129818
108,veh8,veh9,10,5,0.5,600.944,6.71901,6.8201,-78.3871,18.5892,5,0.144,0.127,0.129818
108,veh8,veh7,10,10,0,92.0363,6.71901,3.13892,-65.0065,31.9698,10,0.144,0.141,0.129818
108,veh8,veh6,10,5,0.5,320.741,6.71901,4.4901,-72.41,24.5663,5,0.144,0.137,0.129818
108,veh8,veh5,10,10,0,97.2754,6.71901,6.30364,-64.615,32.3612,10,0.144,0.147,0.129818
108,veh8,veh3,10,3,0.7,738.462,6.71901,6.59978,-80.8582,16.118,3,0.144,0.119,0.129818
108,veh8,veh4,10,6,0.4,761.181,6.71901,8.03495,-77.3267,19.6496,6,0.144,0.107,0.129818
108,veh8,veh2,10,9,0.1,172.29,6.71901,0.00130254,-68.0211,28.9552,9,0.144,0.132,0.129818
108,veh8,veh1,10,6,0.4,472.727,6.71901,1.54616,-76.3622,20.6141,6,0.144,0.126,0.129818
108,veh8,veh10,10,5,0.5,370.512,6.71901,7.92722,-74.2823,22.694,5,0.144,0.138,0.129818
108,veh3,veh11,10,8,0.2,279.354,6.59978,4.53047,-70.9428,26.0335,8,0.119,0.11,0.129818
108,veh3,veh9,10,10,0,420.21,6.59978,6.8201,-75.0723,21.9039,10,0.119,0.127,0.129818
108,veh3,veh7,10,4,0.6,652.035,6.59978,3.13892,-78.181,18.7953,4,0.119,0.141,0.129818
108,veh3,veh6,10,9,0.1,483.538,6.59978,4.4901,-76.039,20.9373,9,0.119,0.137,0.129818
108,veh3,veh5,10,4,0.6,772.101,6.59978,6.30364,-78.8043,18.172,4,0.119,0.147,0.129818
108,veh3,veh8,10,1,0.9,738.462,6.59978,6.71901,-79.6738,17.3025,1,0.119,0.144,0.129818
108,veh3,veh4,10,8,0.2,253.591,6.59978,8.03495,-71.5998,25.3765,8,0.119,0.107,0.129818
108,veh3,veh2,10,4,0.6,639.129,6.59978,0.00130254,-79.3329,17.6434,4,0.119,0.132,0.129818
108,veh3,veh1,10,9,0.1,283.679,6.59978,1.54616,-71.258,25.7183,9,0.119,0.126,0.129818
108,veh3,veh10,10,5,0.5,667.415,6.59978,7.92722,-78.8586,18.1177,5,0.119,0.138,0.129818
108,veh4,veh11,10,10,0,27.6862,8.03495,4.53047,-54.1643,28.4161,10,0.107,0.11,0.129818
108,veh4,veh9,10,2,0.8,635.399,8.03495,6.8201,-77.0531,19.9232,2,0.107,0.127,0.129818
108,veh4,veh7,10,1,0.9,691.24,8.03495,3.13892,-77.4895,19.4868,1,0.107,0.141,0.129818
108,veh4,veh6,10,0,1,598.273,8.03495,4.4901,nan,nan,0,0.107,0.137,0.129818
108,veh4,veh5,10,0,1,822.288,8.03495,6.30364,nan,nan,0,0.107,0.147,0.129818
108,veh4,veh8,10,1,0.9,761.181,8.03495,6.71901,-79.434,17.5423,1,0.107,0.144,0.129818
108,veh4,veh3,10,6,0.4,253.591,8.03495,6.59978,-71.9263,10.7038,6,0.107,0.119,0.129818
108,veh4,veh2,10,0,1,617.509,8.03495,0.00130254,nan,nan,0,0.107,0.132,0.129818
108,veh4,veh1,10,5,0.5,305.957,8.03495,1.54616,-74.9537,10.2534,5,0.107,0.126,0.129818
108,veh4,veh10,10,2,0.8,809.251,8.03495,7.92722,-77.903,19.0733,2,0.107,0.138,0.129818
108,veh2,veh11,10,5,0.5,631.563,0.00130254,4.53047,-76.8509,20.1254,5,0.132,0.11,0.129818
108,veh2,veh9,10,4,0.6,607.011,0.00130254,6.8201,-77.7777,19.1986,4,0.132,0.127,0.129818
108,veh2,veh7,10,10,0,162.037,0.00130254,3.13892,-70.867,26.1093,10,0.132,0.141,0.129818
108,veh2,veh6,10,7,0.3,331.328,0.00130254,4.4901,-75.9343,21.0419,7,0.132,0.137,0.129818
108,veh2,veh5,10,8,0.2,264.068,0.00130254,6.30364,-72.6905,24.2858,8,0.132,0.147,0.129818
108,veh2,veh8,10,9,0.1,172.29,0.00130254,6.71901,-70.5526,26.4237,9,0.132,0.144,0.129818
108,veh2,veh3,10,5,0.5,639.129,0.00130254,6.59978,-78.0809,18.8954,5,0.132,0.119,0.129818
108,veh2,veh4,10,4,0.6,617.509,0.00130254,8.03495,-77.7254,19.2509,4,0.132,0.107,0.129818
108,veh2,veh1,10,9,0.1,356.98,0.00130254,1.54616,-73.6291,23.3472,9,0.132,0.126,0.129818
108,veh2,veh10,10,5,0.5,466.637,0.00130254,7.92722,-77.4109,19.5654,5,0.132,0.138,0.129818
108,veh1,veh11,10,8,0.2,328.364,1.54616,4.53047,-74.2228,22.7534,8,0.126,0.11,0.129818
108,veh1,veh9,10,5,0.5,422.019,1.54616,6.8201,-77.5815,19.3948,5,0.126,0.127,0.129818
108,veh1,veh7,10,4,0.6,394.28,1.54616,3.13892,-74.8605,22.1158,4,0.126,0.141,0.129818
108,veh1,veh6,10,5,0.5,299.036,1.54616,4.4901,-70.0181,26.9582,5,0.126,0.137,0.129818
108,veh1,veh5,10,4,0.6,523.24,1.54616,6.30364,-78.2772,18.6991,4,0.126,0.147,0.129818
108,veh1,veh8,10,6,0.4,472.727,1.54616,6.71901,-76.6723,20.304,6,0.126,0.144,0.129818
108,veh1,veh3,10,8,0.2,283.679,1.54616,6.59978,-71.6755,25.3008,8,0.126,0.119,0.129818
108,veh1,veh4,10,5,0.5,305.957,1.54616,8.03495,-74.5646,22.4117,5,0.126,0.107,0.129818
108,veh1,veh2,10,8,0.2,356.98,1.54616,0.00130254,-74.397,22.5793,8,0.126,0.132,0.129818
108,veh1,veh10,10,2,0.8,513.75,1.54616,7.92722,-78.757,18.2193,2,0.126,0.138,0.129818
108,veh10,veh11,10,3,0.7,834.312,7.92722,4.53047,-79.1766,17.7997,3,0.138,0.11,0.129818
108,veh10,veh9,10,7,0.3,333.71,7.92722,6.8201,-73.6098,23.3665,7,0.138,0.127,0.129818
108,veh10,veh7,10,10,0,312.932,7.92722,3.13892,-73.8818,23.0945,10,0.138,0.141,0.129818
108,veh10,veh6,10,8,0.2,215.087,7.92722,4.4901,-71.6043,25.372,8,0.138,0.137,0.129818
108,veh10,veh5,10,9,0.1,305.811,7.92722,6.30364,-73.0953,23.881,9,0.138,0.147,0.129818
108,veh10,veh8,10,8,0.2,370.512,7.92722,6.71901,-75.515,21.4613,8,0.138,0.144,0.129818
108,veh10,veh3,10,5,0.5,667.415,7.92722,6.59978,-79.0136,17.9627,5,0.138,0.119,0.129818
108,veh10,veh4,10,4,0.6,809.251,7.92722,8.03495,-78.9049,18.0713,4,0.138,0.107,0.129818
108,veh10,veh2,10,7,0.3,466.637,7.92722,0.00130254,-75.9872,20.9891,7,0.138,0.132,0.129818
108,veh10,veh1,10,8,0.2,513.75,7.92722,1.54616,-77.1276,19.8487,8,0.138,0.126,0.129818
109,veh11,veh9,10,6,0.4,658.328,6.73014,6.31099,-78.3245,18.6518,6,0.11,0.114,0.129273
109,veh11,veh7,10,8,0.2,715.078,6.73014,0.983807,-79.4449,17.5314,8,0.11,0.143,0.129273
109,veh11,veh6,10,4,0.6,626.957,6.73014,0.332105,-79.6645,17.3118,4,0.11,0.14,0.129273
109,veh11,veh5,10,2,0.8,841.364,6.73014,6.17383,-81.6664,15.3099,2,0.11,0.143,0.129273
109,veh11,veh8,10,1,0.9,778.571,6.73014,6.67077,-80.8231,16.1531,1,0.11,0.13,0.129273
109,veh11,veh3,10,7,0.3,273.351,6.73014,8.16458,-74.2498,22.7265,7,0.11,0.124,0.129273
109,veh11,veh4,10,10,0,22.0207,6.73014,8.1964,-52.5565,44.4197,10,0.11,0.114,0.129273
109,veh11,veh2,10,5,0.5,637.797,6.73014,0,-78.2426,18.7337,5,0.11,0.141,0.129273
109,veh11,veh1,10,7,0.3,333.445,6.73014,0.50791,-75.6325,21.3438,7,0.11,0.131,0.129273
109,veh11,veh10,10,4,0.6,834.019,6.73014,8.15929,-80.535,16.4413,4,0.11,0.132,0.129273
109,veh9,veh11,10,8,0.2,658.328,6.31099,6.73014,-77.1803,17.3082,8,0.114,0.11,0.129273
109,veh9,veh7,10,7,0.3,510.805,6.31099,0.983807,-77.407,19.5693,7,0.114,0.143,0.129273
109,veh9,veh6,10,9,0.1,280.918,6.31099,0.332105,-76.4055,19.0483,9,0.114,0.14,0.129273
109,veh9,veh5,10,4,0.6,571.461,6.31099,6.17383,-78.5058,17.0576,4,0.114,0.143,0.129273
109,veh9,veh8,10,4,0.6,592.426,6.31099,6.67077,-78.6755,18.3008,4,0.114,0.13,0.129273
109,veh9,veh3,10,7,0.3,414.679,6.31099,8.16458,-77.2441,19.7322,7,0.114,0.124,0.129273
109,veh9,veh4,10,5,0.5,637.253,6.31099,8.1964,-77.6396,16.2221,5,0.114,0.114,0.129273
109,veh9,veh2,10,7,0.3,603.107,6.31099,0,-77.9653,16.4269,7,0.114,0.141,0.129273
109,veh9,veh1,10,6,0.4,416.111,6.31099,0.50791,-74.4425,22.5337,6,0.114,0.131,0.129273
109,veh9,veh10,10,7,0.3,327.02,6.31099,8.15929,-73.106,20.7079,7,0.114,0.132,0.129273
109,veh7,veh11,10,4,0.6,715.078,0.983807,6.73014,-78.5611,18.4152,4,0.143,0.11,0.129273
109,veh7,veh9,10,3,0.7,510.805,0.983807,6.31099,-77.4709,19.5054,3,0.143,0.114,0.129273
109,veh7,veh6,10,6,0.4,230.751,0.983807,0.332105,-72.0998,24.8765,6,0.143,0.14,0.129273
109,veh7,veh5,10,8,0.2,126.715,0.983807,6.17383,-69.7515,27.2248,8,0.143,0.143,0.129273
109,veh7,veh8,10,9,0.1,85.3022,0.983807,6.67077,-61.9038,35.0725,9,0.143,0.13,0.129273
109,veh7,veh3,10,4,0.6,645.651,0.983807,8.16458,-77.2846,19.6916,4,0.143,0.124,0.129273
109,veh7,veh4,10,6,0.4,695.504,0.983807,8.1964,-78.2229,18.7534,6,0.143,0.114,0.129273
109,veh7,veh2,10,8,0.2,161.055,0.983807,0,-69.8513,27.125,8,0.143,0.141,0.129273
109,veh7,veh1,10,8,0.2,393.364,0.983807,0.50791,-76.266,20.7103,8,0.143,0.131,0.129273
109,veh7,veh10,10,6,0.4,317.454,0.983807,8.15929,-73.9635,23.0128,6,0.143,0.132,0.129273
109,veh6,veh11,10,4,0.6,626.957,0.332105,6.73014,-78.1542,10.0305,4,0.14,0.11,0.129273
109,veh6,veh9,10,9,0.1,280.918,0.332105,6.31099,-71.1085,15.1805,9,0.14,0.114,0.129273
109,veh6,veh7,10,8,0.2,230.751,0.332105,0.983807,-72.699,10.9309,8,0.14,0.143,0.129273
109,veh6,veh5,10,4,0.6,308.418,0.332105,6.17383,-71.1208,11.7733,4,0.14,0.143,0.129273
109,veh6,veh8,10,4,0.6,314.048,0.332105,6.67077,-73.9805,9.10141,4,0.14,0.13,0.129273
109,veh6,veh3,10,6,0.4,479.392,0.332105,8.16458,-76.4883,11.7593,6,0.14,0.124,0.129273
109,veh6,veh4,10,4,0.6,605.188,0.332105,8.1964,-75.8653,16.9539,4,0.14,0.114,0.129273
109,veh6,veh2,10,2,0.8,331.103,0.332105,0,-73.6587,10.1722,2,0.14,0.141,0.129273
109,veh6,veh1,10,6,0.4,298.955,0.332105,0.50791,-77.2903,8.96301,6,0.14,0.131,0.129273
109,veh6,veh10,10,8,0.2,212.107,0.332105,8.15929,-71.3787,12.3103,8,0.14,0.132,0.129273
109,veh5,veh11,10,0,1,841.364,6.17383,6.73014,nan,nan,0,0.143,0.11,0.129273
109,veh5,veh9,10,2,0.8,571.461,6.17383,6.31099,-79.0809,5.59557,2,0.143,0.114,0.129273
109,veh5,veh7,10,7,0.3,126.715,6.17383,0.983807,-67.6245,21.0397,7,0.143,0.143,0.129273
109,veh5,veh6,10,7,0.3,308.418,6.17383,0.332105,-73.0185,15.6335,7,0.143,0.14,0.129273
109,veh5,veh8,10,10,0,96.0214,6.17383,6.67077,-65.2997,19.5062,10,0.143,0.13,0.129273
109,veh5,veh3,10,1,0.9,760.26,6.17383,8.16458,-80.5305,16.4458,1,0.143,0.124,0.129273
109,veh5,veh4,10,0,1,821.644,6.17383,8.1964,nan,nan,0,0.143,0.114,0.129273
109,veh5,veh2,10,6,0.4,260.814,6.17383,0,-72.7783,11.5753,6,0.143,0.141,0.129273
109,veh5,veh1,10,2,0.8,516.977,6.17383,0.50791,-76.2758,20.7005,2,0.143,0.131,0.129273
109,veh5,veh10,10,7,0.3,308.308,6.17383,8.15929,-72.8826,11.5721,7,0.143,0.132,0.129273
109,veh8,veh11,10,5,0.5,778.571,6.67077,6.73014,-79.695,17.2813,5,0.13,0.11,0.129273
109,veh8,veh9,10,6,0.4,592.426,6.67077,6.31099,-79.6798,17.2965,6,0.13,0.114,0.129273
109,veh8,veh7,10,10,0,85.3022,6.67077,0.983807,-66.84,30.1362,10,0.13,0.143,0.129273
109,veh8,veh6,10,9,0.1,314.048,6.67077,0.332105,-74.6058,22.3704,9,0.13,0.14,0.129273
109,veh8,veh5,10,9,0.1,96.0214,6.67077,6.17383,-66.0875,30.8888,9,0.13,0.143,0.129273
109,veh8,veh3,10,6,0.4,725.596,6.67077,8.16458,-79.5633,17.413,6,0.13,0.124,0.129273
109,veh8,veh4,10,5,0.5,759.828,6.67077,8.1964,-77.1856,19.7907,5,0.13,0.114,0.129273
109,veh8,veh2,10,9,0.1,169.179,6.67077,0,-68.9177,28.0586,9,0.13,0.141,0.129273
109,veh8,veh1,10,8,0.2,466.067,6.67077,0.50791,-77.7964,19.1799,8,0.13,0.131,0.129273
109,veh8,veh10,10,7,0.3,371.451,6.67077,8.15929,-75.0492,21.927,7,0.13,0.132,0.129273
109,veh3,veh11,10,10,0,273.351,8.16458,6.73014,-72.8323,24.144,10,0.124,0.11,0.129273
109,veh3,veh9,10,9,0.1,414.679,8.16458,6.31099,-77.3272,19.6491,9,0.124,0.114,0.129273
109,veh3,veh7,10,5,0.5,645.651,8.16458,0.983807,-77.7312,19.245,5,0.124,0.143,0.129273
109,veh3,veh6,10,5,0.5,479.392,8.16458,0.332105,-74.5174,22.4589,5,0.124,0.14,0.129273
109,veh3,veh5,10,4,0.6,760.26,8.16458,6.17383,-78.5534,18.4229,4,0.124,0.143,0.129273
109,veh3,veh8,10,4,0.6,725.596,8.16458,6.67077,-80.3803,16.596,4,0.124,0.13,0.129273
109,veh3,veh4,10,7,0.3,256.231,8.16458,8.1964,-74.0212,22.9551,7,0.124,0.114,0.129273
109,veh3,veh2,10,3,0.7,631.911,8.16458,0,-79.7686,17.2076,3,0.124,0.141,0.129273
109,veh3,veh1,10,8,0.2,276.728,8.16458,0.50791,-77.9855,18.9907,8,0.124,0.131,0.129273
109,veh3,veh10,10,4,0.6,658.419,8.16458,8.15929,-77.7183,19.258,4,0.124,0.132,0.129273
109,veh4,veh11,10,10,0,22.0207,8.1964,6.73014,-52.4024,32.5086,10,0.114,0.11,0.129273
109,veh4,veh9,10,2,0.8,637.253,8.1964,6.31099,-76.9267,20.0496,2,0.114,0.114,0.129273
109,veh4,veh7,10,0,1,695.504,8.1964,0.983807,nan,nan,0,0.114,0.143,0.129273
109,veh4,veh6,10,1,0.9,605.188,8.1964,0.332105,-74.7433,22.233,1,0.114,0.14,0.129273
109,veh4,veh5,10,0,1,821.644,8.1964,6.17383,nan,nan,0,0.114,0.143,0.129273
109,veh4,veh8,10,0,1,759.828,8.1964,6.67077,nan,nan,0,0.114,0.13,0.129273
109,veh4,veh3,10,8,0.2,256.231,8.1964,8.16458,-72.4704,11.1058,8,0.114,0.124,0.129273
109,veh4,veh2,10,0,1,620.806,8.1964,0,nan,nan,0,0.114,0.141,0.129273
109,veh4,veh1,10,6,0.4,312.297,8.1964,0.50791,-75.0836,10.8898,6,0.114,0.131,0.129273
109,veh4,veh10,10,0,1,812.08,8.1964,8.15929,nan,nan,0,0.114,0.132,0.129273
109,veh2,veh11,10,7,0.3,637.797,0,6.73014,-78.4155,18.5608,7,0.141,0.11,0.129273
109,veh2,veh9,10,2,0.8,603.107,0,6.31099,-76.4278,20.5485,2,0.141,0.114,0.129273
109,veh2,veh7,10,9,0.1,161.055,0,0.983807,-73.4756,23.5007,9,0.141,0.143,0.129273
109,veh2,veh6,10,6,0.4,331.103,0,0.332105,-75.0396,21.9367,6,0.141,0.14,0.129273
109,veh2,veh5,10,9,0.1,260.814,0,6.17383,-73.764,23.2123,9,0.141,0.143,0.129273
109,veh2,veh8,10,8,0.2,169.179,0,6.67077,-69.5106,27.4657,8,0.141,0.13,0.129273
109,veh2,veh3,10,6,0.4,631.911,0,8.16458,-78.5632,18.4131,6,0.141,0.124,0.129273
109,veh2,veh4,10,6,0.4,620.806,0,8.1964,-77.0991,19.8772,6,0.141,0.114,0.129273
109,veh2,veh1,10,9,0.1,356.472,0,0.50791,-75.1265,21.8498,9,0.141,0.131,0.129273
109,veh2,veh10,10,6,0.4,469.248,0,8.15929,-76.9937,19.9825,6,0.141,0.132,0.129273
109,veh1,veh11,10,9,0.1,333.445,0.50791,6.73014,-73.3867,23.5896,9,0.131,0.11,0.129273
109,veh1,veh9,10,7,0.3,416.111,0.50791,6.31099,-77.7671,19.2091,7,0.131,0.114,0.129273
109,veh1,veh7,10,9,0.1,393.364,0.50791,0.983807,-75.2081,21.7682,9,0.131,0.143,0.129273
109,veh1,veh6,10,6,0.4,298.955,0.50791,0.332105,-73.2327,23.7436,6,0.131,0.14,0.129273
109,veh1,veh5,10,1,0.9,516.977,0.50791,6.17383,-81.5734,15.4029,1,0.131,0.143,0.129273
109,veh1,veh8,10,5,0.5,466.067,0.50791,6.67077,-73.7432,23.2331,5,0.131,0.13,0.129273
109,veh1,veh3,10,10,0,276.728,0.50791,8.16458,-72.078,24.8983,10,0.131,0.124,0.129273
109,veh1,veh4,10,7,0.3,312.297,0.50791,8.1964,-74.0152,22.9611,7,0.131,0.114,0.129273
109,veh1,veh2,10,6,0.4,356.472,0.50791,0,-75.9683,21.008,6,0.131,0.141,0.129273
109,veh1,veh10,10,7,0.3,510.258,0.50791,8.15929,-76.1357,20.8406,7,0.131,0.132,0.129273
109,veh10,veh11,10,1,0.9,834.019,8.15929,6.73014,-81.8001,15.1762,1,0.132,0.11,0.129273
109,veh10,veh9,10,8,0.2,327.02,8.15929,6.31099,-73.7824,23.1939,8,0.132,0.114,0.129273
109,veh10,veh7,10,8,0.2,317.454,8.15929,0.983807,-74.8793,22.0969,8,0.132,0.143,0.129273
109,veh10,veh6,10,10,0,212.107,8.15929,0.332105,-74.9916,21.9847,10,0.132,0.14,0.129273
109,veh10,veh5,10,9,0.1,308.308,8.15929,6.17383,-73.8117,23.1646,9,0.132,0.143,0.129273
109,veh10,veh8,10,7,0.3,371.451,8.15929,6.67077,-75.53,21.4463,7,0.132,0.13,0.129273
109,veh10,veh3,10,2,0.8,658.419,8.15929,8.16458,-78.2283,18.748,2,0.132,0.124,0.129273
109,veh10,veh4,10,3,0.7,812.08,8.15929,8.1964,-77.5143,19.462,3,0.132,0.114,0.129273
109,veh10,veh2,10,6,0.4,469.248,8.15929,0,-76.4998,20.4765,6,0.132,0.141,0.129273
109,veh10,veh1,10,6,0.4,510.258,8.15929,0.50791,-78.1761,18.8001,6,0.132,0.131,0.129273
110,veh11,veh9,10,4,0.6,654.268,7.76672,6.12178,-78.0709,18.9053,4,0.107,0.129,0.134667
110,veh11,veh7,10,5,0.5,721.62,7.76672,0.0787886,-76.7156,20.2607,5,0.107,0.156,0.134667
110,veh11,veh6,10,5,0.5,631.985,7.76672,0.0947144,-77.3653,19.6109,5,0.107,0.152,0.134667
110,veh11,veh12,10,1,0.9,990.982,7.76672,14.5442,-77.7279,19.2483,1,0.107,0.144,0.134667
110,veh11,veh5,10,3,0.7,842.298,7.76672,6.84027,-80.7954,16.1809,3,0.107,0.145,0.134667
110,veh11,veh8,10,4,0.6,778.946,7.76672,7.76372,-78.8678,18.1085,4,0.107,0.152,0.134667
110,veh11,veh3,10,9,0.1,270.246,7.76672,9.88949,-75.7163,21.26,9,0.107,0.106,0.134667
110,veh11,veh4,10,10,0,21.4523,7.76672,7.87121,-49.9849,46.9913,10,0.107,0.115,0.134667
110,veh11,veh2,10,5,0.5,645.096,7.76672,0,-77.9368,19.0395,5,0.107,0.14,0.134667
110,veh11,veh1,10,7,0.3,339.368,7.76672,0.341953,-75.3341,21.6422,7,0.107,0.13,0.134667
110,veh11,veh10,10,2,0.8,834.02,7.76672,9.02641,-80.778,16.1983,2,0.107,0.14,0.134667
110,veh9,veh11,10,6,0.4,654.268,6.12178,7.76672,-79.3221,17.6542,6,0.129,0.107,0.134667
110,veh9,veh7,10,9,0.1,508.346,6.12178,0.0787886,-76.2355,20.7408,9,0.129,0.156,0.134667
110,veh9,veh6,10,9,0.1,278.245,6.12178,0.0947144,-73.1908,23.7855,9,0.129,0.152,0.134667
110,veh9,veh12,10,2,0.8,801.612,6.12178,14.5442,-78.5081,18.4682,2,0.129,0.144,0.134667
110,veh9,veh5,10,5,0.5,563.609,6.12178,6.84027,-78.7477,18.2285,5,0.129,0.145,0.134667
110,veh9,veh8,10,4,0.6,582.982,6.12178,7.76372,-79.2905,17.6858,4,0.129,0.152,0.134667
110,veh9,veh3,10,7,0.3,405.972,6.12178,9.88949,-74.7533,22.223,7,0.129,0.106,0.134667
110,veh9,veh4,10,6,0.4,638.972,6.12178,7.87121,-78.7884,18.1879,6,0.129,0.115,0.134667
110,veh9,veh2,10,6,0.4,599.36,6.12178,0,-78.8874,18.0889,6,0.129,0.14,0.134667
110,veh9,veh1,10,8,0.2,410.349,6.12178,0.341953,-76.3502,20.6261,8,0.129,0.13,0.134667
110,veh9,veh10,10,8,0.2,319.633,6.12178,9.02641,-77.1871,19.7892,8,0.129,0.14,0.134667
110,veh7,veh11,10,4,0.6,721.62,0.0787886,7.76672,-78.2895,18.6868,4,0.156,0.107,0.134667
110,veh7,veh9,10,8,0.2,508.346,0.0787886,6.12178,-77.1026,19.8737,8,0.156,0.129,0.134667
110,veh7,veh6,10,9,0.1,230.691,0.0787886,0.0947144,-72.6353,24.341,9,0.156,0.152,0.134667
110,veh7,veh12,10,9,0.1,312.054,0.0787886,14.5442,-70.6949,26.2814,9,0.156,0.144,0.134667
110,veh7,veh5,10,8,0.2,121.57,0.0787886,6.84027,-64.6642,32.3121,8,0.156,0.145,0.134667
110,veh7,veh8,10,10,0,77.5876,0.0787886,7.76372,-63.0314,33.9449,10,0.156,0.152,0.134667
110,veh7,veh3,10,3,0.7,636.31,0.0787886,9.88949,-78.1934,18.7829,3,0.156,0.106,0.134667
110,veh7,veh4,10,4,0.6,700.17,0.0787886,7.87121,-77.8434,19.1329,4,0.156,0.115,0.134667
110,veh7,veh2,10,10,0,160.977,0.0787886,0,-69.0773,27.899,10,0.156,0.14,0.134667
110,veh7,veh1,10,7,0.3,393.024,0.0787886,0.341953,-74.8146,22.1616,7,0.156,0.13,0.134667
110,veh7,veh10,10,9,0.1,321.74,0.0787886,9.02641,-75.7458,21.2305,9,0.156,0.14,0.134667
110,veh6,veh11,10,4,0.6,631.985,0.0947144,7.76672,-79.0269,10.2064,4,0.152,0.107,0.134667
110,veh6,veh9,10,5,0.5,278.245,0.0947144,6.12178,-74.4284,10.5482,5,0.152,0.129,0.134667
110,veh6,veh7,10,9,0.1,230.691,0.0947144,0.0787886,-71.2033,10.9625,9,0.152,0.156,0.134667
110,veh6,veh12,10,0,1,532.742,0.0947144,14.5442,nan,nan,0,0.152,0.144,0.134667
110,veh6,veh5,10,5,0.5,301.514,0.0947144,6.84027,-72.432,12.9194,5,0.152,0.145,0.134667
110,veh6,veh8,10,5,0.5,306.554,0.0947144,7.76372,-71.3509,9.93733,5,0.152,0.152,0.134667
110,veh6,veh3,10,6,0.4,471.506,0.0947144,9.88949,-77.3591,9.35924,6,0.152,0.106,0.134667
110,veh6,veh4,10,7,0.3,611.735,0.0947144,7.87121,-79.1456,9.98363,7,0.152,0.115,0.134667
110,veh6,veh2,10,8,0.2,331.038,0.0947144,0,-74.3928,13.4037,8,0.152,0.14,0.134667
110,veh6,veh1,10,8,0.2,298.845,0.0947144,0.341953,-76.5241,12.7268,8,0.152,0.13,0.134667
110,veh6,veh10,10,6,0.4,209.242,0.0947144,9.02641,-72.6316,10.4872,6,0.152,0.14,0.134667
110,veh12,veh11,10,2,0.8,990.982,14.5442,7.76672,-79.0223,17.954,2,0.144,0.107,0.134667
110,veh12,veh9,10,7,0.3,801.612,14.5442,6.12178,-79.3343,17.6419,7,0.144,0.129,0.134667
110,veh12,veh7,10,8,0.2,312.054,14.5442,0.0787886,-74.4708,22.5055,8,0.144,0.156,0.134667
110,veh12,veh6,10,9,0.1,532.742,14.5442,0.0947144,-76.4887,20.4876,9,0.144,0.152,0.134667
110,veh12,veh5,10,8,0.2,239.189,14.5442,6.84027,-69.4754,27.5008,8,0.144,0.145,0.134667
110,veh12,veh8,10,7,0.3,235.549,14.5442,7.76372,-72.2301,24.7462,7,0.144,0.152,0.134667
110,veh12,veh3,10,2,0.8,941.874,14.5442,9.88949,-78.4175,18.5587,2,0.144,0.106,0.134667
110,veh12,veh4,10,3,0.7,969.853,14.5442,7.87121,-79.382,17.5942,3,0.144,0.115,0.134667
110,veh12,veh2,10,8,0.2,346.308,14.5442,0,-75.8038,21.1725,8,0.144,0.14,0.134667
110,veh12,veh1,10,3,0.7,685.92,14.5442,0.341953,-77.7358,19.2405,3,0.144,0.13,0.134667
110,veh12,veh10,10,6,0.4,541.155,14.5442,9.02641,-76.6427,20.3336,6,0.144,0.14,0.134667
110,veh5,veh11,10,0,1,842.298,6.84027,7.76672,nan,nan,0,0.145,0.107,0.134667
110,veh5,veh9,10,3,0.7,563.609,6.84027,6.12178,-77.647,6.38461,3,0.145,0.129,0.134667
110,veh5,veh7,10,9,0.1,121.57,6.84027,0.0787886,-66.8007,18.9088,9,0.145,0.156,0.134667
110,veh5,veh6,10,5,0.5,301.514,6.84027,0.0947144,-71.5817,15.9861,5,0.145,0.152,0.134667
110,veh5,veh12,10,9,0.1,239.189,6.84027,14.5442,-72.8641,14.7479,9,0.145,0.144,0.134667
110,veh5,veh8,10,8,0.2,95.7156,6.84027,7.76372,-67.5999,18.0111,8,0.145,0.152,0.134667
110,veh5,veh3,10,3,0.7,744.689,6.84027,9.88949,-77.1801,19.7962,3,0.145,0.106,0.134667
110,veh5,veh4,10,0,1,820.858,6.84027,7.87121,nan,nan,0,0.145,0.115,0.134667
110,veh5,veh2,10,6,0.4,258.302,6.84027,0,-72.5986,14.1661,6,0.145,0.14,0.134667
110,veh5,veh1,10,1,0.9,510.69,6.84027,0.341953,-81.0769,15.8994,1,0.145,0.13,0.134667
110,veh5,veh10,10,8,0.2,310.292,6.84027,9.02641,-73.1948,13.9804,8,0.145,0.14,0.134667
110,veh8,veh11,10,2,0.8,778.946,7.76372,7.76672,-79.7285,17.2477,2,0.152,0.107,0.134667
110,veh8,veh9,10,5,0.5,582.982,7.76372,6.12178,-79.6205,17.3557,5,0.152,0.129,0.134667
110,veh8,veh7,10,10,0,77.5876,7.76372,0.0787886,-62.2018,34.7744,10,0.152,0.156,0.134667
110,veh8,veh6,10,10,0,306.554,7.76372,0.0947144,-75.6431,21.3332,10,0.152,0.152,0.134667
110,veh8,veh12,10,9,0.1,235.549,7.76372,14.5442,-73.5463,23.43,9,0.152,0.144,0.134667
110,veh8,veh5,10,10,0,95.7156,7.76372,6.84027,-66.9941,29.9822,10,0.152,0.145,0.134667
110,veh8,veh3,10,7,0.3,708.572,7.76372,9.88949,-78.8415,18.1347,7,0.152,0.106,0.134667
110,veh8,veh4,10,6,0.4,757.527,7.76372,7.87121,-78.2233,18.7529,6,0.152,0.115,0.134667
110,veh8,veh2,10,8,0.2,165.824,7.76372,0,-67.1523,29.824,8,0.152,0.14,0.134667
110,veh8,veh1,10,7,0.3,458.566,7.76372,0.341953,-76.4505,20.5258,7,0.152,0.13,0.134667
110,veh8,veh10,10,10,0,372.256,7.76372,9.02641,-74.8021,22.1742,10,0.152,0.14,0.134667
110,veh3,veh11,10,10,0,270.246,9.88949,7.76672,-74.1778,22.7985,10,0.106,0.107,0.134667
110,veh3,veh9,10,5,0.5,405.972,9.88949,6.12178,-77.5692,19.4071,5,0.106,0.129,0.134667
110,veh3,veh7,10,3,0.7,636.31,9.88949,0.0787886,-76.0536,20.9227,3,0.106,0.156,0.134667
110,veh3,veh6,10,7,0.3,471.506,9.88949,0.0947144,-78.0638,18.9125,7,0.106,0.152,0.134667
110,veh3,veh12,10,2,0.8,941.874,9.88949,14.5442,-80.5982,16.3781,2,0.106,0.144,0.134667
110,veh3,veh5,10,5,0.5,744.689,9.88949,6.84027,-79.4583,17.518,5,0.106,0.145,0.134667
110,veh3,veh8,10,3,0.7,708.572,9.88949,7.76372,-79.2744,17.7019,3,0.106,0.152,0.134667
110,veh3,veh4,10,8,0.2,260.821,9.88949,7.87121,-71.4442,25.5321,8,0.106,0.115,0.134667
110,veh3,veh2,10,6,0.4,622.054,9.88949,0,-76.574,20.4023,6,0.106,0.14,0.134667
110,veh3,veh1,10,9,0.1,267.174,9.88949,0.341953,-69.5149,27.4614,9,0.106,0.13,0.134667
110,veh3,veh10,10,3,0.7,645.342,9.88949,9.02641,-76.1509,20.8254,3,0.106,0.14,0.134667
110,veh4,veh11,10,10,0,21.4523,7.87121,7.76672,-51.1005,32.3083,10,0.115,0.107,0.134667
110,veh4,veh9,10,3,0.7,638.972,7.87121,6.12178,-78.0882,18.8881,3,0.115,0.129,0.134667
110,veh4,veh7,10,0,1,700.17,7.87121,0.0787886,nan,nan,0,0.115,0.156,0.134667
110,veh4,veh6,10,0,1,611.735,7.87121,0.0947144,nan,nan,0,0.115,0.152,0.134667
110,veh4,veh12,10,0,1,969.853,7.87121,14.5442,nan,nan,0,0.115,0.144,0.134667
110,veh4,veh5,10,0,1,820.858,7.87121,6.84027,nan,nan,0,0.115,0.145,0.134667
110,veh4,veh8,10,0,1,757.527,7.87121,7.76372,nan,nan,0,0.115,0.152,0.134667
110,veh4,veh3,10,7,0.3,260.821,7.87121,9.88949,-71.612,13.8294,7,0.115,0.106,0.134667
110,veh4,veh2,10,1,0.9,624.057,7.87121,0,-76.405,20.5713,1,0.115,0.14,0.134667
110,veh4,veh1,10,4,0.6,318.37,7.87121,0.341953,-72.7264,7.18051,4,0.115,0.13,0.134667
110,veh4,veh10,10,1,0.9,814.354,7.87121,9.02641,-78.9522,18.0241,1,0.115,0.14,0.134667
110,veh2,veh11,10,6,0.4,645.096,0,7.76672,-79.0248,17.9515,6,0.14,0.107,0.134667
110,veh2,veh9,10,7,0.3,599.36,0,6.12178,-79.7216,17.2547,7,0.14,0.129,0.134667
110,veh2,veh7,10,7,0.3,160.977,0,0.0787886,-69.2601,27.7162,7,0.14,0.156,0.134667
110,veh2,veh6,10,7,0.3,331.038,0,0.0947144,-73.7436,23.2326,7,0.14,0.152,0.134667
110,veh2,veh12,10,9,0.1,346.308,0,14.5442,-74.6118,22.3644,9,0.14,0.144,0.134667
110,veh2,veh5,10,8,0.2,258.302,0,6.84027,-70.871,26.1053,8,0.14,0.145,0.134667
110,veh2,veh8,10,10,0,165.824,0,7.76372,-70.9907,25.9856,10,0.14,0.152,0.134667
110,veh2,veh3,10,5,0.5,622.054,0,9.88949,-76.5848,20.3915,5,0.14,0.106,0.134667
110,veh2,veh4,10,8,0.2,624.057,0,7.87121,-78.7975,18.1787,8,0.14,0.115,0.134667
110,veh2,veh1,10,10,0,356.131,0,0.341953,-74.0388,22.9375,10,0.14,0.13,0.134667
110,veh2,veh10,10,3,0.7,472.283,0,9.02641,-75.9628,21.0134,3,0.14,0.14,0.134667
110,veh1,veh11,10,6,0.4,339.368,0.341953,7.76672,-76.3038,20.6725,6,0.13,0.107,0.134667
110,veh1,veh9,10,0,1,410.349,0.341953,6.12178,nan,nan,0,0.13,0.129,0.134667
110,veh1,veh7,10,4,0.6,393.024,0.341953,0.0787886,-76.6497,20.3266,4,0.13,0.156,0.134667
110,veh1,veh6,10,7,0.3,298.845,0.341953,0.0947144,-71.5929,25.3834,7,0.13,0.152,0.134667
110,veh1,veh12,10,2,0.8,685.92,0.341953,14.5442,-79.5452,17.4311,2,0.13,0.144,0.134667
110,veh1,veh5,10,5,0.5,510.69,0.341953,6.84027,-77.5082,19.4681,5,0.13,0.145,0.134667
110,veh1,veh8,10,3,0.7,458.566,0.341953,7.76372,-79.0536,17.9226,3,0.13,0.152,0.134667
110,veh1,veh3,10,5,0.5,267.174,0.341953,9.88949,-76.1569,20.8194,5,0.13,0.106,0.134667
110,veh1,veh4,10,7,0.3,318.37,0.341953,7.87121,-72.7066,24.2697,7,0.13,0.115,0.134667
110,veh1,veh2,10,2,0.8,356.131,0.341953,0,-73.7264,23.2499,2,0.13,0.14,0.134667
110,veh1,veh10,10,5,0.5,506.624,0.341953,9.02641,-75.6786,21.2977,5,0.13,0.14,0.134667
110,veh10,veh11,10,3,0.7,834.02,9.02641,7.76672,-78.7682,18.2081,3,0.14,0.107,0.134667
110,veh10,veh9,10,9,0.1,319.633,9.02641,6.12178,-73.6975,23.2788,9,0.14,0.129,0.134667
110,veh10,veh7,10,9,0.1,321.74,9.02641,0.0787886,-74.1635,22.8128,9,0.14,0.156,0.134667
110,veh10,veh6,10,10,0,209.242,9.02641,0.0947144,-72.1265,24.8498,10,0.14,0.152,0.134667
110,veh10,veh12,10,7,0.3,541.155,9.02641,14.5442,-76.4005,20.5758,7,0.14,0.144,0.134667
110,veh10,veh5,10,7,0.3,310.292,9.02641,6.84027,-71.1673,25.809,7,0.14,0.145,0.134667
110,veh10,veh8,10,9,0.1,372.256,9.02641,7.76372,-77.0757,19.9006,9,0.14,0.152,0.134667
110,veh10,veh3,10,5,0.5,645.342,9.02641,9.88949,-78.1321,18.8441,5,0.14,0.106,0.134667
110,veh10,veh4,10,3,0.7,814.354,9.02641,7.87121,-79.1553,17.821,3,0.14,0.115,0.134667
110,veh10,veh2,10,7,0.3,472.283,9.02641,0,-77.6698,19.3065,7,0.14,0.14,0.134667
110,veh10,veh1,10,7,0.3,506.624,9.02641,0.341953,-77.8739,19.1024,7,0.14,0.13,0.134667
111,veh11,veh9,10,0,1,649.508,8.18801,7.06192,nan,nan,0,0.113,0.124,0.134667
111,veh11,veh7,10,3,0.7,728.59,8.18801,0.005112,-80.3962,16.5801,3,0.113,0.158,0.134667
111,veh11,veh6,10,6,0.4,638.174,8.18801,1.53953,-77.7856,19.1907,6,0.113,0.157,0.134667
111,veh11,veh12,10,1,0.9,1002.01,8.18801,13.4303,-80.7559,16.2203,1,0.113,0.146,0.134667
111,veh11,veh5,10,2,0.8,844.158,8.18801,6.39485,-78.9267,18.0496,2,0.113,0.155,0.134667
111,veh11,veh8,10,6,0.4,780.107,8.18801,7.27015,-78.286,18.6903,6,0.113,0.149,0.134667
111,veh11,veh3,10,8,0.2,268.866,8.18801,11.198,-74.6075,22.3687,8,0.113,0.113,0.134667
111,veh11,veh4,10,10,0,26.1349,8.18801,7.55444,-54.5183,42.458,10,0.113,0.091,0.134667
111,veh11,veh2,10,3,0.7,652.804,8.18801,0,-77.7884,19.1878,3,0.113,0.132,0.134667
111,veh11,veh1,10,9,0.1,345.485,8.18801,0.0362394,-73.2153,23.761,9,0.113,0.13,0.134667
111,veh11,veh10,10,5,0.5,834.562,8.18801,8.44665,-79.1185,17.8578,5,0.113,0.148,0.134667
111,veh9,veh11,10,6,0.4,649.508,7.06192,8.18801,-77.8444,14.2133,6,0.124,0.113,0.134667
111,veh9,veh7,10,6,0.4,505.551,7.06192,0.005112,-77.0009,19.9753,6,0.124,0.158,0.134667
111,veh9,veh6,10,9,0.1,276.593,7.06192,1.53953,-72.9346,19.9221,9,0.124,0.157,0.134667
111,veh9,veh12,10,3,0.7,794.072,7.06192,13.4303,-78.62,18.3563,3,0.124,0.146,0.134667
111,veh9,veh5,10,7,0.3,555.912,7.06192,6.39485,-76.8389,20.1373,7,0.124,0.155,0.134667
111,veh9,veh8,10,6,0.4,573.672,7.06192,7.27015,-77.3961,19.5802,6,0.124,0.149,0.134667
111,veh9,veh3,10,6,0.4,395.358,7.06192,11.198,-76.6504,14.409,6,0.124,0.113,0.134667
111,veh9,veh4,10,3,0.7,639.448,7.06192,7.55444,-80.3005,15.9741,3,0.124,0.091,0.134667
111,veh9,veh2,10,2,0.8,595.086,7.06192,0,-80.7692,16.2071,2,0.124,0.132,0.134667
111,veh9,veh1,10,8,0.2,403.613,7.06192,0.0362394,-75.5712,16.5065,8,0.124,0.13,0.134667
111,veh9,veh10,10,7,0.3,313.262,7.06192,8.44665,-74.881,22.0953,7,0.124,0.148,0.134667
111,veh7,veh11,10,3,0.7,728.59,0.005112,8.18801,-80.3289,16.6474,3,0.158,0.113,0.134667
111,veh7,veh9,10,4,0.6,505.551,0.005112,7.06192,-76.7591,20.2172,4,0.158,0.124,0.134667
111,veh7,veh6,10,8,0.2,229.255,0.005112,1.53953,-72.5497,24.4266,8,0.158,0.157,0.134667
111,veh7,veh12,10,7,0.3,309.773,0.005112,13.4303,-72.9759,24.0004,7,0.158,0.146,0.134667
111,veh7,veh5,10,7,0.3,117.118,0.005112,6.39485,-67.4072,29.5691,7,0.158,0.155,0.134667
111,veh7,veh8,10,8,0.2,70.3822,0.005112,7.27015,-62.756,34.2203,8,0.158,0.149,0.134667
111,veh7,veh3,10,3,0.7,625.461,0.005112,11.198,-76.6643,20.312,3,0.158,0.113,0.134667
111,veh7,veh4,10,4,0.6,704.744,0.005112,7.55444,-78.2017,18.7746,4,0.158,0.091,0.134667
111,veh7,veh2,10,10,0,160.971,0.005112,0,-67.7283,29.248,10,0.158,0.132,0.134667
111,veh7,veh1,10,5,0.5,392.99,0.005112,0.0362394,-72.3997,24.5766,5,0.158,0.13,0.134667
111,veh7,veh10,10,9,0.1,325.866,0.005112,8.44665,-71.2048,25.7714,9,0.158,0.148,0.134667
111,veh6,veh11,10,3,0.7,638.174,1.53953,8.18801,-79.295,11.8773,3,0.157,0.113,0.134667
111,veh6,veh9,10,6,0.4,276.593,1.53953,7.06192,-70.3892,14.6591,6,0.157,0.124,0.134667
111,veh6,veh7,10,6,0.4,229.255,1.53953,0.005112,-71.6319,10.6994,6,0.157,0.158,0.134667
111,veh6,veh12,10,4,0.6,526.67,1.53953,13.4303,-79.3148,17.6615,4,0.157,0.146,0.134667
111,veh6,veh5,10,3,0.7,293.577,1.53953,6.39485,-74.8322,11.4586,3,0.157,0.155,0.134667
111,veh6,veh8,10,2,0.8,298.173,1.53953,7.27015,-76.1982,9.30073,2,0.157,0.149,0.134667
111,veh6,veh3,10,5,0.5,463.337,1.53953,11.198,-77.4709,8.87636,5,0.157,0.113,0.134667
111,veh6,veh4,10,3,0.7,618.845,1.53953,7.55444,-76.0438,11.2682,3,0.157,0.091,0.134667
111,veh6,veh2,10,5,0.5,329.995,1.53953,0,-73.7192,10.054,5,0.157,0.132,0.134667
111,veh6,veh1,10,7,0.3,299.504,1.53953,0.0362394,-73.9953,13.1701,7,0.157,0.13,0.134667
111,veh6,veh10,10,6,0.4,206.525,1.53953,8.44665,-69.9405,15.9892,6,0.157,0.148,0.134667
111,veh12,veh11,10,2,0.8,1002.01,13.4303,8.18801,-80.1629,16.8133,2,0.146,0.113,0.134667
111,veh12,veh9,10,2,0.8,794.072,13.4303,7.06192,-80.157,16.8193,2,0.146,0.124,0.134667
111,veh12,veh7,10,7,0.3,309.773,13.4303,0.005112,-73.0122,23.9641,7,0.146,0.158,0.134667
111,veh12,veh6,10,4,0.6,526.67,13.4303,1.53953,-77.4372,19.5391,4,0.146,0.157,0.134667
111,veh12,veh5,10,10,0,238.592,13.4303,6.39485,-71.8974,25.0788,10,0.146,0.155,0.134667
111,veh12,veh8,10,6,0.4,241.209,13.4303,7.27015,-74.9579,22.0184,6,0.146,0.149,0.134667
111,veh12,veh3,10,1,0.9,930.607,13.4303,11.198,-81.5127,15.4636,1,0.146,0.113,0.134667
111,veh12,veh4,10,2,0.8,976.67,13.4303,7.55444,-78.0287,18.9476,2,0.146,0.091,0.134667
111,veh12,veh2,10,8,0.2,350.399,13.4303,0,-75.4968,21.4795,8,0.146,0.132,0.134667
111,veh12,veh1,10,7,0.3,686.966,13.4303,0.0362394,-78.2697,18.7066,7,0.146,0.13,0.134667
111,veh12,veh10,10,3,0.7,539.468,13.4303,8.44665,-74.7494,22.2269,3,0.146,0.148,0.134667
111,veh5,veh11,10,0,1,844.158,6.39485,8.18801,nan,nan,0,0.155,0.113,0.134667
111,veh5,veh9,10,3,0.7,555.912,6.39485,7.06192,-75.5149,10.0301,3,0.155,0.124,0.134667
111,veh5,veh7,10,9,0.1,117.118,6.39485,0.005112,-63.6919,19.5407,9,0.155,0.158,0.134667
111,veh5,veh6,10,7,0.3,293.577,6.39485,1.53953,-74.1104,9.94851,7,0.155,0.157,0.134667
111,veh5,veh12,10,9,0.1,238.592,6.39485,13.4303,-71.8542,13.98,9,0.155,0.146,0.134667
111,veh5,veh8,10,10,0,95.8149,6.39485,7.27015,-64.7169,17.3393,10,0.155,0.149,0.134667
111,veh5,veh3,10,1,0.9,728.127,6.39485,11.198,-79.8479,17.1283,1,0.155,0.113,0.134667
111,veh5,veh4,10,0,1,820.57,6.39485,7.55444,nan,nan,0,0.155,0.091,0.134667
111,veh5,veh2,10,7,0.3,256.452,6.39485,0,-74.2773,7.63402,7,0.155,0.132,0.134667
111,veh5,veh1,10,1,0.9,505.247,6.39485,0.0362394,-74.3674,22.6089,1,0.155,0.13,0.134667
111,veh5,veh10,10,2,0.8,311.888,6.39485,8.44665,-73.0179,9.70059,2,0.155,0.148,0.134667
111,veh8,veh11,10,7,0.3,780.107,7.27015,8.18801,-77.7224,19.2539,7,0.149,0.113,0.134667
111,veh8,veh9,10,4,0.6,573.672,7.27015,7.06192,-78.335,18.6413,4,0.149,0.124,0.134667
111,veh8,veh7,10,10,0,70.3822,7.27015,0.005112,-62.6047,34.3716,10,0.149,0.158,0.134667
111,veh8,veh6,10,9,0.1,298.173,7.27015,1.53953,-74.1904,22.7859,9,0.149,0.157,0.134667
111,veh8,veh12,10,10,0,241.209,7.27015,13.4303,-72.5356,24.4407,10,0.149,0.146,0.134667
111,veh8,veh5,10,10,0,95.8149,7.27015,6.39485,-66.4545,30.5217,10,0.149,0.155,0.134667
111,veh8,veh3,10,7,0.3,690.528,7.27015,11.198,-78.9535,18.0228,7,0.149,0.113,0.134667
111,veh8,veh4,10,5,0.5,755.616,7.27015,7.55444,-77.7457,19.2306,5,0.149,0.091,0.134667
111,veh8,veh2,10,10,0,162.954,7.27015,0,-70.3475,26.6288,10,0.149,0.132,0.134667
111,veh8,veh1,10,6,0.4,451.823,7.27015,0.0362394,-78.1883,18.788,6,0.149,0.13,0.134667
111,veh8,veh10,10,8,0.2,373.009,7.27015,8.44665,-72.9241,24.0522,8,0.149,0.148,0.134667
111,veh3,veh11,10,9,0.1,268.866,11.198,8.18801,-75.334,21.6423,9,0.113,0.113,0.134667
111,veh3,veh9,10,8,0.2,395.358,11.198,7.06192,-78.1627,18.8136,8,0.113,0.124,0.134667
111,veh3,veh7,10,7,0.3,625.461,11.198,0.005112,-77.801,19.1753,7,0.113,0.158,0.134667
111,veh3,veh6,10,9,0.1,463.337,11.198,1.53953,-75.5778,21.3985,9,0.113,0.157,0.134667
111,veh3,veh12,10,1,0.9,930.607,11.198,13.4303,-80.1589,16.8174,1,0.113,0.146,0.134667
111,veh3,veh5,10,5,0.5,728.127,11.198,6.39485,-78.504,18.4723,5,0.113,0.155,0.134667
111,veh3,veh8,10,6,0.4,690.528,11.198,7.27015,-80.3423,16.634,6,0.113,0.149,0.134667
111,veh3,veh4,10,8,0.2,266.027,11.198,7.55444,-71.9996,24.9767,8,0.113,0.091,0.134667
111,veh3,veh2,10,4,0.6,610.781,11.198,0,-73.2944,23.6818,4,0.113,0.132,0.134667
111,veh3,veh1,10,9,0.1,255.954,11.198,0.0362394,-70.7709,26.2054,9,0.113,0.13,0.134667
111,veh3,veh10,10,2,0.8,631.477,11.198,8.44665,-78.9043,18.072,2,0.113,0.148,0.134667
111,veh4,veh11,10,10,0,26.1349,7.55444,8.18801,-53.2233,32.5278,10,0.091,0.113,0.134667
111,veh4,veh9,10,3,0.7,639.448,7.55444,7.06192,-76.8295,20.1468,3,0.091,0.124,0.134667
111,veh4,veh7,10,0,1,704.744,7.55444,0.005112,nan,nan,0,0.091,0.158,0.134667
111,veh4,veh6,10,1,0.9,618.845,7.55444,1.53953,-75.553,21.4232,1,0.091,0.157,0.134667
111,veh4,veh12,10,0,1,976.67,7.55444,13.4303,nan,nan,0,0.091,0.146,0.134667
111,veh4,veh5,10,0,1,820.57,7.55444,6.39485,nan,nan,0,0.091,0.155,0.134667
111,veh4,veh8,10,0,1,755.616,7.55444,7.27015,nan,nan,0,0.091,0.149,0.134667
111,veh4,veh3,10,6,0.4,266.027,7.55444,11.198,-71.0876,12.6071,6,0.091,0.113,0.134667
111,veh4,veh2,10,1,0.9,627.255,7.55444,0,-78.5636,18.4127,1,0.091,0.132,0.134667
111,veh4,veh1,10,9,0.1,324.08,7.55444,0.0362394,-72.2302,9.06877,9,0.091,0.13,0.134667
111,veh4,veh10,10,0,1,816.801,7.55444,8.44665,nan,nan,0,0.091,0.148,0.134667
111,veh2,veh11,10,4,0.6,652.804,0,8.18801,-77.7785,19.1978,4,0.132,0.113,0.134667
111,veh2,veh9,10,5,0.5,595.086,0,7.06192,-76.5814,20.3949,5,0.132,0.124,0.134667
111,veh2,veh7,10,10,0,160.971,0,0.005112,-67.3544,29.6219,10,0.132,0.158,0.134667
111,veh2,veh6,10,8,0.2,329.995,0,1.53953,-72.9503,24.026,8,0.132,0.157,0.134667
111,veh2,veh12,10,9,0.1,350.399,0,13.4303,-76.0984,20.8779,9,0.132,0.146,0.134667
111,veh2,veh5,10,10,0,256.452,0,6.39485,-70.0193,26.957,10,0.132,0.155,0.134667
111,veh2,veh8,10,10,0,162.954,0,7.27015,-73.052,23.9242,10,0.132,0.149,0.134667
111,veh2,veh3,10,6,0.4,610.781,0,11.198,-77.8186,19.1577,6,0.132,0.113,0.134667
111,veh2,veh4,10,8,0.2,627.255,0,7.55444,-76.3743,20.602,8,0.132,0.091,0.134667
111,veh2,veh1,10,7,0.3,356.095,0,0.0362394,-73.2584,23.7179,7,0.132,0.13,0.134667
111,veh2,veh10,10,8,0.2,475.261,0,8.44665,-76.6721,20.3042,8,0.132,0.148,0.134667
111,veh1,veh11,10,7,0.3,345.485,0.0362394,8.18801,-76.0771,20.8992,7,0.13,0.113,0.134667
111,veh1,veh9,10,5,0.5,403.613,0.0362394,7.06192,-76.0984,20.8779,5,0.13,0.124,0.134667
111,veh1,veh7,10,3,0.7,392.99,0.0362394,0.005112,-75.653,21.3233,3,0.13,0.158,0.134667
111,veh1,veh6,10,5,0.5,299.504,0.0362394,1.53953,-74.3423,22.634,5,0.13,0.157,0.134667
111,veh1,veh12,10,2,0.8,686.966,0.0362394,13.4303,-80.1759,16.8004,2,0.13,0.146,0.134667
111,veh1,veh5,10,5,0.5,505.247,0.0362394,6.39485,-79.0222,17.9541,5,0.13,0.155,0.134667
111,veh1,veh8,10,5,0.5,451.823,0.0362394,7.27015,-75.7356,21.2407,5,0.13,0.149,0.134667
111,veh1,veh3,10,9,0.1,255.954,0.0362394,11.198,-71.638,25.3383,9,0.13,0.113,0.134667
111,veh1,veh4,10,8,0.2,324.08,0.0362394,7.55444,-72.6876,24.2887,8,0.13,0.091,0.134667
111,veh1,veh2,10,1,0.9,356.095,0.0362394,0,-78.1231,18.8532,1,0.13,0.132,0.134667
111,veh1,veh10,10,4,0.6,503.463,0.0362394,8.44665,-78.2764,18.6999,4,0.13,0.148,0.134667
111,veh10,veh11,10,0,1,834.562,8.44665,8.18801,nan,nan,0,0.148,0.113,0.134667
111,veh10,veh9,10,8,0.2,313.262,8.44665,7.06192,-73.9861,22.9902,8,0.148,0.124,0.134667
111,veh10,veh7,10,9,0.1,325.866,8.44665,0.005112,-73.2769,23.6994,9,0.148,0.158,0.134667
111,veh10,veh6,10,9,0.1,206.525,8.44665,1.53953,-69.1516,27.8247,9,0.148,0.157,0.134667
111,veh10,veh12,10,7,0.3,539.468,8.44665,13.4303,-76.1962,20.7801,7,0.148,0.146,0.134667
111,veh10,veh5,10,10,0,311.888,8.44665,6.39485,-74.5819,22.3944,10,0.148,0.155,0.134667
111,veh10,veh8,10,8,0.2,373.009,8.44665,7.27015,-75.0154,21.9609,8,0.148,0.149,0.134667
111,veh10,veh3,10,1,0.9,631.477,8.44665,11.198,-77.2171,19.7592,1,0.148,0.113,0.134667
111,veh10,veh4,10,1,0.9,816.801,8.44665,7.55444,-77.0533,19.923,1,0.148,0.091,0.134667
111,veh10,veh2,10,8,0.2,475.261,8.44665,0,-75.3796,21.5967,8,0.148,0.132,0.134667
111,veh10,veh1,10,8,0.2,503.463,8.44665,0.0362394,-76.8925,20.0837,8,0.148,0.13,0.134667
112,veh11,veh9,10,4,0.6,645.41,7.78418,6.39814,-79.6809,17.2954,4,0.107,0.119,0.134833
112,veh11,veh7,10,3,0.7,735.241,7.78418,0.00266474,-78.1689,18.8073,3,0.107,0.155,0.134833
112,veh11,veh6,10,2,0.8,645.468,7.78418,3.73473,-81.5296,15.4467,2,0.107,0.143,0.134833
112,veh11,veh12,10,1,0.9,1013.01,7.78418,14.1392,-80.5873,16.3889,1,0.107,0.143,0.134833
112,veh11,veh5,10,6,0.4,845.5,7.78418,6.62273,-78.9348,18.0415,6,0.107,0.157,0.134833
112,veh11,veh8,10,8,0.2,780.612,7.78418,7.62806,-77.4817,19.4945,8,0.107,0.15,0.134833
112,veh11,veh3,10,10,0,268.847,7.78418,13.6587,-71.8388,25.1375,10,0.107,0.112,0.134833
112,veh11,veh4,10,10,0,31.3224,7.78418,4.44468,-54.4976,42.4787,10,0.107,0.111,0.134833
112,veh11,veh2,10,6,0.4,660.141,7.78418,0,-76.495,20.4812,6,0.107,0.153,0.134833
112,veh11,veh1,10,10,0,351.364,7.78418,0.00908547,-73.8027,23.1736,10,0.107,0.13,0.134833
112,veh11,veh10,10,3,0.7,834.933,7.78418,8.31859,-78.1341,18.8422,3,0.107,0.138,0.134833
112,veh9,veh11,10,7,0.3,645.41,6.39814,7.78418,-77.2573,18.9945,7,0.119,0.107,0.134833
112,veh9,veh7,10,9,0.1,503.09,6.39814,0.00266474,-79.0503,17.9259,9,0.119,0.155,0.134833
112,veh9,veh6,10,8,0.2,277.397,6.39814,3.73473,-71.5521,25.4242,8,0.119,0.143,0.134833
112,veh9,veh12,10,5,0.5,786.883,6.39814,14.1392,-79.3269,13.9199,5,0.119,0.143,0.134833
112,veh9,veh5,10,6,0.4,548.174,6.39814,6.62273,-75.5312,21.4451,6,0.119,0.157,0.134833
112,veh9,veh8,10,5,0.5,564.289,6.39814,7.62806,-75.0133,21.963,5,0.119,0.15,0.134833
112,veh9,veh3,10,8,0.2,384.742,6.39814,13.6587,-75.6358,19.4525,8,0.119,0.112,0.134833
112,veh9,veh4,10,6,0.4,636.918,6.39814,4.44468,-78.7777,16.0345,6,0.119,0.111,0.134833
112,veh9,veh2,10,5,0.5,591.26,6.39814,0,-78.971,18.0053,5,0.119,0.153,0.134833
112,veh9,veh1,10,8,0.2,397.514,6.39814,0.00908547,-76.1529,20.1338,8,0.119,0.13,0.134833
112,veh9,veh10,10,9,0.1,307.076,6.39814,8.31859,-75.8194,19.1638,9,0.119,0.138,0.134833
112,veh7,veh11,10,5,0.5,735.241,0.00266474,7.78418,-77.9128,19.0635,5,0.155,0.107,0.134833
112,veh7,veh9,10,5,0.5,503.09,0.00266474,6.39814,-78.9513,18.025,5,0.155,0.119,0.134833
112,veh7,veh6,10,8,0.2,225.775,0.00266474,3.73473,-72.7914,24.1848,8,0.155,0.143,0.134833
112,veh7,veh12,10,8,0.2,308.044,0.00266474,14.1392,-74.0275,22.9488,8,0.155,0.143,0.134833
112,veh7,veh5,10,7,0.3,112.704,0.00266474,6.62273,-68.2329,28.7434,7,0.155,0.157,0.134833
112,veh7,veh8,10,10,0,62.838,0.00266474,7.62806,-60.1249,36.8513,10,0.155,0.15,0.134833
112,veh7,veh3,10,6,0.4,612.25,0.00266474,13.6587,-77.709,19.2673,6,0.155,0.112,0.134833
112,veh7,veh4,10,5,0.5,708.522,0.00266474,4.44468,-79.5166,17.4597,5,0.155,0.111,0.134833
112,veh7,veh2,10,8,0.2,160.969,0.00266474,0,-66.8998,30.0765,8,0.155,0.153,0.134833
112,veh7,veh1,10,8,0.2,392.981,0.00266474,0.00908547,-75.7894,21.1869,8,0.155,0.13,0.134833
112,veh7,veh10,10,8,0.2,330.089,0.00266474,8.31859,-76.7634,20.2129,8,0.155,0.138,0.134833
112,veh6,veh11,10,4,0.6,645.468,3.73473,7.78418,-78.0871,8.36102,4,0.143,0.107,0.134833
112,veh6,veh9,10,8,0.2,277.397,3.73473,6.39814,-75.1781,13.0385,8,0.143,0.119,0.134833
112,veh6,veh7,10,6,0.4,225.775,3.73473,0.00266474,-69.2576,8.26255,6,0.143,0.155,0.134833
112,veh6,veh12,10,0,1,518.55,3.73473,14.1392,nan,nan,0,0.143,0.143,0.134833
112,veh6,veh5,10,4,0.6,283.217,3.73473,6.62273,-68.1545,13.3541,4,0.143,0.157,0.134833
112,veh6,veh8,10,2,0.8,287.397,3.73473,7.62806,-73.8891,12.7664,2,0.143,0.15,0.134833
112,veh6,veh3,10,7,0.3,454.996,3.73473,13.6587,-73.9914,9.47632,7,0.143,0.112,0.134833
112,veh6,veh4,10,5,0.5,624.988,3.73473,4.44468,-77.1195,9.64651,5,0.143,0.111,0.134833
112,veh6,veh2,10,3,0.7,327.481,3.73473,0,-75.5987,9.14134,3,0.143,0.153,0.134833
112,veh6,veh1,10,8,0.2,301.164,3.73473,0.00908547,-75.2559,9.29444,8,0.143,0.13,0.134833
112,veh6,veh10,10,8,0.2,203.852,3.73473,8.31859,-71.5512,8.18469,8,0.143,0.138,0.134833
112,veh12,veh11,10,1,0.9,1013.01,14.1392,7.78418,-77.2487,19.7276,1,0.143,0.107,0.134833
112,veh12,veh9,10,4,0.6,786.883,14.1392,6.39814,-79.5156,13.5723,4,0.143,0.119,0.134833
112,veh12,veh7,10,5,0.5,308.044,14.1392,0.00266474,-71.8898,25.0864,5,0.143,0.155,0.134833
112,veh12,veh6,10,5,0.5,518.55,14.1392,3.73473,-77.4018,19.5745,5,0.143,0.143,0.134833
112,veh12,veh5,10,5,0.5,238.746,14.1392,6.62273,-69.4566,27.5197,5,0.143,0.157,0.134833
112,veh12,veh8,10,7,0.3,247.901,14.1392,7.62806,-71.7375,25.2388,7,0.143,0.15,0.134833
112,veh12,veh3,10,2,0.8,917.257,14.1392,13.6587,-80.8922,16.0841,2,0.143,0.112,0.134833
112,veh12,veh4,10,1,0.9,984.035,14.1392,4.44468,-78.4524,18.5239,1,0.143,0.111,0.134833
112,veh12,veh2,10,7,0.3,355.259,14.1392,0,-75.8578,21.1185,7,0.143,0.153,0.134833
112,veh12,veh1,10,4,0.6,688.434,14.1392,0.00908547,-79.4022,14.2331,4,0.143,0.13,0.134833
112,veh12,veh10,10,4,0.6,537.63,14.1392,8.31859,-78.4235,18.5528,4,0.143,0.138,0.134833
112,veh5,veh11,10,0,1,845.5,6.62273,7.78418,nan,nan,0,0.157,0.107,0.134833
112,veh5,veh9,10,4,0.6,548.174,6.62273,6.39814,-75.4184,16.265,4,0.157,0.119,0.134833
112,veh5,veh7,10,10,0,112.704,6.62273,0.00266474,-68.151,17.3789,10,0.157,0.155,0.134833
112,veh5,veh6,10,9,0.1,283.217,6.62273,3.73473,-72.3469,10.6041,9,0.157,0.143,0.134833
112,veh5,veh12,10,8,0.2,238.746,6.62273,14.1392,-70.3837,17.5817,8,0.157,0.143,0.134833
112,veh5,veh8,10,10,0,95.9383,6.62273,7.62806,-66.7009,16.4354,10,0.157,0.15,0.134833
112,veh5,veh3,10,1,0.9,709.097,6.62273,13.6587,-74.266,22.7103,1,0.157,0.112,0.134833
112,veh5,veh4,10,0,1,819.259,6.62273,4.44468,nan,nan,0,0.157,0.111,0.134833
112,veh5,veh2,10,6,0.4,254.692,6.62273,0,-72.5835,10.5308,6,0.157,0.153,0.134833
112,veh5,veh1,10,1,0.9,499.659,6.62273,0.00908547,-74.7285,22.2478,1,0.157,0.13,0.134833
112,veh5,veh10,10,6,0.4,313.211,6.62273,8.31859,-75.62,13.543,6,0.157,0.138,0.134833
112,veh8,veh11,10,2,0.8,780.612,7.62806,7.78418,-79.6641,17.3122,2,0.15,0.107,0.134833
112,veh8,veh9,10,7,0.3,564.289,7.62806,6.39814,-77.3269,19.6494,7,0.15,0.119,0.134833
112,veh8,veh7,10,10,0,62.838,7.62806,0.00266474,-60.881,36.0953,10,0.15,0.155,0.134833
112,veh8,veh6,10,9,0.1,287.397,7.62806,3.73473,-72.3314,24.6448,9,0.15,0.143,0.134833
112,veh8,veh12,10,9,0.1,247.901,7.62806,14.1392,-73.7693,23.207,9,0.15,0.143,0.134833
112,veh8,veh5,10,9,0.1,95.9383,7.62806,6.62273,-65.9422,31.0341,9,0.15,0.157,0.134833
112,veh8,veh3,10,3,0.7,669.76,7.62806,13.6587,-78.993,17.9833,3,0.15,0.112,0.134833
112,veh8,veh4,10,3,0.7,752.974,7.62806,4.44468,-76.7965,20.1798,3,0.15,0.111,0.134833
112,veh8,veh2,10,10,0,160.243,7.62806,0,-68.7175,28.2588,10,0.15,0.153,0.134833
112,veh8,veh1,10,7,0.3,444.794,7.62806,0.00908547,-77.7905,19.1858,7,0.15,0.13,0.134833
112,veh8,veh10,10,7,0.3,373.462,7.62806,8.31859,-76.7464,20.2299,7,0.15,0.138,0.134833
112,veh3,veh11,10,8,0.2,268.847,13.6587,7.78418,-74.23,22.7463,8,0.112,0.107,0.134833
112,veh3,veh9,10,7,0.3,384.742,13.6587,6.39814,-74.2562,22.7201,7,0.112,0.119,0.134833
112,veh3,veh7,10,7,0.3,612.25,13.6587,0.00266474,-77.8964,19.0799,7,0.112,0.155,0.134833
112,veh3,veh6,10,5,0.5,454.996,13.6587,3.73473,-77.871,19.1053,5,0.112,0.143,0.134833
112,veh3,veh12,10,4,0.6,917.257,13.6587,14.1392,-77.7066,19.2697,4,0.112,0.143,0.134833
112,veh3,veh5,10,7,0.3,709.097,13.6587,6.62273,-79.1243,17.852,7,0.112,0.157,0.134833
112,veh3,veh8,10,3,0.7,669.76,13.6587,7.62806,-79.1823,17.7939,3,0.112,0.15,0.134833
112,veh3,veh4,10,9,0.1,267.282,13.6587,4.44468,-74.312,22.6643,9,0.112,0.111,0.134833
112,veh3,veh2,10,6,0.4,597.032,13.6587,0,-78.2002,18.7761,6,0.112,0.153,0.134833
112,veh3,veh1,10,9,0.1,242.235,13.6587,0.00908547,-74.3058,22.6705,9,0.112,0.13,0.134833
112,veh3,veh10,10,4,0.6,616.34,13.6587,8.31859,-76.89,20.0863,4,0.112,0.138,0.134833
112,veh4,veh11,10,10,0,31.3224,4.44468,7.78418,-53.3469,30.7689,10,0.111,0.107,0.134833
112,veh4,veh9,10,3,0.7,636.918,4.44468,6.39814,-75.376,21.6003,3,0.111,0.119,0.134833
112,veh4,veh7,10,0,1,708.522,4.44468,0.00266474,nan,nan,0,0.111,0.155,0.134833
112,veh4,veh6,10,0,1,624.988,4.44468,3.73473,nan,nan,0,0.111,0.143,0.134833
112,veh4,veh12,10,0,1,984.035,4.44468,14.1392,nan,nan,0,0.111,0.143,0.134833
112,veh4,veh5,10,0,1,819.259,4.44468,6.62273,nan,nan,0,0.111,0.157,0.134833
112,veh4,veh8,10,0,1,752.974,4.44468,7.62806,nan,nan,0,0.111,0.15,0.134833
112,veh4,veh3,10,4,0.6,267.282,4.44468,13.6587,-68.2881,13.6015,4,0.111,0.112,0.134833
112,veh4,veh2,10,0,1,630.623,4.44468,0,nan,nan,0,0.111,0.153,0.134833
112,veh4,veh1,10,4,0.6,328.102,4.44468,0.00908547,-72.8213,11.6762,4,0.111,0.13,0.134833
112,veh4,veh10,10,0,1,816.906,4.44468,8.31859,nan,nan,0,0.111,0.138,0.134833
112,veh2,veh11,10,4,0.6,660.141,0,7.78418,-78.1442,18.832,4,0.153,0.107,0.134833
112,veh2,veh9,10,4,0.6,591.26,0,6.39814,-79.9879,16.9884,4,0.153,0.119,0.134833
112,veh2,veh7,10,9,0.1,160.969,0,0.00266474,-69.3812,27.5951,9,0.153,0.155,0.134833
112,veh2,veh6,10,8,0.2,327.481,0,3.73473,-73.5352,23.441,8,0.153,0.143,0.134833
112,veh2,veh12,10,8,0.2,355.259,0,14.1392,-77.5811,19.3952,8,0.153,0.143,0.134833
112,veh2,veh5,10,7,0.3,254.692,0,6.62273,-72.7004,24.2759,7,0.153,0.157,0.134833
112,veh2,veh8,10,9,0.1,160.243,0,7.62806,-70.4966,26.4797,9,0.153,0.15,0.134833
112,veh2,veh3,10,4,0.6,597.032,0,13.6587,-77.8301,19.1462,4,0.153,0.112,0.134833
112,veh2,veh4,10,6,0.4,630.623,0,4.44468,-76.6379,20.3384,6,0.153,0.111,0.134833
112,veh2,veh1,10,8,0.2,356.086,0,0.00908547,-75.5627,21.4136,8,0.153,0.13,0.134833
112,veh2,veh10,10,5,0.5,478.322,0,8.31859,-79.2488,17.7275,5,0.153,0.138,0.134833
112,veh1,veh11,10,7,0.3,351.364,0.00908547,7.78418,-75.1234,21.8528,7,0.13,0.107,0.134833
112,veh1,veh9,10,4,0.6,397.514,0.00908547,6.39814,-76.3314,20.6449,4,0.13,0.119,0.134833
112,veh1,veh7,10,3,0.7,392.981,0.00908547,0.00266474,-75.5753,21.401,3,0.13,0.155,0.134833
112,veh1,veh6,10,3,0.7,301.164,0.00908547,3.73473,-73.5632,23.4131,3,0.13,0.143,0.134833
112,veh1,veh12,10,2,0.8,688.434,0.00908547,14.1392,-79.2734,17.7029,2,0.13,0.143,0.134833
112,veh1,veh5,10,5,0.5,499.659,0.00908547,6.62273,-77.9254,19.0509,5,0.13,0.157,0.134833
112,veh1,veh8,10,4,0.6,444.794,0.00908547,7.62806,-75.8473,21.129,4,0.13,0.15,0.134833
112,veh1,veh3,10,8,0.2,242.235,0.00908547,13.6587,-77.4665,19.5098,8,0.13,0.112,0.134833
112,veh1,veh4,10,10,0,328.102,0.00908547,4.44468,-72.836,24.1403,10,0.13,0.111,0.134833
112,veh1,veh2,10,2,0.8,356.086,0.00908547,0,-73.1963,23.78,2,0.13,0.153,0.134833
112,veh1,veh10,10,2,0.8,500.48,0.00908547,8.31859,-76.946,20.0303,2,0.13,0.138,0.134833
112,veh10,veh11,10,3,0.7,834.933,8.31859,7.78418,-79.8417,17.1346,3,0.138,0.107,0.134833
112,veh10,veh9,10,6,0.4,307.076,8.31859,6.39814,-73.4515,23.5248,6,0.138,0.119,0.134833
112,veh10,veh7,10,10,0,330.089,8.31859,0.00266474,-77.3451,19.6311,10,0.138,0.155,0.134833
112,veh10,veh6,10,10,0,203.852,8.31859,3.73473,-72.1687,24.8076,10,0.138,0.143,0.134833
112,veh10,veh12,10,3,0.7,537.63,8.31859,14.1392,-74.1345,22.8418,3,0.138,0.143,0.134833
112,veh10,veh5,10,9,0.1,313.211,8.31859,6.62273,-73.545,23.4313,9,0.138,0.157,0.134833
112,veh10,veh8,10,7,0.3,373.462,8.31859,7.62806,-78.624,18.3523,7,0.138,0.15,0.134833
112,veh10,veh3,10,2,0.8,616.34,8.31859,13.6587,-78.9734,18.0028,2,0.138,0.112,0.134833
112,veh10,veh4,10,4,0.6,816.906,8.31859,4.44468,-80.7624,16.2139,4,0.138,0.111,0.134833
112,veh10,veh2,10,9,0.1,478.322,8.31859,0,-77.4751,19.5012,9,0.138,0.153,0.134833
112,veh10,veh1,10,6,0.4,500.48,8.31859,0.00908547,-75.6409,21.3354,6,0.138,0.13,0.134833
113,veh11,veh9,10,5,0.5,640.998,8.45573,7.04397,-79.041,17.9353,5,0.116,0.131,0.135
113,veh11,veh7,10,4,0.6,742.493,8.45573,0.000185728,-78.571,18.4053,4,0.116,0.139,0.135
113,veh11,veh6,10,6,0.4,654.343,8.45573,5.41731,-76.3753,20.601,6,0.116,0.147,0.135
113,veh11,veh12,10,3,0.7,1024.78,8.45573,14.0339,-79.7243,17.252,3,0.116,0.149,0.135
113,veh11,veh5,10,3,0.7,847.907,8.45573,5.98759,-78.8621,18.1142,3,0.116,0.149,0.135
113,veh11,veh8,10,2,0.8,781.649,8.45573,7.70194,-79.2146,17.7617,2,0.116,0.148,0.135
113,veh11,veh3,10,8,0.2,270.723,8.45573,14.3295,-71.2625,25.7138,8,0.116,0.113,0.135
113,veh11,veh4,10,10,0,34.9391,8.45573,4.92681,-55.1234,41.8529,10,0.116,0.104,0.135
113,veh11,veh2,10,5,0.5,668.668,8.45573,1.45939,-79.6865,17.2898,5,0.116,0.145,0.135
113,veh11,veh1,10,7,0.3,357.825,8.45573,0.000559932,-73.8664,23.1098,7,0.116,0.13,0.135
113,veh11,veh10,10,2,0.8,835.34,8.45573,9.02884,-78.4755,18.5007,2,0.116,0.149,0.135
113,veh9,veh11,10,5,0.5,640.998,7.04397,8.45573,-80.062,11.8866,5,0.131,0.116,0.135
113,veh9,veh7,10,5,0.5,500.459,7.04397,0.000185728,-77.7152,19.261,5,0.131,0.139,0.135
113,veh9,veh6,10,8,0.2,279.719,7.04397,5.41731,-75.7939,16.2087,8,0.131,0.147,0.135
113,veh9,veh12,10,3,0.7,780.153,7.04397,14.0339,-78.1766,18.7997,3,0.131,0.149,0.135
113,veh9,veh5,10,4,0.6,540.987,7.04397,5.98759,-79.617,17.3593,4,0.131,0.149,0.135
113,veh9,veh8,10,4,0.6,554.629,7.04397,7.70194,-77.825,19.1513,4,0.131,0.148,0.135
113,veh9,veh3,10,6,0.4,373.628,7.04397,14.3295,-76.9772,15.0859,6,0.131,0.113,0.135
113,veh9,veh4,10,4,0.6,631.314,7.04397,4.92681,-76.6659,20.3104,4,0.131,0.104,0.135
113,veh9,veh2,10,3,0.7,586.186,7.04397,1.45939,-78.1335,18.8428,3,0.131,0.145,0.135
113,veh9,veh1,10,6,0.4,390.805,7.04397,0.000559932,-74.4359,15.1012,6,0.131,0.13,0.135
113,veh9,veh10,10,7,0.3,300.663,7.04397,9.02884,-77.7928,17.1745,7,0.131,0.149,0.135
113,veh7,veh11,10,3,0.7,742.493,0.000185728,8.45573,-80.4894,16.4869,3,0.139,0.116,0.135
113,veh7,veh9,10,4,0.6,500.459,0.000185728,7.04397,-77.016,19.9603,4,0.139,0.131,0.135
113,veh7,veh6,10,6,0.4,220.741,0.000185728,5.41731,-71.1238,25.8525,6,0.139,0.147,0.135
113,veh7,veh12,10,6,0.4,307.032,0.000185728,14.0339,-76.3426,20.6337,6,0.139,0.149,0.135
113,veh7,veh5,10,7,0.3,108.905,0.000185728,5.98759,-64.432,32.5443,7,0.139,0.149,0.135
113,veh7,veh8,10,9,0.1,55.2441,0.000185728,7.70194,-62.1617,34.8146,9,0.139,0.148,0.135
113,veh7,veh3,10,4,0.6,598.417,0.000185728,14.3295,-77.1525,19.8237,4,0.139,0.113,0.135
113,veh7,veh4,10,0,1,712.704,0.000185728,4.92681,nan,nan,0,0.139,0.104,0.135
113,veh7,veh2,10,8,0.2,159.518,0.000185728,1.45939,-67.8219,29.1544,8,0.139,0.145,0.135
113,veh7,veh1,10,4,0.6,392.98,0.000185728,0.000559932,-75.3877,21.5886,4,0.139,0.13,0.135
113,veh7,veh10,10,5,0.5,334.843,0.000185728,9.02884,-75.3643,21.612,5,0.139,0.149,0.135
113,veh6,veh11,10,4,0.6,654.343,5.41731,8.45573,-77.7831,14.4764,4,0.147,0.116,0.135
113,veh6,veh9,10,7,0.3,279.719,5.41731,7.04397,-71.9851,12.3409,7,0.147,0.131,0.135
113,veh6,veh7,10,7,0.3,220.741,5.41731,0.000185728,-70.0455,10.821,7,0.147,0.139,0.135
113,veh6,veh12,10,3,0.7,509.179,5.41731,14.0339,-76.1066,20.8697,3,0.147,0.149,0.135
113,veh6,veh5,10,5,0.5,271.811,5.41731,5.98759,-68.7885,10.9365,5,0.147,0.149,0.135
113,veh6,veh8,10,5,0.5,275.012,5.41731,7.70194,-72.0115,8.86472,5,0.147,0.148,0.135
113,veh6,veh3,10,8,0.2,447.554,5.41731,14.3295,-76.5928,13.1347,8,0.147,0.113,0.135
113,veh6,veh4,10,2,0.8,631.259,5.41731,4.92681,-75.4092,13.1403,2,0.147,0.104,0.135
113,veh6,veh2,10,3,0.7,322.743,5.41731,1.45939,-72.2669,12.3526,3,0.147,0.145,0.135
113,veh6,veh1,10,9,0.1,303.642,5.41731,0.000559932,-74.9216,8.97668,9,0.147,0.13,0.135
113,veh6,veh10,10,4,0.6,201.555,5.41731,9.02884,-68.3548,17.9927,4,0.147,0.149,0.135
113,veh12,veh11,10,2,0.8,1024.78,14.0339,8.45573,-79.2618,17.7145,2,0.149,0.116,0.135
113,veh12,veh9,10,5,0.5,780.153,14.0339,7.04397,-78.9764,17.9999,5,0.149,0.131,0.135
113,veh12,veh7,10,4,0.6,307.032,14.0339,0.000185728,-71.4715,25.5048,4,0.149,0.139,0.135
113,veh12,veh6,10,7,0.3,509.179,14.0339,5.41731,-76.6181,20.3582,7,0.149,0.147,0.135
113,veh12,veh5,10,6,0.4,239.23,14.0339,5.98759,-71.7904,25.1859,6,0.149,0.149,0.135
113,veh12,veh8,10,8,0.2,255.394,14.0339,7.70194,-74.2099,20.313,8,0.149,0.148,0.135
113,veh12,veh3,10,1,0.9,903.643,14.0339,14.3295,-79.9707,17.0056,1,0.149,0.113,0.135
113,veh12,veh4,10,4,0.6,992.681,14.0339,4.92681,-80.7481,16.2282,4,0.149,0.104,0.135
113,veh12,veh2,10,6,0.4,359.852,14.0339,1.45939,-77.0606,19.9157,6,0.149,0.145,0.135
113,veh12,veh1,10,6,0.4,690.251,14.0339,0.000559932,-77.9219,19.0544,6,0.149,0.13,0.135
113,veh12,veh10,10,8,0.2,536.953,14.0339,9.02884,-78.2292,17.1866,8,0.149,0.149,0.135
113,veh5,veh11,10,0,1,847.907,5.98759,8.45573,nan,nan,0,0.149,0.116,0.135
113,veh5,veh9,10,5,0.5,540.987,5.98759,7.04397,-75.2781,7.61087,5,0.149,0.131,0.135
113,veh5,veh7,10,8,0.2,108.905,5.98759,0.000185728,-66.8277,15.3672,8,0.149,0.139,0.135
113,veh5,veh6,10,7,0.3,271.811,5.98759,5.41731,-71.0474,11.0992,7,0.149,0.147,0.135
113,veh5,veh12,10,8,0.2,239.23,5.98759,14.0339,-72.6371,15.7572,8,0.149,0.149,0.135
113,veh5,veh8,10,10,0,96.1647,5.98759,7.70194,-66.0078,15.4303,10,0.149,0.148,0.135
113,veh5,veh3,10,1,0.9,690.11,5.98759,14.3295,-73.789,23.1873,1,0.149,0.113,0.135
113,veh5,veh4,10,0,1,818.746,5.98759,4.92681,nan,nan,0,0.149,0.104,0.135
113,veh5,veh2,10,7,0.3,251.846,5.98759,1.45939,-69.7822,13.409,7,0.149,0.145,0.135
113,veh5,veh1,10,0,1,494.637,5.98759,0.000559932,nan,nan,0,0.149,0.13,0.135
113,veh5,veh10,10,7,0.3,315.59,5.98759,9.02884,-74.9246,9.39389,7,0.149,0.149,0.135
113,veh8,veh11,10,3,0.7,781.649,7.70194,8.45573,-80.7113,16.265,3,0.148,0.116,0.135
113,veh8,veh9,10,6,0.4,554.629,7.70194,7.04397,-78.959,18.0173,6,0.148,0.131,0.135
113,veh8,veh7,10,10,0,55.2441,7.70194,0.000185728,-59.8533,37.123,10,0.148,0.139,0.135
113,veh8,veh6,10,6,0.4,275.012,7.70194,5.41731,-72.5402,24.4361,6,0.148,0.147,0.135
113,veh8,veh12,10,8,0.2,255.394,7.70194,14.0339,-72.5251,24.4512,8,0.148,0.149,0.135
113,veh8,veh5,10,10,0,96.1647,7.70194,5.98759,-65.7264,31.2499,10,0.148,0.149,0.135
113,veh8,veh3,10,5,0.5,648.306,7.70194,14.3295,-77.0482,19.928,5,0.148,0.113,0.135
113,veh8,veh4,10,5,0.5,750.938,7.70194,4.92681,-78.6094,18.3668,5,0.148,0.104,0.135
113,veh8,veh2,10,10,0,156.466,7.70194,1.45939,-69.4548,27.5215,10,0.148,0.145,0.135
113,veh8,veh1,10,8,0.2,437.725,7.70194,0.000559932,-75.6894,21.2868,8,0.148,0.13,0.135
113,veh8,veh10,10,7,0.3,374.314,7.70194,9.02884,-78.9527,18.0236,7,0.148,0.149,0.135
113,veh3,veh11,10,10,0,270.723,14.3295,8.45573,-73.9218,23.0545,10,0.113,0.116,0.135
113,veh3,veh9,10,7,0.3,373.628,14.3295,7.04397,-74.2099,22.7664,7,0.113,0.131,0.135
113,veh3,veh7,10,5,0.5,598.417,14.3295,0.000185728,-76.0719,20.9044,5,0.113,0.139,0.135
113,veh3,veh6,10,6,0.4,447.554,14.3295,5.41731,-77.0148,19.9615,6,0.113,0.147,0.135
113,veh3,veh12,10,4,0.6,903.643,14.3295,14.0339,-79.9055,17.0707,4,0.113,0.149,0.135
113,veh3,veh5,10,6,0.4,690.11,14.3295,5.98759,-79.8925,17.0838,6,0.113,0.149,0.135
113,veh3,veh8,10,4,0.6,648.306,14.3295,7.70194,-76.3709,20.6054,4,0.113,0.148,0.135
113,veh3,veh4,10,8,0.2,266.442,14.3295,4.92681,-73.8995,23.0767,8,0.113,0.104,0.135
113,veh3,veh2,10,4,0.6,582.564,14.3295,1.45939,-77.2866,19.6897,4,0.113,0.145,0.135
113,veh3,veh1,10,9,0.1,227.836,14.3295,0.000559932,-72.7277,24.2486,9,0.113,0.13,0.135
113,veh3,veh10,10,4,0.6,600.725,14.3295,9.02884,-76.77,20.2063,4,0.113,0.149,0.135
113,veh4,veh11,10,10,0,34.9391,4.92681,8.45573,-57.8711,25.235,10,0.104,0.116,0.135
113,veh4,veh9,10,3,0.7,631.314,4.92681,7.04397,-74.5941,22.3822,3,0.104,0.131,0.135
113,veh4,veh7,10,0,1,712.704,4.92681,0.000185728,nan,nan,0,0.104,0.139,0.135
113,veh4,veh6,10,0,1,631.259,4.92681,5.41731,nan,nan,0,0.104,0.147,0.135
113,veh4,veh12,10,0,1,992.681,4.92681,14.0339,nan,nan,0,0.104,0.149,0.135
113,veh4,veh5,10,0,1,818.746,4.92681,5.98759,nan,nan,0,0.104,0.149,0.135
113,veh4,veh8,10,0,1,750.938,4.92681,7.70194,nan,nan,0,0.104,0.148,0.135
113,veh4,veh3,10,3,0.7,266.442,4.92681,14.3295,-77.2437,10.4574,3,0.104,0.113,0.135
113,veh4,veh2,10,1,0.9,635.792,4.92681,1.45939,-75.4577,21.5186,1,0.104,0.145,0.135
113,veh4,veh1,10,5,0.5,331.711,4.92681,0.000559932,-72.4253,7.94828,5,0.104,0.13,0.135
113,veh4,veh10,10,1,0.9,815.478,4.92681,9.02884,-81.2455,15.7308,1,0.104,0.149,0.135
113,veh2,veh11,10,6,0.4,668.668,1.45939,8.45573,-78.887,18.0893,6,0.145,0.116,0.135
113,veh2,veh9,10,5,0.5,586.186,1.45939,7.04397,-78.8973,18.079,5,0.145,0.131,0.135
113,veh2,veh7,10,10,0,159.518,1.45939,0.000185728,-69.9001,27.0762,10,0.145,0.139,0.135
113,veh2,veh6,10,10,0,322.743,1.45939,5.41731,-75.7478,21.2285,10,0.145,0.147,0.135
113,veh2,veh12,10,7,0.3,359.852,1.45939,14.0339,-74.5069,22.4694,7,0.145,0.149,0.135
113,veh2,veh5,10,8,0.2,251.846,1.45939,5.98759,-71.5162,25.4601,8,0.145,0.149,0.135
113,veh2,veh8,10,8,0.2,156.466,1.45939,7.70194,-72.6588,24.3175,8,0.145,0.148,0.135
113,veh2,veh3,10,4,0.6,582.564,1.45939,14.3295,-76.6278,20.3485,4,0.145,0.113,0.135
113,veh2,veh4,10,4,0.6,635.792,1.45939,4.92681,-78.5607,18.4155,4,0.145,0.104,0.135
113,veh2,veh1,10,7,0.3,356.121,1.45939,0.000559932,-74.5947,22.3816,7,0.145,0.13,0.135
113,veh2,veh10,10,6,0.4,480.425,1.45939,9.02884,-74.8401,22.1362,6,0.145,0.149,0.135
113,veh1,veh11,10,6,0.4,357.825,0.000559932,8.45573,-72.5027,24.4736,6,0.13,0.116,0.135
113,veh1,veh9,10,4,0.6,390.805,0.000559932,7.04397,-72.1106,24.8657,4,0.13,0.131,0.135
113,veh1,veh7,10,8,0.2,392.98,0.000559932,0.000185728,-73.5636,23.4127,8,0.13,0.139,0.135
113,veh1,veh6,10,7,0.3,303.642,0.000559932,5.41731,-71.6167,25.3596,7,0.13,0.147,0.135
113,veh1,veh12,10,3,0.7,690.251,0.000559932,14.0339,-76.3162,20.66,3,0.13,0.149,0.135
113,veh1,veh5,10,5,0.5,494.637,0.000559932,5.98759,-76.6982,20.2781,5,0.13,0.149,0.135
113,veh1,veh8,10,4,0.6,437.725,0.000559932,7.70194,-74.7217,22.2546,4,0.13,0.148,0.135
113,veh1,veh3,10,9,0.1,227.836,0.000559932,14.3295,-74.0083,22.968,9,0.13,0.113,0.135
113,veh1,veh4,10,6,0.4,331.711,0.000559932,4.92681,-73.2642,23.7121,6,0.13,0.104,0.135
113,veh1,veh2,10,6,0.4,356.121,0.000559932,1.45939,-76.0759,20.9004,6,0.13,0.145,0.135
113,veh1,veh10,10,5,0.5,497.384,0.000559932,9.02884,-76.9772,19.9991,5,0.13,0.149,0.135
113,veh10,veh11,10,4,0.6,835.34,9.02884,8.45573,-77.2283,19.7479,4,0.149,0.116,0.135
113,veh10,veh9,10,9,0.1,300.663,9.02884,7.04397,-72.8813,24.095,9,0.149,0.131,0.135
113,veh10,veh7,10,7,0.3,334.843,9.02884,0.000185728,-72.9062,24.0701,7,0.149,0.139,0.135
113,veh10,veh6,10,9,0.1,201.555,9.02884,5.41731,-73.2229,23.7534,9,0.149,0.147,0.135
113,veh10,veh12,10,8,0.2,536.953,9.02884,14.0339,-76.7162,20.2601,8,0.149,0.149,0.135
113,veh10,veh5,10,8,0.2,315.59,9.02884,5.98759,-74.2657,22.7106,8,0.149,0.149,0.135
113,veh10,veh8,10,6,0.4,374.314,9.02884,7.70194,-76.3504,20.6258,6,0.149,0.148,0.135
113,veh10,veh3,10,6,0.4,600.725,9.02884,14.3295,-79.5881,17.3881,6,0.149,0.113,0.135
113,veh10,veh4,10,3,0.7,815.478,9.02884,4.92681,-79.214,17.7623,3,0.149,0.104,0.135
113,veh10,veh2,10,5,0.5,480.425,9.02884,1.45939,-76.4636,20.5127,5,0.149,0.145,0.135
113,veh10,veh1,10,7,0.3,497.384,9.02884,0.000559932,-77.7252,19.251,7,0.149,0.13,0.135
114,veh11,veh9,10,4,0.6,636.698,8.1352,6.96986,-78.623,18.3533,4,0.094,0.123,0.133333
114,veh11,veh7,10,4,0.6,749.493,8.1352,0,-78.5256,18.4506,4,0.094,0.143,0.133333
114,veh11,veh6,10,3,0.7,664.238,8.1352,7.16278,-78.3437,18.6326,3,0.094,0.143,0.133333
114,veh11,veh12,10,1,0.9,1036.37,8.1352,14.1069,-74.8683,22.108,1,0.094,0.146,0.133333
114,veh11,veh5,10,3,0.7,849.497,8.1352,6.6866,-79.905,17.0713,3,0.094,0.157,0.133333
114,veh11,veh8,10,3,0.7,782.454,8.1352,7.64073,-74.7733,22.2029,3,0.094,0.149,0.133333
114,veh11,veh3,10,9,0.1,274.378,8.1352,14.1577,-71.8182,25.1581,9,0.094,0.113,0.133333
114,veh11,veh4,10,10,0,35.8745,8.1352,7.19995,-53.7485,43.2278,10,0.094,0.107,0.133333
114,veh11,veh2,10,6,0.4,677.4,8.1352,3.18723,-79.3175,17.6587,6,0.094,0.144,0.133333
114,veh11,veh1,10,7,0.3,364.119,8.1352,0.000366657,-76.8244,20.1518,7,0.094,0.138,0.133333
114,veh11,veh10,10,4,0.6,837.378,8.1352,5.40335,-78.8911,18.0852,4,0.094,0.143,0.133333
114,veh9,veh11,10,3,0.7,636.698,6.96986,8.1352,-76.1027,16.7764,3,0.123,0.094,0.133333
114,veh9,veh7,10,5,0.5,497.939,6.96986,0,-74.7447,22.2316,5,0.123,0.143,0.133333
114,veh9,veh6,10,8,0.2,283.968,6.96986,7.16278,-72.7554,18.9668,8,0.123,0.143,0.133333
114,veh9,veh12,10,2,0.8,773.93,6.96986,14.1069,-77.2496,19.7267,2,0.123,0.146,0.133333
114,veh9,veh5,10,6,0.4,533.188,6.96986,6.6866,-76.6522,20.3241,6,0.123,0.157,0.133333
114,veh9,veh8,10,4,0.6,545.078,6.96986,7.64073,-77.7833,19.1929,4,0.123,0.149,0.133333
114,veh9,veh3,10,7,0.3,363.006,6.96986,14.1577,-75.3609,16.4874,7,0.123,0.113,0.133333
114,veh9,veh4,10,6,0.4,626.286,6.96986,7.19995,-79.9605,14.4534,6,0.123,0.107,0.133333
114,veh9,veh2,10,3,0.7,580.038,6.96986,3.18723,-78.0457,18.9306,3,0.123,0.144,0.133333
114,veh9,veh1,10,6,0.4,384.179,6.96986,0.000366657,-75.3103,18.9793,6,0.123,0.138,0.133333
114,veh9,veh10,10,8,0.2,297.925,6.96986,5.40335,-73.6927,17.0394,8,0.123,0.143,0.133333
114,veh7,veh11,10,4,0.6,749.493,0,8.1352,-79.334,17.6422,4,0.143,0.094,0.133333
114,veh7,veh9,10,5,0.5,497.939,0,6.96986,-76.7648,20.2115,5,0.143,0.123,0.133333
114,veh7,veh6,10,7,0.3,214.113,0,7.16278,-70.4618,26.5145,7,0.143,0.143,0.133333
114,veh7,veh12,10,6,0.4,306.66,0,14.1069,-77.8791,19.0972,6,0.143,0.146,0.133333
114,veh7,veh5,10,9,0.1,104.906,0,6.6866,-70.3392,26.6371,9,0.143,0.157,0.133333
114,veh7,veh8,10,9,0.1,47.7441,0,7.64073,-60.2536,36.7227,9,0.143,0.149,0.133333
114,veh7,veh3,10,5,0.5,584.78,0,14.1577,-79.151,17.8253,5,0.143,0.113,0.133333
114,veh7,veh4,10,5,0.5,718.806,0,7.19995,-79.7407,17.2355,5,0.143,0.107,0.133333
114,veh7,veh2,10,9,0.1,156.334,0,3.18723,-69.1355,27.8408,9,0.143,0.144,0.133333
114,veh7,veh1,10,6,0.4,392.98,0,0.000366657,-75.1089,21.8674,6,0.143,0.138,0.133333
114,veh7,veh10,10,7,0.3,337.772,0,5.40335,-75.5472,21.4291,7,0.143,0.143,0.133333
114,veh6,veh11,10,5,0.5,664.238,7.16278,8.1352,-77.4618,10.3235,5,0.143,0.094,0.133333
114,veh6,veh9,10,8,0.2,283.968,7.16278,6.96986,-73.0025,11.8708,8,0.143,0.123,0.133333
114,veh6,veh7,10,2,0.8,214.113,7.16278,0,-65.2729,9.88618,2,0.143,0.143,0.133333
114,veh6,veh12,10,1,0.9,498.394,7.16278,14.1069,-78.5988,18.3775,1,0.143,0.146,0.133333
114,veh6,veh5,10,3,0.7,257.963,7.16278,6.6866,-70.2415,7.39098,3,0.143,0.157,0.133333
114,veh6,veh8,10,5,0.5,261.121,7.16278,7.64073,-71.2266,9.49149,5,0.143,0.149,0.133333
114,veh6,veh3,10,7,0.3,441.74,7.16278,14.1577,-75.8393,11.5778,7,0.143,0.113,0.133333
114,veh6,veh4,10,5,0.5,640.062,7.16278,7.19995,-77.423,10.0985,5,0.143,0.107,0.133333
114,veh6,veh2,10,7,0.3,315.43,7.16278,3.18723,-72.4973,8.61028,7,0.143,0.144,0.133333
114,veh6,veh1,10,7,0.3,307.036,7.16278,0.000366657,-73.1736,11.4412,7,0.143,0.138,0.133333
114,veh6,veh10,10,7,0.3,200.387,7.16278,5.40335,-69.6819,12.3251,7,0.143,0.143,0.133333
114,veh12,veh11,10,3,0.7,1036.37,14.1069,8.1352,-78.6395,18.3368,3,0.146,0.094,0.133333
114,veh12,veh9,10,6,0.4,773.93,14.1069,6.96986,-77.9807,18.9956,6,0.146,0.123,0.133333
114,veh12,veh7,10,7,0.3,306.66,14.1069,0,-77.6219,19.3543,7,0.146,0.143,0.133333
114,veh12,veh6,10,3,0.7,498.394,14.1069,7.16278,-80.1679,16.8083,3,0.146,0.143,0.133333
114,veh12,veh5,10,10,0,241.223,14.1069,6.6866,-72.5093,24.467,10,0.146,0.157,0.133333
114,veh12,veh8,10,8,0.2,263.429,14.1069,7.64073,-73.2344,23.7419,8,0.146,0.149,0.133333
114,veh12,veh3,10,0,1,890.54,14.1069,14.1577,nan,nan,0,0.146,0.113,0.133333
114,veh12,veh4,10,1,0.9,1003.56,14.1069,7.19995,-80.0084,16.9679,1,0.146,0.107,0.133333
114,veh12,veh2,10,8,0.2,364.003,14.1069,3.18723,-74.0677,22.9086,8,0.146,0.144,0.133333
114,veh12,veh1,10,6,0.4,692.355,14.1069,0.000366657,-79.2729,17.7034,6,0.146,0.138,0.133333
114,veh12,veh10,10,8,0.2,533.371,14.1069,5.40335,-79.2265,17.7498,8,0.146,0.143,0.133333
114,veh5,veh11,10,0,1,849.497,6.6866,8.1352,nan,nan,0,0.157,0.094,0.133333
114,veh5,veh9,10,5,0.5,533.188,6.6866,6.96986,-74.1262,12.8787,5,0.157,0.123,0.133333
114,veh5,veh7,10,9,0.1,104.906,6.6866,0,-64.5165,18.5622,9,0.157,0.143,0.133333
114,veh5,veh6,10,6,0.4,257.963,6.6866,7.16278,-71.8521,9.63277,6,0.157,0.143,0.133333
114,veh5,veh12,10,9,0.1,241.223,6.6866,14.1069,-72.1927,14.4028,9,0.157,0.146,0.133333
114,veh5,veh8,10,9,0.1,96.3093,6.6866,7.64073,-64.8313,20.9706,9,0.157,0.149,0.133333
114,veh5,veh3,10,1,0.9,670.723,6.6866,14.1577,-80.8765,16.0997,1,0.157,0.113,0.133333
114,veh5,veh4,10,0,1,819.555,6.6866,7.19995,nan,nan,0,0.157,0.107,0.133333
114,veh5,veh2,10,8,0.2,247.335,6.6866,3.18723,-70.9267,14.6765,8,0.157,0.144,0.133333
114,veh5,veh1,10,3,0.7,489.055,6.6866,0.000366657,-74.1535,22.8228,3,0.157,0.138,0.133333
114,veh5,veh10,10,4,0.6,314.596,6.6866,5.40335,-69.8753,16.5586,4,0.157,0.143,0.133333
114,veh8,veh11,10,1,0.9,782.454,7.64073,8.1352,-77.3048,19.6715,1,0.149,0.094,0.133333
114,veh8,veh9,10,4,0.6,545.078,7.64073,6.96986,-75.471,21.5053,4,0.149,0.123,0.133333
114,veh8,veh7,10,10,0,47.7441,7.64073,0,-57.365,39.6113,10,0.149,0.143,0.133333
114,veh8,veh6,10,10,0,261.121,7.64073,7.16278,-73.815,23.1613,10,0.149,0.143,0.133333
114,veh8,veh12,10,9,0.1,263.429,7.64073,14.1069,-71.8381,25.1382,9,0.149,0.146,0.133333
114,veh8,veh5,10,10,0,96.3093,7.64073,6.6866,-66.3626,30.6136,10,0.149,0.157,0.133333
114,veh8,veh3,10,6,0.4,627.127,7.64073,14.1577,-78.5669,18.4094,6,0.149,0.113,0.133333
114,veh8,veh4,10,3,0.7,750.934,7.64073,7.19995,-78.9412,18.0351,3,0.149,0.107,0.133333
114,veh8,veh2,10,10,0,151.398,7.64073,3.18723,-69.8416,27.1347,10,0.149,0.144,0.133333
114,veh8,veh1,10,7,0.3,430.733,7.64073,0.000366657,-73.7085,23.2678,7,0.149,0.138,0.133333
114,veh8,veh10,10,6,0.4,372.943,7.64073,5.40335,-77.8051,19.1712,6,0.149,0.143,0.133333
114,veh3,veh11,10,8,0.2,274.378,14.1577,8.1352,-73.2863,23.69,8,0.113,0.094,0.133333
114,veh3,veh9,10,8,0.2,363.006,14.1577,6.96986,-74.6814,22.2949,8,0.113,0.123,0.133333
114,veh3,veh7,10,7,0.3,584.78,14.1577,0,-77.0635,19.9128,7,0.113,0.143,0.133333
114,veh3,veh6,10,6,0.4,441.74,14.1577,7.16278,-75.6499,21.3264,6,0.113,0.143,0.133333
114,veh3,veh12,10,5,0.5,890.54,14.1577,14.1069,-79.494,17.4823,5,0.113,0.146,0.133333
114,veh3,veh5,10,7,0.3,670.723,14.1577,6.6866,-77.8376,19.1387,7,0.113,0.157,0.133333
114,veh3,veh8,10,5,0.5,627.127,14.1577,7.64073,-80.5211,16.4552,5,0.113,0.149,0.133333
114,veh3,veh4,10,6,0.4,267.122,14.1577,7.19995,-73.8648,23.1115,6,0.113,0.107,0.133333
114,veh3,veh2,10,8,0.2,568.076,14.1577,3.18723,-78.5457,18.4306,8,0.113,0.144,0.133333
114,veh3,veh1,10,8,0.2,213.613,14.1577,0.000366657,-71.6746,25.3017,8,0.113,0.138,0.133333
114,veh3,veh10,10,6,0.4,588.046,14.1577,5.40335,-77.3127,19.6636,6,0.113,0.143,0.133333
114,veh4,veh11,10,10,0,35.8745,7.19995,8.1352,-56.2576,27.9943,10,0.107,0.094,0.133333
114,veh4,veh9,10,2,0.8,626.286,7.19995,6.96986,-78.4207,18.5556,2,0.107,0.123,0.133333
114,veh4,veh7,10,1,0.9,718.806,7.19995,0,-80.8389,16.1374,1,0.107,0.143,0.133333
114,veh4,veh6,10,1,0.9,640.062,7.19995,7.16278,-72.1598,24.8165,1,0.107,0.143,0.133333
114,veh4,veh12,10,0,1,1003.56,7.19995,14.1069,nan,nan,0,0.107,0.146,0.133333
114,veh4,veh5,10,0,1,819.555,7.19995,6.6866,nan,nan,0,0.107,0.157,0.133333
114,veh4,veh8,10,0,1,750.934,7.19995,7.64073,nan,nan,0,0.107,0.149,0.133333
114,veh4,veh3,10,6,0.4,267.122,7.19995,14.1577,-71.5478,13.7451,6,0.107,0.113,0.133333
114,veh4,veh2,10,1,0.9,643.651,7.19995,3.18723,-71.8893,25.087,1,0.107,0.144,0.133333
114,veh4,veh1,10,4,0.6,336.963,7.19995,0.000366657,-73.7956,9.20046,4,0.107,0.138,0.133333
114,veh4,veh10,10,0,1,816.928,7.19995,5.40335,nan,nan,0,0.107,0.143,0.133333
114,veh2,veh11,10,5,0.5,677.4,3.18723,8.1352,-77.1036,19.8727,5,0.144,0.094,0.133333
114,veh2,veh9,10,5,0.5,580.038,3.18723,6.96986,-78.4362,18.5401,5,0.144,0.123,0.133333
114,veh2,veh7,10,10,0,156.334,3.18723,0,-67.7613,29.215,10,0.144,0.143,0.133333
114,veh2,veh6,10,7,0.3,315.43,3.18723,7.16278,-73.2378,23.7384,7,0.144,0.143,0.133333
114,veh2,veh12,10,6,0.4,364.003,3.18723,14.1069,-75.4272,21.5491,6,0.144,0.146,0.133333
114,veh2,veh5,10,6,0.4,247.335,3.18723,6.6866,-74.013,22.9633,6,0.144,0.157,0.133333
114,veh2,veh8,10,10,0,151.398,3.18723,7.64073,-73.0383,23.9379,10,0.144,0.149,0.133333
114,veh2,veh3,10,5,0.5,568.076,3.18723,14.1577,-74.904,22.0723,5,0.144,0.113,0.133333
114,veh2,veh4,10,4,0.6,643.651,3.18723,7.19995,-79.8952,17.0811,4,0.144,0.107,0.133333
114,veh2,veh1,10,9,0.1,356.063,3.18723,0.000366657,-76.9001,20.0762,9,0.144,0.138,0.133333
114,veh2,veh10,10,8,0.2,479.542,3.18723,5.40335,-77.2102,19.7661,8,0.144,0.143,0.133333
114,veh1,veh11,10,5,0.5,364.119,0.000366657,8.1352,-74.5981,22.3782,5,0.138,0.094,0.133333
114,veh1,veh9,10,5,0.5,384.179,0.000366657,6.96986,-76.171,20.8053,5,0.138,0.123,0.133333
114,veh1,veh7,10,6,0.4,392.98,0.000366657,0,-76.427,20.5493,6,0.138,0.143,0.133333
114,veh1,veh6,10,6,0.4,307.036,0.000366657,7.16278,-75.755,21.2213,6,0.138,0.143,0.133333
114,veh1,veh12,10,2,0.8,692.355,0.000366657,14.1069,-78.8432,18.1331,2,0.138,0.146,0.133333
114,veh1,veh5,10,2,0.8,489.055,0.000366657,6.6866,-76.8027,20.1736,2,0.138,0.157,0.133333
114,veh1,veh8,10,5,0.5,430.733,0.000366657,7.64073,-74.201,22.7753,5,0.138,0.149,0.133333
114,veh1,veh3,10,9,0.1,213.613,0.000366657,14.1577,-74.692,22.2843,9,0.138,0.113,0.133333
114,veh1,veh4,10,7,0.3,336.963,0.000366657,7.19995,-75.6333,21.3429,7,0.138,0.107,0.133333
114,veh1,veh2,10,6,0.4,356.063,0.000366657,3.18723,-74.6958,22.2805,6,0.138,0.144,0.133333
114,veh1,veh10,10,3,0.7,495.6,0.000366657,5.40335,-73.9668,23.0095,3,0.138,0.143,0.133333
114,veh10,veh11,10,3,0.7,837.378,5.40335,8.1352,-78.2685,18.7078,3,0.143,0.094,0.133333
114,veh10,veh9,10,9,0.1,297.925,5.40335,6.96986,-72.3935,24.5828,9,0.143,0.123,0.133333
114,veh10,veh7,10,7,0.3,337.772,5.40335,0,-73.0693,23.907,7,0.143,0.143,0.133333
114,veh10,veh6,10,8,0.2,200.387,5.40335,7.16278,-73.0639,23.9124,8,0.143,0.143,0.133333
114,veh10,veh12,10,4,0.6,533.371,5.40335,14.1069,-75.313,21.6633,4,0.143,0.146,0.133333
114,veh10,veh5,10,8,0.2,314.596,5.40335,6.6866,-74.4276,22.5487,8,0.143,0.157,0.133333
114,veh10,veh8,10,7,0.3,372.943,5.40335,7.64073,-77.6498,19.3265,7,0.143,0.149,0.133333
114,veh10,veh3,10,4,0.6,588.046,5.40335,14.1577,-77.0661,19.9102,4,0.143,0.113,0.133333
114,veh10,veh4,10,3,0.7,816.928,5.40335,7.19995,-78.7504,18.2259,3,0.143,0.107,0.133333
114,veh10,veh2,10,8,0.2,479.542,5.40335,3.18723,-75.95,21.0262,8,0.143,0.144,0.133333
114,veh10,veh1,10,6,0.4,495.6,5.40335,0.000366657,-77.3632,19.6131,6,0.143,0.138,0.133333
115,veh11,veh9,10,6,0.4,633.228,8.28255,6.30576,-78.3187,18.6576,6,0.105,0.132,0.136417
115,veh11,veh7,10,4,0.6,756.644,8.28255,0,-79.6951,17.2812,4,0.105,0.153,0.136417
115,veh11,veh6,10,4,0.6,674.852,8.28255,7.82396,-79.4742,17.5021,4,0.105,0.152,0.136417
115,veh11,veh12,10,1,0.9,1048.18,8.28255,14.3703,-78.8488,18.1275,1,0.105,0.151,0.136417
115,veh11,veh5,10,7,0.3,851.701,8.28255,6.06288,-79.2096,17.7667,7,0.105,0.147,0.136417
115,veh11,veh8,10,5,0.5,784.162,8.28255,6.71607,-78.64,18.3363,5,0.105,0.151,0.136417
115,veh11,veh3,10,9,0.1,279.941,8.28255,14.6146,-73.853,23.1232,9,0.105,0.121,0.136417
115,veh11,veh4,10,10,0,36.6105,8.28255,7.54657,-57.8506,39.1257,10,0.105,0.109,0.136417
115,veh11,veh2,10,3,0.7,686.692,8.28255,4.80395,-77.9768,18.9995,3,0.105,0.146,0.136417
115,veh11,veh1,10,8,0.2,370.6,8.28255,0.000123991,-75.6268,21.3495,8,0.105,0.129,0.136417
115,veh11,veh10,10,1,0.9,837.807,8.28255,7.6816,-78.1238,18.8525,1,0.105,0.141,0.136417
115,veh9,veh11,10,5,0.5,633.228,6.30576,8.28255,-78.1148,18.8615,5,0.132,0.105,0.136417
115,veh9,veh7,10,9,0.1,495.735,6.30576,0,-76.203,20.7733,9,0.132,0.153,0.136417
115,veh9,veh6,10,8,0.2,289.337,6.30576,7.82396,-74.7988,22.1775,8,0.132,0.152,0.136417
115,veh9,veh12,10,5,0.5,768.334,6.30576,14.3703,-80.0434,16.9329,5,0.132,0.151,0.136417
115,veh9,veh5,10,6,0.4,526.173,6.30576,6.06288,-76.9545,20.0218,6,0.132,0.147,0.136417
115,veh9,veh8,10,7,0.3,536.648,6.30576,6.71607,-77.3935,19.5828,7,0.132,0.151,0.136417
115,veh9,veh3,10,6,0.4,353.326,6.30576,14.6146,-75.4273,21.549,6,0.132,0.121,0.136417
115,veh9,veh4,10,5,0.5,622.114,6.30576,7.54657,-77.0972,19.8791,5,0.132,0.109,0.136417
115,veh9,veh2,10,5,0.5,573.251,6.30576,4.80395,-76.2751,20.7011,5,0.132,0.146,0.136417
115,veh9,veh1,10,9,0.1,378.197,6.30576,0.000123991,-78.8378,18.1385,9,0.132,0.129,0.136417
115,veh9,veh10,10,8,0.2,292.855,6.30576,7.6816,-73.9868,22.9895,8,0.132,0.141,0.136417
115,veh7,veh11,10,5,0.5,756.644,0,8.28255,-79.1837,17.7926,5,0.153,0.105,0.136417
115,veh7,veh9,10,5,0.5,495.735,0,6.30576,-78.978,17.9983,5,0.153,0.132,0.136417
115,veh7,veh6,10,10,0,206.913,0,7.82396,-69.7983,27.178,10,0.153,0.152,0.136417
115,veh7,veh12,10,9,0.1,306.929,0,14.3703,-73.7331,23.2432,9,0.153,0.151,0.136417
115,veh7,veh5,10,10,0,101.525,0,6.06288,-69.7866,27.1897,10,0.153,0.147,0.136417
115,veh7,veh8,10,10,0,41.1939,0,6.71607,-56.057,40.9193,10,0.153,0.151,0.136417
115,veh7,veh3,10,6,0.4,570.734,0,14.6146,-78.1334,18.8429,6,0.153,0.121,0.136417
115,veh7,veh4,10,3,0.7,725.222,0,7.54657,-79.3366,17.6397,3,0.153,0.109,0.136417
115,veh7,veh2,10,8,0.2,151.546,0,4.80395,-68.0597,28.9166,8,0.153,0.146,0.136417
115,veh7,veh1,10,8,0.2,392.98,0,0.000123991,-76.6499,20.3264,8,0.153,0.129,0.136417
115,veh7,veh10,10,6,0.4,341.463,0,7.6816,-74.4773,22.499,6,0.153,0.141,0.136417
115,veh6,veh11,10,6,0.4,674.852,7.82396,8.28255,-77.3534,12.7696,6,0.152,0.105,0.136417
115,veh6,veh9,10,6,0.4,289.337,7.82396,6.30576,-74.3904,13.5893,6,0.152,0.132,0.136417
115,veh6,veh7,10,7,0.3,206.913,7.82396,0,-69.902,10.0697,7,0.152,0.153,0.136417
115,veh6,veh12,10,1,0.9,487.322,7.82396,14.3703,-73.3824,23.5939,1,0.152,0.151,0.136417
115,veh6,veh5,10,2,0.8,244.077,7.82396,6.06288,-68.0533,22.4866,2,0.152,0.147,0.136417
115,veh6,veh8,10,8,0.2,247.579,7.82396,6.71607,-71.3399,9.01979,8,0.152,0.151,0.136417
115,veh6,veh3,10,7,0.3,436.128,7.82396,14.6146,-75.0138,11.0446,7,0.152,0.121,0.136417
115,veh6,veh4,10,3,0.7,649.689,7.82396,7.54657,-75.9344,6.39386,3,0.152,0.109,0.136417
115,veh6,veh2,10,8,0.2,306.336,7.82396,4.80395,-71.1353,14.3893,8,0.152,0.146,0.136417
115,veh6,veh1,10,6,0.4,310.888,7.82396,0.000123991,-71.5877,13.4123,6,0.152,0.129,0.136417
115,veh6,veh10,10,7,0.3,199.36,7.82396,7.6816,-70.2726,11.458,7,0.152,0.141,0.136417
115,veh12,veh11,10,4,0.6,1048.18,14.3703,8.28255,-78.4154,18.5609,4,0.151,0.105,0.136417
115,veh12,veh9,10,2,0.8,768.334,14.3703,6.30576,-78.1002,18.8761,2,0.151,0.132,0.136417
115,veh12,veh7,10,6,0.4,306.929,14.3703,0,-76.7029,20.2734,6,0.151,0.153,0.136417
115,veh12,veh6,10,6,0.4,487.322,14.3703,7.82396,-75.6867,21.2896,6,0.151,0.152,0.136417
115,veh12,veh5,10,6,0.4,243.435,14.3703,6.06288,-73.2078,23.7685,6,0.151,0.147,0.136417
115,veh12,veh8,10,7,0.3,271.122,14.3703,6.71607,-72.399,24.5773,7,0.151,0.151,0.136417
115,veh12,veh3,10,4,0.6,877.345,14.3703,14.6146,-79.7148,17.2615,4,0.151,0.121,0.136417
115,veh12,veh4,10,4,0.6,1014.83,14.3703,7.54657,-79.4138,17.5625,4,0.151,0.109,0.136417
115,veh12,veh2,10,7,0.3,367.63,14.3703,4.80395,-75.032,21.9443,7,0.151,0.146,0.136417
115,veh12,veh1,10,4,0.6,694.725,14.3703,0.000123991,-77.7716,19.2047,4,0.151,0.129,0.136417
115,veh12,veh10,10,8,0.2,531.972,14.3703,7.6816,-75.1388,21.8374,8,0.151,0.141,0.136417
115,veh5,veh11,10,0,1,851.701,6.06288,8.28255,nan,nan,0,0.147,0.105,0.136417
115,veh5,veh9,10,4,0.6,526.173,6.06288,6.30576,-77.0959,5.58415,4,0.147,0.132,0.136417
115,veh5,veh7,10,10,0,101.525,6.06288,0,-63.5901,21.9181,10,0.147,0.153,0.136417
115,veh5,veh6,10,8,0.2,244.077,6.06288,7.82396,-71.9525,13.8636,8,0.147,0.152,0.136417
115,veh5,veh12,10,8,0.2,243.435,6.06288,14.3703,-72.346,17.3758,8,0.147,0.151,0.136417
115,veh5,veh8,10,8,0.2,96.416,6.06288,6.71607,-67.8906,15.3067,8,0.147,0.151,0.136417
115,veh5,veh3,10,1,0.9,651.584,6.06288,14.6146,-78.6933,18.283,1,0.147,0.121,0.136417
115,veh5,veh4,10,0,1,821.132,6.06288,7.54657,nan,nan,0,0.147,0.109,0.136417
115,veh5,veh2,10,6,0.4,241.559,6.06288,4.80395,-71.4351,17.4456,6,0.147,0.146,0.136417
115,veh5,veh1,10,4,0.6,484.019,6.06288,0.000123991,-76.9082,20.0681,4,0.147,0.129,0.136417
115,veh5,veh10,10,8,0.2,315.416,6.06288,7.6816,-74.3735,12.356,8,0.147,0.141,0.136417
115,veh8,veh11,10,2,0.8,784.162,6.71607,8.28255,-80.1071,16.8692,2,0.151,0.105,0.136417
115,veh8,veh9,10,4,0.6,536.648,6.71607,6.30576,-79.821,17.1553,4,0.151,0.132,0.136417
115,veh8,veh7,10,10,0,41.1939,6.71607,0,-55.1761,41.8002,10,0.151,0.153,0.136417
115,veh8,veh6,10,9,0.1,247.579,6.71607,7.82396,-72.7276,24.2486,9,0.151,0.152,0.136417
115,veh8,veh12,10,10,0,271.122,6.71607,14.3703,-73.5397,23.4366,10,0.151,0.151,0.136417
115,veh8,veh5,10,9,0.1,96.416,6.71607,6.06288,-66.8177,30.1586,9,0.151,0.147,0.136417
115,veh8,veh3,10,4,0.6,606.447,6.71607,14.6146,-78.1474,18.8289,4,0.151,0.121,0.136417
115,veh8,veh4,10,1,0.9,751.995,6.71607,7.54657,-80.4182,16.5581,1,0.151,0.109,0.136417
115,veh8,veh2,10,10,0,145.298,6.71607,4.80395,-70.2891,26.6872,10,0.151,0.146,0.136417
115,veh8,veh1,10,7,0.3,424.607,6.71607,0.000123991,-74.2141,22.7622,7,0.151,0.129,0.136417
115,veh8,veh10,10,8,0.2,373.014,6.71607,7.6816,-75.1195,21.8568,8,0.151,0.141,0.136417
115,veh3,veh11,10,8,0.2,279.941,14.6146,8.28255,-74.6073,22.369,8,0.121,0.105,0.136417
115,veh3,veh9,10,8,0.2,353.326,14.6146,6.30576,-70.6701,26.3062,8,0.121,0.132,0.136417
115,veh3,veh7,10,5,0.5,570.734,14.6146,0,-75.1137,21.8626,5,0.121,0.153,0.136417
115,veh3,veh6,10,7,0.3,436.128,14.6146,7.82396,-75.7538,21.2225,7,0.121,0.152,0.136417
115,veh3,veh12,10,2,0.8,877.345,14.6146,14.3703,-77.7723,19.2039,2,0.121,0.151,0.136417
115,veh3,veh5,10,2,0.8,651.584,14.6146,6.06288,-76.0542,20.9221,2,0.121,0.147,0.136417
115,veh3,veh8,10,7,0.3,606.447,14.6146,6.71607,-76.4527,20.5236,7,0.121,0.151,0.136417
115,veh3,veh4,10,9,0.1,269.64,14.6146,7.54657,-72.6626,24.3137,9,0.121,0.109,0.136417
115,veh3,veh2,10,7,0.3,552.928,14.6146,4.80395,-77.302,19.6743,7,0.121,0.146,0.136417
115,veh3,veh1,10,6,0.4,198.936,14.6146,0.000123991,-72.1366,24.8397,6,0.121,0.129,0.136417
115,veh3,veh10,10,3,0.7,573.58,14.6146,7.6816,-75.7973,21.179,3,0.121,0.141,0.136417
115,veh4,veh11,10,10,0,36.6105,7.54657,8.28255,-54.509,29.1666,10,0.109,0.105,0.136417
115,veh4,veh9,10,2,0.8,622.114,7.54657,6.30576,-74.3555,22.6208,2,0.109,0.132,0.136417
115,veh4,veh7,10,0,1,725.222,7.54657,0,nan,nan,0,0.109,0.153,0.136417
115,veh4,veh6,10,1,0.9,649.689,7.54657,7.82396,-75.8163,21.16,1,0.109,0.152,0.136417
115,veh4,veh12,10,0,1,1014.83,7.54657,14.3703,nan,nan,0,0.109,0.151,0.136417
115,veh4,veh5,10,0,1,821.132,7.54657,6.06288,nan,nan,0,0.109,0.147,0.136417
115,veh4,veh8,10,2,0.8,751.995,7.54657,6.71607,-74.8325,22.1438,2,0.109,0.151,0.136417
115,veh4,veh3,10,6,0.4,269.64,7.54657,14.6146,-72.9282,10.0421,6,0.109,0.121,0.136417
115,veh4,veh2,10,0,1,652.286,7.54657,4.80395,nan,nan,0,0.109,0.146,0.136417
115,veh4,veh1,10,3,0.7,342.543,7.54657,0.000123991,-73.7474,7.71936,3,0.109,0.129,0.136417
115,veh4,veh10,10,0,1,816.932,7.54657,7.6816,nan,nan,0,0.109,0.141,0.136417
115,veh2,veh11,10,6,0.4,686.692,4.80395,8.28255,-78.0035,18.9728,6,0.146,0.105,0.136417
115,veh2,veh9,10,6,0.4,573.251,4.80395,6.30576,-77.2566,19.7196,6,0.146,0.132,0.136417
115,veh2,veh7,10,10,0,151.546,4.80395,0,-70.5791,26.3972,10,0.146,0.153,0.136417
115,veh2,veh6,10,7,0.3,306.336,4.80395,7.82396,-75.2772,21.6991,7,0.146,0.152,0.136417
115,veh2,veh12,10,10,0,367.63,4.80395,14.3703,-75.5401,21.4361,10,0.146,0.151,0.136417
115,veh2,veh5,10,7,0.3,241.559,4.80395,6.06288,-71.0692,25.9071,7,0.146,0.147,0.136417
115,veh2,veh8,10,8,0.2,145.298,4.80395,6.71607,-66.4295,30.5468,8,0.146,0.151,0.136417
115,veh2,veh3,10,7,0.3,552.928,4.80395,14.6146,-78.4181,18.5582,7,0.146,0.121,0.136417
115,veh2,veh4,10,7,0.3,652.286,4.80395,7.54657,-77.1458,19.8305,7,0.146,0.109,0.136417
115,veh2,veh1,10,8,0.2,355.909,4.80395,0.000123991,-75.9981,20.9781,8,0.146,0.129,0.136417
115,veh2,veh10,10,4,0.6,477.499,4.80395,7.6816,-77.485,19.4913,4,0.146,0.141,0.136417
115,veh1,veh11,10,6,0.4,370.6,0.000123991,8.28255,-77.9586,19.0176,6,0.129,0.105,0.136417
115,veh1,veh9,10,4,0.6,378.197,0.000123991,6.30576,-76.9391,20.0372,4,0.129,0.132,0.136417
115,veh1,veh7,10,3,0.7,392.98,0.000123991,0,-73.9493,23.027,3,0.129,0.153,0.136417
115,veh1,veh6,10,6,0.4,310.888,0.000123991,7.82396,-73.8458,23.1304,6,0.129,0.152,0.136417
115,veh1,veh12,10,1,0.9,694.725,0.000123991,14.3703,-72.8682,24.108,1,0.129,0.151,0.136417
115,veh1,veh5,10,3,0.7,484.019,0.000123991,6.06288,-75.6682,21.3081,3,0.129,0.147,0.136417
115,veh1,veh8,10,1,0.9,424.607,0.000123991,6.71607,-80.5878,16.3885,1,0.129,0.151,0.136417
115,veh1,veh3,10,8,0.2,198.936,0.000123991,14.6146,-69.2797,27.6966,8,0.129,0.121,0.136417
115,veh1,veh4,10,8,0.2,342.543,0.000123991,7.54657,-75.5683,21.408,8,0.129,0.109,0.136417
115,veh1,veh2,10,5,0.5,355.909,0.000123991,4.80395,-76.7536,20.2227,5,0.129,0.146,0.136417
115,veh1,veh10,10,5,0.5,492.537,0.000123991,7.6816,-76.5298,20.4464,5,0.129,0.141,0.136417
115,veh10,veh11,10,6,0.4,837.807,7.6816,8.28255,-78.7763,18.2,6,0.141,0.105,0.136417
115,veh10,veh9,10,7,0.3,292.855,7.6816,6.30576,-71.9095,25.0668,7,0.141,0.132,0.136417
115,veh10,veh7,10,7,0.3,341.463,7.6816,0,-73.9831,22.9932,7,0.141,0.153,0.136417
115,veh10,veh6,10,9,0.1,199.36,7.6816,7.82396,-73.5427,23.4335,9,0.141,0.152,0.136417
115,veh10,veh12,10,6,0.4,531.972,7.6816,14.3703,-77.9749,19.0014,6,0.141,0.151,0.136417
115,veh10,veh5,10,7,0.3,315.416,7.6816,6.06288,-74.2431,22.7332,7,0.141,0.147,0.136417
115,veh10,veh8,10,7,0.3,373.014,7.6816,6.71607,-76.4688,20.5075,7,0.141,0.151,0.136417
115,veh10,veh3,10,4,0.6,573.58,7.6816,14.6146,-79.0659,17.9104,4,0.141,0.121,0.136417
115,veh10,veh4,10,2,0.8,816.932,7.6816,7.54657,-76.6384,20.3379,2,0.141,0.109,0.136417
115,veh10,veh2,10,7,0.3,477.499,7.6816,4.80395,-74.636,22.3403,7,0.141,0.146,0.136417
115,veh10,veh1,10,6,0.4,492.537,7.6816,0.000123991,-75.6508,21.3255,6,0.141,0.129,0.136417
116,veh11,veh9,10,6,0.4,629.994,7.41751,5.89726,-78.4988,18.4775,6,0.101,0.132,0.133417
116,veh11,veh7,10,4,0.6,763.067,7.41751,0,-78.4047,18.5716,4,0.101,0.149,0.133417
116,veh11,veh6,10,6,0.4,684.842,7.41751,7.48037,-77.8095,19.1668,6,0.101,0.144,0.133417
116,veh11,veh12,10,2,0.8,1059.4,7.41751,14.3637,-78.8524,18.1239,2,0.101,0.147,0.133417
116,veh11,veh5,10,3,0.7,852.738,7.41751,6.62286,-78.7434,18.2329,3,0.101,0.154,0.133417
116,veh11,veh8,10,4,0.6,784.633,7.41751,7.27063,-80.7242,16.2521,4,0.101,0.145,0.133417
116,veh11,veh3,10,5,0.5,286.827,7.41751,14.4395,-75.5637,21.4126,5,0.101,0.119,0.133417
116,veh11,veh4,10,10,0,36.0621,7.41751,7.96593,-57.6713,39.3049,10,0.101,0.1,0.133417
116,veh11,veh2,10,6,0.4,695.413,7.41751,7.3752,-77.5715,19.4048,6,0.101,0.135,0.133417
116,veh11,veh1,10,7,0.3,376.464,7.41751,0,-76.9848,19.9915,7,0.101,0.131,0.133417
116,veh11,veh10,10,2,0.8,833.795,7.41751,9.32224,-80.5647,16.4116,2,0.101,0.144,0.133417
116,veh9,veh11,10,4,0.6,629.994,5.89726,7.41751,-77.8481,12.2901,4,0.132,0.101,0.133417
116,veh9,veh7,10,5,0.5,493.738,5.89726,0,-77.9299,19.0464,5,0.132,0.149,0.133417
116,veh9,veh6,10,7,0.3,294.737,5.89726,7.48037,-75.8505,16.1927,7,0.132,0.144,0.133417
116,veh9,veh12,10,4,0.6,763.163,5.89726,14.3637,-77.7588,14.3483,4,0.132,0.147,0.133417
116,veh9,veh5,10,6,0.4,518.719,5.89726,6.62286,-75.944,21.0322,6,0.132,0.154,0.133417
116,veh9,veh8,10,2,0.8,527.845,5.89726,7.27063,-77.439,19.5373,2,0.132,0.145,0.133417
116,veh9,veh3,10,10,0,344.556,5.89726,14.4395,-75.454,17.9798,10,0.132,0.119,0.133417
116,veh9,veh4,10,4,0.6,618.578,5.89726,7.96593,-76.5575,17.8307,4,0.132,0.1,0.133417
116,veh9,veh2,10,4,0.6,564.715,5.89726,7.3752,-77.817,19.1593,4,0.132,0.135,0.133417
116,veh9,veh1,10,6,0.4,372.614,5.89726,0,-73.7891,18.9636,6,0.132,0.131,0.133417
116,veh9,veh10,10,6,0.4,286.573,5.89726,9.32224,-73.2948,19.7086,6,0.132,0.144,0.133417
116,veh7,veh11,10,3,0.7,763.067,0,7.41751,-79.8578,17.1185,3,0.149,0.101,0.133417
116,veh7,veh9,10,5,0.5,493.738,0,5.89726,-75.694,21.2823,5,0.149,0.132,0.133417
116,veh7,veh6,10,5,0.5,200.075,0,7.48037,-73.2111,23.7652,5,0.149,0.144,0.133417
116,veh7,veh12,10,8,0.2,307.87,0,14.3637,-70.9952,25.9811,8,0.149,0.147,0.133417
116,veh7,veh5,10,9,0.1,98.1268,0,6.62286,-63.026,33.9503,9,0.149,0.154,0.133417
116,veh7,veh8,10,8,0.2,34.1639,0,7.27063,-58.1595,38.8168,8,0.149,0.145,0.133417
116,veh7,veh3,10,5,0.5,556.891,0,14.4395,-79.8024,17.1739,5,0.149,0.119,0.133417
116,veh7,veh4,10,1,0.9,732.019,0,7.96593,-76.4559,20.5204,1,0.149,0.1,0.133417
116,veh7,veh2,10,10,0,144.259,0,7.3752,-68.358,28.6183,10,0.149,0.135,0.133417
116,veh7,veh1,10,3,0.7,392.98,0,0,-77.3697,19.6066,3,0.149,0.131,0.133417
116,veh7,veh10,10,7,0.3,340.818,0,9.32224,-74.2097,22.7666,7,0.149,0.144,0.133417
116,veh6,veh11,10,1,0.9,684.842,7.48037,7.41751,-76.7783,15.37,1,0.144,0.101,0.133417
116,veh6,veh9,10,5,0.5,294.737,7.48037,5.89726,-72.433,10.7412,5,0.144,0.132,0.133417
116,veh6,veh7,10,6,0.4,200.075,7.48037,0,-74.0196,10.1839,6,0.144,0.149,0.133417
116,veh6,veh12,10,1,0.9,476.902,7.48037,14.3637,-77.2548,19.7214,1,0.144,0.147,0.133417
116,veh6,veh5,10,6,0.4,229.976,7.48037,6.62286,-69.6684,10.412,6,0.144,0.154,0.133417
116,veh6,veh8,10,8,0.2,233.953,7.48037,7.27063,-70.8602,12.2681,8,0.144,0.145,0.133417
116,veh6,veh3,10,7,0.3,430.418,7.48037,14.4395,-77.9593,8.59885,7,0.144,0.119,0.133417
116,veh6,veh4,10,3,0.7,659.611,7.48037,7.96593,-79.2307,9.40396,3,0.144,0.1,0.133417
116,veh6,veh2,10,7,0.3,295.032,7.48037,7.3752,-73.1471,10.8803,7,0.144,0.135,0.133417
116,veh6,veh1,10,7,0.3,314.711,7.48037,0,-72.7552,12.2526,7,0.144,0.131,0.133417
116,veh6,veh10,10,7,0.3,194.474,7.48037,9.32224,-68.0065,14.8302,7,0.144,0.144,0.133417
116,veh12,veh11,10,2,0.8,1059.4,14.3637,7.41751,-79.7857,17.1906,2,0.147,0.101,0.133417
116,veh12,veh9,10,3,0.7,763.163,14.3637,5.89726,-77.0688,19.9075,3,0.147,0.132,0.133417
116,veh12,veh7,10,6,0.4,307.87,14.3637,0,-75.7073,21.269,6,0.147,0.149,0.133417
116,veh12,veh6,10,4,0.6,476.902,14.3637,7.48037,-75.3154,21.6609,4,0.147,0.144,0.133417
116,veh12,veh5,10,7,0.3,246.926,14.3637,6.62286,-75.5508,21.4255,7,0.147,0.154,0.133417
116,veh12,veh8,10,6,0.4,279.92,14.3637,7.27063,-71.3778,25.5985,6,0.147,0.145,0.133417
116,veh12,veh3,10,3,0.7,864.729,14.3637,14.4395,-79.2886,17.6877,3,0.147,0.119,0.133417
116,veh12,veh4,10,4,0.6,1026.71,14.3637,7.96593,-80.0983,16.878,4,0.147,0.1,0.133417
116,veh12,veh2,10,4,0.6,370.762,14.3637,7.3752,-74.6867,22.2896,4,0.147,0.135,0.133417
116,veh12,veh1,10,4,0.6,697.44,14.3637,0,-80.1126,16.8637,4,0.147,0.131,0.133417
116,veh12,veh10,10,4,0.6,528.352,14.3637,9.32224,-74.9725,22.0038,4,0.147,0.144,0.133417
116,veh5,veh11,10,0,1,852.738,6.62286,7.41751,nan,nan,0,0.154,0.101,0.133417
116,veh5,veh9,10,3,0.7,518.719,6.62286,5.89726,-77.5307,8.18355,3,0.154,0.132,0.133417
116,veh5,veh7,10,10,0,98.1268,6.62286,0,-63.7138,22.0652,10,0.154,0.149,0.133417
116,veh5,veh6,10,7,0.3,229.976,6.62286,7.48037,-70.6037,14.322,7,0.154,0.144,0.133417
116,veh5,veh12,10,9,0.1,246.926,6.62286,14.3637,-70.9085,14.0146,9,0.154,0.147,0.133417
116,veh5,veh8,10,8,0.2,96.5288,6.62286,7.27063,-64.3717,18.9169,8,0.154,0.145,0.133417
116,veh5,veh3,10,1,0.9,632.197,6.62286,14.4395,-80.9956,15.9807,1,0.154,0.119,0.133417
116,veh5,veh4,10,0,1,822.625,6.62286,7.96593,nan,nan,0,0.154,0.1,0.133417
116,veh5,veh2,10,7,0.3,233.502,6.62286,7.3752,-73.1902,12.3334,7,0.154,0.135,0.133417
116,veh5,veh1,10,2,0.8,478.546,6.62286,0,-72.9622,24.0141,2,0.154,0.131,0.133417
116,veh5,veh10,10,8,0.2,312.174,6.62286,9.32224,-74.6972,10.5467,8,0.154,0.144,0.133417
116,veh8,veh11,10,4,0.6,784.633,7.27063,7.41751,-77.0027,19.9736,4,0.145,0.101,0.133417
116,veh8,veh9,10,7,0.3,527.845,7.27063,5.89726,-77.0918,19.8845,7,0.145,0.132,0.133417
116,veh8,veh7,10,10,0,34.1639,7.27063,0,-53.6759,43.3004,10,0.145,0.149,0.133417
116,veh8,veh6,10,10,0,233.953,7.27063,7.48037,-72.3699,24.6064,10,0.145,0.144,0.133417
116,veh8,veh12,10,9,0.1,279.92,7.27063,14.3637,-72.2862,24.6901,9,0.145,0.147,0.133417
116,veh8,veh5,10,9,0.1,96.5288,7.27063,6.62286,-65.2666,31.7096,9,0.145,0.154,0.133417
116,veh8,veh3,10,6,0.4,585.446,7.27063,14.4395,-77.4805,19.4958,6,0.145,0.119,0.133417
116,veh8,veh4,10,4,0.6,752.956,7.27063,7.96593,-76.3497,20.6266,4,0.145,0.1,0.133417
116,veh8,veh2,10,10,0,137.012,7.27063,7.3752,-68.2303,28.7459,10,0.145,0.135,0.133417
116,veh8,veh1,10,6,0.4,417.985,7.27063,0,-75.763,21.2133,6,0.145,0.131,0.133417
116,veh8,veh10,10,8,0.2,368.409,7.27063,9.32224,-74.7444,22.2319,8,0.145,0.144,0.133417
116,veh3,veh11,10,8,0.2,286.827,14.4395,7.41751,-70.03,26.9463,8,0.119,0.101,0.133417
116,veh3,veh9,10,8,0.2,344.556,14.4395,5.89726,-74.9143,22.062,8,0.119,0.132,0.133417
116,veh3,veh7,10,2,0.8,556.891,14.4395,0,-79.6823,17.2939,2,0.119,0.149,0.133417
116,veh3,veh6,10,8,0.2,430.418,14.4395,7.48037,-76.3618,20.6145,8,0.119,0.144,0.133417
116,veh3,veh12,10,2,0.8,864.729,14.4395,14.3637,-79.8832,17.0931,2,0.119,0.147,0.133417
116,veh3,veh5,10,5,0.5,632.197,14.4395,6.62286,-77.2992,19.677,5,0.119,0.154,0.133417
116,veh3,veh8,10,4,0.6,585.446,14.4395,7.27063,-79.8188,17.1575,4,0.119,0.145,0.133417
116,veh3,veh4,10,9,0.1,274.035,14.4395,7.96593,-73.6589,23.3174,9,0.119,0.1,0.133417
116,veh3,veh2,10,7,0.3,537.227,14.4395,7.3752,-80.2798,16.6965,7,0.119,0.135,0.133417
116,veh3,veh1,10,9,0.1,184.441,14.4395,0,-68.4301,28.5461,9,0.119,0.131,0.133417
116,veh3,veh10,10,9,0.1,556.15,14.4395,9.32224,-76.8681,20.1082,9,0.119,0.144,0.133417
116,veh4,veh11,10,10,0,36.0621,7.96593,7.41751,-55.5255,29.4134,10,0.1,0.101,0.133417
116,veh4,veh9,10,2,0.8,618.578,7.96593,5.89726,-79.2705,17.7058,2,0.1,0.132,0.133417
116,veh4,veh7,10,0,1,732.019,7.96593,0,nan,nan,0,0.1,0.149,0.133417
116,veh4,veh6,10,0,1,659.611,7.96593,7.48037,nan,nan,0,0.1,0.144,0.133417
116,veh4,veh12,10,0,1,1026.71,7.96593,14.3637,nan,nan,0,0.1,0.147,0.133417
116,veh4,veh5,10,0,1,822.625,7.96593,6.62286,nan,nan,0,0.1,0.154,0.133417
116,veh4,veh8,10,1,0.9,752.956,7.96593,7.27063,-78.3787,18.5976,1,0.1,0.145,0.133417
116,veh4,veh3,10,7,0.3,274.035,7.96593,14.4395,-71.3951,12.3372,7,0.1,0.119,0.133417
116,veh4,veh2,10,1,0.9,661.605,7.96593,7.3752,-76.2855,20.6908,1,0.1,0.135,0.133417
116,veh4,veh1,10,5,0.5,348.513,7.96593,0,-73.1335,8.17928,5,0.1,0.131,0.133417
116,veh4,veh10,10,0,1,813.124,7.96593,9.32224,nan,nan,0,0.1,0.144,0.133417
116,veh2,veh11,10,5,0.5,695.413,7.3752,7.41751,-79.6847,17.2916,5,0.135,0.101,0.133417
116,veh2,veh9,10,3,0.7,564.715,7.3752,5.89726,-78.501,18.4753,3,0.135,0.132,0.133417
116,veh2,veh7,10,9,0.1,144.259,7.3752,0,-68.3017,28.6746,9,0.135,0.149,0.133417
116,veh2,veh6,10,8,0.2,295.032,7.3752,7.48037,-72.9382,24.0381,8,0.135,0.144,0.133417
116,veh2,veh12,10,8,0.2,370.762,7.3752,14.3637,-73.3379,23.6384,8,0.135,0.147,0.133417
116,veh2,veh5,10,9,0.1,233.502,7.3752,6.62286,-73.4448,23.5315,9,0.135,0.154,0.133417
116,veh2,veh8,10,9,0.1,137.012,7.3752,7.27063,-69.5122,27.4641,9,0.135,0.145,0.133417
116,veh2,veh3,10,6,0.4,537.227,7.3752,14.4395,-79.3694,17.6068,6,0.135,0.119,0.133417
116,veh2,veh4,10,3,0.7,661.605,7.3752,7.96593,-80.5328,16.4435,3,0.135,0.1,0.133417
116,veh2,veh1,10,8,0.2,355.208,7.3752,0,-75.4348,21.5415,8,0.135,0.131,0.133417
116,veh2,veh10,10,5,0.5,468.217,7.3752,9.32224,-76.8402,20.1361,5,0.135,0.144,0.133417
116,veh1,veh11,10,6,0.4,376.464,0,7.41751,-75.7397,21.2366,6,0.131,0.101,0.133417
116,veh1,veh9,10,7,0.3,372.614,0,5.89726,-76.0949,20.8814,7,0.131,0.132,0.133417
116,veh1,veh7,10,3,0.7,392.98,0,0,-77.402,19.5743,3,0.131,0.149,0.133417
116,veh1,veh6,10,7,0.3,314.711,0,7.48037,-76.4519,20.5244,7,0.131,0.144,0.133417
116,veh1,veh12,10,2,0.8,697.44,0,14.3637,-80.756,16.2203,2,0.131,0.147,0.133417
116,veh1,veh5,10,6,0.4,478.546,0,6.62286,-76.496,20.4803,6,0.131,0.154,0.133417
116,veh1,veh8,10,5,0.5,417.985,0,7.27063,-76.7029,20.2733,5,0.131,0.145,0.133417
116,veh1,veh3,10,7,0.3,184.441,0,14.4395,-69.9829,26.9933,7,0.131,0.119,0.133417
116,veh1,veh4,10,8,0.2,348.513,0,7.96593,-74.4236,22.5527,8,0.131,0.1,0.133417
116,veh1,veh2,10,6,0.4,355.208,0,7.3752,-75.0995,21.8768,6,0.131,0.135,0.133417
116,veh1,veh10,10,6,0.4,485.042,0,9.32224,-75.4955,21.4808,6,0.131,0.144,0.133417
116,veh10,veh11,10,3,0.7,833.795,9.32224,7.41751,-80.2536,16.7227,3,0.144,0.101,0.133417
116,veh10,veh9,10,10,0,286.573,9.32224,5.89726,-71.3462,25.6301,10,0.144,0.132,0.133417
116,veh10,veh7,10,8,0.2,340.818,9.32224,0,-73.8483,23.128,8,0.144,0.149,0.133417
116,veh10,veh6,10,8,0.2,194.474,9.32224,7.48037,-71.4355,25.5408,8,0.144,0.144,0.133417
116,veh10,veh12,10,7,0.3,528.352,9.32224,14.3637,-77.1254,19.8509,7,0.144,0.147,0.133417
116,veh10,veh5,10,9,0.1,312.174,9.32224,6.62286,-75.2808,21.6954,9,0.144,0.154,0.133417
116,veh10,veh8,10,9,0.1,368.409,9.32224,7.27063,-73.1232,23.8531,9,0.144,0.145,0.133417
116,veh10,veh3,10,8,0.2,556.15,9.32224,14.4395,-78.0021,18.9742,8,0.144,0.119,0.133417
116,veh10,veh4,10,5,0.5,813.124,9.32224,7.96593,-79.1875,17.7888,5,0.144,0.1,0.133417
116,veh10,veh2,10,7,0.3,468.217,9.32224,7.3752,-75.537,21.4393,7,0.144,0.135,0.133417
116,veh10,veh1,10,7,0.3,485.042,9.32224,0,-76.2119,20.7644,7,0.144,0.131,0.133417
117,veh11,veh9,10,6,0.4,626.881,8.51425,6.28085,-78.3351,18.6412,6,0.107,0.127,0.135417
117,veh11,veh7,10,6,0.4,770.457,8.51425,0,-78.9512,18.0251,6,0.107,0.149,0.135417
117,veh11,veh6,10,5,0.5,695.818,8.51425,7.51667,-78.2615,18.7148,5,0.107,0.149,0.135417
117,veh11,veh12,10,1,0.9,1070.5,8.51425,10.6028,-80.575,16.4013,1,0.107,0.144,0.135417
117,veh11,veh5,10,4,0.6,854.728,8.51425,6.5763,-77.4259,19.5504,4,0.107,0.151,0.135417
117,veh11,veh8,10,5,0.5,785.753,8.51425,7.6579,-78.901,18.0753,5,0.107,0.159,0.135417
117,veh11,veh3,10,9,0.1,295.404,8.51425,13.8763,-73.4753,23.501,9,0.107,0.121,0.135417
117,veh11,veh4,10,10,0,36.1851,8.51425,8.39028,-55.7261,41.2502,10,0.107,0.102,0.135417
117,veh11,veh2,10,6,0.4,706.159,8.51425,9.5616,-78.7097,18.2666,6,0.107,0.145,0.135417
117,veh11,veh1,10,8,0.2,383.255,8.51425,0,-75.6629,21.3134,8,0.107,0.13,0.135417
117,veh11,veh10,10,1,0.9,829.748,8.51425,9.9476,-78.9022,18.0741,1,0.107,0.141,0.135417
117,veh9,veh11,10,5,0.5,626.881,6.28085,8.51425,-78.5666,15.5654,5,0.127,0.107,0.135417
117,veh9,veh7,10,8,0.2,491.681,6.28085,0,-76.2162,20.7601,8,0.127,0.149,0.135417
117,veh9,veh6,10,5,0.5,300.281,6.28085,7.51667,-75.76,17.1169,5,0.127,0.149,0.135417
117,veh9,veh12,10,2,0.8,759.52,6.28085,10.6028,-77.5725,19.4038,2,0.127,0.144,0.135417
117,veh9,veh5,10,4,0.6,511.3,6.28085,6.5763,-78.3736,18.6027,4,0.127,0.151,0.135417
117,veh9,veh8,10,4,0.6,518.582,6.28085,7.6579,-77.0508,19.9255,4,0.127,0.159,0.135417
117,veh9,veh3,10,6,0.4,336.075,6.28085,13.8763,-75.1317,14.9465,6,0.127,0.121,0.135417
117,veh9,veh4,10,6,0.4,614.919,6.28085,8.39028,-76.719,20.2573,6,0.127,0.102,0.135417
117,veh9,veh2,10,6,0.4,554.987,6.28085,9.5616,-77.4621,19.5142,6,0.127,0.145,0.135417
117,veh9,veh1,10,8,0.2,366.677,6.28085,0,-76.3767,19.1834,8,0.127,0.13,0.135417
117,veh9,veh10,10,8,0.2,283.995,6.28085,9.9476,-74.0985,20.3311,8,0.127,0.141,0.135417
117,veh7,veh11,10,3,0.7,770.457,0,8.51425,-79.562,17.4142,3,0.149,0.107,0.135417
117,veh7,veh9,10,4,0.6,491.681,0,6.28085,-78.5058,18.4705,4,0.149,0.127,0.135417
117,veh7,veh6,10,6,0.4,193.251,0,7.51667,-72.3025,24.6738,6,0.149,0.149,0.135417
117,veh7,veh12,10,8,0.2,308.991,0,10.6028,-72.536,24.4403,8,0.149,0.144,0.135417
117,veh7,veh5,10,9,0.1,95.0896,0,6.5763,-64.6277,32.3486,9,0.149,0.151,0.135417
117,veh7,veh8,10,10,0,26.9152,0,7.6579,-54.6435,42.3328,10,0.149,0.159,0.135417
117,veh7,veh3,10,5,0.5,543.648,0,13.8763,-77.491,19.4853,5,0.149,0.121,0.135417
117,veh7,veh4,10,4,0.6,739.203,0,8.39028,-77.8982,19.0781,4,0.149,0.102,0.135417
117,veh7,veh2,10,9,0.1,134.78,0,9.5616,-68.3359,28.6403,9,0.149,0.145,0.135417
117,veh7,veh1,10,7,0.3,392.98,0,0,-75.6296,21.3467,7,0.149,0.13,0.135417
117,veh7,veh10,10,6,0.4,333.828,0,9.9476,-75.3838,21.5925,6,0.149,0.141,0.135417
117,veh6,veh11,10,4,0.6,695.818,7.51667,8.51425,-79.0617,11.6621,4,0.149,0.107,0.135417
117,veh6,veh9,10,7,0.3,300.281,7.51667,6.28085,-73.9812,10.8698,7,0.149,0.127,0.135417
117,veh6,veh7,10,6,0.4,193.251,7.51667,0,-69.7843,12.8839,6,0.149,0.149,0.135417
117,veh6,veh12,10,1,0.9,467.488,7.51667,10.6028,-75.482,21.4943,1,0.149,0.144,0.135417
117,veh6,veh5,10,6,0.4,215.885,7.51667,6.5763,-70.1469,9.21517,6,0.149,0.151,0.135417
117,veh6,veh8,10,9,0.1,220.1,7.51667,7.6579,-71.7472,10.5585,9,0.149,0.159,0.135417
117,veh6,veh3,10,4,0.6,425.281,7.51667,13.8763,-77.3287,14.0042,4,0.149,0.121,0.135417
117,veh6,veh4,10,2,0.8,670.061,7.51667,8.39028,-75.5858,9.57854,2,0.149,0.102,0.135417
117,veh6,veh2,10,5,0.5,282.027,7.51667,9.5616,-72.2931,10.5337,5,0.149,0.145,0.135417
117,veh6,veh1,10,6,0.4,318.682,7.51667,0,-72.3447,12.716,6,0.149,0.13,0.135417
117,veh6,veh10,10,8,0.2,185.841,7.51667,9.9476,-70.0814,14.0486,8,0.149,0.141,0.135417
117,veh12,veh11,10,0,1,1070.5,10.6028,8.51425,nan,nan,0,0.144,0.107,0.135417
117,veh12,veh9,10,3,0.7,759.52,10.6028,6.28085,-80.6176,16.3587,3,0.144,0.127,0.135417
117,veh12,veh7,10,8,0.2,308.991,10.6028,0,-73.9541,23.0222,8,0.144,0.149,0.135417
117,veh12,veh6,10,6,0.4,467.488,10.6028,7.51667,-74.899,22.0773,6,0.144,0.149,0.135417
117,veh12,veh5,10,8,0.2,251.7,10.6028,6.5763,-74.1671,22.8092,8,0.144,0.151,0.135417
117,veh12,veh8,10,8,0.2,288.842,10.6028,7.6579,-74.9633,22.013,8,0.144,0.159,0.135417
117,veh12,veh3,10,1,0.9,852.632,10.6028,13.8763,-78.0546,18.9217,1,0.144,0.121,0.135417
117,veh12,veh4,10,4,0.6,1037.8,10.6028,8.39028,-79.89,17.0862,4,0.144,0.102,0.135417
117,veh12,veh2,10,7,0.3,370.834,10.6028,9.5616,-74.3646,22.6117,7,0.144,0.145,0.135417
117,veh12,veh1,10,8,0.2,699.627,10.6028,0,-76.6995,20.2768,8,0.144,0.13,0.135417
117,veh12,veh10,10,4,0.6,520.864,10.6028,9.9476,-78.0712,18.9051,4,0.144,0.141,0.135417
117,veh5,veh11,10,0,1,854.728,6.5763,8.51425,nan,nan,0,0.151,0.107,0.135417
117,veh5,veh9,10,3,0.7,511.3,6.5763,6.28085,-72.7676,15.9445,3,0.151,0.127,0.135417
117,veh5,veh7,10,10,0,95.0896,6.5763,0,-66.9481,17.8765,10,0.151,0.149,0.135417
117,veh5,veh6,10,8,0.2,215.885,6.5763,7.51667,-69.8653,15.2097,8,0.151,0.149,0.135417
117,veh5,veh12,10,9,0.1,251.7,6.5763,10.6028,-73.2053,13.9857,9,0.151,0.144,0.135417
117,veh5,veh8,10,10,0,96.7173,6.5763,7.6579,-66.6155,17.6609,10,0.151,0.159,0.135417
117,veh5,veh3,10,0,1,613.519,6.5763,13.8763,nan,nan,0,0.151,0.121,0.135417
117,veh5,veh4,10,0,1,824.505,6.5763,8.39028,nan,nan,0,0.151,0.102,0.135417
117,veh5,veh2,10,6,0.4,223.338,6.5763,9.5616,-69.971,12.4853,6,0.151,0.145,0.135417
117,veh5,veh1,10,1,0.9,473.14,6.5763,0,-72.4801,24.4962,1,0.151,0.13,0.135417
117,veh5,veh10,10,7,0.3,302.188,6.5763,9.9476,-73.5816,14.8344,7,0.151,0.141,0.135417
117,veh8,veh11,10,4,0.6,785.753,7.6579,8.51425,-78.4892,18.4871,4,0.159,0.107,0.135417
117,veh8,veh9,10,7,0.3,518.582,7.6579,6.28085,-77.0618,19.9145,7,0.159,0.127,0.135417
117,veh8,veh7,10,10,0,26.9152,7.6579,0,-53.7372,43.2391,10,0.159,0.149,0.135417
117,veh8,veh6,10,10,0,220.1,7.6579,7.51667,-69.2642,27.7121,10,0.159,0.149,0.135417
117,veh8,veh12,10,8,0.2,288.842,7.6579,10.6028,-74.321,22.6553,8,0.159,0.144,0.135417
117,veh8,veh5,10,10,0,96.7173,7.6579,6.5763,-68.1461,28.8301,10,0.159,0.151,0.135417
117,veh8,veh3,10,7,0.3,564.713,7.6579,13.8763,-78.0403,18.936,7,0.159,0.121,0.135417
117,veh8,veh4,10,4,0.6,753.978,7.6579,8.39028,-78.0792,18.8971,4,0.159,0.102,0.135417
117,veh8,veh2,10,10,0,126.622,7.6579,9.5616,-67.1066,29.8696,10,0.159,0.145,0.135417
117,veh8,veh1,10,7,0.3,411.044,7.6579,0,-75.9703,21.006,7,0.159,0.13,0.135417
117,veh8,veh10,10,7,0.3,356.946,7.6579,9.9476,-75.4323,21.544,7,0.159,0.141,0.135417
117,veh3,veh11,10,8,0.2,295.404,13.8763,8.51425,-76.727,20.2493,8,0.121,0.107,0.135417
117,veh3,veh9,10,7,0.3,336.075,13.8763,6.28085,-77.8647,19.1115,7,0.121,0.127,0.135417
117,veh3,veh7,10,8,0.2,543.648,13.8763,0,-79.1476,17.8287,8,0.121,0.149,0.135417
117,veh3,veh6,10,5,0.5,425.281,13.8763,7.51667,-76.6799,20.2964,5,0.121,0.149,0.135417
117,veh3,veh12,10,3,0.7,852.632,13.8763,10.6028,-80.3917,16.5846,3,0.121,0.144,0.135417
117,veh3,veh5,10,6,0.4,613.519,13.8763,6.5763,-78,18.9763,6,0.121,0.151,0.135417
117,veh3,veh8,10,4,0.6,564.713,13.8763,7.6579,-76.792,20.1843,4,0.121,0.159,0.135417
117,veh3,veh4,10,8,0.2,280.094,13.8763,8.39028,-73.4161,23.5602,8,0.121,0.102,0.135417
117,veh3,veh2,10,4,0.6,522.377,13.8763,9.5616,-75.2507,21.7255,4,0.121,0.145,0.135417
117,veh3,veh1,10,10,0,170.512,13.8763,0,-72.3184,24.6579,10,0.121,0.13,0.135417
117,veh3,veh10,10,4,0.6,539.31,13.8763,9.9476,-79.3417,17.6346,4,0.121,0.141,0.135417
117,veh4,veh11,10,10,0,36.1851,8.39028,8.51425,-53.6614,32.8508,10,0.102,0.107,0.135417
117,veh4,veh9,10,4,0.6,614.919,8.39028,6.28085,-77.7338,19.2425,4,0.102,0.127,0.135417
117,veh4,veh7,10,0,1,739.203,8.39028,0,nan,nan,0,0.102,0.149,0.135417
117,veh4,veh6,10,0,1,670.061,8.39028,7.51667,nan,nan,0,0.102,0.149,0.135417
117,veh4,veh12,10,0,1,1037.8,8.39028,10.6028,nan,nan,0,0.102,0.144,0.135417
117,veh4,veh5,10,0,1,824.505,8.39028,6.5763,nan,nan,0,0.102,0.151,0.135417
117,veh4,veh8,10,0,1,753.978,8.39028,7.6579,nan,nan,0,0.102,0.159,0.135417
117,veh4,veh3,10,6,0.4,280.094,8.39028,13.8763,-72.781,8.93732,6,0.102,0.121,0.135417
117,veh4,veh2,10,1,0.9,672.354,8.39028,9.5616,-74.8633,22.113,1,0.102,0.145,0.135417
117,veh4,veh1,10,5,0.5,354.886,8.39028,0,-71.5772,8.17696,5,0.102,0.13,0.135417
117,veh4,veh10,10,2,0.8,808.638,8.39028,9.9476,-75.7958,21.1805,2,0.102,0.141,0.135417
117,veh2,veh11,10,7,0.3,706.159,9.5616,8.51425,-78.484,18.4923,7,0.145,0.107,0.135417
117,veh2,veh9,10,4,0.6,554.987,9.5616,6.28085,-78.4037,18.5726,4,0.145,0.127,0.135417
117,veh2,veh7,10,10,0,134.78,9.5616,0,-69.0641,27.9122,10,0.145,0.149,0.135417
117,veh2,veh6,10,9,0.1,282.027,9.5616,7.51667,-74.7924,22.1839,9,0.145,0.149,0.135417
117,veh2,veh12,10,8,0.2,370.834,9.5616,10.6028,-75.9744,21.0019,8,0.145,0.144,0.135417
117,veh2,veh5,10,9,0.1,223.338,9.5616,6.5763,-70.7138,26.2625,9,0.145,0.151,0.135417
117,veh2,veh8,10,9,0.1,126.622,9.5616,7.6579,-67.4917,29.4846,9,0.145,0.159,0.135417
117,veh2,veh3,10,6,0.4,522.377,9.5616,13.8763,-78.9632,18.0131,6,0.145,0.121,0.135417
117,veh2,veh4,10,3,0.7,672.354,9.5616,8.39028,-78.9816,17.9946,3,0.145,0.102,0.135417
117,veh2,veh1,10,7,0.3,354.979,9.5616,0,-75.1958,21.7805,7,0.145,0.13,0.135417
117,veh2,veh10,10,6,0.4,451.066,9.5616,9.9476,-74.2181,22.7582,6,0.145,0.141,0.135417
117,veh1,veh11,10,7,0.3,383.255,0,8.51425,-76.2755,20.7008,7,0.13,0.107,0.135417
117,veh1,veh9,10,5,0.5,366.677,0,6.28085,-77.1912,19.7851,5,0.13,0.127,0.135417
117,veh1,veh7,10,4,0.6,392.98,0,0,-76.8208,20.1555,4,0.13,0.149,0.135417
117,veh1,veh6,10,4,0.6,318.682,0,7.51667,-74.7716,22.2047,4,0.13,0.149,0.135417
117,veh1,veh12,10,4,0.6,699.627,0,10.6028,-78.2737,18.7026,4,0.13,0.144,0.135417
117,veh1,veh5,10,2,0.8,473.14,0,6.5763,-75.1184,21.8579,2,0.13,0.151,0.135417
117,veh1,veh8,10,4,0.6,411.044,0,7.6579,-74.2489,22.7274,4,0.13,0.159,0.135417
117,veh1,veh3,10,7,0.3,170.512,0,13.8763,-70.1453,26.831,7,0.13,0.121,0.135417
117,veh1,veh4,10,6,0.4,354.886,0,8.39028,-73.7184,23.2578,6,0.13,0.102,0.135417
117,veh1,veh2,10,7,0.3,354.979,0,9.5616,-78.5233,18.453,7,0.13,0.145,0.135417
117,veh1,veh10,10,5,0.5,475.341,0,9.9476,-75.7538,21.2225,5,0.13,0.141,0.135417
117,veh10,veh11,10,5,0.5,829.748,9.9476,8.51425,-79.2478,17.7285,5,0.141,0.107,0.135417
117,veh10,veh9,10,9,0.1,283.995,9.9476,6.28085,-72.728,24.2483,9,0.141,0.127,0.135417
117,veh10,veh7,10,9,0.1,333.828,9.9476,0,-75.8068,21.1695,9,0.141,0.149,0.135417
117,veh10,veh6,10,9,0.1,185.841,9.9476,7.51667,-70.1726,26.8037,9,0.141,0.149,0.135417
117,veh10,veh12,10,6,0.4,520.864,9.9476,10.6028,-77.0536,19.9227,6,0.141,0.144,0.135417
117,veh10,veh5,10,7,0.3,302.188,9.9476,6.5763,-71.7654,25.2109,7,0.141,0.151,0.135417
117,veh10,veh8,10,6,0.4,356.946,9.9476,7.6579,-74.9242,22.0521,6,0.141,0.159,0.135417
117,veh10,veh3,10,6,0.4,539.31,9.9476,13.8763,-77.4867,19.4895,6,0.141,0.121,0.135417
117,veh10,veh4,10,4,0.6,808.638,9.9476,8.39028,-79.1992,17.7771,4,0.141,0.102,0.135417
117,veh10,veh2,10,6,0.4,451.066,9.9476,9.5616,-77.0207,19.9556,6,0.141,0.145,0.135417
117,veh10,veh1,10,4,0.6,475.341,9.9476,0,-75.8971,21.0791,4,0.141,0.13,0.135417
118,veh11,veh9,10,5,0.5,623.92,7.62202,5.91232,-78.7829,18.1933,5,0.106,0.127,0.137333
118,veh11,veh7,10,3,0.7,777.08,7.62202,0,-80.4307,16.5456,3,0.106,0.149,0.137333
118,veh11,veh6,10,4,0.6,706.755,7.62202,8.1794,-79.4164,17.5599,4,0.106,0.151,0.137333
118,veh11,veh12,10,5,0.5,1079.36,7.62202,6.10278,-80.2343,16.742,5,0.106,0.148,0.137333
118,veh11,veh5,10,3,0.7,856.052,7.62202,6.45611,-79.9832,16.9931,3,0.106,0.156,0.137333
118,veh11,veh8,10,4,0.6,786.719,7.62202,6.99644,-77.6589,19.3174,4,0.106,0.162,0.137333
118,veh11,veh3,10,10,0,302.627,7.62202,15.0093,-74.8644,22.1119,10,0.106,0.118,0.137333
118,veh11,veh4,10,10,0,35.7635,7.62202,8.04238,-55.5794,41.3969,10,0.106,0.11,0.137333
118,veh11,veh2,10,3,0.7,718.437,7.62202,12.1066,-79.1853,17.7909,3,0.106,0.146,0.137333
118,veh11,veh1,10,7,0.3,389.378,7.62202,0,-76.2475,20.7288,7,0.106,0.13,0.137333
118,veh11,veh10,10,1,0.9,823.621,7.62202,12.5011,-79.6944,17.2819,1,0.106,0.145,0.137333
118,veh9,veh11,10,4,0.6,623.92,5.91232,7.62202,-79.1833,12.0645,4,0.127,0.106,0.137333
118,veh9,veh7,10,5,0.5,489.809,5.91232,0,-75.683,21.2933,5,0.127,0.149,0.137333
118,veh9,veh6,10,5,0.5,306.768,5.91232,8.1794,-74.0846,21.6565,5,0.127,0.151,0.137333
118,veh9,veh12,10,2,0.8,757.444,5.91232,6.10278,-78.2206,18.7557,2,0.127,0.148,0.137333
118,veh9,veh5,10,4,0.6,504.107,5.91232,6.45611,-75.9224,21.0539,4,0.127,0.156,0.137333
118,veh9,veh8,10,4,0.6,510.045,5.91232,6.99644,-79.2307,17.7456,4,0.127,0.162,0.137333
118,veh9,veh3,10,6,0.4,331.263,5.91232,15.0093,-75.2551,15.2969,6,0.127,0.118,0.137333
118,veh9,veh4,10,5,0.5,611.648,5.91232,8.04238,-78.8352,12.2986,5,0.127,0.11,0.137333
118,veh9,veh2,10,4,0.6,545.436,5.91232,12.1066,-77.5777,19.3986,4,0.127,0.146,0.137333
118,veh9,veh1,10,6,0.4,361.1,5.91232,0,-75.2287,15.9425,6,0.127,0.13,0.137333
118,veh9,veh10,10,10,0,281.544,5.91232,12.5011,-75.2163,16.8929,10,0.127,0.145,0.137333
118,veh7,veh11,10,4,0.6,777.08,0,7.62202,-77.4052,19.5711,4,0.149,0.106,0.137333
118,veh7,veh9,10,3,0.7,489.809,0,5.91232,-77.6803,19.296,3,0.149,0.127,0.137333
118,veh7,veh6,10,8,0.2,185.886,0,8.1794,-69.7236,27.2527,8,0.149,0.151,0.137333
118,veh7,veh12,10,7,0.3,309.798,0,6.10278,-75.4231,21.5532,7,0.149,0.148,0.137333
118,veh7,veh5,10,7,0.3,92.4674,0,6.45611,-64.7142,32.2621,7,0.149,0.156,0.137333
118,veh7,veh8,10,8,0.2,20.4928,0,6.99644,-49.0165,47.9598,8,0.149,0.162,0.137333
118,veh7,veh3,10,4,0.6,530.698,0,15.0093,-76.9096,20.0667,4,0.149,0.118,0.137333
118,veh7,veh4,10,4,0.6,746.112,0,8.04238,-80.0561,16.9202,4,0.149,0.11,0.137333
118,veh7,veh2,10,8,0.2,122.674,0,12.1066,-65.5635,31.4127,8,0.149,0.146,0.137333
118,veh7,veh1,10,5,0.5,392.98,0,0,-75.076,21.9003,5,0.149,0.13,0.137333
118,veh7,veh10,10,6,0.4,323.999,0,12.5011,-75.1888,21.7875,6,0.149,0.145,0.137333
118,veh6,veh11,10,4,0.6,706.755,8.1794,7.62202,-79.5374,11.7109,4,0.151,0.106,0.137333
118,veh6,veh9,10,7,0.3,306.768,8.1794,5.91232,-74.8999,10.0229,7,0.151,0.127,0.137333
118,veh6,veh7,10,6,0.4,185.886,8.1794,0,-70.3102,12.4789,6,0.151,0.149,0.137333
118,veh6,veh12,10,2,0.8,458.333,8.1794,6.10278,-75.9294,21.0468,2,0.151,0.148,0.137333
118,veh6,veh5,10,8,0.2,201.256,8.1794,6.45611,-70.7,10.1756,8,0.151,0.156,0.137333
118,veh6,veh8,10,7,0.3,206.373,8.1794,6.99644,-70.5156,9.832,7,0.151,0.162,0.137333
118,veh6,veh3,10,7,0.3,421.888,8.1794,15.0093,-73.2906,12.9611,7,0.151,0.118,0.137333
118,veh6,veh4,10,5,0.5,680.897,8.1794,8.04238,-78.6068,12.6054,5,0.151,0.11,0.137333
118,veh6,veh2,10,7,0.3,267.337,8.1794,12.1066,-72.5723,12.4538,7,0.151,0.146,0.137333
118,veh6,veh1,10,6,0.4,323.147,8.1794,0,-73.9633,12.9073,6,0.151,0.13,0.137333
118,veh6,veh10,10,7,0.3,174.93,8.1794,12.5011,-68.0848,14.1474,7,0.151,0.145,0.137333
118,veh12,veh11,10,2,0.8,1079.36,6.10278,7.62202,-79.5904,17.3859,2,0.148,0.106,0.137333
118,veh12,veh9,10,7,0.3,757.444,6.10278,5.91232,-79.3133,17.663,7,0.148,0.127,0.137333
118,veh12,veh7,10,9,0.1,309.798,6.10278,0,-76.492,20.4843,9,0.148,0.149,0.137333
118,veh12,veh6,10,5,0.5,458.333,6.10278,8.1794,-73.287,23.6893,5,0.148,0.151,0.137333
118,veh12,veh5,10,6,0.4,257.295,6.10278,6.45611,-72.9986,23.9777,6,0.148,0.156,0.137333
118,veh12,veh8,10,7,0.3,296.385,6.10278,6.99644,-73.4384,23.5379,7,0.148,0.162,0.137333
118,veh12,veh3,10,4,0.6,840.478,6.10278,15.0093,-78.3563,18.62,4,0.148,0.118,0.137333
118,veh12,veh4,10,3,0.7,1047.09,6.10278,8.04238,-80.2012,16.775,3,0.148,0.11,0.137333
118,veh12,veh2,10,7,0.3,366.191,6.10278,12.1066,-75.0502,21.9261,7,0.148,0.146,0.137333
118,veh12,veh1,10,4,0.6,700.956,6.10278,0,-78.5219,18.4544,4,0.148,0.13,0.137333
118,veh12,veh10,10,7,0.3,514.15,6.10278,12.5011,-78.5139,18.4624,7,0.148,0.145,0.137333
118,veh5,veh11,10,0,1,856.052,6.45611,7.62202,nan,nan,0,0.156,0.106,0.137333
118,veh5,veh9,10,1,0.9,504.107,6.45611,5.91232,-71.1779,7.95687,1,0.156,0.127,0.137333
118,veh5,veh7,10,8,0.2,92.4674,6.45611,0,-65.0766,19.5862,8,0.156,0.149,0.137333
118,veh5,veh6,10,7,0.3,201.256,6.45611,8.1794,-69.9533,11.5698,7,0.156,0.151,0.137333
118,veh5,veh12,10,8,0.2,257.295,6.45611,6.10278,-74.5703,13.4854,8,0.156,0.148,0.137333
118,veh5,veh8,10,10,0,96.6717,6.45611,6.99644,-65.3391,17.3811,10,0.156,0.162,0.137333
118,veh5,veh3,10,3,0.7,595.679,6.45611,15.0093,-75.1152,21.8611,3,0.156,0.118,0.137333
118,veh5,veh4,10,0,1,826.192,6.45611,8.04238,nan,nan,0,0.156,0.11,0.137333
118,veh5,veh2,10,10,0,210.413,6.45611,12.1066,-74.1898,15.0259,10,0.156,0.146,0.137333
118,veh5,veh1,10,0,1,467.864,6.45611,0,nan,nan,0,0.156,0.13,0.137333
118,veh5,veh10,10,5,0.5,289.697,6.45611,12.5011,-69.9469,12.3578,5,0.156,0.145,0.137333
118,veh8,veh11,10,5,0.5,786.719,6.99644,7.62202,-80.2673,16.709,5,0.162,0.106,0.137333
118,veh8,veh9,10,4,0.6,510.045,6.99644,5.91232,-77.9112,19.0651,4,0.162,0.127,0.137333
118,veh8,veh7,10,10,0,20.4928,6.99644,0,-50.1916,46.7847,10,0.162,0.149,0.137333
118,veh8,veh6,10,10,0,206.373,6.99644,8.1794,-74.8451,22.1312,10,0.162,0.151,0.137333
118,veh8,veh12,10,9,0.1,296.385,6.99644,6.10278,-73.7213,23.255,9,0.162,0.148,0.137333
118,veh8,veh5,10,10,0,96.6717,6.99644,6.45611,-65.1002,31.8761,10,0.162,0.156,0.137333
118,veh8,veh3,10,5,0.5,544.911,6.99644,15.0093,-77.3511,19.6252,5,0.162,0.118,0.137333
118,veh8,veh4,10,2,0.8,755.335,6.99644,8.04238,-78.7854,18.1909,2,0.162,0.11,0.137333
118,veh8,veh2,10,9,0.1,113.821,6.99644,12.1066,-68.8492,28.1271,9,0.162,0.146,0.137333
118,veh8,veh1,10,4,0.6,404.802,6.99644,0,-77.6251,19.3512,4,0.162,0.13,0.137333
118,veh8,veh10,10,6,0.4,342.832,6.99644,12.5011,-77.4222,19.5541,6,0.162,0.145,0.137333
118,veh3,veh11,10,10,0,302.627,15.0093,7.62202,-73.2121,23.7642,10,0.118,0.106,0.137333
118,veh3,veh9,10,9,0.1,331.263,15.0093,5.91232,-71.4493,25.527,9,0.118,0.127,0.137333
118,veh3,veh7,10,7,0.3,530.698,15.0093,0,-75.3787,21.5976,7,0.118,0.149,0.137333
118,veh3,veh6,10,7,0.3,421.888,15.0093,8.1794,-76.2097,20.7666,7,0.118,0.151,0.137333
118,veh3,veh12,10,2,0.8,840.478,15.0093,6.10278,-81.6766,15.2997,2,0.118,0.148,0.137333
118,veh3,veh5,10,5,0.5,595.679,15.0093,6.45611,-77.4191,19.5572,5,0.118,0.156,0.137333
118,veh3,veh8,10,4,0.6,544.911,15.0093,6.99644,-78.1251,18.8512,4,0.118,0.162,0.137333
118,veh3,veh4,10,7,0.3,285.142,15.0093,8.04238,-73.7811,23.1952,7,0.118,0.11,0.137333
118,veh3,veh2,10,8,0.2,508.798,15.0093,12.1066,-78.2898,18.6865,8,0.118,0.146,0.137333
118,veh3,veh1,10,10,0,155.614,15.0093,0,-69.869,27.1073,10,0.118,0.13,0.137333
118,veh3,veh10,10,9,0.1,523.006,15.0093,12.5011,-77.2975,19.6788,9,0.118,0.145,0.137333
118,veh4,veh11,10,10,0,35.7635,8.04238,7.62202,-55.8453,28.1274,10,0.11,0.106,0.137333
118,veh4,veh9,10,3,0.7,611.648,8.04238,5.91232,-74.645,22.3313,3,0.11,0.127,0.137333
118,veh4,veh7,10,0,1,746.112,8.04238,0,nan,nan,0,0.11,0.149,0.137333
118,veh4,veh6,10,2,0.8,680.897,8.04238,8.1794,-77.6823,19.2939,2,0.11,0.151,0.137333
118,veh4,veh12,10,0,1,1047.09,8.04238,6.10278,nan,nan,0,0.11,0.148,0.137333
118,veh4,veh5,10,0,1,826.192,8.04238,6.45611,nan,nan,0,0.11,0.156,0.137333
118,veh4,veh8,10,0,1,755.335,8.04238,6.99644,nan,nan,0,0.11,0.162,0.137333
118,veh4,veh3,10,0,1,285.142,8.04238,15.0093,nan,nan,0,0.11,0.118,0.137333
118,veh4,veh2,10,0,1,685.188,8.04238,12.1066,nan,nan,0,0.11,0.146,0.137333
118,veh4,veh1,10,6,0.4,361.073,8.04238,0,-72.9936,10.7007,6,0.11,0.13,0.137333
118,veh4,veh10,10,1,0.9,802.336,8.04238,12.5011,-79.1501,17.8262,1,0.11,0.145,0.137333
118,veh2,veh11,10,5,0.5,718.437,12.1066,7.62202,-78.6157,18.3606,5,0.146,0.106,0.137333
118,veh2,veh9,10,7,0.3,545.436,12.1066,5.91232,-77.7684,19.2079,7,0.146,0.127,0.137333
118,veh2,veh7,10,10,0,122.674,12.1066,0,-68.1195,28.8568,10,0.146,0.149,0.137333
118,veh2,veh6,10,10,0,267.337,12.1066,8.1794,-73.7642,23.2121,10,0.146,0.151,0.137333
118,veh2,veh12,10,8,0.2,366.191,12.1066,6.10278,-74.4219,22.5544,8,0.146,0.148,0.137333
118,veh2,veh5,10,10,0,210.413,12.1066,6.45611,-72.5534,24.4229,10,0.146,0.156,0.137333
118,veh2,veh8,10,10,0,113.821,12.1066,6.99644,-68.9039,28.0724,10,0.146,0.162,0.137333
118,veh2,veh3,10,6,0.4,508.798,12.1066,15.0093,-77.8501,19.1262,6,0.146,0.118,0.137333
118,veh2,veh4,10,5,0.5,685.188,12.1066,8.04238,-78.5027,18.4736,5,0.146,0.11,0.137333
118,veh2,veh1,10,7,0.3,356.71,12.1066,0,-74.053,22.9232,7,0.146,0.13,0.137333
118,veh2,veh10,10,6,0.4,429.266,12.1066,12.5011,-73.6643,23.312,6,0.146,0.145,0.137333
118,veh1,veh11,10,6,0.4,389.378,0,7.62202,-77.2666,19.7097,6,0.13,0.106,0.137333
118,veh1,veh9,10,6,0.4,361.1,0,5.91232,-74.7029,22.2734,6,0.13,0.127,0.137333
118,veh1,veh7,10,8,0.2,392.98,0,0,-76.7842,20.1921,8,0.13,0.149,0.137333
118,veh1,veh6,10,5,0.5,323.147,0,8.1794,-72.591,24.3853,5,0.13,0.151,0.137333
118,veh1,veh12,10,4,0.6,700.956,0,6.10278,-78.362,18.6143,4,0.13,0.148,0.137333
118,veh1,veh5,10,4,0.6,467.864,0,6.45611,-76.6066,20.3697,4,0.13,0.156,0.137333
118,veh1,veh8,10,7,0.3,404.802,0,6.99644,-75.9426,21.0337,7,0.13,0.162,0.137333
118,veh1,veh3,10,8,0.2,155.614,0,15.0093,-69.9709,27.0054,8,0.13,0.118,0.137333
118,veh1,veh4,10,7,0.3,361.073,0,8.04238,-76.0377,20.9385,7,0.13,0.11,0.137333
118,veh1,veh2,10,6,0.4,356.71,0,12.1066,-74.5269,22.4493,6,0.13,0.146,0.137333
118,veh1,veh10,10,4,0.6,463.421,0,12.5011,-78.3214,18.6549,4,0.13,0.145,0.137333
118,veh10,veh11,10,4,0.6,823.621,12.5011,7.62202,-79.4932,17.4831,4,0.145,0.106,0.137333
118,veh10,veh9,10,9,0.1,281.544,12.5011,5.91232,-73.5569,23.4194,9,0.145,0.127,0.137333
118,veh10,veh7,10,7,0.3,323.999,12.5011,0,-75.6286,21.3477,7,0.145,0.149,0.137333
118,veh10,veh6,10,10,0,174.93,12.5011,8.1794,-69.6467,27.3296,10,0.145,0.151,0.137333
118,veh10,veh12,10,6,0.4,514.15,12.5011,6.10278,-77.3465,19.6297,6,0.145,0.148,0.137333
118,veh10,veh5,10,9,0.1,289.697,12.5011,6.45611,-75.5547,21.4216,9,0.145,0.156,0.137333
118,veh10,veh8,10,9,0.1,342.832,12.5011,6.99644,-74.2976,22.6787,9,0.145,0.162,0.137333
118,veh10,veh3,10,2,0.8,523.006,12.5011,15.0093,-78.6815,18.2948,2,0.145,0.118,0.137333
118,veh10,veh4,10,5,0.5,802.336,12.5011,8.04238,-80.4062,16.57,5,0.145,0.11,0.137333
118,veh10,veh2,10,9,0.1,429.266,12.5011,12.1066,-75.2783,21.6979,9,0.145,0.146,0.137333
118,veh10,veh1,10,7,0.3,463.421,12.5011,0,-76.9569,20.0194,7,0.145,0.13,0.137333
119,veh13,veh11,10,1,0.9,936.571,0,8.23162,-78.8213,18.155,1,0.061,0.101,0.127923
119,veh13,veh9,10,1,0.9,749.543,0,6.67345,-78.5005,18.4758,1,0.061,0.122,0.127923
119,veh13,veh7,10,0,1,1236.16,0,0,nan,nan,0,0.061,0.148,0.127923
119,veh13,veh6,10,0,1,1062.32,0,7.66113,nan,nan,0,0.061,0.144,0.127923
119,veh13,veh12,10,0,1,1500.76,0,2.29129,nan,nan,0,0.061,0.148,0.127923
119,veh13,veh5,10,0,1,1244.91,0,6.62423,nan,nan,0,0.061,0.15,0.127923
119,veh13,veh8,10,0,1,1248.12,0,8.11256,nan,nan,0,0.061,0.154,0.127923
119,veh13,veh3,10,0,1,862.122,0,14.4249,nan,nan,0,0.061,0.118,0.127923
119,veh13,veh4,10,0,1,955.632,0,7.46412,nan,nan,0,0.061,0.09,0.127923
119,veh13,veh2,10,0,1,1272.42,0,13.8607,nan,nan,0,0.061,0.149,0.127923
119,veh13,veh1,10,0,1,985.328,0,0,nan,nan,0,0.061,0.132,0.127923
119,veh13,veh10,10,0,1,997.454,0,14.0037,nan,nan,0,0.061,0.146,0.127923
119,veh11,veh13,10,3,0.7,936.571,8.23162,0,-79.7241,17.2522,3,0.101,0.061,0.127923
119,veh11,veh9,10,8,0.2,620.579,8.23162,6.67345,-77.6811,19.2952,8,0.101,0.122,0.127923
119,veh11,veh7,10,5,0.5,784.253,8.23162,0,-78.5617,18.4146,5,0.101,0.148,0.127923
119,veh11,veh6,10,6,0.4,717.973,8.23162,7.66113,-78.7467,18.2296,6,0.101,0.144,0.127923
119,veh11,veh12,10,1,0.9,1087.55,8.23162,2.29129,-78.5705,18.4058,1,0.101,0.148,0.127923
119,veh11,veh5,10,4,0.6,857.756,8.23162,6.62423,-80.1669,16.8094,4,0.101,0.15,0.127923
119,veh11,veh8,10,3,0.7,787.986,8.23162,8.11256,-79.5175,17.4588,3,0.101,0.154,0.127923
119,veh11,veh3,10,9,0.1,308.335,8.23162,14.4249,-77.4502,19.526,9,0.101,0.118,0.127923
119,veh11,veh4,10,10,0,36.5299,8.23162,7.46412,-55.7926,41.1837,10,0.101,0.09,0.127923
119,veh11,veh2,10,4,0.6,732.194,8.23162,13.8607,-78.9066,18.0697,4,0.101,0.149,0.127923
119,veh11,veh1,10,8,0.2,396.05,8.23162,0,-77.0991,19.8772,8,0.101,0.132,0.127923
119,veh11,veh10,10,2,0.8,816.796,8.23162,14.0037,-78.9642,18.0121,2,0.101,0.146,0.127923
119,veh9,veh13,10,7,0.3,749.543,6.67345,0,-78.5519,14.1843,7,0.122,0.061,0.127923
119,veh9,veh11,10,4,0.6,620.579,6.67345,8.23162,-75.8917,14.1782,4,0.122,0.101,0.127923
119,veh9,veh7,10,4,0.6,487.771,6.67345,0,-77.8466,19.1297,4,0.122,0.148,0.127923
119,veh9,veh6,10,9,0.1,312.782,6.67345,7.66113,-73.6015,18.0984,9,0.122,0.144,0.127923
119,veh9,veh12,10,4,0.6,756.482,6.67345,2.29129,-77.8205,19.1558,4,0.122,0.148,0.127923
119,veh9,veh5,10,5,0.5,496.7,6.67345,6.62423,-75.2602,21.7161,5,0.122,0.15,0.127923
119,veh9,veh8,10,5,0.5,500.013,6.67345,8.11256,-76.6482,20.3281,5,0.122,0.154,0.127923
119,veh9,veh3,10,7,0.3,329.213,6.67345,14.4249,-77.6293,15.8927,7,0.122,0.118,0.127923
119,veh9,veh4,10,6,0.4,607.574,6.67345,7.46412,-78.9583,15.7345,6,0.122,0.09,0.127923
119,veh9,veh2,10,5,0.5,535.122,6.67345,13.8607,-79.182,17.7943,5,0.122,0.149,0.127923
119,veh9,veh1,10,8,0.2,354.814,6.67345,0,-75.8193,13.2695,8,0.122,0.132,0.127923
119,veh9,veh10,10,7,0.3,278.973,6.67345,14.0037,-73.0817,22.061,7,0.122,0.146,0.127923
119,veh7,veh13,10,1,0.9,1236.16,0,0,-80.6339,16.3424,1,0.148,0.061,0.127923
119,veh7,veh11,10,3,0.7,784.253,0,8.23162,-78.9201,18.0561,3,0.148,0.101,0.127923
119,veh7,veh9,10,6,0.4,487.771,0,6.67345,-77.1059,19.8703,6,0.148,0.122,0.127923
119,veh7,veh6,10,5,0.5,179.048,0,7.66113,-73.5082,23.4681,5,0.148,0.144,0.127923
119,veh7,veh12,10,7,0.3,310.131,0,2.29129,-74.1474,22.8289,7,0.148,0.148,0.127923
119,veh7,veh5,10,8,0.2,90.1779,0,6.62423,-62.0293,34.947,8,0.148,0.15,0.127923
119,veh7,veh8,10,8,0.2,13.1475,0,8.11256,-47.8184,49.1579,8,0.148,0.154,0.127923
119,veh7,veh3,10,4,0.6,520.526,0,14.4249,-76.5205,20.4557,4,0.148,0.118,0.127923
119,veh7,veh4,10,1,0.9,752.546,0,7.46412,-77.8631,19.1132,1,0.148,0.09,0.127923
119,veh7,veh2,10,9,0.1,108.814,0,13.8607,-65.3861,31.5902,9,0.148,0.149,0.127923
119,veh7,veh1,10,3,0.7,392.98,0,0,-76.1269,20.8494,3,0.148,0.132,0.127923
119,veh7,veh10,10,6,0.4,313.215,0,14.0037,-72.5112,24.4651,6,0.148,0.146,0.127923
119,veh6,veh13,10,0,1,1062.32,7.66113,0,nan,nan,0,0.144,0.061,0.127923
119,veh6,veh11,10,4,0.6,717.973,7.66113,8.23162,-78.2381,7.21471,4,0.144,0.101,0.127923
119,veh6,veh9,10,6,0.4,312.782,7.66113,6.67345,-75.9428,10.0254,6,0.144,0.122,0.127923
119,veh6,veh7,10,9,0.1,179.048,7.66113,0,-70.1985,20.3087,9,0.144,0.148,0.127923
119,veh6,veh12,10,7,0.3,450.335,7.66113,2.29129,-75.9241,12.1588,7,0.144,0.148,0.127923
119,veh6,veh5,10,9,0.1,186.976,7.66113,6.62423,-73.5104,13.9935,9,0.144,0.15,0.127923
119,veh6,veh8,10,6,0.4,191.932,7.66113,8.11256,-70.9078,17.0779,6,0.144,0.154,0.127923
119,veh6,veh3,10,7,0.3,421.341,7.66113,14.4249,-74.6248,9.66026,7,0.144,0.118,0.127923
119,veh6,veh4,10,7,0.3,691.183,7.66113,7.46412,-77.8482,10.0418,7,0.144,0.09,0.127923
119,veh6,veh2,10,7,0.3,251.658,7.66113,13.8607,-73.4229,13.6259,7,0.144,0.149,0.127923
119,veh6,veh1,10,6,0.4,327.455,7.66113,0,-73.8387,11.0834,6,0.144,0.132,0.127923
119,veh6,veh10,10,8,0.2,163.083,7.66113,14.0037,-68.5425,18.4886,8,0.144,0.146,0.127923
119,veh12,veh13,10,0,1,1500.76,2.29129,0,nan,nan,0,0.148,0.061,0.127923
119,veh12,veh11,10,2,0.8,1087.55,2.29129,8.23162,-81.1679,15.8084,2,0.148,0.101,0.127923
119,veh12,veh9,10,3,0.7,756.482,2.29129,6.67345,-78.331,18.6453,3,0.148,0.122,0.127923
119,veh12,veh7,10,8,0.2,310.131,2.29129,0,-73.7334,21.3266,8,0.148,0.148,0.127923
119,veh12,veh6,10,6,0.4,450.335,2.29129,7.66113,-77.0873,17.775,6,0.148,0.144,0.127923
119,veh12,veh5,10,8,0.2,263.61,2.29129,6.62423,-76.0785,20.4192,8,0.148,0.15,0.127923
119,veh12,veh8,10,8,0.2,303.719,2.29129,8.11256,-73.0372,23.9391,8,0.148,0.154,0.127923
119,veh12,veh3,10,2,0.8,830.657,2.29129,14.4249,-79.0236,17.9526,2,0.148,0.118,0.127923
119,veh12,veh4,10,1,0.9,1054.58,2.29129,7.46412,-80.392,16.5843,1,0.148,0.09,0.127923
119,veh12,veh2,10,9,0.1,358.857,2.29129,13.8607,-77.5765,18.7609,9,0.148,0.149,0.127923
119,veh12,veh1,10,4,0.6,701.467,2.29129,0,-77.2835,19.6928,4,0.148,0.132,0.127923
119,veh12,veh10,10,6,0.4,509.36,2.29129,14.0037,-76.7665,18.5232,6,0.148,0.146,0.127923
119,veh5,veh13,10,1,0.9,1244.91,6.62423,0,-79.4042,17.5721,1,0.15,0.061,0.127923
119,veh5,veh11,10,0,1,857.756,6.62423,8.23162,nan,nan,0,0.15,0.101,0.127923
119,veh5,veh9,10,2,0.8,496.7,6.62423,6.67345,-76.5673,8.32563,2,0.15,0.122,0.127923
119,veh5,veh7,10,8,0.2,90.1779,6.62423,0,-66.0199,16.9769,8,0.15,0.148,0.127923
119,veh5,veh6,10,7,0.3,186.976,6.62423,7.66113,-71.9217,10.4093,7,0.15,0.144,0.127923
119,veh5,veh12,10,9,0.1,263.61,6.62423,2.29129,-74.6035,15.12,9,0.15,0.148,0.127923
119,veh5,veh8,10,7,0.3,95.7279,6.62423,8.11256,-63.5551,21.4376,7,0.15,0.154,0.127923
119,veh5,veh3,10,3,0.7,580.819,6.62423,14.4249,-75.3138,21.6625,3,0.15,0.118,0.127923
119,veh5,veh4,10,0,1,827.27,6.62423,7.46412,nan,nan,0,0.15,0.09,0.127923
119,veh5,veh2,10,6,0.4,195.815,6.62423,13.8607,-68.1673,15.3106,6,0.15,0.149,0.127923
119,veh5,veh1,10,3,0.7,462.482,6.62423,0,-76.5075,20.4688,3,0.15,0.132,0.127923
119,veh5,veh10,10,6,0.4,276.381,6.62423,14.0037,-74.6758,12.8459,6,0.15,0.146,0.127923
119,veh8,veh13,10,2,0.8,1248.12,8.11256,0,-81.0043,15.972,2,0.154,0.061,0.127923
119,veh8,veh11,10,5,0.5,787.986,8.11256,8.23162,-77.5682,19.4081,5,0.154,0.101,0.127923
119,veh8,veh9,10,4,0.6,500.013,8.11256,6.67345,-77.2169,19.7593,4,0.154,0.122,0.127923
119,veh8,veh7,10,10,0,13.1475,8.11256,0,-47.3362,49.6401,10,0.154,0.148,0.127923
119,veh8,veh6,10,9,0.1,191.932,8.11256,7.66113,-71.1428,25.8334,9,0.154,0.144,0.127923
119,veh8,veh12,10,6,0.4,303.719,8.11256,2.29129,-75.99,20.9863,6,0.154,0.148,0.127923
119,veh8,veh5,10,8,0.2,95.7279,8.11256,6.62423,-66.3457,30.6306,8,0.154,0.15,0.127923
119,veh8,veh3,10,7,0.3,527.301,8.11256,14.4249,-77.5059,19.4704,7,0.154,0.118,0.127923
119,veh8,veh4,10,2,0.8,755.985,8.11256,7.46412,-77.3025,19.6738,2,0.154,0.09,0.127923
119,veh8,veh2,10,9,0.1,100.524,8.11256,13.8607,-66.7351,30.2411,9,0.154,0.149,0.127923
119,veh8,veh1,10,7,0.3,398.168,8.11256,0,-74.6487,22.3275,7,0.154,0.132,0.127923
119,veh8,veh10,10,6,0.4,326.145,8.11256,14.0037,-72.6312,24.3451,6,0.154,0.146,0.127923
119,veh3,veh13,10,4,0.6,862.122,14.4249,0,-79.1741,17.8022,4,0.118,0.061,0.127923
119,veh3,veh11,10,8,0.2,308.335,14.4249,8.23162,-74.5625,22.4138,8,0.118,0.101,0.127923
119,veh3,veh9,10,6,0.4,329.213,14.4249,6.67345,-74.1712,22.8051,6,0.118,0.122,0.127923
119,veh3,veh7,10,7,0.3,520.526,14.4249,0,-76.7016,20.2747,7,0.118,0.148,0.127923
119,veh3,veh6,10,7,0.3,421.341,14.4249,7.66113,-76.2542,20.7221,7,0.118,0.144,0.127923
119,veh3,veh12,10,3,0.7,830.657,14.4249,2.29129,-81.0219,15.9544,3,0.118,0.148,0.127923
119,veh3,veh5,10,5,0.5,580.819,14.4249,6.62423,-75.5698,21.4064,5,0.118,0.15,0.127923
119,veh3,veh8,10,5,0.5,527.301,14.4249,8.11256,-78.2715,18.7048,5,0.118,0.154,0.127923
119,veh3,veh4,10,8,0.2,288.305,14.4249,7.46412,-71.5151,25.4612,8,0.118,0.09,0.127923
119,veh3,veh2,10,8,0.2,498.207,14.4249,13.8607,-77.744,19.2323,8,0.118,0.149,0.127923
119,veh3,veh1,10,10,0,142.409,14.4249,0,-70.1222,26.8541,10,0.118,0.132,0.127923
119,veh3,veh10,10,7,0.3,508.864,14.4249,14.0037,-78.865,18.1113,7,0.118,0.146,0.127923
119,veh4,veh13,10,1,0.9,955.632,7.46412,0,-75.5793,6.73172,1,0.09,0.061,0.127923
119,veh4,veh11,10,10,0,36.5299,7.46412,8.23162,-55.8242,28.3329,10,0.09,0.101,0.127923
119,veh4,veh9,10,1,0.9,607.574,7.46412,6.67345,-79.0324,17.9439,1,0.09,0.122,0.127923
119,veh4,veh7,10,0,1,752.546,7.46412,0,nan,nan,0,0.09,0.148,0.127923
119,veh4,veh6,10,0,1,691.183,7.46412,7.66113,nan,nan,0,0.09,0.144,0.127923
119,veh4,veh12,10,0,1,1054.58,7.46412,2.29129,nan,nan,0,0.09,0.148,0.127923
119,veh4,veh5,10,0,1,827.27,7.46412,6.62423,nan,nan,0,0.09,0.15,0.127923
119,veh4,veh8,10,2,0.8,755.985,7.46412,8.11256,-79.3614,17.6149,2,0.09,0.154,0.127923
119,veh4,veh3,10,5,0.5,288.305,7.46412,14.4249,-71.3004,10.0986,5,0.09,0.118,0.127923
119,veh4,veh2,10,2,0.8,698.427,7.46412,13.8607,-74.7922,22.184,2,0.09,0.149,0.127923
119,veh4,veh1,10,4,0.6,366.879,7.46412,0,-74.1636,10.8233,4,0.09,0.132,0.127923
119,veh4,veh10,10,0,1,794.595,7.46412,14.0037,nan,nan,0,0.09,0.146,0.127923
119,veh2,veh13,10,1,0.9,1272.42,13.8607,0,-79.6553,17.321,1,0.149,0.061,0.127923
119,veh2,veh11,10,6,0.4,732.194,13.8607,8.23162,-78.057,18.9192,6,0.149,0.101,0.127923
119,veh2,veh9,10,6,0.4,535.122,13.8607,6.67345,-75.5542,21.422,6,0.149,0.122,0.127923
119,veh2,veh7,10,9,0.1,108.814,13.8607,0,-68.0905,28.8858,9,0.149,0.148,0.127923
119,veh2,veh6,10,6,0.4,251.658,13.8607,7.66113,-75.0215,21.9548,6,0.149,0.144,0.127923
119,veh2,veh12,10,8,0.2,358.857,13.8607,2.29129,-74.2064,22.7699,8,0.149,0.148,0.127923
119,veh2,veh5,10,8,0.2,195.815,13.8607,6.62423,-72.0586,24.9177,8,0.149,0.15,0.127923
119,veh2,veh8,10,10,0,100.524,13.8607,8.11256,-67.6303,29.346,10,0.149,0.154,0.127923
119,veh2,veh3,10,6,0.4,498.207,13.8607,14.4249,-77.1723,19.804,6,0.149,0.118,0.127923
119,veh2,veh4,10,5,0.5,698.427,13.8607,7.46412,-80.1471,16.8292,5,0.149,0.09,0.127923
119,veh2,veh1,10,7,0.3,359.231,13.8607,0,-76.5713,20.405,7,0.149,0.132,0.127923
119,veh2,veh10,10,5,0.5,404.99,13.8607,14.0037,-76.0372,20.9391,5,0.149,0.146,0.127923
119,veh1,veh13,10,2,0.8,985.328,0,0,-80.3556,16.6207,2,0.132,0.061,0.127923
119,veh1,veh11,10,6,0.4,396.05,0,8.23162,-76.2177,20.7586,6,0.132,0.101,0.127923
119,veh1,veh9,10,7,0.3,354.814,0,6.67345,-74.6259,22.3504,7,0.132,0.122,0.127923
119,veh1,veh7,10,5,0.5,392.98,0,0,-70.8005,26.1758,5,0.132,0.148,0.127923
119,veh1,veh6,10,3,0.7,327.455,0,7.66113,-76.7197,20.2566,3,0.132,0.144,0.127923
119,veh1,veh12,10,1,0.9,701.467,0,2.29129,-76.0923,20.8839,1,0.132,0.148,0.127923
119,veh1,veh5,10,4,0.6,462.482,0,6.62423,-78.8433,18.133,4,0.132,0.15,0.127923
119,veh1,veh8,10,4,0.6,398.168,0,8.11256,-76.1446,20.8316,4,0.132,0.154,0.127923
119,veh1,veh3,10,7,0.3,142.409,0,14.4249,-68.3376,28.6387,7,0.132,0.118,0.127923
119,veh1,veh4,10,5,0.5,366.879,0,7.46412,-75.4639,21.5123,5,0.132,0.09,0.127923
119,veh1,veh2,10,5,0.5,359.231,0,13.8607,-73.5569,23.4194,5,0.132,0.149,0.127923
119,veh1,veh10,10,3,0.7,450.106,0,14.0037,-78.2312,18.7451,3,0.132,0.146,0.127923
119,veh10,veh13,10,2,0.8,997.454,14.0037,0,-80.4626,16.5137,2,0.146,0.061,0.127923
119,veh10,veh11,10,4,0.6,816.796,14.0037,8.23162,-77.2526,19.7237,4,0.146,0.101,0.127923
119,veh10,veh9,10,8,0.2,278.973,14.0037,6.67345,-72.9278,24.0485,8,0.146,0.122,0.127923
119,veh10,veh7,10,8,0.2,313.215,14.0037,0,-73.2313,23.745,8,0.146,0.148,0.127923
119,veh10,veh6,10,10,0,163.083,14.0037,7.66113,-68.5436,28.4327,10,0.146,0.144,0.127923
119,veh10,veh12,10,5,0.5,509.36,14.0037,2.29129,-75.7537,21.2226,5,0.146,0.148,0.127923
119,veh10,veh5,10,5,0.5,276.381,14.0037,6.62423,-73.6764,23.2998,5,0.146,0.15,0.127923
119,veh10,veh8,10,8,0.2,326.145,14.0037,8.11256,-75.1083,21.868,8,0.146,0.154,0.127923
119,veh10,veh3,10,5,0.5,508.864,14.0037,14.4249,-74.7404,22.2358,5,0.146,0.118,0.127923
119,veh10,veh4,10,1,0.9,794.595,14.0037,7.46412,-81.36,15.6163,1,0.146,0.09,0.127923
119,veh10,veh2,10,5,0.5,404.99,14.0037,13.8607,-78.6098,18.3665,5,0.146,0.149,0.127923
119,veh10,veh1,10,6,0.4,450.106,14.0037,0,-76.8966,20.0797,6,0.146,0.132,0.127923
