run_id,scenario_id,ns3_seed,ns3_run,sumo_seed,propagation,window_start_s,window_end_s,src,dst,tx,rx_ok,per,dist_m,within_evaluation_radius,v_src_mps,v_dst_mps,rssi_dbm,snr_db,phy_n,cbr_tx,cbr_rx,cbr_global
juelich_pilot_d30_r10_log_distance_s02_w1,juelich,12345,2,2,log-distance,5,6,veh0,veh1,10,0,1,775.581,0,8.06159,5.47044,nan,nan,0,0.02,0.02,0.0166667
juelich_pilot_d30_r10_log_distance_s02_w1,juelich,12345,2,2,log-distance,5,6,veh1,veh0,10,0,1,775.581,0,5.47044,8.06159,nan,nan,0,0.02,0.02,0.0166667
juelich_pilot_d30_r10_log_distance_s02_w1,juelich,12345,2,2,log-distance,6,7,veh0,veh1,10,0,1,765.12,0,8.05638,7.26738,nan,nan,0,0.02,0.02,0.0166667
juelich_pilot_d30_r10_log_distance_s02_w1,juelich,12345,2,2,log-distance,6,7,veh1,veh0,10,0,1,765.12,0,7.26738,8.05638,nan,nan,0,0.02,0.02,0.0166667
juelich_pilot_d30_r10_log_distance_s02_w1,juelich,12345,2,2,log-distance,7,8,veh0,veh1,10,0,1,753.923,0,8.0474,8.3,nan,nan,0,0.02,0.02,0.0166667
juelich_pilot_d30_r10_log_distance_s02_w1,juelich,12345,2,2,log-distance,7,8,veh1,veh0,10,0,1,753.923,0,8.3,8.0474,nan,nan,0,0.02,0.02,0.0166667
juelich_pilot_d30_r10_log_distance_s02_w1,juelich,12345,2,2,log-distance,8,9,veh0,veh1,10,0,1,742.694,0,8.06632,8.32309,nan,nan,0,0.02,0.02,0.01975
juelich_pilot_d30_r10_log_distance_s02_w1,juelich,12345,2,2,log-distance,8,9,veh1,veh0,10,0,1,742.694,0,8.32309,8.06632,nan,nan,0,0.02,0.02,0.01975
juelich_pilot_d30_r10_log_distance_s02_w1,juelich,12345,2,2,log-distance,8,9,veh2,veh3,9,9,0,266.894,1,6.30436,0,-75.2045,21.7718,9,0.019,0.02,0.01975
juelich_pilot_d30_r10_log_distance_s02_w1,juelich,12345,2,2,log-distance,8,9,veh3,veh2,9,9,0,266.894,1,0,6.30436,-75.2045,21.7718,9,0.02,0.019,0.01975
juelich_pilot_d30_r10_log_distance_s02_w1,juelich,12345,2,2,log-distance,9,10,veh0,veh1,10,0,1,731.64,0,8.03604,8.33556,nan,nan,0,0.02,0.02,0.02
juelich_pilot_d30_r10_log_distance_s02_w1,juelich,12345,2,2,log-distance,9,10,veh1,veh0,10,0,1,731.64,0,8.33556,8.03604,nan,nan,0,0.02,0.02,0.02
juelich_pilot_d30_r10_log_distance_s02_w1,juelich,12345,2,2,log-distance,9,10,veh2,veh3,10,10,0,264.778,1,6.59238,0,-75.1353,21.841,10,0.02,0.02,0.02
juelich_pilot_d30_r10_log_distance_s02_w1,juelich,12345,2,2,log-distance,9,10,veh3,veh2,10,10,0,264.778,1,0,6.59238,-75.1353,21.841,10,0.02,0.02,0.02
juelich_pilot_d30_r10_log_distance_s02_w1,juelich,12345,2,2,log-distance,10,11,veh0,veh1,10,0,1,720.885,0,8.04543,8.34926,nan,nan,0,0.022,0.022,0.0228
juelich_pilot_d30_r10_log_distance_s02_w1,juelich,12345,2,2,log-distance,10,11,veh0,veh4,2,2,0,468.986,1,8.06909,0.12462,-80.1009,16.8754,2,0.022,0.03,0.0228
juelich_pilot_d30_r10_log_distance_s02_w1,juelich,12345,2,2,log-distance,10,11,veh1,veh0,10,0,1,720.885,0,8.34926,8.04543,nan,nan,0,0.022,0.022,0.0228
juelich_pilot_d30_r10_log_distance_s02_w1,juelich,12345,2,2,log-distance,10,11,veh1,veh4,2,2,0,250.306,1,8.36917,0.12462,-74.6471,22.3292,2,0.022,0.03,0.0228
juelich_pilot_d30_r10_log_distance_s02_w1,juelich,12345,2,2,log-distance,10,11,veh2,veh3,10,10,0,263.416,1,2.44921,0,-75.0905,21.8857,10,0.02,0.02,0.0228
juelich_pilot_d30_r10_log_distance_s02_w1,juelich,12345,2,2,log-distance,10,11,veh3,veh2,10,10,0,263.416,1,0,2.44921,-75.0905,21.8857,10,0.02,0.02,0.0228
juelich_pilot_d30_r10_log_distance_s02_w1,juelich,12345,2,2,log-distance,10,11,veh4,veh0,2,2,0,468.986,1,0.12462,8.06909,-80.1009,16.8754,2,0.03,0.022,0.0228
juelich_pilot_d30_r10_log_distance_s02_w1,juelich,12345,2,2,log-distance,10,11,veh4,veh1,2,2,0,250.306,1,0.12462,8.36917,-74.6471,22.3292,2,0.03,0.022,0.0228
juelich_pilot_d30_r10_log_distance_s02_w1,juelich,12345,2,2,log-distance,11,12,veh0,veh1,10,0,1,710.445,0,8.03313,8.32228,nan,nan,0,0.03,0.03,0.026
juelich_pilot_d30_r10_log_distance_s02_w1,juelich,12345,2,2,log-distance,11,12,veh0,veh4,10,10,0,464.69,1,8.03313,1.4865,-80.0209,16.9554,10,0.03,0.03,0.026
juelich_pilot_d30_r10_log_distance_s02_w1,juelich,12345,2,2,log-distance,11,12,veh1,veh0,10,0,1,710.445,0,8.32228,8.03313,nan,nan,0,0.03,0.03,0.026
juelich_pilot_d30_r10_log_distance_s02_w1,juelich,12345,2,2,log-distance,11,12,veh1,veh4,10,10,0,248.827,1,8.32228,1.4865,-74.5956,22.3807,10,0.03,0.03,0.026
juelich_pilot_d30_r10_log_distance_s02_w1,juelich,12345,2,2,log-distance,11,12,veh2,veh3,10,10,0,263.222,1,0.000164495,1.2835,-75.0842,21.8921,10,0.02,0.02,0.026
juelich_pilot_d30_r10_log_distance_s02_w1,juelich,12345,2,2,log-distance,11,12,veh3,veh2,10,10,0,263.222,1,1.2835,0.000164495,-75.0842,21.8921,10,0.02,0.02,0.026
juelich_pilot_d30_r10_log_distance_s02_w1,juelich,12345,2,2,log-distance,11,12,veh4,veh0,10,10,0,464.69,1,1.4865,8.03313,-80.0209,16.9554,10,0.03,0.03,0.026
juelich_pilot_d30_r10_log_distance_s02_w1,juelich,12345,2,2,log-distance,11,12,veh4,veh1,10,10,0,248.827,1,1.4865,8.32228,-74.5956,22.3807,10,0.03,0.03,0.026
juelich_pilot_d30_r10_log_distance_s02_w1,juelich,12345,2,2,log-distance,12,13,veh0,veh1,10,0,1,700.223,0,8.04105,8.31013,nan,nan,0,0.03,0.03,0.026
juelich_pilot_d30_r10_log_distance_s02_w1,juelich,12345,2,2,log-distance,12,13,veh0,veh4,10,10,0,456.663,1,8.04105,3.39413,-79.8695,17.1068,10,0.03,0.03,0.026
juelich_pilot_d30_r10_log_distance_s02_w1,juelich,12345,2,2,log-distance,12,13,veh1,veh0,10,0,1,700.223,0,8.31013,8.04105,nan,nan,0,0.03,0.03,0.026
juelich_pilot_d30_r10_log_distance_s02_w1,juelich,12345,2,2,log-distance,12,13,veh1,veh4,10,10,0,247.694,1,8.31013,3.39413,-74.556,22.4203,10,0.03,0.03,0.026
juelich_pilot_d30_r10_log_distance_s02_w1,juelich,12345,2,2,log-distance,12,13,veh2,veh3,10,10,0,263.354,1,0,3.36867,-75.0885,21.8878,10,0.02,0.02,0.026
juelich_pilot_d30_r10_log_distance_s02_w1,juelich,12345,2,2,log-distance,12,13,veh3,veh2,10,10,0,263.354,1,3.36867,0,-75.0885,21.8878,10,0.02,0.02,0.026
juelich_pilot_d30_r10_log_distance_s02_w1,juelich,12345,2,2,log-distance,12,13,veh4,veh0,10,10,0,456.663,1,3.39413,8.04105,-79.8695,17.1068,10,0.03,0.03,0.026
juelich_pilot_d30_r10_log_distance_s02_w1,juelich,12345,2,2,log-distance,12,13,veh4,veh1,10,10,0,247.694,1,3.39413,8.31013,-74.556,22.4203,10,0.03,0.03,0.026
juelich_pilot_d30_r10_log_distance_s02_w1,juelich,12345,2,2,log-distance,13,14,veh0,veh1,10,0,1,690.231,0,8.03051,8.34375,nan,nan,0,0.035,0.03,0.0283333
juelich_pilot_d30_r10_log_distance_s02_w1,juelich,12345,2,2,log-distance,13,14,veh0,veh4,10,10,0,447.653,1,8.03051,5.2783,-79.6964,17.2799,10,0.035,0.035,0.0283333
juelich_pilot_d30_r10_log_distance_s02_w1,juelich,12345,2,2,log-distance,13,14,veh0,veh5,5,5,0,298.904,1,8.02453,0.493661,-76.1883,20.788,5,0.035,0.03,0.0283333
juelich_pilot_d30_r10_log_distance_s02_w1,juelich,12345,2,2,log-distance,13,14,veh1,veh0,10,0,1,690.231,0,8.34375,8.03051,nan,nan,0,0.03,0.035,0.0283333
juelich_pilot_d30_r10_log_distance_s02_w1,juelich,12345,2,2,log-distance,13,14,veh1,veh4,10,10,0,248.298,1,8.34375,5.2783,-74.5772,22.3991,10,0.03,0.035,0.0283333
juelich_pilot_d30_r10_log_distance_s02_w1,juelich,12345,2,2,log-distance,13,14,veh1,veh5,5,0,1,986.586,0,8.3563,0.493661,nan,nan,0,0.03,0.03,0.0283333
juelich_pilot_d30_r10_log_distance_s02_w1,juelich,12345,2,2,log-distance,13,14,veh2,veh3,10,10,0,263.061,1,1.28077,5.21192,-75.0788,21.8975,10,0.02,0.02,0.0283333
juelich_pilot_d30_r10_log_distance_s02_w1,juelich,12345,2,2,log-distance,13,14,veh3,veh2,10,10,0,263.061,1,5.21192,1.28077,-75.0788,21.8975,10,0.02,0.02,0.0283333
juelich_pilot_d30_r10_log_distance_s02_w1,juelich,12345,2,2,log-distance,13,14,veh3,veh5,5,0,1,980.898,0,5.66571,0.493661,nan,nan,0,0.02,0.03,0.0283333
juelich_pilot_d30_r10_log_distance_s02_w1,juelich,12345,2,2,log-distance,13,14,veh4,veh0,10,10,0,447.653,1,5.2783,8.03051,-79.6964,17.2799,10,0.035,0.035,0.0283333
juelich_pilot_d30_r10_log_distance_s02_w1,juelich,12345,2,2,log-distance,13,14,veh4,veh1,10,10,0,248.298,1,5.2783,8.34375,-74.5772,22.3991,10,0.035,0.03,0.0283333
juelich_pilot_d30_r10_log_distance_s02_w1,juelich,12345,2,2,log-distance,13,14,veh4,veh5,5,0,1,742.78,0,5.78392,0.493661,nan,nan,0,0.035,0.03,0.0283333
juelich_pilot_d30_r10_log_distance_s02_w1,juelich,12345,2,2,log-distance,13,14,veh5,veh0,5,5,0,298.904,1,0.493661,8.02453,-76.1883,20.788,5,0.03,0.035,0.0283333
juelich_pilot_d30_r10_log_distance_s02_w1,juelich,12345,2,2,log-distance,13,14,veh5,veh1,5,0,1,986.586,0,0.493661,8.3563,nan,nan,0,0.03,0.03,0.0283333
juelich_pilot_d30_r10_log_distance_s02_w1,juelich,12345,2,2,log-distance,13,14,veh5,veh3,5,0,1,980.898,0,0.493661,5.66571,nan,nan,0,0.03,0.02,0.0283333
juelich_pilot_d30_r10_log_distance_s02_w1,juelich,12345,2,2,log-distance,13,14,veh5,veh4,5,0,1,742.78,0,0.493661,5.78392,nan,nan,0,0.03,0.035,0.0283333
juelich_pilot_d30_r10_log_distance_s02_w1,juelich,12345,2,2,log-distance,14,15,veh0,veh1,10,0,1,680.511,0,8.0599,8.31655,nan,nan,0,0.04,0.03,0.03
juelich_pilot_d30_r10_log_distance_s02_w1,juelich,12345,2,2,log-distance,14,15,veh0,veh4,10,10,0,437.878,1,8.0599,7.09136,-79.5046,17.4717,10,0.04,0.04,0.03
juelich_pilot_d30_r10_log_distance_s02_w1,juelich,12345,2,2,log-distance,14,15,veh0,veh5,10,10,0,304.199,1,8.0599,2.17668,-76.3406,20.6357,10,0.04,0.03,0.03
juelich_pilot_d30_r10_log_distance_s02_w1,juelich,12345,2,2,log-distance,14,15,veh1,veh0,10,0,1,680.511,0,8.31655,8.0599,nan,nan,0,0.03,0.04,0.03
juelich_pilot_d30_r10_log_distance_s02_w1,juelich,12345,2,2,log-distance,14,15,veh1,veh4,10,10,0,250.685,1,8.31655,7.09136,-74.6602,22.3161,10,0.03,0.04,0.03
juelich_pilot_d30_r10_log_distance_s02_w1,juelich,12345,2,2,log-distance,14,15,veh1,veh5,10,0,1,984.693,0,8.31655,2.17668,nan,nan,0,0.03,0.03,0.03
juelich_pilot_d30_r10_log_distance_s02_w1,juelich,12345,2,2,log-distance,14,15,veh2,veh3,10,10,0,261.761,1,3.32716,7.16065,-75.0358,21.9405,10,0.02,0.02,0.03
juelich_pilot_d30_r10_log_distance_s02_w1,juelich,12345,2,2,log-distance,14,15,veh3,veh2,10,10,0,261.761,1,7.16065,3.32716,-75.0358,21.9405,10,0.02,0.02,0.03
juelich_pilot_d30_r10_log_distance_s02_w1,juelich,12345,2,2,log-distance,14,15,veh3,veh5,10,0,1,975.847,0,7.16065,2.17668,nan,nan,0,0.02,0.03,0.03
juelich_pilot_d30_r10_log_distance_s02_w1,juelich,12345,2,2,log-distance,14,15,veh4,veh0,10,10,0,437.878,1,7.09136,8.0599,-79.5046,17.4717,10,0.04,0.04,0.03
juelich_pilot_d30_r10_log_distance_s02_w1,juelich,12345,2,2,log-distance,14,15,veh4,veh1,10,10,0,250.685,1,7.09136,8.31655,-74.6602,22.3161,10,0.04,0.03,0.03
juelich_pilot_d30_r10_log_distance_s02_w1,juelich,12345,2,2,log-distance,14,15,veh4,veh5,10,0,1,740.955,0,7.09136,2.17668,nan,nan,0,0.04,0.03,0.03
juelich_pilot_d30_r10_log_distance_s02_w1,juelich,12345,2,2,log-distance,14,15,veh5,veh0,10,10,0,304.199,1,2.17668,8.0599,-76.3406,20.6357,10,0.03,0.04,0.03
juelich_pilot_d30_r10_log_distance_s02_w1,juelich,12345,2,2,log-distance,14,15,veh5,veh1,10,0,1,984.693,0,2.17668,8.31655,nan,nan,0,0.03,0.03,0.03
juelich_pilot_d30_r10_log_distance_s02_w1,juelich,12345,2,2,log-distance,14,15,veh5,veh3,10,0,1,975.847,0,2.17668,7.16065,nan,nan,0,0.03,0.02,0.03
juelich_pilot_d30_r10_log_distance_s02_w1,juelich,12345,2,2,log-distance,14,15,veh5,veh4,10,0,1,740.955,0,2.17668,7.09136,nan,nan,0,0.03,0.04,0.03
juelich_pilot_d30_r10_log_distance_s02_w1,juelich,12345,2,2,log-distance,15,16,veh0,veh1,10,0,1,671.07,0,8.04622,8.31496,nan,nan,0,0.04,0.03,0.03
juelich_pilot_d30_r10_log_distance_s02_w1,juelich,12345,2,2,log-distance,15,16,veh0,veh4,10,10,0,427.044,1,8.04622,7.89685,-79.2869,17.6894,10,0.04,0.04,0.03
juelich_pilot_d30_r10_log_distance_s02_w1,juelich,12345,2,2,log-distance,15,16,veh0,veh5,10,10,0,312.802,1,8.04622,4.17971,-76.5828,20.3935,10,0.04,0.03,0.03
juelich_pilot_d30_r10_log_distance_s02_w1,juelich,12345,2,2,log-distance,15,16,veh1,veh0,10,0,1,671.07,0,8.31496,8.04622,nan,nan,0,0.03,0.04,0.03
juelich_pilot_d30_r10_log_distance_s02_w1,juelich,12345,2,2,log-distance,15,16,veh1,veh4,10,10,0,255.058,1,8.31496,7.89685,-74.8103,22.166,10,0.03,0.04,0.03
juelich_pilot_d30_r10_log_distance_s02_w1,juelich,12345,2,2,log-distance,15,16,veh1,veh5,10,0,1,983.619,0,8.31496,4.17971,nan,nan,0,0.03,0.03,0.03
juelich_pilot_d30_r10_log_distance_s02_w1,juelich,12345,2,2,log-distance,15,16,veh2,veh3,10,10,0,255.656,1,5.30765,9.24792,-74.8304,22.1459,10,0.02,0.02,0.03
juelich_pilot_d30_r10_log_distance_s02_w1,juelich,12345,2,2,log-distance,15,16,veh3,veh2,10,10,0,255.656,1,9.24792,5.30765,-74.8304,22.1459,10,0.02,0.02,0.03
juelich_pilot_d30_r10_log_distance_s02_w1,juelich,12345,2,2,log-distance,15,16,veh3,veh5,10,0,1,968.063,0,9.24792,4.17971,nan,nan,0,0.02,0.03,0.03
juelich_pilot_d30_r10_log_distance_s02_w1,juelich,12345,2,2,log-distance,15,16,veh4,veh0,10,10,0,427.044,1,7.89685,8.04622,-79.2869,17.6894,10,0.04,0.04,0.03
juelich_pilot_d30_r10_log_distance_s02_w1,juelich,12345,2,2,log-distance,15,16,veh4,veh1,10,10,0,255.058,1,7.89685,8.31496,-74.8103,22.166,10,0.04,0.03,0.03
juelich_pilot_d30_r10_log_distance_s02_w1,juelich,12345,2,2,log-distance,15,16,veh4,veh5,10,0,1,739.084,0,7.89685,4.17971,nan,nan,0,0.04,0.03,0.03
juelich_pilot_d30_r10_log_distance_s02_w1,juelich,12345,2,2,log-distance,15,16,veh5,veh0,10,10,0,312.802,1,4.17971,8.04622,-76.5828,20.3935,10,0.03,0.04,0.03
juelich_pilot_d30_r10_log_distance_s02_w1,juelich,12345,2,2,log-distance,15,16,veh5,veh1,10,0,1,983.619,0,4.17971,8.31496,nan,nan,0,0.03,0.03,0.03
juelich_pilot_d30_r10_log_distance_s02_w1,juelich,12345,2,2,log-distance,15,16,veh5,veh3,10,0,1,968.063,0,4.17971,9.24792,nan,nan,0,0.03,0.02,0.03
juelich_pilot_d30_r10_log_distance_s02_w1,juelich,12345,2,2,log-distance,15,16,veh5,veh4,10,0,1,739.084,0,4.17971,7.89685,nan,nan,0,0.03,0.04,0.03
juelich_pilot_d30_r10_log_distance_s02_w1,juelich,12345,2,2,log-distance,16,17,veh0,veh1,10,0,1,661.87,0,8.04693,8.30887,nan,nan,0,0.048,0.038,0.0348571
juelich_pilot_d30_r10_log_distance_s02_w1,juelich,12345,2,2,log-distance,16,17,veh0,veh4,10,10,0,415.743,1,8.04693,7.87978,-79.0539,17.9224,10,0.048,0.048,0.0348571
juelich_pilot_d30_r10_log_distance_s02_w1,juelich,12345,2,2,log-distance,16,17,veh0,veh5,10,10,0,323.098,1,8.04693,6.07911,-76.864,20.1123,10,0.048,0.03,0.0348571
juelich_pilot_d30_r10_log_distance_s02_w1,juelich,12345,2,2,log-distance,16,17,veh0,veh6,8,8,0,517.495,0,8.04601,0.844262,-80.9558,16.0205,8,0.048,0.04,0.0348571
juelich_pilot_d30_r10_log_distance_s02_w1,juelich,12345,2,2,log-distance,16,17,veh1,veh0,10,0,1,661.87,0,8.30887,8.04693,nan,nan,0,0.038,0.048,0.0348571
juelich_pilot_d30_r10_log_distance_s02_w1,juelich,12345,2,2,log-distance,16,17,veh1,veh4,10,10,0,260.463,1,8.30887,7.87978,-74.9924,21.9839,10,0.038,0.048,0.0348571
juelich_pilot_d30_r10_log_distance_s02_w1,juelich,12345,2,2,log-distance,16,17,veh1,veh5,10,0,1,984.008,0,8.30887,6.07911,nan,nan,0,0.038,0.03,0.0348571
juelich_pilot_d30_r10_log_distance_s02_w1,juelich,12345,2,2,log-distance,16,17,veh1,veh6,8,8,0,206.301,1,8.30686,0.844262,-72.9677,24.0086,8,0.038,0.04,0.0348571
juelich_pilot_d30_r10_log_distance_s02_w1,juelich,12345,2,2,log-distance,16,17,veh2,veh3,10,10,0,242.208,1,7.11704,11.2626,-74.3604,22.6158,10,0.02,0.02,0.0348571
juelich_pilot_d30_r10_log_distance_s02_w1,juelich,12345,2,2,log-distance,16,17,veh3,veh2,10,10,0,242.208,1,11.2626,7.11704,-74.3604,22.6158,10,0.02,0.02,0.0348571
juelich_pilot_d30_r10_log_distance_s02_w1,juelich,12345,2,2,log-distance,16,17,veh3,veh5,10,0,1,958.319,0,11.2626,6.07911,nan,nan,0,0.02,0.03,0.0348571
juelich_pilot_d30_r10_log_distance_s02_w1,juelich,12345,2,2,log-distance,16,17,veh4,veh0,10,10,0,415.743,1,7.87978,8.04693,-79.0539,17.9224,10,0.048,0.048,0.0348571
juelich_pilot_d30_r10_log_distance_s02_w1,juelich,12345,2,2,log-distance,16,17,veh4,veh1,10,10,0,260.463,1,7.87978,8.30887,-74.9924,21.9839,10,0.048,0.038,0.0348571
juelich_pilot_d30_r10_log_distance_s02_w1,juelich,12345,2,2,log-distance,16,17,veh4,veh5,10,0,1,738.398,0,7.87978,6.07911,nan,nan,0,0.048,0.03,0.0348571
juelich_pilot_d30_r10_log_distance_s02_w1,juelich,12345,2,2,log-distance,16,17,veh4,veh6,8,8,0,110.873,1,7.88289,0.844262,-67.5742,29.4021,8,0.048,0.04,0.0348571
juelich_pilot_d30_r10_log_distance_s02_w1,juelich,12345,2,2,log-distance,16,17,veh5,veh0,10,10,0,323.098,1,6.07911,8.04693,-76.864,20.1123,10,0.03,0.048,0.0348571
juelich_pilot_d30_r10_log_distance_s02_w1,juelich,12345,2,2,log-distance,16,17,veh5,veh1,10,0,1,984.008,0,6.07911,8.30887,nan,nan,0,0.03,0.038,0.0348571
juelich_pilot_d30_r10_log_distance_s02_w1,juelich,12345,2,2,log-distance,16,17,veh5,veh3,10,0,1,958.319,0,6.07911,11.2626,nan,nan,0,0.03,0.02,0.0348571
juelich_pilot_d30_r10_log_distance_s02_w1,juelich,12345,2,2,log-distance,16,17,veh5,veh4,10,0,1,738.398,0,6.07911,7.87978,nan,nan,0,0.03,0.048,0.0348571
juelich_pilot_d30_r10_log_distance_s02_w1,juelich,12345,2,2,log-distance,16,17,veh5,veh6,8,0,1,839.245,0,6.26421,0.844262,nan,nan,0,0.03,0.04,0.0348571
juelich_pilot_d30_r10_log_distance_s02_w1,juelich,12345,2,2,log-distance,16,17,veh6,veh0,8,8,0,517.495,0,0.844262,8.04601,-80.9558,16.0205,8,0.04,0.048,0.0348571
juelich_pilot_d30_r10_log_distance_s02_w1,juelich,12345,2,2,log-distance,16,17,veh6,veh1,8,8,0,206.301,1,0.844262,8.30686,-72.9677,24.0086,8,0.04,0.038,0.0348571
juelich_pilot_d30_r10_log_distance_s02_w1,juelich,12345,2,2,log-distance,16,17,veh6,veh4,8,8,0,110.873,1,0.844262,7.88289,-67.5742,29.4021,8,0.04,0.048,0.0348571
juelich_pilot_d30_r10_log_distance_s02_w1,juelich,12345,2,2,log-distance,16,17,veh6,veh5,8,0,1,839.245,0,0.844262,6.26421,nan,nan,0,0.04,0.03,0.0348571
juelich_pilot_d30_r10_log_distance_s02_w1,juelich,12345,2,2,log-distance,17,18,veh0,veh1,10,0,1,652.938,0,8.05382,8.3239,nan,nan,0,0.05,0.04,0.0357143
juelich_pilot_d30_r10_log_distance_s02_w1,juelich,12345,2,2,log-distance,17,18,veh0,veh4,10,10,0,404.455,1,8.05382,7.90378,-78.8148,18.1615,10,0.05,0.05,0.0357143
juelich_pilot_d30_r10_log_distance_s02_w1,juelich,12345,2,2,log-distance,17,18,veh0,veh5,10,10,0,334.896,1,8.05382,7.41864,-77.1754,19.8009,10,0.05,0.03,0.0357143
juelich_pilot_d30_r10_log_distance_s02_w1,juelich,12345,2,2,log-distance,17,18,veh0,veh6,10,10,0,509.68,0,8.05382,2.75952,-80.8235,16.1528,10,0.05,0.04,0.0357143
juelich_pilot_d30_r10_log_distance_s02_w1,juelich,12345,2,2,log-distance,17,18,veh1,veh0,10,0,1,652.938,0,8.3239,8.05382,nan,nan,0,0.04,0.05,0.0357143
juelich_pilot_d30_r10_log_distance_s02_w1,juelich,12345,2,2,log-distance,17,18,veh1,veh4,10,10,0,266.428,1,8.3239,7.90378,-75.1891,21.7872,10,0.04,0.05,0.0357143
juelich_pilot_d30_r10_log_distance_s02_w1,juelich,12345,2,2,log-distance,17,18,veh1,veh5,10,0,1,985.598,0,8.3239,7.41864,nan,nan,0,0.04,0.03,0.0357143
juelich_pilot_d30_r10_log_distance_s02_w1,juelich,12345,2,2,log-distance,17,18,veh1,veh6,10,10,0,208.619,1,8.3239,2.75952,-73.0647,23.9116,10,0.04,0.04,0.0357143
juelich_pilot_d30_r10_log_distance_s02_w1,juelich,12345,2,2,log-distance,17,18,veh2,veh3,10,10,0,228.267,1,9.10094,12.676,-73.8451,23.1312,10,0.02,0.02,0.0357143
juelich_pilot_d30_r10_log_distance_s02_w1,juelich,12345,2,2,log-distance,17,18,veh3,veh2,10,10,0,228.267,1,12.676,9.10094,-73.8451,23.1312,10,0.02,0.02,0.0357143
juelich_pilot_d30_r10_log_distance_s02_w1,juelich,12345,2,2,log-distance,17,18,veh3,veh5,10,0,1,949.708,0,12.676,7.41864,nan,nan,0,0.02,0.03,0.0357143
juelich_pilot_d30_r10_log_distance_s02_w1,juelich,12345,2,2,log-distance,17,18,veh4,veh0,10,10,0,404.455,1,7.90378,8.05382,-78.8148,18.1615,10,0.05,0.05,0.0357143
juelich_pilot_d30_r10_log_distance_s02_w1,juelich,12345,2,2,log-distance,17,18,veh4,veh1,10,10,0,266.428,1,7.90378,8.3239,-75.1891,21.7872,10,0.05,0.04,0.0357143
juelich_pilot_d30_r10_log_distance_s02_w1,juelich,12345,2,2,log-distance,17,18,veh4,veh5,10,0,1,739.154,0,7.90378,7.41864,nan,nan,0,0.05,0.03,0.0357143
juelich_pilot_d30_r10_log_distance_s02_w1,juelich,12345,2,2,log-distance,17,18,veh4,veh6,10,10,0,110.814,1,7.90378,2.75952,-67.5695,29.4067,10,0.05,0.04,0.0357143
juelich_pilot_d30_r10_log_distance_s02_w1,juelich,12345,2,2,log-distance,17,18,veh5,veh0,10,10,0,334.896,1,7.41864,8.05382,-77.1754,19.8009,10,0.03,0.05,0.0357143
juelich_pilot_d30_r10_log_distance_s02_w1,juelich,12345,2,2,log-distance,17,18,veh5,veh1,10,0,1,985.598,0,7.41864,8.3239,nan,nan,0,0.03,0.04,0.0357143
juelich_pilot_d30_r10_log_distance_s02_w1,juelich,12345,2,2,log-distance,17,18,veh5,veh3,10,0,1,949.708,0,7.41864,12.676,nan,nan,0,0.03,0.02,0.0357143
juelich_pilot_d30_r10_log_distance_s02_w1,juelich,12345,2,2,log-distance,17,18,veh5,veh4,10,0,1,739.154,0,7.41864,7.90378,nan,nan,0,0.03,0.05,0.0357143
juelich_pilot_d30_r10_log_distance_s02_w1,juelich,12345,2,2,log-distance,17,18,veh5,veh6,10,0,1,843.054,0,7.41864,2.75952,nan,nan,0,0.03,0.04,0.0357143
juelich_pilot_d30_r10_log_distance_s02_w1,juelich,12345,2,2,log-distance,17,18,veh6,veh0,10,10,0,509.68,0,2.75952,8.05382,-80.8235,16.1528,10,0.04,0.05,0.0357143
juelich_pilot_d30_r10_log_distance_s02_w1,juelich,12345,2,2,log-distance,17,18,veh6,veh1,10,10,0,208.619,1,2.75952,8.3239,-73.0647,23.9116,10,0.04,0.04,0.0357143
juelich_pilot_d30_r10_log_distance_s02_w1,juelich,12345,2,2,log-distance,17,18,veh6,veh4,10,10,0,110.814,1,2.75952,7.90378,-67.5695,29.4067,10,0.04,0.05,0.0357143
juelich_pilot_d30_r10_log_distance_s02_w1,juelich,12345,2,2,log-distance,17,18,veh6,veh5,10,0,1,843.054,0,2.75952,7.41864,nan,nan,0,0.04,0.03,0.0357143
juelich_pilot_d30_r10_log_distance_s02_w1,juelich,12345,2,2,log-distance,18,19,veh0,veh1,10,0,1,644.332,0,8.0392,8.31758,nan,nan,0,0.051,0.04,0.038
juelich_pilot_d30_r10_log_distance_s02_w1,juelich,12345,2,2,log-distance,18,19,veh0,veh4,10,10,0,393.244,1,8.0392,7.87043,-78.5706,18.4056,10,0.051,0.05,0.038
juelich_pilot_d30_r10_log_distance_s02_w1,juelich,12345,2,2,log-distance,18,19,veh0,veh5,10,10,0,347.271,1,8.0392,7.44178,-77.4906,19.4857,10,0.051,0.031,0.038
juelich_pilot_d30_r10_log_distance_s02_w1,juelich,12345,2,2,log-distance,18,19,veh0,veh6,10,10,0,499.528,1,8.0392,4.76013,-80.6487,16.3276,10,0.051,0.04,0.038
juelich_pilot_d30_r10_log_distance_s02_w1,juelich,12345,2,2,log-distance,18,19,veh0,veh7,1,0,1,746.289,0,8.10456,0,nan,nan,0,0.051,0.05,0.038
juelich_pilot_d30_r10_log_distance_s02_w1,juelich,12345,2,2,log-distance,18,19,veh1,veh0,10,0,1,644.332,0,8.31758,8.0392,nan,nan,0,0.04,0.051,0.038
juelich_pilot_d30_r10_log_distance_s02_w1,juelich,12345,2,2,log-distance,18,19,veh1,veh4,10,10,0,272.884,1,8.31758,7.87043,-75.3971,21.5792,10,0.04,0.05,0.038
juelich_pilot_d30_r10_log_distance_s02_w1,juelich,12345,2,2,log-distance,18,19,veh1,veh5,10,0,1,987.525,0,8.31758,7.44178,nan,nan,0,0.04,0.031,0.038
juelich_pilot_d30_r10_log_distance_s02_w1,juelich,12345,2,2,log-distance,18,19,veh1,veh6,10,10,0,211.403,1,8.31758,4.76013,-73.1799,23.7964,10,0.04,0.04,0.038
juelich_pilot_d30_r10_log_distance_s02_w1,juelich,12345,2,2,log-distance,18,19,veh2,veh3,10,10,0,213.378,1,10.0069,12.7283,-73.2589,23.7173,10,0.021,0.021,0.038
juelich_pilot_d30_r10_log_distance_s02_w1,juelich,12345,2,2,log-distance,18,19,veh2,veh5,1,0,1,999.607,0,9.99439,7.44587,nan,nan,0,0.021,0.031,0.038
juelich_pilot_d30_r10_log_distance_s02_w1,juelich,12345,2,2,log-distance,18,19,veh2,veh7,1,1,0,406.435,1,9.99439,0,-78.8575,18.1188,1,0.021,0.05,0.038
juelich_pilot_d30_r10_log_distance_s02_w1,juelich,12345,2,2,log-distance,18,19,veh3,veh2,10,10,0,213.378,1,12.7283,10.0069,-73.2589,23.7173,10,0.021,0.021,0.038
juelich_pilot_d30_r10_log_distance_s02_w1,juelich,12345,2,2,log-distance,18,19,veh3,veh5,10,0,1,940.741,0,12.7283,7.44178,nan,nan,0,0.021,0.031,0.038
juelich_pilot_d30_r10_log_distance_s02_w1,juelich,12345,2,2,log-distance,18,19,veh3,veh7,1,1,0,399.98,1,12.7754,0,-78.7185,18.2578,1,0.021,0.05,0.038
juelich_pilot_d30_r10_log_distance_s02_w1,juelich,12345,2,2,log-distance,18,19,veh4,veh0,10,10,0,393.244,1,7.87043,8.0392,-78.5706,18.4056,10,0.05,0.051,0.038
juelich_pilot_d30_r10_log_distance_s02_w1,juelich,12345,2,2,log-distance,18,19,veh4,veh1,10,10,0,272.884,1,7.87043,8.31758,-75.3971,21.5792,10,0.05,0.04,0.038
juelich_pilot_d30_r10_log_distance_s02_w1,juelich,12345,2,2,log-distance,18,19,veh4,veh5,10,0,1,740.462,0,7.87043,7.44178,nan,nan,0,0.05,0.031,0.038
juelich_pilot_d30_r10_log_distance_s02_w1,juelich,12345,2,2,log-distance,18,19,veh4,veh6,10,10,0,109.553,1,7.87043,4.76013,-67.4701,29.5062,10,0.05,0.04,0.038
juelich_pilot_d30_r10_log_distance_s02_w1,juelich,12345,2,2,log-distance,18,19,veh5,veh0,10,10,0,347.271,1,7.44178,8.0392,-77.4906,19.4857,10,0.031,0.051,0.038
juelich_pilot_d30_r10_log_distance_s02_w1,juelich,12345,2,2,log-distance,18,19,veh5,veh1,10,0,1,987.525,0,7.44178,8.31758,nan,nan,0,0.031,0.04,0.038
juelich_pilot_d30_r10_log_distance_s02_w1,juelich,12345,2,2,log-distance,18,19,veh5,veh2,1,0,1,999.607,0,7.44587,9.99439,nan,nan,0,0.031,0.021,0.038
juelich_pilot_d30_r10_log_distance_s02_w1,juelich,12345,2,2,log-distance,18,19,veh5,veh3,10,0,1,940.741,0,7.44178,12.7283,nan,nan,0,0.031,0.021,0.038
juelich_pilot_d30_r10_log_distance_s02_w1,juelich,12345,2,2,log-distance,18,19,veh5,veh4,10,0,1,740.462,0,7.44178,7.87043,nan,nan,0,0.031,0.05,0.038
juelich_pilot_d30_r10_log_distance_s02_w1,juelich,12345,2,2,log-distance,18,19,veh5,veh6,10,0,1,846.085,0,7.44178,4.76013,nan,nan,0,0.031,0.04,0.038
juelich_pilot_d30_r10_log_distance_s02_w1,juelich,12345,2,2,log-distance,18,19,veh5,veh7,1,0,1,598.09,0,7.44587,0,nan,nan,0,0.031,0.05,0.038
juelich_pilot_d30_r10_log_distance_s02_w1,juelich,12345,2,2,log-distance,18,19,veh6,veh0,10,10,0,499.528,1,4.76013,8.0392,-80.6487,16.3276,10,0.04,0.051,0.038
juelich_pilot_d30_r10_log_distance_s02_w1,juelich,12345,2,2,log-distance,18,19,veh6,veh1,10,10,0,211.403,1,4.76013,8.31758,-73.1799,23.7964,10,0.04,0.04,0.038
juelich_pilot_d30_r10_log_distance_s02_w1,juelich,12345,2,2,log-distance,18,19,veh6,veh4,10,10,0,109.553,1,4.76013,7.87043,-67.4701,29.5062,10,0.04,0.05,0.038
juelich_pilot_d30_r10_log_distance_s02_w1,juelich,12345,2,2,log-distance,18,19,veh6,veh5,10,0,1,846.085,0,4.76013,7.44178,nan,nan,0,0.04,0.031,0.038
juelich_pilot_d30_r10_log_distance_s02_w1,juelich,12345,2,2,log-distance,18,19,veh7,veh0,1,0,1,746.289,0,0,8.10456,nan,nan,0,0.05,0.051,0.038
juelich_pilot_d30_r10_log_distance_s02_w1,juelich,12345,2,2,log-distance,18,19,veh7,veh2,1,1,0,406.435,1,0,9.99439,-78.8575,18.1188,1,0.05,0.021,0.038
juelich_pilot_d30_r10_log_distance_s02_w1,juelich,12345,2,2,log-distance,18,19,veh7,veh3,1,1,0,399.98,1,0,12.7754,-78.7185,18.2578,1,0.05,0.021,0.038
juelich_pilot_d30_r10_log_distance_s02_w1,juelich,12345,2,2,log-distance,18,19,veh7,veh5,1,0,1,598.09,0,0,7.44587,nan,nan,0,0.05,0.031,0.038
juelich_pilot_d30_r10_log_distance_s02_w1,juelich,12345,2,2,log-distance,19,20,veh0,veh1,10,0,1,635.839,0,8.0246,8.29894,nan,nan,0,0.06,0.04,0.0425
juelich_pilot_d30_r10_log_distance_s02_w1,juelich,12345,2,2,log-distance,19,20,veh0,veh4,10,10,0,382.068,1,8.0246,7.90563,-78.3202,18.6561,10,0.06,0.05,0.0425
juelich_pilot_d30_r10_log_distance_s02_w1,juelich,12345,2,2,log-distance,19,20,veh0,veh5,10,10,0,359.839,1,8.0246,7.43019,-77.7994,19.1769,10,0.06,0.04,0.0425
juelich_pilot_d30_r10_log_distance_s02_w1,juelich,12345,2,2,log-distance,19,20,veh0,veh6,10,10,0,487.747,1,8.0246,6.79587,-80.4414,16.5349,10,0.06,0.04,0.0425
juelich_pilot_d30_r10_log_distance_s02_w1,juelich,12345,2,2,log-distance,19,20,veh0,veh7,10,0,1,750.014,0,8.0246,1.27508,nan,nan,0,0.06,0.05,0.0425
juelich_pilot_d30_r10_log_distance_s02_w1,juelich,12345,2,2,log-distance,19,20,veh1,veh0,10,0,1,635.839,0,8.29894,8.0246,nan,nan,0,0.04,0.06,0.0425
juelich_pilot_d30_r10_log_distance_s02_w1,juelich,12345,2,2,log-distance,19,20,veh1,veh4,10,10,0,279.604,1,8.29894,7.90563,-75.6083,21.3679,10,0.04,0.05,0.0425
juelich_pilot_d30_r10_log_distance_s02_w1,juelich,12345,2,2,log-distance,19,20,veh1,veh5,10,0,1,989.235,0,8.29894,7.43019,nan,nan,0,0.04,0.04,0.0425
juelich_pilot_d30_r10_log_distance_s02_w1,juelich,12345,2,2,log-distance,19,20,veh1,veh6,10,10,0,214.12,1,8.29894,6.79587,-73.2908,23.6855,10,0.04,0.04,0.0425
juelich_pilot_d30_r10_log_distance_s02_w1,juelich,12345,2,2,log-distance,19,20,veh2,veh3,10,10,0,198.438,1,9.98164,12.7365,-72.6281,24.3482,10,0.03,0.03,0.0425
juelich_pilot_d30_r10_log_distance_s02_w1,juelich,12345,2,2,log-distance,19,20,veh2,veh5,10,0,1,991,0,9.98164,7.43019,nan,nan,0,0.03,0.04,0.0425
juelich_pilot_d30_r10_log_distance_s02_w1,juelich,12345,2,2,log-distance,19,20,veh2,veh7,10,10,0,401.474,1,9.98164,1.27508,-78.7507,18.2256,10,0.03,0.05,0.0425
juelich_pilot_d30_r10_log_distance_s02_w1,juelich,12345,2,2,log-distance,19,20,veh3,veh2,10,10,0,198.438,1,12.7365,9.98164,-72.6281,24.3482,10,0.03,0.03,0.0425
juelich_pilot_d30_r10_log_distance_s02_w1,juelich,12345,2,2,log-distance,19,20,veh3,veh5,10,0,1,932.064,0,12.7365,7.43019,nan,nan,0,0.03,0.04,0.0425
juelich_pilot_d30_r10_log_distance_s02_w1,juelich,12345,2,2,log-distance,19,20,veh3,veh7,10,10,0,396.595,1,12.7365,1.27508,-78.6446,18.3317,10,0.03,0.05,0.0425
juelich_pilot_d30_r10_log_distance_s02_w1,juelich,12345,2,2,log-distance,19,20,veh4,veh0,10,10,0,382.068,1,7.90563,8.0246,-78.3202,18.6561,10,0.05,0.06,0.0425
juelich_pilot_d30_r10_log_distance_s02_w1,juelich,12345,2,2,log-distance,19,20,veh4,veh1,10,10,0,279.604,1,7.90563,8.29894,-75.6083,21.3679,10,0.05,0.04,0.0425
juelich_pilot_d30_r10_log_distance_s02_w1,juelich,12345,2,2,log-distance,19,20,veh4,veh5,10,0,1,741.904,0,7.90563,7.43019,nan,nan,0,0.05,0.04,0.0425
juelich_pilot_d30_r10_log_distance_s02_w1,juelich,12345,2,2,log-distance,19,20,veh4,veh6,10,10,0,107.11,1,7.90563,6.79587,-67.274,29.7023,10,0.05,0.04,0.0425
juelich_pilot_d30_r10_log_distance_s02_w1,juelich,12345,2,2,log-distance,19,20,veh5,veh0,10,10,0,359.839,1,7.43019,8.0246,-77.7994,19.1769,10,0.04,0.06,0.0425
juelich_pilot_d30_r10_log_distance_s02_w1,juelich,12345,2,2,log-distance,19,20,veh5,veh1,10,0,1,989.235,0,7.43019,8.29894,nan,nan,0,0.04,0.04,0.0425
juelich_pilot_d30_r10_log_distance_s02_w1,juelich,12345,2,2,log-distance,19,20,veh5,veh2,10,0,1,991,0,7.43019,9.98164,nan,nan,0,0.04,0.03,0.0425
juelich_pilot_d30_r10_log_distance_s02_w1,juelich,12345,2,2,log-distance,19,20,veh5,veh3,10,0,1,932.064,0,7.43019,12.7365,nan,nan,0,0.04,0.03,0.0425
juelich_pilot_d30_r10_log_distance_s02_w1,juelich,12345,2,2,log-distance,19,20,veh5,veh4,10,0,1,741.904,0,7.43019,7.90563,nan,nan,0,0.04,0.05,0.0425
juelich_pilot_d30_r10_log_distance_s02_w1,juelich,12345,2,2,log-distance,19,20,veh5,veh6,10,0,1,847.389,0,7.43019,6.79587,nan,nan,0,0.04,0.04,0.0425
juelich_pilot_d30_r10_log_distance_s02_w1,juelich,12345,2,2,log-distance,19,20,veh5,veh7,10,0,1,594.664,0,7.43019,1.27508,nan,nan,0,0.04,0.05,0.0425
juelich_pilot_d30_r10_log_distance_s02_w1,juelich,12345,2,2,log-distance,19,20,veh6,veh0,10,10,0,487.747,1,6.79587,8.0246,-80.4414,16.5349,10,0.04,0.06,0.0425
juelich_pilot_d30_r10_log_distance_s02_w1,juelich,12345,2,2,log-distance,19,20,veh6,veh1,10,10,0,214.12,1,6.79587,8.29894,-73.2908,23.6855,10,0.04,0.04,0.0425
juelich_pilot_d30_r10_log_distance_s02_w1,juelich,12345,2,2,log-distance,19,20,veh6,veh4,10,10,0,107.11,1,6.79587,7.90563,-67.274,29.7023,10,0.04,0.05,0.0425
juelich_pilot_d30_r10_log_distance_s02_w1,juelich,12345,2,2,log-distance,19,20,veh6,veh5,10,0,1,847.389,0,6.79587,7.43019,nan,nan,0,0.04,0.04,0.0425
juelich_pilot_d30_r10_log_distance_s02_w1,juelich,12345,2,2,log-distance,19,20,veh7,veh0,10,0,1,750.014,0,1.27508,8.0246,nan,nan,0,0.05,0.06,0.0425
juelich_pilot_d30_r10_log_distance_s02_w1,juelich,12345,2,2,log-distance,19,20,veh7,veh2,10,10,0,401.474,1,1.27508,9.98164,-78.7507,18.2256,10,0.05,0.03,0.0425
juelich_pilot_d30_r10_log_distance_s02_w1,juelich,12345,2,2,log-distance,19,20,veh7,veh3,10,10,0,396.595,1,1.27508,12.7365,-78.6446,18.3317,10,0.05,0.03,0.0425
juelich_pilot_d30_r10_log_distance_s02_w1,juelich,12345,2,2,log-distance,19,20,veh7,veh5,10,0,1,594.664,0,1.27508,7.43019,nan,nan,0,0.05,0.04,0.0425
juelich_pilot_d30_r10_log_distance_s02_w1,juelich,12345,2,2,log-distance,20,21,veh0,veh1,10,0,1,627.604,0,8.05622,8.32247,nan,nan,0,0.06,0.04,0.0425
juelich_pilot_d30_r10_log_distance_s02_w1,juelich,12345,2,2,log-distance,20,21,veh0,veh4,10,10,0,370.912,1,8.05622,7.87321,-78.0628,18.9135,10,0.06,0.05,0.0425
juelich_pilot_d30_r10_log_distance_s02_w1,juelich,12345,2,2,log-distance,20,21,veh0,veh5,10,10,0,372.616,1,8.05622,7.44447,-78.1025,18.8738,10,0.06,0.04,0.0425
juelich_pilot_d30_r10_log_distance_s02_w1,juelich,12345,2,2,log-distance,20,21,veh0,veh6,10,10,0,474.509,1,8.05622,8.38983,-80.2023,16.774,10,0.06,0.04,0.0425
juelich_pilot_d30_r10_log_distance_s02_w1,juelich,12345,2,2,log-distance,20,21,veh0,veh7,10,0,1,755.328,0,8.05622,3.41331,nan,nan,0,0.06,0.05,0.0425
juelich_pilot_d30_r10_log_distance_s02_w1,juelich,12345,2,2,log-distance,20,21,veh1,veh0,10,0,1,627.604,0,8.32247,8.05622,nan,nan,0,0.04,0.06,0.0425
juelich_pilot_d30_r10_log_distance_s02_w1,juelich,12345,2,2,log-distance,20,21,veh1,veh4,10,10,0,286.722,1,8.32247,7.87321,-75.8267,21.1496,10,0.04,0.05,0.0425
juelich_pilot_d30_r10_log_distance_s02_w1,juelich,12345,2,2,log-distance,20,21,veh1,veh5,10,0,1,990.896,0,8.32247,7.44447,nan,nan,0,0.04,0.04,0.0425
juelich_pilot_d30_r10_log_distance_s02_w1,juelich,12345,2,2,log-distance,20,21,veh1,veh6,10,10,0,216.89,1,8.32247,8.38983,-73.4024,23.5739,10,0.04,0.04,0.0425
juelich_pilot_d30_r10_log_distance_s02_w1,juelich,12345,2,2,log-distance,20,21,veh2,veh3,10,10,0,183.463,1,9.97174,12.7215,-71.9463,25.0299,10,0.03,0.03,0.0425
juelich_pilot_d30_r10_log_distance_s02_w1,juelich,12345,2,2,log-distance,20,21,veh2,veh5,10,0,1,975.344,0,9.97174,7.44447,nan,nan,0,0.03,0.04,0.0425
juelich_pilot_d30_r10_log_distance_s02_w1,juelich,12345,2,2,log-distance,20,21,veh2,veh7,10,10,0,393.922,1,9.97174,3.41331,-78.5858,18.3905,10,0.03,0.05,0.0425
juelich_pilot_d30_r10_log_distance_s02_w1,juelich,12345,2,2,log-distance,20,21,veh3,veh2,10,10,0,183.463,1,12.7215,9.97174,-71.9463,25.0299,10,0.03,0.03,0.0425
juelich_pilot_d30_r10_log_distance_s02_w1,juelich,12345,2,2,log-distance,20,21,veh3,veh5,10,0,1,924.243,0,12.7215,7.44447,nan,nan,0,0.03,0.04,0.0425
juelich_pilot_d30_r10_log_distance_s02_w1,juelich,12345,2,2,log-distance,20,21,veh3,veh7,10,10,0,392.486,1,12.7215,3.41331,-78.5542,18.4221,10,0.03,0.05,0.0425
juelich_pilot_d30_r10_log_distance_s02_w1,juelich,12345,2,2,log-distance,20,21,veh4,veh0,10,10,0,370.912,1,7.87321,8.05622,-78.0628,18.9135,10,0.05,0.06,0.0425
juelich_pilot_d30_r10_log_distance_s02_w1,juelich,12345,2,2,log-distance,20,21,veh4,veh1,10,10,0,286.722,1,7.87321,8.32247,-75.8267,21.1496,10,0.05,0.04,0.0425
juelich_pilot_d30_r10_log_distance_s02_w1,juelich,12345,2,2,log-distance,20,21,veh4,veh5,10,0,1,743.499,0,7.87321,7.44447,nan,nan,0,0.05,0.04,0.0425
juelich_pilot_d30_r10_log_distance_s02_w1,juelich,12345,2,2,log-distance,20,21,veh4,veh6,10,10,0,103.883,1,7.87321,8.38983,-67.0082,29.9681,10,0.05,0.04,0.0425
juelich_pilot_d30_r10_log_distance_s02_w1,juelich,12345,2,2,log-distance,20,21,veh5,veh0,10,10,0,372.616,1,7.44447,8.05622,-78.1025,18.8738,10,0.04,0.06,0.0425
juelich_pilot_d30_r10_log_distance_s02_w1,juelich,12345,2,2,log-distance,20,21,veh5,veh1,10,0,1,990.896,0,7.44447,8.32247,nan,nan,0,0.04,0.04,0.0425
juelich_pilot_d30_r10_log_distance_s02_w1,juelich,12345,2,2,log-distance,20,21,veh5,veh2,10,0,1,975.344,0,7.44447,9.97174,nan,nan,0,0.04,0.03,0.0425
juelich_pilot_d30_r10_log_distance_s02_w1,juelich,12345,2,2,log-distance,20,21,veh5,veh3,10,0,1,924.243,0,7.44447,12.7215,nan,nan,0,0.04,0.03,0.0425
juelich_pilot_d30_r10_log_distance_s02_w1,juelich,12345,2,2,log-distance,20,21,veh5,veh4,10,0,1,743.499,0,7.44447,7.87321,nan,nan,0,0.04,0.05,0.0425
juelich_pilot_d30_r10_log_distance_s02_w1,juelich,12345,2,2,log-distance,20,21,veh5,veh6,10,0,1,847.109,0,7.44447,8.38983,nan,nan,0,0.04,0.04,0.0425
juelich_pilot_d30_r10_log_distance_s02_w1,juelich,12345,2,2,log-distance,20,21,veh5,veh7,10,1,0.9,587.047,0,7.44447,3.41331,-81.9916,14.9846,1,0.04,0.05,0.0425
juelich_pilot_d30_r10_log_distance_s02_w1,juelich,12345,2,2,log-distance,20,21,veh6,veh0,10,10,0,474.509,1,8.38983,8.05622,-80.2023,16.774,10,0.04,0.06,0.0425
juelich_pilot_d30_r10_log_distance_s02_w1,juelich,12345,2,2,log-distance,20,21,veh6,veh1,10,10,0,216.89,1,8.38983,8.32247,-73.4024,23.5739,10,0.04,0.04,0.0425
juelich_pilot_d30_r10_log_distance_s02_w1,juelich,12345,2,2,log-distance,20,21,veh6,veh4,10,10,0,103.883,1,8.38983,7.87321,-67.0082,29.9681,10,0.04,0.05,0.0425
juelich_pilot_d30_r10_log_distance_s02_w1,juelich,12345,2,2,log-distance,20,21,veh6,veh5,10,0,1,847.109,0,8.38983,7.44447,nan,nan,0,0.04,0.04,0.0425
juelich_pilot_d30_r10_log_distance_s02_w1,juelich,12345,2,2,log-distance,20,21,veh7,veh0,10,0,1,755.328,0,3.41331,8.05622,nan,nan,0,0.05,0.06,0.0425
juelich_pilot_d30_r10_log_distance_s02_w1,juelich,12345,2,2,log-distance,20,21,veh7,veh2,10,10,0,393.922,1,3.41331,9.97174,-78.5858,18.3905,10,0.05,0.03,0.0425
juelich_pilot_d30_r10_log_distance_s02_w1,juelich,12345,2,2,log-distance,20,21,veh7,veh3,10,10,0,392.486,1,3.41331,12.7215,-78.5542,18.4221,10,0.05,0.03,0.0425
juelich_pilot_d30_r10_log_distance_s02_w1,juelich,12345,2,2,log-distance,20,21,veh7,veh5,10,1,0.9,587.047,0,3.41331,7.44447,-81.9916,14.9846,1,0.05,0.04,0.0425
juelich_pilot_d30_r10_log_distance_s02_w1,juelich,12345,2,2,log-distance,21,22,veh0,veh1,10,0,1,619.668,0,8.04621,8.32968,nan,nan,0,0.06,0.044,0.0451111
juelich_pilot_d30_r10_log_distance_s02_w1,juelich,12345,2,2,log-distance,21,22,veh0,veh4,10,10,0,359.736,1,8.04621,7.9122,-77.797,19.1793,10,0.06,0.05,0.0451111
juelich_pilot_d30_r10_log_distance_s02_w1,juelich,12345,2,2,log-distance,21,22,veh0,veh5,10,10,0,385.599,1,8.04621,7.45415,-78.4,18.5763,10,0.06,0.04,0.0451111
juelich_pilot_d30_r10_log_distance_s02_w1,juelich,12345,2,2,log-distance,21,22,veh0,veh6,10,10,0,460.848,1,8.04621,8.48274,-79.9485,17.0277,10,0.06,0.044,0.0451111
juelich_pilot_d30_r10_log_distance_s02_w1,juelich,12345,2,2,log-distance,21,22,veh0,veh7,10,0,1,758.602,0,8.04621,5.42148,nan,nan,0,0.06,0.05,0.0451111
juelich_pilot_d30_r10_log_distance_s02_w1,juelich,12345,2,2,log-distance,21,22,veh0,veh8,4,0,1,778.394,0,8.03038,0.379665,nan,nan,0,0.06,0.05,0.0451111
juelich_pilot_d30_r10_log_distance_s02_w1,juelich,12345,2,2,log-distance,21,22,veh1,veh0,10,0,1,619.668,0,8.32968,8.04621,nan,nan,0,0.044,0.06,0.0451111
juelich_pilot_d30_r10_log_distance_s02_w1,juelich,12345,2,2,log-distance,21,22,veh1,veh4,10,10,0,294.288,1,8.32968,7.9122,-76.0529,20.9234,10,0.044,0.05,0.0451111
juelich_pilot_d30_r10_log_distance_s02_w1,juelich,12345,2,2,log-distance,21,22,veh1,veh5,10,0,1,992.553,0,8.32968,7.45415,nan,nan,0,0.044,0.04,0.0451111
juelich_pilot_d30_r10_log_distance_s02_w1,juelich,12345,2,2,log-distance,21,22,veh1,veh6,10,10,0,219.69,1,8.32968,8.48274,-73.5139,23.4624,10,0.044,0.044,0.0451111
juelich_pilot_d30_r10_log_distance_s02_w1,juelich,12345,2,2,log-distance,21,22,veh2,veh3,10,10,0,168.801,1,9.91564,12.7394,-71.2225,25.7538,10,0.034,0.034,0.0451111
juelich_pilot_d30_r10_log_distance_s02_w1,juelich,12345,2,2,log-distance,21,22,veh2,veh5,10,0,1,959.708,0,9.91564,7.45415,nan,nan,0,0.034,0.04,0.0451111
juelich_pilot_d30_r10_log_distance_s02_w1,juelich,12345,2,2,log-distance,21,22,veh2,veh7,10,10,0,388.454,1,9.91564,5.42148,-78.4644,18.5119,10,0.034,0.05,0.0451111
juelich_pilot_d30_r10_log_distance_s02_w1,juelich,12345,2,2,log-distance,21,22,veh2,veh8,4,4,0,359.812,1,9.8377,0.379665,-77.7992,19.1771,4,0.034,0.05,0.0451111
juelich_pilot_d30_r10_log_distance_s02_w1,juelich,12345,2,2,log-distance,21,22,veh3,veh2,10,10,0,168.801,1,12.7394,9.91564,-71.2225,25.7538,10,0.034,0.034,0.0451111
juelich_pilot_d30_r10_log_distance_s02_w1,juelich,12345,2,2,log-distance,21,22,veh3,veh5,10,0,1,916.531,0,12.7394,7.45415,nan,nan,0,0.034,0.04,0.0451111
juelich_pilot_d30_r10_log_distance_s02_w1,juelich,12345,2,2,log-distance,21,22,veh3,veh7,10,10,0,390.62,1,12.7394,5.42148,-78.5128,18.4635,10,0.034,0.05,0.0451111
juelich_pilot_d30_r10_log_distance_s02_w1,juelich,12345,2,2,log-distance,21,22,veh3,veh8,4,4,0,380.59,1,12.7545,0.379665,-78.2868,18.6895,4,0.034,0.05,0.0451111
juelich_pilot_d30_r10_log_distance_s02_w1,juelich,12345,2,2,log-distance,21,22,veh4,veh0,10,10,0,359.736,1,7.9122,8.04621,-77.797,19.1793,10,0.05,0.06,0.0451111
juelich_pilot_d30_r10_log_distance_s02_w1,juelich,12345,2,2,log-distance,21,22,veh4,veh1,10,10,0,294.288,1,7.9122,8.32968,-76.0529,20.9234,10,0.05,0.044,0.0451111
juelich_pilot_d30_r10_log_distance_s02_w1,juelich,12345,2,2,log-distance,21,22,veh4,veh5,10,0,1,745.227,0,7.9122,7.45415,nan,nan,0,0.05,0.04,0.0451111
juelich_pilot_d30_r10_log_distance_s02_w1,juelich,12345,2,2,log-distance,21,22,veh4,veh6,10,10,0,101.213,1,7.9122,8.48274,-66.7823,30.194,10,0.05,0.044,0.0451111
juelich_pilot_d30_r10_log_distance_s02_w1,juelich,12345,2,2,log-distance,21,22,veh5,veh0,10,10,0,385.599,1,7.45415,8.04621,-78.4,13.4908,10,0.04,0.06,0.0451111
juelich_pilot_d30_r10_log_distance_s02_w1,juelich,12345,2,2,log-distance,21,22,veh5,veh1,10,0,1,992.553,0,7.45415,8.32968,nan,nan,0,0.04,0.044,0.0451111
juelich_pilot_d30_r10_log_distance_s02_w1,juelich,12345,2,2,log-distance,21,22,veh5,veh2,10,0,1,959.708,0,7.45415,9.91564,nan,nan,0,0.04,0.034,0.0451111
juelich_pilot_d30_r10_log_distance_s02_w1,juelich,12345,2,2,log-distance,21,22,veh5,veh3,10,0,1,916.531,0,7.45415,12.7394,nan,nan,0,0.04,0.034,0.0451111
juelich_pilot_d30_r10_log_distance_s02_w1,juelich,12345,2,2,log-distance,21,22,veh5,veh4,10,0,1,745.227,0,7.45415,7.9122,nan,nan,0,0.04,0.05,0.0451111
juelich_pilot_d30_r10_log_distance_s02_w1,juelich,12345,2,2,log-distance,21,22,veh5,veh6,10,0,1,846.245,0,7.45415,8.48274,nan,nan,0,0.04,0.044,0.0451111
juelich_pilot_d30_r10_log_distance_s02_w1,juelich,12345,2,2,log-distance,21,22,veh5,veh7,10,6,0.4,577.507,0,7.45415,5.42148,-81.9402,15.036,6,0.04,0.05,0.0451111
juelich_pilot_d30_r10_log_distance_s02_w1,juelich,12345,2,2,log-distance,21,22,veh5,veh8,4,0,1,611.047,0,7.48256,0.379665,nan,nan,0,0.04,0.05,0.0451111
juelich_pilot_d30_r10_log_distance_s02_w1,juelich,12345,2,2,log-distance,21,22,veh6,veh0,10,10,0,460.848,1,8.48274,8.04621,-79.9485,17.0277,10,0.044,0.06,0.0451111
juelich_pilot_d30_r10_log_distance_s02_w1,juelich,12345,2,2,log-distance,21,22,veh6,veh1,10,10,0,219.69,1,8.48274,8.32968,-73.5139,23.4624,10,0.044,0.044,0.0451111
juelich_pilot_d30_r10_log_distance_s02_w1,juelich,12345,2,2,log-distance,21,22,veh6,veh4,10,10,0,101.213,1,8.48274,7.9122,-66.7823,30.194,10,0.044,0.05,0.0451111
juelich_pilot_d30_r10_log_distance_s02_w1,juelich,12345,2,2,log-distance,21,22,veh6,veh5,10,0,1,846.245,0,8.48274,7.45415,nan,nan,0,0.044,0.04,0.0451111
juelich_pilot_d30_r10_log_distance_s02_w1,juelich,12345,2,2,log-distance,21,22,veh7,veh0,10,0,1,758.602,0,5.42148,8.04621,nan,nan,0,0.05,0.06,0.0451111
juelich_pilot_d30_r10_log_distance_s02_w1,juelich,12345,2,2,log-distance,21,22,veh7,veh2,10,10,0,388.454,1,5.42148,9.91564,-78.4644,18.5119,10,0.05,0.034,0.0451111
juelich_pilot_d30_r10_log_distance_s02_w1,juelich,12345,2,2,log-distance,21,22,veh7,veh3,10,10,0,390.62,1,5.42148,12.7394,-78.5128,18.4635,10,0.05,0.034,0.0451111
juelich_pilot_d30_r10_log_distance_s02_w1,juelich,12345,2,2,log-distance,21,22,veh7,veh5,10,10,0,577.507,0,5.42148,7.45415,-81.9087,15.0676,10,0.05,0.04,0.0451111
juelich_pilot_d30_r10_log_distance_s02_w1,juelich,12345,2,2,log-distance,21,22,veh7,veh8,4,4,0,44.6953,1,6.0421,0.379665,-59.6826,37.2937,4,0.05,0.05,0.0451111
juelich_pilot_d30_r10_log_distance_s02_w1,juelich,12345,2,2,log-distance,21,22,veh8,veh0,4,0,1,778.394,0,0.379665,8.03038,nan,nan,0,0.05,0.06,0.0451111
juelich_pilot_d30_r10_log_distance_s02_w1,juelich,12345,2,2,log-distance,21,22,veh8,veh2,4,4,0,359.812,1,0.379665,9.8377,-77.7992,8.12394,4,0.05,0.034,0.0451111
juelich_pilot_d30_r10_log_distance_s02_w1,juelich,12345,2,2,log-distance,21,22,veh8,veh3,4,4,0,380.59,1,0.379665,12.7545,-78.2868,7.28597,4,0.05,0.034,0.0451111
juelich_pilot_d30_r10_log_distance_s02_w1,juelich,12345,2,2,log-distance,21,22,veh8,veh5,4,0,1,611.047,0,0.379665,7.48256,nan,nan,0,0.05,0.04,0.0451111
juelich_pilot_d30_r10_log_distance_s02_w1,juelich,12345,2,2,log-distance,21,22,veh8,veh7,4,4,0,44.6953,1,0.379665,6.0421,-59.6826,22.0471,4,0.05,0.05,0.0451111
juelich_pilot_d30_r10_log_distance_s02_w1,juelich,12345,2,2,log-distance,22,23,veh0,veh1,10,0,1,612.07,0,8.0293,8.32124,nan,nan,0,0.06,0.05,0.0477778
juelich_pilot_d30_r10_log_distance_s02_w1,juelich,12345,2,2,log-distance,22,23,veh0,veh4,10,10,0,348.592,1,8.0293,7.89935,-77.5237,19.4526,10,0.06,0.05,0.0477778
juelich_pilot_d30_r10_log_distance_s02_w1,juelich,12345,2,2,log-distance,22,23,veh0,veh5,10,10,0,398.759,1,8.0293,7.47217,-78.6915,18.2848,10,0.06,0.04,0.0477778
juelich_pilot_d30_r10_log_distance_s02_w1,juelich,12345,2,2,log-distance,22,23,veh0,veh6,10,10,0,448.144,1,8.0293,6.44921,-79.7058,17.2705,10,0.06,0.05,0.0477778
juelich_pilot_d30_r10_log_distance_s02_w1,juelich,12345,2,2,log-distance,22,23,veh0,veh7,10,0,1,760.119,0,8.0293,6.50157,nan,nan,0,0.06,0.05,0.0477778
juelich_pilot_d30_r10_log_distance_s02_w1,juelich,12345,2,2,log-distance,22,23,veh0,veh8,10,0,1,783.562,0,8.0293,1.92891,nan,nan,0,0.06,0.05,0.0477778
juelich_pilot_d30_r10_log_distance_s02_w1,juelich,12345,2,2,log-distance,22,23,veh1,veh0,10,0,1,612.07,0,8.32124,8.0293,nan,nan,0,0.05,0.06,0.0477778
juelich_pilot_d30_r10_log_distance_s02_w1,juelich,12345,2,2,log-distance,22,23,veh1,veh4,10,10,0,302.242,1,8.32124,7.89935,-76.2845,20.6918,10,0.05,0.05,0.0477778
juelich_pilot_d30_r10_log_distance_s02_w1,juelich,12345,2,2,log-distance,22,23,veh1,veh5,10,0,1,994.229,0,8.32124,7.47217,nan,nan,0,0.05,0.04,0.0477778
juelich_pilot_d30_r10_log_distance_s02_w1,juelich,12345,2,2,log-distance,22,23,veh1,veh6,10,10,0,222.458,1,8.32124,6.44921,-73.6226,23.3537,10,0.05,0.05,0.0477778
juelich_pilot_d30_r10_log_distance_s02_w1,juelich,12345,2,2,log-distance,22,23,veh2,veh3,10,10,0,154.613,1,6.93612,12.7568,-70.4598,26.5165,10,0.04,0.04,0.0477778
juelich_pilot_d30_r10_log_distance_s02_w1,juelich,12345,2,2,log-distance,22,23,veh2,veh5,10,0,1,945.434,0,6.93612,7.47217,nan,nan,0,0.04,0.04,0.0477778
juelich_pilot_d30_r10_log_distance_s02_w1,juelich,12345,2,2,log-distance,22,23,veh2,veh7,10,10,0,386.074,1,6.93612,6.50157,-78.4111,18.5652,10,0.04,0.05,0.0477778
juelich_pilot_d30_r10_log_distance_s02_w1,juelich,12345,2,2,log-distance,22,23,veh2,veh8,10,10,0,354.234,1,6.93612,1.92891,-77.6634,19.3129,10,0.04,0.05,0.0477778
juelich_pilot_d30_r10_log_distance_s02_w1,juelich,12345,2,2,log-distance,22,23,veh3,veh2,10,10,0,154.613,1,12.7568,6.93612,-70.4598,26.5165,10,0.04,0.04,0.0477778
juelich_pilot_d30_r10_log_distance_s02_w1,juelich,12345,2,2,log-distance,22,23,veh3,veh5,10,0,1,909.086,0,12.7568,7.47217,nan,nan,0,0.04,0.04,0.0477778
juelich_pilot_d30_r10_log_distance_s02_w1,juelich,12345,2,2,log-distance,22,23,veh3,veh7,10,10,0,390.855,1,12.7568,6.50157,-78.518,18.4583,10,0.04,0.05,0.0477778
juelich_pilot_d30_r10_log_distance_s02_w1,juelich,12345,2,2,log-distance,22,23,veh3,veh8,10,10,0,376.101,1,12.7568,1.92891,-78.1837,18.7926,10,0.04,0.05,0.0477778
juelich_pilot_d30_r10_log_distance_s02_w1,juelich,12345,2,2,log-distance,22,23,veh4,veh0,10,10,0,348.592,1,7.89935,8.0293,-77.5237,19.4526,10,0.05,0.06,0.0477778
juelich_pilot_d30_r10_log_distance_s02_w1,juelich,12345,2,2,log-distance,22,23,veh4,veh1,10,10,0,302.242,1,7.89935,8.32124,-76.2845,20.6918,10,0.05,0.05,0.0477778
juelich_pilot_d30_r10_log_distance_s02_w1,juelich,12345,2,2,log-distance,22,23,veh4,veh5,10,0,1,747.125,0,7.89935,7.47217,nan,nan,0,0.05,0.04,0.0477778
juelich_pilot_d30_r10_log_distance_s02_w1,juelich,12345,2,2,log-distance,22,23,veh4,veh6,10,10,0,100.481,1,7.89935,6.44921,-66.7193,30.257,10,0.05,0.05,0.0477778
juelich_pilot_d30_r10_log_distance_s02_w1,juelich,12345,2,2,log-distance,22,23,veh5,veh0,10,10,0,398.759,1,7.47217,8.0293,-78.6915,5.62557,10,0.04,0.06,0.0477778
juelich_pilot_d30_r10_log_distance_s02_w1,juelich,12345,2,2,log-distance,22,23,veh5,veh1,10,0,1,994.229,0,7.47217,8.32124,nan,nan,0,0.04,0.05,0.0477778
juelich_pilot_d30_r10_log_distance_s02_w1,juelich,12345,2,2,log-distance,22,23,veh5,veh2,10,0,1,945.434,0,7.47217,6.93612,nan,nan,0,0.04,0.04,0.0477778
juelich_pilot_d30_r10_log_distance_s02_w1,juelich,12345,2,2,log-distance,22,23,veh5,veh3,10,0,1,909.086,0,7.47217,12.7568,nan,nan,0,0.04,0.04,0.0477778
juelich_pilot_d30_r10_log_distance_s02_w1,juelich,12345,2,2,log-distance,22,23,veh5,veh4,10,0,1,747.125,0,7.47217,7.89935,nan,nan,0,0.04,0.05,0.0477778
juelich_pilot_d30_r10_log_distance_s02_w1,juelich,12345,2,2,log-distance,22,23,veh5,veh6,10,0,1,846.163,0,7.47217,6.44921,nan,nan,0,0.04,0.05,0.0477778
juelich_pilot_d30_r10_log_distance_s02_w1,juelich,12345,2,2,log-distance,22,23,veh5,veh7,10,0,1,566.42,0,7.47217,6.50157,nan,nan,0,0.04,0.05,0.0477778
juelich_pilot_d30_r10_log_distance_s02_w1,juelich,12345,2,2,log-distance,22,23,veh5,veh8,10,0,1,607.909,0,7.47217,1.92891,nan,nan,0,0.04,0.05,0.0477778
juelich_pilot_d30_r10_log_distance_s02_w1,juelich,12345,2,2,log-distance,22,23,veh6,veh0,10,10,0,448.144,1,6.44921,8.0293,-79.7058,17.2705,10,0.05,0.06,0.0477778
juelich_pilot_d30_r10_log_distance_s02_w1,juelich,12345,2,2,log-distance,22,23,veh6,veh1,10,10,0,222.458,1,6.44921,8.32124,-73.6226,23.3537,10,0.05,0.05,0.0477778
juelich_pilot_d30_r10_log_distance_s02_w1,juelich,12345,2,2,log-distance,22,23,veh6,veh4,10,10,0,100.481,1,6.44921,7.89935,-66.7193,30.257,10,0.05,0.05,0.0477778
juelich_pilot_d30_r10_log_distance_s02_w1,juelich,12345,2,2,log-distance,22,23,veh6,veh5,10,0,1,846.163,0,6.44921,7.47217,nan,nan,0,0.05,0.04,0.0477778
juelich_pilot_d30_r10_log_distance_s02_w1,juelich,12345,2,2,log-distance,22,23,veh7,veh0,10,0,1,760.119,0,6.50157,8.0293,nan,nan,0,0.05,0.06,0.0477778
juelich_pilot_d30_r10_log_distance_s02_w1,juelich,12345,2,2,log-distance,22,23,veh7,veh2,10,10,0,386.074,1,6.50157,6.93612,-78.4111,18.5652,10,0.05,0.04,0.0477778
juelich_pilot_d30_r10_log_distance_s02_w1,juelich,12345,2,2,log-distance,22,23,veh7,veh3,10,10,0,390.855,1,6.50157,12.7568,-78.518,18.4583,10,0.05,0.04,0.0477778
juelich_pilot_d30_r10_log_distance_s02_w1,juelich,12345,2,2,log-distance,22,23,veh7,veh5,10,10,0,566.42,0,6.50157,7.47217,-81.7403,15.236,10,0.05,0.04,0.0477778
juelich_pilot_d30_r10_log_distance_s02_w1,juelich,12345,2,2,log-distance,22,23,veh7,veh8,10,10,0,48.111,1,6.50157,1.92891,-60.3178,36.6585,10,0.05,0.05,0.0477778
juelich_pilot_d30_r10_log_distance_s02_w1,juelich,12345,2,2,log-distance,22,23,veh8,veh0,10,0,1,783.562,0,1.92891,8.0293,nan,nan,0,0.05,0.06,0.0477778
juelich_pilot_d30_r10_log_distance_s02_w1,juelich,12345,2,2,log-distance,22,23,veh8,veh2,10,10,0,354.234,1,1.92891,6.93612,-77.6634,8.17881,10,0.05,0.04,0.0477778
juelich_pilot_d30_r10_log_distance_s02_w1,juelich,12345,2,2,log-distance,22,23,veh8,veh3,10,10,0,376.101,1,1.92891,12.7568,-78.1837,7.34331,10,0.05,0.04,0.0477778
juelich_pilot_d30_r10_log_distance_s02_w1,juelich,12345,2,2,log-distance,22,23,veh8,veh5,10,0,1,607.909,0,1.92891,7.47217,nan,nan,0,0.05,0.04,0.0477778
juelich_pilot_d30_r10_log_distance_s02_w1,juelich,12345,2,2,log-distance,22,23,veh8,veh7,10,10,0,48.111,1,1.92891,6.50157,-60.3178,21.2943,10,0.05,0.05,0.0477778
juelich_pilot_d30_r10_log_distance_s02_w1,juelich,12345,2,2,log-distance,23,24,veh0,veh1,10,0,1,604.789,0,8.06493,8.33571,nan,nan,0,0.06,0.05,0.0477778
juelich_pilot_d30_r10_log_distance_s02_w1,juelich,12345,2,2,log-distance,23,24,veh0,veh4,10,10,0,337.459,1,8.06493,7.61597,-77.2417,19.7346,10,0.06,0.05,0.0477778
juelich_pilot_d30_r10_log_distance_s02_w1,juelich,12345,2,2,log-distance,23,24,veh0,veh5,10,10,0,412.037,1,8.06493,7.45725,-78.9761,18.0002,10,0.06,0.04,0.0477778
juelich_pilot_d30_r10_log_distance_s02_w1,juelich,12345,2,2,log-distance,23,24,veh0,veh6,10,10,0,438.682,1,8.06493,3.82024,-79.5206,17.4557,10,0.06,0.05,0.0477778
juelich_pilot_d30_r10_log_distance_s02_w1,juelich,12345,2,2,log-distance,23,24,veh0,veh7,10,0,1,763.227,0,8.06493,2.81896,nan,nan,0,0.06,0.05,0.0477778
juelich_pilot_d30_r10_log_distance_s02_w1,juelich,12345,2,2,log-distance,23,24,veh0,veh8,10,0,1,790.714,0,8.06493,3.9552,nan,nan,0,0.06,0.05,0.0477778
juelich_pilot_d30_r10_log_distance_s02_w1,juelich,12345,2,2,log-distance,23,24,veh1,veh0,10,0,1,604.789,0,8.33571,8.06493,nan,nan,0,0.05,0.06,0.0477778
juelich_pilot_d30_r10_log_distance_s02_w1,juelich,12345,2,2,log-distance,23,24,veh1,veh4,10,10,0,310.512,1,8.33571,7.61597,-76.519,20.4573,10,0.05,0.05,0.0477778
juelich_pilot_d30_r10_log_distance_s02_w1,juelich,12345,2,2,log-distance,23,24,veh1,veh5,10,0,1,995.821,0,8.33571,7.45725,nan,nan,0,0.05,0.04,0.0477778
juelich_pilot_d30_r10_log_distance_s02_w1,juelich,12345,2,2,log-distance,23,24,veh1,veh6,10,10,0,224.264,1,8.33571,3.82024,-73.6929,23.2834,10,0.05,0.05,0.0477778
juelich_pilot_d30_r10_log_distance_s02_w1,juelich,12345,2,2,log-distance,23,24,veh2,veh3,10,10,0,141.342,1,2.4437,12.7442,-69.6802,27.2961,10,0.04,0.04,0.0477778
juelich_pilot_d30_r10_log_distance_s02_w1,juelich,12345,2,2,log-distance,23,24,veh2,veh5,10,0,1,935.256,0,2.4437,7.45725,nan,nan,0,0.04,0.04,0.0477778
juelich_pilot_d30_r10_log_distance_s02_w1,juelich,12345,2,2,log-distance,23,24,veh2,veh7,10,10,0,386.32,1,2.4437,2.81896,-78.4166,18.5596,10,0.04,0.05,0.0477778
juelich_pilot_d30_r10_log_distance_s02_w1,juelich,12345,2,2,log-distance,23,24,veh2,veh8,10,10,0,349.882,1,2.4437,3.9552,-77.5561,19.4202,10,0.04,0.05,0.0477778
juelich_pilot_d30_r10_log_distance_s02_w1,juelich,12345,2,2,log-distance,23,24,veh3,veh2,10,10,0,141.342,1,12.7442,2.4437,-69.6802,27.2961,10,0.04,0.04,0.0477778
juelich_pilot_d30_r10_log_distance_s02_w1,juelich,12345,2,2,log-distance,23,24,veh3,veh5,10,0,1,901.836,0,12.7442,7.45725,nan,nan,0,0.04,0.04,0.0477778
juelich_pilot_d30_r10_log_distance_s02_w1,juelich,12345,2,2,log-distance,23,24,veh3,veh7,10,10,0,389.932,1,12.7442,2.81896,-78.4975,18.4788,10,0.04,0.05,0.0477778
juelich_pilot_d30_r10_log_distance_s02_w1,juelich,12345,2,2,log-distance,23,24,veh3,veh8,10,10,0,370.504,1,12.7442,3.9552,-78.0535,18.9228,10,0.04,0.05,0.0477778
juelich_pilot_d30_r10_log_distance_s02_w1,juelich,12345,2,2,log-distance,23,24,veh4,veh0,10,10,0,337.459,1,7.61597,8.06493,-77.2417,19.7346,10,0.05,0.06,0.0477778
juelich_pilot_d30_r10_log_distance_s02_w1,juelich,12345,2,2,log-distance,23,24,veh4,veh1,10,10,0,310.512,1,7.61597,8.33571,-76.519,20.4573,10,0.05,0.05,0.0477778
juelich_pilot_d30_r10_log_distance_s02_w1,juelich,12345,2,2,log-distance,23,24,veh4,veh5,10,0,1,749.125,0,7.61597,7.45725,nan,nan,0,0.05,0.04,0.0477778
juelich_pilot_d30_r10_log_distance_s02_w1,juelich,12345,2,2,log-distance,23,24,veh4,veh6,10,10,0,103.665,1,7.61597,3.82024,-66.9891,29.9872,10,0.05,0.05,0.0477778
juelich_pilot_d30_r10_log_distance_s02_w1,juelich,12345,2,2,log-distance,23,24,veh5,veh0,10,10,0,412.037,1,7.45725,8.06493,-78.9761,5.41564,10,0.04,0.06,0.0477778
juelich_pilot_d30_r10_log_distance_s02_w1,juelich,12345,2,2,log-distance,23,24,veh5,veh1,10,0,1,995.821,0,7.45725,8.33571,nan,nan,0,0.04,0.05,0.0477778
juelich_pilot_d30_r10_log_distance_s02_w1,juelich,12345,2,2,log-distance,23,24,veh5,veh2,10,0,1,935.256,0,7.45725,2.4437,nan,nan,0,0.04,0.04,0.0477778
juelich_pilot_d30_r10_log_distance_s02_w1,juelich,12345,2,2,log-distance,23,24,veh5,veh3,10,0,1,901.836,0,7.45725,12.7442,nan,nan,0,0.04,0.04,0.0477778
juelich_pilot_d30_r10_log_distance_s02_w1,juelich,12345,2,2,log-distance,23,24,veh5,veh4,10,0,1,749.125,0,7.45725,7.61597,nan,nan,0,0.04,0.05,0.0477778
juelich_pilot_d30_r10_log_distance_s02_w1,juelich,12345,2,2,log-distance,23,24,veh5,veh6,10,0,1,849.15,0,7.45725,3.82024,nan,nan,0,0.04,0.05,0.0477778
juelich_pilot_d30_r10_log_distance_s02_w1,juelich,12345,2,2,log-distance,23,24,veh5,veh7,10,0,1,556.763,0,7.45725,2.81896,nan,nan,0,0.04,0.05,0.0477778
juelich_pilot_d30_r10_log_distance_s02_w1,juelich,12345,2,2,log-distance,23,24,veh5,veh8,10,0,1,604.031,0,7.45725,3.9552,nan,nan,0,0.04,0.05,0.0477778
juelich_pilot_d30_r10_log_distance_s02_w1,juelich,12345,2,2,log-distance,23,24,veh6,veh0,10,10,0,438.682,1,3.82024,8.06493,-79.5206,17.4557,10,0.05,0.06,0.0477778
juelich_pilot_d30_r10_log_distance_s02_w1,juelich,12345,2,2,log-distance,23,24,veh6,veh1,10,10,0,224.264,1,3.82024,8.33571,-73.6929,23.2834,10,0.05,0.05,0.0477778
juelich_pilot_d30_r10_log_distance_s02_w1,juelich,12345,2,2,log-distance,23,24,veh6,veh4,10,10,0,103.665,1,3.82024,7.61597,-66.9891,29.9872,10,0.05,0.05,0.0477778
juelich_pilot_d30_r10_log_distance_s02_w1,juelich,12345,2,2,log-distance,23,24,veh6,veh5,10,0,1,849.15,0,3.82024,7.45725,nan,nan,0,0.05,0.04,0.0477778
juelich_pilot_d30_r10_log_distance_s02_w1,juelich,12345,2,2,log-distance,23,24,veh7,veh0,10,0,1,763.227,0,2.81896,8.06493,nan,nan,0,0.05,0.06,0.0477778
juelich_pilot_d30_r10_log_distance_s02_w1,juelich,12345,2,2,log-distance,23,24,veh7,veh2,10,10,0,386.32,1,2.81896,2.4437,-78.4166,18.5596,10,0.05,0.04,0.0477778
juelich_pilot_d30_r10_log_distance_s02_w1,juelich,12345,2,2,log-distance,23,24,veh7,veh3,10,10,0,389.932,1,2.81896,12.7442,-78.4975,18.4788,10,0.05,0.04,0.0477778
juelich_pilot_d30_r10_log_distance_s02_w1,juelich,12345,2,2,log-distance,23,24,veh7,veh5,10,10,0,556.763,0,2.81896,7.45725,-81.591,15.3852,10,0.05,0.04,0.0477778
juelich_pilot_d30_r10_log_distance_s02_w1,juelich,12345,2,2,log-distance,23,24,veh7,veh8,10,10,0,53.3925,1,2.81896,3.9552,-61.2245,35.7518,10,0.05,0.05,0.0477778
juelich_pilot_d30_r10_log_distance_s02_w1,juelich,12345,2,2,log-distance,23,24,veh8,veh0,10,0,1,790.714,0,3.9552,8.06493,nan,nan,0,0.05,0.06,0.0477778
juelich_pilot_d30_r10_log_distance_s02_w1,juelich,12345,2,2,log-distance,23,24,veh8,veh2,10,10,0,349.882,1,3.9552,2.4437,-77.5561,8.19925,10,0.05,0.04,0.0477778
juelich_pilot_d30_r10_log_distance_s02_w1,juelich,12345,2,2,log-distance,23,24,veh8,veh3,10,10,0,370.504,1,3.9552,12.7442,-78.0535,7.40891,10,0.05,0.04,0.0477778
juelich_pilot_d30_r10_log_distance_s02_w1,juelich,12345,2,2,log-distance,23,24,veh8,veh5,10,0,1,604.031,0,3.9552,7.45725,nan,nan,0,0.05,0.04,0.0477778
juelich_pilot_d30_r10_log_distance_s02_w1,juelich,12345,2,2,log-distance,23,24,veh8,veh7,10,10,0,53.3925,1,3.9552,2.81896,-61.2245,20.2427,10,0.05,0.05,0.0477778
juelich_pilot_d30_r10_log_distance_s02_w1,juelich,12345,2,2,log-distance,24,25,veh0,veh1,10,0,1,597.872,0,8.00736,8.29265,nan,nan,0,0.067,0.057,0.0525
juelich_pilot_d30_r10_log_distance_s02_w1,juelich,12345,2,2,log-distance,24,25,veh0,veh4,10,10,0,327.337,1,8.00736,4.07752,-76.9773,19.999,10,0.067,0.057,0.0525
juelich_pilot_d30_r10_log_distance_s02_w1,juelich,12345,2,2,log-distance,24,25,veh0,veh5,10,10,0,425.243,1,8.00736,7.47853,-79.2501,17.7262,10,0.067,0.047,0.0525
juelich_pilot_d30_r10_log_distance_s02_w1,juelich,12345,2,2,log-distance,24,25,veh0,veh6,10,10,0,434.625,1,8.00736,4.00823,-79.44,17.5363,10,0.067,0.057,0.0525
juelich_pilot_d30_r10_log_distance_s02_w1,juelich,12345,2,2,log-distance,24,25,veh0,veh7,10,0,1,769.681,0,8.00736,0.0386039,nan,nan,0,0.067,0.05,0.0525
juelich_pilot_d30_r10_log_distance_s02_w1,juelich,12345,2,2,log-distance,24,25,veh0,veh8,10,0,1,797.546,0,8.00736,5.94447,nan,nan,0,0.067,0.05,0.0525
juelich_pilot_d30_r10_log_distance_s02_w1,juelich,12345,2,2,log-distance,24,25,veh0,veh9,7,7,0,385.803,1,8.01463,0.729084,-78.405,18.5713,7,0.067,0.06,0.0525
juelich_pilot_d30_r10_log_distance_s02_w1,juelich,12345,2,2,log-distance,24,25,veh1,veh0,10,0,1,597.872,0,8.29265,8.00736,nan,nan,0,0.057,0.067,0.0525
juelich_pilot_d30_r10_log_distance_s02_w1,juelich,12345,2,2,log-distance,24,25,veh1,veh4,10,10,0,317.254,1,8.29265,4.07752,-76.7058,20.2705,10,0.057,0.057,0.0525
juelich_pilot_d30_r10_log_distance_s02_w1,juelich,12345,2,2,log-distance,24,25,veh1,veh5,10,0,1,997.139,0,8.29265,7.47853,nan,nan,0,0.057,0.047,0.0525
juelich_pilot_d30_r10_log_distance_s02_w1,juelich,12345,2,2,log-distance,24,25,veh1,veh6,10,10,0,224.856,1,8.29265,4.00823,-73.7158,23.2605,10,0.057,0.057,0.0525
juelich_pilot_d30_r10_log_distance_s02_w1,juelich,12345,2,2,log-distance,24,25,veh1,veh9,7,7,0,219.511,1,8.3017,0.729084,-73.5067,23.4695,7,0.057,0.06,0.0525
juelich_pilot_d30_r10_log_distance_s02_w1,juelich,12345,2,2,log-distance,24,25,veh2,veh3,10,10,0,128.797,1,0.00064625,12.7315,-68.8725,28.1038,10,0.04,0.04,0.0525
juelich_pilot_d30_r10_log_distance_s02_w1,juelich,12345,2,2,log-distance,24,25,veh2,veh5,10,0,1,928.554,0,0.00064625,7.47853,nan,nan,0,0.04,0.047,0.0525
juelich_pilot_d30_r10_log_distance_s02_w1,juelich,12345,2,2,log-distance,24,25,veh2,veh7,10,10,0,386.351,1,0.00064625,0.0386039,-78.4173,18.5589,10,0.04,0.05,0.0525
juelich_pilot_d30_r10_log_distance_s02_w1,juelich,12345,2,2,log-distance,24,25,veh2,veh8,10,10,0,349.345,1,0.00064625,5.94447,-77.5428,19.4335,10,0.04,0.05,0.0525
juelich_pilot_d30_r10_log_distance_s02_w1,juelich,12345,2,2,log-distance,24,25,veh3,veh2,10,10,0,128.797,1,12.7315,0.00064625,-68.8725,28.1038,10,0.04,0.04,0.0525
juelich_pilot_d30_r10_log_distance_s02_w1,juelich,12345,2,2,log-distance,24,25,veh3,veh5,10,0,1,894.737,0,12.7315,7.47853,nan,nan,0,0.04,0.047,0.0525
juelich_pilot_d30_r10_log_distance_s02_w1,juelich,12345,2,2,log-distance,24,25,veh3,veh7,10,10,0,386.244,1,12.7315,0.0386039,-78.4149,18.5614,10,0.04,0.05,0.0525
juelich_pilot_d30_r10_log_distance_s02_w1,juelich,12345,2,2,log-distance,24,25,veh3,veh8,10,10,0,365.915,1,12.7315,5.94447,-77.9453,19.031,10,0.04,0.05,0.0525
juelich_pilot_d30_r10_log_distance_s02_w1,juelich,12345,2,2,log-distance,24,25,veh4,veh0,10,10,0,327.337,1,4.07752,8.00736,-76.9773,19.999,10,0.057,0.067,0.0525
juelich_pilot_d30_r10_log_distance_s02_w1,juelich,12345,2,2,log-distance,24,25,veh4,veh1,10,10,0,317.254,1,4.07752,8.29265,-76.7058,20.2705,10,0.057,0.057,0.0525
juelich_pilot_d30_r10_log_distance_s02_w1,juelich,12345,2,2,log-distance,24,25,veh4,veh5,10,0,1,751.965,0,4.07752,7.47853,nan,nan,0,0.057,0.047,0.0525
juelich_pilot_d30_r10_log_distance_s02_w1,juelich,12345,2,2,log-distance,24,25,veh4,veh6,10,10,0,110.702,1,4.07752,4.00823,-67.5598,29.4165,10,0.057,0.057,0.0525
juelich_pilot_d30_r10_log_distance_s02_w1,juelich,12345,2,2,log-distance,24,25,veh4,veh9,7,7,0,187.283,1,3.40417,0.729084,-72.1277,24.8486,7,0.057,0.06,0.0525
juelich_pilot_d30_r10_log_distance_s02_w1,juelich,12345,2,2,log-distance,24,25,veh5,veh0,10,10,0,425.243,1,7.47853,8.00736,-79.2501,5.21217,10,0.047,0.067,0.0525
juelich_pilot_d30_r10_log_distance_s02_w1,juelich,12345,2,2,log-distance,24,25,veh5,veh1,10,0,1,997.139,0,7.47853,8.29265,nan,nan,0,0.047,0.057,0.0525
juelich_pilot_d30_r10_log_distance_s02_w1,juelich,12345,2,2,log-distance,24,25,veh5,veh2,10,0,1,928.554,0,7.47853,0.00064625,nan,nan,0,0.047,0.04,0.0525
juelich_pilot_d30_r10_log_distance_s02_w1,juelich,12345,2,2,log-distance,24,25,veh5,veh3,10,0,1,894.737,0,7.47853,12.7315,nan,nan,0,0.047,0.04,0.0525
juelich_pilot_d30_r10_log_distance_s02_w1,juelich,12345,2,2,log-distance,24,25,veh5,veh4,10,0,1,751.965,0,7.47853,4.07752,nan,nan,0,0.047,0.057,0.0525
juelich_pilot_d30_r10_log_distance_s02_w1,juelich,12345,2,2,log-distance,24,25,veh5,veh6,10,0,1,857.326,0,7.47853,4.00823,nan,nan,0,0.047,0.057,0.0525
juelich_pilot_d30_r10_log_distance_s02_w1,juelich,12345,2,2,log-distance,24,25,veh5,veh7,10,0,1,551.129,0,7.47853,0.0386039,nan,nan,0,0.047,0.05,0.0525
juelich_pilot_d30_r10_log_distance_s02_w1,juelich,12345,2,2,log-distance,24,25,veh5,veh8,10,0,1,600.741,0,7.47853,5.94447,nan,nan,0,0.047,0.05,0.0525
juelich_pilot_d30_r10_log_distance_s02_w1,juelich,12345,2,2,log-distance,24,25,veh5,veh9,7,0,1,777.951,0,7.4814,0.729084,nan,nan,0,0.047,0.06,0.0525
juelich_pilot_d30_r10_log_distance_s02_w1,juelich,12345,2,2,log-distance,24,25,veh6,veh0,10,10,0,434.625,1,4.00823,8.00736,-79.44,17.5363,10,0.057,0.067,0.0525
juelich_pilot_d30_r10_log_distance_s02_w1,juelich,12345,2,2,log-distance,24,25,veh6,veh1,10,10,0,224.856,1,4.00823,8.29265,-73.7158,23.2605,10,0.057,0.057,0.0525
juelich_pilot_d30_r10_log_distance_s02_w1,juelich,12345,2,2,log-distance,24,25,veh6,veh4,10,10,0,110.702,1,4.00823,4.07752,-67.5598,29.4165,10,0.057,0.057,0.0525
juelich_pilot_d30_r10_log_distance_s02_w1,juelich,12345,2,2,log-distance,24,25,veh6,veh5,10,0,1,857.326,0,4.00823,7.47853,nan,nan,0,0.057,0.047,0.0525
juelich_pilot_d30_r10_log_distance_s02_w1,juelich,12345,2,2,log-distance,24,25,veh6,veh9,7,7,0,182.273,1,4.1286,0.729084,-71.8921,25.0842,7,0.057,0.06,0.0525
juelich_pilot_d30_r10_log_distance_s02_w1,juelich,12345,2,2,log-distance,24,25,veh7,veh0,10,0,1,769.681,0,0.0386039,8.00736,nan,nan,0,0.05,0.067,0.0525
juelich_pilot_d30_r10_log_distance_s02_w1,juelich,12345,2,2,log-distance,24,25,veh7,veh2,10,10,0,386.351,1,0.0386039,0.00064625,-78.4173,18.5589,10,0.05,0.04,0.0525
juelich_pilot_d30_r10_log_distance_s02_w1,juelich,12345,2,2,log-distance,24,25,veh7,veh3,10,10,0,386.244,1,0.0386039,12.7315,-78.4149,18.5614,10,0.05,0.04,0.0525
juelich_pilot_d30_r10_log_distance_s02_w1,juelich,12345,2,2,log-distance,24,25,veh7,veh5,10,10,0,551.129,0,0.0386039,7.47853,-81.5027,15.4735,10,0.05,0.047,0.0525
juelich_pilot_d30_r10_log_distance_s02_w1,juelich,12345,2,2,log-distance,24,25,veh7,veh8,10,10,0,56.3368,1,0.0386039,5.94447,-61.6928,35.2835,10,0.05,0.05,0.0525
juelich_pilot_d30_r10_log_distance_s02_w1,juelich,12345,2,2,log-distance,24,25,veh7,veh9,7,0,1,931.485,0,0,0.729084,nan,nan,0,0.05,0.06,0.0525
juelich_pilot_d30_r10_log_distance_s02_w1,juelich,12345,2,2,log-distance,24,25,veh8,veh0,10,0,1,797.546,0,5.94447,8.00736,nan,nan,0,0.05,0.067,0.0525
juelich_pilot_d30_r10_log_distance_s02_w1,juelich,12345,2,2,log-distance,24,25,veh8,veh2,10,10,0,349.345,1,5.94447,0.00064625,-77.5428,8.15481,10,0.05,0.04,0.0525
juelich_pilot_d30_r10_log_distance_s02_w1,juelich,12345,2,2,log-distance,24,25,veh8,veh3,10,10,0,365.915,1,5.94447,12.7315,-77.9453,7.45331,10,0.05,0.04,0.0525
juelich_pilot_d30_r10_log_distance_s02_w1,juelich,12345,2,2,log-distance,24,25,veh8,veh5,10,0,1,600.741,0,5.94447,7.47853,nan,nan,0,0.05,0.047,0.0525
juelich_pilot_d30_r10_log_distance_s02_w1,juelich,12345,2,2,log-distance,24,25,veh8,veh7,10,10,0,56.3368,1,5.94447,0.0386039,-61.6928,19.6885,10,0.05,0.05,0.0525
juelich_pilot_d30_r10_log_distance_s02_w1,juelich,12345,2,2,log-distance,24,25,veh8,veh9,7,0,1,937.045,0,6.25162,0.729084,nan,nan,0,0.05,0.06,0.0525
juelich_pilot_d30_r10_log_distance_s02_w1,juelich,12345,2,2,log-distance,24,25,veh9,veh0,7,7,0,385.803,1,0.729084,8.01463,-78.405,18.5713,7,0.06,0.067,0.0525
juelich_pilot_d30_r10_log_distance_s02_w1,juelich,12345,2,2,log-distance,24,25,veh9,veh1,7,7,0,219.511,1,0.729084,8.3017,-73.5067,23.4695,7,0.06,0.057,0.0525
juelich_pilot_d30_r10_log_distance_s02_w1,juelich,12345,2,2,log-distance,24,25,veh9,veh4,7,7,0,187.283,1,0.729084,3.40417,-72.1277,24.8486,7,0.06,0.057,0.0525
juelich_pilot_d30_r10_log_distance_s02_w1,juelich,12345,2,2,log-distance,24,25,veh9,veh5,7,0,1,777.951,0,0.729084,7.4814,nan,nan,0,0.06,0.047,0.0525
juelich_pilot_d30_r10_log_distance_s02_w1,juelich,12345,2,2,log-distance,24,25,veh9,veh6,7,7,0,182.273,1,0.729084,4.1286,-71.8921,25.0842,7,0.06,0.057,0.0525
juelich_pilot_d30_r10_log_distance_s02_w1,juelich,12345,2,2,log-distance,24,25,veh9,veh7,7,0,1,931.485,0,0.729084,0,nan,nan,0,0.06,0.05,0.0525
juelich_pilot_d30_r10_log_distance_s02_w1,juelich,12345,2,2,log-distance,24,25,veh9,veh8,7,0,1,937.045,0,0.729084,6.25162,nan,nan,0,0.06,0.05,0.0525
juelich_pilot_d30_r10_log_distance_s02_w1,juelich,12345,2,2,log-distance,25,26,veh0,veh1,10,0,1,591.324,0,8.02157,8.3135,nan,nan,0,0.07,0.06,0.054
juelich_pilot_d30_r10_log_distance_s02_w1,juelich,12345,2,2,log-distance,25,26,veh0,veh4,10,10,0,319.621,1,8.02157,0.379062,-76.7703,20.206,10,0.07,0.06,0.054
juelich_pilot_d30_r10_log_distance_s02_w1,juelich,12345,2,2,log-distance,25,26,veh0,veh5,10,10,0,438.565,1,8.02157,7.451,-79.5181,17.4582,10,0.07,0.05,0.054
juelich_pilot_d30_r10_log_distance_s02_w1,juelich,12345,2,2,log-distance,25,26,veh0,veh6,10,10,0,432.259,1,8.02157,5.86372,-79.3926,17.5837,10,0.07,0.06,0.054
juelich_pilot_d30_r10_log_distance_s02_w1,juelich,12345,2,2,log-distance,25,26,veh0,veh7,10,0,1,777.159,0,8.02157,0,nan,nan,0,0.07,0.05,0.054
juelich_pilot_d30_r10_log_distance_s02_w1,juelich,12345,2,2,log-distance,25,26,veh0,veh8,10,0,1,804.11,0,8.02157,7.13601,nan,nan,0,0.07,0.05,0.054
juelich_pilot_d30_r10_log_distance_s02_w1,juelich,12345,2,2,log-distance,25,26,veh0,veh9,10,10,0,383.412,1,8.02157,2.5288,-78.351,18.6253,10,0.07,0.06,0.054
juelich_pilot_d30_r10_log_distance_s02_w1,juelich,12345,2,2,log-distance,25,26,veh1,veh0,10,0,1,591.324,0,8.3135,8.02157,nan,nan,0,0.06,0.07,0.054
juelich_pilot_d30_r10_log_distance_s02_w1,juelich,12345,2,2,log-distance,25,26,veh1,veh4,10,10,0,320.203,1,8.3135,0.379062,-76.7862,20.1901,10,0.06,0.06,0.054
juelich_pilot_d30_r10_log_distance_s02_w1,juelich,12345,2,2,log-distance,25,26,veh1,veh5,10,0,1,998.437,0,8.3135,7.451,nan,nan,0,0.06,0.05,0.054
juelich_pilot_d30_r10_log_distance_s02_w1,juelich,12345,2,2,log-distance,25,26,veh1,veh6,10,10,0,228.021,1,8.3135,5.86372,-73.8371,23.1392,10,0.06,0.06,0.054
juelich_pilot_d30_r10_log_distance_s02_w1,juelich,12345,2,2,log-distance,25,26,veh1,veh9,10,10,0,215.243,1,8.3135,2.5288,-73.3361,23.6402,10,0.06,0.06,0.054
juelich_pilot_d30_r10_log_distance_s02_w1,juelich,12345,2,2,log-distance,25,26,veh2,veh3,10,10,0,116.51,1,0,12.7306,-68.0012,28.9751,10,0.04,0.04,0.054
juelich_pilot_d30_r10_log_distance_s02_w1,juelich,12345,2,2,log-distance,25,26,veh2,veh5,10,0,1,922.573,0,0,7.451,nan,nan,0,0.04,0.05,0.054
juelich_pilot_d30_r10_log_distance_s02_w1,juelich,12345,2,2,log-distance,25,26,veh2,veh7,10,10,0,386.238,1,0,0,-78.4148,18.5615,10,0.04,0.05,0.054
juelich_pilot_d30_r10_log_distance_s02_w1,juelich,12345,2,2,log-distance,25,26,veh2,veh8,10,10,0,349.711,1,0,7.13601,-77.5519,19.4244,10,0.04,0.05,0.054
juelich_pilot_d30_r10_log_distance_s02_w1,juelich,12345,2,2,log-distance,25,26,veh3,veh2,10,10,0,116.51,1,12.7306,0,-68.0012,28.9751,10,0.04,0.04,0.054
juelich_pilot_d30_r10_log_distance_s02_w1,juelich,12345,2,2,log-distance,25,26,veh3,veh5,10,0,1,887.942,0,12.7306,7.451,nan,nan,0,0.04,0.05,0.054
juelich_pilot_d30_r10_log_distance_s02_w1,juelich,12345,2,2,log-distance,25,26,veh3,veh7,10,10,0,381.837,1,12.7306,0,-78.3152,18.6611,10,0.04,0.05,0.054
juelich_pilot_d30_r10_log_distance_s02_w1,juelich,12345,2,2,log-distance,25,26,veh3,veh8,10,10,0,362.148,1,12.7306,7.13601,-77.8554,19.1209,10,0.04,0.05,0.054
juelich_pilot_d30_r10_log_distance_s02_w1,juelich,12345,2,2,log-distance,25,26,veh4,veh0,10,10,0,319.621,1,0.379062,8.02157,-76.7703,20.206,10,0.06,0.07,0.054
juelich_pilot_d30_r10_log_distance_s02_w1,juelich,12345,2,2,log-distance,25,26,veh4,veh1,10,10,0,320.203,1,0.379062,8.3135,-76.7862,20.1901,10,0.06,0.06,0.054
juelich_pilot_d30_r10_log_distance_s02_w1,juelich,12345,2,2,log-distance,25,26,veh4,veh5,10,0,1,757.086,0,0.379062,7.451,nan,nan,0,0.06,0.05,0.054
juelich_pilot_d30_r10_log_distance_s02_w1,juelich,12345,2,2,log-distance,25,26,veh4,veh6,10,10,0,115.427,1,0.379062,5.86372,-67.9234,29.0529,10,0.06,0.06,0.054
juelich_pilot_d30_r10_log_distance_s02_w1,juelich,12345,2,2,log-distance,25,26,veh4,veh9,10,10,0,187.538,1,0.379062,2.5288,-72.1395,24.8368,10,0.06,0.06,0.054
juelich_pilot_d30_r10_log_distance_s02_w1,juelich,12345,2,2,log-distance,25,26,veh5,veh0,10,10,0,438.565,1,7.451,8.02157,-79.5181,5.01138,10,0.05,0.07,0.054
juelich_pilot_d30_r10_log_distance_s02_w1,juelich,12345,2,2,log-distance,25,26,veh5,veh1,10,0,1,998.437,0,7.451,8.3135,nan,nan,0,0.05,0.06,0.054
juelich_pilot_d30_r10_log_distance_s02_w1,juelich,12345,2,2,log-distance,25,26,veh5,veh2,10,0,1,922.573,0,7.451,0,nan,nan,0,0.05,0.04,0.054
juelich_pilot_d30_r10_log_distance_s02_w1,juelich,12345,2,2,log-distance,25,26,veh5,veh3,10,0,1,887.942,0,7.451,12.7306,nan,nan,0,0.05,0.04,0.054
juelich_pilot_d30_r10_log_distance_s02_w1,juelich,12345,2,2,log-distance,25,26,veh5,veh4,10,0,1,757.086,0,7.451,0.379062,nan,nan,0,0.05,0.06,0.054
juelich_pilot_d30_r10_log_distance_s02_w1,juelich,12345,2,2,log-distance,25,26,veh5,veh6,10,0,1,867.432,0,7.451,5.86372,nan,nan,0,0.05,0.06,0.054
juelich_pilot_d30_r10_log_distance_s02_w1,juelich,12345,2,2,log-distance,25,26,veh5,veh7,10,0,1,546.182,0,7.451,0,nan,nan,0,0.05,0.05,0.054
juelich_pilot_d30_r10_log_distance_s02_w1,juelich,12345,2,2,log-distance,25,26,veh5,veh8,10,0,1,598.286,0,7.451,7.13601,nan,nan,0,0.05,0.05,0.054
juelich_pilot_d30_r10_log_distance_s02_w1,juelich,12345,2,2,log-distance,25,26,veh5,veh9,10,0,1,783.214,0,7.451,2.5288,nan,nan,0,0.05,0.06,0.054
juelich_pilot_d30_r10_log_distance_s02_w1,juelich,12345,2,2,log-distance,25,26,veh6,veh0,10,10,0,432.259,1,5.86372,8.02157,-79.3926,17.5837,10,0.06,0.07,0.054
juelich_pilot_d30_r10_log_distance_s02_w1,juelich,12345,2,2,log-distance,25,26,veh6,veh1,10,10,0,228.021,1,5.86372,8.3135,-73.8371,23.1392,10,0.06,0.06,0.054
juelich_pilot_d30_r10_log_distance_s02_w1,juelich,12345,2,2,log-distance,25,26,veh6,veh4,10,10,0,115.427,1,5.86372,0.379062,-67.9234,29.0529,10,0.06,0.06,0.054
juelich_pilot_d30_r10_log_distance_s02_w1,juelich,12345,2,2,log-distance,25,26,veh6,veh5,10,0,1,867.432,0,5.86372,7.451,nan,nan,0,0.06,0.05,0.054
juelich_pilot_d30_r10_log_distance_s02_w1,juelich,12345,2,2,log-distance,25,26,veh6,veh9,10,10,0,184.858,1,5.86372,2.5288,-72.0144,24.9619,10,0.06,0.06,0.054
juelich_pilot_d30_r10_log_distance_s02_w1,juelich,12345,2,2,log-distance,25,26,veh7,veh0,10,0,1,777.159,0,0,8.02157,nan,nan,0,0.05,0.07,0.054
juelich_pilot_d30_r10_log_distance_s02_w1,juelich,12345,2,2,log-distance,25,26,veh7,veh2,10,10,0,386.238,1,0,0,-78.4148,18.5615,10,0.05,0.04,0.054
juelich_pilot_d30_r10_log_distance_s02_w1,juelich,12345,2,2,log-distance,25,26,veh7,veh3,10,10,0,381.837,1,0,12.7306,-78.3152,18.6611,10,0.05,0.04,0.054
juelich_pilot_d30_r10_log_distance_s02_w1,juelich,12345,2,2,log-distance,25,26,veh7,veh5,10,10,0,546.182,0,0,7.451,-81.4244,15.5519,10,0.05,0.05,0.054
juelich_pilot_d30_r10_log_distance_s02_w1,juelich,12345,2,2,log-distance,25,26,veh7,veh8,10,10,0,60.6301,1,0,7.13601,-62.3283,34.648,10,0.05,0.05,0.054
juelich_pilot_d30_r10_log_distance_s02_w1,juelich,12345,2,2,log-distance,25,26,veh7,veh9,10,0,1,932.742,0,0,2.5288,nan,nan,0,0.05,0.06,0.054
juelich_pilot_d30_r10_log_distance_s02_w1,juelich,12345,2,2,log-distance,25,26,veh8,veh0,10,0,1,804.11,0,7.13601,8.02157,nan,nan,0,0.05,0.07,0.054
juelich_pilot_d30_r10_log_distance_s02_w1,juelich,12345,2,2,log-distance,25,26,veh8,veh2,10,10,0,349.711,1,7.13601,0,-77.5519,8.09374,10,0.05,0.04,0.054
juelich_pilot_d30_r10_log_distance_s02_w1,juelich,12345,2,2,log-distance,25,26,veh8,veh3,10,10,0,362.148,1,7.13601,12.7306,-77.8554,7.48153,10,0.05,0.04,0.054
juelich_pilot_d30_r10_log_distance_s02_w1,juelich,12345,2,2,log-distance,25,26,veh8,veh5,10,0,1,598.286,0,7.13601,7.451,nan,nan,0,0.05,0.05,0.054
juelich_pilot_d30_r10_log_distance_s02_w1,juelich,12345,2,2,log-distance,25,26,veh8,veh7,10,10,0,60.6301,1,7.13601,0,-62.3283,18.9768,10,0.05,0.05,0.054
juelich_pilot_d30_r10_log_distance_s02_w1,juelich,12345,2,2,log-distance,25,26,veh8,veh9,10,0,1,935.408,0,7.13601,2.5288,nan,nan,0,0.05,0.06,0.054
juelich_pilot_d30_r10_log_distance_s02_w1,juelich,12345,2,2,log-distance,25,26,veh9,veh0,10,10,0,383.412,1,2.5288,8.02157,-78.351,18.6253,10,0.06,0.07,0.054
juelich_pilot_d30_r10_log_distance_s02_w1,juelich,12345,2,2,log-distance,25,26,veh9,veh1,10,10,0,215.243,1,2.5288,8.3135,-73.3361,23.6402,10,0.06,0.06,0.054
juelich_pilot_d30_r10_log_distance_s02_w1,juelich,12345,2,2,log-distance,25,26,veh9,veh4,10,10,0,187.538,1,2.5288,0.379062,-72.1395,24.8368,10,0.06,0.06,0.054
juelich_pilot_d30_r10_log_distance_s02_w1,juelich,12345,2,2,log-distance,25,26,veh9,veh5,10,0,1,783.214,0,2.5288,7.451,nan,nan,0,0.06,0.05,0.054
juelich_pilot_d30_r10_log_distance_s02_w1,juelich,12345,2,2,log-distance,25,26,veh9,veh6,10,10,0,184.858,1,2.5288,5.86372,-72.0144,24.9619,10,0.06,0.06,0.054
juelich_pilot_d30_r10_log_distance_s02_w1,juelich,12345,2,2,log-distance,25,26,veh9,veh7,10,0,1,932.742,0,2.5288,0,nan,nan,0,0.06,0.05,0.054
juelich_pilot_d30_r10_log_distance_s02_w1,juelich,12345,2,2,log-distance,25,26,veh9,veh8,10,0,1,935.408,0,2.5288,7.13601,nan,nan,0,0.06,0.05,0.054
juelich_pilot_d30_r10_log_distance_s02_w1,juelich,12345,2,2,log-distance,26,27,veh0,veh1,10,2,0.8,585.219,0,8.05073,8.33009,-81.9901,14.9862,2,0.07,0.06,0.054
juelich_pilot_d30_r10_log_distance_s02_w1,juelich,12345,2,2,log-distance,26,27,veh0,veh4,10,10,0,312.981,1,8.05073,0,-76.5879,20.3884,10,0.07,0.06,0.054
juelich_pilot_d30_r10_log_distance_s02_w1,juelich,12345,2,2,log-distance,26,27,veh0,veh5,10,10,0,452.044,1,8.05073,7.48901,-79.781,17.1953,10,0.07,0.05,0.054
juelich_pilot_d30_r10_log_distance_s02_w1,juelich,12345,2,2,log-distance,26,27,veh0,veh6,10,10,0,431.38,1,8.05073,7.82511,-79.3749,17.6014,10,0.07,0.06,0.054
juelich_pilot_d30_r10_log_distance_s02_w1,juelich,12345,2,2,log-distance,26,27,veh0,veh7,10,0,1,784.404,0,8.05073,1.27757,nan,nan,0,0.07,0.05,0.054
juelich_pilot_d30_r10_log_distance_s02_w1,juelich,12345,2,2,log-distance,26,27,veh0,veh8,10,0,1,810.658,0,8.05073,7.14251,nan,nan,0,0.07,0.05,0.054
juelich_pilot_d30_r10_log_distance_s02_w1,juelich,12345,2,2,log-distance,26,27,veh0,veh9,10,10,0,381.492,1,8.05073,4.58829,-78.3074,18.6689,10,0.07,0.06,0.054
juelich_pilot_d30_r10_log_distance_s02_w1,juelich,12345,2,2,log-distance,26,27,veh1,veh0,10,2,0.8,585.219,0,8.33009,8.05073,-81.9901,14.9862,2,0.06,0.07,0.054
juelich_pilot_d30_r10_log_distance_s02_w1,juelich,12345,2,2,log-distance,26,27,veh1,veh4,10,10,0,321.709,1,8.33009,0,-76.827,20.1493,10,0.06,0.06,0.054
juelich_pilot_d30_r10_log_distance_s02_w1,juelich,12345,2,2,log-distance,26,27,veh1,veh5,6,0,1,999.506,0,8.34047,7.49248,nan,nan,0,0.06,0.05,0.054
juelich_pilot_d30_r10_log_distance_s02_w1,juelich,12345,2,2,log-distance,26,27,veh1,veh6,10,10,0,232.391,1,8.33009,7.82511,-74.0019,22.9744,10,0.06,0.06,0.054
juelich_pilot_d30_r10_log_distance_s02_w1,juelich,12345,2,2,log-distance,26,27,veh1,veh9,10,10,0,209.349,1,8.33009,4.58829,-73.0948,23.8815,10,0.06,0.06,0.054
juelich_pilot_d30_r10_log_distance_s02_w1,juelich,12345,2,2,log-distance,26,27,veh2,veh3,10,10,0,105.426,1,0,12.7154,-67.1324,29.8438,10,0.04,0.04,0.054
juelich_pilot_d30_r10_log_distance_s02_w1,juelich,12345,2,2,log-distance,26,27,veh2,veh5,10,0,1,916.612,0,0,7.48901,nan,nan,0,0.04,0.05,0.054
juelich_pilot_d30_r10_log_distance_s02_w1,juelich,12345,2,2,log-distance,26,27,veh2,veh7,10,10,0,386.758,1,0,1.27757,-78.4265,18.5498,10,0.04,0.05,0.054
juelich_pilot_d30_r10_log_distance_s02_w1,juelich,12345,2,2,log-distance,26,27,veh2,veh8,10,10,0,350.237,1,0,7.14251,-77.5649,19.4113,10,0.04,0.05,0.054
juelich_pilot_d30_r10_log_distance_s02_w1,juelich,12345,2,2,log-distance,26,27,veh3,veh2,10,10,0,105.426,1,12.7154,0,-67.1324,29.8438,10,0.04,0.04,0.054
juelich_pilot_d30_r10_log_distance_s02_w1,juelich,12345,2,2,log-distance,26,27,veh3,veh5,10,0,1,880.679,0,12.7154,7.48901,nan,nan,0,0.04,0.05,0.054
juelich_pilot_d30_r10_log_distance_s02_w1,juelich,12345,2,2,log-distance,26,27,veh3,veh7,10,10,0,377.572,1,12.7154,1.27757,-78.2177,18.7586,10,0.04,0.05,0.054
juelich_pilot_d30_r10_log_distance_s02_w1,juelich,12345,2,2,log-distance,26,27,veh3,veh8,10,10,0,358.372,1,12.7154,7.14251,-77.7643,19.212,10,0.04,0.05,0.054
juelich_pilot_d30_r10_log_distance_s02_w1,juelich,12345,2,2,log-distance,26,27,veh4,veh0,10,10,0,312.981,1,0,8.05073,-76.5879,20.3884,10,0.06,0.07,0.054
juelich_pilot_d30_r10_log_distance_s02_w1,juelich,12345,2,2,log-distance,26,27,veh4,veh1,10,10,0,321.709,1,0,8.33009,-76.827,20.1493,10,0.06,0.06,0.054
juelich_pilot_d30_r10_log_distance_s02_w1,juelich,12345,2,2,log-distance,26,27,veh4,veh5,10,0,1,763.199,0,0,7.48901,nan,nan,0,0.06,0.05,0.054
juelich_pilot_d30_r10_log_distance_s02_w1,juelich,12345,2,2,log-distance,26,27,veh4,veh6,10,10,0,120.12,1,0,7.82511,-68.2693,28.707,10,0.06,0.06,0.054
juelich_pilot_d30_r10_log_distance_s02_w1,juelich,12345,2,2,log-distance,26,27,veh4,veh9,10,10,0,185.818,1,0,4.58829,-72.0594,24.9169,10,0.06,0.06,0.054
juelich_pilot_d30_r10_log_distance_s02_w1,juelich,12345,2,2,log-distance,26,27,veh5,veh0,10,10,0,452.044,1,7.48901,8.05073,-79.781,4.81485,10,0.05,0.07,0.054
juelich_pilot_d30_r10_log_distance_s02_w1,juelich,12345,2,2,log-distance,26,27,veh5,veh1,6,0,1,999.506,0,7.49248,8.34047,nan,nan,0,0.05,0.06,0.054
juelich_pilot_d30_r10_log_distance_s02_w1,juelich,12345,2,2,log-distance,26,27,veh5,veh2,10,0,1,916.612,0,7.48901,0,nan,nan,0,0.05,0.04,0.054
juelich_pilot_d30_r10_log_distance_s02_w1,juelich,12345,2,2,log-distance,26,27,veh5,veh3,10,0,1,880.679,0,7.48901,12.7154,nan,nan,0,0.05,0.04,0.054
juelich_pilot_d30_r10_log_distance_s02_w1,juelich,12345,2,2,log-distance,26,27,veh5,veh4,10,0,1,763.199,0,7.48901,0,nan,nan,0,0.05,0.06,0.054
juelich_pilot_d30_r10_log_distance_s02_w1,juelich,12345,2,2,log-distance,26,27,veh5,veh6,10,0,1,879.22,0,7.48901,7.82511,nan,nan,0,0.05,0.06,0.054
juelich_pilot_d30_r10_log_distance_s02_w1,juelich,12345,2,2,log-distance,26,27,veh5,veh7,10,0,1,540.345,0,7.48901,1.27757,nan,nan,0,0.05,0.05,0.054
juelich_pilot_d30_r10_log_distance_s02_w1,juelich,12345,2,2,log-distance,26,27,veh5,veh8,10,0,1,596.211,0,7.48901,7.14251,nan,nan,0,0.05,0.05,0.054
juelich_pilot_d30_r10_log_distance_s02_w1,juelich,12345,2,2,log-distance,26,27,veh5,veh9,10,0,1,790.815,0,7.48901,4.58829,nan,nan,0,0.05,0.06,0.054
juelich_pilot_d30_r10_log_distance_s02_w1,juelich,12345,2,2,log-distance,26,27,veh6,veh0,10,10,0,431.38,1,7.82511,8.05073,-79.3749,17.6014,10,0.06,0.07,0.054
juelich_pilot_d30_r10_log_distance_s02_w1,juelich,12345,2,2,log-distance,26,27,veh6,veh1,10,10,0,232.391,1,7.82511,8.33009,-74.0019,22.9744,10,0.06,0.06,0.054
juelich_pilot_d30_r10_log_distance_s02_w1,juelich,12345,2,2,log-distance,26,27,veh6,veh4,10,10,0,120.12,1,7.82511,0,-68.2693,28.707,10,0.06,0.06,0.054
juelich_pilot_d30_r10_log_distance_s02_w1,juelich,12345,2,2,log-distance,26,27,veh6,veh5,10,0,1,879.22,0,7.82511,7.48901,nan,nan,0,0.06,0.05,0.054
juelich_pilot_d30_r10_log_distance_s02_w1,juelich,12345,2,2,log-distance,26,27,veh6,veh9,10,10,0,187.875,1,7.82511,4.58829,-72.155,24.8213,10,0.06,0.06,0.054
juelich_pilot_d30_r10_log_distance_s02_w1,juelich,12345,2,2,log-distance,26,27,veh7,veh0,10,0,1,784.404,0,1.27757,8.05073,nan,nan,0,0.05,0.07,0.054
juelich_pilot_d30_r10_log_distance_s02_w1,juelich,12345,2,2,log-distance,26,27,veh7,veh2,10,10,0,386.758,1,1.27757,0,-78.4265,18.5498,10,0.05,0.04,0.054
juelich_pilot_d30_r10_log_distance_s02_w1,juelich,12345,2,2,log-distance,26,27,veh7,veh3,10,10,0,377.572,1,1.27757,12.7154,-78.2177,18.7586,10,0.05,0.04,0.054
juelich_pilot_d30_r10_log_distance_s02_w1,juelich,12345,2,2,log-distance,26,27,veh7,veh5,10,10,0,540.345,0,1.27757,7.48901,-81.3311,15.6452,10,0.05,0.05,0.054
juelich_pilot_d30_r10_log_distance_s02_w1,juelich,12345,2,2,log-distance,26,27,veh7,veh8,10,10,0,66.7533,1,1.27757,7.14251,-63.1635,33.8127,10,0.05,0.05,0.054
juelich_pilot_d30_r10_log_distance_s02_w1,juelich,12345,2,2,log-distance,26,27,veh7,veh9,10,0,1,935.947,0,1.27757,4.58829,nan,nan,0,0.05,0.06,0.054
juelich_pilot_d30_r10_log_distance_s02_w1,juelich,12345,2,2,log-distance,26,27,veh8,veh0,10,0,1,810.658,0,7.14251,8.05073,nan,nan,0,0.05,0.07,0.054
juelich_pilot_d30_r10_log_distance_s02_w1,juelich,12345,2,2,log-distance,26,27,veh8,veh2,10,10,0,350.237,1,7.14251,0,-77.5649,8.02851,10,0.05,0.04,0.054
juelich_pilot_d30_r10_log_distance_s02_w1,juelich,12345,2,2,log-distance,26,27,veh8,veh3,10,10,0,358.372,1,7.14251,12.7154,-77.7643,7.5061,10,0.05,0.04,0.054
juelich_pilot_d30_r10_log_distance_s02_w1,juelich,12345,2,2,log-distance,26,27,veh8,veh5,10,0,1,596.211,0,7.14251,7.48901,nan,nan,0,0.05,0.05,0.054
juelich_pilot_d30_r10_log_distance_s02_w1,juelich,12345,2,2,log-distance,26,27,veh8,veh7,10,10,0,66.7533,1,7.14251,1.27757,-63.1635,18.0507,10,0.05,0.05,0.054
juelich_pilot_d30_r10_log_distance_s02_w1,juelich,12345,2,2,log-distance,26,27,veh8,veh9,10,0,1,935.255,0,7.14251,4.58829,nan,nan,0,0.05,0.06,0.054
juelich_pilot_d30_r10_log_distance_s02_w1,juelich,12345,2,2,log-distance,26,27,veh9,veh0,10,10,0,381.492,1,4.58829,8.05073,-78.3074,18.6689,10,0.06,0.07,0.054
juelich_pilot_d30_r10_log_distance_s02_w1,juelich,12345,2,2,log-distance,26,27,veh9,veh1,10,10,0,209.349,1,4.58829,8.33009,-73.0948,23.8815,10,0.06,0.06,0.054
juelich_pilot_d30_r10_log_distance_s02_w1,juelich,12345,2,2,log-distance,26,27,veh9,veh4,10,10,0,185.818,1,4.58829,0,-72.0594,24.9169,10,0.06,0.06,0.054
juelich_pilot_d30_r10_log_distance_s02_w1,juelich,12345,2,2,log-distance,26,27,veh9,veh5,10,0,1,790.815,0,4.58829,7.48901,nan,nan,0,0.06,0.05,0.054
juelich_pilot_d30_r10_log_distance_s02_w1,juelich,12345,2,2,log-distance,26,27,veh9,veh6,10,10,0,187.875,1,4.58829,7.82511,-72.155,24.8213,10,0.06,0.06,0.054
juelich_pilot_d30_r10_log_distance_s02_w1,juelich,12345,2,2,log-distance,26,27,veh9,veh7,10,0,1,935.947,0,4.58829,1.27757,nan,nan,0,0.06,0.05,0.054
juelich_pilot_d30_r10_log_distance_s02_w1,juelich,12345,2,2,log-distance,26,27,veh9,veh8,10,0,1,935.255,0,4.58829,7.14251,nan,nan,0,0.06,0.05,0.054
juelich_pilot_d30_r10_log_distance_s02_w1,juelich,12345,2,2,log-distance,27,28,veh0,veh1,10,10,0,579.733,0,8.03388,8.31716,-81.9422,15.0341,10,0.08,0.07,0.06
juelich_pilot_d30_r10_log_distance_s02_w1,juelich,12345,2,2,log-distance,27,28,veh0,veh10,10,10,0,419.81,1,8.03388,1.03947,-79.1387,17.8376,10,0.08,0.07,0.06
juelich_pilot_d30_r10_log_distance_s02_w1,juelich,12345,2,2,log-distance,27,28,veh0,veh4,10,10,0,306.423,1,8.03388,0,-76.404,20.5723,10,0.08,0.07,0.06
juelich_pilot_d30_r10_log_distance_s02_w1,juelich,12345,2,2,log-distance,27,28,veh0,veh5,10,10,0,465.646,1,8.03388,7.45819,-80.0385,16.9378,10,0.08,0.05,0.06
juelich_pilot_d30_r10_log_distance_s02_w1,juelich,12345,2,2,log-distance,27,28,veh0,veh6,10,10,0,431.6,1,8.03388,8.50334,-79.3793,17.597,10,0.08,0.07,0.06
juelich_pilot_d30_r10_log_distance_s02_w1,juelich,12345,2,2,log-distance,27,28,veh0,veh7,10,0,1,789.78,0,8.03388,3.32645,nan,nan,0,0.08,0.05,0.06
juelich_pilot_d30_r10_log_distance_s02_w1,juelich,12345,2,2,log-distance,27,28,veh0,veh8,10,0,1,817.236,0,8.03388,7.12734,nan,nan,0,0.08,0.05,0.06
juelich_pilot_d30_r10_log_distance_s02_w1,juelich,12345,2,2,log-distance,27,28,veh0,veh9,10,10,0,380.479,1,8.03388,6.49789,-78.2843,18.692,10,0.08,0.07,0.06
juelich_pilot_d30_r10_log_distance_s02_w1,juelich,12345,2,2,log-distance,27,28,veh1,veh0,10,10,0,579.733,0,8.31716,8.03388,-81.9422,15.0341,10,0.07,0.08,0.06
juelich_pilot_d30_r10_log_distance_s02_w1,juelich,12345,2,2,log-distance,27,28,veh1,veh10,10,10,0,235.55,1,8.31716,1.03947,-74.1192,22.8571,10,0.07,0.07,0.06
juelich_pilot_d30_r10_log_distance_s02_w1,juelich,12345,2,2,log-distance,27,28,veh1,veh4,10,10,0,323.627,1,8.31716,0,-76.8786,20.0977,10,0.07,0.07,0.06
juelich_pilot_d30_r10_log_distance_s02_w1,juelich,12345,2,2,log-distance,27,28,veh1,veh6,10,10,0,238.112,1,8.31716,8.50334,-74.2131,22.7632,10,0.07,0.07,0.06
juelich_pilot_d30_r10_log_distance_s02_w1,juelich,12345,2,2,log-distance,27,28,veh1,veh9,10,10,0,202.934,1,8.31716,6.49789,-72.8244,24.1519,10,0.07,0.07,0.06
juelich_pilot_d30_r10_log_distance_s02_w1,juelich,12345,2,2,log-distance,27,28,veh10,veh0,10,10,0,419.81,1,1.03947,8.03388,-79.1387,17.8376,10,0.07,0.08,0.06
juelich_pilot_d30_r10_log_distance_s02_w1,juelich,12345,2,2,log-distance,27,28,veh10,veh1,10,10,0,235.55,1,1.03947,8.31716,-74.1192,22.8571,10,0.07,0.07,0.06
juelich_pilot_d30_r10_log_distance_s02_w1,juelich,12345,2,2,log-distance,27,28,veh10,veh4,10,10,0,115.533,1,1.03947,0,-67.9318,29.0445,10,0.07,0.07,0.06
juelich_pilot_d30_r10_log_distance_s02_w1,juelich,12345,2,2,log-distance,27,28,veh10,veh5,10,0,1,879.453,0,1.03947,7.45819,nan,nan,0,0.07,0.05,0.06
juelich_pilot_d30_r10_log_distance_s02_w1,juelich,12345,2,2,log-distance,27,28,veh10,veh6,10,10,0,15.1732,1,1.03947,8.50334,-50.213,46.7633,10,0.07,0.07,0.06
juelich_pilot_d30_r10_log_distance_s02_w1,juelich,12345,2,2,log-distance,27,28,veh10,veh9,10,10,0,176.572,1,1.03947,6.49789,-71.6158,25.3604,10,0.07,0.07,0.06
juelich_pilot_d30_r10_log_distance_s02_w1,juelich,12345,2,2,log-distance,27,28,veh2,veh3,10,10,0,93.5907,1,0,12.7445,-66.0964,30.8799,10,0.04,0.04,0.06
juelich_pilot_d30_r10_log_distance_s02_w1,juelich,12345,2,2,log-distance,27,28,veh2,veh5,10,0,1,910.678,0,0,7.45819,nan,nan,0,0.04,0.05,0.06
juelich_pilot_d30_r10_log_distance_s02_w1,juelich,12345,2,2,log-distance,27,28,veh2,veh7,10,10,0,389.19,1,0,3.32645,-78.4809,18.4954,10,0.04,0.05,0.06
juelich_pilot_d30_r10_log_distance_s02_w1,juelich,12345,2,2,log-distance,27,28,veh2,veh8,10,10,0,350.906,1,0,7.12734,-77.5815,19.3948,10,0.04,0.05,0.06
juelich_pilot_d30_r10_log_distance_s02_w1,juelich,12345,2,2,log-distance,27,28,veh3,veh2,10,10,0,93.5907,1,12.7445,0,-66.0964,30.8799,10,0.04,0.04,0.06
juelich_pilot_d30_r10_log_distance_s02_w1,juelich,12345,2,2,log-distance,27,28,veh3,veh5,10,0,1,873.726,0,12.7445,7.45819,nan,nan,0,0.04,0.05,0.06
juelich_pilot_d30_r10_log_distance_s02_w1,juelich,12345,2,2,log-distance,27,28,veh3,veh7,10,10,0,375.238,1,12.7445,3.32645,-78.1638,18.8124,10,0.04,0.05,0.06
juelich_pilot_d30_r10_log_distance_s02_w1,juelich,12345,2,2,log-distance,27,28,veh3,veh8,10,10,0,354.171,1,12.7445,7.12734,-77.6619,19.3144,10,0.04,0.05,0.06
juelich_pilot_d30_r10_log_distance_s02_w1,juelich,12345,2,2,log-distance,27,28,veh4,veh0,10,10,0,306.423,1,0,8.03388,-76.404,20.5723,10,0.07,0.08,0.06
juelich_pilot_d30_r10_log_distance_s02_w1,juelich,12345,2,2,log-distance,27,28,veh4,veh1,10,10,0,323.627,1,0,8.31716,-76.8786,20.0977,10,0.07,0.07,0.06
juelich_pilot_d30_r10_log_distance_s02_w1,juelich,12345,2,2,log-distance,27,28,veh4,veh10,10,10,0,115.533,1,0,1.03947,-67.9318,29.0445,10,0.07,0.07,0.06
juelich_pilot_d30_r10_log_distance_s02_w1,juelich,12345,2,2,log-distance,27,28,veh4,veh5,10,0,1,769.349,0,0,7.45819,nan,nan,0,0.07,0.05,0.06
juelich_pilot_d30_r10_log_distance_s02_w1,juelich,12345,2,2,log-distance,27,28,veh4,veh6,10,10,0,126.006,1,0,8.50334,-68.6847,28.2916,10,0.07,0.07,0.06
juelich_pilot_d30_r10_log_distance_s02_w1,juelich,12345,2,2,log-distance,27,28,veh4,veh9,10,10,0,183.236,1,0,6.49789,-71.9378,25.0385,10,0.07,0.07,0.06
juelich_pilot_d30_r10_log_distance_s02_w1,juelich,12345,2,2,log-distance,27,28,veh5,veh0,10,10,0,465.646,1,7.45819,8.03388,-80.0385,4.62343,10,0.05,0.08,0.06
juelich_pilot_d30_r10_log_distance_s02_w1,juelich,12345,2,2,log-distance,27,28,veh5,veh10,10,0,1,879.453,0,7.45819,1.03947,nan,nan,0,0.05,0.07,0.06
juelich_pilot_d30_r10_log_distance_s02_w1,juelich,12345,2,2,log-distance,27,28,veh5,veh2,10,0,1,910.678,0,7.45819,0,nan,nan,0,0.05,0.04,0.06
juelich_pilot_d30_r10_log_distance_s02_w1,juelich,12345,2,2,log-distance,27,28,veh5,veh3,10,0,1,873.726,0,7.45819,12.7445,nan,nan,0,0.05,0.04,0.06
juelich_pilot_d30_r10_log_distance_s02_w1,juelich,12345,2,2,log-distance,27,28,veh5,veh4,10,0,1,769.349,0,7.45819,0,nan,nan,0,0.05,0.07,0.06
juelich_pilot_d30_r10_log_distance_s02_w1,juelich,12345,2,2,log-distance,27,28,veh5,veh6,10,0,1,892.273,0,7.45819,8.50334,nan,nan,0,0.05,0.07,0.06
juelich_pilot_d30_r10_log_distance_s02_w1,juelich,12345,2,2,log-distance,27,28,veh5,veh7,10,0,1,532.801,0,7.45819,3.32645,nan,nan,0,0.05,0.05,0.06
juelich_pilot_d30_r10_log_distance_s02_w1,juelich,12345,2,2,log-distance,27,28,veh5,veh8,10,0,1,594.383,0,7.45819,7.12734,nan,nan,0,0.05,0.05,0.06
juelich_pilot_d30_r10_log_distance_s02_w1,juelich,12345,2,2,log-distance,27,28,veh5,veh9,10,0,1,799.947,0,7.45819,6.49789,nan,nan,0,0.05,0.07,0.06
juelich_pilot_d30_r10_log_distance_s02_w1,juelich,12345,2,2,log-distance,27,28,veh6,veh0,10,10,0,431.6,1,8.50334,8.03388,-79.3793,17.597,10,0.07,0.08,0.06
juelich_pilot_d30_r10_log_distance_s02_w1,juelich,12345,2,2,log-distance,27,28,veh6,veh1,10,10,0,238.112,1,8.50334,8.31716,-74.2131,22.7632,10,0.07,0.07,0.06
juelich_pilot_d30_r10_log_distance_s02_w1,juelich,12345,2,2,log-distance,27,28,veh6,veh10,10,10,0,15.1732,1,8.50334,1.03947,-50.213,46.7633,10,0.07,0.07,0.06
juelich_pilot_d30_r10_log_distance_s02_w1,juelich,12345,2,2,log-distance,27,28,veh6,veh4,10,10,0,126.006,1,8.50334,0,-68.6847,28.2916,10,0.07,0.07,0.06
juelich_pilot_d30_r10_log_distance_s02_w1,juelich,12345,2,2,log-distance,27,28,veh6,veh5,10,0,1,892.273,0,8.50334,7.45819,nan,nan,0,0.07,0.05,0.06
juelich_pilot_d30_r10_log_distance_s02_w1,juelich,12345,2,2,log-distance,27,28,veh6,veh9,10,10,0,190.393,1,8.50334,6.49789,-72.2707,24.7056,10,0.07,0.07,0.06
juelich_pilot_d30_r10_log_distance_s02_w1,juelich,12345,2,2,log-distance,27,28,veh7,veh0,10,0,1,789.78,0,3.32645,8.03388,nan,nan,0,0.05,0.08,0.06
juelich_pilot_d30_r10_log_distance_s02_w1,juelich,12345,2,2,log-distance,27,28,veh7,veh2,10,10,0,389.19,1,3.32645,0,-78.4809,18.4954,10,0.05,0.04,0.06
juelich_pilot_d30_r10_log_distance_s02_w1,juelich,12345,2,2,log-distance,27,28,veh7,veh3,10,10,0,375.238,1,3.32645,12.7445,-78.1638,18.8124,10,0.05,0.04,0.06
juelich_pilot_d30_r10_log_distance_s02_w1,juelich,12345,2,2,log-distance,27,28,veh7,veh5,10,10,0,532.801,0,3.32645,7.45819,-81.2089,15.7674,10,0.05,0.05,0.06
juelich_pilot_d30_r10_log_distance_s02_w1,juelich,12345,2,2,log-distance,27,28,veh7,veh8,10,10,0,74.0348,1,3.32645,7.12734,-64.0624,32.9138,10,0.05,0.05,0.06
juelich_pilot_d30_r10_log_distance_s02_w1,juelich,12345,2,2,log-distance,27,28,veh7,veh9,10,0,1,939.538,0,3.32645,6.49789,nan,nan,0,0.05,0.07,0.06
juelich_pilot_d30_r10_log_distance_s02_w1,juelich,12345,2,2,log-distance,27,28,veh8,veh0,10,0,1,817.236,0,7.12734,8.03388,nan,nan,0,0.05,0.08,0.06
juelich_pilot_d30_r10_log_distance_s02_w1,juelich,12345,2,2,log-distance,27,28,veh8,veh2,10,10,0,350.906,1,7.12734,0,-77.5815,7.9596,10,0.05,0.04,0.06
juelich_pilot_d30_r10_log_distance_s02_w1,juelich,12345,2,2,log-distance,27,28,veh8,veh3,10,10,0,354.171,1,7.12734,12.7445,-77.6619,7.5443,10,0.05,0.04,0.06
juelich_pilot_d30_r10_log_distance_s02_w1,juelich,12345,2,2,log-distance,27,28,veh8,veh5,10,0,1,594.383,0,7.12734,7.45819,nan,nan,0,0.05,0.05,0.06
juelich_pilot_d30_r10_log_distance_s02_w1,juelich,12345,2,2,log-distance,27,28,veh8,veh7,10,10,0,74.0348,1,7.12734,3.32645,-64.0624,17.0329,10,0.05,0.05,0.06
juelich_pilot_d30_r10_log_distance_s02_w1,juelich,12345,2,2,log-distance,27,28,veh8,veh9,10,0,1,937.118,0,7.12734,6.49789,nan,nan,0,0.05,0.07,0.06
juelich_pilot_d30_r10_log_distance_s02_w1,juelich,12345,2,2,log-distance,27,28,veh9,veh0,10,10,0,380.479,1,6.49789,8.03388,-78.2843,18.692,10,0.07,0.08,0.06
juelich_pilot_d30_r10_log_distance_s02_w1,juelich,12345,2,2,log-distance,27,28,veh9,veh1,10,10,0,202.934,1,6.49789,8.31716,-72.8244,24.1519,10,0.07,0.07,0.06
juelich_pilot_d30_r10_log_distance_s02_w1,juelich,12345,2,2,log-distance,27,28,veh9,veh10,10,10,0,176.572,1,6.49789,1.03947,-71.6158,25.3604,10,0.07,0.07,0.06
juelich_pilot_d30_r10_log_distance_s02_w1,juelich,12345,2,2,log-distance,27,28,veh9,veh4,10,10,0,183.236,1,6.49789,0,-71.9378,25.0385,10,0.07,0.07,0.06
juelich_pilot_d30_r10_log_distance_s02_w1,juelich,12345,2,2,log-distance,27,28,veh9,veh5,10,0,1,799.947,0,6.49789,7.45819,nan,nan,0,0.07,0.05,0.06
juelich_pilot_d30_r10_log_distance_s02_w1,juelich,12345,2,2,log-distance,27,28,veh9,veh6,10,10,0,190.393,1,6.49789,8.50334,-72.2707,24.7056,10,0.07,0.07,0.06
juelich_pilot_d30_r10_log_distance_s02_w1,juelich,12345,2,2,log-distance,27,28,veh9,veh7,10,0,1,939.538,0,6.49789,3.32645,nan,nan,0,0.07,0.05,0.06
juelich_pilot_d30_r10_log_distance_s02_w1,juelich,12345,2,2,log-distance,27,28,veh9,veh8,10,0,1,937.118,0,6.49789,7.12734,nan,nan,0,0.07,0.05,0.06
juelich_pilot_d30_r10_log_distance_s02_w1,juelich,12345,2,2,log-distance,28,29,veh0,veh1,10,10,0,574.683,0,8.03136,8.31165,-81.8662,15.11,10,0.08,0.07,0.0597273
juelich_pilot_d30_r10_log_distance_s02_w1,juelich,12345,2,2,log-distance,28,29,veh0,veh10,10,10,0,415.301,1,8.03136,3.10897,-79.0449,17.9314,10,0.08,0.07,0.0597273
juelich_pilot_d30_r10_log_distance_s02_w1,juelich,12345,2,2,log-distance,28,29,veh0,veh4,10,10,0,299.939,1,8.03136,0,-76.2182,20.7581,10,0.08,0.07,0.0597273
juelich_pilot_d30_r10_log_distance_s02_w1,juelich,12345,2,2,log-distance,28,29,veh0,veh5,10,10,0,479.354,1,8.03136,7.44968,-80.2905,16.6858,10,0.08,0.05,0.0597273
juelich_pilot_d30_r10_log_distance_s02_w1,juelich,12345,2,2,log-distance,28,29,veh0,veh6,10,10,0,431.938,1,8.03136,8.5139,-79.3861,17.5902,10,0.08,0.07,0.0597273
juelich_pilot_d30_r10_log_distance_s02_w1,juelich,12345,2,2,log-distance,28,29,veh0,veh7,10,0,1,793.268,0,8.03136,5.23959,nan,nan,0,0.08,0.05,0.0597273
juelich_pilot_d30_r10_log_distance_s02_w1,juelich,12345,2,2,log-distance,28,29,veh0,veh8,10,0,1,823.869,0,8.03136,7.14234,nan,nan,0,0.08,0.047,0.0597273
juelich_pilot_d30_r10_log_distance_s02_w1,juelich,12345,2,2,log-distance,28,29,veh0,veh9,10,10,0,380.314,1,8.03136,8.30223,-78.2806,18.6957,10,0.08,0.07,0.0597273
juelich_pilot_d30_r10_log_distance_s02_w1,juelich,12345,2,2,log-distance,28,29,veh1,veh0,10,10,0,574.683,0,8.31165,8.03136,-81.8662,15.11,10,0.07,0.08,0.0597273
juelich_pilot_d30_r10_log_distance_s02_w1,juelich,12345,2,2,log-distance,28,29,veh1,veh10,10,10,0,240.172,1,8.31165,3.10897,-74.288,22.6883,10,0.07,0.07,0.0597273
juelich_pilot_d30_r10_log_distance_s02_w1,juelich,12345,2,2,log-distance,28,29,veh1,veh4,10,10,0,325.777,1,8.31165,0,-76.9361,20.0402,10,0.07,0.07,0.0597273
juelich_pilot_d30_r10_log_distance_s02_w1,juelich,12345,2,2,log-distance,28,29,veh1,veh6,10,10,0,244.852,1,8.31165,8.5139,-74.4555,22.5208,10,0.07,0.07,0.0597273
juelich_pilot_d30_r10_log_distance_s02_w1,juelich,12345,2,2,log-distance,28,29,veh1,veh9,10,10,0,196.192,1,8.31165,8.30223,-72.5309,24.4454,10,0.07,0.07,0.0597273
juelich_pilot_d30_r10_log_distance_s02_w1,juelich,12345,2,2,log-distance,28,29,veh10,veh0,10,10,0,415.301,1,3.10897,8.03136,-79.0449,17.9314,10,0.07,0.08,0.0597273
juelich_pilot_d30_r10_log_distance_s02_w1,juelich,12345,2,2,log-distance,28,29,veh10,veh1,10,10,0,240.172,1,3.10897,8.31165,-74.288,22.6883,10,0.07,0.07,0.0597273
juelich_pilot_d30_r10_log_distance_s02_w1,juelich,12345,2,2,log-distance,28,29,veh10,veh4,10,10,0,116.988,1,3.10897,0,-68.0404,28.9359,10,0.07,0.07,0.0597273
juelich_pilot_d30_r10_log_distance_s02_w1,juelich,12345,2,2,log-distance,28,29,veh10,veh5,10,0,1,887.293,0,3.10897,7.44968,nan,nan,0,0.07,0.05,0.0597273
juelich_pilot_d30_r10_log_distance_s02_w1,juelich,12345,2,2,log-distance,28,29,veh10,veh6,10,10,0,21.4806,1,3.10897,8.5139,-53.2965,43.6797,10,0.07,0.07,0.0597273
juelich_pilot_d30_r10_log_distance_s02_w1,juelich,12345,2,2,log-distance,28,29,veh10,veh9,10,10,0,171.802,1,3.10897,8.30223,-71.378,25.5983,10,0.07,0.07,0.0597273
juelich_pilot_d30_r10_log_distance_s02_w1,juelich,12345,2,2,log-distance,28,29,veh2,veh3,10,10,0,81.5665,1,0,12.7531,-64.9003,32.076,10,0.04,0.04,0.0597273
juelich_pilot_d30_r10_log_distance_s02_w1,juelich,12345,2,2,log-distance,28,29,veh2,veh5,10,0,1,904.776,0,0,7.44968,nan,nan,0,0.04,0.05,0.0597273
juelich_pilot_d30_r10_log_distance_s02_w1,juelich,12345,2,2,log-distance,28,29,veh2,veh7,10,10,0,393.553,1,0,5.23959,-78.5777,18.3986,10,0.04,0.05,0.0597273
juelich_pilot_d30_r10_log_distance_s02_w1,juelich,12345,2,2,log-distance,28,29,veh2,veh8,10,10,0,351.686,1,0,7.14234,-77.6008,19.3755,10,0.04,0.047,0.0597273
juelich_pilot_d30_r10_log_distance_s02_w1,juelich,12345,2,2,log-distance,28,29,veh3,veh2,10,10,0,81.5665,1,12.7531,0,-64.9003,32.076,10,0.04,0.04,0.0597273
juelich_pilot_d30_r10_log_distance_s02_w1,juelich,12345,2,2,log-distance,28,29,veh3,veh5,10,0,1,867.797,0,12.7531,7.44968,nan,nan,0,0.04,0.05,0.0597273
juelich_pilot_d30_r10_log_distance_s02_w1,juelich,12345,2,2,log-distance,28,29,veh3,veh7,10,10,0,375.833,1,12.7531,5.23959,-78.1776,18.7987,10,0.04,0.05,0.0597273
juelich_pilot_d30_r10_log_distance_s02_w1,juelich,12345,2,2,log-distance,28,29,veh3,veh8,10,10,0,350.498,1,12.7531,7.14234,-77.5714,19.4049,10,0.04,0.047,0.0597273
juelich_pilot_d30_r10_log_distance_s02_w1,juelich,12345,2,2,log-distance,28,29,veh4,veh0,10,10,0,299.939,1,0,8.03136,-76.2182,20.7581,10,0.07,0.08,0.0597273
juelich_pilot_d30_r10_log_distance_s02_w1,juelich,12345,2,2,log-distance,28,29,veh4,veh1,10,10,0,325.777,1,0,8.31165,-76.9361,20.0402,10,0.07,0.07,0.0597273
juelich_pilot_d30_r10_log_distance_s02_w1,juelich,12345,2,2,log-distance,28,29,veh4,veh10,10,10,0,116.988,1,0,3.10897,-68.0404,28.9359,10,0.07,0.07,0.0597273
juelich_pilot_d30_r10_log_distance_s02_w1,juelich,12345,2,2,log-distance,28,29,veh4,veh5,10,0,1,775.514,0,0,7.44968,nan,nan,0,0.07,0.05,0.0597273
juelich_pilot_d30_r10_log_distance_s02_w1,juelich,12345,2,2,log-distance,28,29,veh4,veh6,10,10,0,132.27,1,0,8.5139,-69.1061,27.8702,10,0.07,0.07,0.0597273
juelich_pilot_d30_r10_log_distance_s02_w1,juelich,12345,2,2,log-distance,28,29,veh4,veh9,10,10,0,180.003,1,0,8.30223,-71.7832,25.1931,10,0.07,0.07,0.0597273
juelich_pilot_d30_r10_log_distance_s02_w1,juelich,12345,2,2,log-distance,28,29,veh5,veh0,10,10,0,479.354,1,7.44968,8.03136,-80.2905,4.43749,10,0.05,0.08,0.0597273
juelich_pilot_d30_r10_log_distance_s02_w1,juelich,12345,2,2,log-distance,28,29,veh5,veh10,10,0,1,887.293,0,7.44968,3.10897,nan,nan,0,0.05,0.07,0.0597273
juelich_pilot_d30_r10_log_distance_s02_w1,juelich,12345,2,2,log-distance,28,29,veh5,veh2,10,0,1,904.776,0,7.44968,0,nan,nan,0,0.05,0.04,0.0597273
juelich_pilot_d30_r10_log_distance_s02_w1,juelich,12345,2,2,log-distance,28,29,veh5,veh3,10,0,1,867.797,0,7.44968,12.7531,nan,nan,0,0.05,0.04,0.0597273
juelich_pilot_d30_r10_log_distance_s02_w1,juelich,12345,2,2,log-distance,28,29,veh5,veh4,10,0,1,775.514,0,7.44968,0,nan,nan,0,0.05,0.07,0.0597273
juelich_pilot_d30_r10_log_distance_s02_w1,juelich,12345,2,2,log-distance,28,29,veh5,veh6,10,0,1,905.533,0,7.44968,8.5139,nan,nan,0,0.05,0.07,0.0597273
juelich_pilot_d30_r10_log_distance_s02_w1,juelich,12345,2,2,log-distance,28,29,veh5,veh7,10,0,1,523.566,0,7.44968,5.23959,nan,nan,0,0.05,0.05,0.0597273
juelich_pilot_d30_r10_log_distance_s02_w1,juelich,12345,2,2,log-distance,28,29,veh5,veh8,10,0,1,592.836,0,7.44968,7.14234,nan,nan,0,0.05,0.047,0.0597273
juelich_pilot_d30_r10_log_distance_s02_w1,juelich,12345,2,2,log-distance,28,29,veh5,veh9,10,0,1,810.593,0,7.44968,8.30223,nan,nan,0,0.05,0.07,0.0597273
juelich_pilot_d30_r10_log_distance_s02_w1,juelich,12345,2,2,log-distance,28,29,veh6,veh0,10,10,0,431.938,1,8.5139,8.03136,-79.3861,17.5902,10,0.07,0.08,0.0597273
juelich_pilot_d30_r10_log_distance_s02_w1,juelich,12345,2,2,log-distance,28,29,veh6,veh1,10,10,0,244.852,1,8.5139,8.31165,-74.4555,22.5208,10,0.07,0.07,0.0597273
juelich_pilot_d30_r10_log_distance_s02_w1,juelich,12345,2,2,log-distance,28,29,veh6,veh10,10,10,0,21.4806,1,8.5139,3.10897,-53.2965,43.6797,10,0.07,0.07,0.0597273
juelich_pilot_d30_r10_log_distance_s02_w1,juelich,12345,2,2,log-distance,28,29,veh6,veh4,10,10,0,132.27,1,8.5139,0,-69.1061,27.8702,10,0.07,0.07,0.0597273
juelich_pilot_d30_r10_log_distance_s02_w1,juelich,12345,2,2,log-distance,28,29,veh6,veh5,10,0,1,905.533,0,8.5139,7.44968,nan,nan,0,0.07,0.05,0.0597273
juelich_pilot_d30_r10_log_distance_s02_w1,juelich,12345,2,2,log-distance,28,29,veh6,veh9,10,10,0,191.318,1,8.5139,8.30223,-72.3128,24.6635,10,0.07,0.07,0.0597273
juelich_pilot_d30_r10_log_distance_s02_w1,juelich,12345,2,2,log-distance,28,29,veh7,veh0,10,0,1,793.268,0,5.23959,8.03136,nan,nan,0,0.05,0.08,0.0597273
juelich_pilot_d30_r10_log_distance_s02_w1,juelich,12345,2,2,log-distance,28,29,veh7,veh2,10,10,0,393.553,1,5.23959,0,-78.5777,18.3986,10,0.05,0.04,0.0597273
juelich_pilot_d30_r10_log_distance_s02_w1,juelich,12345,2,2,log-distance,28,29,veh7,veh3,10,10,0,375.833,1,5.23959,12.7531,-78.1776,18.7987,10,0.05,0.04,0.0597273
juelich_pilot_d30_r10_log_distance_s02_w1,juelich,12345,2,2,log-distance,28,29,veh7,veh5,10,10,0,523.566,0,5.23959,7.44968,-81.057,15.9193,10,0.05,0.05,0.0597273
juelich_pilot_d30_r10_log_distance_s02_w1,juelich,12345,2,2,log-distance,28,29,veh7,veh8,10,10,0,82.3555,1,5.23959,7.14234,-64.9874,31.9888,10,0.05,0.047,0.0597273
juelich_pilot_d30_r10_log_distance_s02_w1,juelich,12345,2,2,log-distance,28,29,veh7,veh9,10,0,1,943.427,0,5.23959,8.30223,nan,nan,0,0.05,0.07,0.0597273
juelich_pilot_d30_r10_log_distance_s02_w1,juelich,12345,2,2,log-distance,28,29,veh8,veh0,10,0,1,823.869,0,7.14234,8.03136,nan,nan,0,0.047,0.08,0.0597273
juelich_pilot_d30_r10_log_distance_s02_w1,juelich,12345,2,2,log-distance,28,29,veh8,veh2,10,10,0,351.686,1,7.14234,0,-77.6008,7.88788,10,0.047,0.04,0.0597273
juelich_pilot_d30_r10_log_distance_s02_w1,juelich,12345,2,2,log-distance,28,29,veh8,veh3,10,10,0,350.498,1,7.14234,12.7531,-77.5714,7.57961,10,0.047,0.04,0.0597273
juelich_pilot_d30_r10_log_distance_s02_w1,juelich,12345,2,2,log-distance,28,29,veh8,veh5,10,0,1,592.836,0,7.14234,7.44968,nan,nan,0,0.047,0.05,0.0597273
juelich_pilot_d30_r10_log_distance_s02_w1,juelich,12345,2,2,log-distance,28,29,veh8,veh7,10,10,0,82.3555,1,7.14234,5.23959,-64.9874,15.9598,10,0.047,0.05,0.0597273
juelich_pilot_d30_r10_log_distance_s02_w1,juelich,12345,2,2,log-distance,28,29,veh8,veh9,10,0,1,940.951,0,7.14234,8.30223,nan,nan,0,0.047,0.07,0.0597273
juelich_pilot_d30_r10_log_distance_s02_w1,juelich,12345,2,2,log-distance,28,29,veh9,veh0,10,10,0,380.314,1,8.30223,8.03136,-78.2806,18.6957,10,0.07,0.08,0.0597273
juelich_pilot_d30_r10_log_distance_s02_w1,juelich,12345,2,2,log-distance,28,29,veh9,veh1,10,10,0,196.192,1,8.30223,8.31165,-72.5309,24.4454,10,0.07,0.07,0.0597273
juelich_pilot_d30_r10_log_distance_s02_w1,juelich,12345,2,2,log-distance,28,29,veh9,veh10,10,10,0,171.802,1,8.30223,3.10897,-71.378,25.5983,10,0.07,0.07,0.0597273
juelich_pilot_d30_r10_log_distance_s02_w1,juelich,12345,2,2,log-distance,28,29,veh9,veh4,10,10,0,180.003,1,8.30223,0,-71.7832,25.1931,10,0.07,0.07,0.0597273
juelich_pilot_d30_r10_log_distance_s02_w1,juelich,12345,2,2,log-distance,28,29,veh9,veh5,10,0,1,810.593,0,8.30223,7.44968,nan,nan,0,0.07,0.05,0.0597273
juelich_pilot_d30_r10_log_distance_s02_w1,juelich,12345,2,2,log-distance,28,29,veh9,veh6,10,10,0,191.318,1,8.30223,8.5139,-72.3128,24.6635,10,0.07,0.07,0.0597273
juelich_pilot_d30_r10_log_distance_s02_w1,juelich,12345,2,2,log-distance,28,29,veh9,veh7,10,0,1,943.427,0,8.30223,5.23959,nan,nan,0,0.07,0.05,0.0597273
juelich_pilot_d30_r10_log_distance_s02_w1,juelich,12345,2,2,log-distance,28,29,veh9,veh8,10,0,1,940.951,0,8.30223,7.14234,nan,nan,0,0.07,0.047,0.0597273
juelich_pilot_d30_r10_log_distance_s02_w1,juelich,12345,2,2,log-distance,29,30,veh0,veh1,10,10,0,570.041,0,8.03234,8.1695,-81.7958,15.1805,10,0.083,0.073,0.0621667
juelich_pilot_d30_r10_log_distance_s02_w1,juelich,12345,2,2,log-distance,29,30,veh0,veh10,10,10,0,412.331,1,8.03234,5.05793,-78.9826,17.9937,10,0.083,0.073,0.0621667
juelich_pilot_d30_r10_log_distance_s02_w1,juelich,12345,2,2,log-distance,29,30,veh0,veh11,3,3,0,529.795,0,8.0401,0.245876,-81.1599,15.8164,3,0.083,0.08,0.0621667
juelich_pilot_d30_r10_log_distance_s02_w1,juelich,12345,2,2,log-distance,29,30,veh0,veh4,10,10,0,293.535,1,8.03234,0,-76.0307,20.9456,10,0.083,0.073,0.0621667
juelich_pilot_d30_r10_log_distance_s02_w1,juelich,12345,2,2,log-distance,29,30,veh0,veh5,10,10,0,493.168,1,8.03234,7.46777,-80.5373,16.439,10,0.083,0.048,0.0621667
juelich_pilot_d30_r10_log_distance_s02_w1,juelich,12345,2,2,log-distance,29,30,veh0,veh6,10,10,0,432.282,1,8.03234,8.49832,-79.393,17.5832,10,0.083,0.073,0.0621667
juelich_pilot_d30_r10_log_distance_s02_w1,juelich,12345,2,2,log-distance,29,30,veh0,veh7,10,0,1,795.035,0,8.03234,6.98865,nan,nan,0,0.083,0.05,0.0621667
juelich_pilot_d30_r10_log_distance_s02_w1,juelich,12345,2,2,log-distance,29,30,veh0,veh8,10,0,1,830.569,0,8.03234,7.1385,nan,nan,0,0.083,0.04,0.0621667
juelich_pilot_d30_r10_log_distance_s02_w1,juelich,12345,2,2,log-distance,29,30,veh0,veh9,10,10,0,380.609,1,8.03234,8.6346,-78.2873,18.689,10,0.083,0.073,0.0621667
juelich_pilot_d30_r10_log_distance_s02_w1,juelich,12345,2,2,log-distance,29,30,veh1,veh0,10,10,0,570.041,0,8.1695,8.03234,-81.7958,15.1805,10,0.073,0.083,0.0621667
juelich_pilot_d30_r10_log_distance_s02_w1,juelich,12345,2,2,log-distance,29,30,veh1,veh10,10,10,0,245.575,1,8.1695,5.05793,-74.4812,22.4951,10,0.073,0.073,0.0621667
juelich_pilot_d30_r10_log_distance_s02_w1,juelich,12345,2,2,log-distance,29,30,veh1,veh11,3,3,0,39.758,1,7.75831,0.245876,-58.6661,38.3102,3,0.073,0.08,0.0621667
juelich_pilot_d30_r10_log_distance_s02_w1,juelich,12345,2,2,log-distance,29,30,veh1,veh4,10,10,0,328.125,1,8.1695,0,-76.9985,19.9778,10,0.073,0.073,0.0621667
juelich_pilot_d30_r10_log_distance_s02_w1,juelich,12345,2,2,log-distance,29,30,veh1,veh6,10,10,0,252.497,1,8.1695,8.49832,-74.7225,22.2538,10,0.073,0.073,0.0621667
juelich_pilot_d30_r10_log_distance_s02_w1,juelich,12345,2,2,log-distance,29,30,veh1,veh9,10,10,0,189.934,1,8.1695,8.6346,-72.2494,24.7269,10,0.073,0.073,0.0621667
juelich_pilot_d30_r10_log_distance_s02_w1,juelich,12345,2,2,log-distance,29,30,veh10,veh0,10,10,0,412.331,1,5.05793,8.03234,-78.9826,17.9937,10,0.073,0.083,0.0621667
juelich_pilot_d30_r10_log_distance_s02_w1,juelich,12345,2,2,log-distance,29,30,veh10,veh1,10,10,0,245.575,1,5.05793,8.1695,-74.4812,22.4951,10,0.073,0.073,0.0621667
juelich_pilot_d30_r10_log_distance_s02_w1,juelich,12345,2,2,log-distance,29,30,veh10,veh11,3,3,0,225.865,1,5.72471,0.245876,-73.7547,23.2216,3,0.073,0.08,0.0621667
juelich_pilot_d30_r10_log_distance_s02_w1,juelich,12345,2,2,log-distance,29,30,veh10,veh4,10,10,0,119.814,1,5.05793,0,-68.2475,28.7288,10,0.073,0.073,0.0621667
juelich_pilot_d30_r10_log_distance_s02_w1,juelich,12345,2,2,log-distance,29,30,veh10,veh5,10,0,1,896.854,0,5.05793,7.46777,nan,nan,0,0.073,0.048,0.0621667
juelich_pilot_d30_r10_log_distance_s02_w1,juelich,12345,2,2,log-distance,29,30,veh10,veh6,10,10,0,25.8115,1,5.05793,8.49832,-54.9079,42.0684,10,0.073,0.073,0.0621667
juelich_pilot_d30_r10_log_distance_s02_w1,juelich,12345,2,2,log-distance,29,30,veh10,veh9,10,10,0,167.911,1,5.05793,8.6346,-71.1792,25.7971,10,0.073,0.073,0.0621667
juelich_pilot_d30_r10_log_distance_s02_w1,juelich,12345,2,2,log-distance,29,30,veh11,veh0,3,3,0,529.795,0,0.245876,8.0401,-81.1599,15.8164,3,0.08,0.083,0.0621667
juelich_pilot_d30_r10_log_distance_s02_w1,juelich,12345,2,2,log-distance,29,30,veh11,veh1,3,3,0,39.758,1,0.245876,7.75831,-58.6661,38.3102,3,0.08,0.073,0.0621667
juelich_pilot_d30_r10_log_distance_s02_w1,juelich,12345,2,2,log-distance,29,30,veh11,veh10,3,3,0,225.865,1,0.245876,5.72471,-73.7547,23.2216,3,0.08,0.073,0.0621667
juelich_pilot_d30_r10_log_distance_s02_w1,juelich,12345,2,2,log-distance,29,30,veh11,veh4,3,3,0,297.194,1,0.245876,0,-76.1385,20.8378,3,0.08,0.073,0.0621667
juelich_pilot_d30_r10_log_distance_s02_w1,juelich,12345,2,2,log-distance,29,30,veh11,veh5,3,0,1,965.72,0,0.245876,7.47411,nan,nan,0,0.08,0.048,0.0621667
juelich_pilot_d30_r10_log_distance_s02_w1,juelich,12345,2,2,log-distance,29,30,veh11,veh6,3,3,0,237.141,1,0.245876,8.4931,-74.1778,22.7985,3,0.08,0.073,0.0621667
juelich_pilot_d30_r10_log_distance_s02_w1,juelich,12345,2,2,log-distance,29,30,veh11,veh9,3,3,0,149.075,1,0.245876,8.63634,-70.1458,26.8305,3,0.08,0.073,0.0621667
juelich_pilot_d30_r10_log_distance_s02_w1,juelich,12345,2,2,log-distance,29,30,veh2,veh3,10,10,0,69.8461,1,0,12.7273,-63.5508,33.4255,10,0.04,0.04,0.0621667
juelich_pilot_d30_r10_log_distance_s02_w1,juelich,12345,2,2,log-distance,29,30,veh2,veh5,10,0,1,898.892,0,0,7.46777,nan,nan,0,0.04,0.048,0.0621667
juelich_pilot_d30_r10_log_distance_s02_w1,juelich,12345,2,2,log-distance,29,30,veh2,veh7,10,10,0,399.677,1,0,6.98865,-78.7118,18.2645,10,0.04,0.05,0.0621667
juelich_pilot_d30_r10_log_distance_s02_w1,juelich,12345,2,2,log-distance,29,30,veh2,veh8,10,10,0,352.561,1,0,7.1385,-77.6224,19.3539,10,0.04,0.04,0.0621667
juelich_pilot_d30_r10_log_distance_s02_w1,juelich,12345,2,2,log-distance,29,30,veh3,veh2,10,10,0,69.8461,1,12.7273,0,-63.5508,33.4255,10,0.04,0.04,0.0621667
juelich_pilot_d30_r10_log_distance_s02_w1,juelich,12345,2,2,log-distance,29,30,veh3,veh5,10,0,1,862.23,0,12.7273,7.46777,nan,nan,0,0.04,0.048,0.0621667
juelich_pilot_d30_r10_log_distance_s02_w1,juelich,12345,2,2,log-distance,29,30,veh3,veh7,10,10,0,378.673,1,12.7273,6.98865,-78.2429,18.7333,10,0.04,0.05,0.0621667
juelich_pilot_d30_r10_log_distance_s02_w1,juelich,12345,2,2,log-distance,29,30,veh3,veh8,10,10,0,346.882,1,12.7273,7.1385,-77.4813,19.495,10,0.04,0.04,0.0621667
juelich_pilot_d30_r10_log_distance_s02_w1,juelich,12345,2,2,log-distance,29,30,veh4,veh0,10,10,0,293.535,1,0,8.03234,-76.0307,20.9456,10,0.073,0.083,0.0621667
juelich_pilot_d30_r10_log_distance_s02_w1,juelich,12345,2,2,log-distance,29,30,veh4,veh1,10,10,0,328.125,1,0,8.1695,-76.9985,19.9778,10,0.073,0.073,0.0621667
juelich_pilot_d30_r10_log_distance_s02_w1,juelich,12345,2,2,log-distance,29,30,veh4,veh10,10,10,0,119.814,1,0,5.05793,-68.2475,28.7288,10,0.073,0.073,0.0621667
juelich_pilot_d30_r10_log_distance_s02_w1,juelich,12345,2,2,log-distance,29,30,veh4,veh11,3,3,0,297.194,1,0,0.245876,-76.1385,20.8378,3,0.073,0.08,0.0621667
juelich_pilot_d30_r10_log_distance_s02_w1,juelich,12345,2,2,log-distance,29,30,veh4,veh5,10,0,1,781.705,0,0,7.46777,nan,nan,0,0.073,0.048,0.0621667
juelich_pilot_d30_r10_log_distance_s02_w1,juelich,12345,2,2,log-distance,29,30,veh4,veh6,10,10,0,138.774,1,0,8.49832,-69.5231,27.4532,10,0.073,0.073,0.0621667
juelich_pilot_d30_r10_log_distance_s02_w1,juelich,12345,2,2,log-distance,29,30,veh4,veh7,1,0,1,999.773,0,0,7.94943,nan,nan,0,0.073,0.05,0.0621667
juelich_pilot_d30_r10_log_distance_s02_w1,juelich,12345,2,2,log-distance,29,30,veh4,veh9,10,10,0,176.64,1,0,8.6346,-71.6194,25.3569,10,0.073,0.073,0.0621667
juelich_pilot_d30_r10_log_distance_s02_w1,juelich,12345,2,2,log-distance,29,30,veh5,veh0,10,10,0,493.168,1,7.46777,8.03234,-80.5373,4.25682,10,0.048,0.083,0.0621667
juelich_pilot_d30_r10_log_distance_s02_w1,juelich,12345,2,2,log-distance,29,30,veh5,veh10,10,0,1,896.854,0,7.46777,5.05793,nan,nan,0,0.048,0.073,0.0621667
juelich_pilot_d30_r10_log_distance_s02_w1,juelich,12345,2,2,log-distance,29,30,veh5,veh11,3,0,1,965.72,0,7.47411,0.245876,nan,nan,0,0.048,0.08,0.0621667
juelich_pilot_d30_r10_log_distance_s02_w1,juelich,12345,2,2,log-distance,29,30,veh5,veh2,10,0,1,898.892,0,7.46777,0,nan,nan,0,0.048,0.04,0.0621667
juelich_pilot_d30_r10_log_distance_s02_w1,juelich,12345,2,2,log-distance,29,30,veh5,veh3,10,0,1,862.23,0,7.46777,12.7273,nan,nan,0,0.048,0.04,0.0621667
juelich_pilot_d30_r10_log_distance_s02_w1,juelich,12345,2,2,log-distance,29,30,veh5,veh4,10,0,1,781.705,0,7.46777,0,nan,nan,0,0.048,0.073,0.0621667
juelich_pilot_d30_r10_log_distance_s02_w1,juelich,12345,2,2,log-distance,29,30,veh5,veh6,10,0,1,918.885,0,7.46777,8.49832,nan,nan,0,0.048,0.073,0.0621667
juelich_pilot_d30_r10_log_distance_s02_w1,juelich,12345,2,2,log-distance,29,30,veh5,veh7,10,0,1,512.82,0,7.46777,6.98865,nan,nan,0,0.048,0.05,0.0621667
juelich_pilot_d30_r10_log_distance_s02_w1,juelich,12345,2,2,log-distance,29,30,veh5,veh8,10,0,1,591.571,0,7.46777,7.1385,nan,nan,0,0.048,0.04,0.0621667
juelich_pilot_d30_r10_log_distance_s02_w1,juelich,12345,2,2,log-distance,29,30,veh5,veh9,10,0,1,822.159,0,7.46777,8.6346,nan,nan,0,0.048,0.073,0.0621667
juelich_pilot_d30_r10_log_distance_s02_w1,juelich,12345,2,2,log-distance,29,30,veh6,veh0,10,10,0,432.282,1,8.49832,8.03234,-79.393,17.5832,10,0.073,0.083,0.0621667
juelich_pilot_d30_r10_log_distance_s02_w1,juelich,12345,2,2,log-distance,29,30,veh6,veh1,10,10,0,252.497,1,8.49832,8.1695,-74.7225,22.2538,10,0.073,0.073,0.0621667
juelich_pilot_d30_r10_log_distance_s02_w1,juelich,12345,2,2,log-distance,29,30,veh6,veh10,10,10,0,25.8115,1,8.49832,5.05793,-54.9079,42.0684,10,0.073,0.073,0.0621667
juelich_pilot_d30_r10_log_distance_s02_w1,juelich,12345,2,2,log-distance,29,30,veh6,veh11,3,3,0,237.141,1,8.4931,0.245876,-74.1778,22.7985,3,0.073,0.08,0.0621667
juelich_pilot_d30_r10_log_distance_s02_w1,juelich,12345,2,2,log-distance,29,30,veh6,veh4,10,10,0,138.774,1,8.49832,0,-69.5231,27.4532,10,0.073,0.073,0.0621667
juelich_pilot_d30_r10_log_distance_s02_w1,juelich,12345,2,2,log-distance,29,30,veh6,veh5,10,0,1,918.885,0,8.49832,7.46777,nan,nan,0,0.073,0.048,0.0621667
juelich_pilot_d30_r10_log_distance_s02_w1,juelich,12345,2,2,log-distance,29,30,veh6,veh9,10,10,0,191.297,1,8.49832,8.6346,-72.3119,24.6644,10,0.073,0.073,0.0621667
juelich_pilot_d30_r10_log_distance_s02_w1,juelich,12345,2,2,log-distance,29,30,veh7,veh0,10,0,1,795.035,0,6.98865,8.03234,nan,nan,0,0.05,0.083,0.0621667
juelich_pilot_d30_r10_log_distance_s02_w1,juelich,12345,2,2,log-distance,29,30,veh7,veh2,10,10,0,399.677,1,6.98865,0,-78.7118,18.2645,10,0.05,0.04,0.0621667
juelich_pilot_d30_r10_log_distance_s02_w1,juelich,12345,2,2,log-distance,29,30,veh7,veh3,10,10,0,378.673,1,6.98865,12.7273,-78.2429,18.7333,10,0.05,0.04,0.0621667
juelich_pilot_d30_r10_log_distance_s02_w1,juelich,12345,2,2,log-distance,29,30,veh7,veh4,1,0,1,999.773,0,7.94943,0,nan,nan,0,0.05,0.073,0.0621667
juelich_pilot_d30_r10_log_distance_s02_w1,juelich,12345,2,2,log-distance,29,30,veh7,veh5,10,10,0,512.82,0,6.98865,7.46777,-80.8768,16.0995,10,0.05,0.048,0.0621667
juelich_pilot_d30_r10_log_distance_s02_w1,juelich,12345,2,2,log-distance,29,30,veh7,veh8,10,10,0,91.6227,1,6.98865,7.1385,-65.9137,31.0626,10,0.05,0.04,0.0621667
juelich_pilot_d30_r10_log_distance_s02_w1,juelich,12345,2,2,log-distance,29,30,veh7,veh9,10,0,1,946.902,0,6.98865,8.6346,nan,nan,0,0.05,0.073,0.0621667
juelich_pilot_d30_r10_log_distance_s02_w1,juelich,12345,2,2,log-distance,29,30,veh8,veh0,10,0,1,830.569,0,7.1385,8.03234,nan,nan,0,0.04,0.083,0.0621667
juelich_pilot_d30_r10_log_distance_s02_w1,juelich,12345,2,2,log-distance,29,30,veh8,veh2,10,10,0,352.561,1,7.1385,0,-77.6224,7.81361,10,0.04,0.04,0.0621667
juelich_pilot_d30_r10_log_distance_s02_w1,juelich,12345,2,2,log-distance,29,30,veh8,veh3,10,10,0,346.882,1,7.1385,12.7273,-77.4813,7.61743,10,0.04,0.04,0.0621667
juelich_pilot_d30_r10_log_distance_s02_w1,juelich,12345,2,2,log-distance,29,30,veh8,veh5,10,0,1,591.571,0,7.1385,7.46777,nan,nan,0,0.04,0.048,0.0621667
juelich_pilot_d30_r10_log_distance_s02_w1,juelich,12345,2,2,log-distance,29,30,veh8,veh7,10,10,0,91.6227,1,7.1385,6.98865,-65.9137,14.8578,10,0.04,0.05,0.0621667
juelich_pilot_d30_r10_log_distance_s02_w1,juelich,12345,2,2,log-distance,29,30,veh8,veh9,10,0,1,945.909,0,7.1385,8.6346,nan,nan,0,0.04,0.073,0.0621667
juelich_pilot_d30_r10_log_distance_s02_w1,juelich,12345,2,2,log-distance,29,30,veh9,veh0,10,10,0,380.609,1,8.6346,8.03234,-78.2873,18.689,10,0.073,0.083,0.0621667
juelich_pilot_d30_r10_log_distance_s02_w1,juelich,12345,2,2,log-distance,29,30,veh9,veh1,10,10,0,189.934,1,8.6346,8.1695,-72.2494,24.7269,10,0.073,0.073,0.0621667
juelich_pilot_d30_r10_log_distance_s02_w1,juelich,12345,2,2,log-distance,29,30,veh9,veh10,10,10,0,167.911,1,8.6346,5.05793,-71.1792,25.7971,10,0.073,0.073,0.0621667
juelich_pilot_d30_r10_log_distance_s02_w1,juelich,12345,2,2,log-distance,29,30,veh9,veh11,3,3,0,149.075,1,8.63634,0.245876,-70.1458,26.8305,3,0.073,0.08,0.0621667
juelich_pilot_d30_r10_log_distance_s02_w1,juelich,12345,2,2,log-distance,29,30,veh9,veh4,10,10,0,176.64,1,8.6346,0,-71.6194,25.3569,10,0.073,0.073,0.0621667
juelich_pilot_d30_r10_log_distance_s02_w1,juelich,12345,2,2,log-distance,29,30,veh9,veh5,10,0,1,822.159,0,8.6346,7.46777,nan,nan,0,0.073,0.048,0.0621667
juelich_pilot_d30_r10_log_distance_s02_w1,juelich,12345,2,2,log-distance,29,30,veh9,veh6,10,10,0,191.297,1,8.6346,8.49832,-72.3119,24.6644,10,0.073,0.073,0.0621667
juelich_pilot_d30_r10_log_distance_s02_w1,juelich,12345,2,2,log-distance,29,30,veh9,veh7,10,0,1,946.902,0,8.6346,6.98865,nan,nan,0,0.073,0.05,0.0621667
juelich_pilot_d30_r10_log_distance_s02_w1,juelich,12345,2,2,log-distance,29,30,veh9,veh8,10,0,1,945.909,0,8.6346,7.1385,nan,nan,0,0.073,0.04,0.0621667
juelich_pilot_d30_r10_log_distance_s02_w1,juelich,12345,2,2,log-distance,30,31,veh0,veh1,10,10,0,566.097,0,6.94454,7.37603,-81.7355,15.2408,10,0.09,0.08,0.065
juelich_pilot_d30_r10_log_distance_s02_w1,juelich,12345,2,2,log-distance,30,31,veh0,veh10,10,10,0,411.254,1,6.94454,6.93694,-78.9599,18.0164,10,0.09,0.08,0.065
juelich_pilot_d30_r10_log_distance_s02_w1,juelich,12345,2,2,log-distance,30,31,veh0,veh11,10,10,0,527.042,0,6.94454,1.71934,-81.1146,15.8617,10,0.09,0.08,0.065
juelich_pilot_d30_r10_log_distance_s02_w1,juelich,12345,2,2,log-distance,30,31,veh0,veh4,10,10,0,287.659,1,6.94454,0,-75.8551,21.1211,10,0.09,0.08,0.065
juelich_pilot_d30_r10_log_distance_s02_w1,juelich,12345,2,2,log-distance,30,31,veh0,veh5,10,10,0,506.566,0,6.94454,7.46993,-80.7702,16.2061,10,0.09,0.04,0.065
juelich_pilot_d30_r10_log_distance_s02_w1,juelich,12345,2,2,log-distance,30,31,veh0,veh6,10,10,0,432.702,1,6.94454,8.24329,-79.4015,17.5748,10,0.09,0.08,0.065
juelich_pilot_d30_r10_log_distance_s02_w1,juelich,12345,2,2,log-distance,30,31,veh0,veh7,10,0,1,794.384,0,6.94454,9.024,nan,nan,0,0.09,0.05,0.065
juelich_pilot_d30_r10_log_distance_s02_w1,juelich,12345,2,2,log-distance,30,31,veh0,veh8,10,0,1,836.765,0,6.94454,7.12961,nan,nan,0,0.09,0.04,0.065
juelich_pilot_d30_r10_log_distance_s02_w1,juelich,12345,2,2,log-distance,30,31,veh0,veh9,10,10,0,381.187,1,6.94454,8.65522,-78.3005,18.6758,10,0.09,0.08,0.065
juelich_pilot_d30_r10_log_distance_s02_w1,juelich,12345,2,2,log-distance,30,31,veh1,veh0,10,10,0,566.097,0,7.37603,6.94454,-81.7355,15.2408,10,0.08,0.09,0.065
juelich_pilot_d30_r10_log_distance_s02_w1,juelich,12345,2,2,log-distance,30,31,veh1,veh10,10,10,0,251.446,1,7.37603,6.93694,-74.6864,22.2899,10,0.08,0.08,0.065
juelich_pilot_d30_r10_log_distance_s02_w1,juelich,12345,2,2,log-distance,30,31,veh1,veh11,10,10,0,39.3784,1,7.37603,1.71934,-58.5828,38.3934,10,0.08,0.08,0.065
juelich_pilot_d30_r10_log_distance_s02_w1,juelich,12345,2,2,log-distance,30,31,veh1,veh4,10,10,0,330.384,1,7.37603,0,-77.0581,19.9182,10,0.08,0.08,0.065
juelich_pilot_d30_r10_log_distance_s02_w1,juelich,12345,2,2,log-distance,30,31,veh1,veh6,10,10,0,260.676,1,7.37603,8.24329,-74.9993,21.977,10,0.08,0.08,0.065
juelich_pilot_d30_r10_log_distance_s02_w1,juelich,12345,2,2,log-distance,30,31,veh1,veh9,10,10,0,184.949,1,7.37603,8.65522,-72.0185,24.9577,10,0.08,0.08,0.065
juelich_pilot_d30_r10_log_distance_s02_w1,juelich,12345,2,2,log-distance,30,31,veh10,veh0,10,10,0,411.254,1,6.93694,6.94454,-78.9599,18.0164,10,0.08,0.09,0.065
juelich_pilot_d30_r10_log_distance_s02_w1,juelich,12345,2,2,log-distance,30,31,veh10,veh1,10,10,0,251.446,1,6.93694,7.37603,-74.6864,22.2899,10,0.08,0.08,0.065
juelich_pilot_d30_r10_log_distance_s02_w1,juelich,12345,2,2,log-distance,30,31,veh10,veh11,10,10,0,226.719,1,6.93694,1.71934,-73.7875,23.1888,10,0.08,0.08,0.065
juelich_pilot_d30_r10_log_distance_s02_w1,juelich,12345,2,2,log-distance,30,31,veh10,veh4,10,10,0,124.06,1,6.93694,0,-68.5498,28.4265,10,0.08,0.08,0.065
juelich_pilot_d30_r10_log_distance_s02_w1,juelich,12345,2,2,log-distance,30,31,veh10,veh5,10,0,1,908.098,0,6.93694,7.46993,nan,nan,0,0.08,0.04,0.065
juelich_pilot_d30_r10_log_distance_s02_w1,juelich,12345,2,2,log-distance,30,31,veh10,veh6,10,10,0,28.0752,1,6.93694,8.24329,-55.6437,41.3326,10,0.08,0.08,0.065
juelich_pilot_d30_r10_log_distance_s02_w1,juelich,12345,2,2,log-distance,30,31,veh10,veh9,10,10,0,165.673,1,6.93694,8.65522,-71.0627,25.9136,10,0.08,0.08,0.065
juelich_pilot_d30_r10_log_distance_s02_w1,juelich,12345,2,2,log-distance,30,31,veh11,veh0,10,10,0,527.042,0,1.71934,6.94454,-81.1146,15.8617,10,0.08,0.09,0.065
juelich_pilot_d30_r10_log_distance_s02_w1,juelich,12345,2,2,log-distance,30,31,veh11,veh1,10,10,0,39.3784,1,1.71934,7.37603,-58.5828,38.3934,10,0.08,0.08,0.065
juelich_pilot_d30_r10_log_distance_s02_w1,juelich,12345,2,2,log-distance,30,31,veh11,veh10,10,10,0,226.719,1,1.71934,6.93694,-73.7875,23.1888,10,0.08,0.08,0.065
juelich_pilot_d30_r10_log_distance_s02_w1,juelich,12345,2,2,log-distance,30,31,veh11,veh4,10,10,0,296.38,1,1.71934,0,-76.1147,20.8616,10,0.08,0.08,0.065
juelich_pilot_d30_r10_log_distance_s02_w1,juelich,12345,2,2,log-distance,30,31,veh11,veh5,10,0,1,968.33,0,1.71934,7.46993,nan,nan,0,0.08,0.04,0.065
juelich_pilot_d30_r10_log_distance_s02_w1,juelich,12345,2,2,log-distance,30,31,veh11,veh6,10,10,0,239.321,1,1.71934,8.24329,-74.2573,22.719,10,0.08,0.08,0.065
juelich_pilot_d30_r10_log_distance_s02_w1,juelich,12345,2,2,log-distance,30,31,veh11,veh9,10,10,0,145.904,1,1.71934,8.65522,-69.9586,27.0177,10,0.08,0.08,0.065
juelich_pilot_d30_r10_log_distance_s02_w1,juelich,12345,2,2,log-distance,30,31,veh2,veh3,10,10,0,58.6172,1,0,12.7344,-62.0258,34.9505,10,0.04,0.04,0.065
juelich_pilot_d30_r10_log_distance_s02_w1,juelich,12345,2,2,log-distance,30,31,veh2,veh5,10,0,1,893.02,0,0,7.46993,nan,nan,0,0.04,0.04,0.065
juelich_pilot_d30_r10_log_distance_s02_w1,juelich,12345,2,2,log-distance,30,31,veh2,veh7,10,10,0,407.72,1,0,9.024,-78.8848,18.0915,10,0.04,0.05,0.065
juelich_pilot_d30_r10_log_distance_s02_w1,juelich,12345,2,2,log-distance,30,31,veh2,veh8,10,10,0,353.572,1,0,7.12961,-77.6473,19.329,10,0.04,0.04,0.065
juelich_pilot_d30_r10_log_distance_s02_w1,juelich,12345,2,2,log-distance,30,31,veh3,veh2,10,10,0,58.6172,1,12.7344,0,-62.0258,34.9505,10,0.04,0.04,0.065
juelich_pilot_d30_r10_log_distance_s02_w1,juelich,12345,2,2,log-distance,30,31,veh3,veh5,10,0,1,856.987,0,12.7344,7.46993,nan,nan,0,0.04,0.04,0.065
juelich_pilot_d30_r10_log_distance_s02_w1,juelich,12345,2,2,log-distance,30,31,veh3,veh7,10,10,0,383.883,1,12.7344,9.024,-78.3616,18.6147,10,0.04,0.05,0.065
juelich_pilot_d30_r10_log_distance_s02_w1,juelich,12345,2,2,log-distance,30,31,veh3,veh8,10,10,0,343.328,1,12.7344,7.12961,-77.3919,19.5844,10,0.04,0.04,0.065
juelich_pilot_d30_r10_log_distance_s02_w1,juelich,12345,2,2,log-distance,30,31,veh4,veh0,10,10,0,287.659,1,0,6.94454,-75.8551,21.1211,10,0.08,0.09,0.065
juelich_pilot_d30_r10_log_distance_s02_w1,juelich,12345,2,2,log-distance,30,31,veh4,veh1,10,10,0,330.384,1,0,7.37603,-77.0581,19.9182,10,0.08,0.08,0.065
juelich_pilot_d30_r10_log_distance_s02_w1,juelich,12345,2,2,log-distance,30,31,veh4,veh10,10,10,0,124.06,1,0,6.93694,-68.5498,28.4265,10,0.08,0.08,0.065
juelich_pilot_d30_r10_log_distance_s02_w1,juelich,12345,2,2,log-distance,30,31,veh4,veh11,10,10,0,296.38,1,0,1.71934,-76.1147,20.8616,10,0.08,0.08,0.065
juelich_pilot_d30_r10_log_distance_s02_w1,juelich,12345,2,2,log-distance,30,31,veh4,veh5,10,0,1,787.931,0,0,7.46993,nan,nan,0,0.08,0.04,0.065
juelich_pilot_d30_r10_log_distance_s02_w1,juelich,12345,2,2,log-distance,30,31,veh4,veh6,10,10,0,145.117,1,0,8.24329,-69.9115,27.0648,10,0.08,0.08,0.065
juelich_pilot_d30_r10_log_distance_s02_w1,juelich,12345,2,2,log-distance,30,31,veh4,veh7,10,0,1,995.465,0,0,9.024,nan,nan,0,0.08,0.05,0.065
juelich_pilot_d30_r10_log_distance_s02_w1,juelich,12345,2,2,log-distance,30,31,veh4,veh9,10,10,0,173.612,1,0,8.65522,-71.4692,25.5071,10,0.08,0.08,0.065
juelich_pilot_d30_r10_log_distance_s02_w1,juelich,12345,2,2,log-distance,30,31,veh5,veh0,10,10,0,506.566,0,7.46993,6.94454,-80.7702,4.08457,10,0.04,0.09,0.065
juelich_pilot_d30_r10_log_distance_s02_w1,juelich,12345,2,2,log-distance,30,31,veh5,veh10,10,0,1,908.098,0,7.46993,6.93694,nan,nan,0,0.04,0.08,0.065
juelich_pilot_d30_r10_log_distance_s02_w1,juelich,12345,2,2,log-distance,30,31,veh5,veh11,10,0,1,968.33,0,7.46993,1.71934,nan,nan,0,0.04,0.08,0.065
juelich_pilot_d30_r10_log_distance_s02_w1,juelich,12345,2,2,log-distance,30,31,veh5,veh2,10,0,1,893.02,0,7.46993,0,nan,nan,0,0.04,0.04,0.065
juelich_pilot_d30_r10_log_distance_s02_w1,juelich,12345,2,2,log-distance,30,31,veh5,veh3,10,0,1,856.987,0,7.46993,12.7344,nan,nan,0,0.04,0.04,0.065
juelich_pilot_d30_r10_log_distance_s02_w1,juelich,12345,2,2,log-distance,30,31,veh5,veh4,10,0,1,787.931,0,7.46993,0,nan,nan,0,0.04,0.08,0.065
juelich_pilot_d30_r10_log_distance_s02_w1,juelich,12345,2,2,log-distance,30,31,veh5,veh6,10,0,1,931.985,0,7.46993,8.24329,nan,nan,0,0.04,0.08,0.065
juelich_pilot_d30_r10_log_distance_s02_w1,juelich,12345,2,2,log-distance,30,31,veh5,veh7,10,0,1,500.456,0,7.46993,9.024,nan,nan,0,0.04,0.05,0.065
juelich_pilot_d30_r10_log_distance_s02_w1,juelich,12345,2,2,log-distance,30,31,veh5,veh8,10,0,1,590.548,0,7.46993,7.12961,nan,nan,0,0.04,0.04,0.065
juelich_pilot_d30_r10_log_distance_s02_w1,juelich,12345,2,2,log-distance,30,31,veh5,veh9,10,0,1,833.935,0,7.46993,8.65522,nan,nan,0,0.04,0.08,0.065
juelich_pilot_d30_r10_log_distance_s02_w1,juelich,12345,2,2,log-distance,30,31,veh6,veh0,10,10,0,432.702,1,8.24329,6.94454,-79.4015,17.5748,10,0.08,0.09,0.065
juelich_pilot_d30_r10_log_distance_s02_w1,juelich,12345,2,2,log-distance,30,31,veh6,veh1,10,10,0,260.676,1,8.24329,7.37603,-74.9993,21.977,10,0.08,0.08,0.065
juelich_pilot_d30_r10_log_distance_s02_w1,juelich,12345,2,2,log-distance,30,31,veh6,veh10,10,10,0,28.0752,1,8.24329,6.93694,-55.6437,41.3326,10,0.08,0.08,0.065
juelich_pilot_d30_r10_log_distance_s02_w1,juelich,12345,2,2,log-distance,30,31,veh6,veh11,10,10,0,239.321,1,8.24329,1.71934,-74.2573,22.719,10,0.08,0.08,0.065
juelich_pilot_d30_r10_log_distance_s02_w1,juelich,12345,2,2,log-distance,30,31,veh6,veh4,10,10,0,145.117,1,8.24329,0,-69.9115,27.0648,10,0.08,0.08,0.065
juelich_pilot_d30_r10_log_distance_s02_w1,juelich,12345,2,2,log-distance,30,31,veh6,veh5,10,0,1,931.985,0,8.24329,7.46993,nan,nan,0,0.08,0.04,0.065
juelich_pilot_d30_r10_log_distance_s02_w1,juelich,12345,2,2,log-distance,30,31,veh6,veh9,10,10,0,191.212,1,8.24329,8.65522,-72.308,24.6683,10,0.08,0.08,0.065
juelich_pilot_d30_r10_log_distance_s02_w1,juelich,12345,2,2,log-distance,30,31,veh7,veh0,10,0,1,794.384,0,9.024,6.94454,nan,nan,0,0.05,0.09,0.065
juelich_pilot_d30_r10_log_distance_s02_w1,juelich,12345,2,2,log-distance,30,31,veh7,veh2,10,10,0,407.72,1,9.024,0,-78.8848,18.0915,10,0.05,0.04,0.065
juelich_pilot_d30_r10_log_distance_s02_w1,juelich,12345,2,2,log-distance,30,31,veh7,veh3,10,10,0,383.883,1,9.024,12.7344,-78.3616,18.6147,10,0.05,0.04,0.065
juelich_pilot_d30_r10_log_distance_s02_w1,juelich,12345,2,2,log-distance,30,31,veh7,veh4,10,0,1,995.465,0,9.024,0,nan,nan,0,0.05,0.08,0.065
juelich_pilot_d30_r10_log_distance_s02_w1,juelich,12345,2,2,log-distance,30,31,veh7,veh5,10,10,0,500.456,0,9.024,7.46993,-80.6648,16.3115,10,0.05,0.04,0.065
juelich_pilot_d30_r10_log_distance_s02_w1,juelich,12345,2,2,log-distance,30,31,veh7,veh8,10,10,0,101.97,1,9.024,7.12961,-66.843,30.1333,10,0.05,0.04,0.065
juelich_pilot_d30_r10_log_distance_s02_w1,juelich,12345,2,2,log-distance,30,31,veh7,veh9,10,0,1,948.885,0,9.024,8.65522,nan,nan,0,0.05,0.08,0.065
juelich_pilot_d30_r10_log_distance_s02_w1,juelich,12345,2,2,log-distance,30,31,veh8,veh0,10,0,1,836.765,0,7.12961,6.94454,nan,nan,0,0.04,0.09,0.065
juelich_pilot_d30_r10_log_distance_s02_w1,juelich,12345,2,2,log-distance,30,31,veh8,veh2,10,10,0,353.572,1,7.12961,0,-77.6473,7.73578,10,0.04,0.04,0.065
juelich_pilot_d30_r10_log_distance_s02_w1,juelich,12345,2,2,log-distance,30,31,veh8,veh3,10,10,0,343.328,1,7.12961,12.7344,-77.3919,7.65731,10,0.04,0.04,0.065
juelich_pilot_d30_r10_log_distance_s02_w1,juelich,12345,2,2,log-distance,30,31,veh8,veh5,10,0,1,590.548,0,7.12961,7.46993,nan,nan,0,0.04,0.04,0.065
juelich_pilot_d30_r10_log_distance_s02_w1,juelich,12345,2,2,log-distance,30,31,veh8,veh7,10,10,0,101.97,1,7.12961,9.024,-66.843,13.7214,10,0.04,0.05,0.065
juelich_pilot_d30_r10_log_distance_s02_w1,juelich,12345,2,2,log-distance,30,31,veh8,veh9,10,0,1,950.986,0,7.12961,8.65522,nan,nan,0,0.04,0.08,0.065
juelich_pilot_d30_r10_log_distance_s02_w1,juelich,12345,2,2,log-distance,30,31,veh9,veh0,10,10,0,381.187,1,8.65522,6.94454,-78.3005,18.6758,10,0.08,0.09,0.065
juelich_pilot_d30_r10_log_distance_s02_w1,juelich,12345,2,2,log-distance,30,31,veh9,veh1,10,10,0,184.949,1,8.65522,7.37603,-72.0185,24.9577,10,0.08,0.08,0.065
juelich_pilot_d30_r10_log_distance_s02_w1,juelich,12345,2,2,log-distance,30,31,veh9,veh10,10,10,0,165.673,1,8.65522,6.93694,-71.0627,25.9136,10,0.08,0.08,0.065
juelich_pilot_d30_r10_log_distance_s02_w1,juelich,12345,2,2,log-distance,30,31,veh9,veh11,10,10,0,145.904,1,8.65522,1.71934,-69.9586,27.0177,10,0.08,0.08,0.065
juelich_pilot_d30_r10_log_distance_s02_w1,juelich,12345,2,2,log-distance,30,31,veh9,veh4,10,10,0,173.612,1,8.65522,0,-71.4692,25.5071,10,0.08,0.08,0.065
juelich_pilot_d30_r10_log_distance_s02_w1,juelich,12345,2,2,log-distance,30,31,veh9,veh5,10,0,1,833.935,0,8.65522,7.46993,nan,nan,0,0.08,0.04,0.065
juelich_pilot_d30_r10_log_distance_s02_w1,juelich,12345,2,2,log-distance,30,31,veh9,veh6,10,10,0,191.212,1,8.65522,8.24329,-72.308,24.6683,10,0.08,0.08,0.065
juelich_pilot_d30_r10_log_distance_s02_w1,juelich,12345,2,2,log-distance,30,31,veh9,veh7,10,0,1,948.885,0,8.65522,9.024,nan,nan,0,0.08,0.05,0.065
juelich_pilot_d30_r10_log_distance_s02_w1,juelich,12345,2,2,log-distance,30,31,veh9,veh8,10,0,1,950.986,0,8.65522,7.12961,nan,nan,0,0.08,0.04,0.065
juelich_pilot_d30_r10_log_distance_s02_w1,juelich,12345,2,2,log-distance,31,32,veh0,veh1,10,10,0,562.583,0,8.42952,8.3084,-81.6814,15.2949,10,0.09,0.08,0.065
juelich_pilot_d30_r10_log_distance_s02_w1,juelich,12345,2,2,log-distance,31,32,veh0,veh10,10,10,0,411.951,1,8.42952,8.47481,-78.9746,18.0017,10,0.09,0.08,0.065
juelich_pilot_d30_r10_log_distance_s02_w1,juelich,12345,2,2,log-distance,31,32,veh0,veh11,10,10,0,521.833,0,8.42952,3.76649,-81.0283,15.948,10,0.09,0.08,0.065
juelich_pilot_d30_r10_log_distance_s02_w1,juelich,12345,2,2,log-distance,31,32,veh0,veh4,10,10,0,282.228,1,8.42952,0,-75.6896,21.2867,10,0.09,0.08,0.065
juelich_pilot_d30_r10_log_distance_s02_w1,juelich,12345,2,2,log-distance,31,32,veh0,veh5,10,10,0,519.854,0,8.42952,7.49113,-80.9951,15.9812,10,0.09,0.04,0.065
juelich_pilot_d30_r10_log_distance_s02_w1,juelich,12345,2,2,log-distance,31,32,veh0,veh6,10,10,0,429.132,1,8.42952,8.14955,-79.3294,17.6469,10,0.09,0.08,0.065
juelich_pilot_d30_r10_log_distance_s02_w1,juelich,12345,2,2,log-distance,31,32,veh0,veh7,10,0,1,792.107,0,8.42952,10.7489,nan,nan,0,0.09,0.05,0.065
juelich_pilot_d30_r10_log_distance_s02_w1,juelich,12345,2,2,log-distance,31,32,veh0,veh8,10,0,1,843.251,0,8.42952,7.12109,nan,nan,0,0.09,0.04,0.065
juelich_pilot_d30_r10_log_distance_s02_w1,juelich,12345,2,2,log-distance,31,32,veh0,veh9,10,10,0,382.3,1,8.42952,8.62584,-78.3258,18.6505,10,0.09,0.08,0.065
juelich_pilot_d30_r10_log_distance_s02_w1,juelich,12345,2,2,log-distance,31,32,veh1,veh0,10,10,0,562.583,0,8.3084,8.42952,-81.6814,15.2949,10,0.08,0.09,0.065
juelich_pilot_d30_r10_log_distance_s02_w1,juelich,12345,2,2,log-distance,31,32,veh1,veh10,10,10,0,258.465,1,8.3084,8.47481,-74.9254,22.0508,10,0.08,0.08,0.065
juelich_pilot_d30_r10_log_distance_s02_w1,juelich,12345,2,2,log-distance,31,32,veh1,veh11,10,10,0,41.013,1,8.3084,3.76649,-58.9338,38.0425,10,0.08,0.08,0.065
juelich_pilot_d30_r10_log_distance_s02_w1,juelich,12345,2,2,log-distance,31,32,veh1,veh4,10,10,0,332.548,1,8.3084,0,-77.1148,19.8615,10,0.08,0.08,0.065
juelich_pilot_d30_r10_log_distance_s02_w1,juelich,12345,2,2,log-distance,31,32,veh1,veh6,10,10,0,272.295,1,8.3084,8.14955,-75.3776,21.5986,10,0.08,0.08,0.065
juelich_pilot_d30_r10_log_distance_s02_w1,juelich,12345,2,2,log-distance,31,32,veh1,veh9,10,10,0,180.778,1,8.3084,8.62584,-71.8205,25.1558,10,0.08,0.08,0.065
juelich_pilot_d30_r10_log_distance_s02_w1,juelich,12345,2,2,log-distance,31,32,veh10,veh0,10,10,0,411.951,1,8.47481,8.42952,-78.9746,18.0017,10,0.08,0.09,0.065
juelich_pilot_d30_r10_log_distance_s02_w1,juelich,12345,2,2,log-distance,31,32,veh10,veh1,10,10,0,258.465,1,8.47481,8.3084,-74.9254,22.0508,10,0.08,0.08,0.065
juelich_pilot_d30_r10_log_distance_s02_w1,juelich,12345,2,2,log-distance,31,32,veh10,veh11,10,10,0,227.324,1,8.47481,3.76649,-73.8106,23.1657,10,0.08,0.08,0.065
juelich_pilot_d30_r10_log_distance_s02_w1,juelich,12345,2,2,log-distance,31,32,veh10,veh4,10,10,0,129.815,1,8.47481,0,-68.9434,28.0329,10,0.08,0.08,0.065
juelich_pilot_d30_r10_log_distance_s02_w1,juelich,12345,2,2,log-distance,31,32,veh10,veh5,10,0,1,920.995,0,8.47481,7.49113,nan,nan,0,0.08,0.04,0.065
juelich_pilot_d30_r10_log_distance_s02_w1,juelich,12345,2,2,log-distance,31,32,veh10,veh6,10,10,0,26.6517,1,8.47481,8.14955,-55.1837,41.7926,10,0.08,0.08,0.065
juelich_pilot_d30_r10_log_distance_s02_w1,juelich,12345,2,2,log-distance,31,32,veh10,veh9,10,10,0,165.092,1,8.47481,8.62584,-71.0322,25.9441,10,0.08,0.08,0.065
juelich_pilot_d30_r10_log_distance_s02_w1,juelich,12345,2,2,log-distance,31,32,veh11,veh0,10,10,0,521.833,0,3.76649,8.42952,-81.0283,15.948,10,0.08,0.09,0.065
juelich_pilot_d30_r10_log_distance_s02_w1,juelich,12345,2,2,log-distance,31,32,veh11,veh1,10,10,0,41.013,1,3.76649,8.3084,-58.9338,38.0425,10,0.08,0.08,0.065
juelich_pilot_d30_r10_log_distance_s02_w1,juelich,12345,2,2,log-distance,31,32,veh11,veh10,10,10,0,227.324,1,3.76649,8.47481,-73.8106,23.1657,10,0.08,0.08,0.065
juelich_pilot_d30_r10_log_distance_s02_w1,juelich,12345,2,2,log-distance,31,32,veh11,veh4,10,10,0,293.535,1,3.76649,0,-76.0308,20.9455,10,0.08,0.08,0.065
juelich_pilot_d30_r10_log_distance_s02_w1,juelich,12345,2,2,log-distance,31,32,veh11,veh5,10,0,1,971.275,0,3.76649,7.49113,nan,nan,0,0.08,0.04,0.065
juelich_pilot_d30_r10_log_distance_s02_w1,juelich,12345,2,2,log-distance,31,32,veh11,veh6,10,10,0,243.606,1,3.76649,8.14955,-74.4113,22.565,10,0.08,0.08,0.065
juelich_pilot_d30_r10_log_distance_s02_w1,juelich,12345,2,2,log-distance,31,32,veh11,veh9,10,10,0,139.839,1,3.76649,8.62584,-69.5894,27.3869,10,0.08,0.08,0.065
juelich_pilot_d30_r10_log_distance_s02_w1,juelich,12345,2,2,log-distance,31,32,veh2,veh3,10,10,0,48.2593,1,0,12.6791,-60.3351,36.6412,10,0.04,0.04,0.065
juelich_pilot_d30_r10_log_distance_s02_w1,juelich,12345,2,2,log-distance,31,32,veh2,veh5,10,0,1,887.168,0,0,7.49113,nan,nan,0,0.04,0.04,0.065
juelich_pilot_d30_r10_log_distance_s02_w1,juelich,12345,2,2,log-distance,31,32,veh2,veh7,10,10,0,417.637,1,0,10.7489,-79.0934,17.8828,10,0.04,0.05,0.065
juelich_pilot_d30_r10_log_distance_s02_w1,juelich,12345,2,2,log-distance,31,32,veh2,veh8,10,10,0,354.723,1,0,7.12109,-77.6755,19.3008,10,0.04,0.04,0.065
juelich_pilot_d30_r10_log_distance_s02_w1,juelich,12345,2,2,log-distance,31,32,veh3,veh2,10,10,0,48.2593,1,12.6791,0,-60.3351,36.6412,10,0.04,0.04,0.065
juelich_pilot_d30_r10_log_distance_s02_w1,juelich,12345,2,2,log-distance,31,32,veh3,veh5,10,0,1,852.046,0,12.6791,7.49113,nan,nan,0,0.04,0.04,0.065
juelich_pilot_d30_r10_log_distance_s02_w1,juelich,12345,2,2,log-distance,31,32,veh3,veh7,10,10,0,391.388,1,12.6791,10.7489,-78.5297,18.4466,10,0.04,0.05,0.065
juelich_pilot_d30_r10_log_distance_s02_w1,juelich,12345,2,2,log-distance,31,32,veh3,veh8,10,10,0,339.821,1,12.6791,7.12109,-77.3027,19.6736,10,0.04,0.04,0.065
juelich_pilot_d30_r10_log_distance_s02_w1,juelich,12345,2,2,log-distance,31,32,veh4,veh0,10,10,0,282.228,1,0,8.42952,-75.6896,21.2867,10,0.08,0.09,0.065
juelich_pilot_d30_r10_log_distance_s02_w1,juelich,12345,2,2,log-distance,31,32,veh4,veh1,10,10,0,332.548,1,0,8.3084,-77.1148,19.8615,10,0.08,0.08,0.065
juelich_pilot_d30_r10_log_distance_s02_w1,juelich,12345,2,2,log-distance,31,32,veh4,veh10,10,10,0,129.815,1,0,8.47481,-68.9434,28.0329,10,0.08,0.08,0.065
juelich_pilot_d30_r10_log_distance_s02_w1,juelich,12345,2,2,log-distance,31,32,veh4,veh11,10,10,0,293.535,1,0,3.76649,-76.0308,20.9455,10,0.08,0.08,0.065
juelich_pilot_d30_r10_log_distance_s02_w1,juelich,12345,2,2,log-distance,31,32,veh4,veh5,10,0,1,794.183,0,0,7.49113,nan,nan,0,0.08,0.04,0.065
juelich_pilot_d30_r10_log_distance_s02_w1,juelich,12345,2,2,log-distance,31,32,veh4,veh6,10,10,0,147.436,1,0,8.14955,-70.0497,26.9266,10,0.08,0.08,0.065
juelich_pilot_d30_r10_log_distance_s02_w1,juelich,12345,2,2,log-distance,31,32,veh4,veh7,10,0,1,986.507,0,0,10.7489,nan,nan,0,0.08,0.05,0.065
juelich_pilot_d30_r10_log_distance_s02_w1,juelich,12345,2,2,log-distance,31,32,veh4,veh9,10,10,0,170.966,1,0,8.62584,-71.3358,25.6405,10,0.08,0.08,0.065
juelich_pilot_d30_r10_log_distance_s02_w1,juelich,12345,2,2,log-distance,31,32,veh5,veh0,10,0,1,519.854,0,7.49113,8.42952,nan,nan,0,0.04,0.09,0.065
juelich_pilot_d30_r10_log_distance_s02_w1,juelich,12345,2,2,log-distance,31,32,veh5,veh10,10,0,1,920.995,0,7.49113,8.47481,nan,nan,0,0.04,0.08,0.065
juelich_pilot_d30_r10_log_distance_s02_w1,juelich,12345,2,2,log-distance,31,32,veh5,veh11,10,0,1,971.275,0,7.49113,3.76649,nan,nan,0,0.04,0.08,0.065
juelich_pilot_d30_r10_log_distance_s02_w1,juelich,12345,2,2,log-distance,31,32,veh5,veh2,10,0,1,887.168,0,7.49113,0,nan,nan,0,0.04,0.04,0.065
juelich_pilot_d30_r10_log_distance_s02_w1,juelich,12345,2,2,log-distance,31,32,veh5,veh3,10,0,1,852.046,0,7.49113,12.6791,nan,nan,0,0.04,0.04,0.065
juelich_pilot_d30_r10_log_distance_s02_w1,juelich,12345,2,2,log-distance,31,32,veh5,veh4,10,0,1,794.183,0,7.49113,0,nan,nan,0,0.04,0.08,0.065
juelich_pilot_d30_r10_log_distance_s02_w1,juelich,12345,2,2,log-distance,31,32,veh5,veh6,10,0,1,941.122,0,7.49113,8.14955,nan,nan,0,0.04,0.08,0.065
juelich_pilot_d30_r10_log_distance_s02_w1,juelich,12345,2,2,log-distance,31,32,veh5,veh7,10,0,1,486.576,1,7.49113,10.7489,nan,nan,0,0.04,0.05,0.065
juelich_pilot_d30_r10_log_distance_s02_w1,juelich,12345,2,2,log-distance,31,32,veh5,veh8,10,0,1,589.766,0,7.49113,7.12109,nan,nan,0,0.04,0.04,0.065
juelich_pilot_d30_r10_log_distance_s02_w1,juelich,12345,2,2,log-distance,31,32,veh5,veh9,10,0,1,845.844,0,7.49113,8.62584,nan,nan,0,0.04,0.08,0.065
juelich_pilot_d30_r10_log_distance_s02_w1,juelich,12345,2,2,log-distance,31,32,veh6,veh0,10,10,0,429.132,1,8.14955,8.42952,-79.3294,17.6469,10,0.08,0.09,0.065
juelich_pilot_d30_r10_log_distance_s02_w1,juelich,12345,2,2,log-distance,31,32,veh6,veh1,10,10,0,272.295,1,8.14955,8.3084,-75.3776,21.5986,10,0.08,0.08,0.065
juelich_pilot_d30_r10_log_distance_s02_w1,juelich,12345,2,2,log-distance,31,32,veh6,veh10,10,10,0,26.6517,1,8.14955,8.47481,-55.1837,41.7926,10,0.08,0.08,0.065
juelich_pilot_d30_r10_log_distance_s02_w1,juelich,12345,2,2,log-distance,31,32,veh6,veh11,10,10,0,243.606,1,8.14955,3.76649,-74.4113,22.565,10,0.08,0.08,0.065
juelich_pilot_d30_r10_log_distance_s02_w1,juelich,12345,2,2,log-distance,31,32,veh6,veh4,10,10,0,147.436,1,8.14955,0,-70.0497,26.9266,10,0.08,0.08,0.065
juelich_pilot_d30_r10_log_distance_s02_w1,juelich,12345,2,2,log-distance,31,32,veh6,veh5,10,0,1,941.122,0,8.14955,7.49113,nan,nan,0,0.08,0.04,0.065
juelich_pilot_d30_r10_log_distance_s02_w1,juelich,12345,2,2,log-distance,31,32,veh6,veh9,10,10,0,190.652,1,8.14955,8.62584,-72.2825,24.6938,10,0.08,0.08,0.065
juelich_pilot_d30_r10_log_distance_s02_w1,juelich,12345,2,2,log-distance,31,32,veh7,veh0,10,0,1,792.107,0,10.7489,8.42952,nan,nan,0,0.05,0.09,0.065
juelich_pilot_d30_r10_log_distance_s02_w1,juelich,12345,2,2,log-distance,31,32,veh7,veh2,10,10,0,417.637,1,10.7489,0,-79.0934,17.8828,10,0.05,0.04,0.065
juelich_pilot_d30_r10_log_distance_s02_w1,juelich,12345,2,2,log-distance,31,32,veh7,veh3,10,10,0,391.388,1,10.7489,12.6791,-78.5297,18.4466,10,0.05,0.04,0.065
juelich_pilot_d30_r10_log_distance_s02_w1,juelich,12345,2,2,log-distance,31,32,veh7,veh4,10,0,1,986.507,0,10.7489,0,nan,nan,0,0.05,0.08,0.065
juelich_pilot_d30_r10_log_distance_s02_w1,juelich,12345,2,2,log-distance,31,32,veh7,veh5,10,10,0,486.576,1,10.7489,7.49113,-80.4204,16.5559,10,0.05,0.04,0.065
juelich_pilot_d30_r10_log_distance_s02_w1,juelich,12345,2,2,log-distance,31,32,veh7,veh8,10,10,0,113.472,1,10.7489,7.12109,-67.7714,29.2049,10,0.05,0.04,0.065
juelich_pilot_d30_r10_log_distance_s02_w1,juelich,12345,2,2,log-distance,31,32,veh7,veh9,10,0,1,949.343,0,10.7489,8.62584,nan,nan,0,0.05,0.08,0.065
juelich_pilot_d30_r10_log_distance_s02_w1,juelich,12345,2,2,log-distance,31,32,veh8,veh0,10,0,1,843.251,0,7.12109,8.42952,nan,nan,0,0.04,0.09,0.065
juelich_pilot_d30_r10_log_distance_s02_w1,juelich,12345,2,2,log-distance,31,32,veh8,veh2,10,10,0,354.723,1,7.12109,0,-77.6755,7.6544,10,0.04,0.04,0.065
juelich_pilot_d30_r10_log_distance_s02_w1,juelich,12345,2,2,log-distance,31,32,veh8,veh3,10,10,0,339.821,1,7.12109,12.6791,-77.3027,7.69948,10,0.04,0.04,0.065
juelich_pilot_d30_r10_log_distance_s02_w1,juelich,12345,2,2,log-distance,31,32,veh8,veh5,10,0,1,589.766,0,7.12109,7.49113,nan,nan,0,0.04,0.04,0.065
juelich_pilot_d30_r10_log_distance_s02_w1,juelich,12345,2,2,log-distance,31,32,veh8,veh7,10,10,0,113.472,1,7.12109,10.7489,-67.7714,12.554,10,0.04,0.05,0.065
juelich_pilot_d30_r10_log_distance_s02_w1,juelich,12345,2,2,log-distance,31,32,veh8,veh9,10,0,1,956.102,0,7.12109,8.62584,nan,nan,0,0.04,0.08,0.065
juelich_pilot_d30_r10_log_distance_s02_w1,juelich,12345,2,2,log-distance,31,32,veh9,veh0,10,10,0,382.3,1,8.62584,8.42952,-78.3258,18.6505,10,0.08,0.09,0.065
juelich_pilot_d30_r10_log_distance_s02_w1,juelich,12345,2,2,log-distance,31,32,veh9,veh1,10,10,0,180.778,1,8.62584,8.3084,-71.8205,25.1558,10,0.08,0.08,0.065
juelich_pilot_d30_r10_log_distance_s02_w1,juelich,12345,2,2,log-distance,31,32,veh9,veh10,10,10,0,165.092,1,8.62584,8.47481,-71.0322,25.9441,10,0.08,0.08,0.065
juelich_pilot_d30_r10_log_distance_s02_w1,juelich,12345,2,2,log-distance,31,32,veh9,veh11,10,10,0,139.839,1,8.62584,3.76649,-69.5894,27.3869,10,0.08,0.08,0.065
juelich_pilot_d30_r10_log_distance_s02_w1,juelich,12345,2,2,log-distance,31,32,veh9,veh4,10,10,0,170.966,1,8.62584,0,-71.3358,25.6405,10,0.08,0.08,0.065
juelich_pilot_d30_r10_log_distance_s02_w1,juelich,12345,2,2,log-distance,31,32,veh9,veh5,10,0,1,845.844,0,8.62584,7.49113,nan,nan,0,0.08,0.04,0.065
juelich_pilot_d30_r10_log_distance_s02_w1,juelich,12345,2,2,log-distance,31,32,veh9,veh6,10,10,0,190.652,1,8.62584,8.14955,-72.2825,24.6938,10,0.08,0.08,0.065
juelich_pilot_d30_r10_log_distance_s02_w1,juelich,12345,2,2,log-distance,31,32,veh9,veh7,10,0,1,949.343,0,8.62584,10.7489,nan,nan,0,0.08,0.05,0.065
juelich_pilot_d30_r10_log_distance_s02_w1,juelich,12345,2,2,log-distance,31,32,veh9,veh8,10,0,1,956.102,0,8.62584,7.12109,nan,nan,0,0.08,0.04,0.065
juelich_pilot_d30_r10_log_distance_s02_w1,juelich,12345,2,2,log-distance,32,33,veh0,veh1,10,10,0,561.022,0,9.45482,8.33361,-81.6573,15.319,10,0.096,0.086,0.0693846
juelich_pilot_d30_r10_log_distance_s02_w1,juelich,12345,2,2,log-distance,32,33,veh0,veh10,10,10,0,415.643,1,9.45482,8.52209,-79.052,17.9243,10,0.096,0.086,0.0693846
juelich_pilot_d30_r10_log_distance_s02_w1,juelich,12345,2,2,log-distance,32,33,veh0,veh11,10,10,0,518.341,0,9.45482,5.78753,-80.97,16.0063,10,0.096,0.086,0.0693846
juelich_pilot_d30_r10_log_distance_s02_w1,juelich,12345,2,2,log-distance,32,33,veh0,veh12,6,6,0,452.119,1,9.45145,0.587288,-79.7827,17.1935,6,0.096,0.08,0.0693846
juelich_pilot_d30_r10_log_distance_s02_w1,juelich,12345,2,2,log-distance,32,33,veh0,veh4,10,10,0,279.457,1,9.45482,0,-75.604,21.3723,10,0.096,0.086,0.0693846
juelich_pilot_d30_r10_log_distance_s02_w1,juelich,12345,2,2,log-distance,32,33,veh0,veh5,10,10,0,531.74,0,9.45482,7.46034,-81.1916,15.7847,10,0.096,0.04,0.0693846
juelich_pilot_d30_r10_log_distance_s02_w1,juelich,12345,2,2,log-distance,32,33,veh0,veh6,10,10,0,421.818,1,9.45482,8.45259,-79.1801,17.7961,10,0.096,0.086,0.0693846
juelich_pilot_d30_r10_log_distance_s02_w1,juelich,12345,2,2,log-distance,32,33,veh0,veh7,10,0,1,789.617,0,9.45482,11.1769,nan,nan,0,0.096,0.05,0.0693846
juelich_pilot_d30_r10_log_distance_s02_w1,juelich,12345,2,2,log-distance,32,33,veh0,veh8,10,0,1,851.078,0,9.45482,7.13008,nan,nan,0,0.096,0.04,0.0693846
juelich_pilot_d30_r10_log_distance_s02_w1,juelich,12345,2,2,log-distance,32,33,veh0,veh9,10,10,0,386.87,1,9.45482,8.62283,-78.4288,18.5474,10,0.096,0.086,0.0693846
juelich_pilot_d30_r10_log_distance_s02_w1,juelich,12345,2,2,log-distance,32,33,veh1,veh0,10,10,0,561.022,0,8.33361,9.45482,-81.6573,15.319,10,0.086,0.096,0.0693846
juelich_pilot_d30_r10_log_distance_s02_w1,juelich,12345,2,2,log-distance,32,33,veh1,veh10,10,10,0,264.781,1,8.33361,8.52209,-75.1353,21.841,10,0.086,0.086,0.0693846
juelich_pilot_d30_r10_log_distance_s02_w1,juelich,12345,2,2,log-distance,32,33,veh1,veh11,10,10,0,44.5621,1,8.33361,5.78753,-59.655,37.3213,10,0.086,0.086,0.0693846
juelich_pilot_d30_r10_log_distance_s02_w1,juelich,12345,2,2,log-distance,32,33,veh1,veh12,6,0,1,676.689,0,8.3292,0.587288,nan,nan,0,0.086,0.08,0.0693846
juelich_pilot_d30_r10_log_distance_s02_w1,juelich,12345,2,2,log-distance,32,33,veh1,veh4,10,10,0,332.911,1,8.33361,0,-77.1243,19.852,10,0.086,0.086,0.0693846
juelich_pilot_d30_r10_log_distance_s02_w1,juelich,12345,2,2,log-distance,32,33,veh1,veh6,10,10,0,283.918,1,8.33361,8.45259,-75.7412,21.2351,10,0.086,0.086,0.0693846
juelich_pilot_d30_r10_log_distance_s02_w1,juelich,12345,2,2,log-distance,32,33,veh1,veh9,10,10,0,176.011,1,8.33361,8.62283,-71.588,25.3882,10,0.086,0.086,0.0693846
juelich_pilot_d30_r10_log_distance_s02_w1,juelich,12345,2,2,log-distance,32,33,veh10,veh0,10,10,0,415.643,1,8.52209,9.45482,-79.052,17.9243,10,0.086,0.096,0.0693846
juelich_pilot_d30_r10_log_distance_s02_w1,juelich,12345,2,2,log-distance,32,33,veh10,veh1,10,10,0,264.781,1,8.52209,8.33361,-75.1353,21.841,10,0.086,0.086,0.0693846
juelich_pilot_d30_r10_log_distance_s02_w1,juelich,12345,2,2,log-distance,32,33,veh10,veh11,10,10,0,226.702,1,8.52209,5.78753,-73.7868,23.1895,10,0.086,0.086,0.0693846
juelich_pilot_d30_r10_log_distance_s02_w1,juelich,12345,2,2,log-distance,32,33,veh10,veh12,6,6,0,411.651,1,8.50962,0.587288,-78.9683,18.008,6,0.086,0.08,0.0693846
juelich_pilot_d30_r10_log_distance_s02_w1,juelich,12345,2,2,log-distance,32,33,veh10,veh4,10,10,0,136.248,1,8.52209,0,-69.3635,27.6128,10,0.086,0.086,0.0693846
juelich_pilot_d30_r10_log_distance_s02_w1,juelich,12345,2,2,log-distance,32,33,veh10,veh5,10,0,1,934.481,0,8.52209,7.46034,nan,nan,0,0.086,0.04,0.0693846
juelich_pilot_d30_r10_log_distance_s02_w1,juelich,12345,2,2,log-distance,32,33,veh10,veh6,10,10,0,22.892,1,8.52209,8.45259,-53.8678,43.1085,10,0.086,0.086,0.0693846
juelich_pilot_d30_r10_log_distance_s02_w1,juelich,12345,2,2,log-distance,32,33,veh10,veh9,10,10,0,165.058,1,8.52209,8.62283,-71.0304,25.9459,10,0.086,0.086,0.0693846
juelich_pilot_d30_r10_log_distance_s02_w1,juelich,12345,2,2,log-distance,32,33,veh11,veh0,10,10,0,518.341,0,5.78753,9.45482,-80.97,16.0063,10,0.086,0.096,0.0693846
juelich_pilot_d30_r10_log_distance_s02_w1,juelich,12345,2,2,log-distance,32,33,veh11,veh1,10,10,0,44.5621,1,5.78753,8.33361,-59.655,37.3213,10,0.086,0.086,0.0693846
juelich_pilot_d30_r10_log_distance_s02_w1,juelich,12345,2,2,log-distance,32,33,veh11,veh10,10,10,0,226.702,1,5.78753,8.52209,-73.7868,23.1895,10,0.086,0.086,0.0693846
juelich_pilot_d30_r10_log_distance_s02_w1,juelich,12345,2,2,log-distance,32,33,veh11,veh12,6,0,1,635.58,0,6.21672,0.587288,nan,nan,0,0.086,0.08,0.0693846
juelich_pilot_d30_r10_log_distance_s02_w1,juelich,12345,2,2,log-distance,32,33,veh11,veh4,10,10,0,288.659,1,5.78753,0,-75.8853,21.091,10,0.086,0.086,0.0693846
juelich_pilot_d30_r10_log_distance_s02_w1,juelich,12345,2,2,log-distance,32,33,veh11,veh5,10,0,1,972.869,0,5.78753,7.46034,nan,nan,0,0.086,0.04,0.0693846
juelich_pilot_d30_r10_log_distance_s02_w1,juelich,12345,2,2,log-distance,32,33,veh11,veh6,10,10,0,246.899,1,5.78753,8.45259,-74.5281,22.4482,10,0.086,0.086,0.0693846
juelich_pilot_d30_r10_log_distance_s02_w1,juelich,12345,2,2,log-distance,32,33,veh11,veh9,10,10,0,132.2,1,5.78753,8.62283,-69.1008,27.8754,10,0.086,0.086,0.0693846
juelich_pilot_d30_r10_log_distance_s02_w1,juelich,12345,2,2,log-distance,32,33,veh12,veh0,6,6,0,452.119,1,0.587288,9.45145,-79.7827,-0.0788581,6,0.08,0.096,0.0693846
juelich_pilot_d30_r10_log_distance_s02_w1,juelich,12345,2,2,log-distance,32,33,veh12,veh1,6,0,1,676.689,0,0.587288,8.3292,nan,nan,0,0.08,0.086,0.0693846
juelich_pilot_d30_r10_log_distance_s02_w1,juelich,12345,2,2,log-distance,32,33,veh12,veh10,6,6,0,411.651,1,0.587288,8.50962,-78.9683,4.60097,6,0.08,0.086,0.0693846
juelich_pilot_d30_r10_log_distance_s02_w1,juelich,12345,2,2,log-distance,32,33,veh12,veh11,6,0,1,635.58,0,0.587288,6.21672,nan,nan,0,0.08,0.086,0.0693846
juelich_pilot_d30_r10_log_distance_s02_w1,juelich,12345,2,2,log-distance,32,33,veh12,veh4,6,6,0,381.652,1,0.587288,0,-78.3111,4.16555,6,0.08,0.086,0.0693846
juelich_pilot_d30_r10_log_distance_s02_w1,juelich,12345,2,2,log-distance,32,33,veh12,veh5,6,0,1,935.289,0,0.587288,7.47003,nan,nan,0,0.08,0.04,0.0693846
juelich_pilot_d30_r10_log_distance_s02_w1,juelich,12345,2,2,log-distance,32,33,veh12,veh6,6,6,0,392.9,1,0.587288,8.49244,-78.5633,5.09851,6,0.08,0.086,0.0693846
juelich_pilot_d30_r10_log_distance_s02_w1,juelich,12345,2,2,log-distance,32,33,veh12,veh9,6,6,0,540.649,0,0.587288,8.61679,-81.336,1.31995,6,0.08,0.086,0.0693846
juelich_pilot_d30_r10_log_distance_s02_w1,juelich,12345,2,2,log-distance,32,33,veh2,veh3,10,10,0,40.209,1,0,11.2374,-58.7562,38.2201,10,0.04,0.04,0.0693846
juelich_pilot_d30_r10_log_distance_s02_w1,juelich,12345,2,2,log-distance,32,33,veh2,veh5,10,0,1,881.347,0,0,7.46034,nan,nan,0,0.04,0.04,0.0693846
juelich_pilot_d30_r10_log_distance_s02_w1,juelich,12345,2,2,log-distance,32,33,veh2,veh7,10,10,0,428.637,1,0,11.1769,-79.3193,17.657,10,0.04,0.05,0.0693846
juelich_pilot_d30_r10_log_distance_s02_w1,juelich,12345,2,2,log-distance,32,33,veh2,veh8,10,10,0,356.025,1,0,7.13008,-77.7073,19.269,10,0.04,0.04,0.0693846
juelich_pilot_d30_r10_log_distance_s02_w1,juelich,12345,2,2,log-distance,32,33,veh3,veh2,10,10,0,40.209,1,11.2374,0,-58.7562,38.2201,10,0.04,0.04,0.0693846
juelich_pilot_d30_r10_log_distance_s02_w1,juelich,12345,2,2,log-distance,32,33,veh3,veh5,10,0,1,846.81,0,11.2374,7.46034,nan,nan,0,0.04,0.04,0.0693846
juelich_pilot_d30_r10_log_distance_s02_w1,juelich,12345,2,2,log-distance,32,33,veh3,veh7,10,10,0,399.911,1,11.2374,11.1769,-78.7168,18.2595,10,0.04,0.05,0.0693846
juelich_pilot_d30_r10_log_distance_s02_w1,juelich,12345,2,2,log-distance,32,33,veh3,veh8,10,10,0,336.138,1,11.2374,7.13008,-77.208,19.7683,10,0.04,0.04,0.0693846
juelich_pilot_d30_r10_log_distance_s02_w1,juelich,12345,2,2,log-distance,32,33,veh4,veh0,10,10,0,279.457,1,0,9.45482,-75.604,21.3723,10,0.086,0.096,0.0693846
juelich_pilot_d30_r10_log_distance_s02_w1,juelich,12345,2,2,log-distance,32,33,veh4,veh1,10,10,0,332.911,1,0,8.33361,-77.1243,19.852,10,0.086,0.086,0.0693846
juelich_pilot_d30_r10_log_distance_s02_w1,juelich,12345,2,2,log-distance,32,33,veh4,veh10,10,10,0,136.248,1,0,8.52209,-69.3635,27.6128,10,0.086,0.086,0.0693846
juelich_pilot_d30_r10_log_distance_s02_w1,juelich,12345,2,2,log-distance,32,33,veh4,veh11,10,10,0,288.659,1,0,5.78753,-75.8853,21.091,10,0.086,0.086,0.0693846
juelich_pilot_d30_r10_log_distance_s02_w1,juelich,12345,2,2,log-distance,32,33,veh4,veh12,6,6,0,381.652,1,0,0.587288,-78.3111,18.6652,6,0.086,0.08,0.0693846
juelich_pilot_d30_r10_log_distance_s02_w1,juelich,12345,2,2,log-distance,32,33,veh4,veh5,10,0,1,800.449,0,0,7.46034,nan,nan,0,0.086,0.04,0.0693846
juelich_pilot_d30_r10_log_distance_s02_w1,juelich,12345,2,2,log-distance,32,33,veh4,veh6,10,10,0,143.964,1,0,8.45259,-69.8425,27.1338,10,0.086,0.086,0.0693846
juelich_pilot_d30_r10_log_distance_s02_w1,juelich,12345,2,2,log-distance,32,33,veh4,veh7,10,0,1,976.596,0,0,11.1769,nan,nan,0,0.086,0.05,0.0693846
juelich_pilot_d30_r10_log_distance_s02_w1,juelich,12345,2,2,log-distance,32,33,veh4,veh9,10,10,0,168.726,1,0,8.62283,-71.2213,25.755,10,0.086,0.086,0.0693846
juelich_pilot_d30_r10_log_distance_s02_w1,juelich,12345,2,2,log-distance,32,33,veh5,veh0,10,0,1,531.74,0,7.46034,9.45482,nan,nan,0,0.04,0.096,0.0693846
juelich_pilot_d30_r10_log_distance_s02_w1,juelich,12345,2,2,log-distance,32,33,veh5,veh10,10,0,1,934.481,0,7.46034,8.52209,nan,nan,0,0.04,0.086,0.0693846
juelich_pilot_d30_r10_log_distance_s02_w1,juelich,12345,2,2,log-distance,32,33,veh5,veh11,10,0,1,972.869,0,7.46034,5.78753,nan,nan,0,0.04,0.086,0.0693846
juelich_pilot_d30_r10_log_distance_s02_w1,juelich,12345,2,2,log-distance,32,33,veh5,veh12,6,0,1,935.289,0,7.47003,0.587288,nan,nan,0,0.04,0.08,0.0693846
juelich_pilot_d30_r10_log_distance_s02_w1,juelich,12345,2,2,log-distance,32,33,veh5,veh2,10,0,1,881.347,0,7.46034,0,nan,nan,0,0.04,0.04,0.0693846
juelich_pilot_d30_r10_log_distance_s02_w1,juelich,12345,2,2,log-distance,32,33,veh5,veh3,10,0,1,846.81,0,7.46034,11.2374,nan,nan,0,0.04,0.04,0.0693846
juelich_pilot_d30_r10_log_distance_s02_w1,juelich,12345,2,2,log-distance,32,33,veh5,veh4,10,0,1,800.449,0,7.46034,0,nan,nan,0,0.04,0.086,0.0693846
juelich_pilot_d30_r10_log_distance_s02_w1,juelich,12345,2,2,log-distance,32,33,veh5,veh6,10,0,1,944.291,0,7.46034,8.45259,nan,nan,0,0.04,0.086,0.0693846
juelich_pilot_d30_r10_log_distance_s02_w1,juelich,12345,2,2,log-distance,32,33,veh5,veh7,10,0,1,471.958,1,7.46034,11.1769,nan,nan,0,0.04,0.05,0.0693846
juelich_pilot_d30_r10_log_distance_s02_w1,juelich,12345,2,2,log-distance,32,33,veh5,veh8,10,0,1,589.227,0,7.46034,7.13008,nan,nan,0,0.04,0.04,0.0693846
juelich_pilot_d30_r10_log_distance_s02_w1,juelich,12345,2,2,log-distance,32,33,veh5,veh9,10,0,1,857.877,0,7.46034,8.62283,nan,nan,0,0.04,0.086,0.0693846
juelich_pilot_d30_r10_log_distance_s02_w1,juelich,12345,2,2,log-distance,32,33,veh6,veh0,10,10,0,421.818,1,8.45259,9.45482,-79.1801,17.7961,10,0.086,0.096,0.0693846
juelich_pilot_d30_r10_log_distance_s02_w1,juelich,12345,2,2,log-distance,32,33,veh6,veh1,10,10,0,283.918,1,8.45259,8.33361,-75.7412,21.2351,10,0.086,0.086,0.0693846
juelich_pilot_d30_r10_log_distance_s02_w1,juelich,12345,2,2,log-distance,32,33,veh6,veh10,10,10,0,22.892,1,8.45259,8.52209,-53.8678,43.1085,10,0.086,0.086,0.0693846
juelich_pilot_d30_r10_log_distance_s02_w1,juelich,12345,2,2,log-distance,32,33,veh6,veh11,10,10,0,246.899,1,8.45259,5.78753,-74.5281,22.4482,10,0.086,0.086,0.0693846
juelich_pilot_d30_r10_log_distance_s02_w1,juelich,12345,2,2,log-distance,32,33,veh6,veh12,6,6,0,392.9,1,8.49244,0.587288,-78.5633,18.413,6,0.086,0.08,0.0693846
juelich_pilot_d30_r10_log_distance_s02_w1,juelich,12345,2,2,log-distance,32,33,veh6,veh4,10,10,0,143.964,1,8.45259,0,-69.8425,27.1338,10,0.086,0.086,0.0693846
juelich_pilot_d30_r10_log_distance_s02_w1,juelich,12345,2,2,log-distance,32,33,veh6,veh5,10,0,1,944.291,0,8.45259,7.46034,nan,nan,0,0.086,0.04,0.0693846
juelich_pilot_d30_r10_log_distance_s02_w1,juelich,12345,2,2,log-distance,32,33,veh6,veh9,10,10,0,187.57,1,8.45259,8.62283,-72.1408,24.8355,10,0.086,0.086,0.0693846
juelich_pilot_d30_r10_log_distance_s02_w1,juelich,12345,2,2,log-distance,32,33,veh7,veh0,10,0,1,789.617,0,11.1769,9.45482,nan,nan,0,0.05,0.096,0.0693846
juelich_pilot_d30_r10_log_distance_s02_w1,juelich,12345,2,2,log-distance,32,33,veh7,veh2,10,10,0,428.637,1,11.1769,0,-79.3193,17.657,10,0.05,0.04,0.0693846
juelich_pilot_d30_r10_log_distance_s02_w1,juelich,12345,2,2,log-distance,32,33,veh7,veh3,10,10,0,399.911,1,11.1769,11.2374,-78.7168,18.2595,10,0.05,0.04,0.0693846
juelich_pilot_d30_r10_log_distance_s02_w1,juelich,12345,2,2,log-distance,32,33,veh7,veh4,10,0,1,976.596,0,11.1769,0,nan,nan,0,0.05,0.086,0.0693846
juelich_pilot_d30_r10_log_distance_s02_w1,juelich,12345,2,2,log-distance,32,33,veh7,veh5,10,10,0,471.958,1,11.1769,7.46034,-80.1554,16.8209,10,0.05,0.04,0.0693846
juelich_pilot_d30_r10_log_distance_s02_w1,juelich,12345,2,2,log-distance,32,33,veh7,veh8,10,10,0,125.76,1,11.1769,7.13008,-68.665,28.3112,10,0.05,0.04,0.0693846
juelich_pilot_d30_r10_log_distance_s02_w1,juelich,12345,2,2,log-distance,32,33,veh7,veh9,10,0,1,948.932,0,11.1769,8.62283,nan,nan,0,0.05,0.086,0.0693846
juelich_pilot_d30_r10_log_distance_s02_w1,juelich,12345,2,2,log-distance,32,33,veh8,veh0,10,0,1,851.078,0,7.13008,9.45482,nan,nan,0,0.04,0.096,0.0693846
juelich_pilot_d30_r10_log_distance_s02_w1,juelich,12345,2,2,log-distance,32,33,veh8,veh2,10,10,0,356.025,1,7.13008,0,-77.7073,7.56929,10,0.04,0.04,0.0693846
juelich_pilot_d30_r10_log_distance_s02_w1,juelich,12345,2,2,log-distance,32,33,veh8,veh3,10,10,0,336.138,1,7.13008,11.2374,-77.208,7.74396,10,0.04,0.04,0.0693846
juelich_pilot_d30_r10_log_distance_s02_w1,juelich,12345,2,2,log-distance,32,33,veh8,veh5,10,0,1,589.227,0,7.13008,7.46034,nan,nan,0,0.04,0.04,0.0693846
juelich_pilot_d30_r10_log_distance_s02_w1,juelich,12345,2,2,log-distance,32,33,veh8,veh7,10,10,0,125.76,1,7.13008,11.1769,-68.665,11.401,10,0.04,0.05,0.0693846
juelich_pilot_d30_r10_log_distance_s02_w1,juelich,12345,2,2,log-distance,32,33,veh8,veh9,10,0,1,961.237,0,7.13008,8.62283,nan,nan,0,0.04,0.086,0.0693846
juelich_pilot_d30_r10_log_distance_s02_w1,juelich,12345,2,2,log-distance,32,33,veh9,veh0,10,10,0,386.87,1,8.62283,9.45482,-78.4288,18.5474,10,0.086,0.096,0.0693846
juelich_pilot_d30_r10_log_distance_s02_w1,juelich,12345,2,2,log-distance,32,33,veh9,veh1,10,10,0,176.011,1,8.62283,8.33361,-71.588,25.3882,10,0.086,0.086,0.0693846
juelich_pilot_d30_r10_log_distance_s02_w1,juelich,12345,2,2,log-distance,32,33,veh9,veh10,10,10,0,165.058,1,8.62283,8.52209,-71.0304,25.9459,10,0.086,0.086,0.0693846
juelich_pilot_d30_r10_log_distance_s02_w1,juelich,12345,2,2,log-distance,32,33,veh9,veh11,10,10,0,132.2,1,8.62283,5.78753,-69.1008,27.8754,10,0.086,0.086,0.0693846
juelich_pilot_d30_r10_log_distance_s02_w1,juelich,12345,2,2,log-distance,32,33,veh9,veh12,6,6,0,540.649,0,8.61679,0.587288,-81.336,15.6403,6,0.086,0.08,0.0693846
juelich_pilot_d30_r10_log_distance_s02_w1,juelich,12345,2,2,log-distance,32,33,veh9,veh4,10,10,0,168.726,1,8.62283,0,-71.2213,25.755,10,0.086,0.086,0.0693846
juelich_pilot_d30_r10_log_distance_s02_w1,juelich,12345,2,2,log-distance,32,33,veh9,veh5,10,0,1,857.877,0,8.62283,7.46034,nan,nan,0,0.086,0.04,0.0693846
juelich_pilot_d30_r10_log_distance_s02_w1,juelich,12345,2,2,log-distance,32,33,veh9,veh6,10,10,0,187.57,1,8.62283,8.45259,-72.1408,24.8355,10,0.086,0.086,0.0693846
juelich_pilot_d30_r10_log_distance_s02_w1,juelich,12345,2,2,log-distance,32,33,veh9,veh7,10,0,1,948.932,0,8.62283,11.1769,nan,nan,0,0.086,0.05,0.0693846
juelich_pilot_d30_r10_log_distance_s02_w1,juelich,12345,2,2,log-distance,32,33,veh9,veh8,10,0,1,961.237,0,8.62283,7.13008,nan,nan,0,0.086,0.04,0.0693846
juelich_pilot_d30_r10_log_distance_s02_w1,juelich,12345,2,2,log-distance,33,34,veh0,veh1,10,10,0,561.409,0,9.7366,8.33198,-81.6633,15.313,10,0.1,0.09,0.0715385
juelich_pilot_d30_r10_log_distance_s02_w1,juelich,12345,2,2,log-distance,33,34,veh0,veh10,10,10,0,425.85,1,9.7366,8.40537,-79.2625,17.7137,10,0.1,0.09,0.0715385
juelich_pilot_d30_r10_log_distance_s02_w1,juelich,12345,2,2,log-distance,33,34,veh0,veh11,10,10,0,519.201,0,9.7366,7.25713,-80.9844,15.9919,10,0.1,0.09,0.0715385
juelich_pilot_d30_r10_log_distance_s02_w1,juelich,12345,2,2,log-distance,33,34,veh0,veh12,10,10,0,450.118,1,9.7366,2.22098,-79.7442,17.2321,10,0.1,0.08,0.0715385
juelich_pilot_d30_r10_log_distance_s02_w1,juelich,12345,2,2,log-distance,33,34,veh0,veh4,10,10,0,283.499,1,9.7366,0,-75.7286,21.2477,10,0.1,0.09,0.0715385
juelich_pilot_d30_r10_log_distance_s02_w1,juelich,12345,2,2,log-distance,33,34,veh0,veh5,10,10,0,537.684,0,9.7366,7.46069,-81.2882,15.6881,10,0.1,0.04,0.0715385
juelich_pilot_d30_r10_log_distance_s02_w1,juelich,12345,2,2,log-distance,33,34,veh0,veh6,10,10,0,419.959,1,9.7366,8.50648,-79.1418,17.8344,10,0.1,0.09,0.0715385
juelich_pilot_d30_r10_log_distance_s02_w1,juelich,12345,2,2,log-distance,33,34,veh0,veh7,10,0,1,783.436,0,9.7366,11.1643,nan,nan,0,0.1,0.05,0.0715385
juelich_pilot_d30_r10_log_distance_s02_w1,juelich,12345,2,2,log-distance,33,34,veh0,veh8,10,0,1,856.032,0,9.7366,7.12173,nan,nan,0,0.1,0.04,0.0715385
juelich_pilot_d30_r10_log_distance_s02_w1,juelich,12345,2,2,log-distance,33,34,veh0,veh9,10,10,0,397.541,1,9.7366,8.63431,-78.665,18.3113,10,0.1,0.09,0.0715385
juelich_pilot_d30_r10_log_distance_s02_w1,juelich,12345,2,2,log-distance,33,34,veh1,veh0,10,10,0,561.409,0,8.33198,9.7366,-81.6633,15.313,10,0.09,0.1,0.0715385
juelich_pilot_d30_r10_log_distance_s02_w1,juelich,12345,2,2,log-distance,33,34,veh1,veh10,10,10,0,265.181,1,8.33198,8.40537,-75.1485,21.8278,10,0.09,0.09,0.0715385
juelich_pilot_d30_r10_log_distance_s02_w1,juelich,12345,2,2,log-distance,33,34,veh1,veh11,10,10,0,45.5587,1,8.33198,7.25713,-59.849,37.1273,10,0.09,0.09,0.0715385
juelich_pilot_d30_r10_log_distance_s02_w1,juelich,12345,2,2,log-distance,33,34,veh1,veh12,10,0,1,673.655,0,8.33198,2.22098,nan,nan,0,0.09,0.08,0.0715385
juelich_pilot_d30_r10_log_distance_s02_w1,juelich,12345,2,2,log-distance,33,34,veh1,veh4,10,10,0,327.469,1,8.33198,0,-76.9809,19.9954,10,0.09,0.09,0.0715385
juelich_pilot_d30_r10_log_distance_s02_w1,juelich,12345,2,2,log-distance,33,34,veh1,veh6,10,10,0,288.733,1,8.33198,8.50648,-75.8876,21.0887,10,0.09,0.09,0.0715385
juelich_pilot_d30_r10_log_distance_s02_w1,juelich,12345,2,2,log-distance,33,34,veh1,veh9,10,10,0,167.442,1,8.33198,8.63431,-71.1537,25.8226,10,0.09,0.09,0.0715385
juelich_pilot_d30_r10_log_distance_s02_w1,juelich,12345,2,2,log-distance,33,34,veh10,veh0,10,10,0,425.85,1,8.40537,9.7366,-79.2625,17.7137,10,0.09,0.1,0.0715385
juelich_pilot_d30_r10_log_distance_s02_w1,juelich,12345,2,2,log-distance,33,34,veh10,veh1,10,10,0,265.181,1,8.40537,8.33198,-75.1485,21.8278,10,0.09,0.09,0.0715385
juelich_pilot_d30_r10_log_distance_s02_w1,juelich,12345,2,2,log-distance,33,34,veh10,veh11,10,10,0,224.916,1,8.40537,7.25713,-73.7181,23.2582,10,0.09,0.09,0.0715385
juelich_pilot_d30_r10_log_distance_s02_w1,juelich,12345,2,2,log-distance,33,34,veh10,veh12,10,10,0,410.294,1,8.40537,2.22098,-78.9396,18.0367,10,0.09,0.08,0.0715385
juelich_pilot_d30_r10_log_distance_s02_w1,juelich,12345,2,2,log-distance,33,34,veh10,veh4,10,10,0,142.821,1,8.40537,0,-69.7728,27.2034,10,0.09,0.09,0.0715385
juelich_pilot_d30_r10_log_distance_s02_w1,juelich,12345,2,2,log-distance,33,34,veh10,veh5,10,0,1,947.967,0,8.40537,7.46069,nan,nan,0,0.09,0.04,0.0715385
juelich_pilot_d30_r10_log_distance_s02_w1,juelich,12345,2,2,log-distance,33,34,veh10,veh6,10,10,0,23.792,1,8.40537,8.50648,-54.1975,42.7787,10,0.09,0.09,0.0715385
juelich_pilot_d30_r10_log_distance_s02_w1,juelich,12345,2,2,log-distance,33,34,veh10,veh9,10,10,0,165.011,1,8.40537,8.63431,-71.028,25.9483,10,0.09,0.09,0.0715385
juelich_pilot_d30_r10_log_distance_s02_w1,juelich,12345,2,2,log-distance,33,34,veh11,veh0,10,10,0,519.201,0,7.25713,9.7366,-80.9844,15.9919,10,0.09,0.1,0.0715385
juelich_pilot_d30_r10_log_distance_s02_w1,juelich,12345,2,2,log-distance,33,34,veh11,veh1,10,10,0,45.5587,1,7.25713,8.33198,-59.849,37.1273,10,0.09,0.09,0.0715385
juelich_pilot_d30_r10_log_distance_s02_w1,juelich,12345,2,2,log-distance,33,34,veh11,veh10,10,10,0,224.916,1,7.25713,8.40537,-73.7181,23.2582,10,0.09,0.09,0.0715385
juelich_pilot_d30_r10_log_distance_s02_w1,juelich,12345,2,2,log-distance,33,34,veh11,veh12,10,0,1,631.125,0,7.25713,2.22098,nan,nan,0,0.09,0.08,0.0715385
juelich_pilot_d30_r10_log_distance_s02_w1,juelich,12345,2,2,log-distance,33,34,veh11,veh4,10,10,0,281.913,1,7.25713,0,-75.6798,21.2965,10,0.09,0.09,0.0715385
juelich_pilot_d30_r10_log_distance_s02_w1,juelich,12345,2,2,log-distance,33,34,veh11,veh5,10,0,1,973.267,0,7.25713,7.46069,nan,nan,0,0.09,0.04,0.0715385
juelich_pilot_d30_r10_log_distance_s02_w1,juelich,12345,2,2,log-distance,33,34,veh11,veh6,10,10,0,248.4,1,7.25713,8.50648,-74.5807,22.3956,10,0.09,0.09,0.0715385
juelich_pilot_d30_r10_log_distance_s02_w1,juelich,12345,2,2,log-distance,33,34,veh11,veh9,10,10,0,123.086,1,7.25713,8.63431,-68.4797,28.4966,10,0.09,0.09,0.0715385
juelich_pilot_d30_r10_log_distance_s02_w1,juelich,12345,2,2,log-distance,33,34,veh12,veh0,10,10,0,450.118,1,2.22098,9.7366,-79.7442,0.0164892,10,0.08,0.1,0.0715385
juelich_pilot_d30_r10_log_distance_s02_w1,juelich,12345,2,2,log-distance,33,34,veh12,veh1,10,0,1,673.655,0,2.22098,8.33198,nan,nan,0,0.08,0.09,0.0715385
juelich_pilot_d30_r10_log_distance_s02_w1,juelich,12345,2,2,log-distance,33,34,veh12,veh10,10,10,0,410.294,1,2.22098,8.40537,-78.9396,4.69823,10,0.08,0.09,0.0715385
juelich_pilot_d30_r10_log_distance_s02_w1,juelich,12345,2,2,log-distance,33,34,veh12,veh11,10,0,1,631.125,0,2.22098,7.25713,nan,nan,0,0.08,0.09,0.0715385
juelich_pilot_d30_r10_log_distance_s02_w1,juelich,12345,2,2,log-distance,33,34,veh12,veh4,10,10,0,382.654,1,2.22098,0,-78.3338,4.16842,10,0.08,0.09,0.0715385
juelich_pilot_d30_r10_log_distance_s02_w1,juelich,12345,2,2,log-distance,33,34,veh12,veh5,10,0,1,942.398,0,2.22098,7.46069,nan,nan,0,0.08,0.04,0.0715385
juelich_pilot_d30_r10_log_distance_s02_w1,juelich,12345,2,2,log-distance,33,34,veh12,veh6,10,10,0,387.016,1,2.22098,8.50648,-78.4322,5.23232,10,0.08,0.09,0.0715385
juelich_pilot_d30_r10_log_distance_s02_w1,juelich,12345,2,2,log-distance,33,34,veh12,veh9,10,10,0,538.223,0,2.22098,8.63431,-81.2969,1.42696,10,0.08,0.09,0.0715385
juelich_pilot_d30_r10_log_distance_s02_w1,juelich,12345,2,2,log-distance,33,34,veh2,veh3,10,10,0,37.6667,1,0,7.28706,-58.1968,38.7795,10,0.04,0.04,0.0715385
juelich_pilot_d30_r10_log_distance_s02_w1,juelich,12345,2,2,log-distance,33,34,veh2,veh5,10,0,1,875.553,0,0,7.46069,nan,nan,0,0.04,0.04,0.0715385
juelich_pilot_d30_r10_log_distance_s02_w1,juelich,12345,2,2,log-distance,33,34,veh2,veh7,10,10,0,440.214,1,0,11.1643,-79.5507,17.4256,10,0.04,0.05,0.0715385
juelich_pilot_d30_r10_log_distance_s02_w1,juelich,12345,2,2,log-distance,33,34,veh2,veh8,10,10,0,357.551,1,0,7.12173,-77.7444,19.2318,10,0.04,0.04,0.0715385
juelich_pilot_d30_r10_log_distance_s02_w1,juelich,12345,2,2,log-distance,33,34,veh3,veh2,10,10,0,37.6667,1,7.28706,0,-58.1968,38.7795,10,0.04,0.04,0.0715385
juelich_pilot_d30_r10_log_distance_s02_w1,juelich,12345,2,2,log-distance,33,34,veh3,veh5,10,0,1,839.673,0,7.28706,7.46069,nan,nan,0,0.04,0.04,0.0715385
juelich_pilot_d30_r10_log_distance_s02_w1,juelich,12345,2,2,log-distance,33,34,veh3,veh7,10,10,0,407.976,1,7.28706,11.1643,-78.8902,18.0861,10,0.04,0.05,0.0715385
juelich_pilot_d30_r10_log_distance_s02_w1,juelich,12345,2,2,log-distance,33,34,veh3,veh8,10,10,0,332.544,1,7.28706,7.12173,-77.1147,19.8616,10,0.04,0.04,0.0715385
juelich_pilot_d30_r10_log_distance_s02_w1,juelich,12345,2,2,log-distance,33,34,veh4,veh0,10,10,0,283.499,1,0,9.7366,-75.7286,21.2477,10,0.09,0.1,0.0715385
juelich_pilot_d30_r10_log_distance_s02_w1,juelich,12345,2,2,log-distance,33,34,veh4,veh1,10,10,0,327.469,1,0,8.33198,-76.9809,19.9954,10,0.09,0.09,0.0715385
juelich_pilot_d30_r10_log_distance_s02_w1,juelich,12345,2,2,log-distance,33,34,veh4,veh10,10,10,0,142.821,1,0,8.40537,-69.7728,27.2034,10,0.09,0.09,0.0715385
juelich_pilot_d30_r10_log_distance_s02_w1,juelich,12345,2,2,log-distance,33,34,veh4,veh11,10,10,0,281.913,1,0,7.25713,-75.6798,21.2965,10,0.09,0.09,0.0715385
juelich_pilot_d30_r10_log_distance_s02_w1,juelich,12345,2,2,log-distance,33,34,veh4,veh12,10,10,0,382.654,1,0,2.22098,-78.3338,18.6425,10,0.09,0.08,0.0715385
juelich_pilot_d30_r10_log_distance_s02_w1,juelich,12345,2,2,log-distance,33,34,veh4,veh5,10,0,1,806.734,0,0,7.46069,nan,nan,0,0.09,0.04,0.0715385
juelich_pilot_d30_r10_log_distance_s02_w1,juelich,12345,2,2,log-distance,33,34,veh4,veh6,10,10,0,139.727,1,0,8.50648,-69.583,27.3933,10,0.09,0.09,0.0715385
juelich_pilot_d30_r10_log_distance_s02_w1,juelich,12345,2,2,log-distance,33,34,veh4,veh7,10,0,1,967.193,0,0,11.1643,nan,nan,0,0.09,0.05,0.0715385
juelich_pilot_d30_r10_log_distance_s02_w1,juelich,12345,2,2,log-distance,33,34,veh4,veh9,10,10,0,166.905,1,0,8.63431,-71.1271,25.8492,10,0.09,0.09,0.0715385
juelich_pilot_d30_r10_log_distance_s02_w1,juelich,12345,2,2,log-distance,33,34,veh5,veh0,10,0,1,537.684,0,7.46069,9.7366,nan,nan,0,0.04,0.1,0.0715385
juelich_pilot_d30_r10_log_distance_s02_w1,juelich,12345,2,2,log-distance,33,34,veh5,veh10,10,0,1,947.967,0,7.46069,8.40537,nan,nan,0,0.04,0.09,0.0715385
juelich_pilot_d30_r10_log_distance_s02_w1,juelich,12345,2,2,log-distance,33,34,veh5,veh11,10,0,1,973.267,0,7.46069,7.25713,nan,nan,0,0.04,0.09,0.0715385
juelich_pilot_d30_r10_log_distance_s02_w1,juelich,12345,2,2,log-distance,33,34,veh5,veh12,10,0,1,942.398,0,7.46069,2.22098,nan,nan,0,0.04,0.08,0.0715385
juelich_pilot_d30_r10_log_distance_s02_w1,juelich,12345,2,2,log-distance,33,34,veh5,veh2,10,0,1,875.553,0,7.46069,0,nan,nan,0,0.04,0.04,0.0715385
juelich_pilot_d30_r10_log_distance_s02_w1,juelich,12345,2,2,log-distance,33,34,veh5,veh3,10,0,1,839.673,0,7.46069,7.28706,nan,nan,0,0.04,0.04,0.0715385
juelich_pilot_d30_r10_log_distance_s02_w1,juelich,12345,2,2,log-distance,33,34,veh5,veh4,10,0,1,806.734,0,7.46069,0,nan,nan,0,0.04,0.09,0.0715385
juelich_pilot_d30_r10_log_distance_s02_w1,juelich,12345,2,2,log-distance,33,34,veh5,veh6,10,0,1,946.448,0,7.46069,8.50648,nan,nan,0,0.04,0.09,0.0715385
juelich_pilot_d30_r10_log_distance_s02_w1,juelich,12345,2,2,log-distance,33,34,veh5,veh7,10,0,1,456.274,1,7.46069,11.1643,nan,nan,0,0.04,0.05,0.0715385
juelich_pilot_d30_r10_log_distance_s02_w1,juelich,12345,2,2,log-distance,33,34,veh5,veh8,10,0,1,588.863,0,7.46069,7.12173,nan,nan,0,0.04,0.04,0.0715385
juelich_pilot_d30_r10_log_distance_s02_w1,juelich,12345,2,2,log-distance,33,34,veh5,veh9,10,0,1,870.043,0,7.46069,8.63431,nan,nan,0,0.04,0.09,0.0715385
juelich_pilot_d30_r10_log_distance_s02_w1,juelich,12345,2,2,log-distance,33,34,veh6,veh0,10,10,0,419.959,1,8.50648,9.7366,-79.1418,17.8344,10,0.09,0.1,0.0715385
juelich_pilot_d30_r10_log_distance_s02_w1,juelich,12345,2,2,log-distance,33,34,veh6,veh1,10,10,0,288.733,1,8.50648,8.33198,-75.8876,21.0887,10,0.09,0.09,0.0715385
juelich_pilot_d30_r10_log_distance_s02_w1,juelich,12345,2,2,log-distance,33,34,veh6,veh10,10,10,0,23.792,1,8.50648,8.40537,-54.1975,42.7787,10,0.09,0.09,0.0715385
juelich_pilot_d30_r10_log_distance_s02_w1,juelich,12345,2,2,log-distance,33,34,veh6,veh11,10,10,0,248.4,1,8.50648,7.25713,-74.5807,22.3956,10,0.09,0.09,0.0715385
juelich_pilot_d30_r10_log_distance_s02_w1,juelich,12345,2,2,log-distance,33,34,veh6,veh12,10,10,0,387.016,1,8.50648,2.22098,-78.4322,18.5441,10,0.09,0.08,0.0715385
juelich_pilot_d30_r10_log_distance_s02_w1,juelich,12345,2,2,log-distance,33,34,veh6,veh4,10,10,0,139.727,1,8.50648,0,-69.583,27.3933,10,0.09,0.09,0.0715385
juelich_pilot_d30_r10_log_distance_s02_w1,juelich,12345,2,2,log-distance,33,34,veh6,veh5,10,0,1,946.448,0,8.50648,7.46069,nan,nan,0,0.09,0.04,0.0715385
juelich_pilot_d30_r10_log_distance_s02_w1,juelich,12345,2,2,log-distance,33,34,veh6,veh9,10,10,0,184.398,1,8.50648,8.63431,-71.9928,24.9835,10,0.09,0.09,0.0715385
juelich_pilot_d30_r10_log_distance_s02_w1,juelich,12345,2,2,log-distance,33,34,veh7,veh0,10,0,1,783.436,0,11.1643,9.7366,nan,nan,0,0.05,0.1,0.0715385
juelich_pilot_d30_r10_log_distance_s02_w1,juelich,12345,2,2,log-distance,33,34,veh7,veh2,10,10,0,440.214,1,11.1643,0,-79.5507,17.4256,10,0.05,0.04,0.0715385
juelich_pilot_d30_r10_log_distance_s02_w1,juelich,12345,2,2,log-distance,33,34,veh7,veh3,10,10,0,407.976,1,11.1643,7.28706,-78.8902,18.0861,10,0.05,0.04,0.0715385
juelich_pilot_d30_r10_log_distance_s02_w1,juelich,12345,2,2,log-distance,33,34,veh7,veh4,10,0,1,967.193,0,11.1643,0,nan,nan,0,0.05,0.09,0.0715385
juelich_pilot_d30_r10_log_distance_s02_w1,juelich,12345,2,2,log-distance,33,34,veh7,veh5,10,10,0,456.274,1,11.1643,7.46069,-79.8617,17.1146,10,0.05,0.04,0.0715385
juelich_pilot_d30_r10_log_distance_s02_w1,juelich,12345,2,2,log-distance,33,34,veh7,veh8,10,10,0,139.882,1,11.1643,7.12173,-69.5878,27.3885,10,0.05,0.04,0.0715385
juelich_pilot_d30_r10_log_distance_s02_w1,juelich,12345,2,2,log-distance,33,34,veh7,veh9,10,0,1,949.36,0,11.1643,8.63431,nan,nan,0,0.05,0.09,0.0715385
juelich_pilot_d30_r10_log_distance_s02_w1,juelich,12345,2,2,log-distance,33,34,veh8,veh0,10,0,1,856.032,0,7.12173,9.7366,nan,nan,0,0.04,0.1,0.0715385
juelich_pilot_d30_r10_log_distance_s02_w1,juelich,12345,2,2,log-distance,33,34,veh8,veh2,10,10,0,357.551,1,7.12173,0,-77.7444,7.4787,10,0.04,0.04,0.0715385
juelich_pilot_d30_r10_log_distance_s02_w1,juelich,12345,2,2,log-distance,33,34,veh8,veh3,10,10,0,332.544,1,7.12173,7.28706,-77.1147,7.76838,10,0.04,0.04,0.0715385
juelich_pilot_d30_r10_log_distance_s02_w1,juelich,12345,2,2,log-distance,33,34,veh8,veh5,10,0,1,588.863,0,7.12173,7.46069,nan,nan,0,0.04,0.04,0.0715385
juelich_pilot_d30_r10_log_distance_s02_w1,juelich,12345,2,2,log-distance,33,34,veh8,veh7,10,10,0,139.882,1,7.12173,11.1643,-69.5878,10.1903,10,0.04,0.05,0.0715385
juelich_pilot_d30_r10_log_distance_s02_w1,juelich,12345,2,2,log-distance,33,34,veh8,veh9,10,0,1,966.342,0,7.12173,8.63431,nan,nan,0,0.04,0.09,0.0715385
juelich_pilot_d30_r10_log_distance_s02_w1,juelich,12345,2,2,log-distance,33,34,veh9,veh0,10,10,0,397.541,1,8.63431,9.7366,-78.665,18.3113,10,0.09,0.1,0.0715385
juelich_pilot_d30_r10_log_distance_s02_w1,juelich,12345,2,2,log-distance,33,34,veh9,veh1,10,10,0,167.442,1,8.63431,8.33198,-71.1537,25.8226,10,0.09,0.09,0.0715385
juelich_pilot_d30_r10_log_distance_s02_w1,juelich,12345,2,2,log-distance,33,34,veh9,veh10,10,10,0,165.011,1,8.63431,8.40537,-71.028,25.9483,10,0.09,0.09,0.0715385
juelich_pilot_d30_r10_log_distance_s02_w1,juelich,12345,2,2,log-distance,33,34,veh9,veh11,10,10,0,123.086,1,8.63431,7.25713,-68.4797,28.4966,10,0.09,0.09,0.0715385
juelich_pilot_d30_r10_log_distance_s02_w1,juelich,12345,2,2,log-distance,33,34,veh9,veh12,10,10,0,538.223,0,8.63431,2.22098,-81.2969,15.6794,10,0.09,0.08,0.0715385
juelich_pilot_d30_r10_log_distance_s02_w1,juelich,12345,2,2,log-distance,33,34,veh9,veh4,10,10,0,166.905,1,8.63431,0,-71.1271,25.8492,10,0.09,0.09,0.0715385
juelich_pilot_d30_r10_log_distance_s02_w1,juelich,12345,2,2,log-distance,33,34,veh9,veh5,10,0,1,870.043,0,8.63431,7.46069,nan,nan,0,0.09,0.04,0.0715385
juelich_pilot_d30_r10_log_distance_s02_w1,juelich,12345,2,2,log-distance,33,34,veh9,veh6,10,10,0,184.398,1,8.63431,8.50648,-71.9928,24.9835,10,0.09,0.09,0.0715385
juelich_pilot_d30_r10_log_distance_s02_w1,juelich,12345,2,2,log-distance,33,34,veh9,veh7,10,0,1,949.36,0,8.63431,11.1643,nan,nan,0,0.09,0.05,0.0715385
juelich_pilot_d30_r10_log_distance_s02_w1,juelich,12345,2,2,log-distance,33,34,veh9,veh8,10,0,1,966.342,0,8.63431,7.12173,nan,nan,0,0.09,0.04,0.0715385
juelich_pilot_d30_r10_log_distance_s02_w1,juelich,12345,2,2,log-distance,34,35,veh0,veh1,10,10,0,562.546,0,11.4348,8.33543,-81.6809,15.2954,10,0.1,0.09,0.0715385
juelich_pilot_d30_r10_log_distance_s02_w1,juelich,12345,2,2,log-distance,34,35,veh0,veh10,10,10,0,435.387,1,11.4348,8.16841,-79.4552,17.5211,10,0.1,0.09,0.0715385
juelich_pilot_d30_r10_log_distance_s02_w1,juelich,12345,2,2,log-distance,34,35,veh0,veh11,10,10,0,521.282,0,11.4348,7.3224,-81.0191,15.9571,10,0.1,0.09,0.0715385
juelich_pilot_d30_r10_log_distance_s02_w1,juelich,12345,2,2,log-distance,34,35,veh0,veh12,10,10,0,449.199,1,11.4348,4.12533,-79.7265,17.2498,10,0.1,0.08,0.0715385
juelich_pilot_d30_r10_log_distance_s02_w1,juelich,12345,2,2,log-distance,34,35,veh0,veh4,10,10,0,289.432,1,11.4348,0,-75.9085,21.0678,10,0.1,0.09,0.0715385
juelich_pilot_d30_r10_log_distance_s02_w1,juelich,12345,2,2,log-distance,34,35,veh0,veh5,10,10,0,542.479,0,11.4348,7.0239,-81.3653,15.611,10,0.1,0.04,0.0715385
juelich_pilot_d30_r10_log_distance_s02_w1,juelich,12345,2,2,log-distance,34,35,veh0,veh6,10,10,0,419.688,1,11.4348,8.50205,-79.1362,17.8401,10,0.1,0.09,0.0715385
juelich_pilot_d30_r10_log_distance_s02_w1,juelich,12345,2,2,log-distance,34,35,veh0,veh7,10,0,1,776.742,0,11.4348,11.1839,nan,nan,0,0.1,0.05,0.0715385
juelich_pilot_d30_r10_log_distance_s02_w1,juelich,12345,2,2,log-distance,34,35,veh0,veh8,10,0,1,861.045,0,11.4348,7.11268,nan,nan,0,0.1,0.04,0.0715385
juelich_pilot_d30_r10_log_distance_s02_w1,juelich,12345,2,2,log-distance,34,35,veh0,veh9,10,10,0,409.943,1,11.4348,8.62573,-78.9318,18.0444,10,0.1,0.09,0.0715385
juelich_pilot_d30_r10_log_distance_s02_w1,juelich,12345,2,2,log-distance,34,35,veh1,veh0,10,10,0,562.546,0,8.33543,11.4348,-81.6809,15.2954,10,0.09,0.1,0.0715385
juelich_pilot_d30_r10_log_distance_s02_w1,juelich,12345,2,2,log-distance,34,35,veh1,veh10,10,10,0,263.288,1,8.33543,8.16841,-75.0863,21.89,10,0.09,0.09,0.0715385
juelich_pilot_d30_r10_log_distance_s02_w1,juelich,12345,2,2,log-distance,34,35,veh1,veh11,10,10,0,44.5903,1,8.33543,7.3224,-59.6623,37.314,10,0.09,0.09,0.0715385
juelich_pilot_d30_r10_log_distance_s02_w1,juelich,12345,2,2,log-distance,34,35,veh1,veh12,10,0,1,667.884,0,8.33543,4.12533,nan,nan,0,0.09,0.08,0.0715385
juelich_pilot_d30_r10_log_distance_s02_w1,juelich,12345,2,2,log-distance,34,35,veh1,veh4,10,10,0,319.188,1,8.33543,0,-76.7584,20.2179,10,0.09,0.09,0.0715385
juelich_pilot_d30_r10_log_distance_s02_w1,juelich,12345,2,2,log-distance,34,35,veh1,veh6,10,10,0,289.065,1,8.33543,8.50205,-75.8976,21.0787,10,0.09,0.09,0.0715385
juelich_pilot_d30_r10_log_distance_s02_w1,juelich,12345,2,2,log-distance,34,35,veh1,veh9,10,10,0,157.552,1,8.33543,8.62573,-70.6248,26.3515,10,0.09,0.09,0.0715385
juelich_pilot_d30_r10_log_distance_s02_w1,juelich,12345,2,2,log-distance,34,35,veh10,veh0,10,10,0,435.387,1,8.16841,11.4348,-79.4552,17.5211,10,0.09,0.1,0.0715385
juelich_pilot_d30_r10_log_distance_s02_w1,juelich,12345,2,2,log-distance,34,35,veh10,veh1,10,10,0,263.288,1,8.16841,8.33543,-75.0863,21.89,10,0.09,0.09,0.0715385
juelich_pilot_d30_r10_log_distance_s02_w1,juelich,12345,2,2,log-distance,34,35,veh10,veh11,10,10,0,224.525,1,8.16841,7.3224,-73.703,23.2733,10,0.09,0.09,0.0715385
juelich_pilot_d30_r10_log_distance_s02_w1,juelich,12345,2,2,log-distance,34,35,veh10,veh12,10,10,0,407.631,1,8.16841,4.12533,-78.883,18.0933,10,0.09,0.08,0.0715385
juelich_pilot_d30_r10_log_distance_s02_w1,juelich,12345,2,2,log-distance,34,35,veh10,veh4,10,10,0,147.424,1,8.16841,0,-70.049,26.9273,10,0.09,0.09,0.0715385
juelich_pilot_d30_r10_log_distance_s02_w1,juelich,12345,2,2,log-distance,34,35,veh10,veh5,10,0,1,959.333,0,8.16841,7.0239,nan,nan,0,0.09,0.04,0.0715385
juelich_pilot_d30_r10_log_distance_s02_w1,juelich,12345,2,2,log-distance,34,35,veh10,veh6,10,10,0,27.612,1,8.16841,8.50205,-55.4965,41.4798,10,0.09,0.09,0.0715385
juelich_pilot_d30_r10_log_distance_s02_w1,juelich,12345,2,2,log-distance,34,35,veh10,veh9,10,10,0,165.144,1,8.16841,8.62573,-71.0349,25.9413,10,0.09,0.09,0.0715385
juelich_pilot_d30_r10_log_distance_s02_w1,juelich,12345,2,2,log-distance,34,35,veh11,veh0,10,10,0,521.282,0,7.3224,11.4348,-81.0191,15.9571,10,0.09,0.1,0.0715385
juelich_pilot_d30_r10_log_distance_s02_w1,juelich,12345,2,2,log-distance,34,35,veh11,veh1,10,10,0,44.5903,1,7.3224,8.33543,-59.6623,37.314,10,0.09,0.09,0.0715385
juelich_pilot_d30_r10_log_distance_s02_w1,juelich,12345,2,2,log-distance,34,35,veh11,veh10,10,10,0,224.525,1,7.3224,8.16841,-73.703,23.2733,10,0.09,0.09,0.0715385
juelich_pilot_d30_r10_log_distance_s02_w1,juelich,12345,2,2,log-distance,34,35,veh11,veh12,10,0,1,626.266,0,7.3224,4.12533,nan,nan,0,0.09,0.08,0.0715385
juelich_pilot_d30_r10_log_distance_s02_w1,juelich,12345,2,2,log-distance,34,35,veh11,veh4,10,10,0,274.598,1,7.3224,0,-75.4514,21.5249,10,0.09,0.09,0.0715385
juelich_pilot_d30_r10_log_distance_s02_w1,juelich,12345,2,2,log-distance,34,35,veh11,veh5,10,0,1,973.227,0,7.3224,7.0239,nan,nan,0,0.09,0.04,0.0715385
juelich_pilot_d30_r10_log_distance_s02_w1,juelich,12345,2,2,log-distance,34,35,veh11,veh6,10,10,0,249.406,1,7.3224,8.50205,-74.6158,22.3604,10,0.09,0.09,0.0715385
juelich_pilot_d30_r10_log_distance_s02_w1,juelich,12345,2,2,log-distance,34,35,veh11,veh7,5,0,1,997.433,0,7.32673,11.1894,nan,nan,0,0.09,0.05,0.0715385
juelich_pilot_d30_r10_log_distance_s02_w1,juelich,12345,2,2,log-distance,34,35,veh11,veh9,10,10,0,113.756,1,7.3224,8.62573,-67.7948,29.1815,10,0.09,0.09,0.0715385
juelich_pilot_d30_r10_log_distance_s02_w1,juelich,12345,2,2,log-distance,34,35,veh12,veh0,10,10,0,449.199,1,4.12533,11.4348,-79.7265,0.102522,10,0.08,0.1,0.0715385
juelich_pilot_d30_r10_log_distance_s02_w1,juelich,12345,2,2,log-distance,34,35,veh12,veh1,10,0,1,667.884,0,4.12533,8.33543,nan,nan,0,0.08,0.09,0.0715385
juelich_pilot_d30_r10_log_distance_s02_w1,juelich,12345,2,2,log-distance,34,35,veh12,veh10,10,10,0,407.631,1,4.12533,8.16841,-78.883,4.82593,10,0.08,0.09,0.0715385
juelich_pilot_d30_r10_log_distance_s02_w1,juelich,12345,2,2,log-distance,34,35,veh12,veh11,10,0,1,626.266,0,4.12533,7.3224,nan,nan,0,0.08,0.09,0.0715385
juelich_pilot_d30_r10_log_distance_s02_w1,juelich,12345,2,2,log-distance,34,35,veh12,veh4,10,10,0,385.233,1,4.12533,0,-78.3921,4.14048,10,0.08,0.09,0.0715385
juelich_pilot_d30_r10_log_distance_s02_w1,juelich,12345,2,2,log-distance,34,35,veh12,veh5,10,0,1,952.689,0,4.12533,7.0239,nan,nan,0,0.08,0.04,0.0715385
juelich_pilot_d30_r10_log_distance_s02_w1,juelich,12345,2,2,log-distance,34,35,veh12,veh6,10,10,0,380.577,1,4.12533,8.50205,-78.2865,5.38141,10,0.08,0.09,0.0715385
juelich_pilot_d30_r10_log_distance_s02_w1,juelich,12345,2,2,log-distance,34,35,veh12,veh9,10,10,0,536.413,0,4.12533,8.62573,-81.2677,1.53963,10,0.08,0.09,0.0715385
juelich_pilot_d30_r10_log_distance_s02_w1,juelich,12345,2,2,log-distance,34,35,veh2,veh3,10,10,0,39.0988,1,0,8.10133,-58.5163,38.46,10,0.04,0.04,0.0715385
juelich_pilot_d30_r10_log_distance_s02_w1,juelich,12345,2,2,log-distance,34,35,veh2,veh5,10,0,1,869.88,0,0,7.0239,nan,nan,0,0.04,0.04,0.0715385
juelich_pilot_d30_r10_log_distance_s02_w1,juelich,12345,2,2,log-distance,34,35,veh2,veh7,10,10,0,451.7,1,0,11.1839,-79.7745,17.2018,10,0.04,0.05,0.0715385
juelich_pilot_d30_r10_log_distance_s02_w1,juelich,12345,2,2,log-distance,34,35,veh2,veh8,10,10,0,359.262,1,0,7.11268,-77.7859,19.1904,10,0.04,0.04,0.0715385
juelich_pilot_d30_r10_log_distance_s02_w1,juelich,12345,2,2,log-distance,34,35,veh3,veh2,10,10,0,39.0988,1,8.10133,0,-58.5163,38.46,10,0.04,0.04,0.0715385
juelich_pilot_d30_r10_log_distance_s02_w1,juelich,12345,2,2,log-distance,34,35,veh3,veh5,10,0,1,831.077,0,8.10133,7.0239,nan,nan,0,0.04,0.04,0.0715385
juelich_pilot_d30_r10_log_distance_s02_w1,juelich,12345,2,2,log-distance,34,35,veh3,veh7,10,10,0,415.012,1,8.10133,11.1839,-79.0389,17.9374,10,0.04,0.05,0.0715385
juelich_pilot_d30_r10_log_distance_s02_w1,juelich,12345,2,2,log-distance,34,35,veh3,veh8,10,10,0,328.753,1,8.10133,7.11268,-77.015,19.9613,10,0.04,0.04,0.0715385
juelich_pilot_d30_r10_log_distance_s02_w1,juelich,12345,2,2,log-distance,34,35,veh4,veh0,10,10,0,289.432,1,0,11.4348,-75.9085,21.0678,10,0.09,0.1,0.0715385
juelich_pilot_d30_r10_log_distance_s02_w1,juelich,12345,2,2,log-distance,34,35,veh4,veh1,10,10,0,319.188,1,0,8.33543,-76.7584,20.2179,10,0.09,0.09,0.0715385
juelich_pilot_d30_r10_log_distance_s02_w1,juelich,12345,2,2,log-distance,34,35,veh4,veh10,10,10,0,147.424,1,0,8.16841,-70.049,26.9273,10,0.09,0.09,0.0715385
juelich_pilot_d30_r10_log_distance_s02_w1,juelich,12345,2,2,log-distance,34,35,veh4,veh11,10,10,0,274.598,1,0,7.3224,-75.4514,21.5249,10,0.09,0.09,0.0715385
juelich_pilot_d30_r10_log_distance_s02_w1,juelich,12345,2,2,log-distance,34,35,veh4,veh12,10,10,0,385.233,1,0,4.12533,-78.3921,18.5841,10,0.09,0.08,0.0715385
juelich_pilot_d30_r10_log_distance_s02_w1,juelich,12345,2,2,log-distance,34,35,veh4,veh5,10,0,1,812.862,0,0,7.0239,nan,nan,0,0.09,0.04,0.0715385
juelich_pilot_d30_r10_log_distance_s02_w1,juelich,12345,2,2,log-distance,34,35,veh4,veh6,10,10,0,135.89,1,0,8.50205,-69.3412,27.6351,10,0.09,0.09,0.0715385
juelich_pilot_d30_r10_log_distance_s02_w1,juelich,12345,2,2,log-distance,34,35,veh4,veh7,10,0,1,957.495,0,0,11.1839,nan,nan,0,0.09,0.05,0.0715385
juelich_pilot_d30_r10_log_distance_s02_w1,juelich,12345,2,2,log-distance,34,35,veh4,veh9,10,10,0,165.515,1,0,8.62573,-71.0544,25.9219,10,0.09,0.09,0.0715385
juelich_pilot_d30_r10_log_distance_s02_w1,juelich,12345,2,2,log-distance,34,35,veh5,veh0,10,0,1,542.479,0,7.0239,11.4348,nan,nan,0,0.04,0.1,0.0715385
juelich_pilot_d30_r10_log_distance_s02_w1,juelich,12345,2,2,log-distance,34,35,veh5,veh10,10,0,1,959.333,0,7.0239,8.16841,nan,nan,0,0.04,0.09,0.0715385
juelich_pilot_d30_r10_log_distance_s02_w1,juelich,12345,2,2,log-distance,34,35,veh5,veh11,10,0,1,973.227,0,7.0239,7.3224,nan,nan,0,0.04,0.09,0.0715385
juelich_pilot_d30_r10_log_distance_s02_w1,juelich,12345,2,2,log-distance,34,35,veh5,veh12,10,0,1,952.689,0,7.0239,4.12533,nan,nan,0,0.04,0.08,0.0715385
juelich_pilot_d30_r10_log_distance_s02_w1,juelich,12345,2,2,log-distance,34,35,veh5,veh2,10,0,1,869.88,0,7.0239,0,nan,nan,0,0.04,0.04,0.0715385
juelich_pilot_d30_r10_log_distance_s02_w1,juelich,12345,2,2,log-distance,34,35,veh5,veh3,10,0,1,831.077,0,7.0239,8.10133,nan,nan,0,0.04,0.04,0.0715385
juelich_pilot_d30_r10_log_distance_s02_w1,juelich,12345,2,2,log-distance,34,35,veh5,veh4,10,0,1,812.862,0,7.0239,0,nan,nan,0,0.04,0.09,0.0715385
juelich_pilot_d30_r10_log_distance_s02_w1,juelich,12345,2,2,log-distance,34,35,veh5,veh6,10,0,1,948.568,0,7.0239,8.50205,nan,nan,0,0.04,0.09,0.0715385
juelich_pilot_d30_r10_log_distance_s02_w1,juelich,12345,2,2,log-distance,34,35,veh5,veh7,10,0,1,441.295,1,7.0239,11.1839,nan,nan,0,0.04,0.05,0.0715385
juelich_pilot_d30_r10_log_distance_s02_w1,juelich,12345,2,2,log-distance,34,35,veh5,veh8,10,0,1,588.753,0,7.0239,7.11268,nan,nan,0,0.04,0.04,0.0715385
juelich_pilot_d30_r10_log_distance_s02_w1,juelich,12345,2,2,log-distance,34,35,veh5,veh9,10,0,1,882.167,0,7.0239,8.62573,nan,nan,0,0.04,0.09,0.0715385
juelich_pilot_d30_r10_log_distance_s02_w1,juelich,12345,2,2,log-distance,34,35,veh6,veh0,10,10,0,419.688,1,8.50205,11.4348,-79.1362,17.8401,10,0.09,0.1,0.0715385
juelich_pilot_d30_r10_log_distance_s02_w1,juelich,12345,2,2,log-distance,34,35,veh6,veh1,10,10,0,289.065,1,8.50205,8.33543,-75.8976,21.0787,10,0.09,0.09,0.0715385
juelich_pilot_d30_r10_log_distance_s02_w1,juelich,12345,2,2,log-distance,34,35,veh6,veh10,10,10,0,27.612,1,8.50205,8.16841,-55.4965,41.4798,10,0.09,0.09,0.0715385
juelich_pilot_d30_r10_log_distance_s02_w1,juelich,12345,2,2,log-distance,34,35,veh6,veh11,10,10,0,249.406,1,8.50205,7.3224,-74.6158,22.3604,10,0.09,0.09,0.0715385
juelich_pilot_d30_r10_log_distance_s02_w1,juelich,12345,2,2,log-distance,34,35,veh6,veh12,10,10,0,380.577,1,8.50205,4.12533,-78.2865,18.6898,10,0.09,0.08,0.0715385
juelich_pilot_d30_r10_log_distance_s02_w1,juelich,12345,2,2,log-distance,34,35,veh6,veh4,10,10,0,135.89,1,8.50205,0,-69.3412,27.6351,10,0.09,0.09,0.0715385
juelich_pilot_d30_r10_log_distance_s02_w1,juelich,12345,2,2,log-distance,34,35,veh6,veh5,10,0,1,948.568,0,8.50205,7.0239,nan,nan,0,0.09,0.04,0.0715385
juelich_pilot_d30_r10_log_distance_s02_w1,juelich,12345,2,2,log-distance,34,35,veh6,veh9,10,10,0,181.991,1,8.50205,8.62573,-71.8786,25.0976,10,0.09,0.09,0.0715385
juelich_pilot_d30_r10_log_distance_s02_w1,juelich,12345,2,2,log-distance,34,35,veh7,veh0,10,0,1,776.742,0,11.1839,11.4348,nan,nan,0,0.05,0.1,0.0715385
juelich_pilot_d30_r10_log_distance_s02_w1,juelich,12345,2,2,log-distance,34,35,veh7,veh11,5,0,1,997.433,0,11.1894,7.32673,nan,nan,0,0.05,0.09,0.0715385
juelich_pilot_d30_r10_log_distance_s02_w1,juelich,12345,2,2,log-distance,34,35,veh7,veh2,10,10,0,451.7,1,11.1839,0,-79.7745,17.2018,10,0.05,0.04,0.0715385
juelich_pilot_d30_r10_log_distance_s02_w1,juelich,12345,2,2,log-distance,34,35,veh7,veh3,10,10,0,415.012,1,11.1839,8.10133,-79.0389,17.9374,10,0.05,0.04,0.0715385
juelich_pilot_d30_r10_log_distance_s02_w1,juelich,12345,2,2,log-distance,34,35,veh7,veh4,10,0,1,957.495,0,11.1839,0,nan,nan,0,0.05,0.09,0.0715385
juelich_pilot_d30_r10_log_distance_s02_w1,juelich,12345,2,2,log-distance,34,35,veh7,veh5,10,10,0,441.295,1,11.1839,7.0239,-79.5719,17.4043,10,0.05,0.04,0.0715385
juelich_pilot_d30_r10_log_distance_s02_w1,juelich,12345,2,2,log-distance,34,35,veh7,veh8,10,10,0,153.43,1,11.1839,7.11268,-70.3936,26.5826,10,0.05,0.04,0.0715385
juelich_pilot_d30_r10_log_distance_s02_w1,juelich,12345,2,2,log-distance,34,35,veh7,veh9,10,0,1,949.376,0,11.1839,8.62573,nan,nan,0,0.05,0.09,0.0715385
juelich_pilot_d30_r10_log_distance_s02_w1,juelich,12345,2,2,log-distance,34,35,veh8,veh0,10,0,1,861.045,0,7.11268,11.4348,nan,nan,0,0.04,0.1,0.0715385
juelich_pilot_d30_r10_log_distance_s02_w1,juelich,12345,2,2,log-distance,34,35,veh8,veh2,10,10,0,359.262,1,7.11268,0,-77.7859,7.38452,10,0.04,0.04,0.0715385
juelich_pilot_d30_r10_log_distance_s02_w1,juelich,12345,2,2,log-distance,34,35,veh8,veh3,10,10,0,328.753,1,7.11268,8.10133,-77.015,7.78409,10,0.04,0.04,0.0715385
juelich_pilot_d30_r10_log_distance_s02_w1,juelich,12345,2,2,log-distance,34,35,veh8,veh5,10,0,1,588.753,0,7.11268,7.0239,nan,nan,0,0.04,0.04,0.0715385
juelich_pilot_d30_r10_log_distance_s02_w1,juelich,12345,2,2,log-distance,34,35,veh8,veh7,10,10,0,153.43,1,7.11268,11.1839,-70.3936,9.10005,10,0.04,0.05,0.0715385
juelich_pilot_d30_r10_log_distance_s02_w1,juelich,12345,2,2,log-distance,34,35,veh8,veh9,10,0,1,971.444,0,7.11268,8.62573,nan,nan,0,0.04,0.09,0.0715385
juelich_pilot_d30_r10_log_distance_s02_w1,juelich,12345,2,2,log-distance,34,35,veh9,veh0,10,10,0,409.943,1,8.62573,11.4348,-78.9318,18.0444,10,0.09,0.1,0.0715385
juelich_pilot_d30_r10_log_distance_s02_w1,juelich,12345,2,2,log-distance,34,35,veh9,veh1,10,10,0,157.552,1,8.62573,8.33543,-70.6248,26.3515,10,0.09,0.09,0.0715385
juelich_pilot_d30_r10_log_distance_s02_w1,juelich,12345,2,2,log-distance,34,35,veh9,veh10,10,10,0,165.144,1,8.62573,8.16841,-71.0349,25.9413,10,0.09,0.09,0.0715385
juelich_pilot_d30_r10_log_distance_s02_w1,juelich,12345,2,2,log-distance,34,35,veh9,veh11,10,10,0,113.756,1,8.62573,7.3224,-67.7948,29.1815,10,0.09,0.09,0.0715385
juelich_pilot_d30_r10_log_distance_s02_w1,juelich,12345,2,2,log-distance,34,35,veh9,veh12,10,10,0,536.413,0,8.62573,4.12533,-81.2677,15.7086,10,0.09,0.08,0.0715385
juelich_pilot_d30_r10_log_distance_s02_w1,juelich,12345,2,2,log-distance,34,35,veh9,veh4,10,10,0,165.515,1,8.62573,0,-71.0544,25.9219,10,0.09,0.09,0.0715385
juelich_pilot_d30_r10_log_distance_s02_w1,juelich,12345,2,2,log-distance,34,35,veh9,veh5,10,0,1,882.167,0,8.62573,7.0239,nan,nan,0,0.09,0.04,0.0715385
juelich_pilot_d30_r10_log_distance_s02_w1,juelich,12345,2,2,log-distance,34,35,veh9,veh6,10,10,0,181.991,1,8.62573,8.50205,-71.8786,25.0976,10,0.09,0.09,0.0715385
juelich_pilot_d30_r10_log_distance_s02_w1,juelich,12345,2,2,log-distance,34,35,veh9,veh7,10,0,1,949.376,0,8.62573,11.1839,nan,nan,0,0.09,0.05,0.0715385
juelich_pilot_d30_r10_log_distance_s02_w1,juelich,12345,2,2,log-distance,34,35,veh9,veh8,10,0,1,971.444,0,8.62573,7.11268,nan,nan,0,0.09,0.04,0.0715385
juelich_pilot_d30_r10_log_distance_s02_w1,juelich,12345,2,2,log-distance,35,36,veh0,veh1,10,10,0,565.804,0,13.2131,8.33972,-81.731,15.2453,10,0.1,0.082,0.0756349
juelich_pilot_d30_r10_log_distance_s02_w1,juelich,12345,2,2,log-distance,35,36,veh0,veh10,10,10,0,439.834,1,13.2131,8.35854,-79.5434,17.4328,10,0.1,0.082,0.0756349
juelich_pilot_d30_r10_log_distance_s02_w1,juelich,12345,2,2,log-distance,35,36,veh0,veh11,10,10,0,525.389,0,13.2131,7.33987,-81.0873,15.889,10,0.1,0.082,0.0756349
juelich_pilot_d30_r10_log_distance_s02_w1,juelich,12345,2,2,log-distance,35,36,veh0,veh12,10,10,0,450.564,1,13.2131,5.922,-79.7528,17.2235,10,0.1,0.081,0.0756349
juelich_pilot_d30_r10_log_distance_s02_w1,juelich,12345,2,2,log-distance,35,36,veh0,veh13,9,9,0,72.2089,1,13.287,0.935084,-63.8463,33.13,9,0.1,0.0988889,0.0756349
juelich_pilot_d30_r10_log_distance_s02_w1,juelich,12345,2,2,log-distance,35,36,veh0,veh4,10,10,0,297.474,1,13.2131,0,-76.1463,20.83,10,0.1,0.09,0.0756349
juelich_pilot_d30_r10_log_distance_s02_w1,juelich,12345,2,2,log-distance,35,36,veh0,veh5,10,10,0,545.326,0,13.2131,7.46669,-81.4108,15.5655,10,0.1,0.067,0.0756349
juelich_pilot_d30_r10_log_distance_s02_w1,juelich,12345,2,2,log-distance,35,36,veh0,veh6,10,10,0,421.171,1,13.2131,8.50812,-79.1668,17.8094,10,0.1,0.082,0.0756349
juelich_pilot_d30_r10_log_distance_s02_w1,juelich,12345,2,2,log-distance,35,36,veh0,veh7,10,0,1,769.795,0,13.2131,11.1547,nan,nan,0,0.1,0.067,0.0756349
juelich_pilot_d30_r10_log_distance_s02_w1,juelich,12345,2,2,log-distance,35,36,veh0,veh8,10,0,1,866.606,0,13.2131,7.11266,nan,nan,0,0.1,0.057,0.0756349
juelich_pilot_d30_r10_log_distance_s02_w1,juelich,12345,2,2,log-distance,35,36,veh0,veh9,10,10,0,424.24,1,13.2131,7.56818,-79.2295,17.7468,10,0.1,0.082,0.0756349
juelich_pilot_d30_r10_log_distance_s02_w1,juelich,12345,2,2,log-distance,35,36,veh1,veh0,10,10,0,565.804,0,8.33972,13.2131,-81.731,15.2453,10,0.082,0.1,0.0756349
juelich_pilot_d30_r10_log_distance_s02_w1,juelich,12345,2,2,log-distance,35,36,veh1,veh10,10,10,0,263.546,1,8.33972,8.35854,-75.0948,21.8814,10,0.082,0.082,0.0756349
juelich_pilot_d30_r10_log_distance_s02_w1,juelich,12345,2,2,log-distance,35,36,veh1,veh11,10,10,0,43.5846,1,8.33972,7.33987,-59.4642,37.5121,10,0.082,0.082,0.0756349
juelich_pilot_d30_r10_log_distance_s02_w1,juelich,12345,2,2,log-distance,35,36,veh1,veh12,10,0,1,663.036,0,8.33972,5.922,nan,nan,0,0.082,0.081,0.0756349
juelich_pilot_d30_r10_log_distance_s02_w1,juelich,12345,2,2,log-distance,35,36,veh1,veh13,9,9,0,511.111,0,8.3353,0.935084,-80.8479,16.1284,9,0.082,0.0988889,0.0756349
juelich_pilot_d30_r10_log_distance_s02_w1,juelich,12345,2,2,log-distance,35,36,veh1,veh4,10,10,0,310.841,1,8.33972,0,-76.5282,20.4481,10,0.082,0.09,0.0756349
juelich_pilot_d30_r10_log_distance_s02_w1,juelich,12345,2,2,log-distance,35,36,veh1,veh5,2,0,1,999.532,0,8.28952,7.48204,nan,nan,0,0.082,0.067,0.0756349
juelich_pilot_d30_r10_log_distance_s02_w1,juelich,12345,2,2,log-distance,35,36,veh1,veh6,10,10,0,289.213,1,8.33972,8.50812,-75.9021,21.0742,10,0.082,0.082,0.0756349
juelich_pilot_d30_r10_log_distance_s02_w1,juelich,12345,2,2,log-distance,35,36,veh1,veh7,3,0,1,998.593,0,8.28711,11.1531,nan,nan,0,0.082,0.067,0.0756349
juelich_pilot_d30_r10_log_distance_s02_w1,juelich,12345,2,2,log-distance,35,36,veh1,veh9,10,10,0,148.036,1,8.33972,7.56818,-70.0837,26.8926,10,0.082,0.082,0.0756349
juelich_pilot_d30_r10_log_distance_s02_w1,juelich,12345,2,2,log-distance,35,36,veh10,veh0,10,10,0,439.834,1,8.35854,13.2131,-79.5434,17.4328,10,0.082,0.1,0.0756349
juelich_pilot_d30_r10_log_distance_s02_w1,juelich,12345,2,2,log-distance,35,36,veh10,veh1,10,10,0,263.546,1,8.35854,8.33972,-75.0948,21.8814,10,0.082,0.082,0.0756349
juelich_pilot_d30_r10_log_distance_s02_w1,juelich,12345,2,2,log-distance,35,36,veh10,veh11,10,10,0,225.882,1,8.35854,7.33987,-73.7553,23.221,10,0.082,0.082,0.0756349
juelich_pilot_d30_r10_log_distance_s02_w1,juelich,12345,2,2,log-distance,35,36,veh10,veh12,10,10,0,402.541,1,8.35854,5.922,-78.7739,18.2024,10,0.082,0.081,0.0756349
juelich_pilot_d30_r10_log_distance_s02_w1,juelich,12345,2,2,log-distance,35,36,veh10,veh13,9,9,0,369.504,1,8.373,0.935084,-78.03,18.9463,9,0.082,0.0988889,0.0756349
juelich_pilot_d30_r10_log_distance_s02_w1,juelich,12345,2,2,log-distance,35,36,veh10,veh4,10,10,0,145.553,1,8.35854,0,-69.9378,27.0385,10,0.082,0.09,0.0756349
juelich_pilot_d30_r10_log_distance_s02_w1,juelich,12345,2,2,log-distance,35,36,veh10,veh5,10,0,1,962.914,0,8.35854,7.46669,nan,nan,0,0.082,0.067,0.0756349
juelich_pilot_d30_r10_log_distance_s02_w1,juelich,12345,2,2,log-distance,35,36,veh10,veh6,10,10,0,28.6602,1,8.35854,8.50812,-55.8233,41.153,10,0.082,0.082,0.0756349
juelich_pilot_d30_r10_log_distance_s02_w1,juelich,12345,2,2,log-distance,35,36,veh10,veh9,10,10,0,163.931,1,8.35854,7.56818,-70.9709,26.0054,10,0.082,0.082,0.0756349
juelich_pilot_d30_r10_log_distance_s02_w1,juelich,12345,2,2,log-distance,35,36,veh11,veh0,10,10,0,525.389,0,7.33987,13.2131,-81.0873,15.889,10,0.082,0.1,0.0756349
juelich_pilot_d30_r10_log_distance_s02_w1,juelich,12345,2,2,log-distance,35,36,veh11,veh1,10,10,0,43.5846,1,7.33987,8.33972,-59.4642,37.5121,10,0.082,0.082,0.0756349
juelich_pilot_d30_r10_log_distance_s02_w1,juelich,12345,2,2,log-distance,35,36,veh11,veh10,10,10,0,225.882,1,7.33987,8.35854,-73.7553,23.221,10,0.082,0.082,0.0756349
juelich_pilot_d30_r10_log_distance_s02_w1,juelich,12345,2,2,log-distance,35,36,veh11,veh12,10,0,1,622.528,0,7.33987,5.922,nan,nan,0,0.082,0.081,0.0756349
juelich_pilot_d30_r10_log_distance_s02_w1,juelich,12345,2,2,log-distance,35,36,veh11,veh13,9,9,0,469.45,1,7.33706,0.935084,-80.1094,16.8669,9,0.082,0.0988889,0.0756349
juelich_pilot_d30_r10_log_distance_s02_w1,juelich,12345,2,2,log-distance,35,36,veh11,veh4,10,10,0,267.256,1,7.33987,0,-75.216,21.7603,10,0.082,0.09,0.0756349
juelich_pilot_d30_r10_log_distance_s02_w1,juelich,12345,2,2,log-distance,35,36,veh11,veh5,10,0,1,971.798,0,7.33987,7.46669,nan,nan,0,0.082,0.067,0.0756349
juelich_pilot_d30_r10_log_distance_s02_w1,juelich,12345,2,2,log-distance,35,36,veh11,veh6,10,10,0,250.423,1,7.33987,8.50812,-74.6512,22.3251,10,0.082,0.082,0.0756349
juelich_pilot_d30_r10_log_distance_s02_w1,juelich,12345,2,2,log-distance,35,36,veh11,veh7,10,0,1,989.229,0,7.33987,11.1547,nan,nan,0,0.082,0.067,0.0756349
juelich_pilot_d30_r10_log_distance_s02_w1,juelich,12345,2,2,log-distance,35,36,veh11,veh8,4,0,1,999.262,0,7.31499,7.10122,nan,nan,0,0.082,0.057,0.0756349
juelich_pilot_d30_r10_log_distance_s02_w1,juelich,12345,2,2,log-distance,35,36,veh11,veh9,10,10,0,104.852,1,7.33987,7.56818,-67.0868,29.8895,10,0.082,0.082,0.0756349
juelich_pilot_d30_r10_log_distance_s02_w1,juelich,12345,2,2,log-distance,35,36,veh12,veh0,10,1,0.9,450.564,1,5.922,13.2131,-79.7275,0.136107,1,0.081,0.1,0.0756349
juelich_pilot_d30_r10_log_distance_s02_w1,juelich,12345,2,2,log-distance,35,36,veh12,veh1,10,0,1,663.036,0,5.922,8.33972,nan,nan,0,0.081,0.082,0.0756349
juelich_pilot_d30_r10_log_distance_s02_w1,juelich,12345,2,2,log-distance,35,36,veh12,veh10,10,1,0.9,402.541,1,5.922,8.35854,-78.8235,4.90414,1,0.081,0.082,0.0756349
juelich_pilot_d30_r10_log_distance_s02_w1,juelich,12345,2,2,log-distance,35,36,veh12,veh11,10,0,1,622.528,0,5.922,7.33987,nan,nan,0,0.081,0.082,0.0756349
juelich_pilot_d30_r10_log_distance_s02_w1,juelich,12345,2,2,log-distance,35,36,veh12,veh13,9,0,1,400.471,1,6.01326,0.935084,nan,nan,0,0.081,0.0988889,0.0756349
juelich_pilot_d30_r10_log_distance_s02_w1,juelich,12345,2,2,log-distance,35,36,veh12,veh4,10,1,0.9,389.264,1,5.922,0,-78.4368,4.11003,1,0.081,0.09,0.0756349
juelich_pilot_d30_r10_log_distance_s02_w1,juelich,12345,2,2,log-distance,35,36,veh12,veh5,10,0,1,963.972,0,5.922,7.46669,nan,nan,0,0.081,0.067,0.0756349
juelich_pilot_d30_r10_log_distance_s02_w1,juelich,12345,2,2,log-distance,35,36,veh12,veh6,10,1,0.9,375.159,1,5.922,8.50812,-78.2144,5.45385,1,0.081,0.082,0.0756349
juelich_pilot_d30_r10_log_distance_s02_w1,juelich,12345,2,2,log-distance,35,36,veh12,veh9,10,1,0.9,536.036,0,5.922,7.56818,-81.2598,1.59122,1,0.081,0.082,0.0756349
juelich_pilot_d30_r10_log_distance_s02_w1,juelich,12345,2,2,log-distance,35,36,veh13,veh0,9,9,0,72.2089,1,0.935084,13.287,-63.8463,15.8278,9,0.0988889,0.1,0.0756349
juelich_pilot_d30_r10_log_distance_s02_w1,juelich,12345,2,2,log-distance,35,36,veh13,veh1,9,0,1,511.111,0,0.935084,8.3353,nan,nan,0,0.0988889,0.082,0.0756349
juelich_pilot_d30_r10_log_distance_s02_w1,juelich,12345,2,2,log-distance,35,36,veh13,veh10,9,0,1,369.504,1,0.935084,8.373,nan,nan,0,0.0988889,0.082,0.0756349
juelich_pilot_d30_r10_log_distance_s02_w1,juelich,12345,2,2,log-distance,35,36,veh13,veh11,9,0,1,469.45,1,0.935084,7.33706,nan,nan,0,0.0988889,0.082,0.0756349
juelich_pilot_d30_r10_log_distance_s02_w1,juelich,12345,2,2,log-distance,35,36,veh13,veh12,9,0,1,400.471,1,0.935084,6.01326,nan,nan,0,0.0988889,0.081,0.0756349
juelich_pilot_d30_r10_log_distance_s02_w1,juelich,12345,2,2,log-distance,35,36,veh13,veh4,9,9,0,229.463,1,0.935084,0,-73.8919,4.5346,9,0.0988889,0.09,0.0756349
juelich_pilot_d30_r10_log_distance_s02_w1,juelich,12345,2,2,log-distance,35,36,veh13,veh5,9,0,1,615.771,0,0.935084,7.48602,nan,nan,0,0.0988889,0.067,0.0756349
juelich_pilot_d30_r10_log_distance_s02_w1,juelich,12345,2,2,log-distance,35,36,veh13,veh6,9,0,1,350.073,1,0.935084,8.51062,nan,nan,0,0.0988889,0.082,0.0756349
juelich_pilot_d30_r10_log_distance_s02_w1,juelich,12345,2,2,log-distance,35,36,veh13,veh7,9,0,1,821.216,0,0.935084,11.1547,nan,nan,0,0.0988889,0.067,0.0756349
juelich_pilot_d30_r10_log_distance_s02_w1,juelich,12345,2,2,log-distance,35,36,veh13,veh8,9,0,1,909.777,0,0.935084,7.11652,nan,nan,0,0.0988889,0.057,0.0756349
juelich_pilot_d30_r10_log_distance_s02_w1,juelich,12345,2,2,log-distance,35,36,veh13,veh9,9,0,1,366.557,1,0.935084,7.44418,nan,nan,0,0.0988889,0.082,0.0756349
juelich_pilot_d30_r10_log_distance_s02_w1,juelich,12345,2,2,log-distance,35,36,veh2,veh3,10,10,0,45.5755,1,0,10.0197,-59.8382,37.1381,10,0.04,0.048,0.0756349
juelich_pilot_d30_r10_log_distance_s02_w1,juelich,12345,2,2,log-distance,35,36,veh2,veh5,10,0,1,863.599,0,0,7.46669,nan,nan,0,0.04,0.067,0.0756349
juelich_pilot_d30_r10_log_distance_s02_w1,juelich,12345,2,2,log-distance,35,36,veh2,veh7,10,10,0,462.795,1,0,11.1547,-79.9853,16.991,10,0.04,0.067,0.0756349
juelich_pilot_d30_r10_log_distance_s02_w1,juelich,12345,2,2,log-distance,35,36,veh2,veh8,10,10,0,361.043,1,0,7.11266,-77.8289,19.1474,10,0.04,0.057,0.0756349
juelich_pilot_d30_r10_log_distance_s02_w1,juelich,12345,2,2,log-distance,35,36,veh3,veh2,10,10,0,45.5755,1,10.0197,0,-59.8382,37.1381,10,0.048,0.04,0.0756349
juelich_pilot_d30_r10_log_distance_s02_w1,juelich,12345,2,2,log-distance,35,36,veh3,veh5,10,0,1,818.075,0,10.0197,7.46669,nan,nan,0,0.048,0.067,0.0756349
juelich_pilot_d30_r10_log_distance_s02_w1,juelich,12345,2,2,log-distance,35,36,veh3,veh7,10,10,0,418.185,1,10.0197,11.1547,-79.1051,17.8712,10,0.048,0.067,0.0756349
juelich_pilot_d30_r10_log_distance_s02_w1,juelich,12345,2,2,log-distance,35,36,veh3,veh8,10,10,0,322.176,1,10.0197,7.11266,-76.8394,20.1369,10,0.048,0.057,0.0756349
juelich_pilot_d30_r10_log_distance_s02_w1,juelich,12345,2,2,log-distance,35,36,veh4,veh0,10,10,0,297.474,1,0,13.2131,-76.1463,20.83,10,0.09,0.1,0.0756349
juelich_pilot_d30_r10_log_distance_s02_w1,juelich,12345,2,2,log-distance,35,36,veh4,veh1,10,10,0,310.841,1,0,8.33972,-76.5282,20.4481,10,0.09,0.082,0.0756349
juelich_pilot_d30_r10_log_distance_s02_w1,juelich,12345,2,2,log-distance,35,36,veh4,veh10,10,10,0,145.553,1,0,8.35854,-69.9378,27.0385,10,0.09,0.082,0.0756349
juelich_pilot_d30_r10_log_distance_s02_w1,juelich,12345,2,2,log-distance,35,36,veh4,veh11,10,10,0,267.256,1,0,7.33987,-75.216,21.7603,10,0.09,0.082,0.0756349
juelich_pilot_d30_r10_log_distance_s02_w1,juelich,12345,2,2,log-distance,35,36,veh4,veh12,10,10,0,389.264,1,0,5.922,-78.4825,18.4938,10,0.09,0.081,0.0756349
juelich_pilot_d30_r10_log_distance_s02_w1,juelich,12345,2,2,log-distance,35,36,veh4,veh13,9,9,0,229.463,1,0,0.935084,-73.8919,23.0843,9,0.09,0.0988889,0.0756349
juelich_pilot_d30_r10_log_distance_s02_w1,juelich,12345,2,2,log-distance,35,36,veh4,veh5,10,0,1,817.743,0,0,7.46669,nan,nan,0,0.09,0.067,0.0756349
juelich_pilot_d30_r10_log_distance_s02_w1,juelich,12345,2,2,log-distance,35,36,veh4,veh6,10,10,0,132.502,1,0,8.50812,-69.122,27.8543,10,0.09,0.082,0.0756349
juelich_pilot_d30_r10_log_distance_s02_w1,juelich,12345,2,2,log-distance,35,36,veh4,veh7,10,0,1,947.149,0,0,11.1547,nan,nan,0,0.09,0.067,0.0756349
juelich_pilot_d30_r10_log_distance_s02_w1,juelich,12345,2,2,log-distance,35,36,veh4,veh9,10,10,0,164.587,1,0,7.56818,-71.0056,25.9707,10,0.09,0.082,0.0756349
juelich_pilot_d30_r10_log_distance_s02_w1,juelich,12345,2,2,log-distance,35,36,veh5,veh0,10,8,0.2,545.326,0,7.46669,13.2131,-81.4116,15.5646,8,0.067,0.1,0.0756349
juelich_pilot_d30_r10_log_distance_s02_w1,juelich,12345,2,2,log-distance,35,36,veh5,veh1,2,0,1,999.532,0,7.48204,8.28952,nan,nan,0,0.067,0.082,0.0756349
juelich_pilot_d30_r10_log_distance_s02_w1,juelich,12345,2,2,log-distance,35,36,veh5,veh10,10,0,1,962.914,0,7.46669,8.35854,nan,nan,0,0.067,0.082,0.0756349
juelich_pilot_d30_r10_log_distance_s02_w1,juelich,12345,2,2,log-distance,35,36,veh5,veh11,10,0,1,971.798,0,7.46669,7.33987,nan,nan,0,0.067,0.082,0.0756349
juelich_pilot_d30_r10_log_distance_s02_w1,juelich,12345,2,2,log-distance,35,36,veh5,veh12,10,0,1,963.972,0,7.46669,5.922,nan,nan,0,0.067,0.081,0.0756349
juelich_pilot_d30_r10_log_distance_s02_w1,juelich,12345,2,2,log-distance,35,36,veh5,veh13,9,0,1,615.771,0,7.48602,0.935084,nan,nan,0,0.067,0.0988889,0.0756349
juelich_pilot_d30_r10_log_distance_s02_w1,juelich,12345,2,2,log-distance,35,36,veh5,veh2,10,0,1,863.599,0,7.46669,0,nan,nan,0,0.067,0.04,0.0756349
juelich_pilot_d30_r10_log_distance_s02_w1,juelich,12345,2,2,log-distance,35,36,veh5,veh3,10,0,1,818.075,0,7.46669,10.0197,nan,nan,0,0.067,0.048,0.0756349
juelich_pilot_d30_r10_log_distance_s02_w1,juelich,12345,2,2,log-distance,35,36,veh5,veh4,10,0,1,817.743,0,7.46669,0,nan,nan,0,0.067,0.09,0.0756349
juelich_pilot_d30_r10_log_distance_s02_w1,juelich,12345,2,2,log-distance,35,36,veh5,veh6,10,0,1,949.589,0,7.46669,8.50812,nan,nan,0,0.067,0.082,0.0756349
juelich_pilot_d30_r10_log_distance_s02_w1,juelich,12345,2,2,log-distance,35,36,veh5,veh7,10,8,0.2,426.82,1,7.46669,11.1547,-79.2707,17.7056,8,0.067,0.067,0.0756349
juelich_pilot_d30_r10_log_distance_s02_w1,juelich,12345,2,2,log-distance,35,36,veh5,veh8,10,0,1,587.829,0,7.46669,7.11266,nan,nan,0,0.067,0.057,0.0756349
juelich_pilot_d30_r10_log_distance_s02_w1,juelich,12345,2,2,log-distance,35,36,veh5,veh9,10,0,1,892.737,0,7.46669,7.56818,nan,nan,0,0.067,0.082,0.0756349
juelich_pilot_d30_r10_log_distance_s02_w1,juelich,12345,2,2,log-distance,35,36,veh6,veh0,10,10,0,421.171,1,8.50812,13.2131,-79.1668,17.8094,10,0.082,0.1,0.0756349
juelich_pilot_d30_r10_log_distance_s02_w1,juelich,12345,2,2,log-distance,35,36,veh6,veh1,10,10,0,289.213,1,8.50812,8.33972,-75.9021,21.0742,10,0.082,0.082,0.0756349
juelich_pilot_d30_r10_log_distance_s02_w1,juelich,12345,2,2,log-distance,35,36,veh6,veh10,10,10,0,28.6602,1,8.50812,8.35854,-55.8233,41.153,10,0.082,0.082,0.0756349
juelich_pilot_d30_r10_log_distance_s02_w1,juelich,12345,2,2,log-distance,35,36,veh6,veh11,10,10,0,250.423,1,8.50812,7.33987,-74.6512,22.3251,10,0.082,0.082,0.0756349
juelich_pilot_d30_r10_log_distance_s02_w1,juelich,12345,2,2,log-distance,35,36,veh6,veh12,10,10,0,375.159,1,8.50812,5.922,-78.162,18.8143,10,0.082,0.081,0.0756349
juelich_pilot_d30_r10_log_distance_s02_w1,juelich,12345,2,2,log-distance,35,36,veh6,veh13,9,9,0,350.073,1,8.51062,0.935084,-77.5608,19.4155,9,0.082,0.0988889,0.0756349
juelich_pilot_d30_r10_log_distance_s02_w1,juelich,12345,2,2,log-distance,35,36,veh6,veh4,10,10,0,132.502,1,8.50812,0,-69.122,27.8543,10,0.082,0.09,0.0756349
juelich_pilot_d30_r10_log_distance_s02_w1,juelich,12345,2,2,log-distance,35,36,veh6,veh5,10,0,1,949.589,0,8.50812,7.46669,nan,nan,0,0.082,0.067,0.0756349
juelich_pilot_d30_r10_log_distance_s02_w1,juelich,12345,2,2,log-distance,35,36,veh6,veh9,10,10,0,180.64,1,8.50812,7.56818,-71.814,25.1623,10,0.082,0.082,0.0756349
juelich_pilot_d30_r10_log_distance_s02_w1,juelich,12345,2,2,log-distance,35,36,veh7,veh0,10,0,1,769.795,0,11.1547,13.2131,nan,nan,0,0.067,0.1,0.0756349
juelich_pilot_d30_r10_log_distance_s02_w1,juelich,12345,2,2,log-distance,35,36,veh7,veh1,3,0,1,998.593,0,11.1531,8.28711,nan,nan,0,0.067,0.082,0.0756349
juelich_pilot_d30_r10_log_distance_s02_w1,juelich,12345,2,2,log-distance,35,36,veh7,veh11,10,0,1,989.229,0,11.1547,7.33987,nan,nan,0,0.067,0.082,0.0756349
juelich_pilot_d30_r10_log_distance_s02_w1,juelich,12345,2,2,log-distance,35,36,veh7,veh13,9,0,1,821.216,0,11.1547,0.935084,nan,nan,0,0.067,0.0988889,0.0756349
juelich_pilot_d30_r10_log_distance_s02_w1,juelich,12345,2,2,log-distance,35,36,veh7,veh2,10,10,0,462.795,1,11.1547,0,-79.9853,16.991,10,0.067,0.04,0.0756349
juelich_pilot_d30_r10_log_distance_s02_w1,juelich,12345,2,2,log-distance,35,36,veh7,veh3,10,10,0,418.185,1,11.1547,10.0197,-79.1051,17.8712,10,0.067,0.048,0.0756349
juelich_pilot_d30_r10_log_distance_s02_w1,juelich,12345,2,2,log-distance,35,36,veh7,veh4,10,0,1,947.149,0,11.1547,0,nan,nan,0,0.067,0.09,0.0756349
juelich_pilot_d30_r10_log_distance_s02_w1,juelich,12345,2,2,log-distance,35,36,veh7,veh5,10,10,0,426.82,1,11.1547,7.46669,-79.2821,17.6942,10,0.067,0.067,0.0756349
juelich_pilot_d30_r10_log_distance_s02_w1,juelich,12345,2,2,log-distance,35,36,veh7,veh8,10,10,0,165.445,1,11.1547,7.11266,-71.0489,25.9273,10,0.067,0.057,0.0756349
juelich_pilot_d30_r10_log_distance_s02_w1,juelich,12345,2,2,log-distance,35,36,veh7,veh9,10,0,1,948.137,0,11.1547,7.56818,nan,nan,0,0.067,0.082,0.0756349
juelich_pilot_d30_r10_log_distance_s02_w1,juelich,12345,2,2,log-distance,35,36,veh8,veh0,10,0,1,866.606,0,7.11266,13.2131,nan,nan,0,0.057,0.1,0.0756349
juelich_pilot_d30_r10_log_distance_s02_w1,juelich,12345,2,2,log-distance,35,36,veh8,veh11,4,0,1,999.262,0,7.10122,7.31499,nan,nan,0,0.057,0.082,0.0756349
juelich_pilot_d30_r10_log_distance_s02_w1,juelich,12345,2,2,log-distance,35,36,veh8,veh13,9,0,1,909.777,0,7.11652,0.935084,nan,nan,0,0.057,0.0988889,0.0756349
juelich_pilot_d30_r10_log_distance_s02_w1,juelich,12345,2,2,log-distance,35,36,veh8,veh2,10,10,0,361.043,1,7.11266,0,-77.8289,16.7764,10,0.057,0.04,0.0756349
juelich_pilot_d30_r10_log_distance_s02_w1,juelich,12345,2,2,log-distance,35,36,veh8,veh3,10,10,0,322.176,1,7.11266,10.0197,-76.8394,17.6801,10,0.057,0.048,0.0756349
juelich_pilot_d30_r10_log_distance_s02_w1,juelich,12345,2,2,log-distance,35,36,veh8,veh5,10,0,1,587.829,0,7.11266,7.46669,nan,nan,0,0.057,0.067,0.0756349
juelich_pilot_d30_r10_log_distance_s02_w1,juelich,12345,2,2,log-distance,35,36,veh8,veh7,10,10,0,165.445,1,7.11266,11.1547,-71.0489,24.1642,10,0.057,0.067,0.0756349
juelich_pilot_d30_r10_log_distance_s02_w1,juelich,12345,2,2,log-distance,35,36,veh8,veh9,10,0,1,976.344,0,7.11266,7.56818,nan,nan,0,0.057,0.082,0.0756349
juelich_pilot_d30_r10_log_distance_s02_w1,juelich,12345,2,2,log-distance,35,36,veh9,veh0,10,10,0,424.24,1,7.56818,13.2131,-79.2295,17.7468,10,0.082,0.1,0.0756349
juelich_pilot_d30_r10_log_distance_s02_w1,juelich,12345,2,2,log-distance,35,36,veh9,veh1,10,10,0,148.036,1,7.56818,8.33972,-70.0837,26.8926,10,0.082,0.082,0.0756349
juelich_pilot_d30_r10_log_distance_s02_w1,juelich,12345,2,2,log-distance,35,36,veh9,veh10,10,10,0,163.931,1,7.56818,8.35854,-70.9709,26.0054,10,0.082,0.082,0.0756349
juelich_pilot_d30_r10_log_distance_s02_w1,juelich,12345,2,2,log-distance,35,36,veh9,veh11,10,10,0,104.852,1,7.56818,7.33987,-67.0868,29.8895,10,0.082,0.082,0.0756349
juelich_pilot_d30_r10_log_distance_s02_w1,juelich,12345,2,2,log-distance,35,36,veh9,veh12,10,10,0,536.036,0,7.56818,5.922,-81.2616,15.7147,10,0.082,0.081,0.0756349
juelich_pilot_d30_r10_log_distance_s02_w1,juelich,12345,2,2,log-distance,35,36,veh9,veh13,9,9,0,366.557,1,7.44418,0.935084,-77.9605,19.0158,9,0.082,0.0988889,0.0756349
juelich_pilot_d30_r10_log_distance_s02_w1,juelich,12345,2,2,log-distance,35,36,veh9,veh4,10,10,0,164.587,1,7.56818,0,-71.0056,25.9707,10,0.082,0.09,0.0756349
juelich_pilot_d30_r10_log_distance_s02_w1,juelich,12345,2,2,log-distance,35,36,veh9,veh5,10,0,1,892.737,0,7.56818,7.46669,nan,nan,0,0.082,0.067,0.0756349
juelich_pilot_d30_r10_log_distance_s02_w1,juelich,12345,2,2,log-distance,35,36,veh9,veh6,10,10,0,180.64,1,7.56818,8.50812,-71.814,25.1623,10,0.082,0.082,0.0756349
juelich_pilot_d30_r10_log_distance_s02_w1,juelich,12345,2,2,log-distance,35,36,veh9,veh7,10,0,1,948.137,0,7.56818,11.1547,nan,nan,0,0.082,0.067,0.0756349
juelich_pilot_d30_r10_log_distance_s02_w1,juelich,12345,2,2,log-distance,35,36,veh9,veh8,10,0,1,976.344,0,7.56818,7.11266,nan,nan,0,0.082,0.057,0.0756349
juelich_pilot_d30_r10_log_distance_s02_w1,juelich,12345,2,2,log-distance,36,37,veh0,veh1,10,10,0,570.526,0,13.4469,8.31218,-81.8032,15.1731,10,0.1,0.08,0.0757143
juelich_pilot_d30_r10_log_distance_s02_w1,juelich,12345,2,2,log-distance,36,37,veh0,veh10,10,10,0,443.115,1,13.4469,8.50756,-79.608,17.3683,10,0.1,0.08,0.0757143
juelich_pilot_d30_r10_log_distance_s02_w1,juelich,12345,2,2,log-distance,36,37,veh0,veh11,10,10,0,530.962,0,13.4469,7.3371,-81.1789,15.7974,10,0.1,0.08,0.0757143
juelich_pilot_d30_r10_log_distance_s02_w1,juelich,12345,2,2,log-distance,36,37,veh0,veh12,10,10,0,454.921,1,13.4469,7.91974,-79.8364,17.1399,10,0.1,0.08,0.0757143
juelich_pilot_d30_r10_log_distance_s02_w1,juelich,12345,2,2,log-distance,36,37,veh0,veh13,10,10,0,80.922,1,13.4469,2.8444,-64.833,32.1433,10,0.1,0.1,0.0757143
juelich_pilot_d30_r10_log_distance_s02_w1,juelich,12345,2,2,log-distance,36,37,veh0,veh4,10,10,0,307.318,1,13.4469,0,-76.4291,20.5472,10,0.1,0.09,0.0757143
juelich_pilot_d30_r10_log_distance_s02_w1,juelich,12345,2,2,log-distance,36,37,veh0,veh5,10,10,0,543.671,0,13.4469,7.45951,-81.3844,15.5919,10,0.1,0.07,0.0757143
juelich_pilot_d30_r10_log_distance_s02_w1,juelich,12345,2,2,log-distance,36,37,veh0,veh6,10,10,0,424.256,1,13.4469,8.4926,-79.2302,17.7461,10,0.1,0.08,0.0757143
juelich_pilot_d30_r10_log_distance_s02_w1,juelich,12345,2,2,log-distance,36,37,veh0,veh7,10,0,1,762.296,0,13.4469,11.173,nan,nan,0,0.1,0.07,0.0757143
juelich_pilot_d30_r10_log_distance_s02_w1,juelich,12345,2,2,log-distance,36,37,veh0,veh8,10,0,1,872.195,0,13.4469,7.14424,nan,nan,0,0.1,0.06,0.0757143
juelich_pilot_d30_r10_log_distance_s02_w1,juelich,12345,2,2,log-distance,36,37,veh0,veh9,10,10,0,438.651,1,13.4469,3.33957,-79.5197,17.4565,10,0.1,0.08,0.0757143
juelich_pilot_d30_r10_log_distance_s02_w1,juelich,12345,2,2,log-distance,36,37,veh1,veh0,10,10,0,570.526,0,8.31218,13.4469,-81.8032,15.1731,10,0.08,0.1,0.0757143
juelich_pilot_d30_r10_log_distance_s02_w1,juelich,12345,2,2,log-distance,36,37,veh1,veh10,10,10,0,263.705,1,8.31218,8.50756,-75.1001,21.8762,10,0.08,0.08,0.0757143
juelich_pilot_d30_r10_log_distance_s02_w1,juelich,12345,2,2,log-distance,36,37,veh1,veh11,10,10,0,42.5969,1,8.31218,7.3371,-59.2651,37.7112,10,0.08,0.08,0.0757143
juelich_pilot_d30_r10_log_distance_s02_w1,juelich,12345,2,2,log-distance,36,37,veh1,veh12,10,0,1,659.427,0,8.31218,7.91974,nan,nan,0,0.08,0.08,0.0757143
juelich_pilot_d30_r10_log_distance_s02_w1,juelich,12345,2,2,log-distance,36,37,veh1,veh13,10,10,0,502.986,0,8.31218,2.8444,-80.7087,16.2676,10,0.08,0.1,0.0757143
juelich_pilot_d30_r10_log_distance_s02_w1,juelich,12345,2,2,log-distance,36,37,veh1,veh4,10,10,0,302.521,1,8.31218,0,-76.2925,20.6837,10,0.08,0.09,0.0757143
juelich_pilot_d30_r10_log_distance_s02_w1,juelich,12345,2,2,log-distance,36,37,veh1,veh5,10,0,1,994.422,0,8.31218,7.45951,nan,nan,0,0.08,0.07,0.0757143
juelich_pilot_d30_r10_log_distance_s02_w1,juelich,12345,2,2,log-distance,36,37,veh1,veh6,10,10,0,289.402,1,8.31218,8.4926,-75.9077,21.0685,10,0.08,0.08,0.0757143
juelich_pilot_d30_r10_log_distance_s02_w1,juelich,12345,2,2,log-distance,36,37,veh1,veh7,10,0,1,990.978,0,8.31218,11.173,nan,nan,0,0.08,0.07,0.0757143
juelich_pilot_d30_r10_log_distance_s02_w1,juelich,12345,2,2,log-distance,36,37,veh1,veh8,2,0,1,999.406,0,8.31103,7.1436,nan,nan,0,0.08,0.06,0.0757143
juelich_pilot_d30_r10_log_distance_s02_w1,juelich,12345,2,2,log-distance,36,37,veh1,veh9,10,10,0,139.156,1,8.31218,3.33957,-69.5464,27.4299,10,0.08,0.08,0.0757143
juelich_pilot_d30_r10_log_distance_s02_w1,juelich,12345,2,2,log-distance,36,37,veh10,veh0,10,10,0,443.115,1,8.50756,13.4469,-79.608,17.3683,10,0.08,0.1,0.0757143
juelich_pilot_d30_r10_log_distance_s02_w1,juelich,12345,2,2,log-distance,36,37,veh10,veh1,10,10,0,263.705,1,8.50756,8.31218,-75.1001,21.8762,10,0.08,0.08,0.0757143
juelich_pilot_d30_r10_log_distance_s02_w1,juelich,12345,2,2,log-distance,36,37,veh10,veh11,10,10,0,226.869,1,8.50756,7.3371,-73.7932,23.1831,10,0.08,0.08,0.0757143
juelich_pilot_d30_r10_log_distance_s02_w1,juelich,12345,2,2,log-distance,36,37,veh10,veh12,10,10,0,398.144,1,8.50756,7.91974,-78.6785,18.2978,10,0.08,0.08,0.0757143
juelich_pilot_d30_r10_log_distance_s02_w1,juelich,12345,2,2,log-distance,36,37,veh10,veh13,10,10,0,362.542,1,8.50756,2.8444,-77.8647,19.1116,10,0.08,0.1,0.0757143
juelich_pilot_d30_r10_log_distance_s02_w1,juelich,12345,2,2,log-distance,36,37,veh10,veh4,10,10,0,141.267,1,8.50756,0,-69.6782,27.2981,10,0.08,0.09,0.0757143
juelich_pilot_d30_r10_log_distance_s02_w1,juelich,12345,2,2,log-distance,36,37,veh10,veh5,10,0,1,959.612,0,8.50756,7.45951,nan,nan,0,0.08,0.07,0.0757143
juelich_pilot_d30_r10_log_distance_s02_w1,juelich,12345,2,2,log-distance,36,37,veh10,veh6,10,10,0,28.6857,1,8.50756,8.4926,-55.831,41.1453,10,0.08,0.08,0.0757143
juelich_pilot_d30_r10_log_distance_s02_w1,juelich,12345,2,2,log-distance,36,37,veh10,veh9,10,10,0,164.229,1,8.50756,3.33957,-70.9866,25.9897,10,0.08,0.08,0.0757143
juelich_pilot_d30_r10_log_distance_s02_w1,juelich,12345,2,2,log-distance,36,37,veh11,veh0,10,10,0,530.962,0,7.3371,13.4469,-81.1789,15.7974,10,0.08,0.1,0.0757143
juelich_pilot_d30_r10_log_distance_s02_w1,juelich,12345,2,2,log-distance,36,37,veh11,veh1,10,10,0,42.5969,1,7.3371,8.31218,-59.2651,37.7112,10,0.08,0.08,0.0757143
juelich_pilot_d30_r10_log_distance_s02_w1,juelich,12345,2,2,log-distance,36,37,veh11,veh10,10,10,0,226.869,1,7.3371,8.50756,-73.7932,23.1831,10,0.08,0.08,0.0757143
juelich_pilot_d30_r10_log_distance_s02_w1,juelich,12345,2,2,log-distance,36,37,veh11,veh12,10,0,1,620.051,0,7.3371,7.91974,nan,nan,0,0.08,0.08,0.0757143
juelich_pilot_d30_r10_log_distance_s02_w1,juelich,12345,2,2,log-distance,36,37,veh11,veh13,10,10,0,462.23,1,7.3371,2.8444,-79.9748,17.0015,10,0.08,0.1,0.0757143
juelich_pilot_d30_r10_log_distance_s02_w1,juelich,12345,2,2,log-distance,36,37,veh11,veh4,10,10,0,259.924,1,7.3371,0,-74.9743,22.0019,10,0.08,0.09,0.0757143
juelich_pilot_d30_r10_log_distance_s02_w1,juelich,12345,2,2,log-distance,36,37,veh11,veh5,10,0,1,965.908,0,7.3371,7.45951,nan,nan,0,0.08,0.07,0.0757143
juelich_pilot_d30_r10_log_distance_s02_w1,juelich,12345,2,2,log-distance,36,37,veh11,veh6,10,10,0,251.473,1,7.3371,8.4926,-74.6875,22.2888,10,0.08,0.08,0.0757143
juelich_pilot_d30_r10_log_distance_s02_w1,juelich,12345,2,2,log-distance,36,37,veh11,veh7,10,0,1,977.918,0,7.3371,11.173,nan,nan,0,0.08,0.07,0.0757143
juelich_pilot_d30_r10_log_distance_s02_w1,juelich,12345,2,2,log-distance,36,37,veh11,veh8,10,0,1,995.907,0,7.3371,7.14424,nan,nan,0,0.08,0.06,0.0757143
juelich_pilot_d30_r10_log_distance_s02_w1,juelich,12345,2,2,log-distance,36,37,veh11,veh9,10,10,0,96.7667,1,7.3371,3.33957,-66.3899,30.5863,10,0.08,0.08,0.0757143
juelich_pilot_d30_r10_log_distance_s02_w1,juelich,12345,2,2,log-distance,36,37,veh12,veh0,10,0,1,454.921,1,7.91974,13.4469,nan,nan,0,0.08,0.1,0.0757143
juelich_pilot_d30_r10_log_distance_s02_w1,juelich,12345,2,2,log-distance,36,37,veh12,veh1,10,0,1,659.427,0,7.91974,8.31218,nan,nan,0,0.08,0.08,0.0757143
juelich_pilot_d30_r10_log_distance_s02_w1,juelich,12345,2,2,log-distance,36,37,veh12,veh10,10,0,1,398.144,1,7.91974,8.50756,nan,nan,0,0.08,0.08,0.0757143
juelich_pilot_d30_r10_log_distance_s02_w1,juelich,12345,2,2,log-distance,36,37,veh12,veh11,10,0,1,620.051,0,7.91974,7.3371,nan,nan,0,0.08,0.08,0.0757143
juelich_pilot_d30_r10_log_distance_s02_w1,juelich,12345,2,2,log-distance,36,37,veh12,veh13,10,0,1,405.371,1,7.91974,2.8444,nan,nan,0,0.08,0.1,0.0757143
juelich_pilot_d30_r10_log_distance_s02_w1,juelich,12345,2,2,log-distance,36,37,veh12,veh4,10,0,1,394.856,1,7.91974,0,nan,nan,0,0.08,0.09,0.0757143
juelich_pilot_d30_r10_log_distance_s02_w1,juelich,12345,2,2,log-distance,36,37,veh12,veh5,10,0,1,974.07,0,7.91974,7.45951,nan,nan,0,0.08,0.07,0.0757143
juelich_pilot_d30_r10_log_distance_s02_w1,juelich,12345,2,2,log-distance,36,37,veh12,veh6,10,0,1,370.924,1,7.91974,8.4926,nan,nan,0,0.08,0.08,0.0757143
juelich_pilot_d30_r10_log_distance_s02_w1,juelich,12345,2,2,log-distance,36,37,veh12,veh9,10,0,1,538.368,0,7.91974,3.33957,nan,nan,0,0.08,0.08,0.0757143
juelich_pilot_d30_r10_log_distance_s02_w1,juelich,12345,2,2,log-distance,36,37,veh13,veh0,10,10,0,80.922,1,2.8444,13.4469,-64.833,14.9202,10,0.1,0.1,0.0757143
juelich_pilot_d30_r10_log_distance_s02_w1,juelich,12345,2,2,log-distance,36,37,veh13,veh1,10,0,1,502.986,0,2.8444,8.31218,nan,nan,0,0.1,0.08,0.0757143
juelich_pilot_d30_r10_log_distance_s02_w1,juelich,12345,2,2,log-distance,36,37,veh13,veh10,10,0,1,362.542,1,2.8444,8.50756,nan,nan,0,0.1,0.08,0.0757143
juelich_pilot_d30_r10_log_distance_s02_w1,juelich,12345,2,2,log-distance,36,37,veh13,veh11,10,0,1,462.23,1,2.8444,7.3371,nan,nan,0,0.1,0.08,0.0757143
juelich_pilot_d30_r10_log_distance_s02_w1,juelich,12345,2,2,log-distance,36,37,veh13,veh12,10,0,1,405.371,1,2.8444,7.91974,nan,nan,0,0.1,0.08,0.0757143
juelich_pilot_d30_r10_log_distance_s02_w1,juelich,12345,2,2,log-distance,36,37,veh13,veh4,10,10,0,228.278,1,2.8444,0,-73.847,4.69665,10,0.1,0.09,0.0757143
juelich_pilot_d30_r10_log_distance_s02_w1,juelich,12345,2,2,log-distance,36,37,veh13,veh5,10,0,1,619.115,0,2.8444,7.45951,nan,nan,0,0.1,0.07,0.0757143
juelich_pilot_d30_r10_log_distance_s02_w1,juelich,12345,2,2,log-distance,36,37,veh13,veh6,10,0,1,343.418,1,2.8444,8.4926,nan,nan,0,0.1,0.08,0.0757143
juelich_pilot_d30_r10_log_distance_s02_w1,juelich,12345,2,2,log-distance,36,37,veh13,veh7,10,0,1,812.523,0,2.8444,11.173,nan,nan,0,0.1,0.07,0.0757143
juelich_pilot_d30_r10_log_distance_s02_w1,juelich,12345,2,2,log-distance,36,37,veh13,veh8,10,0,1,910.891,0,2.8444,7.14424,nan,nan,0,0.1,0.06,0.0757143
juelich_pilot_d30_r10_log_distance_s02_w1,juelich,12345,2,2,log-distance,36,37,veh13,veh9,10,0,1,367.657,1,2.8444,3.33957,nan,nan,0,0.1,0.08,0.0757143
juelich_pilot_d30_r10_log_distance_s02_w1,juelich,12345,2,2,log-distance,36,37,veh2,veh3,10,10,0,56.2998,1,0,11.9019,-61.6709,35.3054,10,0.04,0.05,0.0757143
juelich_pilot_d30_r10_log_distance_s02_w1,juelich,12345,2,2,log-distance,36,37,veh2,veh5,10,0,1,856.816,0,0,7.45951,nan,nan,0,0.04,0.07,0.0757143
juelich_pilot_d30_r10_log_distance_s02_w1,juelich,12345,2,2,log-distance,36,37,veh2,veh7,10,10,0,473.727,1,0,11.173,-80.1881,16.7882,10,0.04,0.07,0.0757143
juelich_pilot_d30_r10_log_distance_s02_w1,juelich,12345,2,2,log-distance,36,37,veh2,veh8,10,10,0,362.661,1,0,7.14424,-77.8677,19.1086,10,0.04,0.06,0.0757143
juelich_pilot_d30_r10_log_distance_s02_w1,juelich,12345,2,2,log-distance,36,37,veh3,veh2,10,10,0,56.2998,1,11.9019,0,-61.6709,35.3054,10,0.05,0.04,0.0757143
juelich_pilot_d30_r10_log_distance_s02_w1,juelich,12345,2,2,log-distance,36,37,veh3,veh5,10,0,1,800.704,0,11.9019,7.45951,nan,nan,0,0.05,0.07,0.0757143
juelich_pilot_d30_r10_log_distance_s02_w1,juelich,12345,2,2,log-distance,36,37,veh3,veh7,10,10,0,418.236,1,11.9019,11.173,-79.1061,17.8701,10,0.05,0.07,0.0757143
juelich_pilot_d30_r10_log_distance_s02_w1,juelich,12345,2,2,log-distance,36,37,veh3,veh8,10,10,0,314.206,1,11.9019,7.14424,-76.6218,20.3545,10,0.05,0.06,0.0757143
juelich_pilot_d30_r10_log_distance_s02_w1,juelich,12345,2,2,log-distance,36,37,veh4,veh0,10,10,0,307.318,1,0,13.4469,-76.4291,20.5472,10,0.09,0.1,0.0757143
juelich_pilot_d30_r10_log_distance_s02_w1,juelich,12345,2,2,log-distance,36,37,veh4,veh1,10,10,0,302.521,1,0,8.31218,-76.2925,20.6837,10,0.09,0.08,0.0757143
juelich_pilot_d30_r10_log_distance_s02_w1,juelich,12345,2,2,log-distance,36,37,veh4,veh10,10,10,0,141.267,1,0,8.50756,-69.6782,27.2981,10,0.09,0.08,0.0757143
juelich_pilot_d30_r10_log_distance_s02_w1,juelich,12345,2,2,log-distance,36,37,veh4,veh11,10,10,0,259.924,1,0,7.3371,-74.9743,22.0019,10,0.09,0.08,0.0757143
juelich_pilot_d30_r10_log_distance_s02_w1,juelich,12345,2,2,log-distance,36,37,veh4,veh12,10,10,0,394.856,1,0,7.91974,-78.6064,18.3699,10,0.09,0.08,0.0757143
juelich_pilot_d30_r10_log_distance_s02_w1,juelich,12345,2,2,log-distance,36,37,veh4,veh13,10,10,0,228.278,1,0,2.8444,-73.847,23.1293,10,0.09,0.1,0.0757143
juelich_pilot_d30_r10_log_distance_s02_w1,juelich,12345,2,2,log-distance,36,37,veh4,veh5,10,0,1,818.43,0,0,7.45951,nan,nan,0,0.09,0.07,0.0757143
juelich_pilot_d30_r10_log_distance_s02_w1,juelich,12345,2,2,log-distance,36,37,veh4,veh6,10,10,0,129.67,1,0,8.4926,-68.9344,28.0419,10,0.09,0.08,0.0757143
juelich_pilot_d30_r10_log_distance_s02_w1,juelich,12345,2,2,log-distance,36,37,veh4,veh7,10,0,1,936.562,0,0,11.173,nan,nan,0,0.09,0.07,0.0757143
juelich_pilot_d30_r10_log_distance_s02_w1,juelich,12345,2,2,log-distance,36,37,veh4,veh8,4,0,1,999.542,0,0,7.13872,nan,nan,0,0.09,0.06,0.0757143
juelich_pilot_d30_r10_log_distance_s02_w1,juelich,12345,2,2,log-distance,36,37,veh4,veh9,10,10,0,164.203,1,0,3.33957,-70.9853,25.991,10,0.09,0.08,0.0757143
juelich_pilot_d30_r10_log_distance_s02_w1,juelich,12345,2,2,log-distance,36,37,veh5,veh0,10,10,0,543.671,0,7.45951,13.4469,-81.3844,15.5919,10,0.07,0.1,0.0757143
juelich_pilot_d30_r10_log_distance_s02_w1,juelich,12345,2,2,log-distance,36,37,veh5,veh1,10,0,1,994.422,0,7.45951,8.31218,nan,nan,0,0.07,0.08,0.0757143
juelich_pilot_d30_r10_log_distance_s02_w1,juelich,12345,2,2,log-distance,36,37,veh5,veh10,10,0,1,959.612,0,7.45951,8.50756,nan,nan,0,0.07,0.08,0.0757143
juelich_pilot_d30_r10_log_distance_s02_w1,juelich,12345,2,2,log-distance,36,37,veh5,veh11,10,0,1,965.908,0,7.45951,7.3371,nan,nan,0,0.07,0.08,0.0757143
juelich_pilot_d30_r10_log_distance_s02_w1,juelich,12345,2,2,log-distance,36,37,veh5,veh12,10,0,1,974.07,0,7.45951,7.91974,nan,nan,0,0.07,0.08,0.0757143
juelich_pilot_d30_r10_log_distance_s02_w1,juelich,12345,2,2,log-distance,36,37,veh5,veh13,10,0,1,619.115,0,7.45951,2.8444,nan,nan,0,0.07,0.1,0.0757143
juelich_pilot_d30_r10_log_distance_s02_w1,juelich,12345,2,2,log-distance,36,37,veh5,veh2,10,0,1,856.816,0,7.45951,0,nan,nan,0,0.07,0.04,0.0757143
juelich_pilot_d30_r10_log_distance_s02_w1,juelich,12345,2,2,log-distance,36,37,veh5,veh3,10,0,1,800.704,0,7.45951,11.9019,nan,nan,0,0.07,0.05,0.0757143
juelich_pilot_d30_r10_log_distance_s02_w1,juelich,12345,2,2,log-distance,36,37,veh5,veh4,10,0,1,818.43,0,7.45951,0,nan,nan,0,0.07,0.09,0.0757143
juelich_pilot_d30_r10_log_distance_s02_w1,juelich,12345,2,2,log-distance,36,37,veh5,veh6,10,0,1,946.678,0,7.45951,8.4926,nan,nan,0,0.07,0.08,0.0757143
juelich_pilot_d30_r10_log_distance_s02_w1,juelich,12345,2,2,log-distance,36,37,veh5,veh7,10,10,0,411.235,1,7.45951,11.173,-78.959,18.0173,10,0.07,0.07,0.0757143
juelich_pilot_d30_r10_log_distance_s02_w1,juelich,12345,2,2,log-distance,36,37,veh5,veh8,10,0,1,584.999,0,7.45951,7.14424,nan,nan,0,0.07,0.06,0.0757143
juelich_pilot_d30_r10_log_distance_s02_w1,juelich,12345,2,2,log-distance,36,37,veh5,veh9,10,0,1,896.5,0,7.45951,3.33957,nan,nan,0,0.07,0.08,0.0757143
juelich_pilot_d30_r10_log_distance_s02_w1,juelich,12345,2,2,log-distance,36,37,veh6,veh0,10,10,0,424.256,1,8.4926,13.4469,-79.2302,17.7461,10,0.08,0.1,0.0757143
juelich_pilot_d30_r10_log_distance_s02_w1,juelich,12345,2,2,log-distance,36,37,veh6,veh1,10,10,0,289.402,1,8.4926,8.31218,-75.9077,21.0685,10,0.08,0.08,0.0757143
juelich_pilot_d30_r10_log_distance_s02_w1,juelich,12345,2,2,log-distance,36,37,veh6,veh10,10,10,0,28.6857,1,8.4926,8.50756,-55.831,41.1453,10,0.08,0.08,0.0757143
juelich_pilot_d30_r10_log_distance_s02_w1,juelich,12345,2,2,log-distance,36,37,veh6,veh11,10,10,0,251.473,1,8.4926,7.3371,-74.6875,22.2888,10,0.08,0.08,0.0757143
juelich_pilot_d30_r10_log_distance_s02_w1,juelich,12345,2,2,log-distance,36,37,veh6,veh12,10,10,0,370.924,1,8.4926,7.91974,-78.0634,18.9129,10,0.08,0.08,0.0757143
juelich_pilot_d30_r10_log_distance_s02_w1,juelich,12345,2,2,log-distance,36,37,veh6,veh13,10,10,0,343.418,1,8.4926,2.8444,-77.394,19.5823,10,0.08,0.1,0.0757143
juelich_pilot_d30_r10_log_distance_s02_w1,juelich,12345,2,2,log-distance,36,37,veh6,veh4,10,10,0,129.67,1,8.4926,0,-68.9344,28.0419,10,0.08,0.09,0.0757143
juelich_pilot_d30_r10_log_distance_s02_w1,juelich,12345,2,2,log-distance,36,37,veh6,veh5,10,0,1,946.678,0,8.4926,7.45951,nan,nan,0,0.08,0.07,0.0757143
juelich_pilot_d30_r10_log_distance_s02_w1,juelich,12345,2,2,log-distance,36,37,veh6,veh9,10,10,0,182.283,1,8.4926,3.33957,-71.8925,25.0838,10,0.08,0.08,0.0757143
juelich_pilot_d30_r10_log_distance_s02_w1,juelich,12345,2,2,log-distance,36,37,veh7,veh0,10,0,1,762.296,0,11.173,13.4469,nan,nan,0,0.07,0.1,0.0757143
juelich_pilot_d30_r10_log_distance_s02_w1,juelich,12345,2,2,log-distance,36,37,veh7,veh1,10,0,1,990.978,0,11.173,8.31218,nan,nan,0,0.07,0.08,0.0757143
juelich_pilot_d30_r10_log_distance_s02_w1,juelich,12345,2,2,log-distance,36,37,veh7,veh11,10,0,1,977.918,0,11.173,7.3371,nan,nan,0,0.07,0.08,0.0757143
juelich_pilot_d30_r10_log_distance_s02_w1,juelich,12345,2,2,log-distance,36,37,veh7,veh13,10,0,1,812.523,0,11.173,2.8444,nan,nan,0,0.07,0.1,0.0757143
juelich_pilot_d30_r10_log_distance_s02_w1,juelich,12345,2,2,log-distance,36,37,veh7,veh2,10,10,0,473.727,1,11.173,0,-80.1881,16.7882,10,0.07,0.04,0.0757143
juelich_pilot_d30_r10_log_distance_s02_w1,juelich,12345,2,2,log-distance,36,37,veh7,veh3,10,10,0,418.236,1,11.173,11.9019,-79.1061,17.8701,10,0.07,0.05,0.0757143
juelich_pilot_d30_r10_log_distance_s02_w1,juelich,12345,2,2,log-distance,36,37,veh7,veh4,10,0,1,936.562,0,11.173,0,nan,nan,0,0.07,0.09,0.0757143
juelich_pilot_d30_r10_log_distance_s02_w1,juelich,12345,2,2,log-distance,36,37,veh7,veh5,10,10,0,411.235,1,11.173,7.45951,-78.959,18.0173,10,0.07,0.07,0.0757143
juelich_pilot_d30_r10_log_distance_s02_w1,juelich,12345,2,2,log-distance,36,37,veh7,veh8,10,10,0,177.028,1,11.173,7.14424,-71.637,25.3393,10,0.07,0.06,0.0757143
juelich_pilot_d30_r10_log_distance_s02_w1,juelich,12345,2,2,log-distance,36,37,veh7,veh9,10,0,1,943.599,0,11.173,3.33957,nan,nan,0,0.07,0.08,0.0757143
juelich_pilot_d30_r10_log_distance_s02_w1,juelich,12345,2,2,log-distance,36,37,veh8,veh0,10,0,1,872.195,0,7.14424,13.4469,nan,nan,0,0.06,0.1,0.0757143
juelich_pilot_d30_r10_log_distance_s02_w1,juelich,12345,2,2,log-distance,36,37,veh8,veh1,2,0,1,999.406,0,7.1436,8.31103,nan,nan,0,0.06,0.08,0.0757143
juelich_pilot_d30_r10_log_distance_s02_w1,juelich,12345,2,2,log-distance,36,37,veh8,veh11,10,0,1,995.907,0,7.14424,7.3371,nan,nan,0,0.06,0.08,0.0757143
juelich_pilot_d30_r10_log_distance_s02_w1,juelich,12345,2,2,log-distance,36,37,veh8,veh13,10,0,1,910.891,0,7.14424,2.8444,nan,nan,0,0.06,0.1,0.0757143
juelich_pilot_d30_r10_log_distance_s02_w1,juelich,12345,2,2,log-distance,36,37,veh8,veh2,10,10,0,362.661,1,7.14424,0,-77.8677,19.1086,10,0.06,0.04,0.0757143
juelich_pilot_d30_r10_log_distance_s02_w1,juelich,12345,2,2,log-distance,36,37,veh8,veh3,10,10,0,314.206,1,7.14424,11.9019,-76.6218,20.3545,10,0.06,0.05,0.0757143
juelich_pilot_d30_r10_log_distance_s02_w1,juelich,12345,2,2,log-distance,36,37,veh8,veh4,4,0,1,999.542,0,7.13872,0,nan,nan,0,0.06,0.09,0.0757143
juelich_pilot_d30_r10_log_distance_s02_w1,juelich,12345,2,2,log-distance,36,37,veh8,veh5,10,0,1,584.999,0,7.14424,7.45951,nan,nan,0,0.06,0.07,0.0757143
juelich_pilot_d30_r10_log_distance_s02_w1,juelich,12345,2,2,log-distance,36,37,veh8,veh7,10,10,0,177.028,1,7.14424,11.173,-71.637,25.3393,10,0.06,0.07,0.0757143
juelich_pilot_d30_r10_log_distance_s02_w1,juelich,12345,2,2,log-distance,36,37,veh8,veh9,10,0,1,978.334,0,7.14424,3.33957,nan,nan,0,0.06,0.08,0.0757143
juelich_pilot_d30_r10_log_distance_s02_w1,juelich,12345,2,2,log-distance,36,37,veh9,veh0,10,10,0,438.651,1,3.33957,13.4469,-79.5197,17.4565,10,0.08,0.1,0.0757143
juelich_pilot_d30_r10_log_distance_s02_w1,juelich,12345,2,2,log-distance,36,37,veh9,veh1,10,10,0,139.156,1,3.33957,8.31218,-69.5464,27.4299,10,0.08,0.08,0.0757143
juelich_pilot_d30_r10_log_distance_s02_w1,juelich,12345,2,2,log-distance,36,37,veh9,veh10,10,10,0,164.229,1,3.33957,8.50756,-70.9866,25.9897,10,0.08,0.08,0.0757143
juelich_pilot_d30_r10_log_distance_s02_w1,juelich,12345,2,2,log-distance,36,37,veh9,veh11,10,10,0,96.7667,1,3.33957,7.3371,-66.3899,30.5863,10,0.08,0.08,0.0757143
juelich_pilot_d30_r10_log_distance_s02_w1,juelich,12345,2,2,log-distance,36,37,veh9,veh12,10,10,0,538.368,0,3.33957,7.91974,-81.2993,15.677,10,0.08,0.08,0.0757143
juelich_pilot_d30_r10_log_distance_s02_w1,juelich,12345,2,2,log-distance,36,37,veh9,veh13,10,10,0,367.657,1,3.33957,2.8444,-77.9866,18.9897,10,0.08,0.1,0.0757143
juelich_pilot_d30_r10_log_distance_s02_w1,juelich,12345,2,2,log-distance,36,37,veh9,veh4,10,10,0,164.203,1,3.33957,0,-70.9853,25.991,10,0.08,0.09,0.0757143
juelich_pilot_d30_r10_log_distance_s02_w1,juelich,12345,2,2,log-distance,36,37,veh9,veh5,10,0,1,896.5,0,3.33957,7.45951,nan,nan,0,0.08,0.07,0.0757143
juelich_pilot_d30_r10_log_distance_s02_w1,juelich,12345,2,2,log-distance,36,37,veh9,veh6,10,10,0,182.283,1,3.33957,8.4926,-71.8925,25.0838,10,0.08,0.08,0.0757143
juelich_pilot_d30_r10_log_distance_s02_w1,juelich,12345,2,2,log-distance,36,37,veh9,veh7,10,0,1,943.599,0,3.33957,11.173,nan,nan,0,0.08,0.07,0.0757143
juelich_pilot_d30_r10_log_distance_s02_w1,juelich,12345,2,2,log-distance,36,37,veh9,veh8,10,0,1,978.334,0,3.33957,7.14424,nan,nan,0,0.08,0.06,0.0757143
juelich_pilot_d30_r10_log_distance_s02_w1,juelich,12345,2,2,log-distance,37,38,veh0,veh1,10,10,0,575.601,0,13.4668,8.328,-81.8801,15.0962,10,0.102,0.083,0.078
juelich_pilot_d30_r10_log_distance_s02_w1,juelich,12345,2,2,log-distance,37,38,veh0,veh10,10,10,0,447.097,1,13.4668,8.52719,-79.6857,17.2906,10,0.102,0.083,0.078
juelich_pilot_d30_r10_log_distance_s02_w1,juelich,12345,2,2,log-distance,37,38,veh0,veh11,10,10,0,536.931,0,13.4668,7.3141,-81.276,15.7003,10,0.102,0.083,0.078
juelich_pilot_d30_r10_log_distance_s02_w1,juelich,12345,2,2,log-distance,37,38,veh0,veh12,10,10,0,462.136,1,13.4668,8.54375,-79.973,17.0033,10,0.102,0.083,0.078
juelich_pilot_d30_r10_log_distance_s02_w1,juelich,12345,2,2,log-distance,37,38,veh0,veh13,10,10,0,93.2848,1,13.4668,4.81591,-66.0657,30.9106,10,0.102,0.102,0.078
juelich_pilot_d30_r10_log_distance_s02_w1,juelich,12345,2,2,log-distance,37,38,veh0,veh14,2,2,0,509.793,0,13.4889,0.125886,-80.8256,16.1507,2,0.102,0.09,0.078
juelich_pilot_d30_r10_log_distance_s02_w1,juelich,12345,2,2,log-distance,37,38,veh0,veh4,10,10,0,318.089,1,13.4668,0,-76.7282,20.2481,10,0.102,0.092,0.078
juelich_pilot_d30_r10_log_distance_s02_w1,juelich,12345,2,2,log-distance,37,38,veh0,veh5,10,10,0,538.19,0,13.4668,7.46634,-81.2964,15.6799,10,0.102,0.069,0.078
juelich_pilot_d30_r10_log_distance_s02_w1,juelich,12345,2,2,log-distance,37,38,veh0,veh6,10,10,0,428.224,1,13.4668,8.5171,-79.3111,17.6652,10,0.102,0.083,0.078
juelich_pilot_d30_r10_log_distance_s02_w1,juelich,12345,2,2,log-distance,37,38,veh0,veh7,10,0,1,753.94,0,13.4668,11.1699,nan,nan,0,0.102,0.069,0.078
juelich_pilot_d30_r10_log_distance_s02_w1,juelich,12345,2,2,log-distance,37,38,veh0,veh8,10,0,1,877.208,0,13.4668,7.11963,nan,nan,0,0.102,0.059,0.078
juelich_pilot_d30_r10_log_distance_s02_w1,juelich,12345,2,2,log-distance,37,38,veh0,veh9,10,10,0,451.686,1,13.4668,0.135154,-79.7741,17.2021,10,0.102,0.083,0.078
juelich_pilot_d30_r10_log_distance_s02_w1,juelich,12345,2,2,log-distance,37,38,veh1,veh0,10,10,0,575.601,0,8.328,13.4668,-81.8801,15.0962,10,0.083,0.102,0.078
juelich_pilot_d30_r10_log_distance_s02_w1,juelich,12345,2,2,log-distance,37,38,veh1,veh10,10,10,0,263.863,1,8.328,8.52719,-75.1053,21.871,10,0.083,0.083,0.078
juelich_pilot_d30_r10_log_distance_s02_w1,juelich,12345,2,2,log-distance,37,38,veh1,veh11,10,10,0,41.5981,1,8.328,7.3141,-59.059,37.9173,10,0.083,0.083,0.078
juelich_pilot_d30_r10_log_distance_s02_w1,juelich,12345,2,2,log-distance,37,38,veh1,veh12,10,0,1,656.639,0,8.328,8.54375,nan,nan,0,0.083,0.083,0.078
juelich_pilot_d30_r10_log_distance_s02_w1,juelich,12345,2,2,log-distance,37,38,veh1,veh13,10,10,0,493.915,1,8.328,4.81591,-80.5506,16.4257,10,0.083,0.102,0.078
juelich_pilot_d30_r10_log_distance_s02_w1,juelich,12345,2,2,log-distance,37,38,veh1,veh14,2,0,1,821.39,0,8.34631,0.125886,nan,nan,0,0.083,0.09,0.078
juelich_pilot_d30_r10_log_distance_s02_w1,juelich,12345,2,2,log-distance,37,38,veh1,veh4,10,10,0,294.204,1,8.328,0,-76.0504,20.9259,10,0.083,0.092,0.078
juelich_pilot_d30_r10_log_distance_s02_w1,juelich,12345,2,2,log-distance,37,38,veh1,veh5,10,0,1,984.277,0,8.328,7.46634,nan,nan,0,0.083,0.069,0.078
juelich_pilot_d30_r10_log_distance_s02_w1,juelich,12345,2,2,log-distance,37,38,veh1,veh6,10,10,0,289.633,1,8.328,8.5171,-75.9147,21.0616,10,0.083,0.083,0.078
juelich_pilot_d30_r10_log_distance_s02_w1,juelich,12345,2,2,log-distance,37,38,veh1,veh7,10,0,1,978.842,0,8.328,11.1699,nan,nan,0,0.083,0.069,0.078
juelich_pilot_d30_r10_log_distance_s02_w1,juelich,12345,2,2,log-distance,37,38,veh1,veh8,10,0,1,996.239,0,8.328,7.11963,nan,nan,0,0.083,0.059,0.078
juelich_pilot_d30_r10_log_distance_s02_w1,juelich,12345,2,2,log-distance,37,38,veh1,veh9,10,10,0,130.747,1,8.328,0.135154,-69.0049,27.9714,10,0.083,0.083,0.078
juelich_pilot_d30_r10_log_distance_s02_w1,juelich,12345,2,2,log-distance,37,38,veh10,veh0,10,10,0,447.097,1,8.52719,13.4668,-79.6857,17.2906,10,0.083,0.102,0.078
juelich_pilot_d30_r10_log_distance_s02_w1,juelich,12345,2,2,log-distance,37,38,veh10,veh1,10,10,0,263.863,1,8.52719,8.328,-75.1053,21.871,10,0.083,0.083,0.078
juelich_pilot_d30_r10_log_distance_s02_w1,juelich,12345,2,2,log-distance,37,38,veh10,veh11,10,10,0,227.858,1,8.52719,7.3141,-73.831,23.1453,10,0.083,0.083,0.078
juelich_pilot_d30_r10_log_distance_s02_w1,juelich,12345,2,2,log-distance,37,38,veh10,veh12,10,10,0,394.54,1,8.52719,8.54375,-78.5995,18.3768,10,0.083,0.083,0.078
juelich_pilot_d30_r10_log_distance_s02_w1,juelich,12345,2,2,log-distance,37,38,veh10,veh13,10,10,0,353.826,1,8.52719,4.81591,-77.6532,19.3231,10,0.083,0.102,0.078
juelich_pilot_d30_r10_log_distance_s02_w1,juelich,12345,2,2,log-distance,37,38,veh10,veh14,2,2,0,564.09,0,8.53184,0.125886,-81.7047,15.2716,2,0.083,0.09,0.078
juelich_pilot_d30_r10_log_distance_s02_w1,juelich,12345,2,2,log-distance,37,38,veh10,veh4,10,10,0,137.266,1,8.52719,0,-69.4287,27.5476,10,0.083,0.092,0.078
juelich_pilot_d30_r10_log_distance_s02_w1,juelich,12345,2,2,log-distance,37,38,veh10,veh5,10,0,1,952.898,0,8.52719,7.46634,nan,nan,0,0.083,0.069,0.078
juelich_pilot_d30_r10_log_distance_s02_w1,juelich,12345,2,2,log-distance,37,38,veh10,veh6,10,10,0,28.6794,1,8.52719,8.5171,-55.8291,41.1472,10,0.083,0.083,0.078
juelich_pilot_d30_r10_log_distance_s02_w1,juelich,12345,2,2,log-distance,37,38,veh10,veh9,10,10,0,168.256,1,8.52719,0.135154,-71.1968,25.7795,10,0.083,0.083,0.078
juelich_pilot_d30_r10_log_distance_s02_w1,juelich,12345,2,2,log-distance,37,38,veh11,veh0,10,10,0,536.931,0,7.3141,13.4668,-81.276,15.7003,10,0.083,0.102,0.078
juelich_pilot_d30_r10_log_distance_s02_w1,juelich,12345,2,2,log-distance,37,38,veh11,veh1,10,10,0,41.5981,1,7.3141,8.328,-59.059,37.9173,10,0.083,0.083,0.078
juelich_pilot_d30_r10_log_distance_s02_w1,juelich,12345,2,2,log-distance,37,38,veh11,veh10,10,10,0,227.858,1,7.3141,8.52719,-73.831,23.1453,10,0.083,0.083,0.078
juelich_pilot_d30_r10_log_distance_s02_w1,juelich,12345,2,2,log-distance,37,38,veh11,veh12,10,0,1,618.437,0,7.3141,8.54375,nan,nan,0,0.083,0.083,0.078
juelich_pilot_d30_r10_log_distance_s02_w1,juelich,12345,2,2,log-distance,37,38,veh11,veh13,10,10,0,454.076,1,7.3141,4.81591,-79.8201,17.1561,10,0.083,0.102,0.078
juelich_pilot_d30_r10_log_distance_s02_w1,juelich,12345,2,2,log-distance,37,38,veh11,veh14,2,0,1,782.107,0,7.35676,0.125886,nan,nan,0,0.083,0.09,0.078
juelich_pilot_d30_r10_log_distance_s02_w1,juelich,12345,2,2,log-distance,37,38,veh11,veh4,10,10,0,252.606,1,7.3141,0,-74.7263,22.25,10,0.083,0.092,0.078
juelich_pilot_d30_r10_log_distance_s02_w1,juelich,12345,2,2,log-distance,37,38,veh11,veh5,10,0,1,956.803,0,7.3141,7.46634,nan,nan,0,0.083,0.069,0.078
juelich_pilot_d30_r10_log_distance_s02_w1,juelich,12345,2,2,log-distance,37,38,veh11,veh6,10,10,0,252.58,1,7.3141,8.5171,-74.7257,22.2506,10,0.083,0.083,0.078
juelich_pilot_d30_r10_log_distance_s02_w1,juelich,12345,2,2,log-distance,37,38,veh11,veh7,10,0,1,966.146,0,7.3141,11.1699,nan,nan,0,0.083,0.069,0.078
juelich_pilot_d30_r10_log_distance_s02_w1,juelich,12345,2,2,log-distance,37,38,veh11,veh8,10,0,1,991.266,0,7.3141,7.11963,nan,nan,0,0.083,0.059,0.078
juelich_pilot_d30_r10_log_distance_s02_w1,juelich,12345,2,2,log-distance,37,38,veh11,veh9,10,10,0,89.3327,1,7.3141,0.135154,-65.6955,31.2807,10,0.083,0.083,0.078
juelich_pilot_d30_r10_log_distance_s02_w1,juelich,12345,2,2,log-distance,37,38,veh12,veh0,10,0,1,462.136,1,8.54375,13.4668,nan,nan,0,0.083,0.102,0.078
juelich_pilot_d30_r10_log_distance_s02_w1,juelich,12345,2,2,log-distance,37,38,veh12,veh1,10,0,1,656.639,0,8.54375,8.328,nan,nan,0,0.083,0.083,0.078
juelich_pilot_d30_r10_log_distance_s02_w1,juelich,12345,2,2,log-distance,37,38,veh12,veh10,10,0,1,394.54,1,8.54375,8.52719,nan,nan,0,0.083,0.083,0.078
juelich_pilot_d30_r10_log_distance_s02_w1,juelich,12345,2,2,log-distance,37,38,veh12,veh11,10,0,1,618.437,0,8.54375,7.3141,nan,nan,0,0.083,0.083,0.078
juelich_pilot_d30_r10_log_distance_s02_w1,juelich,12345,2,2,log-distance,37,38,veh12,veh13,10,0,1,410.058,1,8.54375,4.81591,nan,nan,0,0.083,0.102,0.078
juelich_pilot_d30_r10_log_distance_s02_w1,juelich,12345,2,2,log-distance,37,38,veh12,veh14,2,2,0,182.01,1,8.30503,0.125886,-71.8796,8.49246,2,0.083,0.09,0.078
juelich_pilot_d30_r10_log_distance_s02_w1,juelich,12345,2,2,log-distance,37,38,veh12,veh4,10,0,1,401.514,1,8.54375,0,nan,nan,0,0.083,0.092,0.078
juelich_pilot_d30_r10_log_distance_s02_w1,juelich,12345,2,2,log-distance,37,38,veh12,veh5,10,0,1,982.317,0,8.54375,7.46634,nan,nan,0,0.083,0.069,0.078
juelich_pilot_d30_r10_log_distance_s02_w1,juelich,12345,2,2,log-distance,37,38,veh12,veh6,10,0,1,367.51,1,8.54375,8.5171,nan,nan,0,0.083,0.083,0.078
juelich_pilot_d30_r10_log_distance_s02_w1,juelich,12345,2,2,log-distance,37,38,veh12,veh9,10,0,1,543.434,0,8.54375,0.135154,nan,nan,0,0.083,0.083,0.078
juelich_pilot_d30_r10_log_distance_s02_w1,juelich,12345,2,2,log-distance,37,38,veh13,veh0,10,10,0,93.2848,1,4.81591,13.4668,-66.0657,13.8216,10,0.102,0.102,0.078
juelich_pilot_d30_r10_log_distance_s02_w1,juelich,12345,2,2,log-distance,37,38,veh13,veh1,10,0,1,493.915,1,4.81591,8.328,nan,nan,0,0.102,0.083,0.078
juelich_pilot_d30_r10_log_distance_s02_w1,juelich,12345,2,2,log-distance,37,38,veh13,veh10,10,0,1,353.826,1,4.81591,8.52719,nan,nan,0,0.102,0.083,0.078
juelich_pilot_d30_r10_log_distance_s02_w1,juelich,12345,2,2,log-distance,37,38,veh13,veh11,10,0,1,454.076,1,4.81591,7.3141,nan,nan,0,0.102,0.083,0.078
juelich_pilot_d30_r10_log_distance_s02_w1,juelich,12345,2,2,log-distance,37,38,veh13,veh12,10,0,1,410.058,1,4.81591,8.54375,nan,nan,0,0.102,0.083,0.078
juelich_pilot_d30_r10_log_distance_s02_w1,juelich,12345,2,2,log-distance,37,38,veh13,veh14,2,0,1,489.236,1,5.61233,0.125886,nan,nan,0,0.102,0.09,0.078
juelich_pilot_d30_r10_log_distance_s02_w1,juelich,12345,2,2,log-distance,37,38,veh13,veh4,10,10,0,225.908,1,4.81591,0,-73.7563,4.93049,10,0.102,0.092,0.078
juelich_pilot_d30_r10_log_distance_s02_w1,juelich,12345,2,2,log-distance,37,38,veh13,veh5,10,0,1,621.182,0,4.81591,7.46634,nan,nan,0,0.102,0.069,0.078
juelich_pilot_d30_r10_log_distance_s02_w1,juelich,12345,2,2,log-distance,37,38,veh13,veh6,10,0,1,335.07,1,4.81591,8.5171,nan,nan,0,0.102,0.083,0.078
juelich_pilot_d30_r10_log_distance_s02_w1,juelich,12345,2,2,log-distance,37,38,veh13,veh7,10,0,1,805.15,0,4.81591,11.1699,nan,nan,0,0.102,0.069,0.078
juelich_pilot_d30_r10_log_distance_s02_w1,juelich,12345,2,2,log-distance,37,38,veh13,veh8,10,0,1,913.864,0,4.81591,7.11963,nan,nan,0,0.102,0.059,0.078
juelich_pilot_d30_r10_log_distance_s02_w1,juelich,12345,2,2,log-distance,37,38,veh13,veh9,10,0,1,366.759,1,4.81591,0.135154,nan,nan,0,0.102,0.083,0.078
juelich_pilot_d30_r10_log_distance_s02_w1,juelich,12345,2,2,log-distance,37,38,veh14,veh0,2,2,0,509.793,0,0.125886,13.4889,-80.8256,16.1507,2,0.09,0.102,0.078
juelich_pilot_d30_r10_log_distance_s02_w1,juelich,12345,2,2,log-distance,37,38,veh14,veh1,2,0,1,821.39,0,0.125886,8.34631,nan,nan,0,0.09,0.083,0.078
juelich_pilot_d30_r10_log_distance_s02_w1,juelich,12345,2,2,log-distance,37,38,veh14,veh10,2,2,0,564.09,0,0.125886,8.53184,-81.7047,15.2716,2,0.09,0.083,0.078
juelich_pilot_d30_r10_log_distance_s02_w1,juelich,12345,2,2,log-distance,37,38,veh14,veh11,2,0,1,782.107,0,0.125886,7.35676,nan,nan,0,0.09,0.083,0.078
juelich_pilot_d30_r10_log_distance_s02_w1,juelich,12345,2,2,log-distance,37,38,veh14,veh12,2,2,0,182.01,1,0.125886,8.30503,-71.8796,25.0967,2,0.09,0.083,0.078
juelich_pilot_d30_r10_log_distance_s02_w1,juelich,12345,2,2,log-distance,37,38,veh14,veh13,2,2,0,489.236,1,0.125886,5.61233,-80.4681,16.5082,2,0.09,0.102,0.078
juelich_pilot_d30_r10_log_distance_s02_w1,juelich,12345,2,2,log-distance,37,38,veh14,veh4,2,2,0,550.218,0,0.125886,0,-81.4884,15.4879,2,0.09,0.092,0.078
juelich_pilot_d30_r10_log_distance_s02_w1,juelich,12345,2,2,log-distance,37,38,veh14,veh5,2,0,1,978.331,0,0.125886,7.49129,nan,nan,0,0.09,0.069,0.078
juelich_pilot_d30_r10_log_distance_s02_w1,juelich,12345,2,2,log-distance,37,38,veh14,veh6,2,2,0,536.037,0,0.125886,8.52481,-81.2616,15.7147,2,0.09,0.083,0.078
juelich_pilot_d30_r10_log_distance_s02_w1,juelich,12345,2,2,log-distance,37,38,veh14,veh9,2,0,1,704.52,0,0.125886,0,nan,nan,0,0.09,0.083,0.078
juelich_pilot_d30_r10_log_distance_s02_w1,juelich,12345,2,2,log-distance,37,38,veh2,veh3,10,10,0,69.0455,1,0,12.7202,-63.4483,32.1566,10,0.04,0.049,0.078
juelich_pilot_d30_r10_log_distance_s02_w1,juelich,12345,2,2,log-distance,37,38,veh2,veh5,10,0,1,851.741,0,0,7.46634,nan,nan,0,0.04,0.069,0.078
juelich_pilot_d30_r10_log_distance_s02_w1,juelich,12345,2,2,log-distance,37,38,veh2,veh7,10,10,0,484.373,1,0,11.1699,-80.3811,14.8098,10,0.04,0.069,0.078
juelich_pilot_d30_r10_log_distance_s02_w1,juelich,12345,2,2,log-distance,37,38,veh2,veh8,10,10,0,363.647,1,0,7.11963,-77.8913,17.4518,10,0.04,0.059,0.078
juelich_pilot_d30_r10_log_distance_s02_w1,juelich,12345,2,2,log-distance,37,38,veh3,veh2,10,10,0,69.0455,1,12.7202,0,-63.4483,33.528,10,0.049,0.04,0.078
juelich_pilot_d30_r10_log_distance_s02_w1,juelich,12345,2,2,log-distance,37,38,veh3,veh5,10,0,1,782.785,0,12.7202,7.46634,nan,nan,0,0.049,0.069,0.078
juelich_pilot_d30_r10_log_distance_s02_w1,juelich,12345,2,2,log-distance,37,38,veh3,veh7,10,10,0,416.698,1,12.7202,11.1699,-79.0741,17.9022,10,0.049,0.069,0.078
juelich_pilot_d30_r10_log_distance_s02_w1,juelich,12345,2,2,log-distance,37,38,veh3,veh8,10,10,0,306.088,1,12.7202,7.11963,-76.3944,20.5819,10,0.049,0.059,0.078
juelich_pilot_d30_r10_log_distance_s02_w1,juelich,12345,2,2,log-distance,37,38,veh4,veh0,10,10,0,318.089,1,0,13.4668,-76.7282,20.2481,10,0.092,0.102,0.078
juelich_pilot_d30_r10_log_distance_s02_w1,juelich,12345,2,2,log-distance,37,38,veh4,veh1,10,10,0,294.204,1,0,8.328,-76.0504,20.9259,10,0.092,0.083,0.078
juelich_pilot_d30_r10_log_distance_s02_w1,juelich,12345,2,2,log-distance,37,38,veh4,veh10,10,10,0,137.266,1,0,8.52719,-69.4287,27.5476,10,0.092,0.083,0.078
juelich_pilot_d30_r10_log_distance_s02_w1,juelich,12345,2,2,log-distance,37,38,veh4,veh11,10,10,0,252.606,1,0,7.3141,-74.7263,22.25,10,0.092,0.083,0.078
juelich_pilot_d30_r10_log_distance_s02_w1,juelich,12345,2,2,log-distance,37,38,veh4,veh12,10,10,0,401.514,1,0,8.54375,-78.7516,18.2247,10,0.092,0.083,0.078
juelich_pilot_d30_r10_log_distance_s02_w1,juelich,12345,2,2,log-distance,37,38,veh4,veh13,10,10,0,225.908,1,0,4.81591,-73.7563,23.22,10,0.092,0.102,0.078
juelich_pilot_d30_r10_log_distance_s02_w1,juelich,12345,2,2,log-distance,37,38,veh4,veh14,2,2,0,550.218,0,0,0.125886,-81.4884,15.4879,2,0.092,0.09,0.078
juelich_pilot_d30_r10_log_distance_s02_w1,juelich,12345,2,2,log-distance,37,38,veh4,veh5,10,0,1,815.649,0,0,7.46634,nan,nan,0,0.092,0.069,0.078
juelich_pilot_d30_r10_log_distance_s02_w1,juelich,12345,2,2,log-distance,37,38,veh4,veh6,10,10,0,127.403,1,0,8.5171,-68.7812,28.1951,10,0.092,0.083,0.078
juelich_pilot_d30_r10_log_distance_s02_w1,juelich,12345,2,2,log-distance,37,38,veh4,veh7,10,0,1,925.726,0,0,11.1699,nan,nan,0,0.092,0.069,0.078
juelich_pilot_d30_r10_log_distance_s02_w1,juelich,12345,2,2,log-distance,37,38,veh4,veh8,10,0,1,998,0,0,7.11963,nan,nan,0,0.092,0.059,0.078
juelich_pilot_d30_r10_log_distance_s02_w1,juelich,12345,2,2,log-distance,37,38,veh4,veh9,10,10,0,164.137,1,0,0.135154,-70.9819,25.9944,10,0.092,0.083,0.078
juelich_pilot_d30_r10_log_distance_s02_w1,juelich,12345,2,2,log-distance,37,38,veh5,veh0,10,9,0.1,538.19,0,7.46634,13.4668,-81.2932,15.6831,9,0.069,0.102,0.078
juelich_pilot_d30_r10_log_distance_s02_w1,juelich,12345,2,2,log-distance,37,38,veh5,veh1,10,0,1,984.277,0,7.46634,8.328,nan,nan,0,0.069,0.083,0.078
juelich_pilot_d30_r10_log_distance_s02_w1,juelich,12345,2,2,log-distance,37,38,veh5,veh10,10,0,1,952.898,0,7.46634,8.52719,nan,nan,0,0.069,0.083,0.078
juelich_pilot_d30_r10_log_distance_s02_w1,juelich,12345,2,2,log-distance,37,38,veh5,veh11,10,0,1,956.803,0,7.46634,7.3141,nan,nan,0,0.069,0.083,0.078
juelich_pilot_d30_r10_log_distance_s02_w1,juelich,12345,2,2,log-distance,37,38,veh5,veh12,10,0,1,982.317,0,7.46634,8.54375,nan,nan,0,0.069,0.083,0.078
juelich_pilot_d30_r10_log_distance_s02_w1,juelich,12345,2,2,log-distance,37,38,veh5,veh13,10,0,1,621.182,0,7.46634,4.81591,nan,nan,0,0.069,0.102,0.078
juelich_pilot_d30_r10_log_distance_s02_w1,juelich,12345,2,2,log-distance,37,38,veh5,veh14,2,0,1,978.331,0,7.49129,0.125886,nan,nan,0,0.069,0.09,0.078
juelich_pilot_d30_r10_log_distance_s02_w1,juelich,12345,2,2,log-distance,37,38,veh5,veh2,10,0,1,851.741,0,7.46634,0,nan,nan,0,0.069,0.04,0.078
juelich_pilot_d30_r10_log_distance_s02_w1,juelich,12345,2,2,log-distance,37,38,veh5,veh3,10,0,1,782.785,0,7.46634,12.7202,nan,nan,0,0.069,0.049,0.078
juelich_pilot_d30_r10_log_distance_s02_w1,juelich,12345,2,2,log-distance,37,38,veh5,veh4,10,0,1,815.649,0,7.46634,0,nan,nan,0,0.069,0.092,0.078
juelich_pilot_d30_r10_log_distance_s02_w1,juelich,12345,2,2,log-distance,37,38,veh5,veh6,10,0,1,940.515,0,7.46634,8.5171,nan,nan,0,0.069,0.083,0.078
juelich_pilot_d30_r10_log_distance_s02_w1,juelich,12345,2,2,log-distance,37,38,veh5,veh7,10,9,0.1,396.745,1,7.46634,11.1699,-78.6393,18.337,9,0.069,0.069,0.078
juelich_pilot_d30_r10_log_distance_s02_w1,juelich,12345,2,2,log-distance,37,38,veh5,veh8,10,9,0.1,582.389,0,7.46634,7.11963,-81.981,14.9953,9,0.069,0.059,0.078
juelich_pilot_d30_r10_log_distance_s02_w1,juelich,12345,2,2,log-distance,37,38,veh5,veh9,10,0,1,893.628,0,7.46634,0.135154,nan,nan,0,0.069,0.083,0.078
juelich_pilot_d30_r10_log_distance_s02_w1,juelich,12345,2,2,log-distance,37,38,veh6,veh0,10,10,0,428.224,1,8.5171,13.4668,-79.3111,17.6652,10,0.083,0.102,0.078
juelich_pilot_d30_r10_log_distance_s02_w1,juelich,12345,2,2,log-distance,37,38,veh6,veh1,10,10,0,289.633,1,8.5171,8.328,-75.9147,21.0616,10,0.083,0.083,0.078
juelich_pilot_d30_r10_log_distance_s02_w1,juelich,12345,2,2,log-distance,37,38,veh6,veh10,10,10,0,28.6794,1,8.5171,8.52719,-55.8291,41.1472,10,0.083,0.083,0.078
juelich_pilot_d30_r10_log_distance_s02_w1,juelich,12345,2,2,log-distance,37,38,veh6,veh11,10,10,0,252.58,1,8.5171,7.3141,-74.7257,22.2506,10,0.083,0.083,0.078
juelich_pilot_d30_r10_log_distance_s02_w1,juelich,12345,2,2,log-distance,37,38,veh6,veh12,10,10,0,367.51,1,8.5171,8.54375,-77.9831,18.9932,10,0.083,0.083,0.078
juelich_pilot_d30_r10_log_distance_s02_w1,juelich,12345,2,2,log-distance,37,38,veh6,veh13,10,10,0,335.07,1,8.5171,4.81591,-77.1801,19.7961,10,0.083,0.102,0.078
juelich_pilot_d30_r10_log_distance_s02_w1,juelich,12345,2,2,log-distance,37,38,veh6,veh14,2,2,0,536.037,0,8.52481,0.125886,-81.2616,15.7147,2,0.083,0.09,0.078
juelich_pilot_d30_r10_log_distance_s02_w1,juelich,12345,2,2,log-distance,37,38,veh6,veh4,10,10,0,127.403,1,8.5171,0,-68.7812,28.1951,10,0.083,0.092,0.078
juelich_pilot_d30_r10_log_distance_s02_w1,juelich,12345,2,2,log-distance,37,38,veh6,veh5,10,0,1,940.515,0,8.5171,7.46634,nan,nan,0,0.083,0.069,0.078
juelich_pilot_d30_r10_log_distance_s02_w1,juelich,12345,2,2,log-distance,37,38,veh6,veh9,10,10,0,187.348,1,8.5171,0.135154,-72.1303,24.846,10,0.083,0.083,0.078
juelich_pilot_d30_r10_log_distance_s02_w1,juelich,12345,2,2,log-distance,37,38,veh7,veh0,10,0,1,753.94,0,11.1699,13.4668,nan,nan,0,0.069,0.102,0.078
juelich_pilot_d30_r10_log_distance_s02_w1,juelich,12345,2,2,log-distance,37,38,veh7,veh1,10,0,1,978.842,0,11.1699,8.328,nan,nan,0,0.069,0.083,0.078
juelich_pilot_d30_r10_log_distance_s02_w1,juelich,12345,2,2,log-distance,37,38,veh7,veh11,10,0,1,966.146,0,11.1699,7.3141,nan,nan,0,0.069,0.083,0.078
juelich_pilot_d30_r10_log_distance_s02_w1,juelich,12345,2,2,log-distance,37,38,veh7,veh13,10,0,1,805.15,0,11.1699,4.81591,nan,nan,0,0.069,0.102,0.078
juelich_pilot_d30_r10_log_distance_s02_w1,juelich,12345,2,2,log-distance,37,38,veh7,veh2,10,10,0,484.373,1,11.1699,0,-80.3811,16.5952,10,0.069,0.04,0.078
juelich_pilot_d30_r10_log_distance_s02_w1,juelich,12345,2,2,log-distance,37,38,veh7,veh3,10,10,0,416.698,1,11.1699,12.7202,-79.0741,17.9022,10,0.069,0.049,0.078
juelich_pilot_d30_r10_log_distance_s02_w1,juelich,12345,2,2,log-distance,37,38,veh7,veh4,10,0,1,925.726,0,11.1699,0,nan,nan,0,0.069,0.092,0.078
juelich_pilot_d30_r10_log_distance_s02_w1,juelich,12345,2,2,log-distance,37,38,veh7,veh5,10,10,0,396.745,1,11.1699,7.46634,-78.6475,18.3288,10,0.069,0.069,0.078
juelich_pilot_d30_r10_log_distance_s02_w1,juelich,12345,2,2,log-distance,37,38,veh7,veh8,10,10,0,188.019,1,11.1699,7.11963,-72.1606,24.8156,10,0.069,0.059,0.078
juelich_pilot_d30_r10_log_distance_s02_w1,juelich,12345,2,2,log-distance,37,38,veh7,veh9,10,0,1,934.688,0,11.1699,0.135154,nan,nan,0,0.069,0.083,0.078
juelich_pilot_d30_r10_log_distance_s02_w1,juelich,12345,2,2,log-distance,37,38,veh8,veh0,10,0,1,877.208,0,7.11963,13.4668,nan,nan,0,0.059,0.102,0.078
juelich_pilot_d30_r10_log_distance_s02_w1,juelich,12345,2,2,log-distance,37,38,veh8,veh1,10,0,1,996.239,0,7.11963,8.328,nan,nan,0,0.059,0.083,0.078
juelich_pilot_d30_r10_log_distance_s02_w1,juelich,12345,2,2,log-distance,37,38,veh8,veh11,10,0,1,991.266,0,7.11963,7.3141,nan,nan,0,0.059,0.083,0.078
juelich_pilot_d30_r10_log_distance_s02_w1,juelich,12345,2,2,log-distance,37,38,veh8,veh13,10,0,1,913.864,0,7.11963,4.81591,nan,nan,0,0.059,0.102,0.078
juelich_pilot_d30_r10_log_distance_s02_w1,juelich,12345,2,2,log-distance,37,38,veh8,veh2,10,10,0,363.647,1,7.11963,0,-77.8913,17.8885,10,0.059,0.04,0.078
juelich_pilot_d30_r10_log_distance_s02_w1,juelich,12345,2,2,log-distance,37,38,veh8,veh3,10,10,0,306.088,1,7.11963,12.7202,-76.3944,19.3198,10,0.059,0.049,0.078
juelich_pilot_d30_r10_log_distance_s02_w1,juelich,12345,2,2,log-distance,37,38,veh8,veh4,10,0,1,998,0,7.11963,0,nan,nan,0,0.059,0.092,0.078
juelich_pilot_d30_r10_log_distance_s02_w1,juelich,12345,2,2,log-distance,37,38,veh8,veh5,10,9,0.1,582.389,0,7.11963,7.46634,-81.981,14.9953,9,0.059,0.069,0.078
juelich_pilot_d30_r10_log_distance_s02_w1,juelich,12345,2,2,log-distance,37,38,veh8,veh7,10,10,0,188.019,1,7.11963,11.1699,-72.1606,24.8156,10,0.059,0.069,0.078
juelich_pilot_d30_r10_log_distance_s02_w1,juelich,12345,2,2,log-distance,37,38,veh8,veh9,10,0,1,976.303,0,7.11963,0.135154,nan,nan,0,0.059,0.083,0.078
juelich_pilot_d30_r10_log_distance_s02_w1,juelich,12345,2,2,log-distance,37,38,veh9,veh0,10,10,0,451.686,1,0.135154,13.4668,-79.7741,17.2021,10,0.083,0.102,0.078
juelich_pilot_d30_r10_log_distance_s02_w1,juelich,12345,2,2,log-distance,37,38,veh9,veh1,10,10,0,130.747,1,0.135154,8.328,-69.0049,27.9714,10,0.083,0.083,0.078
juelich_pilot_d30_r10_log_distance_s02_w1,juelich,12345,2,2,log-distance,37,38,veh9,veh10,10,10,0,168.256,1,0.135154,8.52719,-71.1968,25.7795,10,0.083,0.083,0.078
juelich_pilot_d30_r10_log_distance_s02_w1,juelich,12345,2,2,log-distance,37,38,veh9,veh11,10,10,0,89.3327,1,0.135154,7.3141,-65.6955,31.2807,10,0.083,0.083,0.078
juelich_pilot_d30_r10_log_distance_s02_w1,juelich,12345,2,2,log-distance,37,38,veh9,veh12,10,10,0,543.434,0,0.135154,8.54375,-81.3806,15.5957,10,0.083,0.083,0.078
juelich_pilot_d30_r10_log_distance_s02_w1,juelich,12345,2,2,log-distance,37,38,veh9,veh13,10,10,0,366.759,1,0.135154,4.81591,-77.9653,19.011,10,0.083,0.102,0.078
juelich_pilot_d30_r10_log_distance_s02_w1,juelich,12345,2,2,log-distance,37,38,veh9,veh14,2,0,1,704.52,0,0,0.125886,nan,nan,0,0.083,0.09,0.078
juelich_pilot_d30_r10_log_distance_s02_w1,juelich,12345,2,2,log-distance,37,38,veh9,veh4,10,10,0,164.137,1,0.135154,0,-70.9819,25.9944,10,0.083,0.092,0.078
juelich_pilot_d30_r10_log_distance_s02_w1,juelich,12345,2,2,log-distance,37,38,veh9,veh5,10,0,1,893.628,0,0.135154,7.46634,nan,nan,0,0.083,0.069,0.078
juelich_pilot_d30_r10_log_distance_s02_w1,juelich,12345,2,2,log-distance,37,38,veh9,veh6,10,10,0,187.348,1,0.135154,8.5171,-72.1303,24.846,10,0.083,0.083,0.078
juelich_pilot_d30_r10_log_distance_s02_w1,juelich,12345,2,2,log-distance,37,38,veh9,veh7,10,0,1,934.688,0,0.135154,11.1699,nan,nan,0,0.083,0.069,0.078
juelich_pilot_d30_r10_log_distance_s02_w1,juelich,12345,2,2,log-distance,37,38,veh9,veh8,10,0,1,976.303,0,0.135154,7.11963,nan,nan,0,0.083,0.059,0.078
juelich_pilot_d30_r10_log_distance_s02_w1,juelich,12345,2,2,log-distance,38,39,veh0,veh1,10,10,0,580.995,0,13.4677,8.31273,-81.9611,15.0152,10,0.11,0.09,0.0826667
juelich_pilot_d30_r10_log_distance_s02_w1,juelich,12345,2,2,log-distance,38,39,veh0,veh10,10,10,0,451.847,1,13.4677,8.53738,-79.7775,17.1988,10,0.11,0.09,0.0826667
juelich_pilot_d30_r10_log_distance_s02_w1,juelich,12345,2,2,log-distance,38,39,veh0,veh11,10,10,0,543.25,0,13.4677,7.33838,-81.3776,15.5986,10,0.11,0.09,0.0826667
juelich_pilot_d30_r10_log_distance_s02_w1,juelich,12345,2,2,log-distance,38,39,veh0,veh12,10,10,0,469.633,1,13.4677,5.61167,-80.1128,16.8635,10,0.11,0.09,0.0826667
juelich_pilot_d30_r10_log_distance_s02_w1,juelich,12345,2,2,log-distance,38,39,veh0,veh13,10,10,0,108.218,1,13.4677,6.72087,-67.3563,29.62,10,0.11,0.11,0.0826667
juelich_pilot_d30_r10_log_distance_s02_w1,juelich,12345,2,2,log-distance,38,39,veh0,veh14,10,10,0,506.912,0,13.4677,1.5441,-80.7763,16.2,10,0.11,0.09,0.0826667
juelich_pilot_d30_r10_log_distance_s02_w1,juelich,12345,2,2,log-distance,38,39,veh0,veh4,10,10,0,329.689,1,13.4677,0,-77.0393,19.9369,10,0.11,0.1,0.0826667
juelich_pilot_d30_r10_log_distance_s02_w1,juelich,12345,2,2,log-distance,38,39,veh0,veh5,10,10,0,531.515,0,13.4677,7.44531,-81.188,15.7883,10,0.11,0.07,0.0826667
juelich_pilot_d30_r10_log_distance_s02_w1,juelich,12345,2,2,log-distance,38,39,veh0,veh6,10,10,0,433.019,1,13.4677,8.48109,-79.4078,17.5685,10,0.11,0.09,0.0826667
juelich_pilot_d30_r10_log_distance_s02_w1,juelich,12345,2,2,log-distance,38,39,veh0,veh7,10,0,1,744.957,0,13.4677,11.189,nan,nan,0,0.11,0.07,0.0826667
juelich_pilot_d30_r10_log_distance_s02_w1,juelich,12345,2,2,log-distance,38,39,veh0,veh8,10,0,1,881.663,0,13.4677,7.11665,nan,nan,0,0.11,0.06,0.0826667
juelich_pilot_d30_r10_log_distance_s02_w1,juelich,12345,2,2,log-distance,38,39,veh0,veh9,10,10,0,464.607,1,13.4677,0,-80.0191,16.9572,10,0.11,0.09,0.0826667
juelich_pilot_d30_r10_log_distance_s02_w1,juelich,12345,2,2,log-distance,38,39,veh1,veh0,10,10,0,580.995,0,8.31273,13.4677,-81.9611,15.0152,10,0.09,0.11,0.0826667
juelich_pilot_d30_r10_log_distance_s02_w1,juelich,12345,2,2,log-distance,38,39,veh1,veh10,10,10,0,264.022,1,8.31273,8.53738,-75.1105,21.8658,10,0.09,0.09,0.0826667
juelich_pilot_d30_r10_log_distance_s02_w1,juelich,12345,2,2,log-distance,38,39,veh1,veh11,10,10,0,40.599,1,8.31273,7.33838,-58.8478,38.1285,10,0.09,0.09,0.0826667
juelich_pilot_d30_r10_log_distance_s02_w1,juelich,12345,2,2,log-distance,38,39,veh1,veh12,10,0,1,653.263,0,8.31273,5.61167,nan,nan,0,0.09,0.09,0.0826667
juelich_pilot_d30_r10_log_distance_s02_w1,juelich,12345,2,2,log-distance,38,39,veh1,veh13,10,10,0,484.311,1,8.31273,6.72087,-80.38,16.5962,10,0.09,0.11,0.0826667
juelich_pilot_d30_r10_log_distance_s02_w1,juelich,12345,2,2,log-distance,38,39,veh1,veh14,10,0,1,816.024,0,8.31273,1.5441,nan,nan,0,0.09,0.09,0.0826667
juelich_pilot_d30_r10_log_distance_s02_w1,juelich,12345,2,2,log-distance,38,39,veh1,veh4,10,10,0,285.875,1,8.31273,0,-75.8009,21.1754,10,0.09,0.1,0.0826667
juelich_pilot_d30_r10_log_distance_s02_w1,juelich,12345,2,2,log-distance,38,39,veh1,veh5,10,0,1,973.541,0,8.31273,7.44531,nan,nan,0,0.09,0.07,0.0826667
juelich_pilot_d30_r10_log_distance_s02_w1,juelich,12345,2,2,log-distance,38,39,veh1,veh6,10,10,0,289.838,1,8.31273,8.48109,-75.9208,21.0555,10,0.09,0.09,0.0826667
juelich_pilot_d30_r10_log_distance_s02_w1,juelich,12345,2,2,log-distance,38,39,veh1,veh7,10,0,1,966.058,0,8.31273,11.189,nan,nan,0,0.09,0.07,0.0826667
juelich_pilot_d30_r10_log_distance_s02_w1,juelich,12345,2,2,log-distance,38,39,veh1,veh8,10,0,1,991.111,0,8.31273,7.11665,nan,nan,0,0.09,0.06,0.0826667
juelich_pilot_d30_r10_log_distance_s02_w1,juelich,12345,2,2,log-distance,38,39,veh1,veh9,10,10,0,122.445,1,8.31273,0,-68.4349,28.5414,10,0.09,0.09,0.0826667
juelich_pilot_d30_r10_log_distance_s02_w1,juelich,12345,2,2,log-distance,38,39,veh10,veh0,10,10,0,451.847,1,8.53738,13.4677,-79.7775,17.1988,10,0.09,0.11,0.0826667
juelich_pilot_d30_r10_log_distance_s02_w1,juelich,12345,2,2,log-distance,38,39,veh10,veh1,10,10,0,264.022,1,8.53738,8.31273,-75.1105,21.8658,10,0.09,0.09,0.0826667
juelich_pilot_d30_r10_log_distance_s02_w1,juelich,12345,2,2,log-distance,38,39,veh10,veh11,10,10,0,228.851,1,8.53738,7.33838,-73.8688,23.1075,10,0.09,0.09,0.0826667
juelich_pilot_d30_r10_log_distance_s02_w1,juelich,12345,2,2,log-distance,38,39,veh10,veh12,10,10,0,390.488,1,8.53738,5.61167,-78.5098,18.4665,10,0.09,0.09,0.0826667
juelich_pilot_d30_r10_log_distance_s02_w1,juelich,12345,2,2,log-distance,38,39,veh10,veh13,10,10,0,343.702,1,8.53738,6.72087,-77.401,19.5753,10,0.09,0.11,0.0826667
juelich_pilot_d30_r10_log_distance_s02_w1,juelich,12345,2,2,log-distance,38,39,veh10,veh14,10,10,0,558.473,0,8.53738,1.5441,-81.6176,15.3587,10,0.09,0.09,0.0826667
juelich_pilot_d30_r10_log_distance_s02_w1,juelich,12345,2,2,log-distance,38,39,veh10,veh4,10,10,0,133.69,1,8.53738,0,-69.1995,27.7768,10,0.09,0.1,0.0826667
juelich_pilot_d30_r10_log_distance_s02_w1,juelich,12345,2,2,log-distance,38,39,veh10,veh5,10,0,1,945.559,0,8.53738,7.44531,nan,nan,0,0.09,0.07,0.0826667
juelich_pilot_d30_r10_log_distance_s02_w1,juelich,12345,2,2,log-distance,38,39,veh10,veh6,10,10,0,28.6449,1,8.53738,8.48109,-55.8187,41.1576,10,0.09,0.09,0.0826667
juelich_pilot_d30_r10_log_distance_s02_w1,juelich,12345,2,2,log-distance,38,39,veh10,veh9,10,10,0,173.59,1,8.53738,0,-71.4678,25.5084,10,0.09,0.09,0.0826667
juelich_pilot_d30_r10_log_distance_s02_w1,juelich,12345,2,2,log-distance,38,39,veh11,veh0,10,10,0,543.25,0,7.33838,13.4677,-81.3776,15.5986,10,0.09,0.11,0.0826667
juelich_pilot_d30_r10_log_distance_s02_w1,juelich,12345,2,2,log-distance,38,39,veh11,veh1,10,10,0,40.599,1,7.33838,8.31273,-58.8478,38.1285,10,0.09,0.09,0.0826667
juelich_pilot_d30_r10_log_distance_s02_w1,juelich,12345,2,2,log-distance,38,39,veh11,veh10,10,10,0,228.851,1,7.33838,8.53738,-73.8688,23.1075,10,0.09,0.09,0.0826667
juelich_pilot_d30_r10_log_distance_s02_w1,juelich,12345,2,2,log-distance,38,39,veh11,veh12,10,0,1,616.21,0,7.33838,5.61167,nan,nan,0,0.09,0.09,0.0826667
juelich_pilot_d30_r10_log_distance_s02_w1,juelich,12345,2,2,log-distance,38,39,veh11,veh13,10,10,0,445.343,1,7.33838,6.72087,-79.6514,17.3248,10,0.09,0.11,0.0826667
juelich_pilot_d30_r10_log_distance_s02_w1,juelich,12345,2,2,log-distance,38,39,veh11,veh14,10,0,1,777.335,0,7.33838,1.5441,nan,nan,0,0.09,0.09,0.0826667
juelich_pilot_d30_r10_log_distance_s02_w1,juelich,12345,2,2,log-distance,38,39,veh11,veh4,10,10,0,245.276,1,7.33838,0,-74.4705,22.5058,10,0.09,0.1,0.0826667
juelich_pilot_d30_r10_log_distance_s02_w1,juelich,12345,2,2,log-distance,38,39,veh11,veh5,10,0,1,947.085,0,7.33838,7.44531,nan,nan,0,0.09,0.07,0.0826667
juelich_pilot_d30_r10_log_distance_s02_w1,juelich,12345,2,2,log-distance,38,39,veh11,veh6,10,10,0,253.664,1,7.33838,8.48109,-74.7629,22.2134,10,0.09,0.09,0.0826667
juelich_pilot_d30_r10_log_distance_s02_w1,juelich,12345,2,2,log-distance,38,39,veh11,veh7,10,0,1,953.773,0,7.33838,11.189,nan,nan,0,0.09,0.07,0.0826667
juelich_pilot_d30_r10_log_distance_s02_w1,juelich,12345,2,2,log-distance,38,39,veh11,veh8,10,0,1,986.811,0,7.33838,7.11665,nan,nan,0,0.09,0.06,0.0826667
juelich_pilot_d30_r10_log_distance_s02_w1,juelich,12345,2,2,log-distance,38,39,veh11,veh9,10,10,0,82.054,1,7.33838,0,-64.9569,32.0194,10,0.09,0.09,0.0826667
juelich_pilot_d30_r10_log_distance_s02_w1,juelich,12345,2,2,log-distance,38,39,veh12,veh0,10,0,1,469.633,1,5.61167,13.4677,nan,nan,0,0.09,0.11,0.0826667
juelich_pilot_d30_r10_log_distance_s02_w1,juelich,12345,2,2,log-distance,38,39,veh12,veh1,10,0,1,653.263,0,5.61167,8.31273,nan,nan,0,0.09,0.09,0.0826667
juelich_pilot_d30_r10_log_distance_s02_w1,juelich,12345,2,2,log-distance,38,39,veh12,veh10,10,0,1,390.488,1,5.61167,8.53738,nan,nan,0,0.09,0.09,0.0826667
juelich_pilot_d30_r10_log_distance_s02_w1,juelich,12345,2,2,log-distance,38,39,veh12,veh11,10,0,1,616.21,0,5.61167,7.33838,nan,nan,0,0.09,0.09,0.0826667
juelich_pilot_d30_r10_log_distance_s02_w1,juelich,12345,2,2,log-distance,38,39,veh12,veh13,10,0,1,411.733,1,5.61167,6.72087,nan,nan,0,0.09,0.11,0.0826667
juelich_pilot_d30_r10_log_distance_s02_w1,juelich,12345,2,2,log-distance,38,39,veh12,veh14,10,10,0,180.797,1,5.61167,1.5441,-71.8215,8.49383,10,0.09,0.09,0.0826667
juelich_pilot_d30_r10_log_distance_s02_w1,juelich,12345,2,2,log-distance,38,39,veh12,veh4,10,0,1,407.285,1,5.61167,0,nan,nan,0,0.09,0.1,0.0826667
juelich_pilot_d30_r10_log_distance_s02_w1,juelich,12345,2,2,log-distance,38,39,veh12,veh5,10,0,1,988.659,0,5.61167,7.44531,nan,nan,0,0.09,0.07,0.0826667
juelich_pilot_d30_r10_log_distance_s02_w1,juelich,12345,2,2,log-distance,38,39,veh12,veh6,10,0,1,363.664,1,5.61167,8.48109,nan,nan,0,0.09,0.09,0.0826667
juelich_pilot_d30_r10_log_distance_s02_w1,juelich,12345,2,2,log-distance,38,39,veh12,veh9,10,0,1,548.331,0,5.61167,0,nan,nan,0,0.09,0.09,0.0826667
juelich_pilot_d30_r10_log_distance_s02_w1,juelich,12345,2,2,log-distance,38,39,veh13,veh0,10,10,0,108.218,1,6.72087,13.4677,-67.3563,12.6681,10,0.11,0.11,0.0826667
juelich_pilot_d30_r10_log_distance_s02_w1,juelich,12345,2,2,log-distance,38,39,veh13,veh1,10,0,1,484.311,1,6.72087,8.31273,nan,nan,0,0.11,0.09,0.0826667
juelich_pilot_d30_r10_log_distance_s02_w1,juelich,12345,2,2,log-distance,38,39,veh13,veh10,10,0,1,343.702,1,6.72087,8.53738,nan,nan,0,0.11,0.09,0.0826667
juelich_pilot_d30_r10_log_distance_s02_w1,juelich,12345,2,2,log-distance,38,39,veh13,veh11,10,0,1,445.343,1,6.72087,7.33838,nan,nan,0,0.11,0.09,0.0826667
juelich_pilot_d30_r10_log_distance_s02_w1,juelich,12345,2,2,log-distance,38,39,veh13,veh12,10,0,1,411.733,1,6.72087,5.61167,nan,nan,0,0.11,0.09,0.0826667
juelich_pilot_d30_r10_log_distance_s02_w1,juelich,12345,2,2,log-distance,38,39,veh13,veh14,10,0,1,485.981,1,6.72087,1.5441,nan,nan,0,0.11,0.09,0.0826667
juelich_pilot_d30_r10_log_distance_s02_w1,juelich,12345,2,2,log-distance,38,39,veh13,veh4,10,10,0,222.436,1,6.72087,0,-73.6217,5.1872,10,0.11,0.1,0.0826667
juelich_pilot_d30_r10_log_distance_s02_w1,juelich,12345,2,2,log-distance,38,39,veh13,veh5,10,0,1,624.353,0,6.72087,7.44531,nan,nan,0,0.11,0.07,0.0826667
juelich_pilot_d30_r10_log_distance_s02_w1,juelich,12345,2,2,log-distance,38,39,veh13,veh6,10,0,1,325.267,1,6.72087,8.48109,nan,nan,0,0.11,0.09,0.0826667
juelich_pilot_d30_r10_log_distance_s02_w1,juelich,12345,2,2,log-distance,38,39,veh13,veh7,10,0,1,799.717,0,6.72087,11.189,nan,nan,0,0.11,0.07,0.0826667
juelich_pilot_d30_r10_log_distance_s02_w1,juelich,12345,2,2,log-distance,38,39,veh13,veh8,10,0,1,918.689,0,6.72087,7.11665,nan,nan,0,0.11,0.06,0.0826667
juelich_pilot_d30_r10_log_distance_s02_w1,juelich,12345,2,2,log-distance,38,39,veh13,veh9,10,0,1,364.793,1,6.72087,0,nan,nan,0,0.11,0.09,0.0826667
juelich_pilot_d30_r10_log_distance_s02_w1,juelich,12345,2,2,log-distance,38,39,veh14,veh0,10,10,0,506.912,0,1.5441,13.4677,-80.7763,16.2,10,0.09,0.11,0.0826667
juelich_pilot_d30_r10_log_distance_s02_w1,juelich,12345,2,2,log-distance,38,39,veh14,veh1,10,0,1,816.024,0,1.5441,8.31273,nan,nan,0,0.09,0.09,0.0826667
juelich_pilot_d30_r10_log_distance_s02_w1,juelich,12345,2,2,log-distance,38,39,veh14,veh10,10,10,0,558.473,0,1.5441,8.53738,-81.6176,15.3587,10,0.09,0.09,0.0826667
juelich_pilot_d30_r10_log_distance_s02_w1,juelich,12345,2,2,log-distance,38,39,veh14,veh11,10,0,1,777.335,0,1.5441,7.33838,nan,nan,0,0.09,0.09,0.0826667
juelich_pilot_d30_r10_log_distance_s02_w1,juelich,12345,2,2,log-distance,38,39,veh14,veh12,10,10,0,180.797,1,1.5441,5.61167,-71.8215,25.1548,10,0.09,0.09,0.0826667
juelich_pilot_d30_r10_log_distance_s02_w1,juelich,12345,2,2,log-distance,38,39,veh14,veh13,10,10,0,485.981,1,1.5441,6.72087,-80.41,16.5663,10,0.09,0.11,0.0826667
juelich_pilot_d30_r10_log_distance_s02_w1,juelich,12345,2,2,log-distance,38,39,veh14,veh4,10,10,0,549.683,0,1.5441,0,-81.4799,15.4963,10,0.09,0.1,0.0826667
juelich_pilot_d30_r10_log_distance_s02_w1,juelich,12345,2,2,log-distance,38,39,veh14,veh5,10,0,1,978.813,0,1.5441,7.44531,nan,nan,0,0.09,0.07,0.0826667
juelich_pilot_d30_r10_log_distance_s02_w1,juelich,12345,2,2,log-distance,38,39,veh14,veh6,10,10,0,530.443,0,1.5441,8.48109,-81.1703,15.8059,10,0.09,0.09,0.0826667
juelich_pilot_d30_r10_log_distance_s02_w1,juelich,12345,2,2,log-distance,38,39,veh14,veh9,10,0,1,703.949,0,1.5441,0,nan,nan,0,0.09,0.09,0.0826667
juelich_pilot_d30_r10_log_distance_s02_w1,juelich,12345,2,2,log-distance,38,39,veh2,veh3,10,10,0,81.7259,1,0,12.7192,-64.9162,25.1718,10,0.04,0.05,0.0826667
juelich_pilot_d30_r10_log_distance_s02_w1,juelich,12345,2,2,log-distance,38,39,veh2,veh5,10,0,1,846.786,0,0,7.44531,nan,nan,0,0.04,0.07,0.0826667
juelich_pilot_d30_r10_log_distance_s02_w1,juelich,12345,2,2,log-distance,38,39,veh2,veh7,10,10,0,494.706,1,0,11.189,-80.5645,7.44517,10,0.04,0.07,0.0826667
juelich_pilot_d30_r10_log_distance_s02_w1,juelich,12345,2,2,log-distance,38,39,veh2,veh8,10,10,0,365.699,1,0,7.11665,-77.9402,10.8699,10,0.04,0.06,0.0826667
juelich_pilot_d30_r10_log_distance_s02_w1,juelich,12345,2,2,log-distance,38,39,veh3,veh2,10,10,0,81.7259,1,12.7192,0,-64.9162,32.0601,10,0.05,0.04,0.0826667
juelich_pilot_d30_r10_log_distance_s02_w1,juelich,12345,2,2,log-distance,38,39,veh3,veh5,10,0,1,765.194,0,12.7192,7.44531,nan,nan,0,0.05,0.07,0.0826667
juelich_pilot_d30_r10_log_distance_s02_w1,juelich,12345,2,2,log-distance,38,39,veh3,veh7,10,10,0,414.591,1,12.7192,11.189,-79.0301,17.9462,10,0.05,0.07,0.0826667
juelich_pilot_d30_r10_log_distance_s02_w1,juelich,12345,2,2,log-distance,38,39,veh3,veh8,10,10,0,298.416,1,12.7192,7.11665,-76.1739,20.8024,10,0.05,0.06,0.0826667
juelich_pilot_d30_r10_log_distance_s02_w1,juelich,12345,2,2,log-distance,38,39,veh4,veh0,10,10,0,329.689,1,0,13.4677,-77.0393,19.9369,10,0.1,0.11,0.0826667
juelich_pilot_d30_r10_log_distance_s02_w1,juelich,12345,2,2,log-distance,38,39,veh4,veh1,10,10,0,285.875,1,0,8.31273,-75.8009,21.1754,10,0.1,0.09,0.0826667
juelich_pilot_d30_r10_log_distance_s02_w1,juelich,12345,2,2,log-distance,38,39,veh4,veh10,10,10,0,133.69,1,0,8.53738,-69.1995,27.7768,10,0.1,0.09,0.0826667
juelich_pilot_d30_r10_log_distance_s02_w1,juelich,12345,2,2,log-distance,38,39,veh4,veh11,10,10,0,245.276,1,0,7.33838,-74.4705,22.5058,10,0.1,0.09,0.0826667
juelich_pilot_d30_r10_log_distance_s02_w1,juelich,12345,2,2,log-distance,38,39,veh4,veh12,10,10,0,407.285,1,0,5.61167,-78.8756,18.1007,10,0.1,0.09,0.0826667
juelich_pilot_d30_r10_log_distance_s02_w1,juelich,12345,2,2,log-distance,38,39,veh4,veh13,10,10,0,222.436,1,0,6.72087,-73.6217,23.3546,10,0.1,0.11,0.0826667
juelich_pilot_d30_r10_log_distance_s02_w1,juelich,12345,2,2,log-distance,38,39,veh4,veh14,10,10,0,549.683,0,0,1.5441,-81.4799,15.4963,10,0.1,0.09,0.0826667
juelich_pilot_d30_r10_log_distance_s02_w1,juelich,12345,2,2,log-distance,38,39,veh4,veh5,10,0,1,812.083,0,0,7.44531,nan,nan,0,0.1,0.07,0.0826667
juelich_pilot_d30_r10_log_distance_s02_w1,juelich,12345,2,2,log-distance,38,39,veh4,veh6,10,10,0,125.682,1,0,8.48109,-68.6631,28.3132,10,0.1,0.09,0.0826667
juelich_pilot_d30_r10_log_distance_s02_w1,juelich,12345,2,2,log-distance,38,39,veh4,veh7,10,0,1,914.625,0,0,11.189,nan,nan,0,0.1,0.07,0.0826667
juelich_pilot_d30_r10_log_distance_s02_w1,juelich,12345,2,2,log-distance,38,39,veh4,veh8,10,0,1,995.838,0,0,7.11665,nan,nan,0,0.1,0.06,0.0826667
juelich_pilot_d30_r10_log_distance_s02_w1,juelich,12345,2,2,log-distance,38,39,veh4,veh9,10,10,0,164.137,1,0,0,-70.9818,25.9944,10,0.1,0.09,0.0826667
juelich_pilot_d30_r10_log_distance_s02_w1,juelich,12345,2,2,log-distance,38,39,veh5,veh0,10,10,0,531.515,0,7.44531,13.4677,-81.188,15.7883,10,0.07,0.11,0.0826667
juelich_pilot_d30_r10_log_distance_s02_w1,juelich,12345,2,2,log-distance,38,39,veh5,veh1,10,0,1,973.541,0,7.44531,8.31273,nan,nan,0,0.07,0.09,0.0826667
juelich_pilot_d30_r10_log_distance_s02_w1,juelich,12345,2,2,log-distance,38,39,veh5,veh10,10,0,1,945.559,0,7.44531,8.53738,nan,nan,0,0.07,0.09,0.0826667
juelich_pilot_d30_r10_log_distance_s02_w1,juelich,12345,2,2,log-distance,38,39,veh5,veh11,10,0,1,947.085,0,7.44531,7.33838,nan,nan,0,0.07,0.09,0.0826667
juelich_pilot_d30_r10_log_distance_s02_w1,juelich,12345,2,2,log-distance,38,39,veh5,veh12,10,0,1,988.659,0,7.44531,5.61167,nan,nan,0,0.07,0.09,0.0826667
juelich_pilot_d30_r10_log_distance_s02_w1,juelich,12345,2,2,log-distance,38,39,veh5,veh13,10,0,1,624.353,0,7.44531,6.72087,nan,nan,0,0.07,0.11,0.0826667
juelich_pilot_d30_r10_log_distance_s02_w1,juelich,12345,2,2,log-distance,38,39,veh5,veh14,10,0,1,978.813,0,7.44531,1.5441,nan,nan,0,0.07,0.09,0.0826667
juelich_pilot_d30_r10_log_distance_s02_w1,juelich,12345,2,2,log-distance,38,39,veh5,veh2,10,0,1,846.786,0,7.44531,0,nan,nan,0,0.07,0.04,0.0826667
juelich_pilot_d30_r10_log_distance_s02_w1,juelich,12345,2,2,log-distance,38,39,veh5,veh3,10,0,1,765.194,0,7.44531,12.7192,nan,nan,0,0.07,0.05,0.0826667
juelich_pilot_d30_r10_log_distance_s02_w1,juelich,12345,2,2,log-distance,38,39,veh5,veh4,10,0,1,812.083,0,7.44531,0,nan,nan,0,0.07,0.1,0.0826667
juelich_pilot_d30_r10_log_distance_s02_w1,juelich,12345,2,2,log-distance,38,39,veh5,veh6,10,0,1,933.742,0,7.44531,8.48109,nan,nan,0,0.07,0.09,0.0826667
juelich_pilot_d30_r10_log_distance_s02_w1,juelich,12345,2,2,log-distance,38,39,veh5,veh7,10,10,0,383.695,1,7.44531,11.189,-78.357,18.6192,10,0.07,0.07,0.0826667
juelich_pilot_d30_r10_log_distance_s02_w1,juelich,12345,2,2,log-distance,38,39,veh5,veh8,10,10,0,580.087,0,7.44531,7.11665,-81.9476,15.0287,10,0.07,0.06,0.0826667
juelich_pilot_d30_r10_log_distance_s02_w1,juelich,12345,2,2,log-distance,38,39,veh5,veh9,10,0,1,889.008,0,7.44531,0,nan,nan,0,0.07,0.09,0.0826667
juelich_pilot_d30_r10_log_distance_s02_w1,juelich,12345,2,2,log-distance,38,39,veh6,veh0,10,10,0,433.019,1,8.48109,13.4677,-79.4078,17.5685,10,0.09,0.11,0.0826667
juelich_pilot_d30_r10_log_distance_s02_w1,juelich,12345,2,2,log-distance,38,39,veh6,veh1,10,10,0,289.838,1,8.48109,8.31273,-75.9208,21.0555,10,0.09,0.09,0.0826667
juelich_pilot_d30_r10_log_distance_s02_w1,juelich,12345,2,2,log-distance,38,39,veh6,veh10,10,10,0,28.6449,1,8.48109,8.53738,-55.8187,41.1576,10,0.09,0.09,0.0826667
juelich_pilot_d30_r10_log_distance_s02_w1,juelich,12345,2,2,log-distance,38,39,veh6,veh11,10,10,0,253.664,1,8.48109,7.33838,-74.7629,22.2134,10,0.09,0.09,0.0826667
juelich_pilot_d30_r10_log_distance_s02_w1,juelich,12345,2,2,log-distance,38,39,veh6,veh12,10,10,0,363.664,1,8.48109,5.61167,-77.8916,19.0846,10,0.09,0.09,0.0826667
juelich_pilot_d30_r10_log_distance_s02_w1,juelich,12345,2,2,log-distance,38,39,veh6,veh13,10,10,0,325.267,1,8.48109,6.72087,-76.9221,20.0542,10,0.09,0.11,0.0826667
juelich_pilot_d30_r10_log_distance_s02_w1,juelich,12345,2,2,log-distance,38,39,veh6,veh14,10,10,0,530.443,0,8.48109,1.5441,-81.1703,15.8059,10,0.09,0.09,0.0826667
juelich_pilot_d30_r10_log_distance_s02_w1,juelich,12345,2,2,log-distance,38,39,veh6,veh4,10,10,0,125.682,1,8.48109,0,-68.6631,28.3132,10,0.09,0.1,0.0826667
juelich_pilot_d30_r10_log_distance_s02_w1,juelich,12345,2,2,log-distance,38,39,veh6,veh5,10,0,1,933.742,0,8.48109,7.44531,nan,nan,0,0.09,0.07,0.0826667
juelich_pilot_d30_r10_log_distance_s02_w1,juelich,12345,2,2,log-distance,38,39,veh6,veh9,10,10,0,193.514,1,8.48109,0,-72.4116,24.5647,10,0.09,0.09,0.0826667
juelich_pilot_d30_r10_log_distance_s02_w1,juelich,12345,2,2,log-distance,38,39,veh7,veh0,10,0,1,744.957,0,11.189,13.4677,nan,nan,0,0.07,0.11,0.0826667
juelich_pilot_d30_r10_log_distance_s02_w1,juelich,12345,2,2,log-distance,38,39,veh7,veh1,10,0,1,966.058,0,11.189,8.31273,nan,nan,0,0.07,0.09,0.0826667
juelich_pilot_d30_r10_log_distance_s02_w1,juelich,12345,2,2,log-distance,38,39,veh7,veh11,10,0,1,953.773,0,11.189,7.33838,nan,nan,0,0.07,0.09,0.0826667
juelich_pilot_d30_r10_log_distance_s02_w1,juelich,12345,2,2,log-distance,38,39,veh7,veh13,10,0,1,799.717,0,11.189,6.72087,nan,nan,0,0.07,0.11,0.0826667
juelich_pilot_d30_r10_log_distance_s02_w1,juelich,12345,2,2,log-distance,38,39,veh7,veh2,10,10,0,494.706,1,11.189,0,-80.5645,16.4118,10,0.07,0.04,0.0826667
juelich_pilot_d30_r10_log_distance_s02_w1,juelich,12345,2,2,log-distance,38,39,veh7,veh3,10,10,0,414.591,1,11.189,12.7192,-79.0301,17.9462,10,0.07,0.05,0.0826667
juelich_pilot_d30_r10_log_distance_s02_w1,juelich,12345,2,2,log-distance,38,39,veh7,veh4,10,0,1,914.625,0,11.189,0,nan,nan,0,0.07,0.1,0.0826667
juelich_pilot_d30_r10_log_distance_s02_w1,juelich,12345,2,2,log-distance,38,39,veh7,veh5,10,10,0,383.695,1,11.189,7.44531,-78.357,18.6192,10,0.07,0.07,0.0826667
juelich_pilot_d30_r10_log_distance_s02_w1,juelich,12345,2,2,log-distance,38,39,veh7,veh8,10,10,0,197.954,1,11.189,7.11665,-72.6082,24.3681,10,0.07,0.06,0.0826667
juelich_pilot_d30_r10_log_distance_s02_w1,juelich,12345,2,2,log-distance,38,39,veh7,veh9,10,0,1,924.061,0,11.189,0,nan,nan,0,0.07,0.09,0.0826667
juelich_pilot_d30_r10_log_distance_s02_w1,juelich,12345,2,2,log-distance,38,39,veh8,veh0,10,0,1,881.663,0,7.11665,13.4677,nan,nan,0,0.06,0.11,0.0826667
juelich_pilot_d30_r10_log_distance_s02_w1,juelich,12345,2,2,log-distance,38,39,veh8,veh1,10,0,1,991.111,0,7.11665,8.31273,nan,nan,0,0.06,0.09,0.0826667
juelich_pilot_d30_r10_log_distance_s02_w1,juelich,12345,2,2,log-distance,38,39,veh8,veh11,10,0,1,986.811,0,7.11665,7.33838,nan,nan,0,0.06,0.09,0.0826667
juelich_pilot_d30_r10_log_distance_s02_w1,juelich,12345,2,2,log-distance,38,39,veh8,veh13,10,0,1,918.689,0,7.11665,6.72087,nan,nan,0,0.06,0.11,0.0826667
juelich_pilot_d30_r10_log_distance_s02_w1,juelich,12345,2,2,log-distance,38,39,veh8,veh2,10,10,0,365.699,1,7.11665,0,-77.9402,19.0361,10,0.06,0.04,0.0826667
juelich_pilot_d30_r10_log_distance_s02_w1,juelich,12345,2,2,log-distance,38,39,veh8,veh3,10,10,0,298.416,1,7.11665,12.7192,-76.1739,20.8024,10,0.06,0.05,0.0826667
juelich_pilot_d30_r10_log_distance_s02_w1,juelich,12345,2,2,log-distance,38,39,veh8,veh4,10,0,1,995.838,0,7.11665,0,nan,nan,0,0.06,0.1,0.0826667
juelich_pilot_d30_r10_log_distance_s02_w1,juelich,12345,2,2,log-distance,38,39,veh8,veh5,10,10,0,580.087,0,7.11665,7.44531,-81.9476,15.0287,10,0.06,0.07,0.0826667
juelich_pilot_d30_r10_log_distance_s02_w1,juelich,12345,2,2,log-distance,38,39,veh8,veh7,10,10,0,197.954,1,7.11665,11.189,-72.6082,24.3681,10,0.06,0.07,0.0826667
juelich_pilot_d30_r10_log_distance_s02_w1,juelich,12345,2,2,log-distance,38,39,veh8,veh9,10,0,1,973.061,0,7.11665,0,nan,nan,0,0.06,0.09,0.0826667
juelich_pilot_d30_r10_log_distance_s02_w1,juelich,12345,2,2,log-distance,38,39,veh9,veh0,10,10,0,464.607,1,0,13.4677,-80.0191,16.9572,10,0.09,0.11,0.0826667
juelich_pilot_d30_r10_log_distance_s02_w1,juelich,12345,2,2,log-distance,38,39,veh9,veh1,10,10,0,122.445,1,0,8.31273,-68.4349,28.5414,10,0.09,0.09,0.0826667
juelich_pilot_d30_r10_log_distance_s02_w1,juelich,12345,2,2,log-distance,38,39,veh9,veh10,10,10,0,173.59,1,0,8.53738,-71.4678,25.5084,10,0.09,0.09,0.0826667
juelich_pilot_d30_r10_log_distance_s02_w1,juelich,12345,2,2,log-distance,38,39,veh9,veh11,10,10,0,82.054,1,0,7.33838,-64.9569,32.0194,10,0.09,0.09,0.0826667
juelich_pilot_d30_r10_log_distance_s02_w1,juelich,12345,2,2,log-distance,38,39,veh9,veh12,10,10,0,548.331,0,0,5.61167,-81.4585,15.5177,10,0.09,0.09,0.0826667
juelich_pilot_d30_r10_log_distance_s02_w1,juelich,12345,2,2,log-distance,38,39,veh9,veh13,10,10,0,364.793,1,0,6.72087,-77.9186,19.0577,10,0.09,0.11,0.0826667
juelich_pilot_d30_r10_log_distance_s02_w1,juelich,12345,2,2,log-distance,38,39,veh9,veh14,10,0,1,703.949,0,0,1.5441,nan,nan,0,0.09,0.09,0.0826667
juelich_pilot_d30_r10_log_distance_s02_w1,juelich,12345,2,2,log-distance,38,39,veh9,veh4,10,10,0,164.137,1,0,0,-70.9818,25.9944,10,0.09,0.1,0.0826667
juelich_pilot_d30_r10_log_distance_s02_w1,juelich,12345,2,2,log-distance,38,39,veh9,veh5,10,0,1,889.008,0,0,7.44531,nan,nan,0,0.09,0.07,0.0826667
juelich_pilot_d30_r10_log_distance_s02_w1,juelich,12345,2,2,log-distance,38,39,veh9,veh6,10,10,0,193.514,1,0,8.48109,-72.4116,24.5647,10,0.09,0.09,0.0826667
juelich_pilot_d30_r10_log_distance_s02_w1,juelich,12345,2,2,log-distance,38,39,veh9,veh7,10,0,1,924.061,0,0,11.189,nan,nan,0,0.09,0.07,0.0826667
juelich_pilot_d30_r10_log_distance_s02_w1,juelich,12345,2,2,log-distance,38,39,veh9,veh8,10,0,1,973.061,0,0,7.11665,nan,nan,0,0.09,0.06,0.0826667
juelich_pilot_d30_r10_log_distance_s02_w1,juelich,12345,2,2,log-distance,39,40,veh0,veh1,10,0,1,585.976,0,13.4368,8.34096,nan,nan,0,0.11,0.091,0.0828667
juelich_pilot_d30_r10_log_distance_s02_w1,juelich,12345,2,2,log-distance,39,40,veh0,veh10,10,10,0,455.719,1,13.4368,8.50483,-79.8516,17.1247,10,0.11,0.091,0.0828667
juelich_pilot_d30_r10_log_distance_s02_w1,juelich,12345,2,2,log-distance,39,40,veh0,veh11,10,10,0,549.113,0,13.4368,7.32527,-81.4709,15.5054,10,0.11,0.091,0.0828667
juelich_pilot_d30_r10_log_distance_s02_w1,juelich,12345,2,2,log-distance,39,40,veh0,veh12,10,10,0,472.057,1,13.4368,1.30315,-80.1576,16.8187,10,0.11,0.091,0.0828667
juelich_pilot_d30_r10_log_distance_s02_w1,juelich,12345,2,2,log-distance,39,40,veh0,veh13,10,10,0,123.421,1,13.4368,7.57737,-68.5004,28.4759,10,0.11,0.11,0.0828667
juelich_pilot_d30_r10_log_distance_s02_w1,juelich,12345,2,2,log-distance,39,40,veh0,veh14,10,10,0,500.767,0,13.4368,3.49171,-80.6703,16.3059,10,0.11,0.091,0.0828667
juelich_pilot_d30_r10_log_distance_s02_w1,juelich,12345,2,2,log-distance,39,40,veh0,veh4,10,10,0,340.656,1,13.4368,0,-77.3237,19.6526,10,0.11,0.1,0.0828667
juelich_pilot_d30_r10_log_distance_s02_w1,juelich,12345,2,2,log-distance,39,40,veh0,veh5,10,10,0,526.907,0,13.4368,7.45634,-81.1124,15.8639,10,0.11,0.069,0.0828667
juelich_pilot_d30_r10_log_distance_s02_w1,juelich,12345,2,2,log-distance,39,40,veh0,veh6,10,10,0,436.836,1,13.4368,8.50918,-79.484,17.4922,10,0.11,0.091,0.0828667
juelich_pilot_d30_r10_log_distance_s02_w1,juelich,12345,2,2,log-distance,39,40,veh0,veh7,10,0,1,737.836,0,13.4368,11.1848,nan,nan,0,0.11,0.069,0.0828667
juelich_pilot_d30_r10_log_distance_s02_w1,juelich,12345,2,2,log-distance,39,40,veh0,veh8,10,0,1,887.789,0,13.4368,7.11616,nan,nan,0,0.11,0.059,0.0828667
juelich_pilot_d30_r10_log_distance_s02_w1,juelich,12345,2,2,log-distance,39,40,veh0,veh9,10,10,0,477.058,1,13.4368,0,-80.2489,16.7274,10,0.11,0.091,0.0828667
juelich_pilot_d30_r10_log_distance_s02_w1,juelich,12345,2,2,log-distance,39,40,veh1,veh0,10,0,1,585.976,0,8.34096,13.4368,nan,nan,0,0.091,0.11,0.0828667
juelich_pilot_d30_r10_log_distance_s02_w1,juelich,12345,2,2,log-distance,39,40,veh1,veh10,10,10,0,264.217,1,8.34096,8.50483,-75.1169,21.8594,10,0.091,0.091,0.0828667
juelich_pilot_d30_r10_log_distance_s02_w1,juelich,12345,2,2,log-distance,39,40,veh1,veh11,10,10,0,39.6097,1,8.34096,7.32527,-58.6335,38.3428,10,0.091,0.091,0.0828667
juelich_pilot_d30_r10_log_distance_s02_w1,juelich,12345,2,2,log-distance,39,40,veh1,veh12,10,0,1,647.53,0,8.34096,1.30315,nan,nan,0,0.091,0.091,0.0828667
juelich_pilot_d30_r10_log_distance_s02_w1,juelich,12345,2,2,log-distance,39,40,veh1,veh13,10,10,0,474.351,1,8.34096,7.57737,-80.1995,16.7767,10,0.091,0.11,0.0828667
juelich_pilot_d30_r10_log_distance_s02_w1,juelich,12345,2,2,log-distance,39,40,veh1,veh14,10,0,1,805.774,0,8.34096,3.49171,nan,nan,0,0.091,0.091,0.0828667
juelich_pilot_d30_r10_log_distance_s02_w1,juelich,12345,2,2,log-distance,39,40,veh1,veh4,10,10,0,277.549,1,8.34096,0,-75.5442,21.4321,10,0.091,0.1,0.0828667
juelich_pilot_d30_r10_log_distance_s02_w1,juelich,12345,2,2,log-distance,39,40,veh1,veh5,10,0,1,962.94,0,8.34096,7.45634,nan,nan,0,0.091,0.069,0.0828667
juelich_pilot_d30_r10_log_distance_s02_w1,juelich,12345,2,2,log-distance,39,40,veh1,veh6,10,10,0,290.052,1,8.34096,8.50918,-75.9272,21.0491,10,0.091,0.091,0.0828667
juelich_pilot_d30_r10_log_distance_s02_w1,juelich,12345,2,2,log-distance,39,40,veh1,veh7,10,0,1,952.883,0,8.34096,11.1848,nan,nan,0,0.091,0.069,0.0828667
juelich_pilot_d30_r10_log_distance_s02_w1,juelich,12345,2,2,log-distance,39,40,veh1,veh8,10,0,1,986.175,0,8.34096,7.11616,nan,nan,0,0.091,0.059,0.0828667
juelich_pilot_d30_r10_log_distance_s02_w1,juelich,12345,2,2,log-distance,39,40,veh1,veh9,10,10,0,114.15,1,8.34096,0,-67.8253,29.151,10,0.091,0.091,0.0828667
juelich_pilot_d30_r10_log_distance_s02_w1,juelich,12345,2,2,log-distance,39,40,veh10,veh0,10,10,0,455.719,1,8.50483,13.4368,-79.8516,17.1247,10,0.091,0.11,0.0828667
juelich_pilot_d30_r10_log_distance_s02_w1,juelich,12345,2,2,log-distance,39,40,veh10,veh1,10,10,0,264.217,1,8.50483,8.34096,-75.1169,21.8594,10,0.091,0.091,0.0828667
juelich_pilot_d30_r10_log_distance_s02_w1,juelich,12345,2,2,log-distance,39,40,veh10,veh11,10,10,0,229.878,1,8.50483,7.32527,-73.9076,23.0686,10,0.091,0.091,0.0828667
juelich_pilot_d30_r10_log_distance_s02_w1,juelich,12345,2,2,log-distance,39,40,veh10,veh12,10,10,0,384.276,1,8.50483,1.30315,-78.3704,18.6059,10,0.091,0.091,0.0828667
juelich_pilot_d30_r10_log_distance_s02_w1,juelich,12345,2,2,log-distance,39,40,veh10,veh13,10,10,0,332.561,1,8.50483,7.57737,-77.1147,19.8616,10,0.091,0.11,0.0828667
juelich_pilot_d30_r10_log_distance_s02_w1,juelich,12345,2,2,log-distance,39,40,veh10,veh14,10,10,0,547.734,0,8.50483,3.49171,-81.4489,15.5274,10,0.091,0.091,0.0828667
juelich_pilot_d30_r10_log_distance_s02_w1,juelich,12345,2,2,log-distance,39,40,veh10,veh4,10,10,0,130.643,1,8.50483,0,-68.9992,27.9771,10,0.091,0.1,0.0828667
juelich_pilot_d30_r10_log_distance_s02_w1,juelich,12345,2,2,log-distance,39,40,veh10,veh5,10,0,1,938.488,0,8.50483,7.45634,nan,nan,0,0.091,0.069,0.0828667
juelich_pilot_d30_r10_log_distance_s02_w1,juelich,12345,2,2,log-distance,39,40,veh10,veh6,10,10,0,28.6171,1,8.50483,8.50918,-55.8102,41.1661,10,0.091,0.091,0.0828667
juelich_pilot_d30_r10_log_distance_s02_w1,juelich,12345,2,2,log-distance,39,40,veh10,veh9,10,10,0,179.227,1,8.50483,0,-71.7454,25.2309,10,0.091,0.091,0.0828667
juelich_pilot_d30_r10_log_distance_s02_w1,juelich,12345,2,2,log-distance,39,40,veh11,veh0,10,10,0,549.113,0,7.32527,13.4368,-81.4709,15.5054,10,0.091,0.11,0.0828667
juelich_pilot_d30_r10_log_distance_s02_w1,juelich,12345,2,2,log-distance,39,40,veh11,veh1,10,10,0,39.6097,1,7.32527,8.34096,-58.6335,38.3428,10,0.091,0.091,0.0828667
juelich_pilot_d30_r10_log_distance_s02_w1,juelich,12345,2,2,log-distance,39,40,veh11,veh10,10,10,0,229.878,1,7.32527,8.50483,-73.9076,23.0686,10,0.091,0.091,0.0828667
juelich_pilot_d30_r10_log_distance_s02_w1,juelich,12345,2,2,log-distance,39,40,veh11,veh12,10,0,1,611.53,0,7.32527,1.30315,nan,nan,0,0.091,0.091,0.0828667
juelich_pilot_d30_r10_log_distance_s02_w1,juelich,12345,2,2,log-distance,39,40,veh11,veh13,10,10,0,436.216,1,7.32527,7.57737,-79.4716,17.5047,10,0.091,0.11,0.0828667
juelich_pilot_d30_r10_log_distance_s02_w1,juelich,12345,2,2,log-distance,39,40,veh11,veh14,10,0,1,768.085,0,7.32527,3.49171,nan,nan,0,0.091,0.091,0.0828667
juelich_pilot_d30_r10_log_distance_s02_w1,juelich,12345,2,2,log-distance,39,40,veh11,veh4,10,10,0,237.94,1,7.32527,0,-74.2067,22.7696,10,0.091,0.1,0.0828667
juelich_pilot_d30_r10_log_distance_s02_w1,juelich,12345,2,2,log-distance,39,40,veh11,veh5,10,0,1,937.488,0,7.32527,7.45634,nan,nan,0,0.091,0.069,0.0828667
juelich_pilot_d30_r10_log_distance_s02_w1,juelich,12345,2,2,log-distance,39,40,veh11,veh6,10,10,0,254.748,1,7.32527,8.50918,-74.7999,22.1764,10,0.091,0.091,0.0828667
juelich_pilot_d30_r10_log_distance_s02_w1,juelich,12345,2,2,log-distance,39,40,veh11,veh7,10,0,1,941.041,0,7.32527,11.1848,nan,nan,0,0.091,0.069,0.0828667
juelich_pilot_d30_r10_log_distance_s02_w1,juelich,12345,2,2,log-distance,39,40,veh11,veh8,10,0,1,982.528,0,7.32527,7.11616,nan,nan,0,0.091,0.059,0.0828667
juelich_pilot_d30_r10_log_distance_s02_w1,juelich,12345,2,2,log-distance,39,40,veh11,veh9,10,10,0,74.779,1,7.32527,0,-64.1499,32.8264,10,0.091,0.091,0.0828667
juelich_pilot_d30_r10_log_distance_s02_w1,juelich,12345,2,2,log-distance,39,40,veh12,veh0,10,0,1,472.057,1,1.30315,13.4368,nan,nan,0,0.091,0.11,0.0828667
juelich_pilot_d30_r10_log_distance_s02_w1,juelich,12345,2,2,log-distance,39,40,veh12,veh1,10,0,1,647.53,0,1.30315,8.34096,nan,nan,0,0.091,0.091,0.0828667
juelich_pilot_d30_r10_log_distance_s02_w1,juelich,12345,2,2,log-distance,39,40,veh12,veh10,10,0,1,384.276,1,1.30315,8.50483,nan,nan,0,0.091,0.091,0.0828667
juelich_pilot_d30_r10_log_distance_s02_w1,juelich,12345,2,2,log-distance,39,40,veh12,veh11,10,0,1,611.53,0,1.30315,7.32527,nan,nan,0,0.091,0.091,0.0828667
juelich_pilot_d30_r10_log_distance_s02_w1,juelich,12345,2,2,log-distance,39,40,veh12,veh13,10,0,1,407.954,1,1.30315,7.57737,nan,nan,0,0.091,0.11,0.0828667
juelich_pilot_d30_r10_log_distance_s02_w1,juelich,12345,2,2,log-distance,39,40,veh12,veh14,10,10,0,177.794,1,1.30315,3.49171,-71.6759,8.51837,10,0.091,0.091,0.0828667
juelich_pilot_d30_r10_log_distance_s02_w1,juelich,12345,2,2,log-distance,39,40,veh12,veh4,10,0,1,409.817,1,1.30315,0,nan,nan,0,0.091,0.1,0.0828667
juelich_pilot_d30_r10_log_distance_s02_w1,juelich,12345,2,2,log-distance,39,40,veh12,veh5,10,0,1,991.132,0,1.30315,7.45634,nan,nan,0,0.091,0.069,0.0828667
juelich_pilot_d30_r10_log_distance_s02_w1,juelich,12345,2,2,log-distance,39,40,veh12,veh6,10,0,1,357.597,1,1.30315,8.50918,nan,nan,0,0.091,0.091,0.0828667
juelich_pilot_d30_r10_log_distance_s02_w1,juelich,12345,2,2,log-distance,39,40,veh12,veh9,10,0,1,550.48,0,1.30315,0,nan,nan,0,0.091,0.091,0.0828667
juelich_pilot_d30_r10_log_distance_s02_w1,juelich,12345,2,2,log-distance,39,40,veh13,veh0,10,10,0,123.421,1,7.57737,13.4368,-68.5004,11.5678,10,0.11,0.11,0.0828667
juelich_pilot_d30_r10_log_distance_s02_w1,juelich,12345,2,2,log-distance,39,40,veh13,veh1,10,0,1,474.351,1,7.57737,8.34096,nan,nan,0,0.11,0.091,0.0828667
juelich_pilot_d30_r10_log_distance_s02_w1,juelich,12345,2,2,log-distance,39,40,veh13,veh10,10,0,1,332.561,1,7.57737,8.50483,nan,nan,0,0.11,0.091,0.0828667
juelich_pilot_d30_r10_log_distance_s02_w1,juelich,12345,2,2,log-distance,39,40,veh13,veh11,10,0,1,436.216,1,7.57737,7.32527,nan,nan,0,0.11,0.091,0.0828667
juelich_pilot_d30_r10_log_distance_s02_w1,juelich,12345,2,2,log-distance,39,40,veh13,veh12,10,0,1,407.954,1,7.57737,1.30315,nan,nan,0,0.11,0.091,0.0828667
juelich_pilot_d30_r10_log_distance_s02_w1,juelich,12345,2,2,log-distance,39,40,veh13,veh14,10,0,1,479.111,1,7.57737,3.49171,nan,nan,0,0.11,0.091,0.0828667
juelich_pilot_d30_r10_log_distance_s02_w1,juelich,12345,2,2,log-distance,39,40,veh13,veh4,10,10,0,218.238,1,7.57737,0,-73.4562,5.40576,10,0.11,0.1,0.0828667
juelich_pilot_d30_r10_log_distance_s02_w1,juelich,12345,2,2,log-distance,39,40,veh13,veh5,10,0,1,629.042,0,7.57737,7.45634,nan,nan,0,0.11,0.069,0.0828667
juelich_pilot_d30_r10_log_distance_s02_w1,juelich,12345,2,2,log-distance,39,40,veh13,veh6,10,0,1,314.338,1,7.57737,8.50918,nan,nan,0,0.11,0.091,0.0828667
juelich_pilot_d30_r10_log_distance_s02_w1,juelich,12345,2,2,log-distance,39,40,veh13,veh7,10,0,1,795.819,0,7.57737,11.1848,nan,nan,0,0.11,0.069,0.0828667
juelich_pilot_d30_r10_log_distance_s02_w1,juelich,12345,2,2,log-distance,39,40,veh13,veh8,10,0,1,924.902,0,7.57737,7.11616,nan,nan,0,0.11,0.059,0.0828667
juelich_pilot_d30_r10_log_distance_s02_w1,juelich,12345,2,2,log-distance,39,40,veh13,veh9,10,0,1,362.451,1,7.57737,0,nan,nan,0,0.11,0.091,0.0828667
juelich_pilot_d30_r10_log_distance_s02_w1,juelich,12345,2,2,log-distance,39,40,veh14,veh0,10,10,0,500.767,0,3.49171,13.4368,-80.6703,16.3059,10,0.091,0.11,0.0828667
juelich_pilot_d30_r10_log_distance_s02_w1,juelich,12345,2,2,log-distance,39,40,veh14,veh1,10,0,1,805.774,0,3.49171,8.34096,nan,nan,0,0.091,0.091,0.0828667
juelich_pilot_d30_r10_log_distance_s02_w1,juelich,12345,2,2,log-distance,39,40,veh14,veh10,10,10,0,547.734,0,3.49171,8.50483,-81.4489,15.5274,10,0.091,0.091,0.0828667
juelich_pilot_d30_r10_log_distance_s02_w1,juelich,12345,2,2,log-distance,39,40,veh14,veh11,10,0,1,768.085,0,3.49171,7.32527,nan,nan,0,0.091,0.091,0.0828667
juelich_pilot_d30_r10_log_distance_s02_w1,juelich,12345,2,2,log-distance,39,40,veh14,veh12,10,10,0,177.794,1,3.49171,1.30315,-71.6759,25.3004,10,0.091,0.091,0.0828667
juelich_pilot_d30_r10_log_distance_s02_w1,juelich,12345,2,2,log-distance,39,40,veh14,veh13,10,10,0,479.111,1,3.49171,7.57737,-80.2863,16.6899,10,0.091,0.11,0.0828667
juelich_pilot_d30_r10_log_distance_s02_w1,juelich,12345,2,2,log-distance,39,40,veh14,veh4,10,10,0,547.606,0,3.49171,0,-81.4471,15.5292,10,0.091,0.1,0.0828667
juelich_pilot_d30_r10_log_distance_s02_w1,juelich,12345,2,2,log-distance,39,40,veh14,veh5,10,0,1,979.741,0,3.49171,7.45634,nan,nan,0,0.091,0.069,0.0828667
juelich_pilot_d30_r10_log_distance_s02_w1,juelich,12345,2,2,log-distance,39,40,veh14,veh6,10,10,0,519.741,0,3.49171,8.50918,-80.9933,15.983,10,0.091,0.091,0.0828667
juelich_pilot_d30_r10_log_distance_s02_w1,juelich,12345,2,2,log-distance,39,40,veh14,veh9,10,0,1,701.733,0,3.49171,0,nan,nan,0,0.091,0.091,0.0828667
juelich_pilot_d30_r10_log_distance_s02_w1,juelich,12345,2,2,log-distance,39,40,veh2,veh3,10,10,0,94.4347,1,0,12.7535,-66.1738,23.8602,10,0.04,0.049,0.0828667
juelich_pilot_d30_r10_log_distance_s02_w1,juelich,12345,2,2,log-distance,39,40,veh2,veh5,10,0,1,841.903,0,0,7.45634,nan,nan,0,0.04,0.069,0.0828667
juelich_pilot_d30_r10_log_distance_s02_w1,juelich,12345,2,2,log-distance,39,40,veh2,veh7,10,10,0,504.692,0,0,11.1848,-80.7381,7.20407,10,0.04,0.069,0.0828667
juelich_pilot_d30_r10_log_distance_s02_w1,juelich,12345,2,2,log-distance,39,40,veh2,veh8,10,10,0,367.882,1,0,7.11616,-77.9919,10.8151,10,0.04,0.059,0.0828667
juelich_pilot_d30_r10_log_distance_s02_w1,juelich,12345,2,2,log-distance,39,40,veh3,veh2,10,10,0,94.4347,1,12.7535,0,-66.1738,30.8025,10,0.049,0.04,0.0828667
juelich_pilot_d30_r10_log_distance_s02_w1,juelich,12345,2,2,log-distance,39,40,veh3,veh5,10,0,1,747.639,0,12.7535,7.45634,nan,nan,0,0.049,0.069,0.0828667
juelich_pilot_d30_r10_log_distance_s02_w1,juelich,12345,2,2,log-distance,39,40,veh3,veh7,10,10,0,412.199,1,12.7535,11.1848,-78.9798,17.9965,10,0.049,0.069,0.0828667
juelich_pilot_d30_r10_log_distance_s02_w1,juelich,12345,2,2,log-distance,39,40,veh3,veh8,10,10,0,291.367,1,12.7535,7.11616,-75.9663,21.01,10,0.049,0.059,0.0828667
juelich_pilot_d30_r10_log_distance_s02_w1,juelich,12345,2,2,log-distance,39,40,veh4,veh0,10,10,0,340.656,1,0,13.4368,-77.3237,19.6526,10,0.1,0.11,0.0828667
juelich_pilot_d30_r10_log_distance_s02_w1,juelich,12345,2,2,log-distance,39,40,veh4,veh1,10,10,0,277.549,1,0,8.34096,-75.5442,21.4321,10,0.1,0.091,0.0828667
juelich_pilot_d30_r10_log_distance_s02_w1,juelich,12345,2,2,log-distance,39,40,veh4,veh10,10,10,0,130.643,1,0,8.50483,-68.9992,27.9771,10,0.1,0.091,0.0828667
juelich_pilot_d30_r10_log_distance_s02_w1,juelich,12345,2,2,log-distance,39,40,veh4,veh11,10,10,0,237.94,1,0,7.32527,-74.2067,22.7696,10,0.1,0.091,0.0828667
juelich_pilot_d30_r10_log_distance_s02_w1,juelich,12345,2,2,log-distance,39,40,veh4,veh12,10,10,0,409.817,1,0,1.30315,-78.9295,18.0468,10,0.1,0.091,0.0828667
juelich_pilot_d30_r10_log_distance_s02_w1,juelich,12345,2,2,log-distance,39,40,veh4,veh13,10,10,0,218.238,1,0,7.57737,-73.4562,23.5201,10,0.1,0.11,0.0828667
juelich_pilot_d30_r10_log_distance_s02_w1,juelich,12345,2,2,log-distance,39,40,veh4,veh14,10,10,0,547.606,0,0,3.49171,-81.4471,15.5292,10,0.1,0.091,0.0828667
juelich_pilot_d30_r10_log_distance_s02_w1,juelich,12345,2,2,log-distance,39,40,veh4,veh5,10,0,1,808.557,0,0,7.45634,nan,nan,0,0.1,0.069,0.0828667
juelich_pilot_d30_r10_log_distance_s02_w1,juelich,12345,2,2,log-distance,39,40,veh4,veh6,10,10,0,124.517,1,0,8.50918,-68.5823,28.394,10,0.1,0.091,0.0828667
juelich_pilot_d30_r10_log_distance_s02_w1,juelich,12345,2,2,log-distance,39,40,veh4,veh7,10,0,1,903.402,0,0,11.1848,nan,nan,0,0.1,0.069,0.0828667
juelich_pilot_d30_r10_log_distance_s02_w1,juelich,12345,2,2,log-distance,39,40,veh4,veh8,10,0,1,993.716,0,0,7.11616,nan,nan,0,0.1,0.059,0.0828667
juelich_pilot_d30_r10_log_distance_s02_w1,juelich,12345,2,2,log-distance,39,40,veh4,veh9,10,10,0,164.137,1,0,0,-70.9818,25.9944,10,0.1,0.091,0.0828667
juelich_pilot_d30_r10_log_distance_s02_w1,juelich,12345,2,2,log-distance,39,40,veh5,veh0,10,10,0,526.907,0,7.45634,13.4368,-81.1124,14.6995,10,0.069,0.11,0.0828667
juelich_pilot_d30_r10_log_distance_s02_w1,juelich,12345,2,2,log-distance,39,40,veh5,veh1,10,0,1,962.94,0,7.45634,8.34096,nan,nan,0,0.069,0.091,0.0828667
juelich_pilot_d30_r10_log_distance_s02_w1,juelich,12345,2,2,log-distance,39,40,veh5,veh10,10,0,1,938.488,0,7.45634,8.50483,nan,nan,0,0.069,0.091,0.0828667
juelich_pilot_d30_r10_log_distance_s02_w1,juelich,12345,2,2,log-distance,39,40,veh5,veh11,10,0,1,937.488,0,7.45634,7.32527,nan,nan,0,0.069,0.091,0.0828667
juelich_pilot_d30_r10_log_distance_s02_w1,juelich,12345,2,2,log-distance,39,40,veh5,veh12,10,0,1,991.132,0,7.45634,1.30315,nan,nan,0,0.069,0.091,0.0828667
juelich_pilot_d30_r10_log_distance_s02_w1,juelich,12345,2,2,log-distance,39,40,veh5,veh13,10,0,1,629.042,0,7.45634,7.57737,nan,nan,0,0.069,0.11,0.0828667
juelich_pilot_d30_r10_log_distance_s02_w1,juelich,12345,2,2,log-distance,39,40,veh5,veh14,10,0,1,979.741,0,7.45634,3.49171,nan,nan,0,0.069,0.091,0.0828667
juelich_pilot_d30_r10_log_distance_s02_w1,juelich,12345,2,2,log-distance,39,40,veh5,veh2,10,0,1,841.903,0,7.45634,0,nan,nan,0,0.069,0.04,0.0828667
juelich_pilot_d30_r10_log_distance_s02_w1,juelich,12345,2,2,log-distance,39,40,veh5,veh3,10,0,1,747.639,0,7.45634,12.7535,nan,nan,0,0.069,0.049,0.0828667
juelich_pilot_d30_r10_log_distance_s02_w1,juelich,12345,2,2,log-distance,39,40,veh5,veh4,10,0,1,808.557,0,7.45634,0,nan,nan,0,0.069,0.1,0.0828667
juelich_pilot_d30_r10_log_distance_s02_w1,juelich,12345,2,2,log-distance,39,40,veh5,veh6,10,0,1,927.178,0,7.45634,8.50918,nan,nan,0,0.069,0.091,0.0828667
juelich_pilot_d30_r10_log_distance_s02_w1,juelich,12345,2,2,log-distance,39,40,veh5,veh7,10,9,0.1,371.548,1,7.45634,11.1848,-78.076,18.9003,9,0.069,0.069,0.0828667
juelich_pilot_d30_r10_log_distance_s02_w1,juelich,12345,2,2,log-distance,39,40,veh5,veh8,10,9,0.1,577.832,0,7.45634,7.11616,-81.9135,15.0628,9,0.069,0.059,0.0828667
juelich_pilot_d30_r10_log_distance_s02_w1,juelich,12345,2,2,log-distance,39,40,veh5,veh9,10,0,1,884.415,0,7.45634,0,nan,nan,0,0.069,0.091,0.0828667
juelich_pilot_d30_r10_log_distance_s02_w1,juelich,12345,2,2,log-distance,39,40,veh6,veh0,10,10,0,436.836,1,8.50918,13.4368,-79.484,17.4922,10,0.091,0.11,0.0828667
juelich_pilot_d30_r10_log_distance_s02_w1,juelich,12345,2,2,log-distance,39,40,veh6,veh1,10,10,0,290.052,1,8.50918,8.34096,-75.9272,21.0491,10,0.091,0.091,0.0828667
juelich_pilot_d30_r10_log_distance_s02_w1,juelich,12345,2,2,log-distance,39,40,veh6,veh10,10,10,0,28.6171,1,8.50918,8.50483,-55.8102,41.1661,10,0.091,0.091,0.0828667
juelich_pilot_d30_r10_log_distance_s02_w1,juelich,12345,2,2,log-distance,39,40,veh6,veh11,10,10,0,254.748,1,8.50918,7.32527,-74.7999,22.1764,10,0.091,0.091,0.0828667
juelich_pilot_d30_r10_log_distance_s02_w1,juelich,12345,2,2,log-distance,39,40,veh6,veh12,10,10,0,357.597,1,8.50918,1.30315,-77.7454,19.2309,10,0.091,0.091,0.0828667
juelich_pilot_d30_r10_log_distance_s02_w1,juelich,12345,2,2,log-distance,39,40,veh6,veh13,10,10,0,314.338,1,8.50918,7.57737,-76.6252,20.3511,10,0.091,0.11,0.0828667
juelich_pilot_d30_r10_log_distance_s02_w1,juelich,12345,2,2,log-distance,39,40,veh6,veh14,10,10,0,519.741,0,8.50918,3.49171,-80.9933,15.983,10,0.091,0.091,0.0828667
juelich_pilot_d30_r10_log_distance_s02_w1,juelich,12345,2,2,log-distance,39,40,veh6,veh4,10,10,0,124.517,1,8.50918,0,-68.5823,28.394,10,0.091,0.1,0.0828667
juelich_pilot_d30_r10_log_distance_s02_w1,juelich,12345,2,2,log-distance,39,40,veh6,veh5,10,0,1,927.178,0,8.50918,7.45634,nan,nan,0,0.091,0.069,0.0828667
juelich_pilot_d30_r10_log_distance_s02_w1,juelich,12345,2,2,log-distance,39,40,veh6,veh9,10,10,0,199.858,1,8.50918,0,-72.6918,24.2845,10,0.091,0.091,0.0828667
juelich_pilot_d30_r10_log_distance_s02_w1,juelich,12345,2,2,log-distance,39,40,veh7,veh0,10,0,1,737.836,0,11.1848,13.4368,nan,nan,0,0.069,0.11,0.0828667
juelich_pilot_d30_r10_log_distance_s02_w1,juelich,12345,2,2,log-distance,39,40,veh7,veh1,10,0,1,952.883,0,11.1848,8.34096,nan,nan,0,0.069,0.091,0.0828667
juelich_pilot_d30_r10_log_distance_s02_w1,juelich,12345,2,2,log-distance,39,40,veh7,veh11,10,0,1,941.041,0,11.1848,7.32527,nan,nan,0,0.069,0.091,0.0828667
juelich_pilot_d30_r10_log_distance_s02_w1,juelich,12345,2,2,log-distance,39,40,veh7,veh13,10,0,1,795.819,0,11.1848,7.57737,nan,nan,0,0.069,0.11,0.0828667
juelich_pilot_d30_r10_log_distance_s02_w1,juelich,12345,2,2,log-distance,39,40,veh7,veh2,10,10,0,504.692,0,11.1848,0,-80.7381,16.2382,10,0.069,0.04,0.0828667
juelich_pilot_d30_r10_log_distance_s02_w1,juelich,12345,2,2,log-distance,39,40,veh7,veh3,10,10,0,412.199,1,11.1848,12.7535,-78.9798,17.9965,10,0.069,0.049,0.0828667
juelich_pilot_d30_r10_log_distance_s02_w1,juelich,12345,2,2,log-distance,39,40,veh7,veh4,10,0,1,903.402,0,11.1848,0,nan,nan,0,0.069,0.1,0.0828667
juelich_pilot_d30_r10_log_distance_s02_w1,juelich,12345,2,2,log-distance,39,40,veh7,veh5,10,10,0,371.548,1,11.1848,7.45634,-78.0776,18.8987,10,0.069,0.069,0.0828667
juelich_pilot_d30_r10_log_distance_s02_w1,juelich,12345,2,2,log-distance,39,40,veh7,veh8,10,10,0,207.152,1,11.1848,7.11616,-73.0028,23.9735,10,0.069,0.059,0.0828667
juelich_pilot_d30_r10_log_distance_s02_w1,juelich,12345,2,2,log-distance,39,40,veh7,veh9,10,0,1,913.148,0,11.1848,0,nan,nan,0,0.069,0.091,0.0828667
juelich_pilot_d30_r10_log_distance_s02_w1,juelich,12345,2,2,log-distance,39,40,veh8,veh0,10,0,1,887.789,0,7.11616,13.4368,nan,nan,0,0.059,0.11,0.0828667
juelich_pilot_d30_r10_log_distance_s02_w1,juelich,12345,2,2,log-distance,39,40,veh8,veh1,10,0,1,986.175,0,7.11616,8.34096,nan,nan,0,0.059,0.091,0.0828667
juelich_pilot_d30_r10_log_distance_s02_w1,juelich,12345,2,2,log-distance,39,40,veh8,veh11,10,0,1,982.528,0,7.11616,7.32527,nan,nan,0,0.059,0.091,0.0828667
juelich_pilot_d30_r10_log_distance_s02_w1,juelich,12345,2,2,log-distance,39,40,veh8,veh13,10,0,1,924.902,0,7.11616,7.57737,nan,nan,0,0.059,0.11,0.0828667
juelich_pilot_d30_r10_log_distance_s02_w1,juelich,12345,2,2,log-distance,39,40,veh8,veh2,10,10,0,367.882,1,7.11616,0,-77.9919,17.7775,10,0.059,0.04,0.0828667
juelich_pilot_d30_r10_log_distance_s02_w1,juelich,12345,2,2,log-distance,39,40,veh8,veh3,10,10,0,291.367,1,7.11616,12.7535,-75.9663,19.7064,10,0.059,0.049,0.0828667
juelich_pilot_d30_r10_log_distance_s02_w1,juelich,12345,2,2,log-distance,39,40,veh8,veh4,10,0,1,993.716,0,7.11616,0,nan,nan,0,0.059,0.1,0.0828667
juelich_pilot_d30_r10_log_distance_s02_w1,juelich,12345,2,2,log-distance,39,40,veh8,veh5,10,9,0.1,577.832,0,7.11616,7.45634,-81.9135,15.0628,9,0.059,0.069,0.0828667
juelich_pilot_d30_r10_log_distance_s02_w1,juelich,12345,2,2,log-distance,39,40,veh8,veh7,10,10,0,207.152,1,7.11616,11.1848,-73.0028,23.9735,10,0.059,0.069,0.0828667
juelich_pilot_d30_r10_log_distance_s02_w1,juelich,12345,2,2,log-distance,39,40,veh8,veh9,10,0,1,969.849,0,7.11616,0,nan,nan,0,0.059,0.091,0.0828667
juelich_pilot_d30_r10_log_distance_s02_w1,juelich,12345,2,2,log-distance,39,40,veh9,veh0,10,10,0,477.058,1,0,13.4368,-80.2489,16.7274,10,0.091,0.11,0.0828667
juelich_pilot_d30_r10_log_distance_s02_w1,juelich,12345,2,2,log-distance,39,40,veh9,veh1,10,10,0,114.15,1,0,8.34096,-67.8253,29.151,10,0.091,0.091,0.0828667
juelich_pilot_d30_r10_log_distance_s02_w1,juelich,12345,2,2,log-distance,39,40,veh9,veh10,10,10,0,179.227,1,0,8.50483,-71.7454,25.2309,10,0.091,0.091,0.0828667
juelich_pilot_d30_r10_log_distance_s02_w1,juelich,12345,2,2,log-distance,39,40,veh9,veh11,10,10,0,74.779,1,0,7.32527,-64.1499,32.8264,10,0.091,0.091,0.0828667
juelich_pilot_d30_r10_log_distance_s02_w1,juelich,12345,2,2,log-distance,39,40,veh9,veh12,10,10,0,550.48,0,0,1.30315,-81.4925,15.4837,10,0.091,0.091,0.0828667
juelich_pilot_d30_r10_log_distance_s02_w1,juelich,12345,2,2,log-distance,39,40,veh9,veh13,10,10,0,362.451,1,0,7.57737,-77.8627,19.1136,10,0.091,0.11,0.0828667
juelich_pilot_d30_r10_log_distance_s02_w1,juelich,12345,2,2,log-distance,39,40,veh9,veh14,10,0,1,701.733,0,0,3.49171,nan,nan,0,0.091,0.091,0.0828667
juelich_pilot_d30_r10_log_distance_s02_w1,juelich,12345,2,2,log-distance,39,40,veh9,veh4,10,10,0,164.137,1,0,0,-70.9818,25.9944,10,0.091,0.1,0.0828667
juelich_pilot_d30_r10_log_distance_s02_w1,juelich,12345,2,2,log-distance,39,40,veh9,veh5,10,0,1,884.415,0,0,7.45634,nan,nan,0,0.091,0.069,0.0828667
juelich_pilot_d30_r10_log_distance_s02_w1,juelich,12345,2,2,log-distance,39,40,veh9,veh6,10,10,0,199.858,1,0,8.50918,-72.6918,24.2845,10,0.091,0.091,0.0828667
juelich_pilot_d30_r10_log_distance_s02_w1,juelich,12345,2,2,log-distance,39,40,veh9,veh7,10,0,1,913.148,0,0,11.1848,nan,nan,0,0.091,0.069,0.0828667
juelich_pilot_d30_r10_log_distance_s02_w1,juelich,12345,2,2,log-distance,39,40,veh9,veh8,10,0,1,969.849,0,0,7.11616,nan,nan,0,0.091,0.059,0.0828667
juelich_pilot_d30_r10_log_distance_s02_w1,juelich,12345,2,2,log-distance,40,41,veh0,veh1,10,0,1,590.492,0,13.449,8.32573,nan,nan,0,0.115,0.09,0.0828125
juelich_pilot_d30_r10_log_distance_s02_w1,juelich,12345,2,2,log-distance,40,41,veh0,veh10,10,10,0,458.705,1,13.449,8.5216,-79.9084,17.0679,10,0.115,0.09,0.0828125
juelich_pilot_d30_r10_log_distance_s02_w1,juelich,12345,2,2,log-distance,40,41,veh0,veh11,10,10,0,554.501,0,13.449,7.32671,-81.5557,15.4206,10,0.115,0.09,0.0828125
juelich_pilot_d30_r10_log_distance_s02_w1,juelich,12345,2,2,log-distance,40,41,veh0,veh12,10,10,0,470.588,1,13.449,0,-80.1305,16.8458,10,0.115,0.09,0.0828125
juelich_pilot_d30_r10_log_distance_s02_w1,juelich,12345,2,2,log-distance,40,41,veh0,veh13,10,10,0,137.961,1,13.449,7.55178,-69.4689,27.5074,10,0.115,0.115,0.0828125
juelich_pilot_d30_r10_log_distance_s02_w1,juelich,12345,2,2,log-distance,40,41,veh0,veh14,10,10,0,493.389,1,13.449,5.46151,-80.5414,16.4349,10,0.115,0.09,0.0828125
juelich_pilot_d30_r10_log_distance_s02_w1,juelich,12345,2,2,log-distance,40,41,veh0,veh15,5,5,0,538.594,0,13.4568,0.483394,-81.3029,15.6734,5,0.115,0.06,0.0828125
juelich_pilot_d30_r10_log_distance_s02_w1,juelich,12345,2,2,log-distance,40,41,veh0,veh4,10,10,0,350.564,1,13.449,1.26848,-77.5728,19.4035,10,0.115,0.1,0.0828125
juelich_pilot_d30_r10_log_distance_s02_w1,juelich,12345,2,2,log-distance,40,41,veh0,veh5,10,10,0,524.445,0,13.449,7.44737,-81.0717,15.9046,10,0.115,0.075,0.0828125
juelich_pilot_d30_r10_log_distance_s02_w1,juelich,12345,2,2,log-distance,40,41,veh0,veh6,10,10,0,439.653,1,13.449,8.5069,-79.5399,17.4364,10,0.115,0.09,0.0828125
juelich_pilot_d30_r10_log_distance_s02_w1,juelich,12345,2,2,log-distance,40,41,veh0,veh7,10,0,1,732.442,0,13.449,11.1907,nan,nan,0,0.115,0.075,0.0828125
juelich_pilot_d30_r10_log_distance_s02_w1,juelich,12345,2,2,log-distance,40,41,veh0,veh8,10,0,1,895.518,0,13.449,7.12704,nan,nan,0,0.115,0.065,0.0828125
juelich_pilot_d30_r10_log_distance_s02_w1,juelich,12345,2,2,log-distance,40,41,veh0,veh9,10,10,0,489.239,1,13.449,1.31115,-80.4679,16.5084,10,0.115,0.09,0.0828125
juelich_pilot_d30_r10_log_distance_s02_w1,juelich,12345,2,2,log-distance,40,41,veh1,veh0,10,0,1,590.492,0,8.32573,13.449,nan,nan,0,0.09,0.115,0.0828125
juelich_pilot_d30_r10_log_distance_s02_w1,juelich,12345,2,2,log-distance,40,41,veh1,veh10,10,10,0,264.43,1,8.32573,8.5216,-75.1239,21.8524,10,0.09,0.09,0.0828125
juelich_pilot_d30_r10_log_distance_s02_w1,juelich,12345,2,2,log-distance,40,41,veh1,veh11,10,10,0,38.6025,1,8.32573,7.32671,-58.4098,38.5665,10,0.09,0.09,0.0828125
juelich_pilot_d30_r10_log_distance_s02_w1,juelich,12345,2,2,log-distance,40,41,veh1,veh12,10,0,1,640.076,0,8.32573,0,nan,nan,0,0.09,0.09,0.0828125
juelich_pilot_d30_r10_log_distance_s02_w1,juelich,12345,2,2,log-distance,40,41,veh1,veh13,10,10,0,464.381,1,8.32573,7.55178,-80.015,16.9613,10,0.09,0.115,0.0828125
juelich_pilot_d30_r10_log_distance_s02_w1,juelich,12345,2,2,log-distance,40,41,veh1,veh14,10,0,1,793.854,0,8.32573,5.46151,nan,nan,0,0.09,0.09,0.0828125
juelich_pilot_d30_r10_log_distance_s02_w1,juelich,12345,2,2,log-distance,40,41,veh1,veh4,10,10,0,269.741,1,8.32573,1.26848,-75.2964,21.6799,10,0.09,0.1,0.0828125
juelich_pilot_d30_r10_log_distance_s02_w1,juelich,12345,2,2,log-distance,40,41,veh1,veh5,10,0,1,952.468,0,8.32573,7.44737,nan,nan,0,0.09,0.075,0.0828125
juelich_pilot_d30_r10_log_distance_s02_w1,juelich,12345,2,2,log-distance,40,41,veh1,veh6,10,10,0,290.268,1,8.32573,8.5069,-75.9337,21.0426,10,0.09,0.09,0.0828125
juelich_pilot_d30_r10_log_distance_s02_w1,juelich,12345,2,2,log-distance,40,41,veh1,veh7,10,0,1,939.623,0,8.32573,11.1907,nan,nan,0,0.09,0.075,0.0828125
juelich_pilot_d30_r10_log_distance_s02_w1,juelich,12345,2,2,log-distance,40,41,veh1,veh8,10,0,1,981.44,0,8.32573,7.12704,nan,nan,0,0.09,0.065,0.0828125
juelich_pilot_d30_r10_log_distance_s02_w1,juelich,12345,2,2,log-distance,40,41,veh1,veh9,10,10,0,105.802,1,8.32573,1.31115,-67.1653,29.8109,10,0.09,0.09,0.0828125
juelich_pilot_d30_r10_log_distance_s02_w1,juelich,12345,2,2,log-distance,40,41,veh10,veh0,10,10,0,458.705,1,8.5216,13.449,-79.9084,17.0679,10,0.09,0.115,0.0828125
juelich_pilot_d30_r10_log_distance_s02_w1,juelich,12345,2,2,log-distance,40,41,veh10,veh1,10,10,0,264.43,1,8.5216,8.32573,-75.1239,21.8524,10,0.09,0.09,0.0828125
juelich_pilot_d30_r10_log_distance_s02_w1,juelich,12345,2,2,log-distance,40,41,veh10,veh11,10,10,0,230.944,1,8.5216,7.32671,-73.9478,23.0285,10,0.09,0.09,0.0828125
juelich_pilot_d30_r10_log_distance_s02_w1,juelich,12345,2,2,log-distance,40,41,veh10,veh12,10,10,0,376.461,1,8.5216,0,-78.1919,18.7843,10,0.09,0.09,0.0828125
juelich_pilot_d30_r10_log_distance_s02_w1,juelich,12345,2,2,log-distance,40,41,veh10,veh13,10,10,0,321.33,1,8.5216,7.55178,-76.8163,20.16,10,0.09,0.115,0.0828125
juelich_pilot_d30_r10_log_distance_s02_w1,juelich,12345,2,2,log-distance,40,41,veh10,veh14,10,10,0,535.25,0,8.5216,5.46151,-81.2486,15.7277,10,0.09,0.09,0.0828125
juelich_pilot_d30_r10_log_distance_s02_w1,juelich,12345,2,2,log-distance,40,41,veh10,veh15,5,0,1,980.75,0,8.53439,0.483394,nan,nan,0,0.09,0.06,0.0828125
juelich_pilot_d30_r10_log_distance_s02_w1,juelich,12345,2,2,log-distance,40,41,veh10,veh4,10,10,0,128.322,1,8.5216,1.26848,-68.8436,28.1327,10,0.09,0.1,0.0828125
juelich_pilot_d30_r10_log_distance_s02_w1,juelich,12345,2,2,log-distance,40,41,veh10,veh5,10,0,1,931.707,0,8.5216,7.44737,nan,nan,0,0.09,0.075,0.0828125
juelich_pilot_d30_r10_log_distance_s02_w1,juelich,12345,2,2,log-distance,40,41,veh10,veh6,10,10,0,28.611,1,8.5216,8.5069,-55.8084,41.1679,10,0.09,0.09,0.0828125
juelich_pilot_d30_r10_log_distance_s02_w1,juelich,12345,2,2,log-distance,40,41,veh10,veh9,10,10,0,184.755,1,8.5216,1.31115,-72.0093,24.9669,10,0.09,0.09,0.0828125
juelich_pilot_d30_r10_log_distance_s02_w1,juelich,12345,2,2,log-distance,40,41,veh11,veh0,10,10,0,554.501,0,7.32671,13.449,-81.5557,15.4206,10,0.09,0.115,0.0828125
juelich_pilot_d30_r10_log_distance_s02_w1,juelich,12345,2,2,log-distance,40,41,veh11,veh1,10,10,0,38.6025,1,7.32671,8.32573,-58.4098,38.5665,10,0.09,0.09,0.0828125
juelich_pilot_d30_r10_log_distance_s02_w1,juelich,12345,2,2,log-distance,40,41,veh11,veh10,10,10,0,230.944,1,7.32671,8.5216,-73.9478,23.0285,10,0.09,0.09,0.0828125
juelich_pilot_d30_r10_log_distance_s02_w1,juelich,12345,2,2,log-distance,40,41,veh11,veh12,10,0,1,605.082,0,7.32671,0,nan,nan,0,0.09,0.09,0.0828125
juelich_pilot_d30_r10_log_distance_s02_w1,juelich,12345,2,2,log-distance,40,41,veh11,veh13,10,10,0,427.096,1,7.32671,7.55178,-79.2881,17.6882,10,0.09,0.115,0.0828125
juelich_pilot_d30_r10_log_distance_s02_w1,juelich,12345,2,2,log-distance,40,41,veh11,veh14,10,0,1,757.196,0,7.32671,5.46151,nan,nan,0,0.09,0.09,0.0828125
juelich_pilot_d30_r10_log_distance_s02_w1,juelich,12345,2,2,log-distance,40,41,veh11,veh4,10,10,0,231.139,1,7.32671,1.26848,-73.9549,23.0214,10,0.09,0.1,0.0828125
juelich_pilot_d30_r10_log_distance_s02_w1,juelich,12345,2,2,log-distance,40,41,veh11,veh5,10,0,1,928.027,0,7.32671,7.44737,nan,nan,0,0.09,0.075,0.0828125
juelich_pilot_d30_r10_log_distance_s02_w1,juelich,12345,2,2,log-distance,40,41,veh11,veh6,10,10,0,255.849,1,7.32671,8.5069,-74.8374,22.1389,10,0.09,0.09,0.0828125
juelich_pilot_d30_r10_log_distance_s02_w1,juelich,12345,2,2,log-distance,40,41,veh11,veh7,10,0,1,928.238,0,7.32671,11.1907,nan,nan,0,0.09,0.075,0.0828125
juelich_pilot_d30_r10_log_distance_s02_w1,juelich,12345,2,2,log-distance,40,41,veh11,veh8,10,0,1,978.428,0,7.32671,7.12704,nan,nan,0,0.09,0.065,0.0828125
juelich_pilot_d30_r10_log_distance_s02_w1,juelich,12345,2,2,log-distance,40,41,veh11,veh9,10,10,0,67.4499,1,7.32671,1.31115,-63.253,33.7233,10,0.09,0.09,0.0828125
juelich_pilot_d30_r10_log_distance_s02_w1,juelich,12345,2,2,log-distance,40,41,veh12,veh0,10,0,1,470.588,1,0,13.449,nan,nan,0,0.09,0.115,0.0828125
juelich_pilot_d30_r10_log_distance_s02_w1,juelich,12345,2,2,log-distance,40,41,veh12,veh1,10,0,1,640.076,0,0,8.32573,nan,nan,0,0.09,0.09,0.0828125
juelich_pilot_d30_r10_log_distance_s02_w1,juelich,12345,2,2,log-distance,40,41,veh12,veh10,10,0,1,376.461,1,0,8.5216,nan,nan,0,0.09,0.09,0.0828125
juelich_pilot_d30_r10_log_distance_s02_w1,juelich,12345,2,2,log-distance,40,41,veh12,veh11,10,0,1,605.082,0,0,7.32671,nan,nan,0,0.09,0.09,0.0828125
juelich_pilot_d30_r10_log_distance_s02_w1,juelich,12345,2,2,log-distance,40,41,veh12,veh13,10,0,1,401.078,1,0,7.55178,nan,nan,0,0.09,0.115,0.0828125
juelich_pilot_d30_r10_log_distance_s02_w1,juelich,12345,2,2,log-distance,40,41,veh12,veh14,10,10,0,173.222,1,0,5.46151,-71.4494,8.60243,10,0.09,0.09,0.0828125
juelich_pilot_d30_r10_log_distance_s02_w1,juelich,12345,2,2,log-distance,40,41,veh12,veh15,5,0,1,982.881,0,0,0.483394,nan,nan,0,0.09,0.06,0.0828125
juelich_pilot_d30_r10_log_distance_s02_w1,juelich,12345,2,2,log-distance,40,41,veh12,veh4,10,0,1,409.634,1,0,1.26848,nan,nan,0,0.09,0.1,0.0828125
juelich_pilot_d30_r10_log_distance_s02_w1,juelich,12345,2,2,log-distance,40,41,veh12,veh5,10,0,1,990.852,0,0,7.44737,nan,nan,0,0.09,0.075,0.0828125
juelich_pilot_d30_r10_log_distance_s02_w1,juelich,12345,2,2,log-distance,40,41,veh12,veh6,10,0,1,349.875,1,0,8.5069,nan,nan,0,0.09,0.09,0.0828125
juelich_pilot_d30_r10_log_distance_s02_w1,juelich,12345,2,2,log-distance,40,41,veh12,veh9,10,0,1,550.395,0,0,1.31115,nan,nan,0,0.09,0.09,0.0828125
juelich_pilot_d30_r10_log_distance_s02_w1,juelich,12345,2,2,log-distance,40,41,veh13,veh0,10,10,0,137.961,1,7.55178,13.449,-69.4689,10.5727,10,0.115,0.115,0.0828125
juelich_pilot_d30_r10_log_distance_s02_w1,juelich,12345,2,2,log-distance,40,41,veh13,veh1,10,0,1,464.381,1,7.55178,8.32573,nan,nan,0,0.115,0.09,0.0828125
juelich_pilot_d30_r10_log_distance_s02_w1,juelich,12345,2,2,log-distance,40,41,veh13,veh10,10,0,1,321.33,1,7.55178,8.5216,nan,nan,0,0.115,0.09,0.0828125
juelich_pilot_d30_r10_log_distance_s02_w1,juelich,12345,2,2,log-distance,40,41,veh13,veh11,10,0,1,427.096,1,7.55178,7.32671,nan,nan,0,0.115,0.09,0.0828125
juelich_pilot_d30_r10_log_distance_s02_w1,juelich,12345,2,2,log-distance,40,41,veh13,veh12,10,0,1,401.078,1,7.55178,0,nan,nan,0,0.115,0.09,0.0828125
juelich_pilot_d30_r10_log_distance_s02_w1,juelich,12345,2,2,log-distance,40,41,veh13,veh14,10,0,1,471.157,1,7.55178,5.46151,nan,nan,0,0.115,0.09,0.0828125
juelich_pilot_d30_r10_log_distance_s02_w1,juelich,12345,2,2,log-distance,40,41,veh13,veh15,5,0,1,668.651,0,7.54125,0.483394,nan,nan,0,0.115,0.06,0.0828125
juelich_pilot_d30_r10_log_distance_s02_w1,juelich,12345,2,2,log-distance,40,41,veh13,veh4,10,10,0,213.639,1,7.55178,1.26848,-73.2711,5.58702,10,0.115,0.1,0.0828125
juelich_pilot_d30_r10_log_distance_s02_w1,juelich,12345,2,2,log-distance,40,41,veh13,veh5,10,0,1,634.071,0,7.55178,7.44737,nan,nan,0,0.115,0.075,0.0828125
juelich_pilot_d30_r10_log_distance_s02_w1,juelich,12345,2,2,log-distance,40,41,veh13,veh6,10,0,1,303.247,1,7.55178,8.5069,nan,nan,0,0.115,0.09,0.0828125
juelich_pilot_d30_r10_log_distance_s02_w1,juelich,12345,2,2,log-distance,40,41,veh13,veh7,10,0,1,792.174,0,7.55178,11.1907,nan,nan,0,0.115,0.075,0.0828125
juelich_pilot_d30_r10_log_distance_s02_w1,juelich,12345,2,2,log-distance,40,41,veh13,veh8,10,0,1,931.338,0,7.55178,7.12704,nan,nan,0,0.115,0.065,0.0828125
juelich_pilot_d30_r10_log_distance_s02_w1,juelich,12345,2,2,log-distance,40,41,veh13,veh9,10,0,1,360.331,1,7.55178,1.31115,nan,nan,0,0.115,0.09,0.0828125
juelich_pilot_d30_r10_log_distance_s02_w1,juelich,12345,2,2,log-distance,40,41,veh14,veh0,10,10,0,493.389,1,5.46151,13.449,-80.5414,16.4349,10,0.09,0.115,0.0828125
juelich_pilot_d30_r10_log_distance_s02_w1,juelich,12345,2,2,log-distance,40,41,veh14,veh1,10,0,1,793.854,0,5.46151,8.32573,nan,nan,0,0.09,0.09,0.0828125
juelich_pilot_d30_r10_log_distance_s02_w1,juelich,12345,2,2,log-distance,40,41,veh14,veh10,10,10,0,535.25,0,5.46151,8.5216,-81.2486,15.7277,10,0.09,0.09,0.0828125
juelich_pilot_d30_r10_log_distance_s02_w1,juelich,12345,2,2,log-distance,40,41,veh14,veh11,10,0,1,757.196,0,5.46151,7.32671,nan,nan,0,0.09,0.09,0.0828125
juelich_pilot_d30_r10_log_distance_s02_w1,juelich,12345,2,2,log-distance,40,41,veh14,veh12,10,10,0,173.222,1,5.46151,0,-71.4494,25.5269,10,0.09,0.09,0.0828125
juelich_pilot_d30_r10_log_distance_s02_w1,juelich,12345,2,2,log-distance,40,41,veh14,veh13,10,10,0,471.157,1,5.46151,7.55178,-80.1409,16.8354,10,0.09,0.115,0.0828125
juelich_pilot_d30_r10_log_distance_s02_w1,juelich,12345,2,2,log-distance,40,41,veh14,veh15,5,0,1,946.637,0,5.97922,0.483394,nan,nan,0,0.09,0.06,0.0828125
juelich_pilot_d30_r10_log_distance_s02_w1,juelich,12345,2,2,log-distance,40,41,veh14,veh4,10,10,0,543.554,0,5.46151,1.26848,-81.3825,15.5938,10,0.09,0.1,0.0828125
juelich_pilot_d30_r10_log_distance_s02_w1,juelich,12345,2,2,log-distance,40,41,veh14,veh5,10,0,1,980.811,0,5.46151,7.44737,nan,nan,0,0.09,0.075,0.0828125
juelich_pilot_d30_r10_log_distance_s02_w1,juelich,12345,2,2,log-distance,40,41,veh14,veh6,10,10,0,507.302,0,5.46151,8.5069,-80.7828,16.1935,10,0.09,0.09,0.0828125
juelich_pilot_d30_r10_log_distance_s02_w1,juelich,12345,2,2,log-distance,40,41,veh14,veh9,10,0,1,697.708,0,5.46151,1.31115,nan,nan,0,0.09,0.09,0.0828125
juelich_pilot_d30_r10_log_distance_s02_w1,juelich,12345,2,2,log-distance,40,41,veh15,veh0,5,5,0,538.594,0,0.483394,13.4568,-81.3029,15.6734,5,0.06,0.115,0.0828125
juelich_pilot_d30_r10_log_distance_s02_w1,juelich,12345,2,2,log-distance,40,41,veh15,veh10,5,0,1,980.75,0,0.483394,8.53439,nan,nan,0,0.06,0.09,0.0828125
juelich_pilot_d30_r10_log_distance_s02_w1,juelich,12345,2,2,log-distance,40,41,veh15,veh12,5,0,1,982.881,0,0.483394,0,nan,nan,0,0.06,0.09,0.0828125
juelich_pilot_d30_r10_log_distance_s02_w1,juelich,12345,2,2,log-distance,40,41,veh15,veh13,5,0,1,668.651,0,0.483394,7.54125,nan,nan,0,0.06,0.115,0.0828125
juelich_pilot_d30_r10_log_distance_s02_w1,juelich,12345,2,2,log-distance,40,41,veh15,veh14,5,0,1,946.637,0,0.483394,5.97922,nan,nan,0,0.06,0.09,0.0828125
juelich_pilot_d30_r10_log_distance_s02_w1,juelich,12345,2,2,log-distance,40,41,veh15,veh2,5,0,1,961.152,0,0.483394,0,nan,nan,0,0.06,0.04,0.0828125
juelich_pilot_d30_r10_log_distance_s02_w1,juelich,12345,2,2,log-distance,40,41,veh15,veh3,5,0,1,852.319,0,0.483394,12.7398,nan,nan,0,0.06,0.05,0.0828125
juelich_pilot_d30_r10_log_distance_s02_w1,juelich,12345,2,2,log-distance,40,41,veh15,veh4,5,0,1,859.489,0,0.483394,1.79302,nan,nan,0,0.06,0.1,0.0828125
juelich_pilot_d30_r10_log_distance_s02_w1,juelich,12345,2,2,log-distance,40,41,veh15,veh5,5,5,0,153.901,1,0.483394,7.43671,-70.4223,26.554,5,0.06,0.075,0.0828125
juelich_pilot_d30_r10_log_distance_s02_w1,juelich,12345,2,2,log-distance,40,41,veh15,veh6,5,0,1,966.044,0,0.483394,8.51119,nan,nan,0,0.06,0.09,0.0828125
juelich_pilot_d30_r10_log_distance_s02_w1,juelich,12345,2,2,log-distance,40,41,veh15,veh7,5,5,0,505.465,0,0.483394,11.1914,-80.7515,16.2248,5,0.06,0.075,0.0828125
juelich_pilot_d30_r10_log_distance_s02_w1,juelich,12345,2,2,log-distance,40,41,veh15,veh8,5,0,1,723.876,0,0.483394,7.13306,nan,nan,0,0.06,0.065,0.0828125
juelich_pilot_d30_r10_log_distance_s02_w1,juelich,12345,2,2,log-distance,40,41,veh15,veh9,5,0,1,957.341,0,0.483394,1.88719,nan,nan,0,0.06,0.09,0.0828125
juelich_pilot_d30_r10_log_distance_s02_w1,juelich,12345,2,2,log-distance,40,41,veh2,veh15,5,0,1,961.152,0,0,0.483394,nan,nan,0,0.04,0.06,0.0828125
juelich_pilot_d30_r10_log_distance_s02_w1,juelich,12345,2,2,log-distance,40,41,veh2,veh3,10,10,0,107.168,1,0,12.7477,-67.274,22.7037,10,0.04,0.05,0.0828125
juelich_pilot_d30_r10_log_distance_s02_w1,juelich,12345,2,2,log-distance,40,41,veh2,veh5,10,0,1,837.05,0,0,7.44737,nan,nan,0,0.04,0.075,0.0828125
juelich_pilot_d30_r10_log_distance_s02_w1,juelich,12345,2,2,log-distance,40,41,veh2,veh7,10,10,0,514.616,0,0,11.1907,-80.9072,6.96506,10,0.04,0.075,0.0828125
juelich_pilot_d30_r10_log_distance_s02_w1,juelich,12345,2,2,log-distance,40,41,veh2,veh8,10,10,0,370.19,1,0,7.12704,-78.0462,10.7549,10,0.04,0.065,0.0828125
juelich_pilot_d30_r10_log_distance_s02_w1,juelich,12345,2,2,log-distance,40,41,veh3,veh15,5,0,1,852.319,0,12.7398,0.483394,nan,nan,0,0.05,0.06,0.0828125
juelich_pilot_d30_r10_log_distance_s02_w1,juelich,12345,2,2,log-distance,40,41,veh3,veh2,10,10,0,107.168,1,12.7477,0,-67.274,29.7023,10,0.05,0.04,0.0828125
juelich_pilot_d30_r10_log_distance_s02_w1,juelich,12345,2,2,log-distance,40,41,veh3,veh5,10,0,1,730.079,0,12.7477,7.44737,nan,nan,0,0.05,0.075,0.0828125
juelich_pilot_d30_r10_log_distance_s02_w1,juelich,12345,2,2,log-distance,40,41,veh3,veh7,10,10,0,409.8,1,12.7477,11.1907,-78.9291,18.0472,10,0.05,0.075,0.0828125
juelich_pilot_d30_r10_log_distance_s02_w1,juelich,12345,2,2,log-distance,40,41,veh3,veh8,10,10,0,284.984,1,12.7477,7.12704,-75.7739,21.2023,10,0.05,0.065,0.0828125
juelich_pilot_d30_r10_log_distance_s02_w1,juelich,12345,2,2,log-distance,40,41,veh4,veh0,10,10,0,350.564,1,1.26848,13.449,-77.5728,19.4035,10,0.1,0.115,0.0828125
juelich_pilot_d30_r10_log_distance_s02_w1,juelich,12345,2,2,log-distance,40,41,veh4,veh1,10,10,0,269.741,1,1.26848,8.32573,-75.2964,21.6799,10,0.1,0.09,0.0828125
juelich_pilot_d30_r10_log_distance_s02_w1,juelich,12345,2,2,log-distance,40,41,veh4,veh10,10,10,0,128.322,1,1.26848,8.5216,-68.8436,28.1327,10,0.1,0.09,0.0828125
juelich_pilot_d30_r10_log_distance_s02_w1,juelich,12345,2,2,log-distance,40,41,veh4,veh11,10,10,0,231.139,1,1.26848,7.32671,-73.9549,23.0214,10,0.1,0.09,0.0828125
juelich_pilot_d30_r10_log_distance_s02_w1,juelich,12345,2,2,log-distance,40,41,veh4,veh12,10,10,0,409.634,1,1.26848,0,-78.9256,18.0507,10,0.1,0.09,0.0828125
juelich_pilot_d30_r10_log_distance_s02_w1,juelich,12345,2,2,log-distance,40,41,veh4,veh13,10,10,0,213.639,1,1.26848,7.55178,-73.2711,23.7052,10,0.1,0.115,0.0828125
juelich_pilot_d30_r10_log_distance_s02_w1,juelich,12345,2,2,log-distance,40,41,veh4,veh14,10,10,0,543.554,0,1.26848,5.46151,-81.3825,15.5938,10,0.1,0.09,0.0828125
juelich_pilot_d30_r10_log_distance_s02_w1,juelich,12345,2,2,log-distance,40,41,veh4,veh15,5,0,1,859.489,0,1.79302,0.483394,nan,nan,0,0.1,0.06,0.0828125
juelich_pilot_d30_r10_log_distance_s02_w1,juelich,12345,2,2,log-distance,40,41,veh4,veh5,10,0,1,804.842,0,1.26848,7.44737,nan,nan,0,0.1,0.075,0.0828125
juelich_pilot_d30_r10_log_distance_s02_w1,juelich,12345,2,2,log-distance,40,41,veh4,veh6,10,10,0,123.962,1,1.26848,8.5069,-68.5434,28.4328,10,0.1,0.09,0.0828125
juelich_pilot_d30_r10_log_distance_s02_w1,juelich,12345,2,2,log-distance,40,41,veh4,veh7,10,0,1,892.127,0,1.26848,11.1907,nan,nan,0,0.1,0.075,0.0828125
juelich_pilot_d30_r10_log_distance_s02_w1,juelich,12345,2,2,log-distance,40,41,veh4,veh8,10,0,1,991.718,0,1.26848,7.12704,nan,nan,0,0.1,0.065,0.0828125
juelich_pilot_d30_r10_log_distance_s02_w1,juelich,12345,2,2,log-distance,40,41,veh4,veh9,10,10,0,164.631,1,1.26848,1.31115,-71.0079,25.9684,10,0.1,0.09,0.0828125
juelich_pilot_d30_r10_log_distance_s02_w1,juelich,12345,2,2,log-distance,40,41,veh5,veh0,10,10,0,524.445,0,7.44737,13.449,-81.0717,15.9046,10,0.075,0.115,0.0828125
juelich_pilot_d30_r10_log_distance_s02_w1,juelich,12345,2,2,log-distance,40,41,veh5,veh1,10,0,1,952.468,0,7.44737,8.32573,nan,nan,0,0.075,0.09,0.0828125
juelich_pilot_d30_r10_log_distance_s02_w1,juelich,12345,2,2,log-distance,40,41,veh5,veh10,10,0,1,931.707,0,7.44737,8.5216,nan,nan,0,0.075,0.09,0.0828125
juelich_pilot_d30_r10_log_distance_s02_w1,juelich,12345,2,2,log-distance,40,41,veh5,veh11,10,0,1,928.027,0,7.44737,7.32671,nan,nan,0,0.075,0.09,0.0828125
juelich_pilot_d30_r10_log_distance_s02_w1,juelich,12345,2,2,log-distance,40,41,veh5,veh12,10,0,1,990.852,0,7.44737,0,nan,nan,0,0.075,0.09,0.0828125
juelich_pilot_d30_r10_log_distance_s02_w1,juelich,12345,2,2,log-distance,40,41,veh5,veh13,10,0,1,634.071,0,7.44737,7.55178,nan,nan,0,0.075,0.115,0.0828125
juelich_pilot_d30_r10_log_distance_s02_w1,juelich,12345,2,2,log-distance,40,41,veh5,veh14,10,0,1,980.811,0,7.44737,5.46151,nan,nan,0,0.075,0.09,0.0828125
juelich_pilot_d30_r10_log_distance_s02_w1,juelich,12345,2,2,log-distance,40,41,veh5,veh15,5,5,0,153.901,1,7.43671,0.483394,-70.4223,26.554,5,0.075,0.06,0.0828125
juelich_pilot_d30_r10_log_distance_s02_w1,juelich,12345,2,2,log-distance,40,41,veh5,veh2,10,0,1,837.05,0,7.44737,0,nan,nan,0,0.075,0.04,0.0828125
juelich_pilot_d30_r10_log_distance_s02_w1,juelich,12345,2,2,log-distance,40,41,veh5,veh3,10,0,1,730.079,0,7.44737,12.7477,nan,nan,0,0.075,0.05,0.0828125
juelich_pilot_d30_r10_log_distance_s02_w1,juelich,12345,2,2,log-distance,40,41,veh5,veh4,10,0,1,804.842,0,7.44737,1.26848,nan,nan,0,0.075,0.1,0.0828125
juelich_pilot_d30_r10_log_distance_s02_w1,juelich,12345,2,2,log-distance,40,41,veh5,veh6,10,0,1,920.835,0,7.44737,8.5069,nan,nan,0,0.075,0.09,0.0828125
juelich_pilot_d30_r10_log_distance_s02_w1,juelich,12345,2,2,log-distance,40,41,veh5,veh7,10,10,0,359.715,1,7.44737,11.1907,-77.7965,19.1798,10,0.075,0.075,0.0828125
juelich_pilot_d30_r10_log_distance_s02_w1,juelich,12345,2,2,log-distance,40,41,veh5,veh8,10,10,0,575.574,0,7.44737,7.12704,-81.8797,15.0966,10,0.075,0.065,0.0828125
juelich_pilot_d30_r10_log_distance_s02_w1,juelich,12345,2,2,log-distance,40,41,veh5,veh9,10,0,1,880.285,0,7.44737,1.31115,nan,nan,0,0.075,0.09,0.0828125
juelich_pilot_d30_r10_log_distance_s02_w1,juelich,12345,2,2,log-distance,40,41,veh6,veh0,10,10,0,439.653,1,8.5069,13.449,-79.5399,17.4364,10,0.09,0.115,0.0828125
juelich_pilot_d30_r10_log_distance_s02_w1,juelich,12345,2,2,log-distance,40,41,veh6,veh1,10,10,0,290.268,1,8.5069,8.32573,-75.9337,21.0426,10,0.09,0.09,0.0828125
juelich_pilot_d30_r10_log_distance_s02_w1,juelich,12345,2,2,log-distance,40,41,veh6,veh10,10,10,0,28.611,1,8.5069,8.5216,-55.8084,41.1679,10,0.09,0.09,0.0828125
juelich_pilot_d30_r10_log_distance_s02_w1,juelich,12345,2,2,log-distance,40,41,veh6,veh11,10,10,0,255.849,1,8.5069,7.32671,-74.8374,22.1389,10,0.09,0.09,0.0828125
juelich_pilot_d30_r10_log_distance_s02_w1,juelich,12345,2,2,log-distance,40,41,veh6,veh12,10,10,0,349.875,1,8.5069,0,-77.5558,19.4205,10,0.09,0.09,0.0828125
juelich_pilot_d30_r10_log_distance_s02_w1,juelich,12345,2,2,log-distance,40,41,veh6,veh13,10,10,0,303.247,1,8.5069,7.55178,-76.3131,20.6631,10,0.09,0.115,0.0828125
juelich_pilot_d30_r10_log_distance_s02_w1,juelich,12345,2,2,log-distance,40,41,veh6,veh14,10,10,0,507.302,0,8.5069,5.46151,-80.7828,16.1935,10,0.09,0.09,0.0828125
juelich_pilot_d30_r10_log_distance_s02_w1,juelich,12345,2,2,log-distance,40,41,veh6,veh15,5,0,1,966.044,0,8.51119,0.483394,nan,nan,0,0.09,0.06,0.0828125
juelich_pilot_d30_r10_log_distance_s02_w1,juelich,12345,2,2,log-distance,40,41,veh6,veh4,10,10,0,123.962,1,8.5069,1.26848,-68.5434,28.4328,10,0.09,0.1,0.0828125
juelich_pilot_d30_r10_log_distance_s02_w1,juelich,12345,2,2,log-distance,40,41,veh6,veh5,10,0,1,920.835,0,8.5069,7.44737,nan,nan,0,0.09,0.075,0.0828125
juelich_pilot_d30_r10_log_distance_s02_w1,juelich,12345,2,2,log-distance,40,41,veh6,veh9,10,10,0,206.026,1,8.5069,1.31115,-72.9559,24.0204,10,0.09,0.09,0.0828125
juelich_pilot_d30_r10_log_distance_s02_w1,juelich,12345,2,2,log-distance,40,41,veh7,veh0,10,0,1,732.442,0,11.1907,13.449,nan,nan,0,0.075,0.115,0.0828125
juelich_pilot_d30_r10_log_distance_s02_w1,juelich,12345,2,2,log-distance,40,41,veh7,veh1,10,0,1,939.623,0,11.1907,8.32573,nan,nan,0,0.075,0.09,0.0828125
juelich_pilot_d30_r10_log_distance_s02_w1,juelich,12345,2,2,log-distance,40,41,veh7,veh11,10,0,1,928.238,0,11.1907,7.32671,nan,nan,0,0.075,0.09,0.0828125
juelich_pilot_d30_r10_log_distance_s02_w1,juelich,12345,2,2,log-distance,40,41,veh7,veh13,10,0,1,792.174,0,11.1907,7.55178,nan,nan,0,0.075,0.115,0.0828125
juelich_pilot_d30_r10_log_distance_s02_w1,juelich,12345,2,2,log-distance,40,41,veh7,veh15,5,5,0,505.465,0,11.1914,0.483394,-80.7515,16.2248,5,0.075,0.06,0.0828125
juelich_pilot_d30_r10_log_distance_s02_w1,juelich,12345,2,2,log-distance,40,41,veh7,veh2,10,10,0,514.616,0,11.1907,0,-80.9072,16.0691,10,0.075,0.04,0.0828125
juelich_pilot_d30_r10_log_distance_s02_w1,juelich,12345,2,2,log-distance,40,41,veh7,veh3,10,10,0,409.8,1,11.1907,12.7477,-78.9291,18.0472,10,0.075,0.05,0.0828125
juelich_pilot_d30_r10_log_distance_s02_w1,juelich,12345,2,2,log-distance,40,41,veh7,veh4,10,0,1,892.127,0,11.1907,1.26848,nan,nan,0,0.075,0.1,0.0828125
juelich_pilot_d30_r10_log_distance_s02_w1,juelich,12345,2,2,log-distance,40,41,veh7,veh5,10,10,0,359.715,1,11.1907,7.44737,-77.7965,19.1798,10,0.075,0.075,0.0828125
juelich_pilot_d30_r10_log_distance_s02_w1,juelich,12345,2,2,log-distance,40,41,veh7,veh8,10,10,0,216.231,1,11.1907,7.12704,-73.3755,23.6008,10,0.075,0.065,0.0828125
juelich_pilot_d30_r10_log_distance_s02_w1,juelich,12345,2,2,log-distance,40,41,veh7,veh9,10,0,1,902.69,0,11.1907,1.31115,nan,nan,0,0.075,0.09,0.0828125
juelich_pilot_d30_r10_log_distance_s02_w1,juelich,12345,2,2,log-distance,40,41,veh8,veh0,10,0,1,895.518,0,7.12704,13.449,nan,nan,0,0.065,0.115,0.0828125
juelich_pilot_d30_r10_log_distance_s02_w1,juelich,12345,2,2,log-distance,40,41,veh8,veh1,10,0,1,981.44,0,7.12704,8.32573,nan,nan,0,0.065,0.09,0.0828125
juelich_pilot_d30_r10_log_distance_s02_w1,juelich,12345,2,2,log-distance,40,41,veh8,veh11,10,0,1,978.428,0,7.12704,7.32671,nan,nan,0,0.065,0.09,0.0828125
juelich_pilot_d30_r10_log_distance_s02_w1,juelich,12345,2,2,log-distance,40,41,veh8,veh13,10,0,1,931.338,0,7.12704,7.55178,nan,nan,0,0.065,0.115,0.0828125
juelich_pilot_d30_r10_log_distance_s02_w1,juelich,12345,2,2,log-distance,40,41,veh8,veh15,5,0,1,723.876,0,7.13306,0.483394,nan,nan,0,0.065,0.06,0.0828125
juelich_pilot_d30_r10_log_distance_s02_w1,juelich,12345,2,2,log-distance,40,41,veh8,veh2,10,10,0,370.19,1,7.12704,0,-78.0462,18.9301,10,0.065,0.04,0.0828125
juelich_pilot_d30_r10_log_distance_s02_w1,juelich,12345,2,2,log-distance,40,41,veh8,veh3,10,10,0,284.984,1,7.12704,12.7477,-75.7739,21.2023,10,0.065,0.05,0.0828125
juelich_pilot_d30_r10_log_distance_s02_w1,juelich,12345,2,2,log-distance,40,41,veh8,veh4,10,0,1,991.718,0,7.12704,1.26848,nan,nan,0,0.065,0.1,0.0828125
juelich_pilot_d30_r10_log_distance_s02_w1,juelich,12345,2,2,log-distance,40,41,veh8,veh5,10,10,0,575.574,0,7.12704,7.44737,-81.8797,15.0966,10,0.065,0.075,0.0828125
juelich_pilot_d30_r10_log_distance_s02_w1,juelich,12345,2,2,log-distance,40,41,veh8,veh7,10,10,0,216.231,1,7.12704,11.1907,-73.3755,23.6008,10,0.065,0.075,0.0828125
juelich_pilot_d30_r10_log_distance_s02_w1,juelich,12345,2,2,log-distance,40,41,veh8,veh9,10,0,1,967.205,0,7.12704,1.31115,nan,nan,0,0.065,0.09,0.0828125
juelich_pilot_d30_r10_log_distance_s02_w1,juelich,12345,2,2,log-distance,40,41,veh9,veh0,10,10,0,489.239,1,1.31115,13.449,-80.4679,16.5084,10,0.09,0.115,0.0828125
juelich_pilot_d30_r10_log_distance_s02_w1,juelich,12345,2,2,log-distance,40,41,veh9,veh1,10,10,0,105.802,1,1.31115,8.32573,-67.1653,29.8109,10,0.09,0.09,0.0828125
juelich_pilot_d30_r10_log_distance_s02_w1,juelich,12345,2,2,log-distance,40,41,veh9,veh10,10,10,0,184.755,1,1.31115,8.5216,-72.0093,24.9669,10,0.09,0.09,0.0828125
juelich_pilot_d30_r10_log_distance_s02_w1,juelich,12345,2,2,log-distance,40,41,veh9,veh11,10,10,0,67.4499,1,1.31115,7.32671,-63.253,33.7233,10,0.09,0.09,0.0828125
juelich_pilot_d30_r10_log_distance_s02_w1,juelich,12345,2,2,log-distance,40,41,veh9,veh12,10,10,0,550.395,0,1.31115,0,-81.4912,15.4851,10,0.09,0.09,0.0828125
juelich_pilot_d30_r10_log_distance_s02_w1,juelich,12345,2,2,log-distance,40,41,veh9,veh13,10,10,0,360.331,1,1.31115,7.55178,-77.8117,19.1646,10,0.09,0.115,0.0828125
juelich_pilot_d30_r10_log_distance_s02_w1,juelich,12345,2,2,log-distance,40,41,veh9,veh14,10,0,1,697.708,0,1.31115,5.46151,nan,nan,0,0.09,0.09,0.0828125
juelich_pilot_d30_r10_log_distance_s02_w1,juelich,12345,2,2,log-distance,40,41,veh9,veh15,5,0,1,957.341,0,1.88719,0.483394,nan,nan,0,0.09,0.06,0.0828125
juelich_pilot_d30_r10_log_distance_s02_w1,juelich,12345,2,2,log-distance,40,41,veh9,veh4,10,10,0,164.631,1,1.31115,1.26848,-71.0079,25.9684,10,0.09,0.1,0.0828125
juelich_pilot_d30_r10_log_distance_s02_w1,juelich,12345,2,2,log-distance,40,41,veh9,veh5,10,0,1,880.285,0,1.31115,7.44737,nan,nan,0,0.09,0.075,0.0828125
juelich_pilot_d30_r10_log_distance_s02_w1,juelich,12345,2,2,log-distance,40,41,veh9,veh6,10,10,0,206.026,1,1.31115,8.5069,-72.9559,24.0204,10,0.09,0.09,0.0828125
juelich_pilot_d30_r10_log_distance_s02_w1,juelich,12345,2,2,log-distance,40,41,veh9,veh7,10,0,1,902.69,0,1.31115,11.1907,nan,nan,0,0.09,0.075,0.0828125
juelich_pilot_d30_r10_log_distance_s02_w1,juelich,12345,2,2,log-distance,40,41,veh9,veh8,10,0,1,967.205,0,1.31115,7.12704,nan,nan,0,0.09,0.065,0.0828125
juelich_pilot_d30_r10_log_distance_s02_w1,juelich,12345,2,2,log-distance,41,42,veh0,veh1,10,0,1,595.099,0,13.44,8.32911,nan,nan,0,0.12,0.09,0.084375
juelich_pilot_d30_r10_log_distance_s02_w1,juelich,12345,2,2,log-distance,41,42,veh0,veh10,10,10,0,461.853,1,13.44,8.52908,-79.9678,17.0085,10,0.12,0.09,0.084375
juelich_pilot_d30_r10_log_distance_s02_w1,juelich,12345,2,2,log-distance,41,42,veh0,veh11,10,10,0,559.957,0,13.44,7.35612,-81.6408,15.3355,10,0.12,0.09,0.084375
juelich_pilot_d30_r10_log_distance_s02_w1,juelich,12345,2,2,log-distance,41,42,veh0,veh12,10,10,0,469.929,1,13.44,1.43,-80.1183,16.8579,10,0.12,0.09,0.084375
juelich_pilot_d30_r10_log_distance_s02_w1,juelich,12345,2,2,log-distance,41,42,veh0,veh13,10,10,0,152.714,1,13.44,7.5597,-70.3518,26.6245,10,0.12,0.12,0.084375
juelich_pilot_d30_r10_log_distance_s02_w1,juelich,12345,2,2,log-distance,41,42,veh0,veh14,10,10,0,486.349,1,13.44,7.25251,-80.4166,16.5597,10,0.12,0.09,0.084375
juelich_pilot_d30_r10_log_distance_s02_w1,juelich,12345,2,2,log-distance,41,42,veh0,veh15,10,10,0,534.111,0,13.44,2.08133,-81.2303,15.746,10,0.12,0.06,0.084375
juelich_pilot_d30_r10_log_distance_s02_w1,juelich,12345,2,2,log-distance,41,42,veh0,veh4,10,10,0,359.21,1,13.44,3.3161,-77.7845,19.1918,10,0.12,0.1,0.084375
juelich_pilot_d30_r10_log_distance_s02_w1,juelich,12345,2,2,log-distance,41,42,veh0,veh5,10,10,0,522.655,0,13.44,7.43247,-81.042,15.9343,10,0.12,0.08,0.084375
juelich_pilot_d30_r10_log_distance_s02_w1,juelich,12345,2,2,log-distance,41,42,veh0,veh6,10,10,0,442.876,1,13.44,7.49342,-79.6033,17.373,10,0.12,0.09,0.084375
juelich_pilot_d30_r10_log_distance_s02_w1,juelich,12345,2,2,log-distance,41,42,veh0,veh7,10,0,1,727.38,0,13.44,11.1691,nan,nan,0,0.12,0.08,0.084375
juelich_pilot_d30_r10_log_distance_s02_w1,juelich,12345,2,2,log-distance,41,42,veh0,veh8,10,0,1,903.503,0,13.44,7.12495,nan,nan,0,0.12,0.07,0.084375
juelich_pilot_d30_r10_log_distance_s02_w1,juelich,12345,2,2,log-distance,41,42,veh0,veh9,10,10,0,502.141,0,13.44,3.82647,-80.694,16.2823,10,0.12,0.09,0.084375
juelich_pilot_d30_r10_log_distance_s02_w1,juelich,12345,2,2,log-distance,41,42,veh1,veh0,10,0,1,595.099,0,8.32911,13.44,nan,nan,0,0.09,0.12,0.084375
juelich_pilot_d30_r10_log_distance_s02_w1,juelich,12345,2,2,log-distance,41,42,veh1,veh10,10,10,0,264.678,1,8.32911,8.52908,-75.1321,21.8442,10,0.09,0.09,0.084375
juelich_pilot_d30_r10_log_distance_s02_w1,juelich,12345,2,2,log-distance,41,42,veh1,veh11,10,10,0,37.6288,1,8.32911,7.35612,-58.1879,38.7884,10,0.09,0.09,0.084375
juelich_pilot_d30_r10_log_distance_s02_w1,juelich,12345,2,2,log-distance,41,42,veh1,veh12,10,0,1,632.844,0,8.32911,1.43,nan,nan,0,0.09,0.09,0.084375
juelich_pilot_d30_r10_log_distance_s02_w1,juelich,12345,2,2,log-distance,41,42,veh1,veh13,10,10,0,454.481,1,8.32911,7.5597,-79.8278,17.1484,10,0.09,0.12,0.084375
juelich_pilot_d30_r10_log_distance_s02_w1,juelich,12345,2,2,log-distance,41,42,veh1,veh14,10,0,1,780.336,0,8.32911,7.25251,nan,nan,0,0.09,0.09,0.084375
juelich_pilot_d30_r10_log_distance_s02_w1,juelich,12345,2,2,log-distance,41,42,veh1,veh4,10,10,0,263.804,1,8.32911,3.3161,-75.1032,21.8731,10,0.09,0.1,0.084375
juelich_pilot_d30_r10_log_distance_s02_w1,juelich,12345,2,2,log-distance,41,42,veh1,veh5,10,0,1,942.163,0,8.32911,7.43247,nan,nan,0,0.09,0.08,0.084375
juelich_pilot_d30_r10_log_distance_s02_w1,juelich,12345,2,2,log-distance,41,42,veh1,veh6,10,10,0,290.131,1,8.32911,7.49342,-75.9296,21.0467,10,0.09,0.09,0.084375
juelich_pilot_d30_r10_log_distance_s02_w1,juelich,12345,2,2,log-distance,41,42,veh1,veh7,10,0,1,926.418,0,8.32911,11.1691,nan,nan,0,0.09,0.08,0.084375
juelich_pilot_d30_r10_log_distance_s02_w1,juelich,12345,2,2,log-distance,41,42,veh1,veh8,10,0,1,976.916,0,8.32911,7.12495,nan,nan,0,0.09,0.07,0.084375
juelich_pilot_d30_r10_log_distance_s02_w1,juelich,12345,2,2,log-distance,41,42,veh1,veh9,10,10,0,97.5777,1,8.32911,3.82647,-66.4623,30.514,10,0.09,0.09,0.084375
juelich_pilot_d30_r10_log_distance_s02_w1,juelich,12345,2,2,log-distance,41,42,veh10,veh0,10,10,0,461.853,1,8.52908,13.44,-79.9678,17.0085,10,0.09,0.12,0.084375
juelich_pilot_d30_r10_log_distance_s02_w1,juelich,12345,2,2,log-distance,41,42,veh10,veh1,10,10,0,264.678,1,8.52908,8.32911,-75.1321,21.8442,10,0.09,0.09,0.084375
juelich_pilot_d30_r10_log_distance_s02_w1,juelich,12345,2,2,log-distance,41,42,veh10,veh11,10,10,0,232.018,1,8.52908,7.35612,-73.9881,22.9882,10,0.09,0.09,0.084375
juelich_pilot_d30_r10_log_distance_s02_w1,juelich,12345,2,2,log-distance,41,42,veh10,veh12,10,10,0,368.834,1,8.52908,1.43,-78.0142,18.9621,10,0.09,0.09,0.084375
juelich_pilot_d30_r10_log_distance_s02_w1,juelich,12345,2,2,log-distance,41,42,veh10,veh13,10,10,0,310.117,1,8.52908,7.5597,-76.5077,20.4686,10,0.09,0.12,0.084375
juelich_pilot_d30_r10_log_distance_s02_w1,juelich,12345,2,2,log-distance,41,42,veh10,veh14,10,10,0,521.061,0,8.52908,7.25251,-81.0152,15.9611,10,0.09,0.09,0.084375
juelich_pilot_d30_r10_log_distance_s02_w1,juelich,12345,2,2,log-distance,41,42,veh10,veh15,10,0,1,976.55,0,8.52908,2.08133,nan,nan,0,0.09,0.06,0.084375
juelich_pilot_d30_r10_log_distance_s02_w1,juelich,12345,2,2,log-distance,41,42,veh10,veh4,10,10,0,126.95,1,8.52908,3.3161,-68.7504,28.2259,10,0.09,0.1,0.084375
juelich_pilot_d30_r10_log_distance_s02_w1,juelich,12345,2,2,log-distance,41,42,veh10,veh5,10,0,1,925.177,0,8.52908,7.43247,nan,nan,0,0.09,0.08,0.084375
juelich_pilot_d30_r10_log_distance_s02_w1,juelich,12345,2,2,log-distance,41,42,veh10,veh6,10,10,0,28.1981,1,8.52908,7.49342,-55.6813,41.295,10,0.09,0.09,0.084375
juelich_pilot_d30_r10_log_distance_s02_w1,juelich,12345,2,2,log-distance,41,42,veh10,veh9,10,10,0,188.865,1,8.52908,3.82647,-72.2006,24.7757,10,0.09,0.09,0.084375
juelich_pilot_d30_r10_log_distance_s02_w1,juelich,12345,2,2,log-distance,41,42,veh11,veh0,10,10,0,559.957,0,7.35612,13.44,-81.6408,15.3355,10,0.09,0.12,0.084375
juelich_pilot_d30_r10_log_distance_s02_w1,juelich,12345,2,2,log-distance,41,42,veh11,veh1,10,10,0,37.6288,1,7.35612,8.32911,-58.1879,38.7884,10,0.09,0.09,0.084375
juelich_pilot_d30_r10_log_distance_s02_w1,juelich,12345,2,2,log-distance,41,42,veh11,veh10,10,10,0,232.018,1,7.35612,8.52908,-73.9881,22.9882,10,0.09,0.09,0.084375
juelich_pilot_d30_r10_log_distance_s02_w1,juelich,12345,2,2,log-distance,41,42,veh11,veh12,10,0,1,598.83,0,7.35612,1.43,nan,nan,0,0.09,0.09,0.084375
juelich_pilot_d30_r10_log_distance_s02_w1,juelich,12345,2,2,log-distance,41,42,veh11,veh13,10,10,0,418.022,1,7.35612,7.5597,-79.1015,17.8748,10,0.09,0.12,0.084375
juelich_pilot_d30_r10_log_distance_s02_w1,juelich,12345,2,2,log-distance,41,42,veh11,veh14,10,0,1,744.691,0,7.35612,7.25251,nan,nan,0,0.09,0.09,0.084375
juelich_pilot_d30_r10_log_distance_s02_w1,juelich,12345,2,2,log-distance,41,42,veh11,veh4,10,10,0,226.175,1,7.35612,3.3161,-73.7665,23.2098,10,0.09,0.1,0.084375
juelich_pilot_d30_r10_log_distance_s02_w1,juelich,12345,2,2,log-distance,41,42,veh11,veh5,10,0,1,918.706,0,7.35612,7.43247,nan,nan,0,0.09,0.08,0.084375
juelich_pilot_d30_r10_log_distance_s02_w1,juelich,12345,2,2,log-distance,41,42,veh11,veh6,10,10,0,256.577,1,7.35612,7.49342,-74.8621,22.1142,10,0.09,0.09,0.084375
juelich_pilot_d30_r10_log_distance_s02_w1,juelich,12345,2,2,log-distance,41,42,veh11,veh7,10,0,1,915.483,0,7.35612,11.1691,nan,nan,0,0.09,0.08,0.084375
juelich_pilot_d30_r10_log_distance_s02_w1,juelich,12345,2,2,log-distance,41,42,veh11,veh8,10,0,1,974.516,0,7.35612,7.12495,nan,nan,0,0.09,0.07,0.084375
juelich_pilot_d30_r10_log_distance_s02_w1,juelich,12345,2,2,log-distance,41,42,veh11,veh9,10,10,0,60.1062,1,7.35612,3.82647,-62.2509,34.7254,10,0.09,0.09,0.084375
juelich_pilot_d30_r10_log_distance_s02_w1,juelich,12345,2,2,log-distance,41,42,veh12,veh0,10,0,1,469.929,1,1.43,13.44,nan,nan,0,0.09,0.12,0.084375
juelich_pilot_d30_r10_log_distance_s02_w1,juelich,12345,2,2,log-distance,41,42,veh12,veh1,10,0,1,632.844,0,1.43,8.32911,nan,nan,0,0.09,0.09,0.084375
juelich_pilot_d30_r10_log_distance_s02_w1,juelich,12345,2,2,log-distance,41,42,veh12,veh10,10,0,1,368.834,1,1.43,8.52908,nan,nan,0,0.09,0.09,0.084375
juelich_pilot_d30_r10_log_distance_s02_w1,juelich,12345,2,2,log-distance,41,42,veh12,veh11,10,0,1,598.83,0,1.43,7.35612,nan,nan,0,0.09,0.09,0.084375
juelich_pilot_d30_r10_log_distance_s02_w1,juelich,12345,2,2,log-distance,41,42,veh12,veh13,10,0,1,394.519,1,1.43,7.5597,nan,nan,0,0.09,0.12,0.084375
juelich_pilot_d30_r10_log_distance_s02_w1,juelich,12345,2,2,log-distance,41,42,veh12,veh14,10,10,0,166.719,1,1.43,7.25251,-71.1167,8.77363,10,0.09,0.09,0.084375
juelich_pilot_d30_r10_log_distance_s02_w1,juelich,12345,2,2,log-distance,41,42,veh12,veh15,10,0,1,982.329,0,1.43,2.08133,nan,nan,0,0.09,0.06,0.084375
juelich_pilot_d30_r10_log_distance_s02_w1,juelich,12345,2,2,log-distance,41,42,veh12,veh4,10,0,1,408.307,1,1.43,3.3161,nan,nan,0,0.09,0.1,0.084375
juelich_pilot_d30_r10_log_distance_s02_w1,juelich,12345,2,2,log-distance,41,42,veh12,veh5,10,0,1,990.911,0,1.43,7.43247,nan,nan,0,0.09,0.08,0.084375
juelich_pilot_d30_r10_log_distance_s02_w1,juelich,12345,2,2,log-distance,41,42,veh12,veh6,10,0,1,342.743,1,1.43,7.49342,nan,nan,0,0.09,0.09,0.084375
juelich_pilot_d30_r10_log_distance_s02_w1,juelich,12345,2,2,log-distance,41,42,veh12,veh9,10,0,1,549.228,0,1.43,3.82647,nan,nan,0,0.09,0.09,0.084375
juelich_pilot_d30_r10_log_distance_s02_w1,juelich,12345,2,2,log-distance,41,42,veh13,veh0,10,10,0,152.714,1,7.5597,13.44,-70.3518,9.67794,10,0.12,0.12,0.084375
juelich_pilot_d30_r10_log_distance_s02_w1,juelich,12345,2,2,log-distance,41,42,veh13,veh1,10,0,1,454.481,1,7.5597,8.32911,nan,nan,0,0.12,0.09,0.084375
juelich_pilot_d30_r10_log_distance_s02_w1,juelich,12345,2,2,log-distance,41,42,veh13,veh10,10,0,1,310.117,1,7.5597,8.52908,nan,nan,0,0.12,0.09,0.084375
juelich_pilot_d30_r10_log_distance_s02_w1,juelich,12345,2,2,log-distance,41,42,veh13,veh11,10,0,1,418.022,1,7.5597,7.35612,nan,nan,0,0.12,0.09,0.084375
juelich_pilot_d30_r10_log_distance_s02_w1,juelich,12345,2,2,log-distance,41,42,veh13,veh12,10,0,1,394.519,1,7.5597,1.43,nan,nan,0,0.12,0.09,0.084375
juelich_pilot_d30_r10_log_distance_s02_w1,juelich,12345,2,2,log-distance,41,42,veh13,veh14,10,0,1,462.303,1,7.5597,7.25251,nan,nan,0,0.12,0.09,0.084375
juelich_pilot_d30_r10_log_distance_s02_w1,juelich,12345,2,2,log-distance,41,42,veh13,veh15,10,0,1,672.746,0,7.5597,2.08133,nan,nan,0,0.12,0.06,0.084375
juelich_pilot_d30_r10_log_distance_s02_w1,juelich,12345,2,2,log-distance,41,42,veh13,veh4,10,10,0,207.596,1,7.5597,3.3161,-73.0217,5.80866,10,0.12,0.1,0.084375
juelich_pilot_d30_r10_log_distance_s02_w1,juelich,12345,2,2,log-distance,41,42,veh13,veh5,10,0,1,639.228,0,7.5597,7.43247,nan,nan,0,0.12,0.08,0.084375
juelich_pilot_d30_r10_log_distance_s02_w1,juelich,12345,2,2,log-distance,41,42,veh13,veh6,10,0,1,292.393,1,7.5597,7.49342,nan,nan,0,0.12,0.09,0.084375
juelich_pilot_d30_r10_log_distance_s02_w1,juelich,12345,2,2,log-distance,41,42,veh13,veh7,10,0,1,788.613,0,7.5597,11.1691,nan,nan,0,0.12,0.08,0.084375
juelich_pilot_d30_r10_log_distance_s02_w1,juelich,12345,2,2,log-distance,41,42,veh13,veh8,10,0,1,937.785,0,7.5597,7.12495,nan,nan,0,0.12,0.07,0.084375
juelich_pilot_d30_r10_log_distance_s02_w1,juelich,12345,2,2,log-distance,41,42,veh13,veh9,10,0,1,358.656,1,7.5597,3.82647,nan,nan,0,0.12,0.09,0.084375
juelich_pilot_d30_r10_log_distance_s02_w1,juelich,12345,2,2,log-distance,41,42,veh14,veh0,10,10,0,486.349,1,7.25251,13.44,-80.4166,16.5597,10,0.09,0.12,0.084375
juelich_pilot_d30_r10_log_distance_s02_w1,juelich,12345,2,2,log-distance,41,42,veh14,veh1,10,0,1,780.336,0,7.25251,8.32911,nan,nan,0,0.09,0.09,0.084375
juelich_pilot_d30_r10_log_distance_s02_w1,juelich,12345,2,2,log-distance,41,42,veh14,veh10,10,10,0,521.061,0,7.25251,8.52908,-81.0152,15.9611,10,0.09,0.09,0.084375
juelich_pilot_d30_r10_log_distance_s02_w1,juelich,12345,2,2,log-distance,41,42,veh14,veh11,10,0,1,744.691,0,7.25251,7.35612,nan,nan,0,0.09,0.09,0.084375
juelich_pilot_d30_r10_log_distance_s02_w1,juelich,12345,2,2,log-distance,41,42,veh14,veh12,10,10,0,166.719,1,7.25251,1.43,-71.1167,25.8596,10,0.09,0.09,0.084375
juelich_pilot_d30_r10_log_distance_s02_w1,juelich,12345,2,2,log-distance,41,42,veh14,veh13,10,10,0,462.303,1,7.25251,7.5597,-79.9761,17.0002,10,0.09,0.12,0.084375
juelich_pilot_d30_r10_log_distance_s02_w1,juelich,12345,2,2,log-distance,41,42,veh14,veh15,10,0,1,946.633,0,7.25251,2.08133,nan,nan,0,0.09,0.06,0.084375
juelich_pilot_d30_r10_log_distance_s02_w1,juelich,12345,2,2,log-distance,41,42,veh14,veh4,10,10,0,536.414,0,7.25251,3.3161,-81.2676,15.7087,10,0.09,0.1,0.084375
juelich_pilot_d30_r10_log_distance_s02_w1,juelich,12345,2,2,log-distance,41,42,veh14,veh5,10,0,1,982.001,0,7.25251,7.43247,nan,nan,0,0.09,0.08,0.084375
juelich_pilot_d30_r10_log_distance_s02_w1,juelich,12345,2,2,log-distance,41,42,veh14,veh6,10,10,0,493.574,1,7.25251,7.49342,-80.5445,16.4318,10,0.09,0.09,0.084375
juelich_pilot_d30_r10_log_distance_s02_w1,juelich,12345,2,2,log-distance,41,42,veh14,veh9,10,0,1,691.07,0,7.25251,3.82647,nan,nan,0,0.09,0.09,0.084375
juelich_pilot_d30_r10_log_distance_s02_w1,juelich,12345,2,2,log-distance,41,42,veh15,veh0,10,10,0,534.111,0,2.08133,13.44,-81.2303,15.746,10,0.06,0.12,0.084375
juelich_pilot_d30_r10_log_distance_s02_w1,juelich,12345,2,2,log-distance,41,42,veh15,veh10,10,0,1,976.55,0,2.08133,8.52908,nan,nan,0,0.06,0.09,0.084375
juelich_pilot_d30_r10_log_distance_s02_w1,juelich,12345,2,2,log-distance,41,42,veh15,veh12,10,0,1,982.329,0,2.08133,1.43,nan,nan,0,0.06,0.09,0.084375
juelich_pilot_d30_r10_log_distance_s02_w1,juelich,12345,2,2,log-distance,41,42,veh15,veh13,10,0,1,672.746,0,2.08133,7.5597,nan,nan,0,0.06,0.12,0.084375
juelich_pilot_d30_r10_log_distance_s02_w1,juelich,12345,2,2,log-distance,41,42,veh15,veh14,10,0,1,946.633,0,2.08133,7.25251,nan,nan,0,0.06,0.09,0.084375
juelich_pilot_d30_r10_log_distance_s02_w1,juelich,12345,2,2,log-distance,41,42,veh15,veh2,10,0,1,962.011,0,2.08133,0,nan,nan,0,0.06,0.04,0.084375
juelich_pilot_d30_r10_log_distance_s02_w1,juelich,12345,2,2,log-distance,41,42,veh15,veh3,10,0,1,843.855,0,2.08133,12.7284,nan,nan,0,0.06,0.05,0.084375
juelich_pilot_d30_r10_log_distance_s02_w1,juelich,12345,2,2,log-distance,41,42,veh15,veh4,10,0,1,857.451,0,2.08133,3.3161,nan,nan,0,0.06,0.1,0.084375
juelich_pilot_d30_r10_log_distance_s02_w1,juelich,12345,2,2,log-distance,41,42,veh15,veh5,10,10,0,159.695,1,2.08133,7.43247,-70.7426,26.2337,10,0.06,0.08,0.084375
juelich_pilot_d30_r10_log_distance_s02_w1,juelich,12345,2,2,log-distance,41,42,veh15,veh6,10,0,1,962.154,0,2.08133,7.49342,nan,nan,0,0.06,0.09,0.084375
juelich_pilot_d30_r10_log_distance_s02_w1,juelich,12345,2,2,log-distance,41,42,veh15,veh7,10,10,0,502.955,0,2.08133,11.1691,-80.7083,16.268,10,0.06,0.08,0.084375
juelich_pilot_d30_r10_log_distance_s02_w1,juelich,12345,2,2,log-distance,41,42,veh15,veh8,10,0,1,727.952,0,2.08133,7.12495,nan,nan,0,0.06,0.07,0.084375
juelich_pilot_d30_r10_log_distance_s02_w1,juelich,12345,2,2,log-distance,41,42,veh15,veh9,10,0,1,958.112,0,2.08133,3.82647,nan,nan,0,0.06,0.09,0.084375
juelich_pilot_d30_r10_log_distance_s02_w1,juelich,12345,2,2,log-distance,41,42,veh2,veh15,10,0,1,962.011,0,0,2.08133,nan,nan,0,0.04,0.06,0.084375
juelich_pilot_d30_r10_log_distance_s02_w1,juelich,12345,2,2,log-distance,41,42,veh2,veh3,10,10,0,119.888,1,0,12.7284,-68.2492,21.6702,10,0.04,0.05,0.084375
juelich_pilot_d30_r10_log_distance_s02_w1,juelich,12345,2,2,log-distance,41,42,veh2,veh5,10,0,1,832.248,0,0,7.43247,nan,nan,0,0.04,0.08,0.084375
juelich_pilot_d30_r10_log_distance_s02_w1,juelich,12345,2,2,log-distance,41,42,veh2,veh7,10,10,0,524.476,0,0,11.1691,-81.0721,6.7281,10,0.04,0.08,0.084375
juelich_pilot_d30_r10_log_distance_s02_w1,juelich,12345,2,2,log-distance,41,42,veh2,veh8,10,10,0,372.619,1,0,7.12495,-78.103,10.6894,10,0.04,0.07,0.084375
juelich_pilot_d30_r10_log_distance_s02_w1,juelich,12345,2,2,log-distance,41,42,veh3,veh15,10,0,1,843.855,0,12.7284,2.08133,nan,nan,0,0.05,0.06,0.084375
juelich_pilot_d30_r10_log_distance_s02_w1,juelich,12345,2,2,log-distance,41,42,veh3,veh2,10,10,0,119.888,1,12.7284,0,-68.2492,28.7271,10,0.05,0.04,0.084375
juelich_pilot_d30_r10_log_distance_s02_w1,juelich,12345,2,2,log-distance,41,42,veh3,veh5,10,0,1,712.573,0,12.7284,7.43247,nan,nan,0,0.05,0.08,0.084375
juelich_pilot_d30_r10_log_distance_s02_w1,juelich,12345,2,2,log-distance,41,42,veh3,veh7,10,10,0,407.428,1,12.7284,11.1691,-78.8787,18.0976,10,0.05,0.08,0.084375
juelich_pilot_d30_r10_log_distance_s02_w1,juelich,12345,2,2,log-distance,41,42,veh3,veh8,10,10,0,279.339,1,12.7284,7.12495,-75.6002,21.3761,10,0.05,0.07,0.084375
juelich_pilot_d30_r10_log_distance_s02_w1,juelich,12345,2,2,log-distance,41,42,veh4,veh0,10,10,0,359.21,1,3.3161,13.44,-77.7845,19.1918,10,0.1,0.12,0.084375
juelich_pilot_d30_r10_log_distance_s02_w1,juelich,12345,2,2,log-distance,41,42,veh4,veh1,10,10,0,263.804,1,3.3161,8.32911,-75.1032,21.8731,10,0.1,0.09,0.084375
juelich_pilot_d30_r10_log_distance_s02_w1,juelich,12345,2,2,log-distance,41,42,veh4,veh10,10,10,0,126.95,1,3.3161,8.52908,-68.7504,28.2259,10,0.1,0.09,0.084375
juelich_pilot_d30_r10_log_distance_s02_w1,juelich,12345,2,2,log-distance,41,42,veh4,veh11,10,10,0,226.175,1,3.3161,7.35612,-73.7665,23.2098,10,0.1,0.09,0.084375
juelich_pilot_d30_r10_log_distance_s02_w1,juelich,12345,2,2,log-distance,41,42,veh4,veh12,10,10,0,408.307,1,3.3161,1.43,-78.8974,18.0789,10,0.1,0.09,0.084375
juelich_pilot_d30_r10_log_distance_s02_w1,juelich,12345,2,2,log-distance,41,42,veh4,veh13,10,10,0,207.596,1,3.3161,7.5597,-73.0217,23.9546,10,0.1,0.12,0.084375
juelich_pilot_d30_r10_log_distance_s02_w1,juelich,12345,2,2,log-distance,41,42,veh4,veh14,10,10,0,536.414,0,3.3161,7.25251,-81.2676,15.7087,10,0.1,0.09,0.084375
juelich_pilot_d30_r10_log_distance_s02_w1,juelich,12345,2,2,log-distance,41,42,veh4,veh15,10,0,1,857.451,0,3.3161,2.08133,nan,nan,0,0.1,0.06,0.084375
juelich_pilot_d30_r10_log_distance_s02_w1,juelich,12345,2,2,log-distance,41,42,veh4,veh5,10,0,1,800.371,0,3.3161,7.43247,nan,nan,0,0.1,0.08,0.084375
juelich_pilot_d30_r10_log_distance_s02_w1,juelich,12345,2,2,log-distance,41,42,veh4,veh6,10,10,0,123.942,1,3.3161,7.49342,-68.542,28.4342,10,0.1,0.09,0.084375
juelich_pilot_d30_r10_log_distance_s02_w1,juelich,12345,2,2,log-distance,41,42,veh4,veh7,10,0,1,880.82,0,3.3161,11.1691,nan,nan,0,0.1,0.08,0.084375
juelich_pilot_d30_r10_log_distance_s02_w1,juelich,12345,2,2,log-distance,41,42,veh4,veh8,10,0,1,990.068,0,3.3161,7.12495,nan,nan,0,0.1,0.07,0.084375
juelich_pilot_d30_r10_log_distance_s02_w1,juelich,12345,2,2,log-distance,41,42,veh4,veh9,10,10,0,166.608,1,3.3161,3.82647,-71.1115,25.8648,10,0.1,0.09,0.084375
juelich_pilot_d30_r10_log_distance_s02_w1,juelich,12345,2,2,log-distance,41,42,veh5,veh0,10,10,0,522.655,0,7.43247,13.44,-81.042,15.9343,10,0.08,0.12,0.084375
juelich_pilot_d30_r10_log_distance_s02_w1,juelich,12345,2,2,log-distance,41,42,veh5,veh1,10,0,1,942.163,0,7.43247,8.32911,nan,nan,0,0.08,0.09,0.084375
juelich_pilot_d30_r10_log_distance_s02_w1,juelich,12345,2,2,log-distance,41,42,veh5,veh10,10,0,1,925.177,0,7.43247,8.52908,nan,nan,0,0.08,0.09,0.084375
juelich_pilot_d30_r10_log_distance_s02_w1,juelich,12345,2,2,log-distance,41,42,veh5,veh11,10,0,1,918.706,0,7.43247,7.35612,nan,nan,0,0.08,0.09,0.084375
juelich_pilot_d30_r10_log_distance_s02_w1,juelich,12345,2,2,log-distance,41,42,veh5,veh12,10,0,1,990.911,0,7.43247,1.43,nan,nan,0,0.08,0.09,0.084375
juelich_pilot_d30_r10_log_distance_s02_w1,juelich,12345,2,2,log-distance,41,42,veh5,veh13,10,0,1,639.228,0,7.43247,7.5597,nan,nan,0,0.08,0.12,0.084375
juelich_pilot_d30_r10_log_distance_s02_w1,juelich,12345,2,2,log-distance,41,42,veh5,veh14,10,0,1,982.001,0,7.43247,7.25251,nan,nan,0,0.08,0.09,0.084375
juelich_pilot_d30_r10_log_distance_s02_w1,juelich,12345,2,2,log-distance,41,42,veh5,veh15,10,10,0,159.695,1,7.43247,2.08133,-70.7426,26.2337,10,0.08,0.06,0.084375
juelich_pilot_d30_r10_log_distance_s02_w1,juelich,12345,2,2,log-distance,41,42,veh5,veh2,10,0,1,832.248,0,7.43247,0,nan,nan,0,0.08,0.04,0.084375
juelich_pilot_d30_r10_log_distance_s02_w1,juelich,12345,2,2,log-distance,41,42,veh5,veh3,10,0,1,712.573,0,7.43247,12.7284,nan,nan,0,0.08,0.05,0.084375
juelich_pilot_d30_r10_log_distance_s02_w1,juelich,12345,2,2,log-distance,41,42,veh5,veh4,10,0,1,800.371,0,7.43247,3.3161,nan,nan,0,0.08,0.1,0.084375
juelich_pilot_d30_r10_log_distance_s02_w1,juelich,12345,2,2,log-distance,41,42,veh5,veh6,10,0,1,914.853,0,7.43247,7.49342,nan,nan,0,0.08,0.09,0.084375
juelich_pilot_d30_r10_log_distance_s02_w1,juelich,12345,2,2,log-distance,41,42,veh5,veh7,10,10,0,348.143,1,7.43247,11.1691,-77.5125,19.4638,10,0.08,0.08,0.084375
juelich_pilot_d30_r10_log_distance_s02_w1,juelich,12345,2,2,log-distance,41,42,veh5,veh8,10,10,0,573.34,0,7.43247,7.12495,-81.8459,15.1304,10,0.08,0.07,0.084375
juelich_pilot_d30_r10_log_distance_s02_w1,juelich,12345,2,2,log-distance,41,42,veh5,veh9,10,0,1,877.79,0,7.43247,3.82647,nan,nan,0,0.08,0.09,0.084375
juelich_pilot_d30_r10_log_distance_s02_w1,juelich,12345,2,2,log-distance,41,42,veh6,veh0,10,10,0,442.876,1,7.49342,13.44,-79.6033,17.373,10,0.09,0.12,0.084375
juelich_pilot_d30_r10_log_distance_s02_w1,juelich,12345,2,2,log-distance,41,42,veh6,veh1,10,10,0,290.131,1,7.49342,8.32911,-75.9296,21.0467,10,0.09,0.09,0.084375
juelich_pilot_d30_r10_log_distance_s02_w1,juelich,12345,2,2,log-distance,41,42,veh6,veh10,10,10,0,28.1981,1,7.49342,8.52908,-55.6813,41.295,10,0.09,0.09,0.084375
juelich_pilot_d30_r10_log_distance_s02_w1,juelich,12345,2,2,log-distance,41,42,veh6,veh11,10,10,0,256.577,1,7.49342,7.35612,-74.8621,22.1142,10,0.09,0.09,0.084375
juelich_pilot_d30_r10_log_distance_s02_w1,juelich,12345,2,2,log-distance,41,42,veh6,veh12,10,10,0,342.743,1,7.49342,1.43,-77.377,19.5993,10,0.09,0.09,0.084375
juelich_pilot_d30_r10_log_distance_s02_w1,juelich,12345,2,2,log-distance,41,42,veh6,veh13,10,10,0,292.393,1,7.49342,7.5597,-75.9966,20.9797,10,0.09,0.12,0.084375
juelich_pilot_d30_r10_log_distance_s02_w1,juelich,12345,2,2,log-distance,41,42,veh6,veh14,10,10,0,493.574,1,7.49342,7.25251,-80.5445,16.4318,10,0.09,0.09,0.084375
juelich_pilot_d30_r10_log_distance_s02_w1,juelich,12345,2,2,log-distance,41,42,veh6,veh15,10,0,1,962.154,0,7.49342,2.08133,nan,nan,0,0.09,0.06,0.084375
juelich_pilot_d30_r10_log_distance_s02_w1,juelich,12345,2,2,log-distance,41,42,veh6,veh4,10,10,0,123.942,1,7.49342,3.3161,-68.542,28.4342,10,0.09,0.1,0.084375
juelich_pilot_d30_r10_log_distance_s02_w1,juelich,12345,2,2,log-distance,41,42,veh6,veh5,10,0,1,914.853,0,7.49342,7.43247,nan,nan,0,0.09,0.08,0.084375
juelich_pilot_d30_r10_log_distance_s02_w1,juelich,12345,2,2,log-distance,41,42,veh6,veh7,1,0,1,999.662,0,7.28331,11.1776,nan,nan,0,0.09,0.08,0.084375
juelich_pilot_d30_r10_log_distance_s02_w1,juelich,12345,2,2,log-distance,41,42,veh6,veh9,10,10,0,210.495,1,7.49342,3.82647,-73.1424,23.8338,10,0.09,0.09,0.084375
juelich_pilot_d30_r10_log_distance_s02_w1,juelich,12345,2,2,log-distance,41,42,veh7,veh0,10,0,1,727.38,0,11.1691,13.44,nan,nan,0,0.08,0.12,0.084375
juelich_pilot_d30_r10_log_distance_s02_w1,juelich,12345,2,2,log-distance,41,42,veh7,veh1,10,0,1,926.418,0,11.1691,8.32911,nan,nan,0,0.08,0.09,0.084375
juelich_pilot_d30_r10_log_distance_s02_w1,juelich,12345,2,2,log-distance,41,42,veh7,veh11,10,0,1,915.483,0,11.1691,7.35612,nan,nan,0,0.08,0.09,0.084375
juelich_pilot_d30_r10_log_distance_s02_w1,juelich,12345,2,2,log-distance,41,42,veh7,veh13,10,0,1,788.613,0,11.1691,7.5597,nan,nan,0,0.08,0.12,0.084375
juelich_pilot_d30_r10_log_distance_s02_w1,juelich,12345,2,2,log-distance,41,42,veh7,veh15,10,10,0,502.955,0,11.1691,2.08133,-80.7083,16.268,10,0.08,0.06,0.084375
juelich_pilot_d30_r10_log_distance_s02_w1,juelich,12345,2,2,log-distance,41,42,veh7,veh2,10,10,0,524.476,0,11.1691,0,-81.0721,15.9042,10,0.08,0.04,0.084375
juelich_pilot_d30_r10_log_distance_s02_w1,juelich,12345,2,2,log-distance,41,42,veh7,veh3,10,10,0,407.428,1,11.1691,12.7284,-78.8787,18.0976,10,0.08,0.05,0.084375
juelich_pilot_d30_r10_log_distance_s02_w1,juelich,12345,2,2,log-distance,41,42,veh7,veh4,10,0,1,880.82,0,11.1691,3.3161,nan,nan,0,0.08,0.1,0.084375
juelich_pilot_d30_r10_log_distance_s02_w1,juelich,12345,2,2,log-distance,41,42,veh7,veh5,10,10,0,348.143,1,11.1691,7.43247,-77.5125,19.4638,10,0.08,0.08,0.084375
juelich_pilot_d30_r10_log_distance_s02_w1,juelich,12345,2,2,log-distance,41,42,veh7,veh6,1,0,1,999.662,0,11.1776,7.28331,nan,nan,0,0.08,0.09,0.084375
juelich_pilot_d30_r10_log_distance_s02_w1,juelich,12345,2,2,log-distance,41,42,veh7,veh8,10,10,0,225.284,1,11.1691,7.12495,-73.7317,23.2446,10,0.08,0.07,0.084375
juelich_pilot_d30_r10_log_distance_s02_w1,juelich,12345,2,2,log-distance,41,42,veh7,veh9,10,0,1,894.298,0,11.1691,3.82647,nan,nan,0,0.08,0.09,0.084375
juelich_pilot_d30_r10_log_distance_s02_w1,juelich,12345,2,2,log-distance,41,42,veh8,veh0,10,0,1,903.503,0,7.12495,13.44,nan,nan,0,0.07,0.12,0.084375
juelich_pilot_d30_r10_log_distance_s02_w1,juelich,12345,2,2,log-distance,41,42,veh8,veh1,10,0,1,976.916,0,7.12495,8.32911,nan,nan,0,0.07,0.09,0.084375
juelich_pilot_d30_r10_log_distance_s02_w1,juelich,12345,2,2,log-distance,41,42,veh8,veh11,10,0,1,974.516,0,7.12495,7.35612,nan,nan,0,0.07,0.09,0.084375
juelich_pilot_d30_r10_log_distance_s02_w1,juelich,12345,2,2,log-distance,41,42,veh8,veh13,10,0,1,937.785,0,7.12495,7.5597,nan,nan,0,0.07,0.12,0.084375
juelich_pilot_d30_r10_log_distance_s02_w1,juelich,12345,2,2,log-distance,41,42,veh8,veh15,10,0,1,727.952,0,7.12495,2.08133,nan,nan,0,0.07,0.06,0.084375
juelich_pilot_d30_r10_log_distance_s02_w1,juelich,12345,2,2,log-distance,41,42,veh8,veh2,10,10,0,372.619,1,7.12495,0,-78.103,18.8733,10,0.07,0.04,0.084375
juelich_pilot_d30_r10_log_distance_s02_w1,juelich,12345,2,2,log-distance,41,42,veh8,veh3,10,10,0,279.339,1,7.12495,12.7284,-75.6002,21.3761,10,0.07,0.05,0.084375
juelich_pilot_d30_r10_log_distance_s02_w1,juelich,12345,2,2,log-distance,41,42,veh8,veh4,10,0,1,990.068,0,7.12495,3.3161,nan,nan,0,0.07,0.1,0.084375
juelich_pilot_d30_r10_log_distance_s02_w1,juelich,12345,2,2,log-distance,41,42,veh8,veh5,10,10,0,573.34,0,7.12495,7.43247,-81.8459,15.1304,10,0.07,0.08,0.084375
juelich_pilot_d30_r10_log_distance_s02_w1,juelich,12345,2,2,log-distance,41,42,veh8,veh7,10,10,0,225.284,1,7.12495,11.1691,-73.7317,23.2446,10,0.07,0.08,0.084375
juelich_pilot_d30_r10_log_distance_s02_w1,juelich,12345,2,2,log-distance,41,42,veh8,veh9,10,0,1,966.732,0,7.12495,3.82647,nan,nan,0,0.07,0.09,0.084375
juelich_pilot_d30_r10_log_distance_s02_w1,juelich,12345,2,2,log-distance,41,42,veh9,veh0,10,10,0,502.141,0,3.82647,13.44,-80.694,16.2823,10,0.09,0.12,0.084375
juelich_pilot_d30_r10_log_distance_s02_w1,juelich,12345,2,2,log-distance,41,42,veh9,veh1,10,10,0,97.5777,1,3.82647,8.32911,-66.4623,30.514,10,0.09,0.09,0.084375
juelich_pilot_d30_r10_log_distance_s02_w1,juelich,12345,2,2,log-distance,41,42,veh9,veh10,10,10,0,188.865,1,3.82647,8.52908,-72.2006,24.7757,10,0.09,0.09,0.084375
juelich_pilot_d30_r10_log_distance_s02_w1,juelich,12345,2,2,log-distance,41,42,veh9,veh11,10,10,0,60.1062,1,3.82647,7.35612,-62.2509,34.7254,10,0.09,0.09,0.084375
juelich_pilot_d30_r10_log_distance_s02_w1,juelich,12345,2,2,log-distance,41,42,veh9,veh12,10,10,0,549.228,0,3.82647,1.43,-81.4727,15.5035,10,0.09,0.09,0.084375
juelich_pilot_d30_r10_log_distance_s02_w1,juelich,12345,2,2,log-distance,41,42,veh9,veh13,10,10,0,358.656,1,3.82647,7.5597,-77.7713,19.205,10,0.09,0.12,0.084375
juelich_pilot_d30_r10_log_distance_s02_w1,juelich,12345,2,2,log-distance,41,42,veh9,veh14,10,0,1,691.07,0,3.82647,7.25251,nan,nan,0,0.09,0.09,0.084375
juelich_pilot_d30_r10_log_distance_s02_w1,juelich,12345,2,2,log-distance,41,42,veh9,veh15,10,0,1,958.112,0,3.82647,2.08133,nan,nan,0,0.09,0.06,0.084375
juelich_pilot_d30_r10_log_distance_s02_w1,juelich,12345,2,2,log-distance,41,42,veh9,veh4,10,10,0,166.608,1,3.82647,3.3161,-71.1115,25.8648,10,0.09,0.1,0.084375
juelich_pilot_d30_r10_log_distance_s02_w1,juelich,12345,2,2,log-distance,41,42,veh9,veh5,10,0,1,877.79,0,3.82647,7.43247,nan,nan,0,0.09,0.08,0.084375
juelich_pilot_d30_r10_log_distance_s02_w1,juelich,12345,2,2,log-distance,41,42,veh9,veh6,10,10,0,210.495,1,3.82647,7.49342,-73.1424,23.8338,10,0.09,0.09,0.084375
juelich_pilot_d30_r10_log_distance_s02_w1,juelich,12345,2,2,log-distance,41,42,veh9,veh7,10,0,1,894.298,0,3.82647,11.1691,nan,nan,0,0.09,0.08,0.084375
juelich_pilot_d30_r10_log_distance_s02_w1,juelich,12345,2,2,log-distance,41,42,veh9,veh8,10,0,1,966.732,0,3.82647,7.12495,nan,nan,0,0.09,0.07,0.084375
juelich_pilot_d30_r10_log_distance_s02_w1,juelich,12345,2,2,log-distance,42,43,veh0,veh1,10,0,1,599.698,0,13.449,8.31511,nan,nan,0,0.12,0.09,0.084375
juelich_pilot_d30_r10_log_distance_s02_w1,juelich,12345,2,2,log-distance,42,43,veh0,veh10,10,10,0,465.061,1,13.449,8.5038,-80.0279,16.9484,10,0.12,0.09,0.084375
juelich_pilot_d30_r10_log_distance_s02_w1,juelich,12345,2,2,log-distance,42,43,veh0,veh11,10,10,0,565.419,0,13.449,7.34427,-81.7251,15.2512,10,0.12,0.09,0.084375
juelich_pilot_d30_r10_log_distance_s02_w1,juelich,12345,2,2,log-distance,42,43,veh0,veh12,10,10,0,470.423,1,13.449,3.54315,-80.1275,16.8488,10,0.12,0.09,0.084375
juelich_pilot_d30_r10_log_distance_s02_w1,juelich,12345,2,2,log-distance,42,43,veh0,veh13,10,10,0,167.545,1,13.449,7.54777,-71.1578,25.8185,10,0.12,0.12,0.084375
juelich_pilot_d30_r10_log_distance_s02_w1,juelich,12345,2,2,log-distance,42,43,veh0,veh14,10,10,0,479.819,1,13.449,9.26188,-80.2992,16.6771,10,0.12,0.09,0.084375
juelich_pilot_d30_r10_log_distance_s02_w1,juelich,12345,2,2,log-distance,42,43,veh0,veh15,10,10,0,526.93,0,13.449,4.06077,-81.1127,15.8636,10,0.12,0.06,0.084375
juelich_pilot_d30_r10_log_distance_s02_w1,juelich,12345,2,2,log-distance,42,43,veh0,veh4,10,10,0,366.298,1,13.449,5.25629,-77.9543,19.022,10,0.12,0.1,0.084375
juelich_pilot_d30_r10_log_distance_s02_w1,juelich,12345,2,2,log-distance,42,43,veh0,veh5,10,10,0,521.63,0,13.449,7.46442,-81.025,15.9513,10,0.12,0.08,0.084375
juelich_pilot_d30_r10_log_distance_s02_w1,juelich,12345,2,2,log-distance,42,43,veh0,veh6,10,10,0,446.349,1,13.449,8.50522,-79.6712,17.3051,10,0.12,0.09,0.084375
juelich_pilot_d30_r10_log_distance_s02_w1,juelich,12345,2,2,log-distance,42,43,veh0,veh7,10,0,1,722.632,0,13.449,11.164,nan,nan,0,0.12,0.08,0.084375
juelich_pilot_d30_r10_log_distance_s02_w1,juelich,12345,2,2,log-distance,42,43,veh0,veh8,10,0,1,911.782,0,13.449,7.11754,nan,nan,0,0.12,0.07,0.084375
juelich_pilot_d30_r10_log_distance_s02_w1,juelich,12345,2,2,log-distance,42,43,veh0,veh9,10,10,0,513.913,0,13.449,6.08069,-80.8954,16.0809,10,0.12,0.09,0.084375
juelich_pilot_d30_r10_log_distance_s02_w1,juelich,12345,2,2,log-distance,42,43,veh1,veh0,10,0,1,599.698,0,8.31511,13.449,nan,nan,0,0.09,0.12,0.084375
juelich_pilot_d30_r10_log_distance_s02_w1,juelich,12345,2,2,log-distance,42,43,veh1,veh10,10,10,0,264.909,1,8.31511,8.5038,-75.1396,21.8366,10,0.09,0.09,0.084375
juelich_pilot_d30_r10_log_distance_s02_w1,juelich,12345,2,2,log-distance,42,43,veh1,veh11,10,10,0,36.6477,1,8.31511,7.34427,-57.9584,39.0179,10,0.09,0.09,0.084375
juelich_pilot_d30_r10_log_distance_s02_w1,juelich,12345,2,2,log-distance,42,43,veh1,veh12,10,0,1,627.428,0,8.31511,3.54315,nan,nan,0,0.09,0.09,0.084375
juelich_pilot_d30_r10_log_distance_s02_w1,juelich,12345,2,2,log-distance,42,43,veh1,veh13,10,10,0,444.643,1,8.31511,7.54777,-79.6377,17.3385,10,0.09,0.12,0.084375
juelich_pilot_d30_r10_log_distance_s02_w1,juelich,12345,2,2,log-distance,42,43,veh1,veh14,10,0,1,765.228,0,8.31511,9.26188,nan,nan,0,0.09,0.09,0.084375
juelich_pilot_d30_r10_log_distance_s02_w1,juelich,12345,2,2,log-distance,42,43,veh1,veh4,10,10,0,259.869,1,8.31511,5.25629,-74.9727,22.0035,10,0.09,0.1,0.084375
juelich_pilot_d30_r10_log_distance_s02_w1,juelich,12345,2,2,log-distance,42,43,veh1,veh5,10,0,1,931.998,0,8.31511,7.46442,nan,nan,0,0.09,0.08,0.084375
juelich_pilot_d30_r10_log_distance_s02_w1,juelich,12345,2,2,log-distance,42,43,veh1,veh6,10,10,0,289.591,1,8.31511,8.50522,-75.9134,21.0629,10,0.09,0.09,0.084375
juelich_pilot_d30_r10_log_distance_s02_w1,juelich,12345,2,2,log-distance,42,43,veh1,veh7,10,0,1,913.25,0,8.31511,11.164,nan,nan,0,0.09,0.08,0.084375
juelich_pilot_d30_r10_log_distance_s02_w1,juelich,12345,2,2,log-distance,42,43,veh1,veh8,10,0,1,972.599,0,8.31511,7.11754,nan,nan,0,0.09,0.07,0.084375
juelich_pilot_d30_r10_log_distance_s02_w1,juelich,12345,2,2,log-distance,42,43,veh1,veh9,10,10,0,91.2875,1,8.31511,6.08069,-65.8852,31.0911,10,0.09,0.09,0.084375
juelich_pilot_d30_r10_log_distance_s02_w1,juelich,12345,2,2,log-distance,42,43,veh10,veh0,10,10,0,465.061,1,8.5038,13.449,-80.0279,16.9484,10,0.09,0.12,0.084375
juelich_pilot_d30_r10_log_distance_s02_w1,juelich,12345,2,2,log-distance,42,43,veh10,veh1,10,10,0,264.909,1,8.5038,8.31511,-75.1396,21.8366,10,0.09,0.09,0.084375
juelich_pilot_d30_r10_log_distance_s02_w1,juelich,12345,2,2,log-distance,42,43,veh10,veh11,10,10,0,233.083,1,8.5038,7.34427,-74.0279,22.9484,10,0.09,0.09,0.084375
juelich_pilot_d30_r10_log_distance_s02_w1,juelich,12345,2,2,log-distance,42,43,veh10,veh12,10,10,0,363.051,1,8.5038,3.54315,-77.877,19.0993,10,0.09,0.09,0.084375
juelich_pilot_d30_r10_log_distance_s02_w1,juelich,12345,2,2,log-distance,42,43,veh10,veh13,10,10,0,298.926,1,8.5038,7.54777,-76.1885,20.7878,10,0.09,0.12,0.084375
juelich_pilot_d30_r10_log_distance_s02_w1,juelich,12345,2,2,log-distance,42,43,veh10,veh14,10,10,0,505.225,0,8.5038,9.26188,-80.747,16.2293,10,0.09,0.09,0.084375
juelich_pilot_d30_r10_log_distance_s02_w1,juelich,12345,2,2,log-distance,42,43,veh10,veh15,10,0,1,969.713,0,8.5038,4.06077,nan,nan,0,0.09,0.06,0.084375
juelich_pilot_d30_r10_log_distance_s02_w1,juelich,12345,2,2,log-distance,42,43,veh10,veh4,10,10,0,126.309,1,8.5038,5.25629,-68.7064,28.2699,10,0.09,0.1,0.084375
juelich_pilot_d30_r10_log_distance_s02_w1,juelich,12345,2,2,log-distance,42,43,veh10,veh5,10,0,1,918.877,0,8.5038,7.46442,nan,nan,0,0.09,0.08,0.084375
juelich_pilot_d30_r10_log_distance_s02_w1,juelich,12345,2,2,log-distance,42,43,veh10,veh6,10,10,0,27.4074,1,8.5038,8.50522,-55.435,41.5413,10,0.09,0.09,0.084375
juelich_pilot_d30_r10_log_distance_s02_w1,juelich,12345,2,2,log-distance,42,43,veh10,veh7,10,0,1,993.948,0,8.5038,11.164,nan,nan,0,0.09,0.08,0.084375
juelich_pilot_d30_r10_log_distance_s02_w1,juelich,12345,2,2,log-distance,42,43,veh10,veh9,10,10,0,190.665,1,8.5038,6.08069,-72.2831,24.6932,10,0.09,0.09,0.084375
juelich_pilot_d30_r10_log_distance_s02_w1,juelich,12345,2,2,log-distance,42,43,veh11,veh0,10,10,0,565.419,0,7.34427,13.449,-81.7251,15.2512,10,0.09,0.12,0.084375
juelich_pilot_d30_r10_log_distance_s02_w1,juelich,12345,2,2,log-distance,42,43,veh11,veh1,10,10,0,36.6477,1,7.34427,8.31511,-57.9584,39.0179,10,0.09,0.09,0.084375
juelich_pilot_d30_r10_log_distance_s02_w1,juelich,12345,2,2,log-distance,42,43,veh11,veh10,10,10,0,233.083,1,7.34427,8.5038,-74.0279,22.9484,10,0.09,0.09,0.084375
juelich_pilot_d30_r10_log_distance_s02_w1,juelich,12345,2,2,log-distance,42,43,veh11,veh12,10,0,1,594.396,0,7.34427,3.54315,nan,nan,0,0.09,0.09,0.084375
juelich_pilot_d30_r10_log_distance_s02_w1,juelich,12345,2,2,log-distance,42,43,veh11,veh13,10,10,0,409.023,1,7.34427,7.54777,-78.9125,18.0638,10,0.09,0.12,0.084375
juelich_pilot_d30_r10_log_distance_s02_w1,juelich,12345,2,2,log-distance,42,43,veh11,veh14,10,0,1,730.619,0,7.34427,9.26188,nan,nan,0,0.09,0.09,0.084375
juelich_pilot_d30_r10_log_distance_s02_w1,juelich,12345,2,2,log-distance,42,43,veh11,veh15,8,0,1,997.077,0,7.34297,4.2697,nan,nan,0,0.09,0.06,0.084375
juelich_pilot_d30_r10_log_distance_s02_w1,juelich,12345,2,2,log-distance,42,43,veh11,veh4,10,10,0,223.221,1,7.34427,5.25629,-73.6524,23.3239,10,0.09,0.1,0.084375
juelich_pilot_d30_r10_log_distance_s02_w1,juelich,12345,2,2,log-distance,42,43,veh11,veh5,10,0,1,909.522,0,7.34427,7.46442,nan,nan,0,0.09,0.08,0.084375
juelich_pilot_d30_r10_log_distance_s02_w1,juelich,12345,2,2,log-distance,42,43,veh11,veh6,10,10,0,256.915,1,7.34427,8.50522,-74.8735,22.1028,10,0.09,0.09,0.084375
juelich_pilot_d30_r10_log_distance_s02_w1,juelich,12345,2,2,log-distance,42,43,veh11,veh7,10,0,1,902.765,0,7.34427,11.164,nan,nan,0,0.09,0.08,0.084375
juelich_pilot_d30_r10_log_distance_s02_w1,juelich,12345,2,2,log-distance,42,43,veh11,veh8,10,0,1,970.789,0,7.34427,7.11754,nan,nan,0,0.09,0.07,0.084375
juelich_pilot_d30_r10_log_distance_s02_w1,juelich,12345,2,2,log-distance,42,43,veh11,veh9,10,10,0,54.6696,1,7.34427,6.08069,-61.4313,35.5449,10,0.09,0.09,0.084375
juelich_pilot_d30_r10_log_distance_s02_w1,juelich,12345,2,2,log-distance,42,43,veh12,veh0,10,0,1,470.423,1,3.54315,13.449,nan,nan,0,0.09,0.12,0.084375
juelich_pilot_d30_r10_log_distance_s02_w1,juelich,12345,2,2,log-distance,42,43,veh12,veh1,10,0,1,627.428,0,3.54315,8.31511,nan,nan,0,0.09,0.09,0.084375
juelich_pilot_d30_r10_log_distance_s02_w1,juelich,12345,2,2,log-distance,42,43,veh12,veh10,10,0,1,363.051,1,3.54315,8.5038,nan,nan,0,0.09,0.09,0.084375
juelich_pilot_d30_r10_log_distance_s02_w1,juelich,12345,2,2,log-distance,42,43,veh12,veh11,10,0,1,594.396,0,3.54315,7.34427,nan,nan,0,0.09,0.09,0.084375
juelich_pilot_d30_r10_log_distance_s02_w1,juelich,12345,2,2,log-distance,42,43,veh12,veh13,10,0,1,389.216,1,3.54315,7.54777,nan,nan,0,0.09,0.12,0.084375
juelich_pilot_d30_r10_log_distance_s02_w1,juelich,12345,2,2,log-distance,42,43,veh12,veh14,10,10,0,156.774,1,3.54315,9.26188,-70.581,9.12758,10,0.09,0.09,0.084375
juelich_pilot_d30_r10_log_distance_s02_w1,juelich,12345,2,2,log-distance,42,43,veh12,veh15,10,0,1,980.222,0,3.54315,4.06077,nan,nan,0,0.09,0.06,0.084375
juelich_pilot_d30_r10_log_distance_s02_w1,juelich,12345,2,2,log-distance,42,43,veh12,veh4,10,0,1,407.212,1,3.54315,5.25629,nan,nan,0,0.09,0.1,0.084375
juelich_pilot_d30_r10_log_distance_s02_w1,juelich,12345,2,2,log-distance,42,43,veh12,veh5,10,0,1,991.704,0,3.54315,7.46442,nan,nan,0,0.09,0.08,0.084375
juelich_pilot_d30_r10_log_distance_s02_w1,juelich,12345,2,2,log-distance,42,43,veh12,veh6,10,0,1,337.844,1,3.54315,8.50522,nan,nan,0,0.09,0.09,0.084375
juelich_pilot_d30_r10_log_distance_s02_w1,juelich,12345,2,2,log-distance,42,43,veh12,veh9,10,0,1,547.319,0,3.54315,6.08069,nan,nan,0,0.09,0.09,0.084375
juelich_pilot_d30_r10_log_distance_s02_w1,juelich,12345,2,2,log-distance,42,43,veh13,veh0,10,10,0,167.545,1,7.54777,13.449,-71.1578,8.88085,10,0.12,0.12,0.084375
juelich_pilot_d30_r10_log_distance_s02_w1,juelich,12345,2,2,log-distance,42,43,veh13,veh1,10,0,1,444.643,1,7.54777,8.31511,nan,nan,0,0.12,0.09,0.084375
juelich_pilot_d30_r10_log_distance_s02_w1,juelich,12345,2,2,log-distance,42,43,veh13,veh10,10,0,1,298.926,1,7.54777,8.5038,nan,nan,0,0.12,0.09,0.084375
juelich_pilot_d30_r10_log_distance_s02_w1,juelich,12345,2,2,log-distance,42,43,veh13,veh11,10,0,1,409.023,1,7.54777,7.34427,nan,nan,0,0.12,0.09,0.084375
juelich_pilot_d30_r10_log_distance_s02_w1,juelich,12345,2,2,log-distance,42,43,veh13,veh12,10,0,1,389.216,1,7.54777,3.54315,nan,nan,0,0.12,0.09,0.084375
juelich_pilot_d30_r10_log_distance_s02_w1,juelich,12345,2,2,log-distance,42,43,veh13,veh14,10,0,1,452.55,1,7.54777,9.26188,nan,nan,0,0.12,0.09,0.084375
juelich_pilot_d30_r10_log_distance_s02_w1,juelich,12345,2,2,log-distance,42,43,veh13,veh15,10,0,1,676.846,0,7.54777,4.06077,nan,nan,0,0.12,0.06,0.084375
juelich_pilot_d30_r10_log_distance_s02_w1,juelich,12345,2,2,log-distance,42,43,veh13,veh4,10,10,0,199.925,1,7.54777,5.25629,-72.6944,6.11295,10,0.12,0.1,0.084375
juelich_pilot_d30_r10_log_distance_s02_w1,juelich,12345,2,2,log-distance,42,43,veh13,veh5,10,0,1,644.5,0,7.54777,7.46442,nan,nan,0,0.12,0.08,0.084375
juelich_pilot_d30_r10_log_distance_s02_w1,juelich,12345,2,2,log-distance,42,43,veh13,veh6,10,0,1,281.716,1,7.54777,8.50522,nan,nan,0,0.12,0.09,0.084375
juelich_pilot_d30_r10_log_distance_s02_w1,juelich,12345,2,2,log-distance,42,43,veh13,veh7,10,0,1,785.065,0,7.54777,11.164,nan,nan,0,0.12,0.08,0.084375
juelich_pilot_d30_r10_log_distance_s02_w1,juelich,12345,2,2,log-distance,42,43,veh13,veh8,10,0,1,944.244,0,7.54777,7.11754,nan,nan,0,0.12,0.07,0.084375
juelich_pilot_d30_r10_log_distance_s02_w1,juelich,12345,2,2,log-distance,42,43,veh13,veh9,10,0,1,355.614,1,7.54777,6.08069,nan,nan,0,0.12,0.09,0.084375
juelich_pilot_d30_r10_log_distance_s02_w1,juelich,12345,2,2,log-distance,42,43,veh14,veh0,10,10,0,479.819,1,9.26188,13.449,-80.2992,16.6771,10,0.09,0.12,0.084375
juelich_pilot_d30_r10_log_distance_s02_w1,juelich,12345,2,2,log-distance,42,43,veh14,veh1,10,0,1,765.228,0,9.26188,8.31511,nan,nan,0,0.09,0.09,0.084375
juelich_pilot_d30_r10_log_distance_s02_w1,juelich,12345,2,2,log-distance,42,43,veh14,veh10,10,10,0,505.225,0,9.26188,8.5038,-80.747,16.2293,10,0.09,0.09,0.084375
juelich_pilot_d30_r10_log_distance_s02_w1,juelich,12345,2,2,log-distance,42,43,veh14,veh11,10,0,1,730.619,0,9.26188,7.34427,nan,nan,0,0.09,0.09,0.084375
juelich_pilot_d30_r10_log_distance_s02_w1,juelich,12345,2,2,log-distance,42,43,veh14,veh12,10,10,0,156.774,1,9.26188,3.54315,-70.581,26.3953,10,0.09,0.09,0.084375
juelich_pilot_d30_r10_log_distance_s02_w1,juelich,12345,2,2,log-distance,42,43,veh14,veh13,10,10,0,452.55,1,9.26188,7.54777,-79.7908,17.1854,10,0.09,0.12,0.084375
juelich_pilot_d30_r10_log_distance_s02_w1,juelich,12345,2,2,log-distance,42,43,veh14,veh15,10,0,1,945.372,0,9.26188,4.06077,nan,nan,0,0.09,0.06,0.084375
juelich_pilot_d30_r10_log_distance_s02_w1,juelich,12345,2,2,log-distance,42,43,veh14,veh4,10,10,0,526.118,0,9.26188,5.25629,-81.0992,15.8771,10,0.09,0.1,0.084375
juelich_pilot_d30_r10_log_distance_s02_w1,juelich,12345,2,2,log-distance,42,43,veh14,veh5,10,0,1,983.295,0,9.26188,7.46442,nan,nan,0,0.09,0.08,0.084375
juelich_pilot_d30_r10_log_distance_s02_w1,juelich,12345,2,2,log-distance,42,43,veh14,veh6,10,10,0,478.607,1,9.26188,8.50522,-80.2768,16.6994,10,0.09,0.09,0.084375
juelich_pilot_d30_r10_log_distance_s02_w1,juelich,12345,2,2,log-distance,42,43,veh14,veh9,10,0,1,680.41,0,9.26188,6.08069,nan,nan,0,0.09,0.09,0.084375
juelich_pilot_d30_r10_log_distance_s02_w1,juelich,12345,2,2,log-distance,42,43,veh15,veh0,10,10,0,526.93,0,4.06077,13.449,-81.1127,15.8636,10,0.06,0.12,0.084375
juelich_pilot_d30_r10_log_distance_s02_w1,juelich,12345,2,2,log-distance,42,43,veh15,veh10,10,0,1,969.713,0,4.06077,8.5038,nan,nan,0,0.06,0.09,0.084375
juelich_pilot_d30_r10_log_distance_s02_w1,juelich,12345,2,2,log-distance,42,43,veh15,veh11,8,0,1,997.077,0,4.2697,7.34297,nan,nan,0,0.06,0.09,0.084375
juelich_pilot_d30_r10_log_distance_s02_w1,juelich,12345,2,2,log-distance,42,43,veh15,veh12,10,0,1,980.222,0,4.06077,3.54315,nan,nan,0,0.06,0.09,0.084375
juelich_pilot_d30_r10_log_distance_s02_w1,juelich,12345,2,2,log-distance,42,43,veh15,veh13,10,0,1,676.846,0,4.06077,7.54777,nan,nan,0,0.06,0.12,0.084375
juelich_pilot_d30_r10_log_distance_s02_w1,juelich,12345,2,2,log-distance,42,43,veh15,veh14,10,0,1,945.372,0,4.06077,9.26188,nan,nan,0,0.06,0.09,0.084375
juelich_pilot_d30_r10_log_distance_s02_w1,juelich,12345,2,2,log-distance,42,43,veh15,veh2,10,0,1,964.433,0,4.06077,0,nan,nan,0,0.06,0.04,0.084375
juelich_pilot_d30_r10_log_distance_s02_w1,juelich,12345,2,2,log-distance,42,43,veh15,veh3,10,0,1,834.221,0,4.06077,12.7371,nan,nan,0,0.06,0.05,0.084375
juelich_pilot_d30_r10_log_distance_s02_w1,juelich,12345,2,2,log-distance,42,43,veh15,veh4,10,0,1,852.513,0,4.06077,5.25629,nan,nan,0,0.06,0.1,0.084375
juelich_pilot_d30_r10_log_distance_s02_w1,juelich,12345,2,2,log-distance,42,43,veh15,veh5,10,10,0,167.939,1,4.06077,7.46442,-71.1798,25.7965,10,0.06,0.08,0.084375
juelich_pilot_d30_r10_log_distance_s02_w1,juelich,12345,2,2,log-distance,42,43,veh15,veh6,10,0,1,955.742,0,4.06077,8.50522,nan,nan,0,0.06,0.09,0.084375
juelich_pilot_d30_r10_log_distance_s02_w1,juelich,12345,2,2,log-distance,42,43,veh15,veh7,10,10,0,500.531,0,4.06077,11.164,-80.6663,16.31,10,0.06,0.08,0.084375
juelich_pilot_d30_r10_log_distance_s02_w1,juelich,12345,2,2,log-distance,42,43,veh15,veh8,10,0,1,734.236,0,4.06077,7.11754,nan,nan,0,0.06,0.07,0.084375
juelich_pilot_d30_r10_log_distance_s02_w1,juelich,12345,2,2,log-distance,42,43,veh15,veh9,10,0,1,957.738,0,4.06077,6.08069,nan,nan,0,0.06,0.09,0.084375
juelich_pilot_d30_r10_log_distance_s02_w1,juelich,12345,2,2,log-distance,42,43,veh2,veh15,10,0,1,964.433,0,0,4.06077,nan,nan,0,0.04,0.06,0.084375
juelich_pilot_d30_r10_log_distance_s02_w1,juelich,12345,2,2,log-distance,42,43,veh2,veh3,10,10,0,132.397,1,0,12.7371,-69.1121,20.7467,10,0.04,0.05,0.084375
juelich_pilot_d30_r10_log_distance_s02_w1,juelich,12345,2,2,log-distance,42,43,veh2,veh5,10,0,1,827.475,0,0,7.46442,nan,nan,0,0.04,0.08,0.084375
juelich_pilot_d30_r10_log_distance_s02_w1,juelich,12345,2,2,log-distance,42,43,veh2,veh7,10,10,0,534.371,0,0,11.164,-81.2344,6.49075,10,0.04,0.08,0.084375
juelich_pilot_d30_r10_log_distance_s02_w1,juelich,12345,2,2,log-distance,42,43,veh2,veh8,10,10,0,375.169,1,0,7.11754,-78.1622,10.6184,10,0.04,0.07,0.084375
juelich_pilot_d30_r10_log_distance_s02_w1,juelich,12345,2,2,log-distance,42,43,veh3,veh15,10,0,1,834.221,0,12.7371,4.06077,nan,nan,0,0.05,0.06,0.084375
juelich_pilot_d30_r10_log_distance_s02_w1,juelich,12345,2,2,log-distance,42,43,veh3,veh2,10,10,0,132.397,1,12.7371,0,-69.1121,27.8642,10,0.05,0.04,0.084375
juelich_pilot_d30_r10_log_distance_s02_w1,juelich,12345,2,2,log-distance,42,43,veh3,veh5,10,0,1,695.364,0,12.7371,7.46442,nan,nan,0,0.05,0.08,0.084375
juelich_pilot_d30_r10_log_distance_s02_w1,juelich,12345,2,2,log-distance,42,43,veh3,veh7,10,10,0,405.118,1,12.7371,11.164,-78.8293,18.147,10,0.05,0.08,0.084375
juelich_pilot_d30_r10_log_distance_s02_w1,juelich,12345,2,2,log-distance,42,43,veh3,veh8,10,10,0,273.856,1,12.7371,7.11754,-75.428,21.5483,10,0.05,0.07,0.084375
juelich_pilot_d30_r10_log_distance_s02_w1,juelich,12345,2,2,log-distance,42,43,veh4,veh0,10,10,0,366.298,1,5.25629,13.449,-77.9543,19.022,10,0.1,0.12,0.084375
juelich_pilot_d30_r10_log_distance_s02_w1,juelich,12345,2,2,log-distance,42,43,veh4,veh1,10,10,0,259.869,1,5.25629,8.31511,-74.9727,22.0035,10,0.1,0.09,0.084375
juelich_pilot_d30_r10_log_distance_s02_w1,juelich,12345,2,2,log-distance,42,43,veh4,veh10,10,10,0,126.309,1,5.25629,8.5038,-68.7064,28.2699,10,0.1,0.09,0.084375
juelich_pilot_d30_r10_log_distance_s02_w1,juelich,12345,2,2,log-distance,42,43,veh4,veh11,10,10,0,223.221,1,5.25629,7.34427,-73.6524,23.3239,10,0.1,0.09,0.084375
juelich_pilot_d30_r10_log_distance_s02_w1,juelich,12345,2,2,log-distance,42,43,veh4,veh12,10,10,0,407.212,1,5.25629,3.54315,-78.8741,18.1022,10,0.1,0.09,0.084375
juelich_pilot_d30_r10_log_distance_s02_w1,juelich,12345,2,2,log-distance,42,43,veh4,veh13,10,10,0,199.925,1,5.25629,7.54777,-72.6944,24.2819,10,0.1,0.12,0.084375
juelich_pilot_d30_r10_log_distance_s02_w1,juelich,12345,2,2,log-distance,42,43,veh4,veh14,10,10,0,526.118,0,5.25629,9.26188,-81.0992,15.8771,10,0.1,0.09,0.084375
juelich_pilot_d30_r10_log_distance_s02_w1,juelich,12345,2,2,log-distance,42,43,veh4,veh15,10,0,1,852.513,0,5.25629,4.06077,nan,nan,0,0.1,0.06,0.084375
juelich_pilot_d30_r10_log_distance_s02_w1,juelich,12345,2,2,log-distance,42,43,veh4,veh5,10,0,1,795.124,0,5.25629,7.46442,nan,nan,0,0.1,0.08,0.084375
juelich_pilot_d30_r10_log_distance_s02_w1,juelich,12345,2,2,log-distance,42,43,veh4,veh6,10,10,0,124.085,1,5.25629,8.50522,-68.5521,28.4242,10,0.1,0.09,0.084375
juelich_pilot_d30_r10_log_distance_s02_w1,juelich,12345,2,2,log-distance,42,43,veh4,veh7,10,0,1,869.439,0,5.25629,11.164,nan,nan,0,0.1,0.08,0.084375
juelich_pilot_d30_r10_log_distance_s02_w1,juelich,12345,2,2,log-distance,42,43,veh4,veh8,10,0,1,988.839,0,5.25629,7.11754,nan,nan,0,0.1,0.07,0.084375
juelich_pilot_d30_r10_log_distance_s02_w1,juelich,12345,2,2,log-distance,42,43,veh4,veh9,10,10,0,168.642,1,5.25629,6.08069,-71.217,25.7593,10,0.1,0.09,0.084375
juelich_pilot_d30_r10_log_distance_s02_w1,juelich,12345,2,2,log-distance,42,43,veh5,veh0,10,10,0,521.63,0,7.46442,13.449,-81.025,15.9513,10,0.08,0.12,0.084375
juelich_pilot_d30_r10_log_distance_s02_w1,juelich,12345,2,2,log-distance,42,43,veh5,veh1,10,0,1,931.998,0,7.46442,8.31511,nan,nan,0,0.08,0.09,0.084375
juelich_pilot_d30_r10_log_distance_s02_w1,juelich,12345,2,2,log-distance,42,43,veh5,veh10,10,0,1,918.877,0,7.46442,8.5038,nan,nan,0,0.08,0.09,0.084375
juelich_pilot_d30_r10_log_distance_s02_w1,juelich,12345,2,2,log-distance,42,43,veh5,veh11,10,0,1,909.522,0,7.46442,7.34427,nan,nan,0,0.08,0.09,0.084375
juelich_pilot_d30_r10_log_distance_s02_w1,juelich,12345,2,2,log-distance,42,43,veh5,veh12,10,0,1,991.704,0,7.46442,3.54315,nan,nan,0,0.08,0.09,0.084375
juelich_pilot_d30_r10_log_distance_s02_w1,juelich,12345,2,2,log-distance,42,43,veh5,veh13,10,0,1,644.5,0,7.46442,7.54777,nan,nan,0,0.08,0.12,0.084375
juelich_pilot_d30_r10_log_distance_s02_w1,juelich,12345,2,2,log-distance,42,43,veh5,veh14,10,0,1,983.295,0,7.46442,9.26188,nan,nan,0,0.08,0.09,0.084375
juelich_pilot_d30_r10_log_distance_s02_w1,juelich,12345,2,2,log-distance,42,43,veh5,veh15,10,10,0,167.939,1,7.46442,4.06077,-71.1798,25.7965,10,0.08,0.06,0.084375
juelich_pilot_d30_r10_log_distance_s02_w1,juelich,12345,2,2,log-distance,42,43,veh5,veh2,10,0,1,827.475,0,7.46442,0,nan,nan,0,0.08,0.04,0.084375
juelich_pilot_d30_r10_log_distance_s02_w1,juelich,12345,2,2,log-distance,42,43,veh5,veh3,10,0,1,695.364,0,7.46442,12.7371,nan,nan,0,0.08,0.05,0.084375
juelich_pilot_d30_r10_log_distance_s02_w1,juelich,12345,2,2,log-distance,42,43,veh5,veh4,10,0,1,795.124,0,7.46442,5.25629,nan,nan,0,0.08,0.1,0.084375
juelich_pilot_d30_r10_log_distance_s02_w1,juelich,12345,2,2,log-distance,42,43,veh5,veh6,10,0,1,909.137,0,7.46442,8.50522,nan,nan,0,0.08,0.09,0.084375
juelich_pilot_d30_r10_log_distance_s02_w1,juelich,12345,2,2,log-distance,42,43,veh5,veh7,10,10,0,336.686,1,7.46442,11.164,-77.2218,19.7545,10,0.08,0.08,0.084375
juelich_pilot_d30_r10_log_distance_s02_w1,juelich,12345,2,2,log-distance,42,43,veh5,veh8,10,10,0,571.104,0,7.46442,7.11754,-81.812,15.1643,10,0.08,0.07,0.084375
juelich_pilot_d30_r10_log_distance_s02_w1,juelich,12345,2,2,log-distance,42,43,veh5,veh9,10,0,1,875.641,0,7.46442,6.08069,nan,nan,0,0.08,0.09,0.084375
juelich_pilot_d30_r10_log_distance_s02_w1,juelich,12345,2,2,log-distance,42,43,veh6,veh0,10,10,0,446.349,1,8.50522,13.449,-79.6712,17.3051,10,0.09,0.12,0.084375
juelich_pilot_d30_r10_log_distance_s02_w1,juelich,12345,2,2,log-distance,42,43,veh6,veh1,10,10,0,289.591,1,8.50522,8.31511,-75.9134,21.0629,10,0.09,0.09,0.084375
juelich_pilot_d30_r10_log_distance_s02_w1,juelich,12345,2,2,log-distance,42,43,veh6,veh10,10,10,0,27.4074,1,8.50522,8.5038,-55.435,41.5413,10,0.09,0.09,0.084375
juelich_pilot_d30_r10_log_distance_s02_w1,juelich,12345,2,2,log-distance,42,43,veh6,veh11,10,10,0,256.915,1,8.50522,7.34427,-74.8735,22.1028,10,0.09,0.09,0.084375
juelich_pilot_d30_r10_log_distance_s02_w1,juelich,12345,2,2,log-distance,42,43,veh6,veh12,10,10,0,337.844,1,8.50522,3.54315,-77.2519,19.7244,10,0.09,0.09,0.084375
juelich_pilot_d30_r10_log_distance_s02_w1,juelich,12345,2,2,log-distance,42,43,veh6,veh13,10,10,0,281.716,1,8.50522,7.54777,-75.6734,21.3029,10,0.09,0.12,0.084375
juelich_pilot_d30_r10_log_distance_s02_w1,juelich,12345,2,2,log-distance,42,43,veh6,veh14,10,10,0,478.607,1,8.50522,9.26188,-80.2768,16.6994,10,0.09,0.09,0.084375
juelich_pilot_d30_r10_log_distance_s02_w1,juelich,12345,2,2,log-distance,42,43,veh6,veh15,10,0,1,955.742,0,8.50522,4.06077,nan,nan,0,0.09,0.06,0.084375
juelich_pilot_d30_r10_log_distance_s02_w1,juelich,12345,2,2,log-distance,42,43,veh6,veh4,10,10,0,124.085,1,8.50522,5.25629,-68.5521,28.4242,10,0.09,0.1,0.084375
juelich_pilot_d30_r10_log_distance_s02_w1,juelich,12345,2,2,log-distance,42,43,veh6,veh5,10,0,1,909.137,0,8.50522,7.46442,nan,nan,0,0.09,0.08,0.084375
juelich_pilot_d30_r10_log_distance_s02_w1,juelich,12345,2,2,log-distance,42,43,veh6,veh7,10,0,1,993.444,0,8.50522,11.164,nan,nan,0,0.09,0.08,0.084375
juelich_pilot_d30_r10_log_distance_s02_w1,juelich,12345,2,2,log-distance,42,43,veh6,veh9,10,10,0,212.227,1,8.50522,6.08069,-73.2137,23.7626,10,0.09,0.09,0.084375
juelich_pilot_d30_r10_log_distance_s02_w1,juelich,12345,2,2,log-distance,42,43,veh7,veh0,10,0,1,722.632,0,11.164,13.449,nan,nan,0,0.08,0.12,0.084375
juelich_pilot_d30_r10_log_distance_s02_w1,juelich,12345,2,2,log-distance,42,43,veh7,veh1,10,0,1,913.25,0,11.164,8.31511,nan,nan,0,0.08,0.09,0.084375
juelich_pilot_d30_r10_log_distance_s02_w1,juelich,12345,2,2,log-distance,42,43,veh7,veh10,10,0,1,993.948,0,11.164,8.5038,nan,nan,0,0.08,0.09,0.084375
juelich_pilot_d30_r10_log_distance_s02_w1,juelich,12345,2,2,log-distance,42,43,veh7,veh11,10,0,1,902.765,0,11.164,7.34427,nan,nan,0,0.08,0.09,0.084375
juelich_pilot_d30_r10_log_distance_s02_w1,juelich,12345,2,2,log-distance,42,43,veh7,veh13,10,0,1,785.065,0,11.164,7.54777,nan,nan,0,0.08,0.12,0.084375
juelich_pilot_d30_r10_log_distance_s02_w1,juelich,12345,2,2,log-distance,42,43,veh7,veh15,10,10,0,500.531,0,11.164,4.06077,-80.6663,16.31,10,0.08,0.06,0.084375
juelich_pilot_d30_r10_log_distance_s02_w1,juelich,12345,2,2,log-distance,42,43,veh7,veh2,10,10,0,534.371,0,11.164,0,-81.2344,15.7418,10,0.08,0.04,0.084375
juelich_pilot_d30_r10_log_distance_s02_w1,juelich,12345,2,2,log-distance,42,43,veh7,veh3,10,10,0,405.118,1,11.164,12.7371,-78.8293,18.147,10,0.08,0.05,0.084375
juelich_pilot_d30_r10_log_distance_s02_w1,juelich,12345,2,2,log-distance,42,43,veh7,veh4,10,0,1,869.439,0,11.164,5.25629,nan,nan,0,0.08,0.1,0.084375
juelich_pilot_d30_r10_log_distance_s02_w1,juelich,12345,2,2,log-distance,42,43,veh7,veh5,10,10,0,336.686,1,11.164,7.46442,-77.2218,19.7545,10,0.08,0.08,0.084375
juelich_pilot_d30_r10_log_distance_s02_w1,juelich,12345,2,2,log-distance,42,43,veh7,veh6,10,0,1,993.444,0,11.164,8.50522,nan,nan,0,0.08,0.09,0.084375
juelich_pilot_d30_r10_log_distance_s02_w1,juelich,12345,2,2,log-distance,42,43,veh7,veh8,10,10,0,234.429,1,11.164,7.11754,-74.0774,22.8989,10,0.08,0.07,0.084375
juelich_pilot_d30_r10_log_distance_s02_w1,juelich,12345,2,2,log-distance,42,43,veh7,veh9,10,0,1,887.156,0,11.164,6.08069,nan,nan,0,0.08,0.09,0.084375
juelich_pilot_d30_r10_log_distance_s02_w1,juelich,12345,2,2,log-distance,42,43,veh8,veh0,10,0,1,911.782,0,7.11754,13.449,nan,nan,0,0.07,0.12,0.084375
juelich_pilot_d30_r10_log_distance_s02_w1,juelich,12345,2,2,log-distance,42,43,veh8,veh1,10,0,1,972.599,0,7.11754,8.31511,nan,nan,0,0.07,0.09,0.084375
juelich_pilot_d30_r10_log_distance_s02_w1,juelich,12345,2,2,log-distance,42,43,veh8,veh11,10,0,1,970.789,0,7.11754,7.34427,nan,nan,0,0.07,0.09,0.084375
juelich_pilot_d30_r10_log_distance_s02_w1,juelich,12345,2,2,log-distance,42,43,veh8,veh13,10,0,1,944.244,0,7.11754,7.54777,nan,nan,0,0.07,0.12,0.084375
juelich_pilot_d30_r10_log_distance_s02_w1,juelich,12345,2,2,log-distance,42,43,veh8,veh15,10,0,1,734.236,0,7.11754,4.06077,nan,nan,0,0.07,0.06,0.084375
juelich_pilot_d30_r10_log_distance_s02_w1,juelich,12345,2,2,log-distance,42,43,veh8,veh2,10,10,0,375.169,1,7.11754,0,-78.1622,18.8141,10,0.07,0.04,0.084375
juelich_pilot_d30_r10_log_distance_s02_w1,juelich,12345,2,2,log-distance,42,43,veh8,veh3,10,10,0,273.856,1,7.11754,12.7371,-75.428,21.5483,10,0.07,0.05,0.084375
juelich_pilot_d30_r10_log_distance_s02_w1,juelich,12345,2,2,log-distance,42,43,veh8,veh4,10,0,1,988.839,0,7.11754,5.25629,nan,nan,0,0.07,0.1,0.084375
juelich_pilot_d30_r10_log_distance_s02_w1,juelich,12345,2,2,log-distance,42,43,veh8,veh5,10,10,0,571.104,0,7.11754,7.46442,-81.812,15.1643,10,0.07,0.08,0.084375
juelich_pilot_d30_r10_log_distance_s02_w1,juelich,12345,2,2,log-distance,42,43,veh8,veh7,10,10,0,234.429,1,7.11754,11.164,-74.0774,22.8989,10,0.07,0.08,0.084375
juelich_pilot_d30_r10_log_distance_s02_w1,juelich,12345,2,2,log-distance,42,43,veh8,veh9,10,0,1,968.033,0,7.11754,6.08069,nan,nan,0,0.07,0.09,0.084375
juelich_pilot_d30_r10_log_distance_s02_w1,juelich,12345,2,2,log-distance,42,43,veh9,veh0,10,10,0,513.913,0,6.08069,13.449,-80.8954,16.0809,10,0.09,0.12,0.084375
juelich_pilot_d30_r10_log_distance_s02_w1,juelich,12345,2,2,log-distance,42,43,veh9,veh1,10,10,0,91.2875,1,6.08069,8.31511,-65.8852,31.0911,10,0.09,0.09,0.084375
juelich_pilot_d30_r10_log_distance_s02_w1,juelich,12345,2,2,log-distance,42,43,veh9,veh10,10,10,0,190.665,1,6.08069,8.5038,-72.2831,24.6932,10,0.09,0.09,0.084375
juelich_pilot_d30_r10_log_distance_s02_w1,juelich,12345,2,2,log-distance,42,43,veh9,veh11,10,10,0,54.6696,1,6.08069,7.34427,-61.4313,35.5449,10,0.09,0.09,0.084375
juelich_pilot_d30_r10_log_distance_s02_w1,juelich,12345,2,2,log-distance,42,43,veh9,veh12,10,10,0,547.319,0,6.08069,3.54315,-81.4425,15.5338,10,0.09,0.09,0.084375
juelich_pilot_d30_r10_log_distance_s02_w1,juelich,12345,2,2,log-distance,42,43,veh9,veh13,10,10,0,355.614,1,6.08069,7.54777,-77.6972,19.2791,10,0.09,0.12,0.084375
juelich_pilot_d30_r10_log_distance_s02_w1,juelich,12345,2,2,log-distance,42,43,veh9,veh14,10,0,1,680.41,0,6.08069,9.26188,nan,nan,0,0.09,0.09,0.084375
juelich_pilot_d30_r10_log_distance_s02_w1,juelich,12345,2,2,log-distance,42,43,veh9,veh15,10,0,1,957.738,0,6.08069,4.06077,nan,nan,0,0.09,0.06,0.084375
juelich_pilot_d30_r10_log_distance_s02_w1,juelich,12345,2,2,log-distance,42,43,veh9,veh4,10,10,0,168.642,1,6.08069,5.25629,-71.217,25.7593,10,0.09,0.1,0.084375
juelich_pilot_d30_r10_log_distance_s02_w1,juelich,12345,2,2,log-distance,42,43,veh9,veh5,10,0,1,875.641,0,6.08069,7.46442,nan,nan,0,0.09,0.08,0.084375
juelich_pilot_d30_r10_log_distance_s02_w1,juelich,12345,2,2,log-distance,42,43,veh9,veh6,10,10,0,212.227,1,6.08069,8.50522,-73.2137,23.7626,10,0.09,0.09,0.084375
juelich_pilot_d30_r10_log_distance_s02_w1,juelich,12345,2,2,log-distance,42,43,veh9,veh7,10,0,1,887.156,0,6.08069,11.164,nan,nan,0,0.09,0.08,0.084375
juelich_pilot_d30_r10_log_distance_s02_w1,juelich,12345,2,2,log-distance,42,43,veh9,veh8,10,0,1,968.033,0,6.08069,7.11754,nan,nan,0,0.09,0.07,0.084375
juelich_pilot_d30_r10_log_distance_s02_w1,juelich,12345,2,2,log-distance,43,44,veh0,veh1,10,0,1,603.637,0,13.456,8.33811,nan,nan,0,0.12,0.09,0.0881176
juelich_pilot_d30_r10_log_distance_s02_w1,juelich,12345,2,2,log-distance,43,44,veh0,veh10,10,10,0,467.095,1,13.456,8.52024,-80.0658,16.9105,10,0.12,0.09,0.0881176
juelich_pilot_d30_r10_log_distance_s02_w1,juelich,12345,2,2,log-distance,43,44,veh0,veh11,10,10,0,570.2,0,13.456,7.33384,-81.7982,15.1781,10,0.12,0.09,0.0881176
juelich_pilot_d30_r10_log_distance_s02_w1,juelich,12345,2,2,log-distance,43,44,veh0,veh12,10,10,0,465.511,1,13.456,4.35696,-80.0362,16.9401,10,0.12,0.09,0.0881176
juelich_pilot_d30_r10_log_distance_s02_w1,juelich,12345,2,2,log-distance,43,44,veh0,veh13,10,10,0,181.358,1,13.456,7.57138,-71.8463,25.13,10,0.12,0.12,0.0881176
juelich_pilot_d30_r10_log_distance_s02_w1,juelich,12345,2,2,log-distance,43,44,veh0,veh14,10,10,0,472.507,1,13.456,11.2395,-80.1658,16.8105,10,0.12,0.09,0.0881176
juelich_pilot_d30_r10_log_distance_s02_w1,juelich,12345,2,2,log-distance,43,44,veh0,veh15,10,10,0,519.755,0,13.456,6.06947,-80.9936,15.9827,10,0.12,0.073,0.0881176
juelich_pilot_d30_r10_log_distance_s02_w1,juelich,12345,2,2,log-distance,43,44,veh0,veh4,10,10,0,370.881,1,13.456,7.19847,-78.0623,18.9139,10,0.12,0.1,0.0881176
juelich_pilot_d30_r10_log_distance_s02_w1,juelich,12345,2,2,log-distance,43,44,veh0,veh5,10,10,0,523.006,0,13.456,7.47648,-81.0478,15.9285,10,0.12,0.098,0.0881176
juelich_pilot_d30_r10_log_distance_s02_w1,juelich,12345,2,2,log-distance,43,44,veh0,veh6,10,10,0,447.328,1,13.456,10.5012,-79.6902,17.2861,10,0.12,0.09,0.0881176
juelich_pilot_d30_r10_log_distance_s02_w1,juelich,12345,2,2,log-distance,43,44,veh0,veh7,10,0,1,719.615,0,13.456,11.1831,nan,nan,0,0.12,0.088,0.0881176
juelich_pilot_d30_r10_log_distance_s02_w1,juelich,12345,2,2,log-distance,43,44,veh0,veh8,10,0,1,921.636,0,13.456,7.12328,nan,nan,0,0.12,0.078,0.0881176
juelich_pilot_d30_r10_log_distance_s02_w1,juelich,12345,2,2,log-distance,43,44,veh0,veh9,10,10,0,520.181,0,13.456,8.0303,-81.0008,15.9755,10,0.12,0.09,0.0881176
juelich_pilot_d30_r10_log_distance_s02_w1,juelich,12345,2,2,log-distance,43,44,veh1,veh0,10,0,1,603.637,0,8.33811,13.456,nan,nan,0,0.09,0.12,0.0881176
juelich_pilot_d30_r10_log_distance_s02_w1,juelich,12345,2,2,log-distance,43,44,veh1,veh10,10,10,0,265.141,1,8.33811,8.52024,-75.1472,21.8291,10,0.09,0.09,0.0881176
juelich_pilot_d30_r10_log_distance_s02_w1,juelich,12345,2,2,log-distance,43,44,veh1,veh11,10,10,0,35.6605,1,8.33811,7.33384,-57.7212,39.2551,10,0.09,0.09,0.0881176
juelich_pilot_d30_r10_log_distance_s02_w1,juelich,12345,2,2,log-distance,43,44,veh1,veh12,10,0,1,619.641,0,8.33811,4.35696,nan,nan,0,0.09,0.09,0.0881176
juelich_pilot_d30_r10_log_distance_s02_w1,juelich,12345,2,2,log-distance,43,44,veh1,veh13,10,10,0,434.868,1,8.33811,7.57138,-79.4447,17.5316,10,0.09,0.12,0.0881176
juelich_pilot_d30_r10_log_distance_s02_w1,juelich,12345,2,2,log-distance,43,44,veh1,veh14,10,0,1,748.445,0,8.33811,11.2395,nan,nan,0,0.09,0.09,0.0881176
juelich_pilot_d30_r10_log_distance_s02_w1,juelich,12345,2,2,log-distance,43,44,veh1,veh4,10,10,0,257.823,1,8.33811,7.19847,-74.9041,22.0722,10,0.09,0.1,0.0881176
juelich_pilot_d30_r10_log_distance_s02_w1,juelich,12345,2,2,log-distance,43,44,veh1,veh5,10,0,1,921.984,0,8.33811,7.47648,nan,nan,0,0.09,0.098,0.0881176
juelich_pilot_d30_r10_log_distance_s02_w1,juelich,12345,2,2,log-distance,43,44,veh1,veh6,10,10,0,290.749,1,8.33811,10.5012,-75.948,21.0283,10,0.09,0.09,0.0881176
juelich_pilot_d30_r10_log_distance_s02_w1,juelich,12345,2,2,log-distance,43,44,veh1,veh7,10,0,1,900.093,0,8.33811,11.1831,nan,nan,0,0.09,0.088,0.0881176
juelich_pilot_d30_r10_log_distance_s02_w1,juelich,12345,2,2,log-distance,43,44,veh1,veh8,10,0,1,968.498,0,8.33811,7.12328,nan,nan,0,0.09,0.078,0.0881176
juelich_pilot_d30_r10_log_distance_s02_w1,juelich,12345,2,2,log-distance,43,44,veh1,veh9,10,10,0,89.3937,1,8.33811,8.0303,-65.7038,31.2724,10,0.09,0.09,0.0881176
juelich_pilot_d30_r10_log_distance_s02_w1,juelich,12345,2,2,log-distance,43,44,veh10,veh0,10,10,0,467.095,1,8.52024,13.456,-80.0658,16.9105,10,0.09,0.12,0.0881176
juelich_pilot_d30_r10_log_distance_s02_w1,juelich,12345,2,2,log-distance,43,44,veh10,veh1,10,10,0,265.141,1,8.52024,8.33811,-75.1472,21.8291,10,0.09,0.09,0.0881176
juelich_pilot_d30_r10_log_distance_s02_w1,juelich,12345,2,2,log-distance,43,44,veh10,veh11,10,10,0,234.154,1,8.52024,7.33384,-74.0677,22.9086,10,0.09,0.09,0.0881176
juelich_pilot_d30_r10_log_distance_s02_w1,juelich,12345,2,2,log-distance,43,44,veh10,veh12,10,10,0,355.027,1,8.52024,4.35696,-77.6826,19.2937,10,0.09,0.09,0.0881176
juelich_pilot_d30_r10_log_distance_s02_w1,juelich,12345,2,2,log-distance,43,44,veh10,veh13,10,10,0,287.73,1,8.52024,7.57138,-75.8569,21.1194,10,0.09,0.12,0.0881176
juelich_pilot_d30_r10_log_distance_s02_w1,juelich,12345,2,2,log-distance,43,44,veh10,veh14,10,10,0,487.639,1,8.52024,11.2395,-80.4392,16.5371,10,0.09,0.09,0.0881176
juelich_pilot_d30_r10_log_distance_s02_w1,juelich,12345,2,2,log-distance,43,44,veh10,veh15,10,0,1,961.378,0,8.52024,6.06947,nan,nan,0,0.09,0.073,0.0881176
juelich_pilot_d30_r10_log_distance_s02_w1,juelich,12345,2,2,log-distance,43,44,veh10,veh4,10,10,0,126.185,1,8.52024,7.19847,-68.6978,28.2785,10,0.09,0.1,0.0881176
juelich_pilot_d30_r10_log_distance_s02_w1,juelich,12345,2,2,log-distance,43,44,veh10,veh5,10,0,1,912.808,0,8.52024,7.47648,nan,nan,0,0.09,0.098,0.0881176
juelich_pilot_d30_r10_log_distance_s02_w1,juelich,12345,2,2,log-distance,43,44,veh10,veh6,10,10,0,28.4977,1,8.52024,10.5012,-55.7719,41.2043,10,0.09,0.09,0.0881176
juelich_pilot_d30_r10_log_distance_s02_w1,juelich,12345,2,2,log-distance,43,44,veh10,veh7,10,0,1,982.585,0,8.52024,11.1831,nan,nan,0,0.09,0.088,0.0881176
juelich_pilot_d30_r10_log_distance_s02_w1,juelich,12345,2,2,log-distance,43,44,veh10,veh9,10,10,0,190.899,1,8.52024,8.0303,-72.2938,24.6825,10,0.09,0.09,0.0881176
juelich_pilot_d30_r10_log_distance_s02_w1,juelich,12345,2,2,log-distance,43,44,veh11,veh0,10,10,0,570.2,0,7.33384,13.456,-81.7982,15.1781,10,0.09,0.12,0.0881176
juelich_pilot_d30_r10_log_distance_s02_w1,juelich,12345,2,2,log-distance,43,44,veh11,veh1,10,10,0,35.6605,1,7.33384,8.33811,-57.7212,39.2551,10,0.09,0.09,0.0881176
juelich_pilot_d30_r10_log_distance_s02_w1,juelich,12345,2,2,log-distance,43,44,veh11,veh10,10,10,0,234.154,1,7.33384,8.52024,-74.0677,22.9086,10,0.09,0.09,0.0881176
juelich_pilot_d30_r10_log_distance_s02_w1,juelich,12345,2,2,log-distance,43,44,veh11,veh12,10,1,0.9,587.506,0,7.33384,4.35696,-81.9949,14.9814,1,0.09,0.09,0.0881176
juelich_pilot_d30_r10_log_distance_s02_w1,juelich,12345,2,2,log-distance,43,44,veh11,veh13,10,10,0,400.1,1,7.33384,7.57138,-78.7209,18.2554,10,0.09,0.12,0.0881176
juelich_pilot_d30_r10_log_distance_s02_w1,juelich,12345,2,2,log-distance,43,44,veh11,veh14,10,0,1,714.896,0,7.33384,11.2395,nan,nan,0,0.09,0.09,0.0881176
juelich_pilot_d30_r10_log_distance_s02_w1,juelich,12345,2,2,log-distance,43,44,veh11,veh15,10,0,1,989.535,0,7.33384,6.06947,nan,nan,0,0.09,0.073,0.0881176
juelich_pilot_d30_r10_log_distance_s02_w1,juelich,12345,2,2,log-distance,43,44,veh11,veh4,10,10,0,222.163,1,7.33384,7.19847,-73.6111,23.3652,10,0.09,0.1,0.0881176
juelich_pilot_d30_r10_log_distance_s02_w1,juelich,12345,2,2,log-distance,43,44,veh11,veh5,10,0,1,900.485,0,7.33384,7.47648,nan,nan,0,0.09,0.098,0.0881176
juelich_pilot_d30_r10_log_distance_s02_w1,juelich,12345,2,2,log-distance,43,44,veh11,veh6,10,10,0,258.904,1,7.33384,10.5012,-74.9404,22.0359,10,0.09,0.09,0.0881176
juelich_pilot_d30_r10_log_distance_s02_w1,juelich,12345,2,2,log-distance,43,44,veh11,veh7,10,0,1,890.055,0,7.33384,11.1831,nan,nan,0,0.09,0.088,0.0881176
juelich_pilot_d30_r10_log_distance_s02_w1,juelich,12345,2,2,log-distance,43,44,veh11,veh8,10,0,1,967.254,0,7.33384,7.12328,nan,nan,0,0.09,0.078,0.0881176
juelich_pilot_d30_r10_log_distance_s02_w1,juelich,12345,2,2,log-distance,43,44,veh11,veh9,10,10,0,53.7342,1,7.33384,8.0303,-61.2826,35.6936,10,0.09,0.09,0.0881176
juelich_pilot_d30_r10_log_distance_s02_w1,juelich,12345,2,2,log-distance,43,44,veh12,veh0,10,0,1,465.511,1,4.35696,13.456,nan,nan,0,0.09,0.12,0.0881176
juelich_pilot_d30_r10_log_distance_s02_w1,juelich,12345,2,2,log-distance,43,44,veh12,veh1,10,0,1,619.641,0,4.35696,8.33811,nan,nan,0,0.09,0.09,0.0881176
juelich_pilot_d30_r10_log_distance_s02_w1,juelich,12345,2,2,log-distance,43,44,veh12,veh10,10,0,1,355.027,1,4.35696,8.52024,nan,nan,0,0.09,0.09,0.0881176
juelich_pilot_d30_r10_log_distance_s02_w1,juelich,12345,2,2,log-distance,43,44,veh12,veh11,10,0,1,587.506,0,4.35696,7.33384,nan,nan,0,0.09,0.09,0.0881176
juelich_pilot_d30_r10_log_distance_s02_w1,juelich,12345,2,2,log-distance,43,44,veh12,veh13,10,0,1,379.815,1,4.35696,7.57138,nan,nan,0,0.09,0.12,0.0881176
juelich_pilot_d30_r10_log_distance_s02_w1,juelich,12345,2,2,log-distance,43,44,veh12,veh14,10,10,0,145.088,1,4.35696,11.2395,-69.9083,9.59581,10,0.09,0.09,0.0881176
juelich_pilot_d30_r10_log_distance_s02_w1,juelich,12345,2,2,log-distance,43,44,veh12,veh15,10,0,1,972.291,0,4.35696,6.06947,nan,nan,0,0.09,0.073,0.0881176
juelich_pilot_d30_r10_log_distance_s02_w1,juelich,12345,2,2,log-distance,43,44,veh12,veh4,10,0,1,401.497,1,4.35696,7.19847,nan,nan,0,0.09,0.1,0.0881176
juelich_pilot_d30_r10_log_distance_s02_w1,juelich,12345,2,2,log-distance,43,44,veh12,veh5,10,0,1,988.437,0,4.35696,7.47648,nan,nan,0,0.09,0.098,0.0881176
juelich_pilot_d30_r10_log_distance_s02_w1,juelich,12345,2,2,log-distance,43,44,veh12,veh6,10,0,1,328.895,1,4.35696,10.5012,nan,nan,0,0.09,0.09,0.0881176
juelich_pilot_d30_r10_log_distance_s02_w1,juelich,12345,2,2,log-distance,43,44,veh12,veh9,10,0,1,540.164,0,4.35696,8.0303,nan,nan,0,0.09,0.09,0.0881176
juelich_pilot_d30_r10_log_distance_s02_w1,juelich,12345,2,2,log-distance,43,44,veh13,veh0,10,10,0,181.358,1,7.57138,13.456,-71.8463,8.10293,10,0.12,0.12,0.0881176
juelich_pilot_d30_r10_log_distance_s02_w1,juelich,12345,2,2,log-distance,43,44,veh13,veh1,10,0,1,434.868,1,7.57138,8.33811,nan,nan,0,0.12,0.09,0.0881176
juelich_pilot_d30_r10_log_distance_s02_w1,juelich,12345,2,2,log-distance,43,44,veh13,veh10,10,0,1,287.73,1,7.57138,8.52024,nan,nan,0,0.12,0.09,0.0881176
juelich_pilot_d30_r10_log_distance_s02_w1,juelich,12345,2,2,log-distance,43,44,veh13,veh11,10,0,1,400.1,1,7.57138,7.33384,nan,nan,0,0.12,0.09,0.0881176
juelich_pilot_d30_r10_log_distance_s02_w1,juelich,12345,2,2,log-distance,43,44,veh13,veh12,10,0,1,379.815,1,7.57138,4.35696,nan,nan,0,0.12,0.09,0.0881176
juelich_pilot_d30_r10_log_distance_s02_w1,juelich,12345,2,2,log-distance,43,44,veh13,veh14,10,0,1,441.83,1,7.57138,11.2395,nan,nan,0,0.12,0.09,0.0881176
juelich_pilot_d30_r10_log_distance_s02_w1,juelich,12345,2,2,log-distance,43,44,veh13,veh15,10,0,1,679.353,0,7.57138,6.06947,nan,nan,0,0.12,0.073,0.0881176
juelich_pilot_d30_r10_log_distance_s02_w1,juelich,12345,2,2,log-distance,43,44,veh13,veh4,10,10,0,190.665,1,7.57138,7.19847,-72.2821,6.40417,10,0.12,0.1,0.0881176
juelich_pilot_d30_r10_log_distance_s02_w1,juelich,12345,2,2,log-distance,43,44,veh13,veh5,10,0,1,649.909,0,7.57138,7.47648,nan,nan,0,0.12,0.098,0.0881176
juelich_pilot_d30_r10_log_distance_s02_w1,juelich,12345,2,2,log-distance,43,44,veh13,veh6,10,0,1,269.894,1,7.57138,10.5012,nan,nan,0,0.12,0.09,0.0881176
juelich_pilot_d30_r10_log_distance_s02_w1,juelich,12345,2,2,log-distance,43,44,veh13,veh7,10,0,1,781.519,0,7.57138,11.1831,nan,nan,0,0.12,0.088,0.0881176
juelich_pilot_d30_r10_log_distance_s02_w1,juelich,12345,2,2,log-distance,43,44,veh13,veh8,10,0,1,950.734,0,7.57138,7.12328,nan,nan,0,0.12,0.078,0.0881176
juelich_pilot_d30_r10_log_distance_s02_w1,juelich,12345,2,2,log-distance,43,44,veh13,veh9,10,0,1,347.922,1,7.57138,8.0303,nan,nan,0,0.12,0.09,0.0881176
juelich_pilot_d30_r10_log_distance_s02_w1,juelich,12345,2,2,log-distance,43,44,veh14,veh0,10,10,0,472.507,1,11.2395,13.456,-80.1658,16.8105,10,0.09,0.12,0.0881176
juelich_pilot_d30_r10_log_distance_s02_w1,juelich,12345,2,2,log-distance,43,44,veh14,veh1,10,0,1,748.445,0,11.2395,8.33811,nan,nan,0,0.09,0.09,0.0881176
juelich_pilot_d30_r10_log_distance_s02_w1,juelich,12345,2,2,log-distance,43,44,veh14,veh10,10,10,0,487.639,1,11.2395,8.52024,-80.4392,16.5371,10,0.09,0.09,0.0881176
juelich_pilot_d30_r10_log_distance_s02_w1,juelich,12345,2,2,log-distance,43,44,veh14,veh11,10,0,1,714.896,0,11.2395,7.33384,nan,nan,0,0.09,0.09,0.0881176
juelich_pilot_d30_r10_log_distance_s02_w1,juelich,12345,2,2,log-distance,43,44,veh14,veh12,10,10,0,145.088,1,11.2395,4.35696,-69.9083,27.068,10,0.09,0.09,0.0881176
juelich_pilot_d30_r10_log_distance_s02_w1,juelich,12345,2,2,log-distance,43,44,veh14,veh13,10,10,0,441.83,1,11.2395,7.57138,-79.5826,17.3937,10,0.09,0.12,0.0881176
juelich_pilot_d30_r10_log_distance_s02_w1,juelich,12345,2,2,log-distance,43,44,veh14,veh15,10,0,1,942.681,0,11.2395,6.06947,nan,nan,0,0.09,0.073,0.0881176
juelich_pilot_d30_r10_log_distance_s02_w1,juelich,12345,2,2,log-distance,43,44,veh14,veh4,10,10,0,512.754,0,11.2395,7.19847,-80.8756,16.1007,10,0.09,0.1,0.0881176
juelich_pilot_d30_r10_log_distance_s02_w1,juelich,12345,2,2,log-distance,43,44,veh14,veh5,10,0,1,984.681,0,11.2395,7.47648,nan,nan,0,0.09,0.098,0.0881176
juelich_pilot_d30_r10_log_distance_s02_w1,juelich,12345,2,2,log-distance,43,44,veh14,veh6,10,10,0,460.102,1,11.2395,10.5012,-79.9341,17.0422,10,0.09,0.09,0.0881176
juelich_pilot_d30_r10_log_distance_s02_w1,juelich,12345,2,2,log-distance,43,44,veh14,veh9,10,0,1,664.948,0,11.2395,8.0303,nan,nan,0,0.09,0.09,0.0881176
juelich_pilot_d30_r10_log_distance_s02_w1,juelich,12345,2,2,log-distance,43,44,veh15,veh0,10,10,0,519.755,0,6.06947,13.456,-80.9936,15.9827,10,0.073,0.12,0.0881176
juelich_pilot_d30_r10_log_distance_s02_w1,juelich,12345,2,2,log-distance,43,44,veh15,veh10,10,0,1,961.378,0,6.06947,8.52024,nan,nan,0,0.073,0.09,0.0881176
juelich_pilot_d30_r10_log_distance_s02_w1,juelich,12345,2,2,log-distance,43,44,veh15,veh11,10,0,1,989.535,0,6.06947,7.33384,nan,nan,0,0.073,0.09,0.0881176
juelich_pilot_d30_r10_log_distance_s02_w1,juelich,12345,2,2,log-distance,43,44,veh15,veh12,10,0,1,972.291,0,6.06947,4.35696,nan,nan,0,0.073,0.09,0.0881176
juelich_pilot_d30_r10_log_distance_s02_w1,juelich,12345,2,2,log-distance,43,44,veh15,veh13,10,0,1,679.353,0,6.06947,7.57138,nan,nan,0,0.073,0.12,0.0881176
juelich_pilot_d30_r10_log_distance_s02_w1,juelich,12345,2,2,log-distance,43,44,veh15,veh14,10,0,1,942.681,0,6.06947,11.2395,nan,nan,0,0.073,0.09,0.0881176
juelich_pilot_d30_r10_log_distance_s02_w1,juelich,12345,2,2,log-distance,43,44,veh15,veh16,8,0,1,610.972,0,6.28814,0.839976,nan,nan,0,0.073,0.07,0.0881176
juelich_pilot_d30_r10_log_distance_s02_w1,juelich,12345,2,2,log-distance,43,44,veh15,veh2,10,0,1,968.378,0,6.06947,0,nan,nan,0,0.073,0.058,0.0881176
juelich_pilot_d30_r10_log_distance_s02_w1,juelich,12345,2,2,log-distance,43,44,veh15,veh3,10,0,1,825.728,0,6.06947,12.7296,nan,nan,0,0.073,0.063,0.0881176
juelich_pilot_d30_r10_log_distance_s02_w1,juelich,12345,2,2,log-distance,43,44,veh15,veh4,10,0,1,845.002,0,6.06947,7.19847,nan,nan,0,0.073,0.1,0.0881176
juelich_pilot_d30_r10_log_distance_s02_w1,juelich,12345,2,2,log-distance,43,44,veh15,veh5,10,10,0,176.831,1,6.06947,7.47648,-71.6279,25.3484,10,0.073,0.098,0.0881176
juelich_pilot_d30_r10_log_distance_s02_w1,juelich,12345,2,2,log-distance,43,44,veh15,veh6,10,0,1,946.836,0,6.06947,10.5012,nan,nan,0,0.073,0.09,0.0881176
juelich_pilot_d30_r10_log_distance_s02_w1,juelich,12345,2,2,log-distance,43,44,veh15,veh7,10,10,0,499.122,1,6.06947,11.1831,-80.6418,16.3344,10,0.073,0.088,0.0881176
juelich_pilot_d30_r10_log_distance_s02_w1,juelich,12345,2,2,log-distance,43,44,veh15,veh8,10,0,1,741.502,0,6.06947,7.12328,nan,nan,0,0.073,0.078,0.0881176
juelich_pilot_d30_r10_log_distance_s02_w1,juelich,12345,2,2,log-distance,43,44,veh15,veh9,10,0,1,951.622,0,6.06947,8.0303,nan,nan,0,0.073,0.09,0.0881176
juelich_pilot_d30_r10_log_distance_s02_w1,juelich,12345,2,2,log-distance,43,44,veh16,veh15,8,0,1,610.972,0,0.839976,6.28814,nan,nan,0,0.07,0.073,0.0881176
juelich_pilot_d30_r10_log_distance_s02_w1,juelich,12345,2,2,log-distance,43,44,veh16,veh2,8,0,1,670.327,0,0.839976,0,nan,nan,0,0.07,0.058,0.0881176
juelich_pilot_d30_r10_log_distance_s02_w1,juelich,12345,2,2,log-distance,43,44,veh16,veh3,8,5,0.375,583.138,0,0.839976,12.7351,-81.9764,14.9999,5,0.07,0.063,0.0881176
juelich_pilot_d30_r10_log_distance_s02_w1,juelich,12345,2,2,log-distance,43,44,veh16,veh5,8,0,1,589.183,0,0.839976,7.48592,nan,nan,0,0.07,0.098,0.0881176
juelich_pilot_d30_r10_log_distance_s02_w1,juelich,12345,2,2,log-distance,43,44,veh16,veh7,8,0,1,613.355,0,0.839976,11.1822,nan,nan,0,0.07,0.088,0.0881176
juelich_pilot_d30_r10_log_distance_s02_w1,juelich,12345,2,2,log-distance,43,44,veh16,veh8,8,0,1,723.653,0,0.839976,7.11154,nan,nan,0,0.07,0.078,0.0881176
juelich_pilot_d30_r10_log_distance_s02_w1,juelich,12345,2,2,log-distance,43,44,veh2,veh15,10,0,1,968.378,0,0,6.06947,nan,nan,0,0.058,0.073,0.0881176
juelich_pilot_d30_r10_log_distance_s02_w1,juelich,12345,2,2,log-distance,43,44,veh2,veh16,8,0,1,670.327,0,0,0.839976,nan,nan,0,0.058,0.07,0.0881176
juelich_pilot_d30_r10_log_distance_s02_w1,juelich,12345,2,2,log-distance,43,44,veh2,veh3,10,10,0,145.045,1,0,12.7296,-69.905,19.8919,10,0.058,0.063,0.0881176
juelich_pilot_d30_r10_log_distance_s02_w1,juelich,12345,2,2,log-distance,43,44,veh2,veh5,10,0,1,822.734,0,0,7.47648,nan,nan,0,0.058,0.098,0.0881176
juelich_pilot_d30_r10_log_distance_s02_w1,juelich,12345,2,2,log-distance,43,44,veh2,veh7,10,10,0,544.327,0,0,11.1831,-81.3948,6.25208,10,0.058,0.088,0.0881176
juelich_pilot_d30_r10_log_distance_s02_w1,juelich,12345,2,2,log-distance,43,44,veh2,veh8,10,10,0,377.836,1,0,7.12328,-78.2238,10.5419,10,0.058,0.078,0.0881176
juelich_pilot_d30_r10_log_distance_s02_w1,juelich,12345,2,2,log-distance,43,44,veh3,veh15,10,0,1,825.728,0,12.7296,6.06947,nan,nan,0,0.063,0.073,0.0881176
juelich_pilot_d30_r10_log_distance_s02_w1,juelich,12345,2,2,log-distance,43,44,veh3,veh16,8,5,0.375,583.138,0,12.7351,0.839976,-81.9764,14.9999,5,0.063,0.07,0.0881176
juelich_pilot_d30_r10_log_distance_s02_w1,juelich,12345,2,2,log-distance,43,44,veh3,veh2,10,10,0,145.045,1,12.7296,0,-69.905,27.0713,10,0.063,0.058,0.0881176
juelich_pilot_d30_r10_log_distance_s02_w1,juelich,12345,2,2,log-distance,43,44,veh3,veh5,10,0,1,677.96,0,12.7296,7.47648,nan,nan,0,0.063,0.098,0.0881176
juelich_pilot_d30_r10_log_distance_s02_w1,juelich,12345,2,2,log-distance,43,44,veh3,veh7,10,10,0,403.083,1,12.7296,11.1831,-78.7856,18.1907,10,0.063,0.088,0.0881176
juelich_pilot_d30_r10_log_distance_s02_w1,juelich,12345,2,2,log-distance,43,44,veh3,veh8,10,10,0,269.881,1,12.7296,7.12328,-75.3011,21.6752,10,0.063,0.078,0.0881176
juelich_pilot_d30_r10_log_distance_s02_w1,juelich,12345,2,2,log-distance,43,44,veh4,veh0,10,10,0,370.881,1,7.19847,13.456,-78.0623,18.9139,10,0.1,0.12,0.0881176
juelich_pilot_d30_r10_log_distance_s02_w1,juelich,12345,2,2,log-distance,43,44,veh4,veh1,10,10,0,257.823,1,7.19847,8.33811,-74.9041,22.0722,10,0.1,0.09,0.0881176
juelich_pilot_d30_r10_log_distance_s02_w1,juelich,12345,2,2,log-distance,43,44,veh4,veh10,10,10,0,126.185,1,7.19847,8.52024,-68.6978,28.2785,10,0.1,0.09,0.0881176
juelich_pilot_d30_r10_log_distance_s02_w1,juelich,12345,2,2,log-distance,43,44,veh4,veh11,10,10,0,222.163,1,7.19847,7.33384,-73.6111,23.3652,10,0.1,0.09,0.0881176
juelich_pilot_d30_r10_log_distance_s02_w1,juelich,12345,2,2,log-distance,43,44,veh4,veh12,10,10,0,401.497,1,7.19847,4.35696,-78.7512,18.2251,10,0.1,0.09,0.0881176
juelich_pilot_d30_r10_log_distance_s02_w1,juelich,12345,2,2,log-distance,43,44,veh4,veh13,10,10,0,190.665,1,7.19847,7.57138,-72.2821,24.6942,10,0.1,0.12,0.0881176
juelich_pilot_d30_r10_log_distance_s02_w1,juelich,12345,2,2,log-distance,43,44,veh4,veh14,10,10,0,512.754,0,7.19847,11.2395,-80.8756,16.1007,10,0.1,0.09,0.0881176
juelich_pilot_d30_r10_log_distance_s02_w1,juelich,12345,2,2,log-distance,43,44,veh4,veh15,10,0,1,845.002,0,7.19847,6.06947,nan,nan,0,0.1,0.073,0.0881176
juelich_pilot_d30_r10_log_distance_s02_w1,juelich,12345,2,2,log-distance,43,44,veh4,veh5,10,0,1,789.225,0,7.19847,7.47648,nan,nan,0,0.1,0.098,0.0881176
juelich_pilot_d30_r10_log_distance_s02_w1,juelich,12345,2,2,log-distance,43,44,veh4,veh6,10,10,0,124.356,1,7.19847,10.5012,-68.571,28.4053,10,0.1,0.09,0.0881176
juelich_pilot_d30_r10_log_distance_s02_w1,juelich,12345,2,2,log-distance,43,44,veh4,veh7,10,0,1,857.986,0,7.19847,11.1831,nan,nan,0,0.1,0.088,0.0881176
juelich_pilot_d30_r10_log_distance_s02_w1,juelich,12345,2,2,log-distance,43,44,veh4,veh8,10,0,1,988.08,0,7.19847,7.12328,nan,nan,0,0.1,0.078,0.0881176
juelich_pilot_d30_r10_log_distance_s02_w1,juelich,12345,2,2,log-distance,43,44,veh4,veh9,10,10,0,168.43,1,7.19847,8.0303,-71.2061,25.7702,10,0.1,0.09,0.0881176
juelich_pilot_d30_r10_log_distance_s02_w1,juelich,12345,2,2,log-distance,43,44,veh5,veh0,10,10,0,523.006,0,7.47648,13.456,-81.0478,15.9285,10,0.098,0.12,0.0881176
juelich_pilot_d30_r10_log_distance_s02_w1,juelich,12345,2,2,log-distance,43,44,veh5,veh1,10,0,1,921.984,0,7.47648,8.33811,nan,nan,0,0.098,0.09,0.0881176
juelich_pilot_d30_r10_log_distance_s02_w1,juelich,12345,2,2,log-distance,43,44,veh5,veh10,10,0,1,912.808,0,7.47648,8.52024,nan,nan,0,0.098,0.09,0.0881176
juelich_pilot_d30_r10_log_distance_s02_w1,juelich,12345,2,2,log-distance,43,44,veh5,veh11,10,0,1,900.485,0,7.47648,7.33384,nan,nan,0,0.098,0.09,0.0881176
juelich_pilot_d30_r10_log_distance_s02_w1,juelich,12345,2,2,log-distance,43,44,veh5,veh12,10,0,1,988.437,0,7.47648,4.35696,nan,nan,0,0.098,0.09,0.0881176
juelich_pilot_d30_r10_log_distance_s02_w1,juelich,12345,2,2,log-distance,43,44,veh5,veh13,10,0,1,649.909,0,7.47648,7.57138,nan,nan,0,0.098,0.12,0.0881176
juelich_pilot_d30_r10_log_distance_s02_w1,juelich,12345,2,2,log-distance,43,44,veh5,veh14,10,0,1,984.681,0,7.47648,11.2395,nan,nan,0,0.098,0.09,0.0881176
juelich_pilot_d30_r10_log_distance_s02_w1,juelich,12345,2,2,log-distance,43,44,veh5,veh15,10,10,0,176.831,1,7.47648,6.06947,-71.6279,25.3484,10,0.098,0.073,0.0881176
juelich_pilot_d30_r10_log_distance_s02_w1,juelich,12345,2,2,log-distance,43,44,veh5,veh16,8,0,1,589.183,0,7.48592,0.839976,nan,nan,0,0.098,0.07,0.0881176
juelich_pilot_d30_r10_log_distance_s02_w1,juelich,12345,2,2,log-distance,43,44,veh5,veh2,10,0,1,822.734,0,7.47648,0,nan,nan,0,0.098,0.058,0.0881176
juelich_pilot_d30_r10_log_distance_s02_w1,juelich,12345,2,2,log-distance,43,44,veh5,veh3,10,0,1,677.96,0,7.47648,12.7296,nan,nan,0,0.098,0.063,0.0881176
juelich_pilot_d30_r10_log_distance_s02_w1,juelich,12345,2,2,log-distance,43,44,veh5,veh4,10,0,1,789.225,0,7.47648,7.19847,nan,nan,0,0.098,0.1,0.0881176
juelich_pilot_d30_r10_log_distance_s02_w1,juelich,12345,2,2,log-distance,43,44,veh5,veh6,10,0,1,902.989,0,7.47648,10.5012,nan,nan,0,0.098,0.09,0.0881176
juelich_pilot_d30_r10_log_distance_s02_w1,juelich,12345,2,2,log-distance,43,44,veh5,veh7,10,10,0,325.346,1,7.47648,11.1831,-76.9242,20.0521,10,0.098,0.088,0.0881176
juelich_pilot_d30_r10_log_distance_s02_w1,juelich,12345,2,2,log-distance,43,44,veh5,veh8,10,10,0,568.865,0,7.47648,7.12328,-81.7779,15.1984,10,0.098,0.078,0.0881176
juelich_pilot_d30_r10_log_distance_s02_w1,juelich,12345,2,2,log-distance,43,44,veh5,veh9,10,0,1,869.437,0,7.47648,8.0303,nan,nan,0,0.098,0.09,0.0881176
juelich_pilot_d30_r10_log_distance_s02_w1,juelich,12345,2,2,log-distance,43,44,veh6,veh0,10,10,0,447.328,1,10.5012,13.456,-79.6902,17.2861,10,0.09,0.12,0.0881176
juelich_pilot_d30_r10_log_distance_s02_w1,juelich,12345,2,2,log-distance,43,44,veh6,veh1,10,10,0,290.749,1,10.5012,8.33811,-75.948,21.0283,10,0.09,0.09,0.0881176
juelich_pilot_d30_r10_log_distance_s02_w1,juelich,12345,2,2,log-distance,43,44,veh6,veh10,10,10,0,28.4977,1,10.5012,8.52024,-55.7719,41.2043,10,0.09,0.09,0.0881176
juelich_pilot_d30_r10_log_distance_s02_w1,juelich,12345,2,2,log-distance,43,44,veh6,veh11,10,10,0,258.904,1,10.5012,7.33384,-74.9404,22.0359,10,0.09,0.09,0.0881176
juelich_pilot_d30_r10_log_distance_s02_w1,juelich,12345,2,2,log-distance,43,44,veh6,veh12,10,10,0,328.895,1,10.5012,4.35696,-77.0183,19.9579,10,0.09,0.09,0.0881176
juelich_pilot_d30_r10_log_distance_s02_w1,juelich,12345,2,2,log-distance,43,44,veh6,veh13,10,10,0,269.894,1,10.5012,7.57138,-75.3008,21.6755,10,0.09,0.12,0.0881176
juelich_pilot_d30_r10_log_distance_s02_w1,juelich,12345,2,2,log-distance,43,44,veh6,veh14,10,10,0,460.102,1,10.5012,11.2395,-79.9341,17.0422,10,0.09,0.09,0.0881176
juelich_pilot_d30_r10_log_distance_s02_w1,juelich,12345,2,2,log-distance,43,44,veh6,veh15,10,0,1,946.836,0,10.5012,6.06947,nan,nan,0,0.09,0.073,0.0881176
juelich_pilot_d30_r10_log_distance_s02_w1,juelich,12345,2,2,log-distance,43,44,veh6,veh4,10,10,0,124.356,1,10.5012,7.19847,-68.571,28.4053,10,0.09,0.1,0.0881176
juelich_pilot_d30_r10_log_distance_s02_w1,juelich,12345,2,2,log-distance,43,44,veh6,veh5,10,0,1,902.989,0,10.5012,7.47648,nan,nan,0,0.09,0.098,0.0881176
juelich_pilot_d30_r10_log_distance_s02_w1,juelich,12345,2,2,log-distance,43,44,veh6,veh7,10,0,1,982.16,0,10.5012,11.1831,nan,nan,0,0.09,0.088,0.0881176
juelich_pilot_d30_r10_log_distance_s02_w1,juelich,12345,2,2,log-distance,43,44,veh6,veh9,10,10,0,213.502,1,10.5012,8.0303,-73.2657,23.7106,10,0.09,0.09,0.0881176
juelich_pilot_d30_r10_log_distance_s02_w1,juelich,12345,2,2,log-distance,43,44,veh7,veh0,10,0,1,719.615,0,11.1831,13.456,nan,nan,0,0.088,0.12,0.0881176
juelich_pilot_d30_r10_log_distance_s02_w1,juelich,12345,2,2,log-distance,43,44,veh7,veh1,10,0,1,900.093,0,11.1831,8.33811,nan,nan,0,0.088,0.09,0.0881176
juelich_pilot_d30_r10_log_distance_s02_w1,juelich,12345,2,2,log-distance,43,44,veh7,veh10,10,0,1,982.585,0,11.1831,8.52024,nan,nan,0,0.088,0.09,0.0881176
juelich_pilot_d30_r10_log_distance_s02_w1,juelich,12345,2,2,log-distance,43,44,veh7,veh11,10,0,1,890.055,0,11.1831,7.33384,nan,nan,0,0.088,0.09,0.0881176
juelich_pilot_d30_r10_log_distance_s02_w1,juelich,12345,2,2,log-distance,43,44,veh7,veh13,10,0,1,781.519,0,11.1831,7.57138,nan,nan,0,0.088,0.12,0.0881176
juelich_pilot_d30_r10_log_distance_s02_w1,juelich,12345,2,2,log-distance,43,44,veh7,veh15,10,10,0,499.122,1,11.1831,6.06947,-80.6418,16.3344,10,0.088,0.073,0.0881176
juelich_pilot_d30_r10_log_distance_s02_w1,juelich,12345,2,2,log-distance,43,44,veh7,veh16,8,0,1,613.355,0,11.1822,0.839976,nan,nan,0,0.088,0.07,0.0881176
juelich_pilot_d30_r10_log_distance_s02_w1,juelich,12345,2,2,log-distance,43,44,veh7,veh2,10,10,0,544.327,0,11.1831,0,-81.3948,15.5815,10,0.088,0.058,0.0881176
juelich_pilot_d30_r10_log_distance_s02_w1,juelich,12345,2,2,log-distance,43,44,veh7,veh3,10,10,0,403.083,1,11.1831,12.7296,-78.7856,18.1907,10,0.088,0.063,0.0881176
juelich_pilot_d30_r10_log_distance_s02_w1,juelich,12345,2,2,log-distance,43,44,veh7,veh4,10,0,1,857.986,0,11.1831,7.19847,nan,nan,0,0.088,0.1,0.0881176
juelich_pilot_d30_r10_log_distance_s02_w1,juelich,12345,2,2,log-distance,43,44,veh7,veh5,10,10,0,325.346,1,11.1831,7.47648,-76.9242,20.0521,10,0.088,0.098,0.0881176
juelich_pilot_d30_r10_log_distance_s02_w1,juelich,12345,2,2,log-distance,43,44,veh7,veh6,10,0,1,982.16,0,11.1831,10.5012,nan,nan,0,0.088,0.09,0.0881176
juelich_pilot_d30_r10_log_distance_s02_w1,juelich,12345,2,2,log-distance,43,44,veh7,veh8,10,10,0,243.662,1,11.1831,7.12328,-74.4129,22.5634,10,0.088,0.078,0.0881176
juelich_pilot_d30_r10_log_distance_s02_w1,juelich,12345,2,2,log-distance,43,44,veh7,veh9,10,0,1,876.97,0,11.1831,8.0303,nan,nan,0,0.088,0.09,0.0881176
juelich_pilot_d30_r10_log_distance_s02_w1,juelich,12345,2,2,log-distance,43,44,veh8,veh0,10,0,1,921.636,0,7.12328,13.456,nan,nan,0,0.078,0.12,0.0881176
juelich_pilot_d30_r10_log_distance_s02_w1,juelich,12345,2,2,log-distance,43,44,veh8,veh1,10,0,1,968.498,0,7.12328,8.33811,nan,nan,0,0.078,0.09,0.0881176
juelich_pilot_d30_r10_log_distance_s02_w1,juelich,12345,2,2,log-distance,43,44,veh8,veh11,10,0,1,967.254,0,7.12328,7.33384,nan,nan,0,0.078,0.09,0.0881176
juelich_pilot_d30_r10_log_distance_s02_w1,juelich,12345,2,2,log-distance,43,44,veh8,veh13,10,0,1,950.734,0,7.12328,7.57138,nan,nan,0,0.078,0.12,0.0881176
juelich_pilot_d30_r10_log_distance_s02_w1,juelich,12345,2,2,log-distance,43,44,veh8,veh15,10,0,1,741.502,0,7.12328,6.06947,nan,nan,0,0.078,0.073,0.0881176
juelich_pilot_d30_r10_log_distance_s02_w1,juelich,12345,2,2,log-distance,43,44,veh8,veh16,8,0,1,723.653,0,7.11154,0.839976,nan,nan,0,0.078,0.07,0.0881176
juelich_pilot_d30_r10_log_distance_s02_w1,juelich,12345,2,2,log-distance,43,44,veh8,veh2,10,10,0,377.836,1,7.12328,0,-78.2238,18.7525,10,0.078,0.058,0.0881176
juelich_pilot_d30_r10_log_distance_s02_w1,juelich,12345,2,2,log-distance,43,44,veh8,veh3,10,10,0,269.881,1,7.12328,12.7296,-75.3011,21.6752,10,0.078,0.063,0.0881176
juelich_pilot_d30_r10_log_distance_s02_w1,juelich,12345,2,2,log-distance,43,44,veh8,veh4,10,0,1,988.08,0,7.12328,7.19847,nan,nan,0,0.078,0.1,0.0881176
juelich_pilot_d30_r10_log_distance_s02_w1,juelich,12345,2,2,log-distance,43,44,veh8,veh5,10,10,0,568.865,0,7.12328,7.47648,-81.7779,15.1984,10,0.078,0.098,0.0881176
juelich_pilot_d30_r10_log_distance_s02_w1,juelich,12345,2,2,log-distance,43,44,veh8,veh7,10,10,0,243.662,1,7.12328,11.1831,-74.4129,22.5634,10,0.078,0.088,0.0881176
juelich_pilot_d30_r10_log_distance_s02_w1,juelich,12345,2,2,log-distance,43,44,veh8,veh9,10,0,1,967.369,0,7.12328,8.0303,nan,nan,0,0.078,0.09,0.0881176
juelich_pilot_d30_r10_log_distance_s02_w1,juelich,12345,2,2,log-distance,43,44,veh9,veh0,10,10,0,520.181,0,8.0303,13.456,-81.0008,15.9755,10,0.09,0.12,0.0881176
juelich_pilot_d30_r10_log_distance_s02_w1,juelich,12345,2,2,log-distance,43,44,veh9,veh1,10,10,0,89.3937,1,8.0303,8.33811,-65.7038,31.2724,10,0.09,0.09,0.0881176
juelich_pilot_d30_r10_log_distance_s02_w1,juelich,12345,2,2,log-distance,43,44,veh9,veh10,10,10,0,190.899,1,8.0303,8.52024,-72.2938,24.6825,10,0.09,0.09,0.0881176
juelich_pilot_d30_r10_log_distance_s02_w1,juelich,12345,2,2,log-distance,43,44,veh9,veh11,10,10,0,53.7342,1,8.0303,7.33384,-61.2826,35.6936,10,0.09,0.09,0.0881176
juelich_pilot_d30_r10_log_distance_s02_w1,juelich,12345,2,2,log-distance,43,44,veh9,veh12,10,10,0,540.164,0,8.0303,4.35696,-81.3281,15.6482,10,0.09,0.09,0.0881176
juelich_pilot_d30_r10_log_distance_s02_w1,juelich,12345,2,2,log-distance,43,44,veh9,veh13,10,10,0,347.922,1,8.0303,7.57138,-77.5071,19.4692,10,0.09,0.12,0.0881176
juelich_pilot_d30_r10_log_distance_s02_w1,juelich,12345,2,2,log-distance,43,44,veh9,veh14,10,0,1,664.948,0,8.0303,11.2395,nan,nan,0,0.09,0.09,0.0881176
juelich_pilot_d30_r10_log_distance_s02_w1,juelich,12345,2,2,log-distance,43,44,veh9,veh15,10,0,1,951.622,0,8.0303,6.06947,nan,nan,0,0.09,0.073,0.0881176
juelich_pilot_d30_r10_log_distance_s02_w1,juelich,12345,2,2,log-distance,43,44,veh9,veh4,10,10,0,168.43,1,8.0303,7.19847,-71.2061,25.7702,10,0.09,0.1,0.0881176
juelich_pilot_d30_r10_log_distance_s02_w1,juelich,12345,2,2,log-distance,43,44,veh9,veh5,10,0,1,869.437,0,8.0303,7.47648,nan,nan,0,0.09,0.098,0.0881176
juelich_pilot_d30_r10_log_distance_s02_w1,juelich,12345,2,2,log-distance,43,44,veh9,veh6,10,10,0,213.502,1,8.0303,10.5012,-73.2657,23.7106,10,0.09,0.09,0.0881176
juelich_pilot_d30_r10_log_distance_s02_w1,juelich,12345,2,2,log-distance,43,44,veh9,veh7,10,0,1,876.97,0,8.0303,11.1831,nan,nan,0,0.09,0.088,0.0881176
juelich_pilot_d30_r10_log_distance_s02_w1,juelich,12345,2,2,log-distance,43,44,veh9,veh8,10,0,1,967.369,0,8.0303,7.12328,nan,nan,0,0.09,0.078,0.0881176
juelich_pilot_d30_r10_log_distance_s02_w1,juelich,12345,2,2,log-distance,44,45,veh0,veh1,10,0,1,608.184,0,13.4658,8.32517,nan,nan,0,0.12,0.09,0.0894118
juelich_pilot_d30_r10_log_distance_s02_w1,juelich,12345,2,2,log-distance,44,45,veh0,veh10,10,10,0,470.255,1,13.4658,8.09284,-80.1243,16.8519,10,0.12,0.09,0.0894118
juelich_pilot_d30_r10_log_distance_s02_w1,juelich,12345,2,2,log-distance,44,45,veh0,veh11,10,10,0,575.631,0,13.4658,7.32908,-81.8805,15.0957,10,0.12,0.09,0.0894118
juelich_pilot_d30_r10_log_distance_s02_w1,juelich,12345,2,2,log-distance,44,45,veh0,veh12,10,10,0,459.994,1,13.4658,6.28213,-79.9327,17.0436,10,0.12,0.09,0.0894118
juelich_pilot_d30_r10_log_distance_s02_w1,juelich,12345,2,2,log-distance,44,45,veh0,veh13,10,10,0,196.166,1,13.4658,7.56654,-72.528,24.4483,10,0.12,0.12,0.0894118
juelich_pilot_d30_r10_log_distance_s02_w1,juelich,12345,2,2,log-distance,44,45,veh0,veh14,10,10,0,467.394,1,13.4658,13.332,-80.0713,16.9049,10,0.12,0.09,0.0894118
juelich_pilot_d30_r10_log_distance_s02_w1,juelich,12345,2,2,log-distance,44,45,veh0,veh15,10,10,0,509.595,0,13.4658,8.22735,-80.822,16.1543,10,0.12,0.08,0.0894118
juelich_pilot_d30_r10_log_distance_s02_w1,juelich,12345,2,2,log-distance,44,45,veh0,veh4,10,10,0,374.696,1,13.4658,9.23435,-78.1513,18.825,10,0.12,0.1,0.0894118
juelich_pilot_d30_r10_log_distance_s02_w1,juelich,12345,2,2,log-distance,44,45,veh0,veh5,10,10,0,523.983,0,13.4658,7.456,-81.064,15.9122,10,0.12,0.1,0.0894118
juelich_pilot_d30_r10_log_distance_s02_w1,juelich,12345,2,2,log-distance,44,45,veh0,veh6,10,10,0,448.593,1,13.4658,10.1387,-79.7147,17.2615,10,0.12,0.09,0.0894118
juelich_pilot_d30_r10_log_distance_s02_w1,juelich,12345,2,2,log-distance,44,45,veh0,veh7,10,0,1,715.821,0,13.4658,11.1867,nan,nan,0,0.12,0.09,0.0894118
juelich_pilot_d30_r10_log_distance_s02_w1,juelich,12345,2,2,log-distance,44,45,veh0,veh8,10,0,1,930.819,0,13.4658,7.14158,nan,nan,0,0.12,0.08,0.0894118
juelich_pilot_d30_r10_log_distance_s02_w1,juelich,12345,2,2,log-distance,44,45,veh0,veh9,10,10,0,524.411,0,13.4658,8.65003,-81.0711,15.9052,10,0.12,0.09,0.0894118
juelich_pilot_d30_r10_log_distance_s02_w1,juelich,12345,2,2,log-distance,44,45,veh1,veh0,10,0,1,608.184,0,8.32517,13.4658,nan,nan,0,0.09,0.12,0.0894118
juelich_pilot_d30_r10_log_distance_s02_w1,juelich,12345,2,2,log-distance,44,45,veh1,veh10,10,10,0,265.302,1,8.32517,8.09284,-75.1525,21.8238,10,0.09,0.09,0.0894118
juelich_pilot_d30_r10_log_distance_s02_w1,juelich,12345,2,2,log-distance,44,45,veh1,veh11,10,10,0,34.6616,1,8.32517,7.32908,-57.4744,39.5019,10,0.09,0.09,0.0894118
juelich_pilot_d30_r10_log_distance_s02_w1,juelich,12345,2,2,log-distance,44,45,veh1,veh12,10,0,1,608.811,0,8.32517,6.28213,nan,nan,0,0.09,0.09,0.0894118
juelich_pilot_d30_r10_log_distance_s02_w1,juelich,12345,2,2,log-distance,44,45,veh1,veh13,10,10,0,425.162,1,8.32517,7.56654,-79.2486,17.7277,10,0.09,0.12,0.0894118
juelich_pilot_d30_r10_log_distance_s02_w1,juelich,12345,2,2,log-distance,44,45,veh1,veh14,10,0,1,730.02,0,8.32517,13.332,nan,nan,0,0.09,0.09,0.0894118
juelich_pilot_d30_r10_log_distance_s02_w1,juelich,12345,2,2,log-distance,44,45,veh1,veh4,10,10,0,257.75,1,8.32517,9.23435,-74.9017,22.0746,10,0.09,0.1,0.0894118
juelich_pilot_d30_r10_log_distance_s02_w1,juelich,12345,2,2,log-distance,44,45,veh1,veh5,10,0,1,912.199,0,8.32517,7.456,nan,nan,0,0.09,0.1,0.0894118
juelich_pilot_d30_r10_log_distance_s02_w1,juelich,12345,2,2,log-distance,44,45,veh1,veh6,10,10,0,292.985,1,8.32517,10.1387,-76.0146,20.9617,10,0.09,0.09,0.0894118
juelich_pilot_d30_r10_log_distance_s02_w1,juelich,12345,2,2,log-distance,44,45,veh1,veh7,10,0,1,886.942,0,8.32517,11.1867,nan,nan,0,0.09,0.09,0.0894118
juelich_pilot_d30_r10_log_distance_s02_w1,juelich,12345,2,2,log-distance,44,45,veh1,veh8,10,0,1,964.611,0,8.32517,7.14158,nan,nan,0,0.09,0.08,0.0894118
juelich_pilot_d30_r10_log_distance_s02_w1,juelich,12345,2,2,log-distance,44,45,veh1,veh9,10,10,0,89.5774,1,8.32517,8.65003,-65.7217,31.2546,10,0.09,0.09,0.0894118
juelich_pilot_d30_r10_log_distance_s02_w1,juelich,12345,2,2,log-distance,44,45,veh10,veh0,10,10,0,470.255,1,8.09284,13.4658,-80.1243,16.8519,10,0.09,0.12,0.0894118
juelich_pilot_d30_r10_log_distance_s02_w1,juelich,12345,2,2,log-distance,44,45,veh10,veh1,10,10,0,265.302,1,8.09284,8.32517,-75.1525,21.8238,10,0.09,0.09,0.0894118
juelich_pilot_d30_r10_log_distance_s02_w1,juelich,12345,2,2,log-distance,44,45,veh10,veh11,10,10,0,235.169,1,8.09284,7.32908,-74.1053,22.871,10,0.09,0.09,0.0894118
juelich_pilot_d30_r10_log_distance_s02_w1,juelich,12345,2,2,log-distance,44,45,veh10,veh12,10,10,0,344.077,1,8.09284,6.28213,-77.4104,19.5659,10,0.09,0.09,0.0894118
juelich_pilot_d30_r10_log_distance_s02_w1,juelich,12345,2,2,log-distance,44,45,veh10,veh13,10,10,0,276.586,1,8.09284,7.56654,-75.5137,21.4625,10,0.09,0.12,0.0894118
juelich_pilot_d30_r10_log_distance_s02_w1,juelich,12345,2,2,log-distance,44,45,veh10,veh14,10,10,0,468.415,1,8.09284,13.332,-80.0897,16.8866,10,0.09,0.09,0.0894118
juelich_pilot_d30_r10_log_distance_s02_w1,juelich,12345,2,2,log-distance,44,45,veh10,veh15,10,0,1,951.455,0,8.09284,8.22735,nan,nan,0,0.09,0.08,0.0894118
juelich_pilot_d30_r10_log_distance_s02_w1,juelich,12345,2,2,log-distance,44,45,veh10,veh4,10,10,0,126.507,1,8.09284,9.23435,-68.72,28.2563,10,0.09,0.1,0.0894118
juelich_pilot_d30_r10_log_distance_s02_w1,juelich,12345,2,2,log-distance,44,45,veh10,veh5,10,0,1,907.084,0,8.09284,7.456,nan,nan,0,0.09,0.1,0.0894118
juelich_pilot_d30_r10_log_distance_s02_w1,juelich,12345,2,2,log-distance,44,45,veh10,veh6,10,10,0,30.8547,1,8.09284,10.1387,-56.4628,40.5135,10,0.09,0.09,0.0894118
juelich_pilot_d30_r10_log_distance_s02_w1,juelich,12345,2,2,log-distance,44,45,veh10,veh7,10,0,1,971.271,0,8.09284,11.1867,nan,nan,0,0.09,0.09,0.0894118
juelich_pilot_d30_r10_log_distance_s02_w1,juelich,12345,2,2,log-distance,44,45,veh10,veh9,10,10,0,190.941,1,8.09284,8.65003,-72.2957,24.6806,10,0.09,0.09,0.0894118
juelich_pilot_d30_r10_log_distance_s02_w1,juelich,12345,2,2,log-distance,44,45,veh11,veh0,10,10,0,575.631,0,7.32908,13.4658,-81.8805,15.0957,10,0.09,0.12,0.0894118
juelich_pilot_d30_r10_log_distance_s02_w1,juelich,12345,2,2,log-distance,44,45,veh11,veh1,10,10,0,34.6616,1,7.32908,8.32517,-57.4744,39.5019,10,0.09,0.09,0.0894118
juelich_pilot_d30_r10_log_distance_s02_w1,juelich,12345,2,2,log-distance,44,45,veh11,veh10,10,10,0,235.169,1,7.32908,8.09284,-74.1053,22.871,10,0.09,0.09,0.0894118
juelich_pilot_d30_r10_log_distance_s02_w1,juelich,12345,2,2,log-distance,44,45,veh11,veh12,10,10,0,577.555,0,7.32908,6.28213,-81.9094,15.0668,10,0.09,0.09,0.0894118
juelich_pilot_d30_r10_log_distance_s02_w1,juelich,12345,2,2,log-distance,44,45,veh11,veh13,10,10,0,391.265,1,7.32908,7.56654,-78.5269,18.4493,10,0.09,0.12,0.0894118
juelich_pilot_d30_r10_log_distance_s02_w1,juelich,12345,2,2,log-distance,44,45,veh11,veh14,10,0,1,697.562,0,7.32908,13.332,nan,nan,0,0.09,0.09,0.0894118
juelich_pilot_d30_r10_log_distance_s02_w1,juelich,12345,2,2,log-distance,44,45,veh11,veh15,10,0,1,979.972,0,7.32908,8.22735,nan,nan,0,0.09,0.08,0.0894118
juelich_pilot_d30_r10_log_distance_s02_w1,juelich,12345,2,2,log-distance,44,45,veh11,veh4,10,10,0,223.089,1,7.32908,9.23435,-73.6472,23.3291,10,0.09,0.1,0.0894118
juelich_pilot_d30_r10_log_distance_s02_w1,juelich,12345,2,2,log-distance,44,45,veh11,veh5,10,0,1,891.675,0,7.32908,7.456,nan,nan,0,0.09,0.1,0.0894118
juelich_pilot_d30_r10_log_distance_s02_w1,juelich,12345,2,2,log-distance,44,45,veh11,veh6,10,10,0,261.956,1,7.32908,10.1387,-75.0422,21.9341,10,0.09,0.09,0.0894118
juelich_pilot_d30_r10_log_distance_s02_w1,juelich,12345,2,2,log-distance,44,45,veh11,veh7,10,0,1,877.351,0,7.32908,11.1867,nan,nan,0,0.09,0.09,0.0894118
juelich_pilot_d30_r10_log_distance_s02_w1,juelich,12345,2,2,log-distance,44,45,veh11,veh8,10,0,1,963.91,0,7.32908,7.14158,nan,nan,0,0.09,0.08,0.0894118
juelich_pilot_d30_r10_log_distance_s02_w1,juelich,12345,2,2,log-distance,44,45,veh11,veh9,10,10,0,54.9167,1,7.32908,8.65003,-61.4716,35.5047,10,0.09,0.09,0.0894118
juelich_pilot_d30_r10_log_distance_s02_w1,juelich,12345,2,2,log-distance,44,45,veh12,veh0,10,0,1,459.994,1,6.28213,13.4658,nan,nan,0,0.09,0.12,0.0894118
juelich_pilot_d30_r10_log_distance_s02_w1,juelich,12345,2,2,log-distance,44,45,veh12,veh1,10,0,1,608.811,0,6.28213,8.32517,nan,nan,0,0.09,0.09,0.0894118
juelich_pilot_d30_r10_log_distance_s02_w1,juelich,12345,2,2,log-distance,44,45,veh12,veh10,10,0,1,344.077,1,6.28213,8.09284,nan,nan,0,0.09,0.09,0.0894118
juelich_pilot_d30_r10_log_distance_s02_w1,juelich,12345,2,2,log-distance,44,45,veh12,veh11,10,0,1,577.555,0,6.28213,7.32908,nan,nan,0,0.09,0.09,0.0894118
juelich_pilot_d30_r10_log_distance_s02_w1,juelich,12345,2,2,log-distance,44,45,veh12,veh13,10,0,1,367.457,1,6.28213,7.56654,nan,nan,0,0.09,0.12,0.0894118
juelich_pilot_d30_r10_log_distance_s02_w1,juelich,12345,2,2,log-distance,44,45,veh12,veh14,10,10,0,133.647,1,6.28213,13.332,-69.1939,10.0827,10,0.09,0.09,0.0894118
juelich_pilot_d30_r10_log_distance_s02_w1,juelich,12345,2,2,log-distance,44,45,veh12,veh15,10,0,1,960.471,0,6.28213,8.22735,nan,nan,0,0.09,0.08,0.0894118
juelich_pilot_d30_r10_log_distance_s02_w1,juelich,12345,2,2,log-distance,44,45,veh12,veh4,10,0,1,391.086,1,6.28213,9.23435,nan,nan,0,0.09,0.1,0.0894118
juelich_pilot_d30_r10_log_distance_s02_w1,juelich,12345,2,2,log-distance,44,45,veh12,veh5,10,0,1,982.988,0,6.28213,7.456,nan,nan,0,0.09,0.1,0.0894118
juelich_pilot_d30_r10_log_distance_s02_w1,juelich,12345,2,2,log-distance,44,45,veh12,veh6,10,0,1,315.826,1,6.28213,10.1387,nan,nan,0,0.09,0.09,0.0894118
juelich_pilot_d30_r10_log_distance_s02_w1,juelich,12345,2,2,log-distance,44,45,veh12,veh9,10,0,1,529.154,0,6.28213,8.65003,nan,nan,0,0.09,0.09,0.0894118
juelich_pilot_d30_r10_log_distance_s02_w1,juelich,12345,2,2,log-distance,44,45,veh13,veh0,10,10,0,196.166,1,7.56654,13.4658,-72.528,7.31975,10,0.12,0.12,0.0894118
juelich_pilot_d30_r10_log_distance_s02_w1,juelich,12345,2,2,log-distance,44,45,veh13,veh1,10,0,1,425.162,1,7.56654,8.32517,nan,nan,0,0.12,0.09,0.0894118
juelich_pilot_d30_r10_log_distance_s02_w1,juelich,12345,2,2,log-distance,44,45,veh13,veh10,10,0,1,276.586,1,7.56654,8.09284,nan,nan,0,0.12,0.09,0.0894118
juelich_pilot_d30_r10_log_distance_s02_w1,juelich,12345,2,2,log-distance,44,45,veh13,veh11,10,0,1,391.265,1,7.56654,7.32908,nan,nan,0,0.12,0.09,0.0894118
juelich_pilot_d30_r10_log_distance_s02_w1,juelich,12345,2,2,log-distance,44,45,veh13,veh12,10,0,1,367.457,1,7.56654,6.28213,nan,nan,0,0.12,0.09,0.0894118
juelich_pilot_d30_r10_log_distance_s02_w1,juelich,12345,2,2,log-distance,44,45,veh13,veh14,10,0,1,430.211,1,7.56654,13.332,nan,nan,0,0.12,0.09,0.0894118
juelich_pilot_d30_r10_log_distance_s02_w1,juelich,12345,2,2,log-distance,44,45,veh13,veh15,10,0,1,680.135,0,7.56654,8.22735,nan,nan,0,0.12,0.08,0.0894118
juelich_pilot_d30_r10_log_distance_s02_w1,juelich,12345,2,2,log-distance,44,45,veh13,veh4,10,10,0,179.705,1,7.56654,9.23435,-71.7673,6.69389,10,0.12,0.1,0.0894118
juelich_pilot_d30_r10_log_distance_s02_w1,juelich,12345,2,2,log-distance,44,45,veh13,veh5,10,0,1,655.527,0,7.56654,7.456,nan,nan,0,0.12,0.1,0.0894118
juelich_pilot_d30_r10_log_distance_s02_w1,juelich,12345,2,2,log-distance,44,45,veh13,veh6,10,0,1,257.407,1,7.56654,10.1387,nan,nan,0,0.12,0.09,0.0894118
juelich_pilot_d30_r10_log_distance_s02_w1,juelich,12345,2,2,log-distance,44,45,veh13,veh7,10,0,1,777.961,0,7.56654,11.1867,nan,nan,0,0.12,0.09,0.0894118
juelich_pilot_d30_r10_log_distance_s02_w1,juelich,12345,2,2,log-distance,44,45,veh13,veh8,10,0,1,957.244,0,7.56654,7.14158,nan,nan,0,0.12,0.08,0.0894118
juelich_pilot_d30_r10_log_distance_s02_w1,juelich,12345,2,2,log-distance,44,45,veh13,veh9,10,0,1,337.75,1,7.56654,8.65003,nan,nan,0,0.12,0.09,0.0894118
juelich_pilot_d30_r10_log_distance_s02_w1,juelich,12345,2,2,log-distance,44,45,veh14,veh0,10,10,0,467.394,1,13.332,13.4658,-80.0713,16.9049,10,0.09,0.12,0.0894118
juelich_pilot_d30_r10_log_distance_s02_w1,juelich,12345,2,2,log-distance,44,45,veh14,veh1,10,0,1,730.02,0,13.332,8.32517,nan,nan,0,0.09,0.09,0.0894118
juelich_pilot_d30_r10_log_distance_s02_w1,juelich,12345,2,2,log-distance,44,45,veh14,veh10,10,10,0,468.415,1,13.332,8.09284,-80.0897,16.8866,10,0.09,0.09,0.0894118
juelich_pilot_d30_r10_log_distance_s02_w1,juelich,12345,2,2,log-distance,44,45,veh14,veh11,10,0,1,697.562,0,13.332,7.32908,nan,nan,0,0.09,0.09,0.0894118
juelich_pilot_d30_r10_log_distance_s02_w1,juelich,12345,2,2,log-distance,44,45,veh14,veh12,10,10,0,133.647,1,13.332,6.28213,-69.1939,27.7824,10,0.09,0.09,0.0894118
juelich_pilot_d30_r10_log_distance_s02_w1,juelich,12345,2,2,log-distance,44,45,veh14,veh13,10,10,0,430.211,1,13.332,7.56654,-79.3511,17.6252,10,0.09,0.12,0.0894118
juelich_pilot_d30_r10_log_distance_s02_w1,juelich,12345,2,2,log-distance,44,45,veh14,veh15,10,0,1,938.518,0,13.332,8.22735,nan,nan,0,0.09,0.08,0.0894118
juelich_pilot_d30_r10_log_distance_s02_w1,juelich,12345,2,2,log-distance,44,45,veh14,veh4,10,10,0,496.393,1,13.332,9.23435,-80.5937,16.3825,10,0.09,0.1,0.0894118
juelich_pilot_d30_r10_log_distance_s02_w1,juelich,12345,2,2,log-distance,44,45,veh14,veh5,10,0,1,986.279,0,13.332,7.456,nan,nan,0,0.09,0.1,0.0894118
juelich_pilot_d30_r10_log_distance_s02_w1,juelich,12345,2,2,log-distance,44,45,veh14,veh6,10,10,0,438.787,1,13.332,10.1387,-79.5219,17.4544,10,0.09,0.09,0.0894118
juelich_pilot_d30_r10_log_distance_s02_w1,juelich,12345,2,2,log-distance,44,45,veh14,veh9,10,0,1,646.81,0,13.332,8.65003,nan,nan,0,0.09,0.09,0.0894118
juelich_pilot_d30_r10_log_distance_s02_w1,juelich,12345,2,2,log-distance,44,45,veh15,veh0,10,10,0,509.595,0,8.22735,13.4658,-80.822,16.1543,10,0.08,0.12,0.0894118
juelich_pilot_d30_r10_log_distance_s02_w1,juelich,12345,2,2,log-distance,44,45,veh15,veh10,10,0,1,951.455,0,8.22735,8.09284,nan,nan,0,0.08,0.09,0.0894118
juelich_pilot_d30_r10_log_distance_s02_w1,juelich,12345,2,2,log-distance,44,45,veh15,veh11,10,0,1,979.972,0,8.22735,7.32908,nan,nan,0,0.08,0.09,0.0894118
juelich_pilot_d30_r10_log_distance_s02_w1,juelich,12345,2,2,log-distance,44,45,veh15,veh12,10,0,1,960.471,0,8.22735,6.28213,nan,nan,0,0.08,0.09,0.0894118
juelich_pilot_d30_r10_log_distance_s02_w1,juelich,12345,2,2,log-distance,44,45,veh15,veh13,10,0,1,680.135,0,8.22735,7.56654,nan,nan,0,0.08,0.12,0.0894118
juelich_pilot_d30_r10_log_distance_s02_w1,juelich,12345,2,2,log-distance,44,45,veh15,veh14,10,0,1,938.518,0,8.22735,13.332,nan,nan,0,0.08,0.09,0.0894118
juelich_pilot_d30_r10_log_distance_s02_w1,juelich,12345,2,2,log-distance,44,45,veh15,veh16,10,0,1,616.776,0,8.22735,2.73566,nan,nan,0,0.08,0.07,0.0894118
juelich_pilot_d30_r10_log_distance_s02_w1,juelich,12345,2,2,log-distance,44,45,veh15,veh2,10,0,1,973.967,0,8.22735,0,nan,nan,0,0.08,0.06,0.0894118
juelich_pilot_d30_r10_log_distance_s02_w1,juelich,12345,2,2,log-distance,44,45,veh15,veh3,10,0,1,818.662,0,8.22735,12.7249,nan,nan,0,0.08,0.07,0.0894118
juelich_pilot_d30_r10_log_distance_s02_w1,juelich,12345,2,2,log-distance,44,45,veh15,veh4,10,0,1,834.76,0,8.22735,9.23435,nan,nan,0,0.08,0.1,0.0894118
juelich_pilot_d30_r10_log_distance_s02_w1,juelich,12345,2,2,log-distance,44,45,veh15,veh5,10,10,0,186.531,1,8.22735,7.456,-72.0917,24.8846,10,0.08,0.1,0.0894118
juelich_pilot_d30_r10_log_distance_s02_w1,juelich,12345,2,2,log-distance,44,45,veh15,veh6,10,0,1,935.685,0,8.22735,10.1387,nan,nan,0,0.08,0.09,0.0894118
juelich_pilot_d30_r10_log_distance_s02_w1,juelich,12345,2,2,log-distance,44,45,veh15,veh7,10,10,0,498.734,1,8.22735,11.1867,-80.6351,16.3412,10,0.08,0.09,0.0894118
juelich_pilot_d30_r10_log_distance_s02_w1,juelich,12345,2,2,log-distance,44,45,veh15,veh8,10,0,1,749.818,0,8.22735,7.14158,nan,nan,0,0.08,0.08,0.0894118
juelich_pilot_d30_r10_log_distance_s02_w1,juelich,12345,2,2,log-distance,44,45,veh15,veh9,10,0,1,941.217,0,8.22735,8.65003,nan,nan,0,0.08,0.09,0.0894118
juelich_pilot_d30_r10_log_distance_s02_w1,juelich,12345,2,2,log-distance,44,45,veh16,veh15,10,0,1,616.776,0,2.73566,8.22735,nan,nan,0,0.07,0.08,0.0894118
juelich_pilot_d30_r10_log_distance_s02_w1,juelich,12345,2,2,log-distance,44,45,veh16,veh2,10,0,1,668.925,0,2.73566,0,nan,nan,0,0.07,0.06,0.0894118
juelich_pilot_d30_r10_log_distance_s02_w1,juelich,12345,2,2,log-distance,44,45,veh16,veh3,10,10,0,575.608,0,2.73566,12.7249,-81.8801,15.0961,10,0.07,0.07,0.0894118
juelich_pilot_d30_r10_log_distance_s02_w1,juelich,12345,2,2,log-distance,44,45,veh16,veh5,10,0,1,589.522,0,2.73566,7.456,nan,nan,0,0.07,0.1,0.0894118
juelich_pilot_d30_r10_log_distance_s02_w1,juelich,12345,2,2,log-distance,44,45,veh16,veh7,10,0,1,618.958,0,2.73566,11.1867,nan,nan,0,0.07,0.09,0.0894118
juelich_pilot_d30_r10_log_distance_s02_w1,juelich,12345,2,2,log-distance,44,45,veh16,veh8,10,0,1,728.313,0,2.73566,7.14158,nan,nan,0,0.07,0.08,0.0894118
juelich_pilot_d30_r10_log_distance_s02_w1,juelich,12345,2,2,log-distance,44,45,veh2,veh15,10,0,1,973.967,0,0,8.22735,nan,nan,0,0.06,0.08,0.0894118
juelich_pilot_d30_r10_log_distance_s02_w1,juelich,12345,2,2,log-distance,44,45,veh2,veh16,10,0,1,668.925,0,0,2.73566,nan,nan,0,0.06,0.07,0.0894118
juelich_pilot_d30_r10_log_distance_s02_w1,juelich,12345,2,2,log-distance,44,45,veh2,veh3,10,10,0,157.766,1,0,12.7249,-70.6357,19.0977,10,0.06,0.07,0.0894118
juelich_pilot_d30_r10_log_distance_s02_w1,juelich,12345,2,2,log-distance,44,45,veh2,veh5,10,0,1,817.96,0,0,7.456,nan,nan,0,0.06,0.1,0.0894118
juelich_pilot_d30_r10_log_distance_s02_w1,juelich,12345,2,2,log-distance,44,45,veh2,veh7,10,10,0,554.34,0,0,11.1867,-81.5531,6.01223,10,0.06,0.09,0.0894118
juelich_pilot_d30_r10_log_distance_s02_w1,juelich,12345,2,2,log-distance,44,45,veh2,veh8,10,10,0,380.62,1,0,7.14158,-78.2875,10.46,10,0.06,0.08,0.0894118
juelich_pilot_d30_r10_log_distance_s02_w1,juelich,12345,2,2,log-distance,44,45,veh3,veh15,10,0,1,818.662,0,12.7249,8.22735,nan,nan,0,0.07,0.08,0.0894118
juelich_pilot_d30_r10_log_distance_s02_w1,juelich,12345,2,2,log-distance,44,45,veh3,veh16,10,10,0,575.608,0,12.7249,2.73566,-81.8801,15.0961,10,0.07,0.07,0.0894118
juelich_pilot_d30_r10_log_distance_s02_w1,juelich,12345,2,2,log-distance,44,45,veh3,veh2,10,10,0,157.766,1,12.7249,0,-70.6357,26.3406,10,0.07,0.06,0.0894118
juelich_pilot_d30_r10_log_distance_s02_w1,juelich,12345,2,2,log-distance,44,45,veh3,veh5,10,0,1,660.414,0,12.7249,7.456,nan,nan,0,0.07,0.1,0.0894118
juelich_pilot_d30_r10_log_distance_s02_w1,juelich,12345,2,2,log-distance,44,45,veh3,veh7,10,10,0,401.253,1,12.7249,11.1867,-78.7461,18.2302,10,0.07,0.09,0.0894118
juelich_pilot_d30_r10_log_distance_s02_w1,juelich,12345,2,2,log-distance,44,45,veh3,veh8,10,10,0,267.09,1,12.7249,7.14158,-75.2108,21.7655,10,0.07,0.08,0.0894118
juelich_pilot_d30_r10_log_distance_s02_w1,juelich,12345,2,2,log-distance,44,45,veh4,veh0,10,10,0,374.696,1,9.23435,13.4658,-78.1513,18.825,10,0.1,0.12,0.0894118
juelich_pilot_d30_r10_log_distance_s02_w1,juelich,12345,2,2,log-distance,44,45,veh4,veh1,10,10,0,257.75,1,9.23435,8.32517,-74.9017,22.0746,10,0.1,0.09,0.0894118
juelich_pilot_d30_r10_log_distance_s02_w1,juelich,12345,2,2,log-distance,44,45,veh4,veh10,10,10,0,126.507,1,9.23435,8.09284,-68.72,28.2563,10,0.1,0.09,0.0894118
juelich_pilot_d30_r10_log_distance_s02_w1,juelich,12345,2,2,log-distance,44,45,veh4,veh11,10,10,0,223.089,1,9.23435,7.32908,-73.6472,23.3291,10,0.1,0.09,0.0894118
juelich_pilot_d30_r10_log_distance_s02_w1,juelich,12345,2,2,log-distance,44,45,veh4,veh12,10,10,0,391.086,1,9.23435,6.28213,-78.5228,18.4535,10,0.1,0.09,0.0894118
juelich_pilot_d30_r10_log_distance_s02_w1,juelich,12345,2,2,log-distance,44,45,veh4,veh13,10,10,0,179.705,1,9.23435,7.56654,-71.7673,25.2089,10,0.1,0.12,0.0894118
juelich_pilot_d30_r10_log_distance_s02_w1,juelich,12345,2,2,log-distance,44,45,veh4,veh14,10,10,0,496.393,1,9.23435,13.332,-80.5937,16.3825,10,0.1,0.09,0.0894118
juelich_pilot_d30_r10_log_distance_s02_w1,juelich,12345,2,2,log-distance,44,45,veh4,veh15,10,0,1,834.76,0,9.23435,8.22735,nan,nan,0,0.1,0.08,0.0894118
juelich_pilot_d30_r10_log_distance_s02_w1,juelich,12345,2,2,log-distance,44,45,veh4,veh5,10,0,1,782.812,0,9.23435,7.456,nan,nan,0,0.1,0.1,0.0894118
juelich_pilot_d30_r10_log_distance_s02_w1,juelich,12345,2,2,log-distance,44,45,veh4,veh6,10,10,0,124.714,1,9.23435,10.1387,-68.596,28.3803,10,0.1,0.09,0.0894118
juelich_pilot_d30_r10_log_distance_s02_w1,juelich,12345,2,2,log-distance,44,45,veh4,veh7,10,0,1,846.496,0,9.23435,11.1867,nan,nan,0,0.1,0.09,0.0894118
juelich_pilot_d30_r10_log_distance_s02_w1,juelich,12345,2,2,log-distance,44,45,veh4,veh8,10,0,1,987.882,0,9.23435,7.14158,nan,nan,0,0.1,0.08,0.0894118
juelich_pilot_d30_r10_log_distance_s02_w1,juelich,12345,2,2,log-distance,44,45,veh4,veh9,10,10,0,168.173,1,9.23435,8.65003,-71.1928,25.7835,10,0.1,0.09,0.0894118
juelich_pilot_d30_r10_log_distance_s02_w1,juelich,12345,2,2,log-distance,44,45,veh5,veh0,10,10,0,523.983,0,7.456,13.4658,-81.064,15.9122,10,0.1,0.12,0.0894118
juelich_pilot_d30_r10_log_distance_s02_w1,juelich,12345,2,2,log-distance,44,45,veh5,veh1,10,0,1,912.199,0,7.456,8.32517,nan,nan,0,0.1,0.09,0.0894118
juelich_pilot_d30_r10_log_distance_s02_w1,juelich,12345,2,2,log-distance,44,45,veh5,veh10,10,0,1,907.084,0,7.456,8.09284,nan,nan,0,0.1,0.09,0.0894118
juelich_pilot_d30_r10_log_distance_s02_w1,juelich,12345,2,2,log-distance,44,45,veh5,veh11,10,0,1,891.675,0,7.456,7.32908,nan,nan,0,0.1,0.09,0.0894118
juelich_pilot_d30_r10_log_distance_s02_w1,juelich,12345,2,2,log-distance,44,45,veh5,veh12,10,0,1,982.988,0,7.456,6.28213,nan,nan,0,0.1,0.09,0.0894118
juelich_pilot_d30_r10_log_distance_s02_w1,juelich,12345,2,2,log-distance,44,45,veh5,veh13,10,0,1,655.527,0,7.456,7.56654,nan,nan,0,0.1,0.12,0.0894118
juelich_pilot_d30_r10_log_distance_s02_w1,juelich,12345,2,2,log-distance,44,45,veh5,veh14,10,0,1,986.279,0,7.456,13.332,nan,nan,0,0.1,0.09,0.0894118
juelich_pilot_d30_r10_log_distance_s02_w1,juelich,12345,2,2,log-distance,44,45,veh5,veh15,10,10,0,186.531,1,7.456,8.22735,-72.0917,24.8846,10,0.1,0.08,0.0894118
juelich_pilot_d30_r10_log_distance_s02_w1,juelich,12345,2,2,log-distance,44,45,veh5,veh16,10,0,1,589.522,0,7.456,2.73566,nan,nan,0,0.1,0.07,0.0894118
juelich_pilot_d30_r10_log_distance_s02_w1,juelich,12345,2,2,log-distance,44,45,veh5,veh2,10,0,1,817.96,0,7.456,0,nan,nan,0,0.1,0.06,0.0894118
juelich_pilot_d30_r10_log_distance_s02_w1,juelich,12345,2,2,log-distance,44,45,veh5,veh3,10,0,1,660.414,0,7.456,12.7249,nan,nan,0,0.1,0.07,0.0894118
juelich_pilot_d30_r10_log_distance_s02_w1,juelich,12345,2,2,log-distance,44,45,veh5,veh4,10,0,1,782.812,0,7.456,9.23435,nan,nan,0,0.1,0.1,0.0894118
juelich_pilot_d30_r10_log_distance_s02_w1,juelich,12345,2,2,log-distance,44,45,veh5,veh6,10,0,1,896.823,0,7.456,10.1387,nan,nan,0,0.1,0.09,0.0894118
juelich_pilot_d30_r10_log_distance_s02_w1,juelich,12345,2,2,log-distance,44,45,veh5,veh7,10,10,0,314.11,1,7.456,11.1867,-76.6189,20.3574,10,0.1,0.09,0.0894118
juelich_pilot_d30_r10_log_distance_s02_w1,juelich,12345,2,2,log-distance,44,45,veh5,veh8,10,10,0,566.592,0,7.456,7.14158,-81.7431,15.2332,10,0.1,0.08,0.0894118
juelich_pilot_d30_r10_log_distance_s02_w1,juelich,12345,2,2,log-distance,44,45,veh5,veh9,10,0,1,860.585,0,7.456,8.65003,nan,nan,0,0.1,0.09,0.0894118
juelich_pilot_d30_r10_log_distance_s02_w1,juelich,12345,2,2,log-distance,44,45,veh6,veh0,10,10,0,448.593,1,10.1387,13.4658,-79.7147,17.2615,10,0.09,0.12,0.0894118
juelich_pilot_d30_r10_log_distance_s02_w1,juelich,12345,2,2,log-distance,44,45,veh6,veh1,10,10,0,292.985,1,10.1387,8.32517,-76.0146,20.9617,10,0.09,0.09,0.0894118
juelich_pilot_d30_r10_log_distance_s02_w1,juelich,12345,2,2,log-distance,44,45,veh6,veh10,10,10,0,30.8547,1,10.1387,8.09284,-56.4628,40.5135,10,0.09,0.09,0.0894118
juelich_pilot_d30_r10_log_distance_s02_w1,juelich,12345,2,2,log-distance,44,45,veh6,veh11,10,10,0,261.956,1,10.1387,7.32908,-75.0422,21.9341,10,0.09,0.09,0.0894118
juelich_pilot_d30_r10_log_distance_s02_w1,juelich,12345,2,2,log-distance,44,45,veh6,veh12,10,10,0,315.826,1,10.1387,6.28213,-76.666,20.3102,10,0.09,0.09,0.0894118
juelich_pilot_d30_r10_log_distance_s02_w1,juelich,12345,2,2,log-distance,44,45,veh6,veh13,10,10,0,257.407,1,10.1387,7.56654,-74.8893,22.087,10,0.09,0.12,0.0894118
juelich_pilot_d30_r10_log_distance_s02_w1,juelich,12345,2,2,log-distance,44,45,veh6,veh14,10,10,0,438.787,1,10.1387,13.332,-79.5219,17.4544,10,0.09,0.09,0.0894118
juelich_pilot_d30_r10_log_distance_s02_w1,juelich,12345,2,2,log-distance,44,45,veh6,veh15,10,0,1,935.685,0,10.1387,8.22735,nan,nan,0,0.09,0.08,0.0894118
juelich_pilot_d30_r10_log_distance_s02_w1,juelich,12345,2,2,log-distance,44,45,veh6,veh4,10,10,0,124.714,1,10.1387,9.23435,-68.596,28.3803,10,0.09,0.1,0.0894118
juelich_pilot_d30_r10_log_distance_s02_w1,juelich,12345,2,2,log-distance,44,45,veh6,veh5,10,0,1,896.823,0,10.1387,7.456,nan,nan,0,0.09,0.1,0.0894118
juelich_pilot_d30_r10_log_distance_s02_w1,juelich,12345,2,2,log-distance,44,45,veh6,veh7,10,0,1,970.956,0,10.1387,11.1867,nan,nan,0,0.09,0.09,0.0894118
juelich_pilot_d30_r10_log_distance_s02_w1,juelich,12345,2,2,log-distance,44,45,veh6,veh9,10,10,0,215.374,1,10.1387,8.65003,-73.3416,23.6347,10,0.09,0.09,0.0894118
juelich_pilot_d30_r10_log_distance_s02_w1,juelich,12345,2,2,log-distance,44,45,veh7,veh0,10,0,1,715.821,0,11.1867,13.4658,nan,nan,0,0.09,0.12,0.0894118
juelich_pilot_d30_r10_log_distance_s02_w1,juelich,12345,2,2,log-distance,44,45,veh7,veh1,10,0,1,886.942,0,11.1867,8.32517,nan,nan,0,0.09,0.09,0.0894118
juelich_pilot_d30_r10_log_distance_s02_w1,juelich,12345,2,2,log-distance,44,45,veh7,veh10,10,0,1,971.271,0,11.1867,8.09284,nan,nan,0,0.09,0.09,0.0894118
juelich_pilot_d30_r10_log_distance_s02_w1,juelich,12345,2,2,log-distance,44,45,veh7,veh11,10,0,1,877.351,0,11.1867,7.32908,nan,nan,0,0.09,0.09,0.0894118
juelich_pilot_d30_r10_log_distance_s02_w1,juelich,12345,2,2,log-distance,44,45,veh7,veh13,10,0,1,777.961,0,11.1867,7.56654,nan,nan,0,0.09,0.12,0.0894118
juelich_pilot_d30_r10_log_distance_s02_w1,juelich,12345,2,2,log-distance,44,45,veh7,veh15,10,10,0,498.734,1,11.1867,8.22735,-80.6351,16.3412,10,0.09,0.08,0.0894118
juelich_pilot_d30_r10_log_distance_s02_w1,juelich,12345,2,2,log-distance,44,45,veh7,veh16,10,0,1,618.958,0,11.1867,2.73566,nan,nan,0,0.09,0.07,0.0894118
juelich_pilot_d30_r10_log_distance_s02_w1,juelich,12345,2,2,log-distance,44,45,veh7,veh2,10,10,0,554.34,0,11.1867,0,-81.5531,15.4232,10,0.09,0.06,0.0894118
juelich_pilot_d30_r10_log_distance_s02_w1,juelich,12345,2,2,log-distance,44,45,veh7,veh3,10,10,0,401.253,1,11.1867,12.7249,-78.7461,18.2302,10,0.09,0.07,0.0894118
juelich_pilot_d30_r10_log_distance_s02_w1,juelich,12345,2,2,log-distance,44,45,veh7,veh4,10,0,1,846.496,0,11.1867,9.23435,nan,nan,0,0.09,0.1,0.0894118
juelich_pilot_d30_r10_log_distance_s02_w1,juelich,12345,2,2,log-distance,44,45,veh7,veh5,10,10,0,314.11,1,11.1867,7.456,-76.6189,20.3574,10,0.09,0.1,0.0894118
juelich_pilot_d30_r10_log_distance_s02_w1,juelich,12345,2,2,log-distance,44,45,veh7,veh6,10,0,1,970.956,0,11.1867,10.1387,nan,nan,0,0.09,0.09,0.0894118
juelich_pilot_d30_r10_log_distance_s02_w1,juelich,12345,2,2,log-distance,44,45,veh7,veh8,10,10,0,252.976,1,11.1867,7.14158,-74.7388,22.2375,10,0.09,0.08,0.0894118
juelich_pilot_d30_r10_log_distance_s02_w1,juelich,12345,2,2,log-distance,44,45,veh7,veh9,10,0,1,864.281,0,11.1867,8.65003,nan,nan,0,0.09,0.09,0.0894118
juelich_pilot_d30_r10_log_distance_s02_w1,juelich,12345,2,2,log-distance,44,45,veh8,veh0,10,0,1,930.819,0,7.14158,13.4658,nan,nan,0,0.08,0.12,0.0894118
juelich_pilot_d30_r10_log_distance_s02_w1,juelich,12345,2,2,log-distance,44,45,veh8,veh1,10,0,1,964.611,0,7.14158,8.32517,nan,nan,0,0.08,0.09,0.0894118
juelich_pilot_d30_r10_log_distance_s02_w1,juelich,12345,2,2,log-distance,44,45,veh8,veh11,10,0,1,963.91,0,7.14158,7.32908,nan,nan,0,0.08,0.09,0.0894118
juelich_pilot_d30_r10_log_distance_s02_w1,juelich,12345,2,2,log-distance,44,45,veh8,veh13,10,0,1,957.244,0,7.14158,7.56654,nan,nan,0,0.08,0.12,0.0894118
juelich_pilot_d30_r10_log_distance_s02_w1,juelich,12345,2,2,log-distance,44,45,veh8,veh15,10,0,1,749.818,0,7.14158,8.22735,nan,nan,0,0.08,0.08,0.0894118
juelich_pilot_d30_r10_log_distance_s02_w1,juelich,12345,2,2,log-distance,44,45,veh8,veh16,10,0,1,728.313,0,7.14158,2.73566,nan,nan,0,0.08,0.07,0.0894118
juelich_pilot_d30_r10_log_distance_s02_w1,juelich,12345,2,2,log-distance,44,45,veh8,veh2,10,10,0,380.62,1,7.14158,0,-78.2875,18.6888,10,0.08,0.06,0.0894118
juelich_pilot_d30_r10_log_distance_s02_w1,juelich,12345,2,2,log-distance,44,45,veh8,veh3,10,10,0,267.09,1,7.14158,12.7249,-75.2108,21.7655,10,0.08,0.07,0.0894118
juelich_pilot_d30_r10_log_distance_s02_w1,juelich,12345,2,2,log-distance,44,45,veh8,veh4,10,0,1,987.882,0,7.14158,9.23435,nan,nan,0,0.08,0.1,0.0894118
juelich_pilot_d30_r10_log_distance_s02_w1,juelich,12345,2,2,log-distance,44,45,veh8,veh5,10,10,0,566.592,0,7.14158,7.456,-81.7431,15.2332,10,0.08,0.1,0.0894118
juelich_pilot_d30_r10_log_distance_s02_w1,juelich,12345,2,2,log-distance,44,45,veh8,veh7,10,10,0,252.976,1,7.14158,11.1867,-74.7388,22.2375,10,0.08,0.09,0.0894118
juelich_pilot_d30_r10_log_distance_s02_w1,juelich,12345,2,2,log-distance,44,45,veh8,veh9,10,0,1,964.838,0,7.14158,8.65003,nan,nan,0,0.08,0.09,0.0894118
juelich_pilot_d30_r10_log_distance_s02_w1,juelich,12345,2,2,log-distance,44,45,veh9,veh0,10,10,0,524.411,0,8.65003,13.4658,-81.0711,15.9052,10,0.09,0.12,0.0894118
juelich_pilot_d30_r10_log_distance_s02_w1,juelich,12345,2,2,log-distance,44,45,veh9,veh1,10,10,0,89.5774,1,8.65003,8.32517,-65.7217,31.2546,10,0.09,0.09,0.0894118
juelich_pilot_d30_r10_log_distance_s02_w1,juelich,12345,2,2,log-distance,44,45,veh9,veh10,10,10,0,190.941,1,8.65003,8.09284,-72.2957,24.6806,10,0.09,0.09,0.0894118
juelich_pilot_d30_r10_log_distance_s02_w1,juelich,12345,2,2,log-distance,44,45,veh9,veh11,10,10,0,54.9167,1,8.65003,7.32908,-61.4716,35.5047,10,0.09,0.09,0.0894118
juelich_pilot_d30_r10_log_distance_s02_w1,juelich,12345,2,2,log-distance,44,45,veh9,veh12,10,10,0,529.154,0,8.65003,6.28213,-81.1492,15.8271,10,0.09,0.09,0.0894118
juelich_pilot_d30_r10_log_distance_s02_w1,juelich,12345,2,2,log-distance,44,45,veh9,veh13,10,10,0,337.75,1,8.65003,7.56654,-77.2493,19.727,10,0.09,0.12,0.0894118
juelich_pilot_d30_r10_log_distance_s02_w1,juelich,12345,2,2,log-distance,44,45,veh9,veh14,10,0,1,646.81,0,8.65003,13.332,nan,nan,0,0.09,0.09,0.0894118
juelich_pilot_d30_r10_log_distance_s02_w1,juelich,12345,2,2,log-distance,44,45,veh9,veh15,10,0,1,941.217,0,8.65003,8.22735,nan,nan,0,0.09,0.08,0.0894118
juelich_pilot_d30_r10_log_distance_s02_w1,juelich,12345,2,2,log-distance,44,45,veh9,veh4,10,10,0,168.173,1,8.65003,9.23435,-71.1928,25.7835,10,0.09,0.1,0.0894118
juelich_pilot_d30_r10_log_distance_s02_w1,juelich,12345,2,2,log-distance,44,45,veh9,veh5,10,0,1,860.585,0,8.65003,7.456,nan,nan,0,0.09,0.1,0.0894118
juelich_pilot_d30_r10_log_distance_s02_w1,juelich,12345,2,2,log-distance,44,45,veh9,veh6,10,10,0,215.374,1,8.65003,10.1387,-73.3416,23.6347,10,0.09,0.09,0.0894118
juelich_pilot_d30_r10_log_distance_s02_w1,juelich,12345,2,2,log-distance,44,45,veh9,veh7,10,0,1,864.281,0,8.65003,11.1867,nan,nan,0,0.09,0.09,0.0894118
juelich_pilot_d30_r10_log_distance_s02_w1,juelich,12345,2,2,log-distance,44,45,veh9,veh8,10,0,1,964.838,0,8.65003,7.14158,nan,nan,0,0.09,0.08,0.0894118
juelich_pilot_d30_r10_log_distance_s02_w1,juelich,12345,2,2,log-distance,45,46,veh0,veh1,10,0,1,613.002,0,13.4345,8.33504,nan,nan,0,0.121,0.092,0.0918889
juelich_pilot_d30_r10_log_distance_s02_w1,juelich,12345,2,2,log-distance,45,46,veh0,veh10,10,10,0,474.694,1,13.4345,7.40421,-80.2059,16.7703,10,0.121,0.092,0.0918889
juelich_pilot_d30_r10_log_distance_s02_w1,juelich,12345,2,2,log-distance,45,46,veh0,veh11,10,9,0.1,581.369,0,13.4345,7.32007,-81.9624,15.0139,9,0.121,0.092,0.0918889
juelich_pilot_d30_r10_log_distance_s02_w1,juelich,12345,2,2,log-distance,45,46,veh0,veh12,10,10,0,453.771,1,13.4345,8.23639,-79.8144,17.1619,10,0.121,0.092,0.0918889
juelich_pilot_d30_r10_log_distance_s02_w1,juelich,12345,2,2,log-distance,45,46,veh0,veh13,10,10,0,211.469,1,13.4345,7.56021,-73.1808,23.7955,10,0.121,0.121,0.0918889
juelich_pilot_d30_r10_log_distance_s02_w1,juelich,12345,2,2,log-distance,45,46,veh0,veh14,10,10,0,464.393,1,13.4345,14.9152,-80.0154,16.9609,10,0.121,0.092,0.0918889
juelich_pilot_d30_r10_log_distance_s02_w1,juelich,12345,2,2,log-distance,45,46,veh0,veh15,10,10,0,497.389,1,13.4345,9.23158,-80.6114,16.3649,10,0.121,0.086,0.0918889
juelich_pilot_d30_r10_log_distance_s02_w1,juelich,12345,2,2,log-distance,45,46,veh0,veh17,1,0,1,610.562,0,13.4587,0,nan,nan,0,0.121,0.11,0.0918889
juelich_pilot_d30_r10_log_distance_s02_w1,juelich,12345,2,2,log-distance,45,46,veh0,veh4,10,10,0,377.28,1,13.4345,10.7345,-78.211,18.7653,10,0.121,0.108,0.0918889
juelich_pilot_d30_r10_log_distance_s02_w1,juelich,12345,2,2,log-distance,45,46,veh0,veh5,10,10,0,525.093,0,13.4345,7.4491,-81.0824,15.8939,10,0.121,0.099,0.0918889
juelich_pilot_d30_r10_log_distance_s02_w1,juelich,12345,2,2,log-distance,45,46,veh0,veh6,10,10,0,452.285,1,13.4345,7.02815,-79.7859,17.1904,10,0.121,0.092,0.0918889
juelich_pilot_d30_r10_log_distance_s02_w1,juelich,12345,2,2,log-distance,45,46,veh0,veh7,10,0,1,711.766,0,13.4345,11.1762,nan,nan,0,0.121,0.089,0.0918889
juelich_pilot_d30_r10_log_distance_s02_w1,juelich,12345,2,2,log-distance,45,46,veh0,veh8,10,0,1,939.741,0,13.4345,7.11791,nan,nan,0,0.121,0.079,0.0918889
juelich_pilot_d30_r10_log_distance_s02_w1,juelich,12345,2,2,log-distance,45,46,veh0,veh9,10,10,0,528.828,0,13.4345,8.61579,-81.144,15.8323,10,0.121,0.092,0.0918889
juelich_pilot_d30_r10_log_distance_s02_w1,juelich,12345,2,2,log-distance,45,46,veh1,veh0,10,0,1,613.002,0,8.33504,13.4345,nan,nan,0,0.092,0.121,0.0918889
juelich_pilot_d30_r10_log_distance_s02_w1,juelich,12345,2,2,log-distance,45,46,veh1,veh10,10,10,0,264.462,1,8.33504,7.40421,-75.125,21.8513,10,0.092,0.092,0.0918889
juelich_pilot_d30_r10_log_distance_s02_w1,juelich,12345,2,2,log-distance,45,46,veh1,veh11,10,10,0,33.6448,1,8.33504,7.32007,-57.2157,39.7605,10,0.092,0.092,0.0918889
juelich_pilot_d30_r10_log_distance_s02_w1,juelich,12345,2,2,log-distance,45,46,veh1,veh12,10,0,1,596.677,0,8.33504,8.23639,nan,nan,0,0.092,0.092,0.0918889
juelich_pilot_d30_r10_log_distance_s02_w1,juelich,12345,2,2,log-distance,45,46,veh1,veh13,10,10,0,415.528,1,8.33504,7.56021,-79.0495,17.9268,10,0.092,0.121,0.0918889
juelich_pilot_d30_r10_log_distance_s02_w1,juelich,12345,2,2,log-distance,45,46,veh1,veh14,10,0,1,710.022,0,8.33504,14.9152,nan,nan,0,0.092,0.092,0.0918889
juelich_pilot_d30_r10_log_distance_s02_w1,juelich,12345,2,2,log-distance,45,46,veh1,veh15,10,0,1,993.746,0,8.33504,9.23158,nan,nan,0,0.092,0.086,0.0918889
juelich_pilot_d30_r10_log_distance_s02_w1,juelich,12345,2,2,log-distance,45,46,veh1,veh17,1,0,1,879.363,0,8.27211,0,nan,nan,0,0.092,0.11,0.0918889
juelich_pilot_d30_r10_log_distance_s02_w1,juelich,12345,2,2,log-distance,45,46,veh1,veh4,10,10,0,259.622,1,8.33504,10.7345,-74.9645,22.0118,10,0.092,0.108,0.0918889
juelich_pilot_d30_r10_log_distance_s02_w1,juelich,12345,2,2,log-distance,45,46,veh1,veh5,10,0,1,902.628,0,8.33504,7.4491,nan,nan,0,0.092,0.099,0.0918889
juelich_pilot_d30_r10_log_distance_s02_w1,juelich,12345,2,2,log-distance,45,46,veh1,veh6,10,10,0,292.78,1,8.33504,7.02815,-76.0085,20.9677,10,0.092,0.092,0.0918889
juelich_pilot_d30_r10_log_distance_s02_w1,juelich,12345,2,2,log-distance,45,46,veh1,veh7,10,0,1,873.822,0,8.33504,11.1762,nan,nan,0,0.092,0.089,0.0918889
juelich_pilot_d30_r10_log_distance_s02_w1,juelich,12345,2,2,log-distance,45,46,veh1,veh8,10,0,1,960.947,0,8.33504,7.11791,nan,nan,0,0.092,0.079,0.0918889
juelich_pilot_d30_r10_log_distance_s02_w1,juelich,12345,2,2,log-distance,45,46,veh1,veh9,10,10,0,89.8685,1,8.33504,8.61579,-65.7498,31.2264,10,0.092,0.092,0.0918889
juelich_pilot_d30_r10_log_distance_s02_w1,juelich,12345,2,2,log-distance,45,46,veh10,veh0,10,10,0,474.694,1,7.40421,13.4345,-80.2059,16.7703,10,0.092,0.121,0.0918889
juelich_pilot_d30_r10_log_distance_s02_w1,juelich,12345,2,2,log-distance,45,46,veh10,veh1,10,10,0,264.462,1,7.40421,8.33504,-75.125,21.8513,10,0.092,0.092,0.0918889
juelich_pilot_d30_r10_log_distance_s02_w1,juelich,12345,2,2,log-distance,45,46,veh10,veh11,10,10,0,235.227,1,7.40421,7.32007,-74.1075,22.8688,10,0.092,0.092,0.0918889
juelich_pilot_d30_r10_log_distance_s02_w1,juelich,12345,2,2,log-distance,45,46,veh10,veh12,10,10,0,332.931,1,7.40421,8.23639,-77.1243,19.852,10,0.092,0.092,0.0918889
juelich_pilot_d30_r10_log_distance_s02_w1,juelich,12345,2,2,log-distance,45,46,veh10,veh13,10,10,0,266.085,1,7.40421,7.56021,-75.1775,21.7988,10,0.092,0.121,0.0918889
juelich_pilot_d30_r10_log_distance_s02_w1,juelich,12345,2,2,log-distance,45,46,veh10,veh14,10,10,0,448.621,1,7.40421,14.9152,-79.7146,17.2617,10,0.092,0.092,0.0918889
juelich_pilot_d30_r10_log_distance_s02_w1,juelich,12345,2,2,log-distance,45,46,veh10,veh15,10,0,1,940.731,0,7.40421,9.23158,nan,nan,0,0.092,0.086,0.0918889
juelich_pilot_d30_r10_log_distance_s02_w1,juelich,12345,2,2,log-distance,45,46,veh10,veh17,1,0,1,922.981,0,8.36006,0,nan,nan,0,0.092,0.11,0.0918889
juelich_pilot_d30_r10_log_distance_s02_w1,juelich,12345,2,2,log-distance,45,46,veh10,veh4,10,10,0,127.38,1,7.40421,10.7345,-68.7797,28.1966,10,0.092,0.108,0.0918889
juelich_pilot_d30_r10_log_distance_s02_w1,juelich,12345,2,2,log-distance,45,46,veh10,veh5,10,0,1,901.925,0,7.40421,7.4491,nan,nan,0,0.092,0.099,0.0918889
juelich_pilot_d30_r10_log_distance_s02_w1,juelich,12345,2,2,log-distance,45,46,veh10,veh6,10,10,0,31.6004,1,7.40421,7.02815,-56.6714,40.3049,10,0.092,0.092,0.0918889
juelich_pilot_d30_r10_log_distance_s02_w1,juelich,12345,2,2,log-distance,45,46,veh10,veh7,10,0,1,959.961,0,7.40421,11.1762,nan,nan,0,0.092,0.089,0.0918889
juelich_pilot_d30_r10_log_distance_s02_w1,juelich,12345,2,2,log-distance,45,46,veh10,veh9,10,10,0,190.067,1,7.40421,8.61579,-72.2558,24.7205,10,0.092,0.092,0.0918889
juelich_pilot_d30_r10_log_distance_s02_w1,juelich,12345,2,2,log-distance,45,46,veh11,veh0,10,9,0.1,581.369,0,7.32007,13.4345,-81.9624,15.0139,9,0.092,0.121,0.0918889
juelich_pilot_d30_r10_log_distance_s02_w1,juelich,12345,2,2,log-distance,45,46,veh11,veh1,10,10,0,33.6448,1,7.32007,8.33504,-57.2157,39.7605,10,0.092,0.092,0.0918889
juelich_pilot_d30_r10_log_distance_s02_w1,juelich,12345,2,2,log-distance,45,46,veh11,veh10,10,10,0,235.227,1,7.32007,7.40421,-74.1075,22.8688,10,0.092,0.092,0.0918889
juelich_pilot_d30_r10_log_distance_s02_w1,juelich,12345,2,2,log-distance,45,46,veh11,veh12,10,10,0,566.276,0,7.32007,8.23639,-81.7381,15.2382,10,0.092,0.092,0.0918889
juelich_pilot_d30_r10_log_distance_s02_w1,juelich,12345,2,2,log-distance,45,46,veh11,veh13,10,10,0,382.529,1,7.32007,7.56021,-78.3308,18.6455,10,0.092,0.121,0.0918889
juelich_pilot_d30_r10_log_distance_s02_w1,juelich,12345,2,2,log-distance,45,46,veh11,veh14,10,0,1,678.694,0,7.32007,14.9152,nan,nan,0,0.092,0.092,0.0918889
juelich_pilot_d30_r10_log_distance_s02_w1,juelich,12345,2,2,log-distance,45,46,veh11,veh15,10,0,1,969.424,0,7.32007,9.23158,nan,nan,0,0.092,0.086,0.0918889
juelich_pilot_d30_r10_log_distance_s02_w1,juelich,12345,2,2,log-distance,45,46,veh11,veh17,1,0,1,864.932,0,7.37761,0,nan,nan,0,0.092,0.11,0.0918889
juelich_pilot_d30_r10_log_distance_s02_w1,juelich,12345,2,2,log-distance,45,46,veh11,veh4,10,10,0,225.978,1,7.32007,10.7345,-73.7589,23.2174,10,0.092,0.108,0.0918889
juelich_pilot_d30_r10_log_distance_s02_w1,juelich,12345,2,2,log-distance,45,46,veh11,veh5,10,0,1,883.083,0,7.32007,7.4491,nan,nan,0,0.092,0.099,0.0918889
juelich_pilot_d30_r10_log_distance_s02_w1,juelich,12345,2,2,log-distance,45,46,veh11,veh6,10,10,0,262.651,1,7.32007,7.02815,-75.0653,21.911,10,0.092,0.092,0.0918889
juelich_pilot_d30_r10_log_distance_s02_w1,juelich,12345,2,2,log-distance,45,46,veh11,veh7,10,0,1,864.68,0,7.32007,11.1762,nan,nan,0,0.092,0.089,0.0918889
juelich_pilot_d30_r10_log_distance_s02_w1,juelich,12345,2,2,log-distance,45,46,veh11,veh8,10,0,1,960.765,0,7.32007,7.11791,nan,nan,0,0.092,0.079,0.0918889
juelich_pilot_d30_r10_log_distance_s02_w1,juelich,12345,2,2,log-distance,45,46,veh11,veh9,10,10,0,56.2249,1,7.32007,8.61579,-61.6761,35.3002,10,0.092,0.092,0.0918889
juelich_pilot_d30_r10_log_distance_s02_w1,juelich,12345,2,2,log-distance,45,46,veh12,veh0,10,0,1,453.771,1,8.23639,13.4345,nan,nan,0,0.092,0.121,0.0918889
juelich_pilot_d30_r10_log_distance_s02_w1,juelich,12345,2,2,log-distance,45,46,veh12,veh1,10,0,1,596.677,0,8.23639,8.33504,nan,nan,0,0.092,0.092,0.0918889
juelich_pilot_d30_r10_log_distance_s02_w1,juelich,12345,2,2,log-distance,45,46,veh12,veh10,10,0,1,332.931,1,8.23639,7.40421,nan,nan,0,0.092,0.092,0.0918889
juelich_pilot_d30_r10_log_distance_s02_w1,juelich,12345,2,2,log-distance,45,46,veh12,veh11,10,0,1,566.276,0,8.23639,7.32007,nan,nan,0,0.092,0.092,0.0918889
juelich_pilot_d30_r10_log_distance_s02_w1,juelich,12345,2,2,log-distance,45,46,veh12,veh13,10,0,1,353.112,1,8.23639,7.56021,nan,nan,0,0.092,0.121,0.0918889
juelich_pilot_d30_r10_log_distance_s02_w1,juelich,12345,2,2,log-distance,45,46,veh12,veh14,10,10,0,121.229,1,8.23639,14.9152,-68.3461,10.6805,10,0.092,0.092,0.0918889
juelich_pilot_d30_r10_log_distance_s02_w1,juelich,12345,2,2,log-distance,45,46,veh12,veh15,10,0,1,945.251,0,8.23639,9.23158,nan,nan,0,0.092,0.086,0.0918889
juelich_pilot_d30_r10_log_distance_s02_w1,juelich,12345,2,2,log-distance,45,46,veh12,veh4,10,0,1,377.572,1,8.23639,10.7345,nan,nan,0,0.092,0.108,0.0918889
juelich_pilot_d30_r10_log_distance_s02_w1,juelich,12345,2,2,log-distance,45,46,veh12,veh5,10,0,1,975.647,0,8.23639,7.4491,nan,nan,0,0.092,0.099,0.0918889
juelich_pilot_d30_r10_log_distance_s02_w1,juelich,12345,2,2,log-distance,45,46,veh12,veh6,10,0,1,303.903,1,8.23639,7.02815,nan,nan,0,0.092,0.092,0.0918889
juelich_pilot_d30_r10_log_distance_s02_w1,juelich,12345,2,2,log-distance,45,46,veh12,veh9,10,0,1,516.668,0,8.23639,8.61579,nan,nan,0,0.092,0.092,0.0918889
juelich_pilot_d30_r10_log_distance_s02_w1,juelich,12345,2,2,log-distance,45,46,veh13,veh0,10,10,0,211.469,1,7.56021,13.4345,-73.1808,6.5509,10,0.121,0.121,0.0918889
juelich_pilot_d30_r10_log_distance_s02_w1,juelich,12345,2,2,log-distance,45,46,veh13,veh1,10,0,1,415.528,1,7.56021,8.33504,nan,nan,0,0.121,0.092,0.0918889
juelich_pilot_d30_r10_log_distance_s02_w1,juelich,12345,2,2,log-distance,45,46,veh13,veh10,10,0,1,266.085,1,7.56021,7.40421,nan,nan,0,0.121,0.092,0.0918889
juelich_pilot_d30_r10_log_distance_s02_w1,juelich,12345,2,2,log-distance,45,46,veh13,veh11,10,0,1,382.529,1,7.56021,7.32007,nan,nan,0,0.121,0.092,0.0918889
juelich_pilot_d30_r10_log_distance_s02_w1,juelich,12345,2,2,log-distance,45,46,veh13,veh12,10,0,1,353.112,1,7.56021,8.23639,nan,nan,0,0.121,0.092,0.0918889
juelich_pilot_d30_r10_log_distance_s02_w1,juelich,12345,2,2,log-distance,45,46,veh13,veh14,10,0,1,417.804,1,7.56021,14.9152,nan,nan,0,0.121,0.092,0.0918889
juelich_pilot_d30_r10_log_distance_s02_w1,juelich,12345,2,2,log-distance,45,46,veh13,veh15,10,0,1,679.558,0,7.56021,9.23158,nan,nan,0,0.121,0.086,0.0918889
juelich_pilot_d30_r10_log_distance_s02_w1,juelich,12345,2,2,log-distance,45,46,veh13,veh17,1,0,1,711.03,0,7.60344,0,nan,nan,0,0.121,0.11,0.0918889
juelich_pilot_d30_r10_log_distance_s02_w1,juelich,12345,2,2,log-distance,45,46,veh13,veh4,10,10,0,167.031,1,7.56021,10.7345,-71.1314,7.02834,10,0.121,0.108,0.0918889
juelich_pilot_d30_r10_log_distance_s02_w1,juelich,12345,2,2,log-distance,45,46,veh13,veh5,10,0,1,661.312,0,7.56021,7.4491,nan,nan,0,0.121,0.099,0.0918889
juelich_pilot_d30_r10_log_distance_s02_w1,juelich,12345,2,2,log-distance,45,46,veh13,veh6,10,0,1,246.539,1,7.56021,7.02815,nan,nan,0,0.121,0.092,0.0918889
juelich_pilot_d30_r10_log_distance_s02_w1,juelich,12345,2,2,log-distance,45,46,veh13,veh7,10,0,1,774.411,0,7.56021,11.1762,nan,nan,0,0.121,0.089,0.0918889
juelich_pilot_d30_r10_log_distance_s02_w1,juelich,12345,2,2,log-distance,45,46,veh13,veh8,10,0,1,963.768,0,7.56021,7.11791,nan,nan,0,0.121,0.079,0.0918889
juelich_pilot_d30_r10_log_distance_s02_w1,juelich,12345,2,2,log-distance,45,46,veh13,veh9,10,0,1,327.533,1,7.56021,8.61579,nan,nan,0,0.121,0.092,0.0918889
juelich_pilot_d30_r10_log_distance_s02_w1,juelich,12345,2,2,log-distance,45,46,veh14,veh0,10,10,0,464.393,1,14.9152,13.4345,-80.0154,16.9609,10,0.092,0.121,0.0918889
juelich_pilot_d30_r10_log_distance_s02_w1,juelich,12345,2,2,log-distance,45,46,veh14,veh1,10,0,1,710.022,0,14.9152,8.33504,nan,nan,0,0.092,0.092,0.0918889
juelich_pilot_d30_r10_log_distance_s02_w1,juelich,12345,2,2,log-distance,45,46,veh14,veh10,10,10,0,448.621,1,14.9152,7.40421,-79.7146,17.2617,10,0.092,0.092,0.0918889
juelich_pilot_d30_r10_log_distance_s02_w1,juelich,12345,2,2,log-distance,45,46,veh14,veh11,10,0,1,678.694,0,14.9152,7.32007,nan,nan,0,0.092,0.092,0.0918889
juelich_pilot_d30_r10_log_distance_s02_w1,juelich,12345,2,2,log-distance,45,46,veh14,veh12,10,10,0,121.229,1,14.9152,8.23639,-68.3461,28.6301,10,0.092,0.092,0.0918889
juelich_pilot_d30_r10_log_distance_s02_w1,juelich,12345,2,2,log-distance,45,46,veh14,veh13,10,10,0,417.804,1,14.9152,7.56021,-79.0968,17.8795,10,0.092,0.121,0.0918889
juelich_pilot_d30_r10_log_distance_s02_w1,juelich,12345,2,2,log-distance,45,46,veh14,veh15,10,0,1,933.433,0,14.9152,9.23158,nan,nan,0,0.092,0.086,0.0918889
juelich_pilot_d30_r10_log_distance_s02_w1,juelich,12345,2,2,log-distance,45,46,veh14,veh4,10,10,0,477.29,1,14.9152,10.7345,-80.2527,16.7236,10,0.092,0.108,0.0918889
juelich_pilot_d30_r10_log_distance_s02_w1,juelich,12345,2,2,log-distance,45,46,veh14,veh5,10,0,1,988.088,0,14.9152,7.4491,nan,nan,0,0.092,0.099,0.0918889
juelich_pilot_d30_r10_log_distance_s02_w1,juelich,12345,2,2,log-distance,45,46,veh14,veh6,10,10,0,418.476,1,14.9152,7.02815,-79.1103,17.866,10,0.092,0.092,0.0918889
juelich_pilot_d30_r10_log_distance_s02_w1,juelich,12345,2,2,log-distance,45,46,veh14,veh9,10,0,1,627.131,0,14.9152,8.61579,nan,nan,0,0.092,0.092,0.0918889
juelich_pilot_d30_r10_log_distance_s02_w1,juelich,12345,2,2,log-distance,45,46,veh15,veh0,10,10,0,497.389,1,9.23158,13.4345,-80.6114,16.3649,10,0.086,0.121,0.0918889
juelich_pilot_d30_r10_log_distance_s02_w1,juelich,12345,2,2,log-distance,45,46,veh15,veh1,10,0,1,993.746,0,9.23158,8.33504,nan,nan,0,0.086,0.092,0.0918889
juelich_pilot_d30_r10_log_distance_s02_w1,juelich,12345,2,2,log-distance,45,46,veh15,veh10,10,0,1,940.731,0,9.23158,7.40421,nan,nan,0,0.086,0.092,0.0918889
juelich_pilot_d30_r10_log_distance_s02_w1,juelich,12345,2,2,log-distance,45,46,veh15,veh11,10,0,1,969.424,0,9.23158,7.32007,nan,nan,0,0.086,0.092,0.0918889
juelich_pilot_d30_r10_log_distance_s02_w1,juelich,12345,2,2,log-distance,45,46,veh15,veh12,10,0,1,945.251,0,9.23158,8.23639,nan,nan,0,0.086,0.092,0.0918889
juelich_pilot_d30_r10_log_distance_s02_w1,juelich,12345,2,2,log-distance,45,46,veh15,veh13,10,0,1,679.558,0,9.23158,7.56021,nan,nan,0,0.086,0.121,0.0918889
juelich_pilot_d30_r10_log_distance_s02_w1,juelich,12345,2,2,log-distance,45,46,veh15,veh14,10,0,1,933.433,0,9.23158,14.9152,nan,nan,0,0.086,0.092,0.0918889
juelich_pilot_d30_r10_log_distance_s02_w1,juelich,12345,2,2,log-distance,45,46,veh15,veh16,10,0,1,623.871,0,9.23158,4.7037,nan,nan,0,0.086,0.069,0.0918889
juelich_pilot_d30_r10_log_distance_s02_w1,juelich,12345,2,2,log-distance,45,46,veh15,veh17,1,1,0,345.782,1,9.18849,0,-77.4537,19.5225,1,0.086,0.11,0.0918889
juelich_pilot_d30_r10_log_distance_s02_w1,juelich,12345,2,2,log-distance,45,46,veh15,veh2,10,0,1,980.87,0,9.23158,0,nan,nan,0,0.086,0.059,0.0918889
juelich_pilot_d30_r10_log_distance_s02_w1,juelich,12345,2,2,log-distance,45,46,veh15,veh3,10,0,1,812.845,0,9.23158,12.7445,nan,nan,0,0.086,0.069,0.0918889
juelich_pilot_d30_r10_log_distance_s02_w1,juelich,12345,2,2,log-distance,45,46,veh15,veh4,10,0,1,822.129,0,9.23158,10.7345,nan,nan,0,0.086,0.108,0.0918889
juelich_pilot_d30_r10_log_distance_s02_w1,juelich,12345,2,2,log-distance,45,46,veh15,veh5,10,10,0,196.991,1,9.23158,7.4491,-72.5656,24.4107,10,0.086,0.099,0.0918889
juelich_pilot_d30_r10_log_distance_s02_w1,juelich,12345,2,2,log-distance,45,46,veh15,veh6,10,0,1,924.573,0,9.23158,7.02815,nan,nan,0,0.086,0.092,0.0918889
juelich_pilot_d30_r10_log_distance_s02_w1,juelich,12345,2,2,log-distance,45,46,veh15,veh7,10,10,0,499.13,1,9.23158,11.1762,-80.642,16.3343,10,0.086,0.089,0.0918889
juelich_pilot_d30_r10_log_distance_s02_w1,juelich,12345,2,2,log-distance,45,46,veh15,veh8,10,0,1,758.959,0,9.23158,7.11791,nan,nan,0,0.086,0.079,0.0918889
juelich_pilot_d30_r10_log_distance_s02_w1,juelich,12345,2,2,log-distance,45,46,veh15,veh9,10,0,1,929.633,0,9.23158,8.61579,nan,nan,0,0.086,0.092,0.0918889
juelich_pilot_d30_r10_log_distance_s02_w1,juelich,12345,2,2,log-distance,45,46,veh16,veh15,10,0,1,623.871,0,4.7037,9.23158,nan,nan,0,0.069,0.086,0.0918889
juelich_pilot_d30_r10_log_distance_s02_w1,juelich,12345,2,2,log-distance,45,46,veh16,veh17,1,1,0,579.238,0,5.59278,0,-81.9348,15.0414,1,0.069,0.11,0.0918889
juelich_pilot_d30_r10_log_distance_s02_w1,juelich,12345,2,2,log-distance,45,46,veh16,veh2,10,0,1,665.909,0,4.7037,0,nan,nan,0,0.069,0.059,0.0918889
juelich_pilot_d30_r10_log_distance_s02_w1,juelich,12345,2,2,log-distance,45,46,veh16,veh3,10,10,0,565.737,0,4.7037,12.7445,-81.7299,15.2464,10,0.069,0.069,0.0918889
juelich_pilot_d30_r10_log_distance_s02_w1,juelich,12345,2,2,log-distance,45,46,veh16,veh5,10,0,1,588.562,0,4.7037,7.4491,nan,nan,0,0.069,0.099,0.0918889
juelich_pilot_d30_r10_log_distance_s02_w1,juelich,12345,2,2,log-distance,45,46,veh16,veh7,10,0,1,623.492,0,4.7037,11.1762,nan,nan,0,0.069,0.089,0.0918889
juelich_pilot_d30_r10_log_distance_s02_w1,juelich,12345,2,2,log-distance,45,46,veh16,veh8,10,0,1,731.652,0,4.7037,7.11791,nan,nan,0,0.069,0.079,0.0918889
juelich_pilot_d30_r10_log_distance_s02_w1,juelich,12345,2,2,log-distance,45,46,veh17,veh0,1,0,1,610.562,0,0,13.4587,nan,nan,0,0.11,0.121,0.0918889
juelich_pilot_d30_r10_log_distance_s02_w1,juelich,12345,2,2,log-distance,45,46,veh17,veh1,1,0,1,879.363,0,0,8.27211,nan,nan,0,0.11,0.092,0.0918889
juelich_pilot_d30_r10_log_distance_s02_w1,juelich,12345,2,2,log-distance,45,46,veh17,veh10,1,0,1,922.981,0,0,8.36006,nan,nan,0,0.11,0.092,0.0918889
juelich_pilot_d30_r10_log_distance_s02_w1,juelich,12345,2,2,log-distance,45,46,veh17,veh11,1,0,1,864.932,0,0,7.37761,nan,nan,0,0.11,0.092,0.0918889
juelich_pilot_d30_r10_log_distance_s02_w1,juelich,12345,2,2,log-distance,45,46,veh17,veh13,1,0,1,711.03,0,0,7.60344,nan,nan,0,0.11,0.121,0.0918889
juelich_pilot_d30_r10_log_distance_s02_w1,juelich,12345,2,2,log-distance,45,46,veh17,veh15,1,1,0,345.782,1,0,9.18849,-77.4537,19.5225,1,0.11,0.086,0.0918889
juelich_pilot_d30_r10_log_distance_s02_w1,juelich,12345,2,2,log-distance,45,46,veh17,veh16,1,1,0,579.238,0,0,5.59278,-81.9348,15.0414,1,0.11,0.069,0.0918889
juelich_pilot_d30_r10_log_distance_s02_w1,juelich,12345,2,2,log-distance,45,46,veh17,veh2,1,0,1,683.291,0,0,0,nan,nan,0,0.11,0.059,0.0918889
juelich_pilot_d30_r10_log_distance_s02_w1,juelich,12345,2,2,log-distance,45,46,veh17,veh3,1,1,0,507.412,0,0,12.7675,-80.7849,16.1914,1,0.11,0.069,0.0918889
juelich_pilot_d30_r10_log_distance_s02_w1,juelich,12345,2,2,log-distance,45,46,veh17,veh4,1,0,1,795.287,0,0,10.0134,nan,nan,0,0.11,0.108,0.0918889
juelich_pilot_d30_r10_log_distance_s02_w1,juelich,12345,2,2,log-distance,45,46,veh17,veh5,1,1,0,144.995,1,0,7.43946,-69.9048,27.0715,1,0.11,0.099,0.0918889
juelich_pilot_d30_r10_log_distance_s02_w1,juelich,12345,2,2,log-distance,45,46,veh17,veh6,1,0,1,918.008,0,0,6.70389,nan,nan,0,0.11,0.092,0.0918889
juelich_pilot_d30_r10_log_distance_s02_w1,juelich,12345,2,2,log-distance,45,46,veh17,veh7,1,1,0,153.593,1,0,11.1733,-70.4052,26.5711,1,0.11,0.089,0.0918889
juelich_pilot_d30_r10_log_distance_s02_w1,juelich,12345,2,2,log-distance,45,46,veh17,veh8,1,1,0,418.309,1,0,7.15507,-79.1077,17.8686,1,0.11,0.079,0.0918889
juelich_pilot_d30_r10_log_distance_s02_w1,juelich,12345,2,2,log-distance,45,46,veh17,veh9,1,0,1,842.094,0,0,8.57022,nan,nan,0,0.11,0.092,0.0918889
juelich_pilot_d30_r10_log_distance_s02_w1,juelich,12345,2,2,log-distance,45,46,veh2,veh15,10,0,1,980.87,0,0,9.23158,nan,nan,0,0.059,0.086,0.0918889
juelich_pilot_d30_r10_log_distance_s02_w1,juelich,12345,2,2,log-distance,45,46,veh2,veh16,10,0,1,665.909,0,0,4.7037,nan,nan,0,0.059,0.069,0.0918889
juelich_pilot_d30_r10_log_distance_s02_w1,juelich,12345,2,2,log-distance,45,46,veh2,veh17,1,0,1,683.291,0,0,0,nan,nan,0,0.059,0.11,0.0918889
juelich_pilot_d30_r10_log_distance_s02_w1,juelich,12345,2,2,log-distance,45,46,veh2,veh3,10,10,0,170.508,1,0,12.7445,-71.3106,18.3576,10,0.059,0.069,0.0918889
juelich_pilot_d30_r10_log_distance_s02_w1,juelich,12345,2,2,log-distance,45,46,veh2,veh5,10,0,1,813.195,0,0,7.4491,nan,nan,0,0.059,0.099,0.0918889
juelich_pilot_d30_r10_log_distance_s02_w1,juelich,12345,2,2,log-distance,45,46,veh2,veh7,10,10,0,564.386,0,0,11.1762,-81.7091,5.77198,10,0.059,0.089,0.0918889
juelich_pilot_d30_r10_log_distance_s02_w1,juelich,12345,2,2,log-distance,45,46,veh2,veh8,10,10,0,383.513,1,0,7.11791,-78.3533,10.373,10,0.059,0.079,0.0918889
juelich_pilot_d30_r10_log_distance_s02_w1,juelich,12345,2,2,log-distance,45,46,veh3,veh15,10,0,1,812.845,0,12.7445,9.23158,nan,nan,0,0.069,0.086,0.0918889
juelich_pilot_d30_r10_log_distance_s02_w1,juelich,12345,2,2,log-distance,45,46,veh3,veh16,10,10,0,565.737,0,12.7445,4.7037,-81.7299,15.2464,10,0.069,0.069,0.0918889
juelich_pilot_d30_r10_log_distance_s02_w1,juelich,12345,2,2,log-distance,45,46,veh3,veh17,1,1,0,507.412,0,12.7675,0,-80.7849,16.1914,1,0.069,0.11,0.0918889
juelich_pilot_d30_r10_log_distance_s02_w1,juelich,12345,2,2,log-distance,45,46,veh3,veh2,10,10,0,170.508,1,12.7445,0,-71.3106,25.6657,10,0.069,0.059,0.0918889
juelich_pilot_d30_r10_log_distance_s02_w1,juelich,12345,2,2,log-distance,45,46,veh3,veh5,10,0,1,642.856,0,12.7445,7.4491,nan,nan,0,0.069,0.099,0.0918889
juelich_pilot_d30_r10_log_distance_s02_w1,juelich,12345,2,2,log-distance,45,46,veh3,veh7,10,10,0,399.542,1,12.7445,11.1762,-78.7089,18.2673,10,0.069,0.089,0.0918889
juelich_pilot_d30_r10_log_distance_s02_w1,juelich,12345,2,2,log-distance,45,46,veh3,veh8,10,10,0,265.187,1,12.7445,7.11791,-75.1487,21.8276,10,0.069,0.079,0.0918889
juelich_pilot_d30_r10_log_distance_s02_w1,juelich,12345,2,2,log-distance,45,46,veh4,veh0,10,10,0,377.28,1,10.7345,13.4345,-78.211,18.7653,10,0.108,0.121,0.0918889
juelich_pilot_d30_r10_log_distance_s02_w1,juelich,12345,2,2,log-distance,45,46,veh4,veh1,10,10,0,259.622,1,10.7345,8.33504,-74.9645,22.0118,10,0.108,0.092,0.0918889
juelich_pilot_d30_r10_log_distance_s02_w1,juelich,12345,2,2,log-distance,45,46,veh4,veh10,10,10,0,127.38,1,10.7345,7.40421,-68.7797,28.1966,10,0.108,0.092,0.0918889
juelich_pilot_d30_r10_log_distance_s02_w1,juelich,12345,2,2,log-distance,45,46,veh4,veh11,10,10,0,225.978,1,10.7345,7.32007,-73.7589,23.2174,10,0.108,0.092,0.0918889
juelich_pilot_d30_r10_log_distance_s02_w1,juelich,12345,2,2,log-distance,45,46,veh4,veh12,10,10,0,377.572,1,10.7345,8.23639,-78.2171,18.7591,10,0.108,0.092,0.0918889
juelich_pilot_d30_r10_log_distance_s02_w1,juelich,12345,2,2,log-distance,45,46,veh4,veh13,10,10,0,167.031,1,10.7345,7.56021,-71.1314,25.8449,10,0.108,0.121,0.0918889
juelich_pilot_d30_r10_log_distance_s02_w1,juelich,12345,2,2,log-distance,45,46,veh4,veh14,10,10,0,477.29,1,10.7345,14.9152,-80.2527,16.7236,10,0.108,0.092,0.0918889
juelich_pilot_d30_r10_log_distance_s02_w1,juelich,12345,2,2,log-distance,45,46,veh4,veh15,10,0,1,822.129,0,10.7345,9.23158,nan,nan,0,0.108,0.086,0.0918889
juelich_pilot_d30_r10_log_distance_s02_w1,juelich,12345,2,2,log-distance,45,46,veh4,veh17,1,0,1,795.287,0,10.0134,0,nan,nan,0,0.108,0.11,0.0918889
juelich_pilot_d30_r10_log_distance_s02_w1,juelich,12345,2,2,log-distance,45,46,veh4,veh5,10,0,1,775.959,0,10.7345,7.4491,nan,nan,0,0.108,0.099,0.0918889
juelich_pilot_d30_r10_log_distance_s02_w1,juelich,12345,2,2,log-distance,45,46,veh4,veh6,10,10,0,124.892,1,10.7345,7.02815,-68.6084,28.3679,10,0.108,0.092,0.0918889
juelich_pilot_d30_r10_log_distance_s02_w1,juelich,12345,2,2,log-distance,45,46,veh4,veh7,10,0,1,835.045,0,10.7345,11.1762,nan,nan,0,0.108,0.089,0.0918889
juelich_pilot_d30_r10_log_distance_s02_w1,juelich,12345,2,2,log-distance,45,46,veh4,veh8,10,0,1,988.316,0,10.7345,7.11791,nan,nan,0,0.108,0.079,0.0918889
juelich_pilot_d30_r10_log_distance_s02_w1,juelich,12345,2,2,log-distance,45,46,veh4,veh9,10,10,0,169.754,1,10.7345,8.61579,-71.274,25.7023,10,0.108,0.092,0.0918889
juelich_pilot_d30_r10_log_distance_s02_w1,juelich,12345,2,2,log-distance,45,46,veh5,veh0,10,10,0,525.093,0,7.4491,13.4345,-81.0824,13.6573,10,0.099,0.121,0.0918889
juelich_pilot_d30_r10_log_distance_s02_w1,juelich,12345,2,2,log-distance,45,46,veh5,veh1,10,0,1,902.628,0,7.4491,8.33504,nan,nan,0,0.099,0.092,0.0918889
juelich_pilot_d30_r10_log_distance_s02_w1,juelich,12345,2,2,log-distance,45,46,veh5,veh10,10,0,1,901.925,0,7.4491,7.40421,nan,nan,0,0.099,0.092,0.0918889
juelich_pilot_d30_r10_log_distance_s02_w1,juelich,12345,2,2,log-distance,45,46,veh5,veh11,10,0,1,883.083,0,7.4491,7.32007,nan,nan,0,0.099,0.092,0.0918889
juelich_pilot_d30_r10_log_distance_s02_w1,juelich,12345,2,2,log-distance,45,46,veh5,veh12,10,0,1,975.647,0,7.4491,8.23639,nan,nan,0,0.099,0.092,0.0918889
juelich_pilot_d30_r10_log_distance_s02_w1,juelich,12345,2,2,log-distance,45,46,veh5,veh13,10,0,1,661.312,0,7.4491,7.56021,nan,nan,0,0.099,0.121,0.0918889
juelich_pilot_d30_r10_log_distance_s02_w1,juelich,12345,2,2,log-distance,45,46,veh5,veh14,10,0,1,988.088,0,7.4491,14.9152,nan,nan,0,0.099,0.092,0.0918889
juelich_pilot_d30_r10_log_distance_s02_w1,juelich,12345,2,2,log-distance,45,46,veh5,veh15,10,10,0,196.991,1,7.4491,9.23158,-72.5656,21.8264,10,0.099,0.086,0.0918889
juelich_pilot_d30_r10_log_distance_s02_w1,juelich,12345,2,2,log-distance,45,46,veh5,veh16,10,0,1,588.562,0,7.4491,4.7037,nan,nan,0,0.099,0.069,0.0918889
juelich_pilot_d30_r10_log_distance_s02_w1,juelich,12345,2,2,log-distance,45,46,veh5,veh17,1,1,0,144.995,1,7.43946,0,-69.9048,27.0715,1,0.099,0.11,0.0918889
juelich_pilot_d30_r10_log_distance_s02_w1,juelich,12345,2,2,log-distance,45,46,veh5,veh2,10,0,1,813.195,0,7.4491,0,nan,nan,0,0.099,0.059,0.0918889
juelich_pilot_d30_r10_log_distance_s02_w1,juelich,12345,2,2,log-distance,45,46,veh5,veh3,10,0,1,642.856,0,7.4491,12.7445,nan,nan,0,0.099,0.069,0.0918889
juelich_pilot_d30_r10_log_distance_s02_w1,juelich,12345,2,2,log-distance,45,46,veh5,veh4,10,0,1,775.959,0,7.4491,10.7345,nan,nan,0,0.099,0.108,0.0918889
juelich_pilot_d30_r10_log_distance_s02_w1,juelich,12345,2,2,log-distance,45,46,veh5,veh6,10,0,1,891.848,0,7.4491,7.02815,nan,nan,0,0.099,0.092,0.0918889
juelich_pilot_d30_r10_log_distance_s02_w1,juelich,12345,2,2,log-distance,45,46,veh5,veh7,10,8,0.2,303.042,1,7.4491,11.1762,-76.3073,20.669,8,0.099,0.089,0.0918889
juelich_pilot_d30_r10_log_distance_s02_w1,juelich,12345,2,2,log-distance,45,46,veh5,veh8,10,8,0.2,564.313,0,7.4491,7.11791,-81.7081,15.2682,8,0.099,0.079,0.0918889
juelich_pilot_d30_r10_log_distance_s02_w1,juelich,12345,2,2,log-distance,45,46,veh5,veh9,10,0,1,851.869,0,7.4491,8.61579,nan,nan,0,0.099,0.092,0.0918889
juelich_pilot_d30_r10_log_distance_s02_w1,juelich,12345,2,2,log-distance,45,46,veh6,veh0,10,10,0,452.285,1,7.02815,13.4345,-79.7859,17.1904,10,0.092,0.121,0.0918889
juelich_pilot_d30_r10_log_distance_s02_w1,juelich,12345,2,2,log-distance,45,46,veh6,veh1,10,10,0,292.78,1,7.02815,8.33504,-76.0085,20.9677,10,0.092,0.092,0.0918889
juelich_pilot_d30_r10_log_distance_s02_w1,juelich,12345,2,2,log-distance,45,46,veh6,veh10,10,10,0,31.6004,1,7.02815,7.40421,-56.6714,40.3049,10,0.092,0.092,0.0918889
juelich_pilot_d30_r10_log_distance_s02_w1,juelich,12345,2,2,log-distance,45,46,veh6,veh11,10,10,0,262.651,1,7.02815,7.32007,-75.0653,21.911,10,0.092,0.092,0.0918889
juelich_pilot_d30_r10_log_distance_s02_w1,juelich,12345,2,2,log-distance,45,46,veh6,veh12,10,10,0,303.903,1,7.02815,8.23639,-76.3319,20.6444,10,0.092,0.092,0.0918889
juelich_pilot_d30_r10_log_distance_s02_w1,juelich,12345,2,2,log-distance,45,46,veh6,veh13,10,10,0,246.539,1,7.02815,7.56021,-74.5148,22.4615,10,0.092,0.121,0.0918889
juelich_pilot_d30_r10_log_distance_s02_w1,juelich,12345,2,2,log-distance,45,46,veh6,veh14,10,10,0,418.476,1,7.02815,14.9152,-79.1103,17.866,10,0.092,0.092,0.0918889
juelich_pilot_d30_r10_log_distance_s02_w1,juelich,12345,2,2,log-distance,45,46,veh6,veh15,10,0,1,924.573,0,7.02815,9.23158,nan,nan,0,0.092,0.086,0.0918889
juelich_pilot_d30_r10_log_distance_s02_w1,juelich,12345,2,2,log-distance,45,46,veh6,veh17,1,0,1,918.008,0,6.70389,0,nan,nan,0,0.092,0.11,0.0918889
juelich_pilot_d30_r10_log_distance_s02_w1,juelich,12345,2,2,log-distance,45,46,veh6,veh4,10,10,0,124.892,1,7.02815,10.7345,-68.6084,28.3679,10,0.092,0.108,0.0918889
juelich_pilot_d30_r10_log_distance_s02_w1,juelich,12345,2,2,log-distance,45,46,veh6,veh5,10,0,1,891.848,0,7.02815,7.4491,nan,nan,0,0.092,0.099,0.0918889
juelich_pilot_d30_r10_log_distance_s02_w1,juelich,12345,2,2,log-distance,45,46,veh6,veh7,10,0,1,959.844,0,7.02815,11.1762,nan,nan,0,0.092,0.089,0.0918889
juelich_pilot_d30_r10_log_distance_s02_w1,juelich,12345,2,2,log-distance,45,46,veh6,veh9,10,10,0,215.002,1,7.02815,8.61579,-73.3265,23.6497,10,0.092,0.092,0.0918889
juelich_pilot_d30_r10_log_distance_s02_w1,juelich,12345,2,2,log-distance,45,46,veh7,veh0,10,0,1,711.766,0,11.1762,13.4345,nan,nan,0,0.089,0.121,0.0918889
juelich_pilot_d30_r10_log_distance_s02_w1,juelich,12345,2,2,log-distance,45,46,veh7,veh1,10,0,1,873.822,0,11.1762,8.33504,nan,nan,0,0.089,0.092,0.0918889
juelich_pilot_d30_r10_log_distance_s02_w1,juelich,12345,2,2,log-distance,45,46,veh7,veh10,10,0,1,959.961,0,11.1762,7.40421,nan,nan,0,0.089,0.092,0.0918889
juelich_pilot_d30_r10_log_distance_s02_w1,juelich,12345,2,2,log-distance,45,46,veh7,veh11,10,0,1,864.68,0,11.1762,7.32007,nan,nan,0,0.089,0.092,0.0918889
juelich_pilot_d30_r10_log_distance_s02_w1,juelich,12345,2,2,log-distance,45,46,veh7,veh13,10,0,1,774.411,0,11.1762,7.56021,nan,nan,0,0.089,0.121,0.0918889
juelich_pilot_d30_r10_log_distance_s02_w1,juelich,12345,2,2,log-distance,45,46,veh7,veh15,10,10,0,499.13,1,11.1762,9.23158,-80.642,16.3343,10,0.089,0.086,0.0918889
juelich_pilot_d30_r10_log_distance_s02_w1,juelich,12345,2,2,log-distance,45,46,veh7,veh16,10,0,1,623.492,0,11.1762,4.7037,nan,nan,0,0.089,0.069,0.0918889
juelich_pilot_d30_r10_log_distance_s02_w1,juelich,12345,2,2,log-distance,45,46,veh7,veh17,1,1,0,153.593,1,11.1733,0,-70.4052,26.5711,1,0.089,0.11,0.0918889
juelich_pilot_d30_r10_log_distance_s02_w1,juelich,12345,2,2,log-distance,45,46,veh7,veh2,10,10,0,564.386,0,11.1762,0,-81.7091,15.2672,10,0.089,0.059,0.0918889
juelich_pilot_d30_r10_log_distance_s02_w1,juelich,12345,2,2,log-distance,45,46,veh7,veh3,10,10,0,399.542,1,11.1762,12.7445,-78.7089,18.2673,10,0.089,0.069,0.0918889
juelich_pilot_d30_r10_log_distance_s02_w1,juelich,12345,2,2,log-distance,45,46,veh7,veh4,10,0,1,835.045,0,11.1762,10.7345,nan,nan,0,0.089,0.108,0.0918889
juelich_pilot_d30_r10_log_distance_s02_w1,juelich,12345,2,2,log-distance,45,46,veh7,veh5,10,10,0,303.042,1,11.1762,7.4491,-76.3073,20.669,10,0.089,0.099,0.0918889
juelich_pilot_d30_r10_log_distance_s02_w1,juelich,12345,2,2,log-distance,45,46,veh7,veh6,10,0,1,959.844,0,11.1762,7.02815,nan,nan,0,0.089,0.092,0.0918889
juelich_pilot_d30_r10_log_distance_s02_w1,juelich,12345,2,2,log-distance,45,46,veh7,veh8,10,10,0,262.344,1,11.1762,7.11791,-75.0547,21.9216,10,0.089,0.079,0.0918889
juelich_pilot_d30_r10_log_distance_s02_w1,juelich,12345,2,2,log-distance,45,46,veh7,veh9,10,0,1,851.552,0,11.1762,8.61579,nan,nan,0,0.089,0.092,0.0918889
juelich_pilot_d30_r10_log_distance_s02_w1,juelich,12345,2,2,log-distance,45,46,veh8,veh0,10,0,1,939.741,0,7.11791,13.4345,nan,nan,0,0.079,0.121,0.0918889
juelich_pilot_d30_r10_log_distance_s02_w1,juelich,12345,2,2,log-distance,45,46,veh8,veh1,10,0,1,960.947,0,7.11791,8.33504,nan,nan,0,0.079,0.092,0.0918889
juelich_pilot_d30_r10_log_distance_s02_w1,juelich,12345,2,2,log-distance,45,46,veh8,veh11,10,0,1,960.765,0,7.11791,7.32007,nan,nan,0,0.079,0.092,0.0918889
juelich_pilot_d30_r10_log_distance_s02_w1,juelich,12345,2,2,log-distance,45,46,veh8,veh13,10,0,1,963.768,0,7.11791,7.56021,nan,nan,0,0.079,0.121,0.0918889
juelich_pilot_d30_r10_log_distance_s02_w1,juelich,12345,2,2,log-distance,45,46,veh8,veh15,10,0,1,758.959,0,7.11791,9.23158,nan,nan,0,0.079,0.086,0.0918889
juelich_pilot_d30_r10_log_distance_s02_w1,juelich,12345,2,2,log-distance,45,46,veh8,veh16,10,0,1,731.652,0,7.11791,4.7037,nan,nan,0,0.079,0.069,0.0918889
juelich_pilot_d30_r10_log_distance_s02_w1,juelich,12345,2,2,log-distance,45,46,veh8,veh17,1,1,0,418.309,1,7.15507,0,-79.1077,17.8686,1,0.079,0.11,0.0918889
juelich_pilot_d30_r10_log_distance_s02_w1,juelich,12345,2,2,log-distance,45,46,veh8,veh2,10,10,0,383.513,1,7.11791,0,-78.3533,16.152,10,0.079,0.059,0.0918889
juelich_pilot_d30_r10_log_distance_s02_w1,juelich,12345,2,2,log-distance,45,46,veh8,veh3,10,10,0,265.187,1,7.11791,12.7445,-75.1487,18.9674,10,0.079,0.069,0.0918889
juelich_pilot_d30_r10_log_distance_s02_w1,juelich,12345,2,2,log-distance,45,46,veh8,veh4,10,0,1,988.316,0,7.11791,10.7345,nan,nan,0,0.079,0.108,0.0918889
juelich_pilot_d30_r10_log_distance_s02_w1,juelich,12345,2,2,log-distance,45,46,veh8,veh5,10,8,0.2,564.313,0,7.11791,7.4491,-81.7081,15.2682,8,0.079,0.099,0.0918889
juelich_pilot_d30_r10_log_distance_s02_w1,juelich,12345,2,2,log-distance,45,46,veh8,veh7,10,8,0.2,262.344,1,7.11791,11.1762,-75.0546,21.9217,8,0.079,0.089,0.0918889
juelich_pilot_d30_r10_log_distance_s02_w1,juelich,12345,2,2,log-distance,45,46,veh8,veh9,10,0,1,962.479,0,7.11791,8.61579,nan,nan,0,0.079,0.092,0.0918889
juelich_pilot_d30_r10_log_distance_s02_w1,juelich,12345,2,2,log-distance,45,46,veh9,veh0,10,10,0,528.828,0,8.61579,13.4345,-81.144,15.8323,10,0.092,0.121,0.0918889
juelich_pilot_d30_r10_log_distance_s02_w1,juelich,12345,2,2,log-distance,45,46,veh9,veh1,10,10,0,89.8685,1,8.61579,8.33504,-65.7498,31.2264,10,0.092,0.092,0.0918889
juelich_pilot_d30_r10_log_distance_s02_w1,juelich,12345,2,2,log-distance,45,46,veh9,veh10,10,10,0,190.067,1,8.61579,7.40421,-72.2558,24.7205,10,0.092,0.092,0.0918889
juelich_pilot_d30_r10_log_distance_s02_w1,juelich,12345,2,2,log-distance,45,46,veh9,veh11,10,10,0,56.2249,1,8.61579,7.32007,-61.6761,35.3002,10,0.092,0.092,0.0918889
juelich_pilot_d30_r10_log_distance_s02_w1,juelich,12345,2,2,log-distance,45,46,veh9,veh12,10,10,0,516.668,0,8.61579,8.23639,-80.9417,16.0346,10,0.092,0.092,0.0918889
juelich_pilot_d30_r10_log_distance_s02_w1,juelich,12345,2,2,log-distance,45,46,veh9,veh13,10,10,0,327.533,1,8.61579,7.56021,-76.9824,19.9938,10,0.092,0.121,0.0918889
juelich_pilot_d30_r10_log_distance_s02_w1,juelich,12345,2,2,log-distance,45,46,veh9,veh14,10,0,1,627.131,0,8.61579,14.9152,nan,nan,0,0.092,0.092,0.0918889
juelich_pilot_d30_r10_log_distance_s02_w1,juelich,12345,2,2,log-distance,45,46,veh9,veh15,10,0,1,929.633,0,8.61579,9.23158,nan,nan,0,0.092,0.086,0.0918889
juelich_pilot_d30_r10_log_distance_s02_w1,juelich,12345,2,2,log-distance,45,46,veh9,veh17,1,0,1,842.094,0,8.57022,0,nan,nan,0,0.092,0.11,0.0918889
juelich_pilot_d30_r10_log_distance_s02_w1,juelich,12345,2,2,log-distance,45,46,veh9,veh4,10,10,0,169.754,1,8.61579,10.7345,-71.274,25.7023,10,0.092,0.108,0.0918889
juelich_pilot_d30_r10_log_distance_s02_w1,juelich,12345,2,2,log-distance,45,46,veh9,veh5,10,0,1,851.869,0,8.61579,7.4491,nan,nan,0,0.092,0.099,0.0918889
juelich_pilot_d30_r10_log_distance_s02_w1,juelich,12345,2,2,log-distance,45,46,veh9,veh6,10,10,0,215.002,1,8.61579,7.02815,-73.3265,23.6497,10,0.092,0.092,0.0918889
juelich_pilot_d30_r10_log_distance_s02_w1,juelich,12345,2,2,log-distance,45,46,veh9,veh7,10,0,1,851.552,0,8.61579,11.1762,nan,nan,0,0.092,0.089,0.0918889
juelich_pilot_d30_r10_log_distance_s02_w1,juelich,12345,2,2,log-distance,45,46,veh9,veh8,10,0,1,962.479,0,8.61579,7.11791,nan,nan,0,0.092,0.079,0.0918889
juelich_pilot_d30_r10_log_distance_s02_w1,juelich,12345,2,2,log-distance,46,47,veh0,veh1,10,0,1,617.879,0,13.4457,8.31608,nan,nan,0,0.129,0.091,0.0977778
juelich_pilot_d30_r10_log_distance_s02_w1,juelich,12345,2,2,log-distance,46,47,veh0,veh10,10,10,0,478.336,1,13.4457,9.4911,-80.2723,16.7039,10,0.129,0.091,0.0977778
juelich_pilot_d30_r10_log_distance_s02_w1,juelich,12345,2,2,log-distance,46,47,veh0,veh11,10,0,1,587.15,0,13.4457,7.32272,nan,nan,0,0.129,0.091,0.0977778
juelich_pilot_d30_r10_log_distance_s02_w1,juelich,12345,2,2,log-distance,46,47,veh0,veh12,10,10,0,447.147,1,13.4457,8.61312,-79.6866,17.2897,10,0.129,0.091,0.0977778
juelich_pilot_d30_r10_log_distance_s02_w1,juelich,12345,2,2,log-distance,46,47,veh0,veh13,10,10,0,226.859,1,13.4457,7.5618,-73.7911,23.1851,10,0.129,0.129,0.0977778
juelich_pilot_d30_r10_log_distance_s02_w1,juelich,12345,2,2,log-distance,46,47,veh0,veh14,10,10,0,463.165,1,13.4457,14.965,-79.9924,16.9839,10,0.129,0.091,0.0977778
juelich_pilot_d30_r10_log_distance_s02_w1,juelich,12345,2,2,log-distance,46,47,veh0,veh15,10,10,0,484.804,1,13.4457,9.21209,-80.3888,16.5875,10,0.129,0.099,0.0977778
juelich_pilot_d30_r10_log_distance_s02_w1,juelich,12345,2,2,log-distance,46,47,veh0,veh17,10,0,1,612.218,0,13.4457,1.272,nan,nan,0,0.129,0.109,0.0977778
juelich_pilot_d30_r10_log_distance_s02_w1,juelich,12345,2,2,log-distance,46,47,veh0,veh4,10,10,0,379.665,1,13.4457,9.52904,-78.2657,18.7106,10,0.129,0.126,0.0977778
juelich_pilot_d30_r10_log_distance_s02_w1,juelich,12345,2,2,log-distance,46,47,veh0,veh5,10,10,0,526.924,0,13.4457,7.20929,-81.1127,15.8636,10,0.129,0.109,0.0977778
juelich_pilot_d30_r10_log_distance_s02_w1,juelich,12345,2,2,log-distance,46,47,veh0,veh6,10,10,0,456.5,1,13.4457,6.19684,-79.8665,17.1098,10,0.129,0.091,0.0977778
juelich_pilot_d30_r10_log_distance_s02_w1,juelich,12345,2,2,log-distance,46,47,veh0,veh7,10,0,1,708.036,0,13.4457,11.1857,nan,nan,0,0.129,0.106,0.0977778
juelich_pilot_d30_r10_log_distance_s02_w1,juelich,12345,2,2,log-distance,46,47,veh0,veh8,10,0,1,948.929,0,13.4457,7.14123,nan,nan,0,0.129,0.089,0.0977778
juelich_pilot_d30_r10_log_distance_s02_w1,juelich,12345,2,2,log-distance,46,47,veh0,veh9,10,10,0,533.31,0,13.4457,8.62412,-81.2173,15.759,10,0.129,0.091,0.0977778
juelich_pilot_d30_r10_log_distance_s02_w1,juelich,12345,2,2,log-distance,46,47,veh1,veh0,10,0,1,617.879,0,8.31608,13.4457,nan,nan,0,0.091,0.129,0.0977778
juelich_pilot_d30_r10_log_distance_s02_w1,juelich,12345,2,2,log-distance,46,47,veh1,veh10,10,10,0,264.676,1,8.31608,9.4911,-75.132,21.8443,10,0.091,0.091,0.0977778
juelich_pilot_d30_r10_log_distance_s02_w1,juelich,12345,2,2,log-distance,46,47,veh1,veh11,10,10,0,32.6504,1,8.31608,7.32272,-56.9551,40.0212,10,0.091,0.091,0.0977778
juelich_pilot_d30_r10_log_distance_s02_w1,juelich,12345,2,2,log-distance,46,47,veh1,veh12,10,5,0.5,583.794,0,8.31608,8.61312,-81.9543,15.0219,5,0.091,0.091,0.0977778
juelich_pilot_d30_r10_log_distance_s02_w1,juelich,12345,2,2,log-distance,46,47,veh1,veh13,10,10,0,405.992,1,8.31608,7.5618,-78.8478,18.1284,10,0.091,0.129,0.0977778
juelich_pilot_d30_r10_log_distance_s02_w1,juelich,12345,2,2,log-distance,46,47,veh1,veh14,10,0,1,689.687,0,8.31608,14.965,nan,nan,0,0.091,0.091,0.0977778
juelich_pilot_d30_r10_log_distance_s02_w1,juelich,12345,2,2,log-distance,46,47,veh1,veh15,10,0,1,981.922,0,8.31608,9.21209,nan,nan,0,0.091,0.099,0.0977778
juelich_pilot_d30_r10_log_distance_s02_w1,juelich,12345,2,2,log-distance,46,47,veh1,veh17,10,0,1,876.924,0,8.31608,1.272,nan,nan,0,0.091,0.109,0.0977778
juelich_pilot_d30_r10_log_distance_s02_w1,juelich,12345,2,2,log-distance,46,47,veh1,veh4,10,10,0,260.095,1,8.31608,9.52904,-74.9803,21.996,10,0.091,0.126,0.0977778
juelich_pilot_d30_r10_log_distance_s02_w1,juelich,12345,2,2,log-distance,46,47,veh1,veh5,10,0,1,893.276,0,8.31608,7.20929,nan,nan,0,0.091,0.109,0.0977778
juelich_pilot_d30_r10_log_distance_s02_w1,juelich,12345,2,2,log-distance,46,47,veh1,veh6,10,10,0,289.276,1,8.31608,6.19684,-75.9037,21.0726,10,0.091,0.091,0.0977778
juelich_pilot_d30_r10_log_distance_s02_w1,juelich,12345,2,2,log-distance,46,47,veh1,veh7,10,0,1,860.733,0,8.31608,11.1857,nan,nan,0,0.091,0.106,0.0977778
juelich_pilot_d30_r10_log_distance_s02_w1,juelich,12345,2,2,log-distance,46,47,veh1,veh8,10,0,1,957.501,0,8.31608,7.14123,nan,nan,0,0.091,0.089,0.0977778
juelich_pilot_d30_r10_log_distance_s02_w1,juelich,12345,2,2,log-distance,46,47,veh1,veh9,10,10,0,90.1646,1,8.31608,8.62412,-65.7784,31.1979,10,0.091,0.091,0.0977778
juelich_pilot_d30_r10_log_distance_s02_w1,juelich,12345,2,2,log-distance,46,47,veh10,veh0,10,10,0,478.336,1,9.4911,13.4457,-80.2723,16.7039,10,0.091,0.129,0.0977778
juelich_pilot_d30_r10_log_distance_s02_w1,juelich,12345,2,2,log-distance,46,47,veh10,veh1,10,10,0,264.676,1,9.4911,8.31608,-75.132,21.8443,10,0.091,0.091,0.0977778
juelich_pilot_d30_r10_log_distance_s02_w1,juelich,12345,2,2,log-distance,46,47,veh10,veh11,10,10,0,236.278,1,9.4911,7.32272,-74.1461,22.8301,10,0.091,0.091,0.0977778
juelich_pilot_d30_r10_log_distance_s02_w1,juelich,12345,2,2,log-distance,46,47,veh10,veh12,10,10,0,319.988,1,9.4911,8.61312,-76.7797,20.1966,10,0.091,0.091,0.0977778
juelich_pilot_d30_r10_log_distance_s02_w1,juelich,12345,2,2,log-distance,46,47,veh10,veh13,10,10,0,254.765,1,9.4911,7.5618,-74.7997,22.1766,10,0.091,0.129,0.0977778
juelich_pilot_d30_r10_log_distance_s02_w1,juelich,12345,2,2,log-distance,46,47,veh10,veh14,10,10,0,427.348,1,9.4911,14.965,-79.2924,17.6839,10,0.091,0.091,0.0977778
juelich_pilot_d30_r10_log_distance_s02_w1,juelich,12345,2,2,log-distance,46,47,veh10,veh15,10,0,1,928.804,0,9.4911,9.21209,nan,nan,0,0.091,0.099,0.0977778
juelich_pilot_d30_r10_log_distance_s02_w1,juelich,12345,2,2,log-distance,46,47,veh10,veh17,10,0,1,921.639,0,9.4911,1.272,nan,nan,0,0.091,0.109,0.0977778
juelich_pilot_d30_r10_log_distance_s02_w1,juelich,12345,2,2,log-distance,46,47,veh10,veh4,10,10,0,130.526,1,9.4911,9.52904,-68.9908,27.9855,10,0.091,0.126,0.0977778
juelich_pilot_d30_r10_log_distance_s02_w1,juelich,12345,2,2,log-distance,46,47,veh10,veh5,10,0,1,896.581,0,9.4911,7.20929,nan,nan,0,0.091,0.109,0.0977778
juelich_pilot_d30_r10_log_distance_s02_w1,juelich,12345,2,2,log-distance,46,47,veh10,veh6,10,10,0,28.5792,1,9.4911,6.19684,-55.7798,41.1965,10,0.091,0.091,0.0977778
juelich_pilot_d30_r10_log_distance_s02_w1,juelich,12345,2,2,log-distance,46,47,veh10,veh7,10,0,1,948.65,0,9.4911,11.1857,nan,nan,0,0.091,0.106,0.0977778
juelich_pilot_d30_r10_log_distance_s02_w1,juelich,12345,2,2,log-distance,46,47,veh10,veh9,10,10,0,190.074,1,9.4911,8.62412,-72.2562,24.7201,10,0.091,0.091,0.0977778
juelich_pilot_d30_r10_log_distance_s02_w1,juelich,12345,2,2,log-distance,46,47,veh11,veh0,10,0,1,587.15,0,7.32272,13.4457,nan,nan,0,0.091,0.129,0.0977778
juelich_pilot_d30_r10_log_distance_s02_w1,juelich,12345,2,2,log-distance,46,47,veh11,veh1,10,10,0,32.6504,1,7.32272,8.31608,-56.9551,40.0212,10,0.091,0.091,0.0977778
juelich_pilot_d30_r10_log_distance_s02_w1,juelich,12345,2,2,log-distance,46,47,veh11,veh10,10,10,0,236.278,1,7.32272,9.4911,-74.1461,22.8301,10,0.091,0.091,0.0977778
juelich_pilot_d30_r10_log_distance_s02_w1,juelich,12345,2,2,log-distance,46,47,veh11,veh12,10,10,0,554.209,0,7.32272,8.61312,-81.551,15.4253,10,0.091,0.091,0.0977778
juelich_pilot_d30_r10_log_distance_s02_w1,juelich,12345,2,2,log-distance,46,47,veh11,veh13,10,10,0,373.876,1,7.32272,7.5618,-78.1321,18.8442,10,0.091,0.129,0.0977778
juelich_pilot_d30_r10_log_distance_s02_w1,juelich,12345,2,2,log-distance,46,47,veh11,veh14,10,0,1,659.481,0,7.32272,14.965,nan,nan,0,0.091,0.091,0.0977778
juelich_pilot_d30_r10_log_distance_s02_w1,juelich,12345,2,2,log-distance,46,47,veh11,veh15,10,0,1,958.283,0,7.32272,9.21209,nan,nan,0,0.091,0.099,0.0977778
juelich_pilot_d30_r10_log_distance_s02_w1,juelich,12345,2,2,log-distance,46,47,veh11,veh17,10,0,1,862.852,0,7.32272,1.272,nan,nan,0,0.091,0.109,0.0977778
juelich_pilot_d30_r10_log_distance_s02_w1,juelich,12345,2,2,log-distance,46,47,veh11,veh4,10,10,0,227.452,1,7.32272,9.52904,-73.8155,23.1608,10,0.091,0.126,0.0977778
juelich_pilot_d30_r10_log_distance_s02_w1,juelich,12345,2,2,log-distance,46,47,veh11,veh5,10,0,1,874.685,0,7.32272,7.20929,nan,nan,0,0.091,0.109,0.0977778
juelich_pilot_d30_r10_log_distance_s02_w1,juelich,12345,2,2,log-distance,46,47,veh11,veh6,10,10,0,259.994,1,7.32272,6.19684,-74.9767,21.9996,10,0.091,0.091,0.0977778
juelich_pilot_d30_r10_log_distance_s02_w1,juelich,12345,2,2,log-distance,46,47,veh11,veh7,10,0,1,852.03,0,7.32272,11.1857,nan,nan,0,0.091,0.106,0.0977778
juelich_pilot_d30_r10_log_distance_s02_w1,juelich,12345,2,2,log-distance,46,47,veh11,veh8,10,0,1,957.813,0,7.32272,7.14123,nan,nan,0,0.091,0.089,0.0977778
juelich_pilot_d30_r10_log_distance_s02_w1,juelich,12345,2,2,log-distance,46,47,veh11,veh9,10,10,0,57.5158,1,7.32272,8.62412,-61.8733,35.103,10,0.091,0.091,0.0977778
juelich_pilot_d30_r10_log_distance_s02_w1,juelich,12345,2,2,log-distance,46,47,veh12,veh0,10,0,1,447.147,1,8.61312,13.4457,nan,nan,0,0.091,0.129,0.0977778
juelich_pilot_d30_r10_log_distance_s02_w1,juelich,12345,2,2,log-distance,46,47,veh12,veh1,10,0,1,583.794,0,8.61312,8.31608,nan,nan,0,0.091,0.091,0.0977778
juelich_pilot_d30_r10_log_distance_s02_w1,juelich,12345,2,2,log-distance,46,47,veh12,veh10,10,0,1,319.988,1,8.61312,9.4911,nan,nan,0,0.091,0.091,0.0977778
juelich_pilot_d30_r10_log_distance_s02_w1,juelich,12345,2,2,log-distance,46,47,veh12,veh11,10,0,1,554.209,0,8.61312,7.32272,nan,nan,0,0.091,0.091,0.0977778
juelich_pilot_d30_r10_log_distance_s02_w1,juelich,12345,2,2,log-distance,46,47,veh12,veh13,10,0,1,337.662,1,8.61312,7.5618,nan,nan,0,0.091,0.129,0.0977778
juelich_pilot_d30_r10_log_distance_s02_w1,juelich,12345,2,2,log-distance,46,47,veh12,veh14,10,10,0,109.644,1,8.61312,14.965,-67.4739,11.2927,10,0.091,0.091,0.0977778
juelich_pilot_d30_r10_log_distance_s02_w1,juelich,12345,2,2,log-distance,46,47,veh12,veh15,10,0,1,928.66,0,8.61312,9.21209,nan,nan,0,0.091,0.099,0.0977778
juelich_pilot_d30_r10_log_distance_s02_w1,juelich,12345,2,2,log-distance,46,47,veh12,veh4,10,0,1,366.096,1,8.61312,9.52904,nan,nan,0,0.091,0.126,0.0977778
juelich_pilot_d30_r10_log_distance_s02_w1,juelich,12345,2,2,log-distance,46,47,veh12,veh5,10,0,1,967.247,0,8.61312,7.20929,nan,nan,0,0.091,0.109,0.0977778
juelich_pilot_d30_r10_log_distance_s02_w1,juelich,12345,2,2,log-distance,46,47,veh12,veh6,10,0,1,294.535,1,8.61312,6.19684,nan,nan,0,0.091,0.091,0.0977778
juelich_pilot_d30_r10_log_distance_s02_w1,juelich,12345,2,2,log-distance,46,47,veh12,veh9,10,0,1,503.356,0,8.61312,8.62412,nan,nan,0,0.091,0.091,0.0977778
juelich_pilot_d30_r10_log_distance_s02_w1,juelich,12345,2,2,log-distance,46,47,veh13,veh0,10,10,0,226.859,1,7.5618,13.4457,-73.7911,5.81518,10,0.129,0.129,0.0977778
juelich_pilot_d30_r10_log_distance_s02_w1,juelich,12345,2,2,log-distance,46,47,veh13,veh1,10,0,1,405.992,1,7.5618,8.31608,nan,nan,0,0.129,0.091,0.0977778
juelich_pilot_d30_r10_log_distance_s02_w1,juelich,12345,2,2,log-distance,46,47,veh13,veh10,10,0,1,254.765,1,7.5618,9.4911,nan,nan,0,0.129,0.091,0.0977778
juelich_pilot_d30_r10_log_distance_s02_w1,juelich,12345,2,2,log-distance,46,47,veh13,veh11,10,0,1,373.876,1,7.5618,7.32272,nan,nan,0,0.129,0.091,0.0977778
juelich_pilot_d30_r10_log_distance_s02_w1,juelich,12345,2,2,log-distance,46,47,veh13,veh12,10,0,1,337.662,1,7.5618,8.61312,nan,nan,0,0.129,0.091,0.0977778
juelich_pilot_d30_r10_log_distance_s02_w1,juelich,12345,2,2,log-distance,46,47,veh13,veh14,10,0,1,405.294,1,7.5618,14.965,nan,nan,0,0.129,0.091,0.0977778
juelich_pilot_d30_r10_log_distance_s02_w1,juelich,12345,2,2,log-distance,46,47,veh13,veh15,10,0,1,678.472,0,7.5618,9.21209,nan,nan,0,0.129,0.099,0.0977778
juelich_pilot_d30_r10_log_distance_s02_w1,juelich,12345,2,2,log-distance,46,47,veh13,veh17,10,0,1,714.691,0,7.5618,1.272,nan,nan,0,0.129,0.109,0.0977778
juelich_pilot_d30_r10_log_distance_s02_w1,juelich,12345,2,2,log-distance,46,47,veh13,veh4,10,10,0,154.483,1,7.5618,9.52904,-70.4534,7.44203,10,0.129,0.126,0.0977778
juelich_pilot_d30_r10_log_distance_s02_w1,juelich,12345,2,2,log-distance,46,47,veh13,veh5,10,0,1,667.233,0,7.5618,7.20929,nan,nan,0,0.129,0.109,0.0977778
juelich_pilot_d30_r10_log_distance_s02_w1,juelich,12345,2,2,log-distance,46,47,veh13,veh6,10,0,1,235.552,1,7.5618,6.19684,nan,nan,0,0.129,0.091,0.0977778
juelich_pilot_d30_r10_log_distance_s02_w1,juelich,12345,2,2,log-distance,46,47,veh13,veh7,10,0,1,770.872,0,7.5618,11.1857,nan,nan,0,0.129,0.106,0.0977778
juelich_pilot_d30_r10_log_distance_s02_w1,juelich,12345,2,2,log-distance,46,47,veh13,veh8,10,0,1,970.317,0,7.5618,7.14123,nan,nan,0,0.129,0.089,0.0977778
juelich_pilot_d30_r10_log_distance_s02_w1,juelich,12345,2,2,log-distance,46,47,veh13,veh9,10,0,1,317.415,1,7.5618,8.62412,nan,nan,0,0.129,0.091,0.0977778
juelich_pilot_d30_r10_log_distance_s02_w1,juelich,12345,2,2,log-distance,46,47,veh14,veh0,10,10,0,463.165,1,14.965,13.4457,-79.9924,16.9839,10,0.091,0.129,0.0977778
juelich_pilot_d30_r10_log_distance_s02_w1,juelich,12345,2,2,log-distance,46,47,veh14,veh1,10,0,1,689.687,0,14.965,8.31608,nan,nan,0,0.091,0.091,0.0977778
juelich_pilot_d30_r10_log_distance_s02_w1,juelich,12345,2,2,log-distance,46,47,veh14,veh10,10,10,0,427.348,1,14.965,9.4911,-79.2924,17.6839,10,0.091,0.091,0.0977778
juelich_pilot_d30_r10_log_distance_s02_w1,juelich,12345,2,2,log-distance,46,47,veh14,veh11,10,0,1,659.481,0,14.965,7.32272,nan,nan,0,0.091,0.091,0.0977778
juelich_pilot_d30_r10_log_distance_s02_w1,juelich,12345,2,2,log-distance,46,47,veh14,veh12,10,10,0,109.644,1,14.965,8.61312,-67.4739,29.5024,10,0.091,0.091,0.0977778
juelich_pilot_d30_r10_log_distance_s02_w1,juelich,12345,2,2,log-distance,46,47,veh14,veh13,10,10,0,405.294,1,14.965,7.5618,-78.8328,18.1435,10,0.091,0.129,0.0977778
juelich_pilot_d30_r10_log_distance_s02_w1,juelich,12345,2,2,log-distance,46,47,veh14,veh15,10,0,1,928.423,0,14.965,9.21209,nan,nan,0,0.091,0.099,0.0977778
juelich_pilot_d30_r10_log_distance_s02_w1,juelich,12345,2,2,log-distance,46,47,veh14,veh4,10,10,0,461.104,1,14.965,9.52904,-79.9535,17.0228,10,0.091,0.126,0.0977778
juelich_pilot_d30_r10_log_distance_s02_w1,juelich,12345,2,2,log-distance,46,47,veh14,veh5,10,0,1,989.987,0,14.965,7.20929,nan,nan,0,0.091,0.109,0.0977778
juelich_pilot_d30_r10_log_distance_s02_w1,juelich,12345,2,2,log-distance,46,47,veh14,veh6,10,10,0,401.101,1,14.965,6.19684,-78.7424,18.2339,10,0.091,0.091,0.0977778
juelich_pilot_d30_r10_log_distance_s02_w1,juelich,12345,2,2,log-distance,46,47,veh14,veh9,10,0,1,607.191,0,14.965,8.62412,nan,nan,0,0.091,0.091,0.0977778
juelich_pilot_d30_r10_log_distance_s02_w1,juelich,12345,2,2,log-distance,46,47,veh15,veh0,10,10,0,484.804,1,9.21209,13.4457,-80.3888,16.5875,10,0.099,0.129,0.0977778
juelich_pilot_d30_r10_log_distance_s02_w1,juelich,12345,2,2,log-distance,46,47,veh15,veh1,10,0,1,981.922,0,9.21209,8.31608,nan,nan,0,0.099,0.091,0.0977778
juelich_pilot_d30_r10_log_distance_s02_w1,juelich,12345,2,2,log-distance,46,47,veh15,veh10,10,0,1,928.804,0,9.21209,9.4911,nan,nan,0,0.099,0.091,0.0977778
juelich_pilot_d30_r10_log_distance_s02_w1,juelich,12345,2,2,log-distance,46,47,veh15,veh11,10,0,1,958.283,0,9.21209,7.32272,nan,nan,0,0.099,0.091,0.0977778
juelich_pilot_d30_r10_log_distance_s02_w1,juelich,12345,2,2,log-distance,46,47,veh15,veh12,10,0,1,928.66,0,9.21209,8.61312,nan,nan,0,0.099,0.091,0.0977778
juelich_pilot_d30_r10_log_distance_s02_w1,juelich,12345,2,2,log-distance,46,47,veh15,veh13,10,0,1,678.472,0,9.21209,7.5618,nan,nan,0,0.099,0.129,0.0977778
juelich_pilot_d30_r10_log_distance_s02_w1,juelich,12345,2,2,log-distance,46,47,veh15,veh14,10,0,1,928.423,0,9.21209,14.965,nan,nan,0,0.099,0.091,0.0977778
juelich_pilot_d30_r10_log_distance_s02_w1,juelich,12345,2,2,log-distance,46,47,veh15,veh16,10,0,1,630.301,0,9.21209,6.75551,nan,nan,0,0.099,0.079,0.0977778
juelich_pilot_d30_r10_log_distance_s02_w1,juelich,12345,2,2,log-distance,46,47,veh15,veh17,10,10,0,347.307,1,9.21209,1.272,-77.4919,19.4843,10,0.099,0.109,0.0977778
juelich_pilot_d30_r10_log_distance_s02_w1,juelich,12345,2,2,log-distance,46,47,veh15,veh2,10,0,1,987.633,0,9.21209,0,nan,nan,0,0.099,0.069,0.0977778
juelich_pilot_d30_r10_log_distance_s02_w1,juelich,12345,2,2,log-distance,46,47,veh15,veh3,10,0,1,807.141,0,9.21209,12.7496,nan,nan,0,0.099,0.079,0.0977778
juelich_pilot_d30_r10_log_distance_s02_w1,juelich,12345,2,2,log-distance,46,47,veh15,veh4,10,0,1,807.405,0,9.21209,9.52904,nan,nan,0,0.099,0.126,0.0977778
juelich_pilot_d30_r10_log_distance_s02_w1,juelich,12345,2,2,log-distance,46,47,veh15,veh5,10,10,0,207.18,1,9.21209,7.20929,-73.0039,23.9724,10,0.099,0.109,0.0977778
juelich_pilot_d30_r10_log_distance_s02_w1,juelich,12345,2,2,log-distance,46,47,veh15,veh6,10,0,1,912.479,0,9.21209,6.19684,nan,nan,0,0.099,0.091,0.0977778
juelich_pilot_d30_r10_log_distance_s02_w1,juelich,12345,2,2,log-distance,46,47,veh15,veh7,10,10,0,499.141,1,9.21209,11.1857,-80.6422,16.3341,10,0.099,0.106,0.0977778
juelich_pilot_d30_r10_log_distance_s02_w1,juelich,12345,2,2,log-distance,46,47,veh15,veh8,10,0,1,767.745,0,9.21209,7.14123,nan,nan,0,0.099,0.089,0.0977778
juelich_pilot_d30_r10_log_distance_s02_w1,juelich,12345,2,2,log-distance,46,47,veh15,veh9,10,0,1,917.477,0,9.21209,8.62412,nan,nan,0,0.099,0.091,0.0977778
juelich_pilot_d30_r10_log_distance_s02_w1,juelich,12345,2,2,log-distance,46,47,veh16,veh15,10,0,1,630.301,0,6.75551,9.21209,nan,nan,0,0.079,0.099,0.0977778
juelich_pilot_d30_r10_log_distance_s02_w1,juelich,12345,2,2,log-distance,46,47,veh16,veh17,10,10,0,576.522,0,6.75551,1.272,-81.894,15.0823,10,0.079,0.109,0.0977778
juelich_pilot_d30_r10_log_distance_s02_w1,juelich,12345,2,2,log-distance,46,47,veh16,veh2,10,0,1,661.306,0,6.75551,0,nan,nan,0,0.079,0.069,0.0977778
juelich_pilot_d30_r10_log_distance_s02_w1,juelich,12345,2,2,log-distance,46,47,veh16,veh3,10,10,0,555.608,0,6.75551,12.7496,-81.573,15.4033,10,0.079,0.079,0.0977778
juelich_pilot_d30_r10_log_distance_s02_w1,juelich,12345,2,2,log-distance,46,47,veh16,veh5,10,0,1,586.147,0,6.75551,7.20929,nan,nan,0,0.079,0.109,0.0977778
juelich_pilot_d30_r10_log_distance_s02_w1,juelich,12345,2,2,log-distance,46,47,veh16,veh7,10,0,1,626.198,0,6.75551,11.1857,nan,nan,0,0.079,0.106,0.0977778
juelich_pilot_d30_r10_log_distance_s02_w1,juelich,12345,2,2,log-distance,46,47,veh16,veh8,10,0,1,733.001,0,6.75551,7.14123,nan,nan,0,0.079,0.089,0.0977778
juelich_pilot_d30_r10_log_distance_s02_w1,juelich,12345,2,2,log-distance,46,47,veh17,veh0,10,0,1,612.218,0,1.272,13.4457,nan,nan,0,0.109,0.129,0.0977778
juelich_pilot_d30_r10_log_distance_s02_w1,juelich,12345,2,2,log-distance,46,47,veh17,veh1,10,0,1,876.924,0,1.272,8.31608,nan,nan,0,0.109,0.091,0.0977778
juelich_pilot_d30_r10_log_distance_s02_w1,juelich,12345,2,2,log-distance,46,47,veh17,veh10,10,0,1,921.639,0,1.272,9.4911,nan,nan,0,0.109,0.091,0.0977778
juelich_pilot_d30_r10_log_distance_s02_w1,juelich,12345,2,2,log-distance,46,47,veh17,veh11,10,0,1,862.852,0,1.272,7.32272,nan,nan,0,0.109,0.091,0.0977778
juelich_pilot_d30_r10_log_distance_s02_w1,juelich,12345,2,2,log-distance,46,47,veh17,veh13,10,0,1,714.691,0,1.272,7.5618,nan,nan,0,0.109,0.129,0.0977778
juelich_pilot_d30_r10_log_distance_s02_w1,juelich,12345,2,2,log-distance,46,47,veh17,veh15,10,9,0.1,347.307,1,1.272,9.21209,-77.4951,19.4812,9,0.109,0.099,0.0977778
juelich_pilot_d30_r10_log_distance_s02_w1,juelich,12345,2,2,log-distance,46,47,veh17,veh16,10,9,0.1,576.522,0,1.272,6.75551,-81.8903,15.086,9,0.109,0.079,0.0977778
juelich_pilot_d30_r10_log_distance_s02_w1,juelich,12345,2,2,log-distance,46,47,veh17,veh2,10,0,1,683.777,0,1.272,0,nan,nan,0,0.109,0.069,0.0977778
juelich_pilot_d30_r10_log_distance_s02_w1,juelich,12345,2,2,log-distance,46,47,veh17,veh3,10,9,0.1,500.8,0,1.272,12.7496,-80.6605,16.3158,9,0.109,0.079,0.0977778
juelich_pilot_d30_r10_log_distance_s02_w1,juelich,12345,2,2,log-distance,46,47,veh17,veh4,10,0,1,791.181,0,1.272,9.52904,nan,nan,0,0.109,0.126,0.0977778
juelich_pilot_d30_r10_log_distance_s02_w1,juelich,12345,2,2,log-distance,46,47,veh17,veh5,10,9,0.1,141.008,1,1.272,7.20929,-69.6391,27.3372,9,0.109,0.109,0.0977778
juelich_pilot_d30_r10_log_distance_s02_w1,juelich,12345,2,2,log-distance,46,47,veh17,veh6,10,0,1,915.152,0,1.272,6.19684,nan,nan,0,0.109,0.091,0.0977778
juelich_pilot_d30_r10_log_distance_s02_w1,juelich,12345,2,2,log-distance,46,47,veh17,veh7,10,10,0,152.129,1,1.272,11.1857,-70.3219,24.5666,10,0.109,0.106,0.0977778
juelich_pilot_d30_r10_log_distance_s02_w1,juelich,12345,2,2,log-distance,46,47,veh17,veh8,10,9,0.1,421.098,1,1.272,7.14123,-79.1706,17.8056,9,0.109,0.089,0.0977778
juelich_pilot_d30_r10_log_distance_s02_w1,juelich,12345,2,2,log-distance,46,47,veh17,veh9,10,0,1,839.926,0,1.272,8.62412,nan,nan,0,0.109,0.091,0.0977778
juelich_pilot_d30_r10_log_distance_s02_w1,juelich,12345,2,2,log-distance,46,47,veh2,veh15,10,0,1,987.633,0,0,9.21209,nan,nan,0,0.069,0.099,0.0977778
juelich_pilot_d30_r10_log_distance_s02_w1,juelich,12345,2,2,log-distance,46,47,veh2,veh16,10,0,1,661.306,0,0,6.75551,nan,nan,0,0.069,0.079,0.0977778
juelich_pilot_d30_r10_log_distance_s02_w1,juelich,12345,2,2,log-distance,46,47,veh2,veh17,10,0,1,683.777,0,0,1.272,nan,nan,0,0.069,0.109,0.0977778
juelich_pilot_d30_r10_log_distance_s02_w1,juelich,12345,2,2,log-distance,46,47,veh2,veh3,10,10,0,183.271,1,0,12.7496,-71.9378,17.6625,10,0.069,0.079,0.0977778
juelich_pilot_d30_r10_log_distance_s02_w1,juelich,12345,2,2,log-distance,46,47,veh2,veh5,10,0,1,808.506,0,0,7.20929,nan,nan,0,0.069,0.109,0.0977778
juelich_pilot_d30_r10_log_distance_s02_w1,juelich,12345,2,2,log-distance,46,47,veh2,veh7,10,10,0,574.471,0,0,11.1857,-81.8629,5.53275,10,0.069,0.106,0.0977778
juelich_pilot_d30_r10_log_distance_s02_w1,juelich,12345,2,2,log-distance,46,47,veh2,veh8,10,10,0,386.521,1,0,7.14123,-78.4211,10.2832,10,0.069,0.089,0.0977778
juelich_pilot_d30_r10_log_distance_s02_w1,juelich,12345,2,2,log-distance,46,47,veh3,veh15,10,0,1,807.141,0,12.7496,9.21209,nan,nan,0,0.079,0.099,0.0977778
juelich_pilot_d30_r10_log_distance_s02_w1,juelich,12345,2,2,log-distance,46,47,veh3,veh16,10,10,0,555.608,0,12.7496,6.75551,-81.573,15.4033,10,0.079,0.079,0.0977778
juelich_pilot_d30_r10_log_distance_s02_w1,juelich,12345,2,2,log-distance,46,47,veh3,veh17,10,10,0,500.8,0,12.7496,1.272,-80.6708,16.3055,10,0.079,0.109,0.0977778
juelich_pilot_d30_r10_log_distance_s02_w1,juelich,12345,2,2,log-distance,46,47,veh3,veh2,10,10,0,183.271,1,12.7496,0,-71.9378,25.0385,10,0.079,0.069,0.0977778
juelich_pilot_d30_r10_log_distance_s02_w1,juelich,12345,2,2,log-distance,46,47,veh3,veh5,10,0,1,625.437,0,12.7496,7.20929,nan,nan,0,0.079,0.109,0.0977778
juelich_pilot_d30_r10_log_distance_s02_w1,juelich,12345,2,2,log-distance,46,47,veh3,veh7,10,10,0,397.451,1,12.7496,11.1857,-78.6634,18.3129,10,0.079,0.106,0.0977778
juelich_pilot_d30_r10_log_distance_s02_w1,juelich,12345,2,2,log-distance,46,47,veh3,veh8,10,10,0,262.787,1,12.7496,7.14123,-75.0696,21.9066,10,0.079,0.089,0.0977778
juelich_pilot_d30_r10_log_distance_s02_w1,juelich,12345,2,2,log-distance,46,47,veh4,veh0,10,10,0,379.665,1,9.52904,13.4457,-78.2657,18.7106,10,0.126,0.129,0.0977778
juelich_pilot_d30_r10_log_distance_s02_w1,juelich,12345,2,2,log-distance,46,47,veh4,veh1,10,10,0,260.095,1,9.52904,8.31608,-74.9803,21.996,10,0.126,0.091,0.0977778
juelich_pilot_d30_r10_log_distance_s02_w1,juelich,12345,2,2,log-distance,46,47,veh4,veh10,10,10,0,130.526,1,9.52904,9.4911,-68.9908,27.9855,10,0.126,0.091,0.0977778
juelich_pilot_d30_r10_log_distance_s02_w1,juelich,12345,2,2,log-distance,46,47,veh4,veh11,10,10,0,227.452,1,9.52904,7.32272,-73.8155,23.1608,10,0.126,0.091,0.0977778
juelich_pilot_d30_r10_log_distance_s02_w1,juelich,12345,2,2,log-distance,46,47,veh4,veh12,10,10,0,366.096,1,9.52904,8.61312,-77.9495,19.0268,10,0.126,0.091,0.0977778
juelich_pilot_d30_r10_log_distance_s02_w1,juelich,12345,2,2,log-distance,46,47,veh4,veh13,10,10,0,154.483,1,9.52904,7.5618,-70.4534,26.5228,10,0.126,0.129,0.0977778
juelich_pilot_d30_r10_log_distance_s02_w1,juelich,12345,2,2,log-distance,46,47,veh4,veh14,10,10,0,461.104,1,9.52904,14.965,-79.9535,17.0228,10,0.126,0.091,0.0977778
juelich_pilot_d30_r10_log_distance_s02_w1,juelich,12345,2,2,log-distance,46,47,veh4,veh15,10,0,1,807.405,0,9.52904,9.21209,nan,nan,0,0.126,0.099,0.0977778
juelich_pilot_d30_r10_log_distance_s02_w1,juelich,12345,2,2,log-distance,46,47,veh4,veh17,10,0,1,791.181,0,9.52904,1.272,nan,nan,0,0.126,0.109,0.0977778
juelich_pilot_d30_r10_log_distance_s02_w1,juelich,12345,2,2,log-distance,46,47,veh4,veh5,10,0,1,767.24,0,9.52904,7.20929,nan,nan,0,0.126,0.109,0.0977778
juelich_pilot_d30_r10_log_distance_s02_w1,juelich,12345,2,2,log-distance,46,47,veh4,veh6,10,10,0,125.873,1,9.52904,6.19684,-68.6762,28.3001,10,0.126,0.091,0.0977778
juelich_pilot_d30_r10_log_distance_s02_w1,juelich,12345,2,2,log-distance,46,47,veh4,veh7,10,0,1,820.809,0,9.52904,11.1857,nan,nan,0,0.126,0.106,0.0977778
juelich_pilot_d30_r10_log_distance_s02_w1,juelich,12345,2,2,log-distance,46,47,veh4,veh8,10,0,1,985.876,0,9.52904,7.14123,nan,nan,0,0.126,0.089,0.0977778
juelich_pilot_d30_r10_log_distance_s02_w1,juelich,12345,2,2,log-distance,46,47,veh4,veh9,10,10,0,169.942,1,9.52904,8.62412,-71.2836,25.6927,10,0.126,0.091,0.0977778
juelich_pilot_d30_r10_log_distance_s02_w1,juelich,12345,2,2,log-distance,46,47,veh5,veh0,10,9,0.1,526.924,0,7.20929,13.4457,-81.1143,15.862,9,0.109,0.129,0.0977778
juelich_pilot_d30_r10_log_distance_s02_w1,juelich,12345,2,2,log-distance,46,47,veh5,veh1,10,0,1,893.276,0,7.20929,8.31608,nan,nan,0,0.109,0.091,0.0977778
juelich_pilot_d30_r10_log_distance_s02_w1,juelich,12345,2,2,log-distance,46,47,veh5,veh10,10,0,1,896.581,0,7.20929,9.4911,nan,nan,0,0.109,0.091,0.0977778
juelich_pilot_d30_r10_log_distance_s02_w1,juelich,12345,2,2,log-distance,46,47,veh5,veh11,10,0,1,874.685,0,7.20929,7.32272,nan,nan,0,0.109,0.091,0.0977778
juelich_pilot_d30_r10_log_distance_s02_w1,juelich,12345,2,2,log-distance,46,47,veh5,veh12,10,0,1,967.247,0,7.20929,8.61312,nan,nan,0,0.109,0.091,0.0977778
juelich_pilot_d30_r10_log_distance_s02_w1,juelich,12345,2,2,log-distance,46,47,veh5,veh13,10,0,1,667.233,0,7.20929,7.5618,nan,nan,0,0.109,0.129,0.0977778
juelich_pilot_d30_r10_log_distance_s02_w1,juelich,12345,2,2,log-distance,46,47,veh5,veh14,10,0,1,989.987,0,7.20929,14.965,nan,nan,0,0.109,0.091,0.0977778
juelich_pilot_d30_r10_log_distance_s02_w1,juelich,12345,2,2,log-distance,46,47,veh5,veh15,10,10,0,207.18,1,7.20929,9.21209,-73.0039,22.0163,10,0.109,0.099,0.0977778
juelich_pilot_d30_r10_log_distance_s02_w1,juelich,12345,2,2,log-distance,46,47,veh5,veh16,10,0,1,586.147,0,7.20929,6.75551,nan,nan,0,0.109,0.079,0.0977778
juelich_pilot_d30_r10_log_distance_s02_w1,juelich,12345,2,2,log-distance,46,47,veh5,veh17,10,9,0.1,141.008,1,7.20929,1.272,-69.6391,27.3372,9,0.109,0.109,0.0977778
juelich_pilot_d30_r10_log_distance_s02_w1,juelich,12345,2,2,log-distance,46,47,veh5,veh2,10,0,1,808.506,0,7.20929,0,nan,nan,0,0.109,0.069,0.0977778
juelich_pilot_d30_r10_log_distance_s02_w1,juelich,12345,2,2,log-distance,46,47,veh5,veh3,10,0,1,625.437,0,7.20929,12.7496,nan,nan,0,0.109,0.079,0.0977778
juelich_pilot_d30_r10_log_distance_s02_w1,juelich,12345,2,2,log-distance,46,47,veh5,veh4,10,0,1,767.24,0,7.20929,9.52904,nan,nan,0,0.109,0.126,0.0977778
juelich_pilot_d30_r10_log_distance_s02_w1,juelich,12345,2,2,log-distance,46,47,veh5,veh6,10,0,1,885.928,0,7.20929,6.19684,nan,nan,0,0.109,0.091,0.0977778
juelich_pilot_d30_r10_log_distance_s02_w1,juelich,12345,2,2,log-distance,46,47,veh5,veh7,10,9,0.1,292.222,1,7.20929,11.1857,-75.9756,21.0006,9,0.109,0.106,0.0977778
juelich_pilot_d30_r10_log_distance_s02_w1,juelich,12345,2,2,log-distance,46,47,veh5,veh8,10,9,0.1,562.103,0,7.20929,7.14123,-81.6723,15.3039,9,0.109,0.089,0.0977778
juelich_pilot_d30_r10_log_distance_s02_w1,juelich,12345,2,2,log-distance,46,47,veh5,veh9,10,0,1,843.415,0,7.20929,8.62412,nan,nan,0,0.109,0.091,0.0977778
juelich_pilot_d30_r10_log_distance_s02_w1,juelich,12345,2,2,log-distance,46,47,veh6,veh0,10,10,0,456.5,1,6.19684,13.4457,-79.8665,17.1098,10,0.091,0.129,0.0977778
juelich_pilot_d30_r10_log_distance_s02_w1,juelich,12345,2,2,log-distance,46,47,veh6,veh1,10,10,0,289.276,1,6.19684,8.31608,-75.9037,21.0726,10,0.091,0.091,0.0977778
juelich_pilot_d30_r10_log_distance_s02_w1,juelich,12345,2,2,log-distance,46,47,veh6,veh10,10,10,0,28.5792,1,6.19684,9.4911,-55.7798,41.1965,10,0.091,0.091,0.0977778
juelich_pilot_d30_r10_log_distance_s02_w1,juelich,12345,2,2,log-distance,46,47,veh6,veh11,10,10,0,259.994,1,6.19684,7.32272,-74.9767,21.9996,10,0.091,0.091,0.0977778
juelich_pilot_d30_r10_log_distance_s02_w1,juelich,12345,2,2,log-distance,46,47,veh6,veh12,10,10,0,294.535,1,6.19684,8.61312,-76.0603,20.916,10,0.091,0.091,0.0977778
juelich_pilot_d30_r10_log_distance_s02_w1,juelich,12345,2,2,log-distance,46,47,veh6,veh13,10,10,0,235.552,1,6.19684,7.5618,-74.1185,22.8577,10,0.091,0.129,0.0977778
juelich_pilot_d30_r10_log_distance_s02_w1,juelich,12345,2,2,log-distance,46,47,veh6,veh14,10,10,0,401.101,1,6.19684,14.965,-78.7424,18.2339,10,0.091,0.091,0.0977778
juelich_pilot_d30_r10_log_distance_s02_w1,juelich,12345,2,2,log-distance,46,47,veh6,veh15,10,0,1,912.479,0,6.19684,9.21209,nan,nan,0,0.091,0.099,0.0977778
juelich_pilot_d30_r10_log_distance_s02_w1,juelich,12345,2,2,log-distance,46,47,veh6,veh17,10,0,1,915.152,0,6.19684,1.272,nan,nan,0,0.091,0.109,0.0977778
juelich_pilot_d30_r10_log_distance_s02_w1,juelich,12345,2,2,log-distance,46,47,veh6,veh4,10,10,0,125.873,1,6.19684,9.52904,-68.6762,28.3001,10,0.091,0.126,0.0977778
juelich_pilot_d30_r10_log_distance_s02_w1,juelich,12345,2,2,log-distance,46,47,veh6,veh5,10,0,1,885.928,0,6.19684,7.20929,nan,nan,0,0.091,0.109,0.0977778
juelich_pilot_d30_r10_log_distance_s02_w1,juelich,12345,2,2,log-distance,46,47,veh6,veh7,10,0,1,946.677,0,6.19684,11.1857,nan,nan,0,0.091,0.106,0.0977778
juelich_pilot_d30_r10_log_distance_s02_w1,juelich,12345,2,2,log-distance,46,47,veh6,veh9,10,10,0,211.238,1,6.19684,8.62412,-73.1726,23.8036,10,0.091,0.091,0.0977778
juelich_pilot_d30_r10_log_distance_s02_w1,juelich,12345,2,2,log-distance,46,47,veh7,veh0,10,0,1,708.036,0,11.1857,13.4457,nan,nan,0,0.106,0.129,0.0977778
juelich_pilot_d30_r10_log_distance_s02_w1,juelich,12345,2,2,log-distance,46,47,veh7,veh1,10,0,1,860.733,0,11.1857,8.31608,nan,nan,0,0.106,0.091,0.0977778
juelich_pilot_d30_r10_log_distance_s02_w1,juelich,12345,2,2,log-distance,46,47,veh7,veh10,10,0,1,948.65,0,11.1857,9.4911,nan,nan,0,0.106,0.091,0.0977778
juelich_pilot_d30_r10_log_distance_s02_w1,juelich,12345,2,2,log-distance,46,47,veh7,veh11,10,0,1,852.03,0,11.1857,7.32272,nan,nan,0,0.106,0.091,0.0977778
juelich_pilot_d30_r10_log_distance_s02_w1,juelich,12345,2,2,log-distance,46,47,veh7,veh13,10,0,1,770.872,0,11.1857,7.5618,nan,nan,0,0.106,0.129,0.0977778
juelich_pilot_d30_r10_log_distance_s02_w1,juelich,12345,2,2,log-distance,46,47,veh7,veh15,10,10,0,499.141,1,11.1857,9.21209,-80.6422,16.3341,10,0.106,0.099,0.0977778
juelich_pilot_d30_r10_log_distance_s02_w1,juelich,12345,2,2,log-distance,46,47,veh7,veh16,10,0,1,626.198,0,11.1857,6.75551,nan,nan,0,0.106,0.079,0.0977778
juelich_pilot_d30_r10_log_distance_s02_w1,juelich,12345,2,2,log-distance,46,47,veh7,veh17,10,10,0,152.129,1,11.1857,1.272,-70.3219,26.6544,10,0.106,0.109,0.0977778
juelich_pilot_d30_r10_log_distance_s02_w1,juelich,12345,2,2,log-distance,46,47,veh7,veh2,10,10,0,574.471,0,11.1857,0,-81.8629,15.1133,10,0.106,0.069,0.0977778
juelich_pilot_d30_r10_log_distance_s02_w1,juelich,12345,2,2,log-distance,46,47,veh7,veh3,10,10,0,397.451,1,11.1857,12.7496,-78.6634,18.3129,10,0.106,0.079,0.0977778
juelich_pilot_d30_r10_log_distance_s02_w1,juelich,12345,2,2,log-distance,46,47,veh7,veh4,10,0,1,820.809,0,11.1857,9.52904,nan,nan,0,0.106,0.126,0.0977778
juelich_pilot_d30_r10_log_distance_s02_w1,juelich,12345,2,2,log-distance,46,47,veh7,veh5,10,10,0,292.222,1,11.1857,7.20929,-75.9915,20.9848,10,0.106,0.109,0.0977778
juelich_pilot_d30_r10_log_distance_s02_w1,juelich,12345,2,2,log-distance,46,47,veh7,veh6,10,0,1,946.677,0,11.1857,6.19684,nan,nan,0,0.106,0.091,0.0977778
juelich_pilot_d30_r10_log_distance_s02_w1,juelich,12345,2,2,log-distance,46,47,veh7,veh8,10,10,0,271.776,1,11.1857,7.14123,-75.3615,21.6148,10,0.106,0.089,0.0977778
juelich_pilot_d30_r10_log_distance_s02_w1,juelich,12345,2,2,log-distance,46,47,veh7,veh9,10,0,1,838.883,0,11.1857,8.62412,nan,nan,0,0.106,0.091,0.0977778
juelich_pilot_d30_r10_log_distance_s02_w1,juelich,12345,2,2,log-distance,46,47,veh8,veh0,10,0,1,948.929,0,7.14123,13.4457,nan,nan,0,0.089,0.129,0.0977778
juelich_pilot_d30_r10_log_distance_s02_w1,juelich,12345,2,2,log-distance,46,47,veh8,veh1,10,0,1,957.501,0,7.14123,8.31608,nan,nan,0,0.089,0.091,0.0977778
juelich_pilot_d30_r10_log_distance_s02_w1,juelich,12345,2,2,log-distance,46,47,veh8,veh11,10,0,1,957.813,0,7.14123,7.32272,nan,nan,0,0.089,0.091,0.0977778
juelich_pilot_d30_r10_log_distance_s02_w1,juelich,12345,2,2,log-distance,46,47,veh8,veh13,10,0,1,970.317,0,7.14123,7.5618,nan,nan,0,0.089,0.129,0.0977778
juelich_pilot_d30_r10_log_distance_s02_w1,juelich,12345,2,2,log-distance,46,47,veh8,veh15,10,0,1,767.745,0,7.14123,9.21209,nan,nan,0,0.089,0.099,0.0977778
juelich_pilot_d30_r10_log_distance_s02_w1,juelich,12345,2,2,log-distance,46,47,veh8,veh16,10,0,1,733.001,0,7.14123,6.75551,nan,nan,0,0.089,0.079,0.0977778
juelich_pilot_d30_r10_log_distance_s02_w1,juelich,12345,2,2,log-distance,46,47,veh8,veh17,10,10,0,421.098,1,7.14123,1.272,-79.1653,17.811,10,0.089,0.109,0.0977778
juelich_pilot_d30_r10_log_distance_s02_w1,juelich,12345,2,2,log-distance,46,47,veh8,veh2,10,10,0,386.521,1,7.14123,0,-78.4211,18.5551,10,0.089,0.069,0.0977778
juelich_pilot_d30_r10_log_distance_s02_w1,juelich,12345,2,2,log-distance,46,47,veh8,veh3,10,10,0,262.787,1,7.14123,12.7496,-75.0696,21.9066,10,0.089,0.079,0.0977778
juelich_pilot_d30_r10_log_distance_s02_w1,juelich,12345,2,2,log-distance,46,47,veh8,veh4,10,0,1,985.876,0,7.14123,9.52904,nan,nan,0,0.089,0.126,0.0977778
juelich_pilot_d30_r10_log_distance_s02_w1,juelich,12345,2,2,log-distance,46,47,veh8,veh5,10,10,0,562.103,0,7.14123,7.20929,-81.674,15.3023,10,0.089,0.109,0.0977778
juelich_pilot_d30_r10_log_distance_s02_w1,juelich,12345,2,2,log-distance,46,47,veh8,veh7,10,10,0,271.776,1,7.14123,11.1857,-75.3615,21.6148,10,0.089,0.106,0.0977778
juelich_pilot_d30_r10_log_distance_s02_w1,juelich,12345,2,2,log-distance,46,47,veh8,veh9,10,0,1,960.366,0,7.14123,8.62412,nan,nan,0,0.089,0.091,0.0977778
juelich_pilot_d30_r10_log_distance_s02_w1,juelich,12345,2,2,log-distance,46,47,veh9,veh0,10,10,0,533.31,0,8.62412,13.4457,-81.2173,15.759,10,0.091,0.129,0.0977778
juelich_pilot_d30_r10_log_distance_s02_w1,juelich,12345,2,2,log-distance,46,47,veh9,veh1,10,10,0,90.1646,1,8.62412,8.31608,-65.7784,31.1979,10,0.091,0.091,0.0977778
juelich_pilot_d30_r10_log_distance_s02_w1,juelich,12345,2,2,log-distance,46,47,veh9,veh10,10,10,0,190.074,1,8.62412,9.4911,-72.2562,24.7201,10,0.091,0.091,0.0977778
juelich_pilot_d30_r10_log_distance_s02_w1,juelich,12345,2,2,log-distance,46,47,veh9,veh11,10,10,0,57.5158,1,8.62412,7.32272,-61.8733,35.103,10,0.091,0.091,0.0977778
juelich_pilot_d30_r10_log_distance_s02_w1,juelich,12345,2,2,log-distance,46,47,veh9,veh12,10,10,0,503.356,0,8.62412,8.61312,-80.7149,16.2613,10,0.091,0.091,0.0977778
juelich_pilot_d30_r10_log_distance_s02_w1,juelich,12345,2,2,log-distance,46,47,veh9,veh13,10,10,0,317.415,1,8.62412,7.5618,-76.7099,20.2664,10,0.091,0.129,0.0977778
juelich_pilot_d30_r10_log_distance_s02_w1,juelich,12345,2,2,log-distance,46,47,veh9,veh14,10,0,1,607.191,0,8.62412,14.965,nan,nan,0,0.091,0.091,0.0977778
juelich_pilot_d30_r10_log_distance_s02_w1,juelich,12345,2,2,log-distance,46,47,veh9,veh15,10,0,1,917.477,0,8.62412,9.21209,nan,nan,0,0.091,0.099,0.0977778
juelich_pilot_d30_r10_log_distance_s02_w1,juelich,12345,2,2,log-distance,46,47,veh9,veh17,10,0,1,839.926,0,8.62412,1.272,nan,nan,0,0.091,0.109,0.0977778
juelich_pilot_d30_r10_log_distance_s02_w1,juelich,12345,2,2,log-distance,46,47,veh9,veh4,10,10,0,169.942,1,8.62412,9.52904,-71.2836,25.6927,10,0.091,0.126,0.0977778
juelich_pilot_d30_r10_log_distance_s02_w1,juelich,12345,2,2,log-distance,46,47,veh9,veh5,10,0,1,843.415,0,8.62412,7.20929,nan,nan,0,0.091,0.109,0.0977778
juelich_pilot_d30_r10_log_distance_s02_w1,juelich,12345,2,2,log-distance,46,47,veh9,veh6,10,10,0,211.238,1,8.62412,6.19684,-73.1726,23.8036,10,0.091,0.091,0.0977778
juelich_pilot_d30_r10_log_distance_s02_w1,juelich,12345,2,2,log-distance,46,47,veh9,veh7,10,0,1,838.883,0,8.62412,11.1857,nan,nan,0,0.091,0.106,0.0977778
juelich_pilot_d30_r10_log_distance_s02_w1,juelich,12345,2,2,log-distance,46,47,veh9,veh8,10,0,1,960.366,0,8.62412,7.14123,nan,nan,0,0.091,0.089,0.0977778
juelich_pilot_d30_r10_log_distance_s02_w1,juelich,12345,2,2,log-distance,47,48,veh0,veh1,10,0,1,623.102,0,13.4395,8.32588,nan,nan,0,0.128,0.092,0.0983333
juelich_pilot_d30_r10_log_distance_s02_w1,juelich,12345,2,2,log-distance,47,48,veh0,veh10,10,10,0,481.673,1,13.4395,10.5999,-80.3327,16.6435,10,0.128,0.092,0.0983333
juelich_pilot_d30_r10_log_distance_s02_w1,juelich,12345,2,2,log-distance,47,48,veh0,veh11,10,0,1,593.502,0,13.4395,6.5002,nan,nan,0,0.128,0.092,0.0983333
juelich_pilot_d30_r10_log_distance_s02_w1,juelich,12345,2,2,log-distance,47,48,veh0,veh12,10,10,0,442.729,1,13.4395,8.61032,-79.6004,17.3759,10,0.128,0.092,0.0983333
juelich_pilot_d30_r10_log_distance_s02_w1,juelich,12345,2,2,log-distance,47,48,veh0,veh13,10,10,0,243.047,1,13.4395,7.56559,-74.3899,22.5864,10,0.128,0.128,0.0983333
juelich_pilot_d30_r10_log_distance_s02_w1,juelich,12345,2,2,log-distance,47,48,veh0,veh14,10,10,0,465.328,1,13.4395,14.9664,-80.0329,16.9434,10,0.128,0.092,0.0983333
juelich_pilot_d30_r10_log_distance_s02_w1,juelich,12345,2,2,log-distance,47,48,veh0,veh15,10,10,0,470.463,1,13.4395,9.22899,-80.1279,16.8484,10,0.128,0.098,0.0983333
juelich_pilot_d30_r10_log_distance_s02_w1,juelich,12345,2,2,log-distance,47,48,veh0,veh17,10,0,1,612.4,0,13.4395,3.3368,nan,nan,0,0.128,0.108,0.0983333
juelich_pilot_d30_r10_log_distance_s02_w1,juelich,12345,2,2,log-distance,47,48,veh0,veh4,10,10,0,385.023,1,13.4395,9.53598,-78.3873,18.589,10,0.128,0.128,0.0983333
juelich_pilot_d30_r10_log_distance_s02_w1,juelich,12345,2,2,log-distance,47,48,veh0,veh5,10,10,0,527.771,0,13.4395,7.45093,-81.1266,15.8497,10,0.128,0.108,0.0983333
juelich_pilot_d30_r10_log_distance_s02_w1,juelich,12345,2,2,log-distance,47,48,veh0,veh6,10,10,0,462.228,1,13.4395,6.70937,-79.9748,17.0015,10,0.128,0.092,0.0983333
juelich_pilot_d30_r10_log_distance_s02_w1,juelich,12345,2,2,log-distance,47,48,veh0,veh7,10,0,1,703.182,0,13.4395,11.1695,nan,nan,0,0.128,0.112,0.0983333
juelich_pilot_d30_r10_log_distance_s02_w1,juelich,12345,2,2,log-distance,47,48,veh0,veh8,10,0,1,956.984,0,13.4395,6.55642,nan,nan,0,0.128,0.088,0.0983333
juelich_pilot_d30_r10_log_distance_s02_w1,juelich,12345,2,2,log-distance,47,48,veh0,veh9,10,10,0,538.214,0,13.4395,8.63653,-81.2968,15.6795,10,0.128,0.096,0.0983333
juelich_pilot_d30_r10_log_distance_s02_w1,juelich,12345,2,2,log-distance,47,48,veh1,veh0,10,0,1,623.102,0,8.32588,13.4395,nan,nan,0,0.092,0.128,0.0983333
juelich_pilot_d30_r10_log_distance_s02_w1,juelich,12345,2,2,log-distance,47,48,veh1,veh10,10,10,0,266.458,1,8.32588,10.5999,-75.1903,21.786,10,0.092,0.092,0.0983333
juelich_pilot_d30_r10_log_distance_s02_w1,juelich,12345,2,2,log-distance,47,48,veh1,veh11,10,10,0,31.447,1,8.32588,6.5002,-56.6279,40.3483,10,0.092,0.092,0.0983333
juelich_pilot_d30_r10_log_distance_s02_w1,juelich,12345,2,2,log-distance,47,48,veh1,veh12,10,10,0,570.782,0,8.32588,8.61032,-81.8069,15.1694,10,0.092,0.092,0.0983333
juelich_pilot_d30_r10_log_distance_s02_w1,juelich,12345,2,2,log-distance,47,48,veh1,veh13,10,10,0,396.551,1,8.32588,7.56559,-78.6435,18.3328,10,0.092,0.128,0.0983333
juelich_pilot_d30_r10_log_distance_s02_w1,juelich,12345,2,2,log-distance,47,48,veh1,veh14,10,0,1,669.553,0,8.32588,14.9664,nan,nan,0,0.092,0.092,0.0983333
juelich_pilot_d30_r10_log_distance_s02_w1,juelich,12345,2,2,log-distance,47,48,veh1,veh15,10,0,1,968.286,0,8.32588,9.22899,nan,nan,0,0.092,0.098,0.0983333
juelich_pilot_d30_r10_log_distance_s02_w1,juelich,12345,2,2,log-distance,47,48,veh1,veh17,10,0,1,871.418,0,8.32588,3.3368,nan,nan,0,0.092,0.108,0.0983333
juelich_pilot_d30_r10_log_distance_s02_w1,juelich,12345,2,2,log-distance,47,48,veh1,veh4,10,10,0,254.941,1,8.32588,9.53598,-74.8062,22.17,10,0.092,0.128,0.0983333
juelich_pilot_d30_r10_log_distance_s02_w1,juelich,12345,2,2,log-distance,47,48,veh1,veh5,10,0,1,884.207,0,8.32588,7.45093,nan,nan,0,0.092,0.108,0.0983333
juelich_pilot_d30_r10_log_distance_s02_w1,juelich,12345,2,2,log-distance,47,48,veh1,veh6,10,10,0,280.05,1,8.32588,6.70937,-75.6219,21.3544,10,0.092,0.092,0.0983333
juelich_pilot_d30_r10_log_distance_s02_w1,juelich,12345,2,2,log-distance,47,48,veh1,veh7,10,0,1,847.674,0,8.32588,11.1695,nan,nan,0,0.092,0.112,0.0983333
juelich_pilot_d30_r10_log_distance_s02_w1,juelich,12345,2,2,log-distance,47,48,veh1,veh8,10,0,1,954.331,0,8.32588,6.55642,nan,nan,0,0.092,0.088,0.0983333
juelich_pilot_d30_r10_log_distance_s02_w1,juelich,12345,2,2,log-distance,47,48,veh1,veh9,10,10,0,90.4744,1,8.32588,8.63653,-65.8082,31.1681,10,0.092,0.096,0.0983333
juelich_pilot_d30_r10_log_distance_s02_w1,juelich,12345,2,2,log-distance,47,48,veh10,veh0,10,10,0,481.673,1,10.5999,13.4395,-80.3327,16.6435,10,0.092,0.128,0.0983333
juelich_pilot_d30_r10_log_distance_s02_w1,juelich,12345,2,2,log-distance,47,48,veh10,veh1,10,10,0,266.458,1,10.5999,8.32588,-75.1903,21.786,10,0.092,0.092,0.0983333
juelich_pilot_d30_r10_log_distance_s02_w1,juelich,12345,2,2,log-distance,47,48,veh10,veh11,10,10,0,239.027,1,10.5999,6.5002,-74.2466,22.7297,10,0.092,0.092,0.0983333
juelich_pilot_d30_r10_log_distance_s02_w1,juelich,12345,2,2,log-distance,47,48,veh10,veh12,10,10,0,305.288,1,10.5999,8.61032,-76.371,20.6052,10,0.092,0.092,0.0983333
juelich_pilot_d30_r10_log_distance_s02_w1,juelich,12345,2,2,log-distance,47,48,veh10,veh13,10,10,0,242.326,1,10.5999,7.56559,-74.3647,22.6115,10,0.092,0.128,0.0983333
juelich_pilot_d30_r10_log_distance_s02_w1,juelich,12345,2,2,log-distance,47,48,veh10,veh14,10,10,0,404.66,1,10.5999,14.9664,-78.8184,18.1579,10,0.092,0.092,0.0983333
juelich_pilot_d30_r10_log_distance_s02_w1,juelich,12345,2,2,log-distance,47,48,veh10,veh15,10,0,1,914.802,0,10.5999,9.22899,nan,nan,0,0.092,0.098,0.0983333
juelich_pilot_d30_r10_log_distance_s02_w1,juelich,12345,2,2,log-distance,47,48,veh10,veh17,10,0,1,917.729,0,10.5999,3.3368,nan,nan,0,0.092,0.108,0.0983333
juelich_pilot_d30_r10_log_distance_s02_w1,juelich,12345,2,2,log-distance,47,48,veh10,veh4,10,10,0,137.958,1,10.5999,9.53598,-69.4714,27.5049,10,0.092,0.128,0.0983333
juelich_pilot_d30_r10_log_distance_s02_w1,juelich,12345,2,2,log-distance,47,48,veh10,veh5,10,0,1,890.967,0,10.5999,7.45093,nan,nan,0,0.092,0.108,0.0983333
juelich_pilot_d30_r10_log_distance_s02_w1,juelich,12345,2,2,log-distance,47,48,veh10,veh6,10,10,0,20.9647,1,10.5999,6.70937,-53.0687,43.9076,10,0.092,0.092,0.0983333
juelich_pilot_d30_r10_log_distance_s02_w1,juelich,12345,2,2,log-distance,47,48,veh10,veh7,10,0,1,937.414,0,10.5999,11.1695,nan,nan,0,0.092,0.112,0.0983333
juelich_pilot_d30_r10_log_distance_s02_w1,juelich,12345,2,2,log-distance,47,48,veh10,veh9,10,10,0,191.417,1,10.5999,8.63653,-72.3173,24.659,10,0.092,0.096,0.0983333
juelich_pilot_d30_r10_log_distance_s02_w1,juelich,12345,2,2,log-distance,47,48,veh11,veh0,10,0,1,593.502,0,6.5002,13.4395,nan,nan,0,0.092,0.128,0.0983333
juelich_pilot_d30_r10_log_distance_s02_w1,juelich,12345,2,2,log-distance,47,48,veh11,veh1,10,10,0,31.447,1,6.5002,8.32588,-56.6279,40.3483,10,0.092,0.092,0.0983333
juelich_pilot_d30_r10_log_distance_s02_w1,juelich,12345,2,2,log-distance,47,48,veh11,veh10,10,10,0,239.027,1,6.5002,10.5999,-74.2466,22.7297,10,0.092,0.092,0.0983333
juelich_pilot_d30_r10_log_distance_s02_w1,juelich,12345,2,2,log-distance,47,48,veh11,veh12,10,10,0,542.208,0,6.5002,8.61032,-81.3609,15.6154,10,0.092,0.092,0.0983333
juelich_pilot_d30_r10_log_distance_s02_w1,juelich,12345,2,2,log-distance,47,48,veh11,veh13,10,10,0,365.533,1,6.5002,7.56559,-77.9361,19.0402,10,0.092,0.128,0.0983333
juelich_pilot_d30_r10_log_distance_s02_w1,juelich,12345,2,2,log-distance,47,48,veh11,veh14,10,0,1,640.67,0,6.5002,14.9664,nan,nan,0,0.092,0.092,0.0983333
juelich_pilot_d30_r10_log_distance_s02_w1,juelich,12345,2,2,log-distance,47,48,veh11,veh15,10,0,1,945.525,0,6.5002,9.22899,nan,nan,0,0.092,0.098,0.0983333
juelich_pilot_d30_r10_log_distance_s02_w1,juelich,12345,2,2,log-distance,47,48,veh11,veh17,10,0,1,858.042,0,6.5002,3.3368,nan,nan,0,0.092,0.108,0.0983333
juelich_pilot_d30_r10_log_distance_s02_w1,juelich,12345,2,2,log-distance,47,48,veh11,veh4,10,10,0,223.545,1,6.5002,9.53598,-73.6648,23.3114,10,0.092,0.128,0.0983333
juelich_pilot_d30_r10_log_distance_s02_w1,juelich,12345,2,2,log-distance,47,48,veh11,veh5,10,0,1,866.658,0,6.5002,7.45093,nan,nan,0,0.092,0.108,0.0983333
juelich_pilot_d30_r10_log_distance_s02_w1,juelich,12345,2,2,log-distance,47,48,veh11,veh6,10,10,0,251.719,1,6.5002,6.70937,-74.6956,22.2807,10,0.092,0.092,0.0983333
juelich_pilot_d30_r10_log_distance_s02_w1,juelich,12345,2,2,log-distance,47,48,veh11,veh7,10,0,1,839.45,0,6.5002,11.1695,nan,nan,0,0.092,0.112,0.0983333
juelich_pilot_d30_r10_log_distance_s02_w1,juelich,12345,2,2,log-distance,47,48,veh11,veh8,10,0,1,955.091,0,6.5002,6.55642,nan,nan,0,0.092,0.088,0.0983333
juelich_pilot_d30_r10_log_distance_s02_w1,juelich,12345,2,2,log-distance,47,48,veh11,veh9,10,10,0,59.0292,1,6.5002,8.63653,-62.0985,34.8777,10,0.092,0.096,0.0983333
juelich_pilot_d30_r10_log_distance_s02_w1,juelich,12345,2,2,log-distance,47,48,veh12,veh0,10,0,1,442.729,1,8.61032,13.4395,nan,nan,0,0.092,0.128,0.0983333
juelich_pilot_d30_r10_log_distance_s02_w1,juelich,12345,2,2,log-distance,47,48,veh12,veh1,10,0,1,570.782,0,8.61032,8.32588,nan,nan,0,0.092,0.092,0.0983333
juelich_pilot_d30_r10_log_distance_s02_w1,juelich,12345,2,2,log-distance,47,48,veh12,veh10,10,0,1,305.288,1,8.61032,10.5999,nan,nan,0,0.092,0.092,0.0983333
juelich_pilot_d30_r10_log_distance_s02_w1,juelich,12345,2,2,log-distance,47,48,veh12,veh11,10,0,1,542.208,0,8.61032,6.5002,nan,nan,0,0.092,0.092,0.0983333
juelich_pilot_d30_r10_log_distance_s02_w1,juelich,12345,2,2,log-distance,47,48,veh12,veh13,10,0,1,322.195,1,8.61032,7.56559,nan,nan,0,0.092,0.128,0.0983333
juelich_pilot_d30_r10_log_distance_s02_w1,juelich,12345,2,2,log-distance,47,48,veh12,veh14,10,10,0,99.7715,1,8.61032,14.9664,-66.6549,11.8481,10,0.092,0.092,0.0983333
juelich_pilot_d30_r10_log_distance_s02_w1,juelich,12345,2,2,log-distance,47,48,veh12,veh15,10,0,1,911.864,0,8.61032,9.22899,nan,nan,0,0.092,0.098,0.0983333
juelich_pilot_d30_r10_log_distance_s02_w1,juelich,12345,2,2,log-distance,47,48,veh12,veh4,10,0,1,362.656,1,8.61032,9.53598,nan,nan,0,0.092,0.128,0.0983333
juelich_pilot_d30_r10_log_distance_s02_w1,juelich,12345,2,2,log-distance,47,48,veh12,veh5,10,0,1,958.77,0,8.61032,7.45093,nan,nan,0,0.092,0.108,0.0983333
juelich_pilot_d30_r10_log_distance_s02_w1,juelich,12345,2,2,log-distance,47,48,veh12,veh6,10,0,1,290.738,1,8.61032,6.70937,nan,nan,0,0.092,0.092,0.0983333
juelich_pilot_d30_r10_log_distance_s02_w1,juelich,12345,2,2,log-distance,47,48,veh12,veh9,10,0,1,489.897,1,8.61032,8.63653,nan,nan,0,0.092,0.096,0.0983333
juelich_pilot_d30_r10_log_distance_s02_w1,juelich,12345,2,2,log-distance,47,48,veh13,veh0,10,10,0,243.047,1,7.56559,13.4395,-74.3899,5.13174,10,0.128,0.128,0.0983333
juelich_pilot_d30_r10_log_distance_s02_w1,juelich,12345,2,2,log-distance,47,48,veh13,veh1,10,0,1,396.551,1,7.56559,8.32588,nan,nan,0,0.128,0.092,0.0983333
juelich_pilot_d30_r10_log_distance_s02_w1,juelich,12345,2,2,log-distance,47,48,veh13,veh10,10,0,1,242.326,1,7.56559,10.5999,nan,nan,0,0.128,0.092,0.0983333
juelich_pilot_d30_r10_log_distance_s02_w1,juelich,12345,2,2,log-distance,47,48,veh13,veh11,10,0,1,365.533,1,7.56559,6.5002,nan,nan,0,0.128,0.092,0.0983333
juelich_pilot_d30_r10_log_distance_s02_w1,juelich,12345,2,2,log-distance,47,48,veh13,veh12,10,0,1,322.195,1,7.56559,8.61032,nan,nan,0,0.128,0.092,0.0983333
juelich_pilot_d30_r10_log_distance_s02_w1,juelich,12345,2,2,log-distance,47,48,veh13,veh14,10,0,1,393,1,7.56559,14.9664,nan,nan,0,0.128,0.092,0.0983333
juelich_pilot_d30_r10_log_distance_s02_w1,juelich,12345,2,2,log-distance,47,48,veh13,veh15,10,0,1,676.356,0,7.56559,9.22899,nan,nan,0,0.128,0.098,0.0983333
juelich_pilot_d30_r10_log_distance_s02_w1,juelich,12345,2,2,log-distance,47,48,veh13,veh17,10,0,1,719.915,0,7.56559,3.3368,nan,nan,0,0.128,0.108,0.0983333
juelich_pilot_d30_r10_log_distance_s02_w1,juelich,12345,2,2,log-distance,47,48,veh13,veh4,10,10,0,145.653,1,7.56559,9.53598,-69.9433,7.87127,10,0.128,0.128,0.0983333
juelich_pilot_d30_r10_log_distance_s02_w1,juelich,12345,2,2,log-distance,47,48,veh13,veh5,10,0,1,673.226,0,7.56559,7.45093,nan,nan,0,0.128,0.108,0.0983333
juelich_pilot_d30_r10_log_distance_s02_w1,juelich,12345,2,2,log-distance,47,48,veh13,veh6,10,0,1,224.04,1,7.56559,6.70937,nan,nan,0,0.128,0.092,0.0983333
juelich_pilot_d30_r10_log_distance_s02_w1,juelich,12345,2,2,log-distance,47,48,veh13,veh7,10,0,1,767.33,0,7.56559,11.1695,nan,nan,0,0.128,0.112,0.0983333
juelich_pilot_d30_r10_log_distance_s02_w1,juelich,12345,2,2,log-distance,47,48,veh13,veh8,10,0,1,976.877,0,7.56559,6.55642,nan,nan,0,0.128,0.088,0.0983333
juelich_pilot_d30_r10_log_distance_s02_w1,juelich,12345,2,2,log-distance,47,48,veh13,veh9,10,0,1,307.39,1,7.56559,8.63653,nan,nan,0,0.128,0.096,0.0983333
juelich_pilot_d30_r10_log_distance_s02_w1,juelich,12345,2,2,log-distance,47,48,veh14,veh0,10,10,0,465.328,1,14.9664,13.4395,-80.0329,16.9434,10,0.092,0.128,0.0983333
juelich_pilot_d30_r10_log_distance_s02_w1,juelich,12345,2,2,log-distance,47,48,veh14,veh1,10,0,1,669.553,0,14.9664,8.32588,nan,nan,0,0.092,0.092,0.0983333
juelich_pilot_d30_r10_log_distance_s02_w1,juelich,12345,2,2,log-distance,47,48,veh14,veh10,10,10,0,404.66,1,14.9664,10.5999,-78.8184,18.1579,10,0.092,0.092,0.0983333
juelich_pilot_d30_r10_log_distance_s02_w1,juelich,12345,2,2,log-distance,47,48,veh14,veh11,10,0,1,640.67,0,14.9664,6.5002,nan,nan,0,0.092,0.092,0.0983333
juelich_pilot_d30_r10_log_distance_s02_w1,juelich,12345,2,2,log-distance,47,48,veh14,veh12,10,10,0,99.7715,1,14.9664,8.61032,-66.6549,30.3213,10,0.092,0.092,0.0983333
juelich_pilot_d30_r10_log_distance_s02_w1,juelich,12345,2,2,log-distance,47,48,veh14,veh13,10,10,0,393,1,14.9664,7.56559,-78.5652,18.4111,10,0.092,0.128,0.0983333
juelich_pilot_d30_r10_log_distance_s02_w1,juelich,12345,2,2,log-distance,47,48,veh14,veh15,10,0,1,923.716,0,14.9664,9.22899,nan,nan,0,0.092,0.098,0.0983333
juelich_pilot_d30_r10_log_distance_s02_w1,juelich,12345,2,2,log-distance,47,48,veh14,veh4,10,10,0,453.723,1,14.9664,9.53598,-79.8135,17.1628,10,0.092,0.128,0.0983333
juelich_pilot_d30_r10_log_distance_s02_w1,juelich,12345,2,2,log-distance,47,48,veh14,veh5,10,0,1,991.825,0,14.9664,7.45093,nan,nan,0,0.092,0.108,0.0983333
juelich_pilot_d30_r10_log_distance_s02_w1,juelich,12345,2,2,log-distance,47,48,veh14,veh6,10,10,0,389.689,1,14.9664,6.70937,-78.4918,18.4845,10,0.092,0.092,0.0983333
juelich_pilot_d30_r10_log_distance_s02_w1,juelich,12345,2,2,log-distance,47,48,veh14,veh9,10,3,0.7,587.517,0,14.9664,8.63653,-81.9564,15.0199,3,0.092,0.096,0.0983333
juelich_pilot_d30_r10_log_distance_s02_w1,juelich,12345,2,2,log-distance,47,48,veh15,veh0,10,10,0,470.463,1,9.22899,13.4395,-80.1279,16.8484,10,0.098,0.128,0.0983333
juelich_pilot_d30_r10_log_distance_s02_w1,juelich,12345,2,2,log-distance,47,48,veh15,veh1,10,0,1,968.286,0,9.22899,8.32588,nan,nan,0,0.098,0.092,0.0983333
juelich_pilot_d30_r10_log_distance_s02_w1,juelich,12345,2,2,log-distance,47,48,veh15,veh10,10,0,1,914.802,0,9.22899,10.5999,nan,nan,0,0.098,0.092,0.0983333
juelich_pilot_d30_r10_log_distance_s02_w1,juelich,12345,2,2,log-distance,47,48,veh15,veh11,10,0,1,945.525,0,9.22899,6.5002,nan,nan,0,0.098,0.092,0.0983333
juelich_pilot_d30_r10_log_distance_s02_w1,juelich,12345,2,2,log-distance,47,48,veh15,veh12,10,0,1,911.864,0,9.22899,8.61032,nan,nan,0,0.098,0.092,0.0983333
juelich_pilot_d30_r10_log_distance_s02_w1,juelich,12345,2,2,log-distance,47,48,veh15,veh13,10,0,1,676.356,0,9.22899,7.56559,nan,nan,0,0.098,0.128,0.0983333
juelich_pilot_d30_r10_log_distance_s02_w1,juelich,12345,2,2,log-distance,47,48,veh15,veh14,10,0,1,923.716,0,9.22899,14.9664,nan,nan,0,0.098,0.092,0.0983333
juelich_pilot_d30_r10_log_distance_s02_w1,juelich,12345,2,2,log-distance,47,48,veh15,veh16,10,0,1,635.195,0,9.22899,8.85358,nan,nan,0,0.098,0.078,0.0983333
juelich_pilot_d30_r10_log_distance_s02_w1,juelich,12345,2,2,log-distance,47,48,veh15,veh17,10,10,0,347.019,1,9.22899,3.3368,-77.4848,19.4915,10,0.098,0.108,0.0983333
juelich_pilot_d30_r10_log_distance_s02_w1,juelich,12345,2,2,log-distance,47,48,veh15,veh2,10,0,1,992.202,0,9.22899,0,nan,nan,0,0.098,0.068,0.0983333
juelich_pilot_d30_r10_log_distance_s02_w1,juelich,12345,2,2,log-distance,47,48,veh15,veh3,10,0,1,799.305,0,9.22899,12.7408,nan,nan,0,0.098,0.078,0.0983333
juelich_pilot_d30_r10_log_distance_s02_w1,juelich,12345,2,2,log-distance,47,48,veh15,veh4,10,0,1,790.132,0,9.22899,9.53598,nan,nan,0,0.098,0.128,0.0983333
juelich_pilot_d30_r10_log_distance_s02_w1,juelich,12345,2,2,log-distance,47,48,veh15,veh5,10,10,0,214.519,1,9.22899,7.45093,-73.3067,23.6696,10,0.098,0.108,0.0983333
juelich_pilot_d30_r10_log_distance_s02_w1,juelich,12345,2,2,log-distance,47,48,veh15,veh6,10,0,1,898.046,0,9.22899,6.70937,nan,nan,0,0.098,0.092,0.0983333
juelich_pilot_d30_r10_log_distance_s02_w1,juelich,12345,2,2,log-distance,47,48,veh15,veh7,10,10,0,496.42,1,9.22899,11.1695,-80.5947,16.3816,10,0.098,0.112,0.0983333
juelich_pilot_d30_r10_log_distance_s02_w1,juelich,12345,2,2,log-distance,47,48,veh15,veh8,10,0,1,773.761,0,9.22899,6.55642,nan,nan,0,0.098,0.088,0.0983333
juelich_pilot_d30_r10_log_distance_s02_w1,juelich,12345,2,2,log-distance,47,48,veh15,veh9,10,0,1,903.646,0,9.22899,8.63653,nan,nan,0,0.098,0.096,0.0983333
juelich_pilot_d30_r10_log_distance_s02_w1,juelich,12345,2,2,log-distance,47,48,veh16,veh15,10,0,1,635.195,0,8.85358,9.22899,nan,nan,0,0.078,0.098,0.0983333
juelich_pilot_d30_r10_log_distance_s02_w1,juelich,12345,2,2,log-distance,47,48,veh16,veh17,10,10,0,571.405,0,8.85358,3.3368,-81.8166,15.1597,10,0.078,0.108,0.0983333
juelich_pilot_d30_r10_log_distance_s02_w1,juelich,12345,2,2,log-distance,47,48,veh16,veh2,10,0,1,655.076,0,8.85358,0,nan,nan,0,0.078,0.068,0.0983333
juelich_pilot_d30_r10_log_distance_s02_w1,juelich,12345,2,2,log-distance,47,48,veh16,veh3,10,10,0,544.035,0,8.85358,12.7408,-81.39,15.5863,10,0.078,0.078,0.0983333
juelich_pilot_d30_r10_log_distance_s02_w1,juelich,12345,2,2,log-distance,47,48,veh16,veh5,10,8,0.2,582.222,0,8.85358,7.45093,-81.973,15.0033,8,0.078,0.108,0.0983333
juelich_pilot_d30_r10_log_distance_s02_w1,juelich,12345,2,2,log-distance,47,48,veh16,veh7,10,0,1,627.02,0,8.85358,11.1695,nan,nan,0,0.078,0.112,0.0983333
juelich_pilot_d30_r10_log_distance_s02_w1,juelich,12345,2,2,log-distance,47,48,veh16,veh8,10,0,1,732.141,0,8.85358,6.55642,nan,nan,0,0.078,0.088,0.0983333
juelich_pilot_d30_r10_log_distance_s02_w1,juelich,12345,2,2,log-distance,47,48,veh17,veh0,10,0,1,612.4,0,3.3368,13.4395,nan,nan,0,0.108,0.128,0.0983333
juelich_pilot_d30_r10_log_distance_s02_w1,juelich,12345,2,2,log-distance,47,48,veh17,veh1,10,0,1,871.418,0,3.3368,8.32588,nan,nan,0,0.108,0.092,0.0983333
juelich_pilot_d30_r10_log_distance_s02_w1,juelich,12345,2,2,log-distance,47,48,veh17,veh10,10,0,1,917.729,0,3.3368,10.5999,nan,nan,0,0.108,0.092,0.0983333
juelich_pilot_d30_r10_log_distance_s02_w1,juelich,12345,2,2,log-distance,47,48,veh17,veh11,10,0,1,858.042,0,3.3368,6.5002,nan,nan,0,0.108,0.092,0.0983333
juelich_pilot_d30_r10_log_distance_s02_w1,juelich,12345,2,2,log-distance,47,48,veh17,veh13,10,0,1,719.915,0,3.3368,7.56559,nan,nan,0,0.108,0.128,0.0983333
juelich_pilot_d30_r10_log_distance_s02_w1,juelich,12345,2,2,log-distance,47,48,veh17,veh15,10,8,0.2,347.019,1,3.3368,9.22899,-77.4867,19.4896,8,0.108,0.098,0.0983333
juelich_pilot_d30_r10_log_distance_s02_w1,juelich,12345,2,2,log-distance,47,48,veh17,veh16,10,8,0.2,571.405,0,3.3368,8.85358,-81.8195,15.1568,8,0.108,0.078,0.0983333
juelich_pilot_d30_r10_log_distance_s02_w1,juelich,12345,2,2,log-distance,47,48,veh17,veh2,10,0,1,686.037,0,3.3368,0,nan,nan,0,0.108,0.068,0.0983333
juelich_pilot_d30_r10_log_distance_s02_w1,juelich,12345,2,2,log-distance,47,48,veh17,veh3,10,8,0.2,490.323,1,3.3368,12.7408,-80.4937,16.4826,8,0.108,0.078,0.0983333
juelich_pilot_d30_r10_log_distance_s02_w1,juelich,12345,2,2,log-distance,47,48,veh17,veh4,10,0,1,779.863,0,3.3368,9.53598,nan,nan,0,0.108,0.128,0.0983333
juelich_pilot_d30_r10_log_distance_s02_w1,juelich,12345,2,2,log-distance,47,48,veh17,veh5,10,8,0.2,133.115,1,3.3368,7.45093,-69.1812,27.7951,8,0.108,0.108,0.0983333
juelich_pilot_d30_r10_log_distance_s02_w1,juelich,12345,2,2,log-distance,47,48,veh17,veh6,10,0,1,906.775,0,3.3368,6.70937,nan,nan,0,0.108,0.092,0.0983333
juelich_pilot_d30_r10_log_distance_s02_w1,juelich,12345,2,2,log-distance,47,48,veh17,veh7,10,10,0,150.581,1,3.3368,11.1695,-70.2331,22.4679,10,0.108,0.112,0.0983333
juelich_pilot_d30_r10_log_distance_s02_w1,juelich,12345,2,2,log-distance,47,48,veh17,veh8,10,8,0.2,427.026,1,3.3368,6.55642,-79.2818,17.6945,8,0.108,0.088,0.0983333
juelich_pilot_d30_r10_log_distance_s02_w1,juelich,12345,2,2,log-distance,47,48,veh17,veh9,10,0,1,834.83,0,3.3368,8.63653,nan,nan,0,0.108,0.096,0.0983333
juelich_pilot_d30_r10_log_distance_s02_w1,juelich,12345,2,2,log-distance,47,48,veh2,veh15,10,0,1,992.202,0,0,9.22899,nan,nan,0,0.068,0.098,0.0983333
juelich_pilot_d30_r10_log_distance_s02_w1,juelich,12345,2,2,log-distance,47,48,veh2,veh16,10,0,1,655.076,0,0,8.85358,nan,nan,0,0.068,0.078,0.0983333
juelich_pilot_d30_r10_log_distance_s02_w1,juelich,12345,2,2,log-distance,47,48,veh2,veh17,10,0,1,686.037,0,0,3.3368,nan,nan,0,0.068,0.108,0.0983333
juelich_pilot_d30_r10_log_distance_s02_w1,juelich,12345,2,2,log-distance,47,48,veh2,veh3,10,10,0,195.935,1,0,12.7408,-72.5185,17.0141,10,0.068,0.078,0.0983333
juelich_pilot_d30_r10_log_distance_s02_w1,juelich,12345,2,2,log-distance,47,48,veh2,veh5,10,0,1,804.109,0,0,7.45093,nan,nan,0,0.068,0.108,0.0983333
juelich_pilot_d30_r10_log_distance_s02_w1,juelich,12345,2,2,log-distance,47,48,veh2,veh7,10,4,0.6,584.594,0,0,11.1695,-81.9695,5.36619,4,0.068,0.112,0.0983333
juelich_pilot_d30_r10_log_distance_s02_w1,juelich,12345,2,2,log-distance,47,48,veh2,veh8,10,10,0,389.584,1,0,6.55642,-78.4897,10.1927,10,0.068,0.088,0.0983333
juelich_pilot_d30_r10_log_distance_s02_w1,juelich,12345,2,2,log-distance,47,48,veh3,veh15,10,0,1,799.305,0,12.7408,9.22899,nan,nan,0,0.078,0.098,0.0983333
juelich_pilot_d30_r10_log_distance_s02_w1,juelich,12345,2,2,log-distance,47,48,veh3,veh16,10,10,0,544.035,0,12.7408,8.85358,-81.39,15.5863,10,0.078,0.078,0.0983333
juelich_pilot_d30_r10_log_distance_s02_w1,juelich,12345,2,2,log-distance,47,48,veh3,veh17,10,10,0,490.323,1,12.7408,3.3368,-80.4872,16.4891,10,0.078,0.108,0.0983333
juelich_pilot_d30_r10_log_distance_s02_w1,juelich,12345,2,2,log-distance,47,48,veh3,veh2,10,10,0,195.935,1,12.7408,0,-72.5185,24.4578,10,0.078,0.068,0.0983333
juelich_pilot_d30_r10_log_distance_s02_w1,juelich,12345,2,2,log-distance,47,48,veh3,veh5,10,0,1,608.409,0,12.7408,7.45093,nan,nan,0,0.078,0.108,0.0983333
juelich_pilot_d30_r10_log_distance_s02_w1,juelich,12345,2,2,log-distance,47,48,veh3,veh7,10,10,0,395.459,1,12.7408,11.1695,-78.6197,18.3566,10,0.078,0.112,0.0983333
juelich_pilot_d30_r10_log_distance_s02_w1,juelich,12345,2,2,log-distance,47,48,veh3,veh8,10,10,0,260.925,1,12.7408,6.55642,-75.008,21.9683,10,0.078,0.088,0.0983333
juelich_pilot_d30_r10_log_distance_s02_w1,juelich,12345,2,2,log-distance,47,48,veh4,veh0,10,10,0,385.023,1,9.53598,13.4395,-78.3873,18.589,10,0.128,0.128,0.0983333
juelich_pilot_d30_r10_log_distance_s02_w1,juelich,12345,2,2,log-distance,47,48,veh4,veh1,10,10,0,254.941,1,9.53598,8.32588,-74.8062,22.17,10,0.128,0.092,0.0983333
juelich_pilot_d30_r10_log_distance_s02_w1,juelich,12345,2,2,log-distance,47,48,veh4,veh10,10,10,0,137.958,1,9.53598,10.5999,-69.4714,27.5049,10,0.128,0.092,0.0983333
juelich_pilot_d30_r10_log_distance_s02_w1,juelich,12345,2,2,log-distance,47,48,veh4,veh11,10,10,0,223.545,1,9.53598,6.5002,-73.6648,23.3114,10,0.128,0.092,0.0983333
juelich_pilot_d30_r10_log_distance_s02_w1,juelich,12345,2,2,log-distance,47,48,veh4,veh12,10,10,0,362.656,1,9.53598,8.61032,-77.8676,19.1087,10,0.128,0.092,0.0983333
juelich_pilot_d30_r10_log_distance_s02_w1,juelich,12345,2,2,log-distance,47,48,veh4,veh13,10,10,0,145.653,1,9.53598,7.56559,-69.9433,27.0329,10,0.128,0.128,0.0983333
juelich_pilot_d30_r10_log_distance_s02_w1,juelich,12345,2,2,log-distance,47,48,veh4,veh14,10,10,0,453.723,1,9.53598,14.9664,-79.8135,17.1628,10,0.128,0.092,0.0983333
juelich_pilot_d30_r10_log_distance_s02_w1,juelich,12345,2,2,log-distance,47,48,veh4,veh15,10,0,1,790.132,0,9.53598,9.22899,nan,nan,0,0.128,0.098,0.0983333
juelich_pilot_d30_r10_log_distance_s02_w1,juelich,12345,2,2,log-distance,47,48,veh4,veh17,10,0,1,779.863,0,9.53598,3.3368,nan,nan,0,0.128,0.108,0.0983333
juelich_pilot_d30_r10_log_distance_s02_w1,juelich,12345,2,2,log-distance,47,48,veh4,veh5,10,0,1,755.431,0,9.53598,7.45093,nan,nan,0,0.128,0.108,0.0983333
juelich_pilot_d30_r10_log_distance_s02_w1,juelich,12345,2,2,log-distance,47,48,veh4,veh6,10,10,0,128.533,1,9.53598,6.70937,-68.8578,28.1185,10,0.128,0.092,0.0983333
juelich_pilot_d30_r10_log_distance_s02_w1,juelich,12345,2,2,log-distance,47,48,veh4,veh7,10,0,1,800.923,0,9.53598,11.1695,nan,nan,0,0.128,0.112,0.0983333
juelich_pilot_d30_r10_log_distance_s02_w1,juelich,12345,2,2,log-distance,47,48,veh4,veh8,10,0,1,976.737,0,9.53598,6.55642,nan,nan,0,0.128,0.088,0.0983333
juelich_pilot_d30_r10_log_distance_s02_w1,juelich,12345,2,2,log-distance,47,48,veh4,veh9,10,10,0,164.61,1,9.53598,8.63653,-71.0062,25.9701,10,0.128,0.096,0.0983333
juelich_pilot_d30_r10_log_distance_s02_w1,juelich,12345,2,2,log-distance,47,48,veh5,veh0,10,8,0.2,527.771,0,7.45093,13.4395,-81.126,15.8503,8,0.108,0.128,0.0983333
juelich_pilot_d30_r10_log_distance_s02_w1,juelich,12345,2,2,log-distance,47,48,veh5,veh1,10,0,1,884.207,0,7.45093,8.32588,nan,nan,0,0.108,0.092,0.0983333
juelich_pilot_d30_r10_log_distance_s02_w1,juelich,12345,2,2,log-distance,47,48,veh5,veh10,10,0,1,890.967,0,7.45093,10.5999,nan,nan,0,0.108,0.092,0.0983333
juelich_pilot_d30_r10_log_distance_s02_w1,juelich,12345,2,2,log-distance,47,48,veh5,veh11,10,0,1,866.658,0,7.45093,6.5002,nan,nan,0,0.108,0.092,0.0983333
juelich_pilot_d30_r10_log_distance_s02_w1,juelich,12345,2,2,log-distance,47,48,veh5,veh12,10,0,1,958.77,0,7.45093,8.61032,nan,nan,0,0.108,0.092,0.0983333
juelich_pilot_d30_r10_log_distance_s02_w1,juelich,12345,2,2,log-distance,47,48,veh5,veh13,10,0,1,673.226,0,7.45093,7.56559,nan,nan,0,0.108,0.128,0.0983333
juelich_pilot_d30_r10_log_distance_s02_w1,juelich,12345,2,2,log-distance,47,48,veh5,veh14,10,0,1,991.825,0,7.45093,14.9664,nan,nan,0,0.108,0.092,0.0983333
juelich_pilot_d30_r10_log_distance_s02_w1,juelich,12345,2,2,log-distance,47,48,veh5,veh15,10,10,0,214.519,1,7.45093,9.22899,-73.3067,21.7155,10,0.108,0.098,0.0983333
juelich_pilot_d30_r10_log_distance_s02_w1,juelich,12345,2,2,log-distance,47,48,veh5,veh16,10,6,0.4,582.222,0,7.45093,8.85358,-81.9741,15.0021,6,0.108,0.078,0.0983333
juelich_pilot_d30_r10_log_distance_s02_w1,juelich,12345,2,2,log-distance,47,48,veh5,veh17,10,8,0.2,133.115,1,7.45093,3.3368,-69.1812,27.7951,8,0.108,0.108,0.0983333
juelich_pilot_d30_r10_log_distance_s02_w1,juelich,12345,2,2,log-distance,47,48,veh5,veh2,10,0,1,804.109,0,7.45093,0,nan,nan,0,0.108,0.068,0.0983333
juelich_pilot_d30_r10_log_distance_s02_w1,juelich,12345,2,2,log-distance,47,48,veh5,veh3,10,0,1,608.409,0,7.45093,12.7408,nan,nan,0,0.108,0.078,0.0983333
juelich_pilot_d30_r10_log_distance_s02_w1,juelich,12345,2,2,log-distance,47,48,veh5,veh4,10,0,1,755.431,0,7.45093,9.53598,nan,nan,0,0.108,0.128,0.0983333
juelich_pilot_d30_r10_log_distance_s02_w1,juelich,12345,2,2,log-distance,47,48,veh5,veh6,10,0,1,877.572,0,7.45093,6.70937,nan,nan,0,0.108,0.092,0.0983333
juelich_pilot_d30_r10_log_distance_s02_w1,juelich,12345,2,2,log-distance,47,48,veh5,veh7,10,8,0.2,281.918,1,7.45093,11.1695,-75.6916,21.2847,8,0.108,0.112,0.0983333
juelich_pilot_d30_r10_log_distance_s02_w1,juelich,12345,2,2,log-distance,47,48,veh5,veh8,10,8,0.2,560.117,0,7.45093,6.55642,-81.6445,15.3318,8,0.108,0.088,0.0983333
juelich_pilot_d30_r10_log_distance_s02_w1,juelich,12345,2,2,log-distance,47,48,veh5,veh9,10,0,1,835.251,0,7.45093,8.63653,nan,nan,0,0.108,0.096,0.0983333
juelich_pilot_d30_r10_log_distance_s02_w1,juelich,12345,2,2,log-distance,47,48,veh6,veh0,10,10,0,462.228,1,6.70937,13.4395,-79.9748,17.0015,10,0.092,0.128,0.0983333
juelich_pilot_d30_r10_log_distance_s02_w1,juelich,12345,2,2,log-distance,47,48,veh6,veh1,10,10,0,280.05,1,6.70937,8.32588,-75.6219,21.3544,10,0.092,0.092,0.0983333
juelich_pilot_d30_r10_log_distance_s02_w1,juelich,12345,2,2,log-distance,47,48,veh6,veh10,10,10,0,20.9647,1,6.70937,10.5999,-53.0687,43.9076,10,0.092,0.092,0.0983333
juelich_pilot_d30_r10_log_distance_s02_w1,juelich,12345,2,2,log-distance,47,48,veh6,veh11,10,10,0,251.719,1,6.70937,6.5002,-74.6956,22.2807,10,0.092,0.092,0.0983333
juelich_pilot_d30_r10_log_distance_s02_w1,juelich,12345,2,2,log-distance,47,48,veh6,veh12,10,10,0,290.738,1,6.70937,8.61032,-75.9477,21.0286,10,0.092,0.092,0.0983333
juelich_pilot_d30_r10_log_distance_s02_w1,juelich,12345,2,2,log-distance,47,48,veh6,veh13,10,10,0,224.04,1,6.70937,7.56559,-73.6833,23.293,10,0.092,0.128,0.0983333
juelich_pilot_d30_r10_log_distance_s02_w1,juelich,12345,2,2,log-distance,47,48,veh6,veh14,10,10,0,389.689,1,6.70937,14.9664,-78.4918,18.4845,10,0.092,0.092,0.0983333
juelich_pilot_d30_r10_log_distance_s02_w1,juelich,12345,2,2,log-distance,47,48,veh6,veh15,10,0,1,898.046,0,6.70937,9.22899,nan,nan,0,0.092,0.098,0.0983333
juelich_pilot_d30_r10_log_distance_s02_w1,juelich,12345,2,2,log-distance,47,48,veh6,veh17,10,0,1,906.775,0,6.70937,3.3368,nan,nan,0,0.092,0.108,0.0983333
juelich_pilot_d30_r10_log_distance_s02_w1,juelich,12345,2,2,log-distance,47,48,veh6,veh4,10,10,0,128.533,1,6.70937,9.53598,-68.8578,28.1185,10,0.092,0.128,0.0983333
juelich_pilot_d30_r10_log_distance_s02_w1,juelich,12345,2,2,log-distance,47,48,veh6,veh5,10,0,1,877.572,0,6.70937,7.45093,nan,nan,0,0.092,0.108,0.0983333
juelich_pilot_d30_r10_log_distance_s02_w1,juelich,12345,2,2,log-distance,47,48,veh6,veh7,10,0,1,929.439,0,6.70937,11.1695,nan,nan,0,0.092,0.112,0.0983333
juelich_pilot_d30_r10_log_distance_s02_w1,juelich,12345,2,2,log-distance,47,48,veh6,veh9,10,10,0,201.504,1,6.70937,8.63653,-72.7623,24.214,10,0.092,0.096,0.0983333
juelich_pilot_d30_r10_log_distance_s02_w1,juelich,12345,2,2,log-distance,47,48,veh7,veh0,10,0,1,703.182,0,11.1695,13.4395,nan,nan,0,0.112,0.128,0.0983333
juelich_pilot_d30_r10_log_distance_s02_w1,juelich,12345,2,2,log-distance,47,48,veh7,veh1,10,0,1,847.674,0,11.1695,8.32588,nan,nan,0,0.112,0.092,0.0983333
juelich_pilot_d30_r10_log_distance_s02_w1,juelich,12345,2,2,log-distance,47,48,veh7,veh10,10,0,1,937.414,0,11.1695,10.5999,nan,nan,0,0.112,0.092,0.0983333
juelich_pilot_d30_r10_log_distance_s02_w1,juelich,12345,2,2,log-distance,47,48,veh7,veh11,10,0,1,839.45,0,11.1695,6.5002,nan,nan,0,0.112,0.092,0.0983333
juelich_pilot_d30_r10_log_distance_s02_w1,juelich,12345,2,2,log-distance,47,48,veh7,veh13,10,0,1,767.33,0,11.1695,7.56559,nan,nan,0,0.112,0.128,0.0983333
juelich_pilot_d30_r10_log_distance_s02_w1,juelich,12345,2,2,log-distance,47,48,veh7,veh15,10,10,0,496.42,1,11.1695,9.22899,-80.5947,16.3816,10,0.112,0.098,0.0983333
juelich_pilot_d30_r10_log_distance_s02_w1,juelich,12345,2,2,log-distance,47,48,veh7,veh16,10,0,1,627.02,0,11.1695,8.85358,nan,nan,0,0.112,0.078,0.0983333
juelich_pilot_d30_r10_log_distance_s02_w1,juelich,12345,2,2,log-distance,47,48,veh7,veh17,10,10,0,150.581,1,11.1695,3.3368,-70.2331,26.7432,10,0.112,0.108,0.0983333
juelich_pilot_d30_r10_log_distance_s02_w1,juelich,12345,2,2,log-distance,47,48,veh7,veh2,10,4,0.6,584.594,0,11.1695,0,-81.9695,15.0068,4,0.112,0.068,0.0983333
juelich_pilot_d30_r10_log_distance_s02_w1,juelich,12345,2,2,log-distance,47,48,veh7,veh3,10,10,0,395.459,1,11.1695,12.7408,-78.6197,18.3566,10,0.112,0.078,0.0983333
juelich_pilot_d30_r10_log_distance_s02_w1,juelich,12345,2,2,log-distance,47,48,veh7,veh4,10,0,1,800.923,0,11.1695,9.53598,nan,nan,0,0.112,0.128,0.0983333
juelich_pilot_d30_r10_log_distance_s02_w1,juelich,12345,2,2,log-distance,47,48,veh7,veh5,10,10,0,281.918,1,11.1695,7.45093,-75.6796,21.2966,10,0.112,0.108,0.0983333
juelich_pilot_d30_r10_log_distance_s02_w1,juelich,12345,2,2,log-distance,47,48,veh7,veh6,10,0,1,929.439,0,11.1695,6.70937,nan,nan,0,0.112,0.092,0.0983333
juelich_pilot_d30_r10_log_distance_s02_w1,juelich,12345,2,2,log-distance,47,48,veh7,veh8,10,10,0,281.185,1,11.1695,6.55642,-75.6572,21.3191,10,0.112,0.088,0.0983333
juelich_pilot_d30_r10_log_distance_s02_w1,juelich,12345,2,2,log-distance,47,48,veh7,veh9,10,0,1,826.264,0,11.1695,8.63653,nan,nan,0,0.112,0.096,0.0983333
juelich_pilot_d30_r10_log_distance_s02_w1,juelich,12345,2,2,log-distance,47,48,veh8,veh0,10,0,1,956.984,0,6.55642,13.4395,nan,nan,0,0.088,0.128,0.0983333
juelich_pilot_d30_r10_log_distance_s02_w1,juelich,12345,2,2,log-distance,47,48,veh8,veh1,10,0,1,954.331,0,6.55642,8.32588,nan,nan,0,0.088,0.092,0.0983333
juelich_pilot_d30_r10_log_distance_s02_w1,juelich,12345,2,2,log-distance,47,48,veh8,veh11,10,0,1,955.091,0,6.55642,6.5002,nan,nan,0,0.088,0.092,0.0983333
juelich_pilot_d30_r10_log_distance_s02_w1,juelich,12345,2,2,log-distance,47,48,veh8,veh13,10,0,1,976.877,0,6.55642,7.56559,nan,nan,0,0.088,0.128,0.0983333
juelich_pilot_d30_r10_log_distance_s02_w1,juelich,12345,2,2,log-distance,47,48,veh8,veh15,10,0,1,773.761,0,6.55642,9.22899,nan,nan,0,0.088,0.098,0.0983333
juelich_pilot_d30_r10_log_distance_s02_w1,juelich,12345,2,2,log-distance,47,48,veh8,veh16,10,0,1,732.141,0,6.55642,8.85358,nan,nan,0,0.088,0.078,0.0983333
juelich_pilot_d30_r10_log_distance_s02_w1,juelich,12345,2,2,log-distance,47,48,veh8,veh17,10,10,0,427.026,1,6.55642,3.3368,-79.2867,17.6896,10,0.088,0.108,0.0983333
juelich_pilot_d30_r10_log_distance_s02_w1,juelich,12345,2,2,log-distance,47,48,veh8,veh2,10,10,0,389.584,1,6.55642,0,-78.4897,18.4866,10,0.088,0.068,0.0983333
juelich_pilot_d30_r10_log_distance_s02_w1,juelich,12345,2,2,log-distance,47,48,veh8,veh3,10,10,0,260.925,1,6.55642,12.7408,-75.008,21.9683,10,0.088,0.078,0.0983333
juelich_pilot_d30_r10_log_distance_s02_w1,juelich,12345,2,2,log-distance,47,48,veh8,veh4,10,0,1,976.737,0,6.55642,9.53598,nan,nan,0,0.088,0.128,0.0983333
juelich_pilot_d30_r10_log_distance_s02_w1,juelich,12345,2,2,log-distance,47,48,veh8,veh5,10,10,0,560.117,0,6.55642,7.45093,-81.6433,15.333,10,0.088,0.108,0.0983333
juelich_pilot_d30_r10_log_distance_s02_w1,juelich,12345,2,2,log-distance,47,48,veh8,veh7,10,10,0,281.185,1,6.55642,11.1695,-75.6572,21.3191,10,0.088,0.112,0.0983333
juelich_pilot_d30_r10_log_distance_s02_w1,juelich,12345,2,2,log-distance,47,48,veh8,veh9,10,0,1,958.535,0,6.55642,8.63653,nan,nan,0,0.088,0.096,0.0983333
juelich_pilot_d30_r10_log_distance_s02_w1,juelich,12345,2,2,log-distance,47,48,veh9,veh0,10,10,0,538.214,0,8.63653,13.4395,-81.2968,15.6795,10,0.096,0.128,0.0983333
juelich_pilot_d30_r10_log_distance_s02_w1,juelich,12345,2,2,log-distance,47,48,veh9,veh1,10,10,0,90.4744,1,8.63653,8.32588,-65.8082,31.1681,10,0.096,0.092,0.0983333
juelich_pilot_d30_r10_log_distance_s02_w1,juelich,12345,2,2,log-distance,47,48,veh9,veh10,10,10,0,191.417,1,8.63653,10.5999,-72.3173,24.659,10,0.096,0.092,0.0983333
juelich_pilot_d30_r10_log_distance_s02_w1,juelich,12345,2,2,log-distance,47,48,veh9,veh11,10,10,0,59.0292,1,8.63653,6.5002,-62.0985,34.8777,10,0.096,0.092,0.0983333
juelich_pilot_d30_r10_log_distance_s02_w1,juelich,12345,2,2,log-distance,47,48,veh9,veh12,10,10,0,489.897,1,8.63653,8.61032,-80.4795,16.4968,10,0.096,0.092,0.0983333
juelich_pilot_d30_r10_log_distance_s02_w1,juelich,12345,2,2,log-distance,47,48,veh9,veh13,10,10,0,307.39,1,8.63653,7.56559,-76.4311,20.5452,10,0.096,0.128,0.0983333
juelich_pilot_d30_r10_log_distance_s02_w1,juelich,12345,2,2,log-distance,47,48,veh9,veh14,10,3,0.7,587.517,0,8.63653,14.9664,-81.9564,15.0199,3,0.096,0.092,0.0983333
juelich_pilot_d30_r10_log_distance_s02_w1,juelich,12345,2,2,log-distance,47,48,veh9,veh15,10,0,1,903.646,0,8.63653,9.22899,nan,nan,0,0.096,0.098,0.0983333
juelich_pilot_d30_r10_log_distance_s02_w1,juelich,12345,2,2,log-distance,47,48,veh9,veh17,10,0,1,834.83,0,8.63653,3.3368,nan,nan,0,0.096,0.108,0.0983333
juelich_pilot_d30_r10_log_distance_s02_w1,juelich,12345,2,2,log-distance,47,48,veh9,veh4,10,10,0,164.61,1,8.63653,9.53598,-71.0062,25.9701,10,0.096,0.128,0.0983333
juelich_pilot_d30_r10_log_distance_s02_w1,juelich,12345,2,2,log-distance,47,48,veh9,veh5,10,0,1,835.251,0,8.63653,7.45093,nan,nan,0,0.096,0.108,0.0983333
juelich_pilot_d30_r10_log_distance_s02_w1,juelich,12345,2,2,log-distance,47,48,veh9,veh6,10,10,0,201.504,1,8.63653,6.70937,-72.7623,24.214,10,0.096,0.092,0.0983333
juelich_pilot_d30_r10_log_distance_s02_w1,juelich,12345,2,2,log-distance,47,48,veh9,veh7,10,0,1,826.264,0,8.63653,11.1695,nan,nan,0,0.096,0.112,0.0983333
juelich_pilot_d30_r10_log_distance_s02_w1,juelich,12345,2,2,log-distance,47,48,veh9,veh8,10,0,1,958.535,0,8.63653,6.55642,nan,nan,0,0.096,0.088,0.0983333
juelich_pilot_d30_r10_log_distance_s02_w1,juelich,12345,2,2,log-distance,48,49,veh0,veh1,10,0,1,628.07,0,13.4601,8.32107,nan,nan,0,0.134,0.091,0.103737
juelich_pilot_d30_r10_log_distance_s02_w1,juelich,12345,2,2,log-distance,48,49,veh0,veh10,10,10,0,484.973,1,13.4601,7.84392,-80.392,16.5843,10,0.134,0.091,0.103737
juelich_pilot_d30_r10_log_distance_s02_w1,juelich,12345,2,2,log-distance,48,49,veh0,veh11,10,0,1,600.824,0,13.4601,5.97478,nan,nan,0,0.134,0.094,0.103737
juelich_pilot_d30_r10_log_distance_s02_w1,juelich,12345,2,2,log-distance,48,49,veh0,veh12,10,10,0,437.694,1,13.4601,8.58902,-79.5011,17.4752,10,0.134,0.091,0.103737
juelich_pilot_d30_r10_log_distance_s02_w1,juelich,12345,2,2,log-distance,48,49,veh0,veh13,10,10,0,258.642,1,13.4601,7.58675,-74.9304,22.0459,10,0.134,0.134,0.103737
juelich_pilot_d30_r10_log_distance_s02_w1,juelich,12345,2,2,log-distance,48,49,veh0,veh14,10,10,0,467.89,1,13.4601,14.9604,-80.0806,16.8957,10,0.134,0.091,0.103737
juelich_pilot_d30_r10_log_distance_s02_w1,juelich,12345,2,2,log-distance,48,49,veh0,veh15,10,10,0,457.702,1,13.4601,9.20788,-79.8891,17.0872,10,0.134,0.103,0.103737
juelich_pilot_d30_r10_log_distance_s02_w1,juelich,12345,2,2,log-distance,48,49,veh0,veh17,10,0,1,612.036,0,13.4601,5.53904,nan,nan,0,0.134,0.115,0.103737
juelich_pilot_d30_r10_log_distance_s02_w1,juelich,12345,2,2,log-distance,48,49,veh0,veh18,4,0,1,645.358,0,13.4735,0.38117,nan,nan,0,0.134,0.12,0.103737
juelich_pilot_d30_r10_log_distance_s02_w1,juelich,12345,2,2,log-distance,48,49,veh0,veh4,10,10,0,391.94,1,13.4601,9.87287,-78.542,18.4343,10,0.134,0.134,0.103737
juelich_pilot_d30_r10_log_distance_s02_w1,juelich,12345,2,2,log-distance,48,49,veh0,veh5,10,10,0,529.574,0,13.4601,8.06692,-81.1562,15.8201,10,0.134,0.117,0.103737
juelich_pilot_d30_r10_log_distance_s02_w1,juelich,12345,2,2,log-distance,48,49,veh0,veh6,10,10,0,467.094,1,13.4601,8.63624,-80.0658,16.9105,10,0.134,0.091,0.103737
juelich_pilot_d30_r10_log_distance_s02_w1,juelich,12345,2,2,log-distance,48,49,veh0,veh7,10,0,1,699.981,0,13.4601,11.2042,nan,nan,0,0.134,0.126,0.103737
juelich_pilot_d30_r10_log_distance_s02_w1,juelich,12345,2,2,log-distance,48,49,veh0,veh8,10,0,1,965.996,0,13.4601,3.07386,nan,nan,0,0.134,0.093,0.103737
juelich_pilot_d30_r10_log_distance_s02_w1,juelich,12345,2,2,log-distance,48,49,veh0,veh9,10,10,0,542.791,0,13.4601,8.6329,-81.3703,15.606,10,0.134,0.107,0.103737
juelich_pilot_d30_r10_log_distance_s02_w1,juelich,12345,2,2,log-distance,48,49,veh1,veh0,10,0,1,628.07,0,8.32107,13.4601,nan,nan,0,0.091,0.134,0.103737
juelich_pilot_d30_r10_log_distance_s02_w1,juelich,12345,2,2,log-distance,48,49,veh1,veh10,10,10,0,267.379,1,8.32107,7.84392,-75.2202,21.756,10,0.091,0.091,0.103737
juelich_pilot_d30_r10_log_distance_s02_w1,juelich,12345,2,2,log-distance,48,49,veh1,veh11,10,10,0,28.9116,1,8.32107,5.97478,-55.8969,41.0793,10,0.091,0.094,0.103737
juelich_pilot_d30_r10_log_distance_s02_w1,juelich,12345,2,2,log-distance,48,49,veh1,veh12,10,10,0,557.796,0,8.32107,8.58902,-81.607,15.3693,10,0.091,0.091,0.103737
juelich_pilot_d30_r10_log_distance_s02_w1,juelich,12345,2,2,log-distance,48,49,veh1,veh13,10,10,0,387.192,1,8.32107,7.58675,-78.436,18.5403,10,0.091,0.134,0.103737
juelich_pilot_d30_r10_log_distance_s02_w1,juelich,12345,2,2,log-distance,48,49,veh1,veh14,10,0,1,649.61,0,8.32107,14.9604,nan,nan,0,0.091,0.091,0.103737
juelich_pilot_d30_r10_log_distance_s02_w1,juelich,12345,2,2,log-distance,48,49,veh1,veh15,10,0,1,953.694,0,8.32107,9.20788,nan,nan,0,0.091,0.103,0.103737
juelich_pilot_d30_r10_log_distance_s02_w1,juelich,12345,2,2,log-distance,48,49,veh1,veh17,10,0,1,864.33,0,8.32107,5.53904,nan,nan,0,0.091,0.115,0.103737
juelich_pilot_d30_r10_log_distance_s02_w1,juelich,12345,2,2,log-distance,48,49,veh1,veh18,4,0,1,868.958,0,8.33259,0.38117,nan,nan,0,0.091,0.12,0.103737
juelich_pilot_d30_r10_log_distance_s02_w1,juelich,12345,2,2,log-distance,48,49,veh1,veh4,10,10,0,247.846,1,8.32107,9.87287,-74.561,22.4153,10,0.091,0.134,0.103737
juelich_pilot_d30_r10_log_distance_s02_w1,juelich,12345,2,2,log-distance,48,49,veh1,veh5,10,0,1,873.921,0,8.32107,8.06692,nan,nan,0,0.091,0.117,0.103737
juelich_pilot_d30_r10_log_distance_s02_w1,juelich,12345,2,2,log-distance,48,49,veh1,veh6,10,10,0,269.305,1,8.32107,8.63624,-75.282,21.6943,10,0.091,0.091,0.103737
juelich_pilot_d30_r10_log_distance_s02_w1,juelich,12345,2,2,log-distance,48,49,veh1,veh7,10,0,1,834.628,0,8.32107,11.2042,nan,nan,0,0.091,0.126,0.103737
juelich_pilot_d30_r10_log_distance_s02_w1,juelich,12345,2,2,log-distance,48,49,veh1,veh8,10,0,1,952.387,0,8.32107,3.07386,nan,nan,0,0.091,0.093,0.103737
juelich_pilot_d30_r10_log_distance_s02_w1,juelich,12345,2,2,log-distance,48,49,veh1,veh9,10,10,0,90.7896,1,8.32107,8.6329,-65.8384,31.1379,10,0.091,0.107,0.103737
juelich_pilot_d30_r10_log_distance_s02_w1,juelich,12345,2,2,log-distance,48,49,veh10,veh0,10,10,0,484.973,1,7.84392,13.4601,-80.392,16.5843,10,0.091,0.134,0.103737
juelich_pilot_d30_r10_log_distance_s02_w1,juelich,12345,2,2,log-distance,48,49,veh10,veh1,10,10,0,267.379,1,7.84392,8.32107,-75.2202,21.756,10,0.091,0.091,0.103737
juelich_pilot_d30_r10_log_distance_s02_w1,juelich,12345,2,2,log-distance,48,49,veh10,veh11,10,10,0,242.103,1,7.84392,5.97478,-74.3577,22.6186,10,0.091,0.094,0.103737
juelich_pilot_d30_r10_log_distance_s02_w1,juelich,12345,2,2,log-distance,48,49,veh10,veh12,10,10,0,291.543,1,7.84392,8.58902,-75.9711,21.0051,10,0.091,0.091,0.103737
juelich_pilot_d30_r10_log_distance_s02_w1,juelich,12345,2,2,log-distance,48,49,veh10,veh13,10,10,0,230.517,1,7.84392,7.58675,-73.931,23.0453,10,0.091,0.134,0.103737
juelich_pilot_d30_r10_log_distance_s02_w1,juelich,12345,2,2,log-distance,48,49,veh10,veh14,10,10,0,383.173,1,7.84392,14.9604,-78.3447,18.6316,10,0.091,0.091,0.103737
juelich_pilot_d30_r10_log_distance_s02_w1,juelich,12345,2,2,log-distance,48,49,veh10,veh15,10,0,1,900.835,0,7.84392,9.20788,nan,nan,0,0.091,0.103,0.103737
juelich_pilot_d30_r10_log_distance_s02_w1,juelich,12345,2,2,log-distance,48,49,veh10,veh17,10,0,1,912.099,0,7.84392,5.53904,nan,nan,0,0.091,0.115,0.103737
juelich_pilot_d30_r10_log_distance_s02_w1,juelich,12345,2,2,log-distance,48,49,veh10,veh18,4,0,1,928.386,0,6.60741,0.38117,nan,nan,0,0.091,0.12,0.103737
juelich_pilot_d30_r10_log_distance_s02_w1,juelich,12345,2,2,log-distance,48,49,veh10,veh4,10,10,0,146.598,1,7.84392,9.87287,-69.9988,26.9775,10,0.091,0.134,0.103737
juelich_pilot_d30_r10_log_distance_s02_w1,juelich,12345,2,2,log-distance,48,49,veh10,veh5,10,0,1,884.527,0,7.84392,8.06692,nan,nan,0,0.091,0.117,0.103737
juelich_pilot_d30_r10_log_distance_s02_w1,juelich,12345,2,2,log-distance,48,49,veh10,veh6,10,10,0,18.9012,1,7.84392,8.63624,-52.1946,44.7816,10,0.091,0.091,0.103737
juelich_pilot_d30_r10_log_distance_s02_w1,juelich,12345,2,2,log-distance,48,49,veh10,veh7,10,0,1,926.261,0,7.84392,11.2042,nan,nan,0,0.091,0.126,0.103737
juelich_pilot_d30_r10_log_distance_s02_w1,juelich,12345,2,2,log-distance,48,49,veh10,veh9,10,10,0,192.016,1,7.84392,8.6329,-72.3444,24.6319,10,0.091,0.107,0.103737
juelich_pilot_d30_r10_log_distance_s02_w1,juelich,12345,2,2,log-distance,48,49,veh11,veh0,10,0,1,600.824,0,5.97478,13.4601,nan,nan,0,0.094,0.134,0.103737
juelich_pilot_d30_r10_log_distance_s02_w1,juelich,12345,2,2,log-distance,48,49,veh11,veh1,10,10,0,28.9116,1,5.97478,8.32107,-55.8969,41.0793,10,0.094,0.091,0.103737
juelich_pilot_d30_r10_log_distance_s02_w1,juelich,12345,2,2,log-distance,48,49,veh11,veh10,10,10,0,242.103,1,5.97478,7.84392,-74.3577,22.6186,10,0.094,0.091,0.103737
juelich_pilot_d30_r10_log_distance_s02_w1,juelich,12345,2,2,log-distance,48,49,veh11,veh12,10,10,0,531.452,0,5.97478,8.58902,-81.1868,15.7895,10,0.094,0.091,0.103737
juelich_pilot_d30_r10_log_distance_s02_w1,juelich,12345,2,2,log-distance,48,49,veh11,veh13,10,10,0,358.596,1,5.97478,7.58675,-77.7697,19.2066,10,0.094,0.134,0.103737
juelich_pilot_d30_r10_log_distance_s02_w1,juelich,12345,2,2,log-distance,48,49,veh11,veh14,10,0,1,623.27,0,5.97478,14.9604,nan,nan,0,0.094,0.091,0.103737
juelich_pilot_d30_r10_log_distance_s02_w1,juelich,12345,2,2,log-distance,48,49,veh11,veh15,10,0,1,932.786,0,5.97478,9.20788,nan,nan,0,0.094,0.103,0.103737
juelich_pilot_d30_r10_log_distance_s02_w1,juelich,12345,2,2,log-distance,48,49,veh11,veh17,10,0,1,852.122,0,5.97478,5.53904,nan,nan,0,0.094,0.115,0.103737
juelich_pilot_d30_r10_log_distance_s02_w1,juelich,12345,2,2,log-distance,48,49,veh11,veh18,4,0,1,858.22,0,6.62738,0.38117,nan,nan,0,0.094,0.12,0.103737
juelich_pilot_d30_r10_log_distance_s02_w1,juelich,12345,2,2,log-distance,48,49,veh11,veh4,10,10,0,219.074,1,5.97478,9.87287,-73.4894,23.4869,10,0.094,0.134,0.103737
juelich_pilot_d30_r10_log_distance_s02_w1,juelich,12345,2,2,log-distance,48,49,veh11,veh5,10,0,1,858.088,0,5.97478,8.06692,nan,nan,0,0.094,0.117,0.103737
juelich_pilot_d30_r10_log_distance_s02_w1,juelich,12345,2,2,log-distance,48,49,veh11,veh6,10,10,0,243.076,1,5.97478,8.63624,-74.392,22.5842,10,0.094,0.091,0.103737
juelich_pilot_d30_r10_log_distance_s02_w1,juelich,12345,2,2,log-distance,48,49,veh11,veh7,10,0,1,827.18,0,5.97478,11.2042,nan,nan,0,0.094,0.126,0.103737
juelich_pilot_d30_r10_log_distance_s02_w1,juelich,12345,2,2,log-distance,48,49,veh11,veh8,10,0,1,953.41,0,5.97478,3.07386,nan,nan,0,0.094,0.093,0.103737
juelich_pilot_d30_r10_log_distance_s02_w1,juelich,12345,2,2,log-distance,48,49,veh11,veh9,10,10,0,61.8797,1,5.97478,8.6329,-62.508,34.4682,10,0.094,0.107,0.103737
juelich_pilot_d30_r10_log_distance_s02_w1,juelich,12345,2,2,log-distance,48,49,veh12,veh0,10,0,1,437.694,1,8.58902,13.4601,nan,nan,0,0.091,0.134,0.103737
juelich_pilot_d30_r10_log_distance_s02_w1,juelich,12345,2,2,log-distance,48,49,veh12,veh1,10,0,1,557.796,0,8.58902,8.32107,nan,nan,0,0.091,0.091,0.103737
juelich_pilot_d30_r10_log_distance_s02_w1,juelich,12345,2,2,log-distance,48,49,veh12,veh10,10,0,1,291.543,1,8.58902,7.84392,nan,nan,0,0.091,0.091,0.103737
juelich_pilot_d30_r10_log_distance_s02_w1,juelich,12345,2,2,log-distance,48,49,veh12,veh11,10,0,1,531.452,0,8.58902,5.97478,nan,nan,0,0.091,0.094,0.103737
juelich_pilot_d30_r10_log_distance_s02_w1,juelich,12345,2,2,log-distance,48,49,veh12,veh13,10,0,1,306.803,1,8.58902,7.58675,nan,nan,0,0.091,0.134,0.103737
juelich_pilot_d30_r10_log_distance_s02_w1,juelich,12345,2,2,log-distance,48,49,veh12,veh14,10,10,0,91.9196,1,8.58902,14.9604,-65.944,12.2915,10,0.091,0.091,0.103737
juelich_pilot_d30_r10_log_distance_s02_w1,juelich,12345,2,2,log-distance,48,49,veh12,veh15,10,0,1,895.198,0,8.58902,9.20788,nan,nan,0,0.091,0.103,0.103737
juelich_pilot_d30_r10_log_distance_s02_w1,juelich,12345,2,2,log-distance,48,49,veh12,veh4,10,0,1,361.536,1,8.58902,9.87287,nan,nan,0,0.091,0.134,0.103737
juelich_pilot_d30_r10_log_distance_s02_w1,juelich,12345,2,2,log-distance,48,49,veh12,veh5,10,0,1,949.078,0,8.58902,8.06692,nan,nan,0,0.091,0.117,0.103737
juelich_pilot_d30_r10_log_distance_s02_w1,juelich,12345,2,2,log-distance,48,49,veh12,veh6,10,0,1,288.496,1,8.58902,8.63624,nan,nan,0,0.091,0.091,0.103737
juelich_pilot_d30_r10_log_distance_s02_w1,juelich,12345,2,2,log-distance,48,49,veh12,veh9,10,0,1,476.45,1,8.58902,8.6329,nan,nan,0,0.091,0.107,0.103737
juelich_pilot_d30_r10_log_distance_s02_w1,juelich,12345,2,2,log-distance,48,49,veh13,veh0,10,10,0,258.642,1,7.58675,13.4601,-74.9304,4.49367,10,0.134,0.134,0.103737
juelich_pilot_d30_r10_log_distance_s02_w1,juelich,12345,2,2,log-distance,48,49,veh13,veh1,10,0,1,387.192,1,7.58675,8.32107,nan,nan,0,0.134,0.091,0.103737
juelich_pilot_d30_r10_log_distance_s02_w1,juelich,12345,2,2,log-distance,48,49,veh13,veh10,10,0,1,230.517,1,7.58675,7.84392,nan,nan,0,0.134,0.091,0.103737
juelich_pilot_d30_r10_log_distance_s02_w1,juelich,12345,2,2,log-distance,48,49,veh13,veh11,10,0,1,358.596,1,7.58675,5.97478,nan,nan,0,0.134,0.094,0.103737
juelich_pilot_d30_r10_log_distance_s02_w1,juelich,12345,2,2,log-distance,48,49,veh13,veh12,10,0,1,306.803,1,7.58675,8.58902,nan,nan,0,0.134,0.091,0.103737
juelich_pilot_d30_r10_log_distance_s02_w1,juelich,12345,2,2,log-distance,48,49,veh13,veh14,10,0,1,380.918,1,7.58675,14.9604,nan,nan,0,0.134,0.091,0.103737
juelich_pilot_d30_r10_log_distance_s02_w1,juelich,12345,2,2,log-distance,48,49,veh13,veh15,10,0,1,673.856,0,7.58675,9.20788,nan,nan,0,0.134,0.103,0.103737
juelich_pilot_d30_r10_log_distance_s02_w1,juelich,12345,2,2,log-distance,48,49,veh13,veh17,10,0,1,723.092,0,7.58675,5.53904,nan,nan,0,0.134,0.115,0.103737
juelich_pilot_d30_r10_log_distance_s02_w1,juelich,12345,2,2,log-distance,48,49,veh13,veh18,4,0,1,747.478,0,7.56846,0.38117,nan,nan,0,0.134,0.12,0.103737
juelich_pilot_d30_r10_log_distance_s02_w1,juelich,12345,2,2,log-distance,48,49,veh13,veh4,10,10,0,140.301,1,7.58675,9.87287,-69.6186,8.16942,10,0.134,0.134,0.103737
juelich_pilot_d30_r10_log_distance_s02_w1,juelich,12345,2,2,log-distance,48,49,veh13,veh5,10,0,1,677.975,0,7.58675,8.06692,nan,nan,0,0.134,0.117,0.103737
juelich_pilot_d30_r10_log_distance_s02_w1,juelich,12345,2,2,log-distance,48,49,veh13,veh6,10,0,1,212.095,1,7.58675,8.63624,nan,nan,0,0.134,0.091,0.103737
juelich_pilot_d30_r10_log_distance_s02_w1,juelich,12345,2,2,log-distance,48,49,veh13,veh7,10,0,1,763.789,0,7.58675,11.2042,nan,nan,0,0.134,0.126,0.103737
juelich_pilot_d30_r10_log_distance_s02_w1,juelich,12345,2,2,log-distance,48,49,veh13,veh8,10,0,1,983.566,0,7.58675,3.07386,nan,nan,0,0.134,0.093,0.103737
juelich_pilot_d30_r10_log_distance_s02_w1,juelich,12345,2,2,log-distance,48,49,veh13,veh9,10,5,0.5,297.452,1,7.58675,8.6329,-76.0736,4.01312,5,0.134,0.107,0.103737
juelich_pilot_d30_r10_log_distance_s02_w1,juelich,12345,2,2,log-distance,48,49,veh14,veh0,10,10,0,467.89,1,14.9604,13.4601,-80.0806,16.8957,10,0.091,0.134,0.103737
juelich_pilot_d30_r10_log_distance_s02_w1,juelich,12345,2,2,log-distance,48,49,veh14,veh1,10,0,1,649.61,0,14.9604,8.32107,nan,nan,0,0.091,0.091,0.103737
juelich_pilot_d30_r10_log_distance_s02_w1,juelich,12345,2,2,log-distance,48,49,veh14,veh10,10,10,0,383.173,1,14.9604,7.84392,-78.3447,18.6316,10,0.091,0.091,0.103737
juelich_pilot_d30_r10_log_distance_s02_w1,juelich,12345,2,2,log-distance,48,49,veh14,veh11,10,0,1,623.27,0,14.9604,5.97478,nan,nan,0,0.091,0.094,0.103737
juelich_pilot_d30_r10_log_distance_s02_w1,juelich,12345,2,2,log-distance,48,49,veh14,veh12,10,10,0,91.9196,1,14.9604,8.58902,-65.944,31.0323,10,0.091,0.091,0.103737
juelich_pilot_d30_r10_log_distance_s02_w1,juelich,12345,2,2,log-distance,48,49,veh14,veh13,10,10,0,380.918,1,14.9604,7.58675,-78.294,18.6823,10,0.091,0.134,0.103737
juelich_pilot_d30_r10_log_distance_s02_w1,juelich,12345,2,2,log-distance,48,49,veh14,veh15,10,0,1,919.462,0,14.9604,9.20788,nan,nan,0,0.091,0.103,0.103737
juelich_pilot_d30_r10_log_distance_s02_w1,juelich,12345,2,2,log-distance,48,49,veh14,veh4,10,10,0,449.532,1,14.9604,9.87287,-79.7329,17.2434,10,0.091,0.134,0.103737
juelich_pilot_d30_r10_log_distance_s02_w1,juelich,12345,2,2,log-distance,48,49,veh14,veh5,10,0,1,992.512,0,14.9604,8.06692,nan,nan,0,0.091,0.117,0.103737
juelich_pilot_d30_r10_log_distance_s02_w1,juelich,12345,2,2,log-distance,48,49,veh14,veh6,10,10,0,380.334,1,14.9604,8.63624,-78.2808,18.6955,10,0.091,0.091,0.103737
juelich_pilot_d30_r10_log_distance_s02_w1,juelich,12345,2,2,log-distance,48,49,veh14,veh9,10,10,0,568.115,0,14.9604,8.6329,-81.766,15.2103,10,0.091,0.107,0.103737
juelich_pilot_d30_r10_log_distance_s02_w1,juelich,12345,2,2,log-distance,48,49,veh15,veh0,10,10,0,457.702,1,9.20788,13.4601,-79.8891,17.0872,10,0.103,0.134,0.103737
juelich_pilot_d30_r10_log_distance_s02_w1,juelich,12345,2,2,log-distance,48,49,veh15,veh1,10,0,1,953.694,0,9.20788,8.32107,nan,nan,0,0.103,0.091,0.103737
juelich_pilot_d30_r10_log_distance_s02_w1,juelich,12345,2,2,log-distance,48,49,veh15,veh10,10,0,1,900.835,0,9.20788,7.84392,nan,nan,0,0.103,0.091,0.103737
juelich_pilot_d30_r10_log_distance_s02_w1,juelich,12345,2,2,log-distance,48,49,veh15,veh11,10,0,1,932.786,0,9.20788,5.97478,nan,nan,0,0.103,0.094,0.103737
juelich_pilot_d30_r10_log_distance_s02_w1,juelich,12345,2,2,log-distance,48,49,veh15,veh12,10,0,1,895.198,0,9.20788,8.58902,nan,nan,0,0.103,0.091,0.103737
juelich_pilot_d30_r10_log_distance_s02_w1,juelich,12345,2,2,log-distance,48,49,veh15,veh13,10,0,1,673.856,0,9.20788,7.58675,nan,nan,0,0.103,0.134,0.103737
juelich_pilot_d30_r10_log_distance_s02_w1,juelich,12345,2,2,log-distance,48,49,veh15,veh14,10,0,1,919.462,0,9.20788,14.9604,nan,nan,0,0.103,0.091,0.103737
juelich_pilot_d30_r10_log_distance_s02_w1,juelich,12345,2,2,log-distance,48,49,veh15,veh16,10,0,1,638.511,0,9.20788,11.0016,nan,nan,0,0.103,0.083,0.103737
juelich_pilot_d30_r10_log_distance_s02_w1,juelich,12345,2,2,log-distance,48,49,veh15,veh17,10,10,0,343.839,1,9.20788,5.53904,-77.4048,19.5715,10,0.103,0.115,0.103737
juelich_pilot_d30_r10_log_distance_s02_w1,juelich,12345,2,2,log-distance,48,49,veh15,veh18,4,4,0,381.984,1,9.21727,0.38117,-78.3186,18.6577,4,0.103,0.12,0.103737
juelich_pilot_d30_r10_log_distance_s02_w1,juelich,12345,2,2,log-distance,48,49,veh15,veh2,10,0,1,995.275,0,9.20788,0,nan,nan,0,0.103,0.073,0.103737
juelich_pilot_d30_r10_log_distance_s02_w1,juelich,12345,2,2,log-distance,48,49,veh15,veh3,10,0,1,789.918,0,9.20788,12.747,nan,nan,0,0.103,0.083,0.103737
juelich_pilot_d30_r10_log_distance_s02_w1,juelich,12345,2,2,log-distance,48,49,veh15,veh4,10,0,1,772.967,0,9.20788,9.87287,nan,nan,0,0.103,0.134,0.103737
juelich_pilot_d30_r10_log_distance_s02_w1,juelich,12345,2,2,log-distance,48,49,veh15,veh5,10,10,0,220.4,1,9.20788,8.06692,-73.5417,23.4345,10,0.103,0.117,0.103737
juelich_pilot_d30_r10_log_distance_s02_w1,juelich,12345,2,2,log-distance,48,49,veh15,veh6,10,0,1,882.202,0,9.20788,8.63624,nan,nan,0,0.103,0.091,0.103737
juelich_pilot_d30_r10_log_distance_s02_w1,juelich,12345,2,2,log-distance,48,49,veh15,veh7,10,10,0,491.919,1,9.20788,11.2042,-80.5155,16.4607,10,0.103,0.126,0.103737
juelich_pilot_d30_r10_log_distance_s02_w1,juelich,12345,2,2,log-distance,48,49,veh15,veh8,10,0,1,776.509,0,9.20788,3.07386,nan,nan,0,0.103,0.093,0.103737
juelich_pilot_d30_r10_log_distance_s02_w1,juelich,12345,2,2,log-distance,48,49,veh15,veh9,10,0,1,888.965,0,9.20788,8.6329,nan,nan,0,0.103,0.107,0.103737
juelich_pilot_d30_r10_log_distance_s02_w1,juelich,12345,2,2,log-distance,48,49,veh16,veh15,10,0,1,638.511,0,11.0016,9.20788,nan,nan,0,0.083,0.103,0.103737
juelich_pilot_d30_r10_log_distance_s02_w1,juelich,12345,2,2,log-distance,48,49,veh16,veh17,10,10,0,566.116,0,11.0016,5.53904,-81.7358,15.2405,10,0.083,0.115,0.103737
juelich_pilot_d30_r10_log_distance_s02_w1,juelich,12345,2,2,log-distance,48,49,veh16,veh18,4,4,0,559.885,0,11.636,0.38117,-81.6397,15.3366,4,0.083,0.12,0.103737
juelich_pilot_d30_r10_log_distance_s02_w1,juelich,12345,2,2,log-distance,48,49,veh16,veh2,10,0,1,647.21,0,11.0016,0,nan,nan,0,0.083,0.073,0.103737
juelich_pilot_d30_r10_log_distance_s02_w1,juelich,12345,2,2,log-distance,48,49,veh16,veh3,10,10,0,530.348,0,11.0016,12.747,-81.1687,15.8076,10,0.083,0.083,0.103737
juelich_pilot_d30_r10_log_distance_s02_w1,juelich,12345,2,2,log-distance,48,49,veh16,veh5,10,10,0,578.13,0,11.0016,8.06692,-81.9182,15.0581,10,0.083,0.117,0.103737
juelich_pilot_d30_r10_log_distance_s02_w1,juelich,12345,2,2,log-distance,48,49,veh16,veh7,10,0,1,625.962,0,11.0016,11.2042,nan,nan,0,0.083,0.126,0.103737
juelich_pilot_d30_r10_log_distance_s02_w1,juelich,12345,2,2,log-distance,48,49,veh16,veh8,10,0,1,726.831,0,11.0016,3.07386,nan,nan,0,0.083,0.093,0.103737
juelich_pilot_d30_r10_log_distance_s02_w1,juelich,12345,2,2,log-distance,48,49,veh17,veh0,10,0,1,612.036,0,5.53904,13.4601,nan,nan,0,0.115,0.134,0.103737
juelich_pilot_d30_r10_log_distance_s02_w1,juelich,12345,2,2,log-distance,48,49,veh17,veh1,10,0,1,864.33,0,5.53904,8.32107,nan,nan,0,0.115,0.091,0.103737
juelich_pilot_d30_r10_log_distance_s02_w1,juelich,12345,2,2,log-distance,48,49,veh17,veh10,10,0,1,912.099,0,5.53904,7.84392,nan,nan,0,0.115,0.091,0.103737
juelich_pilot_d30_r10_log_distance_s02_w1,juelich,12345,2,2,log-distance,48,49,veh17,veh11,10,0,1,852.122,0,5.53904,5.97478,nan,nan,0,0.115,0.094,0.103737
juelich_pilot_d30_r10_log_distance_s02_w1,juelich,12345,2,2,log-distance,48,49,veh17,veh13,10,0,1,723.092,0,5.53904,7.58675,nan,nan,0,0.115,0.134,0.103737
juelich_pilot_d30_r10_log_distance_s02_w1,juelich,12345,2,2,log-distance,48,49,veh17,veh15,10,10,0,343.839,1,5.53904,9.20788,-77.4048,19.5715,10,0.115,0.103,0.103737
juelich_pilot_d30_r10_log_distance_s02_w1,juelich,12345,2,2,log-distance,48,49,veh17,veh16,10,10,0,566.116,0,5.53904,11.0016,-81.7358,15.2405,10,0.115,0.083,0.103737
juelich_pilot_d30_r10_log_distance_s02_w1,juelich,12345,2,2,log-distance,48,49,veh17,veh18,4,4,0,40.1991,1,6.23436,0.38117,-58.7611,38.2152,4,0.115,0.12,0.103737
juelich_pilot_d30_r10_log_distance_s02_w1,juelich,12345,2,2,log-distance,48,49,veh17,veh2,10,0,1,690.294,0,5.53904,0,nan,nan,0,0.115,0.073,0.103737
juelich_pilot_d30_r10_log_distance_s02_w1,juelich,12345,2,2,log-distance,48,49,veh17,veh3,10,10,0,481.968,1,5.53904,12.747,-80.338,16.6383,10,0.115,0.083,0.103737
juelich_pilot_d30_r10_log_distance_s02_w1,juelich,12345,2,2,log-distance,48,49,veh17,veh4,10,0,1,766.195,0,5.53904,9.87287,nan,nan,0,0.115,0.134,0.103737
juelich_pilot_d30_r10_log_distance_s02_w1,juelich,12345,2,2,log-distance,48,49,veh17,veh5,10,10,0,123.892,1,5.53904,8.06692,-68.5367,28.4396,10,0.115,0.117,0.103737
juelich_pilot_d30_r10_log_distance_s02_w1,juelich,12345,2,2,log-distance,48,49,veh17,veh6,10,0,1,894.928,0,5.53904,8.63624,nan,nan,0,0.115,0.091,0.103737
juelich_pilot_d30_r10_log_distance_s02_w1,juelich,12345,2,2,log-distance,48,49,veh17,veh7,10,10,0,150.405,1,5.53904,11.2042,-70.2229,26.7533,10,0.115,0.126,0.103737
juelich_pilot_d30_r10_log_distance_s02_w1,juelich,12345,2,2,log-distance,48,49,veh17,veh8,10,10,0,432.808,1,5.53904,3.07386,-79.4036,17.5727,10,0.115,0.093,0.103737
juelich_pilot_d30_r10_log_distance_s02_w1,juelich,12345,2,2,log-distance,48,49,veh17,veh9,10,0,1,828.038,0,5.53904,8.6329,nan,nan,0,0.115,0.107,0.103737
juelich_pilot_d30_r10_log_distance_s02_w1,juelich,12345,2,2,log-distance,48,49,veh18,veh0,4,0,1,645.358,0,0.38117,13.4735,nan,nan,0,0.12,0.134,0.103737
juelich_pilot_d30_r10_log_distance_s02_w1,juelich,12345,2,2,log-distance,48,49,veh18,veh1,4,0,1,868.958,0,0.38117,8.33259,nan,nan,0,0.12,0.091,0.103737
juelich_pilot_d30_r10_log_distance_s02_w1,juelich,12345,2,2,log-distance,48,49,veh18,veh10,4,0,1,928.386,0,0.38117,6.60741,nan,nan,0,0.12,0.091,0.103737
juelich_pilot_d30_r10_log_distance_s02_w1,juelich,12345,2,2,log-distance,48,49,veh18,veh11,4,0,1,858.22,0,0.38117,6.62738,nan,nan,0,0.12,0.094,0.103737
juelich_pilot_d30_r10_log_distance_s02_w1,juelich,12345,2,2,log-distance,48,49,veh18,veh13,4,0,1,747.478,0,0.38117,7.56846,nan,nan,0,0.12,0.134,0.103737
juelich_pilot_d30_r10_log_distance_s02_w1,juelich,12345,2,2,log-distance,48,49,veh18,veh15,4,4,0,381.984,1,0.38117,9.21727,-78.3186,18.6577,4,0.12,0.103,0.103737
juelich_pilot_d30_r10_log_distance_s02_w1,juelich,12345,2,2,log-distance,48,49,veh18,veh16,4,4,0,559.885,0,0.38117,11.636,-81.6397,15.3366,4,0.12,0.083,0.103737
juelich_pilot_d30_r10_log_distance_s02_w1,juelich,12345,2,2,log-distance,48,49,veh18,veh17,4,4,0,40.1991,1,0.38117,6.23436,-58.7611,38.2152,4,0.12,0.115,0.103737
juelich_pilot_d30_r10_log_distance_s02_w1,juelich,12345,2,2,log-distance,48,49,veh18,veh2,4,0,1,654.438,0,0.38117,0,nan,nan,0,0.12,0.073,0.103737
juelich_pilot_d30_r10_log_distance_s02_w1,juelich,12345,2,2,log-distance,48,49,veh18,veh3,4,4,0,442.657,1,0.38117,12.7473,-79.599,17.3773,4,0.12,0.083,0.103737
juelich_pilot_d30_r10_log_distance_s02_w1,juelich,12345,2,2,log-distance,48,49,veh18,veh4,4,0,1,779.322,0,0.38117,10.2947,nan,nan,0,0.12,0.134,0.103737
juelich_pilot_d30_r10_log_distance_s02_w1,juelich,12345,2,2,log-distance,48,49,veh18,veh5,4,4,0,161.067,1,0.38117,8.06343,-70.8178,26.1585,4,0.12,0.117,0.103737
juelich_pilot_d30_r10_log_distance_s02_w1,juelich,12345,2,2,log-distance,48,49,veh18,veh6,4,0,1,909.131,0,0.38117,9.22304,nan,nan,0,0.12,0.091,0.103737
juelich_pilot_d30_r10_log_distance_s02_w1,juelich,12345,2,2,log-distance,48,49,veh18,veh7,4,4,0,115.642,1,0.38117,11.1993,-67.94,29.0363,4,0.12,0.126,0.103737
juelich_pilot_d30_r10_log_distance_s02_w1,juelich,12345,2,2,log-distance,48,49,veh18,veh8,4,4,0,394.963,1,0.38117,2.39886,-78.6088,18.3675,4,0.12,0.093,0.103737
juelich_pilot_d30_r10_log_distance_s02_w1,juelich,12345,2,2,log-distance,48,49,veh18,veh9,4,0,1,836.623,0,0.38117,8.62482,nan,nan,0,0.12,0.107,0.103737
juelich_pilot_d30_r10_log_distance_s02_w1,juelich,12345,2,2,log-distance,48,49,veh2,veh15,10,0,1,995.275,0,0,9.20788,nan,nan,0,0.073,0.103,0.103737
juelich_pilot_d30_r10_log_distance_s02_w1,juelich,12345,2,2,log-distance,48,49,veh2,veh16,10,0,1,647.21,0,0,11.0016,nan,nan,0,0.073,0.083,0.103737
juelich_pilot_d30_r10_log_distance_s02_w1,juelich,12345,2,2,log-distance,48,49,veh2,veh17,10,0,1,690.294,0,0,5.53904,nan,nan,0,0.073,0.115,0.103737
juelich_pilot_d30_r10_log_distance_s02_w1,juelich,12345,2,2,log-distance,48,49,veh2,veh18,4,0,1,654.438,0,0,0.38117,nan,nan,0,0.073,0.12,0.103737
juelich_pilot_d30_r10_log_distance_s02_w1,juelich,12345,2,2,log-distance,48,49,veh2,veh3,10,10,0,208.526,1,0,12.747,-73.0596,16.4061,10,0.073,0.083,0.103737
juelich_pilot_d30_r10_log_distance_s02_w1,juelich,12345,2,2,log-distance,48,49,veh2,veh5,10,0,1,800.378,0,0,8.06692,nan,nan,0,0.073,0.117,0.103737
juelich_pilot_d30_r10_log_distance_s02_w1,juelich,12345,2,2,log-distance,48,49,veh2,veh7,10,0,1,594.765,0,0,11.2042,nan,nan,0,0.073,0.126,0.103737
juelich_pilot_d30_r10_log_distance_s02_w1,juelich,12345,2,2,log-distance,48,49,veh2,veh8,10,10,0,391.685,1,0,3.07386,-78.5364,10.1242,10,0.073,0.093,0.103737
juelich_pilot_d30_r10_log_distance_s02_w1,juelich,12345,2,2,log-distance,48,49,veh3,veh15,10,0,1,789.918,0,12.747,9.20788,nan,nan,0,0.083,0.103,0.103737
juelich_pilot_d30_r10_log_distance_s02_w1,juelich,12345,2,2,log-distance,48,49,veh3,veh16,10,10,0,530.348,0,12.747,11.0016,-81.1687,15.8076,10,0.083,0.083,0.103737
juelich_pilot_d30_r10_log_distance_s02_w1,juelich,12345,2,2,log-distance,48,49,veh3,veh17,10,10,0,481.968,1,12.747,5.53904,-80.338,16.6383,10,0.083,0.115,0.103737
juelich_pilot_d30_r10_log_distance_s02_w1,juelich,12345,2,2,log-distance,48,49,veh3,veh18,4,4,0,442.657,1,12.7473,0.38117,-79.599,17.3773,4,0.083,0.12,0.103737
juelich_pilot_d30_r10_log_distance_s02_w1,juelich,12345,2,2,log-distance,48,49,veh3,veh2,10,10,0,208.526,1,12.747,0,-73.0596,23.9167,10,0.083,0.073,0.103737
juelich_pilot_d30_r10_log_distance_s02_w1,juelich,12345,2,2,log-distance,48,49,veh3,veh5,10,0,1,592.077,0,12.747,8.06692,nan,nan,0,0.083,0.117,0.103737
juelich_pilot_d30_r10_log_distance_s02_w1,juelich,12345,2,2,log-distance,48,49,veh3,veh7,10,10,0,393.773,1,12.747,11.2042,-78.5826,18.3937,10,0.083,0.126,0.103737
juelich_pilot_d30_r10_log_distance_s02_w1,juelich,12345,2,2,log-distance,48,49,veh3,veh8,10,10,0,258.315,1,12.747,3.07386,-74.9206,22.0557,10,0.083,0.093,0.103737
juelich_pilot_d30_r10_log_distance_s02_w1,juelich,12345,2,2,log-distance,48,49,veh4,veh0,10,10,0,391.94,1,9.87287,13.4601,-78.542,18.4343,10,0.134,0.134,0.103737
juelich_pilot_d30_r10_log_distance_s02_w1,juelich,12345,2,2,log-distance,48,49,veh4,veh1,10,10,0,247.846,1,9.87287,8.32107,-74.561,22.4153,10,0.134,0.091,0.103737
juelich_pilot_d30_r10_log_distance_s02_w1,juelich,12345,2,2,log-distance,48,49,veh4,veh10,10,10,0,146.598,1,9.87287,7.84392,-69.9988,26.9775,10,0.134,0.091,0.103737
juelich_pilot_d30_r10_log_distance_s02_w1,juelich,12345,2,2,log-distance,48,49,veh4,veh11,10,10,0,219.074,1,9.87287,5.97478,-73.4894,23.4869,10,0.134,0.094,0.103737
juelich_pilot_d30_r10_log_distance_s02_w1,juelich,12345,2,2,log-distance,48,49,veh4,veh12,10,10,0,361.536,1,9.87287,8.58902,-77.8407,19.1356,10,0.134,0.091,0.103737
juelich_pilot_d30_r10_log_distance_s02_w1,juelich,12345,2,2,log-distance,48,49,veh4,veh13,10,10,0,140.301,1,9.87287,7.58675,-69.6186,27.3576,10,0.134,0.134,0.103737
juelich_pilot_d30_r10_log_distance_s02_w1,juelich,12345,2,2,log-distance,48,49,veh4,veh14,10,10,0,449.532,1,9.87287,14.9604,-79.7329,17.2434,10,0.134,0.091,0.103737
juelich_pilot_d30_r10_log_distance_s02_w1,juelich,12345,2,2,log-distance,48,49,veh4,veh15,10,0,1,772.967,0,9.87287,9.20788,nan,nan,0,0.134,0.103,0.103737
juelich_pilot_d30_r10_log_distance_s02_w1,juelich,12345,2,2,log-distance,48,49,veh4,veh17,10,0,1,766.195,0,9.87287,5.53904,nan,nan,0,0.134,0.115,0.103737
juelich_pilot_d30_r10_log_distance_s02_w1,juelich,12345,2,2,log-distance,48,49,veh4,veh18,4,0,1,779.322,0,10.2947,0.38117,nan,nan,0,0.134,0.12,0.103737
juelich_pilot_d30_r10_log_distance_s02_w1,juelich,12345,2,2,log-distance,48,49,veh4,veh5,10,0,1,742.263,0,9.87287,8.06692,nan,nan,0,0.134,0.117,0.103737
juelich_pilot_d30_r10_log_distance_s02_w1,juelich,12345,2,2,log-distance,48,49,veh4,veh6,10,10,0,130.366,1,9.87287,8.63624,-68.981,27.9953,10,0.134,0.091,0.103737
juelich_pilot_d30_r10_log_distance_s02_w1,juelich,12345,2,2,log-distance,48,49,veh4,veh7,10,0,1,780.169,0,9.87287,11.2042,nan,nan,0,0.134,0.126,0.103737
juelich_pilot_d30_r10_log_distance_s02_w1,juelich,12345,2,2,log-distance,48,49,veh4,veh8,10,0,1,966.747,0,9.87287,3.07386,nan,nan,0,0.134,0.093,0.103737
juelich_pilot_d30_r10_log_distance_s02_w1,juelich,12345,2,2,log-distance,48,49,veh4,veh9,10,10,0,157.564,1,9.87287,8.6329,-70.6261,26.3501,10,0.134,0.107,0.103737
juelich_pilot_d30_r10_log_distance_s02_w1,juelich,12345,2,2,log-distance,48,49,veh5,veh0,10,10,0,529.574,0,8.06692,13.4601,-81.1562,14.7243,10,0.117,0.134,0.103737
juelich_pilot_d30_r10_log_distance_s02_w1,juelich,12345,2,2,log-distance,48,49,veh5,veh1,10,0,1,873.921,0,8.06692,8.32107,nan,nan,0,0.117,0.091,0.103737
juelich_pilot_d30_r10_log_distance_s02_w1,juelich,12345,2,2,log-distance,48,49,veh5,veh10,10,0,1,884.527,0,8.06692,7.84392,nan,nan,0,0.117,0.091,0.103737
juelich_pilot_d30_r10_log_distance_s02_w1,juelich,12345,2,2,log-distance,48,49,veh5,veh11,10,0,1,858.088,0,8.06692,5.97478,nan,nan,0,0.117,0.094,0.103737
juelich_pilot_d30_r10_log_distance_s02_w1,juelich,12345,2,2,log-distance,48,49,veh5,veh12,10,0,1,949.078,0,8.06692,8.58902,nan,nan,0,0.117,0.091,0.103737
juelich_pilot_d30_r10_log_distance_s02_w1,juelich,12345,2,2,log-distance,48,49,veh5,veh13,10,0,1,677.975,0,8.06692,7.58675,nan,nan,0,0.117,0.134,0.103737
juelich_pilot_d30_r10_log_distance_s02_w1,juelich,12345,2,2,log-distance,48,49,veh5,veh14,10,0,1,992.512,0,8.06692,14.9604,nan,nan,0,0.117,0.091,0.103737
juelich_pilot_d30_r10_log_distance_s02_w1,juelich,12345,2,2,log-distance,48,49,veh5,veh15,10,10,0,220.4,1,8.06692,9.20788,-73.5417,22.1613,10,0.117,0.103,0.103737
juelich_pilot_d30_r10_log_distance_s02_w1,juelich,12345,2,2,log-distance,48,49,veh5,veh16,10,9,0.1,578.13,0,8.06692,11.0016,-81.9185,15.0577,9,0.117,0.083,0.103737
juelich_pilot_d30_r10_log_distance_s02_w1,juelich,12345,2,2,log-distance,48,49,veh5,veh17,10,10,0,123.892,1,8.06692,5.53904,-68.5367,26.6753,10,0.117,0.115,0.103737
juelich_pilot_d30_r10_log_distance_s02_w1,juelich,12345,2,2,log-distance,48,49,veh5,veh18,4,4,0,161.067,1,8.06343,0.38117,-70.8178,26.1585,4,0.117,0.12,0.103737
juelich_pilot_d30_r10_log_distance_s02_w1,juelich,12345,2,2,log-distance,48,49,veh5,veh2,10,0,1,800.378,0,8.06692,0,nan,nan,0,0.117,0.073,0.103737
juelich_pilot_d30_r10_log_distance_s02_w1,juelich,12345,2,2,log-distance,48,49,veh5,veh3,10,0,1,592.077,0,8.06692,12.747,nan,nan,0,0.117,0.083,0.103737
juelich_pilot_d30_r10_log_distance_s02_w1,juelich,12345,2,2,log-distance,48,49,veh5,veh4,10,0,1,742.263,0,8.06692,9.87287,nan,nan,0,0.117,0.134,0.103737
juelich_pilot_d30_r10_log_distance_s02_w1,juelich,12345,2,2,log-distance,48,49,veh5,veh6,10,0,1,866.527,0,8.06692,8.63624,nan,nan,0,0.117,0.091,0.103737
juelich_pilot_d30_r10_log_distance_s02_w1,juelich,12345,2,2,log-distance,48,49,veh5,veh7,10,9,0.1,271.656,1,8.06692,11.2042,-75.3596,21.6167,9,0.117,0.126,0.103737
juelich_pilot_d30_r10_log_distance_s02_w1,juelich,12345,2,2,log-distance,48,49,veh5,veh8,10,9,0.1,556.656,0,8.06692,3.07386,-81.5898,15.3865,9,0.117,0.093,0.103737
juelich_pilot_d30_r10_log_distance_s02_w1,juelich,12345,2,2,log-distance,48,49,veh5,veh9,10,0,1,825.894,0,8.06692,8.6329,nan,nan,0,0.117,0.107,0.103737
juelich_pilot_d30_r10_log_distance_s02_w1,juelich,12345,2,2,log-distance,48,49,veh6,veh0,10,10,0,467.094,1,8.63624,13.4601,-80.0658,16.9105,10,0.091,0.134,0.103737
juelich_pilot_d30_r10_log_distance_s02_w1,juelich,12345,2,2,log-distance,48,49,veh6,veh1,10,10,0,269.305,1,8.63624,8.32107,-75.282,21.6943,10,0.091,0.091,0.103737
juelich_pilot_d30_r10_log_distance_s02_w1,juelich,12345,2,2,log-distance,48,49,veh6,veh10,10,10,0,18.9012,1,8.63624,7.84392,-52.1946,44.7816,10,0.091,0.091,0.103737
juelich_pilot_d30_r10_log_distance_s02_w1,juelich,12345,2,2,log-distance,48,49,veh6,veh11,10,10,0,243.076,1,8.63624,5.97478,-74.392,22.5842,10,0.091,0.094,0.103737
juelich_pilot_d30_r10_log_distance_s02_w1,juelich,12345,2,2,log-distance,48,49,veh6,veh12,10,10,0,288.496,1,8.63624,8.58902,-75.8805,21.0958,10,0.091,0.091,0.103737
juelich_pilot_d30_r10_log_distance_s02_w1,juelich,12345,2,2,log-distance,48,49,veh6,veh13,10,10,0,212.095,1,8.63624,7.58675,-73.2071,23.7692,10,0.091,0.134,0.103737
juelich_pilot_d30_r10_log_distance_s02_w1,juelich,12345,2,2,log-distance,48,49,veh6,veh14,10,10,0,380.334,1,8.63624,14.9604,-78.2808,18.6955,10,0.091,0.091,0.103737
juelich_pilot_d30_r10_log_distance_s02_w1,juelich,12345,2,2,log-distance,48,49,veh6,veh15,10,0,1,882.202,0,8.63624,9.20788,nan,nan,0,0.091,0.103,0.103737
juelich_pilot_d30_r10_log_distance_s02_w1,juelich,12345,2,2,log-distance,48,49,veh6,veh17,10,0,1,894.928,0,8.63624,5.53904,nan,nan,0,0.091,0.115,0.103737
juelich_pilot_d30_r10_log_distance_s02_w1,juelich,12345,2,2,log-distance,48,49,veh6,veh18,4,0,1,909.131,0,9.22304,0.38117,nan,nan,0,0.091,0.12,0.103737
juelich_pilot_d30_r10_log_distance_s02_w1,juelich,12345,2,2,log-distance,48,49,veh6,veh4,10,10,0,130.366,1,8.63624,9.87287,-68.981,27.9953,10,0.091,0.134,0.103737
juelich_pilot_d30_r10_log_distance_s02_w1,juelich,12345,2,2,log-distance,48,49,veh6,veh5,10,0,1,866.527,0,8.63624,8.06692,nan,nan,0,0.091,0.117,0.103737
juelich_pilot_d30_r10_log_distance_s02_w1,juelich,12345,2,2,log-distance,48,49,veh6,veh7,10,0,1,910.506,0,8.63624,11.2042,nan,nan,0,0.091,0.126,0.103737
juelich_pilot_d30_r10_log_distance_s02_w1,juelich,12345,2,2,log-distance,48,49,veh6,veh9,10,10,0,190.031,1,8.63624,8.6329,-72.2528,24.7235,10,0.091,0.107,0.103737
juelich_pilot_d30_r10_log_distance_s02_w1,juelich,12345,2,2,log-distance,48,49,veh7,veh0,10,0,1,699.981,0,11.2042,13.4601,nan,nan,0,0.126,0.134,0.103737
juelich_pilot_d30_r10_log_distance_s02_w1,juelich,12345,2,2,log-distance,48,49,veh7,veh1,10,0,1,834.628,0,11.2042,8.32107,nan,nan,0,0.126,0.091,0.103737
juelich_pilot_d30_r10_log_distance_s02_w1,juelich,12345,2,2,log-distance,48,49,veh7,veh10,10,0,1,926.261,0,11.2042,7.84392,nan,nan,0,0.126,0.091,0.103737
juelich_pilot_d30_r10_log_distance_s02_w1,juelich,12345,2,2,log-distance,48,49,veh7,veh11,10,0,1,827.18,0,11.2042,5.97478,nan,nan,0,0.126,0.094,0.103737
juelich_pilot_d30_r10_log_distance_s02_w1,juelich,12345,2,2,log-distance,48,49,veh7,veh13,10,0,1,763.789,0,11.2042,7.58675,nan,nan,0,0.126,0.134,0.103737
juelich_pilot_d30_r10_log_distance_s02_w1,juelich,12345,2,2,log-distance,48,49,veh7,veh15,10,10,0,491.919,1,11.2042,9.20788,-80.5155,16.4607,10,0.126,0.103,0.103737
juelich_pilot_d30_r10_log_distance_s02_w1,juelich,12345,2,2,log-distance,48,49,veh7,veh16,10,0,1,625.962,0,11.2042,11.0016,nan,nan,0,0.126,0.083,0.103737
juelich_pilot_d30_r10_log_distance_s02_w1,juelich,12345,2,2,log-distance,48,49,veh7,veh17,10,10,0,150.405,1,11.2042,5.53904,-70.2229,26.7533,10,0.126,0.115,0.103737
juelich_pilot_d30_r10_log_distance_s02_w1,juelich,12345,2,2,log-distance,48,49,veh7,veh18,4,4,0,115.642,1,11.1993,0.38117,-67.94,29.0363,4,0.126,0.12,0.103737
juelich_pilot_d30_r10_log_distance_s02_w1,juelich,12345,2,2,log-distance,48,49,veh7,veh2,10,0,1,594.765,0,11.2042,0,nan,nan,0,0.126,0.073,0.103737
juelich_pilot_d30_r10_log_distance_s02_w1,juelich,12345,2,2,log-distance,48,49,veh7,veh3,10,10,0,393.773,1,11.2042,12.747,-78.5826,18.3937,10,0.126,0.083,0.103737
juelich_pilot_d30_r10_log_distance_s02_w1,juelich,12345,2,2,log-distance,48,49,veh7,veh4,10,0,1,780.169,0,11.2042,9.87287,nan,nan,0,0.126,0.134,0.103737
juelich_pilot_d30_r10_log_distance_s02_w1,juelich,12345,2,2,log-distance,48,49,veh7,veh5,10,10,0,271.656,1,11.2042,8.06692,-75.3577,21.6186,10,0.126,0.117,0.103737
juelich_pilot_d30_r10_log_distance_s02_w1,juelich,12345,2,2,log-distance,48,49,veh7,veh6,10,0,1,910.506,0,11.2042,8.63624,nan,nan,0,0.126,0.091,0.103737
juelich_pilot_d30_r10_log_distance_s02_w1,juelich,12345,2,2,log-distance,48,49,veh7,veh8,10,10,0,289.406,1,11.2042,3.07386,-75.9076,21.0687,10,0.126,0.093,0.103737
juelich_pilot_d30_r10_log_distance_s02_w1,juelich,12345,2,2,log-distance,48,49,veh7,veh9,10,0,1,813.681,0,11.2042,8.6329,nan,nan,0,0.126,0.107,0.103737
juelich_pilot_d30_r10_log_distance_s02_w1,juelich,12345,2,2,log-distance,48,49,veh8,veh0,10,0,1,965.996,0,3.07386,13.4601,nan,nan,0,0.093,0.134,0.103737
juelich_pilot_d30_r10_log_distance_s02_w1,juelich,12345,2,2,log-distance,48,49,veh8,veh1,10,0,1,952.387,0,3.07386,8.32107,nan,nan,0,0.093,0.091,0.103737
juelich_pilot_d30_r10_log_distance_s02_w1,juelich,12345,2,2,log-distance,48,49,veh8,veh11,10,0,1,953.41,0,3.07386,5.97478,nan,nan,0,0.093,0.094,0.103737
juelich_pilot_d30_r10_log_distance_s02_w1,juelich,12345,2,2,log-distance,48,49,veh8,veh13,10,0,1,983.566,0,3.07386,7.58675,nan,nan,0,0.093,0.134,0.103737
juelich_pilot_d30_r10_log_distance_s02_w1,juelich,12345,2,2,log-distance,48,49,veh8,veh15,10,0,1,776.509,0,3.07386,9.20788,nan,nan,0,0.093,0.103,0.103737
juelich_pilot_d30_r10_log_distance_s02_w1,juelich,12345,2,2,log-distance,48,49,veh8,veh16,10,0,1,726.831,0,3.07386,11.0016,nan,nan,0,0.093,0.083,0.103737
juelich_pilot_d30_r10_log_distance_s02_w1,juelich,12345,2,2,log-distance,48,49,veh8,veh17,10,9,0.1,432.808,1,3.07386,5.53904,-79.403,17.5733,9,0.093,0.115,0.103737
juelich_pilot_d30_r10_log_distance_s02_w1,juelich,12345,2,2,log-distance,48,49,veh8,veh18,4,4,0,394.963,1,2.39886,0.38117,-78.6088,18.3675,4,0.093,0.12,0.103737
juelich_pilot_d30_r10_log_distance_s02_w1,juelich,12345,2,2,log-distance,48,49,veh8,veh2,10,10,0,391.685,1,3.07386,0,-78.5364,17.1911,10,0.093,0.073,0.103737
juelich_pilot_d30_r10_log_distance_s02_w1,juelich,12345,2,2,log-distance,48,49,veh8,veh3,10,10,0,258.315,1,3.07386,12.747,-74.9206,20.5554,10,0.093,0.083,0.103737
juelich_pilot_d30_r10_log_distance_s02_w1,juelich,12345,2,2,log-distance,48,49,veh8,veh4,10,0,1,966.747,0,3.07386,9.87287,nan,nan,0,0.093,0.134,0.103737
juelich_pilot_d30_r10_log_distance_s02_w1,juelich,12345,2,2,log-distance,48,49,veh8,veh5,10,9,0.1,556.656,0,3.07386,8.06692,-81.5898,15.3865,9,0.093,0.117,0.103737
juelich_pilot_d30_r10_log_distance_s02_w1,juelich,12345,2,2,log-distance,48,49,veh8,veh7,10,9,0.1,289.406,1,3.07386,11.2042,-75.9063,21.07,9,0.093,0.126,0.103737
juelich_pilot_d30_r10_log_distance_s02_w1,juelich,12345,2,2,log-distance,48,49,veh8,veh9,10,0,1,957.743,0,3.07386,8.6329,nan,nan,0,0.093,0.107,0.103737
juelich_pilot_d30_r10_log_distance_s02_w1,juelich,12345,2,2,log-distance,48,49,veh9,veh0,10,10,0,542.791,0,8.6329,13.4601,-81.3703,15.606,10,0.107,0.134,0.103737
juelich_pilot_d30_r10_log_distance_s02_w1,juelich,12345,2,2,log-distance,48,49,veh9,veh1,10,10,0,90.7896,1,8.6329,8.32107,-65.8384,31.1379,10,0.107,0.091,0.103737
juelich_pilot_d30_r10_log_distance_s02_w1,juelich,12345,2,2,log-distance,48,49,veh9,veh10,10,10,0,192.016,1,8.6329,7.84392,-72.3444,24.6319,10,0.107,0.091,0.103737
juelich_pilot_d30_r10_log_distance_s02_w1,juelich,12345,2,2,log-distance,48,49,veh9,veh11,10,10,0,61.8797,1,8.6329,5.97478,-62.508,34.4682,10,0.107,0.094,0.103737
juelich_pilot_d30_r10_log_distance_s02_w1,juelich,12345,2,2,log-distance,48,49,veh9,veh12,10,10,0,476.45,1,8.6329,8.58902,-80.2378,16.7385,10,0.107,0.091,0.103737
juelich_pilot_d30_r10_log_distance_s02_w1,juelich,12345,2,2,log-distance,48,49,veh9,veh13,10,10,0,297.452,1,8.6329,7.58675,-76.1457,20.8306,10,0.107,0.134,0.103737
juelich_pilot_d30_r10_log_distance_s02_w1,juelich,12345,2,2,log-distance,48,49,veh9,veh14,10,10,0,568.115,0,8.6329,14.9604,-81.766,15.2103,10,0.107,0.091,0.103737
juelich_pilot_d30_r10_log_distance_s02_w1,juelich,12345,2,2,log-distance,48,49,veh9,veh15,10,0,1,888.965,0,8.6329,9.20788,nan,nan,0,0.107,0.103,0.103737
juelich_pilot_d30_r10_log_distance_s02_w1,juelich,12345,2,2,log-distance,48,49,veh9,veh17,10,0,1,828.038,0,8.6329,5.53904,nan,nan,0,0.107,0.115,0.103737
juelich_pilot_d30_r10_log_distance_s02_w1,juelich,12345,2,2,log-distance,48,49,veh9,veh18,4,0,1,836.623,0,8.62482,0.38117,nan,nan,0,0.107,0.12,0.103737
juelich_pilot_d30_r10_log_distance_s02_w1,juelich,12345,2,2,log-distance,48,49,veh9,veh4,10,10,0,157.564,1,8.6329,9.87287,-70.6261,26.3501,10,0.107,0.134,0.103737
juelich_pilot_d30_r10_log_distance_s02_w1,juelich,12345,2,2,log-distance,48,49,veh9,veh5,10,0,1,825.894,0,8.6329,8.06692,nan,nan,0,0.107,0.117,0.103737
juelich_pilot_d30_r10_log_distance_s02_w1,juelich,12345,2,2,log-distance,48,49,veh9,veh6,10,10,0,190.031,1,8.6329,8.63624,-72.2528,24.7235,10,0.107,0.091,0.103737
juelich_pilot_d30_r10_log_distance_s02_w1,juelich,12345,2,2,log-distance,48,49,veh9,veh7,10,0,1,813.681,0,8.6329,11.2042,nan,nan,0,0.107,0.126,0.103737
juelich_pilot_d30_r10_log_distance_s02_w1,juelich,12345,2,2,log-distance,48,49,veh9,veh8,10,0,1,957.743,0,8.6329,3.07386,nan,nan,0,0.107,0.093,0.103737
juelich_pilot_d30_r10_log_distance_s02_w1,juelich,12345,2,2,log-distance,49,50,veh0,veh1,10,0,1,632.886,0,13.4651,8.33073,nan,nan,0,0.139,0.101,0.109526
juelich_pilot_d30_r10_log_distance_s02_w1,juelich,12345,2,2,log-distance,49,50,veh0,veh10,10,10,0,489.588,1,13.4651,6.53279,-80.4743,16.502,10,0.139,0.093,0.109526
juelich_pilot_d30_r10_log_distance_s02_w1,juelich,12345,2,2,log-distance,49,50,veh0,veh11,10,0,1,606.951,0,13.4651,7.29568,nan,nan,0,0.139,0.103,0.109526
juelich_pilot_d30_r10_log_distance_s02_w1,juelich,12345,2,2,log-distance,49,50,veh0,veh12,10,10,0,432.691,1,13.4651,8.61524,-79.4012,17.5751,10,0.139,0.093,0.109526
juelich_pilot_d30_r10_log_distance_s02_w1,juelich,12345,2,2,log-distance,49,50,veh0,veh13,10,10,0,273.932,1,13.4651,7.56829,-75.4294,21.5468,10,0.139,0.139,0.109526
juelich_pilot_d30_r10_log_distance_s02_w1,juelich,12345,2,2,log-distance,49,50,veh0,veh14,10,10,0,471.538,1,13.4651,14.9604,-80.148,16.8283,10,0.139,0.091,0.109526
juelich_pilot_d30_r10_log_distance_s02_w1,juelich,12345,2,2,log-distance,49,50,veh0,veh15,10,10,0,446.013,1,13.4651,9.2111,-79.6644,17.3119,10,0.139,0.107,0.109526
juelich_pilot_d30_r10_log_distance_s02_w1,juelich,12345,2,2,log-distance,49,50,veh0,veh17,10,0,1,610.34,0,13.4651,7.70067,nan,nan,0,0.139,0.127,0.109526
juelich_pilot_d30_r10_log_distance_s02_w1,juelich,12345,2,2,log-distance,49,50,veh0,veh18,10,0,1,649.597,0,13.4651,1.91933,nan,nan,0,0.139,0.117,0.109526
juelich_pilot_d30_r10_log_distance_s02_w1,juelich,12345,2,2,log-distance,49,50,veh0,veh4,10,10,0,399.044,1,13.4651,11.7749,-78.698,18.2783,10,0.139,0.139,0.109526
juelich_pilot_d30_r10_log_distance_s02_w1,juelich,12345,2,2,log-distance,49,50,veh0,veh5,10,10,0,528.257,0,13.4651,8.08684,-81.1346,15.8417,10,0.139,0.127,0.109526
juelich_pilot_d30_r10_log_distance_s02_w1,juelich,12345,2,2,log-distance,49,50,veh0,veh6,10,10,0,470.791,1,13.4651,10.5247,-80.1342,16.842,10,0.139,0.093,0.109526
juelich_pilot_d30_r10_log_distance_s02_w1,juelich,12345,2,2,log-distance,49,50,veh0,veh7,10,0,1,697.753,0,13.4651,11.177,nan,nan,0,0.139,0.145,0.109526
juelich_pilot_d30_r10_log_distance_s02_w1,juelich,12345,2,2,log-distance,49,50,veh0,veh8,10,0,1,975.089,0,13.4651,2.37506,nan,nan,0,0.139,0.097,0.109526
juelich_pilot_d30_r10_log_distance_s02_w1,juelich,12345,2,2,log-distance,49,50,veh0,veh9,10,10,0,547.193,0,13.4651,8.64267,-81.4405,15.5358,10,0.139,0.119,0.109526
juelich_pilot_d30_r10_log_distance_s02_w1,juelich,12345,2,2,log-distance,49,50,veh1,veh0,10,0,1,632.886,0,8.33073,13.4651,nan,nan,0,0.101,0.139,0.109526
juelich_pilot_d30_r10_log_distance_s02_w1,juelich,12345,2,2,log-distance,49,50,veh1,veh10,10,10,0,265.764,1,8.33073,6.53279,-75.1676,21.8087,10,0.101,0.093,0.109526
juelich_pilot_d30_r10_log_distance_s02_w1,juelich,12345,2,2,log-distance,49,50,veh1,veh11,10,10,0,27.4443,1,8.33073,7.29568,-55.4462,41.53,10,0.101,0.103,0.109526
juelich_pilot_d30_r10_log_distance_s02_w1,juelich,12345,2,2,log-distance,49,50,veh1,veh12,10,10,0,544.856,0,8.33073,8.61524,-81.4031,15.5731,10,0.101,0.093,0.109526
juelich_pilot_d30_r10_log_distance_s02_w1,juelich,12345,2,2,log-distance,49,50,veh1,veh13,10,10,0,377.936,1,8.33073,7.56829,-78.2259,18.7504,10,0.101,0.139,0.109526
juelich_pilot_d30_r10_log_distance_s02_w1,juelich,12345,2,2,log-distance,49,50,veh1,veh14,10,0,1,629.889,0,8.33073,14.9604,nan,nan,0,0.101,0.091,0.109526
juelich_pilot_d30_r10_log_distance_s02_w1,juelich,12345,2,2,log-distance,49,50,veh1,veh15,10,0,1,939.087,0,8.33073,9.2111,nan,nan,0,0.101,0.107,0.109526
juelich_pilot_d30_r10_log_distance_s02_w1,juelich,12345,2,2,log-distance,49,50,veh1,veh17,10,0,1,855.584,0,8.33073,7.70067,nan,nan,0,0.101,0.127,0.109526
juelich_pilot_d30_r10_log_distance_s02_w1,juelich,12345,2,2,log-distance,49,50,veh1,veh18,10,0,1,866.307,0,8.33073,1.91933,nan,nan,0,0.101,0.117,0.109526
juelich_pilot_d30_r10_log_distance_s02_w1,juelich,12345,2,2,log-distance,49,50,veh1,veh4,10,10,0,240.855,1,8.33073,11.7749,-74.3126,22.6637,10,0.101,0.139,0.109526
juelich_pilot_d30_r10_log_distance_s02_w1,juelich,12345,2,2,log-distance,49,50,veh1,veh5,10,0,1,861.889,0,8.33073,8.08684,nan,nan,0,0.101,0.127,0.109526
juelich_pilot_d30_r10_log_distance_s02_w1,juelich,12345,2,2,log-distance,49,50,veh1,veh6,10,10,0,257.873,1,8.33073,10.5247,-74.9051,22.0712,10,0.101,0.093,0.109526
juelich_pilot_d30_r10_log_distance_s02_w1,juelich,12345,2,2,log-distance,49,50,veh1,veh7,10,0,1,821.62,0,8.33073,11.177,nan,nan,0,0.101,0.145,0.109526
juelich_pilot_d30_r10_log_distance_s02_w1,juelich,12345,2,2,log-distance,49,50,veh1,veh8,10,0,1,951.429,0,8.33073,2.37506,nan,nan,0,0.101,0.097,0.109526
juelich_pilot_d30_r10_log_distance_s02_w1,juelich,12345,2,2,log-distance,49,50,veh1,veh9,10,10,0,91.0982,1,8.33073,8.64267,-65.8679,31.1084,10,0.101,0.119,0.109526
juelich_pilot_d30_r10_log_distance_s02_w1,juelich,12345,2,2,log-distance,49,50,veh10,veh0,10,10,0,489.588,1,6.53279,13.4651,-80.4743,16.502,10,0.093,0.139,0.109526
juelich_pilot_d30_r10_log_distance_s02_w1,juelich,12345,2,2,log-distance,49,50,veh10,veh1,10,10,0,265.764,1,6.53279,8.33073,-75.1676,21.8087,10,0.093,0.101,0.109526
juelich_pilot_d30_r10_log_distance_s02_w1,juelich,12345,2,2,log-distance,49,50,veh10,veh11,10,10,0,241.837,1,6.53279,7.29568,-74.3481,22.6282,10,0.093,0.103,0.109526
juelich_pilot_d30_r10_log_distance_s02_w1,juelich,12345,2,2,log-distance,49,50,veh10,veh12,10,10,0,280.505,1,6.53279,8.61524,-75.6361,21.3402,10,0.093,0.093,0.109526
juelich_pilot_d30_r10_log_distance_s02_w1,juelich,12345,2,2,log-distance,49,50,veh10,veh13,10,10,0,220.071,1,6.53279,7.56829,-73.5281,23.4482,10,0.093,0.139,0.109526
juelich_pilot_d30_r10_log_distance_s02_w1,juelich,12345,2,2,log-distance,49,50,veh10,veh14,10,10,0,364.632,1,6.53279,14.9604,-77.914,19.0623,10,0.093,0.091,0.109526
juelich_pilot_d30_r10_log_distance_s02_w1,juelich,12345,2,2,log-distance,49,50,veh10,veh15,10,0,1,887.893,0,6.53279,9.2111,nan,nan,0,0.093,0.107,0.109526
juelich_pilot_d30_r10_log_distance_s02_w1,juelich,12345,2,2,log-distance,49,50,veh10,veh17,10,0,1,904.478,0,6.53279,7.70067,nan,nan,0,0.093,0.127,0.109526
juelich_pilot_d30_r10_log_distance_s02_w1,juelich,12345,2,2,log-distance,49,50,veh10,veh18,10,0,1,927.367,0,6.53279,1.91933,nan,nan,0,0.093,0.117,0.109526
juelich_pilot_d30_r10_log_distance_s02_w1,juelich,12345,2,2,log-distance,49,50,veh10,veh4,10,10,0,156.744,1,6.53279,11.7749,-70.58,26.3963,10,0.093,0.139,0.109526
juelich_pilot_d30_r10_log_distance_s02_w1,juelich,12345,2,2,log-distance,49,50,veh10,veh5,10,0,1,875.516,0,6.53279,8.08684,nan,nan,0,0.093,0.127,0.109526
juelich_pilot_d30_r10_log_distance_s02_w1,juelich,12345,2,2,log-distance,49,50,veh10,veh6,10,10,0,25.4266,1,6.53279,10.5247,-54.7471,42.2292,10,0.093,0.093,0.109526
juelich_pilot_d30_r10_log_distance_s02_w1,juelich,12345,2,2,log-distance,49,50,veh10,veh7,10,0,1,914.749,0,6.53279,11.177,nan,nan,0,0.093,0.145,0.109526
juelich_pilot_d30_r10_log_distance_s02_w1,juelich,12345,2,2,log-distance,49,50,veh10,veh9,10,10,0,190.339,1,6.53279,8.64267,-72.2682,24.7081,10,0.093,0.119,0.109526
juelich_pilot_d30_r10_log_distance_s02_w1,juelich,12345,2,2,log-distance,49,50,veh11,veh0,10,0,1,606.951,0,7.29568,13.4651,nan,nan,0,0.103,0.139,0.109526
juelich_pilot_d30_r10_log_distance_s02_w1,juelich,12345,2,2,log-distance,49,50,veh11,veh1,10,10,0,27.4443,1,7.29568,8.33073,-55.4462,41.53,10,0.103,0.101,0.109526
juelich_pilot_d30_r10_log_distance_s02_w1,juelich,12345,2,2,log-distance,49,50,veh11,veh10,10,10,0,241.837,1,7.29568,6.53279,-74.3481,22.6282,10,0.103,0.093,0.109526
juelich_pilot_d30_r10_log_distance_s02_w1,juelich,12345,2,2,log-distance,49,50,veh11,veh12,10,10,0,519.826,0,7.29568,8.61524,-80.9947,15.9816,10,0.103,0.093,0.109526
juelich_pilot_d30_r10_log_distance_s02_w1,juelich,12345,2,2,log-distance,49,50,veh11,veh13,10,10,0,350.708,1,7.29568,7.56829,-77.5764,19.3999,10,0.103,0.139,0.109526
juelich_pilot_d30_r10_log_distance_s02_w1,juelich,12345,2,2,log-distance,49,50,veh11,veh14,10,0,1,605.163,0,7.29568,14.9604,nan,nan,0,0.103,0.091,0.109526
juelich_pilot_d30_r10_log_distance_s02_w1,juelich,12345,2,2,log-distance,49,50,veh11,veh15,10,0,1,919.191,0,7.29568,9.2111,nan,nan,0,0.103,0.107,0.109526
juelich_pilot_d30_r10_log_distance_s02_w1,juelich,12345,2,2,log-distance,49,50,veh11,veh17,10,0,1,843.958,0,7.29568,7.70067,nan,nan,0,0.103,0.127,0.109526
juelich_pilot_d30_r10_log_distance_s02_w1,juelich,12345,2,2,log-distance,49,50,veh11,veh18,10,0,1,855.957,0,7.29568,1.91933,nan,nan,0,0.103,0.117,0.109526
juelich_pilot_d30_r10_log_distance_s02_w1,juelich,12345,2,2,log-distance,49,50,veh11,veh4,10,10,0,213.698,1,7.29568,11.7749,-73.2735,23.7028,10,0.103,0.139,0.109526
juelich_pilot_d30_r10_log_distance_s02_w1,juelich,12345,2,2,log-distance,49,50,veh11,veh5,10,0,1,846.959,0,7.29568,8.08684,nan,nan,0,0.103,0.127,0.109526
juelich_pilot_d30_r10_log_distance_s02_w1,juelich,12345,2,2,log-distance,49,50,veh11,veh6,10,10,0,232.769,1,7.29568,10.5247,-74.0154,22.9609,10,0.103,0.093,0.109526
juelich_pilot_d30_r10_log_distance_s02_w1,juelich,12345,2,2,log-distance,49,50,veh11,veh7,10,0,1,814.572,0,7.29568,11.177,nan,nan,0,0.103,0.145,0.109526
juelich_pilot_d30_r10_log_distance_s02_w1,juelich,12345,2,2,log-distance,49,50,veh11,veh8,10,0,1,952.558,0,7.29568,2.37506,nan,nan,0,0.103,0.097,0.109526
juelich_pilot_d30_r10_log_distance_s02_w1,juelich,12345,2,2,log-distance,49,50,veh11,veh9,10,10,0,63.6544,1,7.29568,8.64267,-62.7541,34.2222,10,0.103,0.119,0.109526
juelich_pilot_d30_r10_log_distance_s02_w1,juelich,12345,2,2,log-distance,49,50,veh12,veh0,10,0,1,432.691,1,8.61524,13.4651,nan,nan,0,0.093,0.139,0.109526
juelich_pilot_d30_r10_log_distance_s02_w1,juelich,12345,2,2,log-distance,49,50,veh12,veh1,10,0,1,544.856,0,8.61524,8.33073,nan,nan,0,0.093,0.101,0.109526
juelich_pilot_d30_r10_log_distance_s02_w1,juelich,12345,2,2,log-distance,49,50,veh12,veh10,10,0,1,280.505,1,8.61524,6.53279,nan,nan,0,0.093,0.093,0.109526
juelich_pilot_d30_r10_log_distance_s02_w1,juelich,12345,2,2,log-distance,49,50,veh12,veh11,10,0,1,519.826,0,8.61524,7.29568,nan,nan,0,0.093,0.103,0.109526
juelich_pilot_d30_r10_log_distance_s02_w1,juelich,12345,2,2,log-distance,49,50,veh12,veh13,10,0,1,291.468,1,8.61524,7.56829,nan,nan,0,0.093,0.139,0.109526
juelich_pilot_d30_r10_log_distance_s02_w1,juelich,12345,2,2,log-distance,49,50,veh12,veh14,10,10,0,86.6359,1,8.61524,14.9604,-65.431,12.5339,10,0.093,0.091,0.109526
juelich_pilot_d30_r10_log_distance_s02_w1,juelich,12345,2,2,log-distance,49,50,veh12,veh15,10,0,1,878.511,0,8.61524,9.2111,nan,nan,0,0.093,0.107,0.109526
juelich_pilot_d30_r10_log_distance_s02_w1,juelich,12345,2,2,log-distance,49,50,veh12,veh17,8,0,1,994.208,0,8.61682,7.91293,nan,nan,0,0.093,0.127,0.109526
juelich_pilot_d30_r10_log_distance_s02_w1,juelich,12345,2,2,log-distance,49,50,veh12,veh4,10,0,1,361.697,1,8.61524,11.7749,nan,nan,0,0.093,0.139,0.109526
juelich_pilot_d30_r10_log_distance_s02_w1,juelich,12345,2,2,log-distance,49,50,veh12,veh5,10,0,1,935.284,0,8.61524,8.08684,nan,nan,0,0.093,0.127,0.109526
juelich_pilot_d30_r10_log_distance_s02_w1,juelich,12345,2,2,log-distance,49,50,veh12,veh6,10,0,1,287.072,1,8.61524,10.5247,nan,nan,0,0.093,0.093,0.109526
juelich_pilot_d30_r10_log_distance_s02_w1,juelich,12345,2,2,log-distance,49,50,veh12,veh9,10,0,1,463.043,1,8.61524,8.64267,nan,nan,0,0.093,0.119,0.109526
juelich_pilot_d30_r10_log_distance_s02_w1,juelich,12345,2,2,log-distance,49,50,veh13,veh0,10,3,0.7,273.932,1,7.56829,13.4651,-75.2591,4.09947,3,0.139,0.139,0.109526
juelich_pilot_d30_r10_log_distance_s02_w1,juelich,12345,2,2,log-distance,49,50,veh13,veh1,10,0,1,377.936,1,7.56829,8.33073,nan,nan,0,0.139,0.101,0.109526
juelich_pilot_d30_r10_log_distance_s02_w1,juelich,12345,2,2,log-distance,49,50,veh13,veh10,10,0,1,220.071,1,7.56829,6.53279,nan,nan,0,0.139,0.093,0.109526
juelich_pilot_d30_r10_log_distance_s02_w1,juelich,12345,2,2,log-distance,49,50,veh13,veh11,10,0,1,350.708,1,7.56829,7.29568,nan,nan,0,0.139,0.103,0.109526
juelich_pilot_d30_r10_log_distance_s02_w1,juelich,12345,2,2,log-distance,49,50,veh13,veh12,10,0,1,291.468,1,7.56829,8.61524,nan,nan,0,0.139,0.093,0.109526
juelich_pilot_d30_r10_log_distance_s02_w1,juelich,12345,2,2,log-distance,49,50,veh13,veh14,10,0,1,369.079,1,7.56829,14.9604,nan,nan,0,0.139,0.091,0.109526
juelich_pilot_d30_r10_log_distance_s02_w1,juelich,12345,2,2,log-distance,49,50,veh13,veh15,10,0,1,671.37,0,7.56829,9.2111,nan,nan,0,0.139,0.107,0.109526
juelich_pilot_d30_r10_log_distance_s02_w1,juelich,12345,2,2,log-distance,49,50,veh13,veh17,10,0,1,724.134,0,7.56829,7.70067,nan,nan,0,0.139,0.127,0.109526
juelich_pilot_d30_r10_log_distance_s02_w1,juelich,12345,2,2,log-distance,49,50,veh13,veh18,10,0,1,752.825,0,7.56829,1.91933,nan,nan,0,0.139,0.117,0.109526
juelich_pilot_d30_r10_log_distance_s02_w1,juelich,12345,2,2,log-distance,49,50,veh13,veh4,10,10,0,137.291,1,7.56829,11.7749,-69.4305,8.3614,10,0.139,0.139,0.109526
juelich_pilot_d30_r10_log_distance_s02_w1,juelich,12345,2,2,log-distance,49,50,veh13,veh5,10,0,1,679.225,0,7.56829,8.08684,nan,nan,0,0.139,0.127,0.109526
juelich_pilot_d30_r10_log_distance_s02_w1,juelich,12345,2,2,log-distance,49,50,veh13,veh6,10,0,1,199.19,1,7.56829,10.5247,nan,nan,0,0.139,0.093,0.109526
juelich_pilot_d30_r10_log_distance_s02_w1,juelich,12345,2,2,log-distance,49,50,veh13,veh7,10,0,1,760.259,0,7.56829,11.177,nan,nan,0,0.139,0.145,0.109526
juelich_pilot_d30_r10_log_distance_s02_w1,juelich,12345,2,2,log-distance,49,50,veh13,veh8,10,0,1,990.225,0,7.56829,2.37506,nan,nan,0,0.139,0.097,0.109526
juelich_pilot_d30_r10_log_distance_s02_w1,juelich,12345,2,2,log-distance,49,50,veh13,veh9,10,10,0,287.64,1,7.56829,8.64267,-75.8543,4.04947,10,0.139,0.119,0.109526
juelich_pilot_d30_r10_log_distance_s02_w1,juelich,12345,2,2,log-distance,49,50,veh14,veh0,10,10,0,471.538,1,14.9604,13.4651,-80.148,16.8283,10,0.091,0.139,0.109526
juelich_pilot_d30_r10_log_distance_s02_w1,juelich,12345,2,2,log-distance,49,50,veh14,veh1,10,0,1,629.889,0,14.9604,8.33073,nan,nan,0,0.091,0.101,0.109526
juelich_pilot_d30_r10_log_distance_s02_w1,juelich,12345,2,2,log-distance,49,50,veh14,veh10,10,10,0,364.632,1,14.9604,6.53279,-77.914,19.0623,10,0.091,0.093,0.109526
juelich_pilot_d30_r10_log_distance_s02_w1,juelich,12345,2,2,log-distance,49,50,veh14,veh11,10,0,1,605.163,0,14.9604,7.29568,nan,nan,0,0.091,0.103,0.109526
juelich_pilot_d30_r10_log_distance_s02_w1,juelich,12345,2,2,log-distance,49,50,veh14,veh12,10,10,0,86.6359,1,14.9604,8.61524,-65.431,31.5453,10,0.091,0.093,0.109526
juelich_pilot_d30_r10_log_distance_s02_w1,juelich,12345,2,2,log-distance,49,50,veh14,veh13,10,10,0,369.079,1,14.9604,7.56829,-78.0197,18.9566,10,0.091,0.139,0.109526
juelich_pilot_d30_r10_log_distance_s02_w1,juelich,12345,2,2,log-distance,49,50,veh14,veh15,10,0,1,915.367,0,14.9604,9.2111,nan,nan,0,0.091,0.107,0.109526
juelich_pilot_d30_r10_log_distance_s02_w1,juelich,12345,2,2,log-distance,49,50,veh14,veh4,10,10,0,447.41,1,14.9604,11.7749,-79.6918,17.2845,10,0.091,0.139,0.109526
juelich_pilot_d30_r10_log_distance_s02_w1,juelich,12345,2,2,log-distance,49,50,veh14,veh5,10,0,1,988.98,0,14.9604,8.08684,nan,nan,0,0.091,0.127,0.109526
juelich_pilot_d30_r10_log_distance_s02_w1,juelich,12345,2,2,log-distance,49,50,veh14,veh6,10,10,0,372.501,1,14.9604,10.5247,-78.1001,18.8762,10,0.091,0.093,0.109526
juelich_pilot_d30_r10_log_distance_s02_w1,juelich,12345,2,2,log-distance,49,50,veh14,veh9,10,10,0,549.041,0,14.9604,8.64267,-81.4694,15.5069,10,0.091,0.119,0.109526
juelich_pilot_d30_r10_log_distance_s02_w1,juelich,12345,2,2,log-distance,49,50,veh15,veh0,10,10,0,446.013,1,9.2111,13.4651,-79.6644,17.3119,10,0.107,0.139,0.109526
juelich_pilot_d30_r10_log_distance_s02_w1,juelich,12345,2,2,log-distance,49,50,veh15,veh1,10,0,1,939.087,0,9.2111,8.33073,nan,nan,0,0.107,0.101,0.109526
juelich_pilot_d30_r10_log_distance_s02_w1,juelich,12345,2,2,log-distance,49,50,veh15,veh10,10,0,1,887.893,0,9.2111,6.53279,nan,nan,0,0.107,0.093,0.109526
juelich_pilot_d30_r10_log_distance_s02_w1,juelich,12345,2,2,log-distance,49,50,veh15,veh11,10,0,1,919.191,0,9.2111,7.29568,nan,nan,0,0.107,0.103,0.109526
juelich_pilot_d30_r10_log_distance_s02_w1,juelich,12345,2,2,log-distance,49,50,veh15,veh12,10,0,1,878.511,0,9.2111,8.61524,nan,nan,0,0.107,0.093,0.109526
juelich_pilot_d30_r10_log_distance_s02_w1,juelich,12345,2,2,log-distance,49,50,veh15,veh13,10,0,1,671.37,0,9.2111,7.56829,nan,nan,0,0.107,0.139,0.109526
juelich_pilot_d30_r10_log_distance_s02_w1,juelich,12345,2,2,log-distance,49,50,veh15,veh14,10,0,1,915.367,0,9.2111,14.9604,nan,nan,0,0.107,0.091,0.109526
juelich_pilot_d30_r10_log_distance_s02_w1,juelich,12345,2,2,log-distance,49,50,veh15,veh16,10,0,1,640.886,0,9.2111,12.9823,nan,nan,0,0.107,0.087,0.109526
juelich_pilot_d30_r10_log_distance_s02_w1,juelich,12345,2,2,log-distance,49,50,veh15,veh17,10,10,0,339.359,1,9.2111,7.70067,-77.2908,19.6855,10,0.107,0.127,0.109526
juelich_pilot_d30_r10_log_distance_s02_w1,juelich,12345,2,2,log-distance,49,50,veh15,veh18,10,10,0,382.759,1,9.2111,1.91933,-78.3362,18.6401,10,0.107,0.117,0.109526
juelich_pilot_d30_r10_log_distance_s02_w1,juelich,12345,2,2,log-distance,49,50,veh15,veh2,10,0,1,998.366,0,9.2111,0,nan,nan,0,0.107,0.077,0.109526
juelich_pilot_d30_r10_log_distance_s02_w1,juelich,12345,2,2,log-distance,49,50,veh15,veh3,10,0,1,780.757,0,9.2111,12.7305,nan,nan,0,0.107,0.087,0.109526
juelich_pilot_d30_r10_log_distance_s02_w1,juelich,12345,2,2,log-distance,49,50,veh15,veh4,10,0,1,755.122,0,9.2111,11.7749,nan,nan,0,0.107,0.139,0.109526
juelich_pilot_d30_r10_log_distance_s02_w1,juelich,12345,2,2,log-distance,49,50,veh15,veh5,10,10,0,222.473,1,9.2111,8.08684,-73.6232,23.3531,10,0.107,0.127,0.109526
juelich_pilot_d30_r10_log_distance_s02_w1,juelich,12345,2,2,log-distance,49,50,veh15,veh6,10,0,1,864.718,0,9.2111,10.5247,nan,nan,0,0.107,0.093,0.109526
juelich_pilot_d30_r10_log_distance_s02_w1,juelich,12345,2,2,log-distance,49,50,veh15,veh7,10,10,0,487.365,1,9.2111,11.177,-80.4348,16.5415,10,0.107,0.145,0.109526
juelich_pilot_d30_r10_log_distance_s02_w1,juelich,12345,2,2,log-distance,49,50,veh15,veh8,10,0,1,777.7,0,9.2111,2.37506,nan,nan,0,0.107,0.097,0.109526
juelich_pilot_d30_r10_log_distance_s02_w1,juelich,12345,2,2,log-distance,49,50,veh15,veh9,10,0,1,874.283,0,9.2111,8.64267,nan,nan,0,0.107,0.119,0.109526
juelich_pilot_d30_r10_log_distance_s02_w1,juelich,12345,2,2,log-distance,49,50,veh16,veh15,10,0,1,640.886,0,12.9823,9.2111,nan,nan,0,0.087,0.107,0.109526
juelich_pilot_d30_r10_log_distance_s02_w1,juelich,12345,2,2,log-distance,49,50,veh16,veh17,10,10,0,560.854,0,12.9823,7.70067,-81.6547,15.3216,10,0.087,0.127,0.109526
juelich_pilot_d30_r10_log_distance_s02_w1,juelich,12345,2,2,log-distance,49,50,veh16,veh18,10,10,0,552.539,0,12.9823,1.91933,-81.5248,15.4515,10,0.087,0.117,0.109526
juelich_pilot_d30_r10_log_distance_s02_w1,juelich,12345,2,2,log-distance,49,50,veh16,veh2,10,0,1,637.794,0,12.9823,0,nan,nan,0,0.087,0.077,0.109526
juelich_pilot_d30_r10_log_distance_s02_w1,juelich,12345,2,2,log-distance,49,50,veh16,veh3,10,10,0,515.607,0,12.9823,12.7305,-80.9238,16.0525,10,0.087,0.087,0.109526
juelich_pilot_d30_r10_log_distance_s02_w1,juelich,12345,2,2,log-distance,49,50,veh16,veh5,10,10,0,575.821,0,12.9823,8.08684,-81.8834,15.0928,10,0.087,0.127,0.109526
juelich_pilot_d30_r10_log_distance_s02_w1,juelich,12345,2,2,log-distance,49,50,veh16,veh7,10,0,1,623.08,0,12.9823,11.177,nan,nan,0,0.087,0.145,0.109526
juelich_pilot_d30_r10_log_distance_s02_w1,juelich,12345,2,2,log-distance,49,50,veh16,veh8,10,0,1,717.222,0,12.9823,2.37506,nan,nan,0,0.087,0.097,0.109526
juelich_pilot_d30_r10_log_distance_s02_w1,juelich,12345,2,2,log-distance,49,50,veh17,veh0,10,0,1,610.34,0,7.70067,13.4651,nan,nan,0,0.127,0.139,0.109526
juelich_pilot_d30_r10_log_distance_s02_w1,juelich,12345,2,2,log-distance,49,50,veh17,veh1,10,0,1,855.584,0,7.70067,8.33073,nan,nan,0,0.127,0.101,0.109526
juelich_pilot_d30_r10_log_distance_s02_w1,juelich,12345,2,2,log-distance,49,50,veh17,veh10,10,0,1,904.478,0,7.70067,6.53279,nan,nan,0,0.127,0.093,0.109526
juelich_pilot_d30_r10_log_distance_s02_w1,juelich,12345,2,2,log-distance,49,50,veh17,veh11,10,0,1,843.958,0,7.70067,7.29568,nan,nan,0,0.127,0.103,0.109526
juelich_pilot_d30_r10_log_distance_s02_w1,juelich,12345,2,2,log-distance,49,50,veh17,veh12,8,0,1,994.208,0,7.91293,8.61682,nan,nan,0,0.127,0.093,0.109526
juelich_pilot_d30_r10_log_distance_s02_w1,juelich,12345,2,2,log-distance,49,50,veh17,veh13,10,0,1,724.134,0,7.70067,7.56829,nan,nan,0,0.127,0.139,0.109526
juelich_pilot_d30_r10_log_distance_s02_w1,juelich,12345,2,2,log-distance,49,50,veh17,veh15,10,9,0.1,339.359,1,7.70067,9.2111,-77.2871,16.8626,9,0.127,0.107,0.109526
juelich_pilot_d30_r10_log_distance_s02_w1,juelich,12345,2,2,log-distance,49,50,veh17,veh16,10,7,0.3,560.854,0,7.70067,12.9823,-81.6553,15.321,7,0.127,0.087,0.109526
juelich_pilot_d30_r10_log_distance_s02_w1,juelich,12345,2,2,log-distance,49,50,veh17,veh18,10,10,0,44.9031,1,7.70067,1.91933,-59.7124,30.9578,10,0.127,0.117,0.109526
juelich_pilot_d30_r10_log_distance_s02_w1,juelich,12345,2,2,log-distance,49,50,veh17,veh2,10,0,1,696.629,0,7.70067,0,nan,nan,0,0.127,0.077,0.109526
juelich_pilot_d30_r10_log_distance_s02_w1,juelich,12345,2,2,log-distance,49,50,veh17,veh3,10,7,0.3,475.758,1,7.70067,12.7305,-80.2262,16.7501,7,0.127,0.087,0.109526
juelich_pilot_d30_r10_log_distance_s02_w1,juelich,12345,2,2,log-distance,49,50,veh17,veh4,10,0,1,749.365,0,7.70067,11.7749,nan,nan,0,0.127,0.139,0.109526
juelich_pilot_d30_r10_log_distance_s02_w1,juelich,12345,2,2,log-distance,49,50,veh17,veh5,10,9,0.1,117.384,1,7.70067,8.08684,-68.0632,25.4641,9,0.127,0.127,0.109526
juelich_pilot_d30_r10_log_distance_s02_w1,juelich,12345,2,2,log-distance,49,50,veh17,veh6,10,0,1,879.143,0,7.70067,10.5247,nan,nan,0,0.127,0.093,0.109526
juelich_pilot_d30_r10_log_distance_s02_w1,juelich,12345,2,2,log-distance,49,50,veh17,veh7,10,10,0,151.374,1,7.70067,11.177,-70.2787,20.3409,10,0.127,0.145,0.109526
juelich_pilot_d30_r10_log_distance_s02_w1,juelich,12345,2,2,log-distance,49,50,veh17,veh8,10,7,0.3,438.454,1,7.70067,2.37506,-79.5153,17.461,7,0.127,0.097,0.109526
juelich_pilot_d30_r10_log_distance_s02_w1,juelich,12345,2,2,log-distance,49,50,veh17,veh9,10,0,1,819.466,0,7.70067,8.64267,nan,nan,0,0.127,0.119,0.109526
juelich_pilot_d30_r10_log_distance_s02_w1,juelich,12345,2,2,log-distance,49,50,veh18,veh0,10,0,1,649.597,0,1.91933,13.4651,nan,nan,0,0.117,0.139,0.109526
juelich_pilot_d30_r10_log_distance_s02_w1,juelich,12345,2,2,log-distance,49,50,veh18,veh1,10,0,1,866.307,0,1.91933,8.33073,nan,nan,0,0.117,0.101,0.109526
juelich_pilot_d30_r10_log_distance_s02_w1,juelich,12345,2,2,log-distance,49,50,veh18,veh10,10,0,1,927.367,0,1.91933,6.53279,nan,nan,0,0.117,0.093,0.109526
juelich_pilot_d30_r10_log_distance_s02_w1,juelich,12345,2,2,log-distance,49,50,veh18,veh11,10,0,1,855.957,0,1.91933,7.29568,nan,nan,0,0.117,0.103,0.109526
juelich_pilot_d30_r10_log_distance_s02_w1,juelich,12345,2,2,log-distance,49,50,veh18,veh13,10,0,1,752.825,0,1.91933,7.56829,nan,nan,0,0.117,0.139,0.109526
juelich_pilot_d30_r10_log_distance_s02_w1,juelich,12345,2,2,log-distance,49,50,veh18,veh15,10,10,0,382.759,1,1.91933,9.2111,-78.3362,18.6401,10,0.117,0.107,0.109526
juelich_pilot_d30_r10_log_distance_s02_w1,juelich,12345,2,2,log-distance,49,50,veh18,veh16,10,10,0,552.539,0,1.91933,12.9823,-81.5248,15.4515,10,0.117,0.087,0.109526
juelich_pilot_d30_r10_log_distance_s02_w1,juelich,12345,2,2,log-distance,49,50,veh18,veh17,10,10,0,44.9031,1,1.91933,7.70067,-59.7124,37.2639,10,0.117,0.127,0.109526
juelich_pilot_d30_r10_log_distance_s02_w1,juelich,12345,2,2,log-distance,49,50,veh18,veh2,10,0,1,653.898,0,1.91933,0,nan,nan,0,0.117,0.077,0.109526
juelich_pilot_d30_r10_log_distance_s02_w1,juelich,12345,2,2,log-distance,49,50,veh18,veh3,10,10,0,433.311,1,1.91933,12.7305,-79.4133,17.5629,10,0.117,0.087,0.109526
juelich_pilot_d30_r10_log_distance_s02_w1,juelich,12345,2,2,log-distance,49,50,veh18,veh4,10,0,1,771.371,0,1.91933,11.7749,nan,nan,0,0.117,0.139,0.109526
juelich_pilot_d30_r10_log_distance_s02_w1,juelich,12345,2,2,log-distance,49,50,veh18,veh5,10,10,0,161.631,1,1.91933,8.08684,-70.848,26.1283,10,0.117,0.127,0.109526
juelich_pilot_d30_r10_log_distance_s02_w1,juelich,12345,2,2,log-distance,49,50,veh18,veh6,10,0,1,902.018,0,1.91933,10.5247,nan,nan,0,0.117,0.093,0.109526
juelich_pilot_d30_r10_log_distance_s02_w1,juelich,12345,2,2,log-distance,49,50,veh18,veh7,10,10,0,114.922,1,1.91933,11.177,-67.8857,29.0905,10,0.117,0.145,0.109526
juelich_pilot_d30_r10_log_distance_s02_w1,juelich,12345,2,2,log-distance,49,50,veh18,veh8,10,10,0,395.005,1,1.91933,2.37506,-78.6097,18.3665,10,0.117,0.097,0.109526
juelich_pilot_d30_r10_log_distance_s02_w1,juelich,12345,2,2,log-distance,49,50,veh18,veh9,10,0,1,834.497,0,1.91933,8.64267,nan,nan,0,0.117,0.119,0.109526
juelich_pilot_d30_r10_log_distance_s02_w1,juelich,12345,2,2,log-distance,49,50,veh2,veh15,10,0,1,998.366,0,0,9.2111,nan,nan,0,0.077,0.107,0.109526
juelich_pilot_d30_r10_log_distance_s02_w1,juelich,12345,2,2,log-distance,49,50,veh2,veh16,10,0,1,637.794,0,0,12.9823,nan,nan,0,0.077,0.087,0.109526
juelich_pilot_d30_r10_log_distance_s02_w1,juelich,12345,2,2,log-distance,49,50,veh2,veh17,10,0,1,696.629,0,0,7.70067,nan,nan,0,0.077,0.127,0.109526
juelich_pilot_d30_r10_log_distance_s02_w1,juelich,12345,2,2,log-distance,49,50,veh2,veh18,10,0,1,653.898,0,0,1.91933,nan,nan,0,0.077,0.117,0.109526
juelich_pilot_d30_r10_log_distance_s02_w1,juelich,12345,2,2,log-distance,49,50,veh2,veh3,10,10,0,221.027,1,0,12.7305,-73.5655,15.8327,10,0.077,0.087,0.109526
juelich_pilot_d30_r10_log_distance_s02_w1,juelich,12345,2,2,log-distance,49,50,veh2,veh5,10,0,1,801.499,0,0,8.08684,nan,nan,0,0.077,0.127,0.109526
juelich_pilot_d30_r10_log_distance_s02_w1,juelich,12345,2,2,log-distance,49,50,veh2,veh7,10,0,1,604.966,0,0,11.177,nan,nan,0,0.077,0.145,0.109526
juelich_pilot_d30_r10_log_distance_s02_w1,juelich,12345,2,2,log-distance,49,50,veh2,veh8,10,10,0,392.928,1,0,2.37506,-78.564,10.0746,10,0.077,0.097,0.109526
juelich_pilot_d30_r10_log_distance_s02_w1,juelich,12345,2,2,log-distance,49,50,veh3,veh15,10,0,1,780.757,0,12.7305,9.2111,nan,nan,0,0.087,0.107,0.109526
juelich_pilot_d30_r10_log_distance_s02_w1,juelich,12345,2,2,log-distance,49,50,veh3,veh16,10,10,0,515.607,0,12.7305,12.9823,-80.9238,16.0525,10,0.087,0.087,0.109526
juelich_pilot_d30_r10_log_distance_s02_w1,juelich,12345,2,2,log-distance,49,50,veh3,veh17,10,10,0,475.758,1,12.7305,7.70067,-80.2254,16.7509,10,0.087,0.127,0.109526
juelich_pilot_d30_r10_log_distance_s02_w1,juelich,12345,2,2,log-distance,49,50,veh3,veh18,10,10,0,433.311,1,12.7305,1.91933,-79.4133,17.5629,10,0.087,0.117,0.109526
juelich_pilot_d30_r10_log_distance_s02_w1,juelich,12345,2,2,log-distance,49,50,veh3,veh2,10,10,0,221.027,1,12.7305,0,-73.5655,23.4108,10,0.087,0.077,0.109526
juelich_pilot_d30_r10_log_distance_s02_w1,juelich,12345,2,2,log-distance,49,50,veh3,veh5,10,8,0.2,580.711,0,12.7305,8.08684,-81.944,15.0323,8,0.087,0.127,0.109526
juelich_pilot_d30_r10_log_distance_s02_w1,juelich,12345,2,2,log-distance,49,50,veh3,veh7,10,10,0,392.009,1,12.7305,11.177,-78.5436,18.4327,10,0.087,0.145,0.109526
juelich_pilot_d30_r10_log_distance_s02_w1,juelich,12345,2,2,log-distance,49,50,veh3,veh8,10,10,0,253.885,1,12.7305,2.37506,-74.7703,22.206,10,0.087,0.097,0.109526
juelich_pilot_d30_r10_log_distance_s02_w1,juelich,12345,2,2,log-distance,49,50,veh4,veh0,10,10,0,399.044,1,11.7749,13.4651,-78.698,18.2783,10,0.139,0.139,0.109526
juelich_pilot_d30_r10_log_distance_s02_w1,juelich,12345,2,2,log-distance,49,50,veh4,veh1,10,10,0,240.855,1,11.7749,8.33073,-74.3126,22.6637,10,0.139,0.101,0.109526
juelich_pilot_d30_r10_log_distance_s02_w1,juelich,12345,2,2,log-distance,49,50,veh4,veh10,10,10,0,156.744,1,11.7749,6.53279,-70.58,26.3963,10,0.139,0.093,0.109526
juelich_pilot_d30_r10_log_distance_s02_w1,juelich,12345,2,2,log-distance,49,50,veh4,veh11,10,10,0,213.698,1,11.7749,7.29568,-73.2735,23.7028,10,0.139,0.103,0.109526
juelich_pilot_d30_r10_log_distance_s02_w1,juelich,12345,2,2,log-distance,49,50,veh4,veh12,10,10,0,361.697,1,11.7749,8.61524,-77.8446,19.1317,10,0.139,0.093,0.109526
juelich_pilot_d30_r10_log_distance_s02_w1,juelich,12345,2,2,log-distance,49,50,veh4,veh13,10,10,0,137.291,1,11.7749,7.56829,-69.4305,27.5458,10,0.139,0.139,0.109526
juelich_pilot_d30_r10_log_distance_s02_w1,juelich,12345,2,2,log-distance,49,50,veh4,veh14,10,10,0,447.41,1,11.7749,14.9604,-79.6918,17.2845,10,0.139,0.091,0.109526
juelich_pilot_d30_r10_log_distance_s02_w1,juelich,12345,2,2,log-distance,49,50,veh4,veh15,10,0,1,755.122,0,11.7749,9.2111,nan,nan,0,0.139,0.107,0.109526
juelich_pilot_d30_r10_log_distance_s02_w1,juelich,12345,2,2,log-distance,49,50,veh4,veh17,10,0,1,749.365,0,11.7749,7.70067,nan,nan,0,0.139,0.127,0.109526
juelich_pilot_d30_r10_log_distance_s02_w1,juelich,12345,2,2,log-distance,49,50,veh4,veh18,10,0,1,771.371,0,11.7749,1.91933,nan,nan,0,0.139,0.117,0.109526
juelich_pilot_d30_r10_log_distance_s02_w1,juelich,12345,2,2,log-distance,49,50,veh4,veh5,10,0,1,725.112,0,11.7749,8.08684,nan,nan,0,0.139,0.127,0.109526
juelich_pilot_d30_r10_log_distance_s02_w1,juelich,12345,2,2,log-distance,49,50,veh4,veh6,10,10,0,131.538,1,11.7749,10.5247,-69.0587,27.9176,10,0.139,0.093,0.109526
juelich_pilot_d30_r10_log_distance_s02_w1,juelich,12345,2,2,log-distance,49,50,veh4,veh7,10,0,1,758.131,0,11.7749,11.177,nan,nan,0,0.139,0.145,0.109526
juelich_pilot_d30_r10_log_distance_s02_w1,juelich,12345,2,2,log-distance,49,50,veh4,veh8,10,0,1,955.721,0,11.7749,2.37506,nan,nan,0,0.139,0.097,0.109526
juelich_pilot_d30_r10_log_distance_s02_w1,juelich,12345,2,2,log-distance,49,50,veh4,veh9,10,10,0,151.02,1,11.7749,8.64267,-70.2578,26.7184,10,0.139,0.119,0.109526
juelich_pilot_d30_r10_log_distance_s02_w1,juelich,12345,2,2,log-distance,49,50,veh5,veh0,10,9,0.1,528.257,0,8.08684,13.4651,-81.1327,15.8436,9,0.127,0.139,0.109526
juelich_pilot_d30_r10_log_distance_s02_w1,juelich,12345,2,2,log-distance,49,50,veh5,veh1,10,0,1,861.889,0,8.08684,8.33073,nan,nan,0,0.127,0.101,0.109526
juelich_pilot_d30_r10_log_distance_s02_w1,juelich,12345,2,2,log-distance,49,50,veh5,veh10,10,0,1,875.516,0,8.08684,6.53279,nan,nan,0,0.127,0.093,0.109526
juelich_pilot_d30_r10_log_distance_s02_w1,juelich,12345,2,2,log-distance,49,50,veh5,veh11,10,0,1,846.959,0,8.08684,7.29568,nan,nan,0,0.127,0.103,0.109526
juelich_pilot_d30_r10_log_distance_s02_w1,juelich,12345,2,2,log-distance,49,50,veh5,veh12,10,0,1,935.284,0,8.08684,8.61524,nan,nan,0,0.127,0.093,0.109526
juelich_pilot_d30_r10_log_distance_s02_w1,juelich,12345,2,2,log-distance,49,50,veh5,veh13,10,0,1,679.225,0,8.08684,7.56829,nan,nan,0,0.127,0.139,0.109526
juelich_pilot_d30_r10_log_distance_s02_w1,juelich,12345,2,2,log-distance,49,50,veh5,veh14,10,0,1,988.98,0,8.08684,14.9604,nan,nan,0,0.127,0.091,0.109526
juelich_pilot_d30_r10_log_distance_s02_w1,juelich,12345,2,2,log-distance,49,50,veh5,veh15,10,9,0.1,222.473,1,8.08684,9.2111,-73.621,23.3553,9,0.127,0.107,0.109526
juelich_pilot_d30_r10_log_distance_s02_w1,juelich,12345,2,2,log-distance,49,50,veh5,veh16,10,9,0.1,575.821,0,8.08684,12.9823,-81.8828,15.0935,9,0.127,0.087,0.109526
juelich_pilot_d30_r10_log_distance_s02_w1,juelich,12345,2,2,log-distance,49,50,veh5,veh17,10,9,0.1,117.384,1,8.08684,7.70067,-68.0632,28.9131,9,0.127,0.127,0.109526
juelich_pilot_d30_r10_log_distance_s02_w1,juelich,12345,2,2,log-distance,49,50,veh5,veh18,10,9,0.1,161.631,1,8.08684,1.91933,-70.8546,26.1217,9,0.127,0.117,0.109526
juelich_pilot_d30_r10_log_distance_s02_w1,juelich,12345,2,2,log-distance,49,50,veh5,veh2,10,0,1,801.499,0,8.08684,0,nan,nan,0,0.127,0.077,0.109526
juelich_pilot_d30_r10_log_distance_s02_w1,juelich,12345,2,2,log-distance,49,50,veh5,veh3,10,7,0.3,580.711,0,8.08684,12.7305,-81.9383,15.038,7,0.127,0.087,0.109526
juelich_pilot_d30_r10_log_distance_s02_w1,juelich,12345,2,2,log-distance,49,50,veh5,veh4,10,0,1,725.112,0,8.08684,11.7749,nan,nan,0,0.127,0.139,0.109526
juelich_pilot_d30_r10_log_distance_s02_w1,juelich,12345,2,2,log-distance,49,50,veh5,veh6,10,0,1,850.495,0,8.08684,10.5247,nan,nan,0,0.127,0.093,0.109526
juelich_pilot_d30_r10_log_distance_s02_w1,juelich,12345,2,2,log-distance,49,50,veh5,veh7,10,9,0.1,265.201,1,8.08684,11.177,-75.147,21.8293,9,0.127,0.145,0.109526
juelich_pilot_d30_r10_log_distance_s02_w1,juelich,12345,2,2,log-distance,49,50,veh5,veh8,10,9,0.1,555.763,0,8.08684,2.37506,-81.5767,15.3996,9,0.127,0.097,0.109526
juelich_pilot_d30_r10_log_distance_s02_w1,juelich,12345,2,2,log-distance,49,50,veh5,veh9,10,0,1,814.434,0,8.08684,8.64267,nan,nan,0,0.127,0.119,0.109526
juelich_pilot_d30_r10_log_distance_s02_w1,juelich,12345,2,2,log-distance,49,50,veh6,veh0,10,10,0,470.791,1,10.5247,13.4651,-80.1342,16.842,10,0.093,0.139,0.109526
juelich_pilot_d30_r10_log_distance_s02_w1,juelich,12345,2,2,log-distance,49,50,veh6,veh1,10,10,0,257.873,1,10.5247,8.33073,-74.9051,22.0712,10,0.093,0.101,0.109526
juelich_pilot_d30_r10_log_distance_s02_w1,juelich,12345,2,2,log-distance,49,50,veh6,veh10,10,10,0,25.4266,1,10.5247,6.53279,-54.7471,42.2292,10,0.093,0.093,0.109526
juelich_pilot_d30_r10_log_distance_s02_w1,juelich,12345,2,2,log-distance,49,50,veh6,veh11,10,10,0,232.769,1,10.5247,7.29568,-74.0154,22.9609,10,0.093,0.103,0.109526
juelich_pilot_d30_r10_log_distance_s02_w1,juelich,12345,2,2,log-distance,49,50,veh6,veh12,10,10,0,287.072,1,10.5247,8.61524,-75.8375,21.1388,10,0.093,0.093,0.109526
juelich_pilot_d30_r10_log_distance_s02_w1,juelich,12345,2,2,log-distance,49,50,veh6,veh13,10,10,0,199.19,1,10.5247,7.56829,-72.6615,24.3148,10,0.093,0.139,0.109526
juelich_pilot_d30_r10_log_distance_s02_w1,juelich,12345,2,2,log-distance,49,50,veh6,veh14,10,10,0,372.501,1,10.5247,14.9604,-78.1001,18.8762,10,0.093,0.091,0.109526
juelich_pilot_d30_r10_log_distance_s02_w1,juelich,12345,2,2,log-distance,49,50,veh6,veh15,10,0,1,864.718,0,10.5247,9.2111,nan,nan,0,0.093,0.107,0.109526
juelich_pilot_d30_r10_log_distance_s02_w1,juelich,12345,2,2,log-distance,49,50,veh6,veh17,10,0,1,879.143,0,10.5247,7.70067,nan,nan,0,0.093,0.127,0.109526
juelich_pilot_d30_r10_log_distance_s02_w1,juelich,12345,2,2,log-distance,49,50,veh6,veh18,10,0,1,902.018,0,10.5247,1.91933,nan,nan,0,0.093,0.117,0.109526
juelich_pilot_d30_r10_log_distance_s02_w1,juelich,12345,2,2,log-distance,49,50,veh6,veh4,10,10,0,131.538,1,10.5247,11.7749,-69.0587,27.9176,10,0.093,0.139,0.109526
juelich_pilot_d30_r10_log_distance_s02_w1,juelich,12345,2,2,log-distance,49,50,veh6,veh5,10,0,1,850.495,0,10.5247,8.08684,nan,nan,0,0.093,0.127,0.109526
juelich_pilot_d30_r10_log_distance_s02_w1,juelich,12345,2,2,log-distance,49,50,veh6,veh7,10,0,1,889.639,0,10.5247,11.177,nan,nan,0,0.093,0.145,0.109526
juelich_pilot_d30_r10_log_distance_s02_w1,juelich,12345,2,2,log-distance,49,50,veh6,veh9,10,10,0,177.49,1,10.5247,8.64267,-71.6593,25.317,10,0.093,0.119,0.109526
juelich_pilot_d30_r10_log_distance_s02_w1,juelich,12345,2,2,log-distance,49,50,veh7,veh0,10,0,1,697.753,0,11.177,13.4651,nan,nan,0,0.145,0.139,0.109526
juelich_pilot_d30_r10_log_distance_s02_w1,juelich,12345,2,2,log-distance,49,50,veh7,veh1,10,0,1,821.62,0,11.177,8.33073,nan,nan,0,0.145,0.101,0.109526
juelich_pilot_d30_r10_log_distance_s02_w1,juelich,12345,2,2,log-distance,49,50,veh7,veh10,10,0,1,914.749,0,11.177,6.53279,nan,nan,0,0.145,0.093,0.109526
juelich_pilot_d30_r10_log_distance_s02_w1,juelich,12345,2,2,log-distance,49,50,veh7,veh11,10,0,1,814.572,0,11.177,7.29568,nan,nan,0,0.145,0.103,0.109526
juelich_pilot_d30_r10_log_distance_s02_w1,juelich,12345,2,2,log-distance,49,50,veh7,veh13,10,0,1,760.259,0,11.177,7.56829,nan,nan,0,0.145,0.139,0.109526
juelich_pilot_d30_r10_log_distance_s02_w1,juelich,12345,2,2,log-distance,49,50,veh7,veh15,10,10,0,487.365,1,11.177,9.2111,-80.4348,16.5415,10,0.145,0.107,0.109526
juelich_pilot_d30_r10_log_distance_s02_w1,juelich,12345,2,2,log-distance,49,50,veh7,veh16,10,0,1,623.08,0,11.177,12.9823,nan,nan,0,0.145,0.087,0.109526
juelich_pilot_d30_r10_log_distance_s02_w1,juelich,12345,2,2,log-distance,49,50,veh7,veh17,10,10,0,151.374,1,11.177,7.70067,-70.2787,26.6976,10,0.145,0.127,0.109526
juelich_pilot_d30_r10_log_distance_s02_w1,juelich,12345,2,2,log-distance,49,50,veh7,veh18,10,10,0,114.922,1,11.177,1.91933,-67.8857,29.0905,10,0.145,0.117,0.109526
juelich_pilot_d30_r10_log_distance_s02_w1,juelich,12345,2,2,log-distance,49,50,veh7,veh2,10,0,1,604.966,0,11.177,0,nan,nan,0,0.145,0.077,0.109526
juelich_pilot_d30_r10_log_distance_s02_w1,juelich,12345,2,2,log-distance,49,50,veh7,veh3,10,10,0,392.009,1,11.177,12.7305,-78.5436,18.4327,10,0.145,0.087,0.109526
juelich_pilot_d30_r10_log_distance_s02_w1,juelich,12345,2,2,log-distance,49,50,veh7,veh4,10,0,1,758.131,0,11.177,11.7749,nan,nan,0,0.145,0.139,0.109526
juelich_pilot_d30_r10_log_distance_s02_w1,juelich,12345,2,2,log-distance,49,50,veh7,veh5,10,10,0,265.201,1,11.177,8.08684,-75.1492,21.8271,10,0.145,0.127,0.109526
juelich_pilot_d30_r10_log_distance_s02_w1,juelich,12345,2,2,log-distance,49,50,veh7,veh6,10,0,1,889.639,0,11.177,10.5247,nan,nan,0,0.145,0.093,0.109526
juelich_pilot_d30_r10_log_distance_s02_w1,juelich,12345,2,2,log-distance,49,50,veh7,veh8,10,10,0,296.465,1,11.177,2.37506,-76.117,20.8593,10,0.145,0.097,0.109526
juelich_pilot_d30_r10_log_distance_s02_w1,juelich,12345,2,2,log-distance,49,50,veh7,veh9,10,0,1,801.159,0,11.177,8.64267,nan,nan,0,0.145,0.119,0.109526
juelich_pilot_d30_r10_log_distance_s02_w1,juelich,12345,2,2,log-distance,49,50,veh8,veh0,10,0,1,975.089,0,2.37506,13.4651,nan,nan,0,0.097,0.139,0.109526
juelich_pilot_d30_r10_log_distance_s02_w1,juelich,12345,2,2,log-distance,49,50,veh8,veh1,10,0,1,951.429,0,2.37506,8.33073,nan,nan,0,0.097,0.101,0.109526
juelich_pilot_d30_r10_log_distance_s02_w1,juelich,12345,2,2,log-distance,49,50,veh8,veh11,10,0,1,952.558,0,2.37506,7.29568,nan,nan,0,0.097,0.103,0.109526
juelich_pilot_d30_r10_log_distance_s02_w1,juelich,12345,2,2,log-distance,49,50,veh8,veh13,10,0,1,990.225,0,2.37506,7.56829,nan,nan,0,0.097,0.139,0.109526
juelich_pilot_d30_r10_log_distance_s02_w1,juelich,12345,2,2,log-distance,49,50,veh8,veh15,10,0,1,777.7,0,2.37506,9.2111,nan,nan,0,0.097,0.107,0.109526
juelich_pilot_d30_r10_log_distance_s02_w1,juelich,12345,2,2,log-distance,49,50,veh8,veh16,10,0,1,717.222,0,2.37506,12.9823,nan,nan,0,0.097,0.087,0.109526
juelich_pilot_d30_r10_log_distance_s02_w1,juelich,12345,2,2,log-distance,49,50,veh8,veh17,10,8,0.2,438.454,1,2.37506,7.70067,-79.5117,17.4645,8,0.097,0.127,0.109526
juelich_pilot_d30_r10_log_distance_s02_w1,juelich,12345,2,2,log-distance,49,50,veh8,veh18,10,8,0.2,395.005,1,2.37506,1.91933,-78.6102,18.366,8,0.097,0.117,0.109526
juelich_pilot_d30_r10_log_distance_s02_w1,juelich,12345,2,2,log-distance,49,50,veh8,veh2,10,10,0,392.928,1,2.37506,0,-78.564,15.6887,10,0.097,0.077,0.109526
juelich_pilot_d30_r10_log_distance_s02_w1,juelich,12345,2,2,log-distance,49,50,veh8,veh3,10,10,0,253.885,1,2.37506,12.7305,-74.7703,22.206,10,0.097,0.087,0.109526
juelich_pilot_d30_r10_log_distance_s02_w1,juelich,12345,2,2,log-distance,49,50,veh8,veh4,10,0,1,955.721,0,2.37506,11.7749,nan,nan,0,0.097,0.139,0.109526
juelich_pilot_d30_r10_log_distance_s02_w1,juelich,12345,2,2,log-distance,49,50,veh8,veh5,10,8,0.2,555.763,0,2.37506,8.08684,-81.5745,15.4018,8,0.097,0.127,0.109526
juelich_pilot_d30_r10_log_distance_s02_w1,juelich,12345,2,2,log-distance,49,50,veh8,veh7,10,8,0.2,296.465,1,2.37506,11.177,-76.1095,20.8668,8,0.097,0.145,0.109526
juelich_pilot_d30_r10_log_distance_s02_w1,juelich,12345,2,2,log-distance,49,50,veh8,veh9,10,0,1,957.744,0,2.37506,8.64267,nan,nan,0,0.097,0.119,0.109526
juelich_pilot_d30_r10_log_distance_s02_w1,juelich,12345,2,2,log-distance,49,50,veh9,veh0,10,10,0,547.193,0,8.64267,13.4651,-81.4405,15.5358,10,0.119,0.139,0.109526
juelich_pilot_d30_r10_log_distance_s02_w1,juelich,12345,2,2,log-distance,49,50,veh9,veh1,10,10,0,91.0982,1,8.64267,8.33073,-65.8679,31.1084,10,0.119,0.101,0.109526
juelich_pilot_d30_r10_log_distance_s02_w1,juelich,12345,2,2,log-distance,49,50,veh9,veh10,10,10,0,190.339,1,8.64267,6.53279,-72.2682,24.7081,10,0.119,0.093,0.109526
juelich_pilot_d30_r10_log_distance_s02_w1,juelich,12345,2,2,log-distance,49,50,veh9,veh11,10,10,0,63.6544,1,8.64267,7.29568,-62.7541,34.2222,10,0.119,0.103,0.109526
juelich_pilot_d30_r10_log_distance_s02_w1,juelich,12345,2,2,log-distance,49,50,veh9,veh12,10,10,0,463.043,1,8.64267,8.61524,-79.9898,16.9865,10,0.119,0.093,0.109526
juelich_pilot_d30_r10_log_distance_s02_w1,juelich,12345,2,2,log-distance,49,50,veh9,veh13,10,10,0,287.64,1,8.64267,7.56829,-75.8543,21.122,10,0.119,0.139,0.109526
juelich_pilot_d30_r10_log_distance_s02_w1,juelich,12345,2,2,log-distance,49,50,veh9,veh14,10,10,0,549.041,0,8.64267,14.9604,-81.4694,15.5069,10,0.119,0.091,0.109526
juelich_pilot_d30_r10_log_distance_s02_w1,juelich,12345,2,2,log-distance,49,50,veh9,veh15,10,0,1,874.283,0,8.64267,9.2111,nan,nan,0,0.119,0.107,0.109526
juelich_pilot_d30_r10_log_distance_s02_w1,juelich,12345,2,2,log-distance,49,50,veh9,veh17,10,0,1,819.466,0,8.64267,7.70067,nan,nan,0,0.119,0.127,0.109526
juelich_pilot_d30_r10_log_distance_s02_w1,juelich,12345,2,2,log-distance,49,50,veh9,veh18,10,0,1,834.497,0,8.64267,1.91933,nan,nan,0,0.119,0.117,0.109526
juelich_pilot_d30_r10_log_distance_s02_w1,juelich,12345,2,2,log-distance,49,50,veh9,veh4,10,10,0,151.02,1,8.64267,11.7749,-70.2578,26.7184,10,0.119,0.139,0.109526
juelich_pilot_d30_r10_log_distance_s02_w1,juelich,12345,2,2,log-distance,49,50,veh9,veh5,10,0,1,814.434,0,8.64267,8.08684,nan,nan,0,0.119,0.127,0.109526
juelich_pilot_d30_r10_log_distance_s02_w1,juelich,12345,2,2,log-distance,49,50,veh9,veh6,10,10,0,177.49,1,8.64267,10.5247,-71.6593,25.317,10,0.119,0.093,0.109526
juelich_pilot_d30_r10_log_distance_s02_w1,juelich,12345,2,2,log-distance,49,50,veh9,veh7,10,0,1,801.159,0,8.64267,11.177,nan,nan,0,0.119,0.145,0.109526
juelich_pilot_d30_r10_log_distance_s02_w1,juelich,12345,2,2,log-distance,49,50,veh9,veh8,10,0,1,957.744,0,8.64267,2.37506,nan,nan,0,0.119,0.097,0.109526
