run_id,scenario_id,ns3_seed,ns3_run,sumo_seed,propagation,window_start_s,window_end_s,src,dst,tx,rx_ok,per,dist_m,within_evaluation_radius,v_src_mps,v_dst_mps,rssi_dbm,snr_db,phy_n,cbr_tx,cbr_rx,cbr_global
juelich_pilot_d30_r5_log_distance_s02_w1,juelich,12345,2,2,log-distance,5,6,veh0,veh1,5,0,1,776.079,0,8.07755,5.39491,nan,nan,0,0.01,0.01,0.00833333
juelich_pilot_d30_r5_log_distance_s02_w1,juelich,12345,2,2,log-distance,5,6,veh1,veh0,5,0,1,776.079,0,5.39491,8.07755,nan,nan,0,0.01,0.01,0.00833333
juelich_pilot_d30_r5_log_distance_s02_w1,juelich,12345,2,2,log-distance,6,7,veh0,veh1,5,0,1,765.666,0,8.05506,7.17043,nan,nan,0,0.01,0.01,0.00833333
juelich_pilot_d30_r5_log_distance_s02_w1,juelich,12345,2,2,log-distance,6,7,veh1,veh0,5,0,1,765.666,0,7.17043,8.05506,nan,nan,0,0.01,0.01,0.00833333
juelich_pilot_d30_r5_log_distance_s02_w1,juelich,12345,2,2,log-distance,7,8,veh0,veh1,5,0,1,754.488,0,8.0476,8.29838,nan,nan,0,0.01,0.01,0.00833333
juelich_pilot_d30_r5_log_distance_s02_w1,juelich,12345,2,2,log-distance,7,8,veh1,veh0,5,0,1,754.488,0,8.29838,8.0476,nan,nan,0,0.01,0.01,0.00833333
juelich_pilot_d30_r5_log_distance_s02_w1,juelich,12345,2,2,log-distance,8,9,veh0,veh1,5,0,1,743.253,0,8.06406,8.29682,nan,nan,0,0.01,0.01,0.00947222
juelich_pilot_d30_r5_log_distance_s02_w1,juelich,12345,2,2,log-distance,8,9,veh1,veh0,5,0,1,743.253,0,8.29682,8.06406,nan,nan,0,0.01,0.01,0.00947222
juelich_pilot_d30_r5_log_distance_s02_w1,juelich,12345,2,2,log-distance,8,9,veh2,veh3,4,4,0,266.898,1,6.3045,0,-75.2046,21.7717,4,0.009,0.00888889,0.00947222
juelich_pilot_d30_r5_log_distance_s02_w1,juelich,12345,2,2,log-distance,8,9,veh3,veh2,4,4,0,266.898,1,0,6.3045,-75.2046,21.7717,4,0.00888889,0.009,0.00947222
juelich_pilot_d30_r5_log_distance_s02_w1,juelich,12345,2,2,log-distance,9,10,veh0,veh1,5,0,1,732.187,0,8.03786,8.342,nan,nan,0,0.01,0.01,0.01
juelich_pilot_d30_r5_log_distance_s02_w1,juelich,12345,2,2,log-distance,9,10,veh1,veh0,5,0,1,732.187,0,8.342,8.03786,nan,nan,0,0.01,0.01,0.01
juelich_pilot_d30_r5_log_distance_s02_w1,juelich,12345,2,2,log-distance,9,10,veh2,veh3,5,5,0,264.88,1,6.7131,0,-75.1387,21.8376,5,0.01,0.01,0.01
juelich_pilot_d30_r5_log_distance_s02_w1,juelich,12345,2,2,log-distance,9,10,veh3,veh2,5,5,0,264.88,1,0,6.7131,-75.1387,21.8376,5,0.01,0.01,0.01
juelich_pilot_d30_r5_log_distance_s02_w1,juelich,12345,2,2,log-distance,10,11,veh0,veh1,5,0,1,721.413,0,8.04525,8.35266,nan,nan,0,0.011,0.011,0.0114
juelich_pilot_d30_r5_log_distance_s02_w1,juelich,12345,2,2,log-distance,10,11,veh0,veh4,1,1,0,469.32,1,8.09755,0,-80.1071,16.8692,1,0.011,0.015,0.0114
juelich_pilot_d30_r5_log_distance_s02_w1,juelich,12345,2,2,log-distance,10,11,veh1,veh0,5,0,1,721.413,0,8.35266,8.04525,nan,nan,0,0.011,0.011,0.0114
juelich_pilot_d30_r5_log_distance_s02_w1,juelich,12345,2,2,log-distance,10,11,veh1,veh4,1,1,0,250.465,1,8.37996,0,-74.6527,22.3236,1,0.011,0.015,0.0114
juelich_pilot_d30_r5_log_distance_s02_w1,juelich,12345,2,2,log-distance,10,11,veh2,veh3,5,5,0,263.449,1,2.67377,0,-75.0916,21.8846,5,0.01,0.01,0.0114
juelich_pilot_d30_r5_log_distance_s02_w1,juelich,12345,2,2,log-distance,10,11,veh3,veh2,5,5,0,263.449,1,0,2.67377,-75.0916,21.8846,5,0.01,0.01,0.0114
juelich_pilot_d30_r5_log_distance_s02_w1,juelich,12345,2,2,log-distance,10,11,veh4,veh0,1,1,0,469.32,1,0,8.09755,-80.1071,16.8692,1,0.015,0.011,0.0114
juelich_pilot_d30_r5_log_distance_s02_w1,juelich,12345,2,2,log-distance,10,11,veh4,veh1,1,1,0,250.465,1,0,8.37996,-74.6527,22.3236,1,0.015,0.011,0.0114
juelich_pilot_d30_r5_log_distance_s02_w1,juelich,12345,2,2,log-distance,11,12,veh0,veh1,5,0,1,710.961,0,8.03723,8.32649,nan,nan,0,0.015,0.015,0.013
juelich_pilot_d30_r5_log_distance_s02_w1,juelich,12345,2,2,log-distance,11,12,veh0,veh4,5,5,0,465.063,1,8.03723,1.3823,-80.0278,16.9484,5,0.015,0.015,0.013
juelich_pilot_d30_r5_log_distance_s02_w1,juelich,12345,2,2,log-distance,11,12,veh1,veh0,5,0,1,710.961,0,8.32649,8.03723,nan,nan,0,0.015,0.015,0.013
juelich_pilot_d30_r5_log_distance_s02_w1,juelich,12345,2,2,log-distance,11,12,veh1,veh4,5,5,0,248.928,1,8.32649,1.3823,-74.5992,22.3771,5,0.015,0.015,0.013
juelich_pilot_d30_r5_log_distance_s02_w1,juelich,12345,2,2,log-distance,11,12,veh2,veh3,5,5,0,263.219,1,0.000313968,1.17473,-75.084,21.8922,5,0.01,0.01,0.013
juelich_pilot_d30_r5_log_distance_s02_w1,juelich,12345,2,2,log-distance,11,12,veh3,veh2,5,5,0,263.219,1,1.17473,0.000313968,-75.084,21.8922,5,0.01,0.01,0.013
juelich_pilot_d30_r5_log_distance_s02_w1,juelich,12345,2,2,log-distance,11,12,veh4,veh0,5,5,0,465.063,1,1.3823,8.03723,-80.0278,16.9484,5,0.015,0.015,0.013
juelich_pilot_d30_r5_log_distance_s02_w1,juelich,12345,2,2,log-distance,11,12,veh4,veh1,5,5,0,248.928,1,1.3823,8.32649,-74.5992,22.3771,5,0.015,0.015,0.013
juelich_pilot_d30_r5_log_distance_s02_w1,juelich,12345,2,2,log-distance,12,13,veh0,veh1,5,0,1,700.729,0,8.0355,8.29917,nan,nan,0,0.015,0.015,0.013
juelich_pilot_d30_r5_log_distance_s02_w1,juelich,12345,2,2,log-distance,12,13,veh0,veh4,5,5,0,457.091,1,8.0355,3.30701,-79.8776,17.0986,5,0.015,0.015,0.013
juelich_pilot_d30_r5_log_distance_s02_w1,juelich,12345,2,2,log-distance,12,13,veh1,veh0,5,0,1,700.729,0,8.29917,8.0355,nan,nan,0,0.015,0.015,0.013
juelich_pilot_d30_r5_log_distance_s02_w1,juelich,12345,2,2,log-distance,12,13,veh1,veh4,5,5,0,247.707,1,8.29917,3.30701,-74.5565,22.4198,5,0.015,0.015,0.013
juelich_pilot_d30_r5_log_distance_s02_w1,juelich,12345,2,2,log-distance,12,13,veh2,veh3,5,5,0,263.344,1,0,3.26266,-75.0882,21.8881,5,0.01,0.01,0.013
juelich_pilot_d30_r5_log_distance_s02_w1,juelich,12345,2,2,log-distance,12,13,veh3,veh2,5,5,0,263.344,1,3.26266,0,-75.0882,21.8881,5,0.01,0.01,0.013
juelich_pilot_d30_r5_log_distance_s02_w1,juelich,12345,2,2,log-distance,12,13,veh4,veh0,5,5,0,457.091,1,3.30701,8.0355,-79.8776,17.0986,5,0.015,0.015,0.013
juelich_pilot_d30_r5_log_distance_s02_w1,juelich,12345,2,2,log-distance,12,13,veh4,veh1,5,5,0,247.707,1,3.30701,8.29917,-74.5565,22.4198,5,0.015,0.015,0.013
juelich_pilot_d30_r5_log_distance_s02_w1,juelich,12345,2,2,log-distance,13,14,veh0,veh1,5,0,1,690.725,0,8.03092,8.34345,nan,nan,0,0.017,0.015,0.0135
juelich_pilot_d30_r5_log_distance_s02_w1,juelich,12345,2,2,log-distance,13,14,veh0,veh4,5,5,0,448.123,1,8.03092,5.18363,-79.7055,17.2708,5,0.017,0.017,0.0135
juelich_pilot_d30_r5_log_distance_s02_w1,juelich,12345,2,2,log-distance,13,14,veh0,veh5,2,2,0,298.894,1,8.01927,0.491056,-76.188,20.7882,2,0.017,0.012,0.0135
juelich_pilot_d30_r5_log_distance_s02_w1,juelich,12345,2,2,log-distance,13,14,veh1,veh0,5,0,1,690.725,0,8.34345,8.03092,nan,nan,0,0.015,0.017,0.0135
juelich_pilot_d30_r5_log_distance_s02_w1,juelich,12345,2,2,log-distance,13,14,veh1,veh4,5,5,0,248.226,1,8.34345,5.18363,-74.5746,22.4017,5,0.015,0.017,0.0135
juelich_pilot_d30_r5_log_distance_s02_w1,juelich,12345,2,2,log-distance,13,14,veh1,veh5,2,0,1,986.576,0,8.37656,0.491056,nan,nan,0,0.015,0.012,0.0135
juelich_pilot_d30_r5_log_distance_s02_w1,juelich,12345,2,2,log-distance,13,14,veh2,veh3,5,5,0,263.126,1,1.17152,5.12341,-75.081,21.8953,5,0.01,0.01,0.0135
juelich_pilot_d30_r5_log_distance_s02_w1,juelich,12345,2,2,log-distance,13,14,veh3,veh2,5,5,0,263.126,1,5.12341,1.17152,-75.081,21.8953,5,0.01,0.01,0.0135
juelich_pilot_d30_r5_log_distance_s02_w1,juelich,12345,2,2,log-distance,13,14,veh3,veh5,2,0,1,980.917,0,5.66998,0.491056,nan,nan,0,0.01,0.012,0.0135
juelich_pilot_d30_r5_log_distance_s02_w1,juelich,12345,2,2,log-distance,13,14,veh4,veh0,5,5,0,448.123,1,5.18363,8.03092,-79.7055,17.2708,5,0.017,0.017,0.0135
juelich_pilot_d30_r5_log_distance_s02_w1,juelich,12345,2,2,log-distance,13,14,veh4,veh1,5,5,0,248.226,1,5.18363,8.34345,-74.5746,22.4017,5,0.017,0.015,0.0135
juelich_pilot_d30_r5_log_distance_s02_w1,juelich,12345,2,2,log-distance,13,14,veh4,veh5,2,0,1,742.773,0,5.79528,0.491056,nan,nan,0,0.017,0.012,0.0135
juelich_pilot_d30_r5_log_distance_s02_w1,juelich,12345,2,2,log-distance,13,14,veh5,veh0,2,2,0,298.894,1,0.491056,8.01927,-76.188,20.7882,2,0.012,0.017,0.0135
juelich_pilot_d30_r5_log_distance_s02_w1,juelich,12345,2,2,log-distance,13,14,veh5,veh1,2,0,1,986.576,0,0.491056,8.37656,nan,nan,0,0.012,0.015,0.0135
juelich_pilot_d30_r5_log_distance_s02_w1,juelich,12345,2,2,log-distance,13,14,veh5,veh3,2,0,1,980.917,0,0.491056,5.66998,nan,nan,0,0.012,0.01,0.0135
juelich_pilot_d30_r5_log_distance_s02_w1,juelich,12345,2,2,log-distance,13,14,veh5,veh4,2,0,1,742.773,0,0.491056,5.79528,nan,nan,0,0.012,0.017,0.0135
juelich_pilot_d30_r5_log_distance_s02_w1,juelich,12345,2,2,log-distance,14,15,veh0,veh1,5,0,1,680.987,0,8.07645,8.32433,nan,nan,0,0.02,0.015,0.015
juelich_pilot_d30_r5_log_distance_s02_w1,juelich,12345,2,2,log-distance,14,15,veh0,veh4,5,5,0,438.388,1,8.07645,7.01482,-79.5147,17.4616,5,0.02,0.02,0.015
juelich_pilot_d30_r5_log_distance_s02_w1,juelich,12345,2,2,log-distance,14,15,veh0,veh5,5,5,0,303.814,1,8.07645,2.07136,-76.3296,20.6466,5,0.02,0.015,0.015
juelich_pilot_d30_r5_log_distance_s02_w1,juelich,12345,2,2,log-distance,14,15,veh1,veh0,5,0,1,680.987,0,8.32433,8.07645,nan,nan,0,0.015,0.02,0.015
juelich_pilot_d30_r5_log_distance_s02_w1,juelich,12345,2,2,log-distance,14,15,veh1,veh4,5,5,0,250.515,1,8.32433,7.01482,-74.6543,22.322,5,0.015,0.02,0.015
juelich_pilot_d30_r5_log_distance_s02_w1,juelich,12345,2,2,log-distance,14,15,veh1,veh5,5,0,1,984.787,0,8.32433,2.07136,nan,nan,0,0.015,0.015,0.015
juelich_pilot_d30_r5_log_distance_s02_w1,juelich,12345,2,2,log-distance,14,15,veh2,veh3,5,5,0,262.013,1,3.2263,7.05979,-75.0441,21.9322,5,0.01,0.01,0.015
juelich_pilot_d30_r5_log_distance_s02_w1,juelich,12345,2,2,log-distance,14,15,veh3,veh2,5,5,0,262.013,1,7.05979,3.2263,-75.0441,21.9322,5,0.01,0.01,0.015
juelich_pilot_d30_r5_log_distance_s02_w1,juelich,12345,2,2,log-distance,14,15,veh3,veh5,5,0,1,976.21,0,7.05979,2.07136,nan,nan,0,0.01,0.015,0.015
juelich_pilot_d30_r5_log_distance_s02_w1,juelich,12345,2,2,log-distance,14,15,veh4,veh0,5,5,0,438.388,1,7.01482,8.07645,-79.5147,17.4616,5,0.02,0.02,0.015
juelich_pilot_d30_r5_log_distance_s02_w1,juelich,12345,2,2,log-distance,14,15,veh4,veh1,5,5,0,250.515,1,7.01482,8.32433,-74.6543,22.322,5,0.02,0.015,0.015
juelich_pilot_d30_r5_log_distance_s02_w1,juelich,12345,2,2,log-distance,14,15,veh4,veh5,5,0,1,741.061,0,7.01482,2.07136,nan,nan,0,0.02,0.015,0.015
juelich_pilot_d30_r5_log_distance_s02_w1,juelich,12345,2,2,log-distance,14,15,veh5,veh0,5,5,0,303.814,1,2.07136,8.07645,-76.3296,20.6466,5,0.015,0.02,0.015
juelich_pilot_d30_r5_log_distance_s02_w1,juelich,12345,2,2,log-distance,14,15,veh5,veh1,5,0,1,984.787,0,2.07136,8.32433,nan,nan,0,0.015,0.015,0.015
juelich_pilot_d30_r5_log_distance_s02_w1,juelich,12345,2,2,log-distance,14,15,veh5,veh3,5,0,1,976.21,0,2.07136,7.05979,nan,nan,0,0.015,0.01,0.015
juelich_pilot_d30_r5_log_distance_s02_w1,juelich,12345,2,2,log-distance,14,15,veh5,veh4,5,0,1,741.061,0,2.07136,7.01482,nan,nan,0,0.015,0.02,0.015
juelich_pilot_d30_r5_log_distance_s02_w1,juelich,12345,2,2,log-distance,15,16,veh0,veh1,5,0,1,671.537,0,8.05254,8.29462,nan,nan,0,0.02,0.015,0.015
juelich_pilot_d30_r5_log_distance_s02_w1,juelich,12345,2,2,log-distance,15,16,veh0,veh4,5,5,0,427.61,1,8.05254,7.89527,-79.2984,17.6779,5,0.02,0.02,0.015
juelich_pilot_d30_r5_log_distance_s02_w1,juelich,12345,2,2,log-distance,15,16,veh0,veh5,5,5,0,312.329,1,8.05254,4.08316,-76.5696,20.4067,5,0.02,0.015,0.015
juelich_pilot_d30_r5_log_distance_s02_w1,juelich,12345,2,2,log-distance,15,16,veh1,veh0,5,0,1,671.537,0,8.29462,8.05254,nan,nan,0,0.015,0.02,0.015
juelich_pilot_d30_r5_log_distance_s02_w1,juelich,12345,2,2,log-distance,15,16,veh1,veh4,5,5,0,254.802,1,8.29462,7.89527,-74.8016,22.1747,5,0.015,0.02,0.015
juelich_pilot_d30_r5_log_distance_s02_w1,juelich,12345,2,2,log-distance,15,16,veh1,veh5,5,0,1,983.635,0,8.29462,4.08316,nan,nan,0,0.015,0.015,0.015
juelich_pilot_d30_r5_log_distance_s02_w1,juelich,12345,2,2,log-distance,15,16,veh2,veh3,5,5,0,256.151,1,5.21855,9.14968,-74.8472,22.129,5,0.01,0.01,0.015
juelich_pilot_d30_r5_log_distance_s02_w1,juelich,12345,2,2,log-distance,15,16,veh3,veh2,5,5,0,256.151,1,9.14968,5.21855,-74.8472,22.129,5,0.01,0.01,0.015
juelich_pilot_d30_r5_log_distance_s02_w1,juelich,12345,2,2,log-distance,15,16,veh3,veh5,5,0,1,968.406,0,9.14968,4.08316,nan,nan,0,0.01,0.015,0.015
juelich_pilot_d30_r5_log_distance_s02_w1,juelich,12345,2,2,log-distance,15,16,veh4,veh0,5,5,0,427.61,1,7.89527,8.05254,-79.2984,17.6779,5,0.02,0.02,0.015
juelich_pilot_d30_r5_log_distance_s02_w1,juelich,12345,2,2,log-distance,15,16,veh4,veh1,5,5,0,254.802,1,7.89527,8.29462,-74.8016,22.1747,5,0.02,0.015,0.015
juelich_pilot_d30_r5_log_distance_s02_w1,juelich,12345,2,2,log-distance,15,16,veh4,veh5,5,0,1,739.159,0,7.89527,4.08316,nan,nan,0,0.02,0.015,0.015
juelich_pilot_d30_r5_log_distance_s02_w1,juelich,12345,2,2,log-distance,15,16,veh5,veh0,5,5,0,312.329,1,4.08316,8.05254,-76.5696,20.4067,5,0.015,0.02,0.015
juelich_pilot_d30_r5_log_distance_s02_w1,juelich,12345,2,2,log-distance,15,16,veh5,veh1,5,0,1,983.635,0,4.08316,8.29462,nan,nan,0,0.015,0.015,0.015
juelich_pilot_d30_r5_log_distance_s02_w1,juelich,12345,2,2,log-distance,15,16,veh5,veh3,5,0,1,968.406,0,4.08316,9.14968,nan,nan,0,0.015,0.01,0.015
juelich_pilot_d30_r5_log_distance_s02_w1,juelich,12345,2,2,log-distance,15,16,veh5,veh4,5,0,1,739.159,0,4.08316,7.89527,nan,nan,0,0.015,0.02,0.015
juelich_pilot_d30_r5_log_distance_s02_w1,juelich,12345,2,2,log-distance,16,17,veh0,veh1,5,0,1,662.325,0,8.02543,8.30351,nan,nan,0,0.024,0.019,0.0174286
juelich_pilot_d30_r5_log_distance_s02_w1,juelich,12345,2,2,log-distance,16,17,veh0,veh4,5,5,0,416.308,1,8.02543,7.88996,-79.0657,17.9105,5,0.024,0.024,0.0174286
juelich_pilot_d30_r5_log_distance_s02_w1,juelich,12345,2,2,log-distance,16,17,veh0,veh5,5,5,0,322.542,1,8.02543,5.97994,-76.849,20.1273,5,0.024,0.015,0.0174286
juelich_pilot_d30_r5_log_distance_s02_w1,juelich,12345,2,2,log-distance,16,17,veh0,veh6,4,4,0,517.888,0,8.0319,0.724488,-80.9624,16.0139,4,0.024,0.02,0.0174286
juelich_pilot_d30_r5_log_distance_s02_w1,juelich,12345,2,2,log-distance,16,17,veh1,veh0,5,0,1,662.325,0,8.30351,8.02543,nan,nan,0,0.019,0.024,0.0174286
juelich_pilot_d30_r5_log_distance_s02_w1,juelich,12345,2,2,log-distance,16,17,veh1,veh4,5,5,0,260.179,1,8.30351,7.88996,-74.983,21.9933,5,0.019,0.024,0.0174286
juelich_pilot_d30_r5_log_distance_s02_w1,juelich,12345,2,2,log-distance,16,17,veh1,veh5,5,0,1,983.955,0,8.30351,5.97994,nan,nan,0,0.019,0.015,0.0174286
juelich_pilot_d30_r5_log_distance_s02_w1,juelich,12345,2,2,log-distance,16,17,veh1,veh6,4,4,0,206.181,1,8.29146,0.724488,-72.9626,24.0137,4,0.019,0.02,0.0174286
juelich_pilot_d30_r5_log_distance_s02_w1,juelich,12345,2,2,log-distance,16,17,veh2,veh3,5,5,0,242.851,1,7.01309,11.1657,-74.3836,22.5927,5,0.01,0.01,0.0174286
juelich_pilot_d30_r5_log_distance_s02_w1,juelich,12345,2,2,log-distance,16,17,veh3,veh2,5,5,0,242.851,1,11.1657,7.01309,-74.3836,22.5927,5,0.01,0.01,0.0174286
juelich_pilot_d30_r5_log_distance_s02_w1,juelich,12345,2,2,log-distance,16,17,veh3,veh5,5,0,1,958.711,0,11.1657,5.97994,nan,nan,0,0.01,0.015,0.0174286
juelich_pilot_d30_r5_log_distance_s02_w1,juelich,12345,2,2,log-distance,16,17,veh4,veh0,5,5,0,416.308,1,7.88996,8.02543,-79.0657,17.9105,5,0.024,0.024,0.0174286
juelich_pilot_d30_r5_log_distance_s02_w1,juelich,12345,2,2,log-distance,16,17,veh4,veh1,5,5,0,260.179,1,7.88996,8.30351,-74.983,21.9933,5,0.024,0.019,0.0174286
juelich_pilot_d30_r5_log_distance_s02_w1,juelich,12345,2,2,log-distance,16,17,veh4,veh5,5,0,1,738.392,0,7.88996,5.97994,nan,nan,0,0.024,0.015,0.0174286
juelich_pilot_d30_r5_log_distance_s02_w1,juelich,12345,2,2,log-distance,16,17,veh4,veh6,4,4,0,110.841,1,7.90323,0.724488,-67.5717,29.4046,4,0.024,0.02,0.0174286
juelich_pilot_d30_r5_log_distance_s02_w1,juelich,12345,2,2,log-distance,16,17,veh5,veh0,5,5,0,322.542,1,5.97994,8.02543,-76.849,20.1273,5,0.015,0.024,0.0174286
juelich_pilot_d30_r5_log_distance_s02_w1,juelich,12345,2,2,log-distance,16,17,veh5,veh1,5,0,1,983.955,0,5.97994,8.30351,nan,nan,0,0.015,0.019,0.0174286
juelich_pilot_d30_r5_log_distance_s02_w1,juelich,12345,2,2,log-distance,16,17,veh5,veh3,5,0,1,958.711,0,5.97994,11.1657,nan,nan,0,0.015,0.01,0.0174286
juelich_pilot_d30_r5_log_distance_s02_w1,juelich,12345,2,2,log-distance,16,17,veh5,veh4,5,0,1,738.392,0,5.97994,7.88996,nan,nan,0,0.015,0.024,0.0174286
juelich_pilot_d30_r5_log_distance_s02_w1,juelich,12345,2,2,log-distance,16,17,veh5,veh6,4,0,1,839.02,0,6.16938,0.724488,nan,nan,0,0.015,0.02,0.0174286
juelich_pilot_d30_r5_log_distance_s02_w1,juelich,12345,2,2,log-distance,16,17,veh6,veh0,4,4,0,517.888,0,0.724488,8.0319,-80.9624,16.0139,4,0.02,0.024,0.0174286
juelich_pilot_d30_r5_log_distance_s02_w1,juelich,12345,2,2,log-distance,16,17,veh6,veh1,4,4,0,206.181,1,0.724488,8.29146,-72.9626,24.0137,4,0.02,0.019,0.0174286
juelich_pilot_d30_r5_log_distance_s02_w1,juelich,12345,2,2,log-distance,16,17,veh6,veh4,4,4,0,110.841,1,0.724488,7.90323,-67.5717,29.4046,4,0.02,0.024,0.0174286
juelich_pilot_d30_r5_log_distance_s02_w1,juelich,12345,2,2,log-distance,16,17,veh6,veh5,4,0,1,839.02,0,0.724488,6.16938,nan,nan,0,0.02,0.015,0.0174286
juelich_pilot_d30_r5_log_distance_s02_w1,juelich,12345,2,2,log-distance,17,18,veh0,veh1,5,0,1,653.376,0,8.06675,8.3228,nan,nan,0,0.025,0.02,0.0178571
juelich_pilot_d30_r5_log_distance_s02_w1,juelich,12345,2,2,log-distance,17,18,veh0,veh4,5,5,0,405.019,1,8.06675,7.88446,-78.8269,18.1493,5,0.025,0.025,0.0178571
juelich_pilot_d30_r5_log_distance_s02_w1,juelich,12345,2,2,log-distance,17,18,veh0,veh5,5,5,0,334.281,1,8.06675,7.3808,-77.1595,19.8168,5,0.025,0.015,0.0178571
juelich_pilot_d30_r5_log_distance_s02_w1,juelich,12345,2,2,log-distance,17,18,veh0,veh6,5,5,0,510.149,0,8.06675,2.65879,-80.8315,16.1448,5,0.025,0.02,0.0178571
juelich_pilot_d30_r5_log_distance_s02_w1,juelich,12345,2,2,log-distance,17,18,veh1,veh0,5,0,1,653.376,0,8.3228,8.06675,nan,nan,0,0.02,0.025,0.0178571
juelich_pilot_d30_r5_log_distance_s02_w1,juelich,12345,2,2,log-distance,17,18,veh1,veh4,5,5,0,266.115,1,8.3228,7.88446,-75.1789,21.7974,5,0.02,0.025,0.0178571
juelich_pilot_d30_r5_log_distance_s02_w1,juelich,12345,2,2,log-distance,17,18,veh1,veh5,5,0,1,985.5,0,8.3228,7.3808,nan,nan,0,0.02,0.015,0.0178571
juelich_pilot_d30_r5_log_distance_s02_w1,juelich,12345,2,2,log-distance,17,18,veh1,veh6,5,5,0,208.483,1,8.3228,2.65879,-73.0591,23.9172,5,0.02,0.02,0.0178571
juelich_pilot_d30_r5_log_distance_s02_w1,juelich,12345,2,2,log-distance,17,18,veh2,veh3,5,5,0,229.004,1,8.99953,12.6628,-73.8731,23.1032,5,0.01,0.01,0.0178571
juelich_pilot_d30_r5_log_distance_s02_w1,juelich,12345,2,2,log-distance,17,18,veh3,veh2,5,5,0,229.004,1,12.6628,8.99953,-73.8731,23.1032,5,0.01,0.01,0.0178571
juelich_pilot_d30_r5_log_distance_s02_w1,juelich,12345,2,2,log-distance,17,18,veh3,veh5,5,0,1,950.16,0,12.6628,7.3808,nan,nan,0,0.01,0.015,0.0178571
juelich_pilot_d30_r5_log_distance_s02_w1,juelich,12345,2,2,log-distance,17,18,veh4,veh0,5,5,0,405.019,1,7.88446,8.06675,-78.8269,18.1493,5,0.025,0.025,0.0178571
juelich_pilot_d30_r5_log_distance_s02_w1,juelich,12345,2,2,log-distance,17,18,veh4,veh1,5,5,0,266.115,1,7.88446,8.3228,-75.1789,21.7974,5,0.025,0.02,0.0178571
juelich_pilot_d30_r5_log_distance_s02_w1,juelich,12345,2,2,log-distance,17,18,veh4,veh5,5,0,1,739.093,0,7.88446,7.3808,nan,nan,0,0.025,0.015,0.0178571
juelich_pilot_d30_r5_log_distance_s02_w1,juelich,12345,2,2,log-distance,17,18,veh4,veh6,5,5,0,110.846,1,7.88446,2.65879,-67.5721,29.4042,5,0.025,0.02,0.0178571
juelich_pilot_d30_r5_log_distance_s02_w1,juelich,12345,2,2,log-distance,17,18,veh5,veh0,5,5,0,334.281,1,7.3808,8.06675,-77.1595,19.8168,5,0.015,0.025,0.0178571
juelich_pilot_d30_r5_log_distance_s02_w1,juelich,12345,2,2,log-distance,17,18,veh5,veh1,5,0,1,985.5,0,7.3808,8.3228,nan,nan,0,0.015,0.02,0.0178571
juelich_pilot_d30_r5_log_distance_s02_w1,juelich,12345,2,2,log-distance,17,18,veh5,veh3,5,0,1,950.16,0,7.3808,12.6628,nan,nan,0,0.015,0.01,0.0178571
juelich_pilot_d30_r5_log_distance_s02_w1,juelich,12345,2,2,log-distance,17,18,veh5,veh4,5,0,1,739.093,0,7.3808,7.88446,nan,nan,0,0.015,0.025,0.0178571
juelich_pilot_d30_r5_log_distance_s02_w1,juelich,12345,2,2,log-distance,17,18,veh5,veh6,5,0,1,842.862,0,7.3808,2.65879,nan,nan,0,0.015,0.02,0.0178571
juelich_pilot_d30_r5_log_distance_s02_w1,juelich,12345,2,2,log-distance,17,18,veh6,veh0,5,5,0,510.149,0,2.65879,8.06675,-80.8315,16.1448,5,0.02,0.025,0.0178571
juelich_pilot_d30_r5_log_distance_s02_w1,juelich,12345,2,2,log-distance,17,18,veh6,veh1,5,5,0,208.483,1,2.65879,8.3228,-73.0591,23.9172,5,0.02,0.02,0.0178571
juelich_pilot_d30_r5_log_distance_s02_w1,juelich,12345,2,2,log-distance,17,18,veh6,veh4,5,5,0,110.846,1,2.65879,7.88446,-67.5721,29.4042,5,0.02,0.025,0.0178571
juelich_pilot_d30_r5_log_distance_s02_w1,juelich,12345,2,2,log-distance,17,18,veh6,veh5,5,0,1,842.862,0,2.65879,7.3808,nan,nan,0,0.02,0.015,0.0178571
juelich_pilot_d30_r5_log_distance_s02_w1,juelich,12345,2,2,log-distance,18,19,veh0,veh1,5,0,1,644.759,0,8.02306,8.31268,nan,nan,0,0.025,0.02,0.015625
juelich_pilot_d30_r5_log_distance_s02_w1,juelich,12345,2,2,log-distance,18,19,veh0,veh4,5,5,0,393.802,1,8.02306,7.89039,-78.583,18.3933,5,0.025,0.025,0.015625
juelich_pilot_d30_r5_log_distance_s02_w1,juelich,12345,2,2,log-distance,18,19,veh0,veh5,5,5,0,346.647,1,8.02306,7.43556,-77.475,19.5013,5,0.025,0.015,0.015625
juelich_pilot_d30_r5_log_distance_s02_w1,juelich,12345,2,2,log-distance,18,19,veh0,veh6,5,5,0,500.077,0,8.02306,4.64828,-80.6583,16.318,5,0.025,0.02,0.015625
juelich_pilot_d30_r5_log_distance_s02_w1,juelich,12345,2,2,log-distance,18,19,veh1,veh0,5,0,1,644.759,0,8.31268,8.02306,nan,nan,0,0.02,0.025,0.015625
juelich_pilot_d30_r5_log_distance_s02_w1,juelich,12345,2,2,log-distance,18,19,veh1,veh4,5,5,0,272.556,1,8.31268,7.89039,-75.3866,21.5897,5,0.02,0.025,0.015625
juelich_pilot_d30_r5_log_distance_s02_w1,juelich,12345,2,2,log-distance,18,19,veh1,veh5,5,0,1,987.433,0,8.31268,7.43556,nan,nan,0,0.02,0.015,0.015625
juelich_pilot_d30_r5_log_distance_s02_w1,juelich,12345,2,2,log-distance,18,19,veh1,veh6,5,5,0,211.265,1,8.31268,4.64828,-73.1742,23.8021,5,0.02,0.02,0.015625
juelich_pilot_d30_r5_log_distance_s02_w1,juelich,12345,2,2,log-distance,18,19,veh2,veh3,5,5,0,214.121,1,10.025,12.7368,-73.2892,23.6871,5,0.01,0.01,0.015625
juelich_pilot_d30_r5_log_distance_s02_w1,juelich,12345,2,2,log-distance,18,19,veh3,veh2,5,5,0,214.121,1,12.7368,10.025,-73.2892,23.6871,5,0.01,0.01,0.015625
juelich_pilot_d30_r5_log_distance_s02_w1,juelich,12345,2,2,log-distance,18,19,veh3,veh5,5,0,1,941.187,0,12.7368,7.43556,nan,nan,0,0.01,0.015,0.015625
juelich_pilot_d30_r5_log_distance_s02_w1,juelich,12345,2,2,log-distance,18,19,veh4,veh0,5,5,0,393.802,1,7.89039,8.02306,-78.583,18.3933,5,0.025,0.025,0.015625
juelich_pilot_d30_r5_log_distance_s02_w1,juelich,12345,2,2,log-distance,18,19,veh4,veh1,5,5,0,272.556,1,7.89039,8.31268,-75.3866,21.5897,5,0.025,0.02,0.015625
juelich_pilot_d30_r5_log_distance_s02_w1,juelich,12345,2,2,log-distance,18,19,veh4,veh5,5,0,1,740.392,0,7.89039,7.43556,nan,nan,0,0.025,0.015,0.015625
juelich_pilot_d30_r5_log_distance_s02_w1,juelich,12345,2,2,log-distance,18,19,veh4,veh6,5,5,0,109.648,1,7.89039,4.64828,-67.4776,29.4987,5,0.025,0.02,0.015625
juelich_pilot_d30_r5_log_distance_s02_w1,juelich,12345,2,2,log-distance,18,19,veh5,veh0,5,5,0,346.647,1,7.43556,8.02306,-77.475,19.5013,5,0.015,0.025,0.015625
juelich_pilot_d30_r5_log_distance_s02_w1,juelich,12345,2,2,log-distance,18,19,veh5,veh1,5,0,1,987.433,0,7.43556,8.31268,nan,nan,0,0.015,0.02,0.015625
juelich_pilot_d30_r5_log_distance_s02_w1,juelich,12345,2,2,log-distance,18,19,veh5,veh3,5,0,1,941.187,0,7.43556,12.7368,nan,nan,0,0.015,0.01,0.015625
juelich_pilot_d30_r5_log_distance_s02_w1,juelich,12345,2,2,log-distance,18,19,veh5,veh4,5,0,1,740.392,0,7.43556,7.89039,nan,nan,0,0.015,0.025,0.015625
juelich_pilot_d30_r5_log_distance_s02_w1,juelich,12345,2,2,log-distance,18,19,veh5,veh6,5,0,1,845.977,0,7.43556,4.64828,nan,nan,0,0.015,0.02,0.015625
juelich_pilot_d30_r5_log_distance_s02_w1,juelich,12345,2,2,log-distance,18,19,veh6,veh0,5,5,0,500.077,0,4.64828,8.02306,-80.6583,16.318,5,0.02,0.025,0.015625
juelich_pilot_d30_r5_log_distance_s02_w1,juelich,12345,2,2,log-distance,18,19,veh6,veh1,5,5,0,211.265,1,4.64828,8.31268,-73.1742,23.8021,5,0.02,0.02,0.015625
juelich_pilot_d30_r5_log_distance_s02_w1,juelich,12345,2,2,log-distance,18,19,veh6,veh4,5,5,0,109.648,1,4.64828,7.89039,-67.4776,29.4987,5,0.02,0.025,0.015625
juelich_pilot_d30_r5_log_distance_s02_w1,juelich,12345,2,2,log-distance,18,19,veh6,veh5,5,0,1,845.977,0,4.64828,7.43556,nan,nan,0,0.02,0.015,0.015625
juelich_pilot_d30_r5_log_distance_s02_w1,juelich,12345,2,2,log-distance,19,20,veh0,veh1,5,0,1,636.257,0,8.02748,8.3063,nan,nan,0,0.03,0.02,0.02125
juelich_pilot_d30_r5_log_distance_s02_w1,juelich,12345,2,2,log-distance,19,20,veh0,veh4,5,5,0,382.626,1,8.02748,7.90244,-78.3329,18.6434,5,0.03,0.025,0.02125
juelich_pilot_d30_r5_log_distance_s02_w1,juelich,12345,2,2,log-distance,19,20,veh0,veh5,5,5,0,359.206,1,8.02748,7.42635,-77.7841,19.1921,5,0.03,0.02,0.02125
juelich_pilot_d30_r5_log_distance_s02_w1,juelich,12345,2,2,log-distance,19,20,veh0,veh6,5,5,0,488.375,1,8.02748,6.68704,-80.4525,16.5237,5,0.03,0.02,0.02125
juelich_pilot_d30_r5_log_distance_s02_w1,juelich,12345,2,2,log-distance,19,20,veh0,veh7,5,0,1,749.697,0,8.02748,1.16221,nan,nan,0,0.03,0.025,0.02125
juelich_pilot_d30_r5_log_distance_s02_w1,juelich,12345,2,2,log-distance,19,20,veh1,veh0,5,0,1,636.257,0,8.3063,8.02748,nan,nan,0,0.02,0.03,0.02125
juelich_pilot_d30_r5_log_distance_s02_w1,juelich,12345,2,2,log-distance,19,20,veh1,veh4,5,5,0,279.257,1,8.3063,7.90244,-75.5976,21.3787,5,0.02,0.025,0.02125
juelich_pilot_d30_r5_log_distance_s02_w1,juelich,12345,2,2,log-distance,19,20,veh1,veh5,5,0,1,989.151,0,8.3063,7.42635,nan,nan,0,0.02,0.02,0.02125
juelich_pilot_d30_r5_log_distance_s02_w1,juelich,12345,2,2,log-distance,19,20,veh1,veh6,5,5,0,213.983,1,8.3063,6.68704,-73.2852,23.691,5,0.02,0.02,0.02125
juelich_pilot_d30_r5_log_distance_s02_w1,juelich,12345,2,2,log-distance,19,20,veh2,veh3,5,5,0,199.192,1,9.98768,12.7488,-72.6611,24.3151,5,0.015,0.015,0.02125
juelich_pilot_d30_r5_log_distance_s02_w1,juelich,12345,2,2,log-distance,19,20,veh2,veh5,5,0,1,991.783,0,9.98768,7.42635,nan,nan,0,0.015,0.02,0.02125
juelich_pilot_d30_r5_log_distance_s02_w1,juelich,12345,2,2,log-distance,19,20,veh2,veh7,5,5,0,401.903,1,9.98768,1.16221,-78.76,18.2163,5,0.015,0.025,0.02125
juelich_pilot_d30_r5_log_distance_s02_w1,juelich,12345,2,2,log-distance,19,20,veh3,veh2,5,5,0,199.192,1,12.7488,9.98768,-72.6611,24.3151,5,0.015,0.015,0.02125
juelich_pilot_d30_r5_log_distance_s02_w1,juelich,12345,2,2,log-distance,19,20,veh3,veh5,5,0,1,932.469,0,12.7488,7.42635,nan,nan,0,0.015,0.02,0.02125
juelich_pilot_d30_r5_log_distance_s02_w1,juelich,12345,2,2,log-distance,19,20,veh3,veh7,5,5,0,396.866,1,12.7488,1.16221,-78.6505,18.3258,5,0.015,0.025,0.02125
juelich_pilot_d30_r5_log_distance_s02_w1,juelich,12345,2,2,log-distance,19,20,veh4,veh0,5,5,0,382.626,1,7.90244,8.02748,-78.3329,18.6434,5,0.025,0.03,0.02125
juelich_pilot_d30_r5_log_distance_s02_w1,juelich,12345,2,2,log-distance,19,20,veh4,veh1,5,5,0,279.257,1,7.90244,8.3063,-75.5976,21.3787,5,0.025,0.02,0.02125
juelich_pilot_d30_r5_log_distance_s02_w1,juelich,12345,2,2,log-distance,19,20,veh4,veh5,5,0,1,741.828,0,7.90244,7.42635,nan,nan,0,0.025,0.02,0.02125
juelich_pilot_d30_r5_log_distance_s02_w1,juelich,12345,2,2,log-distance,19,20,veh4,veh6,5,5,0,107.256,1,7.90244,6.68704,-67.2859,29.6904,5,0.025,0.02,0.02125
juelich_pilot_d30_r5_log_distance_s02_w1,juelich,12345,2,2,log-distance,19,20,veh5,veh0,5,5,0,359.206,1,7.42635,8.02748,-77.7841,19.1921,5,0.02,0.03,0.02125
juelich_pilot_d30_r5_log_distance_s02_w1,juelich,12345,2,2,log-distance,19,20,veh5,veh1,5,0,1,989.151,0,7.42635,8.3063,nan,nan,0,0.02,0.02,0.02125
juelich_pilot_d30_r5_log_distance_s02_w1,juelich,12345,2,2,log-distance,19,20,veh5,veh2,5,0,1,991.783,0,7.42635,9.98768,nan,nan,0,0.02,0.015,0.02125
juelich_pilot_d30_r5_log_distance_s02_w1,juelich,12345,2,2,log-distance,19,20,veh5,veh3,5,0,1,932.469,0,7.42635,12.7488,nan,nan,0,0.02,0.015,0.02125
juelich_pilot_d30_r5_log_distance_s02_w1,juelich,12345,2,2,log-distance,19,20,veh5,veh4,5,0,1,741.828,0,7.42635,7.90244,nan,nan,0,0.02,0.025,0.02125
juelich_pilot_d30_r5_log_distance_s02_w1,juelich,12345,2,2,log-distance,19,20,veh5,veh6,5,0,1,847.366,0,7.42635,6.68704,nan,nan,0,0.02,0.02,0.02125
juelich_pilot_d30_r5_log_distance_s02_w1,juelich,12345,2,2,log-distance,19,20,veh5,veh7,5,0,1,594.997,0,7.42635,1.16221,nan,nan,0,0.02,0.025,0.02125
juelich_pilot_d30_r5_log_distance_s02_w1,juelich,12345,2,2,log-distance,19,20,veh6,veh0,5,5,0,488.375,1,6.68704,8.02748,-80.4525,16.5237,5,0.02,0.03,0.02125
juelich_pilot_d30_r5_log_distance_s02_w1,juelich,12345,2,2,log-distance,19,20,veh6,veh1,5,5,0,213.983,1,6.68704,8.3063,-73.2852,23.691,5,0.02,0.02,0.02125
juelich_pilot_d30_r5_log_distance_s02_w1,juelich,12345,2,2,log-distance,19,20,veh6,veh4,5,5,0,107.256,1,6.68704,7.90244,-67.2859,29.6904,5,0.02,0.025,0.02125
juelich_pilot_d30_r5_log_distance_s02_w1,juelich,12345,2,2,log-distance,19,20,veh6,veh5,5,0,1,847.366,0,6.68704,7.42635,nan,nan,0,0.02,0.02,0.02125
juelich_pilot_d30_r5_log_distance_s02_w1,juelich,12345,2,2,log-distance,19,20,veh7,veh0,5,0,1,749.697,0,1.16221,8.02748,nan,nan,0,0.025,0.03,0.02125
juelich_pilot_d30_r5_log_distance_s02_w1,juelich,12345,2,2,log-distance,19,20,veh7,veh2,5,5,0,401.903,1,1.16221,9.98768,-78.76,18.2163,5,0.025,0.015,0.02125
juelich_pilot_d30_r5_log_distance_s02_w1,juelich,12345,2,2,log-distance,19,20,veh7,veh3,5,5,0,396.866,1,1.16221,12.7488,-78.6505,18.3258,5,0.025,0.015,0.02125
juelich_pilot_d30_r5_log_distance_s02_w1,juelich,12345,2,2,log-distance,19,20,veh7,veh5,5,0,1,594.997,0,1.16221,7.42635,nan,nan,0,0.025,0.02,0.02125
juelich_pilot_d30_r5_log_distance_s02_w1,juelich,12345,2,2,log-distance,20,21,veh0,veh1,5,0,1,628.01,0,8.036,8.30831,nan,nan,0,0.03,0.02,0.02125
juelich_pilot_d30_r5_log_distance_s02_w1,juelich,12345,2,2,log-distance,20,21,veh0,veh4,5,5,0,371.471,1,8.036,7.8572,-78.0759,18.9004,5,0.03,0.025,0.02125
juelich_pilot_d30_r5_log_distance_s02_w1,juelich,12345,2,2,log-distance,20,21,veh0,veh5,5,5,0,371.97,1,8.036,7.44708,-78.0874,18.8888,5,0.03,0.02,0.02125
juelich_pilot_d30_r5_log_distance_s02_w1,juelich,12345,2,2,log-distance,20,21,veh0,veh6,5,5,0,475.194,1,8.036,8.36957,-80.2148,16.7615,5,0.03,0.02,0.02125
juelich_pilot_d30_r5_log_distance_s02_w1,juelich,12345,2,2,log-distance,20,21,veh0,veh7,5,0,1,755.114,0,8.036,3.30039,nan,nan,0,0.03,0.025,0.02125
juelich_pilot_d30_r5_log_distance_s02_w1,juelich,12345,2,2,log-distance,20,21,veh1,veh0,5,0,1,628.01,0,8.30831,8.036,nan,nan,0,0.02,0.03,0.02125
juelich_pilot_d30_r5_log_distance_s02_w1,juelich,12345,2,2,log-distance,20,21,veh1,veh4,5,5,0,286.355,1,8.30831,7.8572,-75.8156,21.1607,5,0.02,0.025,0.02125
juelich_pilot_d30_r5_log_distance_s02_w1,juelich,12345,2,2,log-distance,20,21,veh1,veh5,5,0,1,990.814,0,8.30831,7.44708,nan,nan,0,0.02,0.02,0.02125
juelich_pilot_d30_r5_log_distance_s02_w1,juelich,12345,2,2,log-distance,20,21,veh1,veh6,5,5,0,216.75,1,8.30831,8.36957,-73.3968,23.5795,5,0.02,0.02,0.02125
juelich_pilot_d30_r5_log_distance_s02_w1,juelich,12345,2,2,log-distance,20,21,veh2,veh3,5,5,0,184.203,1,9.95494,12.7145,-71.9814,24.9949,5,0.015,0.015,0.02125
juelich_pilot_d30_r5_log_distance_s02_w1,juelich,12345,2,2,log-distance,20,21,veh2,veh5,5,0,1,976.127,0,9.95494,7.44708,nan,nan,0,0.015,0.02,0.02125
juelich_pilot_d30_r5_log_distance_s02_w1,juelich,12345,2,2,log-distance,20,21,veh2,veh7,5,5,0,394.246,1,9.95494,3.30039,-78.593,18.3833,5,0.015,0.025,0.02125
juelich_pilot_d30_r5_log_distance_s02_w1,juelich,12345,2,2,log-distance,20,21,veh3,veh2,5,5,0,184.203,1,12.7145,9.95494,-71.9814,24.9949,5,0.015,0.015,0.02125
juelich_pilot_d30_r5_log_distance_s02_w1,juelich,12345,2,2,log-distance,20,21,veh3,veh5,5,0,1,924.631,0,12.7145,7.44708,nan,nan,0,0.015,0.02,0.02125
juelich_pilot_d30_r5_log_distance_s02_w1,juelich,12345,2,2,log-distance,20,21,veh3,veh7,5,5,0,392.634,1,12.7145,3.30039,-78.5574,18.4189,5,0.015,0.025,0.02125
juelich_pilot_d30_r5_log_distance_s02_w1,juelich,12345,2,2,log-distance,20,21,veh4,veh0,5,5,0,371.471,1,7.8572,8.036,-78.0759,18.9004,5,0.025,0.03,0.02125
juelich_pilot_d30_r5_log_distance_s02_w1,juelich,12345,2,2,log-distance,20,21,veh4,veh1,5,5,0,286.355,1,7.8572,8.30831,-75.8156,21.1607,5,0.025,0.02,0.02125
juelich_pilot_d30_r5_log_distance_s02_w1,juelich,12345,2,2,log-distance,20,21,veh4,veh5,5,0,1,743.416,0,7.8572,7.44708,nan,nan,0,0.025,0.02,0.02125
juelich_pilot_d30_r5_log_distance_s02_w1,juelich,12345,2,2,log-distance,20,21,veh4,veh6,5,5,0,104.043,1,7.8572,8.36957,-67.0216,29.9547,5,0.025,0.02,0.02125
juelich_pilot_d30_r5_log_distance_s02_w1,juelich,12345,2,2,log-distance,20,21,veh5,veh0,5,5,0,371.97,1,7.44708,8.036,-78.0874,18.8888,5,0.02,0.03,0.02125
juelich_pilot_d30_r5_log_distance_s02_w1,juelich,12345,2,2,log-distance,20,21,veh5,veh1,5,0,1,990.814,0,7.44708,8.30831,nan,nan,0,0.02,0.02,0.02125
juelich_pilot_d30_r5_log_distance_s02_w1,juelich,12345,2,2,log-distance,20,21,veh5,veh2,5,0,1,976.127,0,7.44708,9.95494,nan,nan,0,0.02,0.015,0.02125
juelich_pilot_d30_r5_log_distance_s02_w1,juelich,12345,2,2,log-distance,20,21,veh5,veh3,5,0,1,924.631,0,7.44708,12.7145,nan,nan,0,0.02,0.015,0.02125
juelich_pilot_d30_r5_log_distance_s02_w1,juelich,12345,2,2,log-distance,20,21,veh5,veh4,5,0,1,743.416,0,7.44708,7.8572,nan,nan,0,0.02,0.025,0.02125
juelich_pilot_d30_r5_log_distance_s02_w1,juelich,12345,2,2,log-distance,20,21,veh5,veh6,5,0,1,847.149,0,7.44708,8.36957,nan,nan,0,0.02,0.02,0.02125
juelich_pilot_d30_r5_log_distance_s02_w1,juelich,12345,2,2,log-distance,20,21,veh5,veh7,5,0,1,587.478,0,7.44708,3.30039,nan,nan,0,0.02,0.025,0.02125
juelich_pilot_d30_r5_log_distance_s02_w1,juelich,12345,2,2,log-distance,20,21,veh6,veh0,5,5,0,475.194,1,8.36957,8.036,-80.2148,16.7615,5,0.02,0.03,0.02125
juelich_pilot_d30_r5_log_distance_s02_w1,juelich,12345,2,2,log-distance,20,21,veh6,veh1,5,5,0,216.75,1,8.36957,8.30831,-73.3968,23.5795,5,0.02,0.02,0.02125
juelich_pilot_d30_r5_log_distance_s02_w1,juelich,12345,2,2,log-distance,20,21,veh6,veh4,5,5,0,104.043,1,8.36957,7.8572,-67.0216,29.9547,5,0.02,0.025,0.02125
juelich_pilot_d30_r5_log_distance_s02_w1,juelich,12345,2,2,log-distance,20,21,veh6,veh5,5,0,1,847.149,0,8.36957,7.44708,nan,nan,0,0.02,0.02,0.02125
juelich_pilot_d30_r5_log_distance_s02_w1,juelich,12345,2,2,log-distance,20,21,veh7,veh0,5,0,1,755.114,0,3.30039,8.036,nan,nan,0,0.025,0.03,0.02125
juelich_pilot_d30_r5_log_distance_s02_w1,juelich,12345,2,2,log-distance,20,21,veh7,veh2,5,5,0,394.246,1,3.30039,9.95494,-78.593,18.3833,5,0.025,0.015,0.02125
juelich_pilot_d30_r5_log_distance_s02_w1,juelich,12345,2,2,log-distance,20,21,veh7,veh3,5,5,0,392.634,1,3.30039,12.7145,-78.5574,18.4189,5,0.025,0.015,0.02125
juelich_pilot_d30_r5_log_distance_s02_w1,juelich,12345,2,2,log-distance,20,21,veh7,veh5,5,0,1,587.478,0,3.30039,7.44708,nan,nan,0,0.025,0.02,0.02125
juelich_pilot_d30_r5_log_distance_s02_w1,juelich,12345,2,2,log-distance,21,22,veh0,veh1,5,0,1,620.056,0,8.04881,8.35545,nan,nan,0,0.03,0.022,0.0225556
juelich_pilot_d30_r5_log_distance_s02_w1,juelich,12345,2,2,log-distance,21,22,veh0,veh4,5,5,0,360.294,1,8.04881,7.92903,-77.8105,19.1658,5,0.03,0.025,0.0225556
juelich_pilot_d30_r5_log_distance_s02_w1,juelich,12345,2,2,log-distance,21,22,veh0,veh5,5,5,0,384.946,1,8.04881,7.44861,-78.3853,18.591,5,0.03,0.02,0.0225556
juelich_pilot_d30_r5_log_distance_s02_w1,juelich,12345,2,2,log-distance,21,22,veh0,veh6,5,5,0,461.524,1,8.04881,8.52504,-79.9613,17.015,5,0.03,0.022,0.0225556
juelich_pilot_d30_r5_log_distance_s02_w1,juelich,12345,2,2,log-distance,21,22,veh0,veh7,5,0,1,758.487,0,8.04881,5.32969,nan,nan,0,0.03,0.025,0.0225556
juelich_pilot_d30_r5_log_distance_s02_w1,juelich,12345,2,2,log-distance,21,22,veh0,veh8,2,0,1,778.018,0,8.04334,0.255739,nan,nan,0,0.03,0.025,0.0225556
juelich_pilot_d30_r5_log_distance_s02_w1,juelich,12345,2,2,log-distance,21,22,veh1,veh0,5,0,1,620.056,0,8.35545,8.04881,nan,nan,0,0.022,0.03,0.0225556
juelich_pilot_d30_r5_log_distance_s02_w1,juelich,12345,2,2,log-distance,21,22,veh1,veh4,5,5,0,293.9,1,8.35545,7.92903,-76.0414,20.9348,5,0.022,0.025,0.0225556
juelich_pilot_d30_r5_log_distance_s02_w1,juelich,12345,2,2,log-distance,21,22,veh1,veh5,5,0,1,992.47,0,8.35545,7.44861,nan,nan,0,0.022,0.02,0.0225556
juelich_pilot_d30_r5_log_distance_s02_w1,juelich,12345,2,2,log-distance,21,22,veh1,veh6,5,5,0,219.551,1,8.35545,8.52504,-73.5083,23.4679,5,0.022,0.022,0.0225556
juelich_pilot_d30_r5_log_distance_s02_w1,juelich,12345,2,2,log-distance,21,22,veh2,veh3,5,5,0,169.527,1,9.9725,12.7424,-71.2599,25.7164,5,0.017,0.017,0.0225556
juelich_pilot_d30_r5_log_distance_s02_w1,juelich,12345,2,2,log-distance,21,22,veh2,veh5,5,0,1,960.483,0,9.9725,7.44861,nan,nan,0,0.017,0.02,0.0225556
juelich_pilot_d30_r5_log_distance_s02_w1,juelich,12345,2,2,log-distance,21,22,veh2,veh7,5,5,0,388.673,1,9.9725,5.32969,-78.4693,18.5069,5,0.017,0.025,0.0225556
juelich_pilot_d30_r5_log_distance_s02_w1,juelich,12345,2,2,log-distance,21,22,veh2,veh8,2,2,0,360.295,1,9.94781,0.255739,-77.8108,19.1655,2,0.017,0.025,0.0225556
juelich_pilot_d30_r5_log_distance_s02_w1,juelich,12345,2,2,log-distance,21,22,veh3,veh2,5,5,0,169.527,1,12.7424,9.9725,-71.2599,25.7164,5,0.017,0.017,0.0225556
juelich_pilot_d30_r5_log_distance_s02_w1,juelich,12345,2,2,log-distance,21,22,veh3,veh5,5,0,1,916.91,0,12.7424,7.44861,nan,nan,0,0.017,0.02,0.0225556
juelich_pilot_d30_r5_log_distance_s02_w1,juelich,12345,2,2,log-distance,21,22,veh3,veh7,5,5,0,390.657,1,12.7424,5.32969,-78.5136,18.4627,5,0.017,0.025,0.0225556
juelich_pilot_d30_r5_log_distance_s02_w1,juelich,12345,2,2,log-distance,21,22,veh3,veh8,2,2,0,380.935,1,12.7201,0.255739,-78.2947,18.6816,2,0.017,0.025,0.0225556
juelich_pilot_d30_r5_log_distance_s02_w1,juelich,12345,2,2,log-distance,21,22,veh4,veh0,5,5,0,360.294,1,7.92903,8.04881,-77.8105,19.1658,5,0.025,0.03,0.0225556
juelich_pilot_d30_r5_log_distance_s02_w1,juelich,12345,2,2,log-distance,21,22,veh4,veh1,5,5,0,293.9,1,7.92903,8.35545,-76.0414,20.9348,5,0.025,0.022,0.0225556
juelich_pilot_d30_r5_log_distance_s02_w1,juelich,12345,2,2,log-distance,21,22,veh4,veh5,5,0,1,745.136,0,7.92903,7.44861,nan,nan,0,0.025,0.02,0.0225556
juelich_pilot_d30_r5_log_distance_s02_w1,juelich,12345,2,2,log-distance,21,22,veh4,veh6,5,5,0,101.314,1,7.92903,8.52504,-66.7909,30.1854,5,0.025,0.022,0.0225556
juelich_pilot_d30_r5_log_distance_s02_w1,juelich,12345,2,2,log-distance,21,22,veh5,veh0,5,5,0,384.946,1,7.44861,8.04881,-78.3853,13.504,5,0.02,0.03,0.0225556
juelich_pilot_d30_r5_log_distance_s02_w1,juelich,12345,2,2,log-distance,21,22,veh5,veh1,5,0,1,992.47,0,7.44861,8.35545,nan,nan,0,0.02,0.022,0.0225556
juelich_pilot_d30_r5_log_distance_s02_w1,juelich,12345,2,2,log-distance,21,22,veh5,veh2,5,0,1,960.483,0,7.44861,9.9725,nan,nan,0,0.02,0.017,0.0225556
juelich_pilot_d30_r5_log_distance_s02_w1,juelich,12345,2,2,log-distance,21,22,veh5,veh3,5,0,1,916.91,0,7.44861,12.7424,nan,nan,0,0.02,0.017,0.0225556
juelich_pilot_d30_r5_log_distance_s02_w1,juelich,12345,2,2,log-distance,21,22,veh5,veh4,5,0,1,745.136,0,7.44861,7.92903,nan,nan,0,0.02,0.025,0.0225556
juelich_pilot_d30_r5_log_distance_s02_w1,juelich,12345,2,2,log-distance,21,22,veh5,veh6,5,0,1,846.285,0,7.44861,8.52504,nan,nan,0,0.02,0.022,0.0225556
juelich_pilot_d30_r5_log_distance_s02_w1,juelich,12345,2,2,log-distance,21,22,veh5,veh7,5,3,0.4,578.027,0,7.44861,5.32969,-81.9478,15.0285,3,0.02,0.025,0.0225556
juelich_pilot_d30_r5_log_distance_s02_w1,juelich,12345,2,2,log-distance,21,22,veh5,veh8,2,0,1,611.289,0,7.47208,0.255739,nan,nan,0,0.02,0.025,0.0225556
juelich_pilot_d30_r5_log_distance_s02_w1,juelich,12345,2,2,log-distance,21,22,veh6,veh0,5,5,0,461.524,1,8.52504,8.04881,-79.9613,17.015,5,0.022,0.03,0.0225556
juelich_pilot_d30_r5_log_distance_s02_w1,juelich,12345,2,2,log-distance,21,22,veh6,veh1,5,5,0,219.551,1,8.52504,8.35545,-73.5083,23.4679,5,0.022,0.022,0.0225556
juelich_pilot_d30_r5_log_distance_s02_w1,juelich,12345,2,2,log-distance,21,22,veh6,veh4,5,5,0,101.314,1,8.52504,7.92903,-66.7909,30.1854,5,0.022,0.025,0.0225556
juelich_pilot_d30_r5_log_distance_s02_w1,juelich,12345,2,2,log-distance,21,22,veh6,veh5,5,0,1,846.285,0,8.52504,7.44861,nan,nan,0,0.022,0.02,0.0225556
juelich_pilot_d30_r5_log_distance_s02_w1,juelich,12345,2,2,log-distance,21,22,veh7,veh0,5,0,1,758.487,0,5.32969,8.04881,nan,nan,0,0.025,0.03,0.0225556
juelich_pilot_d30_r5_log_distance_s02_w1,juelich,12345,2,2,log-distance,21,22,veh7,veh2,5,5,0,388.673,1,5.32969,9.9725,-78.4693,18.5069,5,0.025,0.017,0.0225556
juelich_pilot_d30_r5_log_distance_s02_w1,juelich,12345,2,2,log-distance,21,22,veh7,veh3,5,5,0,390.657,1,5.32969,12.7424,-78.5136,18.4627,5,0.025,0.017,0.0225556
juelich_pilot_d30_r5_log_distance_s02_w1,juelich,12345,2,2,log-distance,21,22,veh7,veh5,5,5,0,578.027,0,5.32969,7.44861,-81.9166,15.0597,5,0.025,0.02,0.0225556
juelich_pilot_d30_r5_log_distance_s02_w1,juelich,12345,2,2,log-distance,21,22,veh7,veh8,2,2,0,44.51,1,5.95586,0.255739,-59.6466,37.3297,2,0.025,0.025,0.0225556
juelich_pilot_d30_r5_log_distance_s02_w1,juelich,12345,2,2,log-distance,21,22,veh8,veh0,2,0,1,778.018,0,0.255739,8.04334,nan,nan,0,0.025,0.03,0.0225556
juelich_pilot_d30_r5_log_distance_s02_w1,juelich,12345,2,2,log-distance,21,22,veh8,veh2,2,2,0,360.295,1,0.255739,9.94781,-77.8108,8.11875,2,0.025,0.017,0.0225556
juelich_pilot_d30_r5_log_distance_s02_w1,juelich,12345,2,2,log-distance,21,22,veh8,veh3,2,2,0,380.935,1,0.255739,12.7201,-78.2947,7.2814,2,0.025,0.017,0.0225556
juelich_pilot_d30_r5_log_distance_s02_w1,juelich,12345,2,2,log-distance,21,22,veh8,veh5,2,0,1,611.289,0,0.255739,7.47208,nan,nan,0,0.025,0.02,0.0225556
juelich_pilot_d30_r5_log_distance_s02_w1,juelich,12345,2,2,log-distance,21,22,veh8,veh7,2,2,0,44.51,1,0.255739,5.95586,-59.6466,22.0912,2,0.025,0.025,0.0225556
juelich_pilot_d30_r5_log_distance_s02_w1,juelich,12345,2,2,log-distance,22,23,veh0,veh1,5,0,1,612.441,0,8.0304,8.32037,nan,nan,0,0.03,0.025,0.0238889
juelich_pilot_d30_r5_log_distance_s02_w1,juelich,12345,2,2,log-distance,22,23,veh0,veh4,5,5,0,349.149,1,8.0304,7.91243,-77.5376,19.4387,5,0.03,0.025,0.0238889
juelich_pilot_d30_r5_log_distance_s02_w1,juelich,12345,2,2,log-distance,22,23,veh0,veh5,5,5,0,398.097,1,8.0304,7.48191,-78.6771,18.2992,5,0.03,0.02,0.0238889
juelich_pilot_d30_r5_log_distance_s02_w1,juelich,12345,2,2,log-distance,22,23,veh0,veh6,5,5,0,448.723,1,8.0304,6.61951,-79.717,17.2593,5,0.03,0.025,0.0238889
juelich_pilot_d30_r5_log_distance_s02_w1,juelich,12345,2,2,log-distance,22,23,veh0,veh7,5,0,1,760.049,0,8.0304,6.57642,nan,nan,0,0.03,0.025,0.0238889
juelich_pilot_d30_r5_log_distance_s02_w1,juelich,12345,2,2,log-distance,22,23,veh0,veh8,5,0,1,783.197,0,8.0304,1.82543,nan,nan,0,0.03,0.025,0.0238889
juelich_pilot_d30_r5_log_distance_s02_w1,juelich,12345,2,2,log-distance,22,23,veh1,veh0,5,0,1,612.441,0,8.32037,8.0304,nan,nan,0,0.025,0.03,0.0238889
juelich_pilot_d30_r5_log_distance_s02_w1,juelich,12345,2,2,log-distance,22,23,veh1,veh4,5,5,0,301.835,1,8.32037,7.91243,-76.2728,20.7034,5,0.025,0.025,0.0238889
juelich_pilot_d30_r5_log_distance_s02_w1,juelich,12345,2,2,log-distance,22,23,veh1,veh5,5,0,1,994.146,0,8.32037,7.48191,nan,nan,0,0.025,0.02,0.0238889
juelich_pilot_d30_r5_log_distance_s02_w1,juelich,12345,2,2,log-distance,22,23,veh1,veh6,5,5,0,222.322,1,8.32037,6.61951,-73.6173,23.359,5,0.025,0.025,0.0238889
juelich_pilot_d30_r5_log_distance_s02_w1,juelich,12345,2,2,log-distance,22,23,veh2,veh3,5,5,0,155.299,1,7.16112,12.7715,-70.4983,26.478,5,0.02,0.02,0.0238889
juelich_pilot_d30_r5_log_distance_s02_w1,juelich,12345,2,2,log-distance,22,23,veh2,veh5,5,0,1,946.052,0,7.16112,7.48191,nan,nan,0,0.02,0.02,0.0238889
juelich_pilot_d30_r5_log_distance_s02_w1,juelich,12345,2,2,log-distance,22,23,veh2,veh7,5,5,0,386.091,1,7.16112,6.57642,-78.4115,18.5648,5,0.02,0.025,0.0238889
juelich_pilot_d30_r5_log_distance_s02_w1,juelich,12345,2,2,log-distance,22,23,veh2,veh8,5,5,0,354.565,1,7.16112,1.82543,-77.6715,19.3048,5,0.02,0.025,0.0238889
juelich_pilot_d30_r5_log_distance_s02_w1,juelich,12345,2,2,log-distance,22,23,veh3,veh2,5,5,0,155.299,1,12.7715,7.16112,-70.4983,26.478,5,0.02,0.02,0.0238889
juelich_pilot_d30_r5_log_distance_s02_w1,juelich,12345,2,2,log-distance,22,23,veh3,veh5,5,0,1,909.452,0,12.7715,7.48191,nan,nan,0,0.02,0.02,0.0238889
juelich_pilot_d30_r5_log_distance_s02_w1,juelich,12345,2,2,log-distance,22,23,veh3,veh7,5,5,0,390.828,1,12.7715,6.57642,-78.5174,18.4589,5,0.02,0.025,0.0238889
juelich_pilot_d30_r5_log_distance_s02_w1,juelich,12345,2,2,log-distance,22,23,veh3,veh8,5,5,0,376.405,1,12.7715,1.82543,-78.1907,18.7856,5,0.02,0.025,0.0238889
juelich_pilot_d30_r5_log_distance_s02_w1,juelich,12345,2,2,log-distance,22,23,veh4,veh0,5,5,0,349.149,1,7.91243,8.0304,-77.5376,19.4387,5,0.025,0.03,0.0238889
juelich_pilot_d30_r5_log_distance_s02_w1,juelich,12345,2,2,log-distance,22,23,veh4,veh1,5,5,0,301.835,1,7.91243,8.32037,-76.2728,20.7034,5,0.025,0.025,0.0238889
juelich_pilot_d30_r5_log_distance_s02_w1,juelich,12345,2,2,log-distance,22,23,veh4,veh5,5,0,1,747.026,0,7.91243,7.48191,nan,nan,0,0.025,0.02,0.0238889
juelich_pilot_d30_r5_log_distance_s02_w1,juelich,12345,2,2,log-distance,22,23,veh4,veh6,5,5,0,100.441,1,7.91243,6.61951,-66.7159,30.2604,5,0.025,0.025,0.0238889
juelich_pilot_d30_r5_log_distance_s02_w1,juelich,12345,2,2,log-distance,22,23,veh5,veh0,5,5,0,398.097,1,7.48191,8.0304,-78.6771,5.63617,5,0.02,0.03,0.0238889
juelich_pilot_d30_r5_log_distance_s02_w1,juelich,12345,2,2,log-distance,22,23,veh5,veh1,5,0,1,994.146,0,7.48191,8.32037,nan,nan,0,0.02,0.025,0.0238889
juelich_pilot_d30_r5_log_distance_s02_w1,juelich,12345,2,2,log-distance,22,23,veh5,veh2,5,0,1,946.052,0,7.48191,7.16112,nan,nan,0,0.02,0.02,0.0238889
juelich_pilot_d30_r5_log_distance_s02_w1,juelich,12345,2,2,log-distance,22,23,veh5,veh3,5,0,1,909.452,0,7.48191,12.7715,nan,nan,0,0.02,0.02,0.0238889
juelich_pilot_d30_r5_log_distance_s02_w1,juelich,12345,2,2,log-distance,22,23,veh5,veh4,5,0,1,747.026,0,7.48191,7.91243,nan,nan,0,0.02,0.025,0.0238889
juelich_pilot_d30_r5_log_distance_s02_w1,juelich,12345,2,2,log-distance,22,23,veh5,veh6,5,0,1,846.113,0,7.48191,6.61951,nan,nan,0,0.02,0.025,0.0238889
juelich_pilot_d30_r5_log_distance_s02_w1,juelich,12345,2,2,log-distance,22,23,veh5,veh7,5,0,1,566.979,0,7.48191,6.57642,nan,nan,0,0.02,0.025,0.0238889
juelich_pilot_d30_r5_log_distance_s02_w1,juelich,12345,2,2,log-distance,22,23,veh5,veh8,5,0,1,608.12,0,7.48191,1.82543,nan,nan,0,0.02,0.025,0.0238889
juelich_pilot_d30_r5_log_distance_s02_w1,juelich,12345,2,2,log-distance,22,23,veh6,veh0,5,5,0,448.723,1,6.61951,8.0304,-79.717,17.2593,5,0.025,0.03,0.0238889
juelich_pilot_d30_r5_log_distance_s02_w1,juelich,12345,2,2,log-distance,22,23,veh6,veh1,5,5,0,222.322,1,6.61951,8.32037,-73.6173,23.359,5,0.025,0.025,0.0238889
juelich_pilot_d30_r5_log_distance_s02_w1,juelich,12345,2,2,log-distance,22,23,veh6,veh4,5,5,0,100.441,1,6.61951,7.91243,-66.7159,30.2604,5,0.025,0.025,0.0238889
juelich_pilot_d30_r5_log_distance_s02_w1,juelich,12345,2,2,log-distance,22,23,veh6,veh5,5,0,1,846.113,0,6.61951,7.48191,nan,nan,0,0.025,0.02,0.0238889
juelich_pilot_d30_r5_log_distance_s02_w1,juelich,12345,2,2,log-distance,22,23,veh7,veh0,5,0,1,760.049,0,6.57642,8.0304,nan,nan,0,0.025,0.03,0.0238889
juelich_pilot_d30_r5_log_distance_s02_w1,juelich,12345,2,2,log-distance,22,23,veh7,veh2,5,5,0,386.091,1,6.57642,7.16112,-78.4115,18.5648,5,0.025,0.02,0.0238889
juelich_pilot_d30_r5_log_distance_s02_w1,juelich,12345,2,2,log-distance,22,23,veh7,veh3,5,5,0,390.828,1,6.57642,12.7715,-78.5174,18.4589,5,0.025,0.02,0.0238889
juelich_pilot_d30_r5_log_distance_s02_w1,juelich,12345,2,2,log-distance,22,23,veh7,veh5,5,5,0,566.979,0,6.57642,7.48191,-81.7489,15.2274,5,0.025,0.02,0.0238889
juelich_pilot_d30_r5_log_distance_s02_w1,juelich,12345,2,2,log-distance,22,23,veh7,veh8,5,5,0,47.8393,1,6.57642,1.82543,-60.2688,36.7075,5,0.025,0.025,0.0238889
juelich_pilot_d30_r5_log_distance_s02_w1,juelich,12345,2,2,log-distance,22,23,veh8,veh0,5,0,1,783.197,0,1.82543,8.0304,nan,nan,0,0.025,0.03,0.0238889
juelich_pilot_d30_r5_log_distance_s02_w1,juelich,12345,2,2,log-distance,22,23,veh8,veh2,5,5,0,354.565,1,1.82543,7.16112,-77.6715,8.17594,5,0.025,0.02,0.0238889
juelich_pilot_d30_r5_log_distance_s02_w1,juelich,12345,2,2,log-distance,22,23,veh8,veh3,5,5,0,376.405,1,1.82543,12.7715,-78.1907,7.33952,5,0.025,0.02,0.0238889
juelich_pilot_d30_r5_log_distance_s02_w1,juelich,12345,2,2,log-distance,22,23,veh8,veh5,5,0,1,608.12,0,1.82543,7.48191,nan,nan,0,0.025,0.02,0.0238889
juelich_pilot_d30_r5_log_distance_s02_w1,juelich,12345,2,2,log-distance,22,23,veh8,veh7,5,5,0,47.8393,1,1.82543,6.57642,-60.2688,21.3517,5,0.025,0.025,0.0238889
juelich_pilot_d30_r5_log_distance_s02_w1,juelich,12345,2,2,log-distance,23,24,veh0,veh1,5,0,1,605.145,0,8.06274,8.35316,nan,nan,0,0.03,0.025,0.0238889
juelich_pilot_d30_r5_log_distance_s02_w1,juelich,12345,2,2,log-distance,23,24,veh0,veh4,5,5,0,338.009,1,8.06274,7.70652,-77.2559,19.7204,5,0.03,0.025,0.0238889
juelich_pilot_d30_r5_log_distance_s02_w1,juelich,12345,2,2,log-distance,23,24,veh0,veh5,5,5,0,411.375,1,8.06274,7.46392,-78.9621,18.0142,5,0.03,0.02,0.0238889
juelich_pilot_d30_r5_log_distance_s02_w1,juelich,12345,2,2,log-distance,23,24,veh0,veh6,5,5,0,439.019,1,8.06274,3.86831,-79.5273,17.449,5,0.03,0.025,0.0238889
juelich_pilot_d30_r5_log_distance_s02_w1,juelich,12345,2,2,log-distance,23,24,veh0,veh7,5,0,1,762.965,0,8.06274,3.04396,nan,nan,0,0.03,0.025,0.0238889
juelich_pilot_d30_r5_log_distance_s02_w1,juelich,12345,2,2,log-distance,23,24,veh0,veh8,5,0,1,790.364,0,8.06274,3.85092,nan,nan,0,0.03,0.025,0.0238889
juelich_pilot_d30_r5_log_distance_s02_w1,juelich,12345,2,2,log-distance,23,24,veh1,veh0,5,0,1,605.145,0,8.35316,8.06274,nan,nan,0,0.025,0.03,0.0238889
juelich_pilot_d30_r5_log_distance_s02_w1,juelich,12345,2,2,log-distance,23,24,veh1,veh4,5,5,0,310.105,1,8.35316,7.70652,-76.5076,20.4687,5,0.025,0.025,0.0238889
juelich_pilot_d30_r5_log_distance_s02_w1,juelich,12345,2,2,log-distance,23,24,veh1,veh5,5,0,1,995.75,0,8.35316,7.46392,nan,nan,0,0.025,0.02,0.0238889
juelich_pilot_d30_r5_log_distance_s02_w1,juelich,12345,2,2,log-distance,23,24,veh1,veh6,5,5,0,224.24,1,8.35316,3.86831,-73.6919,23.2843,5,0.025,0.025,0.0238889
juelich_pilot_d30_r5_log_distance_s02_w1,juelich,12345,2,2,log-distance,23,24,veh2,veh3,5,5,0,141.984,1,2.66771,12.7519,-69.7196,27.2567,5,0.02,0.02,0.0238889
juelich_pilot_d30_r5_log_distance_s02_w1,juelich,12345,2,2,log-distance,23,24,veh2,veh5,5,0,1,935.659,0,2.66771,7.46392,nan,nan,0,0.02,0.02,0.0238889
juelich_pilot_d30_r5_log_distance_s02_w1,juelich,12345,2,2,log-distance,23,24,veh2,veh7,5,5,0,386.302,1,2.66771,3.04396,-78.4162,18.56,5,0.02,0.025,0.0238889
juelich_pilot_d30_r5_log_distance_s02_w1,juelich,12345,2,2,log-distance,23,24,veh2,veh8,5,5,0,349.986,1,2.66771,3.85092,-77.5587,19.4176,5,0.02,0.025,0.0238889
juelich_pilot_d30_r5_log_distance_s02_w1,juelich,12345,2,2,log-distance,23,24,veh3,veh2,5,5,0,141.984,1,12.7519,2.66771,-69.7196,27.2567,5,0.02,0.02,0.0238889
juelich_pilot_d30_r5_log_distance_s02_w1,juelich,12345,2,2,log-distance,23,24,veh3,veh5,5,0,1,902.196,0,12.7519,7.46392,nan,nan,0,0.02,0.02,0.0238889
juelich_pilot_d30_r5_log_distance_s02_w1,juelich,12345,2,2,log-distance,23,24,veh3,veh7,5,5,0,390.071,1,12.7519,3.04396,-78.5006,18.4757,5,0.02,0.025,0.0238889
juelich_pilot_d30_r5_log_distance_s02_w1,juelich,12345,2,2,log-distance,23,24,veh3,veh8,5,5,0,370.758,1,12.7519,3.85092,-78.0594,18.9168,5,0.02,0.025,0.0238889
juelich_pilot_d30_r5_log_distance_s02_w1,juelich,12345,2,2,log-distance,23,24,veh4,veh0,5,5,0,338.009,1,7.70652,8.06274,-77.2559,19.7204,5,0.025,0.03,0.0238889
juelich_pilot_d30_r5_log_distance_s02_w1,juelich,12345,2,2,log-distance,23,24,veh4,veh1,5,5,0,310.105,1,7.70652,8.35316,-76.5076,20.4687,5,0.025,0.025,0.0238889
juelich_pilot_d30_r5_log_distance_s02_w1,juelich,12345,2,2,log-distance,23,24,veh4,veh5,5,0,1,749.021,0,7.70652,7.46392,nan,nan,0,0.025,0.02,0.0238889
juelich_pilot_d30_r5_log_distance_s02_w1,juelich,12345,2,2,log-distance,23,24,veh4,veh6,5,5,0,103.369,1,7.70652,3.86831,-66.9644,30.0119,5,0.025,0.025,0.0238889
juelich_pilot_d30_r5_log_distance_s02_w1,juelich,12345,2,2,log-distance,23,24,veh5,veh0,5,5,0,411.375,1,7.46392,8.06274,-78.9621,5.42596,5,0.02,0.03,0.0238889
juelich_pilot_d30_r5_log_distance_s02_w1,juelich,12345,2,2,log-distance,23,24,veh5,veh1,5,0,1,995.75,0,7.46392,8.35316,nan,nan,0,0.02,0.025,0.0238889
juelich_pilot_d30_r5_log_distance_s02_w1,juelich,12345,2,2,log-distance,23,24,veh5,veh2,5,0,1,935.659,0,7.46392,2.66771,nan,nan,0,0.02,0.02,0.0238889
juelich_pilot_d30_r5_log_distance_s02_w1,juelich,12345,2,2,log-distance,23,24,veh5,veh3,5,0,1,902.196,0,7.46392,12.7519,nan,nan,0,0.02,0.02,0.0238889
juelich_pilot_d30_r5_log_distance_s02_w1,juelich,12345,2,2,log-distance,23,24,veh5,veh4,5,0,1,749.021,0,7.46392,7.70652,nan,nan,0,0.02,0.025,0.0238889
juelich_pilot_d30_r5_log_distance_s02_w1,juelich,12345,2,2,log-distance,23,24,veh5,veh6,5,0,1,848.874,0,7.46392,3.86831,nan,nan,0,0.02,0.025,0.0238889
juelich_pilot_d30_r5_log_distance_s02_w1,juelich,12345,2,2,log-distance,23,24,veh5,veh7,5,0,1,557.152,0,7.46392,3.04396,nan,nan,0,0.02,0.025,0.0238889
juelich_pilot_d30_r5_log_distance_s02_w1,juelich,12345,2,2,log-distance,23,24,veh5,veh8,5,0,1,604.21,0,7.46392,3.85092,nan,nan,0,0.02,0.025,0.0238889
juelich_pilot_d30_r5_log_distance_s02_w1,juelich,12345,2,2,log-distance,23,24,veh6,veh0,5,5,0,439.019,1,3.86831,8.06274,-79.5273,17.449,5,0.025,0.03,0.0238889
juelich_pilot_d30_r5_log_distance_s02_w1,juelich,12345,2,2,log-distance,23,24,veh6,veh1,5,5,0,224.24,1,3.86831,8.35316,-73.6919,23.2843,5,0.025,0.025,0.0238889
juelich_pilot_d30_r5_log_distance_s02_w1,juelich,12345,2,2,log-distance,23,24,veh6,veh4,5,5,0,103.369,1,3.86831,7.70652,-66.9644,30.0119,5,0.025,0.025,0.0238889
juelich_pilot_d30_r5_log_distance_s02_w1,juelich,12345,2,2,log-distance,23,24,veh6,veh5,5,0,1,848.874,0,3.86831,7.46392,nan,nan,0,0.025,0.02,0.0238889
juelich_pilot_d30_r5_log_distance_s02_w1,juelich,12345,2,2,log-distance,23,24,veh7,veh0,5,0,1,762.965,0,3.04396,8.06274,nan,nan,0,0.025,0.03,0.0238889
juelich_pilot_d30_r5_log_distance_s02_w1,juelich,12345,2,2,log-distance,23,24,veh7,veh2,5,5,0,386.302,1,3.04396,2.66771,-78.4162,18.56,5,0.025,0.02,0.0238889
juelich_pilot_d30_r5_log_distance_s02_w1,juelich,12345,2,2,log-distance,23,24,veh7,veh3,5,5,0,390.071,1,3.04396,12.7519,-78.5006,18.4757,5,0.025,0.02,0.0238889
juelich_pilot_d30_r5_log_distance_s02_w1,juelich,12345,2,2,log-distance,23,24,veh7,veh5,5,5,0,557.152,0,3.04396,7.46392,-81.5971,15.3792,5,0.025,0.02,0.0238889
juelich_pilot_d30_r5_log_distance_s02_w1,juelich,12345,2,2,log-distance,23,24,veh7,veh8,5,5,0,53.1559,1,3.04396,3.85092,-61.1859,35.7904,5,0.025,0.025,0.0238889
juelich_pilot_d30_r5_log_distance_s02_w1,juelich,12345,2,2,log-distance,23,24,veh8,veh0,5,0,1,790.364,0,3.85092,8.06274,nan,nan,0,0.025,0.03,0.0238889
juelich_pilot_d30_r5_log_distance_s02_w1,juelich,12345,2,2,log-distance,23,24,veh8,veh2,5,5,0,349.986,1,3.85092,2.66771,-77.5587,8.20013,5,0.025,0.02,0.0238889
juelich_pilot_d30_r5_log_distance_s02_w1,juelich,12345,2,2,log-distance,23,24,veh8,veh3,5,5,0,370.758,1,3.85092,12.7519,-78.0594,7.40617,5,0.025,0.02,0.0238889
juelich_pilot_d30_r5_log_distance_s02_w1,juelich,12345,2,2,log-distance,23,24,veh8,veh5,5,0,1,604.21,0,3.85092,7.46392,nan,nan,0,0.025,0.02,0.0238889
juelich_pilot_d30_r5_log_distance_s02_w1,juelich,12345,2,2,log-distance,23,24,veh8,veh7,5,5,0,53.1559,1,3.85092,3.04396,-61.1859,20.2871,5,0.025,0.025,0.0238889
juelich_pilot_d30_r5_log_distance_s02_w1,juelich,12345,2,2,log-distance,24,25,veh0,veh1,5,0,1,598.208,0,7.9969,8.28294,nan,nan,0,0.033,0.028,0.0255714
juelich_pilot_d30_r5_log_distance_s02_w1,juelich,12345,2,2,log-distance,24,25,veh0,veh4,5,5,0,327.783,1,7.9969,4.30252,-76.9892,19.9871,5,0.033,0.028,0.0255714
juelich_pilot_d30_r5_log_distance_s02_w1,juelich,12345,2,2,log-distance,24,25,veh0,veh5,5,5,0,424.58,1,7.9969,7.46914,-79.2365,17.7397,5,0.033,0.023,0.0255714
juelich_pilot_d30_r5_log_distance_s02_w1,juelich,12345,2,2,log-distance,24,25,veh0,veh6,5,5,0,434.766,1,7.9969,3.94622,-79.4428,17.5335,5,0.033,0.028,0.0255714
juelich_pilot_d30_r5_log_distance_s02_w1,juelich,12345,2,2,log-distance,24,25,veh0,veh7,5,0,1,769.294,0,7.9969,0.0767053,nan,nan,0,0.033,0.025,0.0255714
juelich_pilot_d30_r5_log_distance_s02_w1,juelich,12345,2,2,log-distance,24,25,veh0,veh8,5,0,1,797.213,0,7.9969,5.85343,nan,nan,0,0.033,0.025,0.0255714
juelich_pilot_d30_r5_log_distance_s02_w1,juelich,12345,2,2,log-distance,24,25,veh0,veh9,3,3,0,385.795,1,7.99801,0.732324,-78.4048,18.5715,3,0.033,0.0257143,0.0255714
juelich_pilot_d30_r5_log_distance_s02_w1,juelich,12345,2,2,log-distance,24,25,veh1,veh0,5,0,1,598.208,0,8.28294,7.9969,nan,nan,0,0.028,0.033,0.0255714
juelich_pilot_d30_r5_log_distance_s02_w1,juelich,12345,2,2,log-distance,24,25,veh1,veh4,5,5,0,317.012,1,8.28294,4.30252,-76.6991,20.2772,5,0.028,0.028,0.0255714
juelich_pilot_d30_r5_log_distance_s02_w1,juelich,12345,2,2,log-distance,24,25,veh1,veh5,5,0,1,997.073,0,8.28294,7.46914,nan,nan,0,0.028,0.023,0.0255714
juelich_pilot_d30_r5_log_distance_s02_w1,juelich,12345,2,2,log-distance,24,25,veh1,veh6,5,5,0,224.749,1,8.28294,3.94622,-73.7116,23.2647,5,0.028,0.028,0.0255714
juelich_pilot_d30_r5_log_distance_s02_w1,juelich,12345,2,2,log-distance,24,25,veh1,veh9,3,3,0,219.521,1,8.28836,0.732324,-73.5072,23.4691,3,0.028,0.0257143,0.0255714
juelich_pilot_d30_r5_log_distance_s02_w1,juelich,12345,2,2,log-distance,24,25,veh2,veh3,5,5,0,129.417,1,0.00128454,12.7247,-68.9143,28.062,5,0.02,0.02,0.0255714
juelich_pilot_d30_r5_log_distance_s02_w1,juelich,12345,2,2,log-distance,24,25,veh2,veh5,5,0,1,928.855,0,0.00128454,7.46914,nan,nan,0,0.02,0.023,0.0255714
juelich_pilot_d30_r5_log_distance_s02_w1,juelich,12345,2,2,log-distance,24,25,veh2,veh7,5,5,0,386.351,1,0.00128454,0.0767053,-78.4173,18.5589,5,0.02,0.025,0.0255714
juelich_pilot_d30_r5_log_distance_s02_w1,juelich,12345,2,2,log-distance,24,25,veh2,veh8,5,5,0,349.332,1,0.00128454,5.85343,-77.5425,19.4338,5,0.02,0.025,0.0255714
juelich_pilot_d30_r5_log_distance_s02_w1,juelich,12345,2,2,log-distance,24,25,veh3,veh2,5,5,0,129.417,1,12.7247,0.00128454,-68.9143,28.062,5,0.02,0.02,0.0255714
juelich_pilot_d30_r5_log_distance_s02_w1,juelich,12345,2,2,log-distance,24,25,veh3,veh5,5,0,1,895.085,0,12.7247,7.46914,nan,nan,0,0.02,0.023,0.0255714
juelich_pilot_d30_r5_log_distance_s02_w1,juelich,12345,2,2,log-distance,24,25,veh3,veh7,5,5,0,386.489,1,12.7247,0.0767053,-78.4204,18.5559,5,0.02,0.025,0.0255714
juelich_pilot_d30_r5_log_distance_s02_w1,juelich,12345,2,2,log-distance,24,25,veh3,veh8,5,5,0,366.121,1,12.7247,5.85343,-77.9501,19.0261,5,0.02,0.025,0.0255714
juelich_pilot_d30_r5_log_distance_s02_w1,juelich,12345,2,2,log-distance,24,25,veh4,veh0,5,5,0,327.783,1,4.30252,7.9969,-76.9892,19.9871,5,0.028,0.033,0.0255714
juelich_pilot_d30_r5_log_distance_s02_w1,juelich,12345,2,2,log-distance,24,25,veh4,veh1,5,5,0,317.012,1,4.30252,8.28294,-76.6991,20.2772,5,0.028,0.028,0.0255714
juelich_pilot_d30_r5_log_distance_s02_w1,juelich,12345,2,2,log-distance,24,25,veh4,veh5,5,0,1,751.765,0,4.30252,7.46914,nan,nan,0,0.028,0.023,0.0255714
juelich_pilot_d30_r5_log_distance_s02_w1,juelich,12345,2,2,log-distance,24,25,veh4,veh6,5,5,0,110.397,1,4.30252,3.94622,-67.5357,29.4406,5,0.028,0.028,0.0255714
juelich_pilot_d30_r5_log_distance_s02_w1,juelich,12345,2,2,log-distance,24,25,veh4,veh9,3,3,0,187.316,1,3.40417,0.732324,-72.1292,24.8471,3,0.028,0.0257143,0.0255714
juelich_pilot_d30_r5_log_distance_s02_w1,juelich,12345,2,2,log-distance,24,25,veh5,veh0,5,5,0,424.58,1,7.46914,7.9969,-79.2365,5.22229,5,0.023,0.033,0.0255714
juelich_pilot_d30_r5_log_distance_s02_w1,juelich,12345,2,2,log-distance,24,25,veh5,veh1,5,0,1,997.073,0,7.46914,8.28294,nan,nan,0,0.023,0.028,0.0255714
juelich_pilot_d30_r5_log_distance_s02_w1,juelich,12345,2,2,log-distance,24,25,veh5,veh2,5,0,1,928.855,0,7.46914,0.00128454,nan,nan,0,0.023,0.02,0.0255714
juelich_pilot_d30_r5_log_distance_s02_w1,juelich,12345,2,2,log-distance,24,25,veh5,veh3,5,0,1,895.085,0,7.46914,12.7247,nan,nan,0,0.023,0.02,0.0255714
juelich_pilot_d30_r5_log_distance_s02_w1,juelich,12345,2,2,log-distance,24,25,veh5,veh4,5,0,1,751.765,0,7.46914,4.30252,nan,nan,0,0.023,0.028,0.0255714
juelich_pilot_d30_r5_log_distance_s02_w1,juelich,12345,2,2,log-distance,24,25,veh5,veh6,5,0,1,856.848,0,7.46914,3.94622,nan,nan,0,0.023,0.028,0.0255714
juelich_pilot_d30_r5_log_distance_s02_w1,juelich,12345,2,2,log-distance,24,25,veh5,veh7,5,0,1,551.402,0,7.46914,0.0767053,nan,nan,0,0.023,0.025,0.0255714
juelich_pilot_d30_r5_log_distance_s02_w1,juelich,12345,2,2,log-distance,24,25,veh5,veh8,5,0,1,600.884,0,7.46914,5.85343,nan,nan,0,0.023,0.025,0.0255714
juelich_pilot_d30_r5_log_distance_s02_w1,juelich,12345,2,2,log-distance,24,25,veh5,veh9,3,0,1,777.938,0,7.46777,0.732324,nan,nan,0,0.023,0.0257143,0.0255714
juelich_pilot_d30_r5_log_distance_s02_w1,juelich,12345,2,2,log-distance,24,25,veh6,veh0,5,5,0,434.766,1,3.94622,7.9969,-79.4428,17.5335,5,0.028,0.033,0.0255714
juelich_pilot_d30_r5_log_distance_s02_w1,juelich,12345,2,2,log-distance,24,25,veh6,veh1,5,5,0,224.749,1,3.94622,8.28294,-73.7116,23.2647,5,0.028,0.028,0.0255714
juelich_pilot_d30_r5_log_distance_s02_w1,juelich,12345,2,2,log-distance,24,25,veh6,veh4,5,5,0,110.397,1,3.94622,4.30252,-67.5357,29.4406,5,0.028,0.028,0.0255714
juelich_pilot_d30_r5_log_distance_s02_w1,juelich,12345,2,2,log-distance,24,25,veh6,veh5,5,0,1,856.848,0,3.94622,7.46914,nan,nan,0,0.028,0.023,0.0255714
juelich_pilot_d30_r5_log_distance_s02_w1,juelich,12345,2,2,log-distance,24,25,veh6,veh9,3,3,0,182.261,1,4.09615,0.732324,-71.8916,25.0847,3,0.028,0.0257143,0.0255714
juelich_pilot_d30_r5_log_distance_s02_w1,juelich,12345,2,2,log-distance,24,25,veh7,veh0,5,0,1,769.294,0,0.0767053,7.9969,nan,nan,0,0.025,0.033,0.0255714
juelich_pilot_d30_r5_log_distance_s02_w1,juelich,12345,2,2,log-distance,24,25,veh7,veh2,5,5,0,386.351,1,0.0767053,0.00128454,-78.4173,18.5589,5,0.025,0.02,0.0255714
juelich_pilot_d30_r5_log_distance_s02_w1,juelich,12345,2,2,log-distance,24,25,veh7,veh3,5,5,0,386.489,1,0.0767053,12.7247,-78.4204,18.5559,5,0.025,0.02,0.0255714
juelich_pilot_d30_r5_log_distance_s02_w1,juelich,12345,2,2,log-distance,24,25,veh7,veh5,5,5,0,551.402,0,0.0767053,7.46914,-81.507,15.4692,5,0.025,0.023,0.0255714
juelich_pilot_d30_r5_log_distance_s02_w1,juelich,12345,2,2,log-distance,24,25,veh7,veh8,5,5,0,56.1063,1,0.0767053,5.85343,-61.6573,35.319,5,0.025,0.025,0.0255714
juelich_pilot_d30_r5_log_distance_s02_w1,juelich,12345,2,2,log-distance,24,25,veh7,veh9,3,0,1,931.205,0,0,0.732324,nan,nan,0,0.025,0.0257143,0.0255714
juelich_pilot_d30_r5_log_distance_s02_w1,juelich,12345,2,2,log-distance,24,25,veh8,veh0,5,0,1,797.213,0,5.85343,7.9969,nan,nan,0,0.025,0.033,0.0255714
juelich_pilot_d30_r5_log_distance_s02_w1,juelich,12345,2,2,log-distance,24,25,veh8,veh2,5,5,0,349.332,1,5.85343,0.00128454,-77.5425,8.15774,5,0.025,0.02,0.0255714
juelich_pilot_d30_r5_log_distance_s02_w1,juelich,12345,2,2,log-distance,24,25,veh8,veh3,5,5,0,366.121,1,5.85343,12.7247,-77.9501,7.45157,5,0.025,0.02,0.0255714
juelich_pilot_d30_r5_log_distance_s02_w1,juelich,12345,2,2,log-distance,24,25,veh8,veh5,5,0,1,600.884,0,5.85343,7.46914,nan,nan,0,0.025,0.023,0.0255714
juelich_pilot_d30_r5_log_distance_s02_w1,juelich,12345,2,2,log-distance,24,25,veh8,veh7,5,5,0,56.1063,1,5.85343,0.0767053,-61.6573,19.7282,5,0.025,0.025,0.0255714
juelich_pilot_d30_r5_log_distance_s02_w1,juelich,12345,2,2,log-distance,24,25,veh8,veh9,3,0,1,937.037,0,6.25853,0.732324,nan,nan,0,0.025,0.0257143,0.0255714
juelich_pilot_d30_r5_log_distance_s02_w1,juelich,12345,2,2,log-distance,24,25,veh9,veh0,3,3,0,385.795,1,0.732324,7.99801,-78.4048,18.5715,3,0.0257143,0.033,0.0255714
juelich_pilot_d30_r5_log_distance_s02_w1,juelich,12345,2,2,log-distance,24,25,veh9,veh1,3,3,0,219.521,1,0.732324,8.28836,-73.5072,23.4691,3,0.0257143,0.028,0.0255714
juelich_pilot_d30_r5_log_distance_s02_w1,juelich,12345,2,2,log-distance,24,25,veh9,veh4,3,3,0,187.316,1,0.732324,3.40417,-72.1292,24.8471,3,0.0257143,0.028,0.0255714
juelich_pilot_d30_r5_log_distance_s02_w1,juelich,12345,2,2,log-distance,24,25,veh9,veh5,3,0,1,777.938,0,0.732324,7.46777,nan,nan,0,0.0257143,0.023,0.0255714
juelich_pilot_d30_r5_log_distance_s02_w1,juelich,12345,2,2,log-distance,24,25,veh9,veh6,3,3,0,182.261,1,0.732324,4.09615,-71.8916,25.0847,3,0.0257143,0.028,0.0255714
juelich_pilot_d30_r5_log_distance_s02_w1,juelich,12345,2,2,log-distance,24,25,veh9,veh7,3,0,1,931.205,0,0.732324,0,nan,nan,0,0.0257143,0.025,0.0255714
juelich_pilot_d30_r5_log_distance_s02_w1,juelich,12345,2,2,log-distance,24,25,veh9,veh8,3,0,1,937.037,0,0.732324,6.25853,nan,nan,0,0.0257143,0.025,0.0255714
juelich_pilot_d30_r5_log_distance_s02_w1,juelich,12345,2,2,log-distance,25,26,veh0,veh1,5,0,1,591.643,0,8.0204,8.29906,nan,nan,0,0.035,0.03,0.027
juelich_pilot_d30_r5_log_distance_s02_w1,juelich,12345,2,2,log-distance,25,26,veh0,veh4,5,5,0,319.962,1,8.0204,0.469011,-76.7795,20.1968,5,0.035,0.03,0.027
juelich_pilot_d30_r5_log_distance_s02_w1,juelich,12345,2,2,log-distance,25,26,veh0,veh5,5,5,0,437.896,1,8.0204,7.43803,-79.5048,17.4715,5,0.035,0.025,0.027
juelich_pilot_d30_r5_log_distance_s02_w1,juelich,12345,2,2,log-distance,25,26,veh0,veh6,5,5,0,432.342,1,8.0204,5.77343,-79.3942,17.582,5,0.035,0.03,0.027
juelich_pilot_d30_r5_log_distance_s02_w1,juelich,12345,2,2,log-distance,25,26,veh0,veh7,5,0,1,776.772,0,8.0204,0,nan,nan,0,0.035,0.025,0.027
juelich_pilot_d30_r5_log_distance_s02_w1,juelich,12345,2,2,log-distance,25,26,veh0,veh8,5,0,1,803.783,0,8.0204,7.14186,nan,nan,0,0.035,0.025,0.027
juelich_pilot_d30_r5_log_distance_s02_w1,juelich,12345,2,2,log-distance,25,26,veh0,veh9,5,5,0,383.533,1,8.0204,2.43134,-78.3537,18.6226,5,0.035,0.03,0.027
juelich_pilot_d30_r5_log_distance_s02_w1,juelich,12345,2,2,log-distance,25,26,veh1,veh0,5,0,1,591.643,0,8.29906,8.0204,nan,nan,0,0.03,0.035,0.027
juelich_pilot_d30_r5_log_distance_s02_w1,juelich,12345,2,2,log-distance,25,26,veh1,veh4,5,5,0,320.124,1,8.29906,0.469011,-76.7841,20.1922,5,0.03,0.03,0.027
juelich_pilot_d30_r5_log_distance_s02_w1,juelich,12345,2,2,log-distance,25,26,veh1,veh5,5,0,1,998.372,0,8.29906,7.43803,nan,nan,0,0.03,0.025,0.027
juelich_pilot_d30_r5_log_distance_s02_w1,juelich,12345,2,2,log-distance,25,26,veh1,veh6,5,5,0,227.832,1,8.29906,5.77343,-73.8299,23.1464,5,0.03,0.03,0.027
juelich_pilot_d30_r5_log_distance_s02_w1,juelich,12345,2,2,log-distance,25,26,veh1,veh9,5,5,0,215.516,1,8.29906,2.43134,-73.3471,23.6292,5,0.03,0.03,0.027
juelich_pilot_d30_r5_log_distance_s02_w1,juelich,12345,2,2,log-distance,25,26,veh2,veh3,5,5,0,117.098,1,0,12.7389,-68.045,28.9313,5,0.02,0.02,0.027
juelich_pilot_d30_r5_log_distance_s02_w1,juelich,12345,2,2,log-distance,25,26,veh2,veh5,5,0,1,922.872,0,0,7.43803,nan,nan,0,0.02,0.025,0.027
juelich_pilot_d30_r5_log_distance_s02_w1,juelich,12345,2,2,log-distance,25,26,veh2,veh7,5,5,0,386.238,1,0,0,-78.4148,18.5615,5,0.02,0.025,0.027
juelich_pilot_d30_r5_log_distance_s02_w1,juelich,12345,2,2,log-distance,25,26,veh2,veh8,5,5,0,349.689,1,0,7.14186,-77.5513,19.425,5,0.02,0.025,0.027
juelich_pilot_d30_r5_log_distance_s02_w1,juelich,12345,2,2,log-distance,25,26,veh3,veh2,5,5,0,117.098,1,12.7389,0,-68.045,28.9313,5,0.02,0.02,0.027
juelich_pilot_d30_r5_log_distance_s02_w1,juelich,12345,2,2,log-distance,25,26,veh3,veh5,5,0,1,888.282,0,12.7389,7.43803,nan,nan,0,0.02,0.025,0.027
juelich_pilot_d30_r5_log_distance_s02_w1,juelich,12345,2,2,log-distance,25,26,veh3,veh7,5,5,0,382.064,1,12.7389,0,-78.3204,18.6559,5,0.02,0.025,0.027
juelich_pilot_d30_r5_log_distance_s02_w1,juelich,12345,2,2,log-distance,25,26,veh3,veh8,5,5,0,362.324,1,12.7389,7.14186,-77.8596,19.1167,5,0.02,0.025,0.027
juelich_pilot_d30_r5_log_distance_s02_w1,juelich,12345,2,2,log-distance,25,26,veh4,veh0,5,5,0,319.962,1,0.469011,8.0204,-76.7795,20.1968,5,0.03,0.035,0.027
juelich_pilot_d30_r5_log_distance_s02_w1,juelich,12345,2,2,log-distance,25,26,veh4,veh1,5,5,0,320.124,1,0.469011,8.29906,-76.7841,20.1922,5,0.03,0.03,0.027
juelich_pilot_d30_r5_log_distance_s02_w1,juelich,12345,2,2,log-distance,25,26,veh4,veh5,5,0,1,756.788,0,0.469011,7.43803,nan,nan,0,0.03,0.025,0.027
juelich_pilot_d30_r5_log_distance_s02_w1,juelich,12345,2,2,log-distance,25,26,veh4,veh6,5,5,0,115.22,1,0.469011,5.77343,-67.9078,29.0684,5,0.03,0.03,0.027
juelich_pilot_d30_r5_log_distance_s02_w1,juelich,12345,2,2,log-distance,25,26,veh4,veh9,5,5,0,187.59,1,0.469011,2.43134,-72.1419,24.8344,5,0.03,0.03,0.027
juelich_pilot_d30_r5_log_distance_s02_w1,juelich,12345,2,2,log-distance,25,26,veh5,veh0,5,5,0,437.896,1,7.43803,8.0204,-79.5048,5.02132,5,0.025,0.035,0.027
juelich_pilot_d30_r5_log_distance_s02_w1,juelich,12345,2,2,log-distance,25,26,veh5,veh1,5,0,1,998.372,0,7.43803,8.29906,nan,nan,0,0.025,0.03,0.027
juelich_pilot_d30_r5_log_distance_s02_w1,juelich,12345,2,2,log-distance,25,26,veh5,veh2,5,0,1,922.872,0,7.43803,0,nan,nan,0,0.025,0.02,0.027
juelich_pilot_d30_r5_log_distance_s02_w1,juelich,12345,2,2,log-distance,25,26,veh5,veh3,5,0,1,888.282,0,7.43803,12.7389,nan,nan,0,0.025,0.02,0.027
juelich_pilot_d30_r5_log_distance_s02_w1,juelich,12345,2,2,log-distance,25,26,veh5,veh4,5,0,1,756.788,0,7.43803,0.469011,nan,nan,0,0.025,0.03,0.027
juelich_pilot_d30_r5_log_distance_s02_w1,juelich,12345,2,2,log-distance,25,26,veh5,veh6,5,0,1,866.886,0,7.43803,5.77343,nan,nan,0,0.025,0.03,0.027
juelich_pilot_d30_r5_log_distance_s02_w1,juelich,12345,2,2,log-distance,25,26,veh5,veh7,5,0,1,546.451,0,7.43803,0,nan,nan,0,0.025,0.025,0.027
juelich_pilot_d30_r5_log_distance_s02_w1,juelich,12345,2,2,log-distance,25,26,veh5,veh8,5,0,1,598.395,0,7.43803,7.14186,nan,nan,0,0.025,0.025,0.027
juelich_pilot_d30_r5_log_distance_s02_w1,juelich,12345,2,2,log-distance,25,26,veh5,veh9,5,0,1,782.874,0,7.43803,2.43134,nan,nan,0,0.025,0.03,0.027
juelich_pilot_d30_r5_log_distance_s02_w1,juelich,12345,2,2,log-distance,25,26,veh6,veh0,5,5,0,432.342,1,5.77343,8.0204,-79.3942,17.582,5,0.03,0.035,0.027
juelich_pilot_d30_r5_log_distance_s02_w1,juelich,12345,2,2,log-distance,25,26,veh6,veh1,5,5,0,227.832,1,5.77343,8.29906,-73.8299,23.1464,5,0.03,0.03,0.027
juelich_pilot_d30_r5_log_distance_s02_w1,juelich,12345,2,2,log-distance,25,26,veh6,veh4,5,5,0,115.22,1,5.77343,0.469011,-67.9078,29.0684,5,0.03,0.03,0.027
juelich_pilot_d30_r5_log_distance_s02_w1,juelich,12345,2,2,log-distance,25,26,veh6,veh5,5,0,1,866.886,0,5.77343,7.43803,nan,nan,0,0.03,0.025,0.027
juelich_pilot_d30_r5_log_distance_s02_w1,juelich,12345,2,2,log-distance,25,26,veh6,veh9,5,5,0,184.705,1,5.77343,2.43134,-72.0072,24.9691,5,0.03,0.03,0.027
juelich_pilot_d30_r5_log_distance_s02_w1,juelich,12345,2,2,log-distance,25,26,veh7,veh0,5,0,1,776.772,0,0,8.0204,nan,nan,0,0.025,0.035,0.027
juelich_pilot_d30_r5_log_distance_s02_w1,juelich,12345,2,2,log-distance,25,26,veh7,veh2,5,5,0,386.238,1,0,0,-78.4148,18.5615,5,0.025,0.02,0.027
juelich_pilot_d30_r5_log_distance_s02_w1,juelich,12345,2,2,log-distance,25,26,veh7,veh3,5,5,0,382.064,1,0,12.7389,-78.3204,18.6559,5,0.025,0.02,0.027
juelich_pilot_d30_r5_log_distance_s02_w1,juelich,12345,2,2,log-distance,25,26,veh7,veh5,5,5,0,546.451,0,0,7.43803,-81.4287,15.5476,5,0.025,0.025,0.027
juelich_pilot_d30_r5_log_distance_s02_w1,juelich,12345,2,2,log-distance,25,26,veh7,veh8,5,5,0,60.3449,1,0,7.14186,-62.2874,34.6889,5,0.025,0.025,0.027
juelich_pilot_d30_r5_log_distance_s02_w1,juelich,12345,2,2,log-distance,25,26,veh7,veh9,5,0,1,932.612,0,0,2.43134,nan,nan,0,0.025,0.03,0.027
juelich_pilot_d30_r5_log_distance_s02_w1,juelich,12345,2,2,log-distance,25,26,veh8,veh0,5,0,1,803.783,0,7.14186,8.0204,nan,nan,0,0.025,0.035,0.027
juelich_pilot_d30_r5_log_distance_s02_w1,juelich,12345,2,2,log-distance,25,26,veh8,veh2,5,5,0,349.689,1,7.14186,0,-77.5513,8.09691,5,0.025,0.02,0.027
juelich_pilot_d30_r5_log_distance_s02_w1,juelich,12345,2,2,log-distance,25,26,veh8,veh3,5,5,0,362.324,1,7.14186,12.7389,-77.8596,7.48042,5,0.025,0.02,0.027
juelich_pilot_d30_r5_log_distance_s02_w1,juelich,12345,2,2,log-distance,25,26,veh8,veh5,5,0,1,598.395,0,7.14186,7.43803,nan,nan,0,0.025,0.025,0.027
juelich_pilot_d30_r5_log_distance_s02_w1,juelich,12345,2,2,log-distance,25,26,veh8,veh7,5,5,0,60.3449,1,7.14186,0,-62.2874,19.0219,5,0.025,0.025,0.027
juelich_pilot_d30_r5_log_distance_s02_w1,juelich,12345,2,2,log-distance,25,26,veh8,veh9,5,0,1,935.469,0,7.14186,2.43134,nan,nan,0,0.025,0.03,0.027
juelich_pilot_d30_r5_log_distance_s02_w1,juelich,12345,2,2,log-distance,25,26,veh9,veh0,5,5,0,383.533,1,2.43134,8.0204,-78.3537,18.6226,5,0.03,0.035,0.027
juelich_pilot_d30_r5_log_distance_s02_w1,juelich,12345,2,2,log-distance,25,26,veh9,veh1,5,5,0,215.516,1,2.43134,8.29906,-73.3471,23.6292,5,0.03,0.03,0.027
juelich_pilot_d30_r5_log_distance_s02_w1,juelich,12345,2,2,log-distance,25,26,veh9,veh4,5,5,0,187.59,1,2.43134,0.469011,-72.1419,24.8344,5,0.03,0.03,0.027
juelich_pilot_d30_r5_log_distance_s02_w1,juelich,12345,2,2,log-distance,25,26,veh9,veh5,5,0,1,782.874,0,2.43134,7.43803,nan,nan,0,0.03,0.025,0.027
juelich_pilot_d30_r5_log_distance_s02_w1,juelich,12345,2,2,log-distance,25,26,veh9,veh6,5,5,0,184.705,1,2.43134,5.77343,-72.0072,24.9691,5,0.03,0.03,0.027
juelich_pilot_d30_r5_log_distance_s02_w1,juelich,12345,2,2,log-distance,25,26,veh9,veh7,5,0,1,932.612,0,2.43134,0,nan,nan,0,0.03,0.025,0.027
juelich_pilot_d30_r5_log_distance_s02_w1,juelich,12345,2,2,log-distance,25,26,veh9,veh8,5,0,1,935.469,0,2.43134,7.14186,nan,nan,0,0.03,0.025,0.027
juelich_pilot_d30_r5_log_distance_s02_w1,juelich,12345,2,2,log-distance,26,27,veh0,veh1,5,1,0.8,585.509,0,8.04996,8.32836,-81.9942,14.982,1,0.035,0.03,0.027
juelich_pilot_d30_r5_log_distance_s02_w1,juelich,12345,2,2,log-distance,26,27,veh0,veh4,5,5,0,313.311,1,8.04996,0,-76.5971,20.3792,5,0.035,0.03,0.027
juelich_pilot_d30_r5_log_distance_s02_w1,juelich,12345,2,2,log-distance,26,27,veh0,veh5,5,5,0,451.365,1,8.04996,7.48728,-79.7679,17.2083,5,0.035,0.025,0.027
juelich_pilot_d30_r5_log_distance_s02_w1,juelich,12345,2,2,log-distance,26,27,veh0,veh6,5,5,0,431.386,1,8.04996,7.73193,-79.375,17.6013,5,0.035,0.03,0.027
juelich_pilot_d30_r5_log_distance_s02_w1,juelich,12345,2,2,log-distance,26,27,veh0,veh7,5,0,1,784.083,0,8.04996,1.16241,nan,nan,0,0.035,0.025,0.027
juelich_pilot_d30_r5_log_distance_s02_w1,juelich,12345,2,2,log-distance,26,27,veh0,veh8,5,0,1,810.329,0,8.04996,7.14642,nan,nan,0,0.035,0.025,0.027
juelich_pilot_d30_r5_log_distance_s02_w1,juelich,12345,2,2,log-distance,26,27,veh0,veh9,5,5,0,381.564,1,8.04996,4.48059,-78.309,18.6672,5,0.035,0.03,0.027
juelich_pilot_d30_r5_log_distance_s02_w1,juelich,12345,2,2,log-distance,26,27,veh1,veh0,5,1,0.8,585.509,0,8.32836,8.04996,-81.9942,14.982,1,0.03,0.035,0.027
juelich_pilot_d30_r5_log_distance_s02_w1,juelich,12345,2,2,log-distance,26,27,veh1,veh4,5,5,0,321.624,1,8.32836,0,-76.8247,20.1516,5,0.03,0.03,0.027
juelich_pilot_d30_r5_log_distance_s02_w1,juelich,12345,2,2,log-distance,26,27,veh1,veh5,3,0,1,999.436,0,8.33761,7.49396,nan,nan,0,0.03,0.025,0.027
juelich_pilot_d30_r5_log_distance_s02_w1,juelich,12345,2,2,log-distance,26,27,veh1,veh6,5,5,0,232.138,1,8.32836,7.73193,-73.9925,22.9838,5,0.03,0.03,0.027
juelich_pilot_d30_r5_log_distance_s02_w1,juelich,12345,2,2,log-distance,26,27,veh1,veh9,5,5,0,209.66,1,8.32836,4.48059,-73.1077,23.8686,5,0.03,0.03,0.027
juelich_pilot_d30_r5_log_distance_s02_w1,juelich,12345,2,2,log-distance,26,27,veh2,veh3,5,5,0,105.985,1,0,12.7314,-67.1787,29.7976,5,0.02,0.02,0.027
juelich_pilot_d30_r5_log_distance_s02_w1,juelich,12345,2,2,log-distance,26,27,veh2,veh5,5,0,1,916.91,0,0,7.48728,nan,nan,0,0.02,0.025,0.027
juelich_pilot_d30_r5_log_distance_s02_w1,juelich,12345,2,2,log-distance,26,27,veh2,veh7,5,5,0,386.689,1,0,1.16241,-78.4249,18.5514,5,0.02,0.025,0.027
juelich_pilot_d30_r5_log_distance_s02_w1,juelich,12345,2,2,log-distance,26,27,veh2,veh8,5,5,0,350.207,1,0,7.14642,-77.5642,19.4121,5,0.02,0.025,0.027
juelich_pilot_d30_r5_log_distance_s02_w1,juelich,12345,2,2,log-distance,26,27,veh3,veh2,5,5,0,105.985,1,12.7314,0,-67.1787,29.7976,5,0.02,0.02,0.027
juelich_pilot_d30_r5_log_distance_s02_w1,juelich,12345,2,2,log-distance,26,27,veh3,veh5,5,0,1,881.055,0,12.7314,7.48728,nan,nan,0,0.02,0.025,0.027
juelich_pilot_d30_r5_log_distance_s02_w1,juelich,12345,2,2,log-distance,26,27,veh3,veh7,5,5,0,377.758,1,12.7314,1.16241,-78.2219,18.7544,5,0.02,0.025,0.027
juelich_pilot_d30_r5_log_distance_s02_w1,juelich,12345,2,2,log-distance,26,27,veh3,veh8,5,5,0,358.584,1,12.7314,7.14642,-77.7695,19.2068,5,0.02,0.025,0.027
juelich_pilot_d30_r5_log_distance_s02_w1,juelich,12345,2,2,log-distance,26,27,veh4,veh0,5,5,0,313.311,1,0,8.04996,-76.5971,20.3792,5,0.03,0.035,0.027
juelich_pilot_d30_r5_log_distance_s02_w1,juelich,12345,2,2,log-distance,26,27,veh4,veh1,5,5,0,321.624,1,0,8.32836,-76.8247,20.1516,5,0.03,0.03,0.027
juelich_pilot_d30_r5_log_distance_s02_w1,juelich,12345,2,2,log-distance,26,27,veh4,veh5,5,0,1,762.891,0,0,7.48728,nan,nan,0,0.03,0.025,0.027
juelich_pilot_d30_r5_log_distance_s02_w1,juelich,12345,2,2,log-distance,26,27,veh4,veh6,5,5,0,119.848,1,0,7.73193,-68.2496,28.7267,5,0.03,0.03,0.027
juelich_pilot_d30_r5_log_distance_s02_w1,juelich,12345,2,2,log-distance,26,27,veh4,veh9,5,5,0,185.928,1,0,4.48059,-72.0645,24.9117,5,0.03,0.03,0.027
juelich_pilot_d30_r5_log_distance_s02_w1,juelich,12345,2,2,log-distance,26,27,veh5,veh0,5,5,0,451.365,1,7.48728,8.04996,-79.7679,4.82458,5,0.025,0.035,0.027
juelich_pilot_d30_r5_log_distance_s02_w1,juelich,12345,2,2,log-distance,26,27,veh5,veh1,3,0,1,999.436,0,7.49396,8.33761,nan,nan,0,0.025,0.03,0.027
juelich_pilot_d30_r5_log_distance_s02_w1,juelich,12345,2,2,log-distance,26,27,veh5,veh2,5,0,1,916.91,0,7.48728,0,nan,nan,0,0.025,0.02,0.027
juelich_pilot_d30_r5_log_distance_s02_w1,juelich,12345,2,2,log-distance,26,27,veh5,veh3,5,0,1,881.055,0,7.48728,12.7314,nan,nan,0,0.025,0.02,0.027
juelich_pilot_d30_r5_log_distance_s02_w1,juelich,12345,2,2,log-distance,26,27,veh5,veh4,5,0,1,762.891,0,7.48728,0,nan,nan,0,0.025,0.03,0.027
juelich_pilot_d30_r5_log_distance_s02_w1,juelich,12345,2,2,log-distance,26,27,veh5,veh6,5,0,1,878.587,0,7.48728,7.73193,nan,nan,0,0.025,0.03,0.027
juelich_pilot_d30_r5_log_distance_s02_w1,juelich,12345,2,2,log-distance,26,27,veh5,veh7,5,0,1,540.676,0,7.48728,1.16241,nan,nan,0,0.025,0.025,0.027
juelich_pilot_d30_r5_log_distance_s02_w1,juelich,12345,2,2,log-distance,26,27,veh5,veh8,5,0,1,596.309,0,7.48728,7.14642,nan,nan,0,0.025,0.025,0.027
juelich_pilot_d30_r5_log_distance_s02_w1,juelich,12345,2,2,log-distance,26,27,veh5,veh9,5,0,1,790.395,0,7.48728,4.48059,nan,nan,0,0.025,0.03,0.027
juelich_pilot_d30_r5_log_distance_s02_w1,juelich,12345,2,2,log-distance,26,27,veh6,veh0,5,5,0,431.386,1,7.73193,8.04996,-79.375,17.6013,5,0.03,0.035,0.027
juelich_pilot_d30_r5_log_distance_s02_w1,juelich,12345,2,2,log-distance,26,27,veh6,veh1,5,5,0,232.138,1,7.73193,8.32836,-73.9925,22.9838,5,0.03,0.03,0.027
juelich_pilot_d30_r5_log_distance_s02_w1,juelich,12345,2,2,log-distance,26,27,veh6,veh4,5,5,0,119.848,1,7.73193,0,-68.2496,28.7267,5,0.03,0.03,0.027
juelich_pilot_d30_r5_log_distance_s02_w1,juelich,12345,2,2,log-distance,26,27,veh6,veh5,5,0,1,878.587,0,7.73193,7.48728,nan,nan,0,0.03,0.025,0.027
juelich_pilot_d30_r5_log_distance_s02_w1,juelich,12345,2,2,log-distance,26,27,veh6,veh9,5,5,0,187.726,1,7.73193,4.48059,-72.1481,24.8282,5,0.03,0.03,0.027
juelich_pilot_d30_r5_log_distance_s02_w1,juelich,12345,2,2,log-distance,26,27,veh7,veh0,5,0,1,784.083,0,1.16241,8.04996,nan,nan,0,0.025,0.035,0.027
juelich_pilot_d30_r5_log_distance_s02_w1,juelich,12345,2,2,log-distance,26,27,veh7,veh2,5,5,0,386.689,1,1.16241,0,-78.4249,18.5514,5,0.025,0.02,0.027
juelich_pilot_d30_r5_log_distance_s02_w1,juelich,12345,2,2,log-distance,26,27,veh7,veh3,5,5,0,377.758,1,1.16241,12.7314,-78.2219,18.7544,5,0.025,0.02,0.027
juelich_pilot_d30_r5_log_distance_s02_w1,juelich,12345,2,2,log-distance,26,27,veh7,veh5,5,5,0,540.676,0,1.16241,7.48728,-81.3364,15.6399,5,0.025,0.025,0.027
juelich_pilot_d30_r5_log_distance_s02_w1,juelich,12345,2,2,log-distance,26,27,veh7,veh8,5,5,0,66.4186,1,1.16241,7.14642,-63.12,33.8563,5,0.025,0.025,0.027
juelich_pilot_d30_r5_log_distance_s02_w1,juelich,12345,2,2,log-distance,26,27,veh7,veh9,5,0,1,935.772,0,1.16241,4.48059,nan,nan,0,0.025,0.03,0.027
juelich_pilot_d30_r5_log_distance_s02_w1,juelich,12345,2,2,log-distance,26,27,veh8,veh0,5,0,1,810.329,0,7.14642,8.04996,nan,nan,0,0.025,0.035,0.027
juelich_pilot_d30_r5_log_distance_s02_w1,juelich,12345,2,2,log-distance,26,27,veh8,veh2,5,5,0,350.207,1,7.14642,0,-77.5642,8.03188,5,0.025,0.02,0.027
juelich_pilot_d30_r5_log_distance_s02_w1,juelich,12345,2,2,log-distance,26,27,veh8,veh3,5,5,0,358.584,1,7.14642,12.7314,-77.7695,7.50442,5,0.025,0.02,0.027
juelich_pilot_d30_r5_log_distance_s02_w1,juelich,12345,2,2,log-distance,26,27,veh8,veh5,5,0,1,596.309,0,7.14642,7.48728,nan,nan,0,0.025,0.025,0.027
juelich_pilot_d30_r5_log_distance_s02_w1,juelich,12345,2,2,log-distance,26,27,veh8,veh7,5,5,0,66.4186,1,7.14642,1.16241,-63.12,18.0994,5,0.025,0.025,0.027
juelich_pilot_d30_r5_log_distance_s02_w1,juelich,12345,2,2,log-distance,26,27,veh8,veh9,5,0,1,935.211,0,7.14642,4.48059,nan,nan,0,0.025,0.03,0.027
juelich_pilot_d30_r5_log_distance_s02_w1,juelich,12345,2,2,log-distance,26,27,veh9,veh0,5,5,0,381.564,1,4.48059,8.04996,-78.309,18.6672,5,0.03,0.035,0.027
juelich_pilot_d30_r5_log_distance_s02_w1,juelich,12345,2,2,log-distance,26,27,veh9,veh1,5,5,0,209.66,1,4.48059,8.32836,-73.1077,23.8686,5,0.03,0.03,0.027
juelich_pilot_d30_r5_log_distance_s02_w1,juelich,12345,2,2,log-distance,26,27,veh9,veh4,5,5,0,185.928,1,4.48059,0,-72.0645,24.9117,5,0.03,0.03,0.027
juelich_pilot_d30_r5_log_distance_s02_w1,juelich,12345,2,2,log-distance,26,27,veh9,veh5,5,0,1,790.395,0,4.48059,7.48728,nan,nan,0,0.03,0.025,0.027
juelich_pilot_d30_r5_log_distance_s02_w1,juelich,12345,2,2,log-distance,26,27,veh9,veh6,5,5,0,187.726,1,4.48059,7.73193,-72.1481,24.8282,5,0.03,0.03,0.027
juelich_pilot_d30_r5_log_distance_s02_w1,juelich,12345,2,2,log-distance,26,27,veh9,veh7,5,0,1,935.772,0,4.48059,1.16241,nan,nan,0,0.03,0.025,0.027
juelich_pilot_d30_r5_log_distance_s02_w1,juelich,12345,2,2,log-distance,26,27,veh9,veh8,5,0,1,935.211,0,4.48059,7.14642,nan,nan,0,0.03,0.025,0.027
juelich_pilot_d30_r5_log_distance_s02_w1,juelich,12345,2,2,log-distance,27,28,veh0,veh1,5,5,0,579.995,0,8.04247,8.32263,-81.9462,15.0301,5,0.04,0.035,0.03
juelich_pilot_d30_r5_log_distance_s02_w1,juelich,12345,2,2,log-distance,27,28,veh0,veh10,5,5,0,420.076,1,8.04247,0.930585,-79.1442,17.8321,5,0.04,0.035,0.03
juelich_pilot_d30_r5_log_distance_s02_w1,juelich,12345,2,2,log-distance,27,28,veh0,veh4,5,5,0,306.749,1,8.04247,0,-76.4132,20.5631,5,0.04,0.035,0.03
juelich_pilot_d30_r5_log_distance_s02_w1,juelich,12345,2,2,log-distance,27,28,veh0,veh5,5,5,0,464.964,1,8.04247,7.46158,-80.0258,16.9505,5,0.04,0.025,0.03
juelich_pilot_d30_r5_log_distance_s02_w1,juelich,12345,2,2,log-distance,27,28,veh0,veh6,5,5,0,431.582,1,8.04247,8.48971,-79.379,17.5973,5,0.04,0.035,0.03
juelich_pilot_d30_r5_log_distance_s02_w1,juelich,12345,2,2,log-distance,27,28,veh0,veh7,5,0,1,789.56,0,8.04247,3.23344,nan,nan,0,0.04,0.025,0.03
juelich_pilot_d30_r5_log_distance_s02_w1,juelich,12345,2,2,log-distance,27,28,veh0,veh8,5,0,1,816.906,0,8.04247,7.11957,nan,nan,0,0.04,0.025,0.03
juelich_pilot_d30_r5_log_distance_s02_w1,juelich,12345,2,2,log-distance,27,28,veh0,veh9,5,5,0,380.508,1,8.04247,6.4023,-78.285,18.6913,5,0.04,0.035,0.03
juelich_pilot_d30_r5_log_distance_s02_w1,juelich,12345,2,2,log-distance,27,28,veh1,veh0,5,5,0,579.995,0,8.32263,8.04247,-81.9462,15.0301,5,0.035,0.04,0.03
juelich_pilot_d30_r5_log_distance_s02_w1,juelich,12345,2,2,log-distance,27,28,veh1,veh10,5,5,0,235.335,1,8.32263,0.930585,-74.1113,22.865,5,0.035,0.035,0.03
juelich_pilot_d30_r5_log_distance_s02_w1,juelich,12345,2,2,log-distance,27,28,veh1,veh4,5,5,0,323.524,1,8.32263,0,-76.8758,20.1005,5,0.035,0.035,0.03
juelich_pilot_d30_r5_log_distance_s02_w1,juelich,12345,2,2,log-distance,27,28,veh1,veh6,5,5,0,237.798,1,8.32263,8.48971,-74.2016,22.7747,5,0.035,0.035,0.03
juelich_pilot_d30_r5_log_distance_s02_w1,juelich,12345,2,2,log-distance,27,28,veh1,veh9,5,5,0,203.265,1,8.32263,6.4023,-72.8386,24.1377,5,0.035,0.035,0.03
juelich_pilot_d30_r5_log_distance_s02_w1,juelich,12345,2,2,log-distance,27,28,veh10,veh0,5,5,0,420.076,1,0.930585,8.04247,-79.1442,17.8321,5,0.035,0.04,0.03
juelich_pilot_d30_r5_log_distance_s02_w1,juelich,12345,2,2,log-distance,27,28,veh10,veh1,5,5,0,235.335,1,0.930585,8.32263,-74.1113,22.865,5,0.035,0.035,0.03
juelich_pilot_d30_r5_log_distance_s02_w1,juelich,12345,2,2,log-distance,27,28,veh10,veh4,5,5,0,115.495,1,0.930585,0,-67.929,29.0473,5,0.035,0.035,0.03
juelich_pilot_d30_r5_log_distance_s02_w1,juelich,12345,2,2,log-distance,27,28,veh10,veh5,5,0,1,879.106,0,0.930585,7.46158,nan,nan,0,0.035,0.025,0.03
juelich_pilot_d30_r5_log_distance_s02_w1,juelich,12345,2,2,log-distance,27,28,veh10,veh6,5,5,0,14.8047,1,0.930585,8.48971,-49.9954,46.9809,5,0.035,0.035,0.03
juelich_pilot_d30_r5_log_distance_s02_w1,juelich,12345,2,2,log-distance,27,28,veh10,veh9,5,5,0,176.816,1,0.930585,6.4023,-71.6279,25.3484,5,0.035,0.035,0.03
juelich_pilot_d30_r5_log_distance_s02_w1,juelich,12345,2,2,log-distance,27,28,veh2,veh3,5,5,0,94.1934,1,0,12.742,-66.1524,30.8239,5,0.02,0.02,0.03
juelich_pilot_d30_r5_log_distance_s02_w1,juelich,12345,2,2,log-distance,27,28,veh2,veh5,5,0,1,910.974,0,0,7.46158,nan,nan,0,0.02,0.025,0.03
juelich_pilot_d30_r5_log_distance_s02_w1,juelich,12345,2,2,log-distance,27,28,veh2,veh7,5,5,0,389.019,1,0,3.23344,-78.4771,18.4992,5,0.02,0.025,0.03
juelich_pilot_d30_r5_log_distance_s02_w1,juelich,12345,2,2,log-distance,27,28,veh2,veh8,5,5,0,350.87,1,0,7.11957,-77.5806,19.3957,5,0.02,0.025,0.03
juelich_pilot_d30_r5_log_distance_s02_w1,juelich,12345,2,2,log-distance,27,28,veh3,veh2,5,5,0,94.1934,1,12.742,0,-66.1524,30.8239,5,0.02,0.02,0.03
juelich_pilot_d30_r5_log_distance_s02_w1,juelich,12345,2,2,log-distance,27,28,veh3,veh5,5,0,1,874.042,0,12.742,7.46158,nan,nan,0,0.02,0.025,0.03
juelich_pilot_d30_r5_log_distance_s02_w1,juelich,12345,2,2,log-distance,27,28,veh3,veh7,5,5,0,375.277,1,12.742,3.23344,-78.1647,18.8116,5,0.02,0.025,0.03
juelich_pilot_d30_r5_log_distance_s02_w1,juelich,12345,2,2,log-distance,27,28,veh3,veh8,5,5,0,354.364,1,12.742,7.11957,-77.6666,19.3096,5,0.02,0.025,0.03
juelich_pilot_d30_r5_log_distance_s02_w1,juelich,12345,2,2,log-distance,27,28,veh4,veh0,5,5,0,306.749,1,0,8.04247,-76.4132,20.5631,5,0.035,0.04,0.03
juelich_pilot_d30_r5_log_distance_s02_w1,juelich,12345,2,2,log-distance,27,28,veh4,veh1,5,5,0,323.524,1,0,8.32263,-76.8758,20.1005,5,0.035,0.035,0.03
juelich_pilot_d30_r5_log_distance_s02_w1,juelich,12345,2,2,log-distance,27,28,veh4,veh10,5,5,0,115.495,1,0,0.930585,-67.929,29.0473,5,0.035,0.035,0.03
juelich_pilot_d30_r5_log_distance_s02_w1,juelich,12345,2,2,log-distance,27,28,veh4,veh5,5,0,1,769.042,0,0,7.46158,nan,nan,0,0.035,0.025,0.03
juelich_pilot_d30_r5_log_distance_s02_w1,juelich,12345,2,2,log-distance,27,28,veh4,veh6,5,5,0,125.699,1,0,8.48971,-68.6635,28.3128,5,0.035,0.035,0.03
juelich_pilot_d30_r5_log_distance_s02_w1,juelich,12345,2,2,log-distance,27,28,veh4,veh9,5,5,0,183.382,1,0,6.4023,-71.9448,25.0315,5,0.035,0.035,0.03
juelich_pilot_d30_r5_log_distance_s02_w1,juelich,12345,2,2,log-distance,27,28,veh5,veh0,5,5,0,464.964,1,7.46158,8.04247,-80.0258,4.63285,5,0.025,0.04,0.03
juelich_pilot_d30_r5_log_distance_s02_w1,juelich,12345,2,2,log-distance,27,28,veh5,veh10,5,0,1,879.106,0,7.46158,0.930585,nan,nan,0,0.025,0.035,0.03
juelich_pilot_d30_r5_log_distance_s02_w1,juelich,12345,2,2,log-distance,27,28,veh5,veh2,5,0,1,910.974,0,7.46158,0,nan,nan,0,0.025,0.02,0.03
juelich_pilot_d30_r5_log_distance_s02_w1,juelich,12345,2,2,log-distance,27,28,veh5,veh3,5,0,1,874.042,0,7.46158,12.742,nan,nan,0,0.025,0.02,0.03
juelich_pilot_d30_r5_log_distance_s02_w1,juelich,12345,2,2,log-distance,27,28,veh5,veh4,5,0,1,769.042,0,7.46158,0,nan,nan,0,0.025,0.035,0.03
juelich_pilot_d30_r5_log_distance_s02_w1,juelich,12345,2,2,log-distance,27,28,veh5,veh6,5,0,1,891.612,0,7.46158,8.48971,nan,nan,0,0.025,0.035,0.03
juelich_pilot_d30_r5_log_distance_s02_w1,juelich,12345,2,2,log-distance,27,28,veh5,veh7,5,0,1,533.221,0,7.46158,3.23344,nan,nan,0,0.025,0.025,0.03
juelich_pilot_d30_r5_log_distance_s02_w1,juelich,12345,2,2,log-distance,27,28,veh5,veh8,5,0,1,594.468,0,7.46158,7.11957,nan,nan,0,0.025,0.025,0.03
juelich_pilot_d30_r5_log_distance_s02_w1,juelich,12345,2,2,log-distance,27,28,veh5,veh9,5,0,1,799.453,0,7.46158,6.4023,nan,nan,0,0.025,0.035,0.03
juelich_pilot_d30_r5_log_distance_s02_w1,juelich,12345,2,2,log-distance,27,28,veh6,veh0,5,5,0,431.582,1,8.48971,8.04247,-79.379,17.5973,5,0.035,0.04,0.03
juelich_pilot_d30_r5_log_distance_s02_w1,juelich,12345,2,2,log-distance,27,28,veh6,veh1,5,5,0,237.798,1,8.48971,8.32263,-74.2016,22.7747,5,0.035,0.035,0.03
juelich_pilot_d30_r5_log_distance_s02_w1,juelich,12345,2,2,log-distance,27,28,veh6,veh10,5,5,0,14.8047,1,8.48971,0.930585,-49.9954,46.9809,5,0.035,0.035,0.03
juelich_pilot_d30_r5_log_distance_s02_w1,juelich,12345,2,2,log-distance,27,28,veh6,veh4,5,5,0,125.699,1,8.48971,0,-68.6635,28.3128,5,0.035,0.035,0.03
juelich_pilot_d30_r5_log_distance_s02_w1,juelich,12345,2,2,log-distance,27,28,veh6,veh5,5,0,1,891.612,0,8.48971,7.46158,nan,nan,0,0.035,0.025,0.03
juelich_pilot_d30_r5_log_distance_s02_w1,juelich,12345,2,2,log-distance,27,28,veh6,veh9,5,5,0,190.303,1,8.48971,6.4023,-72.2666,24.7097,5,0.035,0.035,0.03
juelich_pilot_d30_r5_log_distance_s02_w1,juelich,12345,2,2,log-distance,27,28,veh7,veh0,5,0,1,789.56,0,3.23344,8.04247,nan,nan,0,0.025,0.04,0.03
juelich_pilot_d30_r5_log_distance_s02_w1,juelich,12345,2,2,log-distance,27,28,veh7,veh2,5,5,0,389.019,1,3.23344,0,-78.4771,18.4992,5,0.025,0.02,0.03
juelich_pilot_d30_r5_log_distance_s02_w1,juelich,12345,2,2,log-distance,27,28,veh7,veh3,5,5,0,375.277,1,3.23344,12.742,-78.1647,18.8116,5,0.025,0.02,0.03
juelich_pilot_d30_r5_log_distance_s02_w1,juelich,12345,2,2,log-distance,27,28,veh7,veh5,5,5,0,533.221,0,3.23344,7.46158,-81.2158,15.7605,5,0.025,0.025,0.03
juelich_pilot_d30_r5_log_distance_s02_w1,juelich,12345,2,2,log-distance,27,28,veh7,veh8,5,5,0,73.6441,1,3.23344,7.11957,-64.0166,32.9597,5,0.025,0.025,0.03
juelich_pilot_d30_r5_log_distance_s02_w1,juelich,12345,2,2,log-distance,27,28,veh7,veh9,5,0,1,939.352,0,3.23344,6.4023,nan,nan,0,0.025,0.035,0.03
juelich_pilot_d30_r5_log_distance_s02_w1,juelich,12345,2,2,log-distance,27,28,veh8,veh0,5,0,1,816.906,0,7.11957,8.04247,nan,nan,0,0.025,0.04,0.03
juelich_pilot_d30_r5_log_distance_s02_w1,juelich,12345,2,2,log-distance,27,28,veh8,veh2,5,5,0,350.87,1,7.11957,0,-77.5806,7.96312,5,0.025,0.02,0.03
juelich_pilot_d30_r5_log_distance_s02_w1,juelich,12345,2,2,log-distance,27,28,veh8,veh3,5,5,0,354.364,1,7.11957,12.742,-77.6666,7.54249,5,0.025,0.02,0.03
juelich_pilot_d30_r5_log_distance_s02_w1,juelich,12345,2,2,log-distance,27,28,veh8,veh5,5,0,1,594.468,0,7.11957,7.46158,nan,nan,0,0.025,0.025,0.03
juelich_pilot_d30_r5_log_distance_s02_w1,juelich,12345,2,2,log-distance,27,28,veh8,veh7,5,5,0,73.6441,1,7.11957,3.23344,-64.0166,17.0854,5,0.025,0.025,0.03
juelich_pilot_d30_r5_log_distance_s02_w1,juelich,12345,2,2,log-distance,27,28,veh8,veh9,5,0,1,936.976,0,7.11957,6.4023,nan,nan,0,0.025,0.035,0.03
juelich_pilot_d30_r5_log_distance_s02_w1,juelich,12345,2,2,log-distance,27,28,veh9,veh0,5,5,0,380.508,1,6.4023,8.04247,-78.285,18.6913,5,0.035,0.04,0.03
juelich_pilot_d30_r5_log_distance_s02_w1,juelich,12345,2,2,log-distance,27,28,veh9,veh1,5,5,0,203.265,1,6.4023,8.32263,-72.8386,24.1377,5,0.035,0.035,0.03
juelich_pilot_d30_r5_log_distance_s02_w1,juelich,12345,2,2,log-distance,27,28,veh9,veh10,5,5,0,176.816,1,6.4023,0.930585,-71.6279,25.3484,5,0.035,0.035,0.03
juelich_pilot_d30_r5_log_distance_s02_w1,juelich,12345,2,2,log-distance,27,28,veh9,veh4,5,5,0,183.382,1,6.4023,0,-71.9448,25.0315,5,0.035,0.035,0.03
juelich_pilot_d30_r5_log_distance_s02_w1,juelich,12345,2,2,log-distance,27,28,veh9,veh5,5,0,1,799.453,0,6.4023,7.46158,nan,nan,0,0.035,0.025,0.03
juelich_pilot_d30_r5_log_distance_s02_w1,juelich,12345,2,2,log-distance,27,28,veh9,veh6,5,5,0,190.303,1,6.4023,8.48971,-72.2666,24.7097,5,0.035,0.035,0.03
juelich_pilot_d30_r5_log_distance_s02_w1,juelich,12345,2,2,log-distance,27,28,veh9,veh7,5,0,1,939.352,0,6.4023,3.23344,nan,nan,0,0.035,0.025,0.03
juelich_pilot_d30_r5_log_distance_s02_w1,juelich,12345,2,2,log-distance,27,28,veh9,veh8,5,0,1,936.976,0,6.4023,7.11957,nan,nan,0,0.035,0.025,0.03
juelich_pilot_d30_r5_log_distance_s02_w1,juelich,12345,2,2,log-distance,28,29,veh0,veh1,5,5,0,574.926,0,8.03129,8.30302,-81.8699,15.1064,5,0.04,0.035,0.0299091
juelich_pilot_d30_r5_log_distance_s02_w1,juelich,12345,2,2,log-distance,28,29,veh0,veh10,5,5,0,415.486,1,8.03129,3.00693,-79.0488,17.9275,5,0.04,0.035,0.0299091
juelich_pilot_d30_r5_log_distance_s02_w1,juelich,12345,2,2,log-distance,28,29,veh0,veh4,5,5,0,300.261,1,8.03129,0,-76.2275,20.7488,5,0.04,0.035,0.0299091
juelich_pilot_d30_r5_log_distance_s02_w1,juelich,12345,2,2,log-distance,28,29,veh0,veh5,5,5,0,478.666,1,8.03129,7.44352,-80.2781,16.6982,5,0.04,0.025,0.0299091
juelich_pilot_d30_r5_log_distance_s02_w1,juelich,12345,2,2,log-distance,28,29,veh0,veh6,5,5,0,431.921,1,8.03129,8.51733,-79.3858,17.5905,5,0.04,0.035,0.0299091
juelich_pilot_d30_r5_log_distance_s02_w1,juelich,12345,2,2,log-distance,28,29,veh0,veh7,5,0,1,793.139,0,8.03129,5.14972,nan,nan,0,0.04,0.025,0.0299091
juelich_pilot_d30_r5_log_distance_s02_w1,juelich,12345,2,2,log-distance,28,29,veh0,veh8,5,0,1,823.536,0,8.03129,7.15334,nan,nan,0,0.04,0.024,0.0299091
juelich_pilot_d30_r5_log_distance_s02_w1,juelich,12345,2,2,log-distance,28,29,veh0,veh9,5,5,0,380.304,1,8.03129,8.22477,-78.2803,18.696,5,0.04,0.035,0.0299091
juelich_pilot_d30_r5_log_distance_s02_w1,juelich,12345,2,2,log-distance,28,29,veh1,veh0,5,5,0,574.926,0,8.30302,8.03129,-81.8699,15.1064,5,0.035,0.04,0.0299091
juelich_pilot_d30_r5_log_distance_s02_w1,juelich,12345,2,2,log-distance,28,29,veh1,veh10,5,5,0,239.922,1,8.30302,3.00693,-74.279,22.6973,5,0.035,0.035,0.0299091
juelich_pilot_d30_r5_log_distance_s02_w1,juelich,12345,2,2,log-distance,28,29,veh1,veh4,5,5,0,325.664,1,8.30302,0,-76.9331,20.0432,5,0.035,0.035,0.0299091
juelich_pilot_d30_r5_log_distance_s02_w1,juelich,12345,2,2,log-distance,28,29,veh1,veh6,5,5,0,244.491,1,8.30302,8.51733,-74.4427,22.5336,5,0.035,0.035,0.0299091
juelich_pilot_d30_r5_log_distance_s02_w1,juelich,12345,2,2,log-distance,28,29,veh1,veh9,5,5,0,196.529,1,8.30302,8.22477,-72.5458,24.4305,5,0.035,0.035,0.0299091
juelich_pilot_d30_r5_log_distance_s02_w1,juelich,12345,2,2,log-distance,28,29,veh10,veh0,5,5,0,415.486,1,3.00693,8.03129,-79.0488,17.9275,5,0.035,0.04,0.0299091
juelich_pilot_d30_r5_log_distance_s02_w1,juelich,12345,2,2,log-distance,28,29,veh10,veh1,5,5,0,239.922,1,3.00693,8.30302,-74.279,22.6973,5,0.035,0.035,0.0299091
juelich_pilot_d30_r5_log_distance_s02_w1,juelich,12345,2,2,log-distance,28,29,veh10,veh4,5,5,0,116.881,1,3.00693,0,-68.0325,28.9438,5,0.035,0.035,0.0299091
juelich_pilot_d30_r5_log_distance_s02_w1,juelich,12345,2,2,log-distance,28,29,veh10,veh5,5,0,1,886.857,0,3.00693,7.44352,nan,nan,0,0.035,0.025,0.0299091
juelich_pilot_d30_r5_log_distance_s02_w1,juelich,12345,2,2,log-distance,28,29,veh10,veh6,5,5,0,21.2156,1,3.00693,8.51733,-53.1881,43.7882,5,0.035,0.035,0.0299091
juelich_pilot_d30_r5_log_distance_s02_w1,juelich,12345,2,2,log-distance,28,29,veh10,veh9,5,5,0,172.031,1,3.00693,8.22477,-71.3896,25.5867,5,0.035,0.035,0.0299091
juelich_pilot_d30_r5_log_distance_s02_w1,juelich,12345,2,2,log-distance,28,29,veh2,veh3,5,5,0,82.1613,1,0,12.765,-64.9637,32.0126,5,0.02,0.02,0.0299091
juelich_pilot_d30_r5_log_distance_s02_w1,juelich,12345,2,2,log-distance,28,29,veh2,veh5,5,0,1,905.071,0,0,7.44352,nan,nan,0,0.02,0.025,0.0299091
juelich_pilot_d30_r5_log_distance_s02_w1,juelich,12345,2,2,log-distance,28,29,veh2,veh7,5,5,0,393.288,1,0,5.14972,-78.5719,18.4044,5,0.02,0.025,0.0299091
juelich_pilot_d30_r5_log_distance_s02_w1,juelich,12345,2,2,log-distance,28,29,veh2,veh8,5,5,0,351.645,1,0,7.15334,-77.5998,19.3765,5,0.02,0.024,0.0299091
juelich_pilot_d30_r5_log_distance_s02_w1,juelich,12345,2,2,log-distance,28,29,veh3,veh2,5,5,0,82.1613,1,12.765,0,-64.9637,32.0126,5,0.02,0.02,0.0299091
juelich_pilot_d30_r5_log_distance_s02_w1,juelich,12345,2,2,log-distance,28,29,veh3,veh5,5,0,1,868.083,0,12.765,7.44352,nan,nan,0,0.02,0.025,0.0299091
juelich_pilot_d30_r5_log_distance_s02_w1,juelich,12345,2,2,log-distance,28,29,veh3,veh7,5,5,0,375.744,1,12.765,5.14972,-78.1755,18.8008,5,0.02,0.025,0.0299091
juelich_pilot_d30_r5_log_distance_s02_w1,juelich,12345,2,2,log-distance,28,29,veh3,veh8,5,5,0,350.679,1,12.765,7.15334,-77.5759,19.4004,5,0.02,0.024,0.0299091
juelich_pilot_d30_r5_log_distance_s02_w1,juelich,12345,2,2,log-distance,28,29,veh4,veh0,5,5,0,300.261,1,0,8.03129,-76.2275,20.7488,5,0.035,0.04,0.0299091
juelich_pilot_d30_r5_log_distance_s02_w1,juelich,12345,2,2,log-distance,28,29,veh4,veh1,5,5,0,325.664,1,0,8.30302,-76.9331,20.0432,5,0.035,0.035,0.0299091
juelich_pilot_d30_r5_log_distance_s02_w1,juelich,12345,2,2,log-distance,28,29,veh4,veh10,5,5,0,116.881,1,0,3.00693,-68.0325,28.9438,5,0.035,0.035,0.0299091
juelich_pilot_d30_r5_log_distance_s02_w1,juelich,12345,2,2,log-distance,28,29,veh4,veh5,5,0,1,775.205,0,0,7.44352,nan,nan,0,0.035,0.025,0.0299091
juelich_pilot_d30_r5_log_distance_s02_w1,juelich,12345,2,2,log-distance,28,29,veh4,veh6,5,5,0,131.95,1,0,8.51733,-69.0851,27.8912,5,0.035,0.035,0.0299091
juelich_pilot_d30_r5_log_distance_s02_w1,juelich,12345,2,2,log-distance,28,29,veh4,veh9,5,5,0,180.175,1,0,8.22477,-71.7915,25.1848,5,0.035,0.035,0.0299091
juelich_pilot_d30_r5_log_distance_s02_w1,juelich,12345,2,2,log-distance,28,29,veh5,veh0,5,5,0,478.666,1,7.44352,8.03129,-80.2781,4.44664,5,0.025,0.04,0.0299091
juelich_pilot_d30_r5_log_distance_s02_w1,juelich,12345,2,2,log-distance,28,29,veh5,veh10,5,0,1,886.857,0,7.44352,3.00693,nan,nan,0,0.025,0.035,0.0299091
juelich_pilot_d30_r5_log_distance_s02_w1,juelich,12345,2,2,log-distance,28,29,veh5,veh2,5,0,1,905.071,0,7.44352,0,nan,nan,0,0.025,0.02,0.0299091
juelich_pilot_d30_r5_log_distance_s02_w1,juelich,12345,2,2,log-distance,28,29,veh5,veh3,5,0,1,868.083,0,7.44352,12.765,nan,nan,0,0.025,0.02,0.0299091
juelich_pilot_d30_r5_log_distance_s02_w1,juelich,12345,2,2,log-distance,28,29,veh5,veh4,5,0,1,775.205,0,7.44352,0,nan,nan,0,0.025,0.035,0.0299091
juelich_pilot_d30_r5_log_distance_s02_w1,juelich,12345,2,2,log-distance,28,29,veh5,veh6,5,0,1,904.867,0,7.44352,8.51733,nan,nan,0,0.025,0.035,0.0299091
juelich_pilot_d30_r5_log_distance_s02_w1,juelich,12345,2,2,log-distance,28,29,veh5,veh7,5,0,1,524.068,0,7.44352,5.14972,nan,nan,0,0.025,0.025,0.0299091
juelich_pilot_d30_r5_log_distance_s02_w1,juelich,12345,2,2,log-distance,28,29,veh5,veh8,5,0,1,592.907,0,7.44352,7.15334,nan,nan,0,0.025,0.024,0.0299091
juelich_pilot_d30_r5_log_distance_s02_w1,juelich,12345,2,2,log-distance,28,29,veh5,veh9,5,0,1,810.026,0,7.44352,8.22477,nan,nan,0,0.025,0.035,0.0299091
juelich_pilot_d30_r5_log_distance_s02_w1,juelich,12345,2,2,log-distance,28,29,veh6,veh0,5,5,0,431.921,1,8.51733,8.03129,-79.3858,17.5905,5,0.035,0.04,0.0299091
juelich_pilot_d30_r5_log_distance_s02_w1,juelich,12345,2,2,log-distance,28,29,veh6,veh1,5,5,0,244.491,1,8.51733,8.30302,-74.4427,22.5336,5,0.035,0.035,0.0299091
juelich_pilot_d30_r5_log_distance_s02_w1,juelich,12345,2,2,log-distance,28,29,veh6,veh10,5,5,0,21.2156,1,8.51733,3.00693,-53.1881,43.7882,5,0.035,0.035,0.0299091
juelich_pilot_d30_r5_log_distance_s02_w1,juelich,12345,2,2,log-distance,28,29,veh6,veh4,5,5,0,131.95,1,8.51733,0,-69.0851,27.8912,5,0.035,0.035,0.0299091
juelich_pilot_d30_r5_log_distance_s02_w1,juelich,12345,2,2,log-distance,28,29,veh6,veh5,5,0,1,904.867,0,8.51733,7.44352,nan,nan,0,0.035,0.025,0.0299091
juelich_pilot_d30_r5_log_distance_s02_w1,juelich,12345,2,2,log-distance,28,29,veh6,veh9,5,5,0,191.31,1,8.51733,8.22477,-72.3124,24.6638,5,0.035,0.035,0.0299091
juelich_pilot_d30_r5_log_distance_s02_w1,juelich,12345,2,2,log-distance,28,29,veh7,veh0,5,0,1,793.139,0,5.14972,8.03129,nan,nan,0,0.025,0.04,0.0299091
juelich_pilot_d30_r5_log_distance_s02_w1,juelich,12345,2,2,log-distance,28,29,veh7,veh2,5,5,0,393.288,1,5.14972,0,-78.5719,18.4044,5,0.025,0.02,0.0299091
juelich_pilot_d30_r5_log_distance_s02_w1,juelich,12345,2,2,log-distance,28,29,veh7,veh3,5,5,0,375.744,1,5.14972,12.765,-78.1755,18.8008,5,0.025,0.02,0.0299091
juelich_pilot_d30_r5_log_distance_s02_w1,juelich,12345,2,2,log-distance,28,29,veh7,veh5,5,5,0,524.068,0,5.14972,7.44352,-81.0653,15.911,5,0.025,0.025,0.0299091
juelich_pilot_d30_r5_log_distance_s02_w1,juelich,12345,2,2,log-distance,28,29,veh7,veh8,5,5,0,81.9152,1,5.14972,7.15334,-64.941,32.0353,5,0.025,0.024,0.0299091
juelich_pilot_d30_r5_log_distance_s02_w1,juelich,12345,2,2,log-distance,28,29,veh7,veh9,5,0,1,943.229,0,5.14972,8.22477,nan,nan,0,0.025,0.035,0.0299091
juelich_pilot_d30_r5_log_distance_s02_w1,juelich,12345,2,2,log-distance,28,29,veh8,veh0,5,0,1,823.536,0,7.15334,8.03129,nan,nan,0,0.024,0.04,0.0299091
juelich_pilot_d30_r5_log_distance_s02_w1,juelich,12345,2,2,log-distance,28,29,veh8,veh2,5,5,0,351.645,1,7.15334,0,-77.5998,7.89152,5,0.024,0.02,0.0299091
juelich_pilot_d30_r5_log_distance_s02_w1,juelich,12345,2,2,log-distance,28,29,veh8,veh3,5,5,0,350.679,1,7.15334,12.765,-77.5759,7.57779,5,0.024,0.02,0.0299091
juelich_pilot_d30_r5_log_distance_s02_w1,juelich,12345,2,2,log-distance,28,29,veh8,veh5,5,0,1,592.907,0,7.15334,7.44352,nan,nan,0,0.024,0.025,0.0299091
juelich_pilot_d30_r5_log_distance_s02_w1,juelich,12345,2,2,log-distance,28,29,veh8,veh7,5,5,0,81.9152,1,7.15334,5.14972,-64.941,16.0144,5,0.024,0.025,0.0299091
juelich_pilot_d30_r5_log_distance_s02_w1,juelich,12345,2,2,log-distance,28,29,veh8,veh9,5,0,1,940.715,0,7.15334,8.22477,nan,nan,0,0.024,0.035,0.0299091
juelich_pilot_d30_r5_log_distance_s02_w1,juelich,12345,2,2,log-distance,28,29,veh9,veh0,5,5,0,380.304,1,8.22477,8.03129,-78.2803,18.696,5,0.035,0.04,0.0299091
juelich_pilot_d30_r5_log_distance_s02_w1,juelich,12345,2,2,log-distance,28,29,veh9,veh1,5,5,0,196.529,1,8.22477,8.30302,-72.5458,24.4305,5,0.035,0.035,0.0299091
juelich_pilot_d30_r5_log_distance_s02_w1,juelich,12345,2,2,log-distance,28,29,veh9,veh10,5,5,0,172.031,1,8.22477,3.00693,-71.3896,25.5867,5,0.035,0.035,0.0299091
juelich_pilot_d30_r5_log_distance_s02_w1,juelich,12345,2,2,log-distance,28,29,veh9,veh4,5,5,0,180.175,1,8.22477,0,-71.7915,25.1848,5,0.035,0.035,0.0299091
juelich_pilot_d30_r5_log_distance_s02_w1,juelich,12345,2,2,log-distance,28,29,veh9,veh5,5,0,1,810.026,0,8.22477,7.44352,nan,nan,0,0.035,0.025,0.0299091
juelich_pilot_d30_r5_log_distance_s02_w1,juelich,12345,2,2,log-distance,28,29,veh9,veh6,5,5,0,191.31,1,8.22477,8.51733,-72.3124,24.6638,5,0.035,0.035,0.0299091
juelich_pilot_d30_r5_log_distance_s02_w1,juelich,12345,2,2,log-distance,28,29,veh9,veh7,5,0,1,943.229,0,8.22477,5.14972,nan,nan,0,0.035,0.025,0.0299091
juelich_pilot_d30_r5_log_distance_s02_w1,juelich,12345,2,2,log-distance,28,29,veh9,veh8,5,0,1,940.715,0,8.22477,7.15334,nan,nan,0,0.035,0.024,0.0299091
juelich_pilot_d30_r5_log_distance_s02_w1,juelich,12345,2,2,log-distance,29,30,veh0,veh1,5,5,0,570.262,0,8.0326,8.22828,-81.7992,15.1771,5,0.041,0.036,0.0297222
juelich_pilot_d30_r5_log_distance_s02_w1,juelich,12345,2,2,log-distance,29,30,veh0,veh10,5,5,0,412.443,1,8.0326,4.97089,-78.985,17.9913,5,0.041,0.036,0.0297222
juelich_pilot_d30_r5_log_distance_s02_w1,juelich,12345,2,2,log-distance,29,30,veh0,veh11,1,1,0,529.802,0,8.07398,0.250101,-81.16,15.8163,1,0.041,0.0266667,0.0297222
juelich_pilot_d30_r5_log_distance_s02_w1,juelich,12345,2,2,log-distance,29,30,veh0,veh4,5,5,0,293.853,1,8.0326,0,-76.0401,20.9362,5,0.041,0.036,0.0297222
juelich_pilot_d30_r5_log_distance_s02_w1,juelich,12345,2,2,log-distance,29,30,veh0,veh5,5,5,0,492.474,1,8.0326,7.44852,-80.5251,16.4512,5,0.041,0.024,0.0297222
juelich_pilot_d30_r5_log_distance_s02_w1,juelich,12345,2,2,log-distance,29,30,veh0,veh6,5,5,0,432.266,1,8.0326,8.52076,-79.3927,17.5836,5,0.041,0.036,0.0297222
juelich_pilot_d30_r5_log_distance_s02_w1,juelich,12345,2,2,log-distance,29,30,veh0,veh7,5,0,1,794.99,0,8.0326,6.88634,nan,nan,0,0.041,0.025,0.0297222
juelich_pilot_d30_r5_log_distance_s02_w1,juelich,12345,2,2,log-distance,29,30,veh0,veh8,5,0,1,830.233,0,8.0326,7.13742,nan,nan,0,0.041,0.02,0.0297222
juelich_pilot_d30_r5_log_distance_s02_w1,juelich,12345,2,2,log-distance,29,30,veh0,veh9,5,5,0,380.593,1,8.0326,8.626,-78.2869,18.6894,5,0.041,0.036,0.0297222
juelich_pilot_d30_r5_log_distance_s02_w1,juelich,12345,2,2,log-distance,29,30,veh1,veh0,5,5,0,570.262,0,8.22828,8.0326,-81.7992,15.1771,5,0.036,0.041,0.0297222
juelich_pilot_d30_r5_log_distance_s02_w1,juelich,12345,2,2,log-distance,29,30,veh1,veh10,5,5,0,245.288,1,8.22828,4.97089,-74.471,22.5053,5,0.036,0.036,0.0297222
juelich_pilot_d30_r5_log_distance_s02_w1,juelich,12345,2,2,log-distance,29,30,veh1,veh11,1,1,0,39.7429,1,7.75831,0.250101,-58.6629,38.3134,1,0.036,0.0266667,0.0297222
juelich_pilot_d30_r5_log_distance_s02_w1,juelich,12345,2,2,log-distance,29,30,veh1,veh4,5,5,0,328.006,1,8.22828,0,-76.9953,19.981,5,0.036,0.036,0.0297222
juelich_pilot_d30_r5_log_distance_s02_w1,juelich,12345,2,2,log-distance,29,30,veh1,veh6,5,5,0,252.101,1,8.22828,8.52076,-74.7088,22.2674,5,0.036,0.036,0.0297222
juelich_pilot_d30_r5_log_distance_s02_w1,juelich,12345,2,2,log-distance,29,30,veh1,veh9,5,5,0,190.216,1,8.22828,8.626,-72.2623,24.714,5,0.036,0.036,0.0297222
juelich_pilot_d30_r5_log_distance_s02_w1,juelich,12345,2,2,log-distance,29,30,veh10,veh0,5,5,0,412.443,1,4.97089,8.0326,-78.985,17.9913,5,0.036,0.041,0.0297222
juelich_pilot_d30_r5_log_distance_s02_w1,juelich,12345,2,2,log-distance,29,30,veh10,veh1,5,5,0,245.288,1,4.97089,8.22828,-74.471,22.5053,5,0.036,0.036,0.0297222
juelich_pilot_d30_r5_log_distance_s02_w1,juelich,12345,2,2,log-distance,29,30,veh10,veh11,1,1,0,225.87,1,5.73176,0.250101,-73.7549,23.2214,1,0.036,0.0266667,0.0297222
juelich_pilot_d30_r5_log_distance_s02_w1,juelich,12345,2,2,log-distance,29,30,veh10,veh4,5,5,0,119.637,1,4.97089,0,-68.2348,28.7415,5,0.036,0.036,0.0297222
juelich_pilot_d30_r5_log_distance_s02_w1,juelich,12345,2,2,log-distance,29,30,veh10,veh5,5,0,1,896.333,0,4.97089,7.44852,nan,nan,0,0.036,0.024,0.0297222
juelich_pilot_d30_r5_log_distance_s02_w1,juelich,12345,2,2,log-distance,29,30,veh10,veh6,5,5,0,25.6449,1,4.97089,8.52076,-54.8515,42.1248,5,0.036,0.036,0.0297222
juelich_pilot_d30_r5_log_distance_s02_w1,juelich,12345,2,2,log-distance,29,30,veh10,veh9,5,5,0,168.064,1,4.97089,8.626,-71.1871,25.7892,5,0.036,0.036,0.0297222
juelich_pilot_d30_r5_log_distance_s02_w1,juelich,12345,2,2,log-distance,29,30,veh11,veh0,1,1,0,529.802,0,0.250101,8.07398,-81.16,15.8163,1,0.0266667,0.041,0.0297222
juelich_pilot_d30_r5_log_distance_s02_w1,juelich,12345,2,2,log-distance,29,30,veh11,veh1,1,1,0,39.7429,1,0.250101,7.75831,-58.6629,38.3134,1,0.0266667,0.036,0.0297222
juelich_pilot_d30_r5_log_distance_s02_w1,juelich,12345,2,2,log-distance,29,30,veh11,veh10,1,1,0,225.87,1,0.250101,5.73176,-73.7549,23.2214,1,0.0266667,0.036,0.0297222
juelich_pilot_d30_r5_log_distance_s02_w1,juelich,12345,2,2,log-distance,29,30,veh11,veh4,1,1,0,297.202,1,0.250101,0,-76.1387,20.8375,1,0.0266667,0.036,0.0297222
juelich_pilot_d30_r5_log_distance_s02_w1,juelich,12345,2,2,log-distance,29,30,veh11,veh5,1,0,1,965.723,0,0.250101,7.42077,nan,nan,0,0.0266667,0.024,0.0297222
juelich_pilot_d30_r5_log_distance_s02_w1,juelich,12345,2,2,log-distance,29,30,veh11,veh6,1,1,0,237.146,1,0.250101,8.45319,-74.178,22.7983,1,0.0266667,0.036,0.0297222
juelich_pilot_d30_r5_log_distance_s02_w1,juelich,12345,2,2,log-distance,29,30,veh11,veh9,1,1,0,149.081,1,0.250101,8.62098,-70.1461,26.8302,1,0.0266667,0.036,0.0297222
juelich_pilot_d30_r5_log_distance_s02_w1,juelich,12345,2,2,log-distance,29,30,veh2,veh3,5,5,0,70.4213,1,0,12.7334,-63.6224,33.3538,5,0.02,0.02,0.0297222
juelich_pilot_d30_r5_log_distance_s02_w1,juelich,12345,2,2,log-distance,29,30,veh2,veh5,5,0,1,899.187,0,0,7.44852,nan,nan,0,0.02,0.024,0.0297222
juelich_pilot_d30_r5_log_distance_s02_w1,juelich,12345,2,2,log-distance,29,30,veh2,veh7,5,5,0,399.326,1,0,6.88634,-78.7041,18.2721,5,0.02,0.025,0.0297222
juelich_pilot_d30_r5_log_distance_s02_w1,juelich,12345,2,2,log-distance,29,30,veh2,veh8,5,5,0,352.514,1,0,7.13742,-77.6212,19.3551,5,0.02,0.02,0.0297222
juelich_pilot_d30_r5_log_distance_s02_w1,juelich,12345,2,2,log-distance,29,30,veh3,veh2,5,5,0,70.4213,1,12.7334,0,-63.6224,33.3538,5,0.02,0.02,0.0297222
juelich_pilot_d30_r5_log_distance_s02_w1,juelich,12345,2,2,log-distance,29,30,veh3,veh5,5,0,1,862.501,0,12.7334,7.44852,nan,nan,0,0.02,0.024,0.0297222
juelich_pilot_d30_r5_log_distance_s02_w1,juelich,12345,2,2,log-distance,29,30,veh3,veh7,5,5,0,378.474,1,12.7334,6.88634,-78.2384,18.7379,5,0.02,0.025,0.0297222
juelich_pilot_d30_r5_log_distance_s02_w1,juelich,12345,2,2,log-distance,29,30,veh3,veh8,5,5,0,347.061,1,12.7334,7.13742,-77.4858,19.4905,5,0.02,0.02,0.0297222
juelich_pilot_d30_r5_log_distance_s02_w1,juelich,12345,2,2,log-distance,29,30,veh4,veh0,5,5,0,293.853,1,0,8.0326,-76.0401,20.9362,5,0.036,0.041,0.0297222
juelich_pilot_d30_r5_log_distance_s02_w1,juelich,12345,2,2,log-distance,29,30,veh4,veh1,5,5,0,328.006,1,0,8.22828,-76.9953,19.981,5,0.036,0.036,0.0297222
juelich_pilot_d30_r5_log_distance_s02_w1,juelich,12345,2,2,log-distance,29,30,veh4,veh10,5,5,0,119.637,1,0,4.97089,-68.2348,28.7415,5,0.036,0.036,0.0297222
juelich_pilot_d30_r5_log_distance_s02_w1,juelich,12345,2,2,log-distance,29,30,veh4,veh11,1,1,0,297.202,1,0,0.250101,-76.1387,20.8375,1,0.036,0.0266667,0.0297222
juelich_pilot_d30_r5_log_distance_s02_w1,juelich,12345,2,2,log-distance,29,30,veh4,veh5,5,0,1,781.394,0,0,7.44852,nan,nan,0,0.036,0.024,0.0297222
juelich_pilot_d30_r5_log_distance_s02_w1,juelich,12345,2,2,log-distance,29,30,veh4,veh6,5,5,0,138.445,1,0,8.52076,-69.5025,27.4738,5,0.036,0.036,0.0297222
juelich_pilot_d30_r5_log_distance_s02_w1,juelich,12345,2,2,log-distance,29,30,veh4,veh9,5,5,0,176.8,1,0,8.626,-71.6273,25.349,5,0.036,0.036,0.0297222
juelich_pilot_d30_r5_log_distance_s02_w1,juelich,12345,2,2,log-distance,29,30,veh5,veh0,5,5,0,492.474,1,7.44852,8.0326,-80.5251,4.26575,5,0.024,0.041,0.0297222
juelich_pilot_d30_r5_log_distance_s02_w1,juelich,12345,2,2,log-distance,29,30,veh5,veh10,5,0,1,896.333,0,7.44852,4.97089,nan,nan,0,0.024,0.036,0.0297222
juelich_pilot_d30_r5_log_distance_s02_w1,juelich,12345,2,2,log-distance,29,30,veh5,veh11,1,0,1,965.723,0,7.42077,0.250101,nan,nan,0,0.024,0.0266667,0.0297222
juelich_pilot_d30_r5_log_distance_s02_w1,juelich,12345,2,2,log-distance,29,30,veh5,veh2,5,0,1,899.187,0,7.44852,0,nan,nan,0,0.024,0.02,0.0297222
juelich_pilot_d30_r5_log_distance_s02_w1,juelich,12345,2,2,log-distance,29,30,veh5,veh3,5,0,1,862.501,0,7.44852,12.7334,nan,nan,0,0.024,0.02,0.0297222
juelich_pilot_d30_r5_log_distance_s02_w1,juelich,12345,2,2,log-distance,29,30,veh5,veh4,5,0,1,781.394,0,7.44852,0,nan,nan,0,0.024,0.036,0.0297222
juelich_pilot_d30_r5_log_distance_s02_w1,juelich,12345,2,2,log-distance,29,30,veh5,veh6,5,0,1,918.215,0,7.44852,8.52076,nan,nan,0,0.024,0.036,0.0297222
juelich_pilot_d30_r5_log_distance_s02_w1,juelich,12345,2,2,log-distance,29,30,veh5,veh7,5,0,1,513.396,0,7.44852,6.88634,nan,nan,0,0.024,0.025,0.0297222
juelich_pilot_d30_r5_log_distance_s02_w1,juelich,12345,2,2,log-distance,29,30,veh5,veh8,5,0,1,591.628,0,7.44852,7.13742,nan,nan,0,0.024,0.02,0.0297222
juelich_pilot_d30_r5_log_distance_s02_w1,juelich,12345,2,2,log-distance,29,30,veh5,veh9,5,0,1,821.574,0,7.44852,8.626,nan,nan,0,0.024,0.036,0.0297222
juelich_pilot_d30_r5_log_distance_s02_w1,juelich,12345,2,2,log-distance,29,30,veh6,veh0,5,5,0,432.266,1,8.52076,8.0326,-79.3927,17.5836,5,0.036,0.041,0.0297222
juelich_pilot_d30_r5_log_distance_s02_w1,juelich,12345,2,2,log-distance,29,30,veh6,veh1,5,5,0,252.101,1,8.52076,8.22828,-74.7088,22.2674,5,0.036,0.036,0.0297222
juelich_pilot_d30_r5_log_distance_s02_w1,juelich,12345,2,2,log-distance,29,30,veh6,veh10,5,5,0,25.6449,1,8.52076,4.97089,-54.8515,42.1248,5,0.036,0.036,0.0297222
juelich_pilot_d30_r5_log_distance_s02_w1,juelich,12345,2,2,log-distance,29,30,veh6,veh11,1,1,0,237.146,1,8.45319,0.250101,-74.178,22.7983,1,0.036,0.0266667,0.0297222
juelich_pilot_d30_r5_log_distance_s02_w1,juelich,12345,2,2,log-distance,29,30,veh6,veh4,5,5,0,138.445,1,8.52076,0,-69.5025,27.4738,5,0.036,0.036,0.0297222
juelich_pilot_d30_r5_log_distance_s02_w1,juelich,12345,2,2,log-distance,29,30,veh6,veh5,5,0,1,918.215,0,8.52076,7.44852,nan,nan,0,0.036,0.024,0.0297222
juelich_pilot_d30_r5_log_distance_s02_w1,juelich,12345,2,2,log-distance,29,30,veh6,veh9,5,5,0,191.303,1,8.52076,8.626,-72.3121,24.6642,5,0.036,0.036,0.0297222
juelich_pilot_d30_r5_log_distance_s02_w1,juelich,12345,2,2,log-distance,29,30,veh7,veh0,5,0,1,794.99,0,6.88634,8.0326,nan,nan,0,0.025,0.041,0.0297222
juelich_pilot_d30_r5_log_distance_s02_w1,juelich,12345,2,2,log-distance,29,30,veh7,veh2,5,5,0,399.326,1,6.88634,0,-78.7041,18.2721,5,0.025,0.02,0.0297222
juelich_pilot_d30_r5_log_distance_s02_w1,juelich,12345,2,2,log-distance,29,30,veh7,veh3,5,5,0,378.474,1,6.88634,12.7334,-78.2384,18.7379,5,0.025,0.02,0.0297222
juelich_pilot_d30_r5_log_distance_s02_w1,juelich,12345,2,2,log-distance,29,30,veh7,veh5,5,5,0,513.396,0,6.88634,7.44852,-80.8866,16.0897,5,0.025,0.024,0.0297222
juelich_pilot_d30_r5_log_distance_s02_w1,juelich,12345,2,2,log-distance,29,30,veh7,veh8,5,5,0,91.1344,1,6.88634,7.13742,-65.8674,31.1089,5,0.025,0.02,0.0297222
juelich_pilot_d30_r5_log_distance_s02_w1,juelich,12345,2,2,log-distance,29,30,veh7,veh9,5,0,1,946.762,0,6.88634,8.626,nan,nan,0,0.025,0.036,0.0297222
juelich_pilot_d30_r5_log_distance_s02_w1,juelich,12345,2,2,log-distance,29,30,veh8,veh0,5,0,1,830.233,0,7.13742,8.0326,nan,nan,0,0.02,0.041,0.0297222
juelich_pilot_d30_r5_log_distance_s02_w1,juelich,12345,2,2,log-distance,29,30,veh8,veh2,5,5,0,352.514,1,7.13742,0,-77.6212,7.81742,5,0.02,0.02,0.0297222
juelich_pilot_d30_r5_log_distance_s02_w1,juelich,12345,2,2,log-distance,29,30,veh8,veh3,5,5,0,347.061,1,7.13742,12.7334,-77.4858,7.6155,5,0.02,0.02,0.0297222
juelich_pilot_d30_r5_log_distance_s02_w1,juelich,12345,2,2,log-distance,29,30,veh8,veh5,5,0,1,591.628,0,7.13742,7.44852,nan,nan,0,0.02,0.024,0.0297222
juelich_pilot_d30_r5_log_distance_s02_w1,juelich,12345,2,2,log-distance,29,30,veh8,veh7,5,5,0,91.1344,1,7.13742,6.88634,-65.8674,14.9136,5,0.02,0.025,0.0297222
juelich_pilot_d30_r5_log_distance_s02_w1,juelich,12345,2,2,log-distance,29,30,veh8,veh9,5,0,1,945.657,0,7.13742,8.626,nan,nan,0,0.02,0.036,0.0297222
juelich_pilot_d30_r5_log_distance_s02_w1,juelich,12345,2,2,log-distance,29,30,veh9,veh0,5,5,0,380.593,1,8.626,8.0326,-78.2869,18.6894,5,0.036,0.041,0.0297222
juelich_pilot_d30_r5_log_distance_s02_w1,juelich,12345,2,2,log-distance,29,30,veh9,veh1,5,5,0,190.216,1,8.626,8.22828,-72.2623,24.714,5,0.036,0.036,0.0297222
juelich_pilot_d30_r5_log_distance_s02_w1,juelich,12345,2,2,log-distance,29,30,veh9,veh10,5,5,0,168.064,1,8.626,4.97089,-71.1871,25.7892,5,0.036,0.036,0.0297222
juelich_pilot_d30_r5_log_distance_s02_w1,juelich,12345,2,2,log-distance,29,30,veh9,veh11,1,1,0,149.081,1,8.62098,0.250101,-70.1461,26.8302,1,0.036,0.0266667,0.0297222
juelich_pilot_d30_r5_log_distance_s02_w1,juelich,12345,2,2,log-distance,29,30,veh9,veh4,5,5,0,176.8,1,8.626,0,-71.6273,25.349,5,0.036,0.036,0.0297222
juelich_pilot_d30_r5_log_distance_s02_w1,juelich,12345,2,2,log-distance,29,30,veh9,veh5,5,0,1,821.574,0,8.626,7.44852,nan,nan,0,0.036,0.024,0.0297222
juelich_pilot_d30_r5_log_distance_s02_w1,juelich,12345,2,2,log-distance,29,30,veh9,veh6,5,5,0,191.303,1,8.626,8.52076,-72.3121,24.6642,5,0.036,0.036,0.0297222
juelich_pilot_d30_r5_log_distance_s02_w1,juelich,12345,2,2,log-distance,29,30,veh9,veh7,5,0,1,946.762,0,8.626,6.88634,nan,nan,0,0.036,0.025,0.0297222
juelich_pilot_d30_r5_log_distance_s02_w1,juelich,12345,2,2,log-distance,29,30,veh9,veh8,5,0,1,945.657,0,8.626,7.13742,nan,nan,0,0.036,0.02,0.0297222
juelich_pilot_d30_r5_log_distance_s02_w1,juelich,12345,2,2,log-distance,30,31,veh0,veh1,5,5,0,566.278,0,6.95619,7.32877,-81.7383,15.238,5,0.045,0.04,0.0325
juelich_pilot_d30_r5_log_distance_s02_w1,juelich,12345,2,2,log-distance,30,31,veh0,veh10,5,5,0,411.25,1,6.95619,6.83494,-78.9598,18.0165,5,0.045,0.04,0.0325
juelich_pilot_d30_r5_log_distance_s02_w1,juelich,12345,2,2,log-distance,30,31,veh0,veh11,5,5,0,527.273,0,6.95619,1.60868,-81.1184,15.8579,5,0.045,0.04,0.0325
juelich_pilot_d30_r5_log_distance_s02_w1,juelich,12345,2,2,log-distance,30,31,veh0,veh4,5,5,0,287.93,1,6.95619,0,-75.8633,21.113,5,0.045,0.04,0.0325
juelich_pilot_d30_r5_log_distance_s02_w1,juelich,12345,2,2,log-distance,30,31,veh0,veh5,5,5,0,505.919,0,6.95619,7.456,-80.7591,16.2172,5,0.045,0.02,0.0325
juelich_pilot_d30_r5_log_distance_s02_w1,juelich,12345,2,2,log-distance,30,31,veh0,veh6,5,5,0,432.709,1,6.95619,8.27631,-79.4016,17.5747,5,0.045,0.04,0.0325
juelich_pilot_d30_r5_log_distance_s02_w1,juelich,12345,2,2,log-distance,30,31,veh0,veh7,5,0,1,794.49,0,6.95619,8.94305,nan,nan,0,0.045,0.025,0.0325
juelich_pilot_d30_r5_log_distance_s02_w1,juelich,12345,2,2,log-distance,30,31,veh0,veh8,5,0,1,836.479,0,6.95619,7.12779,nan,nan,0,0.045,0.02,0.0325
juelich_pilot_d30_r5_log_distance_s02_w1,juelich,12345,2,2,log-distance,30,31,veh0,veh9,5,5,0,381.146,1,6.95619,8.66091,-78.2995,18.6768,5,0.045,0.04,0.0325
juelich_pilot_d30_r5_log_distance_s02_w1,juelich,12345,2,2,log-distance,30,31,veh1,veh0,5,5,0,566.278,0,7.32877,6.95619,-81.7383,15.238,5,0.04,0.045,0.0325
juelich_pilot_d30_r5_log_distance_s02_w1,juelich,12345,2,2,log-distance,30,31,veh1,veh10,5,5,0,251.131,1,7.32877,6.83494,-74.6755,22.3008,5,0.04,0.04,0.0325
juelich_pilot_d30_r5_log_distance_s02_w1,juelich,12345,2,2,log-distance,30,31,veh1,veh11,5,5,0,39.369,1,7.32877,1.60868,-58.5808,38.3955,5,0.04,0.04,0.0325
juelich_pilot_d30_r5_log_distance_s02_w1,juelich,12345,2,2,log-distance,30,31,veh1,veh4,5,5,0,330.274,1,7.32877,0,-77.0552,19.9211,5,0.04,0.04,0.0325
juelich_pilot_d30_r5_log_distance_s02_w1,juelich,12345,2,2,log-distance,30,31,veh1,veh6,5,5,0,260.213,1,7.32877,8.27631,-74.9839,21.9924,5,0.04,0.04,0.0325
juelich_pilot_d30_r5_log_distance_s02_w1,juelich,12345,2,2,log-distance,30,31,veh1,veh9,5,5,0,185.172,1,7.32877,8.66091,-72.029,24.9473,5,0.04,0.04,0.0325
juelich_pilot_d30_r5_log_distance_s02_w1,juelich,12345,2,2,log-distance,30,31,veh10,veh0,5,5,0,411.25,1,6.83494,6.95619,-78.9598,18.0165,5,0.04,0.045,0.0325
juelich_pilot_d30_r5_log_distance_s02_w1,juelich,12345,2,2,log-distance,30,31,veh10,veh1,5,5,0,251.131,1,6.83494,7.32877,-74.6755,22.3008,5,0.04,0.04,0.0325
juelich_pilot_d30_r5_log_distance_s02_w1,juelich,12345,2,2,log-distance,30,31,veh10,veh11,5,5,0,226.667,1,6.83494,1.60868,-73.7855,23.1908,5,0.04,0.04,0.0325
juelich_pilot_d30_r5_log_distance_s02_w1,juelich,12345,2,2,log-distance,30,31,veh10,veh4,5,5,0,123.81,1,6.83494,0,-68.5323,28.444,5,0.04,0.04,0.0325
juelich_pilot_d30_r5_log_distance_s02_w1,juelich,12345,2,2,log-distance,30,31,veh10,veh5,5,0,1,907.493,0,6.83494,7.456,nan,nan,0,0.04,0.02,0.0325
juelich_pilot_d30_r5_log_distance_s02_w1,juelich,12345,2,2,log-distance,30,31,veh10,veh6,5,5,0,28.0288,1,6.83494,8.27631,-55.6291,41.3471,5,0.04,0.04,0.0325
juelich_pilot_d30_r5_log_distance_s02_w1,juelich,12345,2,2,log-distance,30,31,veh10,veh9,5,5,0,165.742,1,6.83494,8.66091,-71.0663,25.91,5,0.04,0.04,0.0325
juelich_pilot_d30_r5_log_distance_s02_w1,juelich,12345,2,2,log-distance,30,31,veh11,veh0,5,5,0,527.273,0,1.60868,6.95619,-81.1184,15.8579,5,0.04,0.045,0.0325
juelich_pilot_d30_r5_log_distance_s02_w1,juelich,12345,2,2,log-distance,30,31,veh11,veh1,5,5,0,39.369,1,1.60868,7.32877,-58.5808,38.3955,5,0.04,0.04,0.0325
juelich_pilot_d30_r5_log_distance_s02_w1,juelich,12345,2,2,log-distance,30,31,veh11,veh10,5,5,0,226.667,1,1.60868,6.83494,-73.7855,23.1908,5,0.04,0.04,0.0325
juelich_pilot_d30_r5_log_distance_s02_w1,juelich,12345,2,2,log-distance,30,31,veh11,veh4,5,5,0,296.471,1,1.60868,0,-76.1173,20.8589,5,0.04,0.04,0.0325
juelich_pilot_d30_r5_log_distance_s02_w1,juelich,12345,2,2,log-distance,30,31,veh11,veh5,5,0,1,968.149,0,1.60868,7.456,nan,nan,0,0.04,0.02,0.0325
juelich_pilot_d30_r5_log_distance_s02_w1,juelich,12345,2,2,log-distance,30,31,veh11,veh6,5,5,0,239.146,1,1.60868,8.27631,-74.2509,22.7254,5,0.04,0.04,0.0325
juelich_pilot_d30_r5_log_distance_s02_w1,juelich,12345,2,2,log-distance,30,31,veh11,veh9,5,5,0,146.169,1,1.60868,8.66091,-69.9744,27.0019,5,0.04,0.04,0.0325
juelich_pilot_d30_r5_log_distance_s02_w1,juelich,12345,2,2,log-distance,30,31,veh2,veh3,5,5,0,59.162,1,0,12.7378,-62.1067,34.8696,5,0.02,0.02,0.0325
juelich_pilot_d30_r5_log_distance_s02_w1,juelich,12345,2,2,log-distance,30,31,veh2,veh5,5,0,1,893.314,0,0,7.456,nan,nan,0,0.02,0.02,0.0325
juelich_pilot_d30_r5_log_distance_s02_w1,juelich,12345,2,2,log-distance,30,31,veh2,veh7,5,5,0,407.268,1,0,8.94305,-78.8751,18.1011,5,0.02,0.025,0.0325
juelich_pilot_d30_r5_log_distance_s02_w1,juelich,12345,2,2,log-distance,30,31,veh2,veh8,5,5,0,353.518,1,0,7.12779,-77.6459,19.3303,5,0.02,0.02,0.0325
juelich_pilot_d30_r5_log_distance_s02_w1,juelich,12345,2,2,log-distance,30,31,veh3,veh2,5,5,0,59.162,1,12.7378,0,-62.1067,34.8696,5,0.02,0.02,0.0325
juelich_pilot_d30_r5_log_distance_s02_w1,juelich,12345,2,2,log-distance,30,31,veh3,veh5,5,0,1,857.241,0,12.7378,7.456,nan,nan,0,0.02,0.02,0.0325
juelich_pilot_d30_r5_log_distance_s02_w1,juelich,12345,2,2,log-distance,30,31,veh3,veh7,5,5,0,383.563,1,12.7378,8.94305,-78.3543,18.622,5,0.02,0.025,0.0325
juelich_pilot_d30_r5_log_distance_s02_w1,juelich,12345,2,2,log-distance,30,31,veh3,veh8,5,5,0,343.504,1,12.7378,7.12779,-77.3963,19.58,5,0.02,0.02,0.0325
juelich_pilot_d30_r5_log_distance_s02_w1,juelich,12345,2,2,log-distance,30,31,veh4,veh0,5,5,0,287.93,1,0,6.95619,-75.8633,21.113,5,0.04,0.045,0.0325
juelich_pilot_d30_r5_log_distance_s02_w1,juelich,12345,2,2,log-distance,30,31,veh4,veh1,5,5,0,330.274,1,0,7.32877,-77.0552,19.9211,5,0.04,0.04,0.0325
juelich_pilot_d30_r5_log_distance_s02_w1,juelich,12345,2,2,log-distance,30,31,veh4,veh10,5,5,0,123.81,1,0,6.83494,-68.5323,28.444,5,0.04,0.04,0.0325
juelich_pilot_d30_r5_log_distance_s02_w1,juelich,12345,2,2,log-distance,30,31,veh4,veh11,5,5,0,296.471,1,0,1.60868,-76.1173,20.8589,5,0.04,0.04,0.0325
juelich_pilot_d30_r5_log_distance_s02_w1,juelich,12345,2,2,log-distance,30,31,veh4,veh5,5,0,1,787.619,0,0,7.456,nan,nan,0,0.04,0.02,0.0325
juelich_pilot_d30_r5_log_distance_s02_w1,juelich,12345,2,2,log-distance,30,31,veh4,veh6,5,5,0,144.843,1,0,8.27631,-69.8951,27.0812,5,0.04,0.04,0.0325
juelich_pilot_d30_r5_log_distance_s02_w1,juelich,12345,2,2,log-distance,30,31,veh4,veh7,5,0,1,995.873,0,0,8.94305,nan,nan,0,0.04,0.025,0.0325
juelich_pilot_d30_r5_log_distance_s02_w1,juelich,12345,2,2,log-distance,30,31,veh4,veh9,5,5,0,173.754,1,0,8.66091,-71.4763,25.5,5,0.04,0.04,0.0325
juelich_pilot_d30_r5_log_distance_s02_w1,juelich,12345,2,2,log-distance,30,31,veh5,veh0,5,5,0,505.919,0,7.456,6.95619,-80.7591,4.09289,5,0.02,0.045,0.0325
juelich_pilot_d30_r5_log_distance_s02_w1,juelich,12345,2,2,log-distance,30,31,veh5,veh10,5,0,1,907.493,0,7.456,6.83494,nan,nan,0,0.02,0.04,0.0325
juelich_pilot_d30_r5_log_distance_s02_w1,juelich,12345,2,2,log-distance,30,31,veh5,veh11,5,0,1,968.149,0,7.456,1.60868,nan,nan,0,0.02,0.04,0.0325
juelich_pilot_d30_r5_log_distance_s02_w1,juelich,12345,2,2,log-distance,30,31,veh5,veh2,5,0,1,893.314,0,7.456,0,nan,nan,0,0.02,0.02,0.0325
juelich_pilot_d30_r5_log_distance_s02_w1,juelich,12345,2,2,log-distance,30,31,veh5,veh3,5,0,1,857.241,0,7.456,12.7378,nan,nan,0,0.02,0.02,0.0325
juelich_pilot_d30_r5_log_distance_s02_w1,juelich,12345,2,2,log-distance,30,31,veh5,veh4,5,0,1,787.619,0,7.456,0,nan,nan,0,0.02,0.04,0.0325
juelich_pilot_d30_r5_log_distance_s02_w1,juelich,12345,2,2,log-distance,30,31,veh5,veh6,5,0,1,931.372,0,7.456,8.27631,nan,nan,0,0.02,0.04,0.0325
juelich_pilot_d30_r5_log_distance_s02_w1,juelich,12345,2,2,log-distance,30,31,veh5,veh7,5,0,1,501.114,0,7.456,8.94305,nan,nan,0,0.02,0.025,0.0325
juelich_pilot_d30_r5_log_distance_s02_w1,juelich,12345,2,2,log-distance,30,31,veh5,veh8,5,0,1,590.593,0,7.456,7.12779,nan,nan,0,0.02,0.02,0.0325
juelich_pilot_d30_r5_log_distance_s02_w1,juelich,12345,2,2,log-distance,30,31,veh5,veh9,5,0,1,833.342,0,7.456,8.66091,nan,nan,0,0.02,0.04,0.0325
juelich_pilot_d30_r5_log_distance_s02_w1,juelich,12345,2,2,log-distance,30,31,veh6,veh0,5,5,0,432.709,1,8.27631,6.95619,-79.4016,17.5747,5,0.04,0.045,0.0325
juelich_pilot_d30_r5_log_distance_s02_w1,juelich,12345,2,2,log-distance,30,31,veh6,veh1,5,5,0,260.213,1,8.27631,7.32877,-74.9839,21.9924,5,0.04,0.04,0.0325
juelich_pilot_d30_r5_log_distance_s02_w1,juelich,12345,2,2,log-distance,30,31,veh6,veh10,5,5,0,28.0288,1,8.27631,6.83494,-55.6291,41.3471,5,0.04,0.04,0.0325
juelich_pilot_d30_r5_log_distance_s02_w1,juelich,12345,2,2,log-distance,30,31,veh6,veh11,5,5,0,239.146,1,8.27631,1.60868,-74.2509,22.7254,5,0.04,0.04,0.0325
juelich_pilot_d30_r5_log_distance_s02_w1,juelich,12345,2,2,log-distance,30,31,veh6,veh4,5,5,0,144.843,1,8.27631,0,-69.8951,27.0812,5,0.04,0.04,0.0325
juelich_pilot_d30_r5_log_distance_s02_w1,juelich,12345,2,2,log-distance,30,31,veh6,veh5,5,0,1,931.372,0,8.27631,7.456,nan,nan,0,0.04,0.02,0.0325
juelich_pilot_d30_r5_log_distance_s02_w1,juelich,12345,2,2,log-distance,30,31,veh6,veh9,5,5,0,191.213,1,8.27631,8.66091,-72.3081,24.6682,5,0.04,0.04,0.0325
juelich_pilot_d30_r5_log_distance_s02_w1,juelich,12345,2,2,log-distance,30,31,veh7,veh0,5,0,1,794.49,0,8.94305,6.95619,nan,nan,0,0.025,0.045,0.0325
juelich_pilot_d30_r5_log_distance_s02_w1,juelich,12345,2,2,log-distance,30,31,veh7,veh2,5,5,0,407.268,1,8.94305,0,-78.8751,18.1011,5,0.025,0.02,0.0325
juelich_pilot_d30_r5_log_distance_s02_w1,juelich,12345,2,2,log-distance,30,31,veh7,veh3,5,5,0,383.563,1,8.94305,12.7378,-78.3543,18.622,5,0.025,0.02,0.0325
juelich_pilot_d30_r5_log_distance_s02_w1,juelich,12345,2,2,log-distance,30,31,veh7,veh4,5,0,1,995.873,0,8.94305,0,nan,nan,0,0.025,0.04,0.0325
juelich_pilot_d30_r5_log_distance_s02_w1,juelich,12345,2,2,log-distance,30,31,veh7,veh5,5,5,0,501.114,0,8.94305,7.456,-80.6762,16.3001,5,0.025,0.02,0.0325
juelich_pilot_d30_r5_log_distance_s02_w1,juelich,12345,2,2,log-distance,30,31,veh7,veh8,5,5,0,101.423,1,8.94305,7.12779,-66.7964,30.1798,5,0.025,0.02,0.0325
juelich_pilot_d30_r5_log_distance_s02_w1,juelich,12345,2,2,log-distance,30,31,veh7,veh9,5,0,1,948.825,0,8.94305,8.66091,nan,nan,0,0.025,0.04,0.0325
juelich_pilot_d30_r5_log_distance_s02_w1,juelich,12345,2,2,log-distance,30,31,veh8,veh0,5,0,1,836.479,0,7.12779,6.95619,nan,nan,0,0.02,0.045,0.0325
juelich_pilot_d30_r5_log_distance_s02_w1,juelich,12345,2,2,log-distance,30,31,veh8,veh2,5,5,0,353.518,1,7.12779,0,-77.6459,7.73977,5,0.02,0.02,0.0325
juelich_pilot_d30_r5_log_distance_s02_w1,juelich,12345,2,2,log-distance,30,31,veh8,veh3,5,5,0,343.504,1,7.12779,12.7378,-77.3963,7.65527,5,0.02,0.02,0.0325
juelich_pilot_d30_r5_log_distance_s02_w1,juelich,12345,2,2,log-distance,30,31,veh8,veh5,5,0,1,590.593,0,7.12779,7.456,nan,nan,0,0.02,0.02,0.0325
juelich_pilot_d30_r5_log_distance_s02_w1,juelich,12345,2,2,log-distance,30,31,veh8,veh7,5,5,0,101.423,1,7.12779,8.94305,-66.7964,13.7791,5,0.02,0.025,0.0325
juelich_pilot_d30_r5_log_distance_s02_w1,juelich,12345,2,2,log-distance,30,31,veh8,veh9,5,0,1,950.731,0,7.12779,8.66091,nan,nan,0,0.02,0.04,0.0325
juelich_pilot_d30_r5_log_distance_s02_w1,juelich,12345,2,2,log-distance,30,31,veh9,veh0,5,5,0,381.146,1,8.66091,6.95619,-78.2995,18.6768,5,0.04,0.045,0.0325
juelich_pilot_d30_r5_log_distance_s02_w1,juelich,12345,2,2,log-distance,30,31,veh9,veh1,5,5,0,185.172,1,8.66091,7.32877,-72.029,24.9473,5,0.04,0.04,0.0325
juelich_pilot_d30_r5_log_distance_s02_w1,juelich,12345,2,2,log-distance,30,31,veh9,veh10,5,5,0,165.742,1,8.66091,6.83494,-71.0663,25.91,5,0.04,0.04,0.0325
juelich_pilot_d30_r5_log_distance_s02_w1,juelich,12345,2,2,log-distance,30,31,veh9,veh11,5,5,0,146.169,1,8.66091,1.60868,-69.9744,27.0019,5,0.04,0.04,0.0325
juelich_pilot_d30_r5_log_distance_s02_w1,juelich,12345,2,2,log-distance,30,31,veh9,veh4,5,5,0,173.754,1,8.66091,0,-71.4763,25.5,5,0.04,0.04,0.0325
juelich_pilot_d30_r5_log_distance_s02_w1,juelich,12345,2,2,log-distance,30,31,veh9,veh5,5,0,1,833.342,0,8.66091,7.456,nan,nan,0,0.04,0.02,0.0325
juelich_pilot_d30_r5_log_distance_s02_w1,juelich,12345,2,2,log-distance,30,31,veh9,veh6,5,5,0,191.213,1,8.66091,8.27631,-72.3081,24.6682,5,0.04,0.04,0.0325
juelich_pilot_d30_r5_log_distance_s02_w1,juelich,12345,2,2,log-distance,30,31,veh9,veh7,5,0,1,948.825,0,8.66091,8.94305,nan,nan,0,0.04,0.025,0.0325
juelich_pilot_d30_r5_log_distance_s02_w1,juelich,12345,2,2,log-distance,30,31,veh9,veh8,5,0,1,950.731,0,8.66091,7.12779,nan,nan,0,0.04,0.02,0.0325
juelich_pilot_d30_r5_log_distance_s02_w1,juelich,12345,2,2,log-distance,31,32,veh0,veh1,5,5,0,562.738,0,8.32175,8.31203,-81.6838,15.2925,5,0.045,0.04,0.0325
juelich_pilot_d30_r5_log_distance_s02_w1,juelich,12345,2,2,log-distance,31,32,veh0,veh10,5,5,0,411.884,1,8.32175,8.44373,-78.9732,18.0031,5,0.045,0.04,0.0325
juelich_pilot_d30_r5_log_distance_s02_w1,juelich,12345,2,2,log-distance,31,32,veh0,veh11,5,5,0,522.099,0,8.32175,3.67297,-81.0327,15.9436,5,0.045,0.04,0.0325
juelich_pilot_d30_r5_log_distance_s02_w1,juelich,12345,2,2,log-distance,31,32,veh0,veh4,5,5,0,282.488,1,8.32175,0,-75.6976,21.2787,5,0.045,0.04,0.0325
juelich_pilot_d30_r5_log_distance_s02_w1,juelich,12345,2,2,log-distance,31,32,veh0,veh5,5,5,0,519.176,0,8.32175,7.49931,-80.9838,15.9925,5,0.045,0.02,0.0325
juelich_pilot_d30_r5_log_distance_s02_w1,juelich,12345,2,2,log-distance,31,32,veh0,veh6,5,5,0,429.478,1,8.32175,8.14206,-79.3364,17.6399,5,0.045,0.04,0.0325
juelich_pilot_d30_r5_log_distance_s02_w1,juelich,12345,2,2,log-distance,31,32,veh0,veh7,5,0,1,792.211,0,8.32175,10.676,nan,nan,0,0.045,0.025,0.0325
juelich_pilot_d30_r5_log_distance_s02_w1,juelich,12345,2,2,log-distance,31,32,veh0,veh8,5,0,1,842.871,0,8.32175,7.10615,nan,nan,0,0.045,0.02,0.0325
juelich_pilot_d30_r5_log_distance_s02_w1,juelich,12345,2,2,log-distance,31,32,veh0,veh9,5,5,0,382.208,1,8.32175,8.6403,-78.3237,18.6526,5,0.045,0.04,0.0325
juelich_pilot_d30_r5_log_distance_s02_w1,juelich,12345,2,2,log-distance,31,32,veh1,veh0,5,5,0,562.738,0,8.31203,8.32175,-81.6838,15.2925,5,0.04,0.045,0.0325
juelich_pilot_d30_r5_log_distance_s02_w1,juelich,12345,2,2,log-distance,31,32,veh1,veh10,5,5,0,258.102,1,8.31203,8.44373,-74.9132,22.063,5,0.04,0.04,0.0325
juelich_pilot_d30_r5_log_distance_s02_w1,juelich,12345,2,2,log-distance,31,32,veh1,veh11,5,5,0,40.8601,1,8.31203,3.67297,-58.9015,38.0748,5,0.04,0.04,0.0325
juelich_pilot_d30_r5_log_distance_s02_w1,juelich,12345,2,2,log-distance,31,32,veh1,veh4,5,5,0,332.459,1,8.31203,0,-77.1125,19.8638,5,0.04,0.04,0.0325
juelich_pilot_d30_r5_log_distance_s02_w1,juelich,12345,2,2,log-distance,31,32,veh1,veh6,5,5,0,271.654,1,8.31203,8.14206,-75.3572,21.6191,5,0.04,0.04,0.0325
juelich_pilot_d30_r5_log_distance_s02_w1,juelich,12345,2,2,log-distance,31,32,veh1,veh9,5,5,0,180.979,1,8.31203,8.6403,-71.8301,25.1462,5,0.04,0.04,0.0325
juelich_pilot_d30_r5_log_distance_s02_w1,juelich,12345,2,2,log-distance,31,32,veh10,veh0,5,5,0,411.884,1,8.44373,8.32175,-78.9732,18.0031,5,0.04,0.045,0.0325
juelich_pilot_d30_r5_log_distance_s02_w1,juelich,12345,2,2,log-distance,31,32,veh10,veh1,5,5,0,258.102,1,8.44373,8.31203,-74.9132,22.063,5,0.04,0.04,0.0325
juelich_pilot_d30_r5_log_distance_s02_w1,juelich,12345,2,2,log-distance,31,32,veh10,veh11,5,5,0,227.32,1,8.44373,3.67297,-73.8105,23.1658,5,0.04,0.04,0.0325
juelich_pilot_d30_r5_log_distance_s02_w1,juelich,12345,2,2,log-distance,31,32,veh10,veh4,5,5,0,129.5,1,8.44373,0,-68.9223,28.054,5,0.04,0.04,0.0325
juelich_pilot_d30_r5_log_distance_s02_w1,juelich,12345,2,2,log-distance,31,32,veh10,veh5,5,0,1,920.323,0,8.44373,7.49931,nan,nan,0,0.04,0.02,0.0325
juelich_pilot_d30_r5_log_distance_s02_w1,juelich,12345,2,2,log-distance,31,32,veh10,veh6,5,5,0,26.8276,1,8.44373,8.14206,-55.242,41.7343,5,0.04,0.04,0.0325
juelich_pilot_d30_r5_log_distance_s02_w1,juelich,12345,2,2,log-distance,31,32,veh10,veh9,5,5,0,165.094,1,8.44373,8.6403,-71.0323,25.944,5,0.04,0.04,0.0325
juelich_pilot_d30_r5_log_distance_s02_w1,juelich,12345,2,2,log-distance,31,32,veh11,veh0,5,5,0,522.099,0,3.67297,8.32175,-81.0327,15.9436,5,0.04,0.045,0.0325
juelich_pilot_d30_r5_log_distance_s02_w1,juelich,12345,2,2,log-distance,31,32,veh11,veh1,5,5,0,40.8601,1,3.67297,8.31203,-58.9015,38.0748,5,0.04,0.04,0.0325
juelich_pilot_d30_r5_log_distance_s02_w1,juelich,12345,2,2,log-distance,31,32,veh11,veh10,5,5,0,227.32,1,3.67297,8.44373,-73.8105,23.1658,5,0.04,0.04,0.0325
juelich_pilot_d30_r5_log_distance_s02_w1,juelich,12345,2,2,log-distance,31,32,veh11,veh4,5,5,0,293.728,1,3.67297,0,-76.0365,20.9397,5,0.04,0.04,0.0325
juelich_pilot_d30_r5_log_distance_s02_w1,juelich,12345,2,2,log-distance,31,32,veh11,veh5,5,0,1,971.162,0,3.67297,7.49931,nan,nan,0,0.04,0.02,0.0325
juelich_pilot_d30_r5_log_distance_s02_w1,juelich,12345,2,2,log-distance,31,32,veh11,veh6,5,5,0,243.388,1,3.67297,8.14206,-74.4035,22.5727,5,0.04,0.04,0.0325
juelich_pilot_d30_r5_log_distance_s02_w1,juelich,12345,2,2,log-distance,31,32,veh11,veh9,5,5,0,140.181,1,3.67297,8.6403,-69.6107,27.3656,5,0.04,0.04,0.0325
juelich_pilot_d30_r5_log_distance_s02_w1,juelich,12345,2,2,log-distance,31,32,veh2,veh3,5,5,0,48.7393,1,0,12.6927,-60.4214,36.5548,5,0.02,0.02,0.0325
juelich_pilot_d30_r5_log_distance_s02_w1,juelich,12345,2,2,log-distance,31,32,veh2,veh5,5,0,1,887.46,0,0,7.49931,nan,nan,0,0.02,0.02,0.0325
juelich_pilot_d30_r5_log_distance_s02_w1,juelich,12345,2,2,log-distance,31,32,veh2,veh7,5,5,0,417.101,1,0,10.676,-79.0823,17.894,5,0.02,0.025,0.0325
juelich_pilot_d30_r5_log_distance_s02_w1,juelich,12345,2,2,log-distance,31,32,veh2,veh8,5,5,0,354.661,1,0,7.10615,-77.674,19.3023,5,0.02,0.02,0.0325
juelich_pilot_d30_r5_log_distance_s02_w1,juelich,12345,2,2,log-distance,31,32,veh3,veh2,5,5,0,48.7393,1,12.6927,0,-60.4214,36.5548,5,0.02,0.02,0.0325
juelich_pilot_d30_r5_log_distance_s02_w1,juelich,12345,2,2,log-distance,31,32,veh3,veh5,5,0,1,852.292,0,12.6927,7.49931,nan,nan,0,0.02,0.02,0.0325
juelich_pilot_d30_r5_log_distance_s02_w1,juelich,12345,2,2,log-distance,31,32,veh3,veh7,5,5,0,390.967,1,12.6927,10.676,-78.5203,18.4559,5,0.02,0.025,0.0325
juelich_pilot_d30_r5_log_distance_s02_w1,juelich,12345,2,2,log-distance,31,32,veh3,veh8,5,5,0,339.999,1,12.6927,7.10615,-77.3072,19.6691,5,0.02,0.02,0.0325
juelich_pilot_d30_r5_log_distance_s02_w1,juelich,12345,2,2,log-distance,31,32,veh4,veh0,5,5,0,282.488,1,0,8.32175,-75.6976,21.2787,5,0.04,0.045,0.0325
juelich_pilot_d30_r5_log_distance_s02_w1,juelich,12345,2,2,log-distance,31,32,veh4,veh1,5,5,0,332.459,1,0,8.31203,-77.1125,19.8638,5,0.04,0.04,0.0325
juelich_pilot_d30_r5_log_distance_s02_w1,juelich,12345,2,2,log-distance,31,32,veh4,veh10,5,5,0,129.5,1,0,8.44373,-68.9223,28.054,5,0.04,0.04,0.0325
juelich_pilot_d30_r5_log_distance_s02_w1,juelich,12345,2,2,log-distance,31,32,veh4,veh11,5,5,0,293.728,1,0,3.67297,-76.0365,20.9397,5,0.04,0.04,0.0325
juelich_pilot_d30_r5_log_distance_s02_w1,juelich,12345,2,2,log-distance,31,32,veh4,veh5,5,0,1,793.87,0,0,7.49931,nan,nan,0,0.04,0.02,0.0325
juelich_pilot_d30_r5_log_distance_s02_w1,juelich,12345,2,2,log-distance,31,32,veh4,veh6,5,5,0,147.484,1,0,8.14206,-70.0526,26.9237,5,0.04,0.04,0.0325
juelich_pilot_d30_r5_log_distance_s02_w1,juelich,12345,2,2,log-distance,31,32,veh4,veh7,5,0,1,986.991,0,0,10.676,nan,nan,0,0.04,0.025,0.0325
juelich_pilot_d30_r5_log_distance_s02_w1,juelich,12345,2,2,log-distance,31,32,veh4,veh9,5,5,0,171.088,1,0,8.6403,-71.342,25.6343,5,0.04,0.04,0.0325
juelich_pilot_d30_r5_log_distance_s02_w1,juelich,12345,2,2,log-distance,31,32,veh5,veh0,5,0,1,519.176,0,7.49931,8.32175,nan,nan,0,0.02,0.045,0.0325
juelich_pilot_d30_r5_log_distance_s02_w1,juelich,12345,2,2,log-distance,31,32,veh5,veh10,5,0,1,920.323,0,7.49931,8.44373,nan,nan,0,0.02,0.04,0.0325
juelich_pilot_d30_r5_log_distance_s02_w1,juelich,12345,2,2,log-distance,31,32,veh5,veh11,5,0,1,971.162,0,7.49931,3.67297,nan,nan,0,0.02,0.04,0.0325
juelich_pilot_d30_r5_log_distance_s02_w1,juelich,12345,2,2,log-distance,31,32,veh5,veh2,5,0,1,887.46,0,7.49931,0,nan,nan,0,0.02,0.02,0.0325
juelich_pilot_d30_r5_log_distance_s02_w1,juelich,12345,2,2,log-distance,31,32,veh5,veh3,5,0,1,852.292,0,7.49931,12.6927,nan,nan,0,0.02,0.02,0.0325
juelich_pilot_d30_r5_log_distance_s02_w1,juelich,12345,2,2,log-distance,31,32,veh5,veh4,5,0,1,793.87,0,7.49931,0,nan,nan,0,0.02,0.04,0.0325
juelich_pilot_d30_r5_log_distance_s02_w1,juelich,12345,2,2,log-distance,31,32,veh5,veh6,5,0,1,940.832,0,7.49931,8.14206,nan,nan,0,0.02,0.04,0.0325
juelich_pilot_d30_r5_log_distance_s02_w1,juelich,12345,2,2,log-distance,31,32,veh5,veh7,5,0,1,487.301,1,7.49931,10.676,nan,nan,0,0.02,0.025,0.0325
juelich_pilot_d30_r5_log_distance_s02_w1,juelich,12345,2,2,log-distance,31,32,veh5,veh8,5,0,1,589.798,0,7.49931,7.10615,nan,nan,0,0.02,0.02,0.0325
juelich_pilot_d30_r5_log_distance_s02_w1,juelich,12345,2,2,log-distance,31,32,veh5,veh9,5,0,1,845.246,0,7.49931,8.6403,nan,nan,0,0.02,0.04,0.0325
juelich_pilot_d30_r5_log_distance_s02_w1,juelich,12345,2,2,log-distance,31,32,veh6,veh0,5,5,0,429.478,1,8.14206,8.32175,-79.3364,17.6399,5,0.04,0.045,0.0325
juelich_pilot_d30_r5_log_distance_s02_w1,juelich,12345,2,2,log-distance,31,32,veh6,veh1,5,5,0,271.654,1,8.14206,8.31203,-75.3572,21.6191,5,0.04,0.04,0.0325
juelich_pilot_d30_r5_log_distance_s02_w1,juelich,12345,2,2,log-distance,31,32,veh6,veh10,5,5,0,26.8276,1,8.14206,8.44373,-55.242,41.7343,5,0.04,0.04,0.0325
juelich_pilot_d30_r5_log_distance_s02_w1,juelich,12345,2,2,log-distance,31,32,veh6,veh11,5,5,0,243.388,1,8.14206,3.67297,-74.4035,22.5727,5,0.04,0.04,0.0325
juelich_pilot_d30_r5_log_distance_s02_w1,juelich,12345,2,2,log-distance,31,32,veh6,veh4,5,5,0,147.484,1,8.14206,0,-70.0526,26.9237,5,0.04,0.04,0.0325
juelich_pilot_d30_r5_log_distance_s02_w1,juelich,12345,2,2,log-distance,31,32,veh6,veh5,5,0,1,940.832,0,8.14206,7.49931,nan,nan,0,0.04,0.02,0.0325
juelich_pilot_d30_r5_log_distance_s02_w1,juelich,12345,2,2,log-distance,31,32,veh6,veh9,5,5,0,190.735,1,8.14206,8.6403,-72.2863,24.69,5,0.04,0.04,0.0325
juelich_pilot_d30_r5_log_distance_s02_w1,juelich,12345,2,2,log-distance,31,32,veh7,veh0,5,0,1,792.211,0,10.676,8.32175,nan,nan,0,0.025,0.045,0.0325
juelich_pilot_d30_r5_log_distance_s02_w1,juelich,12345,2,2,log-distance,31,32,veh7,veh2,5,5,0,417.101,1,10.676,0,-79.0823,17.894,5,0.025,0.02,0.0325
juelich_pilot_d30_r5_log_distance_s02_w1,juelich,12345,2,2,log-distance,31,32,veh7,veh3,5,5,0,390.967,1,10.676,12.6927,-78.5203,18.4559,5,0.025,0.02,0.0325
juelich_pilot_d30_r5_log_distance_s02_w1,juelich,12345,2,2,log-distance,31,32,veh7,veh4,5,0,1,986.991,0,10.676,0,nan,nan,0,0.025,0.04,0.0325
juelich_pilot_d30_r5_log_distance_s02_w1,juelich,12345,2,2,log-distance,31,32,veh7,veh5,5,5,0,487.301,1,10.676,7.49931,-80.4333,16.5429,5,0.025,0.02,0.0325
juelich_pilot_d30_r5_log_distance_s02_w1,juelich,12345,2,2,log-distance,31,32,veh7,veh8,5,5,0,112.869,1,10.676,7.10615,-67.7253,29.251,5,0.025,0.02,0.0325
juelich_pilot_d30_r5_log_distance_s02_w1,juelich,12345,2,2,log-distance,31,32,veh7,veh9,5,0,1,949.353,0,10.676,8.6403,nan,nan,0,0.025,0.04,0.0325
juelich_pilot_d30_r5_log_distance_s02_w1,juelich,12345,2,2,log-distance,31,32,veh8,veh0,5,0,1,842.871,0,7.10615,8.32175,nan,nan,0,0.02,0.045,0.0325
juelich_pilot_d30_r5_log_distance_s02_w1,juelich,12345,2,2,log-distance,31,32,veh8,veh2,5,5,0,354.661,1,7.10615,0,-77.674,7.65856,5,0.02,0.02,0.0325
juelich_pilot_d30_r5_log_distance_s02_w1,juelich,12345,2,2,log-distance,31,32,veh8,veh3,5,5,0,339.999,1,7.10615,12.6927,-77.3072,7.69728,5,0.02,0.02,0.0325
juelich_pilot_d30_r5_log_distance_s02_w1,juelich,12345,2,2,log-distance,31,32,veh8,veh5,5,0,1,589.798,0,7.10615,7.49931,nan,nan,0,0.02,0.02,0.0325
juelich_pilot_d30_r5_log_distance_s02_w1,juelich,12345,2,2,log-distance,31,32,veh8,veh7,5,5,0,112.869,1,7.10615,10.676,-67.7253,12.6128,5,0.02,0.025,0.0325
juelich_pilot_d30_r5_log_distance_s02_w1,juelich,12345,2,2,log-distance,31,32,veh8,veh9,5,0,1,955.847,0,7.10615,8.6403,nan,nan,0,0.02,0.04,0.0325
juelich_pilot_d30_r5_log_distance_s02_w1,juelich,12345,2,2,log-distance,31,32,veh9,veh0,5,5,0,382.208,1,8.6403,8.32175,-78.3237,18.6526,5,0.04,0.045,0.0325
juelich_pilot_d30_r5_log_distance_s02_w1,juelich,12345,2,2,log-distance,31,32,veh9,veh1,5,5,0,180.979,1,8.6403,8.31203,-71.8301,25.1462,5,0.04,0.04,0.0325
juelich_pilot_d30_r5_log_distance_s02_w1,juelich,12345,2,2,log-distance,31,32,veh9,veh10,5,5,0,165.094,1,8.6403,8.44373,-71.0323,25.944,5,0.04,0.04,0.0325
juelich_pilot_d30_r5_log_distance_s02_w1,juelich,12345,2,2,log-distance,31,32,veh9,veh11,5,5,0,140.181,1,8.6403,3.67297,-69.6107,27.3656,5,0.04,0.04,0.0325
juelich_pilot_d30_r5_log_distance_s02_w1,juelich,12345,2,2,log-distance,31,32,veh9,veh4,5,5,0,171.088,1,8.6403,0,-71.342,25.6343,5,0.04,0.04,0.0325
juelich_pilot_d30_r5_log_distance_s02_w1,juelich,12345,2,2,log-distance,31,32,veh9,veh5,5,0,1,845.246,0,8.6403,7.49931,nan,nan,0,0.04,0.02,0.0325
juelich_pilot_d30_r5_log_distance_s02_w1,juelich,12345,2,2,log-distance,31,32,veh9,veh6,5,5,0,190.735,1,8.6403,8.14206,-72.2863,24.69,5,0.04,0.04,0.0325
juelich_pilot_d30_r5_log_distance_s02_w1,juelich,12345,2,2,log-distance,31,32,veh9,veh7,5,0,1,949.353,0,8.6403,10.676,nan,nan,0,0.04,0.025,0.0325
juelich_pilot_d30_r5_log_distance_s02_w1,juelich,12345,2,2,log-distance,31,32,veh9,veh8,5,0,1,955.847,0,8.6403,7.10615,nan,nan,0,0.04,0.02,0.0325
juelich_pilot_d30_r5_log_distance_s02_w1,juelich,12345,2,2,log-distance,32,33,veh0,veh1,5,5,0,561.016,0,9.4415,8.31503,-81.6572,15.3191,5,0.048,0.043,0.0346923
juelich_pilot_d30_r5_log_distance_s02_w1,juelich,12345,2,2,log-distance,32,33,veh0,veh10,5,5,0,415.286,1,9.4415,8.51071,-79.0446,17.9317,5,0.048,0.043,0.0346923
juelich_pilot_d30_r5_log_distance_s02_w1,juelich,12345,2,2,log-distance,32,33,veh0,veh11,5,5,0,518.388,0,9.4415,5.68508,-80.9708,16.0055,5,0.048,0.043,0.0346923
juelich_pilot_d30_r5_log_distance_s02_w1,juelich,12345,2,2,log-distance,32,33,veh0,veh12,3,3,0,452.385,1,9.43754,0.473007,-79.7878,17.1884,3,0.048,0.04,0.0346923
juelich_pilot_d30_r5_log_distance_s02_w1,juelich,12345,2,2,log-distance,32,33,veh0,veh4,5,5,0,279.418,1,9.4415,0,-75.6028,21.3735,5,0.048,0.043,0.0346923
juelich_pilot_d30_r5_log_distance_s02_w1,juelich,12345,2,2,log-distance,32,33,veh0,veh5,5,5,0,531.292,0,9.4415,7.45805,-81.1843,15.792,5,0.048,0.02,0.0346923
juelich_pilot_d30_r5_log_distance_s02_w1,juelich,12345,2,2,log-distance,32,33,veh0,veh6,5,5,0,422.068,1,9.4415,8.44488,-79.1853,17.791,5,0.048,0.043,0.0346923
juelich_pilot_d30_r5_log_distance_s02_w1,juelich,12345,2,2,log-distance,32,33,veh0,veh7,5,0,1,789.815,0,9.4415,11.1541,nan,nan,0,0.048,0.025,0.0346923
juelich_pilot_d30_r5_log_distance_s02_w1,juelich,12345,2,2,log-distance,32,33,veh0,veh8,5,0,1,850.733,0,9.4415,7.12676,nan,nan,0,0.048,0.02,0.0346923
juelich_pilot_d30_r5_log_distance_s02_w1,juelich,12345,2,2,log-distance,32,33,veh0,veh9,5,5,0,386.468,1,9.4415,8.62178,-78.4198,18.5565,5,0.048,0.043,0.0346923
juelich_pilot_d30_r5_log_distance_s02_w1,juelich,12345,2,2,log-distance,32,33,veh1,veh0,5,5,0,561.016,0,8.31503,9.4415,-81.6572,15.3191,5,0.043,0.048,0.0346923
juelich_pilot_d30_r5_log_distance_s02_w1,juelich,12345,2,2,log-distance,32,33,veh1,veh10,5,5,0,264.549,1,8.31503,8.51071,-75.1277,21.8486,5,0.043,0.043,0.0346923
juelich_pilot_d30_r5_log_distance_s02_w1,juelich,12345,2,2,log-distance,32,33,veh1,veh11,5,5,0,44.3977,1,8.31503,5.68508,-59.6228,37.3535,5,0.043,0.043,0.0346923
juelich_pilot_d30_r5_log_distance_s02_w1,juelich,12345,2,2,log-distance,32,33,veh1,veh12,3,0,1,676.685,0,8.31512,0.473007,nan,nan,0,0.043,0.04,0.0346923
juelich_pilot_d30_r5_log_distance_s02_w1,juelich,12345,2,2,log-distance,32,33,veh1,veh4,5,5,0,332.999,1,8.31503,0,-77.1265,19.8497,5,0.043,0.043,0.0346923
juelich_pilot_d30_r5_log_distance_s02_w1,juelich,12345,2,2,log-distance,32,33,veh1,veh6,5,5,0,283.445,1,8.31503,8.44488,-75.7266,21.2496,5,0.043,0.043,0.0346923
juelich_pilot_d30_r5_log_distance_s02_w1,juelich,12345,2,2,log-distance,32,33,veh1,veh9,5,5,0,176.317,1,8.31503,8.62178,-71.6032,25.3731,5,0.043,0.043,0.0346923
juelich_pilot_d30_r5_log_distance_s02_w1,juelich,12345,2,2,log-distance,32,33,veh10,veh0,5,5,0,415.286,1,8.51071,9.4415,-79.0446,17.9317,5,0.043,0.048,0.0346923
juelich_pilot_d30_r5_log_distance_s02_w1,juelich,12345,2,2,log-distance,32,33,veh10,veh1,5,5,0,264.549,1,8.51071,8.31503,-75.1277,21.8486,5,0.043,0.043,0.0346923
juelich_pilot_d30_r5_log_distance_s02_w1,juelich,12345,2,2,log-distance,32,33,veh10,veh11,5,5,0,226.768,1,8.51071,5.68508,-73.7893,23.187,5,0.043,0.043,0.0346923
juelich_pilot_d30_r5_log_distance_s02_w1,juelich,12345,2,2,log-distance,32,33,veh10,veh12,3,3,0,411.758,1,8.50018,0.473007,-78.9705,18.0057,3,0.043,0.04,0.0346923
juelich_pilot_d30_r5_log_distance_s02_w1,juelich,12345,2,2,log-distance,32,33,veh10,veh4,5,5,0,135.92,1,8.51071,0,-69.3426,27.6337,5,0.043,0.043,0.0346923
juelich_pilot_d30_r5_log_distance_s02_w1,juelich,12345,2,2,log-distance,32,33,veh10,veh5,5,0,1,933.805,0,8.51071,7.45805,nan,nan,0,0.043,0.02,0.0346923
juelich_pilot_d30_r5_log_distance_s02_w1,juelich,12345,2,2,log-distance,32,33,veh10,veh6,5,5,0,23.0005,1,8.51071,8.44488,-53.9081,43.0682,5,0.043,0.043,0.0346923
juelich_pilot_d30_r5_log_distance_s02_w1,juelich,12345,2,2,log-distance,32,33,veh10,veh9,5,5,0,165.059,1,8.51071,8.62178,-71.0305,25.9458,5,0.043,0.043,0.0346923
juelich_pilot_d30_r5_log_distance_s02_w1,juelich,12345,2,2,log-distance,32,33,veh11,veh0,5,5,0,518.388,0,5.68508,9.4415,-80.9708,16.0055,5,0.043,0.048,0.0346923
juelich_pilot_d30_r5_log_distance_s02_w1,juelich,12345,2,2,log-distance,32,33,veh11,veh1,5,5,0,44.3977,1,5.68508,8.31503,-59.6228,37.3535,5,0.043,0.043,0.0346923
juelich_pilot_d30_r5_log_distance_s02_w1,juelich,12345,2,2,log-distance,32,33,veh11,veh10,5,5,0,226.768,1,5.68508,8.51071,-73.7893,23.187,5,0.043,0.043,0.0346923
juelich_pilot_d30_r5_log_distance_s02_w1,juelich,12345,2,2,log-distance,32,33,veh11,veh12,3,0,1,635.854,0,6.1098,0.473007,nan,nan,0,0.043,0.04,0.0346923
juelich_pilot_d30_r5_log_distance_s02_w1,juelich,12345,2,2,log-distance,32,33,veh11,veh4,5,5,0,288.954,1,5.68508,0,-75.8941,21.0822,5,0.043,0.043,0.0346923
juelich_pilot_d30_r5_log_distance_s02_w1,juelich,12345,2,2,log-distance,32,33,veh11,veh5,5,0,1,972.823,0,5.68508,7.45805,nan,nan,0,0.043,0.02,0.0346923
juelich_pilot_d30_r5_log_distance_s02_w1,juelich,12345,2,2,log-distance,32,33,veh11,veh6,5,5,0,246.789,1,5.68508,8.44488,-74.5242,22.4521,5,0.043,0.043,0.0346923
juelich_pilot_d30_r5_log_distance_s02_w1,juelich,12345,2,2,log-distance,32,33,veh11,veh9,5,5,0,132.622,1,5.68508,8.62178,-69.1286,27.8477,5,0.043,0.043,0.0346923
juelich_pilot_d30_r5_log_distance_s02_w1,juelich,12345,2,2,log-distance,32,33,veh12,veh0,3,3,0,452.385,1,0.473007,9.43754,-79.7878,-0.0889906,3,0.04,0.048,0.0346923
juelich_pilot_d30_r5_log_distance_s02_w1,juelich,12345,2,2,log-distance,32,33,veh12,veh1,3,0,1,676.685,0,0.473007,8.31512,nan,nan,0,0.04,0.043,0.0346923
juelich_pilot_d30_r5_log_distance_s02_w1,juelich,12345,2,2,log-distance,32,33,veh12,veh10,3,3,0,411.758,1,0.473007,8.50018,-78.9705,4.59436,3,0.04,0.043,0.0346923
juelich_pilot_d30_r5_log_distance_s02_w1,juelich,12345,2,2,log-distance,32,33,veh12,veh11,3,0,1,635.854,0,0.473007,6.1098,nan,nan,0,0.04,0.043,0.0346923
juelich_pilot_d30_r5_log_distance_s02_w1,juelich,12345,2,2,log-distance,32,33,veh12,veh4,3,3,0,381.625,1,0.473007,0,-78.3104,4.16456,3,0.04,0.043,0.0346923
juelich_pilot_d30_r5_log_distance_s02_w1,juelich,12345,2,2,log-distance,32,33,veh12,veh5,3,0,1,934.887,0,0.473007,7.48197,nan,nan,0,0.04,0.02,0.0346923
juelich_pilot_d30_r5_log_distance_s02_w1,juelich,12345,2,2,log-distance,32,33,veh12,veh6,3,3,0,393.29,1,0.473007,8.49953,-78.5719,5.08974,3,0.04,0.043,0.0346923
juelich_pilot_d30_r5_log_distance_s02_w1,juelich,12345,2,2,log-distance,32,33,veh12,veh9,3,3,0,540.833,0,0.473007,8.61671,-81.339,1.31273,3,0.04,0.043,0.0346923
juelich_pilot_d30_r5_log_distance_s02_w1,juelich,12345,2,2,log-distance,32,33,veh2,veh3,5,5,0,40.4983,1,0,11.4139,-58.8179,38.1584,5,0.02,0.02,0.0346923
juelich_pilot_d30_r5_log_distance_s02_w1,juelich,12345,2,2,log-distance,32,33,veh2,veh5,5,0,1,881.637,0,0,7.45805,nan,nan,0,0.02,0.02,0.0346923
juelich_pilot_d30_r5_log_distance_s02_w1,juelich,12345,2,2,log-distance,32,33,veh2,veh7,5,5,0,428.082,1,0,11.1541,-79.308,17.6683,5,0.02,0.025,0.0346923
juelich_pilot_d30_r5_log_distance_s02_w1,juelich,12345,2,2,log-distance,32,33,veh2,veh8,5,5,0,355.954,1,0,7.12676,-77.7056,19.2707,5,0.02,0.02,0.0346923
juelich_pilot_d30_r5_log_distance_s02_w1,juelich,12345,2,2,log-distance,32,33,veh3,veh2,5,5,0,40.4983,1,11.4139,0,-58.8179,38.1584,5,0.02,0.02,0.0346923
juelich_pilot_d30_r5_log_distance_s02_w1,juelich,12345,2,2,log-distance,32,33,veh3,veh5,5,0,1,847.1,0,11.4139,7.45805,nan,nan,0,0.02,0.02,0.0346923
juelich_pilot_d30_r5_log_distance_s02_w1,juelich,12345,2,2,log-distance,32,33,veh3,veh7,5,5,0,399.491,1,11.4139,11.1541,-78.7077,18.2686,5,0.02,0.025,0.0346923
juelich_pilot_d30_r5_log_distance_s02_w1,juelich,12345,2,2,log-distance,32,33,veh3,veh8,5,5,0,336.319,1,11.4139,7.12676,-77.2127,19.7636,5,0.02,0.02,0.0346923
juelich_pilot_d30_r5_log_distance_s02_w1,juelich,12345,2,2,log-distance,32,33,veh4,veh0,5,5,0,279.418,1,0,9.4415,-75.6028,21.3735,5,0.043,0.048,0.0346923
juelich_pilot_d30_r5_log_distance_s02_w1,juelich,12345,2,2,log-distance,32,33,veh4,veh1,5,5,0,332.999,1,0,8.31503,-77.1265,19.8497,5,0.043,0.043,0.0346923
juelich_pilot_d30_r5_log_distance_s02_w1,juelich,12345,2,2,log-distance,32,33,veh4,veh10,5,5,0,135.92,1,0,8.51071,-69.3426,27.6337,5,0.043,0.043,0.0346923
juelich_pilot_d30_r5_log_distance_s02_w1,juelich,12345,2,2,log-distance,32,33,veh4,veh11,5,5,0,288.954,1,0,5.68508,-75.8941,21.0822,5,0.043,0.043,0.0346923
juelich_pilot_d30_r5_log_distance_s02_w1,juelich,12345,2,2,log-distance,32,33,veh4,veh12,3,3,0,381.625,1,0,0.473007,-78.3104,18.6659,3,0.043,0.04,0.0346923
juelich_pilot_d30_r5_log_distance_s02_w1,juelich,12345,2,2,log-distance,32,33,veh4,veh5,5,0,1,800.136,0,0,7.45805,nan,nan,0,0.043,0.02,0.0346923
juelich_pilot_d30_r5_log_distance_s02_w1,juelich,12345,2,2,log-distance,32,33,veh4,veh6,5,5,0,144.185,1,0,8.44488,-69.8557,27.1205,5,0.043,0.043,0.0346923
juelich_pilot_d30_r5_log_distance_s02_w1,juelich,12345,2,2,log-distance,32,33,veh4,veh7,5,0,1,977.095,0,0,11.1541,nan,nan,0,0.043,0.025,0.0346923
juelich_pilot_d30_r5_log_distance_s02_w1,juelich,12345,2,2,log-distance,32,33,veh4,veh9,5,5,0,168.828,1,0,8.62178,-71.2265,25.7498,5,0.043,0.043,0.0346923
juelich_pilot_d30_r5_log_distance_s02_w1,juelich,12345,2,2,log-distance,32,33,veh5,veh0,5,0,1,531.292,0,7.45805,9.4415,nan,nan,0,0.02,0.048,0.0346923
juelich_pilot_d30_r5_log_distance_s02_w1,juelich,12345,2,2,log-distance,32,33,veh5,veh10,5,0,1,933.805,0,7.45805,8.51071,nan,nan,0,0.02,0.043,0.0346923
juelich_pilot_d30_r5_log_distance_s02_w1,juelich,12345,2,2,log-distance,32,33,veh5,veh11,5,0,1,972.823,0,7.45805,5.68508,nan,nan,0,0.02,0.043,0.0346923
juelich_pilot_d30_r5_log_distance_s02_w1,juelich,12345,2,2,log-distance,32,33,veh5,veh12,3,0,1,934.887,0,7.48197,0.473007,nan,nan,0,0.02,0.04,0.0346923
juelich_pilot_d30_r5_log_distance_s02_w1,juelich,12345,2,2,log-distance,32,33,veh5,veh2,5,0,1,881.637,0,7.45805,0,nan,nan,0,0.02,0.02,0.0346923
juelich_pilot_d30_r5_log_distance_s02_w1,juelich,12345,2,2,log-distance,32,33,veh5,veh3,5,0,1,847.1,0,7.45805,11.4139,nan,nan,0,0.02,0.02,0.0346923
juelich_pilot_d30_r5_log_distance_s02_w1,juelich,12345,2,2,log-distance,32,33,veh5,veh4,5,0,1,800.136,0,7.45805,0,nan,nan,0,0.02,0.043,0.0346923
juelich_pilot_d30_r5_log_distance_s02_w1,juelich,12345,2,2,log-distance,32,33,veh5,veh6,5,0,1,944.186,0,7.45805,8.44488,nan,nan,0,0.02,0.043,0.0346923
juelich_pilot_d30_r5_log_distance_s02_w1,juelich,12345,2,2,log-distance,32,33,veh5,veh7,5,0,1,472.686,1,7.45805,11.1541,nan,nan,0,0.02,0.025,0.0346923
juelich_pilot_d30_r5_log_distance_s02_w1,juelich,12345,2,2,log-distance,32,33,veh5,veh8,5,0,1,589.248,0,7.45805,7.12676,nan,nan,0,0.02,0.02,0.0346923
juelich_pilot_d30_r5_log_distance_s02_w1,juelich,12345,2,2,log-distance,32,33,veh5,veh9,5,0,1,857.272,0,7.45805,8.62178,nan,nan,0,0.02,0.043,0.0346923
juelich_pilot_d30_r5_log_distance_s02_w1,juelich,12345,2,2,log-distance,32,33,veh6,veh0,5,5,0,422.068,1,8.44488,9.4415,-79.1853,17.791,5,0.043,0.048,0.0346923
juelich_pilot_d30_r5_log_distance_s02_w1,juelich,12345,2,2,log-distance,32,33,veh6,veh1,5,5,0,283.445,1,8.44488,8.31503,-75.7266,21.2496,5,0.043,0.043,0.0346923
juelich_pilot_d30_r5_log_distance_s02_w1,juelich,12345,2,2,log-distance,32,33,veh6,veh10,5,5,0,23.0005,1,8.44488,8.51071,-53.9081,43.0682,5,0.043,0.043,0.0346923
juelich_pilot_d30_r5_log_distance_s02_w1,juelich,12345,2,2,log-distance,32,33,veh6,veh11,5,5,0,246.789,1,8.44488,5.68508,-74.5242,22.4521,5,0.043,0.043,0.0346923
juelich_pilot_d30_r5_log_distance_s02_w1,juelich,12345,2,2,log-distance,32,33,veh6,veh12,3,3,0,393.29,1,8.49953,0.473007,-78.5719,18.4044,3,0.043,0.04,0.0346923
juelich_pilot_d30_r5_log_distance_s02_w1,juelich,12345,2,2,log-distance,32,33,veh6,veh4,5,5,0,144.185,1,8.44488,0,-69.8557,27.1205,5,0.043,0.043,0.0346923
juelich_pilot_d30_r5_log_distance_s02_w1,juelich,12345,2,2,log-distance,32,33,veh6,veh5,5,0,1,944.186,0,8.44488,7.45805,nan,nan,0,0.043,0.02,0.0346923
juelich_pilot_d30_r5_log_distance_s02_w1,juelich,12345,2,2,log-distance,32,33,veh6,veh9,5,5,0,187.747,1,8.44488,8.62178,-72.1491,24.8272,5,0.043,0.043,0.0346923
juelich_pilot_d30_r5_log_distance_s02_w1,juelich,12345,2,2,log-distance,32,33,veh7,veh0,5,0,1,789.815,0,11.1541,9.4415,nan,nan,0,0.025,0.048,0.0346923
juelich_pilot_d30_r5_log_distance_s02_w1,juelich,12345,2,2,log-distance,32,33,veh7,veh2,5,5,0,428.082,1,11.1541,0,-79.308,17.6683,5,0.025,0.02,0.0346923
juelich_pilot_d30_r5_log_distance_s02_w1,juelich,12345,2,2,log-distance,32,33,veh7,veh3,5,5,0,399.491,1,11.1541,11.4139,-78.7077,18.2686,5,0.025,0.02,0.0346923
juelich_pilot_d30_r5_log_distance_s02_w1,juelich,12345,2,2,log-distance,32,33,veh7,veh4,5,0,1,977.095,0,11.1541,0,nan,nan,0,0.025,0.043,0.0346923
juelich_pilot_d30_r5_log_distance_s02_w1,juelich,12345,2,2,log-distance,32,33,veh7,veh5,5,5,0,472.686,1,11.1541,7.45805,-80.1688,16.8075,5,0.025,0.02,0.0346923
juelich_pilot_d30_r5_log_distance_s02_w1,juelich,12345,2,2,log-distance,32,33,veh7,veh8,5,5,0,125.139,1,11.1541,7.12676,-68.6221,28.3541,5,0.025,0.02,0.0346923
juelich_pilot_d30_r5_log_distance_s02_w1,juelich,12345,2,2,log-distance,32,33,veh7,veh9,5,0,1,948.956,0,11.1541,8.62178,nan,nan,0,0.025,0.043,0.0346923
juelich_pilot_d30_r5_log_distance_s02_w1,juelich,12345,2,2,log-distance,32,33,veh8,veh0,5,0,1,850.733,0,7.12676,9.4415,nan,nan,0,0.02,0.048,0.0346923
juelich_pilot_d30_r5_log_distance_s02_w1,juelich,12345,2,2,log-distance,32,33,veh8,veh2,5,5,0,355.954,1,7.12676,0,-77.7056,7.57368,5,0.02,0.02,0.0346923
juelich_pilot_d30_r5_log_distance_s02_w1,juelich,12345,2,2,log-distance,32,33,veh8,veh3,5,5,0,336.319,1,7.12676,11.4139,-77.2127,7.74208,5,0.02,0.02,0.0346923
juelich_pilot_d30_r5_log_distance_s02_w1,juelich,12345,2,2,log-distance,32,33,veh8,veh5,5,0,1,589.248,0,7.12676,7.45805,nan,nan,0,0.02,0.02,0.0346923
juelich_pilot_d30_r5_log_distance_s02_w1,juelich,12345,2,2,log-distance,32,33,veh8,veh7,5,5,0,125.139,1,7.12676,11.1541,-68.6221,11.457,5,0.02,0.025,0.0346923
juelich_pilot_d30_r5_log_distance_s02_w1,juelich,12345,2,2,log-distance,32,33,veh8,veh9,5,0,1,960.981,0,7.12676,8.62178,nan,nan,0,0.02,0.043,0.0346923
juelich_pilot_d30_r5_log_distance_s02_w1,juelich,12345,2,2,log-distance,32,33,veh9,veh0,5,5,0,386.468,1,8.62178,9.4415,-78.4198,18.5565,5,0.043,0.048,0.0346923
juelich_pilot_d30_r5_log_distance_s02_w1,juelich,12345,2,2,log-distance,32,33,veh9,veh1,5,5,0,176.317,1,8.62178,8.31503,-71.6032,25.3731,5,0.043,0.043,0.0346923
juelich_pilot_d30_r5_log_distance_s02_w1,juelich,12345,2,2,log-distance,32,33,veh9,veh10,5,5,0,165.059,1,8.62178,8.51071,-71.0305,25.9458,5,0.043,0.043,0.0346923
juelich_pilot_d30_r5_log_distance_s02_w1,juelich,12345,2,2,log-distance,32,33,veh9,veh11,5,5,0,132.622,1,8.62178,5.68508,-69.1286,27.8477,5,0.043,0.043,0.0346923
juelich_pilot_d30_r5_log_distance_s02_w1,juelich,12345,2,2,log-distance,32,33,veh9,veh12,3,3,0,540.833,0,8.61671,0.473007,-81.339,15.6373,3,0.043,0.04,0.0346923
juelich_pilot_d30_r5_log_distance_s02_w1,juelich,12345,2,2,log-distance,32,33,veh9,veh4,5,5,0,168.828,1,8.62178,0,-71.2265,25.7498,5,0.043,0.043,0.0346923
juelich_pilot_d30_r5_log_distance_s02_w1,juelich,12345,2,2,log-distance,32,33,veh9,veh5,5,0,1,857.272,0,8.62178,7.45805,nan,nan,0,0.043,0.02,0.0346923
juelich_pilot_d30_r5_log_distance_s02_w1,juelich,12345,2,2,log-distance,32,33,veh9,veh6,5,5,0,187.747,1,8.62178,8.44488,-72.1491,24.8272,5,0.043,0.043,0.0346923
juelich_pilot_d30_r5_log_distance_s02_w1,juelich,12345,2,2,log-distance,32,33,veh9,veh7,5,0,1,948.956,0,8.62178,11.1541,nan,nan,0,0.043,0.025,0.0346923
juelich_pilot_d30_r5_log_distance_s02_w1,juelich,12345,2,2,log-distance,32,33,veh9,veh8,5,0,1,960.981,0,8.62178,7.12676,nan,nan,0,0.043,0.02,0.0346923
juelich_pilot_d30_r5_log_distance_s02_w1,juelich,12345,2,2,log-distance,33,34,veh0,veh1,5,5,0,561.372,0,9.67628,8.3165,-81.6627,15.3136,5,0.05,0.045,0.0357692
juelich_pilot_d30_r5_log_distance_s02_w1,juelich,12345,2,2,log-distance,33,34,veh0,veh10,5,5,0,425.254,1,9.67628,8.43104,-79.2504,17.7259,5,0.05,0.045,0.0357692
juelich_pilot_d30_r5_log_distance_s02_w1,juelich,12345,2,2,log-distance,33,34,veh0,veh11,5,5,0,519.101,0,9.67628,7.23421,-80.9827,15.9936,5,0.05,0.045,0.0357692
juelich_pilot_d30_r5_log_distance_s02_w1,juelich,12345,2,2,log-distance,33,34,veh0,veh12,5,5,0,450.155,1,9.67628,2.11791,-79.7449,17.2313,5,0.05,0.04,0.0357692
juelich_pilot_d30_r5_log_distance_s02_w1,juelich,12345,2,2,log-distance,33,34,veh0,veh4,5,5,0,283.189,1,9.67628,0,-75.7191,21.2572,5,0.05,0.045,0.0357692
juelich_pilot_d30_r5_log_distance_s02_w1,juelich,12345,2,2,log-distance,33,34,veh0,veh5,5,5,0,537.486,0,9.67628,7.45488,-81.285,15.6913,5,0.05,0.02,0.0357692
juelich_pilot_d30_r5_log_distance_s02_w1,juelich,12345,2,2,log-distance,33,34,veh0,veh6,5,5,0,419.948,1,9.67628,8.51465,-79.1416,17.8347,5,0.05,0.045,0.0357692
juelich_pilot_d30_r5_log_distance_s02_w1,juelich,12345,2,2,log-distance,33,34,veh0,veh7,5,0,1,783.833,0,9.67628,11.1667,nan,nan,0,0.05,0.025,0.0357692
juelich_pilot_d30_r5_log_distance_s02_w1,juelich,12345,2,2,log-distance,33,34,veh0,veh8,5,0,1,855.851,0,9.67628,7.10979,nan,nan,0,0.05,0.02,0.0357692
juelich_pilot_d30_r5_log_distance_s02_w1,juelich,12345,2,2,log-distance,33,34,veh0,veh9,5,5,0,396.923,1,9.67628,8.63114,-78.6515,18.3248,5,0.05,0.045,0.0357692
juelich_pilot_d30_r5_log_distance_s02_w1,juelich,12345,2,2,log-distance,33,34,veh1,veh0,5,5,0,561.372,0,8.3165,9.67628,-81.6627,15.3136,5,0.045,0.05,0.0357692
juelich_pilot_d30_r5_log_distance_s02_w1,juelich,12345,2,2,log-distance,33,34,veh1,veh10,5,5,0,265.327,1,8.3165,8.43104,-75.1533,21.823,5,0.045,0.045,0.0357692
juelich_pilot_d30_r5_log_distance_s02_w1,juelich,12345,2,2,log-distance,33,34,veh1,veh11,5,5,0,45.6042,1,8.3165,7.23421,-59.8577,37.1186,5,0.045,0.045,0.0357692
juelich_pilot_d30_r5_log_distance_s02_w1,juelich,12345,2,2,log-distance,33,34,veh1,veh12,5,0,1,673.951,0,8.3165,2.11791,nan,nan,0,0.045,0.04,0.0357692
juelich_pilot_d30_r5_log_distance_s02_w1,juelich,12345,2,2,log-distance,33,34,veh1,veh4,5,5,0,327.878,1,8.3165,0,-76.9917,19.9846,5,0.045,0.045,0.0357692
juelich_pilot_d30_r5_log_distance_s02_w1,juelich,12345,2,2,log-distance,33,34,veh1,veh6,5,5,0,288.692,1,8.3165,8.51465,-75.8864,21.0899,5,0.045,0.045,0.0357692
juelich_pilot_d30_r5_log_distance_s02_w1,juelich,12345,2,2,log-distance,33,34,veh1,veh9,5,5,0,167.949,1,8.3165,8.63114,-71.18,25.7963,5,0.045,0.045,0.0357692
juelich_pilot_d30_r5_log_distance_s02_w1,juelich,12345,2,2,log-distance,33,34,veh10,veh0,5,5,0,425.254,1,8.43104,9.67628,-79.2504,17.7259,5,0.045,0.05,0.0357692
juelich_pilot_d30_r5_log_distance_s02_w1,juelich,12345,2,2,log-distance,33,34,veh10,veh1,5,5,0,265.327,1,8.43104,8.3165,-75.1533,21.823,5,0.045,0.045,0.0357692
juelich_pilot_d30_r5_log_distance_s02_w1,juelich,12345,2,2,log-distance,33,34,veh10,veh11,5,5,0,225.003,1,8.43104,7.23421,-73.7214,23.2548,5,0.045,0.045,0.0357692
juelich_pilot_d30_r5_log_distance_s02_w1,juelich,12345,2,2,log-distance,33,34,veh10,veh12,5,5,0,410.373,1,8.43104,2.11791,-78.9413,18.035,5,0.045,0.04,0.0357692
juelich_pilot_d30_r5_log_distance_s02_w1,juelich,12345,2,2,log-distance,33,34,veh10,veh4,5,5,0,142.505,1,8.43104,0,-69.7535,27.2227,5,0.045,0.045,0.0357692
juelich_pilot_d30_r5_log_distance_s02_w1,juelich,12345,2,2,log-distance,33,34,veh10,veh5,5,0,1,947.306,0,8.43104,7.45488,nan,nan,0,0.045,0.02,0.0357692
juelich_pilot_d30_r5_log_distance_s02_w1,juelich,12345,2,2,log-distance,33,34,veh10,veh6,5,5,0,23.615,1,8.43104,8.51465,-54.1337,42.8426,5,0.045,0.045,0.0357692
juelich_pilot_d30_r5_log_distance_s02_w1,juelich,12345,2,2,log-distance,33,34,veh10,veh9,5,5,0,165.011,1,8.43104,8.63114,-71.028,25.9483,5,0.045,0.045,0.0357692
juelich_pilot_d30_r5_log_distance_s02_w1,juelich,12345,2,2,log-distance,33,34,veh11,veh0,5,5,0,519.101,0,7.23421,9.67628,-80.9827,15.9936,5,0.045,0.05,0.0357692
juelich_pilot_d30_r5_log_distance_s02_w1,juelich,12345,2,2,log-distance,33,34,veh11,veh1,5,5,0,45.6042,1,7.23421,8.3165,-59.8577,37.1186,5,0.045,0.045,0.0357692
juelich_pilot_d30_r5_log_distance_s02_w1,juelich,12345,2,2,log-distance,33,34,veh11,veh10,5,5,0,225.003,1,7.23421,8.43104,-73.7214,23.2548,5,0.045,0.045,0.0357692
juelich_pilot_d30_r5_log_distance_s02_w1,juelich,12345,2,2,log-distance,33,34,veh11,veh12,5,0,1,631.396,0,7.23421,2.11791,nan,nan,0,0.045,0.04,0.0357692
juelich_pilot_d30_r5_log_distance_s02_w1,juelich,12345,2,2,log-distance,33,34,veh11,veh4,5,5,0,282.277,1,7.23421,0,-75.691,21.2853,5,0.045,0.045,0.0357692
juelich_pilot_d30_r5_log_distance_s02_w1,juelich,12345,2,2,log-distance,33,34,veh11,veh5,5,0,1,973.263,0,7.23421,7.45488,nan,nan,0,0.045,0.02,0.0357692
juelich_pilot_d30_r5_log_distance_s02_w1,juelich,12345,2,2,log-distance,33,34,veh11,veh6,5,5,0,248.348,1,7.23421,8.51465,-74.5789,22.3974,5,0.045,0.045,0.0357692
juelich_pilot_d30_r5_log_distance_s02_w1,juelich,12345,2,2,log-distance,33,34,veh11,veh9,5,5,0,123.56,1,7.23421,8.63114,-68.5132,28.4631,5,0.045,0.045,0.0357692
juelich_pilot_d30_r5_log_distance_s02_w1,juelich,12345,2,2,log-distance,33,34,veh12,veh0,5,5,0,450.155,1,2.11791,9.67628,-79.7449,0.0130162,5,0.04,0.05,0.0357692
juelich_pilot_d30_r5_log_distance_s02_w1,juelich,12345,2,2,log-distance,33,34,veh12,veh1,5,0,1,673.951,0,2.11791,8.3165,nan,nan,0,0.04,0.045,0.0357692
juelich_pilot_d30_r5_log_distance_s02_w1,juelich,12345,2,2,log-distance,33,34,veh12,veh10,5,5,0,410.373,1,2.11791,8.43104,-78.9413,4.69238,5,0.04,0.045,0.0357692
juelich_pilot_d30_r5_log_distance_s02_w1,juelich,12345,2,2,log-distance,33,34,veh12,veh11,5,0,1,631.396,0,2.11791,7.23421,nan,nan,0,0.04,0.045,0.0357692
juelich_pilot_d30_r5_log_distance_s02_w1,juelich,12345,2,2,log-distance,33,34,veh12,veh4,5,5,0,382.563,1,2.11791,0,-78.3317,4.16891,5,0.04,0.045,0.0357692
juelich_pilot_d30_r5_log_distance_s02_w1,juelich,12345,2,2,log-distance,33,34,veh12,veh5,5,0,1,941.919,0,2.11791,7.45488,nan,nan,0,0.04,0.02,0.0357692
juelich_pilot_d30_r5_log_distance_s02_w1,juelich,12345,2,2,log-distance,33,34,veh12,veh6,5,5,0,387.365,1,2.11791,8.51465,-78.44,5.22432,5,0.04,0.045,0.0357692
juelich_pilot_d30_r5_log_distance_s02_w1,juelich,12345,2,2,log-distance,33,34,veh12,veh9,5,5,0,538.348,0,2.11791,8.63114,-81.299,1.42071,5,0.04,0.045,0.0357692
juelich_pilot_d30_r5_log_distance_s02_w1,juelich,12345,2,2,log-distance,33,34,veh2,veh3,5,5,0,37.689,1,0,7.36903,-58.2019,38.7744,5,0.02,0.02,0.0357692
juelich_pilot_d30_r5_log_distance_s02_w1,juelich,12345,2,2,log-distance,33,34,veh2,veh5,5,0,1,875.842,0,0,7.45488,nan,nan,0,0.02,0.02,0.0357692
juelich_pilot_d30_r5_log_distance_s02_w1,juelich,12345,2,2,log-distance,33,34,veh2,veh7,5,5,0,439.657,1,0,11.1667,-79.5397,17.4366,5,0.02,0.025,0.0357692
juelich_pilot_d30_r5_log_distance_s02_w1,juelich,12345,2,2,log-distance,33,34,veh2,veh8,5,5,0,357.469,1,0,7.10979,-77.7425,19.2338,5,0.02,0.02,0.0357692
juelich_pilot_d30_r5_log_distance_s02_w1,juelich,12345,2,2,log-distance,33,34,veh3,veh2,5,5,0,37.689,1,7.36903,0,-58.2019,38.7744,5,0.02,0.02,0.0357692
juelich_pilot_d30_r5_log_distance_s02_w1,juelich,12345,2,2,log-distance,33,34,veh3,veh5,5,0,1,840.056,0,7.36903,7.45488,nan,nan,0,0.02,0.02,0.0357692
juelich_pilot_d30_r5_log_distance_s02_w1,juelich,12345,2,2,log-distance,33,34,veh3,veh7,5,5,0,407.592,1,7.36903,11.1667,-78.8821,18.0942,5,0.02,0.025,0.0357692
juelich_pilot_d30_r5_log_distance_s02_w1,juelich,12345,2,2,log-distance,33,34,veh3,veh8,5,5,0,332.699,1,7.36903,7.10979,-77.1187,19.8576,5,0.02,0.02,0.0357692
juelich_pilot_d30_r5_log_distance_s02_w1,juelich,12345,2,2,log-distance,33,34,veh4,veh0,5,5,0,283.189,1,0,9.67628,-75.7191,21.2572,5,0.045,0.05,0.0357692
juelich_pilot_d30_r5_log_distance_s02_w1,juelich,12345,2,2,log-distance,33,34,veh4,veh1,5,5,0,327.878,1,0,8.3165,-76.9917,19.9846,5,0.045,0.045,0.0357692
juelich_pilot_d30_r5_log_distance_s02_w1,juelich,12345,2,2,log-distance,33,34,veh4,veh10,5,5,0,142.505,1,0,8.43104,-69.7535,27.2227,5,0.045,0.045,0.0357692
juelich_pilot_d30_r5_log_distance_s02_w1,juelich,12345,2,2,log-distance,33,34,veh4,veh11,5,5,0,282.277,1,0,7.23421,-75.691,21.2853,5,0.045,0.045,0.0357692
juelich_pilot_d30_r5_log_distance_s02_w1,juelich,12345,2,2,log-distance,33,34,veh4,veh12,5,5,0,382.563,1,0,2.11791,-78.3317,18.6445,5,0.045,0.04,0.0357692
juelich_pilot_d30_r5_log_distance_s02_w1,juelich,12345,2,2,log-distance,33,34,veh4,veh5,5,0,1,806.419,0,0,7.45488,nan,nan,0,0.045,0.02,0.0357692
juelich_pilot_d30_r5_log_distance_s02_w1,juelich,12345,2,2,log-distance,33,34,veh4,veh6,5,5,0,139.929,1,0,8.51465,-69.5955,27.3807,5,0.045,0.045,0.0357692
juelich_pilot_d30_r5_log_distance_s02_w1,juelich,12345,2,2,log-distance,33,34,veh4,veh7,5,0,1,967.692,0,0,11.1667,nan,nan,0,0.045,0.025,0.0357692
juelich_pilot_d30_r5_log_distance_s02_w1,juelich,12345,2,2,log-distance,33,34,veh4,veh9,5,5,0,166.986,1,0,8.63114,-71.1313,25.845,5,0.045,0.045,0.0357692
juelich_pilot_d30_r5_log_distance_s02_w1,juelich,12345,2,2,log-distance,33,34,veh5,veh0,5,0,1,537.486,0,7.45488,9.67628,nan,nan,0,0.02,0.05,0.0357692
juelich_pilot_d30_r5_log_distance_s02_w1,juelich,12345,2,2,log-distance,33,34,veh5,veh10,5,0,1,947.306,0,7.45488,8.43104,nan,nan,0,0.02,0.045,0.0357692
juelich_pilot_d30_r5_log_distance_s02_w1,juelich,12345,2,2,log-distance,33,34,veh5,veh11,5,0,1,973.263,0,7.45488,7.23421,nan,nan,0,0.02,0.045,0.0357692
juelich_pilot_d30_r5_log_distance_s02_w1,juelich,12345,2,2,log-distance,33,34,veh5,veh12,5,0,1,941.919,0,7.45488,2.11791,nan,nan,0,0.02,0.04,0.0357692
juelich_pilot_d30_r5_log_distance_s02_w1,juelich,12345,2,2,log-distance,33,34,veh5,veh2,5,0,1,875.842,0,7.45488,0,nan,nan,0,0.02,0.02,0.0357692
juelich_pilot_d30_r5_log_distance_s02_w1,juelich,12345,2,2,log-distance,33,34,veh5,veh3,5,0,1,840.056,0,7.45488,7.36903,nan,nan,0,0.02,0.02,0.0357692
juelich_pilot_d30_r5_log_distance_s02_w1,juelich,12345,2,2,log-distance,33,34,veh5,veh4,5,0,1,806.419,0,7.45488,0,nan,nan,0,0.02,0.045,0.0357692
juelich_pilot_d30_r5_log_distance_s02_w1,juelich,12345,2,2,log-distance,33,34,veh5,veh6,5,0,1,946.337,0,7.45488,8.51465,nan,nan,0,0.02,0.045,0.0357692
juelich_pilot_d30_r5_log_distance_s02_w1,juelich,12345,2,2,log-distance,33,34,veh5,veh7,5,0,1,456.994,1,7.45488,11.1667,nan,nan,0,0.02,0.025,0.0357692
juelich_pilot_d30_r5_log_distance_s02_w1,juelich,12345,2,2,log-distance,33,34,veh5,veh8,5,0,1,588.876,0,7.45488,7.10979,nan,nan,0,0.02,0.02,0.0357692
juelich_pilot_d30_r5_log_distance_s02_w1,juelich,12345,2,2,log-distance,33,34,veh5,veh9,5,0,1,869.431,0,7.45488,8.63114,nan,nan,0,0.02,0.045,0.0357692
juelich_pilot_d30_r5_log_distance_s02_w1,juelich,12345,2,2,log-distance,33,34,veh6,veh0,5,5,0,419.948,1,8.51465,9.67628,-79.1416,17.8347,5,0.045,0.05,0.0357692
juelich_pilot_d30_r5_log_distance_s02_w1,juelich,12345,2,2,log-distance,33,34,veh6,veh1,5,5,0,288.692,1,8.51465,8.3165,-75.8864,21.0899,5,0.045,0.045,0.0357692
juelich_pilot_d30_r5_log_distance_s02_w1,juelich,12345,2,2,log-distance,33,34,veh6,veh10,5,5,0,23.615,1,8.51465,8.43104,-54.1337,42.8426,5,0.045,0.045,0.0357692
juelich_pilot_d30_r5_log_distance_s02_w1,juelich,12345,2,2,log-distance,33,34,veh6,veh11,5,5,0,248.348,1,8.51465,7.23421,-74.5789,22.3974,5,0.045,0.045,0.0357692
juelich_pilot_d30_r5_log_distance_s02_w1,juelich,12345,2,2,log-distance,33,34,veh6,veh12,5,5,0,387.365,1,8.51465,2.11791,-78.44,18.5363,5,0.045,0.04,0.0357692
juelich_pilot_d30_r5_log_distance_s02_w1,juelich,12345,2,2,log-distance,33,34,veh6,veh4,5,5,0,139.929,1,8.51465,0,-69.5955,27.3807,5,0.045,0.045,0.0357692
juelich_pilot_d30_r5_log_distance_s02_w1,juelich,12345,2,2,log-distance,33,34,veh6,veh5,5,0,1,946.337,0,8.51465,7.45488,nan,nan,0,0.045,0.02,0.0357692
juelich_pilot_d30_r5_log_distance_s02_w1,juelich,12345,2,2,log-distance,33,34,veh6,veh9,5,5,0,184.538,1,8.51465,8.63114,-71.9994,24.9769,5,0.045,0.045,0.0357692
juelich_pilot_d30_r5_log_distance_s02_w1,juelich,12345,2,2,log-distance,33,34,veh7,veh0,5,0,1,783.833,0,11.1667,9.67628,nan,nan,0,0.025,0.05,0.0357692
juelich_pilot_d30_r5_log_distance_s02_w1,juelich,12345,2,2,log-distance,33,34,veh7,veh2,5,5,0,439.657,1,11.1667,0,-79.5397,17.4366,5,0.025,0.02,0.0357692
juelich_pilot_d30_r5_log_distance_s02_w1,juelich,12345,2,2,log-distance,33,34,veh7,veh3,5,5,0,407.592,1,11.1667,7.36903,-78.8821,18.0942,5,0.025,0.02,0.0357692
juelich_pilot_d30_r5_log_distance_s02_w1,juelich,12345,2,2,log-distance,33,34,veh7,veh4,5,0,1,967.692,0,11.1667,0,nan,nan,0,0.025,0.045,0.0357692
juelich_pilot_d30_r5_log_distance_s02_w1,juelich,12345,2,2,log-distance,33,34,veh7,veh5,5,5,0,456.994,1,11.1667,7.45488,-79.8754,17.1009,5,0.025,0.02,0.0357692
juelich_pilot_d30_r5_log_distance_s02_w1,juelich,12345,2,2,log-distance,33,34,veh7,veh8,5,5,0,139.258,1,11.1667,7.10979,-69.549,27.4273,5,0.025,0.02,0.0357692
juelich_pilot_d30_r5_log_distance_s02_w1,juelich,12345,2,2,log-distance,33,34,veh7,veh9,5,0,1,949.382,0,11.1667,8.63114,nan,nan,0,0.025,0.045,0.0357692
juelich_pilot_d30_r5_log_distance_s02_w1,juelich,12345,2,2,log-distance,33,34,veh8,veh0,5,0,1,855.851,0,7.10979,9.67628,nan,nan,0,0.02,0.05,0.0357692
juelich_pilot_d30_r5_log_distance_s02_w1,juelich,12345,2,2,log-distance,33,34,veh8,veh2,5,5,0,357.469,1,7.10979,0,-77.7425,7.48336,5,0.02,0.02,0.0357692
juelich_pilot_d30_r5_log_distance_s02_w1,juelich,12345,2,2,log-distance,33,34,veh8,veh3,5,5,0,332.699,1,7.10979,7.36903,-77.1187,7.76804,5,0.02,0.02,0.0357692
juelich_pilot_d30_r5_log_distance_s02_w1,juelich,12345,2,2,log-distance,33,34,veh8,veh5,5,0,1,588.876,0,7.10979,7.45488,nan,nan,0,0.02,0.02,0.0357692
juelich_pilot_d30_r5_log_distance_s02_w1,juelich,12345,2,2,log-distance,33,34,veh8,veh7,5,5,0,139.258,1,7.10979,11.1667,-69.549,10.2425,5,0.02,0.025,0.0357692
juelich_pilot_d30_r5_log_distance_s02_w1,juelich,12345,2,2,log-distance,33,34,veh8,veh9,5,0,1,966.087,0,7.10979,8.63114,nan,nan,0,0.02,0.045,0.0357692
juelich_pilot_d30_r5_log_distance_s02_w1,juelich,12345,2,2,log-distance,33,34,veh9,veh0,5,5,0,396.923,1,8.63114,9.67628,-78.6515,18.3248,5,0.045,0.05,0.0357692
juelich_pilot_d30_r5_log_distance_s02_w1,juelich,12345,2,2,log-distance,33,34,veh9,veh1,5,5,0,167.949,1,8.63114,8.3165,-71.18,25.7963,5,0.045,0.045,0.0357692
juelich_pilot_d30_r5_log_distance_s02_w1,juelich,12345,2,2,log-distance,33,34,veh9,veh10,5,5,0,165.011,1,8.63114,8.43104,-71.028,25.9483,5,0.045,0.045,0.0357692
juelich_pilot_d30_r5_log_distance_s02_w1,juelich,12345,2,2,log-distance,33,34,veh9,veh11,5,5,0,123.56,1,8.63114,7.23421,-68.5132,28.4631,5,0.045,0.045,0.0357692
juelich_pilot_d30_r5_log_distance_s02_w1,juelich,12345,2,2,log-distance,33,34,veh9,veh12,5,5,0,538.348,0,8.63114,2.11791,-81.299,15.6773,5,0.045,0.04,0.0357692
juelich_pilot_d30_r5_log_distance_s02_w1,juelich,12345,2,2,log-distance,33,34,veh9,veh4,5,5,0,166.986,1,8.63114,0,-71.1313,25.845,5,0.045,0.045,0.0357692
juelich_pilot_d30_r5_log_distance_s02_w1,juelich,12345,2,2,log-distance,33,34,veh9,veh5,5,0,1,869.431,0,8.63114,7.45488,nan,nan,0,0.045,0.02,0.0357692
juelich_pilot_d30_r5_log_distance_s02_w1,juelich,12345,2,2,log-distance,33,34,veh9,veh6,5,5,0,184.538,1,8.63114,8.51465,-71.9994,24.9769,5,0.045,0.045,0.0357692
juelich_pilot_d30_r5_log_distance_s02_w1,juelich,12345,2,2,log-distance,33,34,veh9,veh7,5,0,1,949.382,0,8.63114,11.1667,nan,nan,0,0.045,0.025,0.0357692
juelich_pilot_d30_r5_log_distance_s02_w1,juelich,12345,2,2,log-distance,33,34,veh9,veh8,5,0,1,966.087,0,8.63114,7.10979,nan,nan,0,0.045,0.02,0.0357692
juelich_pilot_d30_r5_log_distance_s02_w1,juelich,12345,2,2,log-distance,34,35,veh0,veh1,5,5,0,562.465,0,11.3391,8.35875,-81.6796,15.2967,5,0.05,0.045,0.0357692
juelich_pilot_d30_r5_log_distance_s02_w1,juelich,12345,2,2,log-distance,34,35,veh0,veh10,5,5,0,435.067,1,11.3391,8.17333,-79.4488,17.5275,5,0.05,0.045,0.0357692
juelich_pilot_d30_r5_log_distance_s02_w1,juelich,12345,2,2,log-distance,34,35,veh0,veh11,5,5,0,521.16,0,11.3391,7.3313,-81.0171,15.9592,5,0.05,0.045,0.0357692
juelich_pilot_d30_r5_log_distance_s02_w1,juelich,12345,2,2,log-distance,34,35,veh0,veh12,5,5,0,449.241,1,11.3391,4.02946,-79.7273,17.249,5,0.05,0.04,0.0357692
juelich_pilot_d30_r5_log_distance_s02_w1,juelich,12345,2,2,log-distance,34,35,veh0,veh4,5,5,0,289.133,1,11.3391,0,-75.8995,21.0768,5,0.05,0.045,0.0357692
juelich_pilot_d30_r5_log_distance_s02_w1,juelich,12345,2,2,log-distance,34,35,veh0,veh5,5,5,0,542.224,0,11.3391,7.02052,-81.3612,15.615,5,0.05,0.02,0.0357692
juelich_pilot_d30_r5_log_distance_s02_w1,juelich,12345,2,2,log-distance,34,35,veh0,veh6,5,5,0,419.711,1,11.3391,8.497,-79.1367,17.8396,5,0.05,0.045,0.0357692
juelich_pilot_d30_r5_log_distance_s02_w1,juelich,12345,2,2,log-distance,34,35,veh0,veh7,5,0,1,777.033,0,11.3391,11.1806,nan,nan,0,0.05,0.025,0.0357692
juelich_pilot_d30_r5_log_distance_s02_w1,juelich,12345,2,2,log-distance,34,35,veh0,veh8,5,0,1,860.734,0,11.3391,7.1029,nan,nan,0,0.05,0.02,0.0357692
juelich_pilot_d30_r5_log_distance_s02_w1,juelich,12345,2,2,log-distance,34,35,veh0,veh9,5,5,0,409.308,1,11.3391,8.63373,-78.9184,18.0579,5,0.05,0.045,0.0357692
juelich_pilot_d30_r5_log_distance_s02_w1,juelich,12345,2,2,log-distance,34,35,veh1,veh0,5,5,0,562.465,0,8.35875,11.3391,-81.6796,15.2967,5,0.045,0.05,0.0357692
juelich_pilot_d30_r5_log_distance_s02_w1,juelich,12345,2,2,log-distance,34,35,veh1,veh10,5,5,0,263.306,1,8.35875,8.17333,-75.0869,21.8894,5,0.045,0.045,0.0357692
juelich_pilot_d30_r5_log_distance_s02_w1,juelich,12345,2,2,log-distance,34,35,veh1,veh11,5,5,0,44.6402,1,8.35875,7.3313,-59.672,37.3042,5,0.045,0.045,0.0357692
juelich_pilot_d30_r5_log_distance_s02_w1,juelich,12345,2,2,log-distance,34,35,veh1,veh12,5,0,1,668.152,0,8.35875,4.02946,nan,nan,0,0.045,0.04,0.0357692
juelich_pilot_d30_r5_log_distance_s02_w1,juelich,12345,2,2,log-distance,34,35,veh1,veh4,5,5,0,319.604,1,8.35875,0,-76.7697,20.2066,5,0.045,0.045,0.0357692
juelich_pilot_d30_r5_log_distance_s02_w1,juelich,12345,2,2,log-distance,34,35,veh1,veh6,5,5,0,289.057,1,8.35875,8.497,-75.8974,21.0789,5,0.045,0.045,0.0357692
juelich_pilot_d30_r5_log_distance_s02_w1,juelich,12345,2,2,log-distance,34,35,veh1,veh9,5,5,0,158.036,1,8.35875,8.63373,-70.6515,26.3248,5,0.045,0.045,0.0357692
juelich_pilot_d30_r5_log_distance_s02_w1,juelich,12345,2,2,log-distance,34,35,veh10,veh0,5,5,0,435.067,1,8.17333,11.3391,-79.4488,17.5275,5,0.045,0.05,0.0357692
juelich_pilot_d30_r5_log_distance_s02_w1,juelich,12345,2,2,log-distance,34,35,veh10,veh1,5,5,0,263.306,1,8.17333,8.35875,-75.0869,21.8894,5,0.045,0.045,0.0357692
juelich_pilot_d30_r5_log_distance_s02_w1,juelich,12345,2,2,log-distance,34,35,veh10,veh11,5,5,0,224.47,1,8.17333,7.3313,-73.7009,23.2754,5,0.045,0.045,0.0357692
juelich_pilot_d30_r5_log_distance_s02_w1,juelich,12345,2,2,log-distance,34,35,veh10,veh12,5,5,0,407.842,1,8.17333,4.02946,-78.8875,18.0888,5,0.045,0.04,0.0357692
juelich_pilot_d30_r5_log_distance_s02_w1,juelich,12345,2,2,log-distance,34,35,veh10,veh4,5,5,0,147.332,1,8.17333,0,-70.0436,26.9327,5,0.045,0.045,0.0357692
juelich_pilot_d30_r5_log_distance_s02_w1,juelich,12345,2,2,log-distance,34,35,veh10,veh5,5,0,1,958.921,0,8.17333,7.02052,nan,nan,0,0.045,0.02,0.0357692
juelich_pilot_d30_r5_log_distance_s02_w1,juelich,12345,2,2,log-distance,34,35,veh10,veh6,5,5,0,27.4709,1,8.17333,8.497,-55.4515,41.5248,5,0.045,0.045,0.0357692
juelich_pilot_d30_r5_log_distance_s02_w1,juelich,12345,2,2,log-distance,34,35,veh10,veh9,5,5,0,165.146,1,8.17333,8.63373,-71.0351,25.9412,5,0.045,0.045,0.0357692
juelich_pilot_d30_r5_log_distance_s02_w1,juelich,12345,2,2,log-distance,34,35,veh11,veh0,5,5,0,521.16,0,7.3313,11.3391,-81.0171,15.9592,5,0.045,0.05,0.0357692
juelich_pilot_d30_r5_log_distance_s02_w1,juelich,12345,2,2,log-distance,34,35,veh11,veh1,5,5,0,44.6402,1,7.3313,8.35875,-59.672,37.3042,5,0.045,0.045,0.0357692
juelich_pilot_d30_r5_log_distance_s02_w1,juelich,12345,2,2,log-distance,34,35,veh11,veh10,5,5,0,224.47,1,7.3313,8.17333,-73.7009,23.2754,5,0.045,0.045,0.0357692
juelich_pilot_d30_r5_log_distance_s02_w1,juelich,12345,2,2,log-distance,34,35,veh11,veh12,5,0,1,626.48,0,7.3313,4.02946,nan,nan,0,0.045,0.04,0.0357692
juelich_pilot_d30_r5_log_distance_s02_w1,juelich,12345,2,2,log-distance,34,35,veh11,veh4,5,5,0,274.964,1,7.3313,0,-75.463,21.5133,5,0.045,0.045,0.0357692
juelich_pilot_d30_r5_log_distance_s02_w1,juelich,12345,2,2,log-distance,34,35,veh11,veh5,5,0,1,973.249,0,7.3313,7.02052,nan,nan,0,0.045,0.02,0.0357692
juelich_pilot_d30_r5_log_distance_s02_w1,juelich,12345,2,2,log-distance,34,35,veh11,veh6,5,5,0,249.355,1,7.3313,8.497,-74.6141,22.3622,5,0.045,0.045,0.0357692
juelich_pilot_d30_r5_log_distance_s02_w1,juelich,12345,2,2,log-distance,34,35,veh11,veh7,2,0,1,997.433,0,7.33572,11.2025,nan,nan,0,0.045,0.025,0.0357692
juelich_pilot_d30_r5_log_distance_s02_w1,juelich,12345,2,2,log-distance,34,35,veh11,veh9,5,5,0,114.213,1,7.3313,8.63373,-67.8297,29.1466,5,0.045,0.045,0.0357692
juelich_pilot_d30_r5_log_distance_s02_w1,juelich,12345,2,2,log-distance,34,35,veh12,veh0,5,5,0,449.241,1,4.02946,11.3391,-79.7273,0.0979746,5,0.04,0.05,0.0357692
juelich_pilot_d30_r5_log_distance_s02_w1,juelich,12345,2,2,log-distance,34,35,veh12,veh1,5,0,1,668.152,0,4.02946,8.35875,nan,nan,0,0.04,0.045,0.0357692
juelich_pilot_d30_r5_log_distance_s02_w1,juelich,12345,2,2,log-distance,34,35,veh12,veh10,5,5,0,407.842,1,4.02946,8.17333,-78.8875,4.81893,5,0.04,0.045,0.0357692
juelich_pilot_d30_r5_log_distance_s02_w1,juelich,12345,2,2,log-distance,34,35,veh12,veh11,5,0,1,626.48,0,4.02946,7.3313,nan,nan,0,0.04,0.045,0.0357692
juelich_pilot_d30_r5_log_distance_s02_w1,juelich,12345,2,2,log-distance,34,35,veh12,veh4,5,5,0,385.067,1,4.02946,0,-78.3884,4.14286,5,0.04,0.045,0.0357692
juelich_pilot_d30_r5_log_distance_s02_w1,juelich,12345,2,2,log-distance,34,35,veh12,veh5,5,0,1,952.147,0,4.02946,7.02052,nan,nan,0,0.04,0.02,0.0357692
juelich_pilot_d30_r5_log_distance_s02_w1,juelich,12345,2,2,log-distance,34,35,veh12,veh6,5,5,0,380.873,1,4.02946,8.497,-78.2932,5.37456,5,0.04,0.045,0.0357692
juelich_pilot_d30_r5_log_distance_s02_w1,juelich,12345,2,2,log-distance,34,35,veh12,veh9,5,5,0,536.469,0,4.02946,8.63373,-81.2686,1.53468,5,0.04,0.045,0.0357692
juelich_pilot_d30_r5_log_distance_s02_w1,juelich,12345,2,2,log-distance,34,35,veh2,veh3,5,5,0,38.8909,1,0,8.00583,-58.4706,38.5057,5,0.02,0.02,0.0357692
juelich_pilot_d30_r5_log_distance_s02_w1,juelich,12345,2,2,log-distance,34,35,veh2,veh5,5,0,1,870.162,0,0,7.02052,nan,nan,0,0.02,0.02,0.0357692
juelich_pilot_d30_r5_log_distance_s02_w1,juelich,12345,2,2,log-distance,34,35,veh2,veh7,5,5,0,451.142,1,0,11.1806,-79.7638,17.2125,5,0.02,0.025,0.0357692
juelich_pilot_d30_r5_log_distance_s02_w1,juelich,12345,2,2,log-distance,34,35,veh2,veh8,5,5,0,359.174,1,0,7.1029,-77.7838,19.1925,5,0.02,0.02,0.0357692
juelich_pilot_d30_r5_log_distance_s02_w1,juelich,12345,2,2,log-distance,34,35,veh3,veh2,5,5,0,38.8909,1,8.00583,0,-58.4706,38.5057,5,0.02,0.02,0.0357692
juelich_pilot_d30_r5_log_distance_s02_w1,juelich,12345,2,2,log-distance,34,35,veh3,veh5,5,0,1,831.607,0,8.00583,7.02052,nan,nan,0,0.02,0.02,0.0357692
juelich_pilot_d30_r5_log_distance_s02_w1,juelich,12345,2,2,log-distance,34,35,veh3,veh7,5,5,0,414.769,1,8.00583,11.1806,-79.0338,17.9425,5,0.02,0.025,0.0357692
juelich_pilot_d30_r5_log_distance_s02_w1,juelich,12345,2,2,log-distance,34,35,veh3,veh8,5,5,0,329.023,1,8.00583,7.1029,-77.0221,19.9542,5,0.02,0.02,0.0357692
juelich_pilot_d30_r5_log_distance_s02_w1,juelich,12345,2,2,log-distance,34,35,veh4,veh0,5,5,0,289.133,1,0,11.3391,-75.8995,21.0768,5,0.045,0.05,0.0357692
juelich_pilot_d30_r5_log_distance_s02_w1,juelich,12345,2,2,log-distance,34,35,veh4,veh1,5,5,0,319.604,1,0,8.35875,-76.7697,20.2066,5,0.045,0.045,0.0357692
juelich_pilot_d30_r5_log_distance_s02_w1,juelich,12345,2,2,log-distance,34,35,veh4,veh10,5,5,0,147.332,1,0,8.17333,-70.0436,26.9327,5,0.045,0.045,0.0357692
juelich_pilot_d30_r5_log_distance_s02_w1,juelich,12345,2,2,log-distance,34,35,veh4,veh11,5,5,0,274.964,1,0,7.3313,-75.463,21.5133,5,0.045,0.045,0.0357692
juelich_pilot_d30_r5_log_distance_s02_w1,juelich,12345,2,2,log-distance,34,35,veh4,veh12,5,5,0,385.067,1,0,4.02946,-78.3884,18.5879,5,0.045,0.04,0.0357692
juelich_pilot_d30_r5_log_distance_s02_w1,juelich,12345,2,2,log-distance,34,35,veh4,veh5,5,0,1,812.577,0,0,7.02052,nan,nan,0,0.045,0.02,0.0357692
juelich_pilot_d30_r5_log_distance_s02_w1,juelich,12345,2,2,log-distance,34,35,veh4,veh6,5,5,0,136.072,1,0,8.497,-69.3528,27.6235,5,0.045,0.045,0.0357692
juelich_pilot_d30_r5_log_distance_s02_w1,juelich,12345,2,2,log-distance,34,35,veh4,veh7,5,0,1,958.005,0,0,11.1806,nan,nan,0,0.045,0.025,0.0357692
juelich_pilot_d30_r5_log_distance_s02_w1,juelich,12345,2,2,log-distance,34,35,veh4,veh9,5,5,0,165.573,1,0,8.63373,-71.0575,25.9188,5,0.045,0.045,0.0357692
juelich_pilot_d30_r5_log_distance_s02_w1,juelich,12345,2,2,log-distance,34,35,veh5,veh0,5,0,1,542.224,0,7.02052,11.3391,nan,nan,0,0.02,0.05,0.0357692
juelich_pilot_d30_r5_log_distance_s02_w1,juelich,12345,2,2,log-distance,34,35,veh5,veh10,5,0,1,958.921,0,7.02052,8.17333,nan,nan,0,0.02,0.045,0.0357692
juelich_pilot_d30_r5_log_distance_s02_w1,juelich,12345,2,2,log-distance,34,35,veh5,veh11,5,0,1,973.249,0,7.02052,7.3313,nan,nan,0,0.02,0.045,0.0357692
juelich_pilot_d30_r5_log_distance_s02_w1,juelich,12345,2,2,log-distance,34,35,veh5,veh12,5,0,1,952.147,0,7.02052,4.02946,nan,nan,0,0.02,0.04,0.0357692
juelich_pilot_d30_r5_log_distance_s02_w1,juelich,12345,2,2,log-distance,34,35,veh5,veh2,5,0,1,870.162,0,7.02052,0,nan,nan,0,0.02,0.02,0.0357692
juelich_pilot_d30_r5_log_distance_s02_w1,juelich,12345,2,2,log-distance,34,35,veh5,veh3,5,0,1,831.607,0,7.02052,8.00583,nan,nan,0,0.02,0.02,0.0357692
juelich_pilot_d30_r5_log_distance_s02_w1,juelich,12345,2,2,log-distance,34,35,veh5,veh4,5,0,1,812.577,0,7.02052,0,nan,nan,0,0.02,0.045,0.0357692
juelich_pilot_d30_r5_log_distance_s02_w1,juelich,12345,2,2,log-distance,34,35,veh5,veh6,5,0,1,948.481,0,7.02052,8.497,nan,nan,0,0.02,0.045,0.0357692
juelich_pilot_d30_r5_log_distance_s02_w1,juelich,12345,2,2,log-distance,34,35,veh5,veh7,5,0,1,441.994,1,7.02052,11.1806,nan,nan,0,0.02,0.025,0.0357692
juelich_pilot_d30_r5_log_distance_s02_w1,juelich,12345,2,2,log-distance,34,35,veh5,veh8,5,0,1,588.758,0,7.02052,7.1029,nan,nan,0,0.02,0.02,0.0357692
juelich_pilot_d30_r5_log_distance_s02_w1,juelich,12345,2,2,log-distance,34,35,veh5,veh9,5,0,1,881.581,0,7.02052,8.63373,nan,nan,0,0.02,0.045,0.0357692
juelich_pilot_d30_r5_log_distance_s02_w1,juelich,12345,2,2,log-distance,34,35,veh6,veh0,5,5,0,419.711,1,8.497,11.3391,-79.1367,17.8396,5,0.045,0.05,0.0357692
juelich_pilot_d30_r5_log_distance_s02_w1,juelich,12345,2,2,log-distance,34,35,veh6,veh1,5,5,0,289.057,1,8.497,8.35875,-75.8974,21.0789,5,0.045,0.045,0.0357692
juelich_pilot_d30_r5_log_distance_s02_w1,juelich,12345,2,2,log-distance,34,35,veh6,veh10,5,5,0,27.4709,1,8.497,8.17333,-55.4515,41.5248,5,0.045,0.045,0.0357692
juelich_pilot_d30_r5_log_distance_s02_w1,juelich,12345,2,2,log-distance,34,35,veh6,veh11,5,5,0,249.355,1,8.497,7.3313,-74.6141,22.3622,5,0.045,0.045,0.0357692
juelich_pilot_d30_r5_log_distance_s02_w1,juelich,12345,2,2,log-distance,34,35,veh6,veh12,5,5,0,380.873,1,8.497,4.02946,-78.2932,18.6831,5,0.045,0.04,0.0357692
juelich_pilot_d30_r5_log_distance_s02_w1,juelich,12345,2,2,log-distance,34,35,veh6,veh4,5,5,0,136.072,1,8.497,0,-69.3528,27.6235,5,0.045,0.045,0.0357692
juelich_pilot_d30_r5_log_distance_s02_w1,juelich,12345,2,2,log-distance,34,35,veh6,veh5,5,0,1,948.481,0,8.497,7.02052,nan,nan,0,0.045,0.02,0.0357692
juelich_pilot_d30_r5_log_distance_s02_w1,juelich,12345,2,2,log-distance,34,35,veh6,veh9,5,5,0,182.091,1,8.497,8.63373,-71.8834,25.0929,5,0.045,0.045,0.0357692
juelich_pilot_d30_r5_log_distance_s02_w1,juelich,12345,2,2,log-distance,34,35,veh7,veh0,5,0,1,777.033,0,11.1806,11.3391,nan,nan,0,0.025,0.05,0.0357692
juelich_pilot_d30_r5_log_distance_s02_w1,juelich,12345,2,2,log-distance,34,35,veh7,veh11,2,0,1,997.433,0,11.2025,7.33572,nan,nan,0,0.025,0.045,0.0357692
juelich_pilot_d30_r5_log_distance_s02_w1,juelich,12345,2,2,log-distance,34,35,veh7,veh2,5,5,0,451.142,1,11.1806,0,-79.7638,17.2125,5,0.025,0.02,0.0357692
juelich_pilot_d30_r5_log_distance_s02_w1,juelich,12345,2,2,log-distance,34,35,veh7,veh3,5,5,0,414.769,1,11.1806,8.00583,-79.0338,17.9425,5,0.025,0.02,0.0357692
juelich_pilot_d30_r5_log_distance_s02_w1,juelich,12345,2,2,log-distance,34,35,veh7,veh4,5,0,1,958.005,0,11.1806,0,nan,nan,0,0.025,0.045,0.0357692
juelich_pilot_d30_r5_log_distance_s02_w1,juelich,12345,2,2,log-distance,34,35,veh7,veh5,5,5,0,441.994,1,11.1806,7.02052,-79.5857,17.3906,5,0.025,0.02,0.0357692
juelich_pilot_d30_r5_log_distance_s02_w1,juelich,12345,2,2,log-distance,34,35,veh7,veh8,5,5,0,152.817,1,11.1806,7.1029,-70.3589,26.6174,5,0.025,0.02,0.0357692
juelich_pilot_d30_r5_log_distance_s02_w1,juelich,12345,2,2,log-distance,34,35,veh7,veh9,5,0,1,949.414,0,11.1806,8.63373,nan,nan,0,0.025,0.045,0.0357692
juelich_pilot_d30_r5_log_distance_s02_w1,juelich,12345,2,2,log-distance,34,35,veh8,veh0,5,0,1,860.734,0,7.1029,11.3391,nan,nan,0,0.02,0.05,0.0357692
juelich_pilot_d30_r5_log_distance_s02_w1,juelich,12345,2,2,log-distance,34,35,veh8,veh2,5,5,0,359.174,1,7.1029,0,-77.7838,7.38927,5,0.02,0.02,0.0357692
juelich_pilot_d30_r5_log_distance_s02_w1,juelich,12345,2,2,log-distance,34,35,veh8,veh3,5,5,0,329.023,1,7.1029,8.00583,-77.0221,7.78216,5,0.02,0.02,0.0357692
juelich_pilot_d30_r5_log_distance_s02_w1,juelich,12345,2,2,log-distance,34,35,veh8,veh5,5,0,1,588.758,0,7.1029,7.02052,nan,nan,0,0.02,0.02,0.0357692
juelich_pilot_d30_r5_log_distance_s02_w1,juelich,12345,2,2,log-distance,34,35,veh8,veh7,5,5,0,152.817,1,7.1029,11.1806,-70.3589,9.14826,5,0.02,0.025,0.0357692
juelich_pilot_d30_r5_log_distance_s02_w1,juelich,12345,2,2,log-distance,34,35,veh8,veh9,5,0,1,971.187,0,7.1029,8.63373,nan,nan,0,0.02,0.045,0.0357692
juelich_pilot_d30_r5_log_distance_s02_w1,juelich,12345,2,2,log-distance,34,35,veh9,veh0,5,5,0,409.308,1,8.63373,11.3391,-78.9184,18.0579,5,0.045,0.05,0.0357692
juelich_pilot_d30_r5_log_distance_s02_w1,juelich,12345,2,2,log-distance,34,35,veh9,veh1,5,5,0,158.036,1,8.63373,8.35875,-70.6515,26.3248,5,0.045,0.045,0.0357692
juelich_pilot_d30_r5_log_distance_s02_w1,juelich,12345,2,2,log-distance,34,35,veh9,veh10,5,5,0,165.146,1,8.63373,8.17333,-71.0351,25.9412,5,0.045,0.045,0.0357692
juelich_pilot_d30_r5_log_distance_s02_w1,juelich,12345,2,2,log-distance,34,35,veh9,veh11,5,5,0,114.213,1,8.63373,7.3313,-67.8297,29.1466,5,0.045,0.045,0.0357692
juelich_pilot_d30_r5_log_distance_s02_w1,juelich,12345,2,2,log-distance,34,35,veh9,veh12,5,5,0,536.469,0,8.63373,4.02946,-81.2686,15.7077,5,0.045,0.04,0.0357692
juelich_pilot_d30_r5_log_distance_s02_w1,juelich,12345,2,2,log-distance,34,35,veh9,veh4,5,5,0,165.573,1,8.63373,0,-71.0575,25.9188,5,0.045,0.045,0.0357692
juelich_pilot_d30_r5_log_distance_s02_w1,juelich,12345,2,2,log-distance,34,35,veh9,veh5,5,0,1,881.581,0,8.63373,7.02052,nan,nan,0,0.045,0.02,0.0357692
juelich_pilot_d30_r5_log_distance_s02_w1,juelich,12345,2,2,log-distance,34,35,veh9,veh6,5,5,0,182.091,1,8.63373,8.497,-71.8834,25.0929,5,0.045,0.045,0.0357692
juelich_pilot_d30_r5_log_distance_s02_w1,juelich,12345,2,2,log-distance,34,35,veh9,veh7,5,0,1,949.414,0,8.63373,11.1806,nan,nan,0,0.045,0.025,0.0357692
juelich_pilot_d30_r5_log_distance_s02_w1,juelich,12345,2,2,log-distance,34,35,veh9,veh8,5,0,1,971.187,0,8.63373,7.1029,nan,nan,0,0.045,0.02,0.0357692
juelich_pilot_d30_r5_log_distance_s02_w1,juelich,12345,2,2,log-distance,35,36,veh0,veh1,5,5,0,565.575,0,13.1554,8.3495,-81.7275,15.2488,5,0.05,0.041,0.0373175
juelich_pilot_d30_r5_log_distance_s02_w1,juelich,12345,2,2,log-distance,35,36,veh0,veh10,5,5,0,439.657,1,13.1554,8.32986,-79.5399,17.4363,5,0.05,0.041,0.0373175
juelich_pilot_d30_r5_log_distance_s02_w1,juelich,12345,2,2,log-distance,35,36,veh0,veh11,5,5,0,525.117,0,13.1554,7.34142,-81.0828,15.8935,5,0.05,0.041,0.0373175
juelich_pilot_d30_r5_log_distance_s02_w1,juelich,12345,2,2,log-distance,35,36,veh0,veh12,5,5,0,450.403,1,13.1554,5.82489,-79.7497,17.2266,5,0.05,0.04,0.0373175
juelich_pilot_d30_r5_log_distance_s02_w1,juelich,12345,2,2,log-distance,35,36,veh0,veh13,4,4,0,72.1759,1,13.3072,0.942713,-63.8431,33.1332,4,0.05,0.0444444,0.0373175
juelich_pilot_d30_r5_log_distance_s02_w1,juelich,12345,2,2,log-distance,35,36,veh0,veh4,5,5,0,296.993,1,13.1554,0,-76.1323,20.844,5,0.05,0.045,0.0373175
juelich_pilot_d30_r5_log_distance_s02_w1,juelich,12345,2,2,log-distance,35,36,veh0,veh5,5,5,0,545.295,0,13.1554,7.46027,-81.4103,15.566,5,0.05,0.033,0.0373175
juelich_pilot_d30_r5_log_distance_s02_w1,juelich,12345,2,2,log-distance,35,36,veh0,veh6,5,5,0,421.023,1,13.1554,8.52257,-79.1638,17.8125,5,0.05,0.041,0.0373175
juelich_pilot_d30_r5_log_distance_s02_w1,juelich,12345,2,2,log-distance,35,36,veh0,veh7,5,0,1,770.175,0,13.1554,11.1756,nan,nan,0,0.05,0.033,0.0373175
juelich_pilot_d30_r5_log_distance_s02_w1,juelich,12345,2,2,log-distance,35,36,veh0,veh8,5,0,1,866.343,0,13.1554,7.10897,nan,nan,0,0.05,0.028,0.0373175
juelich_pilot_d30_r5_log_distance_s02_w1,juelich,12345,2,2,log-distance,35,36,veh0,veh9,5,5,0,423.479,1,13.1554,7.72857,-79.2139,17.7624,5,0.05,0.041,0.0373175
juelich_pilot_d30_r5_log_distance_s02_w1,juelich,12345,2,2,log-distance,35,36,veh1,veh0,5,5,0,565.575,0,8.3495,13.1554,-81.7275,15.2488,5,0.041,0.05,0.0373175
juelich_pilot_d30_r5_log_distance_s02_w1,juelich,12345,2,2,log-distance,35,36,veh1,veh10,5,5,0,263.536,1,8.3495,8.32986,-75.0945,21.8818,5,0.041,0.041,0.0373175
juelich_pilot_d30_r5_log_distance_s02_w1,juelich,12345,2,2,log-distance,35,36,veh1,veh11,5,5,0,43.6343,1,8.3495,7.34142,-59.4741,37.5022,5,0.041,0.041,0.0373175
juelich_pilot_d30_r5_log_distance_s02_w1,juelich,12345,2,2,log-distance,35,36,veh1,veh12,5,0,1,663.249,0,8.3495,5.82489,nan,nan,0,0.041,0.04,0.0373175
juelich_pilot_d30_r5_log_distance_s02_w1,juelich,12345,2,2,log-distance,35,36,veh1,veh13,4,4,0,511.115,0,8.34201,0.942713,-80.848,16.1283,4,0.041,0.0444444,0.0373175
juelich_pilot_d30_r5_log_distance_s02_w1,juelich,12345,2,2,log-distance,35,36,veh1,veh4,5,5,0,311.257,1,8.3495,0,-76.5398,20.4364,5,0.041,0.045,0.0373175
juelich_pilot_d30_r5_log_distance_s02_w1,juelich,12345,2,2,log-distance,35,36,veh1,veh5,1,0,1,999.877,0,8.29202,7.50459,nan,nan,0,0.041,0.033,0.0373175
juelich_pilot_d30_r5_log_distance_s02_w1,juelich,12345,2,2,log-distance,35,36,veh1,veh6,5,5,0,289.205,1,8.3495,8.52257,-75.9018,21.0745,5,0.041,0.041,0.0373175
juelich_pilot_d30_r5_log_distance_s02_w1,juelich,12345,2,2,log-distance,35,36,veh1,veh7,1,0,1,998.591,0,8.29202,11.2136,nan,nan,0,0.041,0.033,0.0373175
juelich_pilot_d30_r5_log_distance_s02_w1,juelich,12345,2,2,log-distance,35,36,veh1,veh9,5,5,0,148.497,1,8.3495,7.72857,-70.1107,26.8656,5,0.041,0.041,0.0373175
juelich_pilot_d30_r5_log_distance_s02_w1,juelich,12345,2,2,log-distance,35,36,veh10,veh0,5,5,0,439.657,1,8.32986,13.1554,-79.5399,17.4363,5,0.041,0.05,0.0373175
juelich_pilot_d30_r5_log_distance_s02_w1,juelich,12345,2,2,log-distance,35,36,veh10,veh1,5,5,0,263.536,1,8.32986,8.3495,-75.0945,21.8818,5,0.041,0.041,0.0373175
juelich_pilot_d30_r5_log_distance_s02_w1,juelich,12345,2,2,log-distance,35,36,veh10,veh11,5,5,0,225.827,1,8.32986,7.34142,-73.7532,23.2231,5,0.041,0.041,0.0373175
juelich_pilot_d30_r5_log_distance_s02_w1,juelich,12345,2,2,log-distance,35,36,veh10,veh12,5,5,0,402.791,1,8.32986,5.82489,-78.7792,18.197,5,0.041,0.04,0.0373175
juelich_pilot_d30_r5_log_distance_s02_w1,juelich,12345,2,2,log-distance,35,36,veh10,veh13,4,4,0,369.532,1,8.35523,0.942713,-78.0307,18.9456,4,0.041,0.0444444,0.0373175
juelich_pilot_d30_r5_log_distance_s02_w1,juelich,12345,2,2,log-distance,35,36,veh10,veh4,5,5,0,145.757,1,8.32986,0,-69.95,27.0262,5,0.041,0.045,0.0373175
juelich_pilot_d30_r5_log_distance_s02_w1,juelich,12345,2,2,log-distance,35,36,veh10,veh5,5,0,1,962.925,0,8.32986,7.46027,nan,nan,0,0.041,0.033,0.0373175
juelich_pilot_d30_r5_log_distance_s02_w1,juelich,12345,2,2,log-distance,35,36,veh10,veh6,5,5,0,28.6531,1,8.32986,8.52257,-55.8211,41.1552,5,0.041,0.041,0.0373175
juelich_pilot_d30_r5_log_distance_s02_w1,juelich,12345,2,2,log-distance,35,36,veh10,veh9,5,5,0,164.005,1,8.32986,7.72857,-70.9748,26.0015,5,0.041,0.041,0.0373175
juelich_pilot_d30_r5_log_distance_s02_w1,juelich,12345,2,2,log-distance,35,36,veh11,veh0,5,5,0,525.117,0,7.34142,13.1554,-81.0828,15.8935,5,0.041,0.05,0.0373175
juelich_pilot_d30_r5_log_distance_s02_w1,juelich,12345,2,2,log-distance,35,36,veh11,veh1,5,5,0,43.6343,1,7.34142,8.3495,-59.4741,37.5022,5,0.041,0.041,0.0373175
juelich_pilot_d30_r5_log_distance_s02_w1,juelich,12345,2,2,log-distance,35,36,veh11,veh10,5,5,0,225.827,1,7.34142,8.32986,-73.7532,23.2231,5,0.041,0.041,0.0373175
juelich_pilot_d30_r5_log_distance_s02_w1,juelich,12345,2,2,log-distance,35,36,veh11,veh12,5,0,1,622.685,0,7.34142,5.82489,nan,nan,0,0.041,0.04,0.0373175
juelich_pilot_d30_r5_log_distance_s02_w1,juelich,12345,2,2,log-distance,35,36,veh11,veh13,4,4,0,469.455,1,7.3355,0.942713,-80.1095,16.8668,4,0.041,0.0444444,0.0373175
juelich_pilot_d30_r5_log_distance_s02_w1,juelich,12345,2,2,log-distance,35,36,veh11,veh4,5,5,0,267.623,1,7.34142,0,-75.2279,21.7484,5,0.041,0.045,0.0373175
juelich_pilot_d30_r5_log_distance_s02_w1,juelich,12345,2,2,log-distance,35,36,veh11,veh5,5,0,1,971.951,0,7.34142,7.46027,nan,nan,0,0.041,0.033,0.0373175
juelich_pilot_d30_r5_log_distance_s02_w1,juelich,12345,2,2,log-distance,35,36,veh11,veh6,5,5,0,250.372,1,7.34142,8.52257,-74.6494,22.3269,5,0.041,0.041,0.0373175
juelich_pilot_d30_r5_log_distance_s02_w1,juelich,12345,2,2,log-distance,35,36,veh11,veh7,5,0,1,989.785,0,7.34142,11.1756,nan,nan,0,0.041,0.033,0.0373175
juelich_pilot_d30_r5_log_distance_s02_w1,juelich,12345,2,2,log-distance,35,36,veh11,veh8,2,0,1,999.505,0,7.3309,7.08112,nan,nan,0,0.041,0.028,0.0373175
juelich_pilot_d30_r5_log_distance_s02_w1,juelich,12345,2,2,log-distance,35,36,veh11,veh9,5,5,0,105.278,1,7.34142,7.72857,-67.1222,29.8541,5,0.041,0.041,0.0373175
juelich_pilot_d30_r5_log_distance_s02_w1,juelich,12345,2,2,log-distance,35,36,veh12,veh0,5,1,0.8,450.403,1,5.82489,13.1554,-79.7275,0.136107,1,0.04,0.05,0.0373175
juelich_pilot_d30_r5_log_distance_s02_w1,juelich,12345,2,2,log-distance,35,36,veh12,veh1,5,0,1,663.249,0,5.82489,8.3495,nan,nan,0,0.04,0.041,0.0373175
juelich_pilot_d30_r5_log_distance_s02_w1,juelich,12345,2,2,log-distance,35,36,veh12,veh10,5,1,0.8,402.791,1,5.82489,8.32986,-78.8235,4.90414,1,0.04,0.041,0.0373175
juelich_pilot_d30_r5_log_distance_s02_w1,juelich,12345,2,2,log-distance,35,36,veh12,veh11,5,0,1,622.685,0,5.82489,7.34142,nan,nan,0,0.04,0.041,0.0373175
juelich_pilot_d30_r5_log_distance_s02_w1,juelich,12345,2,2,log-distance,35,36,veh12,veh13,4,0,1,400.472,1,6.00596,0.942713,nan,nan,0,0.04,0.0444444,0.0373175
juelich_pilot_d30_r5_log_distance_s02_w1,juelich,12345,2,2,log-distance,35,36,veh12,veh4,5,1,0.8,389.025,1,5.82489,0,-78.4368,4.11003,1,0.04,0.045,0.0373175
juelich_pilot_d30_r5_log_distance_s02_w1,juelich,12345,2,2,log-distance,35,36,veh12,veh5,5,0,1,963.405,0,5.82489,7.46027,nan,nan,0,0.04,0.033,0.0373175
juelich_pilot_d30_r5_log_distance_s02_w1,juelich,12345,2,2,log-distance,35,36,veh12,veh6,5,1,0.8,375.402,1,5.82489,8.52257,-78.2144,5.45385,1,0.04,0.041,0.0373175
juelich_pilot_d30_r5_log_distance_s02_w1,juelich,12345,2,2,log-distance,35,36,veh12,veh9,5,1,0.8,536.002,0,5.82489,7.72857,-81.2598,1.59122,1,0.04,0.041,0.0373175
juelich_pilot_d30_r5_log_distance_s02_w1,juelich,12345,2,2,log-distance,35,36,veh13,veh0,4,4,0,72.1759,1,0.942713,13.3072,-63.8431,15.8306,4,0.0444444,0.05,0.0373175
juelich_pilot_d30_r5_log_distance_s02_w1,juelich,12345,2,2,log-distance,35,36,veh13,veh1,4,0,1,511.115,0,0.942713,8.34201,nan,nan,0,0.0444444,0.041,0.0373175
juelich_pilot_d30_r5_log_distance_s02_w1,juelich,12345,2,2,log-distance,35,36,veh13,veh10,4,0,1,369.532,1,0.942713,8.35523,nan,nan,0,0.0444444,0.041,0.0373175
juelich_pilot_d30_r5_log_distance_s02_w1,juelich,12345,2,2,log-distance,35,36,veh13,veh11,4,0,1,469.455,1,0.942713,7.3355,nan,nan,0,0.0444444,0.041,0.0373175
juelich_pilot_d30_r5_log_distance_s02_w1,juelich,12345,2,2,log-distance,35,36,veh13,veh12,4,0,1,400.472,1,0.942713,6.00596,nan,nan,0,0.0444444,0.04,0.0373175
juelich_pilot_d30_r5_log_distance_s02_w1,juelich,12345,2,2,log-distance,35,36,veh13,veh4,4,4,0,229.474,1,0.942713,0,-73.8924,4.53386,4,0.0444444,0.045,0.0373175
juelich_pilot_d30_r5_log_distance_s02_w1,juelich,12345,2,2,log-distance,35,36,veh13,veh5,4,0,1,615.797,0,0.942713,7.50216,nan,nan,0,0.0444444,0.033,0.0373175
juelich_pilot_d30_r5_log_distance_s02_w1,juelich,12345,2,2,log-distance,35,36,veh13,veh6,4,0,1,350.085,1,0.942713,8.53181,nan,nan,0,0.0444444,0.041,0.0373175
juelich_pilot_d30_r5_log_distance_s02_w1,juelich,12345,2,2,log-distance,35,36,veh13,veh7,4,0,1,821.199,0,0.942713,11.1809,nan,nan,0,0.0444444,0.033,0.0373175
juelich_pilot_d30_r5_log_distance_s02_w1,juelich,12345,2,2,log-distance,35,36,veh13,veh8,4,0,1,909.759,0,0.942713,7.11673,nan,nan,0,0.0444444,0.028,0.0373175
juelich_pilot_d30_r5_log_distance_s02_w1,juelich,12345,2,2,log-distance,35,36,veh13,veh9,4,0,1,366.575,1,0.942713,7.48967,nan,nan,0,0.0444444,0.041,0.0373175
juelich_pilot_d30_r5_log_distance_s02_w1,juelich,12345,2,2,log-distance,35,36,veh2,veh3,5,5,0,45.1395,1,0,9.91951,-59.7558,37.2205,5,0.02,0.024,0.0373175
juelich_pilot_d30_r5_log_distance_s02_w1,juelich,12345,2,2,log-distance,35,36,veh2,veh5,5,0,1,863.95,0,0,7.46027,nan,nan,0,0.02,0.033,0.0373175
juelich_pilot_d30_r5_log_distance_s02_w1,juelich,12345,2,2,log-distance,35,36,veh2,veh7,5,5,0,462.245,1,0,11.1756,-79.975,17.0013,5,0.02,0.033,0.0373175
juelich_pilot_d30_r5_log_distance_s02_w1,juelich,12345,2,2,log-distance,35,36,veh2,veh8,5,5,0,360.953,1,0,7.10897,-77.8267,19.1496,5,0.02,0.028,0.0373175
juelich_pilot_d30_r5_log_distance_s02_w1,juelich,12345,2,2,log-distance,35,36,veh3,veh2,5,5,0,45.1395,1,9.91951,0,-59.7558,37.2205,5,0.024,0.02,0.0373175
juelich_pilot_d30_r5_log_distance_s02_w1,juelich,12345,2,2,log-distance,35,36,veh3,veh5,5,0,1,818.855,0,9.91951,7.46027,nan,nan,0,0.024,0.033,0.0373175
juelich_pilot_d30_r5_log_distance_s02_w1,juelich,12345,2,2,log-distance,35,36,veh3,veh7,5,5,0,418.109,1,9.91951,11.1756,-79.1035,17.8728,5,0.024,0.033,0.0373175
juelich_pilot_d30_r5_log_distance_s02_w1,juelich,12345,2,2,log-distance,35,36,veh3,veh8,5,5,0,322.549,1,9.91951,7.10897,-76.8494,20.1269,5,0.024,0.028,0.0373175
juelich_pilot_d30_r5_log_distance_s02_w1,juelich,12345,2,2,log-distance,35,36,veh4,veh0,5,5,0,296.993,1,0,13.1554,-76.1323,20.844,5,0.045,0.05,0.0373175
juelich_pilot_d30_r5_log_distance_s02_w1,juelich,12345,2,2,log-distance,35,36,veh4,veh1,5,5,0,311.257,1,0,8.3495,-76.5398,20.4364,5,0.045,0.041,0.0373175
juelich_pilot_d30_r5_log_distance_s02_w1,juelich,12345,2,2,log-distance,35,36,veh4,veh10,5,5,0,145.757,1,0,8.32986,-69.95,27.0262,5,0.045,0.041,0.0373175
juelich_pilot_d30_r5_log_distance_s02_w1,juelich,12345,2,2,log-distance,35,36,veh4,veh11,5,5,0,267.623,1,0,7.34142,-75.2279,21.7484,5,0.045,0.041,0.0373175
juelich_pilot_d30_r5_log_distance_s02_w1,juelich,12345,2,2,log-distance,35,36,veh4,veh12,5,5,0,389.025,1,0,5.82489,-78.4772,18.4991,5,0.045,0.04,0.0373175
juelich_pilot_d30_r5_log_distance_s02_w1,juelich,12345,2,2,log-distance,35,36,veh4,veh13,4,4,0,229.474,1,0,0.942713,-73.8924,23.0839,4,0.045,0.0444444,0.0373175
juelich_pilot_d30_r5_log_distance_s02_w1,juelich,12345,2,2,log-distance,35,36,veh4,veh5,5,0,1,817.57,0,0,7.46027,nan,nan,0,0.045,0.033,0.0373175
juelich_pilot_d30_r5_log_distance_s02_w1,juelich,12345,2,2,log-distance,35,36,veh4,veh6,5,5,0,132.658,1,0,8.52257,-69.1321,27.8441,5,0.045,0.041,0.0373175
juelich_pilot_d30_r5_log_distance_s02_w1,juelich,12345,2,2,log-distance,35,36,veh4,veh7,5,0,1,947.672,0,0,11.1756,nan,nan,0,0.045,0.033,0.0373175
juelich_pilot_d30_r5_log_distance_s02_w1,juelich,12345,2,2,log-distance,35,36,veh4,veh9,5,5,0,164.619,1,0,7.72857,-71.0073,25.969,5,0.045,0.041,0.0373175
juelich_pilot_d30_r5_log_distance_s02_w1,juelich,12345,2,2,log-distance,35,36,veh5,veh0,5,4,0.2,545.295,0,7.46027,13.1554,-81.4125,15.5638,4,0.033,0.05,0.0373175
juelich_pilot_d30_r5_log_distance_s02_w1,juelich,12345,2,2,log-distance,35,36,veh5,veh1,1,0,1,999.877,0,7.50459,8.29202,nan,nan,0,0.033,0.041,0.0373175
juelich_pilot_d30_r5_log_distance_s02_w1,juelich,12345,2,2,log-distance,35,36,veh5,veh10,5,0,1,962.925,0,7.46027,8.32986,nan,nan,0,0.033,0.041,0.0373175
juelich_pilot_d30_r5_log_distance_s02_w1,juelich,12345,2,2,log-distance,35,36,veh5,veh11,5,0,1,971.951,0,7.46027,7.34142,nan,nan,0,0.033,0.041,0.0373175
juelich_pilot_d30_r5_log_distance_s02_w1,juelich,12345,2,2,log-distance,35,36,veh5,veh12,5,0,1,963.405,0,7.46027,5.82489,nan,nan,0,0.033,0.04,0.0373175
juelich_pilot_d30_r5_log_distance_s02_w1,juelich,12345,2,2,log-distance,35,36,veh5,veh13,4,0,1,615.797,0,7.50216,0.942713,nan,nan,0,0.033,0.0444444,0.0373175
juelich_pilot_d30_r5_log_distance_s02_w1,juelich,12345,2,2,log-distance,35,36,veh5,veh2,5,0,1,863.95,0,7.46027,0,nan,nan,0,0.033,0.02,0.0373175
juelich_pilot_d30_r5_log_distance_s02_w1,juelich,12345,2,2,log-distance,35,36,veh5,veh3,5,0,1,818.855,0,7.46027,9.91951,nan,nan,0,0.033,0.024,0.0373175
juelich_pilot_d30_r5_log_distance_s02_w1,juelich,12345,2,2,log-distance,35,36,veh5,veh4,5,0,1,817.57,0,7.46027,0,nan,nan,0,0.033,0.045,0.0373175
juelich_pilot_d30_r5_log_distance_s02_w1,juelich,12345,2,2,log-distance,35,36,veh5,veh6,5,0,1,949.603,0,7.46027,8.52257,nan,nan,0,0.033,0.041,0.0373175
juelich_pilot_d30_r5_log_distance_s02_w1,juelich,12345,2,2,log-distance,35,36,veh5,veh7,5,4,0.2,427.58,1,7.46027,11.1756,-79.267,17.7093,4,0.033,0.033,0.0373175
juelich_pilot_d30_r5_log_distance_s02_w1,juelich,12345,2,2,log-distance,35,36,veh5,veh8,5,0,1,587.932,0,7.46027,7.10897,nan,nan,0,0.033,0.028,0.0373175
juelich_pilot_d30_r5_log_distance_s02_w1,juelich,12345,2,2,log-distance,35,36,veh5,veh9,5,0,1,892.324,0,7.46027,7.72857,nan,nan,0,0.033,0.041,0.0373175
juelich_pilot_d30_r5_log_distance_s02_w1,juelich,12345,2,2,log-distance,35,36,veh6,veh0,5,5,0,421.023,1,8.52257,13.1554,-79.1638,17.8125,5,0.041,0.05,0.0373175
juelich_pilot_d30_r5_log_distance_s02_w1,juelich,12345,2,2,log-distance,35,36,veh6,veh1,5,5,0,289.205,1,8.52257,8.3495,-75.9018,21.0745,5,0.041,0.041,0.0373175
juelich_pilot_d30_r5_log_distance_s02_w1,juelich,12345,2,2,log-distance,35,36,veh6,veh10,5,5,0,28.6531,1,8.52257,8.32986,-55.8211,41.1552,5,0.041,0.041,0.0373175
juelich_pilot_d30_r5_log_distance_s02_w1,juelich,12345,2,2,log-distance,35,36,veh6,veh11,5,5,0,250.372,1,8.52257,7.34142,-74.6494,22.3269,5,0.041,0.041,0.0373175
juelich_pilot_d30_r5_log_distance_s02_w1,juelich,12345,2,2,log-distance,35,36,veh6,veh12,5,5,0,375.402,1,8.52257,5.82489,-78.1676,18.8087,5,0.041,0.04,0.0373175
juelich_pilot_d30_r5_log_distance_s02_w1,juelich,12345,2,2,log-distance,35,36,veh6,veh13,4,4,0,350.085,1,8.53181,0.942713,-77.5611,19.4152,4,0.041,0.0444444,0.0373175
juelich_pilot_d30_r5_log_distance_s02_w1,juelich,12345,2,2,log-distance,35,36,veh6,veh4,5,5,0,132.658,1,8.52257,0,-69.1321,27.8441,5,0.041,0.045,0.0373175
juelich_pilot_d30_r5_log_distance_s02_w1,juelich,12345,2,2,log-distance,35,36,veh6,veh5,5,0,1,949.603,0,8.52257,7.46027,nan,nan,0,0.041,0.033,0.0373175
juelich_pilot_d30_r5_log_distance_s02_w1,juelich,12345,2,2,log-distance,35,36,veh6,veh9,5,5,0,180.653,1,8.52257,7.72857,-71.8146,25.1617,5,0.041,0.041,0.0373175
juelich_pilot_d30_r5_log_distance_s02_w1,juelich,12345,2,2,log-distance,35,36,veh7,veh0,5,0,1,770.175,0,11.1756,13.1554,nan,nan,0,0.033,0.05,0.0373175
juelich_pilot_d30_r5_log_distance_s02_w1,juelich,12345,2,2,log-distance,35,36,veh7,veh1,1,0,1,998.591,0,11.2136,8.29202,nan,nan,0,0.033,0.041,0.0373175
juelich_pilot_d30_r5_log_distance_s02_w1,juelich,12345,2,2,log-distance,35,36,veh7,veh11,5,0,1,989.785,0,11.1756,7.34142,nan,nan,0,0.033,0.041,0.0373175
juelich_pilot_d30_r5_log_distance_s02_w1,juelich,12345,2,2,log-distance,35,36,veh7,veh13,4,0,1,821.199,0,11.1809,0.942713,nan,nan,0,0.033,0.0444444,0.0373175
juelich_pilot_d30_r5_log_distance_s02_w1,juelich,12345,2,2,log-distance,35,36,veh7,veh2,5,5,0,462.245,1,11.1756,0,-79.975,17.0013,5,0.033,0.02,0.0373175
juelich_pilot_d30_r5_log_distance_s02_w1,juelich,12345,2,2,log-distance,35,36,veh7,veh3,5,5,0,418.109,1,11.1756,9.91951,-79.1035,17.8728,5,0.033,0.024,0.0373175
juelich_pilot_d30_r5_log_distance_s02_w1,juelich,12345,2,2,log-distance,35,36,veh7,veh4,5,0,1,947.672,0,11.1756,0,nan,nan,0,0.033,0.045,0.0373175
juelich_pilot_d30_r5_log_distance_s02_w1,juelich,12345,2,2,log-distance,35,36,veh7,veh5,5,5,0,427.58,1,11.1756,7.46027,-79.2976,17.6787,5,0.033,0.033,0.0373175
juelich_pilot_d30_r5_log_distance_s02_w1,juelich,12345,2,2,log-distance,35,36,veh7,veh8,5,5,0,164.858,1,11.1756,7.10897,-71.0181,25.9582,5,0.033,0.028,0.0373175
juelich_pilot_d30_r5_log_distance_s02_w1,juelich,12345,2,2,log-distance,35,36,veh7,veh9,5,0,1,948.253,0,11.1756,7.72857,nan,nan,0,0.033,0.041,0.0373175
juelich_pilot_d30_r5_log_distance_s02_w1,juelich,12345,2,2,log-distance,35,36,veh8,veh0,5,0,1,866.343,0,7.10897,13.1554,nan,nan,0,0.028,0.05,0.0373175
juelich_pilot_d30_r5_log_distance_s02_w1,juelich,12345,2,2,log-distance,35,36,veh8,veh11,2,0,1,999.505,0,7.08112,7.3309,nan,nan,0,0.028,0.041,0.0373175
juelich_pilot_d30_r5_log_distance_s02_w1,juelich,12345,2,2,log-distance,35,36,veh8,veh13,4,0,1,909.759,0,7.11673,0.942713,nan,nan,0,0.028,0.0444444,0.0373175
juelich_pilot_d30_r5_log_distance_s02_w1,juelich,12345,2,2,log-distance,35,36,veh8,veh2,5,5,0,360.953,1,7.10897,0,-77.8267,16.7825,5,0.028,0.02,0.0373175
juelich_pilot_d30_r5_log_distance_s02_w1,juelich,12345,2,2,log-distance,35,36,veh8,veh3,5,5,0,322.549,1,7.10897,9.91951,-76.8494,17.6791,5,0.028,0.024,0.0373175
juelich_pilot_d30_r5_log_distance_s02_w1,juelich,12345,2,2,log-distance,35,36,veh8,veh5,5,0,1,587.932,0,7.10897,7.46027,nan,nan,0,0.028,0.033,0.0373175
juelich_pilot_d30_r5_log_distance_s02_w1,juelich,12345,2,2,log-distance,35,36,veh8,veh7,5,5,0,164.858,1,7.10897,11.1756,-71.0181,22.4318,5,0.028,0.033,0.0373175
juelich_pilot_d30_r5_log_distance_s02_w1,juelich,12345,2,2,log-distance,35,36,veh8,veh9,5,0,1,976.142,0,7.10897,7.72857,nan,nan,0,0.028,0.041,0.0373175
juelich_pilot_d30_r5_log_distance_s02_w1,juelich,12345,2,2,log-distance,35,36,veh9,veh0,5,5,0,423.479,1,7.72857,13.1554,-79.2139,17.7624,5,0.041,0.05,0.0373175
juelich_pilot_d30_r5_log_distance_s02_w1,juelich,12345,2,2,log-distance,35,36,veh9,veh1,5,5,0,148.497,1,7.72857,8.3495,-70.1107,26.8656,5,0.041,0.041,0.0373175
juelich_pilot_d30_r5_log_distance_s02_w1,juelich,12345,2,2,log-distance,35,36,veh9,veh10,5,5,0,164.005,1,7.72857,8.32986,-70.9748,26.0015,5,0.041,0.041,0.0373175
juelich_pilot_d30_r5_log_distance_s02_w1,juelich,12345,2,2,log-distance,35,36,veh9,veh11,5,5,0,105.278,1,7.72857,7.34142,-67.1222,29.8541,5,0.041,0.041,0.0373175
juelich_pilot_d30_r5_log_distance_s02_w1,juelich,12345,2,2,log-distance,35,36,veh9,veh12,5,5,0,536.002,0,7.72857,5.82489,-81.261,15.7153,5,0.041,0.04,0.0373175
juelich_pilot_d30_r5_log_distance_s02_w1,juelich,12345,2,2,log-distance,35,36,veh9,veh13,4,4,0,366.575,1,7.48967,0.942713,-77.9609,19.0153,4,0.041,0.0444444,0.0373175
juelich_pilot_d30_r5_log_distance_s02_w1,juelich,12345,2,2,log-distance,35,36,veh9,veh4,5,5,0,164.619,1,7.72857,0,-71.0073,25.969,5,0.041,0.045,0.0373175
juelich_pilot_d30_r5_log_distance_s02_w1,juelich,12345,2,2,log-distance,35,36,veh9,veh5,5,0,1,892.324,0,7.72857,7.46027,nan,nan,0,0.041,0.033,0.0373175
juelich_pilot_d30_r5_log_distance_s02_w1,juelich,12345,2,2,log-distance,35,36,veh9,veh6,5,5,0,180.653,1,7.72857,8.52257,-71.8146,25.1617,5,0.041,0.041,0.0373175
juelich_pilot_d30_r5_log_distance_s02_w1,juelich,12345,2,2,log-distance,35,36,veh9,veh7,5,0,1,948.253,0,7.72857,11.1756,nan,nan,0,0.041,0.033,0.0373175
juelich_pilot_d30_r5_log_distance_s02_w1,juelich,12345,2,2,log-distance,35,36,veh9,veh8,5,0,1,976.142,0,7.72857,7.10897,nan,nan,0,0.041,0.028,0.0373175
juelich_pilot_d30_r5_log_distance_s02_w1,juelich,12345,2,2,log-distance,36,37,veh0,veh1,5,5,0,570.288,0,13.4539,8.31332,-81.7996,15.1767,5,0.05,0.04,0.0378571
juelich_pilot_d30_r5_log_distance_s02_w1,juelich,12345,2,2,log-distance,36,37,veh0,veh10,5,5,0,442.954,1,13.4539,8.50044,-79.6049,17.3714,5,0.05,0.04,0.0378571
juelich_pilot_d30_r5_log_distance_s02_w1,juelich,12345,2,2,log-distance,36,37,veh0,veh11,5,5,0,530.683,0,13.4539,7.34284,-81.1744,15.8019,5,0.05,0.04,0.0378571
juelich_pilot_d30_r5_log_distance_s02_w1,juelich,12345,2,2,log-distance,36,37,veh0,veh12,5,5,0,454.646,1,13.4539,7.84013,-79.8311,17.1452,5,0.05,0.04,0.0378571
juelich_pilot_d30_r5_log_distance_s02_w1,juelich,12345,2,2,log-distance,36,37,veh0,veh13,5,5,0,80.3991,1,13.4539,2.74753,-64.777,32.1993,5,0.05,0.05,0.0378571
juelich_pilot_d30_r5_log_distance_s02_w1,juelich,12345,2,2,log-distance,36,37,veh0,veh4,5,5,0,306.819,1,13.4539,0,-76.415,20.5613,5,0.05,0.045,0.0378571
juelich_pilot_d30_r5_log_distance_s02_w1,juelich,12345,2,2,log-distance,36,37,veh0,veh5,5,5,0,543.853,0,13.4539,7.46341,-81.3873,15.589,5,0.05,0.035,0.0378571
juelich_pilot_d30_r5_log_distance_s02_w1,juelich,12345,2,2,log-distance,36,37,veh0,veh6,5,5,0,424.099,1,13.4539,8.48118,-79.227,17.7493,5,0.05,0.04,0.0378571
juelich_pilot_d30_r5_log_distance_s02_w1,juelich,12345,2,2,log-distance,36,37,veh0,veh7,5,0,1,762.666,0,13.4539,11.1819,nan,nan,0,0.05,0.035,0.0378571
juelich_pilot_d30_r5_log_distance_s02_w1,juelich,12345,2,2,log-distance,36,37,veh0,veh8,5,0,1,871.905,0,13.4539,7.13318,nan,nan,0,0.05,0.03,0.0378571
juelich_pilot_d30_r5_log_distance_s02_w1,juelich,12345,2,2,log-distance,36,37,veh0,veh9,5,5,0,437.98,1,13.4539,3.55949,-79.5065,17.4698,5,0.05,0.04,0.0378571
juelich_pilot_d30_r5_log_distance_s02_w1,juelich,12345,2,2,log-distance,36,37,veh1,veh0,5,5,0,570.288,0,8.31332,13.4539,-81.7996,15.1767,5,0.04,0.05,0.0378571
juelich_pilot_d30_r5_log_distance_s02_w1,juelich,12345,2,2,log-distance,36,37,veh1,veh10,5,5,0,263.697,1,8.31332,8.50044,-75.0998,21.8765,5,0.04,0.04,0.0378571
juelich_pilot_d30_r5_log_distance_s02_w1,juelich,12345,2,2,log-distance,36,37,veh1,veh11,5,5,0,42.6459,1,8.31332,7.34284,-59.2751,37.7012,5,0.04,0.04,0.0378571
juelich_pilot_d30_r5_log_distance_s02_w1,juelich,12345,2,2,log-distance,36,37,veh1,veh12,5,0,1,659.579,0,8.31332,7.84013,nan,nan,0,0.04,0.04,0.0378571
juelich_pilot_d30_r5_log_distance_s02_w1,juelich,12345,2,2,log-distance,36,37,veh1,veh13,5,5,0,503.426,0,8.31332,2.74753,-80.7163,16.26,5,0.04,0.05,0.0378571
juelich_pilot_d30_r5_log_distance_s02_w1,juelich,12345,2,2,log-distance,36,37,veh1,veh4,5,5,0,302.937,1,8.31332,0,-76.3045,20.6718,5,0.04,0.045,0.0378571
juelich_pilot_d30_r5_log_distance_s02_w1,juelich,12345,2,2,log-distance,36,37,veh1,veh5,5,0,1,994.883,0,8.31332,7.46341,nan,nan,0,0.04,0.035,0.0378571
juelich_pilot_d30_r5_log_distance_s02_w1,juelich,12345,2,2,log-distance,36,37,veh1,veh6,5,5,0,289.391,1,8.31332,8.48118,-75.9074,21.0689,5,0.04,0.04,0.0378571
juelich_pilot_d30_r5_log_distance_s02_w1,juelich,12345,2,2,log-distance,36,37,veh1,veh7,5,0,1,991.569,0,8.31332,11.1819,nan,nan,0,0.04,0.035,0.0378571
juelich_pilot_d30_r5_log_distance_s02_w1,juelich,12345,2,2,log-distance,36,37,veh1,veh8,1,0,1,999.673,0,8.34407,7.14658,nan,nan,0,0.04,0.03,0.0378571
juelich_pilot_d30_r5_log_distance_s02_w1,juelich,12345,2,2,log-distance,36,37,veh1,veh9,5,5,0,139.586,1,8.31332,3.55949,-69.5732,27.4031,5,0.04,0.04,0.0378571
juelich_pilot_d30_r5_log_distance_s02_w1,juelich,12345,2,2,log-distance,36,37,veh10,veh0,5,5,0,442.954,1,8.50044,13.4539,-79.6049,17.3714,5,0.04,0.05,0.0378571
juelich_pilot_d30_r5_log_distance_s02_w1,juelich,12345,2,2,log-distance,36,37,veh10,veh1,5,5,0,263.697,1,8.50044,8.31332,-75.0998,21.8765,5,0.04,0.04,0.0378571
juelich_pilot_d30_r5_log_distance_s02_w1,juelich,12345,2,2,log-distance,36,37,veh10,veh11,5,5,0,226.82,1,8.50044,7.34284,-73.7913,23.185,5,0.04,0.04,0.0378571
juelich_pilot_d30_r5_log_distance_s02_w1,juelich,12345,2,2,log-distance,36,37,veh10,veh12,5,5,0,398.337,1,8.50044,7.84013,-78.6827,18.2936,5,0.04,0.04,0.0378571
juelich_pilot_d30_r5_log_distance_s02_w1,juelich,12345,2,2,log-distance,36,37,veh10,veh13,5,5,0,362.943,1,8.50044,2.74753,-77.8743,19.102,5,0.04,0.05,0.0378571
juelich_pilot_d30_r5_log_distance_s02_w1,juelich,12345,2,2,log-distance,36,37,veh10,veh4,5,5,0,141.477,1,8.50044,0,-69.6911,27.2852,5,0.04,0.045,0.0378571
juelich_pilot_d30_r5_log_distance_s02_w1,juelich,12345,2,2,log-distance,36,37,veh10,veh5,5,0,1,959.898,0,8.50044,7.46341,nan,nan,0,0.04,0.035,0.0378571
juelich_pilot_d30_r5_log_distance_s02_w1,juelich,12345,2,2,log-distance,36,37,veh10,veh6,5,5,0,28.6861,1,8.50044,8.48118,-55.8311,41.1452,5,0.04,0.04,0.0378571
juelich_pilot_d30_r5_log_distance_s02_w1,juelich,12345,2,2,log-distance,36,37,veh10,veh9,5,5,0,164.112,1,8.50044,3.55949,-70.9805,25.9958,5,0.04,0.04,0.0378571
juelich_pilot_d30_r5_log_distance_s02_w1,juelich,12345,2,2,log-distance,36,37,veh11,veh0,5,5,0,530.683,0,7.34284,13.4539,-81.1744,15.8019,5,0.04,0.05,0.0378571
juelich_pilot_d30_r5_log_distance_s02_w1,juelich,12345,2,2,log-distance,36,37,veh11,veh1,5,5,0,42.6459,1,7.34284,8.31332,-59.2751,37.7012,5,0.04,0.04,0.0378571
juelich_pilot_d30_r5_log_distance_s02_w1,juelich,12345,2,2,log-distance,36,37,veh11,veh10,5,5,0,226.82,1,7.34284,8.50044,-73.7913,23.185,5,0.04,0.04,0.0378571
juelich_pilot_d30_r5_log_distance_s02_w1,juelich,12345,2,2,log-distance,36,37,veh11,veh12,5,0,1,620.146,0,7.34284,7.84013,nan,nan,0,0.04,0.04,0.0378571
juelich_pilot_d30_r5_log_distance_s02_w1,juelich,12345,2,2,log-distance,36,37,veh11,veh13,5,5,0,462.623,1,7.34284,2.74753,-79.9822,16.9941,5,0.04,0.05,0.0378571
juelich_pilot_d30_r5_log_distance_s02_w1,juelich,12345,2,2,log-distance,36,37,veh11,veh4,5,5,0,260.291,1,7.34284,0,-74.9866,21.9897,5,0.04,0.045,0.0378571
juelich_pilot_d30_r5_log_distance_s02_w1,juelich,12345,2,2,log-distance,36,37,veh11,veh5,5,0,1,966.317,0,7.34284,7.46341,nan,nan,0,0.04,0.035,0.0378571
juelich_pilot_d30_r5_log_distance_s02_w1,juelich,12345,2,2,log-distance,36,37,veh11,veh6,5,5,0,251.419,1,7.34284,8.48118,-74.6857,22.2906,5,0.04,0.04,0.0378571
juelich_pilot_d30_r5_log_distance_s02_w1,juelich,12345,2,2,log-distance,36,37,veh11,veh7,5,0,1,978.492,0,7.34284,11.1819,nan,nan,0,0.04,0.035,0.0378571
juelich_pilot_d30_r5_log_distance_s02_w1,juelich,12345,2,2,log-distance,36,37,veh11,veh8,5,0,1,996.145,0,7.34284,7.13318,nan,nan,0,0.04,0.03,0.0378571
juelich_pilot_d30_r5_log_distance_s02_w1,juelich,12345,2,2,log-distance,36,37,veh11,veh9,5,5,0,97.1515,1,7.34284,3.55949,-66.4245,30.5518,5,0.04,0.04,0.0378571
juelich_pilot_d30_r5_log_distance_s02_w1,juelich,12345,2,2,log-distance,36,37,veh12,veh0,5,0,1,454.646,1,7.84013,13.4539,nan,nan,0,0.04,0.05,0.0378571
juelich_pilot_d30_r5_log_distance_s02_w1,juelich,12345,2,2,log-distance,36,37,veh12,veh1,5,0,1,659.579,0,7.84013,8.31332,nan,nan,0,0.04,0.04,0.0378571
juelich_pilot_d30_r5_log_distance_s02_w1,juelich,12345,2,2,log-distance,36,37,veh12,veh10,5,0,1,398.337,1,7.84013,8.50044,nan,nan,0,0.04,0.04,0.0378571
juelich_pilot_d30_r5_log_distance_s02_w1,juelich,12345,2,2,log-distance,36,37,veh12,veh11,5,0,1,620.146,0,7.84013,7.34284,nan,nan,0,0.04,0.04,0.0378571
juelich_pilot_d30_r5_log_distance_s02_w1,juelich,12345,2,2,log-distance,36,37,veh12,veh13,5,0,1,405.112,1,7.84013,2.74753,nan,nan,0,0.04,0.05,0.0378571
juelich_pilot_d30_r5_log_distance_s02_w1,juelich,12345,2,2,log-distance,36,37,veh12,veh4,5,0,1,394.539,1,7.84013,0,nan,nan,0,0.04,0.045,0.0378571
juelich_pilot_d30_r5_log_distance_s02_w1,juelich,12345,2,2,log-distance,36,37,veh12,veh5,5,0,1,973.626,0,7.84013,7.46341,nan,nan,0,0.04,0.035,0.0378571
juelich_pilot_d30_r5_log_distance_s02_w1,juelich,12345,2,2,log-distance,36,37,veh12,veh6,5,0,1,371.109,1,7.84013,8.48118,nan,nan,0,0.04,0.04,0.0378571
juelich_pilot_d30_r5_log_distance_s02_w1,juelich,12345,2,2,log-distance,36,37,veh12,veh9,5,0,1,538.17,0,7.84013,3.55949,nan,nan,0,0.04,0.04,0.0378571
juelich_pilot_d30_r5_log_distance_s02_w1,juelich,12345,2,2,log-distance,36,37,veh13,veh0,5,5,0,80.3991,1,2.74753,13.4539,-64.777,14.9711,5,0.05,0.05,0.0378571
juelich_pilot_d30_r5_log_distance_s02_w1,juelich,12345,2,2,log-distance,36,37,veh13,veh1,5,0,1,503.426,0,2.74753,8.31332,nan,nan,0,0.05,0.04,0.0378571
juelich_pilot_d30_r5_log_distance_s02_w1,juelich,12345,2,2,log-distance,36,37,veh13,veh10,5,0,1,362.943,1,2.74753,8.50044,nan,nan,0,0.05,0.04,0.0378571
juelich_pilot_d30_r5_log_distance_s02_w1,juelich,12345,2,2,log-distance,36,37,veh13,veh11,5,0,1,462.623,1,2.74753,7.34284,nan,nan,0,0.05,0.04,0.0378571
juelich_pilot_d30_r5_log_distance_s02_w1,juelich,12345,2,2,log-distance,36,37,veh13,veh12,5,0,1,405.112,1,2.74753,7.84013,nan,nan,0,0.05,0.04,0.0378571
juelich_pilot_d30_r5_log_distance_s02_w1,juelich,12345,2,2,log-distance,36,37,veh13,veh4,5,5,0,228.368,1,2.74753,0,-73.8504,4.68637,5,0.05,0.045,0.0378571
juelich_pilot_d30_r5_log_distance_s02_w1,juelich,12345,2,2,log-distance,36,37,veh13,veh5,5,0,1,619.004,0,2.74753,7.46341,nan,nan,0,0.05,0.035,0.0378571
juelich_pilot_d30_r5_log_distance_s02_w1,juelich,12345,2,2,log-distance,36,37,veh13,veh6,5,0,1,343.8,1,2.74753,8.48118,nan,nan,0,0.05,0.04,0.0378571
juelich_pilot_d30_r5_log_distance_s02_w1,juelich,12345,2,2,log-distance,36,37,veh13,veh7,5,0,1,812.937,0,2.74753,11.1819,nan,nan,0,0.05,0.035,0.0378571
juelich_pilot_d30_r5_log_distance_s02_w1,juelich,12345,2,2,log-distance,36,37,veh13,veh8,5,0,1,910.789,0,2.74753,7.13318,nan,nan,0,0.05,0.03,0.0378571
juelich_pilot_d30_r5_log_distance_s02_w1,juelich,12345,2,2,log-distance,36,37,veh13,veh9,5,0,1,367.652,1,2.74753,3.55949,nan,nan,0,0.05,0.04,0.0378571
juelich_pilot_d30_r5_log_distance_s02_w1,juelich,12345,2,2,log-distance,36,37,veh2,veh3,5,5,0,55.7075,1,0,11.8172,-61.5794,35.3968,5,0.02,0.025,0.0378571
juelich_pilot_d30_r5_log_distance_s02_w1,juelich,12345,2,2,log-distance,36,37,veh2,veh5,5,0,1,857.127,0,0,7.46341,nan,nan,0,0.02,0.035,0.0378571
juelich_pilot_d30_r5_log_distance_s02_w1,juelich,12345,2,2,log-distance,36,37,veh2,veh7,5,5,0,473.182,1,0,11.1819,-80.1781,16.7982,5,0.02,0.035,0.0378571
juelich_pilot_d30_r5_log_distance_s02_w1,juelich,12345,2,2,log-distance,36,37,veh2,veh8,5,5,0,362.565,1,0,7.13318,-77.8654,19.1109,5,0.02,0.03,0.0378571
juelich_pilot_d30_r5_log_distance_s02_w1,juelich,12345,2,2,log-distance,36,37,veh3,veh2,5,5,0,55.7075,1,11.8172,0,-61.5794,35.3968,5,0.025,0.02,0.0378571
juelich_pilot_d30_r5_log_distance_s02_w1,juelich,12345,2,2,log-distance,36,37,veh3,veh5,5,0,1,801.6,0,11.8172,7.46341,nan,nan,0,0.025,0.035,0.0378571
juelich_pilot_d30_r5_log_distance_s02_w1,juelich,12345,2,2,log-distance,36,37,veh3,veh7,5,5,0,418.285,1,11.8172,11.1819,-79.1071,17.8692,5,0.025,0.035,0.0378571
juelich_pilot_d30_r5_log_distance_s02_w1,juelich,12345,2,2,log-distance,36,37,veh3,veh8,5,5,0,314.617,1,11.8172,7.13318,-76.6331,20.3432,5,0.025,0.03,0.0378571
juelich_pilot_d30_r5_log_distance_s02_w1,juelich,12345,2,2,log-distance,36,37,veh4,veh0,5,5,0,306.819,1,0,13.4539,-76.415,20.5613,5,0.045,0.05,0.0378571
juelich_pilot_d30_r5_log_distance_s02_w1,juelich,12345,2,2,log-distance,36,37,veh4,veh1,5,5,0,302.937,1,0,8.31332,-76.3045,20.6718,5,0.045,0.04,0.0378571
juelich_pilot_d30_r5_log_distance_s02_w1,juelich,12345,2,2,log-distance,36,37,veh4,veh10,5,5,0,141.477,1,0,8.50044,-69.6911,27.2852,5,0.045,0.04,0.0378571
juelich_pilot_d30_r5_log_distance_s02_w1,juelich,12345,2,2,log-distance,36,37,veh4,veh11,5,5,0,260.291,1,0,7.34284,-74.9866,21.9897,5,0.045,0.04,0.0378571
juelich_pilot_d30_r5_log_distance_s02_w1,juelich,12345,2,2,log-distance,36,37,veh4,veh12,5,5,0,394.539,1,0,7.84013,-78.5994,18.3769,5,0.045,0.04,0.0378571
juelich_pilot_d30_r5_log_distance_s02_w1,juelich,12345,2,2,log-distance,36,37,veh4,veh13,5,5,0,228.368,1,0,2.74753,-73.8504,23.1259,5,0.045,0.05,0.0378571
juelich_pilot_d30_r5_log_distance_s02_w1,juelich,12345,2,2,log-distance,36,37,veh4,veh5,5,0,1,818.515,0,0,7.46341,nan,nan,0,0.045,0.035,0.0378571
juelich_pilot_d30_r5_log_distance_s02_w1,juelich,12345,2,2,log-distance,36,37,veh4,veh6,5,5,0,129.798,1,0,8.48118,-68.9429,28.0334,5,0.045,0.04,0.0378571
juelich_pilot_d30_r5_log_distance_s02_w1,juelich,12345,2,2,log-distance,36,37,veh4,veh7,5,0,1,937.096,0,0,11.1819,nan,nan,0,0.045,0.035,0.0378571
juelich_pilot_d30_r5_log_distance_s02_w1,juelich,12345,2,2,log-distance,36,37,veh4,veh8,2,0,1,999.654,0,0,7.13392,nan,nan,0,0.045,0.03,0.0378571
juelich_pilot_d30_r5_log_distance_s02_w1,juelich,12345,2,2,log-distance,36,37,veh4,veh9,5,5,0,164.212,1,0,3.55949,-70.9858,25.9905,5,0.045,0.04,0.0378571
juelich_pilot_d30_r5_log_distance_s02_w1,juelich,12345,2,2,log-distance,36,37,veh5,veh0,5,5,0,543.853,0,7.46341,13.4539,-81.3873,15.589,5,0.035,0.05,0.0378571
juelich_pilot_d30_r5_log_distance_s02_w1,juelich,12345,2,2,log-distance,36,37,veh5,veh1,5,0,1,994.883,0,7.46341,8.31332,nan,nan,0,0.035,0.04,0.0378571
juelich_pilot_d30_r5_log_distance_s02_w1,juelich,12345,2,2,log-distance,36,37,veh5,veh10,5,0,1,959.898,0,7.46341,8.50044,nan,nan,0,0.035,0.04,0.0378571
juelich_pilot_d30_r5_log_distance_s02_w1,juelich,12345,2,2,log-distance,36,37,veh5,veh11,5,0,1,966.317,0,7.46341,7.34284,nan,nan,0,0.035,0.04,0.0378571
juelich_pilot_d30_r5_log_distance_s02_w1,juelich,12345,2,2,log-distance,36,37,veh5,veh12,5,0,1,973.626,0,7.46341,7.84013,nan,nan,0,0.035,0.04,0.0378571
juelich_pilot_d30_r5_log_distance_s02_w1,juelich,12345,2,2,log-distance,36,37,veh5,veh13,5,0,1,619.004,0,7.46341,2.74753,nan,nan,0,0.035,0.05,0.0378571
juelich_pilot_d30_r5_log_distance_s02_w1,juelich,12345,2,2,log-distance,36,37,veh5,veh2,5,0,1,857.127,0,7.46341,0,nan,nan,0,0.035,0.02,0.0378571
juelich_pilot_d30_r5_log_distance_s02_w1,juelich,12345,2,2,log-distance,36,37,veh5,veh3,5,0,1,801.6,0,7.46341,11.8172,nan,nan,0,0.035,0.025,0.0378571
juelich_pilot_d30_r5_log_distance_s02_w1,juelich,12345,2,2,log-distance,36,37,veh5,veh4,5,0,1,818.515,0,7.46341,0,nan,nan,0,0.035,0.045,0.0378571
juelich_pilot_d30_r5_log_distance_s02_w1,juelich,12345,2,2,log-distance,36,37,veh5,veh6,5,0,1,946.937,0,7.46341,8.48118,nan,nan,0,0.035,0.04,0.0378571
juelich_pilot_d30_r5_log_distance_s02_w1,juelich,12345,2,2,log-distance,36,37,veh5,veh7,5,5,0,411.998,1,7.46341,11.1819,-78.9751,18.0012,5,0.035,0.035,0.0378571
juelich_pilot_d30_r5_log_distance_s02_w1,juelich,12345,2,2,log-distance,36,37,veh5,veh8,5,0,1,585.144,0,7.46341,7.13318,nan,nan,0,0.035,0.03,0.0378571
juelich_pilot_d30_r5_log_distance_s02_w1,juelich,12345,2,2,log-distance,36,37,veh5,veh9,5,0,1,896.519,0,7.46341,3.55949,nan,nan,0,0.035,0.04,0.0378571
juelich_pilot_d30_r5_log_distance_s02_w1,juelich,12345,2,2,log-distance,36,37,veh6,veh0,5,5,0,424.099,1,8.48118,13.4539,-79.227,17.7493,5,0.04,0.05,0.0378571
juelich_pilot_d30_r5_log_distance_s02_w1,juelich,12345,2,2,log-distance,36,37,veh6,veh1,5,5,0,289.391,1,8.48118,8.31332,-75.9074,21.0689,5,0.04,0.04,0.0378571
juelich_pilot_d30_r5_log_distance_s02_w1,juelich,12345,2,2,log-distance,36,37,veh6,veh10,5,5,0,28.6861,1,8.48118,8.50044,-55.8311,41.1452,5,0.04,0.04,0.0378571
juelich_pilot_d30_r5_log_distance_s02_w1,juelich,12345,2,2,log-distance,36,37,veh6,veh11,5,5,0,251.419,1,8.48118,7.34284,-74.6857,22.2906,5,0.04,0.04,0.0378571
juelich_pilot_d30_r5_log_distance_s02_w1,juelich,12345,2,2,log-distance,36,37,veh6,veh12,5,5,0,371.109,1,8.48118,7.84013,-78.0677,18.9086,5,0.04,0.04,0.0378571
juelich_pilot_d30_r5_log_distance_s02_w1,juelich,12345,2,2,log-distance,36,37,veh6,veh13,5,5,0,343.8,1,8.48118,2.74753,-77.4036,19.5726,5,0.04,0.05,0.0378571
juelich_pilot_d30_r5_log_distance_s02_w1,juelich,12345,2,2,log-distance,36,37,veh6,veh4,5,5,0,129.798,1,8.48118,0,-68.9429,28.0334,5,0.04,0.045,0.0378571
juelich_pilot_d30_r5_log_distance_s02_w1,juelich,12345,2,2,log-distance,36,37,veh6,veh5,5,0,1,946.937,0,8.48118,7.46341,nan,nan,0,0.04,0.035,0.0378571
juelich_pilot_d30_r5_log_distance_s02_w1,juelich,12345,2,2,log-distance,36,37,veh6,veh9,5,5,0,182.105,1,8.48118,3.55949,-71.884,25.0923,5,0.04,0.04,0.0378571
juelich_pilot_d30_r5_log_distance_s02_w1,juelich,12345,2,2,log-distance,36,37,veh7,veh0,5,0,1,762.666,0,11.1819,13.4539,nan,nan,0,0.035,0.05,0.0378571
juelich_pilot_d30_r5_log_distance_s02_w1,juelich,12345,2,2,log-distance,36,37,veh7,veh1,5,0,1,991.569,0,11.1819,8.31332,nan,nan,0,0.035,0.04,0.0378571
juelich_pilot_d30_r5_log_distance_s02_w1,juelich,12345,2,2,log-distance,36,37,veh7,veh11,5,0,1,978.492,0,11.1819,7.34284,nan,nan,0,0.035,0.04,0.0378571
juelich_pilot_d30_r5_log_distance_s02_w1,juelich,12345,2,2,log-distance,36,37,veh7,veh13,5,0,1,812.937,0,11.1819,2.74753,nan,nan,0,0.035,0.05,0.0378571
juelich_pilot_d30_r5_log_distance_s02_w1,juelich,12345,2,2,log-distance,36,37,veh7,veh2,5,5,0,473.182,1,11.1819,0,-80.1781,16.7982,5,0.035,0.02,0.0378571
juelich_pilot_d30_r5_log_distance_s02_w1,juelich,12345,2,2,log-distance,36,37,veh7,veh3,5,5,0,418.285,1,11.1819,11.8172,-79.1071,17.8692,5,0.035,0.025,0.0378571
juelich_pilot_d30_r5_log_distance_s02_w1,juelich,12345,2,2,log-distance,36,37,veh7,veh4,5,0,1,937.096,0,11.1819,0,nan,nan,0,0.035,0.045,0.0378571
juelich_pilot_d30_r5_log_distance_s02_w1,juelich,12345,2,2,log-distance,36,37,veh7,veh5,5,5,0,411.998,1,11.1819,7.46341,-78.9751,18.0012,5,0.035,0.035,0.0378571
juelich_pilot_d30_r5_log_distance_s02_w1,juelich,12345,2,2,log-distance,36,37,veh7,veh8,5,5,0,176.458,1,11.1819,7.13318,-71.609,25.3673,5,0.035,0.03,0.0378571
juelich_pilot_d30_r5_log_distance_s02_w1,juelich,12345,2,2,log-distance,36,37,veh7,veh9,5,0,1,943.941,0,11.1819,3.55949,nan,nan,0,0.035,0.04,0.0378571
juelich_pilot_d30_r5_log_distance_s02_w1,juelich,12345,2,2,log-distance,36,37,veh8,veh0,5,0,1,871.905,0,7.13318,13.4539,nan,nan,0,0.03,0.05,0.0378571
juelich_pilot_d30_r5_log_distance_s02_w1,juelich,12345,2,2,log-distance,36,37,veh8,veh1,1,0,1,999.673,0,7.14658,8.34407,nan,nan,0,0.03,0.04,0.0378571
juelich_pilot_d30_r5_log_distance_s02_w1,juelich,12345,2,2,log-distance,36,37,veh8,veh11,5,0,1,996.145,0,7.13318,7.34284,nan,nan,0,0.03,0.04,0.0378571
juelich_pilot_d30_r5_log_distance_s02_w1,juelich,12345,2,2,log-distance,36,37,veh8,veh13,5,0,1,910.789,0,7.13318,2.74753,nan,nan,0,0.03,0.05,0.0378571
juelich_pilot_d30_r5_log_distance_s02_w1,juelich,12345,2,2,log-distance,36,37,veh8,veh2,5,5,0,362.565,1,7.13318,0,-77.8654,19.1109,5,0.03,0.02,0.0378571
juelich_pilot_d30_r5_log_distance_s02_w1,juelich,12345,2,2,log-distance,36,37,veh8,veh3,5,5,0,314.617,1,7.13318,11.8172,-76.6331,20.3432,5,0.03,0.025,0.0378571
juelich_pilot_d30_r5_log_distance_s02_w1,juelich,12345,2,2,log-distance,36,37,veh8,veh4,2,0,1,999.654,0,7.13392,0,nan,nan,0,0.03,0.045,0.0378571
juelich_pilot_d30_r5_log_distance_s02_w1,juelich,12345,2,2,log-distance,36,37,veh8,veh5,5,0,1,585.144,0,7.13318,7.46341,nan,nan,0,0.03,0.035,0.0378571
juelich_pilot_d30_r5_log_distance_s02_w1,juelich,12345,2,2,log-distance,36,37,veh8,veh7,5,5,0,176.458,1,7.13318,11.1819,-71.609,25.3673,5,0.03,0.035,0.0378571
juelich_pilot_d30_r5_log_distance_s02_w1,juelich,12345,2,2,log-distance,36,37,veh8,veh9,5,0,1,978.344,0,7.13318,3.55949,nan,nan,0,0.03,0.04,0.0378571
juelich_pilot_d30_r5_log_distance_s02_w1,juelich,12345,2,2,log-distance,36,37,veh9,veh0,5,5,0,437.98,1,3.55949,13.4539,-79.5065,17.4698,5,0.04,0.05,0.0378571
juelich_pilot_d30_r5_log_distance_s02_w1,juelich,12345,2,2,log-distance,36,37,veh9,veh1,5,5,0,139.586,1,3.55949,8.31332,-69.5732,27.4031,5,0.04,0.04,0.0378571
juelich_pilot_d30_r5_log_distance_s02_w1,juelich,12345,2,2,log-distance,36,37,veh9,veh10,5,5,0,164.112,1,3.55949,8.50044,-70.9805,25.9958,5,0.04,0.04,0.0378571
juelich_pilot_d30_r5_log_distance_s02_w1,juelich,12345,2,2,log-distance,36,37,veh9,veh11,5,5,0,97.1515,1,3.55949,7.34284,-66.4245,30.5518,5,0.04,0.04,0.0378571
juelich_pilot_d30_r5_log_distance_s02_w1,juelich,12345,2,2,log-distance,36,37,veh9,veh12,5,5,0,538.17,0,3.55949,7.84013,-81.2961,15.6802,5,0.04,0.04,0.0378571
juelich_pilot_d30_r5_log_distance_s02_w1,juelich,12345,2,2,log-distance,36,37,veh9,veh13,5,5,0,367.652,1,3.55949,2.74753,-77.9864,18.9898,5,0.04,0.05,0.0378571
juelich_pilot_d30_r5_log_distance_s02_w1,juelich,12345,2,2,log-distance,36,37,veh9,veh4,5,5,0,164.212,1,3.55949,0,-70.9858,25.9905,5,0.04,0.045,0.0378571
juelich_pilot_d30_r5_log_distance_s02_w1,juelich,12345,2,2,log-distance,36,37,veh9,veh5,5,0,1,896.519,0,3.55949,7.46341,nan,nan,0,0.04,0.035,0.0378571
juelich_pilot_d30_r5_log_distance_s02_w1,juelich,12345,2,2,log-distance,36,37,veh9,veh6,5,5,0,182.105,1,3.55949,8.48118,-71.884,25.0923,5,0.04,0.04,0.0378571
juelich_pilot_d30_r5_log_distance_s02_w1,juelich,12345,2,2,log-distance,36,37,veh9,veh7,5,0,1,943.941,0,3.55949,11.1819,nan,nan,0,0.04,0.035,0.0378571
juelich_pilot_d30_r5_log_distance_s02_w1,juelich,12345,2,2,log-distance,36,37,veh9,veh8,5,0,1,978.344,0,3.55949,7.13318,nan,nan,0,0.04,0.03,0.0378571
juelich_pilot_d30_r5_log_distance_s02_w1,juelich,12345,2,2,log-distance,37,38,veh0,veh1,5,5,0,575.331,0,13.48,8.34543,-81.876,15.1003,5,0.051,0.041,0.0389333
juelich_pilot_d30_r5_log_distance_s02_w1,juelich,12345,2,2,log-distance,37,38,veh0,veh10,5,5,0,446.861,1,13.48,8.51825,-79.6811,17.2952,5,0.051,0.041,0.0389333
juelich_pilot_d30_r5_log_distance_s02_w1,juelich,12345,2,2,log-distance,37,38,veh0,veh11,5,5,0,536.615,0,13.48,7.31567,-81.2709,15.7054,5,0.051,0.041,0.0389333
juelich_pilot_d30_r5_log_distance_s02_w1,juelich,12345,2,2,log-distance,37,38,veh0,veh12,5,5,0,461.708,1,13.48,8.5895,-79.9649,17.0114,5,0.051,0.041,0.0389333
juelich_pilot_d30_r5_log_distance_s02_w1,juelich,12345,2,2,log-distance,37,38,veh0,veh13,5,5,0,92.578,1,13.48,4.71435,-65.9998,30.9764,5,0.051,0.051,0.0389333
juelich_pilot_d30_r5_log_distance_s02_w1,juelich,12345,2,2,log-distance,37,38,veh0,veh14,1,1,0,510.026,0,13.4833,0,-80.8295,16.1467,1,0.051,0.045,0.0389333
juelich_pilot_d30_r5_log_distance_s02_w1,juelich,12345,2,2,log-distance,37,38,veh0,veh4,5,5,0,317.513,1,13.48,0,-76.7125,20.2638,5,0.051,0.046,0.0389333
juelich_pilot_d30_r5_log_distance_s02_w1,juelich,12345,2,2,log-distance,37,38,veh0,veh5,5,5,0,538.535,0,13.48,7.46658,-81.3019,15.6744,5,0.051,0.035,0.0389333
juelich_pilot_d30_r5_log_distance_s02_w1,juelich,12345,2,2,log-distance,37,38,veh0,veh6,5,5,0,427.986,1,13.48,8.51652,-79.3062,17.67,5,0.051,0.041,0.0389333
juelich_pilot_d30_r5_log_distance_s02_w1,juelich,12345,2,2,log-distance,37,38,veh0,veh7,5,0,1,754.402,0,13.48,11.1758,nan,nan,0,0.051,0.035,0.0389333
juelich_pilot_d30_r5_log_distance_s02_w1,juelich,12345,2,2,log-distance,37,38,veh0,veh8,5,0,1,876.998,0,13.48,7.11188,nan,nan,0,0.051,0.03,0.0389333
juelich_pilot_d30_r5_log_distance_s02_w1,juelich,12345,2,2,log-distance,37,38,veh0,veh9,5,5,0,451.039,1,13.48,0.180808,-79.7617,17.2146,5,0.051,0.041,0.0389333
juelich_pilot_d30_r5_log_distance_s02_w1,juelich,12345,2,2,log-distance,37,38,veh1,veh0,5,5,0,575.331,0,8.34543,13.48,-81.876,15.1003,5,0.041,0.051,0.0389333
juelich_pilot_d30_r5_log_distance_s02_w1,juelich,12345,2,2,log-distance,37,38,veh1,veh10,5,5,0,263.854,1,8.34543,8.51825,-75.105,21.8713,5,0.041,0.041,0.0389333
juelich_pilot_d30_r5_log_distance_s02_w1,juelich,12345,2,2,log-distance,37,38,veh1,veh11,5,5,0,41.648,1,8.34543,7.31567,-59.0694,37.9069,5,0.041,0.041,0.0389333
juelich_pilot_d30_r5_log_distance_s02_w1,juelich,12345,2,2,log-distance,37,38,veh1,veh12,5,0,1,656.774,0,8.34543,8.5895,nan,nan,0,0.041,0.041,0.0389333
juelich_pilot_d30_r5_log_distance_s02_w1,juelich,12345,2,2,log-distance,37,38,veh1,veh13,5,5,0,494.382,1,8.34543,4.71435,-80.5588,16.4175,5,0.041,0.051,0.0389333
juelich_pilot_d30_r5_log_distance_s02_w1,juelich,12345,2,2,log-distance,37,38,veh1,veh14,1,0,1,821.8,0,8.3447,0,nan,nan,0,0.041,0.045,0.0389333
juelich_pilot_d30_r5_log_distance_s02_w1,juelich,12345,2,2,log-distance,37,38,veh1,veh4,5,5,0,294.62,1,8.34543,0,-76.0627,20.9136,5,0.041,0.046,0.0389333
juelich_pilot_d30_r5_log_distance_s02_w1,juelich,12345,2,2,log-distance,37,38,veh1,veh5,5,0,1,984.811,0,8.34543,7.46658,nan,nan,0,0.041,0.035,0.0389333
juelich_pilot_d30_r5_log_distance_s02_w1,juelich,12345,2,2,log-distance,37,38,veh1,veh6,5,5,0,289.62,1,8.34543,8.51652,-75.9143,21.062,5,0.041,0.041,0.0389333
juelich_pilot_d30_r5_log_distance_s02_w1,juelich,12345,2,2,log-distance,37,38,veh1,veh7,5,0,1,979.464,0,8.34543,11.1758,nan,nan,0,0.041,0.035,0.0389333
juelich_pilot_d30_r5_log_distance_s02_w1,juelich,12345,2,2,log-distance,37,38,veh1,veh8,5,0,1,996.5,0,8.34543,7.11188,nan,nan,0,0.041,0.03,0.0389333
juelich_pilot_d30_r5_log_distance_s02_w1,juelich,12345,2,2,log-distance,37,38,veh1,veh9,5,5,0,131.162,1,8.34543,0.180808,-69.0324,27.9439,5,0.041,0.041,0.0389333
juelich_pilot_d30_r5_log_distance_s02_w1,juelich,12345,2,2,log-distance,37,38,veh10,veh0,5,5,0,446.861,1,8.51825,13.48,-79.6811,17.2952,5,0.041,0.051,0.0389333
juelich_pilot_d30_r5_log_distance_s02_w1,juelich,12345,2,2,log-distance,37,38,veh10,veh1,5,5,0,263.854,1,8.51825,8.34543,-75.105,21.8713,5,0.041,0.041,0.0389333
juelich_pilot_d30_r5_log_distance_s02_w1,juelich,12345,2,2,log-distance,37,38,veh10,veh11,5,5,0,227.807,1,8.51825,7.31567,-73.829,23.1472,5,0.041,0.041,0.0389333
juelich_pilot_d30_r5_log_distance_s02_w1,juelich,12345,2,2,log-distance,37,38,veh10,veh12,5,5,0,394.715,1,8.51825,8.5895,-78.6033,18.3729,5,0.041,0.041,0.0389333
juelich_pilot_d30_r5_log_distance_s02_w1,juelich,12345,2,2,log-distance,37,38,veh10,veh13,5,5,0,354.298,1,8.51825,4.71435,-77.6648,19.3115,5,0.041,0.051,0.0389333
juelich_pilot_d30_r5_log_distance_s02_w1,juelich,12345,2,2,log-distance,37,38,veh10,veh14,1,1,0,564.516,0,8.56581,0,-81.7112,15.2651,1,0.041,0.045,0.0389333
juelich_pilot_d30_r5_log_distance_s02_w1,juelich,12345,2,2,log-distance,37,38,veh10,veh4,5,5,0,137.456,1,8.51825,0,-69.4407,27.5355,5,0.041,0.046,0.0389333
juelich_pilot_d30_r5_log_distance_s02_w1,juelich,12345,2,2,log-distance,37,38,veh10,veh5,5,0,1,953.263,0,8.51825,7.46658,nan,nan,0,0.041,0.035,0.0389333
juelich_pilot_d30_r5_log_distance_s02_w1,juelich,12345,2,2,log-distance,37,38,veh10,veh6,5,5,0,28.6802,1,8.51825,8.51652,-55.8294,41.1469,5,0.041,0.041,0.0389333
juelich_pilot_d30_r5_log_distance_s02_w1,juelich,12345,2,2,log-distance,37,38,veh10,veh9,5,5,0,167.999,1,8.51825,0.180808,-71.1835,25.7928,5,0.041,0.041,0.0389333
juelich_pilot_d30_r5_log_distance_s02_w1,juelich,12345,2,2,log-distance,37,38,veh11,veh0,5,5,0,536.615,0,7.31567,13.48,-81.2709,15.7054,5,0.041,0.051,0.0389333
juelich_pilot_d30_r5_log_distance_s02_w1,juelich,12345,2,2,log-distance,37,38,veh11,veh1,5,5,0,41.648,1,7.31567,8.34543,-59.0694,37.9069,5,0.041,0.041,0.0389333
juelich_pilot_d30_r5_log_distance_s02_w1,juelich,12345,2,2,log-distance,37,38,veh11,veh10,5,5,0,227.807,1,7.31567,8.51825,-73.829,23.1472,5,0.041,0.041,0.0389333
juelich_pilot_d30_r5_log_distance_s02_w1,juelich,12345,2,2,log-distance,37,38,veh11,veh12,5,0,1,618.514,0,7.31567,8.5895,nan,nan,0,0.041,0.041,0.0389333
juelich_pilot_d30_r5_log_distance_s02_w1,juelich,12345,2,2,log-distance,37,38,veh11,veh13,5,5,0,454.498,1,7.31567,4.71435,-79.8282,17.1481,5,0.041,0.051,0.0389333
juelich_pilot_d30_r5_log_distance_s02_w1,juelich,12345,2,2,log-distance,37,38,veh11,veh14,1,0,1,782.466,0,7.3938,0,nan,nan,0,0.041,0.045,0.0389333
juelich_pilot_d30_r5_log_distance_s02_w1,juelich,12345,2,2,log-distance,37,38,veh11,veh4,5,5,0,252.972,1,7.31567,0,-74.7388,22.2374,5,0.041,0.046,0.0389333
juelich_pilot_d30_r5_log_distance_s02_w1,juelich,12345,2,2,log-distance,37,38,veh11,veh5,5,0,1,957.286,0,7.31567,7.46658,nan,nan,0,0.041,0.035,0.0389333
juelich_pilot_d30_r5_log_distance_s02_w1,juelich,12345,2,2,log-distance,37,38,veh11,veh6,5,5,0,252.524,1,7.31567,8.51652,-74.7237,22.2525,5,0.041,0.041,0.0389333
juelich_pilot_d30_r5_log_distance_s02_w1,juelich,12345,2,2,log-distance,37,38,veh11,veh7,5,0,1,966.749,0,7.31567,11.1758,nan,nan,0,0.041,0.035,0.0389333
juelich_pilot_d30_r5_log_distance_s02_w1,juelich,12345,2,2,log-distance,37,38,veh11,veh8,5,0,1,991.493,0,7.31567,7.11188,nan,nan,0,0.041,0.03,0.0389333
juelich_pilot_d30_r5_log_distance_s02_w1,juelich,12345,2,2,log-distance,37,38,veh11,veh9,5,5,0,89.6965,1,7.31567,0.180808,-65.7309,31.2454,5,0.041,0.041,0.0389333
juelich_pilot_d30_r5_log_distance_s02_w1,juelich,12345,2,2,log-distance,37,38,veh12,veh0,5,0,1,461.708,1,8.5895,13.48,nan,nan,0,0.041,0.051,0.0389333
juelich_pilot_d30_r5_log_distance_s02_w1,juelich,12345,2,2,log-distance,37,38,veh12,veh1,5,0,1,656.774,0,8.5895,8.34543,nan,nan,0,0.041,0.041,0.0389333
juelich_pilot_d30_r5_log_distance_s02_w1,juelich,12345,2,2,log-distance,37,38,veh12,veh10,5,0,1,394.715,1,8.5895,8.51825,nan,nan,0,0.041,0.041,0.0389333
juelich_pilot_d30_r5_log_distance_s02_w1,juelich,12345,2,2,log-distance,37,38,veh12,veh11,5,0,1,618.514,0,8.5895,7.31567,nan,nan,0,0.041,0.041,0.0389333
juelich_pilot_d30_r5_log_distance_s02_w1,juelich,12345,2,2,log-distance,37,38,veh12,veh13,5,0,1,409.869,1,8.5895,4.71435,nan,nan,0,0.041,0.051,0.0389333
juelich_pilot_d30_r5_log_distance_s02_w1,juelich,12345,2,2,log-distance,37,38,veh12,veh14,1,1,0,182.084,1,8.53003,0,-71.8831,8.49286,1,0.041,0.045,0.0389333
juelich_pilot_d30_r5_log_distance_s02_w1,juelich,12345,2,2,log-distance,37,38,veh12,veh4,5,0,1,401.179,1,8.5895,0,nan,nan,0,0.041,0.046,0.0389333
juelich_pilot_d30_r5_log_distance_s02_w1,juelich,12345,2,2,log-distance,37,38,veh12,veh5,5,0,1,981.936,0,8.5895,7.46658,nan,nan,0,0.041,0.035,0.0389333
juelich_pilot_d30_r5_log_distance_s02_w1,juelich,12345,2,2,log-distance,37,38,veh12,veh6,5,0,1,367.675,1,8.5895,8.51652,nan,nan,0,0.041,0.041,0.0389333
juelich_pilot_d30_r5_log_distance_s02_w1,juelich,12345,2,2,log-distance,37,38,veh12,veh9,5,0,1,543.151,0,8.5895,0.180808,nan,nan,0,0.041,0.041,0.0389333
juelich_pilot_d30_r5_log_distance_s02_w1,juelich,12345,2,2,log-distance,37,38,veh13,veh0,5,5,0,92.578,1,4.71435,13.48,-65.9998,13.8795,5,0.051,0.051,0.0389333
juelich_pilot_d30_r5_log_distance_s02_w1,juelich,12345,2,2,log-distance,37,38,veh13,veh1,5,0,1,494.382,1,4.71435,8.34543,nan,nan,0,0.051,0.041,0.0389333
juelich_pilot_d30_r5_log_distance_s02_w1,juelich,12345,2,2,log-distance,37,38,veh13,veh10,5,0,1,354.298,1,4.71435,8.51825,nan,nan,0,0.051,0.041,0.0389333
juelich_pilot_d30_r5_log_distance_s02_w1,juelich,12345,2,2,log-distance,37,38,veh13,veh11,5,0,1,454.498,1,4.71435,7.31567,nan,nan,0,0.051,0.041,0.0389333
juelich_pilot_d30_r5_log_distance_s02_w1,juelich,12345,2,2,log-distance,37,38,veh13,veh12,5,0,1,409.869,1,4.71435,8.5895,nan,nan,0,0.051,0.041,0.0389333
juelich_pilot_d30_r5_log_distance_s02_w1,juelich,12345,2,2,log-distance,37,38,veh13,veh14,1,0,1,489.461,1,5.51309,0,nan,nan,0,0.051,0.045,0.0389333
juelich_pilot_d30_r5_log_distance_s02_w1,juelich,12345,2,2,log-distance,37,38,veh13,veh4,5,5,0,226.055,1,4.71435,0,-73.7619,4.91767,5,0.051,0.046,0.0389333
juelich_pilot_d30_r5_log_distance_s02_w1,juelich,12345,2,2,log-distance,37,38,veh13,veh5,5,0,1,621.064,0,4.71435,7.46658,nan,nan,0,0.051,0.035,0.0389333
juelich_pilot_d30_r5_log_distance_s02_w1,juelich,12345,2,2,log-distance,37,38,veh13,veh6,5,0,1,335.524,1,4.71435,8.51652,nan,nan,0,0.051,0.041,0.0389333
juelich_pilot_d30_r5_log_distance_s02_w1,juelich,12345,2,2,log-distance,37,38,veh13,veh7,5,0,1,805.469,0,4.71435,11.1758,nan,nan,0,0.051,0.035,0.0389333
juelich_pilot_d30_r5_log_distance_s02_w1,juelich,12345,2,2,log-distance,37,38,veh13,veh8,5,0,1,913.668,0,4.71435,7.11188,nan,nan,0,0.051,0.03,0.0389333
juelich_pilot_d30_r5_log_distance_s02_w1,juelich,12345,2,2,log-distance,37,38,veh13,veh9,5,0,1,366.842,1,4.71435,0.180808,nan,nan,0,0.051,0.041,0.0389333
juelich_pilot_d30_r5_log_distance_s02_w1,juelich,12345,2,2,log-distance,37,38,veh14,veh0,1,1,0,510.026,0,0,13.4833,-80.8295,16.1467,1,0.045,0.051,0.0389333
juelich_pilot_d30_r5_log_distance_s02_w1,juelich,12345,2,2,log-distance,37,38,veh14,veh1,1,0,1,821.8,0,0,8.3447,nan,nan,0,0.045,0.041,0.0389333
juelich_pilot_d30_r5_log_distance_s02_w1,juelich,12345,2,2,log-distance,37,38,veh14,veh10,1,1,0,564.516,0,0,8.56581,-81.7112,15.2651,1,0.045,0.041,0.0389333
juelich_pilot_d30_r5_log_distance_s02_w1,juelich,12345,2,2,log-distance,37,38,veh14,veh11,1,0,1,782.466,0,0,7.3938,nan,nan,0,0.045,0.041,0.0389333
juelich_pilot_d30_r5_log_distance_s02_w1,juelich,12345,2,2,log-distance,37,38,veh14,veh12,1,1,0,182.084,1,0,8.53003,-71.8831,25.0931,1,0.045,0.041,0.0389333
juelich_pilot_d30_r5_log_distance_s02_w1,juelich,12345,2,2,log-distance,37,38,veh14,veh13,1,1,0,489.461,1,0,5.51309,-80.4721,16.5042,1,0.045,0.051,0.0389333
juelich_pilot_d30_r5_log_distance_s02_w1,juelich,12345,2,2,log-distance,37,38,veh14,veh4,1,1,0,550.228,0,0,0,-81.4886,15.4877,1,0.045,0.046,0.0389333
juelich_pilot_d30_r5_log_distance_s02_w1,juelich,12345,2,2,log-distance,37,38,veh14,veh5,1,0,1,978.295,0,0,7.51244,nan,nan,0,0.045,0.035,0.0389333
juelich_pilot_d30_r5_log_distance_s02_w1,juelich,12345,2,2,log-distance,37,38,veh14,veh6,1,1,0,536.465,0,0,8.53924,-81.2685,15.7078,1,0.045,0.041,0.0389333
juelich_pilot_d30_r5_log_distance_s02_w1,juelich,12345,2,2,log-distance,37,38,veh14,veh9,1,0,1,704.53,0,0,0,nan,nan,0,0.045,0.041,0.0389333
juelich_pilot_d30_r5_log_distance_s02_w1,juelich,12345,2,2,log-distance,37,38,veh2,veh3,5,5,0,68.4111,1,0,12.7102,-63.3683,32.2372,5,0.02,0.025,0.0389333
juelich_pilot_d30_r5_log_distance_s02_w1,juelich,12345,2,2,log-distance,37,38,veh2,veh5,5,0,1,851.995,0,0,7.46658,nan,nan,0,0.02,0.035,0.0389333
juelich_pilot_d30_r5_log_distance_s02_w1,juelich,12345,2,2,log-distance,37,38,veh2,veh7,5,5,0,483.845,1,0,11.1758,-80.3717,14.8199,5,0.02,0.035,0.0389333
juelich_pilot_d30_r5_log_distance_s02_w1,juelich,12345,2,2,log-distance,37,38,veh2,veh8,5,5,0,363.548,1,0,7.11188,-77.8889,17.4542,5,0.02,0.03,0.0389333
juelich_pilot_d30_r5_log_distance_s02_w1,juelich,12345,2,2,log-distance,37,38,veh3,veh2,5,5,0,68.4111,1,12.7102,0,-63.3683,33.608,5,0.025,0.02,0.0389333
juelich_pilot_d30_r5_log_distance_s02_w1,juelich,12345,2,2,log-distance,37,38,veh3,veh5,5,0,1,783.671,0,12.7102,7.46658,nan,nan,0,0.025,0.035,0.0389333
juelich_pilot_d30_r5_log_distance_s02_w1,juelich,12345,2,2,log-distance,37,38,veh3,veh7,5,5,0,416.795,1,12.7102,11.1758,-79.0761,17.9001,5,0.025,0.035,0.0389333
juelich_pilot_d30_r5_log_distance_s02_w1,juelich,12345,2,2,log-distance,37,38,veh3,veh8,5,5,0,306.487,1,12.7102,7.11188,-76.4057,20.5706,5,0.025,0.03,0.0389333
juelich_pilot_d30_r5_log_distance_s02_w1,juelich,12345,2,2,log-distance,37,38,veh4,veh0,5,5,0,317.513,1,0,13.48,-76.7125,20.2638,5,0.046,0.051,0.0389333
juelich_pilot_d30_r5_log_distance_s02_w1,juelich,12345,2,2,log-distance,37,38,veh4,veh1,5,5,0,294.62,1,0,8.34543,-76.0627,20.9136,5,0.046,0.041,0.0389333
juelich_pilot_d30_r5_log_distance_s02_w1,juelich,12345,2,2,log-distance,37,38,veh4,veh10,5,5,0,137.456,1,0,8.51825,-69.4407,27.5355,5,0.046,0.041,0.0389333
juelich_pilot_d30_r5_log_distance_s02_w1,juelich,12345,2,2,log-distance,37,38,veh4,veh11,5,5,0,252.972,1,0,7.31567,-74.7388,22.2374,5,0.046,0.041,0.0389333
juelich_pilot_d30_r5_log_distance_s02_w1,juelich,12345,2,2,log-distance,37,38,veh4,veh12,5,5,0,401.179,1,0,8.5895,-78.7444,18.2319,5,0.046,0.041,0.0389333
juelich_pilot_d30_r5_log_distance_s02_w1,juelich,12345,2,2,log-distance,37,38,veh4,veh13,5,5,0,226.055,1,0,4.71435,-73.7619,23.2144,5,0.046,0.051,0.0389333
juelich_pilot_d30_r5_log_distance_s02_w1,juelich,12345,2,2,log-distance,37,38,veh4,veh14,1,1,0,550.228,0,0,0,-81.4886,15.4877,1,0.046,0.045,0.0389333
juelich_pilot_d30_r5_log_distance_s02_w1,juelich,12345,2,2,log-distance,37,38,veh4,veh5,5,0,1,815.821,0,0,7.46658,nan,nan,0,0.046,0.035,0.0389333
juelich_pilot_d30_r5_log_distance_s02_w1,juelich,12345,2,2,log-distance,37,38,veh4,veh6,5,5,0,127.503,1,0,8.51652,-68.788,28.1883,5,0.046,0.041,0.0389333
juelich_pilot_d30_r5_log_distance_s02_w1,juelich,12345,2,2,log-distance,37,38,veh4,veh7,5,0,1,926.275,0,0,11.1758,nan,nan,0,0.046,0.035,0.0389333
juelich_pilot_d30_r5_log_distance_s02_w1,juelich,12345,2,2,log-distance,37,38,veh4,veh8,5,0,1,998.109,0,0,7.11188,nan,nan,0,0.046,0.03,0.0389333
juelich_pilot_d30_r5_log_distance_s02_w1,juelich,12345,2,2,log-distance,37,38,veh4,veh9,5,5,0,164.138,1,0,0.180808,-70.9819,25.9944,5,0.046,0.041,0.0389333
juelich_pilot_d30_r5_log_distance_s02_w1,juelich,12345,2,2,log-distance,37,38,veh5,veh0,5,5,0,538.535,0,7.46658,13.48,-81.3019,15.6744,5,0.035,0.051,0.0389333
juelich_pilot_d30_r5_log_distance_s02_w1,juelich,12345,2,2,log-distance,37,38,veh5,veh1,5,0,1,984.811,0,7.46658,8.34543,nan,nan,0,0.035,0.041,0.0389333
juelich_pilot_d30_r5_log_distance_s02_w1,juelich,12345,2,2,log-distance,37,38,veh5,veh10,5,0,1,953.263,0,7.46658,8.51825,nan,nan,0,0.035,0.041,0.0389333
juelich_pilot_d30_r5_log_distance_s02_w1,juelich,12345,2,2,log-distance,37,38,veh5,veh11,5,0,1,957.286,0,7.46658,7.31567,nan,nan,0,0.035,0.041,0.0389333
juelich_pilot_d30_r5_log_distance_s02_w1,juelich,12345,2,2,log-distance,37,38,veh5,veh12,5,0,1,981.936,0,7.46658,8.5895,nan,nan,0,0.035,0.041,0.0389333
juelich_pilot_d30_r5_log_distance_s02_w1,juelich,12345,2,2,log-distance,37,38,veh5,veh13,5,0,1,621.064,0,7.46658,4.71435,nan,nan,0,0.035,0.051,0.0389333
juelich_pilot_d30_r5_log_distance_s02_w1,juelich,12345,2,2,log-distance,37,38,veh5,veh14,1,0,1,978.295,0,7.51244,0,nan,nan,0,0.035,0.045,0.0389333
juelich_pilot_d30_r5_log_distance_s02_w1,juelich,12345,2,2,log-distance,37,38,veh5,veh2,5,0,1,851.995,0,7.46658,0,nan,nan,0,0.035,0.02,0.0389333
juelich_pilot_d30_r5_log_distance_s02_w1,juelich,12345,2,2,log-distance,37,38,veh5,veh3,5,0,1,783.671,0,7.46658,12.7102,nan,nan,0,0.035,0.025,0.0389333
juelich_pilot_d30_r5_log_distance_s02_w1,juelich,12345,2,2,log-distance,37,38,veh5,veh4,5,0,1,815.821,0,7.46658,0,nan,nan,0,0.035,0.046,0.0389333
juelich_pilot_d30_r5_log_distance_s02_w1,juelich,12345,2,2,log-distance,37,38,veh5,veh6,5,0,1,940.852,0,7.46658,8.51652,nan,nan,0,0.035,0.041,0.0389333
juelich_pilot_d30_r5_log_distance_s02_w1,juelich,12345,2,2,log-distance,37,38,veh5,veh7,5,5,0,397.43,1,7.46658,11.1758,-78.6625,18.3138,5,0.035,0.035,0.0389333
juelich_pilot_d30_r5_log_distance_s02_w1,juelich,12345,2,2,log-distance,37,38,veh5,veh8,5,5,0,582.508,0,7.46658,7.11188,-81.9837,14.9926,5,0.035,0.03,0.0389333
juelich_pilot_d30_r5_log_distance_s02_w1,juelich,12345,2,2,log-distance,37,38,veh5,veh9,5,0,1,893.851,0,7.46658,0.180808,nan,nan,0,0.035,0.041,0.0389333
juelich_pilot_d30_r5_log_distance_s02_w1,juelich,12345,2,2,log-distance,37,38,veh6,veh0,5,5,0,427.986,1,8.51652,13.48,-79.3062,17.67,5,0.041,0.051,0.0389333
juelich_pilot_d30_r5_log_distance_s02_w1,juelich,12345,2,2,log-distance,37,38,veh6,veh1,5,5,0,289.62,1,8.51652,8.34543,-75.9143,21.062,5,0.041,0.041,0.0389333
juelich_pilot_d30_r5_log_distance_s02_w1,juelich,12345,2,2,log-distance,37,38,veh6,veh10,5,5,0,28.6802,1,8.51652,8.51825,-55.8294,41.1469,5,0.041,0.041,0.0389333
juelich_pilot_d30_r5_log_distance_s02_w1,juelich,12345,2,2,log-distance,37,38,veh6,veh11,5,5,0,252.524,1,8.51652,7.31567,-74.7237,22.2525,5,0.041,0.041,0.0389333
juelich_pilot_d30_r5_log_distance_s02_w1,juelich,12345,2,2,log-distance,37,38,veh6,veh12,5,5,0,367.675,1,8.51652,8.5895,-77.987,18.9893,5,0.041,0.041,0.0389333
juelich_pilot_d30_r5_log_distance_s02_w1,juelich,12345,2,2,log-distance,37,38,veh6,veh13,5,5,0,335.524,1,8.51652,4.71435,-77.1919,19.7844,5,0.041,0.051,0.0389333
juelich_pilot_d30_r5_log_distance_s02_w1,juelich,12345,2,2,log-distance,37,38,veh6,veh14,1,1,0,536.465,0,8.53924,0,-81.2685,15.7078,1,0.041,0.045,0.0389333
juelich_pilot_d30_r5_log_distance_s02_w1,juelich,12345,2,2,log-distance,37,38,veh6,veh4,5,5,0,127.503,1,8.51652,0,-68.788,28.1883,5,0.041,0.046,0.0389333
juelich_pilot_d30_r5_log_distance_s02_w1,juelich,12345,2,2,log-distance,37,38,veh6,veh5,5,0,1,940.852,0,8.51652,7.46658,nan,nan,0,0.041,0.035,0.0389333
juelich_pilot_d30_r5_log_distance_s02_w1,juelich,12345,2,2,log-distance,37,38,veh6,veh9,5,5,0,187.046,1,8.51652,0.180808,-72.1163,24.86,5,0.041,0.041,0.0389333
juelich_pilot_d30_r5_log_distance_s02_w1,juelich,12345,2,2,log-distance,37,38,veh7,veh0,5,0,1,754.402,0,11.1758,13.48,nan,nan,0,0.035,0.051,0.0389333
juelich_pilot_d30_r5_log_distance_s02_w1,juelich,12345,2,2,log-distance,37,38,veh7,veh1,5,0,1,979.464,0,11.1758,8.34543,nan,nan,0,0.035,0.041,0.0389333
juelich_pilot_d30_r5_log_distance_s02_w1,juelich,12345,2,2,log-distance,37,38,veh7,veh11,5,0,1,966.749,0,11.1758,7.31567,nan,nan,0,0.035,0.041,0.0389333
juelich_pilot_d30_r5_log_distance_s02_w1,juelich,12345,2,2,log-distance,37,38,veh7,veh13,5,0,1,805.469,0,11.1758,4.71435,nan,nan,0,0.035,0.051,0.0389333
juelich_pilot_d30_r5_log_distance_s02_w1,juelich,12345,2,2,log-distance,37,38,veh7,veh2,5,5,0,483.845,1,11.1758,0,-80.3717,16.6046,5,0.035,0.02,0.0389333
juelich_pilot_d30_r5_log_distance_s02_w1,juelich,12345,2,2,log-distance,37,38,veh7,veh3,5,5,0,416.795,1,11.1758,12.7102,-79.0761,17.9001,5,0.035,0.025,0.0389333
juelich_pilot_d30_r5_log_distance_s02_w1,juelich,12345,2,2,log-distance,37,38,veh7,veh4,5,0,1,926.275,0,11.1758,0,nan,nan,0,0.035,0.046,0.0389333
juelich_pilot_d30_r5_log_distance_s02_w1,juelich,12345,2,2,log-distance,37,38,veh7,veh5,5,5,0,397.43,1,11.1758,7.46658,-78.6625,18.3138,5,0.035,0.035,0.0389333
juelich_pilot_d30_r5_log_distance_s02_w1,juelich,12345,2,2,log-distance,37,38,veh7,veh8,5,5,0,187.494,1,11.1758,7.11188,-72.1364,24.8399,5,0.035,0.03,0.0389333
juelich_pilot_d30_r5_log_distance_s02_w1,juelich,12345,2,2,log-distance,37,38,veh7,veh9,5,0,1,935.203,0,11.1758,0.180808,nan,nan,0,0.035,0.041,0.0389333
juelich_pilot_d30_r5_log_distance_s02_w1,juelich,12345,2,2,log-distance,37,38,veh8,veh0,5,0,1,876.998,0,7.11188,13.48,nan,nan,0,0.03,0.051,0.0389333
juelich_pilot_d30_r5_log_distance_s02_w1,juelich,12345,2,2,log-distance,37,38,veh8,veh1,5,0,1,996.5,0,7.11188,8.34543,nan,nan,0,0.03,0.041,0.0389333
juelich_pilot_d30_r5_log_distance_s02_w1,juelich,12345,2,2,log-distance,37,38,veh8,veh11,5,0,1,991.493,0,7.11188,7.31567,nan,nan,0,0.03,0.041,0.0389333
juelich_pilot_d30_r5_log_distance_s02_w1,juelich,12345,2,2,log-distance,37,38,veh8,veh13,5,0,1,913.668,0,7.11188,4.71435,nan,nan,0,0.03,0.051,0.0389333
juelich_pilot_d30_r5_log_distance_s02_w1,juelich,12345,2,2,log-distance,37,38,veh8,veh2,5,5,0,363.548,1,7.11188,0,-77.8889,19.0874,5,0.03,0.02,0.0389333
juelich_pilot_d30_r5_log_distance_s02_w1,juelich,12345,2,2,log-distance,37,38,veh8,veh3,5,5,0,306.487,1,7.11188,12.7102,-76.4057,20.5706,5,0.03,0.025,0.0389333
juelich_pilot_d30_r5_log_distance_s02_w1,juelich,12345,2,2,log-distance,37,38,veh8,veh4,5,0,1,998.109,0,7.11188,0,nan,nan,0,0.03,0.046,0.0389333
juelich_pilot_d30_r5_log_distance_s02_w1,juelich,12345,2,2,log-distance,37,38,veh8,veh5,5,5,0,582.508,0,7.11188,7.46658,-81.9837,14.9926,5,0.03,0.035,0.0389333
juelich_pilot_d30_r5_log_distance_s02_w1,juelich,12345,2,2,log-distance,37,38,veh8,veh7,5,5,0,187.494,1,7.11188,11.1758,-72.1364,24.8399,5,0.03,0.035,0.0389333
juelich_pilot_d30_r5_log_distance_s02_w1,juelich,12345,2,2,log-distance,37,38,veh8,veh9,5,0,1,976.462,0,7.11188,0.180808,nan,nan,0,0.03,0.041,0.0389333
juelich_pilot_d30_r5_log_distance_s02_w1,juelich,12345,2,2,log-distance,37,38,veh9,veh0,5,5,0,451.039,1,0.180808,13.48,-79.7617,17.2146,5,0.041,0.051,0.0389333
juelich_pilot_d30_r5_log_distance_s02_w1,juelich,12345,2,2,log-distance,37,38,veh9,veh1,5,5,0,131.162,1,0.180808,8.34543,-69.0324,27.9439,5,0.041,0.041,0.0389333
juelich_pilot_d30_r5_log_distance_s02_w1,juelich,12345,2,2,log-distance,37,38,veh9,veh10,5,5,0,167.999,1,0.180808,8.51825,-71.1835,25.7928,5,0.041,0.041,0.0389333
juelich_pilot_d30_r5_log_distance_s02_w1,juelich,12345,2,2,log-distance,37,38,veh9,veh11,5,5,0,89.6965,1,0.180808,7.31567,-65.7309,31.2454,5,0.041,0.041,0.0389333
juelich_pilot_d30_r5_log_distance_s02_w1,juelich,12345,2,2,log-distance,37,38,veh9,veh12,5,5,0,543.151,0,0.180808,8.5895,-81.3761,15.6002,5,0.041,0.041,0.0389333
juelich_pilot_d30_r5_log_distance_s02_w1,juelich,12345,2,2,log-distance,37,38,veh9,veh13,5,5,0,366.842,1,0.180808,4.71435,-77.9673,19.009,5,0.041,0.051,0.0389333
juelich_pilot_d30_r5_log_distance_s02_w1,juelich,12345,2,2,log-distance,37,38,veh9,veh14,1,0,1,704.53,0,0,0,nan,nan,0,0.041,0.045,0.0389333
juelich_pilot_d30_r5_log_distance_s02_w1,juelich,12345,2,2,log-distance,37,38,veh9,veh4,5,5,0,164.138,1,0.180808,0,-70.9819,25.9944,5,0.041,0.046,0.0389333
juelich_pilot_d30_r5_log_distance_s02_w1,juelich,12345,2,2,log-distance,37,38,veh9,veh5,5,0,1,893.851,0,0.180808,7.46658,nan,nan,0,0.041,0.035,0.0389333
juelich_pilot_d30_r5_log_distance_s02_w1,juelich,12345,2,2,log-distance,37,38,veh9,veh6,5,5,0,187.046,1,0.180808,8.51652,-72.1163,24.86,5,0.041,0.041,0.0389333
juelich_pilot_d30_r5_log_distance_s02_w1,juelich,12345,2,2,log-distance,37,38,veh9,veh7,5,0,1,935.203,0,0.180808,11.1758,nan,nan,0,0.041,0.035,0.0389333
juelich_pilot_d30_r5_log_distance_s02_w1,juelich,12345,2,2,log-distance,37,38,veh9,veh8,5,0,1,976.462,0,0.180808,7.11188,nan,nan,0,0.041,0.03,0.0389333
juelich_pilot_d30_r5_log_distance_s02_w1,juelich,12345,2,2,log-distance,38,39,veh0,veh1,5,5,0,580.73,0,13.4646,8.30894,-81.9572,15.0191,5,0.055,0.045,0.0413333
juelich_pilot_d30_r5_log_distance_s02_w1,juelich,12345,2,2,log-distance,38,39,veh0,veh10,5,5,0,451.62,1,13.4646,8.5274,-79.7731,17.2032,5,0.055,0.045,0.0413333
juelich_pilot_d30_r5_log_distance_s02_w1,juelich,12345,2,2,log-distance,38,39,veh0,veh11,5,5,0,542.939,0,13.4646,7.33868,-81.3727,15.6036,5,0.055,0.045,0.0413333
juelich_pilot_d30_r5_log_distance_s02_w1,juelich,12345,2,2,log-distance,38,39,veh0,veh12,5,5,0,469.361,1,13.4646,5.8337,-80.1078,16.8685,5,0.055,0.045,0.0413333
juelich_pilot_d30_r5_log_distance_s02_w1,juelich,12345,2,2,log-distance,38,39,veh0,veh13,5,5,0,107.445,1,13.4646,6.61113,-67.2941,29.6822,5,0.055,0.055,0.0413333
juelich_pilot_d30_r5_log_distance_s02_w1,juelich,12345,2,2,log-distance,38,39,veh0,veh14,5,5,0,507.17,0,13.4646,1.43778,-80.7807,16.1955,5,0.055,0.045,0.0413333
juelich_pilot_d30_r5_log_distance_s02_w1,juelich,12345,2,2,log-distance,38,39,veh0,veh4,5,5,0,329.115,1,13.4646,0,-77.0242,19.9521,5,0.055,0.05,0.0413333
juelich_pilot_d30_r5_log_distance_s02_w1,juelich,12345,2,2,log-distance,38,39,veh0,veh5,5,5,0,531.815,0,13.4646,7.44084,-81.1929,15.7834,5,0.055,0.035,0.0413333
juelich_pilot_d30_r5_log_distance_s02_w1,juelich,12345,2,2,log-distance,38,39,veh0,veh6,5,5,0,432.791,1,13.4646,8.48164,-79.4032,17.5731,5,0.055,0.045,0.0413333
juelich_pilot_d30_r5_log_distance_s02_w1,juelich,12345,2,2,log-distance,38,39,veh0,veh7,5,0,1,745.375,0,13.4646,11.1961,nan,nan,0,0.055,0.035,0.0413333
juelich_pilot_d30_r5_log_distance_s02_w1,juelich,12345,2,2,log-distance,38,39,veh0,veh8,5,0,1,881.414,0,13.4646,7.10865,nan,nan,0,0.055,0.03,0.0413333
juelich_pilot_d30_r5_log_distance_s02_w1,juelich,12345,2,2,log-distance,38,39,veh0,veh9,5,5,0,463.966,1,13.4646,0,-80.0072,16.9691,5,0.055,0.045,0.0413333
juelich_pilot_d30_r5_log_distance_s02_w1,juelich,12345,2,2,log-distance,38,39,veh1,veh0,5,5,0,580.73,0,8.30894,13.4646,-81.9572,15.0191,5,0.045,0.055,0.0413333
juelich_pilot_d30_r5_log_distance_s02_w1,juelich,12345,2,2,log-distance,38,39,veh1,veh10,5,5,0,264.012,1,8.30894,8.5274,-75.1102,21.8661,5,0.045,0.045,0.0413333
juelich_pilot_d30_r5_log_distance_s02_w1,juelich,12345,2,2,log-distance,38,39,veh1,veh11,5,5,0,40.6479,1,8.30894,7.33868,-58.8583,38.118,5,0.045,0.045,0.0413333
juelich_pilot_d30_r5_log_distance_s02_w1,juelich,12345,2,2,log-distance,38,39,veh1,veh12,5,0,1,653.484,0,8.30894,5.8337,nan,nan,0,0.045,0.045,0.0413333
juelich_pilot_d30_r5_log_distance_s02_w1,juelich,12345,2,2,log-distance,38,39,veh1,veh13,5,5,0,484.803,1,8.30894,6.61113,-80.3889,16.5874,5,0.045,0.055,0.0413333
juelich_pilot_d30_r5_log_distance_s02_w1,juelich,12345,2,2,log-distance,38,39,veh1,veh14,5,0,1,816.493,0,8.30894,1.43778,nan,nan,0,0.045,0.045,0.0413333
juelich_pilot_d30_r5_log_distance_s02_w1,juelich,12345,2,2,log-distance,38,39,veh1,veh4,5,5,0,286.291,1,8.30894,0,-75.8136,21.1627,5,0.045,0.05,0.0413333
juelich_pilot_d30_r5_log_distance_s02_w1,juelich,12345,2,2,log-distance,38,39,veh1,veh5,5,0,1,974.075,0,8.30894,7.44084,nan,nan,0,0.045,0.035,0.0413333
juelich_pilot_d30_r5_log_distance_s02_w1,juelich,12345,2,2,log-distance,38,39,veh1,veh6,5,5,0,289.828,1,8.30894,8.48164,-75.9205,21.0558,5,0.045,0.045,0.0413333
juelich_pilot_d30_r5_log_distance_s02_w1,juelich,12345,2,2,log-distance,38,39,veh1,veh7,5,0,1,966.71,0,8.30894,11.1961,nan,nan,0,0.045,0.035,0.0413333
juelich_pilot_d30_r5_log_distance_s02_w1,juelich,12345,2,2,log-distance,38,39,veh1,veh8,5,0,1,991.363,0,8.30894,7.10865,nan,nan,0,0.045,0.03,0.0413333
juelich_pilot_d30_r5_log_distance_s02_w1,juelich,12345,2,2,log-distance,38,39,veh1,veh9,5,5,0,122.859,1,8.30894,0,-68.4643,28.512,5,0.045,0.045,0.0413333
juelich_pilot_d30_r5_log_distance_s02_w1,juelich,12345,2,2,log-distance,38,39,veh10,veh0,5,5,0,451.62,1,8.5274,13.4646,-79.7731,17.2032,5,0.045,0.055,0.0413333
juelich_pilot_d30_r5_log_distance_s02_w1,juelich,12345,2,2,log-distance,38,39,veh10,veh1,5,5,0,264.012,1,8.5274,8.30894,-75.1102,21.8661,5,0.045,0.045,0.0413333
juelich_pilot_d30_r5_log_distance_s02_w1,juelich,12345,2,2,log-distance,38,39,veh10,veh11,5,5,0,228.8,1,8.5274,7.33868,-73.8668,23.1095,5,0.045,0.045,0.0413333
juelich_pilot_d30_r5_log_distance_s02_w1,juelich,12345,2,2,log-distance,38,39,veh10,veh12,5,5,0,390.739,1,8.5274,5.8337,-78.5154,18.4609,5,0.045,0.045,0.0413333
juelich_pilot_d30_r5_log_distance_s02_w1,juelich,12345,2,2,log-distance,38,39,veh10,veh13,5,5,0,344.242,1,8.5274,6.61113,-77.4146,19.5616,5,0.045,0.055,0.0413333
juelich_pilot_d30_r5_log_distance_s02_w1,juelich,12345,2,2,log-distance,38,39,veh10,veh14,5,5,0,558.966,0,8.5274,1.43778,-81.6253,15.351,5,0.045,0.045,0.0413333
juelich_pilot_d30_r5_log_distance_s02_w1,juelich,12345,2,2,log-distance,38,39,veh10,veh4,5,5,0,133.857,1,8.5274,0,-69.2103,27.766,5,0.045,0.05,0.0413333
juelich_pilot_d30_r5_log_distance_s02_w1,juelich,12345,2,2,log-distance,38,39,veh10,veh5,5,0,1,945.921,0,8.5274,7.44084,nan,nan,0,0.045,0.035,0.0413333
juelich_pilot_d30_r5_log_distance_s02_w1,juelich,12345,2,2,log-distance,38,39,veh10,veh6,5,5,0,28.6483,1,8.5274,8.48164,-55.8197,41.1566,5,0.045,0.045,0.0413333
juelich_pilot_d30_r5_log_distance_s02_w1,juelich,12345,2,2,log-distance,38,39,veh10,veh9,5,5,0,173.315,1,8.5274,0,-71.4541,25.5222,5,0.045,0.045,0.0413333
juelich_pilot_d30_r5_log_distance_s02_w1,juelich,12345,2,2,log-distance,38,39,veh11,veh0,5,5,0,542.939,0,7.33868,13.4646,-81.3727,15.6036,5,0.045,0.055,0.0413333
juelich_pilot_d30_r5_log_distance_s02_w1,juelich,12345,2,2,log-distance,38,39,veh11,veh1,5,5,0,40.6479,1,7.33868,8.30894,-58.8583,38.118,5,0.045,0.045,0.0413333
juelich_pilot_d30_r5_log_distance_s02_w1,juelich,12345,2,2,log-distance,38,39,veh11,veh10,5,5,0,228.8,1,7.33868,8.5274,-73.8668,23.1095,5,0.045,0.045,0.0413333
juelich_pilot_d30_r5_log_distance_s02_w1,juelich,12345,2,2,log-distance,38,39,veh11,veh12,5,0,1,616.377,0,7.33868,5.8337,nan,nan,0,0.045,0.045,0.0413333
juelich_pilot_d30_r5_log_distance_s02_w1,juelich,12345,2,2,log-distance,38,39,veh11,veh13,5,5,0,445.793,1,7.33868,6.61113,-79.6602,17.3161,5,0.045,0.055,0.0413333
juelich_pilot_d30_r5_log_distance_s02_w1,juelich,12345,2,2,log-distance,38,39,veh11,veh14,5,0,1,777.756,0,7.33868,1.43778,nan,nan,0,0.045,0.045,0.0413333
juelich_pilot_d30_r5_log_distance_s02_w1,juelich,12345,2,2,log-distance,38,39,veh11,veh4,5,5,0,245.643,1,7.33868,0,-74.4835,22.4928,5,0.045,0.05,0.0413333
juelich_pilot_d30_r5_log_distance_s02_w1,juelich,12345,2,2,log-distance,38,39,veh11,veh5,5,0,1,947.568,0,7.33868,7.44084,nan,nan,0,0.045,0.035,0.0413333
juelich_pilot_d30_r5_log_distance_s02_w1,juelich,12345,2,2,log-distance,38,39,veh11,veh6,5,5,0,253.611,1,7.33868,8.48164,-74.7611,22.2152,5,0.045,0.045,0.0413333
juelich_pilot_d30_r5_log_distance_s02_w1,juelich,12345,2,2,log-distance,38,39,veh11,veh7,5,0,1,954.404,0,7.33868,11.1961,nan,nan,0,0.045,0.035,0.0413333
juelich_pilot_d30_r5_log_distance_s02_w1,juelich,12345,2,2,log-distance,38,39,veh11,veh8,5,0,1,987.029,0,7.33868,7.10865,nan,nan,0,0.045,0.03,0.0413333
juelich_pilot_d30_r5_log_distance_s02_w1,juelich,12345,2,2,log-distance,38,39,veh11,veh9,5,5,0,82.4181,1,7.33868,0,-64.9954,31.9808,5,0.045,0.045,0.0413333
juelich_pilot_d30_r5_log_distance_s02_w1,juelich,12345,2,2,log-distance,38,39,veh12,veh0,5,0,1,469.361,1,5.8337,13.4646,nan,nan,0,0.045,0.055,0.0413333
juelich_pilot_d30_r5_log_distance_s02_w1,juelich,12345,2,2,log-distance,38,39,veh12,veh1,5,0,1,653.484,0,5.8337,8.30894,nan,nan,0,0.045,0.045,0.0413333
juelich_pilot_d30_r5_log_distance_s02_w1,juelich,12345,2,2,log-distance,38,39,veh12,veh10,5,0,1,390.739,1,5.8337,8.5274,nan,nan,0,0.045,0.045,0.0413333
juelich_pilot_d30_r5_log_distance_s02_w1,juelich,12345,2,2,log-distance,38,39,veh12,veh11,5,0,1,616.377,0,5.8337,7.33868,nan,nan,0,0.045,0.045,0.0413333
juelich_pilot_d30_r5_log_distance_s02_w1,juelich,12345,2,2,log-distance,38,39,veh12,veh13,5,0,1,411.788,1,5.8337,6.61113,nan,nan,0,0.045,0.055,0.0413333
juelich_pilot_d30_r5_log_distance_s02_w1,juelich,12345,2,2,log-distance,38,39,veh12,veh14,5,5,0,180.915,1,5.8337,1.43778,-71.8272,8.49342,5,0.045,0.045,0.0413333
juelich_pilot_d30_r5_log_distance_s02_w1,juelich,12345,2,2,log-distance,38,39,veh12,veh4,5,0,1,407.07,1,5.8337,0,nan,nan,0,0.045,0.05,0.0413333
juelich_pilot_d30_r5_log_distance_s02_w1,juelich,12345,2,2,log-distance,38,39,veh12,veh5,5,0,1,988.432,0,5.8337,7.44084,nan,nan,0,0.045,0.035,0.0413333
juelich_pilot_d30_r5_log_distance_s02_w1,juelich,12345,2,2,log-distance,38,39,veh12,veh6,5,0,1,363.905,1,5.8337,8.48164,nan,nan,0,0.045,0.045,0.0413333
juelich_pilot_d30_r5_log_distance_s02_w1,juelich,12345,2,2,log-distance,38,39,veh12,veh9,5,0,1,548.148,0,5.8337,0,nan,nan,0,0.045,0.045,0.0413333
juelich_pilot_d30_r5_log_distance_s02_w1,juelich,12345,2,2,log-distance,38,39,veh13,veh0,5,5,0,107.445,1,6.61113,13.4646,-67.2941,12.7253,5,0.055,0.055,0.0413333
juelich_pilot_d30_r5_log_distance_s02_w1,juelich,12345,2,2,log-distance,38,39,veh13,veh1,5,0,1,484.803,1,6.61113,8.30894,nan,nan,0,0.055,0.045,0.0413333
juelich_pilot_d30_r5_log_distance_s02_w1,juelich,12345,2,2,log-distance,38,39,veh13,veh10,5,0,1,344.242,1,6.61113,8.5274,nan,nan,0,0.055,0.045,0.0413333
juelich_pilot_d30_r5_log_distance_s02_w1,juelich,12345,2,2,log-distance,38,39,veh13,veh11,5,0,1,445.793,1,6.61113,7.33868,nan,nan,0,0.055,0.045,0.0413333
juelich_pilot_d30_r5_log_distance_s02_w1,juelich,12345,2,2,log-distance,38,39,veh13,veh12,5,0,1,411.788,1,6.61113,5.8337,nan,nan,0,0.055,0.045,0.0413333
juelich_pilot_d30_r5_log_distance_s02_w1,juelich,12345,2,2,log-distance,38,39,veh13,veh14,5,0,1,486.281,1,6.61113,1.43778,nan,nan,0,0.055,0.045,0.0413333
juelich_pilot_d30_r5_log_distance_s02_w1,juelich,12345,2,2,log-distance,38,39,veh13,veh4,5,5,0,222.635,1,6.61113,0,-73.6295,5.17492,5,0.055,0.05,0.0413333
juelich_pilot_d30_r5_log_distance_s02_w1,juelich,12345,2,2,log-distance,38,39,veh13,veh5,5,0,1,624.147,0,6.61113,7.44084,nan,nan,0,0.055,0.035,0.0413333
juelich_pilot_d30_r5_log_distance_s02_w1,juelich,12345,2,2,log-distance,38,39,veh13,veh6,5,0,1,325.793,1,6.61113,8.48164,nan,nan,0,0.055,0.045,0.0413333
juelich_pilot_d30_r5_log_distance_s02_w1,juelich,12345,2,2,log-distance,38,39,veh13,veh7,5,0,1,799.94,0,6.61113,11.1961,nan,nan,0,0.055,0.035,0.0413333
juelich_pilot_d30_r5_log_distance_s02_w1,juelich,12345,2,2,log-distance,38,39,veh13,veh8,5,0,1,918.403,0,6.61113,7.10865,nan,nan,0,0.055,0.03,0.0413333
juelich_pilot_d30_r5_log_distance_s02_w1,juelich,12345,2,2,log-distance,38,39,veh13,veh9,5,0,1,364.905,1,6.61113,0,nan,nan,0,0.055,0.045,0.0413333
juelich_pilot_d30_r5_log_distance_s02_w1,juelich,12345,2,2,log-distance,38,39,veh14,veh0,5,5,0,507.17,0,1.43778,13.4646,-80.7807,16.1955,5,0.045,0.055,0.0413333
juelich_pilot_d30_r5_log_distance_s02_w1,juelich,12345,2,2,log-distance,38,39,veh14,veh1,5,0,1,816.493,0,1.43778,8.30894,nan,nan,0,0.045,0.045,0.0413333
juelich_pilot_d30_r5_log_distance_s02_w1,juelich,12345,2,2,log-distance,38,39,veh14,veh10,5,5,0,558.966,0,1.43778,8.5274,-81.6253,15.351,5,0.045,0.045,0.0413333
juelich_pilot_d30_r5_log_distance_s02_w1,juelich,12345,2,2,log-distance,38,39,veh14,veh11,5,0,1,777.756,0,1.43778,7.33868,nan,nan,0,0.045,0.045,0.0413333
juelich_pilot_d30_r5_log_distance_s02_w1,juelich,12345,2,2,log-distance,38,39,veh14,veh12,5,5,0,180.915,1,1.43778,5.8337,-71.8272,25.1491,5,0.045,0.045,0.0413333
juelich_pilot_d30_r5_log_distance_s02_w1,juelich,12345,2,2,log-distance,38,39,veh14,veh13,5,5,0,486.281,1,1.43778,6.61113,-80.4154,16.5609,5,0.045,0.055,0.0413333
juelich_pilot_d30_r5_log_distance_s02_w1,juelich,12345,2,2,log-distance,38,39,veh14,veh4,5,5,0,549.748,0,1.43778,0,-81.481,15.4953,5,0.045,0.05,0.0413333
juelich_pilot_d30_r5_log_distance_s02_w1,juelich,12345,2,2,log-distance,38,39,veh14,veh5,5,0,1,978.771,0,1.43778,7.44084,nan,nan,0,0.045,0.035,0.0413333
juelich_pilot_d30_r5_log_distance_s02_w1,juelich,12345,2,2,log-distance,38,39,veh14,veh6,5,5,0,530.932,0,1.43778,8.48164,-81.1784,15.7979,5,0.045,0.045,0.0413333
juelich_pilot_d30_r5_log_distance_s02_w1,juelich,12345,2,2,log-distance,38,39,veh14,veh9,5,0,1,704.019,0,1.43778,0,nan,nan,0,0.045,0.045,0.0413333
juelich_pilot_d30_r5_log_distance_s02_w1,juelich,12345,2,2,log-distance,38,39,veh2,veh3,5,5,0,81.0917,1,0,12.7261,-64.8487,25.242,5,0.02,0.025,0.0413333
juelich_pilot_d30_r5_log_distance_s02_w1,juelich,12345,2,2,log-distance,38,39,veh2,veh5,5,0,1,847.031,0,0,7.44084,nan,nan,0,0.02,0.035,0.0413333
juelich_pilot_d30_r5_log_distance_s02_w1,juelich,12345,2,2,log-distance,38,39,veh2,veh7,5,5,0,494.2,1,0,11.1961,-80.5556,7.45738,5,0.02,0.035,0.0413333
juelich_pilot_d30_r5_log_distance_s02_w1,juelich,12345,2,2,log-distance,38,39,veh2,veh8,5,5,0,365.593,1,0,7.10865,-77.9376,10.8725,5,0.02,0.03,0.0413333
juelich_pilot_d30_r5_log_distance_s02_w1,juelich,12345,2,2,log-distance,38,39,veh3,veh2,5,5,0,81.0917,1,12.7261,0,-64.8487,32.1276,5,0.025,0.02,0.0413333
juelich_pilot_d30_r5_log_distance_s02_w1,juelich,12345,2,2,log-distance,38,39,veh3,veh5,5,0,1,766.071,0,12.7261,7.44084,nan,nan,0,0.025,0.035,0.0413333
juelich_pilot_d30_r5_log_distance_s02_w1,juelich,12345,2,2,log-distance,38,39,veh3,veh7,5,5,0,414.705,1,12.7261,11.1961,-79.0325,17.9438,5,0.025,0.035,0.0413333
juelich_pilot_d30_r5_log_distance_s02_w1,juelich,12345,2,2,log-distance,38,39,veh3,veh8,5,5,0,298.784,1,12.7261,7.10865,-76.1846,20.7917,5,0.025,0.03,0.0413333
juelich_pilot_d30_r5_log_distance_s02_w1,juelich,12345,2,2,log-distance,38,39,veh4,veh0,5,5,0,329.115,1,0,13.4646,-77.0242,19.9521,5,0.05,0.055,0.0413333
juelich_pilot_d30_r5_log_distance_s02_w1,juelich,12345,2,2,log-distance,38,39,veh4,veh1,5,5,0,286.291,1,0,8.30894,-75.8136,21.1627,5,0.05,0.045,0.0413333
juelich_pilot_d30_r5_log_distance_s02_w1,juelich,12345,2,2,log-distance,38,39,veh4,veh10,5,5,0,133.857,1,0,8.5274,-69.2103,27.766,5,0.05,0.045,0.0413333
juelich_pilot_d30_r5_log_distance_s02_w1,juelich,12345,2,2,log-distance,38,39,veh4,veh11,5,5,0,245.643,1,0,7.33868,-74.4835,22.4928,5,0.05,0.045,0.0413333
juelich_pilot_d30_r5_log_distance_s02_w1,juelich,12345,2,2,log-distance,38,39,veh4,veh12,5,5,0,407.07,1,0,5.8337,-78.871,18.1052,5,0.05,0.045,0.0413333
juelich_pilot_d30_r5_log_distance_s02_w1,juelich,12345,2,2,log-distance,38,39,veh4,veh13,5,5,0,222.635,1,0,6.61113,-73.6295,23.3468,5,0.05,0.055,0.0413333
juelich_pilot_d30_r5_log_distance_s02_w1,juelich,12345,2,2,log-distance,38,39,veh4,veh14,5,5,0,549.748,0,0,1.43778,-81.481,15.4953,5,0.05,0.045,0.0413333
juelich_pilot_d30_r5_log_distance_s02_w1,juelich,12345,2,2,log-distance,38,39,veh4,veh5,5,0,1,812.261,0,0,7.44084,nan,nan,0,0.05,0.035,0.0413333
juelich_pilot_d30_r5_log_distance_s02_w1,juelich,12345,2,2,log-distance,38,39,veh4,veh6,5,5,0,125.754,1,0,8.48164,-68.6681,28.3082,5,0.05,0.045,0.0413333
juelich_pilot_d30_r5_log_distance_s02_w1,juelich,12345,2,2,log-distance,38,39,veh4,veh7,5,0,1,915.185,0,0,11.1961,nan,nan,0,0.05,0.035,0.0413333
juelich_pilot_d30_r5_log_distance_s02_w1,juelich,12345,2,2,log-distance,38,39,veh4,veh8,5,0,1,995.945,0,0,7.10865,nan,nan,0,0.05,0.03,0.0413333
juelich_pilot_d30_r5_log_distance_s02_w1,juelich,12345,2,2,log-distance,38,39,veh4,veh9,5,5,0,164.137,1,0,0,-70.9818,25.9944,5,0.05,0.045,0.0413333
juelich_pilot_d30_r5_log_distance_s02_w1,juelich,12345,2,2,log-distance,38,39,veh5,veh0,5,5,0,531.815,0,7.44084,13.4646,-81.1929,15.7834,5,0.035,0.055,0.0413333
juelich_pilot_d30_r5_log_distance_s02_w1,juelich,12345,2,2,log-distance,38,39,veh5,veh1,5,0,1,974.075,0,7.44084,8.30894,nan,nan,0,0.035,0.045,0.0413333
juelich_pilot_d30_r5_log_distance_s02_w1,juelich,12345,2,2,log-distance,38,39,veh5,veh10,5,0,1,945.921,0,7.44084,8.5274,nan,nan,0,0.035,0.045,0.0413333
juelich_pilot_d30_r5_log_distance_s02_w1,juelich,12345,2,2,log-distance,38,39,veh5,veh11,5,0,1,947.568,0,7.44084,7.33868,nan,nan,0,0.035,0.045,0.0413333
juelich_pilot_d30_r5_log_distance_s02_w1,juelich,12345,2,2,log-distance,38,39,veh5,veh12,5,0,1,988.432,0,7.44084,5.8337,nan,nan,0,0.035,0.045,0.0413333
juelich_pilot_d30_r5_log_distance_s02_w1,juelich,12345,2,2,log-distance,38,39,veh5,veh13,5,0,1,624.147,0,7.44084,6.61113,nan,nan,0,0.035,0.055,0.0413333
juelich_pilot_d30_r5_log_distance_s02_w1,juelich,12345,2,2,log-distance,38,39,veh5,veh14,5,0,1,978.771,0,7.44084,1.43778,nan,nan,0,0.035,0.045,0.0413333
juelich_pilot_d30_r5_log_distance_s02_w1,juelich,12345,2,2,log-distance,38,39,veh5,veh2,5,0,1,847.031,0,7.44084,0,nan,nan,0,0.035,0.02,0.0413333
juelich_pilot_d30_r5_log_distance_s02_w1,juelich,12345,2,2,log-distance,38,39,veh5,veh3,5,0,1,766.071,0,7.44084,12.7261,nan,nan,0,0.035,0.025,0.0413333
juelich_pilot_d30_r5_log_distance_s02_w1,juelich,12345,2,2,log-distance,38,39,veh5,veh4,5,0,1,812.261,0,7.44084,0,nan,nan,0,0.035,0.05,0.0413333
juelich_pilot_d30_r5_log_distance_s02_w1,juelich,12345,2,2,log-distance,38,39,veh5,veh6,5,0,1,934.076,0,7.44084,8.48164,nan,nan,0,0.035,0.045,0.0413333
juelich_pilot_d30_r5_log_distance_s02_w1,juelich,12345,2,2,log-distance,38,39,veh5,veh7,5,5,0,384.319,1,7.44084,11.1961,-78.3712,18.6051,5,0.035,0.035,0.0413333
juelich_pilot_d30_r5_log_distance_s02_w1,juelich,12345,2,2,log-distance,38,39,veh5,veh8,5,5,0,580.201,0,7.44084,7.10865,-81.9493,15.027,5,0.035,0.03,0.0413333
juelich_pilot_d30_r5_log_distance_s02_w1,juelich,12345,2,2,log-distance,38,39,veh5,veh9,5,0,1,889.239,0,7.44084,0,nan,nan,0,0.035,0.045,0.0413333
juelich_pilot_d30_r5_log_distance_s02_w1,juelich,12345,2,2,log-distance,38,39,veh6,veh0,5,5,0,432.791,1,8.48164,13.4646,-79.4032,17.5731,5,0.045,0.055,0.0413333
juelich_pilot_d30_r5_log_distance_s02_w1,juelich,12345,2,2,log-distance,38,39,veh6,veh1,5,5,0,289.828,1,8.48164,8.30894,-75.9205,21.0558,5,0.045,0.045,0.0413333
juelich_pilot_d30_r5_log_distance_s02_w1,juelich,12345,2,2,log-distance,38,39,veh6,veh10,5,5,0,28.6483,1,8.48164,8.5274,-55.8197,41.1566,5,0.045,0.045,0.0413333
juelich_pilot_d30_r5_log_distance_s02_w1,juelich,12345,2,2,log-distance,38,39,veh6,veh11,5,5,0,253.611,1,8.48164,7.33868,-74.7611,22.2152,5,0.045,0.045,0.0413333
juelich_pilot_d30_r5_log_distance_s02_w1,juelich,12345,2,2,log-distance,38,39,veh6,veh12,5,5,0,363.905,1,8.48164,5.8337,-77.8974,19.0789,5,0.045,0.045,0.0413333
juelich_pilot_d30_r5_log_distance_s02_w1,juelich,12345,2,2,log-distance,38,39,veh6,veh13,5,5,0,325.793,1,8.48164,6.61113,-76.9362,20.0401,5,0.045,0.055,0.0413333
juelich_pilot_d30_r5_log_distance_s02_w1,juelich,12345,2,2,log-distance,38,39,veh6,veh14,5,5,0,530.932,0,8.48164,1.43778,-81.1784,15.7979,5,0.045,0.045,0.0413333
juelich_pilot_d30_r5_log_distance_s02_w1,juelich,12345,2,2,log-distance,38,39,veh6,veh4,5,5,0,125.754,1,8.48164,0,-68.6681,28.3082,5,0.045,0.05,0.0413333
juelich_pilot_d30_r5_log_distance_s02_w1,juelich,12345,2,2,log-distance,38,39,veh6,veh5,5,0,1,934.076,0,8.48164,7.44084,nan,nan,0,0.045,0.035,0.0413333
juelich_pilot_d30_r5_log_distance_s02_w1,juelich,12345,2,2,log-distance,38,39,veh6,veh9,5,5,0,193.202,1,8.48164,0,-72.3976,24.5787,5,0.045,0.045,0.0413333
juelich_pilot_d30_r5_log_distance_s02_w1,juelich,12345,2,2,log-distance,38,39,veh7,veh0,5,0,1,745.375,0,11.1961,13.4646,nan,nan,0,0.035,0.055,0.0413333
juelich_pilot_d30_r5_log_distance_s02_w1,juelich,12345,2,2,log-distance,38,39,veh7,veh1,5,0,1,966.71,0,11.1961,8.30894,nan,nan,0,0.035,0.045,0.0413333
juelich_pilot_d30_r5_log_distance_s02_w1,juelich,12345,2,2,log-distance,38,39,veh7,veh11,5,0,1,954.404,0,11.1961,7.33868,nan,nan,0,0.035,0.045,0.0413333
juelich_pilot_d30_r5_log_distance_s02_w1,juelich,12345,2,2,log-distance,38,39,veh7,veh13,5,0,1,799.94,0,11.1961,6.61113,nan,nan,0,0.035,0.055,0.0413333
juelich_pilot_d30_r5_log_distance_s02_w1,juelich,12345,2,2,log-distance,38,39,veh7,veh2,5,5,0,494.2,1,11.1961,0,-80.5556,16.4207,5,0.035,0.02,0.0413333
juelich_pilot_d30_r5_log_distance_s02_w1,juelich,12345,2,2,log-distance,38,39,veh7,veh3,5,5,0,414.705,1,11.1961,12.7261,-79.0325,17.9438,5,0.035,0.025,0.0413333
juelich_pilot_d30_r5_log_distance_s02_w1,juelich,12345,2,2,log-distance,38,39,veh7,veh4,5,0,1,915.185,0,11.1961,0,nan,nan,0,0.035,0.05,0.0413333
juelich_pilot_d30_r5_log_distance_s02_w1,juelich,12345,2,2,log-distance,38,39,veh7,veh5,5,5,0,384.319,1,11.1961,7.44084,-78.3712,18.6051,5,0.035,0.035,0.0413333
juelich_pilot_d30_r5_log_distance_s02_w1,juelich,12345,2,2,log-distance,38,39,veh7,veh8,5,5,0,197.481,1,11.1961,7.10865,-72.5874,24.3889,5,0.035,0.03,0.0413333
juelich_pilot_d30_r5_log_distance_s02_w1,juelich,12345,2,2,log-distance,38,39,veh7,veh9,5,0,1,924.602,0,11.1961,0,nan,nan,0,0.035,0.045,0.0413333
juelich_pilot_d30_r5_log_distance_s02_w1,juelich,12345,2,2,log-distance,38,39,veh8,veh0,5,0,1,881.414,0,7.10865,13.4646,nan,nan,0,0.03,0.055,0.0413333
juelich_pilot_d30_r5_log_distance_s02_w1,juelich,12345,2,2,log-distance,38,39,veh8,veh1,5,0,1,991.363,0,7.10865,8.30894,nan,nan,0,0.03,0.045,0.0413333
juelich_pilot_d30_r5_log_distance_s02_w1,juelich,12345,2,2,log-distance,38,39,veh8,veh11,5,0,1,987.029,0,7.10865,7.33868,nan,nan,0,0.03,0.045,0.0413333
juelich_pilot_d30_r5_log_distance_s02_w1,juelich,12345,2,2,log-distance,38,39,veh8,veh13,5,0,1,918.403,0,7.10865,6.61113,nan,nan,0,0.03,0.055,0.0413333
juelich_pilot_d30_r5_log_distance_s02_w1,juelich,12345,2,2,log-distance,38,39,veh8,veh2,5,5,0,365.593,1,7.10865,0,-77.9376,19.0386,5,0.03,0.02,0.0413333
juelich_pilot_d30_r5_log_distance_s02_w1,juelich,12345,2,2,log-distance,38,39,veh8,veh3,5,5,0,298.784,1,7.10865,12.7261,-76.1846,20.7917,5,0.03,0.025,0.0413333
juelich_pilot_d30_r5_log_distance_s02_w1,juelich,12345,2,2,log-distance,38,39,veh8,veh4,5,0,1,995.945,0,7.10865,0,nan,nan,0,0.03,0.05,0.0413333
juelich_pilot_d30_r5_log_distance_s02_w1,juelich,12345,2,2,log-distance,38,39,veh8,veh5,5,5,0,580.201,0,7.10865,7.44084,-81.9493,15.027,5,0.03,0.035,0.0413333
juelich_pilot_d30_r5_log_distance_s02_w1,juelich,12345,2,2,log-distance,38,39,veh8,veh7,5,5,0,197.481,1,7.10865,11.1961,-72.5874,24.3889,5,0.03,0.035,0.0413333
juelich_pilot_d30_r5_log_distance_s02_w1,juelich,12345,2,2,log-distance,38,39,veh8,veh9,5,0,1,973.223,0,7.10865,0,nan,nan,0,0.03,0.045,0.0413333
juelich_pilot_d30_r5_log_distance_s02_w1,juelich,12345,2,2,log-distance,38,39,veh9,veh0,5,5,0,463.966,1,0,13.4646,-80.0072,16.9691,5,0.045,0.055,0.0413333
juelich_pilot_d30_r5_log_distance_s02_w1,juelich,12345,2,2,log-distance,38,39,veh9,veh1,5,5,0,122.859,1,0,8.30894,-68.4643,28.512,5,0.045,0.045,0.0413333
juelich_pilot_d30_r5_log_distance_s02_w1,juelich,12345,2,2,log-distance,38,39,veh9,veh10,5,5,0,173.315,1,0,8.5274,-71.4541,25.5222,5,0.045,0.045,0.0413333
juelich_pilot_d30_r5_log_distance_s02_w1,juelich,12345,2,2,log-distance,38,39,veh9,veh11,5,5,0,82.4181,1,0,7.33868,-64.9954,31.9808,5,0.045,0.045,0.0413333
juelich_pilot_d30_r5_log_distance_s02_w1,juelich,12345,2,2,log-distance,38,39,veh9,veh12,5,5,0,548.148,0,0,5.8337,-81.4556,15.5206,5,0.045,0.045,0.0413333
juelich_pilot_d30_r5_log_distance_s02_w1,juelich,12345,2,2,log-distance,38,39,veh9,veh13,5,5,0,364.905,1,0,6.61113,-77.9213,19.055,5,0.045,0.055,0.0413333
juelich_pilot_d30_r5_log_distance_s02_w1,juelich,12345,2,2,log-distance,38,39,veh9,veh14,5,0,1,704.019,0,0,1.43778,nan,nan,0,0.045,0.045,0.0413333
juelich_pilot_d30_r5_log_distance_s02_w1,juelich,12345,2,2,log-distance,38,39,veh9,veh4,5,5,0,164.137,1,0,0,-70.9818,25.9944,5,0.045,0.05,0.0413333
juelich_pilot_d30_r5_log_distance_s02_w1,juelich,12345,2,2,log-distance,38,39,veh9,veh5,5,0,1,889.239,0,0,7.44084,nan,nan,0,0.045,0.035,0.0413333
juelich_pilot_d30_r5_log_distance_s02_w1,juelich,12345,2,2,log-distance,38,39,veh9,veh6,5,5,0,193.202,1,0,8.48164,-72.3976,24.5787,5,0.045,0.045,0.0413333
juelich_pilot_d30_r5_log_distance_s02_w1,juelich,12345,2,2,log-distance,38,39,veh9,veh7,5,0,1,924.602,0,0,11.1961,nan,nan,0,0.045,0.035,0.0413333
juelich_pilot_d30_r5_log_distance_s02_w1,juelich,12345,2,2,log-distance,38,39,veh9,veh8,5,0,1,973.223,0,0,7.10865,nan,nan,0,0.045,0.03,0.0413333
juelich_pilot_d30_r5_log_distance_s02_w1,juelich,12345,2,2,log-distance,39,40,veh0,veh1,5,0,1,585.745,0,13.4374,8.33765,nan,nan,0,0.055,0.045,0.0413333
juelich_pilot_d30_r5_log_distance_s02_w1,juelich,12345,2,2,log-distance,39,40,veh0,veh10,5,5,0,455.559,1,13.4374,8.49716,-79.8486,17.1277,5,0.055,0.045,0.0413333
juelich_pilot_d30_r5_log_distance_s02_w1,juelich,12345,2,2,log-distance,39,40,veh0,veh11,5,5,0,548.838,0,13.4374,7.31862,-81.4665,15.5097,5,0.055,0.045,0.0413333
juelich_pilot_d30_r5_log_distance_s02_w1,juelich,12345,2,2,log-distance,39,40,veh0,veh12,5,5,0,472.081,1,13.4374,1.4784,-80.158,16.8183,5,0.055,0.045,0.0413333
juelich_pilot_d30_r5_log_distance_s02_w1,juelich,12345,2,2,log-distance,39,40,veh0,veh13,5,5,0,122.683,1,13.4374,7.55123,-68.4484,28.5279,5,0.055,0.055,0.0413333
juelich_pilot_d30_r5_log_distance_s02_w1,juelich,12345,2,2,log-distance,39,40,veh0,veh14,5,5,0,501.122,0,13.4374,3.39628,-80.6765,16.2998,5,0.055,0.045,0.0413333
juelich_pilot_d30_r5_log_distance_s02_w1,juelich,12345,2,2,log-distance,39,40,veh0,veh4,5,5,0,340.133,1,13.4374,0,-77.3103,19.6659,5,0.055,0.05,0.0413333
juelich_pilot_d30_r5_log_distance_s02_w1,juelich,12345,2,2,log-distance,39,40,veh0,veh5,5,5,0,527.067,0,13.4374,7.44611,-81.115,15.8613,5,0.055,0.035,0.0413333
juelich_pilot_d30_r5_log_distance_s02_w1,juelich,12345,2,2,log-distance,39,40,veh0,veh6,5,5,0,436.682,1,13.4374,8.53492,-79.481,17.4953,5,0.055,0.045,0.0413333
juelich_pilot_d30_r5_log_distance_s02_w1,juelich,12345,2,2,log-distance,39,40,veh0,veh7,5,0,1,738.136,0,13.4374,11.1799,nan,nan,0,0.055,0.035,0.0413333
juelich_pilot_d30_r5_log_distance_s02_w1,juelich,12345,2,2,log-distance,39,40,veh0,veh8,5,0,1,887.427,0,13.4374,7.1033,nan,nan,0,0.055,0.03,0.0413333
juelich_pilot_d30_r5_log_distance_s02_w1,juelich,12345,2,2,log-distance,39,40,veh0,veh9,5,5,0,476.454,1,13.4374,0,-80.2379,16.7384,5,0.055,0.045,0.0413333
juelich_pilot_d30_r5_log_distance_s02_w1,juelich,12345,2,2,log-distance,39,40,veh1,veh0,5,0,1,585.745,0,8.33765,13.4374,nan,nan,0,0.045,0.055,0.0413333
juelich_pilot_d30_r5_log_distance_s02_w1,juelich,12345,2,2,log-distance,39,40,veh1,veh10,5,5,0,264.208,1,8.33765,8.49716,-75.1166,21.8597,5,0.045,0.045,0.0413333
juelich_pilot_d30_r5_log_distance_s02_w1,juelich,12345,2,2,log-distance,39,40,veh1,veh11,5,5,0,39.6603,1,8.33765,7.31862,-58.6446,38.3317,5,0.045,0.045,0.0413333
juelich_pilot_d30_r5_log_distance_s02_w1,juelich,12345,2,2,log-distance,39,40,veh1,veh12,5,0,1,647.878,0,8.33765,1.4784,nan,nan,0,0.045,0.045,0.0413333
juelich_pilot_d30_r5_log_distance_s02_w1,juelich,12345,2,2,log-distance,39,40,veh1,veh13,5,5,0,474.852,1,8.33765,7.55123,-80.2087,16.7676,5,0.045,0.055,0.0413333
juelich_pilot_d30_r5_log_distance_s02_w1,juelich,12345,2,2,log-distance,39,40,veh1,veh14,5,0,1,806.328,0,8.33765,3.39628,nan,nan,0,0.045,0.045,0.0413333
juelich_pilot_d30_r5_log_distance_s02_w1,juelich,12345,2,2,log-distance,39,40,veh1,veh4,5,5,0,277.966,1,8.33765,0,-75.5572,21.419,5,0.045,0.05,0.0413333
juelich_pilot_d30_r5_log_distance_s02_w1,juelich,12345,2,2,log-distance,39,40,veh1,veh5,5,0,1,963.468,0,8.33765,7.44611,nan,nan,0,0.045,0.035,0.0413333
juelich_pilot_d30_r5_log_distance_s02_w1,juelich,12345,2,2,log-distance,39,40,veh1,veh6,5,5,0,290.043,1,8.33765,8.53492,-75.9269,21.0493,5,0.045,0.045,0.0413333
juelich_pilot_d30_r5_log_distance_s02_w1,juelich,12345,2,2,log-distance,39,40,veh1,veh7,5,0,1,953.548,0,8.33765,11.1799,nan,nan,0,0.045,0.035,0.0413333
juelich_pilot_d30_r5_log_distance_s02_w1,juelich,12345,2,2,log-distance,39,40,veh1,veh8,5,0,1,986.417,0,8.33765,7.1033,nan,nan,0,0.045,0.03,0.0413333
juelich_pilot_d30_r5_log_distance_s02_w1,juelich,12345,2,2,log-distance,39,40,veh1,veh9,5,5,0,114.565,1,8.33765,0,-67.8569,29.1194,5,0.045,0.045,0.0413333
juelich_pilot_d30_r5_log_distance_s02_w1,juelich,12345,2,2,log-distance,39,40,veh10,veh0,5,5,0,455.559,1,8.49716,13.4374,-79.8486,17.1277,5,0.045,0.055,0.0413333
juelich_pilot_d30_r5_log_distance_s02_w1,juelich,12345,2,2,log-distance,39,40,veh10,veh1,5,5,0,264.208,1,8.49716,8.33765,-75.1166,21.8597,5,0.045,0.045,0.0413333
juelich_pilot_d30_r5_log_distance_s02_w1,juelich,12345,2,2,log-distance,39,40,veh10,veh11,5,5,0,229.826,1,8.49716,7.31862,-73.9057,23.0706,5,0.045,0.045,0.0413333
juelich_pilot_d30_r5_log_distance_s02_w1,juelich,12345,2,2,log-distance,39,40,veh10,veh12,5,5,0,384.644,1,8.49716,1.4784,-78.3787,18.5975,5,0.045,0.045,0.0413333
juelich_pilot_d30_r5_log_distance_s02_w1,juelich,12345,2,2,log-distance,39,40,veh10,veh13,5,5,0,333.125,1,8.49716,7.55123,-77.1295,19.8468,5,0.045,0.055,0.0413333
juelich_pilot_d30_r5_log_distance_s02_w1,juelich,12345,2,2,log-distance,39,40,veh10,veh14,5,5,0,548.314,0,8.49716,3.39628,-81.4581,15.5182,5,0.045,0.045,0.0413333
juelich_pilot_d30_r5_log_distance_s02_w1,juelich,12345,2,2,log-distance,39,40,veh10,veh4,5,5,0,130.781,1,8.49716,0,-69.0084,27.9678,5,0.045,0.05,0.0413333
juelich_pilot_d30_r5_log_distance_s02_w1,juelich,12345,2,2,log-distance,39,40,veh10,veh5,5,0,1,938.835,0,8.49716,7.44611,nan,nan,0,0.045,0.035,0.0413333
juelich_pilot_d30_r5_log_distance_s02_w1,juelich,12345,2,2,log-distance,39,40,veh10,veh6,5,5,0,28.6188,1,8.49716,8.53492,-55.8107,41.1656,5,0.045,0.045,0.0413333
juelich_pilot_d30_r5_log_distance_s02_w1,juelich,12345,2,2,log-distance,39,40,veh10,veh9,5,5,0,178.938,1,8.49716,0,-71.7314,25.2449,5,0.045,0.045,0.0413333
juelich_pilot_d30_r5_log_distance_s02_w1,juelich,12345,2,2,log-distance,39,40,veh11,veh0,5,5,0,548.838,0,7.31862,13.4374,-81.4665,15.5097,5,0.045,0.055,0.0413333
juelich_pilot_d30_r5_log_distance_s02_w1,juelich,12345,2,2,log-distance,39,40,veh11,veh1,5,5,0,39.6603,1,7.31862,8.33765,-58.6446,38.3317,5,0.045,0.045,0.0413333
juelich_pilot_d30_r5_log_distance_s02_w1,juelich,12345,2,2,log-distance,39,40,veh11,veh10,5,5,0,229.826,1,7.31862,8.49716,-73.9057,23.0706,5,0.045,0.045,0.0413333
juelich_pilot_d30_r5_log_distance_s02_w1,juelich,12345,2,2,log-distance,39,40,veh11,veh12,5,0,1,611.828,0,7.31862,1.4784,nan,nan,0,0.045,0.045,0.0413333
juelich_pilot_d30_r5_log_distance_s02_w1,juelich,12345,2,2,log-distance,39,40,veh11,veh13,5,5,0,436.674,1,7.31862,7.55123,-79.4807,17.4956,5,0.045,0.055,0.0413333
juelich_pilot_d30_r5_log_distance_s02_w1,juelich,12345,2,2,log-distance,39,40,veh11,veh14,5,0,1,768.588,0,7.31862,3.39628,nan,nan,0,0.045,0.045,0.0413333
juelich_pilot_d30_r5_log_distance_s02_w1,juelich,12345,2,2,log-distance,39,40,veh11,veh4,5,5,0,238.306,1,7.31862,0,-74.2201,22.7562,5,0.045,0.05,0.0413333
juelich_pilot_d30_r5_log_distance_s02_w1,juelich,12345,2,2,log-distance,39,40,veh11,veh5,5,0,1,937.965,0,7.31862,7.44611,nan,nan,0,0.045,0.035,0.0413333
juelich_pilot_d30_r5_log_distance_s02_w1,juelich,12345,2,2,log-distance,39,40,veh11,veh6,5,5,0,254.694,1,7.31862,8.53492,-74.7981,22.1782,5,0.045,0.045,0.0413333
juelich_pilot_d30_r5_log_distance_s02_w1,juelich,12345,2,2,log-distance,39,40,veh11,veh7,5,0,1,941.684,0,7.31862,11.1799,nan,nan,0,0.045,0.035,0.0413333
juelich_pilot_d30_r5_log_distance_s02_w1,juelich,12345,2,2,log-distance,39,40,veh11,veh8,5,0,1,982.738,0,7.31862,7.1033,nan,nan,0,0.045,0.03,0.0413333
juelich_pilot_d30_r5_log_distance_s02_w1,juelich,12345,2,2,log-distance,39,40,veh11,veh9,5,5,0,75.1422,1,7.31862,0,-64.1921,32.7842,5,0.045,0.045,0.0413333
juelich_pilot_d30_r5_log_distance_s02_w1,juelich,12345,2,2,log-distance,39,40,veh12,veh0,5,0,1,472.081,1,1.4784,13.4374,nan,nan,0,0.045,0.055,0.0413333
juelich_pilot_d30_r5_log_distance_s02_w1,juelich,12345,2,2,log-distance,39,40,veh12,veh1,5,0,1,647.878,0,1.4784,8.33765,nan,nan,0,0.045,0.045,0.0413333
juelich_pilot_d30_r5_log_distance_s02_w1,juelich,12345,2,2,log-distance,39,40,veh12,veh10,5,0,1,384.644,1,1.4784,8.49716,nan,nan,0,0.045,0.045,0.0413333
juelich_pilot_d30_r5_log_distance_s02_w1,juelich,12345,2,2,log-distance,39,40,veh12,veh11,5,0,1,611.828,0,1.4784,7.31862,nan,nan,0,0.045,0.045,0.0413333
juelich_pilot_d30_r5_log_distance_s02_w1,juelich,12345,2,2,log-distance,39,40,veh12,veh13,5,0,1,408.258,1,1.4784,7.55123,nan,nan,0,0.045,0.055,0.0413333
juelich_pilot_d30_r5_log_distance_s02_w1,juelich,12345,2,2,log-distance,39,40,veh12,veh14,5,5,0,177.978,1,1.4784,3.39628,-71.6849,8.51606,5,0.045,0.045,0.0413333
juelich_pilot_d30_r5_log_distance_s02_w1,juelich,12345,2,2,log-distance,39,40,veh12,veh4,5,0,1,409.773,1,1.4784,0,nan,nan,0,0.045,0.05,0.0413333
juelich_pilot_d30_r5_log_distance_s02_w1,juelich,12345,2,2,log-distance,39,40,veh12,veh5,5,0,1,991.106,0,1.4784,7.44611,nan,nan,0,0.045,0.035,0.0413333
juelich_pilot_d30_r5_log_distance_s02_w1,juelich,12345,2,2,log-distance,39,40,veh12,veh6,5,0,1,357.959,1,1.4784,8.53492,nan,nan,0,0.045,0.045,0.0413333
juelich_pilot_d30_r5_log_distance_s02_w1,juelich,12345,2,2,log-distance,39,40,veh12,veh9,5,0,1,550.443,0,1.4784,0,nan,nan,0,0.045,0.045,0.0413333
juelich_pilot_d30_r5_log_distance_s02_w1,juelich,12345,2,2,log-distance,39,40,veh13,veh0,5,5,0,122.683,1,7.55123,13.4374,-68.4484,11.6202,5,0.055,0.055,0.0413333
juelich_pilot_d30_r5_log_distance_s02_w1,juelich,12345,2,2,log-distance,39,40,veh13,veh1,5,0,1,474.852,1,7.55123,8.33765,nan,nan,0,0.055,0.045,0.0413333
juelich_pilot_d30_r5_log_distance_s02_w1,juelich,12345,2,2,log-distance,39,40,veh13,veh10,5,0,1,333.125,1,7.55123,8.49716,nan,nan,0,0.055,0.045,0.0413333
juelich_pilot_d30_r5_log_distance_s02_w1,juelich,12345,2,2,log-distance,39,40,veh13,veh11,5,0,1,436.674,1,7.55123,7.31862,nan,nan,0,0.055,0.045,0.0413333
juelich_pilot_d30_r5_log_distance_s02_w1,juelich,12345,2,2,log-distance,39,40,veh13,veh12,5,0,1,408.258,1,7.55123,1.4784,nan,nan,0,0.055,0.045,0.0413333
juelich_pilot_d30_r5_log_distance_s02_w1,juelich,12345,2,2,log-distance,39,40,veh13,veh14,5,0,1,479.487,1,7.55123,3.39628,nan,nan,0,0.055,0.045,0.0413333
juelich_pilot_d30_r5_log_distance_s02_w1,juelich,12345,2,2,log-distance,39,40,veh13,veh4,5,5,0,218.451,1,7.55123,0,-73.4647,5.39636,5,0.055,0.05,0.0413333
juelich_pilot_d30_r5_log_distance_s02_w1,juelich,12345,2,2,log-distance,39,40,veh13,veh5,5,0,1,628.792,0,7.55123,7.44611,nan,nan,0,0.055,0.035,0.0413333
juelich_pilot_d30_r5_log_distance_s02_w1,juelich,12345,2,2,log-distance,39,40,veh13,veh6,5,0,1,314.894,1,7.55123,8.53492,nan,nan,0,0.055,0.045,0.0413333
juelich_pilot_d30_r5_log_distance_s02_w1,juelich,12345,2,2,log-distance,39,40,veh13,veh7,5,0,1,796.005,0,7.55123,11.1799,nan,nan,0,0.055,0.035,0.0413333
juelich_pilot_d30_r5_log_distance_s02_w1,juelich,12345,2,2,log-distance,39,40,veh13,veh8,5,0,1,924.579,0,7.55123,7.1033,nan,nan,0,0.055,0.03,0.0413333
juelich_pilot_d30_r5_log_distance_s02_w1,juelich,12345,2,2,log-distance,39,40,veh13,veh9,5,0,1,362.568,1,7.55123,0,nan,nan,0,0.055,0.045,0.0413333
juelich_pilot_d30_r5_log_distance_s02_w1,juelich,12345,2,2,log-distance,39,40,veh14,veh0,5,5,0,501.122,0,3.39628,13.4374,-80.6765,16.2998,5,0.045,0.055,0.0413333
juelich_pilot_d30_r5_log_distance_s02_w1,juelich,12345,2,2,log-distance,39,40,veh14,veh1,5,0,1,806.328,0,3.39628,8.33765,nan,nan,0,0.045,0.045,0.0413333
juelich_pilot_d30_r5_log_distance_s02_w1,juelich,12345,2,2,log-distance,39,40,veh14,veh10,5,5,0,548.314,0,3.39628,8.49716,-81.4581,15.5182,5,0.045,0.045,0.0413333
juelich_pilot_d30_r5_log_distance_s02_w1,juelich,12345,2,2,log-distance,39,40,veh14,veh11,5,0,1,768.588,0,3.39628,7.31862,nan,nan,0,0.045,0.045,0.0413333
juelich_pilot_d30_r5_log_distance_s02_w1,juelich,12345,2,2,log-distance,39,40,veh14,veh12,5,5,0,177.978,1,3.39628,1.4784,-71.6849,25.2914,5,0.045,0.045,0.0413333
juelich_pilot_d30_r5_log_distance_s02_w1,juelich,12345,2,2,log-distance,39,40,veh14,veh13,5,5,0,479.487,1,3.39628,7.55123,-80.2932,16.6831,5,0.045,0.055,0.0413333
juelich_pilot_d30_r5_log_distance_s02_w1,juelich,12345,2,2,log-distance,39,40,veh14,veh4,5,5,0,547.747,0,3.39628,0,-81.4493,15.527,5,0.045,0.05,0.0413333
juelich_pilot_d30_r5_log_distance_s02_w1,juelich,12345,2,2,log-distance,39,40,veh14,veh5,5,0,1,979.691,0,3.39628,7.44611,nan,nan,0,0.045,0.035,0.0413333
juelich_pilot_d30_r5_log_distance_s02_w1,juelich,12345,2,2,log-distance,39,40,veh14,veh6,5,5,0,520.318,0,3.39628,8.53492,-81.0029,15.9734,5,0.045,0.045,0.0413333
juelich_pilot_d30_r5_log_distance_s02_w1,juelich,12345,2,2,log-distance,39,40,veh14,veh9,5,0,1,701.884,0,3.39628,0,nan,nan,0,0.045,0.045,0.0413333
juelich_pilot_d30_r5_log_distance_s02_w1,juelich,12345,2,2,log-distance,39,40,veh2,veh3,5,5,0,93.798,1,0,12.7499,-66.1152,23.9216,5,0.02,0.025,0.0413333
juelich_pilot_d30_r5_log_distance_s02_w1,juelich,12345,2,2,log-distance,39,40,veh2,veh5,5,0,1,842.147,0,0,7.44611,nan,nan,0,0.02,0.035,0.0413333
juelich_pilot_d30_r5_log_distance_s02_w1,juelich,12345,2,2,log-distance,39,40,veh2,veh7,5,5,0,504.191,0,0,11.1799,-80.7295,7.21616,5,0.02,0.035,0.0413333
juelich_pilot_d30_r5_log_distance_s02_w1,juelich,12345,2,2,log-distance,39,40,veh2,veh8,5,5,0,367.77,1,0,7.1033,-77.9892,10.818,5,0.02,0.03,0.0413333
juelich_pilot_d30_r5_log_distance_s02_w1,juelich,12345,2,2,log-distance,39,40,veh3,veh2,5,5,0,93.798,1,12.7499,0,-66.1152,30.8611,5,0.025,0.02,0.0413333
juelich_pilot_d30_r5_log_distance_s02_w1,juelich,12345,2,2,log-distance,39,40,veh3,veh5,5,0,1,748.518,0,12.7499,7.44611,nan,nan,0,0.025,0.035,0.0413333
juelich_pilot_d30_r5_log_distance_s02_w1,juelich,12345,2,2,log-distance,39,40,veh3,veh7,5,5,0,412.316,1,12.7499,11.1799,-78.9823,17.994,5,0.025,0.035,0.0413333
juelich_pilot_d30_r5_log_distance_s02_w1,juelich,12345,2,2,log-distance,39,40,veh3,veh8,5,5,0,291.703,1,12.7499,7.1033,-75.9763,20.9999,5,0.025,0.03,0.0413333
juelich_pilot_d30_r5_log_distance_s02_w1,juelich,12345,2,2,log-distance,39,40,veh4,veh0,5,5,0,340.133,1,0,13.4374,-77.3103,19.6659,5,0.05,0.055,0.0413333
juelich_pilot_d30_r5_log_distance_s02_w1,juelich,12345,2,2,log-distance,39,40,veh4,veh1,5,5,0,277.966,1,0,8.33765,-75.5572,21.419,5,0.05,0.045,0.0413333
juelich_pilot_d30_r5_log_distance_s02_w1,juelich,12345,2,2,log-distance,39,40,veh4,veh10,5,5,0,130.781,1,0,8.49716,-69.0084,27.9678,5,0.05,0.045,0.0413333
juelich_pilot_d30_r5_log_distance_s02_w1,juelich,12345,2,2,log-distance,39,40,veh4,veh11,5,5,0,238.306,1,0,7.31862,-74.2201,22.7562,5,0.05,0.045,0.0413333
juelich_pilot_d30_r5_log_distance_s02_w1,juelich,12345,2,2,log-distance,39,40,veh4,veh12,5,5,0,409.773,1,0,1.4784,-78.9286,18.0477,5,0.05,0.045,0.0413333
juelich_pilot_d30_r5_log_distance_s02_w1,juelich,12345,2,2,log-distance,39,40,veh4,veh13,5,5,0,218.451,1,0,7.55123,-73.4647,23.5116,5,0.05,0.055,0.0413333
juelich_pilot_d30_r5_log_distance_s02_w1,juelich,12345,2,2,log-distance,39,40,veh4,veh14,5,5,0,547.747,0,0,3.39628,-81.4493,15.527,5,0.05,0.045,0.0413333
juelich_pilot_d30_r5_log_distance_s02_w1,juelich,12345,2,2,log-distance,39,40,veh4,veh5,5,0,1,808.733,0,0,7.44611,nan,nan,0,0.05,0.035,0.0413333
juelich_pilot_d30_r5_log_distance_s02_w1,juelich,12345,2,2,log-distance,39,40,veh4,veh6,5,5,0,124.561,1,0,8.53492,-68.5853,28.3909,5,0.05,0.045,0.0413333
juelich_pilot_d30_r5_log_distance_s02_w1,juelich,12345,2,2,log-distance,39,40,veh4,veh7,5,0,1,903.968,0,0,11.1799,nan,nan,0,0.05,0.035,0.0413333
juelich_pilot_d30_r5_log_distance_s02_w1,juelich,12345,2,2,log-distance,39,40,veh4,veh8,5,0,1,993.821,0,0,7.1033,nan,nan,0,0.05,0.03,0.0413333
juelich_pilot_d30_r5_log_distance_s02_w1,juelich,12345,2,2,log-distance,39,40,veh4,veh9,5,5,0,164.137,1,0,0,-70.9818,25.9944,5,0.05,0.045,0.0413333
juelich_pilot_d30_r5_log_distance_s02_w1,juelich,12345,2,2,log-distance,39,40,veh5,veh0,5,5,0,527.067,0,7.44611,13.4374,-81.115,15.8613,5,0.035,0.055,0.0413333
juelich_pilot_d30_r5_log_distance_s02_w1,juelich,12345,2,2,log-distance,39,40,veh5,veh1,5,0,1,963.468,0,7.44611,8.33765,nan,nan,0,0.035,0.045,0.0413333
juelich_pilot_d30_r5_log_distance_s02_w1,juelich,12345,2,2,log-distance,39,40,veh5,veh10,5,0,1,938.835,0,7.44611,8.49716,nan,nan,0,0.035,0.045,0.0413333
juelich_pilot_d30_r5_log_distance_s02_w1,juelich,12345,2,2,log-distance,39,40,veh5,veh11,5,0,1,937.965,0,7.44611,7.31862,nan,nan,0,0.035,0.045,0.0413333
juelich_pilot_d30_r5_log_distance_s02_w1,juelich,12345,2,2,log-distance,39,40,veh5,veh12,5,0,1,991.106,0,7.44611,1.4784,nan,nan,0,0.035,0.045,0.0413333
juelich_pilot_d30_r5_log_distance_s02_w1,juelich,12345,2,2,log-distance,39,40,veh5,veh13,5,0,1,628.792,0,7.44611,7.55123,nan,nan,0,0.035,0.055,0.0413333
juelich_pilot_d30_r5_log_distance_s02_w1,juelich,12345,2,2,log-distance,39,40,veh5,veh14,5,0,1,979.691,0,7.44611,3.39628,nan,nan,0,0.035,0.045,0.0413333
juelich_pilot_d30_r5_log_distance_s02_w1,juelich,12345,2,2,log-distance,39,40,veh5,veh2,5,0,1,842.147,0,7.44611,0,nan,nan,0,0.035,0.02,0.0413333
juelich_pilot_d30_r5_log_distance_s02_w1,juelich,12345,2,2,log-distance,39,40,veh5,veh3,5,0,1,748.518,0,7.44611,12.7499,nan,nan,0,0.035,0.025,0.0413333
juelich_pilot_d30_r5_log_distance_s02_w1,juelich,12345,2,2,log-distance,39,40,veh5,veh4,5,0,1,808.733,0,7.44611,0,nan,nan,0,0.035,0.05,0.0413333
juelich_pilot_d30_r5_log_distance_s02_w1,juelich,12345,2,2,log-distance,39,40,veh5,veh6,5,0,1,927.501,0,7.44611,8.53492,nan,nan,0,0.035,0.045,0.0413333
juelich_pilot_d30_r5_log_distance_s02_w1,juelich,12345,2,2,log-distance,39,40,veh5,veh7,5,5,0,372.151,1,7.44611,11.1799,-78.0917,18.8846,5,0.035,0.035,0.0413333
juelich_pilot_d30_r5_log_distance_s02_w1,juelich,12345,2,2,log-distance,39,40,veh5,veh8,5,5,0,577.945,0,7.44611,7.1033,-81.9154,15.0609,5,0.035,0.03,0.0413333
juelich_pilot_d30_r5_log_distance_s02_w1,juelich,12345,2,2,log-distance,39,40,veh5,veh9,5,0,1,884.644,0,7.44611,0,nan,nan,0,0.035,0.045,0.0413333
juelich_pilot_d30_r5_log_distance_s02_w1,juelich,12345,2,2,log-distance,39,40,veh6,veh0,5,5,0,436.682,1,8.53492,13.4374,-79.481,17.4953,5,0.045,0.055,0.0413333
juelich_pilot_d30_r5_log_distance_s02_w1,juelich,12345,2,2,log-distance,39,40,veh6,veh1,5,5,0,290.043,1,8.53492,8.33765,-75.9269,21.0493,5,0.045,0.045,0.0413333
juelich_pilot_d30_r5_log_distance_s02_w1,juelich,12345,2,2,log-distance,39,40,veh6,veh10,5,5,0,28.6188,1,8.53492,8.49716,-55.8107,41.1656,5,0.045,0.045,0.0413333
juelich_pilot_d30_r5_log_distance_s02_w1,juelich,12345,2,2,log-distance,39,40,veh6,veh11,5,5,0,254.694,1,8.53492,7.31862,-74.7981,22.1782,5,0.045,0.045,0.0413333
juelich_pilot_d30_r5_log_distance_s02_w1,juelich,12345,2,2,log-distance,39,40,veh6,veh12,5,5,0,357.959,1,8.53492,1.4784,-77.7542,19.2221,5,0.045,0.045,0.0413333
juelich_pilot_d30_r5_log_distance_s02_w1,juelich,12345,2,2,log-distance,39,40,veh6,veh13,5,5,0,314.894,1,8.53492,7.55123,-76.6406,20.3357,5,0.045,0.055,0.0413333
juelich_pilot_d30_r5_log_distance_s02_w1,juelich,12345,2,2,log-distance,39,40,veh6,veh14,5,5,0,520.318,0,8.53492,3.39628,-81.0029,15.9734,5,0.045,0.045,0.0413333
juelich_pilot_d30_r5_log_distance_s02_w1,juelich,12345,2,2,log-distance,39,40,veh6,veh4,5,5,0,124.561,1,8.53492,0,-68.5853,28.3909,5,0.045,0.05,0.0413333
juelich_pilot_d30_r5_log_distance_s02_w1,juelich,12345,2,2,log-distance,39,40,veh6,veh5,5,0,1,927.501,0,8.53492,7.44611,nan,nan,0,0.045,0.035,0.0413333
juelich_pilot_d30_r5_log_distance_s02_w1,juelich,12345,2,2,log-distance,39,40,veh6,veh9,5,5,0,199.538,1,8.53492,0,-72.6778,24.2984,5,0.045,0.045,0.0413333
juelich_pilot_d30_r5_log_distance_s02_w1,juelich,12345,2,2,log-distance,39,40,veh7,veh0,5,0,1,738.136,0,11.1799,13.4374,nan,nan,0,0.035,0.055,0.0413333
juelich_pilot_d30_r5_log_distance_s02_w1,juelich,12345,2,2,log-distance,39,40,veh7,veh1,5,0,1,953.548,0,11.1799,8.33765,nan,nan,0,0.035,0.045,0.0413333
juelich_pilot_d30_r5_log_distance_s02_w1,juelich,12345,2,2,log-distance,39,40,veh7,veh11,5,0,1,941.684,0,11.1799,7.31862,nan,nan,0,0.035,0.045,0.0413333
juelich_pilot_d30_r5_log_distance_s02_w1,juelich,12345,2,2,log-distance,39,40,veh7,veh13,5,0,1,796.005,0,11.1799,7.55123,nan,nan,0,0.035,0.055,0.0413333
juelich_pilot_d30_r5_log_distance_s02_w1,juelich,12345,2,2,log-distance,39,40,veh7,veh2,5,5,0,504.191,0,11.1799,0,-80.7295,16.2468,5,0.035,0.02,0.0413333
juelich_pilot_d30_r5_log_distance_s02_w1,juelich,12345,2,2,log-distance,39,40,veh7,veh3,5,5,0,412.316,1,11.1799,12.7499,-78.9823,17.994,5,0.035,0.025,0.0413333
juelich_pilot_d30_r5_log_distance_s02_w1,juelich,12345,2,2,log-distance,39,40,veh7,veh4,5,0,1,903.968,0,11.1799,0,nan,nan,0,0.035,0.05,0.0413333
juelich_pilot_d30_r5_log_distance_s02_w1,juelich,12345,2,2,log-distance,39,40,veh7,veh5,5,5,0,372.151,1,11.1799,7.44611,-78.0917,18.8846,5,0.035,0.035,0.0413333
juelich_pilot_d30_r5_log_distance_s02_w1,juelich,12345,2,2,log-distance,39,40,veh7,veh8,5,5,0,206.693,1,11.1799,7.1033,-72.9835,23.9927,5,0.035,0.03,0.0413333
juelich_pilot_d30_r5_log_distance_s02_w1,juelich,12345,2,2,log-distance,39,40,veh7,veh9,5,0,1,913.7,0,11.1799,0,nan,nan,0,0.035,0.045,0.0413333
juelich_pilot_d30_r5_log_distance_s02_w1,juelich,12345,2,2,log-distance,39,40,veh8,veh0,5,0,1,887.427,0,7.1033,13.4374,nan,nan,0,0.03,0.055,0.0413333
juelich_pilot_d30_r5_log_distance_s02_w1,juelich,12345,2,2,log-distance,39,40,veh8,veh1,5,0,1,986.417,0,7.1033,8.33765,nan,nan,0,0.03,0.045,0.0413333
juelich_pilot_d30_r5_log_distance_s02_w1,juelich,12345,2,2,log-distance,39,40,veh8,veh11,5,0,1,982.738,0,7.1033,7.31862,nan,nan,0,0.03,0.045,0.0413333
juelich_pilot_d30_r5_log_distance_s02_w1,juelich,12345,2,2,log-distance,39,40,veh8,veh13,5,0,1,924.579,0,7.1033,7.55123,nan,nan,0,0.03,0.055,0.0413333
juelich_pilot_d30_r5_log_distance_s02_w1,juelich,12345,2,2,log-distance,39,40,veh8,veh2,5,5,0,367.77,1,7.1033,0,-77.9892,18.9871,5,0.03,0.02,0.0413333
juelich_pilot_d30_r5_log_distance_s02_w1,juelich,12345,2,2,log-distance,39,40,veh8,veh3,5,5,0,291.703,1,7.1033,12.7499,-75.9763,20.9999,5,0.03,0.025,0.0413333
juelich_pilot_d30_r5_log_distance_s02_w1,juelich,12345,2,2,log-distance,39,40,veh8,veh4,5,0,1,993.821,0,7.1033,0,nan,nan,0,0.03,0.05,0.0413333
juelich_pilot_d30_r5_log_distance_s02_w1,juelich,12345,2,2,log-distance,39,40,veh8,veh5,5,5,0,577.945,0,7.1033,7.44611,-81.9154,15.0609,5,0.03,0.035,0.0413333
juelich_pilot_d30_r5_log_distance_s02_w1,juelich,12345,2,2,log-distance,39,40,veh8,veh7,5,5,0,206.693,1,7.1033,11.1799,-72.9835,23.9927,5,0.03,0.035,0.0413333
juelich_pilot_d30_r5_log_distance_s02_w1,juelich,12345,2,2,log-distance,39,40,veh8,veh9,5,0,1,970.008,0,7.1033,0,nan,nan,0,0.03,0.045,0.0413333
juelich_pilot_d30_r5_log_distance_s02_w1,juelich,12345,2,2,log-distance,39,40,veh9,veh0,5,5,0,476.454,1,0,13.4374,-80.2379,16.7384,5,0.045,0.055,0.0413333
juelich_pilot_d30_r5_log_distance_s02_w1,juelich,12345,2,2,log-distance,39,40,veh9,veh1,5,5,0,114.565,1,0,8.33765,-67.8569,29.1194,5,0.045,0.045,0.0413333
juelich_pilot_d30_r5_log_distance_s02_w1,juelich,12345,2,2,log-distance,39,40,veh9,veh10,5,5,0,178.938,1,0,8.49716,-71.7314,25.2449,5,0.045,0.045,0.0413333
juelich_pilot_d30_r5_log_distance_s02_w1,juelich,12345,2,2,log-distance,39,40,veh9,veh11,5,5,0,75.1422,1,0,7.31862,-64.1921,32.7842,5,0.045,0.045,0.0413333
juelich_pilot_d30_r5_log_distance_s02_w1,juelich,12345,2,2,log-distance,39,40,veh9,veh12,5,5,0,550.443,0,0,1.4784,-81.492,15.4843,5,0.045,0.045,0.0413333
juelich_pilot_d30_r5_log_distance_s02_w1,juelich,12345,2,2,log-distance,39,40,veh9,veh13,5,5,0,362.568,1,0,7.55123,-77.8655,19.1108,5,0.045,0.055,0.0413333
juelich_pilot_d30_r5_log_distance_s02_w1,juelich,12345,2,2,log-distance,39,40,veh9,veh14,5,0,1,701.884,0,0,3.39628,nan,nan,0,0.045,0.045,0.0413333
juelich_pilot_d30_r5_log_distance_s02_w1,juelich,12345,2,2,log-distance,39,40,veh9,veh4,5,5,0,164.137,1,0,0,-70.9818,25.9944,5,0.045,0.05,0.0413333
juelich_pilot_d30_r5_log_distance_s02_w1,juelich,12345,2,2,log-distance,39,40,veh9,veh5,5,0,1,884.644,0,0,7.44611,nan,nan,0,0.045,0.035,0.0413333
juelich_pilot_d30_r5_log_distance_s02_w1,juelich,12345,2,2,log-distance,39,40,veh9,veh6,5,5,0,199.538,1,0,8.53492,-72.6778,24.2984,5,0.045,0.045,0.0413333
juelich_pilot_d30_r5_log_distance_s02_w1,juelich,12345,2,2,log-distance,39,40,veh9,veh7,5,0,1,913.7,0,0,11.1799,nan,nan,0,0.045,0.035,0.0413333
juelich_pilot_d30_r5_log_distance_s02_w1,juelich,12345,2,2,log-distance,39,40,veh9,veh8,5,0,1,970.008,0,0,7.1033,nan,nan,0,0.045,0.03,0.0413333
juelich_pilot_d30_r5_log_distance_s02_w1,juelich,12345,2,2,log-distance,40,41,veh0,veh1,5,0,1,590.266,0,13.4436,8.33956,nan,nan,0,0.057,0.045,0.040875
juelich_pilot_d30_r5_log_distance_s02_w1,juelich,12345,2,2,log-distance,40,41,veh0,veh10,5,5,0,458.558,1,13.4436,8.50854,-79.9056,17.0707,5,0.057,0.045,0.040875
juelich_pilot_d30_r5_log_distance_s02_w1,juelich,12345,2,2,log-distance,40,41,veh0,veh11,5,5,0,554.232,0,13.4436,7.32772,-81.5515,15.4248,5,0.057,0.045,0.040875
juelich_pilot_d30_r5_log_distance_s02_w1,juelich,12345,2,2,log-distance,40,41,veh0,veh12,5,5,0,470.67,1,13.4436,0,-80.132,16.8443,5,0.057,0.045,0.040875
juelich_pilot_d30_r5_log_distance_s02_w1,juelich,12345,2,2,log-distance,40,41,veh0,veh13,5,5,0,137.234,1,13.4436,7.53435,-69.4231,27.5532,5,0.057,0.057,0.040875
juelich_pilot_d30_r5_log_distance_s02_w1,juelich,12345,2,2,log-distance,40,41,veh0,veh14,5,5,0,493.76,1,13.4436,5.35607,-80.5479,16.4283,5,0.057,0.045,0.040875
juelich_pilot_d30_r5_log_distance_s02_w1,juelich,12345,2,2,log-distance,40,41,veh0,veh15,2,2,0,538.607,0,13.4255,0.486754,-81.3031,15.6731,2,0.057,0.024,0.040875
juelich_pilot_d30_r5_log_distance_s02_w1,juelich,12345,2,2,log-distance,40,41,veh0,veh4,5,5,0,350.101,1,13.4436,1.16194,-77.5613,19.415,5,0.057,0.05,0.040875
juelich_pilot_d30_r5_log_distance_s02_w1,juelich,12345,2,2,log-distance,40,41,veh0,veh5,5,5,0,524.543,0,13.4436,7.45932,-81.0733,15.903,5,0.057,0.037,0.040875
juelich_pilot_d30_r5_log_distance_s02_w1,juelich,12345,2,2,log-distance,40,41,veh0,veh6,5,5,0,439.515,1,13.4436,8.49591,-79.5372,17.4391,5,0.057,0.045,0.040875
juelich_pilot_d30_r5_log_distance_s02_w1,juelich,12345,2,2,log-distance,40,41,veh0,veh7,5,0,1,732.693,0,13.4436,11.1958,nan,nan,0,0.057,0.037,0.040875
juelich_pilot_d30_r5_log_distance_s02_w1,juelich,12345,2,2,log-distance,40,41,veh0,veh8,5,0,1,895.117,0,13.4436,7.11607,nan,nan,0,0.057,0.032,0.040875
juelich_pilot_d30_r5_log_distance_s02_w1,juelich,12345,2,2,log-distance,40,41,veh0,veh9,5,5,0,488.614,1,13.4436,1.19242,-80.4568,16.5195,5,0.057,0.045,0.040875
juelich_pilot_d30_r5_log_distance_s02_w1,juelich,12345,2,2,log-distance,40,41,veh1,veh0,5,0,1,590.266,0,8.33956,13.4436,nan,nan,0,0.045,0.057,0.040875
juelich_pilot_d30_r5_log_distance_s02_w1,juelich,12345,2,2,log-distance,40,41,veh1,veh10,5,5,0,264.417,1,8.33956,8.50854,-75.1235,21.8528,5,0.045,0.045,0.040875
juelich_pilot_d30_r5_log_distance_s02_w1,juelich,12345,2,2,log-distance,40,41,veh1,veh11,5,5,0,38.6518,1,8.33956,7.32772,-58.4209,38.5554,5,0.045,0.045,0.040875
juelich_pilot_d30_r5_log_distance_s02_w1,juelich,12345,2,2,log-distance,40,41,veh1,veh12,5,0,1,640.455,0,8.33956,0,nan,nan,0,0.045,0.045,0.040875
juelich_pilot_d30_r5_log_distance_s02_w1,juelich,12345,2,2,log-distance,40,41,veh1,veh13,5,5,0,464.877,1,8.33956,7.53435,-80.0243,16.952,5,0.045,0.057,0.040875
juelich_pilot_d30_r5_log_distance_s02_w1,juelich,12345,2,2,log-distance,40,41,veh1,veh14,5,0,1,794.492,0,8.33956,5.35607,nan,nan,0,0.045,0.045,0.040875
juelich_pilot_d30_r5_log_distance_s02_w1,juelich,12345,2,2,log-distance,40,41,veh1,veh4,5,5,0,270.088,1,8.33956,1.16194,-75.3076,21.6687,5,0.045,0.05,0.040875
juelich_pilot_d30_r5_log_distance_s02_w1,juelich,12345,2,2,log-distance,40,41,veh1,veh5,5,0,1,952.987,0,8.33956,7.45932,nan,nan,0,0.045,0.037,0.040875
juelich_pilot_d30_r5_log_distance_s02_w1,juelich,12345,2,2,log-distance,40,41,veh1,veh6,5,5,0,290.256,1,8.33956,8.49591,-75.9333,21.043,5,0.045,0.045,0.040875
juelich_pilot_d30_r5_log_distance_s02_w1,juelich,12345,2,2,log-distance,40,41,veh1,veh7,5,0,1,940.284,0,8.33956,11.1958,nan,nan,0,0.045,0.037,0.040875
juelich_pilot_d30_r5_log_distance_s02_w1,juelich,12345,2,2,log-distance,40,41,veh1,veh8,5,0,1,981.671,0,8.33956,7.11607,nan,nan,0,0.045,0.032,0.040875
juelich_pilot_d30_r5_log_distance_s02_w1,juelich,12345,2,2,log-distance,40,41,veh1,veh9,5,5,0,106.22,1,8.33956,1.19242,-67.1997,29.7766,5,0.045,0.045,0.040875
juelich_pilot_d30_r5_log_distance_s02_w1,juelich,12345,2,2,log-distance,40,41,veh10,veh0,5,5,0,458.558,1,8.50854,13.4436,-79.9056,17.0707,5,0.045,0.057,0.040875
juelich_pilot_d30_r5_log_distance_s02_w1,juelich,12345,2,2,log-distance,40,41,veh10,veh1,5,5,0,264.417,1,8.50854,8.33956,-75.1235,21.8528,5,0.045,0.045,0.040875
juelich_pilot_d30_r5_log_distance_s02_w1,juelich,12345,2,2,log-distance,40,41,veh10,veh11,5,5,0,230.889,1,8.50854,7.32772,-73.9458,23.0305,5,0.045,0.045,0.040875
juelich_pilot_d30_r5_log_distance_s02_w1,juelich,12345,2,2,log-distance,40,41,veh10,veh12,5,5,0,376.86,1,8.50854,0,-78.2011,18.7751,5,0.045,0.045,0.040875
juelich_pilot_d30_r5_log_distance_s02_w1,juelich,12345,2,2,log-distance,40,41,veh10,veh13,5,5,0,321.891,1,8.50854,7.53435,-76.8315,20.1448,5,0.045,0.057,0.040875
juelich_pilot_d30_r5_log_distance_s02_w1,juelich,12345,2,2,log-distance,40,41,veh10,veh14,5,5,0,535.921,0,8.50854,5.35607,-81.2595,15.7168,5,0.045,0.045,0.040875
juelich_pilot_d30_r5_log_distance_s02_w1,juelich,12345,2,2,log-distance,40,41,veh10,veh15,2,0,1,980.758,0,8.55625,0.486754,nan,nan,0,0.045,0.024,0.040875
juelich_pilot_d30_r5_log_distance_s02_w1,juelich,12345,2,2,log-distance,40,41,veh10,veh4,5,5,0,128.413,1,8.50854,1.16194,-68.8498,28.1265,5,0.045,0.05,0.040875
juelich_pilot_d30_r5_log_distance_s02_w1,juelich,12345,2,2,log-distance,40,41,veh10,veh5,5,0,1,932.04,0,8.50854,7.45932,nan,nan,0,0.045,0.037,0.040875
juelich_pilot_d30_r5_log_distance_s02_w1,juelich,12345,2,2,log-distance,40,41,veh10,veh6,5,5,0,28.6119,1,8.50854,8.49591,-55.8086,41.1677,5,0.045,0.045,0.040875
juelich_pilot_d30_r5_log_distance_s02_w1,juelich,12345,2,2,log-distance,40,41,veh10,veh9,5,5,0,184.505,1,8.50854,1.19242,-71.9976,24.9787,5,0.045,0.045,0.040875
juelich_pilot_d30_r5_log_distance_s02_w1,juelich,12345,2,2,log-distance,40,41,veh11,veh0,5,5,0,554.232,0,7.32772,13.4436,-81.5515,15.4248,5,0.045,0.057,0.040875
juelich_pilot_d30_r5_log_distance_s02_w1,juelich,12345,2,2,log-distance,40,41,veh11,veh1,5,5,0,38.6518,1,7.32772,8.33956,-58.4209,38.5554,5,0.045,0.045,0.040875
juelich_pilot_d30_r5_log_distance_s02_w1,juelich,12345,2,2,log-distance,40,41,veh11,veh10,5,5,0,230.889,1,7.32772,8.50854,-73.9458,23.0305,5,0.045,0.045,0.040875
juelich_pilot_d30_r5_log_distance_s02_w1,juelich,12345,2,2,log-distance,40,41,veh11,veh12,5,0,1,605.412,0,7.32772,0,nan,nan,0,0.045,0.045,0.040875
juelich_pilot_d30_r5_log_distance_s02_w1,juelich,12345,2,2,log-distance,40,41,veh11,veh13,5,5,0,427.551,1,7.32772,7.53435,-79.2973,17.679,5,0.045,0.057,0.040875
juelich_pilot_d30_r5_log_distance_s02_w1,juelich,12345,2,2,log-distance,40,41,veh11,veh14,5,0,1,757.783,0,7.32772,5.35607,nan,nan,0,0.045,0.045,0.040875
juelich_pilot_d30_r5_log_distance_s02_w1,juelich,12345,2,2,log-distance,40,41,veh11,veh4,5,5,0,231.436,1,7.32772,1.16194,-73.9661,23.0102,5,0.045,0.05,0.040875
juelich_pilot_d30_r5_log_distance_s02_w1,juelich,12345,2,2,log-distance,40,41,veh11,veh5,5,0,1,928.496,0,7.32772,7.45932,nan,nan,0,0.045,0.037,0.040875
juelich_pilot_d30_r5_log_distance_s02_w1,juelich,12345,2,2,log-distance,40,41,veh11,veh6,5,5,0,255.794,1,7.32772,8.49591,-74.8355,22.1408,5,0.045,0.045,0.040875
juelich_pilot_d30_r5_log_distance_s02_w1,juelich,12345,2,2,log-distance,40,41,veh11,veh7,5,0,1,928.876,0,7.32772,11.1958,nan,nan,0,0.045,0.037,0.040875
juelich_pilot_d30_r5_log_distance_s02_w1,juelich,12345,2,2,log-distance,40,41,veh11,veh8,5,0,1,978.629,0,7.32772,7.11607,nan,nan,0,0.045,0.032,0.040875
juelich_pilot_d30_r5_log_distance_s02_w1,juelich,12345,2,2,log-distance,40,41,veh11,veh9,5,5,0,67.8201,1,7.32772,1.19242,-63.3007,33.6756,5,0.045,0.045,0.040875
juelich_pilot_d30_r5_log_distance_s02_w1,juelich,12345,2,2,log-distance,40,41,veh12,veh0,5,0,1,470.67,1,0,13.4436,nan,nan,0,0.045,0.057,0.040875
juelich_pilot_d30_r5_log_distance_s02_w1,juelich,12345,2,2,log-distance,40,41,veh12,veh1,5,0,1,640.455,0,0,8.33956,nan,nan,0,0.045,0.045,0.040875
juelich_pilot_d30_r5_log_distance_s02_w1,juelich,12345,2,2,log-distance,40,41,veh12,veh10,5,0,1,376.86,1,0,8.50854,nan,nan,0,0.045,0.045,0.040875
juelich_pilot_d30_r5_log_distance_s02_w1,juelich,12345,2,2,log-distance,40,41,veh12,veh11,5,0,1,605.412,0,0,7.32772,nan,nan,0,0.045,0.045,0.040875
juelich_pilot_d30_r5_log_distance_s02_w1,juelich,12345,2,2,log-distance,40,41,veh12,veh13,5,0,1,401.435,1,0,7.53435,nan,nan,0,0.045,0.057,0.040875
juelich_pilot_d30_r5_log_distance_s02_w1,juelich,12345,2,2,log-distance,40,41,veh12,veh14,5,5,0,173.499,1,0,5.35607,-71.4633,8.59613,5,0.045,0.045,0.040875
juelich_pilot_d30_r5_log_distance_s02_w1,juelich,12345,2,2,log-distance,40,41,veh12,veh15,2,0,1,982.892,0,0,0.486754,nan,nan,0,0.045,0.024,0.040875
juelich_pilot_d30_r5_log_distance_s02_w1,juelich,12345,2,2,log-distance,40,41,veh12,veh4,5,0,1,409.686,1,0,1.16194,nan,nan,0,0.045,0.05,0.040875
juelich_pilot_d30_r5_log_distance_s02_w1,juelich,12345,2,2,log-distance,40,41,veh12,veh5,5,0,1,990.878,0,0,7.45932,nan,nan,0,0.045,0.037,0.040875
juelich_pilot_d30_r5_log_distance_s02_w1,juelich,12345,2,2,log-distance,40,41,veh12,veh6,5,0,1,350.268,1,0,8.49591,nan,nan,0,0.045,0.045,0.040875
juelich_pilot_d30_r5_log_distance_s02_w1,juelich,12345,2,2,log-distance,40,41,veh12,veh9,5,0,1,550.433,0,0,1.19242,nan,nan,0,0.045,0.045,0.040875
juelich_pilot_d30_r5_log_distance_s02_w1,juelich,12345,2,2,log-distance,40,41,veh13,veh0,5,5,0,137.234,1,7.53435,13.4436,-69.4231,10.6201,5,0.057,0.057,0.040875
juelich_pilot_d30_r5_log_distance_s02_w1,juelich,12345,2,2,log-distance,40,41,veh13,veh1,5,0,1,464.877,1,7.53435,8.33956,nan,nan,0,0.057,0.045,0.040875
juelich_pilot_d30_r5_log_distance_s02_w1,juelich,12345,2,2,log-distance,40,41,veh13,veh10,5,0,1,321.891,1,7.53435,8.50854,nan,nan,0,0.057,0.045,0.040875
juelich_pilot_d30_r5_log_distance_s02_w1,juelich,12345,2,2,log-distance,40,41,veh13,veh11,5,0,1,427.551,1,7.53435,7.32772,nan,nan,0,0.057,0.045,0.040875
juelich_pilot_d30_r5_log_distance_s02_w1,juelich,12345,2,2,log-distance,40,41,veh13,veh12,5,0,1,401.435,1,7.53435,0,nan,nan,0,0.057,0.045,0.040875
juelich_pilot_d30_r5_log_distance_s02_w1,juelich,12345,2,2,log-distance,40,41,veh13,veh14,5,0,1,471.578,1,7.53435,5.35607,nan,nan,0,0.057,0.045,0.040875
juelich_pilot_d30_r5_log_distance_s02_w1,juelich,12345,2,2,log-distance,40,41,veh13,veh15,2,0,1,668.659,0,7.52851,0.486754,nan,nan,0,0.057,0.024,0.040875
juelich_pilot_d30_r5_log_distance_s02_w1,juelich,12345,2,2,log-distance,40,41,veh13,veh4,5,5,0,213.901,1,7.53435,1.16194,-73.2818,5.57742,5,0.057,0.05,0.040875
juelich_pilot_d30_r5_log_distance_s02_w1,juelich,12345,2,2,log-distance,40,41,veh13,veh5,5,0,1,633.815,0,7.53435,7.45932,nan,nan,0,0.057,0.037,0.040875
juelich_pilot_d30_r5_log_distance_s02_w1,juelich,12345,2,2,log-distance,40,41,veh13,veh6,5,0,1,303.802,1,7.53435,8.49591,nan,nan,0,0.057,0.045,0.040875
juelich_pilot_d30_r5_log_distance_s02_w1,juelich,12345,2,2,log-distance,40,41,veh13,veh7,5,0,1,792.351,0,7.53435,11.1958,nan,nan,0,0.057,0.037,0.040875
juelich_pilot_d30_r5_log_distance_s02_w1,juelich,12345,2,2,log-distance,40,41,veh13,veh8,5,0,1,931.015,0,7.53435,7.11607,nan,nan,0,0.057,0.032,0.040875
juelich_pilot_d30_r5_log_distance_s02_w1,juelich,12345,2,2,log-distance,40,41,veh13,veh9,5,0,1,360.423,1,7.53435,1.19242,nan,nan,0,0.057,0.045,0.040875
juelich_pilot_d30_r5_log_distance_s02_w1,juelich,12345,2,2,log-distance,40,41,veh14,veh0,5,5,0,493.76,1,5.35607,13.4436,-80.5479,16.4283,5,0.045,0.057,0.040875
juelich_pilot_d30_r5_log_distance_s02_w1,juelich,12345,2,2,log-distance,40,41,veh14,veh1,5,0,1,794.492,0,5.35607,8.33956,nan,nan,0,0.045,0.045,0.040875
juelich_pilot_d30_r5_log_distance_s02_w1,juelich,12345,2,2,log-distance,40,41,veh14,veh10,5,5,0,535.921,0,5.35607,8.50854,-81.2595,15.7168,5,0.045,0.045,0.040875
juelich_pilot_d30_r5_log_distance_s02_w1,juelich,12345,2,2,log-distance,40,41,veh14,veh11,5,0,1,757.783,0,5.35607,7.32772,nan,nan,0,0.045,0.045,0.040875
juelich_pilot_d30_r5_log_distance_s02_w1,juelich,12345,2,2,log-distance,40,41,veh14,veh12,5,5,0,173.499,1,5.35607,0,-71.4633,25.513,5,0.045,0.045,0.040875
juelich_pilot_d30_r5_log_distance_s02_w1,juelich,12345,2,2,log-distance,40,41,veh14,veh13,5,5,0,471.578,1,5.35607,7.53435,-80.1487,16.8276,5,0.045,0.057,0.040875
juelich_pilot_d30_r5_log_distance_s02_w1,juelich,12345,2,2,log-distance,40,41,veh14,veh15,2,0,1,946.647,0,5.99378,0.486754,nan,nan,0,0.045,0.024,0.040875
juelich_pilot_d30_r5_log_distance_s02_w1,juelich,12345,2,2,log-distance,40,41,veh14,veh4,5,5,0,543.833,0,5.35607,1.16194,-81.387,15.5893,5,0.045,0.05,0.040875
juelich_pilot_d30_r5_log_distance_s02_w1,juelich,12345,2,2,log-distance,40,41,veh14,veh5,5,0,1,980.754,0,5.35607,7.45932,nan,nan,0,0.045,0.037,0.040875
juelich_pilot_d30_r5_log_distance_s02_w1,juelich,12345,2,2,log-distance,40,41,veh14,veh6,5,5,0,507.969,0,5.35607,8.49591,-80.7942,16.1821,5,0.045,0.045,0.040875
juelich_pilot_d30_r5_log_distance_s02_w1,juelich,12345,2,2,log-distance,40,41,veh14,veh9,5,0,1,697.97,0,5.35607,1.19242,nan,nan,0,0.045,0.045,0.040875
juelich_pilot_d30_r5_log_distance_s02_w1,juelich,12345,2,2,log-distance,40,41,veh15,veh0,2,2,0,538.607,0,0.486754,13.4255,-81.3031,15.6731,2,0.024,0.057,0.040875
juelich_pilot_d30_r5_log_distance_s02_w1,juelich,12345,2,2,log-distance,40,41,veh15,veh10,2,0,1,980.758,0,0.486754,8.55625,nan,nan,0,0.024,0.045,0.040875
juelich_pilot_d30_r5_log_distance_s02_w1,juelich,12345,2,2,log-distance,40,41,veh15,veh12,2,0,1,982.892,0,0.486754,0,nan,nan,0,0.024,0.045,0.040875
juelich_pilot_d30_r5_log_distance_s02_w1,juelich,12345,2,2,log-distance,40,41,veh15,veh13,2,0,1,668.659,0,0.486754,7.52851,nan,nan,0,0.024,0.057,0.040875
juelich_pilot_d30_r5_log_distance_s02_w1,juelich,12345,2,2,log-distance,40,41,veh15,veh14,2,0,1,946.647,0,0.486754,5.99378,nan,nan,0,0.024,0.045,0.040875
juelich_pilot_d30_r5_log_distance_s02_w1,juelich,12345,2,2,log-distance,40,41,veh15,veh2,2,0,1,961.143,0,0.486754,0,nan,nan,0,0.024,0.02,0.040875
juelich_pilot_d30_r5_log_distance_s02_w1,juelich,12345,2,2,log-distance,40,41,veh15,veh3,2,0,1,852.31,0,0.486754,12.7737,nan,nan,0,0.024,0.025,0.040875
juelich_pilot_d30_r5_log_distance_s02_w1,juelich,12345,2,2,log-distance,40,41,veh15,veh4,2,0,1,859.502,0,0.486754,1.79565,nan,nan,0,0.024,0.05,0.040875
juelich_pilot_d30_r5_log_distance_s02_w1,juelich,12345,2,2,log-distance,40,41,veh15,veh5,2,2,0,153.899,1,0.486754,7.45415,-70.4223,26.554,2,0.024,0.037,0.040875
juelich_pilot_d30_r5_log_distance_s02_w1,juelich,12345,2,2,log-distance,40,41,veh15,veh6,2,0,1,966.054,0,0.486754,8.47222,nan,nan,0,0.024,0.045,0.040875
juelich_pilot_d30_r5_log_distance_s02_w1,juelich,12345,2,2,log-distance,40,41,veh15,veh7,2,2,0,505.459,0,0.486754,11.1677,-80.7514,16.2249,2,0.024,0.037,0.040875
juelich_pilot_d30_r5_log_distance_s02_w1,juelich,12345,2,2,log-distance,40,41,veh15,veh8,2,0,1,723.871,0,0.486754,7.1363,nan,nan,0,0.024,0.032,0.040875
juelich_pilot_d30_r5_log_distance_s02_w1,juelich,12345,2,2,log-distance,40,41,veh15,veh9,2,0,1,957.343,0,0.486754,1.87647,nan,nan,0,0.024,0.045,0.040875
juelich_pilot_d30_r5_log_distance_s02_w1,juelich,12345,2,2,log-distance,40,41,veh2,veh15,2,0,1,961.143,0,0,0.486754,nan,nan,0,0.02,0.024,0.040875
juelich_pilot_d30_r5_log_distance_s02_w1,juelich,12345,2,2,log-distance,40,41,veh2,veh3,5,5,0,106.533,1,0,12.7713,-67.2224,22.7581,5,0.02,0.025,0.040875
juelich_pilot_d30_r5_log_distance_s02_w1,juelich,12345,2,2,log-distance,40,41,veh2,veh5,5,0,1,837.291,0,0,7.45932,nan,nan,0,0.02,0.037,0.040875
juelich_pilot_d30_r5_log_distance_s02_w1,juelich,12345,2,2,log-distance,40,41,veh2,veh7,5,5,0,514.124,0,0,11.1958,-80.8989,6.9769,5,0.02,0.037,0.040875
juelich_pilot_d30_r5_log_distance_s02_w1,juelich,12345,2,2,log-distance,40,41,veh2,veh8,5,5,0,370.072,1,0,7.11607,-78.0434,10.7581,5,0.02,0.032,0.040875
juelich_pilot_d30_r5_log_distance_s02_w1,juelich,12345,2,2,log-distance,40,41,veh3,veh15,2,0,1,852.31,0,12.7737,0.486754,nan,nan,0,0.025,0.024,0.040875
juelich_pilot_d30_r5_log_distance_s02_w1,juelich,12345,2,2,log-distance,40,41,veh3,veh2,5,5,0,106.533,1,12.7713,0,-67.2224,29.7539,5,0.025,0.02,0.040875
juelich_pilot_d30_r5_log_distance_s02_w1,juelich,12345,2,2,log-distance,40,41,veh3,veh5,5,0,1,730.954,0,12.7713,7.45932,nan,nan,0,0.025,0.037,0.040875
juelich_pilot_d30_r5_log_distance_s02_w1,juelich,12345,2,2,log-distance,40,41,veh3,veh7,5,5,0,409.92,1,12.7713,11.1958,-78.9317,18.0446,5,0.025,0.037,0.040875
juelich_pilot_d30_r5_log_distance_s02_w1,juelich,12345,2,2,log-distance,40,41,veh3,veh8,5,5,0,285.284,1,12.7713,7.11607,-75.7831,21.1932,5,0.025,0.032,0.040875
juelich_pilot_d30_r5_log_distance_s02_w1,juelich,12345,2,2,log-distance,40,41,veh4,veh0,5,5,0,350.101,1,1.16194,13.4436,-77.5613,19.415,5,0.05,0.057,0.040875
juelich_pilot_d30_r5_log_distance_s02_w1,juelich,12345,2,2,log-distance,40,41,veh4,veh1,5,5,0,270.088,1,1.16194,8.33956,-75.3076,21.6687,5,0.05,0.045,0.040875
juelich_pilot_d30_r5_log_distance_s02_w1,juelich,12345,2,2,log-distance,40,41,veh4,veh10,5,5,0,128.413,1,1.16194,8.50854,-68.8498,28.1265,5,0.05,0.045,0.040875
juelich_pilot_d30_r5_log_distance_s02_w1,juelich,12345,2,2,log-distance,40,41,veh4,veh11,5,5,0,231.436,1,1.16194,7.32772,-73.9661,23.0102,5,0.05,0.045,0.040875
juelich_pilot_d30_r5_log_distance_s02_w1,juelich,12345,2,2,log-distance,40,41,veh4,veh12,5,5,0,409.686,1,1.16194,0,-78.9267,18.0496,5,0.05,0.045,0.040875
juelich_pilot_d30_r5_log_distance_s02_w1,juelich,12345,2,2,log-distance,40,41,veh4,veh13,5,5,0,213.901,1,1.16194,7.53435,-73.2818,23.6945,5,0.05,0.057,0.040875
juelich_pilot_d30_r5_log_distance_s02_w1,juelich,12345,2,2,log-distance,40,41,veh4,veh14,5,5,0,543.833,0,1.16194,5.35607,-81.387,15.5893,5,0.05,0.045,0.040875
juelich_pilot_d30_r5_log_distance_s02_w1,juelich,12345,2,2,log-distance,40,41,veh4,veh15,2,0,1,859.502,0,1.79565,0.486754,nan,nan,0,0.05,0.024,0.040875
juelich_pilot_d30_r5_log_distance_s02_w1,juelich,12345,2,2,log-distance,40,41,veh4,veh5,5,0,1,805.045,0,1.16194,7.45932,nan,nan,0,0.05,0.037,0.040875
juelich_pilot_d30_r5_log_distance_s02_w1,juelich,12345,2,2,log-distance,40,41,veh4,veh6,5,5,0,123.973,1,1.16194,8.49591,-68.5442,28.432,5,0.05,0.045,0.040875
juelich_pilot_d30_r5_log_distance_s02_w1,juelich,12345,2,2,log-distance,40,41,veh4,veh7,5,0,1,892.69,0,1.16194,11.1958,nan,nan,0,0.05,0.037,0.040875
juelich_pilot_d30_r5_log_distance_s02_w1,juelich,12345,2,2,log-distance,40,41,veh4,veh8,5,0,1,991.81,0,1.16194,7.11607,nan,nan,0,0.05,0.032,0.040875
juelich_pilot_d30_r5_log_distance_s02_w1,juelich,12345,2,2,log-distance,40,41,veh4,veh9,5,5,0,164.569,1,1.16194,1.19242,-71.0046,25.9717,5,0.05,0.045,0.040875
juelich_pilot_d30_r5_log_distance_s02_w1,juelich,12345,2,2,log-distance,40,41,veh5,veh0,5,5,0,524.543,0,7.45932,13.4436,-81.0733,15.903,5,0.037,0.057,0.040875
juelich_pilot_d30_r5_log_distance_s02_w1,juelich,12345,2,2,log-distance,40,41,veh5,veh1,5,0,1,952.987,0,7.45932,8.33956,nan,nan,0,0.037,0.045,0.040875
juelich_pilot_d30_r5_log_distance_s02_w1,juelich,12345,2,2,log-distance,40,41,veh5,veh10,5,0,1,932.04,0,7.45932,8.50854,nan,nan,0,0.037,0.045,0.040875
juelich_pilot_d30_r5_log_distance_s02_w1,juelich,12345,2,2,log-distance,40,41,veh5,veh11,5,0,1,928.496,0,7.45932,7.32772,nan,nan,0,0.037,0.045,0.040875
juelich_pilot_d30_r5_log_distance_s02_w1,juelich,12345,2,2,log-distance,40,41,veh5,veh12,5,0,1,990.878,0,7.45932,0,nan,nan,0,0.037,0.045,0.040875
juelich_pilot_d30_r5_log_distance_s02_w1,juelich,12345,2,2,log-distance,40,41,veh5,veh13,5,0,1,633.815,0,7.45932,7.53435,nan,nan,0,0.037,0.057,0.040875
juelich_pilot_d30_r5_log_distance_s02_w1,juelich,12345,2,2,log-distance,40,41,veh5,veh14,5,0,1,980.754,0,7.45932,5.35607,nan,nan,0,0.037,0.045,0.040875
juelich_pilot_d30_r5_log_distance_s02_w1,juelich,12345,2,2,log-distance,40,41,veh5,veh15,2,2,0,153.899,1,7.45415,0.486754,-70.4223,26.554,2,0.037,0.024,0.040875
juelich_pilot_d30_r5_log_distance_s02_w1,juelich,12345,2,2,log-distance,40,41,veh5,veh2,5,0,1,837.291,0,7.45932,0,nan,nan,0,0.037,0.02,0.040875
juelich_pilot_d30_r5_log_distance_s02_w1,juelich,12345,2,2,log-distance,40,41,veh5,veh3,5,0,1,730.954,0,7.45932,12.7713,nan,nan,0,0.037,0.025,0.040875
juelich_pilot_d30_r5_log_distance_s02_w1,juelich,12345,2,2,log-distance,40,41,veh5,veh4,5,0,1,805.045,0,7.45932,1.16194,nan,nan,0,0.037,0.05,0.040875
juelich_pilot_d30_r5_log_distance_s02_w1,juelich,12345,2,2,log-distance,40,41,veh5,veh6,5,0,1,921.146,0,7.45932,8.49591,nan,nan,0,0.037,0.045,0.040875
juelich_pilot_d30_r5_log_distance_s02_w1,juelich,12345,2,2,log-distance,40,41,veh5,veh7,5,5,0,360.297,1,7.45932,11.1958,-77.8105,19.1657,5,0.037,0.037,0.040875
juelich_pilot_d30_r5_log_distance_s02_w1,juelich,12345,2,2,log-distance,40,41,veh5,veh8,5,5,0,575.685,0,7.45932,7.11607,-81.8814,15.0949,5,0.037,0.032,0.040875
juelich_pilot_d30_r5_log_distance_s02_w1,juelich,12345,2,2,log-distance,40,41,veh5,veh9,5,0,1,880.454,0,7.45932,1.19242,nan,nan,0,0.037,0.045,0.040875
juelich_pilot_d30_r5_log_distance_s02_w1,juelich,12345,2,2,log-distance,40,41,veh6,veh0,5,5,0,439.515,1,8.49591,13.4436,-79.5372,17.4391,5,0.045,0.057,0.040875
juelich_pilot_d30_r5_log_distance_s02_w1,juelich,12345,2,2,log-distance,40,41,veh6,veh1,5,5,0,290.256,1,8.49591,8.33956,-75.9333,21.043,5,0.045,0.045,0.040875
juelich_pilot_d30_r5_log_distance_s02_w1,juelich,12345,2,2,log-distance,40,41,veh6,veh10,5,5,0,28.6119,1,8.49591,8.50854,-55.8086,41.1677,5,0.045,0.045,0.040875
juelich_pilot_d30_r5_log_distance_s02_w1,juelich,12345,2,2,log-distance,40,41,veh6,veh11,5,5,0,255.794,1,8.49591,7.32772,-74.8355,22.1408,5,0.045,0.045,0.040875
juelich_pilot_d30_r5_log_distance_s02_w1,juelich,12345,2,2,log-distance,40,41,veh6,veh12,5,5,0,350.268,1,8.49591,0,-77.5655,19.4108,5,0.045,0.045,0.040875
juelich_pilot_d30_r5_log_distance_s02_w1,juelich,12345,2,2,log-distance,40,41,veh6,veh13,5,5,0,303.802,1,8.49591,7.53435,-76.329,20.6472,5,0.045,0.057,0.040875
juelich_pilot_d30_r5_log_distance_s02_w1,juelich,12345,2,2,log-distance,40,41,veh6,veh14,5,5,0,507.969,0,8.49591,5.35607,-80.7942,16.1821,5,0.045,0.045,0.040875
juelich_pilot_d30_r5_log_distance_s02_w1,juelich,12345,2,2,log-distance,40,41,veh6,veh15,2,0,1,966.054,0,8.47222,0.486754,nan,nan,0,0.045,0.024,0.040875
juelich_pilot_d30_r5_log_distance_s02_w1,juelich,12345,2,2,log-distance,40,41,veh6,veh4,5,5,0,123.973,1,8.49591,1.16194,-68.5442,28.432,5,0.045,0.05,0.040875
juelich_pilot_d30_r5_log_distance_s02_w1,juelich,12345,2,2,log-distance,40,41,veh6,veh5,5,0,1,921.146,0,8.49591,7.45932,nan,nan,0,0.045,0.037,0.040875
juelich_pilot_d30_r5_log_distance_s02_w1,juelich,12345,2,2,log-distance,40,41,veh6,veh9,5,5,0,205.744,1,8.49591,1.19242,-72.944,24.0323,5,0.045,0.045,0.040875
juelich_pilot_d30_r5_log_distance_s02_w1,juelich,12345,2,2,log-distance,40,41,veh7,veh0,5,0,1,732.693,0,11.1958,13.4436,nan,nan,0,0.037,0.057,0.040875
juelich_pilot_d30_r5_log_distance_s02_w1,juelich,12345,2,2,log-distance,40,41,veh7,veh1,5,0,1,940.284,0,11.1958,8.33956,nan,nan,0,0.037,0.045,0.040875
juelich_pilot_d30_r5_log_distance_s02_w1,juelich,12345,2,2,log-distance,40,41,veh7,veh11,5,0,1,928.876,0,11.1958,7.32772,nan,nan,0,0.037,0.045,0.040875
juelich_pilot_d30_r5_log_distance_s02_w1,juelich,12345,2,2,log-distance,40,41,veh7,veh13,5,0,1,792.351,0,11.1958,7.53435,nan,nan,0,0.037,0.057,0.040875
juelich_pilot_d30_r5_log_distance_s02_w1,juelich,12345,2,2,log-distance,40,41,veh7,veh15,2,2,0,505.459,0,11.1677,0.486754,-80.7514,16.2249,2,0.037,0.024,0.040875
juelich_pilot_d30_r5_log_distance_s02_w1,juelich,12345,2,2,log-distance,40,41,veh7,veh2,5,5,0,514.124,0,11.1958,0,-80.8989,16.0774,5,0.037,0.02,0.040875
juelich_pilot_d30_r5_log_distance_s02_w1,juelich,12345,2,2,log-distance,40,41,veh7,veh3,5,5,0,409.92,1,11.1958,12.7713,-78.9317,18.0446,5,0.037,0.025,0.040875
juelich_pilot_d30_r5_log_distance_s02_w1,juelich,12345,2,2,log-distance,40,41,veh7,veh4,5,0,1,892.69,0,11.1958,1.16194,nan,nan,0,0.037,0.05,0.040875
juelich_pilot_d30_r5_log_distance_s02_w1,juelich,12345,2,2,log-distance,40,41,veh7,veh5,5,5,0,360.297,1,11.1958,7.45932,-77.8105,19.1657,5,0.037,0.037,0.040875
juelich_pilot_d30_r5_log_distance_s02_w1,juelich,12345,2,2,log-distance,40,41,veh7,veh8,5,5,0,215.781,1,11.1958,7.11607,-73.3573,23.6189,5,0.037,0.032,0.040875
juelich_pilot_d30_r5_log_distance_s02_w1,juelich,12345,2,2,log-distance,40,41,veh7,veh9,5,0,1,903.168,0,11.1958,1.19242,nan,nan,0,0.037,0.045,0.040875
juelich_pilot_d30_r5_log_distance_s02_w1,juelich,12345,2,2,log-distance,40,41,veh8,veh0,5,0,1,895.117,0,7.11607,13.4436,nan,nan,0,0.032,0.057,0.040875
juelich_pilot_d30_r5_log_distance_s02_w1,juelich,12345,2,2,log-distance,40,41,veh8,veh1,5,0,1,981.671,0,7.11607,8.33956,nan,nan,0,0.032,0.045,0.040875
juelich_pilot_d30_r5_log_distance_s02_w1,juelich,12345,2,2,log-distance,40,41,veh8,veh11,5,0,1,978.629,0,7.11607,7.32772,nan,nan,0,0.032,0.045,0.040875
juelich_pilot_d30_r5_log_distance_s02_w1,juelich,12345,2,2,log-distance,40,41,veh8,veh13,5,0,1,931.015,0,7.11607,7.53435,nan,nan,0,0.032,0.057,0.040875
juelich_pilot_d30_r5_log_distance_s02_w1,juelich,12345,2,2,log-distance,40,41,veh8,veh15,2,0,1,723.871,0,7.1363,0.486754,nan,nan,0,0.032,0.024,0.040875
juelich_pilot_d30_r5_log_distance_s02_w1,juelich,12345,2,2,log-distance,40,41,veh8,veh2,5,5,0,370.072,1,7.11607,0,-78.0434,18.9329,5,0.032,0.02,0.040875
juelich_pilot_d30_r5_log_distance_s02_w1,juelich,12345,2,2,log-distance,40,41,veh8,veh3,5,5,0,285.284,1,7.11607,12.7713,-75.7831,21.1932,5,0.032,0.025,0.040875
juelich_pilot_d30_r5_log_distance_s02_w1,juelich,12345,2,2,log-distance,40,41,veh8,veh4,5,0,1,991.81,0,7.11607,1.16194,nan,nan,0,0.032,0.05,0.040875
juelich_pilot_d30_r5_log_distance_s02_w1,juelich,12345,2,2,log-distance,40,41,veh8,veh5,5,5,0,575.685,0,7.11607,7.45932,-81.8814,15.0949,5,0.032,0.037,0.040875
juelich_pilot_d30_r5_log_distance_s02_w1,juelich,12345,2,2,log-distance,40,41,veh8,veh7,5,5,0,215.781,1,7.11607,11.1958,-73.3573,23.6189,5,0.032,0.037,0.040875
juelich_pilot_d30_r5_log_distance_s02_w1,juelich,12345,2,2,log-distance,40,41,veh8,veh9,5,0,1,967.291,0,7.11607,1.19242,nan,nan,0,0.032,0.045,0.040875
juelich_pilot_d30_r5_log_distance_s02_w1,juelich,12345,2,2,log-distance,40,41,veh9,veh0,5,5,0,488.614,1,1.19242,13.4436,-80.4568,16.5195,5,0.045,0.057,0.040875
juelich_pilot_d30_r5_log_distance_s02_w1,juelich,12345,2,2,log-distance,40,41,veh9,veh1,5,5,0,106.22,1,1.19242,8.33956,-67.1997,29.7766,5,0.045,0.045,0.040875
juelich_pilot_d30_r5_log_distance_s02_w1,juelich,12345,2,2,log-distance,40,41,veh9,veh10,5,5,0,184.505,1,1.19242,8.50854,-71.9976,24.9787,5,0.045,0.045,0.040875
juelich_pilot_d30_r5_log_distance_s02_w1,juelich,12345,2,2,log-distance,40,41,veh9,veh11,5,5,0,67.8201,1,1.19242,7.32772,-63.3007,33.6756,5,0.045,0.045,0.040875
juelich_pilot_d30_r5_log_distance_s02_w1,juelich,12345,2,2,log-distance,40,41,veh9,veh12,5,5,0,550.433,0,1.19242,0,-81.4918,15.4845,5,0.045,0.045,0.040875
juelich_pilot_d30_r5_log_distance_s02_w1,juelich,12345,2,2,log-distance,40,41,veh9,veh13,5,5,0,360.423,1,1.19242,7.53435,-77.8139,19.1623,5,0.045,0.057,0.040875
juelich_pilot_d30_r5_log_distance_s02_w1,juelich,12345,2,2,log-distance,40,41,veh9,veh14,5,0,1,697.97,0,1.19242,5.35607,nan,nan,0,0.045,0.045,0.040875
juelich_pilot_d30_r5_log_distance_s02_w1,juelich,12345,2,2,log-distance,40,41,veh9,veh15,2,0,1,957.343,0,1.87647,0.486754,nan,nan,0,0.045,0.024,0.040875
juelich_pilot_d30_r5_log_distance_s02_w1,juelich,12345,2,2,log-distance,40,41,veh9,veh4,5,5,0,164.569,1,1.19242,1.16194,-71.0046,25.9717,5,0.045,0.05,0.040875
juelich_pilot_d30_r5_log_distance_s02_w1,juelich,12345,2,2,log-distance,40,41,veh9,veh5,5,0,1,880.454,0,1.19242,7.45932,nan,nan,0,0.045,0.037,0.040875
juelich_pilot_d30_r5_log_distance_s02_w1,juelich,12345,2,2,log-distance,40,41,veh9,veh6,5,5,0,205.744,1,1.19242,8.49591,-72.944,24.0323,5,0.045,0.045,0.040875
juelich_pilot_d30_r5_log_distance_s02_w1,juelich,12345,2,2,log-distance,40,41,veh9,veh7,5,0,1,903.168,0,1.19242,11.1958,nan,nan,0,0.045,0.037,0.040875
juelich_pilot_d30_r5_log_distance_s02_w1,juelich,12345,2,2,log-distance,40,41,veh9,veh8,5,0,1,967.291,0,1.19242,7.11607,nan,nan,0,0.045,0.032,0.040875
juelich_pilot_d30_r5_log_distance_s02_w1,juelich,12345,2,2,log-distance,41,42,veh0,veh1,5,0,1,594.863,0,13.4414,8.33722,nan,nan,0,0.06,0.045,0.0421875
juelich_pilot_d30_r5_log_distance_s02_w1,juelich,12345,2,2,log-distance,41,42,veh0,veh10,5,5,0,461.683,1,13.4414,8.53044,-79.9646,17.0117,5,0.06,0.045,0.0421875
juelich_pilot_d30_r5_log_distance_s02_w1,juelich,12345,2,2,log-distance,41,42,veh0,veh11,5,5,0,559.678,0,13.4414,7.36297,-81.6364,15.3399,5,0.06,0.045,0.0421875
juelich_pilot_d30_r5_log_distance_s02_w1,juelich,12345,2,2,log-distance,41,42,veh0,veh12,5,5,0,469.893,1,13.4414,1.3,-80.1177,16.8586,5,0.06,0.045,0.0421875
juelich_pilot_d30_r5_log_distance_s02_w1,juelich,12345,2,2,log-distance,41,42,veh0,veh13,5,5,0,151.964,1,13.4414,7.56528,-70.3091,26.6672,5,0.06,0.06,0.0421875
juelich_pilot_d30_r5_log_distance_s02_w1,juelich,12345,2,2,log-distance,41,42,veh0,veh14,5,5,0,486.677,1,13.4414,7.15053,-80.4225,16.5538,5,0.06,0.045,0.0421875
juelich_pilot_d30_r5_log_distance_s02_w1,juelich,12345,2,2,log-distance,41,42,veh0,veh15,5,5,0,534.446,0,13.4414,1.97888,-81.2357,15.7406,5,0.06,0.03,0.0421875
juelich_pilot_d30_r5_log_distance_s02_w1,juelich,12345,2,2,log-distance,41,42,veh0,veh4,5,5,0,358.808,1,13.4414,3.21052,-77.7748,19.2015,5,0.06,0.05,0.0421875
juelich_pilot_d30_r5_log_distance_s02_w1,juelich,12345,2,2,log-distance,41,42,veh0,veh5,5,5,0,522.739,0,13.4414,7.4419,-81.0434,15.9329,5,0.06,0.04,0.0421875
juelich_pilot_d30_r5_log_distance_s02_w1,juelich,12345,2,2,log-distance,41,42,veh0,veh6,5,5,0,442.683,1,13.4414,7.52091,-79.5995,17.3768,5,0.06,0.045,0.0421875
juelich_pilot_d30_r5_log_distance_s02_w1,juelich,12345,2,2,log-distance,41,42,veh0,veh7,5,0,1,727.639,0,13.4414,11.1587,nan,nan,0,0.06,0.04,0.0421875
juelich_pilot_d30_r5_log_distance_s02_w1,juelich,12345,2,2,log-distance,41,42,veh0,veh8,5,0,1,903.108,0,13.4414,7.10229,nan,nan,0,0.06,0.035,0.0421875
juelich_pilot_d30_r5_log_distance_s02_w1,juelich,12345,2,2,log-distance,41,42,veh0,veh9,5,5,0,501.481,0,13.4414,3.69647,-80.6826,16.2937,5,0.06,0.045,0.0421875
juelich_pilot_d30_r5_log_distance_s02_w1,juelich,12345,2,2,log-distance,41,42,veh1,veh0,5,0,1,594.863,0,8.33722,13.4414,nan,nan,0,0.045,0.06,0.0421875
juelich_pilot_d30_r5_log_distance_s02_w1,juelich,12345,2,2,log-distance,41,42,veh1,veh10,5,5,0,264.666,1,8.33722,8.53044,-75.1317,21.8446,5,0.045,0.045,0.0421875
juelich_pilot_d30_r5_log_distance_s02_w1,juelich,12345,2,2,log-distance,41,42,veh1,veh11,5,5,0,37.6774,1,8.33722,7.36297,-58.1991,38.7772,5,0.045,0.045,0.0421875
juelich_pilot_d30_r5_log_distance_s02_w1,juelich,12345,2,2,log-distance,41,42,veh1,veh12,5,0,1,633.168,0,8.33722,1.3,nan,nan,0,0.045,0.045,0.0421875
juelich_pilot_d30_r5_log_distance_s02_w1,juelich,12345,2,2,log-distance,41,42,veh1,veh13,5,5,0,454.974,1,8.33722,7.56528,-79.8373,17.139,5,0.045,0.06,0.0421875
juelich_pilot_d30_r5_log_distance_s02_w1,juelich,12345,2,2,log-distance,41,42,veh1,veh14,5,0,1,781.049,0,8.33722,7.15053,nan,nan,0,0.045,0.045,0.0421875
juelich_pilot_d30_r5_log_distance_s02_w1,juelich,12345,2,2,log-distance,41,42,veh1,veh4,5,5,0,264.05,1,8.33722,3.21052,-75.1113,21.865,5,0.045,0.05,0.0421875
juelich_pilot_d30_r5_log_distance_s02_w1,juelich,12345,2,2,log-distance,41,42,veh1,veh5,5,0,1,942.674,0,8.33722,7.4419,nan,nan,0,0.045,0.04,0.0421875
juelich_pilot_d30_r5_log_distance_s02_w1,juelich,12345,2,2,log-distance,41,42,veh1,veh6,5,5,0,290.168,1,8.33722,7.52091,-75.9307,21.0456,5,0.045,0.045,0.0421875
juelich_pilot_d30_r5_log_distance_s02_w1,juelich,12345,2,2,log-distance,41,42,veh1,veh7,5,0,1,927.077,0,8.33722,11.1587,nan,nan,0,0.045,0.04,0.0421875
juelich_pilot_d30_r5_log_distance_s02_w1,juelich,12345,2,2,log-distance,41,42,veh1,veh8,5,0,1,977.138,0,8.33722,7.10229,nan,nan,0,0.045,0.035,0.0421875
juelich_pilot_d30_r5_log_distance_s02_w1,juelich,12345,2,2,log-distance,41,42,veh1,veh9,5,5,0,97.9737,1,8.33722,3.69647,-66.4975,30.4788,5,0.045,0.045,0.0421875
juelich_pilot_d30_r5_log_distance_s02_w1,juelich,12345,2,2,log-distance,41,42,veh10,veh0,5,5,0,461.683,1,8.53044,13.4414,-79.9646,17.0117,5,0.045,0.06,0.0421875
juelich_pilot_d30_r5_log_distance_s02_w1,juelich,12345,2,2,log-distance,41,42,veh10,veh1,5,5,0,264.666,1,8.53044,8.33722,-75.1317,21.8446,5,0.045,0.045,0.0421875
juelich_pilot_d30_r5_log_distance_s02_w1,juelich,12345,2,2,log-distance,41,42,veh10,veh11,5,5,0,231.965,1,8.53044,7.36297,-73.9861,22.9902,5,0.045,0.045,0.0421875
juelich_pilot_d30_r5_log_distance_s02_w1,juelich,12345,2,2,log-distance,41,42,veh10,veh12,5,5,0,369.179,1,8.53044,1.3,-78.0223,18.954,5,0.045,0.045,0.0421875
juelich_pilot_d30_r5_log_distance_s02_w1,juelich,12345,2,2,log-distance,41,42,veh10,veh13,5,5,0,310.677,1,8.53044,7.56528,-76.5234,20.4529,5,0.045,0.06,0.0421875
juelich_pilot_d30_r5_log_distance_s02_w1,juelich,12345,2,2,log-distance,41,42,veh10,veh14,5,5,0,521.809,0,8.53044,7.15053,-81.0277,15.9486,5,0.045,0.045,0.0421875
juelich_pilot_d30_r5_log_distance_s02_w1,juelich,12345,2,2,log-distance,41,42,veh10,veh15,5,0,1,976.856,0,8.53044,1.97888,nan,nan,0,0.045,0.03,0.0421875
juelich_pilot_d30_r5_log_distance_s02_w1,juelich,12345,2,2,log-distance,41,42,veh10,veh4,5,5,0,126.999,1,8.53044,3.21052,-68.7537,28.2226,5,0.045,0.05,0.0421875
juelich_pilot_d30_r5_log_distance_s02_w1,juelich,12345,2,2,log-distance,41,42,veh10,veh5,5,0,1,925.498,0,8.53044,7.4419,nan,nan,0,0.045,0.04,0.0421875
juelich_pilot_d30_r5_log_distance_s02_w1,juelich,12345,2,2,log-distance,41,42,veh10,veh6,5,5,0,28.2514,1,8.53044,7.52091,-55.6978,41.2785,5,0.045,0.045,0.0421875
juelich_pilot_d30_r5_log_distance_s02_w1,juelich,12345,2,2,log-distance,41,42,veh10,veh9,5,5,0,188.707,1,8.53044,3.69647,-72.1934,24.7829,5,0.045,0.045,0.0421875
juelich_pilot_d30_r5_log_distance_s02_w1,juelich,12345,2,2,log-distance,41,42,veh11,veh0,5,5,0,559.678,0,7.36297,13.4414,-81.6364,15.3399,5,0.045,0.06,0.0421875
juelich_pilot_d30_r5_log_distance_s02_w1,juelich,12345,2,2,log-distance,41,42,veh11,veh1,5,5,0,37.6774,1,7.36297,8.33722,-58.1991,38.7772,5,0.045,0.045,0.0421875
juelich_pilot_d30_r5_log_distance_s02_w1,juelich,12345,2,2,log-distance,41,42,veh11,veh10,5,5,0,231.965,1,7.36297,8.53044,-73.9861,22.9902,5,0.045,0.045,0.0421875
juelich_pilot_d30_r5_log_distance_s02_w1,juelich,12345,2,2,log-distance,41,42,veh11,veh12,5,0,1,599.105,0,7.36297,1.3,nan,nan,0,0.045,0.045,0.0421875
juelich_pilot_d30_r5_log_distance_s02_w1,juelich,12345,2,2,log-distance,41,42,veh11,veh13,5,5,0,418.474,1,7.36297,7.56528,-79.1109,17.8654,5,0.045,0.06,0.0421875
juelich_pilot_d30_r5_log_distance_s02_w1,juelich,12345,2,2,log-distance,41,42,veh11,veh14,5,0,1,745.354,0,7.36297,7.15053,nan,nan,0,0.045,0.045,0.0421875
juelich_pilot_d30_r5_log_distance_s02_w1,juelich,12345,2,2,log-distance,41,42,veh11,veh4,5,5,0,226.373,1,7.36297,3.21052,-73.7741,23.2022,5,0.045,0.05,0.0421875
juelich_pilot_d30_r5_log_distance_s02_w1,juelich,12345,2,2,log-distance,41,42,veh11,veh5,5,0,1,919.168,0,7.36297,7.4419,nan,nan,0,0.045,0.04,0.0421875
juelich_pilot_d30_r5_log_distance_s02_w1,juelich,12345,2,2,log-distance,41,42,veh11,veh6,5,5,0,256.571,1,7.36297,7.52091,-74.8618,22.1144,5,0.045,0.045,0.0421875
juelich_pilot_d30_r5_log_distance_s02_w1,juelich,12345,2,2,log-distance,41,42,veh11,veh7,5,0,1,916.12,0,7.36297,11.1587,nan,nan,0,0.045,0.04,0.0421875
juelich_pilot_d30_r5_log_distance_s02_w1,juelich,12345,2,2,log-distance,41,42,veh11,veh8,5,0,1,974.708,0,7.36297,7.10229,nan,nan,0,0.045,0.035,0.0421875
juelich_pilot_d30_r5_log_distance_s02_w1,juelich,12345,2,2,log-distance,41,42,veh11,veh9,5,5,0,60.4607,1,7.36297,3.69647,-62.3022,34.6741,5,0.045,0.045,0.0421875
juelich_pilot_d30_r5_log_distance_s02_w1,juelich,12345,2,2,log-distance,41,42,veh12,veh0,5,0,1,469.893,1,1.3,13.4414,nan,nan,0,0.045,0.06,0.0421875
juelich_pilot_d30_r5_log_distance_s02_w1,juelich,12345,2,2,log-distance,41,42,veh12,veh1,5,0,1,633.168,0,1.3,8.33722,nan,nan,0,0.045,0.045,0.0421875
juelich_pilot_d30_r5_log_distance_s02_w1,juelich,12345,2,2,log-distance,41,42,veh12,veh10,5,0,1,369.179,1,1.3,8.53044,nan,nan,0,0.045,0.045,0.0421875
juelich_pilot_d30_r5_log_distance_s02_w1,juelich,12345,2,2,log-distance,41,42,veh12,veh11,5,0,1,599.105,0,1.3,7.36297,nan,nan,0,0.045,0.045,0.0421875
juelich_pilot_d30_r5_log_distance_s02_w1,juelich,12345,2,2,log-distance,41,42,veh12,veh13,5,0,1,394.799,1,1.3,7.56528,nan,nan,0,0.045,0.06,0.0421875
juelich_pilot_d30_r5_log_distance_s02_w1,juelich,12345,2,2,log-distance,41,42,veh12,veh14,5,5,0,167.104,1,1.3,7.15053,-71.1368,8.76208,5,0.045,0.045,0.0421875
juelich_pilot_d30_r5_log_distance_s02_w1,juelich,12345,2,2,log-distance,41,42,veh12,veh15,5,0,1,982.369,0,1.3,1.97888,nan,nan,0,0.045,0.03,0.0421875
juelich_pilot_d30_r5_log_distance_s02_w1,juelich,12345,2,2,log-distance,41,42,veh12,veh4,5,0,1,408.368,1,1.3,3.21052,nan,nan,0,0.045,0.05,0.0421875
juelich_pilot_d30_r5_log_distance_s02_w1,juelich,12345,2,2,log-distance,41,42,veh12,veh5,5,0,1,990.864,0,1.3,7.4419,nan,nan,0,0.045,0.04,0.0421875
juelich_pilot_d30_r5_log_distance_s02_w1,juelich,12345,2,2,log-distance,41,42,veh12,veh6,5,0,1,343.031,1,1.3,7.52091,nan,nan,0,0.045,0.045,0.0421875
juelich_pilot_d30_r5_log_distance_s02_w1,juelich,12345,2,2,log-distance,41,42,veh12,veh9,5,0,1,549.293,0,1.3,3.69647,nan,nan,0,0.045,0.045,0.0421875
juelich_pilot_d30_r5_log_distance_s02_w1,juelich,12345,2,2,log-distance,41,42,veh13,veh0,5,5,0,151.964,1,7.56528,13.4414,-70.3091,9.71996,5,0.06,0.06,0.0421875
juelich_pilot_d30_r5_log_distance_s02_w1,juelich,12345,2,2,log-distance,41,42,veh13,veh1,5,0,1,454.974,1,7.56528,8.33722,nan,nan,0,0.06,0.045,0.0421875
juelich_pilot_d30_r5_log_distance_s02_w1,juelich,12345,2,2,log-distance,41,42,veh13,veh10,5,0,1,310.677,1,7.56528,8.53044,nan,nan,0,0.06,0.045,0.0421875
juelich_pilot_d30_r5_log_distance_s02_w1,juelich,12345,2,2,log-distance,41,42,veh13,veh11,5,0,1,418.474,1,7.56528,7.36297,nan,nan,0,0.06,0.045,0.0421875
juelich_pilot_d30_r5_log_distance_s02_w1,juelich,12345,2,2,log-distance,41,42,veh13,veh12,5,0,1,394.799,1,7.56528,1.3,nan,nan,0,0.06,0.045,0.0421875
juelich_pilot_d30_r5_log_distance_s02_w1,juelich,12345,2,2,log-distance,41,42,veh13,veh14,5,0,1,462.767,1,7.56528,7.15053,nan,nan,0,0.06,0.045,0.0421875
juelich_pilot_d30_r5_log_distance_s02_w1,juelich,12345,2,2,log-distance,41,42,veh13,veh15,5,0,1,672.501,0,7.56528,1.97888,nan,nan,0,0.06,0.03,0.0421875
juelich_pilot_d30_r5_log_distance_s02_w1,juelich,12345,2,2,log-distance,41,42,veh13,veh4,5,5,0,207.939,1,7.56528,3.21052,-73.0361,5.79557,5,0.06,0.05,0.0421875
juelich_pilot_d30_r5_log_distance_s02_w1,juelich,12345,2,2,log-distance,41,42,veh13,veh5,5,0,1,638.967,0,7.56528,7.4419,nan,nan,0,0.06,0.04,0.0421875
juelich_pilot_d30_r5_log_distance_s02_w1,juelich,12345,2,2,log-distance,41,42,veh13,veh6,5,0,1,292.918,1,7.56528,7.52091,nan,nan,0,0.06,0.045,0.0421875
juelich_pilot_d30_r5_log_distance_s02_w1,juelich,12345,2,2,log-distance,41,42,veh13,veh7,5,0,1,788.791,0,7.56528,11.1587,nan,nan,0,0.06,0.04,0.0421875
juelich_pilot_d30_r5_log_distance_s02_w1,juelich,12345,2,2,log-distance,41,42,veh13,veh8,5,0,1,937.462,0,7.56528,7.10229,nan,nan,0,0.06,0.035,0.0421875
juelich_pilot_d30_r5_log_distance_s02_w1,juelich,12345,2,2,log-distance,41,42,veh13,veh9,5,0,1,358.739,1,7.56528,3.69647,nan,nan,0,0.06,0.045,0.0421875
juelich_pilot_d30_r5_log_distance_s02_w1,juelich,12345,2,2,log-distance,41,42,veh14,veh0,5,5,0,486.677,1,7.15053,13.4414,-80.4225,16.5538,5,0.045,0.06,0.0421875
juelich_pilot_d30_r5_log_distance_s02_w1,juelich,12345,2,2,log-distance,41,42,veh14,veh1,5,0,1,781.049,0,7.15053,8.33722,nan,nan,0,0.045,0.045,0.0421875
juelich_pilot_d30_r5_log_distance_s02_w1,juelich,12345,2,2,log-distance,41,42,veh14,veh10,5,5,0,521.809,0,7.15053,8.53044,-81.0277,15.9486,5,0.045,0.045,0.0421875
juelich_pilot_d30_r5_log_distance_s02_w1,juelich,12345,2,2,log-distance,41,42,veh14,veh11,5,0,1,745.354,0,7.15053,7.36297,nan,nan,0,0.045,0.045,0.0421875
juelich_pilot_d30_r5_log_distance_s02_w1,juelich,12345,2,2,log-distance,41,42,veh14,veh12,5,5,0,167.104,1,7.15053,1.3,-71.1368,25.8395,5,0.045,0.045,0.0421875
juelich_pilot_d30_r5_log_distance_s02_w1,juelich,12345,2,2,log-distance,41,42,veh14,veh13,5,5,0,462.767,1,7.15053,7.56528,-79.9848,16.9915,5,0.045,0.06,0.0421875
juelich_pilot_d30_r5_log_distance_s02_w1,juelich,12345,2,2,log-distance,41,42,veh14,veh15,5,0,1,946.66,0,7.15053,1.97888,nan,nan,0,0.045,0.03,0.0421875
juelich_pilot_d30_r5_log_distance_s02_w1,juelich,12345,2,2,log-distance,41,42,veh14,veh4,5,5,0,536.849,0,7.15053,3.21052,-81.2747,15.7016,5,0.045,0.05,0.0421875
juelich_pilot_d30_r5_log_distance_s02_w1,juelich,12345,2,2,log-distance,41,42,veh14,veh5,5,0,1,981.939,0,7.15053,7.4419,nan,nan,0,0.045,0.04,0.0421875
juelich_pilot_d30_r5_log_distance_s02_w1,juelich,12345,2,2,log-distance,41,42,veh14,veh6,5,5,0,494.267,1,7.15053,7.52091,-80.5567,16.4196,5,0.045,0.045,0.0421875
juelich_pilot_d30_r5_log_distance_s02_w1,juelich,12345,2,2,log-distance,41,42,veh14,veh9,5,0,1,691.478,0,7.15053,3.69647,nan,nan,0,0.045,0.045,0.0421875
juelich_pilot_d30_r5_log_distance_s02_w1,juelich,12345,2,2,log-distance,41,42,veh15,veh0,5,5,0,534.446,0,1.97888,13.4414,-81.2357,15.7406,5,0.03,0.06,0.0421875
juelich_pilot_d30_r5_log_distance_s02_w1,juelich,12345,2,2,log-distance,41,42,veh15,veh10,5,0,1,976.856,0,1.97888,8.53044,nan,nan,0,0.03,0.045,0.0421875
juelich_pilot_d30_r5_log_distance_s02_w1,juelich,12345,2,2,log-distance,41,42,veh15,veh12,5,0,1,982.369,0,1.97888,1.3,nan,nan,0,0.03,0.045,0.0421875
juelich_pilot_d30_r5_log_distance_s02_w1,juelich,12345,2,2,log-distance,41,42,veh15,veh13,5,0,1,672.501,0,1.97888,7.56528,nan,nan,0,0.03,0.06,0.0421875
juelich_pilot_d30_r5_log_distance_s02_w1,juelich,12345,2,2,log-distance,41,42,veh15,veh14,5,0,1,946.66,0,1.97888,7.15053,nan,nan,0,0.03,0.045,0.0421875
juelich_pilot_d30_r5_log_distance_s02_w1,juelich,12345,2,2,log-distance,41,42,veh15,veh2,5,0,1,961.927,0,1.97888,0,nan,nan,0,0.03,0.02,0.0421875
juelich_pilot_d30_r5_log_distance_s02_w1,juelich,12345,2,2,log-distance,41,42,veh15,veh3,5,0,1,844.393,0,1.97888,12.7317,nan,nan,0,0.03,0.025,0.0421875
juelich_pilot_d30_r5_log_distance_s02_w1,juelich,12345,2,2,log-distance,41,42,veh15,veh4,5,0,1,857.632,0,1.97888,3.21052,nan,nan,0,0.03,0.05,0.0421875
juelich_pilot_d30_r5_log_distance_s02_w1,juelich,12345,2,2,log-distance,41,42,veh15,veh5,5,5,0,159.299,1,1.97888,7.4419,-70.7211,26.2552,5,0.03,0.04,0.0421875
juelich_pilot_d30_r5_log_distance_s02_w1,juelich,12345,2,2,log-distance,41,42,veh15,veh6,5,0,1,962.428,0,1.97888,7.52091,nan,nan,0,0.03,0.045,0.0421875
juelich_pilot_d30_r5_log_distance_s02_w1,juelich,12345,2,2,log-distance,41,42,veh15,veh7,5,5,0,503.103,0,1.97888,11.1587,-80.7108,16.2655,5,0.03,0.04,0.0421875
juelich_pilot_d30_r5_log_distance_s02_w1,juelich,12345,2,2,log-distance,41,42,veh15,veh8,5,0,1,727.662,0,1.97888,7.10229,nan,nan,0,0.03,0.035,0.0421875
juelich_pilot_d30_r5_log_distance_s02_w1,juelich,12345,2,2,log-distance,41,42,veh15,veh9,5,0,1,958.062,0,1.97888,3.69647,nan,nan,0,0.03,0.045,0.0421875
juelich_pilot_d30_r5_log_distance_s02_w1,juelich,12345,2,2,log-distance,41,42,veh2,veh15,5,0,1,961.927,0,0,1.97888,nan,nan,0,0.02,0.03,0.0421875
juelich_pilot_d30_r5_log_distance_s02_w1,juelich,12345,2,2,log-distance,41,42,veh2,veh3,5,5,0,119.252,1,0,12.7317,-68.2031,21.7193,5,0.02,0.025,0.0421875
juelich_pilot_d30_r5_log_distance_s02_w1,juelich,12345,2,2,log-distance,41,42,veh2,veh5,5,0,1,832.487,0,0,7.4419,nan,nan,0,0.02,0.04,0.0421875
juelich_pilot_d30_r5_log_distance_s02_w1,juelich,12345,2,2,log-distance,41,42,veh2,veh7,5,5,0,523.982,0,0,11.1587,-81.0639,6.73996,5,0.02,0.04,0.0421875
juelich_pilot_d30_r5_log_distance_s02_w1,juelich,12345,2,2,log-distance,41,42,veh2,veh8,5,5,0,372.494,1,0,7.10229,-78.1001,10.6928,5,0.02,0.035,0.0421875
juelich_pilot_d30_r5_log_distance_s02_w1,juelich,12345,2,2,log-distance,41,42,veh3,veh15,5,0,1,844.393,0,12.7317,1.97888,nan,nan,0,0.025,0.03,0.0421875
juelich_pilot_d30_r5_log_distance_s02_w1,juelich,12345,2,2,log-distance,41,42,veh3,veh2,5,5,0,119.252,1,12.7317,0,-68.2031,28.7732,5,0.025,0.02,0.0421875
juelich_pilot_d30_r5_log_distance_s02_w1,juelich,12345,2,2,log-distance,41,42,veh3,veh5,5,0,1,713.447,0,12.7317,7.4419,nan,nan,0,0.025,0.04,0.0421875
juelich_pilot_d30_r5_log_distance_s02_w1,juelich,12345,2,2,log-distance,41,42,veh3,veh7,5,5,0,407.542,1,12.7317,11.1587,-78.8811,18.0951,5,0.025,0.04,0.0421875
juelich_pilot_d30_r5_log_distance_s02_w1,juelich,12345,2,2,log-distance,41,42,veh3,veh8,5,5,0,279.601,1,12.7317,7.10229,-75.6083,21.3679,5,0.025,0.035,0.0421875
juelich_pilot_d30_r5_log_distance_s02_w1,juelich,12345,2,2,log-distance,41,42,veh4,veh0,5,5,0,358.808,1,3.21052,13.4414,-77.7748,19.2015,5,0.05,0.06,0.0421875
juelich_pilot_d30_r5_log_distance_s02_w1,juelich,12345,2,2,log-distance,41,42,veh4,veh1,5,5,0,264.05,1,3.21052,8.33722,-75.1113,21.865,5,0.05,0.045,0.0421875
juelich_pilot_d30_r5_log_distance_s02_w1,juelich,12345,2,2,log-distance,41,42,veh4,veh10,5,5,0,126.999,1,3.21052,8.53044,-68.7537,28.2226,5,0.05,0.045,0.0421875
juelich_pilot_d30_r5_log_distance_s02_w1,juelich,12345,2,2,log-distance,41,42,veh4,veh11,5,5,0,226.373,1,3.21052,7.36297,-73.7741,23.2022,5,0.05,0.045,0.0421875
juelich_pilot_d30_r5_log_distance_s02_w1,juelich,12345,2,2,log-distance,41,42,veh4,veh12,5,5,0,408.368,1,3.21052,1.3,-78.8987,18.0776,5,0.05,0.045,0.0421875
juelich_pilot_d30_r5_log_distance_s02_w1,juelich,12345,2,2,log-distance,41,42,veh4,veh13,5,5,0,207.939,1,3.21052,7.56528,-73.0361,23.9402,5,0.05,0.06,0.0421875
juelich_pilot_d30_r5_log_distance_s02_w1,juelich,12345,2,2,log-distance,41,42,veh4,veh14,5,5,0,536.849,0,3.21052,7.15053,-81.2747,15.7016,5,0.05,0.045,0.0421875
juelich_pilot_d30_r5_log_distance_s02_w1,juelich,12345,2,2,log-distance,41,42,veh4,veh15,5,0,1,857.632,0,3.21052,1.97888,nan,nan,0,0.05,0.03,0.0421875
juelich_pilot_d30_r5_log_distance_s02_w1,juelich,12345,2,2,log-distance,41,42,veh4,veh5,5,0,1,800.615,0,3.21052,7.4419,nan,nan,0,0.05,0.04,0.0421875
juelich_pilot_d30_r5_log_distance_s02_w1,juelich,12345,2,2,log-distance,41,42,veh4,veh6,5,5,0,123.937,1,3.21052,7.52091,-68.5417,28.4346,5,0.05,0.045,0.0421875
juelich_pilot_d30_r5_log_distance_s02_w1,juelich,12345,2,2,log-distance,41,42,veh4,veh7,5,0,1,881.388,0,3.21052,11.1587,nan,nan,0,0.05,0.04,0.0421875
juelich_pilot_d30_r5_log_distance_s02_w1,juelich,12345,2,2,log-distance,41,42,veh4,veh8,5,0,1,990.14,0,3.21052,7.10229,nan,nan,0,0.05,0.035,0.0421875
juelich_pilot_d30_r5_log_distance_s02_w1,juelich,12345,2,2,log-distance,41,42,veh4,veh9,5,5,0,166.477,1,3.21052,3.69647,-71.1047,25.8716,5,0.05,0.045,0.0421875
juelich_pilot_d30_r5_log_distance_s02_w1,juelich,12345,2,2,log-distance,41,42,veh5,veh0,5,5,0,522.739,0,7.4419,13.4414,-81.0434,15.9329,5,0.04,0.06,0.0421875
juelich_pilot_d30_r5_log_distance_s02_w1,juelich,12345,2,2,log-distance,41,42,veh5,veh1,5,0,1,942.674,0,7.4419,8.33722,nan,nan,0,0.04,0.045,0.0421875
juelich_pilot_d30_r5_log_distance_s02_w1,juelich,12345,2,2,log-distance,41,42,veh5,veh10,5,0,1,925.498,0,7.4419,8.53044,nan,nan,0,0.04,0.045,0.0421875
juelich_pilot_d30_r5_log_distance_s02_w1,juelich,12345,2,2,log-distance,41,42,veh5,veh11,5,0,1,919.168,0,7.4419,7.36297,nan,nan,0,0.04,0.045,0.0421875
juelich_pilot_d30_r5_log_distance_s02_w1,juelich,12345,2,2,log-distance,41,42,veh5,veh12,5,0,1,990.864,0,7.4419,1.3,nan,nan,0,0.04,0.045,0.0421875
juelich_pilot_d30_r5_log_distance_s02_w1,juelich,12345,2,2,log-distance,41,42,veh5,veh13,5,0,1,638.967,0,7.4419,7.56528,nan,nan,0,0.04,0.06,0.0421875
juelich_pilot_d30_r5_log_distance_s02_w1,juelich,12345,2,2,log-distance,41,42,veh5,veh14,5,0,1,981.939,0,7.4419,7.15053,nan,nan,0,0.04,0.045,0.0421875
juelich_pilot_d30_r5_log_distance_s02_w1,juelich,12345,2,2,log-distance,41,42,veh5,veh15,5,5,0,159.299,1,7.4419,1.97888,-70.7211,26.2552,5,0.04,0.03,0.0421875
juelich_pilot_d30_r5_log_distance_s02_w1,juelich,12345,2,2,log-distance,41,42,veh5,veh2,5,0,1,832.487,0,7.4419,0,nan,nan,0,0.04,0.02,0.0421875
juelich_pilot_d30_r5_log_distance_s02_w1,juelich,12345,2,2,log-distance,41,42,veh5,veh3,5,0,1,713.447,0,7.4419,12.7317,nan,nan,0,0.04,0.025,0.0421875
juelich_pilot_d30_r5_log_distance_s02_w1,juelich,12345,2,2,log-distance,41,42,veh5,veh4,5,0,1,800.615,0,7.4419,3.21052,nan,nan,0,0.04,0.05,0.0421875
juelich_pilot_d30_r5_log_distance_s02_w1,juelich,12345,2,2,log-distance,41,42,veh5,veh6,5,0,1,915.137,0,7.4419,7.52091,nan,nan,0,0.04,0.045,0.0421875
juelich_pilot_d30_r5_log_distance_s02_w1,juelich,12345,2,2,log-distance,41,42,veh5,veh7,5,5,0,348.718,1,7.4419,11.1587,-77.5268,19.4495,5,0.04,0.04,0.0421875
juelich_pilot_d30_r5_log_distance_s02_w1,juelich,12345,2,2,log-distance,41,42,veh5,veh8,5,5,0,573.45,0,7.4419,7.10229,-81.8476,15.1287,5,0.04,0.035,0.0421875
juelich_pilot_d30_r5_log_distance_s02_w1,juelich,12345,2,2,log-distance,41,42,veh5,veh9,5,0,1,877.873,0,7.4419,3.69647,nan,nan,0,0.04,0.045,0.0421875
juelich_pilot_d30_r5_log_distance_s02_w1,juelich,12345,2,2,log-distance,41,42,veh6,veh0,5,5,0,442.683,1,7.52091,13.4414,-79.5995,17.3768,5,0.045,0.06,0.0421875
juelich_pilot_d30_r5_log_distance_s02_w1,juelich,12345,2,2,log-distance,41,42,veh6,veh1,5,5,0,290.168,1,7.52091,8.33722,-75.9307,21.0456,5,0.045,0.045,0.0421875
juelich_pilot_d30_r5_log_distance_s02_w1,juelich,12345,2,2,log-distance,41,42,veh6,veh10,5,5,0,28.2514,1,7.52091,8.53044,-55.6978,41.2785,5,0.045,0.045,0.0421875
juelich_pilot_d30_r5_log_distance_s02_w1,juelich,12345,2,2,log-distance,41,42,veh6,veh11,5,5,0,256.571,1,7.52091,7.36297,-74.8618,22.1144,5,0.045,0.045,0.0421875
juelich_pilot_d30_r5_log_distance_s02_w1,juelich,12345,2,2,log-distance,41,42,veh6,veh12,5,5,0,343.031,1,7.52091,1.3,-77.3843,19.592,5,0.045,0.045,0.0421875
juelich_pilot_d30_r5_log_distance_s02_w1,juelich,12345,2,2,log-distance,41,42,veh6,veh13,5,5,0,292.918,1,7.52091,7.56528,-76.0122,20.9641,5,0.045,0.06,0.0421875
juelich_pilot_d30_r5_log_distance_s02_w1,juelich,12345,2,2,log-distance,41,42,veh6,veh14,5,5,0,494.267,1,7.52091,7.15053,-80.5567,16.4196,5,0.045,0.045,0.0421875
juelich_pilot_d30_r5_log_distance_s02_w1,juelich,12345,2,2,log-distance,41,42,veh6,veh15,5,0,1,962.428,0,7.52091,1.97888,nan,nan,0,0.045,0.03,0.0421875
juelich_pilot_d30_r5_log_distance_s02_w1,juelich,12345,2,2,log-distance,41,42,veh6,veh4,5,5,0,123.937,1,7.52091,3.21052,-68.5417,28.4346,5,0.045,0.05,0.0421875
juelich_pilot_d30_r5_log_distance_s02_w1,juelich,12345,2,2,log-distance,41,42,veh6,veh5,5,0,1,915.137,0,7.52091,7.4419,nan,nan,0,0.045,0.04,0.0421875
juelich_pilot_d30_r5_log_distance_s02_w1,juelich,12345,2,2,log-distance,41,42,veh6,veh9,5,5,0,210.345,1,7.52091,3.69647,-73.1363,23.84,5,0.045,0.045,0.0421875
juelich_pilot_d30_r5_log_distance_s02_w1,juelich,12345,2,2,log-distance,41,42,veh7,veh0,5,0,1,727.639,0,11.1587,13.4414,nan,nan,0,0.04,0.06,0.0421875
juelich_pilot_d30_r5_log_distance_s02_w1,juelich,12345,2,2,log-distance,41,42,veh7,veh1,5,0,1,927.077,0,11.1587,8.33722,nan,nan,0,0.04,0.045,0.0421875
juelich_pilot_d30_r5_log_distance_s02_w1,juelich,12345,2,2,log-distance,41,42,veh7,veh11,5,0,1,916.12,0,11.1587,7.36297,nan,nan,0,0.04,0.045,0.0421875
juelich_pilot_d30_r5_log_distance_s02_w1,juelich,12345,2,2,log-distance,41,42,veh7,veh13,5,0,1,788.791,0,11.1587,7.56528,nan,nan,0,0.04,0.06,0.0421875
juelich_pilot_d30_r5_log_distance_s02_w1,juelich,12345,2,2,log-distance,41,42,veh7,veh15,5,5,0,503.103,0,11.1587,1.97888,-80.7108,16.2655,5,0.04,0.03,0.0421875
juelich_pilot_d30_r5_log_distance_s02_w1,juelich,12345,2,2,log-distance,41,42,veh7,veh2,5,5,0,523.982,0,11.1587,0,-81.0639,15.9124,5,0.04,0.02,0.0421875
juelich_pilot_d30_r5_log_distance_s02_w1,juelich,12345,2,2,log-distance,41,42,veh7,veh3,5,5,0,407.542,1,11.1587,12.7317,-78.8811,18.0951,5,0.04,0.025,0.0421875
juelich_pilot_d30_r5_log_distance_s02_w1,juelich,12345,2,2,log-distance,41,42,veh7,veh4,5,0,1,881.388,0,11.1587,3.21052,nan,nan,0,0.04,0.05,0.0421875
juelich_pilot_d30_r5_log_distance_s02_w1,juelich,12345,2,2,log-distance,41,42,veh7,veh5,5,5,0,348.718,1,11.1587,7.4419,-77.5268,19.4495,5,0.04,0.04,0.0421875
juelich_pilot_d30_r5_log_distance_s02_w1,juelich,12345,2,2,log-distance,41,42,veh7,veh8,5,5,0,224.828,1,11.1587,7.10229,-73.7141,23.2621,5,0.04,0.035,0.0421875
juelich_pilot_d30_r5_log_distance_s02_w1,juelich,12345,2,2,log-distance,41,42,veh7,veh9,5,0,1,894.662,0,11.1587,3.69647,nan,nan,0,0.04,0.045,0.0421875
juelich_pilot_d30_r5_log_distance_s02_w1,juelich,12345,2,2,log-distance,41,42,veh8,veh0,5,0,1,903.108,0,7.10229,13.4414,nan,nan,0,0.035,0.06,0.0421875
juelich_pilot_d30_r5_log_distance_s02_w1,juelich,12345,2,2,log-distance,41,42,veh8,veh1,5,0,1,977.138,0,7.10229,8.33722,nan,nan,0,0.035,0.045,0.0421875
juelich_pilot_d30_r5_log_distance_s02_w1,juelich,12345,2,2,log-distance,41,42,veh8,veh11,5,0,1,974.708,0,7.10229,7.36297,nan,nan,0,0.035,0.045,0.0421875
juelich_pilot_d30_r5_log_distance_s02_w1,juelich,12345,2,2,log-distance,41,42,veh8,veh13,5,0,1,937.462,0,7.10229,7.56528,nan,nan,0,0.035,0.06,0.0421875
juelich_pilot_d30_r5_log_distance_s02_w1,juelich,12345,2,2,log-distance,41,42,veh8,veh15,5,0,1,727.662,0,7.10229,1.97888,nan,nan,0,0.035,0.03,0.0421875
juelich_pilot_d30_r5_log_distance_s02_w1,juelich,12345,2,2,log-distance,41,42,veh8,veh2,5,5,0,372.494,1,7.10229,0,-78.1001,18.8762,5,0.035,0.02,0.0421875
juelich_pilot_d30_r5_log_distance_s02_w1,juelich,12345,2,2,log-distance,41,42,veh8,veh3,5,5,0,279.601,1,7.10229,12.7317,-75.6083,21.3679,5,0.035,0.025,0.0421875
juelich_pilot_d30_r5_log_distance_s02_w1,juelich,12345,2,2,log-distance,41,42,veh8,veh4,5,0,1,990.14,0,7.10229,3.21052,nan,nan,0,0.035,0.05,0.0421875
juelich_pilot_d30_r5_log_distance_s02_w1,juelich,12345,2,2,log-distance,41,42,veh8,veh5,5,5,0,573.45,0,7.10229,7.4419,-81.8476,15.1287,5,0.035,0.04,0.0421875
juelich_pilot_d30_r5_log_distance_s02_w1,juelich,12345,2,2,log-distance,41,42,veh8,veh7,5,5,0,224.828,1,7.10229,11.1587,-73.7141,23.2621,5,0.035,0.04,0.0421875
juelich_pilot_d30_r5_log_distance_s02_w1,juelich,12345,2,2,log-distance,41,42,veh8,veh9,5,0,1,966.693,0,7.10229,3.69647,nan,nan,0,0.035,0.045,0.0421875
juelich_pilot_d30_r5_log_distance_s02_w1,juelich,12345,2,2,log-distance,41,42,veh9,veh0,5,5,0,501.481,0,3.69647,13.4414,-80.6826,16.2937,5,0.045,0.06,0.0421875
juelich_pilot_d30_r5_log_distance_s02_w1,juelich,12345,2,2,log-distance,41,42,veh9,veh1,5,5,0,97.9737,1,3.69647,8.33722,-66.4975,30.4788,5,0.045,0.045,0.0421875
juelich_pilot_d30_r5_log_distance_s02_w1,juelich,12345,2,2,log-distance,41,42,veh9,veh10,5,5,0,188.707,1,3.69647,8.53044,-72.1934,24.7829,5,0.045,0.045,0.0421875
juelich_pilot_d30_r5_log_distance_s02_w1,juelich,12345,2,2,log-distance,41,42,veh9,veh11,5,5,0,60.4607,1,3.69647,7.36297,-62.3022,34.6741,5,0.045,0.045,0.0421875
juelich_pilot_d30_r5_log_distance_s02_w1,juelich,12345,2,2,log-distance,41,42,veh9,veh12,5,5,0,549.293,0,3.69647,1.3,-81.4738,15.5025,5,0.045,0.045,0.0421875
juelich_pilot_d30_r5_log_distance_s02_w1,juelich,12345,2,2,log-distance,41,42,veh9,veh13,5,5,0,358.739,1,3.69647,7.56528,-77.7733,19.203,5,0.045,0.06,0.0421875
juelich_pilot_d30_r5_log_distance_s02_w1,juelich,12345,2,2,log-distance,41,42,veh9,veh14,5,0,1,691.478,0,3.69647,7.15053,nan,nan,0,0.045,0.045,0.0421875
juelich_pilot_d30_r5_log_distance_s02_w1,juelich,12345,2,2,log-distance,41,42,veh9,veh15,5,0,1,958.062,0,3.69647,1.97888,nan,nan,0,0.045,0.03,0.0421875
juelich_pilot_d30_r5_log_distance_s02_w1,juelich,12345,2,2,log-distance,41,42,veh9,veh4,5,5,0,166.477,1,3.69647,3.21052,-71.1047,25.8716,5,0.045,0.05,0.0421875
juelich_pilot_d30_r5_log_distance_s02_w1,juelich,12345,2,2,log-distance,41,42,veh9,veh5,5,0,1,877.873,0,3.69647,7.4419,nan,nan,0,0.045,0.04,0.0421875
juelich_pilot_d30_r5_log_distance_s02_w1,juelich,12345,2,2,log-distance,41,42,veh9,veh6,5,5,0,210.345,1,3.69647,7.52091,-73.1363,23.84,5,0.045,0.045,0.0421875
juelich_pilot_d30_r5_log_distance_s02_w1,juelich,12345,2,2,log-distance,41,42,veh9,veh7,5,0,1,894.662,0,3.69647,11.1587,nan,nan,0,0.045,0.04,0.0421875
juelich_pilot_d30_r5_log_distance_s02_w1,juelich,12345,2,2,log-distance,41,42,veh9,veh8,5,0,1,966.693,0,3.69647,7.10229,nan,nan,0,0.045,0.035,0.0421875
juelich_pilot_d30_r5_log_distance_s02_w1,juelich,12345,2,2,log-distance,42,43,veh0,veh1,5,0,1,599.483,0,13.4752,8.33075,nan,nan,0,0.06,0.045,0.0421875
juelich_pilot_d30_r5_log_distance_s02_w1,juelich,12345,2,2,log-distance,42,43,veh0,veh10,5,5,0,464.929,1,13.4752,8.49562,-80.0254,16.9509,5,0.06,0.045,0.0421875
juelich_pilot_d30_r5_log_distance_s02_w1,juelich,12345,2,2,log-distance,42,43,veh0,veh11,5,5,0,565.162,0,13.4752,7.34054,-81.7211,15.2552,5,0.06,0.045,0.0421875
juelich_pilot_d30_r5_log_distance_s02_w1,juelich,12345,2,2,log-distance,42,43,veh0,veh12,5,5,0,470.511,1,13.4752,3.47878,-80.1291,16.8472,5,0.06,0.045,0.0421875
juelich_pilot_d30_r5_log_distance_s02_w1,juelich,12345,2,2,log-distance,42,43,veh0,veh13,5,5,0,166.829,1,13.4752,7.56219,-71.1206,25.8557,5,0.06,0.06,0.0421875
juelich_pilot_d30_r5_log_distance_s02_w1,juelich,12345,2,2,log-distance,42,43,veh0,veh14,5,5,0,480.165,1,13.4752,9.15406,-80.3054,16.6709,5,0.06,0.045,0.0421875
juelich_pilot_d30_r5_log_distance_s02_w1,juelich,12345,2,2,log-distance,42,43,veh0,veh15,5,5,0,527.292,0,13.4752,3.95983,-81.1187,15.8576,5,0.06,0.03,0.0421875
juelich_pilot_d30_r5_log_distance_s02_w1,juelich,12345,2,2,log-distance,42,43,veh0,veh4,5,5,0,366.005,1,13.4752,5.16075,-77.9473,19.0289,5,0.06,0.05,0.0421875
juelich_pilot_d30_r5_log_distance_s02_w1,juelich,12345,2,2,log-distance,42,43,veh0,veh5,5,5,0,521.624,0,13.4752,7.45926,-81.0249,15.9514,5,0.06,0.04,0.0421875
juelich_pilot_d30_r5_log_distance_s02_w1,juelich,12345,2,2,log-distance,42,43,veh0,veh6,5,5,0,446.235,1,13.4752,8.40014,-79.669,17.3073,5,0.06,0.045,0.0421875
juelich_pilot_d30_r5_log_distance_s02_w1,juelich,12345,2,2,log-distance,42,43,veh0,veh7,5,0,1,722.827,0,13.4752,11.1768,nan,nan,0,0.06,0.04,0.0421875
juelich_pilot_d30_r5_log_distance_s02_w1,juelich,12345,2,2,log-distance,42,43,veh0,veh8,5,0,1,911.331,0,13.4752,7.12699,nan,nan,0,0.06,0.035,0.0421875
juelich_pilot_d30_r5_log_distance_s02_w1,juelich,12345,2,2,log-distance,42,43,veh0,veh9,5,5,0,513.446,0,13.4752,5.9777,-80.8875,16.0888,5,0.06,0.045,0.0421875
juelich_pilot_d30_r5_log_distance_s02_w1,juelich,12345,2,2,log-distance,42,43,veh1,veh0,5,0,1,599.483,0,8.33075,13.4752,nan,nan,0,0.045,0.06,0.0421875
juelich_pilot_d30_r5_log_distance_s02_w1,juelich,12345,2,2,log-distance,42,43,veh1,veh10,5,5,0,264.896,1,8.33075,8.49562,-75.1392,21.8371,5,0.045,0.045,0.0421875
juelich_pilot_d30_r5_log_distance_s02_w1,juelich,12345,2,2,log-distance,42,43,veh1,veh11,5,5,0,36.6953,1,8.33075,7.34054,-57.9697,39.0066,5,0.045,0.045,0.0421875
juelich_pilot_d30_r5_log_distance_s02_w1,juelich,12345,2,2,log-distance,42,43,veh1,veh12,5,0,1,627.692,0,8.33075,3.47878,nan,nan,0,0.045,0.045,0.0421875
juelich_pilot_d30_r5_log_distance_s02_w1,juelich,12345,2,2,log-distance,42,43,veh1,veh13,5,5,0,445.131,1,8.33075,7.56219,-79.6473,17.329,5,0.045,0.06,0.0421875
juelich_pilot_d30_r5_log_distance_s02_w1,juelich,12345,2,2,log-distance,42,43,veh1,veh14,5,0,1,766.025,0,8.33075,9.15406,nan,nan,0,0.045,0.045,0.0421875
juelich_pilot_d30_r5_log_distance_s02_w1,juelich,12345,2,2,log-distance,42,43,veh1,veh4,5,5,0,260.018,1,8.33075,5.16075,-74.9777,21.9986,5,0.045,0.05,0.0421875
juelich_pilot_d30_r5_log_distance_s02_w1,juelich,12345,2,2,log-distance,42,43,veh1,veh5,5,0,1,932.502,0,8.33075,7.45926,nan,nan,0,0.045,0.04,0.0421875
juelich_pilot_d30_r5_log_distance_s02_w1,juelich,12345,2,2,log-distance,42,43,veh1,veh6,5,5,0,289.577,1,8.33075,8.40014,-75.913,21.0633,5,0.045,0.045,0.0421875
juelich_pilot_d30_r5_log_distance_s02_w1,juelich,12345,2,2,log-distance,42,43,veh1,veh7,5,0,1,913.907,0,8.33075,11.1768,nan,nan,0,0.045,0.04,0.0421875
juelich_pilot_d30_r5_log_distance_s02_w1,juelich,12345,2,2,log-distance,42,43,veh1,veh8,5,0,1,972.809,0,8.33075,7.12699,nan,nan,0,0.045,0.035,0.0421875
juelich_pilot_d30_r5_log_distance_s02_w1,juelich,12345,2,2,log-distance,42,43,veh1,veh9,5,5,0,91.4887,1,8.33075,5.9777,-65.9043,31.072,5,0.045,0.045,0.0421875
juelich_pilot_d30_r5_log_distance_s02_w1,juelich,12345,2,2,log-distance,42,43,veh10,veh0,5,5,0,464.929,1,8.49562,13.4752,-80.0254,16.9509,5,0.045,0.06,0.0421875
juelich_pilot_d30_r5_log_distance_s02_w1,juelich,12345,2,2,log-distance,42,43,veh10,veh1,5,5,0,264.896,1,8.49562,8.33075,-75.1392,21.8371,5,0.045,0.045,0.0421875
juelich_pilot_d30_r5_log_distance_s02_w1,juelich,12345,2,2,log-distance,42,43,veh10,veh11,5,5,0,233.03,1,8.49562,7.34054,-74.0259,22.9504,5,0.045,0.045,0.0421875
juelich_pilot_d30_r5_log_distance_s02_w1,juelich,12345,2,2,log-distance,42,43,veh10,veh12,5,5,0,363.332,1,8.49562,3.47878,-77.8837,19.0926,5,0.045,0.045,0.0421875
juelich_pilot_d30_r5_log_distance_s02_w1,juelich,12345,2,2,log-distance,42,43,veh10,veh13,5,5,0,299.484,1,8.49562,7.56219,-76.2047,20.7716,5,0.045,0.06,0.0421875
juelich_pilot_d30_r5_log_distance_s02_w1,juelich,12345,2,2,log-distance,42,43,veh10,veh14,5,5,0,506.062,0,8.49562,9.15406,-80.7614,16.2149,5,0.045,0.045,0.0421875
juelich_pilot_d30_r5_log_distance_s02_w1,juelich,12345,2,2,log-distance,42,43,veh10,veh15,5,0,1,970.092,0,8.49562,3.95983,nan,nan,0,0.045,0.03,0.0421875
juelich_pilot_d30_r5_log_distance_s02_w1,juelich,12345,2,2,log-distance,42,43,veh10,veh4,5,5,0,126.327,1,8.49562,5.16075,-68.7076,28.2687,5,0.045,0.05,0.0421875
juelich_pilot_d30_r5_log_distance_s02_w1,juelich,12345,2,2,log-distance,42,43,veh10,veh5,5,0,1,919.186,0,8.49562,7.45926,nan,nan,0,0.045,0.04,0.0421875
juelich_pilot_d30_r5_log_distance_s02_w1,juelich,12345,2,2,log-distance,42,43,veh10,veh6,5,5,0,27.4025,1,8.49562,8.40014,-55.4335,41.5428,5,0.045,0.045,0.0421875
juelich_pilot_d30_r5_log_distance_s02_w1,juelich,12345,2,2,log-distance,42,43,veh10,veh7,5,0,1,994.517,0,8.49562,11.1768,nan,nan,0,0.045,0.04,0.0421875
juelich_pilot_d30_r5_log_distance_s02_w1,juelich,12345,2,2,log-distance,42,43,veh10,veh9,5,5,0,190.641,1,8.49562,5.9777,-72.282,24.6943,5,0.045,0.045,0.0421875
juelich_pilot_d30_r5_log_distance_s02_w1,juelich,12345,2,2,log-distance,42,43,veh11,veh0,5,5,0,565.162,0,7.34054,13.4752,-81.7211,15.2552,5,0.045,0.06,0.0421875
juelich_pilot_d30_r5_log_distance_s02_w1,juelich,12345,2,2,log-distance,42,43,veh11,veh1,5,5,0,36.6953,1,7.34054,8.33075,-57.9697,39.0066,5,0.045,0.045,0.0421875
juelich_pilot_d30_r5_log_distance_s02_w1,juelich,12345,2,2,log-distance,42,43,veh11,veh10,5,5,0,233.03,1,7.34054,8.49562,-74.0259,22.9504,5,0.045,0.045,0.0421875
juelich_pilot_d30_r5_log_distance_s02_w1,juelich,12345,2,2,log-distance,42,43,veh11,veh12,5,0,1,594.615,0,7.34054,3.47878,nan,nan,0,0.045,0.045,0.0421875
juelich_pilot_d30_r5_log_distance_s02_w1,juelich,12345,2,2,log-distance,42,43,veh11,veh13,5,5,0,409.471,1,7.34054,7.56219,-78.922,18.0543,5,0.045,0.06,0.0421875
juelich_pilot_d30_r5_log_distance_s02_w1,juelich,12345,2,2,log-distance,42,43,veh11,veh14,5,0,1,731.366,0,7.34054,9.15406,nan,nan,0,0.045,0.045,0.0421875
juelich_pilot_d30_r5_log_distance_s02_w1,juelich,12345,2,2,log-distance,42,43,veh11,veh15,4,0,1,997.469,0,7.3321,4.17212,nan,nan,0,0.045,0.03,0.0421875
juelich_pilot_d30_r5_log_distance_s02_w1,juelich,12345,2,2,log-distance,42,43,veh11,veh4,5,5,0,223.322,1,7.34054,5.16075,-73.6563,23.32,5,0.045,0.05,0.0421875
juelich_pilot_d30_r5_log_distance_s02_w1,juelich,12345,2,2,log-distance,42,43,veh11,veh5,5,0,1,909.978,0,7.34054,7.45926,nan,nan,0,0.045,0.04,0.0421875
juelich_pilot_d30_r5_log_distance_s02_w1,juelich,12345,2,2,log-distance,42,43,veh11,veh6,5,5,0,256.859,1,7.34054,8.40014,-74.8716,22.1047,5,0.045,0.045,0.0421875
juelich_pilot_d30_r5_log_distance_s02_w1,juelich,12345,2,2,log-distance,42,43,veh11,veh7,5,0,1,903.4,0,7.34054,11.1768,nan,nan,0,0.045,0.04,0.0421875
juelich_pilot_d30_r5_log_distance_s02_w1,juelich,12345,2,2,log-distance,42,43,veh11,veh8,5,0,1,970.97,0,7.34054,7.12699,nan,nan,0,0.045,0.035,0.0421875
juelich_pilot_d30_r5_log_distance_s02_w1,juelich,12345,2,2,log-distance,42,43,veh11,veh9,5,5,0,54.8272,1,7.34054,5.9777,-61.4562,35.5201,5,0.045,0.045,0.0421875
juelich_pilot_d30_r5_log_distance_s02_w1,juelich,12345,2,2,log-distance,42,43,veh12,veh0,5,0,1,470.511,1,3.47878,13.4752,nan,nan,0,0.045,0.06,0.0421875
juelich_pilot_d30_r5_log_distance_s02_w1,juelich,12345,2,2,log-distance,42,43,veh12,veh1,5,0,1,627.692,0,3.47878,8.33075,nan,nan,0,0.045,0.045,0.0421875
juelich_pilot_d30_r5_log_distance_s02_w1,juelich,12345,2,2,log-distance,42,43,veh12,veh10,5,0,1,363.332,1,3.47878,8.49562,nan,nan,0,0.045,0.045,0.0421875
juelich_pilot_d30_r5_log_distance_s02_w1,juelich,12345,2,2,log-distance,42,43,veh12,veh11,5,0,1,594.615,0,3.47878,7.34054,nan,nan,0,0.045,0.045,0.0421875
juelich_pilot_d30_r5_log_distance_s02_w1,juelich,12345,2,2,log-distance,42,43,veh12,veh13,5,0,1,389.544,1,3.47878,7.56219,nan,nan,0,0.045,0.06,0.0421875
juelich_pilot_d30_r5_log_distance_s02_w1,juelich,12345,2,2,log-distance,42,43,veh12,veh14,5,5,0,157.376,1,3.47878,9.15406,-70.6144,9.10382,5,0.045,0.045,0.0421875
juelich_pilot_d30_r5_log_distance_s02_w1,juelich,12345,2,2,log-distance,42,43,veh12,veh15,5,0,1,980.466,0,3.47878,3.95983,nan,nan,0,0.045,0.03,0.0421875
juelich_pilot_d30_r5_log_distance_s02_w1,juelich,12345,2,2,log-distance,42,43,veh12,veh4,5,0,1,407.322,1,3.47878,5.16075,nan,nan,0,0.045,0.05,0.0421875
juelich_pilot_d30_r5_log_distance_s02_w1,juelich,12345,2,2,log-distance,42,43,veh12,veh5,5,0,1,991.748,0,3.47878,7.45926,nan,nan,0,0.045,0.04,0.0421875
juelich_pilot_d30_r5_log_distance_s02_w1,juelich,12345,2,2,log-distance,42,43,veh12,veh6,5,0,1,338.123,1,3.47878,8.40014,nan,nan,0,0.045,0.045,0.0421875
juelich_pilot_d30_r5_log_distance_s02_w1,juelich,12345,2,2,log-distance,42,43,veh12,veh9,5,0,1,547.505,0,3.47878,5.9777,nan,nan,0,0.045,0.045,0.0421875
juelich_pilot_d30_r5_log_distance_s02_w1,juelich,12345,2,2,log-distance,42,43,veh13,veh0,5,5,0,166.829,1,7.56219,13.4752,-71.1206,8.91967,5,0.06,0.06,0.0421875
juelich_pilot_d30_r5_log_distance_s02_w1,juelich,12345,2,2,log-distance,42,43,veh13,veh1,5,0,1,445.131,1,7.56219,8.33075,nan,nan,0,0.06,0.045,0.0421875
juelich_pilot_d30_r5_log_distance_s02_w1,juelich,12345,2,2,log-distance,42,43,veh13,veh10,5,0,1,299.484,1,7.56219,8.49562,nan,nan,0,0.06,0.045,0.0421875
juelich_pilot_d30_r5_log_distance_s02_w1,juelich,12345,2,2,log-distance,42,43,veh13,veh11,5,0,1,409.471,1,7.56219,7.34054,nan,nan,0,0.06,0.045,0.0421875
juelich_pilot_d30_r5_log_distance_s02_w1,juelich,12345,2,2,log-distance,42,43,veh13,veh12,5,0,1,389.544,1,7.56219,3.47878,nan,nan,0,0.06,0.045,0.0421875
juelich_pilot_d30_r5_log_distance_s02_w1,juelich,12345,2,2,log-distance,42,43,veh13,veh14,5,0,1,453.062,1,7.56219,9.15406,nan,nan,0,0.06,0.045,0.0421875
juelich_pilot_d30_r5_log_distance_s02_w1,juelich,12345,2,2,log-distance,42,43,veh13,veh15,5,0,1,676.682,0,7.56219,3.95983,nan,nan,0,0.06,0.03,0.0421875
juelich_pilot_d30_r5_log_distance_s02_w1,juelich,12345,2,2,log-distance,42,43,veh13,veh4,5,5,0,200.347,1,7.56219,5.16075,-72.7128,6.09694,5,0.06,0.05,0.0421875
juelich_pilot_d30_r5_log_distance_s02_w1,juelich,12345,2,2,log-distance,42,43,veh13,veh5,5,0,1,644.235,0,7.56219,7.45926,nan,nan,0,0.06,0.04,0.0421875
juelich_pilot_d30_r5_log_distance_s02_w1,juelich,12345,2,2,log-distance,42,43,veh13,veh6,5,0,1,282.276,1,7.56219,8.40014,nan,nan,0,0.06,0.045,0.0421875
juelich_pilot_d30_r5_log_distance_s02_w1,juelich,12345,2,2,log-distance,42,43,veh13,veh7,5,0,1,785.243,0,7.56219,11.1768,nan,nan,0,0.06,0.04,0.0421875
juelich_pilot_d30_r5_log_distance_s02_w1,juelich,12345,2,2,log-distance,42,43,veh13,veh8,5,0,1,943.921,0,7.56219,7.12699,nan,nan,0,0.06,0.035,0.0421875
juelich_pilot_d30_r5_log_distance_s02_w1,juelich,12345,2,2,log-distance,42,43,veh13,veh9,5,0,1,355.873,1,7.56219,5.9777,nan,nan,0,0.06,0.045,0.0421875
juelich_pilot_d30_r5_log_distance_s02_w1,juelich,12345,2,2,log-distance,42,43,veh14,veh0,5,5,0,480.165,1,9.15406,13.4752,-80.3054,16.6709,5,0.045,0.06,0.0421875
juelich_pilot_d30_r5_log_distance_s02_w1,juelich,12345,2,2,log-distance,42,43,veh14,veh1,5,0,1,766.025,0,9.15406,8.33075,nan,nan,0,0.045,0.045,0.0421875
juelich_pilot_d30_r5_log_distance_s02_w1,juelich,12345,2,2,log-distance,42,43,veh14,veh10,5,5,0,506.062,0,9.15406,8.49562,-80.7614,16.2149,5,0.045,0.045,0.0421875
juelich_pilot_d30_r5_log_distance_s02_w1,juelich,12345,2,2,log-distance,42,43,veh14,veh11,5,0,1,731.366,0,9.15406,7.34054,nan,nan,0,0.045,0.045,0.0421875
juelich_pilot_d30_r5_log_distance_s02_w1,juelich,12345,2,2,log-distance,42,43,veh14,veh12,5,5,0,157.376,1,9.15406,3.47878,-70.6144,26.3619,5,0.045,0.045,0.0421875
juelich_pilot_d30_r5_log_distance_s02_w1,juelich,12345,2,2,log-distance,42,43,veh14,veh13,5,5,0,453.062,1,9.15406,7.56219,-79.8007,17.1756,5,0.045,0.06,0.0421875
juelich_pilot_d30_r5_log_distance_s02_w1,juelich,12345,2,2,log-distance,42,43,veh14,veh15,5,0,1,945.471,0,9.15406,3.95983,nan,nan,0,0.045,0.03,0.0421875
juelich_pilot_d30_r5_log_distance_s02_w1,juelich,12345,2,2,log-distance,42,43,veh14,veh4,5,5,0,526.71,0,9.15406,5.16075,-81.109,15.8673,5,0.045,0.05,0.0421875
juelich_pilot_d30_r5_log_distance_s02_w1,juelich,12345,2,2,log-distance,42,43,veh14,veh5,5,0,1,983.228,0,9.15406,7.45926,nan,nan,0,0.045,0.04,0.0421875
juelich_pilot_d30_r5_log_distance_s02_w1,juelich,12345,2,2,log-distance,42,43,veh14,veh6,5,5,0,479.442,1,9.15406,8.40014,-80.292,16.6843,5,0.045,0.045,0.0421875
juelich_pilot_d30_r5_log_distance_s02_w1,juelich,12345,2,2,log-distance,42,43,veh14,veh9,5,0,1,681.081,0,9.15406,5.9777,nan,nan,0,0.045,0.045,0.0421875
juelich_pilot_d30_r5_log_distance_s02_w1,juelich,12345,2,2,log-distance,42,43,veh15,veh0,5,5,0,527.292,0,3.95983,13.4752,-81.1187,15.8576,5,0.03,0.06,0.0421875
juelich_pilot_d30_r5_log_distance_s02_w1,juelich,12345,2,2,log-distance,42,43,veh15,veh10,5,0,1,970.092,0,3.95983,8.49562,nan,nan,0,0.03,0.045,0.0421875
juelich_pilot_d30_r5_log_distance_s02_w1,juelich,12345,2,2,log-distance,42,43,veh15,veh11,4,0,1,997.469,0,4.17212,7.3321,nan,nan,0,0.03,0.045,0.0421875
juelich_pilot_d30_r5_log_distance_s02_w1,juelich,12345,2,2,log-distance,42,43,veh15,veh12,5,0,1,980.466,0,3.95983,3.47878,nan,nan,0,0.03,0.045,0.0421875
juelich_pilot_d30_r5_log_distance_s02_w1,juelich,12345,2,2,log-distance,42,43,veh15,veh13,5,0,1,676.682,0,3.95983,7.56219,nan,nan,0,0.03,0.06,0.0421875
juelich_pilot_d30_r5_log_distance_s02_w1,juelich,12345,2,2,log-distance,42,43,veh15,veh14,5,0,1,945.471,0,3.95983,9.15406,nan,nan,0,0.03,0.045,0.0421875
juelich_pilot_d30_r5_log_distance_s02_w1,juelich,12345,2,2,log-distance,42,43,veh15,veh2,5,0,1,964.274,0,3.95983,0,nan,nan,0,0.03,0.02,0.0421875
juelich_pilot_d30_r5_log_distance_s02_w1,juelich,12345,2,2,log-distance,42,43,veh15,veh3,5,0,1,834.664,0,3.95983,12.7457,nan,nan,0,0.03,0.025,0.0421875
juelich_pilot_d30_r5_log_distance_s02_w1,juelich,12345,2,2,log-distance,42,43,veh15,veh4,5,0,1,852.824,0,3.95983,5.16075,nan,nan,0,0.03,0.05,0.0421875
juelich_pilot_d30_r5_log_distance_s02_w1,juelich,12345,2,2,log-distance,42,43,veh15,veh5,5,5,0,167.51,1,3.95983,7.45926,-71.1576,25.8187,5,0.03,0.04,0.0421875
juelich_pilot_d30_r5_log_distance_s02_w1,juelich,12345,2,2,log-distance,42,43,veh15,veh6,5,0,1,956.124,0,3.95983,8.40014,nan,nan,0,0.03,0.045,0.0421875
juelich_pilot_d30_r5_log_distance_s02_w1,juelich,12345,2,2,log-distance,42,43,veh15,veh7,5,5,0,500.626,0,3.95983,11.1768,-80.668,16.3083,5,0.03,0.04,0.0421875
juelich_pilot_d30_r5_log_distance_s02_w1,juelich,12345,2,2,log-distance,42,43,veh15,veh8,5,0,1,733.898,0,3.95983,7.12699,nan,nan,0,0.03,0.035,0.0421875
juelich_pilot_d30_r5_log_distance_s02_w1,juelich,12345,2,2,log-distance,42,43,veh15,veh9,5,0,1,957.871,0,3.95983,5.9777,nan,nan,0,0.03,0.045,0.0421875
juelich_pilot_d30_r5_log_distance_s02_w1,juelich,12345,2,2,log-distance,42,43,veh2,veh15,5,0,1,964.274,0,0,3.95983,nan,nan,0,0.02,0.03,0.0421875
juelich_pilot_d30_r5_log_distance_s02_w1,juelich,12345,2,2,log-distance,42,43,veh2,veh3,5,5,0,131.774,1,0,12.7457,-69.0712,20.7907,5,0.02,0.025,0.0421875
juelich_pilot_d30_r5_log_distance_s02_w1,juelich,12345,2,2,log-distance,42,43,veh2,veh5,5,0,1,827.714,0,0,7.45926,nan,nan,0,0.02,0.04,0.0421875
juelich_pilot_d30_r5_log_distance_s02_w1,juelich,12345,2,2,log-distance,42,43,veh2,veh7,5,5,0,533.876,0,0,11.1768,-81.2264,6.50264,5,0.02,0.04,0.0421875
juelich_pilot_d30_r5_log_distance_s02_w1,juelich,12345,2,2,log-distance,42,43,veh2,veh8,5,5,0,375.039,1,0,7.12699,-78.1592,10.6221,5,0.02,0.035,0.0421875
juelich_pilot_d30_r5_log_distance_s02_w1,juelich,12345,2,2,log-distance,42,43,veh3,veh15,5,0,1,834.664,0,12.7457,3.95983,nan,nan,0,0.025,0.03,0.0421875
juelich_pilot_d30_r5_log_distance_s02_w1,juelich,12345,2,2,log-distance,42,43,veh3,veh2,5,5,0,131.774,1,12.7457,0,-69.0712,27.9051,5,0.025,0.02,0.0421875
juelich_pilot_d30_r5_log_distance_s02_w1,juelich,12345,2,2,log-distance,42,43,veh3,veh5,5,0,1,696.222,0,12.7457,7.45926,nan,nan,0,0.025,0.04,0.0421875
juelich_pilot_d30_r5_log_distance_s02_w1,juelich,12345,2,2,log-distance,42,43,veh3,veh7,5,5,0,405.229,1,12.7457,11.1768,-78.8317,18.1446,5,0.025,0.04,0.0421875
juelich_pilot_d30_r5_log_distance_s02_w1,juelich,12345,2,2,log-distance,42,43,veh3,veh8,5,5,0,274.111,1,12.7457,7.12699,-75.4361,21.5402,5,0.025,0.035,0.0421875
juelich_pilot_d30_r5_log_distance_s02_w1,juelich,12345,2,2,log-distance,42,43,veh4,veh0,5,5,0,366.005,1,5.16075,13.4752,-77.9473,19.0289,5,0.05,0.06,0.0421875
juelich_pilot_d30_r5_log_distance_s02_w1,juelich,12345,2,2,log-distance,42,43,veh4,veh1,5,5,0,260.018,1,5.16075,8.33075,-74.9777,21.9986,5,0.05,0.045,0.0421875
juelich_pilot_d30_r5_log_distance_s02_w1,juelich,12345,2,2,log-distance,42,43,veh4,veh10,5,5,0,126.327,1,5.16075,8.49562,-68.7076,28.2687,5,0.05,0.045,0.0421875
juelich_pilot_d30_r5_log_distance_s02_w1,juelich,12345,2,2,log-distance,42,43,veh4,veh11,5,5,0,223.322,1,5.16075,7.34054,-73.6563,23.32,5,0.05,0.045,0.0421875
juelich_pilot_d30_r5_log_distance_s02_w1,juelich,12345,2,2,log-distance,42,43,veh4,veh12,5,5,0,407.322,1,5.16075,3.47878,-78.8765,18.0998,5,0.05,0.045,0.0421875
juelich_pilot_d30_r5_log_distance_s02_w1,juelich,12345,2,2,log-distance,42,43,veh4,veh13,5,5,0,200.347,1,5.16075,7.56219,-72.7128,24.2635,5,0.05,0.06,0.0421875
juelich_pilot_d30_r5_log_distance_s02_w1,juelich,12345,2,2,log-distance,42,43,veh4,veh14,5,5,0,526.71,0,5.16075,9.15406,-81.109,15.8673,5,0.05,0.045,0.0421875
juelich_pilot_d30_r5_log_distance_s02_w1,juelich,12345,2,2,log-distance,42,43,veh4,veh15,5,0,1,852.824,0,5.16075,3.95983,nan,nan,0,0.05,0.03,0.0421875
juelich_pilot_d30_r5_log_distance_s02_w1,juelich,12345,2,2,log-distance,42,43,veh4,veh5,5,0,1,795.403,0,5.16075,7.45926,nan,nan,0,0.05,0.04,0.0421875
juelich_pilot_d30_r5_log_distance_s02_w1,juelich,12345,2,2,log-distance,42,43,veh4,veh6,5,5,0,124.075,1,5.16075,8.40014,-68.5514,28.4249,5,0.05,0.045,0.0421875
juelich_pilot_d30_r5_log_distance_s02_w1,juelich,12345,2,2,log-distance,42,43,veh4,veh7,5,0,1,870.01,0,5.16075,11.1768,nan,nan,0,0.05,0.04,0.0421875
juelich_pilot_d30_r5_log_distance_s02_w1,juelich,12345,2,2,log-distance,42,43,veh4,veh8,5,0,1,988.889,0,5.16075,7.12699,nan,nan,0,0.05,0.035,0.0421875
juelich_pilot_d30_r5_log_distance_s02_w1,juelich,12345,2,2,log-distance,42,43,veh4,veh9,5,5,0,168.598,1,5.16075,5.9777,-71.2147,25.7615,5,0.05,0.045,0.0421875
juelich_pilot_d30_r5_log_distance_s02_w1,juelich,12345,2,2,log-distance,42,43,veh5,veh0,5,5,0,521.624,0,7.45926,13.4752,-81.0249,15.9514,5,0.04,0.06,0.0421875
juelich_pilot_d30_r5_log_distance_s02_w1,juelich,12345,2,2,log-distance,42,43,veh5,veh1,5,0,1,932.502,0,7.45926,8.33075,nan,nan,0,0.04,0.045,0.0421875
juelich_pilot_d30_r5_log_distance_s02_w1,juelich,12345,2,2,log-distance,42,43,veh5,veh10,5,0,1,919.186,0,7.45926,8.49562,nan,nan,0,0.04,0.045,0.0421875
juelich_pilot_d30_r5_log_distance_s02_w1,juelich,12345,2,2,log-distance,42,43,veh5,veh11,5,0,1,909.978,0,7.45926,7.34054,nan,nan,0,0.04,0.045,0.0421875
juelich_pilot_d30_r5_log_distance_s02_w1,juelich,12345,2,2,log-distance,42,43,veh5,veh12,5,0,1,991.748,0,7.45926,3.47878,nan,nan,0,0.04,0.045,0.0421875
juelich_pilot_d30_r5_log_distance_s02_w1,juelich,12345,2,2,log-distance,42,43,veh5,veh13,5,0,1,644.235,0,7.45926,7.56219,nan,nan,0,0.04,0.06,0.0421875
juelich_pilot_d30_r5_log_distance_s02_w1,juelich,12345,2,2,log-distance,42,43,veh5,veh14,5,0,1,983.228,0,7.45926,9.15406,nan,nan,0,0.04,0.045,0.0421875
juelich_pilot_d30_r5_log_distance_s02_w1,juelich,12345,2,2,log-distance,42,43,veh5,veh15,5,5,0,167.51,1,7.45926,3.95983,-71.1576,25.8187,5,0.04,0.03,0.0421875
juelich_pilot_d30_r5_log_distance_s02_w1,juelich,12345,2,2,log-distance,42,43,veh5,veh2,5,0,1,827.714,0,7.45926,0,nan,nan,0,0.04,0.02,0.0421875
juelich_pilot_d30_r5_log_distance_s02_w1,juelich,12345,2,2,log-distance,42,43,veh5,veh3,5,0,1,696.222,0,7.45926,12.7457,nan,nan,0,0.04,0.025,0.0421875
juelich_pilot_d30_r5_log_distance_s02_w1,juelich,12345,2,2,log-distance,42,43,veh5,veh4,5,0,1,795.403,0,7.45926,5.16075,nan,nan,0,0.04,0.05,0.0421875
juelich_pilot_d30_r5_log_distance_s02_w1,juelich,12345,2,2,log-distance,42,43,veh5,veh6,5,0,1,909.434,0,7.45926,8.40014,nan,nan,0,0.04,0.045,0.0421875
juelich_pilot_d30_r5_log_distance_s02_w1,juelich,12345,2,2,log-distance,42,43,veh5,veh7,5,5,0,337.256,1,7.45926,11.1768,-77.2365,19.7398,5,0.04,0.04,0.0421875
juelich_pilot_d30_r5_log_distance_s02_w1,juelich,12345,2,2,log-distance,42,43,veh5,veh8,5,5,0,571.217,0,7.45926,7.12699,-81.8137,15.1626,5,0.04,0.035,0.0421875
juelich_pilot_d30_r5_log_distance_s02_w1,juelich,12345,2,2,log-distance,42,43,veh5,veh9,5,0,1,875.817,0,7.45926,5.9777,nan,nan,0,0.04,0.045,0.0421875
juelich_pilot_d30_r5_log_distance_s02_w1,juelich,12345,2,2,log-distance,42,43,veh6,veh0,5,5,0,446.235,1,8.40014,13.4752,-79.669,17.3073,5,0.045,0.06,0.0421875
juelich_pilot_d30_r5_log_distance_s02_w1,juelich,12345,2,2,log-distance,42,43,veh6,veh1,5,5,0,289.577,1,8.40014,8.33075,-75.913,21.0633,5,0.045,0.045,0.0421875
juelich_pilot_d30_r5_log_distance_s02_w1,juelich,12345,2,2,log-distance,42,43,veh6,veh10,5,5,0,27.4025,1,8.40014,8.49562,-55.4335,41.5428,5,0.045,0.045,0.0421875
juelich_pilot_d30_r5_log_distance_s02_w1,juelich,12345,2,2,log-distance,42,43,veh6,veh11,5,5,0,256.859,1,8.40014,7.34054,-74.8716,22.1047,5,0.045,0.045,0.0421875
juelich_pilot_d30_r5_log_distance_s02_w1,juelich,12345,2,2,log-distance,42,43,veh6,veh12,5,5,0,338.123,1,8.40014,3.47878,-77.2591,19.7172,5,0.045,0.045,0.0421875
juelich_pilot_d30_r5_log_distance_s02_w1,juelich,12345,2,2,log-distance,42,43,veh6,veh13,5,5,0,282.276,1,8.40014,7.56219,-75.6906,21.2856,5,0.045,0.06,0.0421875
juelich_pilot_d30_r5_log_distance_s02_w1,juelich,12345,2,2,log-distance,42,43,veh6,veh14,5,5,0,479.442,1,8.40014,9.15406,-80.292,16.6843,5,0.045,0.045,0.0421875
juelich_pilot_d30_r5_log_distance_s02_w1,juelich,12345,2,2,log-distance,42,43,veh6,veh15,5,0,1,956.124,0,8.40014,3.95983,nan,nan,0,0.045,0.03,0.0421875
juelich_pilot_d30_r5_log_distance_s02_w1,juelich,12345,2,2,log-distance,42,43,veh6,veh4,5,5,0,124.075,1,8.40014,5.16075,-68.5514,28.4249,5,0.045,0.05,0.0421875
juelich_pilot_d30_r5_log_distance_s02_w1,juelich,12345,2,2,log-distance,42,43,veh6,veh5,5,0,1,909.434,0,8.40014,7.45926,nan,nan,0,0.045,0.04,0.0421875
juelich_pilot_d30_r5_log_distance_s02_w1,juelich,12345,2,2,log-distance,42,43,veh6,veh7,5,0,1,994.009,0,8.40014,11.1768,nan,nan,0,0.045,0.04,0.0421875
juelich_pilot_d30_r5_log_distance_s02_w1,juelich,12345,2,2,log-distance,42,43,veh6,veh9,5,5,0,212.178,1,8.40014,5.9777,-73.2117,23.7646,5,0.045,0.045,0.0421875
juelich_pilot_d30_r5_log_distance_s02_w1,juelich,12345,2,2,log-distance,42,43,veh7,veh0,5,0,1,722.827,0,11.1768,13.4752,nan,nan,0,0.04,0.06,0.0421875
juelich_pilot_d30_r5_log_distance_s02_w1,juelich,12345,2,2,log-distance,42,43,veh7,veh1,5,0,1,913.907,0,11.1768,8.33075,nan,nan,0,0.04,0.045,0.0421875
juelich_pilot_d30_r5_log_distance_s02_w1,juelich,12345,2,2,log-distance,42,43,veh7,veh10,5,0,1,994.517,0,11.1768,8.49562,nan,nan,0,0.04,0.045,0.0421875
juelich_pilot_d30_r5_log_distance_s02_w1,juelich,12345,2,2,log-distance,42,43,veh7,veh11,5,0,1,903.4,0,11.1768,7.34054,nan,nan,0,0.04,0.045,0.0421875
juelich_pilot_d30_r5_log_distance_s02_w1,juelich,12345,2,2,log-distance,42,43,veh7,veh13,5,0,1,785.243,0,11.1768,7.56219,nan,nan,0,0.04,0.06,0.0421875
juelich_pilot_d30_r5_log_distance_s02_w1,juelich,12345,2,2,log-distance,42,43,veh7,veh15,5,5,0,500.626,0,11.1768,3.95983,-80.668,16.3083,5,0.04,0.03,0.0421875
juelich_pilot_d30_r5_log_distance_s02_w1,juelich,12345,2,2,log-distance,42,43,veh7,veh2,5,5,0,533.876,0,11.1768,0,-81.2264,15.7499,5,0.04,0.02,0.0421875
juelich_pilot_d30_r5_log_distance_s02_w1,juelich,12345,2,2,log-distance,42,43,veh7,veh3,5,5,0,405.229,1,11.1768,12.7457,-78.8317,18.1446,5,0.04,0.025,0.0421875
juelich_pilot_d30_r5_log_distance_s02_w1,juelich,12345,2,2,log-distance,42,43,veh7,veh4,5,0,1,870.01,0,11.1768,5.16075,nan,nan,0,0.04,0.05,0.0421875
juelich_pilot_d30_r5_log_distance_s02_w1,juelich,12345,2,2,log-distance,42,43,veh7,veh5,5,5,0,337.256,1,11.1768,7.45926,-77.2365,19.7398,5,0.04,0.04,0.0421875
juelich_pilot_d30_r5_log_distance_s02_w1,juelich,12345,2,2,log-distance,42,43,veh7,veh6,5,0,1,994.009,0,11.1768,8.40014,nan,nan,0,0.04,0.045,0.0421875
juelich_pilot_d30_r5_log_distance_s02_w1,juelich,12345,2,2,log-distance,42,43,veh7,veh8,5,5,0,233.97,1,11.1768,7.12699,-74.0604,22.9159,5,0.04,0.035,0.0421875
juelich_pilot_d30_r5_log_distance_s02_w1,juelich,12345,2,2,log-distance,42,43,veh7,veh9,5,0,1,887.548,0,11.1768,5.9777,nan,nan,0,0.04,0.045,0.0421875
juelich_pilot_d30_r5_log_distance_s02_w1,juelich,12345,2,2,log-distance,42,43,veh8,veh0,5,0,1,911.331,0,7.12699,13.4752,nan,nan,0,0.035,0.06,0.0421875
juelich_pilot_d30_r5_log_distance_s02_w1,juelich,12345,2,2,log-distance,42,43,veh8,veh1,5,0,1,972.809,0,7.12699,8.33075,nan,nan,0,0.035,0.045,0.0421875
juelich_pilot_d30_r5_log_distance_s02_w1,juelich,12345,2,2,log-distance,42,43,veh8,veh11,5,0,1,970.97,0,7.12699,7.34054,nan,nan,0,0.035,0.045,0.0421875
juelich_pilot_d30_r5_log_distance_s02_w1,juelich,12345,2,2,log-distance,42,43,veh8,veh13,5,0,1,943.921,0,7.12699,7.56219,nan,nan,0,0.035,0.06,0.0421875
juelich_pilot_d30_r5_log_distance_s02_w1,juelich,12345,2,2,log-distance,42,43,veh8,veh15,5,0,1,733.898,0,7.12699,3.95983,nan,nan,0,0.035,0.03,0.0421875
juelich_pilot_d30_r5_log_distance_s02_w1,juelich,12345,2,2,log-distance,42,43,veh8,veh2,5,5,0,375.039,1,7.12699,0,-78.1592,18.8171,5,0.035,0.02,0.0421875
juelich_pilot_d30_r5_log_distance_s02_w1,juelich,12345,2,2,log-distance,42,43,veh8,veh3,5,5,0,274.111,1,7.12699,12.7457,-75.4361,21.5402,5,0.035,0.025,0.0421875
juelich_pilot_d30_r5_log_distance_s02_w1,juelich,12345,2,2,log-distance,42,43,veh8,veh4,5,0,1,988.889,0,7.12699,5.16075,nan,nan,0,0.035,0.05,0.0421875
juelich_pilot_d30_r5_log_distance_s02_w1,juelich,12345,2,2,log-distance,42,43,veh8,veh5,5,5,0,571.217,0,7.12699,7.45926,-81.8137,15.1626,5,0.035,0.04,0.0421875
juelich_pilot_d30_r5_log_distance_s02_w1,juelich,12345,2,2,log-distance,42,43,veh8,veh7,5,5,0,233.97,1,7.12699,11.1768,-74.0604,22.9159,5,0.035,0.04,0.0421875
juelich_pilot_d30_r5_log_distance_s02_w1,juelich,12345,2,2,log-distance,42,43,veh8,veh9,5,0,1,967.976,0,7.12699,5.9777,nan,nan,0,0.035,0.045,0.0421875
juelich_pilot_d30_r5_log_distance_s02_w1,juelich,12345,2,2,log-distance,42,43,veh9,veh0,5,5,0,513.446,0,5.9777,13.4752,-80.8875,16.0888,5,0.045,0.06,0.0421875
juelich_pilot_d30_r5_log_distance_s02_w1,juelich,12345,2,2,log-distance,42,43,veh9,veh1,5,5,0,91.4887,1,5.9777,8.33075,-65.9043,31.072,5,0.045,0.045,0.0421875
juelich_pilot_d30_r5_log_distance_s02_w1,juelich,12345,2,2,log-distance,42,43,veh9,veh10,5,5,0,190.641,1,5.9777,8.49562,-72.282,24.6943,5,0.045,0.045,0.0421875
juelich_pilot_d30_r5_log_distance_s02_w1,juelich,12345,2,2,log-distance,42,43,veh9,veh11,5,5,0,54.8272,1,5.9777,7.34054,-61.4562,35.5201,5,0.045,0.045,0.0421875
juelich_pilot_d30_r5_log_distance_s02_w1,juelich,12345,2,2,log-distance,42,43,veh9,veh12,5,5,0,547.505,0,5.9777,3.47878,-81.4454,15.5308,5,0.045,0.045,0.0421875
juelich_pilot_d30_r5_log_distance_s02_w1,juelich,12345,2,2,log-distance,42,43,veh9,veh13,5,5,0,355.873,1,5.9777,7.56219,-77.7035,19.2728,5,0.045,0.06,0.0421875
juelich_pilot_d30_r5_log_distance_s02_w1,juelich,12345,2,2,log-distance,42,43,veh9,veh14,5,0,1,681.081,0,5.9777,9.15406,nan,nan,0,0.045,0.045,0.0421875
juelich_pilot_d30_r5_log_distance_s02_w1,juelich,12345,2,2,log-distance,42,43,veh9,veh15,5,0,1,957.871,0,5.9777,3.95983,nan,nan,0,0.045,0.03,0.0421875
juelich_pilot_d30_r5_log_distance_s02_w1,juelich,12345,2,2,log-distance,42,43,veh9,veh4,5,5,0,168.598,1,5.9777,5.16075,-71.2147,25.7615,5,0.045,0.05,0.0421875
juelich_pilot_d30_r5_log_distance_s02_w1,juelich,12345,2,2,log-distance,42,43,veh9,veh5,5,0,1,875.817,0,5.9777,7.45926,nan,nan,0,0.045,0.04,0.0421875
juelich_pilot_d30_r5_log_distance_s02_w1,juelich,12345,2,2,log-distance,42,43,veh9,veh6,5,5,0,212.178,1,5.9777,8.40014,-73.2117,23.7646,5,0.045,0.045,0.0421875
juelich_pilot_d30_r5_log_distance_s02_w1,juelich,12345,2,2,log-distance,42,43,veh9,veh7,5,0,1,887.548,0,5.9777,11.1768,nan,nan,0,0.045,0.04,0.0421875
juelich_pilot_d30_r5_log_distance_s02_w1,juelich,12345,2,2,log-distance,42,43,veh9,veh8,5,0,1,967.976,0,5.9777,7.12699,nan,nan,0,0.045,0.035,0.0421875
juelich_pilot_d30_r5_log_distance_s02_w1,juelich,12345,2,2,log-distance,43,44,veh0,veh1,5,0,1,603.431,0,13.4465,8.34974,nan,nan,0,0.06,0.045,0.044
juelich_pilot_d30_r5_log_distance_s02_w1,juelich,12345,2,2,log-distance,43,44,veh0,veh10,5,5,0,466.98,1,13.4465,8.52063,-80.0637,16.9126,5,0.06,0.045,0.044
juelich_pilot_d30_r5_log_distance_s02_w1,juelich,12345,2,2,log-distance,43,44,veh0,veh11,5,5,0,569.951,0,13.4465,7.33027,-81.7944,15.1819,5,0.06,0.045,0.044
juelich_pilot_d30_r5_log_distance_s02_w1,juelich,12345,2,2,log-distance,43,44,veh0,veh12,5,5,0,465.802,1,13.4465,4.28336,-80.0417,16.9346,5,0.06,0.045,0.044
juelich_pilot_d30_r5_log_distance_s02_w1,juelich,12345,2,2,log-distance,43,44,veh0,veh13,5,5,0,180.653,1,13.4465,7.56462,-71.8126,25.1637,5,0.06,0.06,0.044
juelich_pilot_d30_r5_log_distance_s02_w1,juelich,12345,2,2,log-distance,43,44,veh0,veh14,5,5,0,472.838,1,13.4465,11.137,-80.1719,16.8044,5,0.06,0.045,0.044
juelich_pilot_d30_r5_log_distance_s02_w1,juelich,12345,2,2,log-distance,43,44,veh0,veh15,5,5,0,520.169,0,13.4465,5.96345,-81.0005,15.9758,5,0.06,0.036,0.044
juelich_pilot_d30_r5_log_distance_s02_w1,juelich,12345,2,2,log-distance,43,44,veh0,veh4,5,5,0,370.68,1,13.4465,7.10127,-78.0576,18.9186,5,0.06,0.05,0.044
juelich_pilot_d30_r5_log_distance_s02_w1,juelich,12345,2,2,log-distance,43,44,veh0,veh5,5,5,0,522.931,0,13.4465,7.48725,-81.0466,15.9297,5,0.06,0.049,0.044
juelich_pilot_d30_r5_log_distance_s02_w1,juelich,12345,2,2,log-distance,43,44,veh0,veh6,5,5,0,447.298,1,13.4465,10.4092,-79.6896,17.2866,5,0.06,0.045,0.044
juelich_pilot_d30_r5_log_distance_s02_w1,juelich,12345,2,2,log-distance,43,44,veh0,veh7,5,0,1,719.771,0,13.4465,11.1734,nan,nan,0,0.06,0.044,0.044
juelich_pilot_d30_r5_log_distance_s02_w1,juelich,12345,2,2,log-distance,43,44,veh0,veh8,5,0,1,921.146,0,13.4465,7.1282,nan,nan,0,0.06,0.039,0.044
juelich_pilot_d30_r5_log_distance_s02_w1,juelich,12345,2,2,log-distance,43,44,veh0,veh9,5,5,0,519.967,0,13.4465,7.94904,-80.9972,15.9791,5,0.06,0.045,0.044
juelich_pilot_d30_r5_log_distance_s02_w1,juelich,12345,2,2,log-distance,43,44,veh1,veh0,5,0,1,603.431,0,8.34974,13.4465,nan,nan,0,0.045,0.06,0.044
juelich_pilot_d30_r5_log_distance_s02_w1,juelich,12345,2,2,log-distance,43,44,veh1,veh10,5,5,0,265.129,1,8.34974,8.52063,-75.1468,21.8294,5,0.045,0.045,0.044
juelich_pilot_d30_r5_log_distance_s02_w1,juelich,12345,2,2,log-distance,43,44,veh1,veh11,5,5,0,35.7099,1,8.34974,7.33027,-57.7332,39.2431,5,0.045,0.045,0.044
juelich_pilot_d30_r5_log_distance_s02_w1,juelich,12345,2,2,log-distance,43,44,veh1,veh12,5,0,1,620.132,0,8.34974,4.28336,nan,nan,0,0.045,0.045,0.044
juelich_pilot_d30_r5_log_distance_s02_w1,juelich,12345,2,2,log-distance,43,44,veh1,veh13,5,5,0,435.355,1,8.34974,7.56462,-79.4544,17.5219,5,0.045,0.06,0.044
juelich_pilot_d30_r5_log_distance_s02_w1,juelich,12345,2,2,log-distance,43,44,veh1,veh14,5,0,1,749.325,0,8.34974,11.137,nan,nan,0,0.045,0.045,0.044
juelich_pilot_d30_r5_log_distance_s02_w1,juelich,12345,2,2,log-distance,43,44,veh1,veh4,5,5,0,257.876,1,8.34974,7.10127,-74.9059,22.0704,5,0.045,0.05,0.044
juelich_pilot_d30_r5_log_distance_s02_w1,juelich,12345,2,2,log-distance,43,44,veh1,veh5,5,0,1,922.48,0,8.34974,7.48725,nan,nan,0,0.045,0.049,0.044
juelich_pilot_d30_r5_log_distance_s02_w1,juelich,12345,2,2,log-distance,43,44,veh1,veh6,5,5,0,290.646,1,8.34974,10.4092,-75.945,21.0313,5,0.045,0.045,0.044
juelich_pilot_d30_r5_log_distance_s02_w1,juelich,12345,2,2,log-distance,43,44,veh1,veh7,5,0,1,900.751,0,8.34974,11.1734,nan,nan,0,0.045,0.044,0.044
juelich_pilot_d30_r5_log_distance_s02_w1,juelich,12345,2,2,log-distance,43,44,veh1,veh8,5,0,1,968.697,0,8.34974,7.1282,nan,nan,0,0.045,0.039,0.044
juelich_pilot_d30_r5_log_distance_s02_w1,juelich,12345,2,2,log-distance,43,44,veh1,veh9,5,5,0,89.4061,1,8.34974,7.94904,-65.705,31.2712,5,0.045,0.045,0.044
juelich_pilot_d30_r5_log_distance_s02_w1,juelich,12345,2,2,log-distance,43,44,veh10,veh0,5,5,0,466.98,1,8.52063,13.4465,-80.0637,16.9126,5,0.045,0.06,0.044
juelich_pilot_d30_r5_log_distance_s02_w1,juelich,12345,2,2,log-distance,43,44,veh10,veh1,5,5,0,265.129,1,8.52063,8.34974,-75.1468,21.8294,5,0.045,0.045,0.044
juelich_pilot_d30_r5_log_distance_s02_w1,juelich,12345,2,2,log-distance,43,44,veh10,veh11,5,5,0,234.1,1,8.52063,7.33027,-74.0657,22.9106,5,0.045,0.045,0.044
juelich_pilot_d30_r5_log_distance_s02_w1,juelich,12345,2,2,log-distance,43,44,veh10,veh12,5,5,0,355.529,1,8.52063,4.28336,-77.6949,19.2814,5,0.045,0.045,0.044
juelich_pilot_d30_r5_log_distance_s02_w1,juelich,12345,2,2,log-distance,43,44,veh10,veh13,5,5,0,288.291,1,8.52063,7.56462,-75.8738,21.1025,5,0.045,0.06,0.044
juelich_pilot_d30_r5_log_distance_s02_w1,juelich,12345,2,2,log-distance,43,44,veh10,veh14,5,5,0,488.561,1,8.52063,11.137,-80.4556,16.5207,5,0.045,0.045,0.044
juelich_pilot_d30_r5_log_distance_s02_w1,juelich,12345,2,2,log-distance,43,44,veh10,veh15,5,0,1,961.834,0,8.52063,5.96345,nan,nan,0,0.045,0.036,0.044
juelich_pilot_d30_r5_log_distance_s02_w1,juelich,12345,2,2,log-distance,43,44,veh10,veh4,5,5,0,126.179,1,8.52063,7.10127,-68.6975,28.2788,5,0.045,0.05,0.044
juelich_pilot_d30_r5_log_distance_s02_w1,juelich,12345,2,2,log-distance,43,44,veh10,veh5,5,0,1,913.105,0,8.52063,7.48725,nan,nan,0,0.045,0.049,0.044
juelich_pilot_d30_r5_log_distance_s02_w1,juelich,12345,2,2,log-distance,43,44,veh10,veh6,5,5,0,28.3941,1,8.52063,10.4092,-55.7405,41.2358,5,0.045,0.045,0.044
juelich_pilot_d30_r5_log_distance_s02_w1,juelich,12345,2,2,log-distance,43,44,veh10,veh7,5,0,1,983.152,0,8.52063,11.1734,nan,nan,0,0.045,0.044,0.044
juelich_pilot_d30_r5_log_distance_s02_w1,juelich,12345,2,2,log-distance,43,44,veh10,veh9,5,5,0,190.889,1,8.52063,7.94904,-72.2933,24.683,5,0.045,0.045,0.044
juelich_pilot_d30_r5_log_distance_s02_w1,juelich,12345,2,2,log-distance,43,44,veh11,veh0,5,5,0,569.951,0,7.33027,13.4465,-81.7944,15.1819,5,0.045,0.06,0.044
juelich_pilot_d30_r5_log_distance_s02_w1,juelich,12345,2,2,log-distance,43,44,veh11,veh1,5,5,0,35.7099,1,7.33027,8.34974,-57.7332,39.2431,5,0.045,0.045,0.044
juelich_pilot_d30_r5_log_distance_s02_w1,juelich,12345,2,2,log-distance,43,44,veh11,veh10,5,5,0,234.1,1,7.33027,8.52063,-74.0657,22.9106,5,0.045,0.045,0.044
juelich_pilot_d30_r5_log_distance_s02_w1,juelich,12345,2,2,log-distance,43,44,veh11,veh12,5,0,1,587.953,0,7.33027,4.28336,nan,nan,0,0.045,0.045,0.044
juelich_pilot_d30_r5_log_distance_s02_w1,juelich,12345,2,2,log-distance,43,44,veh11,veh13,5,5,0,400.544,1,7.33027,7.56462,-78.7305,18.2457,5,0.045,0.06,0.044
juelich_pilot_d30_r5_log_distance_s02_w1,juelich,12345,2,2,log-distance,43,44,veh11,veh14,5,0,1,715.723,0,7.33027,11.137,nan,nan,0,0.045,0.045,0.044
juelich_pilot_d30_r5_log_distance_s02_w1,juelich,12345,2,2,log-distance,43,44,veh11,veh15,5,0,1,989.981,0,7.33027,5.96345,nan,nan,0,0.045,0.036,0.044
juelich_pilot_d30_r5_log_distance_s02_w1,juelich,12345,2,2,log-distance,43,44,veh11,veh4,5,5,0,222.167,1,7.33027,7.10127,-73.6113,23.365,5,0.045,0.05,0.044
juelich_pilot_d30_r5_log_distance_s02_w1,juelich,12345,2,2,log-distance,43,44,veh11,veh5,5,0,1,900.932,0,7.33027,7.48725,nan,nan,0,0.045,0.049,0.044
juelich_pilot_d30_r5_log_distance_s02_w1,juelich,12345,2,2,log-distance,43,44,veh11,veh6,5,5,0,258.76,1,7.33027,10.4092,-74.9356,22.0407,5,0.045,0.045,0.044
juelich_pilot_d30_r5_log_distance_s02_w1,juelich,12345,2,2,log-distance,43,44,veh11,veh7,5,0,1,890.691,0,7.33027,11.1734,nan,nan,0,0.045,0.044,0.044
juelich_pilot_d30_r5_log_distance_s02_w1,juelich,12345,2,2,log-distance,43,44,veh11,veh8,5,0,1,967.426,0,7.33027,7.1282,nan,nan,0,0.045,0.039,0.044
juelich_pilot_d30_r5_log_distance_s02_w1,juelich,12345,2,2,log-distance,43,44,veh11,veh9,5,5,0,53.6973,1,7.33027,7.94904,-61.2767,35.6996,5,0.045,0.045,0.044
juelich_pilot_d30_r5_log_distance_s02_w1,juelich,12345,2,2,log-distance,43,44,veh12,veh0,5,0,1,465.802,1,4.28336,13.4465,nan,nan,0,0.045,0.06,0.044
juelich_pilot_d30_r5_log_distance_s02_w1,juelich,12345,2,2,log-distance,43,44,veh12,veh1,5,0,1,620.132,0,4.28336,8.34974,nan,nan,0,0.045,0.045,0.044
juelich_pilot_d30_r5_log_distance_s02_w1,juelich,12345,2,2,log-distance,43,44,veh12,veh10,5,0,1,355.529,1,4.28336,8.52063,nan,nan,0,0.045,0.045,0.044
juelich_pilot_d30_r5_log_distance_s02_w1,juelich,12345,2,2,log-distance,43,44,veh12,veh11,5,0,1,587.953,0,4.28336,7.33027,nan,nan,0,0.045,0.045,0.044
juelich_pilot_d30_r5_log_distance_s02_w1,juelich,12345,2,2,log-distance,43,44,veh12,veh13,5,0,1,380.378,1,4.28336,7.56462,nan,nan,0,0.045,0.06,0.044
juelich_pilot_d30_r5_log_distance_s02_w1,juelich,12345,2,2,log-distance,43,44,veh12,veh14,5,5,0,145.646,1,4.28336,11.137,-69.9417,9.57319,5,0.045,0.045,0.044
juelich_pilot_d30_r5_log_distance_s02_w1,juelich,12345,2,2,log-distance,43,44,veh12,veh15,5,0,1,972.79,0,4.28336,5.96345,nan,nan,0,0.045,0.036,0.044
juelich_pilot_d30_r5_log_distance_s02_w1,juelich,12345,2,2,log-distance,43,44,veh12,veh4,5,0,1,401.925,1,4.28336,7.10127,nan,nan,0,0.045,0.05,0.044
juelich_pilot_d30_r5_log_distance_s02_w1,juelich,12345,2,2,log-distance,43,44,veh12,veh5,5,0,1,988.667,0,4.28336,7.48725,nan,nan,0,0.045,0.049,0.044
juelich_pilot_d30_r5_log_distance_s02_w1,juelich,12345,2,2,log-distance,43,44,veh12,veh6,5,0,1,329.489,1,4.28336,10.4092,nan,nan,0,0.045,0.045,0.044
juelich_pilot_d30_r5_log_distance_s02_w1,juelich,12345,2,2,log-distance,43,44,veh12,veh9,5,0,1,540.652,0,4.28336,7.94904,nan,nan,0,0.045,0.045,0.044
juelich_pilot_d30_r5_log_distance_s02_w1,juelich,12345,2,2,log-distance,43,44,veh13,veh0,5,5,0,180.653,1,7.56462,13.4465,-71.8126,8.14201,5,0.06,0.06,0.044
juelich_pilot_d30_r5_log_distance_s02_w1,juelich,12345,2,2,log-distance,43,44,veh13,veh1,5,0,1,435.355,1,7.56462,8.34974,nan,nan,0,0.06,0.045,0.044
juelich_pilot_d30_r5_log_distance_s02_w1,juelich,12345,2,2,log-distance,43,44,veh13,veh10,5,0,1,288.291,1,7.56462,8.52063,nan,nan,0,0.06,0.045,0.044
juelich_pilot_d30_r5_log_distance_s02_w1,juelich,12345,2,2,log-distance,43,44,veh13,veh11,5,0,1,400.544,1,7.56462,7.33027,nan,nan,0,0.06,0.045,0.044
juelich_pilot_d30_r5_log_distance_s02_w1,juelich,12345,2,2,log-distance,43,44,veh13,veh12,5,0,1,380.378,1,7.56462,4.28336,nan,nan,0,0.06,0.045,0.044
juelich_pilot_d30_r5_log_distance_s02_w1,juelich,12345,2,2,log-distance,43,44,veh13,veh14,5,0,1,442.389,1,7.56462,11.137,nan,nan,0,0.06,0.045,0.044
juelich_pilot_d30_r5_log_distance_s02_w1,juelich,12345,2,2,log-distance,43,44,veh13,veh15,5,0,1,679.268,0,7.56462,5.96345,nan,nan,0,0.06,0.036,0.044
juelich_pilot_d30_r5_log_distance_s02_w1,juelich,12345,2,2,log-distance,43,44,veh13,veh4,5,5,0,191.17,1,7.56462,7.10127,-72.3052,6.39027,5,0.06,0.05,0.044
juelich_pilot_d30_r5_log_distance_s02_w1,juelich,12345,2,2,log-distance,43,44,veh13,veh5,5,0,1,649.633,0,7.56462,7.48725,nan,nan,0,0.06,0.049,0.044
juelich_pilot_d30_r5_log_distance_s02_w1,juelich,12345,2,2,log-distance,43,44,veh13,veh6,5,0,1,270.515,1,7.56462,10.4092,nan,nan,0,0.06,0.045,0.044
juelich_pilot_d30_r5_log_distance_s02_w1,juelich,12345,2,2,log-distance,43,44,veh13,veh7,5,0,1,781.696,0,7.56462,11.1734,nan,nan,0,0.06,0.044,0.044
juelich_pilot_d30_r5_log_distance_s02_w1,juelich,12345,2,2,log-distance,43,44,veh13,veh8,5,0,1,950.409,0,7.56462,7.1282,nan,nan,0,0.06,0.039,0.044
juelich_pilot_d30_r5_log_distance_s02_w1,juelich,12345,2,2,log-distance,43,44,veh13,veh9,5,0,1,348.407,1,7.56462,7.94904,nan,nan,0,0.06,0.045,0.044
juelich_pilot_d30_r5_log_distance_s02_w1,juelich,12345,2,2,log-distance,43,44,veh14,veh0,5,5,0,472.838,1,11.137,13.4465,-80.1719,16.8044,5,0.045,0.06,0.044
juelich_pilot_d30_r5_log_distance_s02_w1,juelich,12345,2,2,log-distance,43,44,veh14,veh1,5,0,1,749.325,0,11.137,8.34974,nan,nan,0,0.045,0.045,0.044
juelich_pilot_d30_r5_log_distance_s02_w1,juelich,12345,2,2,log-distance,43,44,veh14,veh10,5,5,0,488.561,1,11.137,8.52063,-80.4556,16.5207,5,0.045,0.045,0.044
juelich_pilot_d30_r5_log_distance_s02_w1,juelich,12345,2,2,log-distance,43,44,veh14,veh11,5,0,1,715.723,0,11.137,7.33027,nan,nan,0,0.045,0.045,0.044
juelich_pilot_d30_r5_log_distance_s02_w1,juelich,12345,2,2,log-distance,43,44,veh14,veh12,5,5,0,145.646,1,11.137,4.28336,-69.9417,27.0345,5,0.045,0.045,0.044
juelich_pilot_d30_r5_log_distance_s02_w1,juelich,12345,2,2,log-distance,43,44,veh14,veh13,5,5,0,442.389,1,11.137,7.56462,-79.5936,17.3827,5,0.045,0.06,0.044
juelich_pilot_d30_r5_log_distance_s02_w1,juelich,12345,2,2,log-distance,43,44,veh14,veh15,5,0,1,942.852,0,11.137,5.96345,nan,nan,0,0.045,0.036,0.044
juelich_pilot_d30_r5_log_distance_s02_w1,juelich,12345,2,2,log-distance,43,44,veh14,veh4,5,5,0,513.498,0,11.137,7.10127,-80.8882,16.0881,5,0.045,0.05,0.044
juelich_pilot_d30_r5_log_distance_s02_w1,juelich,12345,2,2,log-distance,43,44,veh14,veh5,5,0,1,984.608,0,11.137,7.48725,nan,nan,0,0.045,0.049,0.044
juelich_pilot_d30_r5_log_distance_s02_w1,juelich,12345,2,2,log-distance,43,44,veh14,veh6,5,5,0,461.116,1,11.137,10.4092,-79.9532,17.023,5,0.045,0.045,0.044
juelich_pilot_d30_r5_log_distance_s02_w1,juelich,12345,2,2,log-distance,43,44,veh14,veh9,5,0,1,665.802,0,11.137,7.94904,nan,nan,0,0.045,0.045,0.044
juelich_pilot_d30_r5_log_distance_s02_w1,juelich,12345,2,2,log-distance,43,44,veh15,veh0,5,5,0,520.169,0,5.96345,13.4465,-81.0005,15.9758,5,0.036,0.06,0.044
juelich_pilot_d30_r5_log_distance_s02_w1,juelich,12345,2,2,log-distance,43,44,veh15,veh10,5,0,1,961.834,0,5.96345,8.52063,nan,nan,0,0.036,0.045,0.044
juelich_pilot_d30_r5_log_distance_s02_w1,juelich,12345,2,2,log-distance,43,44,veh15,veh11,5,0,1,989.981,0,5.96345,7.33027,nan,nan,0,0.036,0.045,0.044
juelich_pilot_d30_r5_log_distance_s02_w1,juelich,12345,2,2,log-distance,43,44,veh15,veh12,5,0,1,972.79,0,5.96345,4.28336,nan,nan,0,0.036,0.045,0.044
juelich_pilot_d30_r5_log_distance_s02_w1,juelich,12345,2,2,log-distance,43,44,veh15,veh13,5,0,1,679.268,0,5.96345,7.56462,nan,nan,0,0.036,0.06,0.044
juelich_pilot_d30_r5_log_distance_s02_w1,juelich,12345,2,2,log-distance,43,44,veh15,veh14,5,0,1,942.852,0,5.96345,11.137,nan,nan,0,0.036,0.045,0.044
juelich_pilot_d30_r5_log_distance_s02_w1,juelich,12345,2,2,log-distance,43,44,veh15,veh16,4,0,1,610.675,0,6.17554,0.727725,nan,nan,0,0.036,0.035,0.044
juelich_pilot_d30_r5_log_distance_s02_w1,juelich,12345,2,2,log-distance,43,44,veh15,veh2,5,0,1,968.141,0,5.96345,0,nan,nan,0,0.036,0.029,0.044
juelich_pilot_d30_r5_log_distance_s02_w1,juelich,12345,2,2,log-distance,43,44,veh15,veh3,5,0,1,826.123,0,5.96345,12.7247,nan,nan,0,0.036,0.031,0.044
juelich_pilot_d30_r5_log_distance_s02_w1,juelich,12345,2,2,log-distance,43,44,veh15,veh4,5,0,1,845.444,0,5.96345,7.10127,nan,nan,0,0.036,0.05,0.044
juelich_pilot_d30_r5_log_distance_s02_w1,juelich,12345,2,2,log-distance,43,44,veh15,veh5,5,5,0,176.368,1,5.96345,7.48725,-71.6051,25.3712,5,0.036,0.049,0.044
juelich_pilot_d30_r5_log_distance_s02_w1,juelich,12345,2,2,log-distance,43,44,veh15,veh6,5,0,1,947.346,0,5.96345,10.4092,nan,nan,0,0.036,0.045,0.044
juelich_pilot_d30_r5_log_distance_s02_w1,juelich,12345,2,2,log-distance,43,44,veh15,veh7,5,5,0,499.168,1,5.96345,11.1734,-80.6426,16.3337,5,0.036,0.044,0.044
juelich_pilot_d30_r5_log_distance_s02_w1,juelich,12345,2,2,log-distance,43,44,veh15,veh8,5,0,1,741.114,0,5.96345,7.1282,nan,nan,0,0.036,0.039,0.044
juelich_pilot_d30_r5_log_distance_s02_w1,juelich,12345,2,2,log-distance,43,44,veh15,veh9,5,0,1,952.079,0,5.96345,7.94904,nan,nan,0,0.036,0.045,0.044
juelich_pilot_d30_r5_log_distance_s02_w1,juelich,12345,2,2,log-distance,43,44,veh16,veh15,4,0,1,610.675,0,0.727725,6.17554,nan,nan,0,0.035,0.036,0.044
juelich_pilot_d30_r5_log_distance_s02_w1,juelich,12345,2,2,log-distance,43,44,veh16,veh2,4,0,1,670.364,0,0.727725,0,nan,nan,0,0.035,0.029,0.044
juelich_pilot_d30_r5_log_distance_s02_w1,juelich,12345,2,2,log-distance,43,44,veh16,veh3,4,2,0.5,583.516,0,0.727725,12.7349,-81.9765,14.9998,2,0.035,0.031,0.044
juelich_pilot_d30_r5_log_distance_s02_w1,juelich,12345,2,2,log-distance,43,44,veh16,veh5,4,0,1,589.125,0,0.727725,7.49458,nan,nan,0,0.035,0.049,0.044
juelich_pilot_d30_r5_log_distance_s02_w1,juelich,12345,2,2,log-distance,43,44,veh16,veh7,4,0,1,612.997,0,0.727725,11.1758,nan,nan,0,0.035,0.044,0.044
juelich_pilot_d30_r5_log_distance_s02_w1,juelich,12345,2,2,log-distance,43,44,veh16,veh8,4,0,1,723.345,0,0.727725,7.11966,nan,nan,0,0.035,0.039,0.044
juelich_pilot_d30_r5_log_distance_s02_w1,juelich,12345,2,2,log-distance,43,44,veh2,veh15,5,0,1,968.141,0,0,5.96345,nan,nan,0,0.029,0.036,0.044
juelich_pilot_d30_r5_log_distance_s02_w1,juelich,12345,2,2,log-distance,43,44,veh2,veh16,4,0,1,670.364,0,0,0.727725,nan,nan,0,0.029,0.035,0.044
juelich_pilot_d30_r5_log_distance_s02_w1,juelich,12345,2,2,log-distance,43,44,veh2,veh3,5,5,0,144.408,1,0,12.7247,-69.8668,19.9332,5,0.029,0.031,0.044
juelich_pilot_d30_r5_log_distance_s02_w1,juelich,12345,2,2,log-distance,43,44,veh2,veh5,5,0,1,822.971,0,0,7.48725,nan,nan,0,0.029,0.049,0.044
juelich_pilot_d30_r5_log_distance_s02_w1,juelich,12345,2,2,log-distance,43,44,veh2,veh7,5,5,0,543.827,0,0,11.1734,-81.3868,6.26406,5,0.029,0.044,0.044
juelich_pilot_d30_r5_log_distance_s02_w1,juelich,12345,2,2,log-distance,43,44,veh2,veh8,5,5,0,377.7,1,0,7.1282,-78.2206,10.5458,5,0.029,0.039,0.044
juelich_pilot_d30_r5_log_distance_s02_w1,juelich,12345,2,2,log-distance,43,44,veh3,veh15,5,0,1,826.123,0,12.7247,5.96345,nan,nan,0,0.031,0.036,0.044
juelich_pilot_d30_r5_log_distance_s02_w1,juelich,12345,2,2,log-distance,43,44,veh3,veh16,4,2,0.5,583.516,0,12.7349,0.727725,-81.9765,14.9998,2,0.031,0.035,0.044
juelich_pilot_d30_r5_log_distance_s02_w1,juelich,12345,2,2,log-distance,43,44,veh3,veh2,5,5,0,144.408,1,12.7247,0,-69.8668,27.1095,5,0.031,0.029,0.044
juelich_pilot_d30_r5_log_distance_s02_w1,juelich,12345,2,2,log-distance,43,44,veh3,veh5,5,0,1,678.836,0,12.7247,7.48725,nan,nan,0,0.031,0.049,0.044
juelich_pilot_d30_r5_log_distance_s02_w1,juelich,12345,2,2,log-distance,43,44,veh3,veh7,5,5,0,403.178,1,12.7247,11.1734,-78.7876,18.1887,5,0.031,0.044,0.044
juelich_pilot_d30_r5_log_distance_s02_w1,juelich,12345,2,2,log-distance,43,44,veh3,veh8,5,5,0,270.044,1,12.7247,7.1282,-75.3063,21.67,5,0.031,0.039,0.044
juelich_pilot_d30_r5_log_distance_s02_w1,juelich,12345,2,2,log-distance,43,44,veh4,veh0,5,5,0,370.68,1,7.10127,13.4465,-78.0576,18.9186,5,0.05,0.06,0.044
juelich_pilot_d30_r5_log_distance_s02_w1,juelich,12345,2,2,log-distance,43,44,veh4,veh1,5,5,0,257.876,1,7.10127,8.34974,-74.9059,22.0704,5,0.05,0.045,0.044
juelich_pilot_d30_r5_log_distance_s02_w1,juelich,12345,2,2,log-distance,43,44,veh4,veh10,5,5,0,126.179,1,7.10127,8.52063,-68.6975,28.2788,5,0.05,0.045,0.044
juelich_pilot_d30_r5_log_distance_s02_w1,juelich,12345,2,2,log-distance,43,44,veh4,veh11,5,5,0,222.167,1,7.10127,7.33027,-73.6113,23.365,5,0.05,0.045,0.044
juelich_pilot_d30_r5_log_distance_s02_w1,juelich,12345,2,2,log-distance,43,44,veh4,veh12,5,5,0,401.925,1,7.10127,4.28336,-78.7604,18.2158,5,0.05,0.045,0.044
juelich_pilot_d30_r5_log_distance_s02_w1,juelich,12345,2,2,log-distance,43,44,veh4,veh13,5,5,0,191.17,1,7.10127,7.56462,-72.3052,24.6711,5,0.05,0.06,0.044
juelich_pilot_d30_r5_log_distance_s02_w1,juelich,12345,2,2,log-distance,43,44,veh4,veh14,5,5,0,513.498,0,7.10127,11.137,-80.8882,16.0881,5,0.05,0.045,0.044
juelich_pilot_d30_r5_log_distance_s02_w1,juelich,12345,2,2,log-distance,43,44,veh4,veh15,5,0,1,845.444,0,7.10127,5.96345,nan,nan,0,0.05,0.036,0.044
juelich_pilot_d30_r5_log_distance_s02_w1,juelich,12345,2,2,log-distance,43,44,veh4,veh5,5,0,1,789.535,0,7.10127,7.48725,nan,nan,0,0.05,0.049,0.044
juelich_pilot_d30_r5_log_distance_s02_w1,juelich,12345,2,2,log-distance,43,44,veh4,veh6,5,5,0,124.339,1,7.10127,10.4092,-68.5698,28.4065,5,0.05,0.045,0.044
juelich_pilot_d30_r5_log_distance_s02_w1,juelich,12345,2,2,log-distance,43,44,veh4,veh7,5,0,1,858.56,0,7.10127,11.1734,nan,nan,0,0.05,0.044,0.044
juelich_pilot_d30_r5_log_distance_s02_w1,juelich,12345,2,2,log-distance,43,44,veh4,veh8,5,0,1,988.105,0,7.10127,7.1282,nan,nan,0,0.05,0.039,0.044
juelich_pilot_d30_r5_log_distance_s02_w1,juelich,12345,2,2,log-distance,43,44,veh4,veh9,5,5,0,168.471,1,7.10127,7.94904,-71.2082,25.7681,5,0.05,0.045,0.044
juelich_pilot_d30_r5_log_distance_s02_w1,juelich,12345,2,2,log-distance,43,44,veh5,veh0,5,5,0,522.931,0,7.48725,13.4465,-81.0466,15.9297,5,0.049,0.06,0.044
juelich_pilot_d30_r5_log_distance_s02_w1,juelich,12345,2,2,log-distance,43,44,veh5,veh1,5,0,1,922.48,0,7.48725,8.34974,nan,nan,0,0.049,0.045,0.044
juelich_pilot_d30_r5_log_distance_s02_w1,juelich,12345,2,2,log-distance,43,44,veh5,veh10,5,0,1,913.105,0,7.48725,8.52063,nan,nan,0,0.049,0.045,0.044
juelich_pilot_d30_r5_log_distance_s02_w1,juelich,12345,2,2,log-distance,43,44,veh5,veh11,5,0,1,900.932,0,7.48725,7.33027,nan,nan,0,0.049,0.045,0.044
juelich_pilot_d30_r5_log_distance_s02_w1,juelich,12345,2,2,log-distance,43,44,veh5,veh12,5,0,1,988.667,0,7.48725,4.28336,nan,nan,0,0.049,0.045,0.044
juelich_pilot_d30_r5_log_distance_s02_w1,juelich,12345,2,2,log-distance,43,44,veh5,veh13,5,0,1,649.633,0,7.48725,7.56462,nan,nan,0,0.049,0.06,0.044
juelich_pilot_d30_r5_log_distance_s02_w1,juelich,12345,2,2,log-distance,43,44,veh5,veh14,5,0,1,984.608,0,7.48725,11.137,nan,nan,0,0.049,0.045,0.044
juelich_pilot_d30_r5_log_distance_s02_w1,juelich,12345,2,2,log-distance,43,44,veh5,veh15,5,5,0,176.368,1,7.48725,5.96345,-71.6051,25.3712,5,0.049,0.036,0.044
juelich_pilot_d30_r5_log_distance_s02_w1,juelich,12345,2,2,log-distance,43,44,veh5,veh16,4,0,1,589.125,0,7.49458,0.727725,nan,nan,0,0.049,0.035,0.044
juelich_pilot_d30_r5_log_distance_s02_w1,juelich,12345,2,2,log-distance,43,44,veh5,veh2,5,0,1,822.971,0,7.48725,0,nan,nan,0,0.049,0.029,0.044
juelich_pilot_d30_r5_log_distance_s02_w1,juelich,12345,2,2,log-distance,43,44,veh5,veh3,5,0,1,678.836,0,7.48725,12.7247,nan,nan,0,0.049,0.031,0.044
juelich_pilot_d30_r5_log_distance_s02_w1,juelich,12345,2,2,log-distance,43,44,veh5,veh4,5,0,1,789.535,0,7.48725,7.10127,nan,nan,0,0.049,0.05,0.044
juelich_pilot_d30_r5_log_distance_s02_w1,juelich,12345,2,2,log-distance,43,44,veh5,veh6,5,0,1,903.304,0,7.48725,10.4092,nan,nan,0,0.049,0.045,0.044
juelich_pilot_d30_r5_log_distance_s02_w1,juelich,12345,2,2,log-distance,43,44,veh5,veh7,5,5,0,325.91,1,7.48725,11.1734,-76.9392,20.037,5,0.049,0.044,0.044
juelich_pilot_d30_r5_log_distance_s02_w1,juelich,12345,2,2,log-distance,43,44,veh5,veh8,5,5,0,568.978,0,7.48725,7.1282,-81.7796,15.1967,5,0.049,0.039,0.044
juelich_pilot_d30_r5_log_distance_s02_w1,juelich,12345,2,2,log-distance,43,44,veh5,veh9,5,0,1,869.86,0,7.48725,7.94904,nan,nan,0,0.049,0.045,0.044
juelich_pilot_d30_r5_log_distance_s02_w1,juelich,12345,2,2,log-distance,43,44,veh6,veh0,5,5,0,447.298,1,10.4092,13.4465,-79.6896,17.2866,5,0.045,0.06,0.044
juelich_pilot_d30_r5_log_distance_s02_w1,juelich,12345,2,2,log-distance,43,44,veh6,veh1,5,5,0,290.646,1,10.4092,8.34974,-75.945,21.0313,5,0.045,0.045,0.044
juelich_pilot_d30_r5_log_distance_s02_w1,juelich,12345,2,2,log-distance,43,44,veh6,veh10,5,5,0,28.3941,1,10.4092,8.52063,-55.7405,41.2358,5,0.045,0.045,0.044
juelich_pilot_d30_r5_log_distance_s02_w1,juelich,12345,2,2,log-distance,43,44,veh6,veh11,5,5,0,258.76,1,10.4092,7.33027,-74.9356,22.0407,5,0.045,0.045,0.044
juelich_pilot_d30_r5_log_distance_s02_w1,juelich,12345,2,2,log-distance,43,44,veh6,veh12,5,5,0,329.489,1,10.4092,4.28336,-77.0341,19.9422,5,0.045,0.045,0.044
juelich_pilot_d30_r5_log_distance_s02_w1,juelich,12345,2,2,log-distance,43,44,veh6,veh13,5,5,0,270.515,1,10.4092,7.56462,-75.3208,21.6555,5,0.045,0.06,0.044
juelich_pilot_d30_r5_log_distance_s02_w1,juelich,12345,2,2,log-distance,43,44,veh6,veh14,5,5,0,461.116,1,10.4092,11.137,-79.9532,17.023,5,0.045,0.045,0.044
juelich_pilot_d30_r5_log_distance_s02_w1,juelich,12345,2,2,log-distance,43,44,veh6,veh15,5,0,1,947.346,0,10.4092,5.96345,nan,nan,0,0.045,0.036,0.044
juelich_pilot_d30_r5_log_distance_s02_w1,juelich,12345,2,2,log-distance,43,44,veh6,veh4,5,5,0,124.339,1,10.4092,7.10127,-68.5698,28.4065,5,0.045,0.05,0.044
juelich_pilot_d30_r5_log_distance_s02_w1,juelich,12345,2,2,log-distance,43,44,veh6,veh5,5,0,1,903.304,0,10.4092,7.48725,nan,nan,0,0.045,0.049,0.044
juelich_pilot_d30_r5_log_distance_s02_w1,juelich,12345,2,2,log-distance,43,44,veh6,veh7,5,0,1,982.723,0,10.4092,11.1734,nan,nan,0,0.045,0.044,0.044
juelich_pilot_d30_r5_log_distance_s02_w1,juelich,12345,2,2,log-distance,43,44,veh6,veh9,5,5,0,213.41,1,10.4092,7.94904,-73.262,23.7143,5,0.045,0.045,0.044
juelich_pilot_d30_r5_log_distance_s02_w1,juelich,12345,2,2,log-distance,43,44,veh7,veh0,5,0,1,719.771,0,11.1734,13.4465,nan,nan,0,0.044,0.06,0.044
juelich_pilot_d30_r5_log_distance_s02_w1,juelich,12345,2,2,log-distance,43,44,veh7,veh1,5,0,1,900.751,0,11.1734,8.34974,nan,nan,0,0.044,0.045,0.044
juelich_pilot_d30_r5_log_distance_s02_w1,juelich,12345,2,2,log-distance,43,44,veh7,veh10,5,0,1,983.152,0,11.1734,8.52063,nan,nan,0,0.044,0.045,0.044
juelich_pilot_d30_r5_log_distance_s02_w1,juelich,12345,2,2,log-distance,43,44,veh7,veh11,5,0,1,890.691,0,11.1734,7.33027,nan,nan,0,0.044,0.045,0.044
juelich_pilot_d30_r5_log_distance_s02_w1,juelich,12345,2,2,log-distance,43,44,veh7,veh13,5,0,1,781.696,0,11.1734,7.56462,nan,nan,0,0.044,0.06,0.044
juelich_pilot_d30_r5_log_distance_s02_w1,juelich,12345,2,2,log-distance,43,44,veh7,veh15,5,5,0,499.168,1,11.1734,5.96345,-80.6426,16.3337,5,0.044,0.036,0.044
juelich_pilot_d30_r5_log_distance_s02_w1,juelich,12345,2,2,log-distance,43,44,veh7,veh16,4,0,1,612.997,0,11.1758,0.727725,nan,nan,0,0.044,0.035,0.044
juelich_pilot_d30_r5_log_distance_s02_w1,juelich,12345,2,2,log-distance,43,44,veh7,veh2,5,5,0,543.827,0,11.1734,0,-81.3868,15.5895,5,0.044,0.029,0.044
juelich_pilot_d30_r5_log_distance_s02_w1,juelich,12345,2,2,log-distance,43,44,veh7,veh3,5,5,0,403.178,1,11.1734,12.7247,-78.7876,18.1887,5,0.044,0.031,0.044
juelich_pilot_d30_r5_log_distance_s02_w1,juelich,12345,2,2,log-distance,43,44,veh7,veh4,5,0,1,858.56,0,11.1734,7.10127,nan,nan,0,0.044,0.05,0.044
juelich_pilot_d30_r5_log_distance_s02_w1,juelich,12345,2,2,log-distance,43,44,veh7,veh5,5,5,0,325.91,1,11.1734,7.48725,-76.9392,20.037,5,0.044,0.049,0.044
juelich_pilot_d30_r5_log_distance_s02_w1,juelich,12345,2,2,log-distance,43,44,veh7,veh6,5,0,1,982.723,0,11.1734,10.4092,nan,nan,0,0.044,0.045,0.044
juelich_pilot_d30_r5_log_distance_s02_w1,juelich,12345,2,2,log-distance,43,44,veh7,veh8,5,5,0,243.198,1,11.1734,7.1282,-74.3964,22.5799,5,0.044,0.039,0.044
juelich_pilot_d30_r5_log_distance_s02_w1,juelich,12345,2,2,log-distance,43,44,veh7,veh9,5,0,1,877.583,0,11.1734,7.94904,nan,nan,0,0.044,0.045,0.044
juelich_pilot_d30_r5_log_distance_s02_w1,juelich,12345,2,2,log-distance,43,44,veh8,veh0,5,0,1,921.146,0,7.1282,13.4465,nan,nan,0,0.039,0.06,0.044
juelich_pilot_d30_r5_log_distance_s02_w1,juelich,12345,2,2,log-distance,43,44,veh8,veh1,5,0,1,968.697,0,7.1282,8.34974,nan,nan,0,0.039,0.045,0.044
juelich_pilot_d30_r5_log_distance_s02_w1,juelich,12345,2,2,log-distance,43,44,veh8,veh11,5,0,1,967.426,0,7.1282,7.33027,nan,nan,0,0.039,0.045,0.044
juelich_pilot_d30_r5_log_distance_s02_w1,juelich,12345,2,2,log-distance,43,44,veh8,veh13,5,0,1,950.409,0,7.1282,7.56462,nan,nan,0,0.039,0.06,0.044
juelich_pilot_d30_r5_log_distance_s02_w1,juelich,12345,2,2,log-distance,43,44,veh8,veh15,5,0,1,741.114,0,7.1282,5.96345,nan,nan,0,0.039,0.036,0.044
juelich_pilot_d30_r5_log_distance_s02_w1,juelich,12345,2,2,log-distance,43,44,veh8,veh16,4,0,1,723.345,0,7.11966,0.727725,nan,nan,0,0.039,0.035,0.044
juelich_pilot_d30_r5_log_distance_s02_w1,juelich,12345,2,2,log-distance,43,44,veh8,veh2,5,5,0,377.7,1,7.1282,0,-78.2206,18.7557,5,0.039,0.029,0.044
juelich_pilot_d30_r5_log_distance_s02_w1,juelich,12345,2,2,log-distance,43,44,veh8,veh3,5,5,0,270.044,1,7.1282,12.7247,-75.3063,21.67,5,0.039,0.031,0.044
juelich_pilot_d30_r5_log_distance_s02_w1,juelich,12345,2,2,log-distance,43,44,veh8,veh4,5,0,1,988.105,0,7.1282,7.10127,nan,nan,0,0.039,0.05,0.044
juelich_pilot_d30_r5_log_distance_s02_w1,juelich,12345,2,2,log-distance,43,44,veh8,veh5,5,5,0,568.978,0,7.1282,7.48725,-81.7796,15.1967,5,0.039,0.049,0.044
juelich_pilot_d30_r5_log_distance_s02_w1,juelich,12345,2,2,log-distance,43,44,veh8,veh7,5,5,0,243.198,1,7.1282,11.1734,-74.3964,22.5799,5,0.039,0.044,0.044
juelich_pilot_d30_r5_log_distance_s02_w1,juelich,12345,2,2,log-distance,43,44,veh8,veh9,5,0,1,967.483,0,7.1282,7.94904,nan,nan,0,0.039,0.045,0.044
juelich_pilot_d30_r5_log_distance_s02_w1,juelich,12345,2,2,log-distance,43,44,veh9,veh0,5,5,0,519.967,0,7.94904,13.4465,-80.9972,15.9791,5,0.045,0.06,0.044
juelich_pilot_d30_r5_log_distance_s02_w1,juelich,12345,2,2,log-distance,43,44,veh9,veh1,5,5,0,89.4061,1,7.94904,8.34974,-65.705,31.2712,5,0.045,0.045,0.044
juelich_pilot_d30_r5_log_distance_s02_w1,juelich,12345,2,2,log-distance,43,44,veh9,veh10,5,5,0,190.889,1,7.94904,8.52063,-72.2933,24.683,5,0.045,0.045,0.044
juelich_pilot_d30_r5_log_distance_s02_w1,juelich,12345,2,2,log-distance,43,44,veh9,veh11,5,5,0,53.6973,1,7.94904,7.33027,-61.2767,35.6996,5,0.045,0.045,0.044
juelich_pilot_d30_r5_log_distance_s02_w1,juelich,12345,2,2,log-distance,43,44,veh9,veh12,5,5,0,540.652,0,7.94904,4.28336,-81.3359,15.6403,5,0.045,0.045,0.044
juelich_pilot_d30_r5_log_distance_s02_w1,juelich,12345,2,2,log-distance,43,44,veh9,veh13,5,5,0,348.407,1,7.94904,7.56462,-77.5192,19.4571,5,0.045,0.06,0.044
juelich_pilot_d30_r5_log_distance_s02_w1,juelich,12345,2,2,log-distance,43,44,veh9,veh14,5,0,1,665.802,0,7.94904,11.137,nan,nan,0,0.045,0.045,0.044
juelich_pilot_d30_r5_log_distance_s02_w1,juelich,12345,2,2,log-distance,43,44,veh9,veh15,5,0,1,952.079,0,7.94904,5.96345,nan,nan,0,0.045,0.036,0.044
juelich_pilot_d30_r5_log_distance_s02_w1,juelich,12345,2,2,log-distance,43,44,veh9,veh4,5,5,0,168.471,1,7.94904,7.10127,-71.2082,25.7681,5,0.045,0.05,0.044
juelich_pilot_d30_r5_log_distance_s02_w1,juelich,12345,2,2,log-distance,43,44,veh9,veh5,5,0,1,869.86,0,7.94904,7.48725,nan,nan,0,0.045,0.049,0.044
juelich_pilot_d30_r5_log_distance_s02_w1,juelich,12345,2,2,log-distance,43,44,veh9,veh6,5,5,0,213.41,1,7.94904,10.4092,-73.262,23.7143,5,0.045,0.045,0.044
juelich_pilot_d30_r5_log_distance_s02_w1,juelich,12345,2,2,log-distance,43,44,veh9,veh7,5,0,1,877.583,0,7.94904,11.1734,nan,nan,0,0.045,0.044,0.044
juelich_pilot_d30_r5_log_distance_s02_w1,juelich,12345,2,2,log-distance,43,44,veh9,veh8,5,0,1,967.483,0,7.94904,7.1282,nan,nan,0,0.045,0.039,0.044
juelich_pilot_d30_r5_log_distance_s02_w1,juelich,12345,2,2,log-distance,44,45,veh0,veh1,5,0,1,607.94,0,13.4544,8.32412,nan,nan,0,0.06,0.045,0.0447059
juelich_pilot_d30_r5_log_distance_s02_w1,juelich,12345,2,2,log-distance,44,45,veh0,veh10,5,5,0,470.053,1,13.4544,8.18458,-80.1206,16.8557,5,0.06,0.045,0.0447059
juelich_pilot_d30_r5_log_distance_s02_w1,juelich,12345,2,2,log-distance,44,45,veh0,veh11,5,5,0,575.342,0,13.4544,7.32829,-81.8762,15.1001,5,0.06,0.045,0.0447059
juelich_pilot_d30_r5_log_distance_s02_w1,juelich,12345,2,2,log-distance,44,45,veh0,veh12,5,5,0,460.268,1,13.4544,6.18426,-79.9379,17.0384,5,0.06,0.045,0.0447059
juelich_pilot_d30_r5_log_distance_s02_w1,juelich,12345,2,2,log-distance,44,45,veh0,veh13,5,5,0,195.4,1,13.4544,7.57438,-72.494,24.4823,5,0.06,0.06,0.0447059
juelich_pilot_d30_r5_log_distance_s02_w1,juelich,12345,2,2,log-distance,44,45,veh0,veh14,5,5,0,467.583,1,13.4544,13.2192,-80.0749,16.9014,5,0.06,0.045,0.0447059
juelich_pilot_d30_r5_log_distance_s02_w1,juelich,12345,2,2,log-distance,44,45,veh0,veh15,5,5,0,510.182,0,13.4544,8.1309,-80.832,16.1443,5,0.06,0.04,0.0447059
juelich_pilot_d30_r5_log_distance_s02_w1,juelich,12345,2,2,log-distance,44,45,veh0,veh4,5,5,0,374.525,1,13.4544,9.13269,-78.1473,18.829,5,0.06,0.05,0.0447059
juelich_pilot_d30_r5_log_distance_s02_w1,juelich,12345,2,2,log-distance,44,45,veh0,veh5,5,5,0,523.949,0,13.4544,7.46631,-81.0635,15.9128,5,0.06,0.05,0.0447059
juelich_pilot_d30_r5_log_distance_s02_w1,juelich,12345,2,2,log-distance,44,45,veh0,veh6,5,5,0,448.472,1,13.4544,10.294,-79.7124,17.2639,5,0.06,0.045,0.0447059
juelich_pilot_d30_r5_log_distance_s02_w1,juelich,12345,2,2,log-distance,44,45,veh0,veh7,5,0,1,716.033,0,13.4544,11.1949,nan,nan,0,0.06,0.045,0.0447059
juelich_pilot_d30_r5_log_distance_s02_w1,juelich,12345,2,2,log-distance,44,45,veh0,veh8,5,0,1,930.38,0,13.4544,7.13578,nan,nan,0,0.06,0.04,0.0447059
juelich_pilot_d30_r5_log_distance_s02_w1,juelich,12345,2,2,log-distance,44,45,veh0,veh9,5,5,0,524.189,0,13.4544,8.65928,-81.0674,15.9088,5,0.06,0.045,0.0447059
juelich_pilot_d30_r5_log_distance_s02_w1,juelich,12345,2,2,log-distance,44,45,veh1,veh0,5,0,1,607.94,0,8.32412,13.4544,nan,nan,0,0.045,0.06,0.0447059
juelich_pilot_d30_r5_log_distance_s02_w1,juelich,12345,2,2,log-distance,44,45,veh1,veh10,5,5,0,265.314,1,8.32412,8.18458,-75.1529,21.8234,5,0.045,0.045,0.0447059
juelich_pilot_d30_r5_log_distance_s02_w1,juelich,12345,2,2,log-distance,44,45,veh1,veh11,5,5,0,34.7114,1,8.32412,7.32829,-57.4869,39.4894,5,0.045,0.045,0.0447059
juelich_pilot_d30_r5_log_distance_s02_w1,juelich,12345,2,2,log-distance,44,45,veh1,veh12,5,0,1,609.386,0,8.32412,6.18426,nan,nan,0,0.045,0.045,0.0447059
juelich_pilot_d30_r5_log_distance_s02_w1,juelich,12345,2,2,log-distance,44,45,veh1,veh13,5,5,0,425.645,1,8.32412,7.57438,-79.2585,17.7178,5,0.045,0.06,0.0447059
juelich_pilot_d30_r5_log_distance_s02_w1,juelich,12345,2,2,log-distance,44,45,veh1,veh14,5,0,1,730.984,0,8.32412,13.2192,nan,nan,0,0.045,0.045,0.0447059
juelich_pilot_d30_r5_log_distance_s02_w1,juelich,12345,2,2,log-distance,44,45,veh1,veh4,5,5,0,257.702,1,8.32412,9.13269,-74.9001,22.0762,5,0.045,0.05,0.0447059
juelich_pilot_d30_r5_log_distance_s02_w1,juelich,12345,2,2,log-distance,44,45,veh1,veh5,5,0,1,912.681,0,8.32412,7.46631,nan,nan,0,0.045,0.05,0.0447059
juelich_pilot_d30_r5_log_distance_s02_w1,juelich,12345,2,2,log-distance,44,45,veh1,veh6,5,5,0,292.91,1,8.32412,10.294,-76.0124,20.9639,5,0.045,0.045,0.0447059
juelich_pilot_d30_r5_log_distance_s02_w1,juelich,12345,2,2,log-distance,44,45,veh1,veh7,5,0,1,887.598,0,8.32412,11.1949,nan,nan,0,0.045,0.045,0.0447059
juelich_pilot_d30_r5_log_distance_s02_w1,juelich,12345,2,2,log-distance,44,45,veh1,veh8,5,0,1,964.8,0,8.32412,7.13578,nan,nan,0,0.045,0.04,0.0447059
juelich_pilot_d30_r5_log_distance_s02_w1,juelich,12345,2,2,log-distance,44,45,veh1,veh9,5,5,0,89.5616,1,8.32412,8.65928,-65.7201,31.2562,5,0.045,0.045,0.0447059
juelich_pilot_d30_r5_log_distance_s02_w1,juelich,12345,2,2,log-distance,44,45,veh10,veh0,5,5,0,470.053,1,8.18458,13.4544,-80.1206,16.8557,5,0.045,0.06,0.0447059
juelich_pilot_d30_r5_log_distance_s02_w1,juelich,12345,2,2,log-distance,44,45,veh10,veh1,5,5,0,265.314,1,8.18458,8.32412,-75.1529,21.8234,5,0.045,0.045,0.0447059
juelich_pilot_d30_r5_log_distance_s02_w1,juelich,12345,2,2,log-distance,44,45,veh10,veh11,5,5,0,235.137,1,8.18458,7.32829,-74.1041,22.8722,5,0.045,0.045,0.0447059
juelich_pilot_d30_r5_log_distance_s02_w1,juelich,12345,2,2,log-distance,44,45,veh10,veh12,5,5,0,344.635,1,8.18458,6.18426,-77.4245,19.5518,5,0.045,0.045,0.0447059
juelich_pilot_d30_r5_log_distance_s02_w1,juelich,12345,2,2,log-distance,44,45,veh10,veh13,5,5,0,277.129,1,8.18458,7.57438,-75.5308,21.4455,5,0.045,0.06,0.0447059
juelich_pilot_d30_r5_log_distance_s02_w1,juelich,12345,2,2,log-distance,44,45,veh10,veh14,5,5,0,469.4,1,8.18458,13.2192,-80.1079,16.8684,5,0.045,0.045,0.0447059
juelich_pilot_d30_r5_log_distance_s02_w1,juelich,12345,2,2,log-distance,44,45,veh10,veh15,5,0,1,951.981,0,8.18458,8.1309,nan,nan,0,0.045,0.04,0.0447059
juelich_pilot_d30_r5_log_distance_s02_w1,juelich,12345,2,2,log-distance,44,45,veh10,veh4,5,5,0,126.477,1,8.18458,9.13269,-68.7179,28.2584,5,0.045,0.05,0.0447059
juelich_pilot_d30_r5_log_distance_s02_w1,juelich,12345,2,2,log-distance,44,45,veh10,veh5,5,0,1,907.355,0,8.18458,7.46631,nan,nan,0,0.045,0.05,0.0447059
juelich_pilot_d30_r5_log_distance_s02_w1,juelich,12345,2,2,log-distance,44,45,veh10,veh6,5,5,0,30.7557,1,8.18458,10.294,-56.4348,40.5415,5,0.045,0.045,0.0447059
juelich_pilot_d30_r5_log_distance_s02_w1,juelich,12345,2,2,log-distance,44,45,veh10,veh7,5,0,1,971.835,0,8.18458,11.1949,nan,nan,0,0.045,0.045,0.0447059
juelich_pilot_d30_r5_log_distance_s02_w1,juelich,12345,2,2,log-distance,44,45,veh10,veh9,5,5,0,190.958,1,8.18458,8.65928,-72.2965,24.6798,5,0.045,0.045,0.0447059
juelich_pilot_d30_r5_log_distance_s02_w1,juelich,12345,2,2,log-distance,44,45,veh11,veh0,5,5,0,575.342,0,7.32829,13.4544,-81.8762,15.1001,5,0.045,0.06,0.0447059
juelich_pilot_d30_r5_log_distance_s02_w1,juelich,12345,2,2,log-distance,44,45,veh11,veh1,5,5,0,34.7114,1,7.32829,8.32412,-57.4869,39.4894,5,0.045,0.045,0.0447059
juelich_pilot_d30_r5_log_distance_s02_w1,juelich,12345,2,2,log-distance,44,45,veh11,veh10,5,5,0,235.137,1,7.32829,8.18458,-74.1041,22.8722,5,0.045,0.045,0.0447059
juelich_pilot_d30_r5_log_distance_s02_w1,juelich,12345,2,2,log-distance,44,45,veh11,veh12,5,5,0,578.086,0,7.32829,6.18426,-81.9174,15.0589,5,0.045,0.045,0.0447059
juelich_pilot_d30_r5_log_distance_s02_w1,juelich,12345,2,2,log-distance,44,45,veh11,veh13,5,5,0,391.705,1,7.32829,7.57438,-78.5367,18.4396,5,0.045,0.06,0.0447059
juelich_pilot_d30_r5_log_distance_s02_w1,juelich,12345,2,2,log-distance,44,45,veh11,veh14,5,0,1,698.471,0,7.32829,13.2192,nan,nan,0,0.045,0.045,0.0447059
juelich_pilot_d30_r5_log_distance_s02_w1,juelich,12345,2,2,log-distance,44,45,veh11,veh15,5,0,1,980.481,0,7.32829,8.1309,nan,nan,0,0.045,0.04,0.0447059
juelich_pilot_d30_r5_log_distance_s02_w1,juelich,12345,2,2,log-distance,44,45,veh11,veh4,5,5,0,222.991,1,7.32829,9.13269,-73.6434,23.3329,5,0.045,0.05,0.0447059
juelich_pilot_d30_r5_log_distance_s02_w1,juelich,12345,2,2,log-distance,44,45,veh11,veh5,5,0,1,892.109,0,7.32829,7.46631,nan,nan,0,0.045,0.05,0.0447059
juelich_pilot_d30_r5_log_distance_s02_w1,juelich,12345,2,2,log-distance,44,45,veh11,veh6,5,5,0,261.839,1,7.32829,10.294,-75.0384,21.9379,5,0.045,0.045,0.0447059
juelich_pilot_d30_r5_log_distance_s02_w1,juelich,12345,2,2,log-distance,44,45,veh11,veh7,5,0,1,877.985,0,7.32829,11.1949,nan,nan,0,0.045,0.045,0.0447059
juelich_pilot_d30_r5_log_distance_s02_w1,juelich,12345,2,2,log-distance,44,45,veh11,veh8,5,0,1,964.073,0,7.32829,7.13578,nan,nan,0,0.045,0.04,0.0447059
juelich_pilot_d30_r5_log_distance_s02_w1,juelich,12345,2,2,log-distance,44,45,veh11,veh9,5,5,0,54.8511,1,7.32829,8.65928,-61.4612,35.5151,5,0.045,0.045,0.0447059
juelich_pilot_d30_r5_log_distance_s02_w1,juelich,12345,2,2,log-distance,44,45,veh12,veh0,5,0,1,460.268,1,6.18426,13.4544,nan,nan,0,0.045,0.06,0.0447059
juelich_pilot_d30_r5_log_distance_s02_w1,juelich,12345,2,2,log-distance,44,45,veh12,veh1,5,0,1,609.386,0,6.18426,8.32412,nan,nan,0,0.045,0.045,0.0447059
juelich_pilot_d30_r5_log_distance_s02_w1,juelich,12345,2,2,log-distance,44,45,veh12,veh10,5,0,1,344.635,1,6.18426,8.18458,nan,nan,0,0.045,0.045,0.0447059
juelich_pilot_d30_r5_log_distance_s02_w1,juelich,12345,2,2,log-distance,44,45,veh12,veh11,5,0,1,578.086,0,6.18426,7.32829,nan,nan,0,0.045,0.045,0.0447059
juelich_pilot_d30_r5_log_distance_s02_w1,juelich,12345,2,2,log-distance,44,45,veh12,veh13,5,0,1,368.124,1,6.18426,7.57438,nan,nan,0,0.045,0.06,0.0447059
juelich_pilot_d30_r5_log_distance_s02_w1,juelich,12345,2,2,log-distance,44,45,veh12,veh14,5,5,0,134.251,1,6.18426,13.2192,-69.2332,10.0554,5,0.045,0.045,0.0447059
juelich_pilot_d30_r5_log_distance_s02_w1,juelich,12345,2,2,log-distance,44,45,veh12,veh15,5,0,1,961.156,0,6.18426,8.1309,nan,nan,0,0.045,0.04,0.0447059
juelich_pilot_d30_r5_log_distance_s02_w1,juelich,12345,2,2,log-distance,44,45,veh12,veh4,5,0,1,391.687,1,6.18426,9.13269,nan,nan,0,0.045,0.05,0.0447059
juelich_pilot_d30_r5_log_distance_s02_w1,juelich,12345,2,2,log-distance,44,45,veh12,veh5,5,0,1,983.306,0,6.18426,7.46631,nan,nan,0,0.045,0.05,0.0447059
juelich_pilot_d30_r5_log_distance_s02_w1,juelich,12345,2,2,log-distance,44,45,veh12,veh6,5,0,1,316.475,1,6.18426,10.294,nan,nan,0,0.045,0.045,0.0447059
juelich_pilot_d30_r5_log_distance_s02_w1,juelich,12345,2,2,log-distance,44,45,veh12,veh9,5,0,1,529.744,0,6.18426,8.65928,nan,nan,0,0.045,0.045,0.0447059
juelich_pilot_d30_r5_log_distance_s02_w1,juelich,12345,2,2,log-distance,44,45,veh13,veh0,5,5,0,195.4,1,7.57438,13.4544,-72.494,7.35879,5,0.06,0.06,0.0447059
juelich_pilot_d30_r5_log_distance_s02_w1,juelich,12345,2,2,log-distance,44,45,veh13,veh1,5,0,1,425.645,1,7.57438,8.32412,nan,nan,0,0.06,0.045,0.0447059
juelich_pilot_d30_r5_log_distance_s02_w1,juelich,12345,2,2,log-distance,44,45,veh13,veh10,5,0,1,277.129,1,7.57438,8.18458,nan,nan,0,0.06,0.045,0.0447059
juelich_pilot_d30_r5_log_distance_s02_w1,juelich,12345,2,2,log-distance,44,45,veh13,veh11,5,0,1,391.705,1,7.57438,7.32829,nan,nan,0,0.06,0.045,0.0447059
juelich_pilot_d30_r5_log_distance_s02_w1,juelich,12345,2,2,log-distance,44,45,veh13,veh12,5,0,1,368.124,1,7.57438,6.18426,nan,nan,0,0.06,0.045,0.0447059
juelich_pilot_d30_r5_log_distance_s02_w1,juelich,12345,2,2,log-distance,44,45,veh13,veh14,5,0,1,430.814,1,7.57438,13.2192,nan,nan,0,0.06,0.045,0.0447059
juelich_pilot_d30_r5_log_distance_s02_w1,juelich,12345,2,2,log-distance,44,45,veh13,veh15,5,0,1,680.139,0,7.57438,8.1309,nan,nan,0,0.06,0.04,0.0447059
juelich_pilot_d30_r5_log_distance_s02_w1,juelich,12345,2,2,log-distance,44,45,veh13,veh4,5,5,0,180.298,1,7.57438,9.13269,-71.796,6.67838,5,0.06,0.05,0.0447059
juelich_pilot_d30_r5_log_distance_s02_w1,juelich,12345,2,2,log-distance,44,45,veh13,veh5,5,0,1,655.241,0,7.57438,7.46631,nan,nan,0,0.06,0.05,0.0447059
juelich_pilot_d30_r5_log_distance_s02_w1,juelich,12345,2,2,log-distance,44,45,veh13,veh6,5,0,1,258.006,1,7.57438,10.294,nan,nan,0,0.06,0.045,0.0447059
juelich_pilot_d30_r5_log_distance_s02_w1,juelich,12345,2,2,log-distance,44,45,veh13,veh7,5,0,1,778.138,0,7.57438,11.1949,nan,nan,0,0.06,0.045,0.0447059
juelich_pilot_d30_r5_log_distance_s02_w1,juelich,12345,2,2,log-distance,44,45,veh13,veh8,5,0,1,956.918,0,7.57438,7.13578,nan,nan,0,0.06,0.04,0.0447059
juelich_pilot_d30_r5_log_distance_s02_w1,juelich,12345,2,2,log-distance,44,45,veh13,veh9,5,0,1,338.264,1,7.57438,8.65928,nan,nan,0,0.06,0.045,0.0447059
juelich_pilot_d30_r5_log_distance_s02_w1,juelich,12345,2,2,log-distance,44,45,veh14,veh0,5,5,0,467.583,1,13.2192,13.4544,-80.0749,16.9014,5,0.045,0.06,0.0447059
juelich_pilot_d30_r5_log_distance_s02_w1,juelich,12345,2,2,log-distance,44,45,veh14,veh1,5,0,1,730.984,0,13.2192,8.32412,nan,nan,0,0.045,0.045,0.0447059
juelich_pilot_d30_r5_log_distance_s02_w1,juelich,12345,2,2,log-distance,44,45,veh14,veh10,5,5,0,469.4,1,13.2192,8.18458,-80.1079,16.8684,5,0.045,0.045,0.0447059
juelich_pilot_d30_r5_log_distance_s02_w1,juelich,12345,2,2,log-distance,44,45,veh14,veh11,5,0,1,698.471,0,13.2192,7.32829,nan,nan,0,0.045,0.045,0.0447059
juelich_pilot_d30_r5_log_distance_s02_w1,juelich,12345,2,2,log-distance,44,45,veh14,veh12,5,5,0,134.251,1,13.2192,6.18426,-69.2332,27.743,5,0.045,0.045,0.0447059
juelich_pilot_d30_r5_log_distance_s02_w1,juelich,12345,2,2,log-distance,44,45,veh14,veh13,5,5,0,430.814,1,13.2192,7.57438,-79.3632,17.6131,5,0.045,0.06,0.0447059
juelich_pilot_d30_r5_log_distance_s02_w1,juelich,12345,2,2,log-distance,44,45,veh14,veh15,5,0,1,938.76,0,13.2192,8.1309,nan,nan,0,0.045,0.04,0.0447059
juelich_pilot_d30_r5_log_distance_s02_w1,juelich,12345,2,2,log-distance,44,45,veh14,veh4,5,5,0,497.287,1,13.2192,9.13269,-80.6094,16.3669,5,0.045,0.05,0.0447059
juelich_pilot_d30_r5_log_distance_s02_w1,juelich,12345,2,2,log-distance,44,45,veh14,veh5,5,0,1,986.192,0,13.2192,7.46631,nan,nan,0,0.045,0.05,0.0447059
juelich_pilot_d30_r5_log_distance_s02_w1,juelich,12345,2,2,log-distance,44,45,veh14,veh6,5,5,0,439.857,1,13.2192,10.294,-79.5431,17.4332,5,0.045,0.045,0.0447059
juelich_pilot_d30_r5_log_distance_s02_w1,juelich,12345,2,2,log-distance,44,45,veh14,veh9,5,0,1,647.761,0,13.2192,8.65928,nan,nan,0,0.045,0.045,0.0447059
juelich_pilot_d30_r5_log_distance_s02_w1,juelich,12345,2,2,log-distance,44,45,veh15,veh0,5,5,0,510.182,0,8.1309,13.4544,-80.832,16.1443,5,0.04,0.06,0.0447059
juelich_pilot_d30_r5_log_distance_s02_w1,juelich,12345,2,2,log-distance,44,45,veh15,veh10,5,0,1,951.981,0,8.1309,8.18458,nan,nan,0,0.04,0.045,0.0447059
juelich_pilot_d30_r5_log_distance_s02_w1,juelich,12345,2,2,log-distance,44,45,veh15,veh11,5,0,1,980.481,0,8.1309,7.32829,nan,nan,0,0.04,0.045,0.0447059
juelich_pilot_d30_r5_log_distance_s02_w1,juelich,12345,2,2,log-distance,44,45,veh15,veh12,5,0,1,961.156,0,8.1309,6.18426,nan,nan,0,0.04,0.045,0.0447059
juelich_pilot_d30_r5_log_distance_s02_w1,juelich,12345,2,2,log-distance,44,45,veh15,veh13,5,0,1,680.139,0,8.1309,7.57438,nan,nan,0,0.04,0.06,0.0447059
juelich_pilot_d30_r5_log_distance_s02_w1,juelich,12345,2,2,log-distance,44,45,veh15,veh14,5,0,1,938.76,0,8.1309,13.2192,nan,nan,0,0.04,0.045,0.0447059
juelich_pilot_d30_r5_log_distance_s02_w1,juelich,12345,2,2,log-distance,44,45,veh15,veh16,5,0,1,616.43,0,8.1309,2.6475,nan,nan,0,0.04,0.035,0.0447059
juelich_pilot_d30_r5_log_distance_s02_w1,juelich,12345,2,2,log-distance,44,45,veh15,veh2,5,0,1,973.647,0,8.1309,0,nan,nan,0,0.04,0.03,0.0447059
juelich_pilot_d30_r5_log_distance_s02_w1,juelich,12345,2,2,log-distance,44,45,veh15,veh3,5,0,1,818.976,0,8.1309,12.7274,nan,nan,0,0.04,0.035,0.0447059
juelich_pilot_d30_r5_log_distance_s02_w1,juelich,12345,2,2,log-distance,44,45,veh15,veh4,5,0,1,835.341,0,8.1309,9.13269,nan,nan,0,0.04,0.05,0.0447059
juelich_pilot_d30_r5_log_distance_s02_w1,juelich,12345,2,2,log-distance,44,45,veh15,veh5,5,5,0,186.025,1,8.1309,7.46631,-72.0681,24.9082,5,0.04,0.05,0.0447059
juelich_pilot_d30_r5_log_distance_s02_w1,juelich,12345,2,2,log-distance,44,45,veh15,veh6,5,0,1,936.263,0,8.1309,10.294,nan,nan,0,0.04,0.045,0.0447059
juelich_pilot_d30_r5_log_distance_s02_w1,juelich,12345,2,2,log-distance,44,45,veh15,veh7,5,5,0,498.729,1,8.1309,11.1949,-80.635,16.3413,5,0.04,0.045,0.0447059
juelich_pilot_d30_r5_log_distance_s02_w1,juelich,12345,2,2,log-distance,44,45,veh15,veh8,5,0,1,749.376,0,8.1309,7.13578,nan,nan,0,0.04,0.04,0.0447059
juelich_pilot_d30_r5_log_distance_s02_w1,juelich,12345,2,2,log-distance,44,45,veh15,veh9,5,0,1,941.778,0,8.1309,8.65928,nan,nan,0,0.04,0.045,0.0447059
juelich_pilot_d30_r5_log_distance_s02_w1,juelich,12345,2,2,log-distance,44,45,veh16,veh15,5,0,1,616.43,0,2.6475,8.1309,nan,nan,0,0.035,0.04,0.0447059
juelich_pilot_d30_r5_log_distance_s02_w1,juelich,12345,2,2,log-distance,44,45,veh16,veh2,5,0,1,669.037,0,2.6475,0,nan,nan,0,0.035,0.03,0.0447059
juelich_pilot_d30_r5_log_distance_s02_w1,juelich,12345,2,2,log-distance,44,45,veh16,veh3,5,5,0,576.061,0,2.6475,12.7274,-81.887,15.0893,5,0.035,0.035,0.0447059
juelich_pilot_d30_r5_log_distance_s02_w1,juelich,12345,2,2,log-distance,44,45,veh16,veh5,5,0,1,589.535,0,2.6475,7.46631,nan,nan,0,0.035,0.05,0.0447059
juelich_pilot_d30_r5_log_distance_s02_w1,juelich,12345,2,2,log-distance,44,45,veh16,veh7,5,0,1,618.687,0,2.6475,11.1949,nan,nan,0,0.035,0.045,0.0447059
juelich_pilot_d30_r5_log_distance_s02_w1,juelich,12345,2,2,log-distance,44,45,veh16,veh8,5,0,1,728.096,0,2.6475,7.13578,nan,nan,0,0.035,0.04,0.0447059
juelich_pilot_d30_r5_log_distance_s02_w1,juelich,12345,2,2,log-distance,44,45,veh2,veh15,5,0,1,973.647,0,0,8.1309,nan,nan,0,0.03,0.04,0.0447059
juelich_pilot_d30_r5_log_distance_s02_w1,juelich,12345,2,2,log-distance,44,45,veh2,veh16,5,0,1,669.037,0,0,2.6475,nan,nan,0,0.03,0.035,0.0447059
juelich_pilot_d30_r5_log_distance_s02_w1,juelich,12345,2,2,log-distance,44,45,veh2,veh3,5,5,0,157.13,1,0,12.7274,-70.6006,19.1359,5,0.03,0.035,0.0447059
juelich_pilot_d30_r5_log_distance_s02_w1,juelich,12345,2,2,log-distance,44,45,veh2,veh5,5,0,1,818.199,0,0,7.46631,nan,nan,0,0.03,0.05,0.0447059
juelich_pilot_d30_r5_log_distance_s02_w1,juelich,12345,2,2,log-distance,44,45,veh2,veh7,5,5,0,553.839,0,0,11.1949,-81.5453,6.02423,5,0.03,0.045,0.0447059
juelich_pilot_d30_r5_log_distance_s02_w1,juelich,12345,2,2,log-distance,44,45,veh2,veh8,5,5,0,380.477,1,0,7.13578,-78.2843,10.4642,5,0.03,0.04,0.0447059
juelich_pilot_d30_r5_log_distance_s02_w1,juelich,12345,2,2,log-distance,44,45,veh3,veh15,5,0,1,818.976,0,12.7274,8.1309,nan,nan,0,0.035,0.04,0.0447059
juelich_pilot_d30_r5_log_distance_s02_w1,juelich,12345,2,2,log-distance,44,45,veh3,veh16,5,5,0,576.061,0,12.7274,2.6475,-81.887,15.0893,5,0.035,0.035,0.0447059
juelich_pilot_d30_r5_log_distance_s02_w1,juelich,12345,2,2,log-distance,44,45,veh3,veh2,5,5,0,157.13,1,12.7274,0,-70.6006,26.3757,5,0.035,0.03,0.0447059
juelich_pilot_d30_r5_log_distance_s02_w1,juelich,12345,2,2,log-distance,44,45,veh3,veh5,5,0,1,661.291,0,12.7274,7.46631,nan,nan,0,0.035,0.05,0.0447059
juelich_pilot_d30_r5_log_distance_s02_w1,juelich,12345,2,2,log-distance,44,45,veh3,veh7,5,5,0,401.341,1,12.7274,11.1949,-78.748,18.2283,5,0.035,0.045,0.0447059
juelich_pilot_d30_r5_log_distance_s02_w1,juelich,12345,2,2,log-distance,44,45,veh3,veh8,5,5,0,267.206,1,12.7274,7.13578,-75.2146,21.7617,5,0.035,0.04,0.0447059
juelich_pilot_d30_r5_log_distance_s02_w1,juelich,12345,2,2,log-distance,44,45,veh4,veh0,5,5,0,374.525,1,9.13269,13.4544,-78.1473,18.829,5,0.05,0.06,0.0447059
juelich_pilot_d30_r5_log_distance_s02_w1,juelich,12345,2,2,log-distance,44,45,veh4,veh1,5,5,0,257.702,1,9.13269,8.32412,-74.9001,22.0762,5,0.05,0.045,0.0447059
juelich_pilot_d30_r5_log_distance_s02_w1,juelich,12345,2,2,log-distance,44,45,veh4,veh10,5,5,0,126.477,1,9.13269,8.18458,-68.7179,28.2584,5,0.05,0.045,0.0447059
juelich_pilot_d30_r5_log_distance_s02_w1,juelich,12345,2,2,log-distance,44,45,veh4,veh11,5,5,0,222.991,1,9.13269,7.32829,-73.6434,23.3329,5,0.05,0.045,0.0447059
juelich_pilot_d30_r5_log_distance_s02_w1,juelich,12345,2,2,log-distance,44,45,veh4,veh12,5,5,0,391.687,1,9.13269,6.18426,-78.5362,18.4401,5,0.05,0.045,0.0447059
juelich_pilot_d30_r5_log_distance_s02_w1,juelich,12345,2,2,log-distance,44,45,veh4,veh13,5,5,0,180.298,1,9.13269,7.57438,-71.796,25.1803,5,0.05,0.06,0.0447059
juelich_pilot_d30_r5_log_distance_s02_w1,juelich,12345,2,2,log-distance,44,45,veh4,veh14,5,5,0,497.287,1,9.13269,13.2192,-80.6094,16.3669,5,0.05,0.045,0.0447059
juelich_pilot_d30_r5_log_distance_s02_w1,juelich,12345,2,2,log-distance,44,45,veh4,veh15,5,0,1,835.341,0,9.13269,8.1309,nan,nan,0,0.05,0.04,0.0447059
juelich_pilot_d30_r5_log_distance_s02_w1,juelich,12345,2,2,log-distance,44,45,veh4,veh5,5,0,1,783.144,0,9.13269,7.46631,nan,nan,0,0.05,0.05,0.0447059
juelich_pilot_d30_r5_log_distance_s02_w1,juelich,12345,2,2,log-distance,44,45,veh4,veh6,5,5,0,124.7,1,9.13269,10.294,-68.595,28.3813,5,0.05,0.045,0.0447059
juelich_pilot_d30_r5_log_distance_s02_w1,juelich,12345,2,2,log-distance,44,45,veh4,veh7,5,0,1,847.07,0,9.13269,11.1949,nan,nan,0,0.05,0.045,0.0447059
juelich_pilot_d30_r5_log_distance_s02_w1,juelich,12345,2,2,log-distance,44,45,veh4,veh8,5,0,1,987.876,0,9.13269,7.13578,nan,nan,0,0.05,0.04,0.0447059
juelich_pilot_d30_r5_log_distance_s02_w1,juelich,12345,2,2,log-distance,44,45,veh4,veh9,5,5,0,168.141,1,9.13269,8.65928,-71.1912,25.7851,5,0.05,0.045,0.0447059
juelich_pilot_d30_r5_log_distance_s02_w1,juelich,12345,2,2,log-distance,44,45,veh5,veh0,5,5,0,523.949,0,7.46631,13.4544,-81.0635,15.9128,5,0.05,0.06,0.0447059
juelich_pilot_d30_r5_log_distance_s02_w1,juelich,12345,2,2,log-distance,44,45,veh5,veh1,5,0,1,912.681,0,7.46631,8.32412,nan,nan,0,0.05,0.045,0.0447059
juelich_pilot_d30_r5_log_distance_s02_w1,juelich,12345,2,2,log-distance,44,45,veh5,veh10,5,0,1,907.355,0,7.46631,8.18458,nan,nan,0,0.05,0.045,0.0447059
juelich_pilot_d30_r5_log_distance_s02_w1,juelich,12345,2,2,log-distance,44,45,veh5,veh11,5,0,1,892.109,0,7.46631,7.32829,nan,nan,0,0.05,0.045,0.0447059
juelich_pilot_d30_r5_log_distance_s02_w1,juelich,12345,2,2,log-distance,44,45,veh5,veh12,5,0,1,983.306,0,7.46631,6.18426,nan,nan,0,0.05,0.045,0.0447059
juelich_pilot_d30_r5_log_distance_s02_w1,juelich,12345,2,2,log-distance,44,45,veh5,veh13,5,0,1,655.241,0,7.46631,7.57438,nan,nan,0,0.05,0.06,0.0447059
juelich_pilot_d30_r5_log_distance_s02_w1,juelich,12345,2,2,log-distance,44,45,veh5,veh14,5,0,1,986.192,0,7.46631,13.2192,nan,nan,0,0.05,0.045,0.0447059
juelich_pilot_d30_r5_log_distance_s02_w1,juelich,12345,2,2,log-distance,44,45,veh5,veh15,5,5,0,186.025,1,7.46631,8.1309,-72.0681,24.9082,5,0.05,0.04,0.0447059
juelich_pilot_d30_r5_log_distance_s02_w1,juelich,12345,2,2,log-distance,44,45,veh5,veh16,5,0,1,589.535,0,7.46631,2.6475,nan,nan,0,0.05,0.035,0.0447059
juelich_pilot_d30_r5_log_distance_s02_w1,juelich,12345,2,2,log-distance,44,45,veh5,veh2,5,0,1,818.199,0,7.46631,0,nan,nan,0,0.05,0.03,0.0447059
juelich_pilot_d30_r5_log_distance_s02_w1,juelich,12345,2,2,log-distance,44,45,veh5,veh3,5,0,1,661.291,0,7.46631,12.7274,nan,nan,0,0.05,0.035,0.0447059
juelich_pilot_d30_r5_log_distance_s02_w1,juelich,12345,2,2,log-distance,44,45,veh5,veh4,5,0,1,783.144,0,7.46631,9.13269,nan,nan,0,0.05,0.05,0.0447059
juelich_pilot_d30_r5_log_distance_s02_w1,juelich,12345,2,2,log-distance,44,45,veh5,veh6,5,0,1,897.108,0,7.46631,10.294,nan,nan,0,0.05,0.045,0.0447059
juelich_pilot_d30_r5_log_distance_s02_w1,juelich,12345,2,2,log-distance,44,45,veh5,veh7,5,5,0,314.667,1,7.46631,11.1949,-76.6343,20.342,5,0.05,0.045,0.0447059
juelich_pilot_d30_r5_log_distance_s02_w1,juelich,12345,2,2,log-distance,44,45,veh5,veh8,5,5,0,566.705,0,7.46631,7.13578,-81.7448,15.2314,5,0.05,0.04,0.0447059
juelich_pilot_d30_r5_log_distance_s02_w1,juelich,12345,2,2,log-distance,44,45,veh5,veh9,5,0,1,861.027,0,7.46631,8.65928,nan,nan,0,0.05,0.045,0.0447059
juelich_pilot_d30_r5_log_distance_s02_w1,juelich,12345,2,2,log-distance,44,45,veh6,veh0,5,5,0,448.472,1,10.294,13.4544,-79.7124,17.2639,5,0.045,0.06,0.0447059
juelich_pilot_d30_r5_log_distance_s02_w1,juelich,12345,2,2,log-distance,44,45,veh6,veh1,5,5,0,292.91,1,10.294,8.32412,-76.0124,20.9639,5,0.045,0.045,0.0447059
juelich_pilot_d30_r5_log_distance_s02_w1,juelich,12345,2,2,log-distance,44,45,veh6,veh10,5,5,0,30.7557,1,10.294,8.18458,-56.4348,40.5415,5,0.045,0.045,0.0447059
juelich_pilot_d30_r5_log_distance_s02_w1,juelich,12345,2,2,log-distance,44,45,veh6,veh11,5,5,0,261.839,1,10.294,7.32829,-75.0384,21.9379,5,0.045,0.045,0.0447059
juelich_pilot_d30_r5_log_distance_s02_w1,juelich,12345,2,2,log-distance,44,45,veh6,veh12,5,5,0,316.475,1,10.294,6.18426,-76.6839,20.2924,5,0.045,0.045,0.0447059
juelich_pilot_d30_r5_log_distance_s02_w1,juelich,12345,2,2,log-distance,44,45,veh6,veh13,5,5,0,258.006,1,10.294,7.57438,-74.9095,22.0668,5,0.045,0.06,0.0447059
juelich_pilot_d30_r5_log_distance_s02_w1,juelich,12345,2,2,log-distance,44,45,veh6,veh14,5,5,0,439.857,1,10.294,13.2192,-79.5431,17.4332,5,0.045,0.045,0.0447059
juelich_pilot_d30_r5_log_distance_s02_w1,juelich,12345,2,2,log-distance,44,45,veh6,veh15,5,0,1,936.263,0,10.294,8.1309,nan,nan,0,0.045,0.04,0.0447059
juelich_pilot_d30_r5_log_distance_s02_w1,juelich,12345,2,2,log-distance,44,45,veh6,veh4,5,5,0,124.7,1,10.294,9.13269,-68.595,28.3813,5,0.045,0.05,0.0447059
juelich_pilot_d30_r5_log_distance_s02_w1,juelich,12345,2,2,log-distance,44,45,veh6,veh5,5,0,1,897.108,0,10.294,7.46631,nan,nan,0,0.045,0.05,0.0447059
juelich_pilot_d30_r5_log_distance_s02_w1,juelich,12345,2,2,log-distance,44,45,veh6,veh7,5,0,1,971.514,0,10.294,11.1949,nan,nan,0,0.045,0.045,0.0447059
juelich_pilot_d30_r5_log_distance_s02_w1,juelich,12345,2,2,log-distance,44,45,veh6,veh9,5,5,0,215.317,1,10.294,8.65928,-73.3392,23.6371,5,0.045,0.045,0.0447059
juelich_pilot_d30_r5_log_distance_s02_w1,juelich,12345,2,2,log-distance,44,45,veh7,veh0,5,0,1,716.033,0,11.1949,13.4544,nan,nan,0,0.045,0.06,0.0447059
juelich_pilot_d30_r5_log_distance_s02_w1,juelich,12345,2,2,log-distance,44,45,veh7,veh1,5,0,1,887.598,0,11.1949,8.32412,nan,nan,0,0.045,0.045,0.0447059
juelich_pilot_d30_r5_log_distance_s02_w1,juelich,12345,2,2,log-distance,44,45,veh7,veh10,5,0,1,971.835,0,11.1949,8.18458,nan,nan,0,0.045,0.045,0.0447059
juelich_pilot_d30_r5_log_distance_s02_w1,juelich,12345,2,2,log-distance,44,45,veh7,veh11,5,0,1,877.985,0,11.1949,7.32829,nan,nan,0,0.045,0.045,0.0447059
juelich_pilot_d30_r5_log_distance_s02_w1,juelich,12345,2,2,log-distance,44,45,veh7,veh13,5,0,1,778.138,0,11.1949,7.57438,nan,nan,0,0.045,0.06,0.0447059
juelich_pilot_d30_r5_log_distance_s02_w1,juelich,12345,2,2,log-distance,44,45,veh7,veh15,5,5,0,498.729,1,11.1949,8.1309,-80.635,16.3413,5,0.045,0.04,0.0447059
juelich_pilot_d30_r5_log_distance_s02_w1,juelich,12345,2,2,log-distance,44,45,veh7,veh16,5,0,1,618.687,0,11.1949,2.6475,nan,nan,0,0.045,0.035,0.0447059
juelich_pilot_d30_r5_log_distance_s02_w1,juelich,12345,2,2,log-distance,44,45,veh7,veh2,5,5,0,553.839,0,11.1949,0,-81.5453,15.431,5,0.045,0.03,0.0447059
juelich_pilot_d30_r5_log_distance_s02_w1,juelich,12345,2,2,log-distance,44,45,veh7,veh3,5,5,0,401.341,1,11.1949,12.7274,-78.748,18.2283,5,0.045,0.035,0.0447059
juelich_pilot_d30_r5_log_distance_s02_w1,juelich,12345,2,2,log-distance,44,45,veh7,veh4,5,0,1,847.07,0,11.1949,9.13269,nan,nan,0,0.045,0.05,0.0447059
juelich_pilot_d30_r5_log_distance_s02_w1,juelich,12345,2,2,log-distance,44,45,veh7,veh5,5,5,0,314.667,1,11.1949,7.46631,-76.6343,20.342,5,0.045,0.05,0.0447059
juelich_pilot_d30_r5_log_distance_s02_w1,juelich,12345,2,2,log-distance,44,45,veh7,veh6,5,0,1,971.514,0,11.1949,10.294,nan,nan,0,0.045,0.045,0.0447059
juelich_pilot_d30_r5_log_distance_s02_w1,juelich,12345,2,2,log-distance,44,45,veh7,veh8,5,5,0,252.508,1,11.1949,7.13578,-74.7227,22.2536,5,0.045,0.04,0.0447059
juelich_pilot_d30_r5_log_distance_s02_w1,juelich,12345,2,2,log-distance,44,45,veh7,veh9,5,0,1,864.92,0,11.1949,8.65928,nan,nan,0,0.045,0.045,0.0447059
juelich_pilot_d30_r5_log_distance_s02_w1,juelich,12345,2,2,log-distance,44,45,veh8,veh0,5,0,1,930.38,0,7.13578,13.4544,nan,nan,0,0.04,0.06,0.0447059
juelich_pilot_d30_r5_log_distance_s02_w1,juelich,12345,2,2,log-distance,44,45,veh8,veh1,5,0,1,964.8,0,7.13578,8.32412,nan,nan,0,0.04,0.045,0.0447059
juelich_pilot_d30_r5_log_distance_s02_w1,juelich,12345,2,2,log-distance,44,45,veh8,veh11,5,0,1,964.073,0,7.13578,7.32829,nan,nan,0,0.04,0.045,0.0447059
juelich_pilot_d30_r5_log_distance_s02_w1,juelich,12345,2,2,log-distance,44,45,veh8,veh13,5,0,1,956.918,0,7.13578,7.57438,nan,nan,0,0.04,0.06,0.0447059
juelich_pilot_d30_r5_log_distance_s02_w1,juelich,12345,2,2,log-distance,44,45,veh8,veh15,5,0,1,749.376,0,7.13578,8.1309,nan,nan,0,0.04,0.04,0.0447059
juelich_pilot_d30_r5_log_distance_s02_w1,juelich,12345,2,2,log-distance,44,45,veh8,veh16,5,0,1,728.096,0,7.13578,2.6475,nan,nan,0,0.04,0.035,0.0447059
juelich_pilot_d30_r5_log_distance_s02_w1,juelich,12345,2,2,log-distance,44,45,veh8,veh2,5,5,0,380.477,1,7.13578,0,-78.2843,18.692,5,0.04,0.03,0.0447059
juelich_pilot_d30_r5_log_distance_s02_w1,juelich,12345,2,2,log-distance,44,45,veh8,veh3,5,5,0,267.206,1,7.13578,12.7274,-75.2146,21.7617,5,0.04,0.035,0.0447059
juelich_pilot_d30_r5_log_distance_s02_w1,juelich,12345,2,2,log-distance,44,45,veh8,veh4,5,0,1,987.876,0,7.13578,9.13269,nan,nan,0,0.04,0.05,0.0447059
juelich_pilot_d30_r5_log_distance_s02_w1,juelich,12345,2,2,log-distance,44,45,veh8,veh5,5,5,0,566.705,0,7.13578,7.46631,-81.7448,15.2314,5,0.04,0.05,0.0447059
juelich_pilot_d30_r5_log_distance_s02_w1,juelich,12345,2,2,log-distance,44,45,veh8,veh7,5,5,0,252.508,1,7.13578,11.1949,-74.7227,22.2536,5,0.04,0.045,0.0447059
juelich_pilot_d30_r5_log_distance_s02_w1,juelich,12345,2,2,log-distance,44,45,veh8,veh9,5,0,1,964.964,0,7.13578,8.65928,nan,nan,0,0.04,0.045,0.0447059
juelich_pilot_d30_r5_log_distance_s02_w1,juelich,12345,2,2,log-distance,44,45,veh9,veh0,5,5,0,524.189,0,8.65928,13.4544,-81.0674,15.9088,5,0.045,0.06,0.0447059
juelich_pilot_d30_r5_log_distance_s02_w1,juelich,12345,2,2,log-distance,44,45,veh9,veh1,5,5,0,89.5616,1,8.65928,8.32412,-65.7201,31.2562,5,0.045,0.045,0.0447059
juelich_pilot_d30_r5_log_distance_s02_w1,juelich,12345,2,2,log-distance,44,45,veh9,veh10,5,5,0,190.958,1,8.65928,8.18458,-72.2965,24.6798,5,0.045,0.045,0.0447059
juelich_pilot_d30_r5_log_distance_s02_w1,juelich,12345,2,2,log-distance,44,45,veh9,veh11,5,5,0,54.8511,1,8.65928,7.32829,-61.4612,35.5151,5,0.045,0.045,0.0447059
juelich_pilot_d30_r5_log_distance_s02_w1,juelich,12345,2,2,log-distance,44,45,veh9,veh12,5,5,0,529.744,0,8.65928,6.18426,-81.1588,15.8174,5,0.045,0.045,0.0447059
juelich_pilot_d30_r5_log_distance_s02_w1,juelich,12345,2,2,log-distance,44,45,veh9,veh13,5,5,0,338.264,1,8.65928,7.57438,-77.2625,19.7138,5,0.045,0.06,0.0447059
juelich_pilot_d30_r5_log_distance_s02_w1,juelich,12345,2,2,log-distance,44,45,veh9,veh14,5,0,1,647.761,0,8.65928,13.2192,nan,nan,0,0.045,0.045,0.0447059
juelich_pilot_d30_r5_log_distance_s02_w1,juelich,12345,2,2,log-distance,44,45,veh9,veh15,5,0,1,941.778,0,8.65928,8.1309,nan,nan,0,0.045,0.04,0.0447059
juelich_pilot_d30_r5_log_distance_s02_w1,juelich,12345,2,2,log-distance,44,45,veh9,veh4,5,5,0,168.141,1,8.65928,9.13269,-71.1912,25.7851,5,0.045,0.05,0.0447059
juelich_pilot_d30_r5_log_distance_s02_w1,juelich,12345,2,2,log-distance,44,45,veh9,veh5,5,0,1,861.027,0,8.65928,7.46631,nan,nan,0,0.045,0.05,0.0447059
juelich_pilot_d30_r5_log_distance_s02_w1,juelich,12345,2,2,log-distance,44,45,veh9,veh6,5,5,0,215.317,1,8.65928,10.294,-73.3392,23.6371,5,0.045,0.045,0.0447059
juelich_pilot_d30_r5_log_distance_s02_w1,juelich,12345,2,2,log-distance,44,45,veh9,veh7,5,0,1,864.92,0,8.65928,11.1949,nan,nan,0,0.045,0.045,0.0447059
juelich_pilot_d30_r5_log_distance_s02_w1,juelich,12345,2,2,log-distance,44,45,veh9,veh8,5,0,1,964.964,0,8.65928,7.13578,nan,nan,0,0.045,0.04,0.0447059
juelich_pilot_d30_r5_log_distance_s02_w1,juelich,12345,2,2,log-distance,45,46,veh0,veh1,5,0,1,612.759,0,13.4228,8.35546,nan,nan,0,0.06,0.047,0.0425556
juelich_pilot_d30_r5_log_distance_s02_w1,juelich,12345,2,2,log-distance,45,46,veh0,veh10,5,5,0,474.478,1,13.4228,7.2828,-80.202,16.7743,5,0.06,0.047,0.0425556
juelich_pilot_d30_r5_log_distance_s02_w1,juelich,12345,2,2,log-distance,45,46,veh0,veh11,5,5,0,581.081,0,13.4228,7.32739,-81.9624,15.0139,5,0.06,0.047,0.0425556
juelich_pilot_d30_r5_log_distance_s02_w1,juelich,12345,2,2,log-distance,45,46,veh0,veh12,5,5,0,454.111,1,13.4228,8.17063,-79.8209,17.1554,5,0.06,0.047,0.0425556
juelich_pilot_d30_r5_log_distance_s02_w1,juelich,12345,2,2,log-distance,45,46,veh0,veh13,5,5,0,210.704,1,13.4228,7.57281,-73.1493,23.827,5,0.06,0.06,0.0425556
juelich_pilot_d30_r5_log_distance_s02_w1,juelich,12345,2,2,log-distance,45,46,veh0,veh14,5,5,0,464.502,1,13.4228,14.9011,-80.0174,16.9588,5,0.06,0.047,0.0425556
juelich_pilot_d30_r5_log_distance_s02_w1,juelich,12345,2,2,log-distance,45,46,veh0,veh15,5,5,0,498.009,1,13.4228,9.24547,-80.6222,16.3541,5,0.06,0.041,0.0425556
juelich_pilot_d30_r5_log_distance_s02_w1,juelich,12345,2,2,log-distance,45,46,veh0,veh4,5,5,0,377.174,1,13.4228,10.7525,-78.2085,18.7678,5,0.06,0.053,0.0425556
juelich_pilot_d30_r5_log_distance_s02_w1,juelich,12345,2,2,log-distance,45,46,veh0,veh5,5,5,0,525.017,0,13.4228,7.45016,-81.0812,15.8951,5,0.06,0.048,0.0425556
juelich_pilot_d30_r5_log_distance_s02_w1,juelich,12345,2,2,log-distance,45,46,veh0,veh6,5,5,0,452.059,1,13.4228,7.11115,-79.7816,17.1947,5,0.06,0.047,0.0425556
juelich_pilot_d30_r5_log_distance_s02_w1,juelich,12345,2,2,log-distance,45,46,veh0,veh7,5,0,1,711.959,0,13.4228,11.1546,nan,nan,0,0.06,0.043,0.0425556
juelich_pilot_d30_r5_log_distance_s02_w1,juelich,12345,2,2,log-distance,45,46,veh0,veh8,5,0,1,939.286,0,13.4228,7.11468,nan,nan,0,0.06,0.038,0.0425556
juelich_pilot_d30_r5_log_distance_s02_w1,juelich,12345,2,2,log-distance,45,46,veh0,veh9,5,5,0,528.605,0,13.4228,8.61963,-81.1403,15.836,5,0.06,0.047,0.0425556
juelich_pilot_d30_r5_log_distance_s02_w1,juelich,12345,2,2,log-distance,45,46,veh1,veh0,5,0,1,612.759,0,8.35546,13.4228,nan,nan,0,0.047,0.06,0.0425556
juelich_pilot_d30_r5_log_distance_s02_w1,juelich,12345,2,2,log-distance,45,46,veh1,veh10,5,5,0,264.497,1,8.35546,7.2828,-75.1261,21.8502,5,0.047,0.047,0.0425556
juelich_pilot_d30_r5_log_distance_s02_w1,juelich,12345,2,2,log-distance,45,46,veh1,veh11,5,5,0,33.695,1,8.35546,7.32739,-57.2287,39.7476,5,0.047,0.047,0.0425556
juelich_pilot_d30_r5_log_distance_s02_w1,juelich,12345,2,2,log-distance,45,46,veh1,veh12,5,0,1,597.309,0,8.35546,8.17063,nan,nan,0,0.047,0.047,0.0425556
juelich_pilot_d30_r5_log_distance_s02_w1,juelich,12345,2,2,log-distance,45,46,veh1,veh13,5,5,0,416.007,1,8.35546,7.57281,-79.0595,17.9168,5,0.047,0.06,0.0425556
juelich_pilot_d30_r5_log_distance_s02_w1,juelich,12345,2,2,log-distance,45,46,veh1,veh14,5,0,1,711.041,0,8.35546,14.9011,nan,nan,0,0.047,0.047,0.0425556
juelich_pilot_d30_r5_log_distance_s02_w1,juelich,12345,2,2,log-distance,45,46,veh1,veh15,5,0,1,994.316,0,8.35546,9.24547,nan,nan,0,0.047,0.041,0.0425556
juelich_pilot_d30_r5_log_distance_s02_w1,juelich,12345,2,2,log-distance,45,46,veh1,veh4,5,5,0,259.5,1,8.35546,10.7525,-74.9604,22.0159,5,0.047,0.053,0.0425556
juelich_pilot_d30_r5_log_distance_s02_w1,juelich,12345,2,2,log-distance,45,46,veh1,veh5,5,0,1,903.101,0,8.35546,7.45016,nan,nan,0,0.047,0.048,0.0425556
juelich_pilot_d30_r5_log_distance_s02_w1,juelich,12345,2,2,log-distance,45,46,veh1,veh6,5,5,0,292.843,1,8.35546,7.11115,-76.0104,20.9659,5,0.047,0.047,0.0425556
juelich_pilot_d30_r5_log_distance_s02_w1,juelich,12345,2,2,log-distance,45,46,veh1,veh7,5,0,1,874.478,0,8.35546,11.1546,nan,nan,0,0.047,0.043,0.0425556
juelich_pilot_d30_r5_log_distance_s02_w1,juelich,12345,2,2,log-distance,45,46,veh1,veh8,5,0,1,961.125,0,8.35546,7.11468,nan,nan,0,0.047,0.038,0.0425556
juelich_pilot_d30_r5_log_distance_s02_w1,juelich,12345,2,2,log-distance,45,46,veh1,veh9,5,5,0,89.8538,1,8.35546,8.61963,-65.7484,31.2279,5,0.047,0.047,0.0425556
juelich_pilot_d30_r5_log_distance_s02_w1,juelich,12345,2,2,log-distance,45,46,veh10,veh0,5,5,0,474.478,1,7.2828,13.4228,-80.202,16.7743,5,0.047,0.06,0.0425556
juelich_pilot_d30_r5_log_distance_s02_w1,juelich,12345,2,2,log-distance,45,46,veh10,veh1,5,5,0,264.497,1,7.2828,8.35546,-75.1261,21.8502,5,0.047,0.047,0.0425556
juelich_pilot_d30_r5_log_distance_s02_w1,juelich,12345,2,2,log-distance,45,46,veh10,veh11,5,5,0,235.219,1,7.2828,7.32739,-74.1071,22.8692,5,0.047,0.047,0.0425556
juelich_pilot_d30_r5_log_distance_s02_w1,juelich,12345,2,2,log-distance,45,46,veh10,veh12,5,5,0,333.519,1,7.2828,8.17063,-77.1397,19.8366,5,0.047,0.047,0.0425556
juelich_pilot_d30_r5_log_distance_s02_w1,juelich,12345,2,2,log-distance,45,46,veh10,veh13,5,5,0,266.616,1,7.2828,7.57281,-75.1949,21.7814,5,0.047,0.06,0.0425556
juelich_pilot_d30_r5_log_distance_s02_w1,juelich,12345,2,2,log-distance,45,46,veh10,veh14,5,5,0,449.639,1,7.2828,14.9011,-79.7343,17.242,5,0.047,0.047,0.0425556
juelich_pilot_d30_r5_log_distance_s02_w1,juelich,12345,2,2,log-distance,45,46,veh10,veh15,5,0,1,941.285,0,7.2828,9.24547,nan,nan,0,0.047,0.041,0.0425556
juelich_pilot_d30_r5_log_distance_s02_w1,juelich,12345,2,2,log-distance,45,46,veh10,veh4,5,5,0,127.331,1,7.2828,10.7525,-68.7764,28.1999,5,0.047,0.053,0.0425556
juelich_pilot_d30_r5_log_distance_s02_w1,juelich,12345,2,2,log-distance,45,46,veh10,veh5,5,0,1,902.182,0,7.2828,7.45016,nan,nan,0,0.047,0.048,0.0425556
juelich_pilot_d30_r5_log_distance_s02_w1,juelich,12345,2,2,log-distance,45,46,veh10,veh6,5,5,0,31.6295,1,7.2828,7.11115,-56.6794,40.2968,5,0.047,0.047,0.0425556
juelich_pilot_d30_r5_log_distance_s02_w1,juelich,12345,2,2,log-distance,45,46,veh10,veh7,5,0,1,960.528,0,7.2828,11.1546,nan,nan,0,0.047,0.043,0.0425556
juelich_pilot_d30_r5_log_distance_s02_w1,juelich,12345,2,2,log-distance,45,46,veh10,veh9,5,5,0,190.105,1,7.2828,8.61963,-72.2576,24.7187,5,0.047,0.047,0.0425556
juelich_pilot_d30_r5_log_distance_s02_w1,juelich,12345,2,2,log-distance,45,46,veh11,veh0,5,5,0,581.081,0,7.32739,13.4228,-81.9624,15.0139,5,0.047,0.06,0.0425556
juelich_pilot_d30_r5_log_distance_s02_w1,juelich,12345,2,2,log-distance,45,46,veh11,veh1,5,5,0,33.695,1,7.32739,8.35546,-57.2287,39.7476,5,0.047,0.047,0.0425556
juelich_pilot_d30_r5_log_distance_s02_w1,juelich,12345,2,2,log-distance,45,46,veh11,veh10,5,5,0,235.219,1,7.32739,7.2828,-74.1071,22.8692,5,0.047,0.047,0.0425556
juelich_pilot_d30_r5_log_distance_s02_w1,juelich,12345,2,2,log-distance,45,46,veh11,veh12,5,5,0,566.867,0,7.32739,8.17063,-81.7472,15.2291,5,0.047,0.047,0.0425556
juelich_pilot_d30_r5_log_distance_s02_w1,juelich,12345,2,2,log-distance,45,46,veh11,veh13,5,5,0,382.963,1,7.32739,7.57281,-78.3407,18.6356,5,0.047,0.06,0.0425556
juelich_pilot_d30_r5_log_distance_s02_w1,juelich,12345,2,2,log-distance,45,46,veh11,veh14,5,0,1,679.657,0,7.32739,14.9011,nan,nan,0,0.047,0.047,0.0425556
juelich_pilot_d30_r5_log_distance_s02_w1,juelich,12345,2,2,log-distance,45,46,veh11,veh15,5,0,1,969.961,0,7.32739,9.24547,nan,nan,0,0.047,0.041,0.0425556
juelich_pilot_d30_r5_log_distance_s02_w1,juelich,12345,2,2,log-distance,45,46,veh11,veh4,5,5,0,225.806,1,7.32739,10.7525,-73.7523,23.224,5,0.047,0.053,0.0425556
juelich_pilot_d30_r5_log_distance_s02_w1,juelich,12345,2,2,log-distance,45,46,veh11,veh5,5,0,1,883.508,0,7.32739,7.45016,nan,nan,0,0.047,0.048,0.0425556
juelich_pilot_d30_r5_log_distance_s02_w1,juelich,12345,2,2,log-distance,45,46,veh11,veh6,5,5,0,262.668,1,7.32739,7.11115,-75.0658,21.9105,5,0.047,0.047,0.0425556
juelich_pilot_d30_r5_log_distance_s02_w1,juelich,12345,2,2,log-distance,45,46,veh11,veh7,5,0,1,865.314,0,7.32739,11.1546,nan,nan,0,0.047,0.043,0.0425556
juelich_pilot_d30_r5_log_distance_s02_w1,juelich,12345,2,2,log-distance,45,46,veh11,veh8,5,0,1,960.917,0,7.32739,7.11468,nan,nan,0,0.047,0.038,0.0425556
juelich_pilot_d30_r5_log_distance_s02_w1,juelich,12345,2,2,log-distance,45,46,veh11,veh9,5,5,0,56.1601,1,7.32739,8.61963,-61.6661,35.3102,5,0.047,0.047,0.0425556
juelich_pilot_d30_r5_log_distance_s02_w1,juelich,12345,2,2,log-distance,45,46,veh12,veh0,5,0,1,454.111,1,8.17063,13.4228,nan,nan,0,0.047,0.06,0.0425556
juelich_pilot_d30_r5_log_distance_s02_w1,juelich,12345,2,2,log-distance,45,46,veh12,veh1,5,0,1,597.309,0,8.17063,8.35546,nan,nan,0,0.047,0.047,0.0425556
juelich_pilot_d30_r5_log_distance_s02_w1,juelich,12345,2,2,log-distance,45,46,veh12,veh10,5,0,1,333.519,1,8.17063,7.2828,nan,nan,0,0.047,0.047,0.0425556
juelich_pilot_d30_r5_log_distance_s02_w1,juelich,12345,2,2,log-distance,45,46,veh12,veh11,5,0,1,566.867,0,8.17063,7.32739,nan,nan,0,0.047,0.047,0.0425556
juelich_pilot_d30_r5_log_distance_s02_w1,juelich,12345,2,2,log-distance,45,46,veh12,veh13,5,0,1,353.871,1,8.17063,7.57281,nan,nan,0,0.047,0.06,0.0425556
juelich_pilot_d30_r5_log_distance_s02_w1,juelich,12345,2,2,log-distance,45,46,veh12,veh14,5,5,0,121.846,1,8.17063,14.9011,-68.3903,10.6492,5,0.047,0.047,0.0425556
juelich_pilot_d30_r5_log_distance_s02_w1,juelich,12345,2,2,log-distance,45,46,veh12,veh15,5,0,1,946.065,0,8.17063,9.24547,nan,nan,0,0.047,0.041,0.0425556
juelich_pilot_d30_r5_log_distance_s02_w1,juelich,12345,2,2,log-distance,45,46,veh12,veh4,5,0,1,378.303,1,8.17063,10.7525,nan,nan,0,0.047,0.053,0.0425556
juelich_pilot_d30_r5_log_distance_s02_w1,juelich,12345,2,2,log-distance,45,46,veh12,veh5,5,0,1,976.057,0,8.17063,7.45016,nan,nan,0,0.047,0.048,0.0425556
juelich_pilot_d30_r5_log_distance_s02_w1,juelich,12345,2,2,log-distance,45,46,veh12,veh6,5,0,1,304.473,1,8.17063,7.11115,nan,nan,0,0.047,0.047,0.0425556
juelich_pilot_d30_r5_log_distance_s02_w1,juelich,12345,2,2,log-distance,45,46,veh12,veh9,5,0,1,517.322,0,8.17063,8.61963,nan,nan,0,0.047,0.047,0.0425556
juelich_pilot_d30_r5_log_distance_s02_w1,juelich,12345,2,2,log-distance,45,46,veh13,veh0,5,5,0,210.704,1,7.57281,13.4228,-73.1493,6.58875,5,0.06,0.06,0.0425556
juelich_pilot_d30_r5_log_distance_s02_w1,juelich,12345,2,2,log-distance,45,46,veh13,veh1,5,0,1,416.007,1,7.57281,8.35546,nan,nan,0,0.06,0.047,0.0425556
juelich_pilot_d30_r5_log_distance_s02_w1,juelich,12345,2,2,log-distance,45,46,veh13,veh10,5,0,1,266.616,1,7.57281,7.2828,nan,nan,0,0.06,0.047,0.0425556
juelich_pilot_d30_r5_log_distance_s02_w1,juelich,12345,2,2,log-distance,45,46,veh13,veh11,5,0,1,382.963,1,7.57281,7.32739,nan,nan,0,0.06,0.047,0.0425556
juelich_pilot_d30_r5_log_distance_s02_w1,juelich,12345,2,2,log-distance,45,46,veh13,veh12,5,0,1,353.871,1,7.57281,8.17063,nan,nan,0,0.06,0.047,0.0425556
juelich_pilot_d30_r5_log_distance_s02_w1,juelich,12345,2,2,log-distance,45,46,veh13,veh14,5,0,1,418.433,1,7.57281,14.9011,nan,nan,0,0.06,0.047,0.0425556
juelich_pilot_d30_r5_log_distance_s02_w1,juelich,12345,2,2,log-distance,45,46,veh13,veh15,5,0,1,679.6,0,7.57281,9.24547,nan,nan,0,0.06,0.041,0.0425556
juelich_pilot_d30_r5_log_distance_s02_w1,juelich,12345,2,2,log-distance,45,46,veh13,veh4,5,5,0,167.689,1,7.57281,10.7525,-71.1656,7.01074,5,0.06,0.053,0.0425556
juelich_pilot_d30_r5_log_distance_s02_w1,juelich,12345,2,2,log-distance,45,46,veh13,veh5,5,0,1,661.02,0,7.57281,7.45016,nan,nan,0,0.06,0.048,0.0425556
juelich_pilot_d30_r5_log_distance_s02_w1,juelich,12345,2,2,log-distance,45,46,veh13,veh6,5,0,1,247.048,1,7.57281,7.11115,nan,nan,0,0.06,0.047,0.0425556
juelich_pilot_d30_r5_log_distance_s02_w1,juelich,12345,2,2,log-distance,45,46,veh13,veh7,5,0,1,774.59,0,7.57281,11.1546,nan,nan,0,0.06,0.043,0.0425556
juelich_pilot_d30_r5_log_distance_s02_w1,juelich,12345,2,2,log-distance,45,46,veh13,veh8,5,0,1,963.442,0,7.57281,7.11468,nan,nan,0,0.06,0.038,0.0425556
juelich_pilot_d30_r5_log_distance_s02_w1,juelich,12345,2,2,log-distance,45,46,veh13,veh9,5,0,1,328.04,1,7.57281,8.61963,nan,nan,0,0.06,0.047,0.0425556
juelich_pilot_d30_r5_log_distance_s02_w1,juelich,12345,2,2,log-distance,45,46,veh14,veh0,5,5,0,464.502,1,14.9011,13.4228,-80.0174,16.9588,5,0.047,0.06,0.0425556
juelich_pilot_d30_r5_log_distance_s02_w1,juelich,12345,2,2,log-distance,45,46,veh14,veh1,5,0,1,711.041,0,14.9011,8.35546,nan,nan,0,0.047,0.047,0.0425556
juelich_pilot_d30_r5_log_distance_s02_w1,juelich,12345,2,2,log-distance,45,46,veh14,veh10,5,5,0,449.639,1,14.9011,7.2828,-79.7343,17.242,5,0.047,0.047,0.0425556
juelich_pilot_d30_r5_log_distance_s02_w1,juelich,12345,2,2,log-distance,45,46,veh14,veh11,5,0,1,679.657,0,14.9011,7.32739,nan,nan,0,0.047,0.047,0.0425556
juelich_pilot_d30_r5_log_distance_s02_w1,juelich,12345,2,2,log-distance,45,46,veh14,veh12,5,5,0,121.846,1,14.9011,8.17063,-68.3903,28.586,5,0.047,0.047,0.0425556
juelich_pilot_d30_r5_log_distance_s02_w1,juelich,12345,2,2,log-distance,45,46,veh14,veh13,5,5,0,418.433,1,14.9011,7.57281,-79.1099,17.8664,5,0.047,0.06,0.0425556
juelich_pilot_d30_r5_log_distance_s02_w1,juelich,12345,2,2,log-distance,45,46,veh14,veh15,5,0,1,933.687,0,14.9011,9.24547,nan,nan,0,0.047,0.041,0.0425556
juelich_pilot_d30_r5_log_distance_s02_w1,juelich,12345,2,2,log-distance,45,46,veh14,veh4,5,5,0,478.276,1,14.9011,10.7525,-80.2707,16.7056,5,0.047,0.053,0.0425556
juelich_pilot_d30_r5_log_distance_s02_w1,juelich,12345,2,2,log-distance,45,46,veh14,veh5,5,0,1,987.994,0,14.9011,7.45016,nan,nan,0,0.047,0.048,0.0425556
juelich_pilot_d30_r5_log_distance_s02_w1,juelich,12345,2,2,log-distance,45,46,veh14,veh6,5,5,0,419.455,1,14.9011,7.11115,-79.1306,17.8456,5,0.047,0.047,0.0425556
juelich_pilot_d30_r5_log_distance_s02_w1,juelich,12345,2,2,log-distance,45,46,veh14,veh9,5,0,1,628.132,0,14.9011,8.61963,nan,nan,0,0.047,0.047,0.0425556
juelich_pilot_d30_r5_log_distance_s02_w1,juelich,12345,2,2,log-distance,45,46,veh15,veh0,5,5,0,498.009,1,9.24547,13.4228,-80.6222,16.3541,5,0.041,0.06,0.0425556
juelich_pilot_d30_r5_log_distance_s02_w1,juelich,12345,2,2,log-distance,45,46,veh15,veh1,5,0,1,994.316,0,9.24547,8.35546,nan,nan,0,0.041,0.047,0.0425556
juelich_pilot_d30_r5_log_distance_s02_w1,juelich,12345,2,2,log-distance,45,46,veh15,veh10,5,0,1,941.285,0,9.24547,7.2828,nan,nan,0,0.041,0.047,0.0425556
juelich_pilot_d30_r5_log_distance_s02_w1,juelich,12345,2,2,log-distance,45,46,veh15,veh11,5,0,1,969.961,0,9.24547,7.32739,nan,nan,0,0.041,0.047,0.0425556
juelich_pilot_d30_r5_log_distance_s02_w1,juelich,12345,2,2,log-distance,45,46,veh15,veh12,5,0,1,946.065,0,9.24547,8.17063,nan,nan,0,0.041,0.047,0.0425556
juelich_pilot_d30_r5_log_distance_s02_w1,juelich,12345,2,2,log-distance,45,46,veh15,veh13,5,0,1,679.6,0,9.24547,7.57281,nan,nan,0,0.041,0.06,0.0425556
juelich_pilot_d30_r5_log_distance_s02_w1,juelich,12345,2,2,log-distance,45,46,veh15,veh14,5,0,1,933.687,0,9.24547,14.9011,nan,nan,0,0.041,0.047,0.0425556
juelich_pilot_d30_r5_log_distance_s02_w1,juelich,12345,2,2,log-distance,45,46,veh15,veh16,5,0,1,623.526,0,9.24547,4.61066,nan,nan,0,0.041,0.033,0.0425556
juelich_pilot_d30_r5_log_distance_s02_w1,juelich,12345,2,2,log-distance,45,46,veh15,veh2,5,0,1,980.515,0,9.24547,0,nan,nan,0,0.041,0.028,0.0425556
juelich_pilot_d30_r5_log_distance_s02_w1,juelich,12345,2,2,log-distance,45,46,veh15,veh3,5,0,1,813.126,0,9.24547,12.7597,nan,nan,0,0.041,0.033,0.0425556
juelich_pilot_d30_r5_log_distance_s02_w1,juelich,12345,2,2,log-distance,45,46,veh15,veh4,5,0,1,822.788,0,9.24547,10.7525,nan,nan,0,0.041,0.053,0.0425556
juelich_pilot_d30_r5_log_distance_s02_w1,juelich,12345,2,2,log-distance,45,46,veh15,veh5,5,5,0,196.46,1,9.24547,7.45016,-72.5422,24.4341,5,0.041,0.048,0.0425556
juelich_pilot_d30_r5_log_distance_s02_w1,juelich,12345,2,2,log-distance,45,46,veh15,veh6,5,0,1,925.111,0,9.24547,7.11115,nan,nan,0,0.041,0.047,0.0425556
juelich_pilot_d30_r5_log_distance_s02_w1,juelich,12345,2,2,log-distance,45,46,veh15,veh7,5,5,0,499.106,1,9.24547,11.1546,-80.6415,16.3347,5,0.041,0.043,0.0425556
juelich_pilot_d30_r5_log_distance_s02_w1,juelich,12345,2,2,log-distance,45,46,veh15,veh8,5,0,1,758.497,0,9.24547,7.11468,nan,nan,0,0.041,0.038,0.0425556
juelich_pilot_d30_r5_log_distance_s02_w1,juelich,12345,2,2,log-distance,45,46,veh15,veh9,5,0,1,930.221,0,9.24547,8.61963,nan,nan,0,0.041,0.047,0.0425556
juelich_pilot_d30_r5_log_distance_s02_w1,juelich,12345,2,2,log-distance,45,46,veh16,veh15,5,0,1,623.526,0,4.61066,9.24547,nan,nan,0,0.033,0.041,0.0425556
juelich_pilot_d30_r5_log_distance_s02_w1,juelich,12345,2,2,log-distance,45,46,veh16,veh2,5,0,1,666.099,0,4.61066,0,nan,nan,0,0.033,0.028,0.0425556
juelich_pilot_d30_r5_log_distance_s02_w1,juelich,12345,2,2,log-distance,45,46,veh16,veh3,5,5,0,566.271,0,4.61066,12.7597,-81.7381,15.2382,5,0.033,0.033,0.0425556
juelich_pilot_d30_r5_log_distance_s02_w1,juelich,12345,2,2,log-distance,45,46,veh16,veh5,5,0,1,588.646,0,4.61066,7.45016,nan,nan,0,0.033,0.048,0.0425556
juelich_pilot_d30_r5_log_distance_s02_w1,juelich,12345,2,2,log-distance,45,46,veh16,veh7,5,0,1,623.31,0,4.61066,11.1546,nan,nan,0,0.033,0.043,0.0425556
juelich_pilot_d30_r5_log_distance_s02_w1,juelich,12345,2,2,log-distance,45,46,veh16,veh8,5,0,1,731.534,0,4.61066,7.11468,nan,nan,0,0.033,0.038,0.0425556
juelich_pilot_d30_r5_log_distance_s02_w1,juelich,12345,2,2,log-distance,45,46,veh2,veh15,5,0,1,980.515,0,0,9.24547,nan,nan,0,0.028,0.041,0.0425556
juelich_pilot_d30_r5_log_distance_s02_w1,juelich,12345,2,2,log-distance,45,46,veh2,veh16,5,0,1,666.099,0,0,4.61066,nan,nan,0,0.028,0.033,0.0425556
juelich_pilot_d30_r5_log_distance_s02_w1,juelich,12345,2,2,log-distance,45,46,veh2,veh3,5,5,0,169.871,1,0,12.7597,-71.2781,18.3933,5,0.028,0.033,0.0425556
juelich_pilot_d30_r5_log_distance_s02_w1,juelich,12345,2,2,log-distance,45,46,veh2,veh5,5,0,1,813.432,0,0,7.45016,nan,nan,0,0.028,0.048,0.0425556
juelich_pilot_d30_r5_log_distance_s02_w1,juelich,12345,2,2,log-distance,45,46,veh2,veh7,5,5,0,563.882,0,0,11.1546,-81.7014,5.784,5,0.028,0.043,0.0425556
juelich_pilot_d30_r5_log_distance_s02_w1,juelich,12345,2,2,log-distance,45,46,veh2,veh8,5,5,0,383.366,1,0,7.11468,-78.3499,10.3775,5,0.028,0.038,0.0425556
juelich_pilot_d30_r5_log_distance_s02_w1,juelich,12345,2,2,log-distance,45,46,veh3,veh15,5,0,1,813.126,0,12.7597,9.24547,nan,nan,0,0.033,0.041,0.0425556
juelich_pilot_d30_r5_log_distance_s02_w1,juelich,12345,2,2,log-distance,45,46,veh3,veh16,5,5,0,566.271,0,12.7597,4.61066,-81.7381,15.2382,5,0.033,0.033,0.0425556
juelich_pilot_d30_r5_log_distance_s02_w1,juelich,12345,2,2,log-distance,45,46,veh3,veh2,5,5,0,169.871,1,12.7597,0,-71.2781,25.6982,5,0.033,0.028,0.0425556
juelich_pilot_d30_r5_log_distance_s02_w1,juelich,12345,2,2,log-distance,45,46,veh3,veh5,5,0,1,643.733,0,12.7597,7.45016,nan,nan,0,0.033,0.048,0.0425556
juelich_pilot_d30_r5_log_distance_s02_w1,juelich,12345,2,2,log-distance,45,46,veh3,veh7,5,5,0,399.623,1,12.7597,11.1546,-78.7107,18.2656,5,0.033,0.043,0.0425556
juelich_pilot_d30_r5_log_distance_s02_w1,juelich,12345,2,2,log-distance,45,46,veh3,veh8,5,5,0,265.259,1,12.7597,7.11468,-75.1511,21.8252,5,0.033,0.038,0.0425556
juelich_pilot_d30_r5_log_distance_s02_w1,juelich,12345,2,2,log-distance,45,46,veh4,veh0,5,5,0,377.174,1,10.7525,13.4228,-78.2085,18.7678,5,0.053,0.06,0.0425556
juelich_pilot_d30_r5_log_distance_s02_w1,juelich,12345,2,2,log-distance,45,46,veh4,veh1,5,5,0,259.5,1,10.7525,8.35546,-74.9604,22.0159,5,0.053,0.047,0.0425556
juelich_pilot_d30_r5_log_distance_s02_w1,juelich,12345,2,2,log-distance,45,46,veh4,veh10,5,5,0,127.331,1,10.7525,7.2828,-68.7764,28.1999,5,0.053,0.047,0.0425556
juelich_pilot_d30_r5_log_distance_s02_w1,juelich,12345,2,2,log-distance,45,46,veh4,veh11,5,5,0,225.806,1,10.7525,7.32739,-73.7523,23.224,5,0.053,0.047,0.0425556
juelich_pilot_d30_r5_log_distance_s02_w1,juelich,12345,2,2,log-distance,45,46,veh4,veh12,5,5,0,378.303,1,10.7525,8.17063,-78.234,18.7423,5,0.053,0.047,0.0425556
juelich_pilot_d30_r5_log_distance_s02_w1,juelich,12345,2,2,log-distance,45,46,veh4,veh13,5,5,0,167.689,1,10.7525,7.57281,-71.1656,25.8107,5,0.053,0.06,0.0425556
juelich_pilot_d30_r5_log_distance_s02_w1,juelich,12345,2,2,log-distance,45,46,veh4,veh14,5,5,0,478.276,1,10.7525,14.9011,-80.2707,16.7056,5,0.053,0.047,0.0425556
juelich_pilot_d30_r5_log_distance_s02_w1,juelich,12345,2,2,log-distance,45,46,veh4,veh15,5,0,1,822.788,0,10.7525,9.24547,nan,nan,0,0.053,0.041,0.0425556
juelich_pilot_d30_r5_log_distance_s02_w1,juelich,12345,2,2,log-distance,45,46,veh4,veh5,5,0,1,776.305,0,10.7525,7.45016,nan,nan,0,0.053,0.048,0.0425556
juelich_pilot_d30_r5_log_distance_s02_w1,juelich,12345,2,2,log-distance,45,46,veh4,veh6,5,5,0,124.885,1,10.7525,7.11115,-68.6079,28.3684,5,0.053,0.047,0.0425556
juelich_pilot_d30_r5_log_distance_s02_w1,juelich,12345,2,2,log-distance,45,46,veh4,veh7,5,0,1,835.617,0,10.7525,11.1546,nan,nan,0,0.053,0.043,0.0425556
juelich_pilot_d30_r5_log_distance_s02_w1,juelich,12345,2,2,log-distance,45,46,veh4,veh8,5,0,1,988.283,0,10.7525,7.11468,nan,nan,0,0.053,0.038,0.0425556
juelich_pilot_d30_r5_log_distance_s02_w1,juelich,12345,2,2,log-distance,45,46,veh4,veh9,5,5,0,169.647,1,10.7525,8.61963,-71.2685,25.7077,5,0.053,0.047,0.0425556
juelich_pilot_d30_r5_log_distance_s02_w1,juelich,12345,2,2,log-distance,45,46,veh5,veh0,5,5,0,525.017,0,7.45016,13.4228,-81.0812,11.4205,5,0.048,0.06,0.0425556
juelich_pilot_d30_r5_log_distance_s02_w1,juelich,12345,2,2,log-distance,45,46,veh5,veh1,5,0,1,903.101,0,7.45016,8.35546,nan,nan,0,0.048,0.047,0.0425556
juelich_pilot_d30_r5_log_distance_s02_w1,juelich,12345,2,2,log-distance,45,46,veh5,veh10,5,0,1,902.182,0,7.45016,7.2828,nan,nan,0,0.048,0.047,0.0425556
juelich_pilot_d30_r5_log_distance_s02_w1,juelich,12345,2,2,log-distance,45,46,veh5,veh11,5,0,1,883.508,0,7.45016,7.32739,nan,nan,0,0.048,0.047,0.0425556
juelich_pilot_d30_r5_log_distance_s02_w1,juelich,12345,2,2,log-distance,45,46,veh5,veh12,5,0,1,976.057,0,7.45016,8.17063,nan,nan,0,0.048,0.047,0.0425556
juelich_pilot_d30_r5_log_distance_s02_w1,juelich,12345,2,2,log-distance,45,46,veh5,veh13,5,0,1,661.02,0,7.45016,7.57281,nan,nan,0,0.048,0.06,0.0425556
juelich_pilot_d30_r5_log_distance_s02_w1,juelich,12345,2,2,log-distance,45,46,veh5,veh14,5,0,1,987.994,0,7.45016,14.9011,nan,nan,0,0.048,0.047,0.0425556
juelich_pilot_d30_r5_log_distance_s02_w1,juelich,12345,2,2,log-distance,45,46,veh5,veh15,5,5,0,196.46,1,7.45016,9.24547,-72.5422,19.2634,5,0.048,0.041,0.0425556
juelich_pilot_d30_r5_log_distance_s02_w1,juelich,12345,2,2,log-distance,45,46,veh5,veh16,5,0,1,588.646,0,7.45016,4.61066,nan,nan,0,0.048,0.033,0.0425556
juelich_pilot_d30_r5_log_distance_s02_w1,juelich,12345,2,2,log-distance,45,46,veh5,veh2,5,0,1,813.432,0,7.45016,0,nan,nan,0,0.048,0.028,0.0425556
juelich_pilot_d30_r5_log_distance_s02_w1,juelich,12345,2,2,log-distance,45,46,veh5,veh3,5,0,1,643.733,0,7.45016,12.7597,nan,nan,0,0.048,0.033,0.0425556
juelich_pilot_d30_r5_log_distance_s02_w1,juelich,12345,2,2,log-distance,45,46,veh5,veh4,5,0,1,776.305,0,7.45016,10.7525,nan,nan,0,0.048,0.053,0.0425556
juelich_pilot_d30_r5_log_distance_s02_w1,juelich,12345,2,2,log-distance,45,46,veh5,veh6,5,0,1,892.072,0,7.45016,7.11115,nan,nan,0,0.048,0.047,0.0425556
juelich_pilot_d30_r5_log_distance_s02_w1,juelich,12345,2,2,log-distance,45,46,veh5,veh7,5,3,0.4,303.591,1,7.45016,11.1546,-76.3229,20.6533,3,0.048,0.043,0.0425556
juelich_pilot_d30_r5_log_distance_s02_w1,juelich,12345,2,2,log-distance,45,46,veh5,veh8,5,3,0.4,564.427,0,7.45016,7.11468,-81.7098,15.2665,3,0.048,0.038,0.0425556
juelich_pilot_d30_r5_log_distance_s02_w1,juelich,12345,2,2,log-distance,45,46,veh5,veh9,5,0,1,852.298,0,7.45016,8.61963,nan,nan,0,0.048,0.047,0.0425556
juelich_pilot_d30_r5_log_distance_s02_w1,juelich,12345,2,2,log-distance,45,46,veh6,veh0,5,5,0,452.059,1,7.11115,13.4228,-79.7816,17.1947,5,0.047,0.06,0.0425556
juelich_pilot_d30_r5_log_distance_s02_w1,juelich,12345,2,2,log-distance,45,46,veh6,veh1,5,5,0,292.843,1,7.11115,8.35546,-76.0104,20.9659,5,0.047,0.047,0.0425556
juelich_pilot_d30_r5_log_distance_s02_w1,juelich,12345,2,2,log-distance,45,46,veh6,veh10,5,5,0,31.6295,1,7.11115,7.2828,-56.6794,40.2968,5,0.047,0.047,0.0425556
juelich_pilot_d30_r5_log_distance_s02_w1,juelich,12345,2,2,log-distance,45,46,veh6,veh11,5,5,0,262.668,1,7.11115,7.32739,-75.0658,21.9105,5,0.047,0.047,0.0425556
juelich_pilot_d30_r5_log_distance_s02_w1,juelich,12345,2,2,log-distance,45,46,veh6,veh12,5,5,0,304.473,1,7.11115,8.17063,-76.3482,20.6281,5,0.047,0.047,0.0425556
juelich_pilot_d30_r5_log_distance_s02_w1,juelich,12345,2,2,log-distance,45,46,veh6,veh13,5,5,0,247.048,1,7.11115,7.57281,-74.5327,22.4436,5,0.047,0.06,0.0425556
juelich_pilot_d30_r5_log_distance_s02_w1,juelich,12345,2,2,log-distance,45,46,veh6,veh14,5,5,0,419.455,1,7.11115,14.9011,-79.1306,17.8456,5,0.047,0.047,0.0425556
juelich_pilot_d30_r5_log_distance_s02_w1,juelich,12345,2,2,log-distance,45,46,veh6,veh15,5,0,1,925.111,0,7.11115,9.24547,nan,nan,0,0.047,0.041,0.0425556
juelich_pilot_d30_r5_log_distance_s02_w1,juelich,12345,2,2,log-distance,45,46,veh6,veh4,5,5,0,124.885,1,7.11115,10.7525,-68.6079,28.3684,5,0.047,0.053,0.0425556
juelich_pilot_d30_r5_log_distance_s02_w1,juelich,12345,2,2,log-distance,45,46,veh6,veh5,5,0,1,892.072,0,7.11115,7.45016,nan,nan,0,0.047,0.048,0.0425556
juelich_pilot_d30_r5_log_distance_s02_w1,juelich,12345,2,2,log-distance,45,46,veh6,veh7,5,0,1,960.399,0,7.11115,11.1546,nan,nan,0,0.047,0.043,0.0425556
juelich_pilot_d30_r5_log_distance_s02_w1,juelich,12345,2,2,log-distance,45,46,veh6,veh9,5,5,0,215.068,1,7.11115,8.61963,-73.3292,23.6471,5,0.047,0.047,0.0425556
juelich_pilot_d30_r5_log_distance_s02_w1,juelich,12345,2,2,log-distance,45,46,veh7,veh0,5,0,1,711.959,0,11.1546,13.4228,nan,nan,0,0.043,0.06,0.0425556
juelich_pilot_d30_r5_log_distance_s02_w1,juelich,12345,2,2,log-distance,45,46,veh7,veh1,5,0,1,874.478,0,11.1546,8.35546,nan,nan,0,0.043,0.047,0.0425556
juelich_pilot_d30_r5_log_distance_s02_w1,juelich,12345,2,2,log-distance,45,46,veh7,veh10,5,0,1,960.528,0,11.1546,7.2828,nan,nan,0,0.043,0.047,0.0425556
juelich_pilot_d30_r5_log_distance_s02_w1,juelich,12345,2,2,log-distance,45,46,veh7,veh11,5,0,1,865.314,0,11.1546,7.32739,nan,nan,0,0.043,0.047,0.0425556
juelich_pilot_d30_r5_log_distance_s02_w1,juelich,12345,2,2,log-distance,45,46,veh7,veh13,5,0,1,774.59,0,11.1546,7.57281,nan,nan,0,0.043,0.06,0.0425556
juelich_pilot_d30_r5_log_distance_s02_w1,juelich,12345,2,2,log-distance,45,46,veh7,veh15,5,5,0,499.106,1,11.1546,9.24547,-80.6415,16.3347,5,0.043,0.041,0.0425556
juelich_pilot_d30_r5_log_distance_s02_w1,juelich,12345,2,2,log-distance,45,46,veh7,veh16,5,0,1,623.31,0,11.1546,4.61066,nan,nan,0,0.043,0.033,0.0425556
juelich_pilot_d30_r5_log_distance_s02_w1,juelich,12345,2,2,log-distance,45,46,veh7,veh2,5,5,0,563.882,0,11.1546,0,-81.7014,15.2749,5,0.043,0.028,0.0425556
juelich_pilot_d30_r5_log_distance_s02_w1,juelich,12345,2,2,log-distance,45,46,veh7,veh3,5,5,0,399.623,1,11.1546,12.7597,-78.7107,18.2656,5,0.043,0.033,0.0425556
juelich_pilot_d30_r5_log_distance_s02_w1,juelich,12345,2,2,log-distance,45,46,veh7,veh4,5,0,1,835.617,0,11.1546,10.7525,nan,nan,0,0.043,0.053,0.0425556
juelich_pilot_d30_r5_log_distance_s02_w1,juelich,12345,2,2,log-distance,45,46,veh7,veh5,5,5,0,303.591,1,11.1546,7.45016,-76.323,20.6533,5,0.043,0.048,0.0425556
juelich_pilot_d30_r5_log_distance_s02_w1,juelich,12345,2,2,log-distance,45,46,veh7,veh6,5,0,1,960.399,0,11.1546,7.11115,nan,nan,0,0.043,0.047,0.0425556
juelich_pilot_d30_r5_log_distance_s02_w1,juelich,12345,2,2,log-distance,45,46,veh7,veh8,5,5,0,261.874,1,11.1546,7.11468,-75.0391,21.9372,5,0.043,0.038,0.0425556
juelich_pilot_d30_r5_log_distance_s02_w1,juelich,12345,2,2,log-distance,45,46,veh7,veh9,5,0,1,852.188,0,11.1546,8.61963,nan,nan,0,0.043,0.047,0.0425556
juelich_pilot_d30_r5_log_distance_s02_w1,juelich,12345,2,2,log-distance,45,46,veh8,veh0,5,0,1,939.286,0,7.11468,13.4228,nan,nan,0,0.038,0.06,0.0425556
juelich_pilot_d30_r5_log_distance_s02_w1,juelich,12345,2,2,log-distance,45,46,veh8,veh1,5,0,1,961.125,0,7.11468,8.35546,nan,nan,0,0.038,0.047,0.0425556
juelich_pilot_d30_r5_log_distance_s02_w1,juelich,12345,2,2,log-distance,45,46,veh8,veh11,5,0,1,960.917,0,7.11468,7.32739,nan,nan,0,0.038,0.047,0.0425556
juelich_pilot_d30_r5_log_distance_s02_w1,juelich,12345,2,2,log-distance,45,46,veh8,veh13,5,0,1,963.442,0,7.11468,7.57281,nan,nan,0,0.038,0.06,0.0425556
juelich_pilot_d30_r5_log_distance_s02_w1,juelich,12345,2,2,log-distance,45,46,veh8,veh15,5,0,1,758.497,0,7.11468,9.24547,nan,nan,0,0.038,0.041,0.0425556
juelich_pilot_d30_r5_log_distance_s02_w1,juelich,12345,2,2,log-distance,45,46,veh8,veh16,5,0,1,731.534,0,7.11468,4.61066,nan,nan,0,0.038,0.033,0.0425556
juelich_pilot_d30_r5_log_distance_s02_w1,juelich,12345,2,2,log-distance,45,46,veh8,veh2,5,5,0,383.366,1,7.11468,0,-78.3499,13.6854,5,0.038,0.028,0.0425556
juelich_pilot_d30_r5_log_distance_s02_w1,juelich,12345,2,2,log-distance,45,46,veh8,veh3,5,5,0,265.259,1,7.11468,12.7597,-75.1511,16.1094,5,0.038,0.033,0.0425556
juelich_pilot_d30_r5_log_distance_s02_w1,juelich,12345,2,2,log-distance,45,46,veh8,veh4,5,0,1,988.283,0,7.11468,10.7525,nan,nan,0,0.038,0.053,0.0425556
juelich_pilot_d30_r5_log_distance_s02_w1,juelich,12345,2,2,log-distance,45,46,veh8,veh5,5,3,0.4,564.427,0,7.11468,7.45016,-81.7098,15.2665,3,0.038,0.048,0.0425556
juelich_pilot_d30_r5_log_distance_s02_w1,juelich,12345,2,2,log-distance,45,46,veh8,veh7,5,3,0.4,261.874,1,7.11468,11.1546,-75.0389,21.9373,3,0.038,0.043,0.0425556
juelich_pilot_d30_r5_log_distance_s02_w1,juelich,12345,2,2,log-distance,45,46,veh8,veh9,5,0,1,962.59,0,7.11468,8.61963,nan,nan,0,0.038,0.047,0.0425556
juelich_pilot_d30_r5_log_distance_s02_w1,juelich,12345,2,2,log-distance,45,46,veh9,veh0,5,5,0,528.605,0,8.61963,13.4228,-81.1403,15.836,5,0.047,0.06,0.0425556
juelich_pilot_d30_r5_log_distance_s02_w1,juelich,12345,2,2,log-distance,45,46,veh9,veh1,5,5,0,89.8538,1,8.61963,8.35546,-65.7484,31.2279,5,0.047,0.047,0.0425556
juelich_pilot_d30_r5_log_distance_s02_w1,juelich,12345,2,2,log-distance,45,46,veh9,veh10,5,5,0,190.105,1,8.61963,7.2828,-72.2576,24.7187,5,0.047,0.047,0.0425556
juelich_pilot_d30_r5_log_distance_s02_w1,juelich,12345,2,2,log-distance,45,46,veh9,veh11,5,5,0,56.1601,1,8.61963,7.32739,-61.6661,35.3102,5,0.047,0.047,0.0425556
juelich_pilot_d30_r5_log_distance_s02_w1,juelich,12345,2,2,log-distance,45,46,veh9,veh12,5,5,0,517.322,0,8.61963,8.17063,-80.9527,16.0236,5,0.047,0.047,0.0425556
juelich_pilot_d30_r5_log_distance_s02_w1,juelich,12345,2,2,log-distance,45,46,veh9,veh13,5,5,0,328.04,1,8.61963,7.57281,-76.9959,19.9804,5,0.047,0.06,0.0425556
juelich_pilot_d30_r5_log_distance_s02_w1,juelich,12345,2,2,log-distance,45,46,veh9,veh14,5,0,1,628.132,0,8.61963,14.9011,nan,nan,0,0.047,0.047,0.0425556
juelich_pilot_d30_r5_log_distance_s02_w1,juelich,12345,2,2,log-distance,45,46,veh9,veh15,5,0,1,930.221,0,8.61963,9.24547,nan,nan,0,0.047,0.041,0.0425556
juelich_pilot_d30_r5_log_distance_s02_w1,juelich,12345,2,2,log-distance,45,46,veh9,veh4,5,5,0,169.647,1,8.61963,10.7525,-71.2685,25.7077,5,0.047,0.053,0.0425556
juelich_pilot_d30_r5_log_distance_s02_w1,juelich,12345,2,2,log-distance,45,46,veh9,veh5,5,0,1,852.298,0,8.61963,7.45016,nan,nan,0,0.047,0.048,0.0425556
juelich_pilot_d30_r5_log_distance_s02_w1,juelich,12345,2,2,log-distance,45,46,veh9,veh6,5,5,0,215.068,1,8.61963,7.11115,-73.3292,23.6471,5,0.047,0.047,0.0425556
juelich_pilot_d30_r5_log_distance_s02_w1,juelich,12345,2,2,log-distance,45,46,veh9,veh7,5,0,1,852.188,0,8.61963,11.1546,nan,nan,0,0.047,0.043,0.0425556
juelich_pilot_d30_r5_log_distance_s02_w1,juelich,12345,2,2,log-distance,45,46,veh9,veh8,5,0,1,962.59,0,8.61963,7.11468,nan,nan,0,0.047,0.038,0.0425556
juelich_pilot_d30_r5_log_distance_s02_w1,juelich,12345,2,2,log-distance,46,47,veh0,veh1,5,0,1,617.629,0,13.4596,8.32612,nan,nan,0,0.065,0.045,0.0489444
juelich_pilot_d30_r5_log_distance_s02_w1,juelich,12345,2,2,log-distance,46,47,veh0,veh10,5,5,0,478.169,1,13.4596,9.38176,-80.2693,16.707,5,0.065,0.045,0.0489444
juelich_pilot_d30_r5_log_distance_s02_w1,juelich,12345,2,2,log-distance,46,47,veh0,veh11,5,0,1,586.854,0,13.4596,7.32245,nan,nan,0,0.065,0.045,0.0489444
juelich_pilot_d30_r5_log_distance_s02_w1,juelich,12345,2,2,log-distance,46,47,veh0,veh12,5,5,0,447.427,1,13.4596,8.58441,-79.6921,17.2842,5,0.065,0.045,0.0489444
juelich_pilot_d30_r5_log_distance_s02_w1,juelich,12345,2,2,log-distance,46,47,veh0,veh13,5,5,0,226.073,1,13.4596,7.57523,-73.761,23.2152,5,0.065,0.065,0.0489444
juelich_pilot_d30_r5_log_distance_s02_w1,juelich,12345,2,2,log-distance,46,47,veh0,veh14,5,5,0,463.144,1,13.4596,14.9904,-79.992,16.9843,5,0.065,0.045,0.0489444
juelich_pilot_d30_r5_log_distance_s02_w1,juelich,12345,2,2,log-distance,46,47,veh0,veh15,5,5,0,485.479,1,13.4596,9.20384,-80.4009,16.5754,5,0.065,0.05,0.0489444
juelich_pilot_d30_r5_log_distance_s02_w1,juelich,12345,2,2,log-distance,46,47,veh0,veh17,5,0,1,612.122,0,13.4596,1.16008,nan,nan,0,0.065,0.055,0.0489444
juelich_pilot_d30_r5_log_distance_s02_w1,juelich,12345,2,2,log-distance,46,47,veh0,veh4,5,5,0,379.495,1,13.4596,9.51701,-78.2618,18.7145,5,0.065,0.063,0.0489444
juelich_pilot_d30_r5_log_distance_s02_w1,juelich,12345,2,2,log-distance,46,47,veh0,veh5,5,5,0,526.853,0,13.4596,7.28438,-81.1115,15.8648,5,0.065,0.055,0.0489444
juelich_pilot_d30_r5_log_distance_s02_w1,juelich,12345,2,2,log-distance,46,47,veh0,veh6,5,5,0,456.272,1,13.4596,6.19727,-79.8621,17.1141,5,0.065,0.045,0.0489444
juelich_pilot_d30_r5_log_distance_s02_w1,juelich,12345,2,2,log-distance,46,47,veh0,veh7,5,0,1,708.25,0,13.4596,11.2065,nan,nan,0,0.065,0.053,0.0489444
juelich_pilot_d30_r5_log_distance_s02_w1,juelich,12345,2,2,log-distance,46,47,veh0,veh8,5,0,1,948.497,0,13.4596,7.15977,nan,nan,0,0.065,0.045,0.0489444
juelich_pilot_d30_r5_log_distance_s02_w1,juelich,12345,2,2,log-distance,46,47,veh0,veh9,5,5,0,533.077,0,13.4596,8.63626,-81.2135,15.7628,5,0.065,0.045,0.0489444
juelich_pilot_d30_r5_log_distance_s02_w1,juelich,12345,2,2,log-distance,46,47,veh1,veh0,5,0,1,617.629,0,8.32612,13.4596,nan,nan,0,0.045,0.065,0.0489444
juelich_pilot_d30_r5_log_distance_s02_w1,juelich,12345,2,2,log-distance,46,47,veh1,veh10,5,5,0,264.619,1,8.32612,9.38176,-75.1301,21.8462,5,0.045,0.045,0.0489444
juelich_pilot_d30_r5_log_distance_s02_w1,juelich,12345,2,2,log-distance,46,47,veh1,veh11,5,5,0,32.6996,1,8.32612,7.32245,-56.9682,40.0081,5,0.045,0.045,0.0489444
juelich_pilot_d30_r5_log_distance_s02_w1,juelich,12345,2,2,log-distance,46,47,veh1,veh12,5,2,0.6,584.444,0,8.32612,8.58441,-81.9544,15.0219,2,0.045,0.045,0.0489444
juelich_pilot_d30_r5_log_distance_s02_w1,juelich,12345,2,2,log-distance,46,47,veh1,veh13,5,5,0,406.465,1,8.32612,7.57523,-78.858,18.1183,5,0.045,0.065,0.0489444
juelich_pilot_d30_r5_log_distance_s02_w1,juelich,12345,2,2,log-distance,46,47,veh1,veh14,5,0,1,690.697,0,8.32612,14.9904,nan,nan,0,0.045,0.045,0.0489444
juelich_pilot_d30_r5_log_distance_s02_w1,juelich,12345,2,2,log-distance,46,47,veh1,veh15,5,0,1,982.553,0,8.32612,9.20384,nan,nan,0,0.045,0.05,0.0489444
juelich_pilot_d30_r5_log_distance_s02_w1,juelich,12345,2,2,log-distance,46,47,veh1,veh17,5,0,1,877.162,0,8.32612,1.16008,nan,nan,0,0.045,0.055,0.0489444
juelich_pilot_d30_r5_log_distance_s02_w1,juelich,12345,2,2,log-distance,46,47,veh1,veh4,5,5,0,260.22,1,8.32612,9.51701,-74.9845,21.9918,5,0.045,0.063,0.0489444
juelich_pilot_d30_r5_log_distance_s02_w1,juelich,12345,2,2,log-distance,46,47,veh1,veh5,5,0,1,893.731,0,8.32612,7.28438,nan,nan,0,0.045,0.055,0.0489444
juelich_pilot_d30_r5_log_distance_s02_w1,juelich,12345,2,2,log-distance,46,47,veh1,veh6,5,5,0,289.631,1,8.32612,6.19727,-75.9144,21.0619,5,0.045,0.045,0.0489444
juelich_pilot_d30_r5_log_distance_s02_w1,juelich,12345,2,2,log-distance,46,47,veh1,veh7,5,0,1,861.386,0,8.32612,11.2065,nan,nan,0,0.045,0.053,0.0489444
juelich_pilot_d30_r5_log_distance_s02_w1,juelich,12345,2,2,log-distance,46,47,veh1,veh8,5,0,1,957.667,0,8.32612,7.15977,nan,nan,0,0.045,0.045,0.0489444
juelich_pilot_d30_r5_log_distance_s02_w1,juelich,12345,2,2,log-distance,46,47,veh1,veh9,5,5,0,90.1495,1,8.32612,8.63626,-65.777,31.1993,5,0.045,0.045,0.0489444
juelich_pilot_d30_r5_log_distance_s02_w1,juelich,12345,2,2,log-distance,46,47,veh10,veh0,5,5,0,478.169,1,9.38176,13.4596,-80.2693,16.707,5,0.045,0.065,0.0489444
juelich_pilot_d30_r5_log_distance_s02_w1,juelich,12345,2,2,log-distance,46,47,veh10,veh1,5,5,0,264.619,1,9.38176,8.32612,-75.1301,21.8462,5,0.045,0.045,0.0489444
juelich_pilot_d30_r5_log_distance_s02_w1,juelich,12345,2,2,log-distance,46,47,veh10,veh11,5,5,0,236.181,1,9.38176,7.32245,-74.1426,22.8337,5,0.045,0.045,0.0489444
juelich_pilot_d30_r5_log_distance_s02_w1,juelich,12345,2,2,log-distance,46,47,veh10,veh12,5,5,0,320.69,1,9.38176,8.58441,-76.7987,20.1775,5,0.045,0.045,0.0489444
juelich_pilot_d30_r5_log_distance_s02_w1,juelich,12345,2,2,log-distance,46,47,veh10,veh13,5,5,0,255.364,1,9.38176,7.57523,-74.8201,22.1562,5,0.045,0.065,0.0489444
juelich_pilot_d30_r5_log_distance_s02_w1,juelich,12345,2,2,log-distance,46,47,veh10,veh14,5,5,0,428.454,1,9.38176,14.9904,-79.3149,17.6614,5,0.045,0.045,0.0489444
juelich_pilot_d30_r5_log_distance_s02_w1,juelich,12345,2,2,log-distance,46,47,veh10,veh15,5,0,1,929.456,0,9.38176,9.20384,nan,nan,0,0.045,0.05,0.0489444
juelich_pilot_d30_r5_log_distance_s02_w1,juelich,12345,2,2,log-distance,46,47,veh10,veh17,5,0,1,921.784,0,9.38176,1.16008,nan,nan,0,0.045,0.055,0.0489444
juelich_pilot_d30_r5_log_distance_s02_w1,juelich,12345,2,2,log-distance,46,47,veh10,veh4,5,5,0,130.227,1,9.38176,9.51701,-68.971,28.0053,5,0.045,0.063,0.0489444
juelich_pilot_d30_r5_log_distance_s02_w1,juelich,12345,2,2,log-distance,46,47,veh10,veh5,5,0,1,896.854,0,9.38176,7.28438,nan,nan,0,0.045,0.055,0.0489444
juelich_pilot_d30_r5_log_distance_s02_w1,juelich,12345,2,2,log-distance,46,47,veh10,veh6,5,5,0,28.8961,1,9.38176,6.19727,-55.8785,41.0978,5,0.045,0.045,0.0489444
juelich_pilot_d30_r5_log_distance_s02_w1,juelich,12345,2,2,log-distance,46,47,veh10,veh7,5,0,1,949.213,0,9.38176,11.2065,nan,nan,0,0.045,0.053,0.0489444
juelich_pilot_d30_r5_log_distance_s02_w1,juelich,12345,2,2,log-distance,46,47,veh10,veh9,5,5,0,190.034,1,9.38176,8.63626,-72.2543,24.7219,5,0.045,0.045,0.0489444
juelich_pilot_d30_r5_log_distance_s02_w1,juelich,12345,2,2,log-distance,46,47,veh11,veh0,5,0,1,586.854,0,7.32245,13.4596,nan,nan,0,0.045,0.065,0.0489444
juelich_pilot_d30_r5_log_distance_s02_w1,juelich,12345,2,2,log-distance,46,47,veh11,veh1,5,5,0,32.6996,1,7.32245,8.32612,-56.9682,40.0081,5,0.045,0.045,0.0489444
juelich_pilot_d30_r5_log_distance_s02_w1,juelich,12345,2,2,log-distance,46,47,veh11,veh10,5,5,0,236.181,1,7.32245,9.38176,-74.1426,22.8337,5,0.045,0.045,0.0489444
juelich_pilot_d30_r5_log_distance_s02_w1,juelich,12345,2,2,log-distance,46,47,veh11,veh12,5,5,0,554.818,0,7.32245,8.58441,-81.5606,15.4157,5,0.045,0.045,0.0489444
juelich_pilot_d30_r5_log_distance_s02_w1,juelich,12345,2,2,log-distance,46,47,veh11,veh13,5,5,0,374.306,1,7.32245,7.57523,-78.142,18.8342,5,0.045,0.065,0.0489444
juelich_pilot_d30_r5_log_distance_s02_w1,juelich,12345,2,2,log-distance,46,47,veh11,veh14,5,0,1,660.435,0,7.32245,14.9904,nan,nan,0,0.045,0.045,0.0489444
juelich_pilot_d30_r5_log_distance_s02_w1,juelich,12345,2,2,log-distance,46,47,veh11,veh15,5,0,1,958.879,0,7.32245,9.20384,nan,nan,0,0.045,0.05,0.0489444
juelich_pilot_d30_r5_log_distance_s02_w1,juelich,12345,2,2,log-distance,46,47,veh11,veh17,5,0,1,863.058,0,7.32245,1.16008,nan,nan,0,0.045,0.055,0.0489444
juelich_pilot_d30_r5_log_distance_s02_w1,juelich,12345,2,2,log-distance,46,47,veh11,veh4,5,5,0,227.526,1,7.32245,9.51701,-73.8183,23.158,5,0.045,0.063,0.0489444
juelich_pilot_d30_r5_log_distance_s02_w1,juelich,12345,2,2,log-distance,46,47,veh11,veh5,5,0,1,875.093,0,7.32245,7.28438,nan,nan,0,0.045,0.055,0.0489444
juelich_pilot_d30_r5_log_distance_s02_w1,juelich,12345,2,2,log-distance,46,47,veh11,veh6,5,5,0,260.31,1,7.32245,6.19727,-74.9873,21.989,5,0.045,0.045,0.0489444
juelich_pilot_d30_r5_log_distance_s02_w1,juelich,12345,2,2,log-distance,46,47,veh11,veh7,5,0,1,852.661,0,7.32245,11.2065,nan,nan,0,0.045,0.053,0.0489444
juelich_pilot_d30_r5_log_distance_s02_w1,juelich,12345,2,2,log-distance,46,47,veh11,veh8,5,0,1,957.955,0,7.32245,7.15977,nan,nan,0,0.045,0.045,0.0489444
juelich_pilot_d30_r5_log_distance_s02_w1,juelich,12345,2,2,log-distance,46,47,veh11,veh9,5,5,0,57.4515,1,7.32245,8.63626,-61.8635,35.1127,5,0.045,0.045,0.0489444
juelich_pilot_d30_r5_log_distance_s02_w1,juelich,12345,2,2,log-distance,46,47,veh12,veh0,5,0,1,447.427,1,8.58441,13.4596,nan,nan,0,0.045,0.065,0.0489444
juelich_pilot_d30_r5_log_distance_s02_w1,juelich,12345,2,2,log-distance,46,47,veh12,veh1,5,0,1,584.444,0,8.58441,8.32612,nan,nan,0,0.045,0.045,0.0489444
juelich_pilot_d30_r5_log_distance_s02_w1,juelich,12345,2,2,log-distance,46,47,veh12,veh10,5,0,1,320.69,1,8.58441,9.38176,nan,nan,0,0.045,0.045,0.0489444
juelich_pilot_d30_r5_log_distance_s02_w1,juelich,12345,2,2,log-distance,46,47,veh12,veh11,5,0,1,554.818,0,8.58441,7.32245,nan,nan,0,0.045,0.045,0.0489444
juelich_pilot_d30_r5_log_distance_s02_w1,juelich,12345,2,2,log-distance,46,47,veh12,veh13,5,0,1,338.437,1,8.58441,7.57523,nan,nan,0,0.045,0.065,0.0489444
juelich_pilot_d30_r5_log_distance_s02_w1,juelich,12345,2,2,log-distance,46,47,veh12,veh14,5,5,0,110.18,1,8.58441,14.9904,-67.5164,11.2634,5,0.045,0.045,0.0489444
juelich_pilot_d30_r5_log_distance_s02_w1,juelich,12345,2,2,log-distance,46,47,veh12,veh15,5,0,1,929.5,0,8.58441,9.20384,nan,nan,0,0.045,0.05,0.0489444
juelich_pilot_d30_r5_log_distance_s02_w1,juelich,12345,2,2,log-distance,46,47,veh12,veh4,5,0,1,366.438,1,8.58441,9.51701,nan,nan,0,0.045,0.063,0.0489444
juelich_pilot_d30_r5_log_distance_s02_w1,juelich,12345,2,2,log-distance,46,47,veh12,veh5,5,0,1,967.669,0,8.58441,7.28438,nan,nan,0,0.045,0.055,0.0489444
juelich_pilot_d30_r5_log_distance_s02_w1,juelich,12345,2,2,log-distance,46,47,veh12,veh6,5,0,1,294.831,1,8.58441,6.19727,nan,nan,0,0.045,0.045,0.0489444
juelich_pilot_d30_r5_log_distance_s02_w1,juelich,12345,2,2,log-distance,46,47,veh12,veh9,5,0,1,504.028,0,8.58441,8.63626,nan,nan,0,0.045,0.045,0.0489444
juelich_pilot_d30_r5_log_distance_s02_w1,juelich,12345,2,2,log-distance,46,47,veh13,veh0,5,5,0,226.073,1,7.57523,13.4596,-73.761,5.85062,5,0.065,0.065,0.0489444
juelich_pilot_d30_r5_log_distance_s02_w1,juelich,12345,2,2,log-distance,46,47,veh13,veh1,5,0,1,406.465,1,7.57523,8.32612,nan,nan,0,0.065,0.045,0.0489444
juelich_pilot_d30_r5_log_distance_s02_w1,juelich,12345,2,2,log-distance,46,47,veh13,veh10,5,0,1,255.364,1,7.57523,9.38176,nan,nan,0,0.065,0.045,0.0489444
juelich_pilot_d30_r5_log_distance_s02_w1,juelich,12345,2,2,log-distance,46,47,veh13,veh11,5,0,1,374.306,1,7.57523,7.32245,nan,nan,0,0.065,0.045,0.0489444
juelich_pilot_d30_r5_log_distance_s02_w1,juelich,12345,2,2,log-distance,46,47,veh13,veh12,5,0,1,338.437,1,7.57523,8.58441,nan,nan,0,0.065,0.045,0.0489444
juelich_pilot_d30_r5_log_distance_s02_w1,juelich,12345,2,2,log-distance,46,47,veh13,veh14,5,0,1,405.913,1,7.57523,14.9904,nan,nan,0,0.065,0.045,0.0489444
juelich_pilot_d30_r5_log_distance_s02_w1,juelich,12345,2,2,log-distance,46,47,veh13,veh15,5,0,1,678.553,0,7.57523,9.20384,nan,nan,0,0.065,0.05,0.0489444
juelich_pilot_d30_r5_log_distance_s02_w1,juelich,12345,2,2,log-distance,46,47,veh13,veh17,5,0,1,714.38,0,7.57523,1.16008,nan,nan,0,0.065,0.055,0.0489444
juelich_pilot_d30_r5_log_distance_s02_w1,juelich,12345,2,2,log-distance,46,47,veh13,veh4,5,5,0,155.042,1,7.57523,9.51701,-70.4848,7.41866,5,0.065,0.063,0.0489444
juelich_pilot_d30_r5_log_distance_s02_w1,juelich,12345,2,2,log-distance,46,47,veh13,veh5,5,0,1,666.933,0,7.57523,7.28438,nan,nan,0,0.065,0.055,0.0489444
juelich_pilot_d30_r5_log_distance_s02_w1,juelich,12345,2,2,log-distance,46,47,veh13,veh6,5,0,1,236.139,1,7.57523,6.19727,nan,nan,0,0.065,0.045,0.0489444
juelich_pilot_d30_r5_log_distance_s02_w1,juelich,12345,2,2,log-distance,46,47,veh13,veh7,5,0,1,771.05,0,7.57523,11.2065,nan,nan,0,0.065,0.053,0.0489444
juelich_pilot_d30_r5_log_distance_s02_w1,juelich,12345,2,2,log-distance,46,47,veh13,veh8,5,0,1,969.99,0,7.57523,7.15977,nan,nan,0,0.065,0.045,0.0489444
juelich_pilot_d30_r5_log_distance_s02_w1,juelich,12345,2,2,log-distance,46,47,veh13,veh9,5,0,1,317.918,1,7.57523,8.63626,nan,nan,0,0.065,0.045,0.0489444
juelich_pilot_d30_r5_log_distance_s02_w1,juelich,12345,2,2,log-distance,46,47,veh14,veh0,5,5,0,463.144,1,14.9904,13.4596,-79.992,16.9843,5,0.045,0.065,0.0489444
juelich_pilot_d30_r5_log_distance_s02_w1,juelich,12345,2,2,log-distance,46,47,veh14,veh1,5,0,1,690.697,0,14.9904,8.32612,nan,nan,0,0.045,0.045,0.0489444
juelich_pilot_d30_r5_log_distance_s02_w1,juelich,12345,2,2,log-distance,46,47,veh14,veh10,5,5,0,428.454,1,14.9904,9.38176,-79.3149,17.6614,5,0.045,0.045,0.0489444
juelich_pilot_d30_r5_log_distance_s02_w1,juelich,12345,2,2,log-distance,46,47,veh14,veh11,5,0,1,660.435,0,14.9904,7.32245,nan,nan,0,0.045,0.045,0.0489444
juelich_pilot_d30_r5_log_distance_s02_w1,juelich,12345,2,2,log-distance,46,47,veh14,veh12,5,5,0,110.18,1,14.9904,8.58441,-67.5164,29.4599,5,0.045,0.045,0.0489444
juelich_pilot_d30_r5_log_distance_s02_w1,juelich,12345,2,2,log-distance,46,47,veh14,veh13,5,5,0,405.913,1,14.9904,7.57523,-78.846,18.1302,5,0.045,0.065,0.0489444
juelich_pilot_d30_r5_log_distance_s02_w1,juelich,12345,2,2,log-distance,46,47,veh14,veh15,5,0,1,928.671,0,14.9904,9.20384,nan,nan,0,0.045,0.05,0.0489444
juelich_pilot_d30_r5_log_distance_s02_w1,juelich,12345,2,2,log-distance,46,47,veh14,veh4,5,5,0,461.663,1,14.9904,9.51701,-79.964,17.0123,5,0.045,0.063,0.0489444
juelich_pilot_d30_r5_log_distance_s02_w1,juelich,12345,2,2,log-distance,46,47,veh14,veh5,5,0,1,989.892,0,14.9904,7.28438,nan,nan,0,0.045,0.055,0.0489444
juelich_pilot_d30_r5_log_distance_s02_w1,juelich,12345,2,2,log-distance,46,47,veh14,veh6,5,5,0,401.788,1,14.9904,6.19727,-78.7572,18.2191,5,0.045,0.045,0.0489444
juelich_pilot_d30_r5_log_distance_s02_w1,juelich,12345,2,2,log-distance,46,47,veh14,veh9,5,0,1,608.18,0,14.9904,8.63626,nan,nan,0,0.045,0.045,0.0489444
juelich_pilot_d30_r5_log_distance_s02_w1,juelich,12345,2,2,log-distance,46,47,veh15,veh0,5,5,0,485.479,1,9.20384,13.4596,-80.4009,16.5754,5,0.05,0.065,0.0489444
juelich_pilot_d30_r5_log_distance_s02_w1,juelich,12345,2,2,log-distance,46,47,veh15,veh1,5,0,1,982.553,0,9.20384,8.32612,nan,nan,0,0.05,0.045,0.0489444
juelich_pilot_d30_r5_log_distance_s02_w1,juelich,12345,2,2,log-distance,46,47,veh15,veh10,5,0,1,929.456,0,9.20384,9.38176,nan,nan,0,0.05,0.045,0.0489444
juelich_pilot_d30_r5_log_distance_s02_w1,juelich,12345,2,2,log-distance,46,47,veh15,veh11,5,0,1,958.879,0,9.20384,7.32245,nan,nan,0,0.05,0.045,0.0489444
juelich_pilot_d30_r5_log_distance_s02_w1,juelich,12345,2,2,log-distance,46,47,veh15,veh12,5,0,1,929.5,0,9.20384,8.58441,nan,nan,0,0.05,0.045,0.0489444
juelich_pilot_d30_r5_log_distance_s02_w1,juelich,12345,2,2,log-distance,46,47,veh15,veh13,5,0,1,678.553,0,9.20384,7.57523,nan,nan,0,0.05,0.065,0.0489444
juelich_pilot_d30_r5_log_distance_s02_w1,juelich,12345,2,2,log-distance,46,47,veh15,veh14,5,0,1,928.671,0,9.20384,14.9904,nan,nan,0,0.05,0.045,0.0489444
juelich_pilot_d30_r5_log_distance_s02_w1,juelich,12345,2,2,log-distance,46,47,veh15,veh16,5,0,1,630.01,0,9.20384,6.64508,nan,nan,0,0.05,0.04,0.0489444
juelich_pilot_d30_r5_log_distance_s02_w1,juelich,12345,2,2,log-distance,46,47,veh15,veh17,5,5,0,347.213,1,9.20384,1.16008,-77.4896,19.4867,5,0.05,0.055,0.0489444
juelich_pilot_d30_r5_log_distance_s02_w1,juelich,12345,2,2,log-distance,46,47,veh15,veh2,5,0,1,987.336,0,9.20384,0,nan,nan,0,0.05,0.035,0.0489444
juelich_pilot_d30_r5_log_distance_s02_w1,juelich,12345,2,2,log-distance,46,47,veh15,veh3,5,0,1,807.42,0,9.20384,12.7588,nan,nan,0,0.05,0.04,0.0489444
juelich_pilot_d30_r5_log_distance_s02_w1,juelich,12345,2,2,log-distance,46,47,veh15,veh4,5,0,1,808.237,0,9.20384,9.51701,nan,nan,0,0.05,0.063,0.0489444
juelich_pilot_d30_r5_log_distance_s02_w1,juelich,12345,2,2,log-distance,46,47,veh15,veh5,5,5,0,206.732,1,9.20384,7.28438,-72.9851,23.9912,5,0.05,0.055,0.0489444
juelich_pilot_d30_r5_log_distance_s02_w1,juelich,12345,2,2,log-distance,46,47,veh15,veh6,5,0,1,913.167,0,9.20384,6.19727,nan,nan,0,0.05,0.045,0.0489444
juelich_pilot_d30_r5_log_distance_s02_w1,juelich,12345,2,2,log-distance,46,47,veh15,veh7,5,5,0,499.193,1,9.20384,11.2065,-80.6431,16.3332,5,0.05,0.053,0.0489444
juelich_pilot_d30_r5_log_distance_s02_w1,juelich,12345,2,2,log-distance,46,47,veh15,veh8,5,0,1,767.359,0,9.20384,7.15977,nan,nan,0,0.05,0.045,0.0489444
juelich_pilot_d30_r5_log_distance_s02_w1,juelich,12345,2,2,log-distance,46,47,veh15,veh9,5,0,1,918.122,0,9.20384,8.63626,nan,nan,0,0.05,0.045,0.0489444
juelich_pilot_d30_r5_log_distance_s02_w1,juelich,12345,2,2,log-distance,46,47,veh16,veh15,5,0,1,630.01,0,6.64508,9.20384,nan,nan,0,0.04,0.05,0.0489444
juelich_pilot_d30_r5_log_distance_s02_w1,juelich,12345,2,2,log-distance,46,47,veh16,veh17,5,5,0,576.772,0,6.64508,1.16008,-81.8978,15.0785,5,0.04,0.055,0.0489444
juelich_pilot_d30_r5_log_distance_s02_w1,juelich,12345,2,2,log-distance,46,47,veh16,veh2,5,0,1,661.577,0,6.64508,0,nan,nan,0,0.04,0.035,0.0489444
juelich_pilot_d30_r5_log_distance_s02_w1,juelich,12345,2,2,log-distance,46,47,veh16,veh3,5,5,0,555.945,0,6.64508,12.7588,-81.5783,15.398,5,0.04,0.04,0.0489444
juelich_pilot_d30_r5_log_distance_s02_w1,juelich,12345,2,2,log-distance,46,47,veh16,veh5,5,0,1,586.309,0,6.64508,7.28438,nan,nan,0,0.04,0.055,0.0489444
juelich_pilot_d30_r5_log_distance_s02_w1,juelich,12345,2,2,log-distance,46,47,veh16,veh7,5,0,1,626.111,0,6.64508,11.2065,nan,nan,0,0.04,0.053,0.0489444
juelich_pilot_d30_r5_log_distance_s02_w1,juelich,12345,2,2,log-distance,46,47,veh16,veh8,5,0,1,732.986,0,6.64508,7.15977,nan,nan,0,0.04,0.045,0.0489444
juelich_pilot_d30_r5_log_distance_s02_w1,juelich,12345,2,2,log-distance,46,47,veh17,veh0,5,0,1,612.122,0,1.16008,13.4596,nan,nan,0,0.055,0.065,0.0489444
juelich_pilot_d30_r5_log_distance_s02_w1,juelich,12345,2,2,log-distance,46,47,veh17,veh1,5,0,1,877.162,0,1.16008,8.32612,nan,nan,0,0.055,0.045,0.0489444
juelich_pilot_d30_r5_log_distance_s02_w1,juelich,12345,2,2,log-distance,46,47,veh17,veh10,5,0,1,921.784,0,1.16008,9.38176,nan,nan,0,0.055,0.045,0.0489444
juelich_pilot_d30_r5_log_distance_s02_w1,juelich,12345,2,2,log-distance,46,47,veh17,veh11,5,0,1,863.058,0,1.16008,7.32245,nan,nan,0,0.055,0.045,0.0489444
juelich_pilot_d30_r5_log_distance_s02_w1,juelich,12345,2,2,log-distance,46,47,veh17,veh13,5,0,1,714.38,0,1.16008,7.57523,nan,nan,0,0.055,0.065,0.0489444
juelich_pilot_d30_r5_log_distance_s02_w1,juelich,12345,2,2,log-distance,46,47,veh17,veh15,5,5,0,347.213,1,1.16008,9.20384,-77.4896,19.4867,5,0.055,0.05,0.0489444
juelich_pilot_d30_r5_log_distance_s02_w1,juelich,12345,2,2,log-distance,46,47,veh17,veh16,5,5,0,576.772,0,1.16008,6.64508,-81.8978,15.0785,5,0.055,0.04,0.0489444
juelich_pilot_d30_r5_log_distance_s02_w1,juelich,12345,2,2,log-distance,46,47,veh17,veh2,5,0,1,683.712,0,1.16008,0,nan,nan,0,0.055,0.035,0.0489444
juelich_pilot_d30_r5_log_distance_s02_w1,juelich,12345,2,2,log-distance,46,47,veh17,veh3,5,5,0,501.389,0,1.16008,12.7588,-80.681,16.2953,5,0.055,0.04,0.0489444
juelich_pilot_d30_r5_log_distance_s02_w1,juelich,12345,2,2,log-distance,46,47,veh17,veh4,5,0,1,791.63,0,1.16008,9.51701,nan,nan,0,0.055,0.063,0.0489444
juelich_pilot_d30_r5_log_distance_s02_w1,juelich,12345,2,2,log-distance,46,47,veh17,veh5,5,5,0,141.374,1,1.16008,7.28438,-69.6841,27.2922,5,0.055,0.055,0.0489444
juelich_pilot_d30_r5_log_distance_s02_w1,juelich,12345,2,2,log-distance,46,47,veh17,veh6,5,0,1,915.479,0,1.16008,6.19727,nan,nan,0,0.055,0.045,0.0489444
juelich_pilot_d30_r5_log_distance_s02_w1,juelich,12345,2,2,log-distance,46,47,veh17,veh7,5,5,0,152.245,1,1.16008,11.2065,-70.3285,26.6478,5,0.055,0.053,0.0489444
juelich_pilot_d30_r5_log_distance_s02_w1,juelich,12345,2,2,log-distance,46,47,veh17,veh8,5,5,0,420.831,1,1.16008,7.15977,-79.1598,17.8165,5,0.055,0.045,0.0489444
juelich_pilot_d30_r5_log_distance_s02_w1,juelich,12345,2,2,log-distance,46,47,veh17,veh9,5,0,1,840.14,0,1.16008,8.63626,nan,nan,0,0.055,0.045,0.0489444
juelich_pilot_d30_r5_log_distance_s02_w1,juelich,12345,2,2,log-distance,46,47,veh2,veh15,5,0,1,987.336,0,0,9.20384,nan,nan,0,0.035,0.05,0.0489444
juelich_pilot_d30_r5_log_distance_s02_w1,juelich,12345,2,2,log-distance,46,47,veh2,veh16,5,0,1,661.577,0,0,6.64508,nan,nan,0,0.035,0.04,0.0489444
juelich_pilot_d30_r5_log_distance_s02_w1,juelich,12345,2,2,log-distance,46,47,veh2,veh17,5,0,1,683.712,0,0,1.16008,nan,nan,0,0.035,0.055,0.0489444
juelich_pilot_d30_r5_log_distance_s02_w1,juelich,12345,2,2,log-distance,46,47,veh2,veh3,5,5,0,182.635,1,0,12.7588,-71.9077,17.6964,5,0.035,0.04,0.0489444
juelich_pilot_d30_r5_log_distance_s02_w1,juelich,12345,2,2,log-distance,46,47,veh2,veh5,5,0,1,808.731,0,0,7.28438,nan,nan,0,0.035,0.055,0.0489444
juelich_pilot_d30_r5_log_distance_s02_w1,juelich,12345,2,2,log-distance,46,47,veh2,veh7,5,5,0,573.966,0,0,11.2065,-81.8553,5.54465,5,0.035,0.053,0.0489444
juelich_pilot_d30_r5_log_distance_s02_w1,juelich,12345,2,2,log-distance,46,47,veh2,veh8,5,5,0,386.368,1,0,7.15977,-78.4177,10.2877,5,0.035,0.045,0.0489444
juelich_pilot_d30_r5_log_distance_s02_w1,juelich,12345,2,2,log-distance,46,47,veh3,veh15,5,0,1,807.42,0,12.7588,9.20384,nan,nan,0,0.04,0.05,0.0489444
juelich_pilot_d30_r5_log_distance_s02_w1,juelich,12345,2,2,log-distance,46,47,veh3,veh16,5,5,0,555.945,0,12.7588,6.64508,-81.5783,15.398,5,0.04,0.04,0.0489444
juelich_pilot_d30_r5_log_distance_s02_w1,juelich,12345,2,2,log-distance,46,47,veh3,veh17,5,5,0,501.389,0,12.7588,1.16008,-80.681,16.2953,5,0.04,0.055,0.0489444
juelich_pilot_d30_r5_log_distance_s02_w1,juelich,12345,2,2,log-distance,46,47,veh3,veh2,5,5,0,182.635,1,12.7588,0,-71.9077,25.0686,5,0.04,0.035,0.0489444
juelich_pilot_d30_r5_log_distance_s02_w1,juelich,12345,2,2,log-distance,46,47,veh3,veh5,5,0,1,626.284,0,12.7588,7.28438,nan,nan,0,0.04,0.055,0.0489444
juelich_pilot_d30_r5_log_distance_s02_w1,juelich,12345,2,2,log-distance,46,47,veh3,veh7,5,5,0,397.626,1,12.7588,11.2065,-78.6672,18.3091,5,0.04,0.053,0.0489444
juelich_pilot_d30_r5_log_distance_s02_w1,juelich,12345,2,2,log-distance,46,47,veh3,veh8,5,5,0,263.095,1,12.7588,7.15977,-75.0798,21.8965,5,0.04,0.045,0.0489444
juelich_pilot_d30_r5_log_distance_s02_w1,juelich,12345,2,2,log-distance,46,47,veh4,veh0,5,5,0,379.495,1,9.51701,13.4596,-78.2618,18.7145,5,0.063,0.065,0.0489444
juelich_pilot_d30_r5_log_distance_s02_w1,juelich,12345,2,2,log-distance,46,47,veh4,veh1,5,5,0,260.22,1,9.51701,8.32612,-74.9845,21.9918,5,0.063,0.045,0.0489444
juelich_pilot_d30_r5_log_distance_s02_w1,juelich,12345,2,2,log-distance,46,47,veh4,veh10,5,5,0,130.227,1,9.51701,9.38176,-68.971,28.0053,5,0.063,0.045,0.0489444
juelich_pilot_d30_r5_log_distance_s02_w1,juelich,12345,2,2,log-distance,46,47,veh4,veh11,5,5,0,227.526,1,9.51701,7.32245,-73.8183,23.158,5,0.063,0.045,0.0489444
juelich_pilot_d30_r5_log_distance_s02_w1,juelich,12345,2,2,log-distance,46,47,veh4,veh12,5,5,0,366.438,1,9.51701,8.58441,-77.9576,19.0187,5,0.063,0.045,0.0489444
juelich_pilot_d30_r5_log_distance_s02_w1,juelich,12345,2,2,log-distance,46,47,veh4,veh13,5,5,0,155.042,1,9.51701,7.57523,-70.4848,26.4915,5,0.063,0.065,0.0489444
juelich_pilot_d30_r5_log_distance_s02_w1,juelich,12345,2,2,log-distance,46,47,veh4,veh14,5,5,0,461.663,1,9.51701,14.9904,-79.964,17.0123,5,0.063,0.045,0.0489444
juelich_pilot_d30_r5_log_distance_s02_w1,juelich,12345,2,2,log-distance,46,47,veh4,veh15,5,0,1,808.237,0,9.51701,9.20384,nan,nan,0,0.063,0.05,0.0489444
juelich_pilot_d30_r5_log_distance_s02_w1,juelich,12345,2,2,log-distance,46,47,veh4,veh17,5,0,1,791.63,0,9.51701,1.16008,nan,nan,0,0.063,0.055,0.0489444
juelich_pilot_d30_r5_log_distance_s02_w1,juelich,12345,2,2,log-distance,46,47,veh4,veh5,5,0,1,767.786,0,9.51701,7.28438,nan,nan,0,0.063,0.055,0.0489444
juelich_pilot_d30_r5_log_distance_s02_w1,juelich,12345,2,2,log-distance,46,47,veh4,veh6,5,5,0,125.778,1,9.51701,6.19727,-68.6697,28.3066,5,0.063,0.045,0.0489444
juelich_pilot_d30_r5_log_distance_s02_w1,juelich,12345,2,2,log-distance,46,47,veh4,veh7,5,0,1,821.705,0,9.51701,11.2065,nan,nan,0,0.063,0.053,0.0489444
juelich_pilot_d30_r5_log_distance_s02_w1,juelich,12345,2,2,log-distance,46,47,veh4,veh8,5,0,1,986.209,0,9.51701,7.15977,nan,nan,0,0.063,0.045,0.0489444
juelich_pilot_d30_r5_log_distance_s02_w1,juelich,12345,2,2,log-distance,46,47,veh4,veh9,5,5,0,170.079,1,9.51701,8.63626,-71.2906,25.6857,5,0.063,0.045,0.0489444
juelich_pilot_d30_r5_log_distance_s02_w1,juelich,12345,2,2,log-distance,46,47,veh5,veh0,5,5,0,526.853,0,7.28438,13.4596,-81.1115,15.8648,5,0.055,0.065,0.0489444
juelich_pilot_d30_r5_log_distance_s02_w1,juelich,12345,2,2,log-distance,46,47,veh5,veh1,5,0,1,893.731,0,7.28438,8.32612,nan,nan,0,0.055,0.045,0.0489444
juelich_pilot_d30_r5_log_distance_s02_w1,juelich,12345,2,2,log-distance,46,47,veh5,veh10,5,0,1,896.854,0,7.28438,9.38176,nan,nan,0,0.055,0.045,0.0489444
juelich_pilot_d30_r5_log_distance_s02_w1,juelich,12345,2,2,log-distance,46,47,veh5,veh11,5,0,1,875.093,0,7.28438,7.32245,nan,nan,0,0.055,0.045,0.0489444
juelich_pilot_d30_r5_log_distance_s02_w1,juelich,12345,2,2,log-distance,46,47,veh5,veh12,5,0,1,967.669,0,7.28438,8.58441,nan,nan,0,0.055,0.045,0.0489444
juelich_pilot_d30_r5_log_distance_s02_w1,juelich,12345,2,2,log-distance,46,47,veh5,veh13,5,0,1,666.933,0,7.28438,7.57523,nan,nan,0,0.055,0.065,0.0489444
juelich_pilot_d30_r5_log_distance_s02_w1,juelich,12345,2,2,log-distance,46,47,veh5,veh14,5,0,1,989.892,0,7.28438,14.9904,nan,nan,0,0.055,0.045,0.0489444
juelich_pilot_d30_r5_log_distance_s02_w1,juelich,12345,2,2,log-distance,46,47,veh5,veh15,5,5,0,206.732,1,7.28438,9.20384,-72.9851,23.9912,5,0.055,0.05,0.0489444
juelich_pilot_d30_r5_log_distance_s02_w1,juelich,12345,2,2,log-distance,46,47,veh5,veh16,5,0,1,586.309,0,7.28438,6.64508,nan,nan,0,0.055,0.04,0.0489444
juelich_pilot_d30_r5_log_distance_s02_w1,juelich,12345,2,2,log-distance,46,47,veh5,veh17,5,5,0,141.374,1,7.28438,1.16008,-69.6841,27.2922,5,0.055,0.055,0.0489444
juelich_pilot_d30_r5_log_distance_s02_w1,juelich,12345,2,2,log-distance,46,47,veh5,veh2,5,0,1,808.731,0,7.28438,0,nan,nan,0,0.055,0.035,0.0489444
juelich_pilot_d30_r5_log_distance_s02_w1,juelich,12345,2,2,log-distance,46,47,veh5,veh3,5,0,1,626.284,0,7.28438,12.7588,nan,nan,0,0.055,0.04,0.0489444
juelich_pilot_d30_r5_log_distance_s02_w1,juelich,12345,2,2,log-distance,46,47,veh5,veh4,5,0,1,767.786,0,7.28438,9.51701,nan,nan,0,0.055,0.063,0.0489444
juelich_pilot_d30_r5_log_distance_s02_w1,juelich,12345,2,2,log-distance,46,47,veh5,veh6,5,0,1,886.313,0,7.28438,6.19727,nan,nan,0,0.055,0.045,0.0489444
juelich_pilot_d30_r5_log_distance_s02_w1,juelich,12345,2,2,log-distance,46,47,veh5,veh7,5,5,0,292.745,1,7.28438,11.2065,-76.007,20.9693,5,0.055,0.053,0.0489444
juelich_pilot_d30_r5_log_distance_s02_w1,juelich,12345,2,2,log-distance,46,47,veh5,veh8,5,5,0,562.202,0,7.28438,7.15977,-81.6755,15.3007,5,0.055,0.045,0.0489444
juelich_pilot_d30_r5_log_distance_s02_w1,juelich,12345,2,2,log-distance,46,47,veh5,veh9,5,0,1,843.825,0,7.28438,8.63626,nan,nan,0,0.055,0.045,0.0489444
juelich_pilot_d30_r5_log_distance_s02_w1,juelich,12345,2,2,log-distance,46,47,veh6,veh0,5,5,0,456.272,1,6.19727,13.4596,-79.8621,17.1141,5,0.045,0.065,0.0489444
juelich_pilot_d30_r5_log_distance_s02_w1,juelich,12345,2,2,log-distance,46,47,veh6,veh1,5,5,0,289.631,1,6.19727,8.32612,-75.9144,21.0619,5,0.045,0.045,0.0489444
juelich_pilot_d30_r5_log_distance_s02_w1,juelich,12345,2,2,log-distance,46,47,veh6,veh10,5,5,0,28.8961,1,6.19727,9.38176,-55.8785,41.0978,5,0.045,0.045,0.0489444
juelich_pilot_d30_r5_log_distance_s02_w1,juelich,12345,2,2,log-distance,46,47,veh6,veh11,5,5,0,260.31,1,6.19727,7.32245,-74.9873,21.989,5,0.045,0.045,0.0489444
juelich_pilot_d30_r5_log_distance_s02_w1,juelich,12345,2,2,log-distance,46,47,veh6,veh12,5,5,0,294.831,1,6.19727,8.58441,-76.069,20.9073,5,0.045,0.045,0.0489444
juelich_pilot_d30_r5_log_distance_s02_w1,juelich,12345,2,2,log-distance,46,47,veh6,veh13,5,5,0,236.139,1,6.19727,7.57523,-74.1402,22.8361,5,0.045,0.065,0.0489444
juelich_pilot_d30_r5_log_distance_s02_w1,juelich,12345,2,2,log-distance,46,47,veh6,veh14,5,5,0,401.788,1,6.19727,14.9904,-78.7572,18.2191,5,0.045,0.045,0.0489444
juelich_pilot_d30_r5_log_distance_s02_w1,juelich,12345,2,2,log-distance,46,47,veh6,veh15,5,0,1,913.167,0,6.19727,9.20384,nan,nan,0,0.045,0.05,0.0489444
juelich_pilot_d30_r5_log_distance_s02_w1,juelich,12345,2,2,log-distance,46,47,veh6,veh17,5,0,1,915.479,0,6.19727,1.16008,nan,nan,0,0.045,0.055,0.0489444
juelich_pilot_d30_r5_log_distance_s02_w1,juelich,12345,2,2,log-distance,46,47,veh6,veh4,5,5,0,125.778,1,6.19727,9.51701,-68.6697,28.3066,5,0.045,0.063,0.0489444
juelich_pilot_d30_r5_log_distance_s02_w1,juelich,12345,2,2,log-distance,46,47,veh6,veh5,5,0,1,886.313,0,6.19727,7.28438,nan,nan,0,0.045,0.055,0.0489444
juelich_pilot_d30_r5_log_distance_s02_w1,juelich,12345,2,2,log-distance,46,47,veh6,veh7,5,0,1,947.479,0,6.19727,11.2065,nan,nan,0,0.045,0.053,0.0489444
juelich_pilot_d30_r5_log_distance_s02_w1,juelich,12345,2,2,log-distance,46,47,veh6,veh9,5,5,0,211.616,1,6.19727,8.63626,-73.1882,23.7881,5,0.045,0.045,0.0489444
juelich_pilot_d30_r5_log_distance_s02_w1,juelich,12345,2,2,log-distance,46,47,veh7,veh0,5,0,1,708.25,0,11.2065,13.4596,nan,nan,0,0.053,0.065,0.0489444
juelich_pilot_d30_r5_log_distance_s02_w1,juelich,12345,2,2,log-distance,46,47,veh7,veh1,5,0,1,861.386,0,11.2065,8.32612,nan,nan,0,0.053,0.045,0.0489444
juelich_pilot_d30_r5_log_distance_s02_w1,juelich,12345,2,2,log-distance,46,47,veh7,veh10,5,0,1,949.213,0,11.2065,9.38176,nan,nan,0,0.053,0.045,0.0489444
juelich_pilot_d30_r5_log_distance_s02_w1,juelich,12345,2,2,log-distance,46,47,veh7,veh11,5,0,1,852.661,0,11.2065,7.32245,nan,nan,0,0.053,0.045,0.0489444
juelich_pilot_d30_r5_log_distance_s02_w1,juelich,12345,2,2,log-distance,46,47,veh7,veh13,5,0,1,771.05,0,11.2065,7.57523,nan,nan,0,0.053,0.065,0.0489444
juelich_pilot_d30_r5_log_distance_s02_w1,juelich,12345,2,2,log-distance,46,47,veh7,veh15,5,5,0,499.193,1,11.2065,9.20384,-80.6431,16.3332,5,0.053,0.05,0.0489444
juelich_pilot_d30_r5_log_distance_s02_w1,juelich,12345,2,2,log-distance,46,47,veh7,veh16,5,0,1,626.111,0,11.2065,6.64508,nan,nan,0,0.053,0.04,0.0489444
juelich_pilot_d30_r5_log_distance_s02_w1,juelich,12345,2,2,log-distance,46,47,veh7,veh17,5,5,0,152.245,1,11.2065,1.16008,-70.3285,26.6478,5,0.053,0.055,0.0489444
juelich_pilot_d30_r5_log_distance_s02_w1,juelich,12345,2,2,log-distance,46,47,veh7,veh2,5,5,0,573.966,0,11.2065,0,-81.8553,15.121,5,0.053,0.035,0.0489444
juelich_pilot_d30_r5_log_distance_s02_w1,juelich,12345,2,2,log-distance,46,47,veh7,veh3,5,5,0,397.626,1,11.2065,12.7588,-78.6672,18.3091,5,0.053,0.04,0.0489444
juelich_pilot_d30_r5_log_distance_s02_w1,juelich,12345,2,2,log-distance,46,47,veh7,veh4,5,0,1,821.705,0,11.2065,9.51701,nan,nan,0,0.053,0.063,0.0489444
juelich_pilot_d30_r5_log_distance_s02_w1,juelich,12345,2,2,log-distance,46,47,veh7,veh5,5,5,0,292.745,1,11.2065,7.28438,-76.007,20.9693,5,0.053,0.055,0.0489444
juelich_pilot_d30_r5_log_distance_s02_w1,juelich,12345,2,2,log-distance,46,47,veh7,veh6,5,0,1,947.479,0,11.2065,6.19727,nan,nan,0,0.053,0.045,0.0489444
juelich_pilot_d30_r5_log_distance_s02_w1,juelich,12345,2,2,log-distance,46,47,veh7,veh8,5,5,0,271.303,1,11.2065,7.15977,-75.3464,21.6299,5,0.053,0.045,0.0489444
juelich_pilot_d30_r5_log_distance_s02_w1,juelich,12345,2,2,log-distance,46,47,veh7,veh9,5,0,1,839.515,0,11.2065,8.63626,nan,nan,0,0.053,0.045,0.0489444
juelich_pilot_d30_r5_log_distance_s02_w1,juelich,12345,2,2,log-distance,46,47,veh8,veh0,5,0,1,948.497,0,7.15977,13.4596,nan,nan,0,0.045,0.065,0.0489444
juelich_pilot_d30_r5_log_distance_s02_w1,juelich,12345,2,2,log-distance,46,47,veh8,veh1,5,0,1,957.667,0,7.15977,8.32612,nan,nan,0,0.045,0.045,0.0489444
juelich_pilot_d30_r5_log_distance_s02_w1,juelich,12345,2,2,log-distance,46,47,veh8,veh11,5,0,1,957.955,0,7.15977,7.32245,nan,nan,0,0.045,0.045,0.0489444
juelich_pilot_d30_r5_log_distance_s02_w1,juelich,12345,2,2,log-distance,46,47,veh8,veh13,5,0,1,969.99,0,7.15977,7.57523,nan,nan,0,0.045,0.065,0.0489444
juelich_pilot_d30_r5_log_distance_s02_w1,juelich,12345,2,2,log-distance,46,47,veh8,veh15,5,0,1,767.359,0,7.15977,9.20384,nan,nan,0,0.045,0.05,0.0489444
juelich_pilot_d30_r5_log_distance_s02_w1,juelich,12345,2,2,log-distance,46,47,veh8,veh16,5,0,1,732.986,0,7.15977,6.64508,nan,nan,0,0.045,0.04,0.0489444
juelich_pilot_d30_r5_log_distance_s02_w1,juelich,12345,2,2,log-distance,46,47,veh8,veh17,5,5,0,420.831,1,7.15977,1.16008,-79.1598,17.8165,5,0.045,0.055,0.0489444
juelich_pilot_d30_r5_log_distance_s02_w1,juelich,12345,2,2,log-distance,46,47,veh8,veh2,5,5,0,386.368,1,7.15977,0,-78.4177,18.5586,5,0.045,0.035,0.0489444
juelich_pilot_d30_r5_log_distance_s02_w1,juelich,12345,2,2,log-distance,46,47,veh8,veh3,5,5,0,263.095,1,7.15977,12.7588,-75.0798,21.8965,5,0.045,0.04,0.0489444
juelich_pilot_d30_r5_log_distance_s02_w1,juelich,12345,2,2,log-distance,46,47,veh8,veh4,5,0,1,986.209,0,7.15977,9.51701,nan,nan,0,0.045,0.063,0.0489444
juelich_pilot_d30_r5_log_distance_s02_w1,juelich,12345,2,2,log-distance,46,47,veh8,veh5,5,5,0,562.202,0,7.15977,7.28438,-81.6755,15.3007,5,0.045,0.055,0.0489444
juelich_pilot_d30_r5_log_distance_s02_w1,juelich,12345,2,2,log-distance,46,47,veh8,veh7,5,5,0,271.303,1,7.15977,11.2065,-75.3464,21.6299,5,0.045,0.053,0.0489444
juelich_pilot_d30_r5_log_distance_s02_w1,juelich,12345,2,2,log-distance,46,47,veh8,veh9,5,0,1,960.465,0,7.15977,8.63626,nan,nan,0,0.045,0.045,0.0489444
juelich_pilot_d30_r5_log_distance_s02_w1,juelich,12345,2,2,log-distance,46,47,veh9,veh0,5,5,0,533.077,0,8.63626,13.4596,-81.2135,15.7628,5,0.045,0.065,0.0489444
juelich_pilot_d30_r5_log_distance_s02_w1,juelich,12345,2,2,log-distance,46,47,veh9,veh1,5,5,0,90.1495,1,8.63626,8.32612,-65.777,31.1993,5,0.045,0.045,0.0489444
juelich_pilot_d30_r5_log_distance_s02_w1,juelich,12345,2,2,log-distance,46,47,veh9,veh10,5,5,0,190.034,1,8.63626,9.38176,-72.2543,24.7219,5,0.045,0.045,0.0489444
juelich_pilot_d30_r5_log_distance_s02_w1,juelich,12345,2,2,log-distance,46,47,veh9,veh11,5,5,0,57.4515,1,8.63626,7.32245,-61.8635,35.1127,5,0.045,0.045,0.0489444
juelich_pilot_d30_r5_log_distance_s02_w1,juelich,12345,2,2,log-distance,46,47,veh9,veh12,5,5,0,504.028,0,8.63626,8.58441,-80.7265,16.2497,5,0.045,0.045,0.0489444
juelich_pilot_d30_r5_log_distance_s02_w1,juelich,12345,2,2,log-distance,46,47,veh9,veh13,5,5,0,317.918,1,8.63626,7.57523,-76.7237,20.2526,5,0.045,0.065,0.0489444
juelich_pilot_d30_r5_log_distance_s02_w1,juelich,12345,2,2,log-distance,46,47,veh9,veh14,5,0,1,608.18,0,8.63626,14.9904,nan,nan,0,0.045,0.045,0.0489444
juelich_pilot_d30_r5_log_distance_s02_w1,juelich,12345,2,2,log-distance,46,47,veh9,veh15,5,0,1,918.122,0,8.63626,9.20384,nan,nan,0,0.045,0.05,0.0489444
juelich_pilot_d30_r5_log_distance_s02_w1,juelich,12345,2,2,log-distance,46,47,veh9,veh17,5,0,1,840.14,0,8.63626,1.16008,nan,nan,0,0.045,0.055,0.0489444
juelich_pilot_d30_r5_log_distance_s02_w1,juelich,12345,2,2,log-distance,46,47,veh9,veh4,5,5,0,170.079,1,8.63626,9.51701,-71.2906,25.6857,5,0.045,0.063,0.0489444
juelich_pilot_d30_r5_log_distance_s02_w1,juelich,12345,2,2,log-distance,46,47,veh9,veh5,5,0,1,843.825,0,8.63626,7.28438,nan,nan,0,0.045,0.055,0.0489444
juelich_pilot_d30_r5_log_distance_s02_w1,juelich,12345,2,2,log-distance,46,47,veh9,veh6,5,5,0,211.616,1,8.63626,6.19727,-73.1882,23.7881,5,0.045,0.045,0.0489444
juelich_pilot_d30_r5_log_distance_s02_w1,juelich,12345,2,2,log-distance,46,47,veh9,veh7,5,0,1,839.515,0,8.63626,11.2065,nan,nan,0,0.045,0.053,0.0489444
juelich_pilot_d30_r5_log_distance_s02_w1,juelich,12345,2,2,log-distance,46,47,veh9,veh8,5,0,1,960.465,0,8.63626,7.15977,nan,nan,0,0.045,0.045,0.0489444
juelich_pilot_d30_r5_log_distance_s02_w1,juelich,12345,2,2,log-distance,47,48,veh0,veh1,5,0,1,622.84,0,13.43,8.30296,nan,nan,0,0.063,0.048,0.0488889
juelich_pilot_d30_r5_log_distance_s02_w1,juelich,12345,2,2,log-distance,47,48,veh0,veh10,5,5,0,481.516,1,13.43,10.6295,-80.3299,16.6464,5,0.063,0.048,0.0488889
juelich_pilot_d30_r5_log_distance_s02_w1,juelich,12345,2,2,log-distance,47,48,veh0,veh11,5,0,1,593.148,0,13.43,6.63799,nan,nan,0,0.063,0.048,0.0488889
juelich_pilot_d30_r5_log_distance_s02_w1,juelich,12345,2,2,log-distance,47,48,veh0,veh12,5,5,0,442.939,1,13.43,8.61364,-79.6045,17.3717,5,0.063,0.048,0.0488889
juelich_pilot_d30_r5_log_distance_s02_w1,juelich,12345,2,2,log-distance,47,48,veh0,veh13,5,5,0,242.237,1,13.43,7.56479,-74.361,22.6153,5,0.063,0.063,0.0488889
juelich_pilot_d30_r5_log_distance_s02_w1,juelich,12345,2,2,log-distance,47,48,veh0,veh14,5,5,0,465.183,1,13.43,14.9646,-80.0302,16.9461,5,0.063,0.048,0.0488889
juelich_pilot_d30_r5_log_distance_s02_w1,juelich,12345,2,2,log-distance,47,48,veh0,veh15,5,5,0,471.17,1,13.43,9.24095,-80.1409,16.8354,5,0.063,0.047,0.0488889
juelich_pilot_d30_r5_log_distance_s02_w1,juelich,12345,2,2,log-distance,47,48,veh0,veh17,5,0,1,612.429,0,13.43,3.2222,nan,nan,0,0.063,0.052,0.0488889
juelich_pilot_d30_r5_log_distance_s02_w1,juelich,12345,2,2,log-distance,47,48,veh0,veh4,5,5,0,384.687,1,13.43,9.53994,-78.3798,18.5965,5,0.063,0.063,0.0488889
juelich_pilot_d30_r5_log_distance_s02_w1,juelich,12345,2,2,log-distance,47,48,veh0,veh5,5,5,0,527.713,0,13.43,7.37761,-81.1257,15.8506,5,0.063,0.052,0.0488889
juelich_pilot_d30_r5_log_distance_s02_w1,juelich,12345,2,2,log-distance,47,48,veh0,veh6,5,5,0,461.928,1,13.43,6.61731,-79.9691,17.0072,5,0.063,0.048,0.0488889
juelich_pilot_d30_r5_log_distance_s02_w1,juelich,12345,2,2,log-distance,47,48,veh0,veh7,5,0,1,703.408,0,13.43,11.1358,nan,nan,0,0.063,0.054,0.0488889
juelich_pilot_d30_r5_log_distance_s02_w1,juelich,12345,2,2,log-distance,47,48,veh0,veh8,5,0,1,956.572,0,13.43,6.66388,nan,nan,0,0.063,0.042,0.0488889
juelich_pilot_d30_r5_log_distance_s02_w1,juelich,12345,2,2,log-distance,47,48,veh0,veh9,5,5,0,537.969,0,13.43,8.62506,-81.2928,15.6835,5,0.063,0.05,0.0488889
juelich_pilot_d30_r5_log_distance_s02_w1,juelich,12345,2,2,log-distance,47,48,veh1,veh0,5,0,1,622.84,0,8.30296,13.43,nan,nan,0,0.048,0.063,0.0488889
juelich_pilot_d30_r5_log_distance_s02_w1,juelich,12345,2,2,log-distance,47,48,veh1,veh10,5,5,0,266.36,1,8.30296,10.6295,-75.1871,21.7892,5,0.048,0.048,0.0488889
juelich_pilot_d30_r5_log_distance_s02_w1,juelich,12345,2,2,log-distance,47,48,veh1,veh11,5,5,0,31.5463,1,8.30296,6.63799,-56.6556,40.3207,5,0.048,0.048,0.0488889
juelich_pilot_d30_r5_log_distance_s02_w1,juelich,12345,2,2,log-distance,47,48,veh1,veh12,5,5,0,571.434,0,8.30296,8.61364,-81.8168,15.1594,5,0.048,0.048,0.0488889
juelich_pilot_d30_r5_log_distance_s02_w1,juelich,12345,2,2,log-distance,47,48,veh1,veh13,5,5,0,397.023,1,8.30296,7.56479,-78.6538,18.3225,5,0.048,0.063,0.0488889
juelich_pilot_d30_r5_log_distance_s02_w1,juelich,12345,2,2,log-distance,47,48,veh1,veh14,5,0,1,670.557,0,8.30296,14.9646,nan,nan,0,0.048,0.048,0.0488889
juelich_pilot_d30_r5_log_distance_s02_w1,juelich,12345,2,2,log-distance,47,48,veh1,veh15,5,0,1,969.009,0,8.30296,9.24095,nan,nan,0,0.048,0.047,0.0488889
juelich_pilot_d30_r5_log_distance_s02_w1,juelich,12345,2,2,log-distance,47,48,veh1,veh17,5,0,1,871.732,0,8.30296,3.2222,nan,nan,0,0.048,0.052,0.0488889
juelich_pilot_d30_r5_log_distance_s02_w1,juelich,12345,2,2,log-distance,47,48,veh1,veh4,5,5,0,255.277,1,8.30296,9.53994,-74.8177,22.1586,5,0.048,0.063,0.0488889
juelich_pilot_d30_r5_log_distance_s02_w1,juelich,12345,2,2,log-distance,47,48,veh1,veh5,5,0,1,884.68,0,8.30296,7.37761,nan,nan,0,0.048,0.052,0.0488889
juelich_pilot_d30_r5_log_distance_s02_w1,juelich,12345,2,2,log-distance,47,48,veh1,veh6,5,5,0,280.567,1,8.30296,6.61731,-75.638,21.3383,5,0.048,0.048,0.0488889
juelich_pilot_d30_r5_log_distance_s02_w1,juelich,12345,2,2,log-distance,47,48,veh1,veh7,5,0,1,848.328,0,8.30296,11.1358,nan,nan,0,0.048,0.054,0.0488889
juelich_pilot_d30_r5_log_distance_s02_w1,juelich,12345,2,2,log-distance,47,48,veh1,veh8,5,0,1,954.472,0,8.30296,6.66388,nan,nan,0,0.048,0.042,0.0488889
juelich_pilot_d30_r5_log_distance_s02_w1,juelich,12345,2,2,log-distance,47,48,veh1,veh9,5,5,0,90.4595,1,8.30296,8.62506,-65.8068,31.1695,5,0.048,0.05,0.0488889
juelich_pilot_d30_r5_log_distance_s02_w1,juelich,12345,2,2,log-distance,47,48,veh10,veh0,5,5,0,481.516,1,10.6295,13.43,-80.3299,16.6464,5,0.048,0.063,0.0488889
juelich_pilot_d30_r5_log_distance_s02_w1,juelich,12345,2,2,log-distance,47,48,veh10,veh1,5,5,0,266.36,1,10.6295,8.30296,-75.1871,21.7892,5,0.048,0.048,0.0488889
juelich_pilot_d30_r5_log_distance_s02_w1,juelich,12345,2,2,log-distance,47,48,veh10,veh11,5,5,0,238.847,1,10.6295,6.63799,-74.24,22.7363,5,0.048,0.048,0.0488889
juelich_pilot_d30_r5_log_distance_s02_w1,juelich,12345,2,2,log-distance,47,48,veh10,veh12,5,5,0,306.033,1,10.6295,8.61364,-76.3922,20.584,5,0.048,0.048,0.0488889
juelich_pilot_d30_r5_log_distance_s02_w1,juelich,12345,2,2,log-distance,47,48,veh10,veh13,5,5,0,242.955,1,10.6295,7.56479,-74.3873,22.589,5,0.048,0.063,0.0488889
juelich_pilot_d30_r5_log_distance_s02_w1,juelich,12345,2,2,log-distance,47,48,veh10,veh14,5,5,0,405.799,1,10.6295,14.9646,-78.8428,18.1335,5,0.048,0.048,0.0488889
juelich_pilot_d30_r5_log_distance_s02_w1,juelich,12345,2,2,log-distance,47,48,veh10,veh15,5,0,1,915.529,0,10.6295,9.24095,nan,nan,0,0.048,0.047,0.0488889
juelich_pilot_d30_r5_log_distance_s02_w1,juelich,12345,2,2,log-distance,47,48,veh10,veh17,5,0,1,917.972,0,10.6295,3.2222,nan,nan,0,0.048,0.052,0.0488889
juelich_pilot_d30_r5_log_distance_s02_w1,juelich,12345,2,2,log-distance,47,48,veh10,veh4,5,5,0,137.554,1,10.6295,9.53994,-69.446,27.5303,5,0.048,0.063,0.0488889
juelich_pilot_d30_r5_log_distance_s02_w1,juelich,12345,2,2,log-distance,47,48,veh10,veh5,5,0,1,891.262,0,10.6295,7.37761,nan,nan,0,0.048,0.052,0.0488889
juelich_pilot_d30_r5_log_distance_s02_w1,juelich,12345,2,2,log-distance,47,48,veh10,veh6,5,5,0,21.3002,1,10.6295,6.61731,-53.2055,43.7707,5,0.048,0.048,0.0488889
juelich_pilot_d30_r5_log_distance_s02_w1,juelich,12345,2,2,log-distance,47,48,veh10,veh7,5,0,1,937.974,0,10.6295,11.1358,nan,nan,0,0.048,0.054,0.0488889
juelich_pilot_d30_r5_log_distance_s02_w1,juelich,12345,2,2,log-distance,47,48,veh10,veh9,5,5,0,191.341,1,10.6295,8.62506,-72.3139,24.6624,5,0.048,0.05,0.0488889
juelich_pilot_d30_r5_log_distance_s02_w1,juelich,12345,2,2,log-distance,47,48,veh11,veh0,5,0,1,593.148,0,6.63799,13.43,nan,nan,0,0.048,0.063,0.0488889
juelich_pilot_d30_r5_log_distance_s02_w1,juelich,12345,2,2,log-distance,47,48,veh11,veh1,5,5,0,31.5463,1,6.63799,8.30296,-56.6556,40.3207,5,0.048,0.048,0.0488889
juelich_pilot_d30_r5_log_distance_s02_w1,juelich,12345,2,2,log-distance,47,48,veh11,veh10,5,5,0,238.847,1,6.63799,10.6295,-74.24,22.7363,5,0.048,0.048,0.0488889
juelich_pilot_d30_r5_log_distance_s02_w1,juelich,12345,2,2,log-distance,47,48,veh11,veh12,5,5,0,542.774,0,6.63799,8.61364,-81.3699,15.6064,5,0.048,0.048,0.0488889
juelich_pilot_d30_r5_log_distance_s02_w1,juelich,12345,2,2,log-distance,47,48,veh11,veh13,5,5,0,365.911,1,6.63799,7.56479,-77.945,19.0312,5,0.048,0.063,0.0488889
juelich_pilot_d30_r5_log_distance_s02_w1,juelich,12345,2,2,log-distance,47,48,veh11,veh14,5,0,1,641.571,0,6.63799,14.9646,nan,nan,0,0.048,0.048,0.0488889
juelich_pilot_d30_r5_log_distance_s02_w1,juelich,12345,2,2,log-distance,47,48,veh11,veh15,5,0,1,946.176,0,6.63799,9.24095,nan,nan,0,0.048,0.047,0.0488889
juelich_pilot_d30_r5_log_distance_s02_w1,juelich,12345,2,2,log-distance,47,48,veh11,veh17,5,0,1,858.307,0,6.63799,3.2222,nan,nan,0,0.048,0.052,0.0488889
juelich_pilot_d30_r5_log_distance_s02_w1,juelich,12345,2,2,log-distance,47,48,veh11,veh4,5,5,0,223.779,1,6.63799,9.53994,-73.6739,23.3024,5,0.048,0.063,0.0488889
juelich_pilot_d30_r5_log_distance_s02_w1,juelich,12345,2,2,log-distance,47,48,veh11,veh5,5,0,1,867.057,0,6.63799,7.37761,nan,nan,0,0.048,0.052,0.0488889
juelich_pilot_d30_r5_log_distance_s02_w1,juelich,12345,2,2,log-distance,47,48,veh11,veh6,5,5,0,252.154,1,6.63799,6.61731,-74.7106,22.2657,5,0.048,0.048,0.0488889
juelich_pilot_d30_r5_log_distance_s02_w1,juelich,12345,2,2,log-distance,47,48,veh11,veh7,5,0,1,840.071,0,6.63799,11.1358,nan,nan,0,0.048,0.054,0.0488889
juelich_pilot_d30_r5_log_distance_s02_w1,juelich,12345,2,2,log-distance,47,48,veh11,veh8,5,0,1,955.213,0,6.63799,6.66388,nan,nan,0,0.048,0.042,0.0488889
juelich_pilot_d30_r5_log_distance_s02_w1,juelich,12345,2,2,log-distance,47,48,veh11,veh9,5,5,0,58.9149,1,6.63799,8.62506,-62.0818,34.8945,5,0.048,0.05,0.0488889
juelich_pilot_d30_r5_log_distance_s02_w1,juelich,12345,2,2,log-distance,47,48,veh12,veh0,5,0,1,442.939,1,8.61364,13.43,nan,nan,0,0.048,0.063,0.0488889
juelich_pilot_d30_r5_log_distance_s02_w1,juelich,12345,2,2,log-distance,47,48,veh12,veh1,5,0,1,571.434,0,8.61364,8.30296,nan,nan,0,0.048,0.048,0.0488889
juelich_pilot_d30_r5_log_distance_s02_w1,juelich,12345,2,2,log-distance,47,48,veh12,veh10,5,0,1,306.033,1,8.61364,10.6295,nan,nan,0,0.048,0.048,0.0488889
juelich_pilot_d30_r5_log_distance_s02_w1,juelich,12345,2,2,log-distance,47,48,veh12,veh11,5,0,1,542.774,0,8.61364,6.63799,nan,nan,0,0.048,0.048,0.0488889
juelich_pilot_d30_r5_log_distance_s02_w1,juelich,12345,2,2,log-distance,47,48,veh12,veh13,5,0,1,322.966,1,8.61364,7.56479,nan,nan,0,0.048,0.063,0.0488889
juelich_pilot_d30_r5_log_distance_s02_w1,juelich,12345,2,2,log-distance,47,48,veh12,veh14,5,5,0,100.219,1,8.61364,14.9646,-66.6939,11.8224,5,0.048,0.048,0.0488889
juelich_pilot_d30_r5_log_distance_s02_w1,juelich,12345,2,2,log-distance,47,48,veh12,veh15,5,0,1,912.701,0,8.61364,9.24095,nan,nan,0,0.048,0.047,0.0488889
juelich_pilot_d30_r5_log_distance_s02_w1,juelich,12345,2,2,log-distance,47,48,veh12,veh4,5,0,1,362.741,1,8.61364,9.53994,nan,nan,0,0.048,0.063,0.0488889
juelich_pilot_d30_r5_log_distance_s02_w1,juelich,12345,2,2,log-distance,47,48,veh12,veh5,5,0,1,959.206,0,8.61364,7.37761,nan,nan,0,0.048,0.052,0.0488889
juelich_pilot_d30_r5_log_distance_s02_w1,juelich,12345,2,2,log-distance,47,48,veh12,veh6,5,0,1,290.873,1,8.61364,6.61731,nan,nan,0,0.048,0.048,0.0488889
juelich_pilot_d30_r5_log_distance_s02_w1,juelich,12345,2,2,log-distance,47,48,veh12,veh9,5,0,1,490.57,1,8.61364,8.62506,nan,nan,0,0.048,0.05,0.0488889
juelich_pilot_d30_r5_log_distance_s02_w1,juelich,12345,2,2,log-distance,47,48,veh13,veh0,5,5,0,242.237,1,7.56479,13.43,-74.361,5.16475,5,0.063,0.063,0.0488889
juelich_pilot_d30_r5_log_distance_s02_w1,juelich,12345,2,2,log-distance,47,48,veh13,veh1,5,0,1,397.023,1,7.56479,8.30296,nan,nan,0,0.063,0.048,0.0488889
juelich_pilot_d30_r5_log_distance_s02_w1,juelich,12345,2,2,log-distance,47,48,veh13,veh10,5,0,1,242.955,1,7.56479,10.6295,nan,nan,0,0.063,0.048,0.0488889
juelich_pilot_d30_r5_log_distance_s02_w1,juelich,12345,2,2,log-distance,47,48,veh13,veh11,5,0,1,365.911,1,7.56479,6.63799,nan,nan,0,0.063,0.048,0.0488889
juelich_pilot_d30_r5_log_distance_s02_w1,juelich,12345,2,2,log-distance,47,48,veh13,veh12,5,0,1,322.966,1,7.56479,8.61364,nan,nan,0,0.063,0.048,0.0488889
juelich_pilot_d30_r5_log_distance_s02_w1,juelich,12345,2,2,log-distance,47,48,veh13,veh14,5,0,1,393.609,1,7.56479,14.9646,nan,nan,0,0.063,0.048,0.0488889
juelich_pilot_d30_r5_log_distance_s02_w1,juelich,12345,2,2,log-distance,47,48,veh13,veh15,5,0,1,676.48,0,7.56479,9.24095,nan,nan,0,0.063,0.047,0.0488889
juelich_pilot_d30_r5_log_distance_s02_w1,juelich,12345,2,2,log-distance,47,48,veh13,veh17,5,0,1,719.704,0,7.56479,3.2222,nan,nan,0,0.063,0.052,0.0488889
juelich_pilot_d30_r5_log_distance_s02_w1,juelich,12345,2,2,log-distance,47,48,veh13,veh4,5,5,0,145.992,1,7.56479,9.53994,-69.9635,7.85312,5,0.063,0.063,0.0488889
juelich_pilot_d30_r5_log_distance_s02_w1,juelich,12345,2,2,log-distance,47,48,veh13,veh5,5,0,1,672.94,0,7.56479,7.37761,nan,nan,0,0.063,0.052,0.0488889
juelich_pilot_d30_r5_log_distance_s02_w1,juelich,12345,2,2,log-distance,47,48,veh13,veh6,5,0,1,224.612,1,7.56479,6.61731,nan,nan,0,0.063,0.048,0.0488889
juelich_pilot_d30_r5_log_distance_s02_w1,juelich,12345,2,2,log-distance,47,48,veh13,veh7,5,0,1,767.508,0,7.56479,11.1358,nan,nan,0,0.063,0.054,0.0488889
juelich_pilot_d30_r5_log_distance_s02_w1,juelich,12345,2,2,log-distance,47,48,veh13,veh8,5,0,1,976.548,0,7.56479,6.66388,nan,nan,0,0.063,0.042,0.0488889
juelich_pilot_d30_r5_log_distance_s02_w1,juelich,12345,2,2,log-distance,47,48,veh13,veh9,5,0,1,307.89,1,7.56479,8.62506,nan,nan,0,0.063,0.05,0.0488889
juelich_pilot_d30_r5_log_distance_s02_w1,juelich,12345,2,2,log-distance,47,48,veh14,veh0,5,5,0,465.183,1,14.9646,13.43,-80.0302,16.9461,5,0.048,0.063,0.0488889
juelich_pilot_d30_r5_log_distance_s02_w1,juelich,12345,2,2,log-distance,47,48,veh14,veh1,5,0,1,670.557,0,14.9646,8.30296,nan,nan,0,0.048,0.048,0.0488889
juelich_pilot_d30_r5_log_distance_s02_w1,juelich,12345,2,2,log-distance,47,48,veh14,veh10,5,5,0,405.799,1,14.9646,10.6295,-78.8428,18.1335,5,0.048,0.048,0.0488889
juelich_pilot_d30_r5_log_distance_s02_w1,juelich,12345,2,2,log-distance,47,48,veh14,veh11,5,0,1,641.571,0,14.9646,6.63799,nan,nan,0,0.048,0.048,0.0488889
juelich_pilot_d30_r5_log_distance_s02_w1,juelich,12345,2,2,log-distance,47,48,veh14,veh12,5,5,0,100.219,1,14.9646,8.61364,-66.6939,30.2824,5,0.048,0.048,0.0488889
juelich_pilot_d30_r5_log_distance_s02_w1,juelich,12345,2,2,log-distance,47,48,veh14,veh13,5,5,0,393.609,1,14.9646,7.56479,-78.5787,18.3976,5,0.048,0.063,0.0488889
juelich_pilot_d30_r5_log_distance_s02_w1,juelich,12345,2,2,log-distance,47,48,veh14,veh15,5,0,1,923.937,0,14.9646,9.24095,nan,nan,0,0.048,0.047,0.0488889
juelich_pilot_d30_r5_log_distance_s02_w1,juelich,12345,2,2,log-distance,47,48,veh14,veh4,5,5,0,453.982,1,14.9646,9.53994,-79.8184,17.1579,5,0.048,0.063,0.0488889
juelich_pilot_d30_r5_log_distance_s02_w1,juelich,12345,2,2,log-distance,47,48,veh14,veh5,5,0,1,991.743,0,14.9646,7.37761,nan,nan,0,0.048,0.052,0.0488889
juelich_pilot_d30_r5_log_distance_s02_w1,juelich,12345,2,2,log-distance,47,48,veh14,veh6,5,5,0,390.193,1,14.9646,6.61731,-78.5031,18.4732,5,0.048,0.048,0.0488889
juelich_pilot_d30_r5_log_distance_s02_w1,juelich,12345,2,2,log-distance,47,48,veh14,veh9,5,1,0.8,588.495,0,14.9646,8.62506,-81.9564,15.0199,1,0.048,0.05,0.0488889
juelich_pilot_d30_r5_log_distance_s02_w1,juelich,12345,2,2,log-distance,47,48,veh15,veh0,5,5,0,471.17,1,9.24095,13.43,-80.1409,16.8354,5,0.047,0.063,0.0488889
juelich_pilot_d30_r5_log_distance_s02_w1,juelich,12345,2,2,log-distance,47,48,veh15,veh1,5,0,1,969.009,0,9.24095,8.30296,nan,nan,0,0.047,0.048,0.0488889
juelich_pilot_d30_r5_log_distance_s02_w1,juelich,12345,2,2,log-distance,47,48,veh15,veh10,5,0,1,915.529,0,9.24095,10.6295,nan,nan,0,0.047,0.048,0.0488889
juelich_pilot_d30_r5_log_distance_s02_w1,juelich,12345,2,2,log-distance,47,48,veh15,veh11,5,0,1,946.176,0,9.24095,6.63799,nan,nan,0,0.047,0.048,0.0488889
juelich_pilot_d30_r5_log_distance_s02_w1,juelich,12345,2,2,log-distance,47,48,veh15,veh12,5,0,1,912.701,0,9.24095,8.61364,nan,nan,0,0.047,0.048,0.0488889
juelich_pilot_d30_r5_log_distance_s02_w1,juelich,12345,2,2,log-distance,47,48,veh15,veh13,5,0,1,676.48,0,9.24095,7.56479,nan,nan,0,0.047,0.063,0.0488889
juelich_pilot_d30_r5_log_distance_s02_w1,juelich,12345,2,2,log-distance,47,48,veh15,veh14,5,0,1,923.937,0,9.24095,14.9646,nan,nan,0,0.047,0.048,0.0488889
juelich_pilot_d30_r5_log_distance_s02_w1,juelich,12345,2,2,log-distance,47,48,veh15,veh16,5,0,1,634.998,0,9.24095,8.748,nan,nan,0,0.047,0.037,0.0488889
juelich_pilot_d30_r5_log_distance_s02_w1,juelich,12345,2,2,log-distance,47,48,veh15,veh17,5,5,0,347.134,1,9.24095,3.2222,-77.4876,19.4887,5,0.047,0.052,0.0488889
juelich_pilot_d30_r5_log_distance_s02_w1,juelich,12345,2,2,log-distance,47,48,veh15,veh2,5,0,1,992.036,0,9.24095,0,nan,nan,0,0.047,0.032,0.0488889
juelich_pilot_d30_r5_log_distance_s02_w1,juelich,12345,2,2,log-distance,47,48,veh15,veh3,5,0,1,799.769,0,9.24095,12.7525,nan,nan,0,0.047,0.037,0.0488889
juelich_pilot_d30_r5_log_distance_s02_w1,juelich,12345,2,2,log-distance,47,48,veh15,veh4,5,0,1,790.999,0,9.24095,9.53994,nan,nan,0,0.047,0.063,0.0488889
juelich_pilot_d30_r5_log_distance_s02_w1,juelich,12345,2,2,log-distance,47,48,veh15,veh5,5,5,0,214.206,1,9.24095,7.37761,-73.294,23.6823,5,0.047,0.052,0.0488889
juelich_pilot_d30_r5_log_distance_s02_w1,juelich,12345,2,2,log-distance,47,48,veh15,veh6,5,0,1,898.797,0,9.24095,6.61731,nan,nan,0,0.047,0.048,0.0488889
juelich_pilot_d30_r5_log_distance_s02_w1,juelich,12345,2,2,log-distance,47,48,veh15,veh7,5,5,0,496.629,1,9.24095,11.1358,-80.5983,16.378,5,0.047,0.054,0.0488889
juelich_pilot_d30_r5_log_distance_s02_w1,juelich,12345,2,2,log-distance,47,48,veh15,veh8,5,0,1,773.551,0,9.24095,6.66388,nan,nan,0,0.047,0.042,0.0488889
juelich_pilot_d30_r5_log_distance_s02_w1,juelich,12345,2,2,log-distance,47,48,veh15,veh9,5,0,1,904.374,0,9.24095,8.62506,nan,nan,0,0.047,0.05,0.0488889
juelich_pilot_d30_r5_log_distance_s02_w1,juelich,12345,2,2,log-distance,47,48,veh16,veh15,5,0,1,634.998,0,8.748,9.24095,nan,nan,0,0.037,0.047,0.0488889
juelich_pilot_d30_r5_log_distance_s02_w1,juelich,12345,2,2,log-distance,47,48,veh16,veh17,5,5,0,571.666,0,8.748,3.2222,-81.8205,15.1558,5,0.037,0.052,0.0488889
juelich_pilot_d30_r5_log_distance_s02_w1,juelich,12345,2,2,log-distance,47,48,veh16,veh2,5,0,1,655.428,0,8.748,0,nan,nan,0,0.037,0.032,0.0488889
juelich_pilot_d30_r5_log_distance_s02_w1,juelich,12345,2,2,log-distance,47,48,veh16,veh3,5,5,0,544.703,0,8.748,12.7525,-81.4007,15.5756,5,0.037,0.037,0.0488889
juelich_pilot_d30_r5_log_distance_s02_w1,juelich,12345,2,2,log-distance,47,48,veh16,veh5,5,4,0.2,582.439,0,8.748,7.37761,-81.9763,15,4,0.037,0.052,0.0488889
juelich_pilot_d30_r5_log_distance_s02_w1,juelich,12345,2,2,log-distance,47,48,veh16,veh7,5,0,1,627.024,0,8.748,11.1358,nan,nan,0,0.037,0.054,0.0488889
juelich_pilot_d30_r5_log_distance_s02_w1,juelich,12345,2,2,log-distance,47,48,veh16,veh8,5,0,1,732.264,0,8.748,6.66388,nan,nan,0,0.037,0.042,0.0488889
juelich_pilot_d30_r5_log_distance_s02_w1,juelich,12345,2,2,log-distance,47,48,veh17,veh0,5,0,1,612.429,0,3.2222,13.43,nan,nan,0,0.052,0.063,0.0488889
juelich_pilot_d30_r5_log_distance_s02_w1,juelich,12345,2,2,log-distance,47,48,veh17,veh1,5,0,1,871.732,0,3.2222,8.30296,nan,nan,0,0.052,0.048,0.0488889
juelich_pilot_d30_r5_log_distance_s02_w1,juelich,12345,2,2,log-distance,47,48,veh17,veh10,5,0,1,917.972,0,3.2222,10.6295,nan,nan,0,0.052,0.048,0.0488889
juelich_pilot_d30_r5_log_distance_s02_w1,juelich,12345,2,2,log-distance,47,48,veh17,veh11,5,0,1,858.307,0,3.2222,6.63799,nan,nan,0,0.052,0.048,0.0488889
juelich_pilot_d30_r5_log_distance_s02_w1,juelich,12345,2,2,log-distance,47,48,veh17,veh13,5,0,1,719.704,0,3.2222,7.56479,nan,nan,0,0.052,0.063,0.0488889
juelich_pilot_d30_r5_log_distance_s02_w1,juelich,12345,2,2,log-distance,47,48,veh17,veh15,5,3,0.4,347.134,1,3.2222,9.24095,-77.4994,19.4769,3,0.052,0.047,0.0488889
juelich_pilot_d30_r5_log_distance_s02_w1,juelich,12345,2,2,log-distance,47,48,veh17,veh16,5,3,0.4,571.666,0,3.2222,8.748,-81.8364,15.1398,3,0.052,0.037,0.0488889
juelich_pilot_d30_r5_log_distance_s02_w1,juelich,12345,2,2,log-distance,47,48,veh17,veh2,5,0,1,685.875,0,3.2222,0,nan,nan,0,0.052,0.032,0.0488889
juelich_pilot_d30_r5_log_distance_s02_w1,juelich,12345,2,2,log-distance,47,48,veh17,veh3,5,3,0.4,490.792,1,3.2222,12.7525,-80.529,16.4472,3,0.052,0.037,0.0488889
juelich_pilot_d30_r5_log_distance_s02_w1,juelich,12345,2,2,log-distance,47,48,veh17,veh4,5,0,1,780.495,0,3.2222,9.53994,nan,nan,0,0.052,0.063,0.0488889
juelich_pilot_d30_r5_log_distance_s02_w1,juelich,12345,2,2,log-distance,47,48,veh17,veh5,5,3,0.4,133.555,1,3.2222,7.37761,-69.3039,27.6724,3,0.052,0.052,0.0488889
juelich_pilot_d30_r5_log_distance_s02_w1,juelich,12345,2,2,log-distance,47,48,veh17,veh6,5,0,1,907.272,0,3.2222,6.61731,nan,nan,0,0.052,0.048,0.0488889
juelich_pilot_d30_r5_log_distance_s02_w1,juelich,12345,2,2,log-distance,47,48,veh17,veh7,5,5,0,150.623,1,3.2222,11.1358,-70.2355,18.1772,5,0.052,0.054,0.0488889
juelich_pilot_d30_r5_log_distance_s02_w1,juelich,12345,2,2,log-distance,47,48,veh17,veh8,5,3,0.4,426.714,1,3.2222,6.66388,-79.2546,17.7217,3,0.052,0.042,0.0488889
juelich_pilot_d30_r5_log_distance_s02_w1,juelich,12345,2,2,log-distance,47,48,veh17,veh9,5,0,1,835.127,0,3.2222,8.62506,nan,nan,0,0.052,0.05,0.0488889
juelich_pilot_d30_r5_log_distance_s02_w1,juelich,12345,2,2,log-distance,47,48,veh2,veh15,5,0,1,992.036,0,0,9.24095,nan,nan,0,0.032,0.047,0.0488889
juelich_pilot_d30_r5_log_distance_s02_w1,juelich,12345,2,2,log-distance,47,48,veh2,veh16,5,0,1,655.428,0,0,8.748,nan,nan,0,0.032,0.037,0.0488889
juelich_pilot_d30_r5_log_distance_s02_w1,juelich,12345,2,2,log-distance,47,48,veh2,veh17,5,0,1,685.875,0,0,3.2222,nan,nan,0,0.032,0.052,0.0488889
juelich_pilot_d30_r5_log_distance_s02_w1,juelich,12345,2,2,log-distance,47,48,veh2,veh3,5,5,0,195.304,1,0,12.7525,-72.4905,17.0454,5,0.032,0.037,0.0488889
juelich_pilot_d30_r5_log_distance_s02_w1,juelich,12345,2,2,log-distance,47,48,veh2,veh5,5,0,1,804.33,0,0,7.37761,nan,nan,0,0.032,0.052,0.0488889
juelich_pilot_d30_r5_log_distance_s02_w1,juelich,12345,2,2,log-distance,47,48,veh2,veh7,5,2,0.6,584.086,0,0,11.1358,-81.9619,5.37808,2,0.032,0.054,0.0488889
juelich_pilot_d30_r5_log_distance_s02_w1,juelich,12345,2,2,log-distance,47,48,veh2,veh8,5,5,0,389.441,1,0,6.66388,-78.4865,10.197,5,0.032,0.042,0.0488889
juelich_pilot_d30_r5_log_distance_s02_w1,juelich,12345,2,2,log-distance,47,48,veh3,veh15,5,0,1,799.769,0,12.7525,9.24095,nan,nan,0,0.037,0.047,0.0488889
juelich_pilot_d30_r5_log_distance_s02_w1,juelich,12345,2,2,log-distance,47,48,veh3,veh16,5,5,0,544.703,0,12.7525,8.748,-81.4007,15.5756,5,0.037,0.037,0.0488889
juelich_pilot_d30_r5_log_distance_s02_w1,juelich,12345,2,2,log-distance,47,48,veh3,veh17,5,5,0,490.792,1,12.7525,3.2222,-80.4955,16.4808,5,0.037,0.052,0.0488889
juelich_pilot_d30_r5_log_distance_s02_w1,juelich,12345,2,2,log-distance,47,48,veh3,veh2,5,5,0,195.304,1,12.7525,0,-72.4905,24.4858,5,0.037,0.032,0.0488889
juelich_pilot_d30_r5_log_distance_s02_w1,juelich,12345,2,2,log-distance,47,48,veh3,veh5,5,0,1,609.262,0,12.7525,7.37761,nan,nan,0,0.037,0.052,0.0488889
juelich_pilot_d30_r5_log_distance_s02_w1,juelich,12345,2,2,log-distance,47,48,veh3,veh7,5,5,0,395.537,1,12.7525,11.1358,-78.6214,18.3549,5,0.037,0.054,0.0488889
juelich_pilot_d30_r5_log_distance_s02_w1,juelich,12345,2,2,log-distance,47,48,veh3,veh8,5,5,0,260.973,1,12.7525,6.66388,-75.0096,21.9667,5,0.037,0.042,0.0488889
juelich_pilot_d30_r5_log_distance_s02_w1,juelich,12345,2,2,log-distance,47,48,veh4,veh0,5,5,0,384.687,1,9.53994,13.43,-78.3798,18.5965,5,0.063,0.063,0.0488889
juelich_pilot_d30_r5_log_distance_s02_w1,juelich,12345,2,2,log-distance,47,48,veh4,veh1,5,5,0,255.277,1,9.53994,8.30296,-74.8177,22.1586,5,0.063,0.048,0.0488889
juelich_pilot_d30_r5_log_distance_s02_w1,juelich,12345,2,2,log-distance,47,48,veh4,veh10,5,5,0,137.554,1,9.53994,10.6295,-69.446,27.5303,5,0.063,0.048,0.0488889
juelich_pilot_d30_r5_log_distance_s02_w1,juelich,12345,2,2,log-distance,47,48,veh4,veh11,5,5,0,223.779,1,9.53994,6.63799,-73.6739,23.3024,5,0.063,0.048,0.0488889
juelich_pilot_d30_r5_log_distance_s02_w1,juelich,12345,2,2,log-distance,47,48,veh4,veh12,5,5,0,362.741,1,9.53994,8.61364,-77.8696,19.1067,5,0.063,0.048,0.0488889
juelich_pilot_d30_r5_log_distance_s02_w1,juelich,12345,2,2,log-distance,47,48,veh4,veh13,5,5,0,145.992,1,9.53994,7.56479,-69.9635,27.0128,5,0.063,0.063,0.0488889
juelich_pilot_d30_r5_log_distance_s02_w1,juelich,12345,2,2,log-distance,47,48,veh4,veh14,5,5,0,453.982,1,9.53994,14.9646,-79.8184,17.1579,5,0.063,0.048,0.0488889
juelich_pilot_d30_r5_log_distance_s02_w1,juelich,12345,2,2,log-distance,47,48,veh4,veh15,5,0,1,790.999,0,9.53994,9.24095,nan,nan,0,0.063,0.047,0.0488889
juelich_pilot_d30_r5_log_distance_s02_w1,juelich,12345,2,2,log-distance,47,48,veh4,veh17,5,0,1,780.495,0,9.53994,3.2222,nan,nan,0,0.063,0.052,0.0488889
juelich_pilot_d30_r5_log_distance_s02_w1,juelich,12345,2,2,log-distance,47,48,veh4,veh5,5,0,1,756.042,0,9.53994,7.37761,nan,nan,0,0.063,0.052,0.0488889
juelich_pilot_d30_r5_log_distance_s02_w1,juelich,12345,2,2,log-distance,47,48,veh4,veh6,5,5,0,128.402,1,9.53994,6.61731,-68.849,28.1273,5,0.063,0.048,0.0488889
juelich_pilot_d30_r5_log_distance_s02_w1,juelich,12345,2,2,log-distance,47,48,veh4,veh7,5,0,1,801.954,0,9.53994,11.1358,nan,nan,0,0.063,0.054,0.0488889
juelich_pilot_d30_r5_log_distance_s02_w1,juelich,12345,2,2,log-distance,47,48,veh4,veh8,5,0,1,977.241,0,9.53994,6.66388,nan,nan,0,0.063,0.042,0.0488889
juelich_pilot_d30_r5_log_distance_s02_w1,juelich,12345,2,2,log-distance,47,48,veh4,veh9,5,5,0,164.95,1,9.53994,8.62506,-71.0241,25.9521,5,0.063,0.05,0.0488889
juelich_pilot_d30_r5_log_distance_s02_w1,juelich,12345,2,2,log-distance,47,48,veh5,veh0,5,3,0.4,527.713,0,7.37761,13.43,-81.1213,12.1745,3,0.052,0.063,0.0488889
juelich_pilot_d30_r5_log_distance_s02_w1,juelich,12345,2,2,log-distance,47,48,veh5,veh1,5,0,1,884.68,0,7.37761,8.30296,nan,nan,0,0.052,0.048,0.0488889
juelich_pilot_d30_r5_log_distance_s02_w1,juelich,12345,2,2,log-distance,47,48,veh5,veh10,5,0,1,891.262,0,7.37761,10.6295,nan,nan,0,0.052,0.048,0.0488889
juelich_pilot_d30_r5_log_distance_s02_w1,juelich,12345,2,2,log-distance,47,48,veh5,veh11,5,0,1,867.057,0,7.37761,6.63799,nan,nan,0,0.052,0.048,0.0488889
juelich_pilot_d30_r5_log_distance_s02_w1,juelich,12345,2,2,log-distance,47,48,veh5,veh12,5,0,1,959.206,0,7.37761,8.61364,nan,nan,0,0.052,0.048,0.0488889
juelich_pilot_d30_r5_log_distance_s02_w1,juelich,12345,2,2,log-distance,47,48,veh5,veh13,5,0,1,672.94,0,7.37761,7.56479,nan,nan,0,0.052,0.063,0.0488889
juelich_pilot_d30_r5_log_distance_s02_w1,juelich,12345,2,2,log-distance,47,48,veh5,veh14,5,0,1,991.743,0,7.37761,14.9646,nan,nan,0,0.052,0.048,0.0488889
juelich_pilot_d30_r5_log_distance_s02_w1,juelich,12345,2,2,log-distance,47,48,veh5,veh15,5,5,0,214.206,1,7.37761,9.24095,-73.294,21.1296,5,0.052,0.047,0.0488889
juelich_pilot_d30_r5_log_distance_s02_w1,juelich,12345,2,2,log-distance,47,48,veh5,veh16,5,1,0.8,582.439,0,7.37761,8.748,-81.9957,14.9806,1,0.052,0.037,0.0488889
juelich_pilot_d30_r5_log_distance_s02_w1,juelich,12345,2,2,log-distance,47,48,veh5,veh17,5,3,0.4,133.555,1,7.37761,3.2222,-69.3039,21.7494,3,0.052,0.052,0.0488889
juelich_pilot_d30_r5_log_distance_s02_w1,juelich,12345,2,2,log-distance,47,48,veh5,veh2,5,0,1,804.33,0,7.37761,0,nan,nan,0,0.052,0.032,0.0488889
juelich_pilot_d30_r5_log_distance_s02_w1,juelich,12345,2,2,log-distance,47,48,veh5,veh3,5,0,1,609.262,0,7.37761,12.7525,nan,nan,0,0.052,0.037,0.0488889
juelich_pilot_d30_r5_log_distance_s02_w1,juelich,12345,2,2,log-distance,47,48,veh5,veh4,5,0,1,756.042,0,7.37761,9.53994,nan,nan,0,0.052,0.063,0.0488889
juelich_pilot_d30_r5_log_distance_s02_w1,juelich,12345,2,2,log-distance,47,48,veh5,veh6,5,0,1,878.03,0,7.37761,6.61731,nan,nan,0,0.052,0.048,0.0488889
juelich_pilot_d30_r5_log_distance_s02_w1,juelich,12345,2,2,log-distance,47,48,veh5,veh7,5,2,0.6,282.442,1,7.37761,11.1358,-75.7922,21.1841,2,0.052,0.054,0.0488889
juelich_pilot_d30_r5_log_distance_s02_w1,juelich,12345,2,2,log-distance,47,48,veh5,veh8,5,2,0.6,560.247,0,7.37761,6.66388,-81.6561,15.3202,2,0.052,0.042,0.0488889
juelich_pilot_d30_r5_log_distance_s02_w1,juelich,12345,2,2,log-distance,47,48,veh5,veh9,5,0,1,835.676,0,7.37761,8.62506,nan,nan,0,0.052,0.05,0.0488889
juelich_pilot_d30_r5_log_distance_s02_w1,juelich,12345,2,2,log-distance,47,48,veh6,veh0,5,5,0,461.928,1,6.61731,13.43,-79.9691,17.0072,5,0.048,0.063,0.0488889
juelich_pilot_d30_r5_log_distance_s02_w1,juelich,12345,2,2,log-distance,47,48,veh6,veh1,5,5,0,280.567,1,6.61731,8.30296,-75.638,21.3383,5,0.048,0.048,0.0488889
juelich_pilot_d30_r5_log_distance_s02_w1,juelich,12345,2,2,log-distance,47,48,veh6,veh10,5,5,0,21.3002,1,6.61731,10.6295,-53.2055,43.7707,5,0.048,0.048,0.0488889
juelich_pilot_d30_r5_log_distance_s02_w1,juelich,12345,2,2,log-distance,47,48,veh6,veh11,5,5,0,252.154,1,6.61731,6.63799,-74.7106,22.2657,5,0.048,0.048,0.0488889
juelich_pilot_d30_r5_log_distance_s02_w1,juelich,12345,2,2,log-distance,47,48,veh6,veh12,5,5,0,290.873,1,6.61731,8.61364,-75.9517,21.0245,5,0.048,0.048,0.0488889
juelich_pilot_d30_r5_log_distance_s02_w1,juelich,12345,2,2,log-distance,47,48,veh6,veh13,5,5,0,224.612,1,6.61731,7.56479,-73.7055,23.2708,5,0.048,0.063,0.0488889
juelich_pilot_d30_r5_log_distance_s02_w1,juelich,12345,2,2,log-distance,47,48,veh6,veh14,5,5,0,390.193,1,6.61731,14.9646,-78.5031,18.4732,5,0.048,0.048,0.0488889
juelich_pilot_d30_r5_log_distance_s02_w1,juelich,12345,2,2,log-distance,47,48,veh6,veh15,5,0,1,898.797,0,6.61731,9.24095,nan,nan,0,0.048,0.047,0.0488889
juelich_pilot_d30_r5_log_distance_s02_w1,juelich,12345,2,2,log-distance,47,48,veh6,veh17,5,0,1,907.272,0,6.61731,3.2222,nan,nan,0,0.048,0.052,0.0488889
juelich_pilot_d30_r5_log_distance_s02_w1,juelich,12345,2,2,log-distance,47,48,veh6,veh4,5,5,0,128.402,1,6.61731,9.53994,-68.849,28.1273,5,0.048,0.063,0.0488889
juelich_pilot_d30_r5_log_distance_s02_w1,juelich,12345,2,2,log-distance,47,48,veh6,veh5,5,0,1,878.03,0,6.61731,7.37761,nan,nan,0,0.048,0.052,0.0488889
juelich_pilot_d30_r5_log_distance_s02_w1,juelich,12345,2,2,log-distance,47,48,veh6,veh7,5,0,1,930.339,0,6.61731,11.1358,nan,nan,0,0.048,0.054,0.0488889
juelich_pilot_d30_r5_log_distance_s02_w1,juelich,12345,2,2,log-distance,47,48,veh6,veh9,5,5,0,202.048,1,6.61731,8.62506,-72.7858,24.1905,5,0.048,0.05,0.0488889
juelich_pilot_d30_r5_log_distance_s02_w1,juelich,12345,2,2,log-distance,47,48,veh7,veh0,5,0,1,703.408,0,11.1358,13.43,nan,nan,0,0.054,0.063,0.0488889
juelich_pilot_d30_r5_log_distance_s02_w1,juelich,12345,2,2,log-distance,47,48,veh7,veh1,5,0,1,848.328,0,11.1358,8.30296,nan,nan,0,0.054,0.048,0.0488889
juelich_pilot_d30_r5_log_distance_s02_w1,juelich,12345,2,2,log-distance,47,48,veh7,veh10,5,0,1,937.974,0,11.1358,10.6295,nan,nan,0,0.054,0.048,0.0488889
juelich_pilot_d30_r5_log_distance_s02_w1,juelich,12345,2,2,log-distance,47,48,veh7,veh11,5,0,1,840.071,0,11.1358,6.63799,nan,nan,0,0.054,0.048,0.0488889
juelich_pilot_d30_r5_log_distance_s02_w1,juelich,12345,2,2,log-distance,47,48,veh7,veh13,5,0,1,767.508,0,11.1358,7.56479,nan,nan,0,0.054,0.063,0.0488889
juelich_pilot_d30_r5_log_distance_s02_w1,juelich,12345,2,2,log-distance,47,48,veh7,veh15,5,5,0,496.629,1,11.1358,9.24095,-80.5983,16.378,5,0.054,0.047,0.0488889
juelich_pilot_d30_r5_log_distance_s02_w1,juelich,12345,2,2,log-distance,47,48,veh7,veh16,5,0,1,627.024,0,11.1358,8.748,nan,nan,0,0.054,0.037,0.0488889
juelich_pilot_d30_r5_log_distance_s02_w1,juelich,12345,2,2,log-distance,47,48,veh7,veh17,5,5,0,150.623,1,11.1358,3.2222,-70.2355,26.7408,5,0.054,0.052,0.0488889
juelich_pilot_d30_r5_log_distance_s02_w1,juelich,12345,2,2,log-distance,47,48,veh7,veh2,5,2,0.6,584.086,0,11.1358,0,-81.9619,15.0144,2,0.054,0.032,0.0488889
juelich_pilot_d30_r5_log_distance_s02_w1,juelich,12345,2,2,log-distance,47,48,veh7,veh3,5,5,0,395.537,1,11.1358,12.7525,-78.6214,18.3549,5,0.054,0.037,0.0488889
juelich_pilot_d30_r5_log_distance_s02_w1,juelich,12345,2,2,log-distance,47,48,veh7,veh4,5,0,1,801.954,0,11.1358,9.53994,nan,nan,0,0.054,0.063,0.0488889
juelich_pilot_d30_r5_log_distance_s02_w1,juelich,12345,2,2,log-distance,47,48,veh7,veh5,5,5,0,282.442,1,11.1358,7.37761,-75.6958,21.2805,5,0.054,0.052,0.0488889
juelich_pilot_d30_r5_log_distance_s02_w1,juelich,12345,2,2,log-distance,47,48,veh7,veh6,5,0,1,930.339,0,11.1358,6.61731,nan,nan,0,0.054,0.048,0.0488889
juelich_pilot_d30_r5_log_distance_s02_w1,juelich,12345,2,2,log-distance,47,48,veh7,veh8,5,5,0,280.728,1,11.1358,6.66388,-75.643,21.3332,5,0.054,0.042,0.0488889
juelich_pilot_d30_r5_log_distance_s02_w1,juelich,12345,2,2,log-distance,47,48,veh7,veh9,5,0,1,826.895,0,11.1358,8.62506,nan,nan,0,0.054,0.05,0.0488889
juelich_pilot_d30_r5_log_distance_s02_w1,juelich,12345,2,2,log-distance,47,48,veh8,veh0,5,0,1,956.572,0,6.66388,13.43,nan,nan,0,0.042,0.063,0.0488889
juelich_pilot_d30_r5_log_distance_s02_w1,juelich,12345,2,2,log-distance,47,48,veh8,veh1,5,0,1,954.472,0,6.66388,8.30296,nan,nan,0,0.042,0.048,0.0488889
juelich_pilot_d30_r5_log_distance_s02_w1,juelich,12345,2,2,log-distance,47,48,veh8,veh11,5,0,1,955.213,0,6.66388,6.63799,nan,nan,0,0.042,0.048,0.0488889
juelich_pilot_d30_r5_log_distance_s02_w1,juelich,12345,2,2,log-distance,47,48,veh8,veh13,5,0,1,976.548,0,6.66388,7.56479,nan,nan,0,0.042,0.063,0.0488889
juelich_pilot_d30_r5_log_distance_s02_w1,juelich,12345,2,2,log-distance,47,48,veh8,veh15,5,0,1,773.551,0,6.66388,9.24095,nan,nan,0,0.042,0.047,0.0488889
juelich_pilot_d30_r5_log_distance_s02_w1,juelich,12345,2,2,log-distance,47,48,veh8,veh16,5,0,1,732.264,0,6.66388,8.748,nan,nan,0,0.042,0.037,0.0488889
juelich_pilot_d30_r5_log_distance_s02_w1,juelich,12345,2,2,log-distance,47,48,veh8,veh17,5,4,0.2,426.714,1,6.66388,3.2222,-79.2803,17.696,4,0.042,0.052,0.0488889
juelich_pilot_d30_r5_log_distance_s02_w1,juelich,12345,2,2,log-distance,47,48,veh8,veh2,5,5,0,389.441,1,6.66388,0,-78.4865,16.0008,5,0.042,0.032,0.0488889
juelich_pilot_d30_r5_log_distance_s02_w1,juelich,12345,2,2,log-distance,47,48,veh8,veh3,5,5,0,260.973,1,6.66388,12.7525,-75.0096,19.0165,5,0.042,0.037,0.0488889
juelich_pilot_d30_r5_log_distance_s02_w1,juelich,12345,2,2,log-distance,47,48,veh8,veh4,5,0,1,977.241,0,6.66388,9.53994,nan,nan,0,0.042,0.063,0.0488889
juelich_pilot_d30_r5_log_distance_s02_w1,juelich,12345,2,2,log-distance,47,48,veh8,veh5,5,4,0.2,560.247,0,6.66388,7.37761,-81.645,15.3313,4,0.042,0.052,0.0488889
juelich_pilot_d30_r5_log_distance_s02_w1,juelich,12345,2,2,log-distance,47,48,veh8,veh7,5,4,0.2,280.728,1,6.66388,11.1358,-75.6426,21.3337,4,0.042,0.054,0.0488889
juelich_pilot_d30_r5_log_distance_s02_w1,juelich,12345,2,2,log-distance,47,48,veh8,veh9,5,0,1,958.611,0,6.66388,8.62506,nan,nan,0,0.042,0.05,0.0488889
juelich_pilot_d30_r5_log_distance_s02_w1,juelich,12345,2,2,log-distance,47,48,veh9,veh0,5,5,0,537.969,0,8.62506,13.43,-81.2928,15.6835,5,0.05,0.063,0.0488889
juelich_pilot_d30_r5_log_distance_s02_w1,juelich,12345,2,2,log-distance,47,48,veh9,veh1,5,5,0,90.4595,1,8.62506,8.30296,-65.8068,31.1695,5,0.05,0.048,0.0488889
juelich_pilot_d30_r5_log_distance_s02_w1,juelich,12345,2,2,log-distance,47,48,veh9,veh10,5,5,0,191.341,1,8.62506,10.6295,-72.3139,24.6624,5,0.05,0.048,0.0488889
juelich_pilot_d30_r5_log_distance_s02_w1,juelich,12345,2,2,log-distance,47,48,veh9,veh11,5,5,0,58.9149,1,8.62506,6.63799,-62.0818,34.8945,5,0.05,0.048,0.0488889
juelich_pilot_d30_r5_log_distance_s02_w1,juelich,12345,2,2,log-distance,47,48,veh9,veh12,5,5,0,490.57,1,8.62506,8.61364,-80.4915,16.4848,5,0.05,0.048,0.0488889
juelich_pilot_d30_r5_log_distance_s02_w1,juelich,12345,2,2,log-distance,47,48,veh9,veh13,5,5,0,307.89,1,8.62506,7.56479,-76.4452,20.5311,5,0.05,0.063,0.0488889
juelich_pilot_d30_r5_log_distance_s02_w1,juelich,12345,2,2,log-distance,47,48,veh9,veh14,5,1,0.8,588.495,0,8.62506,14.9646,-81.9564,15.0199,1,0.05,0.048,0.0488889
juelich_pilot_d30_r5_log_distance_s02_w1,juelich,12345,2,2,log-distance,47,48,veh9,veh15,5,0,1,904.374,0,8.62506,9.24095,nan,nan,0,0.05,0.047,0.0488889
juelich_pilot_d30_r5_log_distance_s02_w1,juelich,12345,2,2,log-distance,47,48,veh9,veh17,5,0,1,835.127,0,8.62506,3.2222,nan,nan,0,0.05,0.052,0.0488889
juelich_pilot_d30_r5_log_distance_s02_w1,juelich,12345,2,2,log-distance,47,48,veh9,veh4,5,5,0,164.95,1,8.62506,9.53994,-71.0241,25.9521,5,0.05,0.063,0.0488889
juelich_pilot_d30_r5_log_distance_s02_w1,juelich,12345,2,2,log-distance,47,48,veh9,veh5,5,0,1,835.676,0,8.62506,7.37761,nan,nan,0,0.05,0.052,0.0488889
juelich_pilot_d30_r5_log_distance_s02_w1,juelich,12345,2,2,log-distance,47,48,veh9,veh6,5,5,0,202.048,1,8.62506,6.61731,-72.7858,24.1905,5,0.05,0.048,0.0488889
juelich_pilot_d30_r5_log_distance_s02_w1,juelich,12345,2,2,log-distance,47,48,veh9,veh7,5,0,1,826.895,0,8.62506,11.1358,nan,nan,0,0.05,0.054,0.0488889
juelich_pilot_d30_r5_log_distance_s02_w1,juelich,12345,2,2,log-distance,47,48,veh9,veh8,5,0,1,958.611,0,8.62506,6.66388,nan,nan,0,0.05,0.042,0.0488889
juelich_pilot_d30_r5_log_distance_s02_w1,juelich,12345,2,2,log-distance,48,49,veh0,veh1,5,0,1,627.827,0,13.4529,8.33054,nan,nan,0,0.067,0.046,0.0516053
juelich_pilot_d30_r5_log_distance_s02_w1,juelich,12345,2,2,log-distance,48,49,veh0,veh10,5,5,0,484.762,1,13.4529,7.99093,-80.3882,16.588,5,0.067,0.046,0.0516053
juelich_pilot_d30_r5_log_distance_s02_w1,juelich,12345,2,2,log-distance,48,49,veh0,veh11,5,0,1,600.478,0,13.4529,5.88176,nan,nan,0,0.067,0.047,0.0516053
juelich_pilot_d30_r5_log_distance_s02_w1,juelich,12345,2,2,log-distance,48,49,veh0,veh12,5,5,0,437.956,1,13.4529,8.58906,-79.5063,17.47,5,0.067,0.046,0.0516053
juelich_pilot_d30_r5_log_distance_s02_w1,juelich,12345,2,2,log-distance,48,49,veh0,veh13,5,5,0,257.874,1,13.4529,7.57315,-74.9046,22.0717,5,0.067,0.067,0.0516053
juelich_pilot_d30_r5_log_distance_s02_w1,juelich,12345,2,2,log-distance,48,49,veh0,veh14,5,5,0,467.745,1,13.4529,14.9523,-80.0779,16.8984,5,0.067,0.045,0.0516053
juelich_pilot_d30_r5_log_distance_s02_w1,juelich,12345,2,2,log-distance,48,49,veh0,veh15,5,5,0,458.303,1,13.4529,9.20427,-79.9005,17.0758,5,0.067,0.051,0.0516053
juelich_pilot_d30_r5_log_distance_s02_w1,juelich,12345,2,2,log-distance,48,49,veh0,veh17,5,0,1,612.077,0,13.4529,5.43131,nan,nan,0,0.067,0.057,0.0516053
juelich_pilot_d30_r5_log_distance_s02_w1,juelich,12345,2,2,log-distance,48,49,veh0,veh18,2,0,1,645.077,0,13.44,0.25371,nan,nan,0,0.067,0.0575,0.0516053
juelich_pilot_d30_r5_log_distance_s02_w1,juelich,12345,2,2,log-distance,48,49,veh0,veh4,5,5,0,391.583,1,13.4529,9.82526,-78.5341,18.4422,5,0.067,0.067,0.0516053
juelich_pilot_d30_r5_log_distance_s02_w1,juelich,12345,2,2,log-distance,48,49,veh0,veh5,5,5,0,529.531,0,13.4529,8.08611,-81.1555,15.8208,5,0.067,0.058,0.0516053
juelich_pilot_d30_r5_log_distance_s02_w1,juelich,12345,2,2,log-distance,48,49,veh0,veh6,5,5,0,466.888,1,13.4529,8.53952,-80.0619,16.9144,5,0.067,0.046,0.0516053
juelich_pilot_d30_r5_log_distance_s02_w1,juelich,12345,2,2,log-distance,48,49,veh0,veh7,5,0,1,700.108,0,13.4529,11.2017,nan,nan,0,0.067,0.062,0.0516053
juelich_pilot_d30_r5_log_distance_s02_w1,juelich,12345,2,2,log-distance,48,49,veh0,veh8,5,0,1,965.536,0,13.4529,3.20886,nan,nan,0,0.067,0.046,0.0516053
juelich_pilot_d30_r5_log_distance_s02_w1,juelich,12345,2,2,log-distance,48,49,veh0,veh9,5,5,0,542.57,0,13.4529,8.62312,-81.3668,15.6095,5,0.067,0.054,0.0516053
juelich_pilot_d30_r5_log_distance_s02_w1,juelich,12345,2,2,log-distance,48,49,veh1,veh0,5,0,1,627.827,0,8.33054,13.4529,nan,nan,0,0.046,0.067,0.0516053
juelich_pilot_d30_r5_log_distance_s02_w1,juelich,12345,2,2,log-distance,48,49,veh1,veh10,5,5,0,267.406,1,8.33054,7.99093,-75.2211,21.7552,5,0.046,0.046,0.0516053
juelich_pilot_d30_r5_log_distance_s02_w1,juelich,12345,2,2,log-distance,48,49,veh1,veh11,5,5,0,29.0238,1,8.33054,5.88176,-55.9305,41.0458,5,0.046,0.047,0.0516053
juelich_pilot_d30_r5_log_distance_s02_w1,juelich,12345,2,2,log-distance,48,49,veh1,veh12,5,5,0,558.444,0,8.33054,8.58906,-81.6171,15.3592,5,0.046,0.046,0.0516053
juelich_pilot_d30_r5_log_distance_s02_w1,juelich,12345,2,2,log-distance,48,49,veh1,veh13,5,5,0,387.657,1,8.33054,7.57315,-78.4465,18.5298,5,0.046,0.067,0.0516053
juelich_pilot_d30_r5_log_distance_s02_w1,juelich,12345,2,2,log-distance,48,49,veh1,veh14,5,0,1,650.601,0,8.33054,14.9523,nan,nan,0,0.046,0.045,0.0516053
juelich_pilot_d30_r5_log_distance_s02_w1,juelich,12345,2,2,log-distance,48,49,veh1,veh15,5,0,1,954.424,0,8.33054,9.20427,nan,nan,0,0.046,0.051,0.0516053
juelich_pilot_d30_r5_log_distance_s02_w1,juelich,12345,2,2,log-distance,48,49,veh1,veh17,5,0,1,864.725,0,8.33054,5.43131,nan,nan,0,0.046,0.057,0.0516053
juelich_pilot_d30_r5_log_distance_s02_w1,juelich,12345,2,2,log-distance,48,49,veh1,veh18,2,0,1,869.131,0,8.33638,0.25371,nan,nan,0,0.046,0.0575,0.0516053
juelich_pilot_d30_r5_log_distance_s02_w1,juelich,12345,2,2,log-distance,48,49,veh1,veh4,5,5,0,248.206,1,8.33054,9.82526,-74.5736,22.4026,5,0.046,0.067,0.0516053
juelich_pilot_d30_r5_log_distance_s02_w1,juelich,12345,2,2,log-distance,48,49,veh1,veh5,5,0,1,874.488,0,8.33054,8.08611,nan,nan,0,0.046,0.058,0.0516053
juelich_pilot_d30_r5_log_distance_s02_w1,juelich,12345,2,2,log-distance,48,49,veh1,veh6,5,5,0,269.86,1,8.33054,8.53952,-75.2999,21.6764,5,0.046,0.046,0.0516053
juelich_pilot_d30_r5_log_distance_s02_w1,juelich,12345,2,2,log-distance,48,49,veh1,veh7,5,0,1,835.28,0,8.33054,11.2017,nan,nan,0,0.046,0.062,0.0516053
juelich_pilot_d30_r5_log_distance_s02_w1,juelich,12345,2,2,log-distance,48,49,veh1,veh8,5,0,1,952.442,0,8.33054,3.20886,nan,nan,0,0.046,0.046,0.0516053
juelich_pilot_d30_r5_log_distance_s02_w1,juelich,12345,2,2,log-distance,48,49,veh1,veh9,5,5,0,90.7731,1,8.33054,8.62312,-65.8368,31.1394,5,0.046,0.054,0.0516053
juelich_pilot_d30_r5_log_distance_s02_w1,juelich,12345,2,2,log-distance,48,49,veh10,veh0,5,5,0,484.762,1,7.99093,13.4529,-80.3882,16.588,5,0.046,0.067,0.0516053
juelich_pilot_d30_r5_log_distance_s02_w1,juelich,12345,2,2,log-distance,48,49,veh10,veh1,5,5,0,267.406,1,7.99093,8.33054,-75.2211,21.7552,5,0.046,0.046,0.0516053
juelich_pilot_d30_r5_log_distance_s02_w1,juelich,12345,2,2,log-distance,48,49,veh10,veh11,5,5,0,242.032,1,7.99093,5.88176,-74.3551,22.6212,5,0.046,0.047,0.0516053
juelich_pilot_d30_r5_log_distance_s02_w1,juelich,12345,2,2,log-distance,48,49,veh10,veh12,5,5,0,292.15,1,7.99093,8.58906,-75.9892,20.9871,5,0.046,0.046,0.0516053
juelich_pilot_d30_r5_log_distance_s02_w1,juelich,12345,2,2,log-distance,48,49,veh10,veh13,5,5,0,231.054,1,7.99093,7.57315,-73.9512,23.0251,5,0.046,0.067,0.0516053
juelich_pilot_d30_r5_log_distance_s02_w1,juelich,12345,2,2,log-distance,48,49,veh10,veh14,5,5,0,384.162,1,7.99093,14.9523,-78.3671,18.6092,5,0.046,0.045,0.0516053
juelich_pilot_d30_r5_log_distance_s02_w1,juelich,12345,2,2,log-distance,48,49,veh10,veh15,5,0,1,901.49,0,7.99093,9.20427,nan,nan,0,0.046,0.051,0.0516053
juelich_pilot_d30_r5_log_distance_s02_w1,juelich,12345,2,2,log-distance,48,49,veh10,veh17,5,0,1,912.417,0,7.99093,5.43131,nan,nan,0,0.046,0.057,0.0516053
juelich_pilot_d30_r5_log_distance_s02_w1,juelich,12345,2,2,log-distance,48,49,veh10,veh18,2,0,1,928.426,0,6.65491,0.25371,nan,nan,0,0.046,0.0575,0.0516053
juelich_pilot_d30_r5_log_distance_s02_w1,juelich,12345,2,2,log-distance,48,49,veh10,veh4,5,5,0,146.129,1,7.99093,9.82526,-69.971,27.0052,5,0.046,0.067,0.0516053
juelich_pilot_d30_r5_log_distance_s02_w1,juelich,12345,2,2,log-distance,48,49,veh10,veh5,5,0,1,884.896,0,7.99093,8.08611,nan,nan,0,0.046,0.058,0.0516053
juelich_pilot_d30_r5_log_distance_s02_w1,juelich,12345,2,2,log-distance,48,49,veh10,veh6,5,5,0,18.7408,1,7.99093,8.53952,-52.1239,44.8524,5,0.046,0.046,0.0516053
juelich_pilot_d30_r5_log_distance_s02_w1,juelich,12345,2,2,log-distance,48,49,veh10,veh7,5,0,1,926.818,0,7.99093,11.2017,nan,nan,0,0.046,0.062,0.0516053
juelich_pilot_d30_r5_log_distance_s02_w1,juelich,12345,2,2,log-distance,48,49,veh10,veh9,5,5,0,192.049,1,7.99093,8.62312,-72.3459,24.6303,5,0.046,0.054,0.0516053
juelich_pilot_d30_r5_log_distance_s02_w1,juelich,12345,2,2,log-distance,48,49,veh11,veh0,5,0,1,600.478,0,5.88176,13.4529,nan,nan,0,0.047,0.067,0.0516053
juelich_pilot_d30_r5_log_distance_s02_w1,juelich,12345,2,2,log-distance,48,49,veh11,veh1,5,5,0,29.0238,1,5.88176,8.33054,-55.9305,41.0458,5,0.047,0.046,0.0516053
juelich_pilot_d30_r5_log_distance_s02_w1,juelich,12345,2,2,log-distance,48,49,veh11,veh10,5,5,0,242.032,1,5.88176,7.99093,-74.3551,22.6212,5,0.047,0.046,0.0516053
juelich_pilot_d30_r5_log_distance_s02_w1,juelich,12345,2,2,log-distance,48,49,veh11,veh12,5,5,0,532,0,5.88176,8.58906,-81.1958,15.7805,5,0.047,0.046,0.0516053
juelich_pilot_d30_r5_log_distance_s02_w1,juelich,12345,2,2,log-distance,48,49,veh11,veh13,5,5,0,358.954,1,5.88176,7.57315,-77.7783,19.1979,5,0.047,0.067,0.0516053
juelich_pilot_d30_r5_log_distance_s02_w1,juelich,12345,2,2,log-distance,48,49,veh11,veh14,5,0,1,624.146,0,5.88176,14.9523,nan,nan,0,0.047,0.045,0.0516053
juelich_pilot_d30_r5_log_distance_s02_w1,juelich,12345,2,2,log-distance,48,49,veh11,veh15,5,0,1,933.436,0,5.88176,9.20427,nan,nan,0,0.047,0.051,0.0516053
juelich_pilot_d30_r5_log_distance_s02_w1,juelich,12345,2,2,log-distance,48,49,veh11,veh17,5,0,1,852.469,0,5.88176,5.43131,nan,nan,0,0.047,0.057,0.0516053
juelich_pilot_d30_r5_log_distance_s02_w1,juelich,12345,2,2,log-distance,48,49,veh11,veh18,2,0,1,858.358,0,6.53289,0.25371,nan,nan,0,0.047,0.0575,0.0516053
juelich_pilot_d30_r5_log_distance_s02_w1,juelich,12345,2,2,log-distance,48,49,veh11,veh4,5,5,0,219.317,1,5.88176,9.82526,-73.499,23.4773,5,0.047,0.067,0.0516053
juelich_pilot_d30_r5_log_distance_s02_w1,juelich,12345,2,2,log-distance,48,49,veh11,veh5,5,0,1,858.583,0,5.88176,8.08611,nan,nan,0,0.047,0.058,0.0516053
juelich_pilot_d30_r5_log_distance_s02_w1,juelich,12345,2,2,log-distance,48,49,veh11,veh6,5,5,0,243.54,1,5.88176,8.53952,-74.4086,22.5677,5,0.047,0.046,0.0516053
juelich_pilot_d30_r5_log_distance_s02_w1,juelich,12345,2,2,log-distance,48,49,veh11,veh7,5,0,1,827.799,0,5.88176,11.2017,nan,nan,0,0.047,0.062,0.0516053
juelich_pilot_d30_r5_log_distance_s02_w1,juelich,12345,2,2,log-distance,48,49,veh11,veh8,5,0,1,953.458,0,5.88176,3.20886,nan,nan,0,0.047,0.046,0.0516053
juelich_pilot_d30_r5_log_distance_s02_w1,juelich,12345,2,2,log-distance,48,49,veh11,veh9,5,5,0,61.7509,1,5.88176,8.62312,-62.4899,34.4864,5,0.047,0.054,0.0516053
juelich_pilot_d30_r5_log_distance_s02_w1,juelich,12345,2,2,log-distance,48,49,veh12,veh0,5,0,1,437.956,1,8.58906,13.4529,nan,nan,0,0.046,0.067,0.0516053
juelich_pilot_d30_r5_log_distance_s02_w1,juelich,12345,2,2,log-distance,48,49,veh12,veh1,5,0,1,558.444,0,8.58906,8.33054,nan,nan,0,0.046,0.046,0.0516053
juelich_pilot_d30_r5_log_distance_s02_w1,juelich,12345,2,2,log-distance,48,49,veh12,veh10,5,0,1,292.15,1,8.58906,7.99093,nan,nan,0,0.046,0.046,0.0516053
juelich_pilot_d30_r5_log_distance_s02_w1,juelich,12345,2,2,log-distance,48,49,veh12,veh11,5,0,1,532,0,8.58906,5.88176,nan,nan,0,0.046,0.047,0.0516053
juelich_pilot_d30_r5_log_distance_s02_w1,juelich,12345,2,2,log-distance,48,49,veh12,veh13,5,0,1,307.572,1,8.58906,7.57315,nan,nan,0,0.046,0.067,0.0516053
juelich_pilot_d30_r5_log_distance_s02_w1,juelich,12345,2,2,log-distance,48,49,veh12,veh14,5,5,0,92.2528,1,8.58906,14.9523,-65.9754,12.2736,5,0.046,0.045,0.0516053
juelich_pilot_d30_r5_log_distance_s02_w1,juelich,12345,2,2,log-distance,48,49,veh12,veh15,5,0,1,896.031,0,8.58906,9.20427,nan,nan,0,0.046,0.051,0.0516053
juelich_pilot_d30_r5_log_distance_s02_w1,juelich,12345,2,2,log-distance,48,49,veh12,veh4,5,0,1,361.567,1,8.58906,9.82526,nan,nan,0,0.046,0.067,0.0516053
juelich_pilot_d30_r5_log_distance_s02_w1,juelich,12345,2,2,log-distance,48,49,veh12,veh5,5,0,1,949.652,0,8.58906,8.08611,nan,nan,0,0.046,0.058,0.0516053
juelich_pilot_d30_r5_log_distance_s02_w1,juelich,12345,2,2,log-distance,48,49,veh12,veh6,5,0,1,288.588,1,8.58906,8.53952,nan,nan,0,0.046,0.046,0.0516053
juelich_pilot_d30_r5_log_distance_s02_w1,juelich,12345,2,2,log-distance,48,49,veh12,veh9,5,0,1,477.122,1,8.58906,8.62312,nan,nan,0,0.046,0.054,0.0516053
juelich_pilot_d30_r5_log_distance_s02_w1,juelich,12345,2,2,log-distance,48,49,veh13,veh0,5,5,0,257.874,1,7.57315,13.4529,-74.9046,4.52454,5,0.067,0.067,0.0516053
juelich_pilot_d30_r5_log_distance_s02_w1,juelich,12345,2,2,log-distance,48,49,veh13,veh1,5,0,1,387.657,1,7.57315,8.33054,nan,nan,0,0.067,0.046,0.0516053
juelich_pilot_d30_r5_log_distance_s02_w1,juelich,12345,2,2,log-distance,48,49,veh13,veh10,5,0,1,231.054,1,7.57315,7.99093,nan,nan,0,0.067,0.046,0.0516053
juelich_pilot_d30_r5_log_distance_s02_w1,juelich,12345,2,2,log-distance,48,49,veh13,veh11,5,0,1,358.954,1,7.57315,5.88176,nan,nan,0,0.067,0.047,0.0516053
juelich_pilot_d30_r5_log_distance_s02_w1,juelich,12345,2,2,log-distance,48,49,veh13,veh12,5,0,1,307.572,1,7.57315,8.58906,nan,nan,0,0.067,0.046,0.0516053
juelich_pilot_d30_r5_log_distance_s02_w1,juelich,12345,2,2,log-distance,48,49,veh13,veh14,5,0,1,381.517,1,7.57315,14.9523,nan,nan,0,0.067,0.045,0.0516053
juelich_pilot_d30_r5_log_distance_s02_w1,juelich,12345,2,2,log-distance,48,49,veh13,veh15,5,0,1,673.98,0,7.57315,9.20427,nan,nan,0,0.067,0.051,0.0516053
juelich_pilot_d30_r5_log_distance_s02_w1,juelich,12345,2,2,log-distance,48,49,veh13,veh17,5,0,1,722.985,0,7.57315,5.43131,nan,nan,0,0.067,0.057,0.0516053
juelich_pilot_d30_r5_log_distance_s02_w1,juelich,12345,2,2,log-distance,48,49,veh13,veh18,2,0,1,747.098,0,7.55101,0.25371,nan,nan,0,0.067,0.0575,0.0516053
juelich_pilot_d30_r5_log_distance_s02_w1,juelich,12345,2,2,log-distance,48,49,veh13,veh4,5,5,0,140.508,1,7.57315,9.82526,-69.6314,8.15739,5,0.067,0.067,0.0516053
juelich_pilot_d30_r5_log_distance_s02_w1,juelich,12345,2,2,log-distance,48,49,veh13,veh5,5,0,1,677.817,0,7.57315,8.08611,nan,nan,0,0.067,0.058,0.0516053
juelich_pilot_d30_r5_log_distance_s02_w1,juelich,12345,2,2,log-distance,48,49,veh13,veh6,5,0,1,212.72,1,7.57315,8.53952,nan,nan,0,0.067,0.046,0.0516053
juelich_pilot_d30_r5_log_distance_s02_w1,juelich,12345,2,2,log-distance,48,49,veh13,veh7,5,0,1,763.966,0,7.57315,11.2017,nan,nan,0,0.067,0.062,0.0516053
juelich_pilot_d30_r5_log_distance_s02_w1,juelich,12345,2,2,log-distance,48,49,veh13,veh8,5,0,1,983.226,0,7.57315,3.20886,nan,nan,0,0.067,0.046,0.0516053
juelich_pilot_d30_r5_log_distance_s02_w1,juelich,12345,2,2,log-distance,48,49,veh13,veh9,5,2,0.6,297.947,1,7.57315,8.62312,-76.0737,4.01311,2,0.067,0.054,0.0516053
juelich_pilot_d30_r5_log_distance_s02_w1,juelich,12345,2,2,log-distance,48,49,veh14,veh0,5,5,0,467.745,1,14.9523,13.4529,-80.0779,16.8984,5,0.045,0.067,0.0516053
juelich_pilot_d30_r5_log_distance_s02_w1,juelich,12345,2,2,log-distance,48,49,veh14,veh1,5,0,1,650.601,0,14.9523,8.33054,nan,nan,0,0.045,0.046,0.0516053
juelich_pilot_d30_r5_log_distance_s02_w1,juelich,12345,2,2,log-distance,48,49,veh14,veh10,5,5,0,384.162,1,14.9523,7.99093,-78.3671,18.6092,5,0.045,0.046,0.0516053
juelich_pilot_d30_r5_log_distance_s02_w1,juelich,12345,2,2,log-distance,48,49,veh14,veh11,5,0,1,624.146,0,14.9523,5.88176,nan,nan,0,0.045,0.047,0.0516053
juelich_pilot_d30_r5_log_distance_s02_w1,juelich,12345,2,2,log-distance,48,49,veh14,veh12,5,5,0,92.2528,1,14.9523,8.58906,-65.9754,31.0009,5,0.045,0.046,0.0516053
juelich_pilot_d30_r5_log_distance_s02_w1,juelich,12345,2,2,log-distance,48,49,veh14,veh13,5,5,0,381.517,1,14.9523,7.57315,-78.3076,18.6687,5,0.045,0.067,0.0516053
juelich_pilot_d30_r5_log_distance_s02_w1,juelich,12345,2,2,log-distance,48,49,veh14,veh15,5,0,1,919.67,0,14.9523,9.20427,nan,nan,0,0.045,0.051,0.0516053
juelich_pilot_d30_r5_log_distance_s02_w1,juelich,12345,2,2,log-distance,48,49,veh14,veh4,5,5,0,449.696,1,14.9523,9.82526,-79.7361,17.2402,5,0.045,0.067,0.0516053
juelich_pilot_d30_r5_log_distance_s02_w1,juelich,12345,2,2,log-distance,48,49,veh14,veh5,5,0,1,992.569,0,14.9523,8.08611,nan,nan,0,0.045,0.058,0.0516053
juelich_pilot_d30_r5_log_distance_s02_w1,juelich,12345,2,2,log-distance,48,49,veh14,veh6,5,5,0,380.766,1,14.9523,8.53952,-78.2907,18.6856,5,0.045,0.046,0.0516053
juelich_pilot_d30_r5_log_distance_s02_w1,juelich,12345,2,2,log-distance,48,49,veh14,veh9,5,5,0,569.078,0,14.9523,8.62312,-81.7807,15.1956,5,0.045,0.054,0.0516053
juelich_pilot_d30_r5_log_distance_s02_w1,juelich,12345,2,2,log-distance,48,49,veh15,veh0,5,5,0,458.303,1,9.20427,13.4529,-79.9005,17.0758,5,0.051,0.067,0.0516053
juelich_pilot_d30_r5_log_distance_s02_w1,juelich,12345,2,2,log-distance,48,49,veh15,veh1,5,0,1,954.424,0,9.20427,8.33054,nan,nan,0,0.051,0.046,0.0516053
juelich_pilot_d30_r5_log_distance_s02_w1,juelich,12345,2,2,log-distance,48,49,veh15,veh10,5,0,1,901.49,0,9.20427,7.99093,nan,nan,0,0.051,0.046,0.0516053
juelich_pilot_d30_r5_log_distance_s02_w1,juelich,12345,2,2,log-distance,48,49,veh15,veh11,5,0,1,933.436,0,9.20427,5.88176,nan,nan,0,0.051,0.047,0.0516053
juelich_pilot_d30_r5_log_distance_s02_w1,juelich,12345,2,2,log-distance,48,49,veh15,veh12,5,0,1,896.031,0,9.20427,8.58906,nan,nan,0,0.051,0.046,0.0516053
juelich_pilot_d30_r5_log_distance_s02_w1,juelich,12345,2,2,log-distance,48,49,veh15,veh13,5,0,1,673.98,0,9.20427,7.57315,nan,nan,0,0.051,0.067,0.0516053
juelich_pilot_d30_r5_log_distance_s02_w1,juelich,12345,2,2,log-distance,48,49,veh15,veh14,5,0,1,919.67,0,9.20427,14.9523,nan,nan,0,0.051,0.045,0.0516053
juelich_pilot_d30_r5_log_distance_s02_w1,juelich,12345,2,2,log-distance,48,49,veh15,veh16,5,0,1,638.371,0,9.20427,10.8909,nan,nan,0,0.051,0.041,0.0516053
juelich_pilot_d30_r5_log_distance_s02_w1,juelich,12345,2,2,log-distance,48,49,veh15,veh17,5,5,0,344.032,1,9.20427,5.43131,-77.4096,19.5667,5,0.051,0.057,0.0516053
juelich_pilot_d30_r5_log_distance_s02_w1,juelich,12345,2,2,log-distance,48,49,veh15,veh18,2,2,0,381.973,1,9.22507,0.25371,-78.3184,18.6579,2,0.051,0.0575,0.0516053
juelich_pilot_d30_r5_log_distance_s02_w1,juelich,12345,2,2,log-distance,48,49,veh15,veh2,5,0,1,995.122,0,9.20427,0,nan,nan,0,0.051,0.036,0.0516053
juelich_pilot_d30_r5_log_distance_s02_w1,juelich,12345,2,2,log-distance,48,49,veh15,veh3,5,0,1,790.38,0,9.20427,12.7486,nan,nan,0,0.051,0.041,0.0516053
juelich_pilot_d30_r5_log_distance_s02_w1,juelich,12345,2,2,log-distance,48,49,veh15,veh4,5,0,1,773.827,0,9.20427,9.82526,nan,nan,0,0.051,0.067,0.0516053
juelich_pilot_d30_r5_log_distance_s02_w1,juelich,12345,2,2,log-distance,48,49,veh15,veh5,5,5,0,220.164,1,9.20427,8.08611,-73.5324,23.4439,5,0.051,0.058,0.0516053
juelich_pilot_d30_r5_log_distance_s02_w1,juelich,12345,2,2,log-distance,48,49,veh15,veh6,5,0,1,883.037,0,9.20427,8.53952,nan,nan,0,0.051,0.046,0.0516053
juelich_pilot_d30_r5_log_distance_s02_w1,juelich,12345,2,2,log-distance,48,49,veh15,veh7,5,5,0,492.147,1,9.20427,11.2017,-80.5196,16.4567,5,0.051,0.062,0.0516053
juelich_pilot_d30_r5_log_distance_s02_w1,juelich,12345,2,2,log-distance,48,49,veh15,veh8,5,0,1,776.43,0,9.20427,3.20886,nan,nan,0,0.051,0.046,0.0516053
juelich_pilot_d30_r5_log_distance_s02_w1,juelich,12345,2,2,log-distance,48,49,veh15,veh9,5,0,1,889.699,0,9.20427,8.62312,nan,nan,0,0.051,0.054,0.0516053
juelich_pilot_d30_r5_log_distance_s02_w1,juelich,12345,2,2,log-distance,48,49,veh16,veh15,5,0,1,638.371,0,10.8909,9.20427,nan,nan,0,0.041,0.051,0.0516053
juelich_pilot_d30_r5_log_distance_s02_w1,juelich,12345,2,2,log-distance,48,49,veh16,veh17,5,5,0,566.382,0,10.8909,5.43131,-81.7399,15.2364,5,0.041,0.057,0.0516053
juelich_pilot_d30_r5_log_distance_s02_w1,juelich,12345,2,2,log-distance,48,49,veh16,veh18,2,2,0,560.398,0,11.5216,0.25371,-81.6476,15.3287,2,0.041,0.0575,0.0516053
juelich_pilot_d30_r5_log_distance_s02_w1,juelich,12345,2,2,log-distance,48,49,veh16,veh2,5,0,1,647.644,0,10.8909,0,nan,nan,0,0.041,0.036,0.0516053
juelich_pilot_d30_r5_log_distance_s02_w1,juelich,12345,2,2,log-distance,48,49,veh16,veh3,5,5,0,531.051,0,10.8909,12.7486,-81.1802,15.7961,5,0.041,0.041,0.0516053
juelich_pilot_d30_r5_log_distance_s02_w1,juelich,12345,2,2,log-distance,48,49,veh16,veh5,5,5,0,578.294,0,10.8909,8.08611,-81.9207,15.0556,5,0.041,0.058,0.0516053
juelich_pilot_d30_r5_log_distance_s02_w1,juelich,12345,2,2,log-distance,48,49,veh16,veh7,5,0,1,626.061,0,10.8909,11.2017,nan,nan,0,0.041,0.062,0.0516053
juelich_pilot_d30_r5_log_distance_s02_w1,juelich,12345,2,2,log-distance,48,49,veh16,veh8,5,0,1,727.236,0,10.8909,3.20886,nan,nan,0,0.041,0.046,0.0516053
juelich_pilot_d30_r5_log_distance_s02_w1,juelich,12345,2,2,log-distance,48,49,veh17,veh0,5,0,1,612.077,0,5.43131,13.4529,nan,nan,0,0.057,0.067,0.0516053
juelich_pilot_d30_r5_log_distance_s02_w1,juelich,12345,2,2,log-distance,48,49,veh17,veh1,5,0,1,864.725,0,5.43131,8.33054,nan,nan,0,0.057,0.046,0.0516053
juelich_pilot_d30_r5_log_distance_s02_w1,juelich,12345,2,2,log-distance,48,49,veh17,veh10,5,0,1,912.417,0,5.43131,7.99093,nan,nan,0,0.057,0.046,0.0516053
juelich_pilot_d30_r5_log_distance_s02_w1,juelich,12345,2,2,log-distance,48,49,veh17,veh11,5,0,1,852.469,0,5.43131,5.88176,nan,nan,0,0.057,0.047,0.0516053
juelich_pilot_d30_r5_log_distance_s02_w1,juelich,12345,2,2,log-distance,48,49,veh17,veh13,5,0,1,722.985,0,5.43131,7.57315,nan,nan,0,0.057,0.067,0.0516053
juelich_pilot_d30_r5_log_distance_s02_w1,juelich,12345,2,2,log-distance,48,49,veh17,veh15,5,5,0,344.032,1,5.43131,9.20427,-77.4096,17.0205,5,0.057,0.051,0.0516053
juelich_pilot_d30_r5_log_distance_s02_w1,juelich,12345,2,2,log-distance,48,49,veh17,veh16,5,4,0.2,566.382,0,5.43131,10.8909,-81.7439,15.2324,4,0.057,0.041,0.0516053
juelich_pilot_d30_r5_log_distance_s02_w1,juelich,12345,2,2,log-distance,48,49,veh17,veh18,2,2,0,39.9382,1,6.1333,0.25371,-58.7048,29.0545,2,0.057,0.0575,0.0516053
juelich_pilot_d30_r5_log_distance_s02_w1,juelich,12345,2,2,log-distance,48,49,veh17,veh2,5,0,1,690.029,0,5.43131,0,nan,nan,0,0.057,0.036,0.0516053
juelich_pilot_d30_r5_log_distance_s02_w1,juelich,12345,2,2,log-distance,48,49,veh17,veh3,5,4,0.2,482.332,1,5.43131,12.7486,-80.3514,16.6249,4,0.057,0.041,0.0516053
juelich_pilot_d30_r5_log_distance_s02_w1,juelich,12345,2,2,log-distance,48,49,veh17,veh4,5,0,1,766.942,0,5.43131,9.82526,nan,nan,0,0.057,0.067,0.0516053
juelich_pilot_d30_r5_log_distance_s02_w1,juelich,12345,2,2,log-distance,48,49,veh17,veh5,5,5,0,124.323,1,5.43131,8.08611,-68.5669,25.3053,5,0.057,0.058,0.0516053
juelich_pilot_d30_r5_log_distance_s02_w1,juelich,12345,2,2,log-distance,48,49,veh17,veh6,5,0,1,895.62,0,5.43131,8.53952,nan,nan,0,0.057,0.046,0.0516053
juelich_pilot_d30_r5_log_distance_s02_w1,juelich,12345,2,2,log-distance,48,49,veh17,veh7,5,5,0,150.383,1,5.43131,11.2017,-70.2217,22.5407,5,0.057,0.062,0.0516053
juelich_pilot_d30_r5_log_distance_s02_w1,juelich,12345,2,2,log-distance,48,49,veh17,veh8,5,4,0.2,432.539,1,5.43131,3.20886,-79.3929,17.5833,4,0.057,0.046,0.0516053
juelich_pilot_d30_r5_log_distance_s02_w1,juelich,12345,2,2,log-distance,48,49,veh17,veh9,5,0,1,828.422,0,5.43131,8.62312,nan,nan,0,0.057,0.054,0.0516053
juelich_pilot_d30_r5_log_distance_s02_w1,juelich,12345,2,2,log-distance,48,49,veh18,veh0,2,0,1,645.077,0,0.25371,13.44,nan,nan,0,0.0575,0.067,0.0516053
juelich_pilot_d30_r5_log_distance_s02_w1,juelich,12345,2,2,log-distance,48,49,veh18,veh1,2,0,1,869.131,0,0.25371,8.33638,nan,nan,0,0.0575,0.046,0.0516053
juelich_pilot_d30_r5_log_distance_s02_w1,juelich,12345,2,2,log-distance,48,49,veh18,veh10,2,0,1,928.426,0,0.25371,6.65491,nan,nan,0,0.0575,0.046,0.0516053
juelich_pilot_d30_r5_log_distance_s02_w1,juelich,12345,2,2,log-distance,48,49,veh18,veh11,2,0,1,858.358,0,0.25371,6.53289,nan,nan,0,0.0575,0.047,0.0516053
juelich_pilot_d30_r5_log_distance_s02_w1,juelich,12345,2,2,log-distance,48,49,veh18,veh13,2,0,1,747.098,0,0.25371,7.55101,nan,nan,0,0.0575,0.067,0.0516053
juelich_pilot_d30_r5_log_distance_s02_w1,juelich,12345,2,2,log-distance,48,49,veh18,veh15,2,2,0,381.973,1,0.25371,9.22507,-78.3184,18.6579,2,0.0575,0.051,0.0516053
juelich_pilot_d30_r5_log_distance_s02_w1,juelich,12345,2,2,log-distance,48,49,veh18,veh16,2,2,0,560.398,0,0.25371,11.5216,-81.6476,15.3287,2,0.0575,0.041,0.0516053
juelich_pilot_d30_r5_log_distance_s02_w1,juelich,12345,2,2,log-distance,48,49,veh18,veh17,2,2,0,39.9382,1,0.25371,6.1333,-58.7048,38.2715,2,0.0575,0.057,0.0516053
juelich_pilot_d30_r5_log_distance_s02_w1,juelich,12345,2,2,log-distance,48,49,veh18,veh2,2,0,1,654.452,0,0.25371,0,nan,nan,0,0.0575,0.036,0.0516053
juelich_pilot_d30_r5_log_distance_s02_w1,juelich,12345,2,2,log-distance,48,49,veh18,veh3,2,2,0,443.302,1,0.25371,12.7474,-79.6117,17.3646,2,0.0575,0.041,0.0516053
juelich_pilot_d30_r5_log_distance_s02_w1,juelich,12345,2,2,log-distance,48,49,veh18,veh4,2,0,1,779.842,0,0.25371,10.1874,nan,nan,0,0.0575,0.067,0.0516053
juelich_pilot_d30_r5_log_distance_s02_w1,juelich,12345,2,2,log-distance,48,49,veh18,veh5,2,2,0,161.211,1,0.25371,8.09781,-70.8256,26.1507,2,0.0575,0.058,0.0516053
juelich_pilot_d30_r5_log_distance_s02_w1,juelich,12345,2,2,log-distance,48,49,veh18,veh6,2,0,1,909.596,0,0.25371,9.14083,nan,nan,0,0.0575,0.046,0.0516053
juelich_pilot_d30_r5_log_distance_s02_w1,juelich,12345,2,2,log-distance,48,49,veh18,veh7,2,2,0,115.671,1,0.25371,11.1939,-67.9422,29.0341,2,0.0575,0.062,0.0516053
juelich_pilot_d30_r5_log_distance_s02_w1,juelich,12345,2,2,log-distance,48,49,veh18,veh8,2,2,0,394.908,1,0.25371,2.39886,-78.6076,18.3687,2,0.0575,0.046,0.0516053
juelich_pilot_d30_r5_log_distance_s02_w1,juelich,12345,2,2,log-distance,48,49,veh18,veh9,2,0,1,836.764,0,0.25371,8.62013,nan,nan,0,0.0575,0.054,0.0516053
juelich_pilot_d30_r5_log_distance_s02_w1,juelich,12345,2,2,log-distance,48,49,veh2,veh15,5,0,1,995.122,0,0,9.20427,nan,nan,0,0.036,0.051,0.0516053
juelich_pilot_d30_r5_log_distance_s02_w1,juelich,12345,2,2,log-distance,48,49,veh2,veh16,5,0,1,647.644,0,0,10.8909,nan,nan,0,0.036,0.041,0.0516053
juelich_pilot_d30_r5_log_distance_s02_w1,juelich,12345,2,2,log-distance,48,49,veh2,veh17,5,0,1,690.029,0,0,5.43131,nan,nan,0,0.036,0.057,0.0516053
juelich_pilot_d30_r5_log_distance_s02_w1,juelich,12345,2,2,log-distance,48,49,veh2,veh18,2,0,1,654.452,0,0,0.25371,nan,nan,0,0.036,0.0575,0.0516053
juelich_pilot_d30_r5_log_distance_s02_w1,juelich,12345,2,2,log-distance,48,49,veh2,veh3,5,5,0,207.899,1,0,12.7486,-73.0335,16.4356,5,0.036,0.041,0.0516053
juelich_pilot_d30_r5_log_distance_s02_w1,juelich,12345,2,2,log-distance,48,49,veh2,veh5,5,0,1,800.474,0,0,8.08611,nan,nan,0,0.036,0.058,0.0516053
juelich_pilot_d30_r5_log_distance_s02_w1,juelich,12345,2,2,log-distance,48,49,veh2,veh7,5,0,1,594.255,0,0,11.2017,nan,nan,0,0.036,0.062,0.0516053
juelich_pilot_d30_r5_log_distance_s02_w1,juelich,12345,2,2,log-distance,48,49,veh2,veh8,5,5,0,391.619,1,0,3.20886,-78.535,10.1268,5,0.036,0.046,0.0516053
juelich_pilot_d30_r5_log_distance_s02_w1,juelich,12345,2,2,log-distance,48,49,veh3,veh15,5,0,1,790.38,0,12.7486,9.20427,nan,nan,0,0.041,0.051,0.0516053
juelich_pilot_d30_r5_log_distance_s02_w1,juelich,12345,2,2,log-distance,48,49,veh3,veh16,5,5,0,531.051,0,12.7486,10.8909,-81.1802,15.7961,5,0.041,0.041,0.0516053
juelich_pilot_d30_r5_log_distance_s02_w1,juelich,12345,2,2,log-distance,48,49,veh3,veh17,5,5,0,482.332,1,12.7486,5.43131,-80.3445,16.6317,5,0.041,0.057,0.0516053
juelich_pilot_d30_r5_log_distance_s02_w1,juelich,12345,2,2,log-distance,48,49,veh3,veh18,2,2,0,443.302,1,12.7474,0.25371,-79.6117,17.3646,2,0.041,0.0575,0.0516053
juelich_pilot_d30_r5_log_distance_s02_w1,juelich,12345,2,2,log-distance,48,49,veh3,veh2,5,5,0,207.899,1,12.7486,0,-73.0335,23.9428,5,0.041,0.036,0.0516053
juelich_pilot_d30_r5_log_distance_s02_w1,juelich,12345,2,2,log-distance,48,49,veh3,veh5,5,0,1,592.8,0,12.7486,8.08611,nan,nan,0,0.041,0.058,0.0516053
juelich_pilot_d30_r5_log_distance_s02_w1,juelich,12345,2,2,log-distance,48,49,veh3,veh7,5,5,0,393.86,1,12.7486,11.2017,-78.5845,18.3918,5,0.041,0.062,0.0516053
juelich_pilot_d30_r5_log_distance_s02_w1,juelich,12345,2,2,log-distance,48,49,veh3,veh8,5,5,0,258.525,1,12.7486,3.20886,-74.9277,22.0486,5,0.041,0.046,0.0516053
juelich_pilot_d30_r5_log_distance_s02_w1,juelich,12345,2,2,log-distance,48,49,veh4,veh0,5,5,0,391.583,1,9.82526,13.4529,-78.5341,18.4422,5,0.067,0.067,0.0516053
juelich_pilot_d30_r5_log_distance_s02_w1,juelich,12345,2,2,log-distance,48,49,veh4,veh1,5,5,0,248.206,1,9.82526,8.33054,-74.5736,22.4026,5,0.067,0.046,0.0516053
juelich_pilot_d30_r5_log_distance_s02_w1,juelich,12345,2,2,log-distance,48,49,veh4,veh10,5,5,0,146.129,1,9.82526,7.99093,-69.971,27.0052,5,0.067,0.046,0.0516053
juelich_pilot_d30_r5_log_distance_s02_w1,juelich,12345,2,2,log-distance,48,49,veh4,veh11,5,5,0,219.317,1,9.82526,5.88176,-73.499,23.4773,5,0.067,0.047,0.0516053
juelich_pilot_d30_r5_log_distance_s02_w1,juelich,12345,2,2,log-distance,48,49,veh4,veh12,5,5,0,361.567,1,9.82526,8.58906,-77.8415,19.1348,5,0.067,0.046,0.0516053
juelich_pilot_d30_r5_log_distance_s02_w1,juelich,12345,2,2,log-distance,48,49,veh4,veh13,5,5,0,140.508,1,9.82526,7.57315,-69.6314,27.3449,5,0.067,0.067,0.0516053
juelich_pilot_d30_r5_log_distance_s02_w1,juelich,12345,2,2,log-distance,48,49,veh4,veh14,5,5,0,449.696,1,9.82526,14.9523,-79.7361,17.2402,5,0.067,0.045,0.0516053
juelich_pilot_d30_r5_log_distance_s02_w1,juelich,12345,2,2,log-distance,48,49,veh4,veh15,5,0,1,773.827,0,9.82526,9.20427,nan,nan,0,0.067,0.051,0.0516053
juelich_pilot_d30_r5_log_distance_s02_w1,juelich,12345,2,2,log-distance,48,49,veh4,veh17,5,0,1,766.942,0,9.82526,5.43131,nan,nan,0,0.067,0.057,0.0516053
juelich_pilot_d30_r5_log_distance_s02_w1,juelich,12345,2,2,log-distance,48,49,veh4,veh18,2,0,1,779.842,0,10.1874,0.25371,nan,nan,0,0.067,0.0575,0.0516053
juelich_pilot_d30_r5_log_distance_s02_w1,juelich,12345,2,2,log-distance,48,49,veh4,veh5,5,0,1,743.006,0,9.82526,8.08611,nan,nan,0,0.067,0.058,0.0516053
juelich_pilot_d30_r5_log_distance_s02_w1,juelich,12345,2,2,log-distance,48,49,veh4,veh6,5,5,0,130.307,1,9.82526,8.53952,-68.977,27.9993,5,0.067,0.046,0.0516053
juelich_pilot_d30_r5_log_distance_s02_w1,juelich,12345,2,2,log-distance,48,49,veh4,veh7,5,0,1,781.224,0,9.82526,11.2017,nan,nan,0,0.067,0.062,0.0516053
juelich_pilot_d30_r5_log_distance_s02_w1,juelich,12345,2,2,log-distance,48,49,veh4,veh8,5,0,1,967.249,0,9.82526,3.20886,nan,nan,0,0.067,0.046,0.0516053
juelich_pilot_d30_r5_log_distance_s02_w1,juelich,12345,2,2,log-distance,48,49,veh4,veh9,5,5,0,157.915,1,9.82526,8.62312,-70.6455,26.3308,5,0.067,0.054,0.0516053
juelich_pilot_d30_r5_log_distance_s02_w1,juelich,12345,2,2,log-distance,48,49,veh5,veh0,5,5,0,529.531,0,8.08611,13.4529,-81.1555,15.8208,5,0.058,0.067,0.0516053
juelich_pilot_d30_r5_log_distance_s02_w1,juelich,12345,2,2,log-distance,48,49,veh5,veh1,5,0,1,874.488,0,8.08611,8.33054,nan,nan,0,0.058,0.046,0.0516053
juelich_pilot_d30_r5_log_distance_s02_w1,juelich,12345,2,2,log-distance,48,49,veh5,veh10,5,0,1,884.896,0,8.08611,7.99093,nan,nan,0,0.058,0.046,0.0516053
juelich_pilot_d30_r5_log_distance_s02_w1,juelich,12345,2,2,log-distance,48,49,veh5,veh11,5,0,1,858.583,0,8.08611,5.88176,nan,nan,0,0.058,0.047,0.0516053
juelich_pilot_d30_r5_log_distance_s02_w1,juelich,12345,2,2,log-distance,48,49,veh5,veh12,5,0,1,949.652,0,8.08611,8.58906,nan,nan,0,0.058,0.046,0.0516053
juelich_pilot_d30_r5_log_distance_s02_w1,juelich,12345,2,2,log-distance,48,49,veh5,veh13,5,0,1,677.817,0,8.08611,7.57315,nan,nan,0,0.058,0.067,0.0516053
juelich_pilot_d30_r5_log_distance_s02_w1,juelich,12345,2,2,log-distance,48,49,veh5,veh14,5,0,1,992.569,0,8.08611,14.9523,nan,nan,0,0.058,0.045,0.0516053
juelich_pilot_d30_r5_log_distance_s02_w1,juelich,12345,2,2,log-distance,48,49,veh5,veh15,5,5,0,220.164,1,8.08611,9.20427,-73.5324,23.4439,5,0.058,0.051,0.0516053
juelich_pilot_d30_r5_log_distance_s02_w1,juelich,12345,2,2,log-distance,48,49,veh5,veh16,5,5,0,578.294,0,8.08611,10.8909,-81.9207,15.0556,5,0.058,0.041,0.0516053
juelich_pilot_d30_r5_log_distance_s02_w1,juelich,12345,2,2,log-distance,48,49,veh5,veh17,5,5,0,124.323,1,8.08611,5.43131,-68.5669,28.4094,5,0.058,0.057,0.0516053
juelich_pilot_d30_r5_log_distance_s02_w1,juelich,12345,2,2,log-distance,48,49,veh5,veh18,2,2,0,161.211,1,8.09781,0.25371,-70.8256,26.1507,2,0.058,0.0575,0.0516053
juelich_pilot_d30_r5_log_distance_s02_w1,juelich,12345,2,2,log-distance,48,49,veh5,veh2,5,0,1,800.474,0,8.08611,0,nan,nan,0,0.058,0.036,0.0516053
juelich_pilot_d30_r5_log_distance_s02_w1,juelich,12345,2,2,log-distance,48,49,veh5,veh3,5,0,1,592.8,0,8.08611,12.7486,nan,nan,0,0.058,0.041,0.0516053
juelich_pilot_d30_r5_log_distance_s02_w1,juelich,12345,2,2,log-distance,48,49,veh5,veh4,5,0,1,743.006,0,8.08611,9.82526,nan,nan,0,0.058,0.067,0.0516053
juelich_pilot_d30_r5_log_distance_s02_w1,juelich,12345,2,2,log-distance,48,49,veh5,veh6,5,0,1,867.203,0,8.08611,8.53952,nan,nan,0,0.058,0.046,0.0516053
juelich_pilot_d30_r5_log_distance_s02_w1,juelich,12345,2,2,log-distance,48,49,veh5,veh7,5,5,0,272.11,1,8.08611,11.2017,-75.3722,21.6041,5,0.058,0.062,0.0516053
juelich_pilot_d30_r5_log_distance_s02_w1,juelich,12345,2,2,log-distance,48,49,veh5,veh8,5,5,0,556.819,0,8.08611,3.20886,-81.592,15.3843,5,0.058,0.046,0.0516053
juelich_pilot_d30_r5_log_distance_s02_w1,juelich,12345,2,2,log-distance,48,49,veh5,veh9,5,0,1,826.42,0,8.08611,8.62312,nan,nan,0,0.058,0.054,0.0516053
juelich_pilot_d30_r5_log_distance_s02_w1,juelich,12345,2,2,log-distance,48,49,veh6,veh0,5,5,0,466.888,1,8.53952,13.4529,-80.0619,16.9144,5,0.046,0.067,0.0516053
juelich_pilot_d30_r5_log_distance_s02_w1,juelich,12345,2,2,log-distance,48,49,veh6,veh1,5,5,0,269.86,1,8.53952,8.33054,-75.2999,21.6764,5,0.046,0.046,0.0516053
juelich_pilot_d30_r5_log_distance_s02_w1,juelich,12345,2,2,log-distance,48,49,veh6,veh10,5,5,0,18.7408,1,8.53952,7.99093,-52.1239,44.8524,5,0.046,0.046,0.0516053
juelich_pilot_d30_r5_log_distance_s02_w1,juelich,12345,2,2,log-distance,48,49,veh6,veh11,5,5,0,243.54,1,8.53952,5.88176,-74.4086,22.5677,5,0.046,0.047,0.0516053
juelich_pilot_d30_r5_log_distance_s02_w1,juelich,12345,2,2,log-distance,48,49,veh6,veh12,5,5,0,288.588,1,8.53952,8.58906,-75.8832,21.093,5,0.046,0.046,0.0516053
juelich_pilot_d30_r5_log_distance_s02_w1,juelich,12345,2,2,log-distance,48,49,veh6,veh13,5,5,0,212.72,1,8.53952,7.57315,-73.2327,23.7436,5,0.046,0.067,0.0516053
juelich_pilot_d30_r5_log_distance_s02_w1,juelich,12345,2,2,log-distance,48,49,veh6,veh14,5,5,0,380.766,1,8.53952,14.9523,-78.2907,18.6856,5,0.046,0.045,0.0516053
juelich_pilot_d30_r5_log_distance_s02_w1,juelich,12345,2,2,log-distance,48,49,veh6,veh15,5,0,1,883.037,0,8.53952,9.20427,nan,nan,0,0.046,0.051,0.0516053
juelich_pilot_d30_r5_log_distance_s02_w1,juelich,12345,2,2,log-distance,48,49,veh6,veh17,5,0,1,895.62,0,8.53952,5.43131,nan,nan,0,0.046,0.057,0.0516053
juelich_pilot_d30_r5_log_distance_s02_w1,juelich,12345,2,2,log-distance,48,49,veh6,veh18,2,0,1,909.596,0,9.14083,0.25371,nan,nan,0,0.046,0.0575,0.0516053
juelich_pilot_d30_r5_log_distance_s02_w1,juelich,12345,2,2,log-distance,48,49,veh6,veh4,5,5,0,130.307,1,8.53952,9.82526,-68.977,27.9993,5,0.046,0.067,0.0516053
juelich_pilot_d30_r5_log_distance_s02_w1,juelich,12345,2,2,log-distance,48,49,veh6,veh5,5,0,1,867.203,0,8.53952,8.08611,nan,nan,0,0.046,0.058,0.0516053
juelich_pilot_d30_r5_log_distance_s02_w1,juelich,12345,2,2,log-distance,48,49,veh6,veh7,5,0,1,911.503,0,8.53952,11.2017,nan,nan,0,0.046,0.062,0.0516053
juelich_pilot_d30_r5_log_distance_s02_w1,juelich,12345,2,2,log-distance,48,49,veh6,veh9,5,5,0,190.633,1,8.53952,8.62312,-72.2803,24.696,5,0.046,0.054,0.0516053
juelich_pilot_d30_r5_log_distance_s02_w1,juelich,12345,2,2,log-distance,48,49,veh7,veh0,5,0,1,700.108,0,11.2017,13.4529,nan,nan,0,0.062,0.067,0.0516053
juelich_pilot_d30_r5_log_distance_s02_w1,juelich,12345,2,2,log-distance,48,49,veh7,veh1,5,0,1,835.28,0,11.2017,8.33054,nan,nan,0,0.062,0.046,0.0516053
juelich_pilot_d30_r5_log_distance_s02_w1,juelich,12345,2,2,log-distance,48,49,veh7,veh10,5,0,1,926.818,0,11.2017,7.99093,nan,nan,0,0.062,0.046,0.0516053
juelich_pilot_d30_r5_log_distance_s02_w1,juelich,12345,2,2,log-distance,48,49,veh7,veh11,5,0,1,827.799,0,11.2017,5.88176,nan,nan,0,0.062,0.047,0.0516053
juelich_pilot_d30_r5_log_distance_s02_w1,juelich,12345,2,2,log-distance,48,49,veh7,veh13,5,0,1,763.966,0,11.2017,7.57315,nan,nan,0,0.062,0.067,0.0516053
juelich_pilot_d30_r5_log_distance_s02_w1,juelich,12345,2,2,log-distance,48,49,veh7,veh15,5,5,0,492.147,1,11.2017,9.20427,-80.5196,16.4567,5,0.062,0.051,0.0516053
juelich_pilot_d30_r5_log_distance_s02_w1,juelich,12345,2,2,log-distance,48,49,veh7,veh16,5,0,1,626.061,0,11.2017,10.8909,nan,nan,0,0.062,0.041,0.0516053
juelich_pilot_d30_r5_log_distance_s02_w1,juelich,12345,2,2,log-distance,48,49,veh7,veh17,5,5,0,150.383,1,11.2017,5.43131,-70.2217,26.7546,5,0.062,0.057,0.0516053
juelich_pilot_d30_r5_log_distance_s02_w1,juelich,12345,2,2,log-distance,48,49,veh7,veh18,2,2,0,115.671,1,11.1939,0.25371,-67.9422,29.0341,2,0.062,0.0575,0.0516053
juelich_pilot_d30_r5_log_distance_s02_w1,juelich,12345,2,2,log-distance,48,49,veh7,veh2,5,0,1,594.255,0,11.2017,0,nan,nan,0,0.062,0.036,0.0516053
juelich_pilot_d30_r5_log_distance_s02_w1,juelich,12345,2,2,log-distance,48,49,veh7,veh3,5,5,0,393.86,1,11.2017,12.7486,-78.5845,18.3918,5,0.062,0.041,0.0516053
juelich_pilot_d30_r5_log_distance_s02_w1,juelich,12345,2,2,log-distance,48,49,veh7,veh4,5,0,1,781.224,0,11.2017,9.82526,nan,nan,0,0.062,0.067,0.0516053
juelich_pilot_d30_r5_log_distance_s02_w1,juelich,12345,2,2,log-distance,48,49,veh7,veh5,5,5,0,272.11,1,11.2017,8.08611,-75.3722,21.6041,5,0.062,0.058,0.0516053
juelich_pilot_d30_r5_log_distance_s02_w1,juelich,12345,2,2,log-distance,48,49,veh7,veh6,5,0,1,911.503,0,11.2017,8.53952,nan,nan,0,0.062,0.046,0.0516053
juelich_pilot_d30_r5_log_distance_s02_w1,juelich,12345,2,2,log-distance,48,49,veh7,veh8,5,5,0,289.037,1,11.2017,3.20886,-75.8966,21.0797,5,0.062,0.046,0.0516053
juelich_pilot_d30_r5_log_distance_s02_w1,juelich,12345,2,2,log-distance,48,49,veh7,veh9,5,0,1,814.31,0,11.2017,8.62312,nan,nan,0,0.062,0.054,0.0516053
juelich_pilot_d30_r5_log_distance_s02_w1,juelich,12345,2,2,log-distance,48,49,veh8,veh0,5,0,1,965.536,0,3.20886,13.4529,nan,nan,0,0.046,0.067,0.0516053
juelich_pilot_d30_r5_log_distance_s02_w1,juelich,12345,2,2,log-distance,48,49,veh8,veh1,5,0,1,952.442,0,3.20886,8.33054,nan,nan,0,0.046,0.046,0.0516053
juelich_pilot_d30_r5_log_distance_s02_w1,juelich,12345,2,2,log-distance,48,49,veh8,veh11,5,0,1,953.458,0,3.20886,5.88176,nan,nan,0,0.046,0.047,0.0516053
juelich_pilot_d30_r5_log_distance_s02_w1,juelich,12345,2,2,log-distance,48,49,veh8,veh13,5,0,1,983.226,0,3.20886,7.57315,nan,nan,0,0.046,0.067,0.0516053
juelich_pilot_d30_r5_log_distance_s02_w1,juelich,12345,2,2,log-distance,48,49,veh8,veh15,5,0,1,776.43,0,3.20886,9.20427,nan,nan,0,0.046,0.051,0.0516053
juelich_pilot_d30_r5_log_distance_s02_w1,juelich,12345,2,2,log-distance,48,49,veh8,veh16,5,0,1,727.236,0,3.20886,10.8909,nan,nan,0,0.046,0.041,0.0516053
juelich_pilot_d30_r5_log_distance_s02_w1,juelich,12345,2,2,log-distance,48,49,veh8,veh17,5,4,0.2,432.539,1,3.20886,5.43131,-79.3929,17.5833,4,0.046,0.057,0.0516053
juelich_pilot_d30_r5_log_distance_s02_w1,juelich,12345,2,2,log-distance,48,49,veh8,veh18,2,1,0.5,394.908,1,2.39886,0.25371,-78.6103,18.366,1,0.046,0.0575,0.0516053
juelich_pilot_d30_r5_log_distance_s02_w1,juelich,12345,2,2,log-distance,48,49,veh8,veh2,5,5,0,391.619,1,3.20886,0,-78.535,15.7017,5,0.046,0.036,0.0516053
juelich_pilot_d30_r5_log_distance_s02_w1,juelich,12345,2,2,log-distance,48,49,veh8,veh3,5,5,0,258.525,1,3.20886,12.7486,-74.9277,22.0486,5,0.046,0.041,0.0516053
juelich_pilot_d30_r5_log_distance_s02_w1,juelich,12345,2,2,log-distance,48,49,veh8,veh4,5,0,1,967.249,0,3.20886,9.82526,nan,nan,0,0.046,0.067,0.0516053
juelich_pilot_d30_r5_log_distance_s02_w1,juelich,12345,2,2,log-distance,48,49,veh8,veh5,5,4,0.2,556.819,0,3.20886,8.08611,-81.5951,15.3812,4,0.046,0.058,0.0516053
juelich_pilot_d30_r5_log_distance_s02_w1,juelich,12345,2,2,log-distance,48,49,veh8,veh7,5,4,0.2,289.037,1,3.20886,11.2017,-75.8855,21.0908,4,0.046,0.062,0.0516053
juelich_pilot_d30_r5_log_distance_s02_w1,juelich,12345,2,2,log-distance,48,49,veh8,veh9,5,0,1,957.748,0,3.20886,8.62312,nan,nan,0,0.046,0.054,0.0516053
juelich_pilot_d30_r5_log_distance_s02_w1,juelich,12345,2,2,log-distance,48,49,veh9,veh0,5,5,0,542.57,0,8.62312,13.4529,-81.3668,15.6095,5,0.054,0.067,0.0516053
juelich_pilot_d30_r5_log_distance_s02_w1,juelich,12345,2,2,log-distance,48,49,veh9,veh1,5,5,0,90.7731,1,8.62312,8.33054,-65.8368,31.1394,5,0.054,0.046,0.0516053
juelich_pilot_d30_r5_log_distance_s02_w1,juelich,12345,2,2,log-distance,48,49,veh9,veh10,5,5,0,192.049,1,8.62312,7.99093,-72.3459,24.6303,5,0.054,0.046,0.0516053
juelich_pilot_d30_r5_log_distance_s02_w1,juelich,12345,2,2,log-distance,48,49,veh9,veh11,5,5,0,61.7509,1,8.62312,5.88176,-62.4899,34.4864,5,0.054,0.047,0.0516053
juelich_pilot_d30_r5_log_distance_s02_w1,juelich,12345,2,2,log-distance,48,49,veh9,veh12,5,5,0,477.122,1,8.62312,8.58906,-80.25,16.7263,5,0.054,0.046,0.0516053
juelich_pilot_d30_r5_log_distance_s02_w1,juelich,12345,2,2,log-distance,48,49,veh9,veh13,5,5,0,297.947,1,8.62312,7.57315,-76.1601,20.8162,5,0.054,0.067,0.0516053
juelich_pilot_d30_r5_log_distance_s02_w1,juelich,12345,2,2,log-distance,48,49,veh9,veh14,5,5,0,569.078,0,8.62312,14.9523,-81.7807,15.1956,5,0.054,0.045,0.0516053
juelich_pilot_d30_r5_log_distance_s02_w1,juelich,12345,2,2,log-distance,48,49,veh9,veh15,5,0,1,889.699,0,8.62312,9.20427,nan,nan,0,0.054,0.051,0.0516053
juelich_pilot_d30_r5_log_distance_s02_w1,juelich,12345,2,2,log-distance,48,49,veh9,veh17,5,0,1,828.422,0,8.62312,5.43131,nan,nan,0,0.054,0.057,0.0516053
juelich_pilot_d30_r5_log_distance_s02_w1,juelich,12345,2,2,log-distance,48,49,veh9,veh18,2,0,1,836.764,0,8.62013,0.25371,nan,nan,0,0.054,0.0575,0.0516053
juelich_pilot_d30_r5_log_distance_s02_w1,juelich,12345,2,2,log-distance,48,49,veh9,veh4,5,5,0,157.915,1,8.62312,9.82526,-70.6455,26.3308,5,0.054,0.067,0.0516053
juelich_pilot_d30_r5_log_distance_s02_w1,juelich,12345,2,2,log-distance,48,49,veh9,veh5,5,0,1,826.42,0,8.62312,8.08611,nan,nan,0,0.054,0.058,0.0516053
juelich_pilot_d30_r5_log_distance_s02_w1,juelich,12345,2,2,log-distance,48,49,veh9,veh6,5,5,0,190.633,1,8.62312,8.53952,-72.2803,24.696,5,0.054,0.046,0.0516053
juelich_pilot_d30_r5_log_distance_s02_w1,juelich,12345,2,2,log-distance,48,49,veh9,veh7,5,0,1,814.31,0,8.62312,11.2017,nan,nan,0,0.054,0.062,0.0516053
juelich_pilot_d30_r5_log_distance_s02_w1,juelich,12345,2,2,log-distance,48,49,veh9,veh8,5,0,1,957.748,0,8.62312,3.20886,nan,nan,0,0.054,0.046,0.0516053
juelich_pilot_d30_r5_log_distance_s02_w1,juelich,12345,2,2,log-distance,49,50,veh0,veh1,5,0,1,632.646,0,13.4537,8.31326,nan,nan,0,0.07,0.05,0.055
juelich_pilot_d30_r5_log_distance_s02_w1,juelich,12345,2,2,log-distance,49,50,veh0,veh10,5,5,0,489.369,1,13.4537,6.56723,-80.4704,16.5059,5,0.07,0.046,0.055
juelich_pilot_d30_r5_log_distance_s02_w1,juelich,12345,2,2,log-distance,49,50,veh0,veh11,5,0,1,606.665,0,13.4537,7.28478,nan,nan,0,0.07,0.051,0.055
juelich_pilot_d30_r5_log_distance_s02_w1,juelich,12345,2,2,log-distance,49,50,veh0,veh12,5,5,0,432.926,1,13.4537,8.59411,-79.4059,17.5703,5,0.07,0.046,0.055
juelich_pilot_d30_r5_log_distance_s02_w1,juelich,12345,2,2,log-distance,49,50,veh0,veh13,5,5,0,273.168,1,13.4537,7.58062,-75.4052,21.5711,5,0.07,0.07,0.055
juelich_pilot_d30_r5_log_distance_s02_w1,juelich,12345,2,2,log-distance,49,50,veh0,veh14,5,5,0,471.315,1,13.4537,14.9586,-80.1439,16.8324,5,0.07,0.046,0.055
juelich_pilot_d30_r5_log_distance_s02_w1,juelich,12345,2,2,log-distance,49,50,veh0,veh15,5,5,0,446.584,1,13.4537,9.22387,-79.6755,17.3008,5,0.07,0.054,0.055
juelich_pilot_d30_r5_log_distance_s02_w1,juelich,12345,2,2,log-distance,49,50,veh0,veh17,5,0,1,610.469,0,13.4537,7.59488,nan,nan,0,0.07,0.064,0.055
juelich_pilot_d30_r5_log_distance_s02_w1,juelich,12345,2,2,log-distance,49,50,veh0,veh18,5,0,1,649.277,0,13.4537,1.82033,nan,nan,0,0.07,0.059,0.055
juelich_pilot_d30_r5_log_distance_s02_w1,juelich,12345,2,2,log-distance,49,50,veh0,veh4,5,5,0,398.693,1,13.4537,11.6762,-78.6904,18.2859,5,0.07,0.07,0.055
juelich_pilot_d30_r5_log_distance_s02_w1,juelich,12345,2,2,log-distance,49,50,veh0,veh5,5,5,0,528.43,0,13.4537,8.05967,-81.1374,15.8388,5,0.07,0.064,0.055
juelich_pilot_d30_r5_log_distance_s02_w1,juelich,12345,2,2,log-distance,49,50,veh0,veh6,5,5,0,470.621,1,13.4537,10.4321,-80.1311,16.8452,5,0.07,0.046,0.055
juelich_pilot_d30_r5_log_distance_s02_w1,juelich,12345,2,2,log-distance,49,50,veh0,veh7,5,0,1,697.853,0,13.4537,11.1765,nan,nan,0,0.07,0.073,0.055
juelich_pilot_d30_r5_log_distance_s02_w1,juelich,12345,2,2,log-distance,49,50,veh0,veh8,5,0,1,974.653,0,13.4537,2.37659,nan,nan,0,0.07,0.049,0.055
juelich_pilot_d30_r5_log_distance_s02_w1,juelich,12345,2,2,log-distance,49,50,veh0,veh9,5,5,0,546.972,0,13.4537,8.65447,-81.437,15.5393,5,0.07,0.06,0.055
juelich_pilot_d30_r5_log_distance_s02_w1,juelich,12345,2,2,log-distance,49,50,veh1,veh0,5,0,1,632.646,0,8.31326,13.4537,nan,nan,0,0.05,0.07,0.055
juelich_pilot_d30_r5_log_distance_s02_w1,juelich,12345,2,2,log-distance,49,50,veh1,veh10,5,5,0,265.938,1,8.31326,6.56723,-75.1733,21.803,5,0.05,0.046,0.055
juelich_pilot_d30_r5_log_distance_s02_w1,juelich,12345,2,2,log-distance,49,50,veh1,veh11,5,5,0,27.4965,1,8.31326,7.28478,-55.4628,41.5135,5,0.05,0.051,0.055
juelich_pilot_d30_r5_log_distance_s02_w1,juelich,12345,2,2,log-distance,49,50,veh1,veh12,5,5,0,545.503,0,8.31326,8.59411,-81.4135,15.5628,5,0.05,0.046,0.055
juelich_pilot_d30_r5_log_distance_s02_w1,juelich,12345,2,2,log-distance,49,50,veh1,veh13,5,5,0,378.397,1,8.31326,7.58062,-78.2364,18.7398,5,0.05,0.07,0.055
juelich_pilot_d30_r5_log_distance_s02_w1,juelich,12345,2,2,log-distance,49,50,veh1,veh14,5,0,1,630.87,0,8.31326,14.9586,nan,nan,0,0.05,0.046,0.055
juelich_pilot_d30_r5_log_distance_s02_w1,juelich,12345,2,2,log-distance,49,50,veh1,veh15,5,0,1,939.817,0,8.31326,9.22387,nan,nan,0,0.05,0.054,0.055
juelich_pilot_d30_r5_log_distance_s02_w1,juelich,12345,2,2,log-distance,49,50,veh1,veh17,5,0,1,856.062,0,8.31326,7.59488,nan,nan,0,0.05,0.064,0.055
juelich_pilot_d30_r5_log_distance_s02_w1,juelich,12345,2,2,log-distance,49,50,veh1,veh18,5,0,1,866.507,0,8.31326,1.82033,nan,nan,0,0.05,0.059,0.055
juelich_pilot_d30_r5_log_distance_s02_w1,juelich,12345,2,2,log-distance,49,50,veh1,veh4,5,5,0,241.186,1,8.31326,11.6762,-74.3245,22.6518,5,0.05,0.07,0.055
juelich_pilot_d30_r5_log_distance_s02_w1,juelich,12345,2,2,log-distance,49,50,veh1,veh5,5,0,1,862.495,0,8.31326,8.05967,nan,nan,0,0.05,0.064,0.055
juelich_pilot_d30_r5_log_distance_s02_w1,juelich,12345,2,2,log-distance,49,50,veh1,veh6,5,5,0,258.46,1,8.31326,10.4321,-74.9248,22.0514,5,0.05,0.046,0.055
juelich_pilot_d30_r5_log_distance_s02_w1,juelich,12345,2,2,log-distance,49,50,veh1,veh7,5,0,1,822.269,0,8.31326,11.1765,nan,nan,0,0.05,0.073,0.055
juelich_pilot_d30_r5_log_distance_s02_w1,juelich,12345,2,2,log-distance,49,50,veh1,veh8,5,0,1,951.489,0,8.31326,2.37659,nan,nan,0,0.05,0.049,0.055
juelich_pilot_d30_r5_log_distance_s02_w1,juelich,12345,2,2,log-distance,49,50,veh1,veh9,5,5,0,91.084,1,8.31326,8.65447,-65.8665,31.1097,5,0.05,0.06,0.055
juelich_pilot_d30_r5_log_distance_s02_w1,juelich,12345,2,2,log-distance,49,50,veh10,veh0,5,5,0,489.369,1,6.56723,13.4537,-80.4704,16.5059,5,0.046,0.07,0.055
juelich_pilot_d30_r5_log_distance_s02_w1,juelich,12345,2,2,log-distance,49,50,veh10,veh1,5,5,0,265.938,1,6.56723,8.31326,-75.1733,21.803,5,0.046,0.05,0.055
juelich_pilot_d30_r5_log_distance_s02_w1,juelich,12345,2,2,log-distance,49,50,veh10,veh11,5,5,0,241.964,1,6.56723,7.28478,-74.3527,22.6236,5,0.046,0.051,0.055
juelich_pilot_d30_r5_log_distance_s02_w1,juelich,12345,2,2,log-distance,49,50,veh10,veh12,5,5,0,280.971,1,6.56723,8.59411,-75.6505,21.3258,5,0.046,0.046,0.055
juelich_pilot_d30_r5_log_distance_s02_w1,juelich,12345,2,2,log-distance,49,50,veh10,veh13,5,5,0,220.622,1,6.56723,7.58062,-73.5498,23.4265,5,0.046,0.07,0.055
juelich_pilot_d30_r5_log_distance_s02_w1,juelich,12345,2,2,log-distance,49,50,veh10,veh14,5,5,0,365.462,1,6.56723,14.9586,-77.9337,19.0425,5,0.046,0.046,0.055
juelich_pilot_d30_r5_log_distance_s02_w1,juelich,12345,2,2,log-distance,49,50,veh10,veh15,5,0,1,888.583,0,6.56723,9.22387,nan,nan,0,0.046,0.054,0.055
juelich_pilot_d30_r5_log_distance_s02_w1,juelich,12345,2,2,log-distance,49,50,veh10,veh17,5,0,1,904.984,0,6.56723,7.59488,nan,nan,0,0.046,0.064,0.055
juelich_pilot_d30_r5_log_distance_s02_w1,juelich,12345,2,2,log-distance,49,50,veh10,veh18,5,0,1,927.514,0,6.56723,1.82033,nan,nan,0,0.046,0.059,0.055
juelich_pilot_d30_r5_log_distance_s02_w1,juelich,12345,2,2,log-distance,49,50,veh10,veh4,5,5,0,156.263,1,6.56723,11.6762,-70.5533,26.4229,5,0.046,0.07,0.055
juelich_pilot_d30_r5_log_distance_s02_w1,juelich,12345,2,2,log-distance,49,50,veh10,veh5,5,0,1,876.087,0,6.56723,8.05967,nan,nan,0,0.046,0.064,0.055
juelich_pilot_d30_r5_log_distance_s02_w1,juelich,12345,2,2,log-distance,49,50,veh10,veh6,5,5,0,25.0482,1,6.56723,10.4321,-54.6156,42.3607,5,0.046,0.046,0.055
juelich_pilot_d30_r5_log_distance_s02_w1,juelich,12345,2,2,log-distance,49,50,veh10,veh7,5,0,1,915.411,0,6.56723,11.1765,nan,nan,0,0.046,0.073,0.055
juelich_pilot_d30_r5_log_distance_s02_w1,juelich,12345,2,2,log-distance,49,50,veh10,veh9,5,5,0,190.524,1,6.56723,8.65447,-72.2766,24.6997,5,0.046,0.06,0.055
juelich_pilot_d30_r5_log_distance_s02_w1,juelich,12345,2,2,log-distance,49,50,veh11,veh0,5,0,1,606.665,0,7.28478,13.4537,nan,nan,0,0.051,0.07,0.055
juelich_pilot_d30_r5_log_distance_s02_w1,juelich,12345,2,2,log-distance,49,50,veh11,veh1,5,5,0,27.4965,1,7.28478,8.31326,-55.4628,41.5135,5,0.051,0.05,0.055
juelich_pilot_d30_r5_log_distance_s02_w1,juelich,12345,2,2,log-distance,49,50,veh11,veh10,5,5,0,241.964,1,7.28478,6.56723,-74.3527,22.6236,5,0.051,0.046,0.055
juelich_pilot_d30_r5_log_distance_s02_w1,juelich,12345,2,2,log-distance,49,50,veh11,veh12,5,5,0,520.426,0,7.28478,8.59411,-81.0047,15.9716,5,0.051,0.046,0.055
juelich_pilot_d30_r5_log_distance_s02_w1,juelich,12345,2,2,log-distance,49,50,veh11,veh13,5,5,0,351.121,1,7.28478,7.58062,-77.5866,19.3896,5,0.051,0.07,0.055
juelich_pilot_d30_r5_log_distance_s02_w1,juelich,12345,2,2,log-distance,49,50,veh11,veh14,5,0,1,606.082,0,7.28478,14.9586,nan,nan,0,0.051,0.046,0.055
juelich_pilot_d30_r5_log_distance_s02_w1,juelich,12345,2,2,log-distance,49,50,veh11,veh15,5,0,1,919.887,0,7.28478,9.22387,nan,nan,0,0.051,0.054,0.055
juelich_pilot_d30_r5_log_distance_s02_w1,juelich,12345,2,2,log-distance,49,50,veh11,veh17,5,0,1,844.418,0,7.28478,7.59488,nan,nan,0,0.051,0.064,0.055
juelich_pilot_d30_r5_log_distance_s02_w1,juelich,12345,2,2,log-distance,49,50,veh11,veh18,5,0,1,856.131,0,7.28478,1.82033,nan,nan,0,0.051,0.059,0.055
juelich_pilot_d30_r5_log_distance_s02_w1,juelich,12345,2,2,log-distance,49,50,veh11,veh4,5,5,0,213.967,1,7.28478,11.6762,-73.2844,23.6919,5,0.051,0.07,0.055
juelich_pilot_d30_r5_log_distance_s02_w1,juelich,12345,2,2,log-distance,49,50,veh11,veh5,5,0,1,847.537,0,7.28478,8.05967,nan,nan,0,0.051,0.064,0.055
juelich_pilot_d30_r5_log_distance_s02_w1,juelich,12345,2,2,log-distance,49,50,veh11,veh6,5,5,0,233.32,1,7.28478,10.4321,-74.036,22.9403,5,0.051,0.046,0.055
juelich_pilot_d30_r5_log_distance_s02_w1,juelich,12345,2,2,log-distance,49,50,veh11,veh7,5,0,1,815.208,0,7.28478,11.1765,nan,nan,0,0.051,0.073,0.055
juelich_pilot_d30_r5_log_distance_s02_w1,juelich,12345,2,2,log-distance,49,50,veh11,veh8,5,0,1,952.613,0,7.28478,2.37659,nan,nan,0,0.051,0.049,0.055
juelich_pilot_d30_r5_log_distance_s02_w1,juelich,12345,2,2,log-distance,49,50,veh11,veh9,5,5,0,63.5881,1,7.28478,8.65447,-62.7451,34.2312,5,0.051,0.06,0.055
juelich_pilot_d30_r5_log_distance_s02_w1,juelich,12345,2,2,log-distance,49,50,veh12,veh0,5,0,1,432.926,1,8.59411,13.4537,nan,nan,0,0.046,0.07,0.055
juelich_pilot_d30_r5_log_distance_s02_w1,juelich,12345,2,2,log-distance,49,50,veh12,veh1,5,0,1,545.503,0,8.59411,8.31326,nan,nan,0,0.046,0.05,0.055
juelich_pilot_d30_r5_log_distance_s02_w1,juelich,12345,2,2,log-distance,49,50,veh12,veh10,5,0,1,280.971,1,8.59411,6.56723,nan,nan,0,0.046,0.046,0.055
juelich_pilot_d30_r5_log_distance_s02_w1,juelich,12345,2,2,log-distance,49,50,veh12,veh11,5,0,1,520.426,0,8.59411,7.28478,nan,nan,0,0.046,0.051,0.055
juelich_pilot_d30_r5_log_distance_s02_w1,juelich,12345,2,2,log-distance,49,50,veh12,veh13,5,0,1,292.233,1,8.59411,7.58062,nan,nan,0,0.046,0.07,0.055
juelich_pilot_d30_r5_log_distance_s02_w1,juelich,12345,2,2,log-distance,49,50,veh12,veh14,5,5,0,86.8263,1,8.59411,14.9586,-65.45,12.5284,5,0.046,0.046,0.055
juelich_pilot_d30_r5_log_distance_s02_w1,juelich,12345,2,2,log-distance,49,50,veh12,veh15,5,0,1,879.347,0,8.59411,9.22387,nan,nan,0,0.046,0.054,0.055
juelich_pilot_d30_r5_log_distance_s02_w1,juelich,12345,2,2,log-distance,49,50,veh12,veh17,4,0,1,995.035,0,8.59929,7.80603,nan,nan,0,0.046,0.064,0.055
juelich_pilot_d30_r5_log_distance_s02_w1,juelich,12345,2,2,log-distance,49,50,veh12,veh4,5,0,1,361.653,1,8.59411,11.6762,nan,nan,0,0.046,0.07,0.055
juelich_pilot_d30_r5_log_distance_s02_w1,juelich,12345,2,2,log-distance,49,50,veh12,veh5,5,0,1,936.076,0,8.59411,8.05967,nan,nan,0,0.046,0.064,0.055
juelich_pilot_d30_r5_log_distance_s02_w1,juelich,12345,2,2,log-distance,49,50,veh12,veh6,5,0,1,287.123,1,8.59411,10.4321,nan,nan,0,0.046,0.046,0.055
juelich_pilot_d30_r5_log_distance_s02_w1,juelich,12345,2,2,log-distance,49,50,veh12,veh9,5,0,1,463.712,1,8.59411,8.65447,nan,nan,0,0.046,0.06,0.055
juelich_pilot_d30_r5_log_distance_s02_w1,juelich,12345,2,2,log-distance,49,50,veh13,veh0,5,2,0.6,273.168,1,7.58062,13.4537,-75.2591,4.09958,2,0.07,0.07,0.055
juelich_pilot_d30_r5_log_distance_s02_w1,juelich,12345,2,2,log-distance,49,50,veh13,veh1,5,0,1,378.397,1,7.58062,8.31326,nan,nan,0,0.07,0.05,0.055
juelich_pilot_d30_r5_log_distance_s02_w1,juelich,12345,2,2,log-distance,49,50,veh13,veh10,5,0,1,220.622,1,7.58062,6.56723,nan,nan,0,0.07,0.046,0.055
juelich_pilot_d30_r5_log_distance_s02_w1,juelich,12345,2,2,log-distance,49,50,veh13,veh11,5,0,1,351.121,1,7.58062,7.28478,nan,nan,0,0.07,0.051,0.055
juelich_pilot_d30_r5_log_distance_s02_w1,juelich,12345,2,2,log-distance,49,50,veh13,veh12,5,0,1,292.233,1,7.58062,8.59411,nan,nan,0,0.07,0.046,0.055
juelich_pilot_d30_r5_log_distance_s02_w1,juelich,12345,2,2,log-distance,49,50,veh13,veh14,5,0,1,369.663,1,7.58062,14.9586,nan,nan,0,0.07,0.046,0.055
juelich_pilot_d30_r5_log_distance_s02_w1,juelich,12345,2,2,log-distance,49,50,veh13,veh15,5,0,1,671.495,0,7.58062,9.22387,nan,nan,0,0.07,0.054,0.055
juelich_pilot_d30_r5_log_distance_s02_w1,juelich,12345,2,2,log-distance,49,50,veh13,veh17,5,0,1,724.134,0,7.58062,7.59488,nan,nan,0,0.07,0.064,0.055
juelich_pilot_d30_r5_log_distance_s02_w1,juelich,12345,2,2,log-distance,49,50,veh13,veh18,5,0,1,752.443,0,7.58062,1.82033,nan,nan,0,0.07,0.059,0.055
juelich_pilot_d30_r5_log_distance_s02_w1,juelich,12345,2,2,log-distance,49,50,veh13,veh4,5,5,0,137.385,1,7.58062,11.6762,-69.4364,8.35441,5,0.07,0.07,0.055
juelich_pilot_d30_r5_log_distance_s02_w1,juelich,12345,2,2,log-distance,49,50,veh13,veh5,5,0,1,679.238,0,7.58062,8.05967,nan,nan,0,0.07,0.064,0.055
juelich_pilot_d30_r5_log_distance_s02_w1,juelich,12345,2,2,log-distance,49,50,veh13,veh6,5,0,1,199.852,1,7.58062,10.4321,nan,nan,0,0.07,0.046,0.055
juelich_pilot_d30_r5_log_distance_s02_w1,juelich,12345,2,2,log-distance,49,50,veh13,veh7,5,0,1,760.437,0,7.58062,11.1765,nan,nan,0,0.07,0.073,0.055
juelich_pilot_d30_r5_log_distance_s02_w1,juelich,12345,2,2,log-distance,49,50,veh13,veh8,5,0,1,989.915,0,7.58062,2.37659,nan,nan,0,0.07,0.049,0.055
juelich_pilot_d30_r5_log_distance_s02_w1,juelich,12345,2,2,log-distance,49,50,veh13,veh9,5,5,0,288.127,1,7.58062,8.65447,-75.869,4.04709,5,0.07,0.06,0.055
juelich_pilot_d30_r5_log_distance_s02_w1,juelich,12345,2,2,log-distance,49,50,veh14,veh0,5,5,0,471.315,1,14.9586,13.4537,-80.1439,16.8324,5,0.046,0.07,0.055
juelich_pilot_d30_r5_log_distance_s02_w1,juelich,12345,2,2,log-distance,49,50,veh14,veh1,5,0,1,630.87,0,14.9586,8.31326,nan,nan,0,0.046,0.05,0.055
juelich_pilot_d30_r5_log_distance_s02_w1,juelich,12345,2,2,log-distance,49,50,veh14,veh10,5,5,0,365.462,1,14.9586,6.56723,-77.9337,19.0425,5,0.046,0.046,0.055
juelich_pilot_d30_r5_log_distance_s02_w1,juelich,12345,2,2,log-distance,49,50,veh14,veh11,5,0,1,606.082,0,14.9586,7.28478,nan,nan,0,0.046,0.051,0.055
juelich_pilot_d30_r5_log_distance_s02_w1,juelich,12345,2,2,log-distance,49,50,veh14,veh12,5,5,0,86.8263,1,14.9586,8.59411,-65.45,31.5263,5,0.046,0.046,0.055
juelich_pilot_d30_r5_log_distance_s02_w1,juelich,12345,2,2,log-distance,49,50,veh14,veh13,5,5,0,369.663,1,14.9586,7.58062,-78.0335,18.9428,5,0.046,0.07,0.055
juelich_pilot_d30_r5_log_distance_s02_w1,juelich,12345,2,2,log-distance,49,50,veh14,veh15,5,0,1,915.567,0,14.9586,9.22387,nan,nan,0,0.046,0.054,0.055
juelich_pilot_d30_r5_log_distance_s02_w1,juelich,12345,2,2,log-distance,49,50,veh14,veh4,5,5,0,447.459,1,14.9586,11.6762,-79.6928,17.2835,5,0.046,0.07,0.055
juelich_pilot_d30_r5_log_distance_s02_w1,juelich,12345,2,2,log-distance,49,50,veh14,veh5,5,0,1,989.264,0,14.9586,8.05967,nan,nan,0,0.046,0.064,0.055
juelich_pilot_d30_r5_log_distance_s02_w1,juelich,12345,2,2,log-distance,49,50,veh14,veh6,5,5,0,372.851,1,14.9586,10.4321,-78.1083,18.868,5,0.046,0.046,0.055
juelich_pilot_d30_r5_log_distance_s02_w1,juelich,12345,2,2,log-distance,49,50,veh14,veh9,5,5,0,549.986,0,14.9586,8.65447,-81.4843,15.492,5,0.046,0.06,0.055
juelich_pilot_d30_r5_log_distance_s02_w1,juelich,12345,2,2,log-distance,49,50,veh15,veh0,5,5,0,446.584,1,9.22387,13.4537,-79.6755,17.3008,5,0.054,0.07,0.055
juelich_pilot_d30_r5_log_distance_s02_w1,juelich,12345,2,2,log-distance,49,50,veh15,veh1,5,0,1,939.817,0,9.22387,8.31326,nan,nan,0,0.054,0.05,0.055
juelich_pilot_d30_r5_log_distance_s02_w1,juelich,12345,2,2,log-distance,49,50,veh15,veh10,5,0,1,888.583,0,9.22387,6.56723,nan,nan,0,0.054,0.046,0.055
juelich_pilot_d30_r5_log_distance_s02_w1,juelich,12345,2,2,log-distance,49,50,veh15,veh11,5,0,1,919.887,0,9.22387,7.28478,nan,nan,0,0.054,0.051,0.055
juelich_pilot_d30_r5_log_distance_s02_w1,juelich,12345,2,2,log-distance,49,50,veh15,veh12,5,0,1,879.347,0,9.22387,8.59411,nan,nan,0,0.054,0.046,0.055
juelich_pilot_d30_r5_log_distance_s02_w1,juelich,12345,2,2,log-distance,49,50,veh15,veh13,5,0,1,671.495,0,9.22387,7.58062,nan,nan,0,0.054,0.07,0.055
juelich_pilot_d30_r5_log_distance_s02_w1,juelich,12345,2,2,log-distance,49,50,veh15,veh14,5,0,1,915.567,0,9.22387,14.9586,nan,nan,0,0.054,0.046,0.055
juelich_pilot_d30_r5_log_distance_s02_w1,juelich,12345,2,2,log-distance,49,50,veh15,veh16,5,0,1,640.788,0,9.22387,12.912,nan,nan,0,0.054,0.044,0.055
juelich_pilot_d30_r5_log_distance_s02_w1,juelich,12345,2,2,log-distance,49,50,veh15,veh17,5,5,0,339.613,1,9.22387,7.59488,-77.2973,19.679,5,0.054,0.064,0.055
juelich_pilot_d30_r5_log_distance_s02_w1,juelich,12345,2,2,log-distance,49,50,veh15,veh18,5,5,0,382.673,1,9.22387,1.82033,-78.3342,18.642,5,0.054,0.059,0.055
juelich_pilot_d30_r5_log_distance_s02_w1,juelich,12345,2,2,log-distance,49,50,veh15,veh2,5,0,1,998.21,0,9.22387,0,nan,nan,0,0.054,0.039,0.055
juelich_pilot_d30_r5_log_distance_s02_w1,juelich,12345,2,2,log-distance,49,50,veh15,veh3,5,0,1,781.212,0,9.22387,12.7491,nan,nan,0,0.054,0.044,0.055
juelich_pilot_d30_r5_log_distance_s02_w1,juelich,12345,2,2,log-distance,49,50,veh15,veh4,5,0,1,756.051,0,9.22387,11.6762,nan,nan,0,0.054,0.07,0.055
juelich_pilot_d30_r5_log_distance_s02_w1,juelich,12345,2,2,log-distance,49,50,veh15,veh5,5,5,0,222.528,1,9.22387,8.05967,-73.6254,23.3509,5,0.054,0.064,0.055
juelich_pilot_d30_r5_log_distance_s02_w1,juelich,12345,2,2,log-distance,49,50,veh15,veh6,5,0,1,865.63,0,9.22387,10.4321,nan,nan,0,0.054,0.046,0.055
juelich_pilot_d30_r5_log_distance_s02_w1,juelich,12345,2,2,log-distance,49,50,veh15,veh7,5,5,0,487.593,1,9.22387,11.1765,-80.4388,16.5375,5,0.054,0.073,0.055
juelich_pilot_d30_r5_log_distance_s02_w1,juelich,12345,2,2,log-distance,49,50,veh15,veh8,5,0,1,777.663,0,9.22387,2.37659,nan,nan,0,0.054,0.049,0.055
juelich_pilot_d30_r5_log_distance_s02_w1,juelich,12345,2,2,log-distance,49,50,veh15,veh9,5,0,1,875.016,0,9.22387,8.65447,nan,nan,0,0.054,0.06,0.055
juelich_pilot_d30_r5_log_distance_s02_w1,juelich,12345,2,2,log-distance,49,50,veh16,veh15,5,0,1,640.788,0,12.912,9.22387,nan,nan,0,0.044,0.054,0.055
juelich_pilot_d30_r5_log_distance_s02_w1,juelich,12345,2,2,log-distance,49,50,veh16,veh17,5,5,0,561.111,0,12.912,7.59488,-81.6587,15.3176,5,0.044,0.064,0.055
juelich_pilot_d30_r5_log_distance_s02_w1,juelich,12345,2,2,log-distance,49,50,veh16,veh18,5,5,0,553.071,0,12.912,1.82033,-81.5332,15.4431,5,0.044,0.059,0.055
juelich_pilot_d30_r5_log_distance_s02_w1,juelich,12345,2,2,log-distance,49,50,veh16,veh2,5,0,1,638.298,0,12.912,0,nan,nan,0,0.044,0.039,0.055
juelich_pilot_d30_r5_log_distance_s02_w1,juelich,12345,2,2,log-distance,49,50,veh16,veh3,5,5,0,516.38,0,12.912,12.7491,-80.9368,16.0395,5,0.044,0.044,0.055
juelich_pilot_d30_r5_log_distance_s02_w1,juelich,12345,2,2,log-distance,49,50,veh16,veh5,5,5,0,575.906,0,12.912,8.05967,-81.8847,15.0916,5,0.044,0.064,0.055
juelich_pilot_d30_r5_log_distance_s02_w1,juelich,12345,2,2,log-distance,49,50,veh16,veh7,5,0,1,623.264,0,12.912,11.1765,nan,nan,0,0.044,0.073,0.055
juelich_pilot_d30_r5_log_distance_s02_w1,juelich,12345,2,2,log-distance,49,50,veh16,veh8,5,0,1,717.76,0,12.912,2.37659,nan,nan,0,0.044,0.049,0.055
juelich_pilot_d30_r5_log_distance_s02_w1,juelich,12345,2,2,log-distance,49,50,veh17,veh0,5,0,1,610.469,0,7.59488,13.4537,nan,nan,0,0.064,0.07,0.055
juelich_pilot_d30_r5_log_distance_s02_w1,juelich,12345,2,2,log-distance,49,50,veh17,veh1,5,0,1,856.062,0,7.59488,8.31326,nan,nan,0,0.064,0.05,0.055
juelich_pilot_d30_r5_log_distance_s02_w1,juelich,12345,2,2,log-distance,49,50,veh17,veh10,5,0,1,904.984,0,7.59488,6.56723,nan,nan,0,0.064,0.046,0.055
juelich_pilot_d30_r5_log_distance_s02_w1,juelich,12345,2,2,log-distance,49,50,veh17,veh11,5,0,1,844.418,0,7.59488,7.28478,nan,nan,0,0.064,0.051,0.055
juelich_pilot_d30_r5_log_distance_s02_w1,juelich,12345,2,2,log-distance,49,50,veh17,veh12,4,0,1,995.035,0,7.80603,8.59929,nan,nan,0,0.064,0.046,0.055
juelich_pilot_d30_r5_log_distance_s02_w1,juelich,12345,2,2,log-distance,49,50,veh17,veh13,5,0,1,724.134,0,7.59488,7.58062,nan,nan,0,0.064,0.07,0.055
juelich_pilot_d30_r5_log_distance_s02_w1,juelich,12345,2,2,log-distance,49,50,veh17,veh15,5,5,0,339.613,1,7.59488,9.22387,-77.2973,19.679,5,0.064,0.054,0.055
juelich_pilot_d30_r5_log_distance_s02_w1,juelich,12345,2,2,log-distance,49,50,veh17,veh16,5,5,0,561.111,0,7.59488,12.912,-81.6587,15.3176,5,0.064,0.044,0.055
juelich_pilot_d30_r5_log_distance_s02_w1,juelich,12345,2,2,log-distance,49,50,veh17,veh18,5,5,0,44.5136,1,7.59488,1.82033,-59.6373,37.3389,5,0.064,0.059,0.055
juelich_pilot_d30_r5_log_distance_s02_w1,juelich,12345,2,2,log-distance,49,50,veh17,veh2,5,0,1,696.263,0,7.59488,0,nan,nan,0,0.064,0.039,0.055
juelich_pilot_d30_r5_log_distance_s02_w1,juelich,12345,2,2,log-distance,49,50,veh17,veh3,5,5,0,476.018,1,7.59488,12.7491,-80.2301,16.7462,5,0.064,0.044,0.055
juelich_pilot_d30_r5_log_distance_s02_w1,juelich,12345,2,2,log-distance,49,50,veh17,veh4,5,0,1,750.304,0,7.59488,11.6762,nan,nan,0,0.064,0.07,0.055
juelich_pilot_d30_r5_log_distance_s02_w1,juelich,12345,2,2,log-distance,49,50,veh17,veh5,5,5,0,117.579,1,7.59488,8.05967,-68.0839,28.8924,5,0.064,0.064,0.055
juelich_pilot_d30_r5_log_distance_s02_w1,juelich,12345,2,2,log-distance,49,50,veh17,veh6,5,0,1,880.027,0,7.59488,10.4321,nan,nan,0,0.064,0.046,0.055
juelich_pilot_d30_r5_log_distance_s02_w1,juelich,12345,2,2,log-distance,49,50,veh17,veh7,5,5,0,151.302,1,7.59488,11.1765,-70.2746,26.7017,5,0.064,0.073,0.055
juelich_pilot_d30_r5_log_distance_s02_w1,juelich,12345,2,2,log-distance,49,50,veh17,veh8,5,5,0,438.162,1,7.59488,2.37659,-79.5103,17.4659,5,0.064,0.049,0.055
juelich_pilot_d30_r5_log_distance_s02_w1,juelich,12345,2,2,log-distance,49,50,veh17,veh9,5,0,1,819.938,0,7.59488,8.65447,nan,nan,0,0.064,0.06,0.055
juelich_pilot_d30_r5_log_distance_s02_w1,juelich,12345,2,2,log-distance,49,50,veh18,veh0,5,0,1,649.277,0,1.82033,13.4537,nan,nan,0,0.059,0.07,0.055
juelich_pilot_d30_r5_log_distance_s02_w1,juelich,12345,2,2,log-distance,49,50,veh18,veh1,5,0,1,866.507,0,1.82033,8.31326,nan,nan,0,0.059,0.05,0.055
juelich_pilot_d30_r5_log_distance_s02_w1,juelich,12345,2,2,log-distance,49,50,veh18,veh10,5,0,1,927.514,0,1.82033,6.56723,nan,nan,0,0.059,0.046,0.055
juelich_pilot_d30_r5_log_distance_s02_w1,juelich,12345,2,2,log-distance,49,50,veh18,veh11,5,0,1,856.131,0,1.82033,7.28478,nan,nan,0,0.059,0.051,0.055
juelich_pilot_d30_r5_log_distance_s02_w1,juelich,12345,2,2,log-distance,49,50,veh18,veh13,5,0,1,752.443,0,1.82033,7.58062,nan,nan,0,0.059,0.07,0.055
juelich_pilot_d30_r5_log_distance_s02_w1,juelich,12345,2,2,log-distance,49,50,veh18,veh15,5,5,0,382.673,1,1.82033,9.22387,-78.3342,18.642,5,0.059,0.054,0.055
juelich_pilot_d30_r5_log_distance_s02_w1,juelich,12345,2,2,log-distance,49,50,veh18,veh16,5,5,0,553.071,0,1.82033,12.912,-81.5332,15.4431,5,0.059,0.044,0.055
juelich_pilot_d30_r5_log_distance_s02_w1,juelich,12345,2,2,log-distance,49,50,veh18,veh17,5,5,0,44.5136,1,1.82033,7.59488,-59.6373,37.3389,5,0.059,0.064,0.055
juelich_pilot_d30_r5_log_distance_s02_w1,juelich,12345,2,2,log-distance,49,50,veh18,veh2,5,0,1,653.953,0,1.82033,0,nan,nan,0,0.059,0.039,0.055
juelich_pilot_d30_r5_log_distance_s02_w1,juelich,12345,2,2,log-distance,49,50,veh18,veh3,5,5,0,433.995,1,1.82033,12.7491,-79.4271,17.5492,5,0.059,0.044,0.055
juelich_pilot_d30_r5_log_distance_s02_w1,juelich,12345,2,2,log-distance,49,50,veh18,veh4,5,0,1,771.973,0,1.82033,11.6762,nan,nan,0,0.059,0.07,0.055
juelich_pilot_d30_r5_log_distance_s02_w1,juelich,12345,2,2,log-distance,49,50,veh18,veh5,5,5,0,161.461,1,1.82033,8.05967,-70.8389,26.1374,5,0.059,0.064,0.055
juelich_pilot_d30_r5_log_distance_s02_w1,juelich,12345,2,2,log-distance,49,50,veh18,veh6,5,0,1,902.557,0,1.82033,10.4321,nan,nan,0,0.059,0.046,0.055
juelich_pilot_d30_r5_log_distance_s02_w1,juelich,12345,2,2,log-distance,49,50,veh18,veh7,5,5,0,114.988,1,1.82033,11.1765,-67.8907,29.0856,5,0.059,0.073,0.055
juelich_pilot_d30_r5_log_distance_s02_w1,juelich,12345,2,2,log-distance,49,50,veh18,veh8,5,5,0,395.048,1,1.82033,2.37659,-78.6107,18.3656,5,0.059,0.049,0.055
juelich_pilot_d30_r5_log_distance_s02_w1,juelich,12345,2,2,log-distance,49,50,veh18,veh9,5,0,1,834.656,0,1.82033,8.65447,nan,nan,0,0.059,0.06,0.055
juelich_pilot_d30_r5_log_distance_s02_w1,juelich,12345,2,2,log-distance,49,50,veh2,veh15,5,0,1,998.21,0,0,9.22387,nan,nan,0,0.039,0.054,0.055
juelich_pilot_d30_r5_log_distance_s02_w1,juelich,12345,2,2,log-distance,49,50,veh2,veh16,5,0,1,638.298,0,0,12.912,nan,nan,0,0.039,0.044,0.055
juelich_pilot_d30_r5_log_distance_s02_w1,juelich,12345,2,2,log-distance,49,50,veh2,veh17,5,0,1,696.263,0,0,7.59488,nan,nan,0,0.039,0.064,0.055
juelich_pilot_d30_r5_log_distance_s02_w1,juelich,12345,2,2,log-distance,49,50,veh2,veh18,5,0,1,653.953,0,0,1.82033,nan,nan,0,0.039,0.059,0.055
juelich_pilot_d30_r5_log_distance_s02_w1,juelich,12345,2,2,log-distance,49,50,veh2,veh3,5,5,0,220.403,1,0,12.7491,-73.5409,15.8606,5,0.039,0.044,0.055
juelich_pilot_d30_r5_log_distance_s02_w1,juelich,12345,2,2,log-distance,49,50,veh2,veh5,5,0,1,801.282,0,0,8.05967,nan,nan,0,0.039,0.064,0.055
juelich_pilot_d30_r5_log_distance_s02_w1,juelich,12345,2,2,log-distance,49,50,veh2,veh7,5,0,1,604.456,0,0,11.1765,nan,nan,0,0.039,0.073,0.055
juelich_pilot_d30_r5_log_distance_s02_w1,juelich,12345,2,2,log-distance,49,50,veh2,veh8,5,5,0,392.852,1,0,2.37659,-78.5623,10.0775,5,0.039,0.049,0.055
juelich_pilot_d30_r5_log_distance_s02_w1,juelich,12345,2,2,log-distance,49,50,veh3,veh15,5,0,1,781.212,0,12.7491,9.22387,nan,nan,0,0.044,0.054,0.055
juelich_pilot_d30_r5_log_distance_s02_w1,juelich,12345,2,2,log-distance,49,50,veh3,veh16,5,5,0,516.38,0,12.7491,12.912,-80.9368,16.0395,5,0.044,0.044,0.055
juelich_pilot_d30_r5_log_distance_s02_w1,juelich,12345,2,2,log-distance,49,50,veh3,veh17,5,5,0,476.018,1,12.7491,7.59488,-80.2301,16.7462,5,0.044,0.064,0.055
juelich_pilot_d30_r5_log_distance_s02_w1,juelich,12345,2,2,log-distance,49,50,veh3,veh18,5,5,0,433.995,1,12.7491,1.82033,-79.4271,17.5492,5,0.044,0.059,0.055
juelich_pilot_d30_r5_log_distance_s02_w1,juelich,12345,2,2,log-distance,49,50,veh3,veh2,5,5,0,220.403,1,12.7491,0,-73.5409,23.4354,5,0.044,0.039,0.055
juelich_pilot_d30_r5_log_distance_s02_w1,juelich,12345,2,2,log-distance,49,50,veh3,veh5,5,4,0.2,581.117,0,12.7491,8.05967,-81.9495,15.0268,4,0.044,0.064,0.055
juelich_pilot_d30_r5_log_distance_s02_w1,juelich,12345,2,2,log-distance,49,50,veh3,veh7,5,5,0,392.096,1,12.7491,11.1765,-78.5455,18.4307,5,0.044,0.073,0.055
juelich_pilot_d30_r5_log_distance_s02_w1,juelich,12345,2,2,log-distance,49,50,veh3,veh8,5,5,0,254.095,1,12.7491,2.37659,-74.7775,22.1988,5,0.044,0.049,0.055
juelich_pilot_d30_r5_log_distance_s02_w1,juelich,12345,2,2,log-distance,49,50,veh4,veh0,5,5,0,398.693,1,11.6762,13.4537,-78.6904,18.2859,5,0.07,0.07,0.055
juelich_pilot_d30_r5_log_distance_s02_w1,juelich,12345,2,2,log-distance,49,50,veh4,veh1,5,5,0,241.186,1,11.6762,8.31326,-74.3245,22.6518,5,0.07,0.05,0.055
juelich_pilot_d30_r5_log_distance_s02_w1,juelich,12345,2,2,log-distance,49,50,veh4,veh10,5,5,0,156.263,1,11.6762,6.56723,-70.5533,26.4229,5,0.07,0.046,0.055
juelich_pilot_d30_r5_log_distance_s02_w1,juelich,12345,2,2,log-distance,49,50,veh4,veh11,5,5,0,213.967,1,11.6762,7.28478,-73.2844,23.6919,5,0.07,0.051,0.055
juelich_pilot_d30_r5_log_distance_s02_w1,juelich,12345,2,2,log-distance,49,50,veh4,veh12,5,5,0,361.653,1,11.6762,8.59411,-77.8435,19.1328,5,0.07,0.046,0.055
juelich_pilot_d30_r5_log_distance_s02_w1,juelich,12345,2,2,log-distance,49,50,veh4,veh13,5,5,0,137.385,1,11.6762,7.58062,-69.4364,27.5399,5,0.07,0.07,0.055
juelich_pilot_d30_r5_log_distance_s02_w1,juelich,12345,2,2,log-distance,49,50,veh4,veh14,5,5,0,447.459,1,11.6762,14.9586,-79.6928,17.2835,5,0.07,0.046,0.055
juelich_pilot_d30_r5_log_distance_s02_w1,juelich,12345,2,2,log-distance,49,50,veh4,veh15,5,0,1,756.051,0,11.6762,9.22387,nan,nan,0,0.07,0.054,0.055
juelich_pilot_d30_r5_log_distance_s02_w1,juelich,12345,2,2,log-distance,49,50,veh4,veh17,5,0,1,750.304,0,11.6762,7.59488,nan,nan,0,0.07,0.064,0.055
juelich_pilot_d30_r5_log_distance_s02_w1,juelich,12345,2,2,log-distance,49,50,veh4,veh18,5,0,1,771.973,0,11.6762,1.82033,nan,nan,0,0.07,0.059,0.055
juelich_pilot_d30_r5_log_distance_s02_w1,juelich,12345,2,2,log-distance,49,50,veh4,veh5,5,0,1,726.064,0,11.6762,8.05967,nan,nan,0,0.07,0.064,0.055
juelich_pilot_d30_r5_log_distance_s02_w1,juelich,12345,2,2,log-distance,49,50,veh4,veh6,5,5,0,131.476,1,11.6762,10.4321,-69.0546,27.9217,5,0.07,0.046,0.055
juelich_pilot_d30_r5_log_distance_s02_w1,juelich,12345,2,2,log-distance,49,50,veh4,veh7,5,0,1,759.284,0,11.6762,11.1765,nan,nan,0,0.07,0.073,0.055
juelich_pilot_d30_r5_log_distance_s02_w1,juelich,12345,2,2,log-distance,49,50,veh4,veh8,5,0,1,956.34,0,11.6762,2.37659,nan,nan,0,0.07,0.049,0.055
juelich_pilot_d30_r5_log_distance_s02_w1,juelich,12345,2,2,log-distance,49,50,veh4,veh9,5,5,0,151.313,1,11.6762,8.65447,-70.2747,26.7016,5,0.07,0.06,0.055
juelich_pilot_d30_r5_log_distance_s02_w1,juelich,12345,2,2,log-distance,49,50,veh5,veh0,5,5,0,528.43,0,8.05967,13.4537,-81.1374,13.6548,5,0.064,0.07,0.055
juelich_pilot_d30_r5_log_distance_s02_w1,juelich,12345,2,2,log-distance,49,50,veh5,veh1,5,0,1,862.495,0,8.05967,8.31326,nan,nan,0,0.064,0.05,0.055
juelich_pilot_d30_r5_log_distance_s02_w1,juelich,12345,2,2,log-distance,49,50,veh5,veh10,5,0,1,876.087,0,8.05967,6.56723,nan,nan,0,0.064,0.046,0.055
juelich_pilot_d30_r5_log_distance_s02_w1,juelich,12345,2,2,log-distance,49,50,veh5,veh11,5,0,1,847.537,0,8.05967,7.28478,nan,nan,0,0.064,0.051,0.055
juelich_pilot_d30_r5_log_distance_s02_w1,juelich,12345,2,2,log-distance,49,50,veh5,veh12,5,0,1,936.076,0,8.05967,8.59411,nan,nan,0,0.064,0.046,0.055
juelich_pilot_d30_r5_log_distance_s02_w1,juelich,12345,2,2,log-distance,49,50,veh5,veh13,5,0,1,679.238,0,8.05967,7.58062,nan,nan,0,0.064,0.07,0.055
juelich_pilot_d30_r5_log_distance_s02_w1,juelich,12345,2,2,log-distance,49,50,veh5,veh14,5,0,1,989.264,0,8.05967,14.9586,nan,nan,0,0.064,0.046,0.055
juelich_pilot_d30_r5_log_distance_s02_w1,juelich,12345,2,2,log-distance,49,50,veh5,veh15,5,5,0,222.528,1,8.05967,9.22387,-73.6254,20.8058,5,0.064,0.054,0.055
juelich_pilot_d30_r5_log_distance_s02_w1,juelich,12345,2,2,log-distance,49,50,veh5,veh16,5,4,0.2,575.906,0,8.05967,12.912,-81.8822,15.0941,4,0.064,0.044,0.055
juelich_pilot_d30_r5_log_distance_s02_w1,juelich,12345,2,2,log-distance,49,50,veh5,veh17,5,5,0,117.579,1,8.05967,7.59488,-68.0839,25.3745,5,0.064,0.064,0.055
juelich_pilot_d30_r5_log_distance_s02_w1,juelich,12345,2,2,log-distance,49,50,veh5,veh18,5,5,0,161.461,1,8.05967,1.82033,-70.8389,22.4523,5,0.064,0.059,0.055
juelich_pilot_d30_r5_log_distance_s02_w1,juelich,12345,2,2,log-distance,49,50,veh5,veh2,5,0,1,801.282,0,8.05967,0,nan,nan,0,0.064,0.039,0.055
juelich_pilot_d30_r5_log_distance_s02_w1,juelich,12345,2,2,log-distance,49,50,veh5,veh3,5,4,0.2,581.117,0,8.05967,12.7491,-81.9495,15.0268,4,0.064,0.044,0.055
juelich_pilot_d30_r5_log_distance_s02_w1,juelich,12345,2,2,log-distance,49,50,veh5,veh4,5,0,1,726.064,0,8.05967,11.6762,nan,nan,0,0.064,0.07,0.055
juelich_pilot_d30_r5_log_distance_s02_w1,juelich,12345,2,2,log-distance,49,50,veh5,veh6,5,0,1,851.396,0,8.05967,10.4321,nan,nan,0,0.064,0.046,0.055
juelich_pilot_d30_r5_log_distance_s02_w1,juelich,12345,2,2,log-distance,49,50,veh5,veh7,5,4,0.2,265.366,1,8.05967,11.1765,-75.1405,21.8358,4,0.064,0.073,0.055
juelich_pilot_d30_r5_log_distance_s02_w1,juelich,12345,2,2,log-distance,49,50,veh5,veh8,5,4,0.2,555.668,0,8.05967,2.37659,-81.5758,15.4004,4,0.064,0.049,0.055
juelich_pilot_d30_r5_log_distance_s02_w1,juelich,12345,2,2,log-distance,49,50,veh5,veh9,5,0,1,815.026,0,8.05967,8.65447,nan,nan,0,0.064,0.06,0.055
juelich_pilot_d30_r5_log_distance_s02_w1,juelich,12345,2,2,log-distance,49,50,veh6,veh0,5,5,0,470.621,1,10.4321,13.4537,-80.1311,16.8452,5,0.046,0.07,0.055
juelich_pilot_d30_r5_log_distance_s02_w1,juelich,12345,2,2,log-distance,49,50,veh6,veh1,5,5,0,258.46,1,10.4321,8.31326,-74.9248,22.0514,5,0.046,0.05,0.055
juelich_pilot_d30_r5_log_distance_s02_w1,juelich,12345,2,2,log-distance,49,50,veh6,veh10,5,5,0,25.0482,1,10.4321,6.56723,-54.6156,42.3607,5,0.046,0.046,0.055
juelich_pilot_d30_r5_log_distance_s02_w1,juelich,12345,2,2,log-distance,49,50,veh6,veh11,5,5,0,233.32,1,10.4321,7.28478,-74.036,22.9403,5,0.046,0.051,0.055
juelich_pilot_d30_r5_log_distance_s02_w1,juelich,12345,2,2,log-distance,49,50,veh6,veh12,5,5,0,287.123,1,10.4321,8.59411,-75.8391,21.1372,5,0.046,0.046,0.055
juelich_pilot_d30_r5_log_distance_s02_w1,juelich,12345,2,2,log-distance,49,50,veh6,veh13,5,5,0,199.852,1,10.4321,7.58062,-72.6903,24.2859,5,0.046,0.07,0.055
juelich_pilot_d30_r5_log_distance_s02_w1,juelich,12345,2,2,log-distance,49,50,veh6,veh14,5,5,0,372.851,1,10.4321,14.9586,-78.1083,18.868,5,0.046,0.046,0.055
juelich_pilot_d30_r5_log_distance_s02_w1,juelich,12345,2,2,log-distance,49,50,veh6,veh15,5,0,1,865.63,0,10.4321,9.22387,nan,nan,0,0.046,0.054,0.055
juelich_pilot_d30_r5_log_distance_s02_w1,juelich,12345,2,2,log-distance,49,50,veh6,veh17,5,0,1,880.027,0,10.4321,7.59488,nan,nan,0,0.046,0.064,0.055
juelich_pilot_d30_r5_log_distance_s02_w1,juelich,12345,2,2,log-distance,49,50,veh6,veh18,5,0,1,902.557,0,10.4321,1.82033,nan,nan,0,0.046,0.059,0.055
juelich_pilot_d30_r5_log_distance_s02_w1,juelich,12345,2,2,log-distance,49,50,veh6,veh4,5,5,0,131.476,1,10.4321,11.6762,-69.0546,27.9217,5,0.046,0.07,0.055
juelich_pilot_d30_r5_log_distance_s02_w1,juelich,12345,2,2,log-distance,49,50,veh6,veh5,5,0,1,851.396,0,10.4321,8.05967,nan,nan,0,0.046,0.064,0.055
juelich_pilot_d30_r5_log_distance_s02_w1,juelich,12345,2,2,log-distance,49,50,veh6,veh7,5,0,1,890.729,0,10.4321,11.1765,nan,nan,0,0.046,0.073,0.055
juelich_pilot_d30_r5_log_distance_s02_w1,juelich,12345,2,2,log-distance,49,50,veh6,veh9,5,5,0,178.142,1,10.4321,8.65447,-71.6912,25.2851,5,0.046,0.06,0.055
juelich_pilot_d30_r5_log_distance_s02_w1,juelich,12345,2,2,log-distance,49,50,veh7,veh0,5,0,1,697.853,0,11.1765,13.4537,nan,nan,0,0.073,0.07,0.055
juelich_pilot_d30_r5_log_distance_s02_w1,juelich,12345,2,2,log-distance,49,50,veh7,veh1,5,0,1,822.269,0,11.1765,8.31326,nan,nan,0,0.073,0.05,0.055
juelich_pilot_d30_r5_log_distance_s02_w1,juelich,12345,2,2,log-distance,49,50,veh7,veh10,5,0,1,915.411,0,11.1765,6.56723,nan,nan,0,0.073,0.046,0.055
juelich_pilot_d30_r5_log_distance_s02_w1,juelich,12345,2,2,log-distance,49,50,veh7,veh11,5,0,1,815.208,0,11.1765,7.28478,nan,nan,0,0.073,0.051,0.055
juelich_pilot_d30_r5_log_distance_s02_w1,juelich,12345,2,2,log-distance,49,50,veh7,veh13,5,0,1,760.437,0,11.1765,7.58062,nan,nan,0,0.073,0.07,0.055
juelich_pilot_d30_r5_log_distance_s02_w1,juelich,12345,2,2,log-distance,49,50,veh7,veh15,5,5,0,487.593,1,11.1765,9.22387,-80.4388,16.5375,5,0.073,0.054,0.055
juelich_pilot_d30_r5_log_distance_s02_w1,juelich,12345,2,2,log-distance,49,50,veh7,veh16,5,0,1,623.264,0,11.1765,12.912,nan,nan,0,0.073,0.044,0.055
juelich_pilot_d30_r5_log_distance_s02_w1,juelich,12345,2,2,log-distance,49,50,veh7,veh17,5,5,0,151.302,1,11.1765,7.59488,-70.2746,26.7017,5,0.073,0.064,0.055
juelich_pilot_d30_r5_log_distance_s02_w1,juelich,12345,2,2,log-distance,49,50,veh7,veh18,5,5,0,114.988,1,11.1765,1.82033,-67.8907,29.0856,5,0.073,0.059,0.055
juelich_pilot_d30_r5_log_distance_s02_w1,juelich,12345,2,2,log-distance,49,50,veh7,veh2,5,0,1,604.456,0,11.1765,0,nan,nan,0,0.073,0.039,0.055
juelich_pilot_d30_r5_log_distance_s02_w1,juelich,12345,2,2,log-distance,49,50,veh7,veh3,5,5,0,392.096,1,11.1765,12.7491,-78.5455,18.4307,5,0.073,0.044,0.055
juelich_pilot_d30_r5_log_distance_s02_w1,juelich,12345,2,2,log-distance,49,50,veh7,veh4,5,0,1,759.284,0,11.1765,11.6762,nan,nan,0,0.073,0.07,0.055
juelich_pilot_d30_r5_log_distance_s02_w1,juelich,12345,2,2,log-distance,49,50,veh7,veh5,5,5,0,265.366,1,11.1765,8.05967,-75.1546,21.8217,5,0.073,0.064,0.055
juelich_pilot_d30_r5_log_distance_s02_w1,juelich,12345,2,2,log-distance,49,50,veh7,veh6,5,0,1,890.729,0,11.1765,10.4321,nan,nan,0,0.073,0.046,0.055
juelich_pilot_d30_r5_log_distance_s02_w1,juelich,12345,2,2,log-distance,49,50,veh7,veh8,5,5,0,296.132,1,11.1765,2.37659,-76.1072,20.869,5,0.073,0.049,0.055
juelich_pilot_d30_r5_log_distance_s02_w1,juelich,12345,2,2,log-distance,49,50,veh7,veh9,5,0,1,801.783,0,11.1765,8.65447,nan,nan,0,0.073,0.06,0.055
juelich_pilot_d30_r5_log_distance_s02_w1,juelich,12345,2,2,log-distance,49,50,veh8,veh0,5,0,1,974.653,0,2.37659,13.4537,nan,nan,0,0.049,0.07,0.055
juelich_pilot_d30_r5_log_distance_s02_w1,juelich,12345,2,2,log-distance,49,50,veh8,veh1,5,0,1,951.489,0,2.37659,8.31326,nan,nan,0,0.049,0.05,0.055
juelich_pilot_d30_r5_log_distance_s02_w1,juelich,12345,2,2,log-distance,49,50,veh8,veh11,5,0,1,952.613,0,2.37659,7.28478,nan,nan,0,0.049,0.051,0.055
juelich_pilot_d30_r5_log_distance_s02_w1,juelich,12345,2,2,log-distance,49,50,veh8,veh13,5,0,1,989.915,0,2.37659,7.58062,nan,nan,0,0.049,0.07,0.055
juelich_pilot_d30_r5_log_distance_s02_w1,juelich,12345,2,2,log-distance,49,50,veh8,veh15,5,0,1,777.663,0,2.37659,9.22387,nan,nan,0,0.049,0.054,0.055
juelich_pilot_d30_r5_log_distance_s02_w1,juelich,12345,2,2,log-distance,49,50,veh8,veh16,5,0,1,717.76,0,2.37659,12.912,nan,nan,0,0.049,0.044,0.055
juelich_pilot_d30_r5_log_distance_s02_w1,juelich,12345,2,2,log-distance,49,50,veh8,veh17,5,4,0.2,438.162,1,2.37659,7.59488,-79.5221,17.4542,4,0.049,0.064,0.055
juelich_pilot_d30_r5_log_distance_s02_w1,juelich,12345,2,2,log-distance,49,50,veh8,veh18,5,4,0.2,395.048,1,2.37659,1.82033,-78.61,18.3663,4,0.049,0.059,0.055
juelich_pilot_d30_r5_log_distance_s02_w1,juelich,12345,2,2,log-distance,49,50,veh8,veh2,5,5,0,392.852,1,2.37659,0,-78.5623,15.916,5,0.049,0.039,0.055
juelich_pilot_d30_r5_log_distance_s02_w1,juelich,12345,2,2,log-distance,49,50,veh8,veh3,5,5,0,254.095,1,2.37659,12.7491,-74.7775,19.1795,5,0.049,0.044,0.055
juelich_pilot_d30_r5_log_distance_s02_w1,juelich,12345,2,2,log-distance,49,50,veh8,veh4,5,0,1,956.34,0,2.37659,11.6762,nan,nan,0,0.049,0.07,0.055
juelich_pilot_d30_r5_log_distance_s02_w1,juelich,12345,2,2,log-distance,49,50,veh8,veh5,5,4,0.2,555.668,0,2.37659,8.05967,-81.5758,15.4004,4,0.049,0.064,0.055
juelich_pilot_d30_r5_log_distance_s02_w1,juelich,12345,2,2,log-distance,49,50,veh8,veh7,5,4,0.2,296.132,1,2.37659,11.1765,-76.1276,20.8487,4,0.049,0.073,0.055
juelich_pilot_d30_r5_log_distance_s02_w1,juelich,12345,2,2,log-distance,49,50,veh8,veh9,5,0,1,957.758,0,2.37659,8.65447,nan,nan,0,0.049,0.06,0.055
juelich_pilot_d30_r5_log_distance_s02_w1,juelich,12345,2,2,log-distance,49,50,veh9,veh0,5,5,0,546.972,0,8.65447,13.4537,-81.437,15.5393,5,0.06,0.07,0.055
juelich_pilot_d30_r5_log_distance_s02_w1,juelich,12345,2,2,log-distance,49,50,veh9,veh1,5,5,0,91.084,1,8.65447,8.31326,-65.8665,31.1097,5,0.06,0.05,0.055
juelich_pilot_d30_r5_log_distance_s02_w1,juelich,12345,2,2,log-distance,49,50,veh9,veh10,5,5,0,190.524,1,8.65447,6.56723,-72.2766,24.6997,5,0.06,0.046,0.055
juelich_pilot_d30_r5_log_distance_s02_w1,juelich,12345,2,2,log-distance,49,50,veh9,veh11,5,5,0,63.5881,1,8.65447,7.28478,-62.7451,34.2312,5,0.06,0.051,0.055
juelich_pilot_d30_r5_log_distance_s02_w1,juelich,12345,2,2,log-distance,49,50,veh9,veh12,5,5,0,463.712,1,8.65447,8.59411,-80.0024,16.9739,5,0.06,0.046,0.055
juelich_pilot_d30_r5_log_distance_s02_w1,juelich,12345,2,2,log-distance,49,50,veh9,veh13,5,5,0,288.127,1,8.65447,7.58062,-75.869,21.1073,5,0.06,0.07,0.055
juelich_pilot_d30_r5_log_distance_s02_w1,juelich,12345,2,2,log-distance,49,50,veh9,veh14,5,5,0,549.986,0,8.65447,14.9586,-81.4843,15.492,5,0.06,0.046,0.055
juelich_pilot_d30_r5_log_distance_s02_w1,juelich,12345,2,2,log-distance,49,50,veh9,veh15,5,0,1,875.016,0,8.65447,9.22387,nan,nan,0,0.06,0.054,0.055
juelich_pilot_d30_r5_log_distance_s02_w1,juelich,12345,2,2,log-distance,49,50,veh9,veh17,5,0,1,819.938,0,8.65447,7.59488,nan,nan,0,0.06,0.064,0.055
juelich_pilot_d30_r5_log_distance_s02_w1,juelich,12345,2,2,log-distance,49,50,veh9,veh18,5,0,1,834.656,0,8.65447,1.82033,nan,nan,0,0.06,0.059,0.055
juelich_pilot_d30_r5_log_distance_s02_w1,juelich,12345,2,2,log-distance,49,50,veh9,veh4,5,5,0,151.313,1,8.65447,11.6762,-70.2747,26.7016,5,0.06,0.07,0.055
juelich_pilot_d30_r5_log_distance_s02_w1,juelich,12345,2,2,log-distance,49,50,veh9,veh5,5,0,1,815.026,0,8.65447,8.05967,nan,nan,0,0.06,0.064,0.055
juelich_pilot_d30_r5_log_distance_s02_w1,juelich,12345,2,2,log-distance,49,50,veh9,veh6,5,5,0,178.142,1,8.65447,10.4321,-71.6912,25.2851,5,0.06,0.046,0.055
juelich_pilot_d30_r5_log_distance_s02_w1,juelich,12345,2,2,log-distance,49,50,veh9,veh7,5,0,1,801.783,0,8.65447,11.1765,nan,nan,0,0.06,0.073,0.055
juelich_pilot_d30_r5_log_distance_s02_w1,juelich,12345,2,2,log-distance,49,50,veh9,veh8,5,0,1,957.758,0,8.65447,2.37659,nan,nan,0,0.06,0.049,0.055
