run_id,scenario_id,ns3_seed,ns3_run,sumo_seed,propagation,window_start_s,window_end_s,src,dst,tx,rx_ok,per,dist_m,within_evaluation_radius,v_src_mps,v_dst_mps,rssi_dbm,snr_db,phy_n,cbr_tx,cbr_rx,cbr_global
juelich_pilot_d30_r2_log_distance_s02_w1,juelich,12345,2,2,log-distance,5,6,veh0,veh1,2,0,1,777.568,0,8.05031,5.10442,nan,nan,0,0.004,0.004,0.00322222
juelich_pilot_d30_r2_log_distance_s02_w1,juelich,12345,2,2,log-distance,5,6,veh1,veh0,2,0,1,777.568,0,5.10442,8.05031,nan,nan,0,0.004,0.004,0.00322222
juelich_pilot_d30_r2_log_distance_s02_w1,juelich,12345,2,2,log-distance,6,7,veh0,veh1,2,0,1,767.292,0,8.10296,6.91143,nan,nan,0,0.004,0.004,0.00333333
juelich_pilot_d30_r2_log_distance_s02_w1,juelich,12345,2,2,log-distance,6,7,veh1,veh0,2,0,1,767.292,0,6.91143,8.10296,nan,nan,0,0.004,0.004,0.00333333
juelich_pilot_d30_r2_log_distance_s02_w1,juelich,12345,2,2,log-distance,7,8,veh0,veh1,2,0,1,756.185,0,8.0679,8.28549,nan,nan,0,0.004,0.004,0.00333333
juelich_pilot_d30_r2_log_distance_s02_w1,juelich,12345,2,2,log-distance,7,8,veh1,veh0,2,0,1,756.185,0,8.28549,8.0679,nan,nan,0,0.004,0.004,0.00333333
juelich_pilot_d30_r2_log_distance_s02_w1,juelich,12345,2,2,log-distance,8,9,veh0,veh1,2,0,1,744.924,0,8.0756,8.33118,nan,nan,0,0.004,0.004,0.00330556
juelich_pilot_d30_r2_log_distance_s02_w1,juelich,12345,2,2,log-distance,8,9,veh1,veh0,2,0,1,744.924,0,8.33118,8.0756,nan,nan,0,0.004,0.004,0.00330556
juelich_pilot_d30_r2_log_distance_s02_w1,juelich,12345,2,2,log-distance,8,9,veh2,veh3,1,1,0,266.911,1,6.30528,0,-75.205,21.7712,1,0.003,0.00222222,0.00330556
juelich_pilot_d30_r2_log_distance_s02_w1,juelich,12345,2,2,log-distance,8,9,veh3,veh2,1,1,0,266.911,1,0,6.30528,-75.205,21.7712,1,0.00222222,0.003,0.00330556
juelich_pilot_d30_r2_log_distance_s02_w1,juelich,12345,2,2,log-distance,9,10,veh0,veh1,2,0,1,733.834,0,8.05197,8.30878,nan,nan,0,0.004,0.004,0.004
juelich_pilot_d30_r2_log_distance_s02_w1,juelich,12345,2,2,log-distance,9,10,veh1,veh0,2,0,1,733.834,0,8.30878,8.05197,nan,nan,0,0.004,0.004,0.004
juelich_pilot_d30_r2_log_distance_s02_w1,juelich,12345,2,2,log-distance,9,10,veh2,veh3,2,2,0,265.198,1,6.93702,0,-75.1491,21.8272,2,0.004,0.004,0.004
juelich_pilot_d30_r2_log_distance_s02_w1,juelich,12345,2,2,log-distance,9,10,veh3,veh2,2,2,0,265.198,1,0,6.93702,-75.1491,21.8272,2,0.004,0.004,0.004
juelich_pilot_d30_r2_log_distance_s02_w1,juelich,12345,2,2,log-distance,10,11,veh0,veh1,2,0,1,723.001,0,7.98854,8.3471,nan,nan,0,0.004,0.004,0.0032
juelich_pilot_d30_r2_log_distance_s02_w1,juelich,12345,2,2,log-distance,10,11,veh1,veh0,2,0,1,723.001,0,8.3471,7.98854,nan,nan,0,0.004,0.004,0.0032
juelich_pilot_d30_r2_log_distance_s02_w1,juelich,12345,2,2,log-distance,10,11,veh2,veh3,2,2,0,263.563,1,3.3383,0,-75.0954,21.8809,2,0.004,0.004,0.0032
juelich_pilot_d30_r2_log_distance_s02_w1,juelich,12345,2,2,log-distance,10,11,veh3,veh2,2,2,0,263.563,1,0,3.3383,-75.0954,21.8809,2,0.004,0.004,0.0032
juelich_pilot_d30_r2_log_distance_s02_w1,juelich,12345,2,2,log-distance,11,12,veh0,veh1,2,0,1,712.512,0,8.02716,8.30419,nan,nan,0,0.006,0.006,0.0052
juelich_pilot_d30_r2_log_distance_s02_w1,juelich,12345,2,2,log-distance,11,12,veh0,veh4,2,2,0,466.169,1,8.02716,1.06022,-80.0485,16.9278,2,0.006,0.006,0.0052
juelich_pilot_d30_r2_log_distance_s02_w1,juelich,12345,2,2,log-distance,11,12,veh1,veh0,2,0,1,712.512,0,8.30419,8.02716,nan,nan,0,0.006,0.006,0.0052
juelich_pilot_d30_r2_log_distance_s02_w1,juelich,12345,2,2,log-distance,11,12,veh1,veh4,2,2,0,249.251,1,8.30419,1.06022,-74.6104,22.3659,2,0.006,0.006,0.0052
juelich_pilot_d30_r2_log_distance_s02_w1,juelich,12345,2,2,log-distance,11,12,veh2,veh3,2,2,0,263.21,1,0.00078492,0.831433,-75.0837,21.8925,2,0.004,0.004,0.0052
juelich_pilot_d30_r2_log_distance_s02_w1,juelich,12345,2,2,log-distance,11,12,veh3,veh2,2,2,0,263.21,1,0.831433,0.00078492,-75.0837,21.8925,2,0.004,0.004,0.0052
juelich_pilot_d30_r2_log_distance_s02_w1,juelich,12345,2,2,log-distance,11,12,veh4,veh0,2,2,0,466.169,1,1.06022,8.02716,-80.0485,16.9278,2,0.006,0.006,0.0052
juelich_pilot_d30_r2_log_distance_s02_w1,juelich,12345,2,2,log-distance,11,12,veh4,veh1,2,2,0,249.251,1,1.06022,8.30419,-74.6104,22.3659,2,0.006,0.006,0.0052
juelich_pilot_d30_r2_log_distance_s02_w1,juelich,12345,2,2,log-distance,12,13,veh0,veh1,2,0,1,702.246,0,8.05434,8.31982,nan,nan,0,0.006,0.006,0.0052
juelich_pilot_d30_r2_log_distance_s02_w1,juelich,12345,2,2,log-distance,12,13,veh0,veh4,2,2,0,458.364,1,8.05434,3.05118,-79.9018,17.0745,2,0.006,0.006,0.0052
juelich_pilot_d30_r2_log_distance_s02_w1,juelich,12345,2,2,log-distance,12,13,veh1,veh0,2,0,1,702.246,0,8.31982,8.05434,nan,nan,0,0.006,0.006,0.0052
juelich_pilot_d30_r2_log_distance_s02_w1,juelich,12345,2,2,log-distance,12,13,veh1,veh4,2,2,0,247.763,1,8.31982,3.05118,-74.5584,22.4179,2,0.006,0.006,0.0052
juelich_pilot_d30_r2_log_distance_s02_w1,juelich,12345,2,2,log-distance,12,13,veh2,veh3,2,2,0,263.315,1,0,2.96446,-75.0872,21.8891,2,0.004,0.004,0.0052
juelich_pilot_d30_r2_log_distance_s02_w1,juelich,12345,2,2,log-distance,12,13,veh3,veh2,2,2,0,263.315,1,2.96446,0,-75.0872,21.8891,2,0.004,0.004,0.0052
juelich_pilot_d30_r2_log_distance_s02_w1,juelich,12345,2,2,log-distance,12,13,veh4,veh0,2,2,0,458.364,1,3.05118,8.05434,-79.9018,17.0745,2,0.006,0.006,0.0052
juelich_pilot_d30_r2_log_distance_s02_w1,juelich,12345,2,2,log-distance,12,13,veh4,veh1,2,2,0,247.763,1,3.05118,8.31982,-74.5584,22.4179,2,0.006,0.006,0.0052
juelich_pilot_d30_r2_log_distance_s02_w1,juelich,12345,2,2,log-distance,13,14,veh0,veh1,2,0,1,692.207,0,8.06593,8.34993,nan,nan,0,0.007,0.006,0.00566667
juelich_pilot_d30_r2_log_distance_s02_w1,juelich,12345,2,2,log-distance,13,14,veh0,veh4,2,2,0,449.526,1,8.06593,4.85995,-79.7327,17.2436,2,0.007,0.007,0.00566667
juelich_pilot_d30_r2_log_distance_s02_w1,juelich,12345,2,2,log-distance,13,14,veh0,veh5,1,1,0,297.673,1,8.0899,0,-76.1525,20.8238,1,0.007,0.006,0.00566667
juelich_pilot_d30_r2_log_distance_s02_w1,juelich,12345,2,2,log-distance,13,14,veh1,veh0,2,0,1,692.207,0,8.34993,8.06593,nan,nan,0,0.006,0.007,0.00566667
juelich_pilot_d30_r2_log_distance_s02_w1,juelich,12345,2,2,log-distance,13,14,veh1,veh4,2,2,0,248.022,1,8.34993,4.85995,-74.5675,22.4088,2,0.006,0.007,0.00566667
juelich_pilot_d30_r2_log_distance_s02_w1,juelich,12345,2,2,log-distance,13,14,veh1,veh5,1,0,1,987.274,0,8.37268,0,nan,nan,0,0.006,0.006,0.00566667
juelich_pilot_d30_r2_log_distance_s02_w1,juelich,12345,2,2,log-distance,13,14,veh2,veh3,2,2,0,263.294,1,0.817734,4.82781,-75.0865,21.8898,2,0.004,0.004,0.00566667
juelich_pilot_d30_r2_log_distance_s02_w1,juelich,12345,2,2,log-distance,13,14,veh3,veh2,2,2,0,263.294,1,4.82781,0.817734,-75.0865,21.8898,2,0.004,0.004,0.00566667
juelich_pilot_d30_r2_log_distance_s02_w1,juelich,12345,2,2,log-distance,13,14,veh3,veh5,1,0,1,982.007,0,5.30181,0,nan,nan,0,0.004,0.006,0.00566667
juelich_pilot_d30_r2_log_distance_s02_w1,juelich,12345,2,2,log-distance,13,14,veh4,veh0,2,2,0,449.526,1,4.85995,8.06593,-79.7327,17.2436,2,0.007,0.007,0.00566667
juelich_pilot_d30_r2_log_distance_s02_w1,juelich,12345,2,2,log-distance,13,14,veh4,veh1,2,2,0,248.022,1,4.85995,8.34993,-74.5675,22.4088,2,0.007,0.006,0.00566667
juelich_pilot_d30_r2_log_distance_s02_w1,juelich,12345,2,2,log-distance,13,14,veh4,veh5,1,0,1,743.365,0,5.37665,0,nan,nan,0,0.007,0.006,0.00566667
juelich_pilot_d30_r2_log_distance_s02_w1,juelich,12345,2,2,log-distance,13,14,veh5,veh0,1,1,0,297.673,1,0,8.0899,-76.1525,20.8238,1,0.006,0.007,0.00566667
juelich_pilot_d30_r2_log_distance_s02_w1,juelich,12345,2,2,log-distance,13,14,veh5,veh1,1,0,1,987.274,0,0,8.37268,nan,nan,0,0.006,0.006,0.00566667
juelich_pilot_d30_r2_log_distance_s02_w1,juelich,12345,2,2,log-distance,13,14,veh5,veh3,1,0,1,982.007,0,0,5.30181,nan,nan,0,0.006,0.004,0.00566667
juelich_pilot_d30_r2_log_distance_s02_w1,juelich,12345,2,2,log-distance,13,14,veh5,veh4,1,0,1,743.365,0,0,5.37665,nan,nan,0,0.006,0.007,0.00566667
juelich_pilot_d30_r2_log_distance_s02_w1,juelich,12345,2,2,log-distance,14,15,veh0,veh1,2,0,1,682.425,0,8.08151,8.30695,nan,nan,0,0.008,0.006,0.006
juelich_pilot_d30_r2_log_distance_s02_w1,juelich,12345,2,2,log-distance,14,15,veh0,veh4,2,2,0,439.91,1,8.08151,6.77096,-79.5448,17.4314,2,0.008,0.008,0.006
juelich_pilot_d30_r2_log_distance_s02_w1,juelich,12345,2,2,log-distance,14,15,veh0,veh5,2,2,0,302.679,1,8.08151,1.72683,-76.2972,20.6791,2,0.008,0.006,0.006
juelich_pilot_d30_r2_log_distance_s02_w1,juelich,12345,2,2,log-distance,14,15,veh1,veh0,2,0,1,682.425,0,8.30695,8.08151,nan,nan,0,0.006,0.008,0.006
juelich_pilot_d30_r2_log_distance_s02_w1,juelich,12345,2,2,log-distance,14,15,veh1,veh4,2,2,0,250.027,1,8.30695,6.77096,-74.6374,22.3389,2,0.006,0.008,0.006
juelich_pilot_d30_r2_log_distance_s02_w1,juelich,12345,2,2,log-distance,14,15,veh1,veh5,2,0,1,985.091,0,8.30695,1.72683,nan,nan,0,0.006,0.006,0.006
juelich_pilot_d30_r2_log_distance_s02_w1,juelich,12345,2,2,log-distance,14,15,veh2,veh3,2,2,0,262.404,1,2.94553,6.7531,-75.0571,21.9192,2,0.004,0.004,0.006
juelich_pilot_d30_r2_log_distance_s02_w1,juelich,12345,2,2,log-distance,14,15,veh3,veh2,2,2,0,262.404,1,6.7531,2.94553,-75.0571,21.9192,2,0.004,0.004,0.006
juelich_pilot_d30_r2_log_distance_s02_w1,juelich,12345,2,2,log-distance,14,15,veh3,veh5,2,0,1,977.297,0,6.7531,1.72683,nan,nan,0,0.004,0.006,0.006
juelich_pilot_d30_r2_log_distance_s02_w1,juelich,12345,2,2,log-distance,14,15,veh4,veh0,2,2,0,439.91,1,6.77096,8.08151,-79.5448,17.4314,2,0.008,0.008,0.006
juelich_pilot_d30_r2_log_distance_s02_w1,juelich,12345,2,2,log-distance,14,15,veh4,veh1,2,2,0,250.027,1,6.77096,8.30695,-74.6374,22.3389,2,0.008,0.006,0.006
juelich_pilot_d30_r2_log_distance_s02_w1,juelich,12345,2,2,log-distance,14,15,veh4,veh5,2,0,1,741.39,0,6.77096,1.72683,nan,nan,0,0.008,0.006,0.006
juelich_pilot_d30_r2_log_distance_s02_w1,juelich,12345,2,2,log-distance,14,15,veh5,veh0,2,2,0,302.679,1,1.72683,8.08151,-76.2972,20.6791,2,0.006,0.008,0.006
juelich_pilot_d30_r2_log_distance_s02_w1,juelich,12345,2,2,log-distance,14,15,veh5,veh1,2,0,1,985.091,0,1.72683,8.30695,nan,nan,0,0.006,0.006,0.006
juelich_pilot_d30_r2_log_distance_s02_w1,juelich,12345,2,2,log-distance,14,15,veh5,veh3,2,0,1,977.297,0,1.72683,6.7531,nan,nan,0,0.006,0.004,0.006
juelich_pilot_d30_r2_log_distance_s02_w1,juelich,12345,2,2,log-distance,14,15,veh5,veh4,2,0,1,741.39,0,1.72683,6.77096,nan,nan,0,0.006,0.008,0.006
juelich_pilot_d30_r2_log_distance_s02_w1,juelich,12345,2,2,log-distance,15,16,veh0,veh1,2,0,1,672.939,0,8.05155,8.31255,nan,nan,0,0.008,0.006,0.006
juelich_pilot_d30_r2_log_distance_s02_w1,juelich,12345,2,2,log-distance,15,16,veh0,veh4,2,2,0,429.308,1,8.05155,7.85127,-79.3329,17.6434,2,0.008,0.008,0.006
juelich_pilot_d30_r2_log_distance_s02_w1,juelich,12345,2,2,log-distance,15,16,veh0,veh5,2,2,0,310.924,1,8.05155,3.79809,-76.5306,20.4457,2,0.008,0.006,0.006
juelich_pilot_d30_r2_log_distance_s02_w1,juelich,12345,2,2,log-distance,15,16,veh1,veh0,2,0,1,672.939,0,8.31255,8.05155,nan,nan,0,0.006,0.008,0.006
juelich_pilot_d30_r2_log_distance_s02_w1,juelich,12345,2,2,log-distance,15,16,veh1,veh4,2,2,0,254.039,1,8.31255,7.85127,-74.7756,22.2007,2,0.006,0.008,0.006
juelich_pilot_d30_r2_log_distance_s02_w1,juelich,12345,2,2,log-distance,15,16,veh1,veh5,2,0,1,983.696,0,8.31255,3.79809,nan,nan,0,0.006,0.006,0.006
juelich_pilot_d30_r2_log_distance_s02_w1,juelich,12345,2,2,log-distance,15,16,veh2,veh3,2,2,0,257.349,1,4.96539,8.82231,-74.8878,22.0885,2,0.004,0.004,0.006
juelich_pilot_d30_r2_log_distance_s02_w1,juelich,12345,2,2,log-distance,15,16,veh3,veh2,2,2,0,257.349,1,8.82231,4.96539,-74.8878,22.0885,2,0.004,0.004,0.006
juelich_pilot_d30_r2_log_distance_s02_w1,juelich,12345,2,2,log-distance,15,16,veh3,veh5,2,0,1,970.064,0,8.82231,3.79809,nan,nan,0,0.004,0.006,0.006
juelich_pilot_d30_r2_log_distance_s02_w1,juelich,12345,2,2,log-distance,15,16,veh4,veh0,2,2,0,429.308,1,7.85127,8.05155,-79.3329,17.6434,2,0.008,0.008,0.006
juelich_pilot_d30_r2_log_distance_s02_w1,juelich,12345,2,2,log-distance,15,16,veh4,veh1,2,2,0,254.039,1,7.85127,8.31255,-74.7756,22.2007,2,0.008,0.006,0.006
juelich_pilot_d30_r2_log_distance_s02_w1,juelich,12345,2,2,log-distance,15,16,veh4,veh5,2,0,1,739.401,0,7.85127,3.79809,nan,nan,0,0.008,0.006,0.006
juelich_pilot_d30_r2_log_distance_s02_w1,juelich,12345,2,2,log-distance,15,16,veh5,veh0,2,2,0,310.924,1,3.79809,8.05155,-76.5306,20.4457,2,0.006,0.008,0.006
juelich_pilot_d30_r2_log_distance_s02_w1,juelich,12345,2,2,log-distance,15,16,veh5,veh1,2,0,1,983.696,0,3.79809,8.31255,nan,nan,0,0.006,0.006,0.006
juelich_pilot_d30_r2_log_distance_s02_w1,juelich,12345,2,2,log-distance,15,16,veh5,veh3,2,0,1,970.064,0,3.79809,8.82231,nan,nan,0,0.006,0.004,0.006
juelich_pilot_d30_r2_log_distance_s02_w1,juelich,12345,2,2,log-distance,15,16,veh5,veh4,2,0,1,739.401,0,3.79809,7.85127,nan,nan,0,0.006,0.008,0.006
juelich_pilot_d30_r2_log_distance_s02_w1,juelich,12345,2,2,log-distance,16,17,veh0,veh1,2,0,1,663.688,0,7.99774,8.35647,nan,nan,0,0.009,0.007,0.00628571
juelich_pilot_d30_r2_log_distance_s02_w1,juelich,12345,2,2,log-distance,16,17,veh0,veh4,2,2,0,418.004,1,7.99774,7.88276,-79.1011,17.8752,2,0.009,0.009,0.00628571
juelich_pilot_d30_r2_log_distance_s02_w1,juelich,12345,2,2,log-distance,16,17,veh0,veh5,2,2,0,320.89,1,7.99774,5.69808,-76.8045,20.1718,2,0.009,0.006,0.00628571
juelich_pilot_d30_r2_log_distance_s02_w1,juelich,12345,2,2,log-distance,16,17,veh0,veh6,1,1,0,517.942,0,7.99591,0.744,-80.9633,16.013,1,0.009,0.005,0.00628571
juelich_pilot_d30_r2_log_distance_s02_w1,juelich,12345,2,2,log-distance,16,17,veh1,veh0,2,0,1,663.688,0,8.35647,7.99774,nan,nan,0,0.007,0.009,0.00628571
juelich_pilot_d30_r2_log_distance_s02_w1,juelich,12345,2,2,log-distance,16,17,veh1,veh4,2,2,0,259.331,1,8.35647,7.88276,-74.9547,22.0216,2,0.007,0.009,0.00628571
juelich_pilot_d30_r2_log_distance_s02_w1,juelich,12345,2,2,log-distance,16,17,veh1,veh5,2,0,1,983.807,0,8.35647,5.69808,nan,nan,0,0.007,0.006,0.00628571
juelich_pilot_d30_r2_log_distance_s02_w1,juelich,12345,2,2,log-distance,16,17,veh1,veh6,1,1,0,206.171,1,8.36125,0.744,-72.9622,24.014,1,0.007,0.005,0.00628571
juelich_pilot_d30_r2_log_distance_s02_w1,juelich,12345,2,2,log-distance,16,17,veh2,veh3,2,2,0,244.76,1,6.74144,10.8735,-74.4518,22.5245,2,0.004,0.004,0.00628571
juelich_pilot_d30_r2_log_distance_s02_w1,juelich,12345,2,2,log-distance,16,17,veh3,veh2,2,2,0,244.76,1,10.8735,6.74144,-74.4518,22.5245,2,0.004,0.004,0.00628571
juelich_pilot_d30_r2_log_distance_s02_w1,juelich,12345,2,2,log-distance,16,17,veh3,veh5,2,0,1,959.869,0,10.8735,5.69808,nan,nan,0,0.004,0.006,0.00628571
juelich_pilot_d30_r2_log_distance_s02_w1,juelich,12345,2,2,log-distance,16,17,veh4,veh0,2,2,0,418.004,1,7.88276,7.99774,-79.1011,17.8752,2,0.009,0.009,0.00628571
juelich_pilot_d30_r2_log_distance_s02_w1,juelich,12345,2,2,log-distance,16,17,veh4,veh1,2,2,0,259.331,1,7.88276,8.35647,-74.9547,22.0216,2,0.009,0.007,0.00628571
juelich_pilot_d30_r2_log_distance_s02_w1,juelich,12345,2,2,log-distance,16,17,veh4,veh5,2,0,1,738.392,0,7.88276,5.69808,nan,nan,0,0.009,0.006,0.00628571
juelich_pilot_d30_r2_log_distance_s02_w1,juelich,12345,2,2,log-distance,16,17,veh4,veh6,1,1,0,110.884,1,7.92862,0.744,-67.5751,29.4012,1,0.009,0.005,0.00628571
juelich_pilot_d30_r2_log_distance_s02_w1,juelich,12345,2,2,log-distance,16,17,veh5,veh0,2,2,0,320.89,1,5.69808,7.99774,-76.8045,20.1718,2,0.006,0.009,0.00628571
juelich_pilot_d30_r2_log_distance_s02_w1,juelich,12345,2,2,log-distance,16,17,veh5,veh1,2,0,1,983.807,0,5.69808,8.35647,nan,nan,0,0.006,0.007,0.00628571
juelich_pilot_d30_r2_log_distance_s02_w1,juelich,12345,2,2,log-distance,16,17,veh5,veh3,2,0,1,959.869,0,5.69808,10.8735,nan,nan,0,0.006,0.004,0.00628571
juelich_pilot_d30_r2_log_distance_s02_w1,juelich,12345,2,2,log-distance,16,17,veh5,veh4,2,0,1,738.392,0,5.69808,7.88276,nan,nan,0,0.006,0.009,0.00628571
juelich_pilot_d30_r2_log_distance_s02_w1,juelich,12345,2,2,log-distance,16,17,veh5,veh6,1,0,1,839.032,0,6.174,0.744,nan,nan,0,0.006,0.005,0.00628571
juelich_pilot_d30_r2_log_distance_s02_w1,juelich,12345,2,2,log-distance,16,17,veh6,veh0,1,1,0,517.942,0,0.744,7.99591,-80.9633,16.013,1,0.005,0.009,0.00628571
juelich_pilot_d30_r2_log_distance_s02_w1,juelich,12345,2,2,log-distance,16,17,veh6,veh1,1,1,0,206.171,1,0.744,8.36125,-72.9622,24.014,1,0.005,0.007,0.00628571
juelich_pilot_d30_r2_log_distance_s02_w1,juelich,12345,2,2,log-distance,16,17,veh6,veh4,1,1,0,110.884,1,0.744,7.92862,-67.5751,29.4012,1,0.005,0.009,0.00628571
juelich_pilot_d30_r2_log_distance_s02_w1,juelich,12345,2,2,log-distance,16,17,veh6,veh5,1,0,1,839.032,0,0.744,6.174,nan,nan,0,0.005,0.006,0.00628571
juelich_pilot_d30_r2_log_distance_s02_w1,juelich,12345,2,2,log-distance,17,18,veh0,veh1,2,0,1,654.699,0,8.01601,8.30061,nan,nan,0,0.01,0.008,0.00714286
juelich_pilot_d30_r2_log_distance_s02_w1,juelich,12345,2,2,log-distance,17,18,veh0,veh4,2,2,0,406.713,1,8.01601,7.91446,-78.8633,18.113,2,0.01,0.01,0.00714286
juelich_pilot_d30_r2_log_distance_s02_w1,juelich,12345,2,2,log-distance,17,18,veh0,veh5,2,2,0,332.437,1,8.01601,7.29407,-77.1115,19.8648,2,0.01,0.006,0.00714286
juelich_pilot_d30_r2_log_distance_s02_w1,juelich,12345,2,2,log-distance,17,18,veh0,veh6,2,2,0,511.547,0,8.01601,2.37093,-80.8553,16.121,2,0.01,0.008,0.00714286
juelich_pilot_d30_r2_log_distance_s02_w1,juelich,12345,2,2,log-distance,17,18,veh1,veh0,2,0,1,654.699,0,8.30061,8.01601,nan,nan,0,0.008,0.01,0.00714286
juelich_pilot_d30_r2_log_distance_s02_w1,juelich,12345,2,2,log-distance,17,18,veh1,veh4,2,2,0,265.184,1,8.30061,7.91446,-75.1485,21.8278,2,0.008,0.01,0.00714286
juelich_pilot_d30_r2_log_distance_s02_w1,juelich,12345,2,2,log-distance,17,18,veh1,veh5,2,0,1,985.209,0,8.30061,7.29407,nan,nan,0,0.008,0.006,0.00714286
juelich_pilot_d30_r2_log_distance_s02_w1,juelich,12345,2,2,log-distance,17,18,veh1,veh6,2,2,0,208.079,1,8.30061,2.37093,-73.0422,23.9341,2,0.008,0.008,0.00714286
juelich_pilot_d30_r2_log_distance_s02_w1,juelich,12345,2,2,log-distance,17,18,veh2,veh3,2,2,0,231.209,1,8.72169,12.547,-73.9567,23.0196,2,0.004,0.004,0.00714286
juelich_pilot_d30_r2_log_distance_s02_w1,juelich,12345,2,2,log-distance,17,18,veh3,veh2,2,2,0,231.209,1,12.547,8.72169,-73.9567,23.0196,2,0.004,0.004,0.00714286
juelich_pilot_d30_r2_log_distance_s02_w1,juelich,12345,2,2,log-distance,17,18,veh3,veh5,2,0,1,951.518,0,12.547,7.29407,nan,nan,0,0.004,0.006,0.00714286
juelich_pilot_d30_r2_log_distance_s02_w1,juelich,12345,2,2,log-distance,17,18,veh4,veh0,2,2,0,406.713,1,7.91446,8.01601,-78.8633,18.113,2,0.01,0.01,0.00714286
juelich_pilot_d30_r2_log_distance_s02_w1,juelich,12345,2,2,log-distance,17,18,veh4,veh1,2,2,0,265.184,1,7.91446,8.30061,-75.1485,21.8278,2,0.01,0.008,0.00714286
juelich_pilot_d30_r2_log_distance_s02_w1,juelich,12345,2,2,log-distance,17,18,veh4,veh5,2,0,1,738.913,0,7.91446,7.29407,nan,nan,0,0.01,0.006,0.00714286
juelich_pilot_d30_r2_log_distance_s02_w1,juelich,12345,2,2,log-distance,17,18,veh4,veh6,2,2,0,110.932,1,7.91446,2.37093,-67.5788,29.3975,2,0.01,0.008,0.00714286
juelich_pilot_d30_r2_log_distance_s02_w1,juelich,12345,2,2,log-distance,17,18,veh5,veh0,2,2,0,332.437,1,7.29407,8.01601,-77.1115,19.8648,2,0.006,0.01,0.00714286
juelich_pilot_d30_r2_log_distance_s02_w1,juelich,12345,2,2,log-distance,17,18,veh5,veh1,2,0,1,985.209,0,7.29407,8.30061,nan,nan,0,0.006,0.008,0.00714286
juelich_pilot_d30_r2_log_distance_s02_w1,juelich,12345,2,2,log-distance,17,18,veh5,veh3,2,0,1,951.518,0,7.29407,12.547,nan,nan,0,0.006,0.004,0.00714286
juelich_pilot_d30_r2_log_distance_s02_w1,juelich,12345,2,2,log-distance,17,18,veh5,veh4,2,0,1,738.913,0,7.29407,7.91446,nan,nan,0,0.006,0.01,0.00714286
juelich_pilot_d30_r2_log_distance_s02_w1,juelich,12345,2,2,log-distance,17,18,veh5,veh6,2,0,1,842.272,0,7.29407,2.37093,nan,nan,0,0.006,0.008,0.00714286
juelich_pilot_d30_r2_log_distance_s02_w1,juelich,12345,2,2,log-distance,17,18,veh6,veh0,2,2,0,511.547,0,2.37093,8.01601,-80.8553,16.121,2,0.008,0.01,0.00714286
juelich_pilot_d30_r2_log_distance_s02_w1,juelich,12345,2,2,log-distance,17,18,veh6,veh1,2,2,0,208.079,1,2.37093,8.30061,-73.0422,23.9341,2,0.008,0.008,0.00714286
juelich_pilot_d30_r2_log_distance_s02_w1,juelich,12345,2,2,log-distance,17,18,veh6,veh4,2,2,0,110.932,1,2.37093,7.91446,-67.5788,29.3975,2,0.008,0.01,0.00714286
juelich_pilot_d30_r2_log_distance_s02_w1,juelich,12345,2,2,log-distance,17,18,veh6,veh5,2,0,1,842.272,0,2.37093,7.29407,nan,nan,0,0.008,0.006,0.00714286
juelich_pilot_d30_r2_log_distance_s02_w1,juelich,12345,2,2,log-distance,18,19,veh0,veh1,2,0,1,646.041,0,8.04363,8.34438,nan,nan,0,0.01,0.008,0.00625
juelich_pilot_d30_r2_log_distance_s02_w1,juelich,12345,2,2,log-distance,18,19,veh0,veh4,2,2,0,395.476,1,8.04363,7.85078,-78.6199,18.3564,2,0.01,0.01,0.00625
juelich_pilot_d30_r2_log_distance_s02_w1,juelich,12345,2,2,log-distance,18,19,veh0,veh5,2,2,0,344.784,1,8.04363,7.47169,-77.4283,19.548,2,0.01,0.006,0.00625
juelich_pilot_d30_r2_log_distance_s02_w1,juelich,12345,2,2,log-distance,18,19,veh0,veh6,2,2,0,501.702,0,8.04363,4.32697,-80.6865,16.2898,2,0.01,0.008,0.00625
juelich_pilot_d30_r2_log_distance_s02_w1,juelich,12345,2,2,log-distance,18,19,veh1,veh0,2,0,1,646.041,0,8.34438,8.04363,nan,nan,0,0.008,0.01,0.00625
juelich_pilot_d30_r2_log_distance_s02_w1,juelich,12345,2,2,log-distance,18,19,veh1,veh4,2,2,0,271.574,1,8.34438,7.85078,-75.3553,21.621,2,0.008,0.01,0.00625
juelich_pilot_d30_r2_log_distance_s02_w1,juelich,12345,2,2,log-distance,18,19,veh1,veh5,2,0,1,987.162,0,8.34438,7.47169,nan,nan,0,0.008,0.006,0.00625
juelich_pilot_d30_r2_log_distance_s02_w1,juelich,12345,2,2,log-distance,18,19,veh1,veh6,2,2,0,210.852,1,8.34438,4.32697,-73.1572,23.8191,2,0.008,0.008,0.00625
juelich_pilot_d30_r2_log_distance_s02_w1,juelich,12345,2,2,log-distance,18,19,veh2,veh3,2,2,0,216.357,1,9.96549,12.7011,-73.3798,23.5965,2,0.004,0.004,0.00625
juelich_pilot_d30_r2_log_distance_s02_w1,juelich,12345,2,2,log-distance,18,19,veh3,veh2,2,2,0,216.357,1,12.7011,9.96549,-73.3798,23.5965,2,0.004,0.004,0.00625
juelich_pilot_d30_r2_log_distance_s02_w1,juelich,12345,2,2,log-distance,18,19,veh3,veh5,2,0,1,942.522,0,12.7011,7.47169,nan,nan,0,0.004,0.006,0.00625
juelich_pilot_d30_r2_log_distance_s02_w1,juelich,12345,2,2,log-distance,18,19,veh4,veh0,2,2,0,395.476,1,7.85078,8.04363,-78.6199,18.3564,2,0.01,0.01,0.00625
juelich_pilot_d30_r2_log_distance_s02_w1,juelich,12345,2,2,log-distance,18,19,veh4,veh1,2,2,0,271.574,1,7.85078,8.34438,-75.3553,21.621,2,0.01,0.008,0.00625
juelich_pilot_d30_r2_log_distance_s02_w1,juelich,12345,2,2,log-distance,18,19,veh4,veh5,2,0,1,740.188,0,7.85078,7.47169,nan,nan,0,0.01,0.006,0.00625
juelich_pilot_d30_r2_log_distance_s02_w1,juelich,12345,2,2,log-distance,18,19,veh4,veh6,2,2,0,109.919,1,7.85078,4.32697,-67.4991,29.4772,2,0.01,0.008,0.00625
juelich_pilot_d30_r2_log_distance_s02_w1,juelich,12345,2,2,log-distance,18,19,veh5,veh0,2,2,0,344.784,1,7.47169,8.04363,-77.4283,19.548,2,0.006,0.01,0.00625
juelich_pilot_d30_r2_log_distance_s02_w1,juelich,12345,2,2,log-distance,18,19,veh5,veh1,2,0,1,987.162,0,7.47169,8.34438,nan,nan,0,0.006,0.008,0.00625
juelich_pilot_d30_r2_log_distance_s02_w1,juelich,12345,2,2,log-distance,18,19,veh5,veh3,2,0,1,942.522,0,7.47169,12.7011,nan,nan,0,0.006,0.004,0.00625
juelich_pilot_d30_r2_log_distance_s02_w1,juelich,12345,2,2,log-distance,18,19,veh5,veh4,2,0,1,740.188,0,7.47169,7.85078,nan,nan,0,0.006,0.01,0.00625
juelich_pilot_d30_r2_log_distance_s02_w1,juelich,12345,2,2,log-distance,18,19,veh5,veh6,2,0,1,845.636,0,7.47169,4.32697,nan,nan,0,0.006,0.008,0.00625
juelich_pilot_d30_r2_log_distance_s02_w1,juelich,12345,2,2,log-distance,18,19,veh6,veh0,2,2,0,501.702,0,4.32697,8.04363,-80.6865,16.2898,2,0.008,0.01,0.00625
juelich_pilot_d30_r2_log_distance_s02_w1,juelich,12345,2,2,log-distance,18,19,veh6,veh1,2,2,0,210.852,1,4.32697,8.34438,-73.1572,23.8191,2,0.008,0.008,0.00625
juelich_pilot_d30_r2_log_distance_s02_w1,juelich,12345,2,2,log-distance,18,19,veh6,veh4,2,2,0,109.919,1,4.32697,7.85078,-67.4991,29.4772,2,0.008,0.01,0.00625
juelich_pilot_d30_r2_log_distance_s02_w1,juelich,12345,2,2,log-distance,18,19,veh6,veh5,2,0,1,845.636,0,4.32697,7.47169,nan,nan,0,0.008,0.006,0.00625
juelich_pilot_d30_r2_log_distance_s02_w1,juelich,12345,2,2,log-distance,19,20,veh0,veh1,2,0,1,637.515,0,8.01925,8.28535,nan,nan,0,0.012,0.008,0.0085
juelich_pilot_d30_r2_log_distance_s02_w1,juelich,12345,2,2,log-distance,19,20,veh0,veh4,2,2,0,384.302,1,8.01925,7.88626,-78.3709,18.6054,2,0.012,0.01,0.0085
juelich_pilot_d30_r2_log_distance_s02_w1,juelich,12345,2,2,log-distance,19,20,veh0,veh5,2,2,0,357.31,1,8.01925,7.40561,-77.7383,19.238,2,0.012,0.008,0.0085
juelich_pilot_d30_r2_log_distance_s02_w1,juelich,12345,2,2,log-distance,19,20,veh0,veh6,2,2,0,490.241,1,8.01925,6.36386,-80.4857,16.4906,2,0.012,0.008,0.0085
juelich_pilot_d30_r2_log_distance_s02_w1,juelich,12345,2,2,log-distance,19,20,veh0,veh7,2,0,1,748.725,0,8.01925,0.833134,nan,nan,0,0.012,0.01,0.0085
juelich_pilot_d30_r2_log_distance_s02_w1,juelich,12345,2,2,log-distance,19,20,veh1,veh0,2,0,1,637.515,0,8.28535,8.01925,nan,nan,0,0.008,0.012,0.0085
juelich_pilot_d30_r2_log_distance_s02_w1,juelich,12345,2,2,log-distance,19,20,veh1,veh4,2,2,0,278.221,1,8.28535,7.88626,-75.5653,21.4109,2,0.008,0.01,0.0085
juelich_pilot_d30_r2_log_distance_s02_w1,juelich,12345,2,2,log-distance,19,20,veh1,veh5,2,0,1,988.901,0,8.28535,7.40561,nan,nan,0,0.008,0.008,0.0085
juelich_pilot_d30_r2_log_distance_s02_w1,juelich,12345,2,2,log-distance,19,20,veh1,veh6,2,2,0,213.576,1,8.28535,6.36386,-73.2687,23.7076,2,0.008,0.008,0.0085
juelich_pilot_d30_r2_log_distance_s02_w1,juelich,12345,2,2,log-distance,19,20,veh2,veh3,2,2,0,201.428,1,9.96126,12.7276,-72.7586,24.2177,2,0.006,0.006,0.0085
juelich_pilot_d30_r2_log_distance_s02_w1,juelich,12345,2,2,log-distance,19,20,veh2,veh5,2,0,1,994.133,0,9.96126,7.40561,nan,nan,0,0.006,0.008,0.0085
juelich_pilot_d30_r2_log_distance_s02_w1,juelich,12345,2,2,log-distance,19,20,veh2,veh7,2,2,0,403.217,1,9.96126,0.833134,-78.7883,18.1879,2,0.006,0.01,0.0085
juelich_pilot_d30_r2_log_distance_s02_w1,juelich,12345,2,2,log-distance,19,20,veh3,veh2,2,2,0,201.428,1,12.7276,9.96126,-72.7586,24.2177,2,0.006,0.006,0.0085
juelich_pilot_d30_r2_log_distance_s02_w1,juelich,12345,2,2,log-distance,19,20,veh3,veh5,2,0,1,933.718,0,12.7276,7.40561,nan,nan,0,0.006,0.008,0.0085
juelich_pilot_d30_r2_log_distance_s02_w1,juelich,12345,2,2,log-distance,19,20,veh3,veh7,2,2,0,397.723,1,12.7276,0.833134,-78.6692,18.307,2,0.006,0.01,0.0085
juelich_pilot_d30_r2_log_distance_s02_w1,juelich,12345,2,2,log-distance,19,20,veh4,veh0,2,2,0,384.302,1,7.88626,8.01925,-78.3709,18.6054,2,0.01,0.012,0.0085
juelich_pilot_d30_r2_log_distance_s02_w1,juelich,12345,2,2,log-distance,19,20,veh4,veh1,2,2,0,278.221,1,7.88626,8.28535,-75.5653,21.4109,2,0.01,0.008,0.0085
juelich_pilot_d30_r2_log_distance_s02_w1,juelich,12345,2,2,log-distance,19,20,veh4,veh5,2,0,1,741.607,0,7.88626,7.40561,nan,nan,0,0.01,0.008,0.0085
juelich_pilot_d30_r2_log_distance_s02_w1,juelich,12345,2,2,log-distance,19,20,veh4,veh6,2,2,0,107.684,1,7.88626,6.36386,-67.3206,29.6557,2,0.01,0.008,0.0085
juelich_pilot_d30_r2_log_distance_s02_w1,juelich,12345,2,2,log-distance,19,20,veh5,veh0,2,2,0,357.31,1,7.40561,8.01925,-77.7383,19.238,2,0.008,0.012,0.0085
juelich_pilot_d30_r2_log_distance_s02_w1,juelich,12345,2,2,log-distance,19,20,veh5,veh1,2,0,1,988.901,0,7.40561,8.28535,nan,nan,0,0.008,0.008,0.0085
juelich_pilot_d30_r2_log_distance_s02_w1,juelich,12345,2,2,log-distance,19,20,veh5,veh2,2,0,1,994.133,0,7.40561,9.96126,nan,nan,0,0.008,0.006,0.0085
juelich_pilot_d30_r2_log_distance_s02_w1,juelich,12345,2,2,log-distance,19,20,veh5,veh3,2,0,1,933.718,0,7.40561,12.7276,nan,nan,0,0.008,0.006,0.0085
juelich_pilot_d30_r2_log_distance_s02_w1,juelich,12345,2,2,log-distance,19,20,veh5,veh4,2,0,1,741.607,0,7.40561,7.88626,nan,nan,0,0.008,0.01,0.0085
juelich_pilot_d30_r2_log_distance_s02_w1,juelich,12345,2,2,log-distance,19,20,veh5,veh6,2,0,1,847.28,0,7.40561,6.36386,nan,nan,0,0.008,0.008,0.0085
juelich_pilot_d30_r2_log_distance_s02_w1,juelich,12345,2,2,log-distance,19,20,veh5,veh7,2,0,1,595.971,0,7.40561,0.833134,nan,nan,0,0.008,0.01,0.0085
juelich_pilot_d30_r2_log_distance_s02_w1,juelich,12345,2,2,log-distance,19,20,veh6,veh0,2,2,0,490.241,1,6.36386,8.01925,-80.4857,16.4906,2,0.008,0.012,0.0085
juelich_pilot_d30_r2_log_distance_s02_w1,juelich,12345,2,2,log-distance,19,20,veh6,veh1,2,2,0,213.576,1,6.36386,8.28535,-73.2687,23.7076,2,0.008,0.008,0.0085
juelich_pilot_d30_r2_log_distance_s02_w1,juelich,12345,2,2,log-distance,19,20,veh6,veh4,2,2,0,107.684,1,6.36386,7.88626,-67.3206,29.6557,2,0.008,0.01,0.0085
juelich_pilot_d30_r2_log_distance_s02_w1,juelich,12345,2,2,log-distance,19,20,veh6,veh5,2,0,1,847.28,0,6.36386,7.40561,nan,nan,0,0.008,0.008,0.0085
juelich_pilot_d30_r2_log_distance_s02_w1,juelich,12345,2,2,log-distance,19,20,veh7,veh0,2,0,1,748.725,0,0.833134,8.01925,nan,nan,0,0.01,0.012,0.0085
juelich_pilot_d30_r2_log_distance_s02_w1,juelich,12345,2,2,log-distance,19,20,veh7,veh2,2,2,0,403.217,1,0.833134,9.96126,-78.7883,18.1879,2,0.01,0.006,0.0085
juelich_pilot_d30_r2_log_distance_s02_w1,juelich,12345,2,2,log-distance,19,20,veh7,veh3,2,2,0,397.723,1,0.833134,12.7276,-78.6692,18.307,2,0.01,0.006,0.0085
juelich_pilot_d30_r2_log_distance_s02_w1,juelich,12345,2,2,log-distance,19,20,veh7,veh5,2,0,1,595.971,0,0.833134,7.40561,nan,nan,0,0.01,0.008,0.0085
juelich_pilot_d30_r2_log_distance_s02_w1,juelich,12345,2,2,log-distance,20,21,veh0,veh1,2,0,1,629.227,0,8.05605,8.30266,nan,nan,0,0.012,0.008,0.0085
juelich_pilot_d30_r2_log_distance_s02_w1,juelich,12345,2,2,log-distance,20,21,veh0,veh4,2,2,0,373.145,1,8.05605,7.83855,-78.115,18.8613,2,0.012,0.01,0.0085
juelich_pilot_d30_r2_log_distance_s02_w1,juelich,12345,2,2,log-distance,20,21,veh0,veh5,2,2,0,370.038,1,8.05605,7.41032,-78.0423,18.934,2,0.012,0.008,0.0085
juelich_pilot_d30_r2_log_distance_s02_w1,juelich,12345,2,2,log-distance,20,21,veh0,veh6,2,2,0,477.246,1,8.05605,8.20142,-80.2523,16.724,2,0.012,0.008,0.0085
juelich_pilot_d30_r2_log_distance_s02_w1,juelich,12345,2,2,log-distance,20,21,veh0,veh7,2,0,1,754.453,0,8.05605,2.9642,nan,nan,0,0.012,0.01,0.0085
juelich_pilot_d30_r2_log_distance_s02_w1,juelich,12345,2,2,log-distance,20,21,veh1,veh0,2,0,1,629.227,0,8.30266,8.05605,nan,nan,0,0.008,0.012,0.0085
juelich_pilot_d30_r2_log_distance_s02_w1,juelich,12345,2,2,log-distance,20,21,veh1,veh4,2,2,0,285.26,1,8.30266,7.83855,-75.7823,21.1939,2,0.008,0.01,0.0085
juelich_pilot_d30_r2_log_distance_s02_w1,juelich,12345,2,2,log-distance,20,21,veh1,veh5,2,0,1,990.564,0,8.30266,7.41032,nan,nan,0,0.008,0.008,0.0085
juelich_pilot_d30_r2_log_distance_s02_w1,juelich,12345,2,2,log-distance,20,21,veh1,veh6,2,2,0,216.33,1,8.30266,8.20142,-73.38,23.5963,2,0.008,0.008,0.0085
juelich_pilot_d30_r2_log_distance_s02_w1,juelich,12345,2,2,log-distance,20,21,veh2,veh3,2,2,0,186.423,1,9.92291,12.7509,-72.086,24.8903,2,0.006,0.006,0.0085
juelich_pilot_d30_r2_log_distance_s02_w1,juelich,12345,2,2,log-distance,20,21,veh2,veh5,2,0,1,978.476,0,9.92291,7.41032,nan,nan,0,0.006,0.008,0.0085
juelich_pilot_d30_r2_log_distance_s02_w1,juelich,12345,2,2,log-distance,20,21,veh2,veh7,2,2,0,395.239,1,9.92291,2.9642,-78.6148,18.3615,2,0.006,0.01,0.0085
juelich_pilot_d30_r2_log_distance_s02_w1,juelich,12345,2,2,log-distance,20,21,veh3,veh2,2,2,0,186.423,1,12.7509,9.92291,-72.086,24.8903,2,0.006,0.006,0.0085
juelich_pilot_d30_r2_log_distance_s02_w1,juelich,12345,2,2,log-distance,20,21,veh3,veh5,2,0,1,925.797,0,12.7509,7.41032,nan,nan,0,0.006,0.008,0.0085
juelich_pilot_d30_r2_log_distance_s02_w1,juelich,12345,2,2,log-distance,20,21,veh3,veh7,2,2,0,393.097,1,12.7509,2.9642,-78.5677,18.4086,2,0.006,0.01,0.0085
juelich_pilot_d30_r2_log_distance_s02_w1,juelich,12345,2,2,log-distance,20,21,veh4,veh0,2,2,0,373.145,1,7.83855,8.05605,-78.115,18.8613,2,0.01,0.012,0.0085
juelich_pilot_d30_r2_log_distance_s02_w1,juelich,12345,2,2,log-distance,20,21,veh4,veh1,2,2,0,285.26,1,7.83855,8.30266,-75.7823,21.1939,2,0.01,0.008,0.0085
juelich_pilot_d30_r2_log_distance_s02_w1,juelich,12345,2,2,log-distance,20,21,veh4,veh5,2,0,1,743.165,0,7.83855,7.41032,nan,nan,0,0.01,0.008,0.0085
juelich_pilot_d30_r2_log_distance_s02_w1,juelich,12345,2,2,log-distance,20,21,veh4,veh6,2,2,0,104.537,1,7.83855,8.20142,-67.0628,29.9135,2,0.01,0.008,0.0085
juelich_pilot_d30_r2_log_distance_s02_w1,juelich,12345,2,2,log-distance,20,21,veh5,veh0,2,2,0,370.038,1,7.41032,8.05605,-78.0423,18.934,2,0.008,0.012,0.0085
juelich_pilot_d30_r2_log_distance_s02_w1,juelich,12345,2,2,log-distance,20,21,veh5,veh1,2,0,1,990.564,0,7.41032,8.30266,nan,nan,0,0.008,0.008,0.0085
juelich_pilot_d30_r2_log_distance_s02_w1,juelich,12345,2,2,log-distance,20,21,veh5,veh2,2,0,1,978.476,0,7.41032,9.92291,nan,nan,0,0.008,0.006,0.0085
juelich_pilot_d30_r2_log_distance_s02_w1,juelich,12345,2,2,log-distance,20,21,veh5,veh3,2,0,1,925.797,0,7.41032,12.7509,nan,nan,0,0.008,0.006,0.0085
juelich_pilot_d30_r2_log_distance_s02_w1,juelich,12345,2,2,log-distance,20,21,veh5,veh4,2,0,1,743.165,0,7.41032,7.83855,nan,nan,0,0.008,0.01,0.0085
juelich_pilot_d30_r2_log_distance_s02_w1,juelich,12345,2,2,log-distance,20,21,veh5,veh6,2,0,1,847.264,0,7.41032,8.20142,nan,nan,0,0.008,0.008,0.0085
juelich_pilot_d30_r2_log_distance_s02_w1,juelich,12345,2,2,log-distance,20,21,veh5,veh7,2,0,1,588.752,0,7.41032,2.9642,nan,nan,0,0.008,0.01,0.0085
juelich_pilot_d30_r2_log_distance_s02_w1,juelich,12345,2,2,log-distance,20,21,veh6,veh0,2,2,0,477.246,1,8.20142,8.05605,-80.2523,16.724,2,0.008,0.012,0.0085
juelich_pilot_d30_r2_log_distance_s02_w1,juelich,12345,2,2,log-distance,20,21,veh6,veh1,2,2,0,216.33,1,8.20142,8.30266,-73.38,23.5963,2,0.008,0.008,0.0085
juelich_pilot_d30_r2_log_distance_s02_w1,juelich,12345,2,2,log-distance,20,21,veh6,veh4,2,2,0,104.537,1,8.20142,7.83855,-67.0628,29.9135,2,0.008,0.01,0.0085
juelich_pilot_d30_r2_log_distance_s02_w1,juelich,12345,2,2,log-distance,20,21,veh6,veh5,2,0,1,847.264,0,8.20142,7.41032,nan,nan,0,0.008,0.008,0.0085
juelich_pilot_d30_r2_log_distance_s02_w1,juelich,12345,2,2,log-distance,20,21,veh7,veh0,2,0,1,754.453,0,2.9642,8.05605,nan,nan,0,0.01,0.012,0.0085
juelich_pilot_d30_r2_log_distance_s02_w1,juelich,12345,2,2,log-distance,20,21,veh7,veh2,2,2,0,395.239,1,2.9642,9.92291,-78.6148,18.3615,2,0.01,0.006,0.0085
juelich_pilot_d30_r2_log_distance_s02_w1,juelich,12345,2,2,log-distance,20,21,veh7,veh3,2,2,0,393.097,1,2.9642,12.7509,-78.5677,18.4086,2,0.01,0.006,0.0085
juelich_pilot_d30_r2_log_distance_s02_w1,juelich,12345,2,2,log-distance,20,21,veh7,veh5,2,0,1,588.752,0,2.9642,7.41032,nan,nan,0,0.01,0.008,0.0085
juelich_pilot_d30_r2_log_distance_s02_w1,juelich,12345,2,2,log-distance,21,22,veh0,veh1,2,0,1,621.228,0,8.00677,8.30589,nan,nan,0,0.012,0.008,0.00755556
juelich_pilot_d30_r2_log_distance_s02_w1,juelich,12345,2,2,log-distance,21,22,veh0,veh4,2,2,0,361.972,1,8.00677,7.91791,-77.8509,19.1254,2,0.012,0.01,0.00755556
juelich_pilot_d30_r2_log_distance_s02_w1,juelich,12345,2,2,log-distance,21,22,veh0,veh5,2,2,0,382.983,1,8.00677,7.40394,-78.341,18.6353,2,0.012,0.008,0.00755556
juelich_pilot_d30_r2_log_distance_s02_w1,juelich,12345,2,2,log-distance,21,22,veh0,veh6,2,2,0,463.565,1,8.00677,8.52341,-79.9997,16.9766,2,0.012,0.008,0.00755556
juelich_pilot_d30_r2_log_distance_s02_w1,juelich,12345,2,2,log-distance,21,22,veh0,veh7,2,0,1,758.121,0,8.00677,5.03752,nan,nan,0,0.012,0.01,0.00755556
juelich_pilot_d30_r2_log_distance_s02_w1,juelich,12345,2,2,log-distance,21,22,veh1,veh0,2,0,1,621.228,0,8.30589,8.00677,nan,nan,0,0.008,0.012,0.00755556
juelich_pilot_d30_r2_log_distance_s02_w1,juelich,12345,2,2,log-distance,21,22,veh1,veh4,2,2,0,292.736,1,8.30589,7.91791,-76.007,20.9692,2,0.008,0.01,0.00755556
juelich_pilot_d30_r2_log_distance_s02_w1,juelich,12345,2,2,log-distance,21,22,veh1,veh5,2,0,1,992.22,0,8.30589,7.40394,nan,nan,0,0.008,0.008,0.00755556
juelich_pilot_d30_r2_log_distance_s02_w1,juelich,12345,2,2,log-distance,21,22,veh1,veh6,2,2,0,219.129,1,8.30589,8.52341,-73.4917,23.4846,2,0.008,0.008,0.00755556
juelich_pilot_d30_r2_log_distance_s02_w1,juelich,12345,2,2,log-distance,21,22,veh2,veh3,2,2,0,171.713,1,9.97631,12.748,-71.3718,25.6045,2,0.006,0.006,0.00755556
juelich_pilot_d30_r2_log_distance_s02_w1,juelich,12345,2,2,log-distance,21,22,veh2,veh5,2,0,1,962.829,0,9.97631,7.40394,nan,nan,0,0.006,0.008,0.00755556
juelich_pilot_d30_r2_log_distance_s02_w1,juelich,12345,2,2,log-distance,21,22,veh2,veh7,2,2,0,389.367,1,9.97631,5.03752,-78.4848,18.4914,2,0.006,0.01,0.00755556
juelich_pilot_d30_r2_log_distance_s02_w1,juelich,12345,2,2,log-distance,21,22,veh3,veh2,2,2,0,171.713,1,12.748,9.97631,-71.3718,25.6045,2,0.006,0.006,0.00755556
juelich_pilot_d30_r2_log_distance_s02_w1,juelich,12345,2,2,log-distance,21,22,veh3,veh5,2,0,1,918.052,0,12.748,7.40394,nan,nan,0,0.006,0.008,0.00755556
juelich_pilot_d30_r2_log_distance_s02_w1,juelich,12345,2,2,log-distance,21,22,veh3,veh7,2,2,0,390.788,1,12.748,5.03752,-78.5165,18.4598,2,0.006,0.01,0.00755556
juelich_pilot_d30_r2_log_distance_s02_w1,juelich,12345,2,2,log-distance,21,22,veh4,veh0,2,2,0,361.972,1,7.91791,8.00677,-77.8509,19.1254,2,0.01,0.012,0.00755556
juelich_pilot_d30_r2_log_distance_s02_w1,juelich,12345,2,2,log-distance,21,22,veh4,veh1,2,2,0,292.736,1,7.91791,8.30589,-76.007,20.9692,2,0.01,0.008,0.00755556
juelich_pilot_d30_r2_log_distance_s02_w1,juelich,12345,2,2,log-distance,21,22,veh4,veh5,2,0,1,744.866,0,7.91791,7.40394,nan,nan,0,0.01,0.008,0.00755556
juelich_pilot_d30_r2_log_distance_s02_w1,juelich,12345,2,2,log-distance,21,22,veh4,veh6,2,2,0,101.635,1,7.91791,8.52341,-66.8184,30.1579,2,0.01,0.008,0.00755556
juelich_pilot_d30_r2_log_distance_s02_w1,juelich,12345,2,2,log-distance,21,22,veh5,veh0,2,2,0,382.983,1,7.40394,8.00677,-78.341,18.6353,2,0.008,0.012,0.00755556
juelich_pilot_d30_r2_log_distance_s02_w1,juelich,12345,2,2,log-distance,21,22,veh5,veh1,2,0,1,992.22,0,7.40394,8.30589,nan,nan,0,0.008,0.008,0.00755556
juelich_pilot_d30_r2_log_distance_s02_w1,juelich,12345,2,2,log-distance,21,22,veh5,veh2,2,0,1,962.829,0,7.40394,9.97631,nan,nan,0,0.008,0.006,0.00755556
juelich_pilot_d30_r2_log_distance_s02_w1,juelich,12345,2,2,log-distance,21,22,veh5,veh3,2,0,1,918.052,0,7.40394,12.748,nan,nan,0,0.008,0.006,0.00755556
juelich_pilot_d30_r2_log_distance_s02_w1,juelich,12345,2,2,log-distance,21,22,veh5,veh4,2,0,1,744.866,0,7.40394,7.91791,nan,nan,0,0.008,0.01,0.00755556
juelich_pilot_d30_r2_log_distance_s02_w1,juelich,12345,2,2,log-distance,21,22,veh5,veh6,2,0,1,846.416,0,7.40394,8.52341,nan,nan,0,0.008,0.008,0.00755556
juelich_pilot_d30_r2_log_distance_s02_w1,juelich,12345,2,2,log-distance,21,22,veh5,veh7,2,2,0,579.573,0,7.40394,5.03752,-81.9398,15.0365,2,0.008,0.01,0.00755556
juelich_pilot_d30_r2_log_distance_s02_w1,juelich,12345,2,2,log-distance,21,22,veh6,veh0,2,2,0,463.565,1,8.52341,8.00677,-79.9997,16.9766,2,0.008,0.012,0.00755556
juelich_pilot_d30_r2_log_distance_s02_w1,juelich,12345,2,2,log-distance,21,22,veh6,veh1,2,2,0,219.129,1,8.52341,8.30589,-73.4917,23.4846,2,0.008,0.008,0.00755556
juelich_pilot_d30_r2_log_distance_s02_w1,juelich,12345,2,2,log-distance,21,22,veh6,veh4,2,2,0,101.635,1,8.52341,7.91791,-66.8184,30.1579,2,0.008,0.01,0.00755556
juelich_pilot_d30_r2_log_distance_s02_w1,juelich,12345,2,2,log-distance,21,22,veh6,veh5,2,0,1,846.416,0,8.52341,7.40394,nan,nan,0,0.008,0.008,0.00755556
juelich_pilot_d30_r2_log_distance_s02_w1,juelich,12345,2,2,log-distance,21,22,veh7,veh0,2,0,1,758.121,0,5.03752,8.00677,nan,nan,0,0.01,0.012,0.00755556
juelich_pilot_d30_r2_log_distance_s02_w1,juelich,12345,2,2,log-distance,21,22,veh7,veh2,2,2,0,389.367,1,5.03752,9.97631,-78.4848,18.4914,2,0.01,0.006,0.00755556
juelich_pilot_d30_r2_log_distance_s02_w1,juelich,12345,2,2,log-distance,21,22,veh7,veh3,2,2,0,390.788,1,5.03752,12.748,-78.5165,18.4598,2,0.01,0.006,0.00755556
juelich_pilot_d30_r2_log_distance_s02_w1,juelich,12345,2,2,log-distance,21,22,veh7,veh5,2,2,0,579.573,0,5.03752,7.40394,-81.9398,15.0365,2,0.01,0.008,0.00755556
juelich_pilot_d30_r2_log_distance_s02_w1,juelich,12345,2,2,log-distance,22,23,veh0,veh1,2,0,1,613.56,0,8.00145,8.29159,nan,nan,0,0.012,0.01,0.00955556
juelich_pilot_d30_r2_log_distance_s02_w1,juelich,12345,2,2,log-distance,22,23,veh0,veh4,2,2,0,350.82,1,8.00145,7.89809,-77.5791,19.3972,2,0.012,0.01,0.00955556
juelich_pilot_d30_r2_log_distance_s02_w1,juelich,12345,2,2,log-distance,22,23,veh0,veh5,2,2,0,396.111,1,8.00145,7.46586,-78.6337,18.3426,2,0.012,0.008,0.00955556
juelich_pilot_d30_r2_log_distance_s02_w1,juelich,12345,2,2,log-distance,22,23,veh0,veh6,2,2,0,450.482,1,8.00145,7.25796,-79.7511,17.2252,2,0.012,0.01,0.00955556
juelich_pilot_d30_r2_log_distance_s02_w1,juelich,12345,2,2,log-distance,22,23,veh0,veh7,2,0,1,759.853,0,8.00145,6.71234,nan,nan,0,0.012,0.01,0.00955556
juelich_pilot_d30_r2_log_distance_s02_w1,juelich,12345,2,2,log-distance,22,23,veh0,veh8,2,0,1,782.1,0,8.00145,1.4965,nan,nan,0,0.012,0.01,0.00955556
juelich_pilot_d30_r2_log_distance_s02_w1,juelich,12345,2,2,log-distance,22,23,veh1,veh0,2,0,1,613.56,0,8.29159,8.00145,nan,nan,0,0.01,0.012,0.00955556
juelich_pilot_d30_r2_log_distance_s02_w1,juelich,12345,2,2,log-distance,22,23,veh1,veh4,2,2,0,300.618,1,8.29159,7.89809,-76.2378,20.7385,2,0.01,0.01,0.00955556
juelich_pilot_d30_r2_log_distance_s02_w1,juelich,12345,2,2,log-distance,22,23,veh1,veh5,2,0,1,993.894,0,8.29159,7.46586,nan,nan,0,0.01,0.008,0.00955556
juelich_pilot_d30_r2_log_distance_s02_w1,juelich,12345,2,2,log-distance,22,23,veh1,veh6,2,2,0,221.913,1,8.29159,7.25796,-73.6013,23.375,2,0.01,0.01,0.00955556
juelich_pilot_d30_r2_log_distance_s02_w1,juelich,12345,2,2,log-distance,22,23,veh2,veh3,2,2,0,157.369,1,7.83612,12.7356,-70.6139,26.3623,2,0.008,0.008,0.00955556
juelich_pilot_d30_r2_log_distance_s02_w1,juelich,12345,2,2,log-distance,22,23,veh2,veh5,2,0,1,947.951,0,7.83612,7.46586,nan,nan,0,0.008,0.008,0.00955556
juelich_pilot_d30_r2_log_distance_s02_w1,juelich,12345,2,2,log-distance,22,23,veh2,veh7,2,2,0,386.172,1,7.83612,6.71234,-78.4133,18.563,2,0.008,0.01,0.00955556
juelich_pilot_d30_r2_log_distance_s02_w1,juelich,12345,2,2,log-distance,22,23,veh2,veh8,2,2,0,355.603,1,7.83612,1.4965,-77.6969,19.2794,2,0.008,0.01,0.00955556
juelich_pilot_d30_r2_log_distance_s02_w1,juelich,12345,2,2,log-distance,22,23,veh3,veh2,2,2,0,157.369,1,12.7356,7.83612,-70.6139,26.3623,2,0.008,0.008,0.00955556
juelich_pilot_d30_r2_log_distance_s02_w1,juelich,12345,2,2,log-distance,22,23,veh3,veh5,2,0,1,910.554,0,12.7356,7.46586,nan,nan,0,0.008,0.008,0.00955556
juelich_pilot_d30_r2_log_distance_s02_w1,juelich,12345,2,2,log-distance,22,23,veh3,veh7,2,2,0,390.737,1,12.7356,6.71234,-78.5154,18.4609,2,0.008,0.01,0.00955556
juelich_pilot_d30_r2_log_distance_s02_w1,juelich,12345,2,2,log-distance,22,23,veh3,veh8,2,2,0,377.33,1,12.7356,1.4965,-78.2121,18.7642,2,0.008,0.01,0.00955556
juelich_pilot_d30_r2_log_distance_s02_w1,juelich,12345,2,2,log-distance,22,23,veh4,veh0,2,2,0,350.82,1,7.89809,8.00145,-77.5791,19.3972,2,0.01,0.012,0.00955556
juelich_pilot_d30_r2_log_distance_s02_w1,juelich,12345,2,2,log-distance,22,23,veh4,veh1,2,2,0,300.618,1,7.89809,8.29159,-76.2378,20.7385,2,0.01,0.01,0.00955556
juelich_pilot_d30_r2_log_distance_s02_w1,juelich,12345,2,2,log-distance,22,23,veh4,veh5,2,0,1,746.731,0,7.89809,7.46586,nan,nan,0,0.01,0.008,0.00955556
juelich_pilot_d30_r2_log_distance_s02_w1,juelich,12345,2,2,log-distance,22,23,veh4,veh6,2,2,0,100.351,1,7.89809,7.25796,-66.7081,30.2682,2,0.01,0.01,0.00955556
juelich_pilot_d30_r2_log_distance_s02_w1,juelich,12345,2,2,log-distance,22,23,veh5,veh0,2,2,0,396.111,1,7.46586,8.00145,-78.6337,5.66802,2,0.008,0.012,0.00955556
juelich_pilot_d30_r2_log_distance_s02_w1,juelich,12345,2,2,log-distance,22,23,veh5,veh1,2,0,1,993.894,0,7.46586,8.29159,nan,nan,0,0.008,0.01,0.00955556
juelich_pilot_d30_r2_log_distance_s02_w1,juelich,12345,2,2,log-distance,22,23,veh5,veh2,2,0,1,947.951,0,7.46586,7.83612,nan,nan,0,0.008,0.008,0.00955556
juelich_pilot_d30_r2_log_distance_s02_w1,juelich,12345,2,2,log-distance,22,23,veh5,veh3,2,0,1,910.554,0,7.46586,12.7356,nan,nan,0,0.008,0.008,0.00955556
juelich_pilot_d30_r2_log_distance_s02_w1,juelich,12345,2,2,log-distance,22,23,veh5,veh4,2,0,1,746.731,0,7.46586,7.89809,nan,nan,0,0.008,0.01,0.00955556
juelich_pilot_d30_r2_log_distance_s02_w1,juelich,12345,2,2,log-distance,22,23,veh5,veh6,2,0,1,845.987,0,7.46586,7.25796,nan,nan,0,0.008,0.01,0.00955556
juelich_pilot_d30_r2_log_distance_s02_w1,juelich,12345,2,2,log-distance,22,23,veh5,veh7,2,0,1,568.669,0,7.46586,6.71234,nan,nan,0,0.008,0.01,0.00955556
juelich_pilot_d30_r2_log_distance_s02_w1,juelich,12345,2,2,log-distance,22,23,veh5,veh8,2,0,1,608.763,0,7.46586,1.4965,nan,nan,0,0.008,0.01,0.00955556
juelich_pilot_d30_r2_log_distance_s02_w1,juelich,12345,2,2,log-distance,22,23,veh6,veh0,2,2,0,450.482,1,7.25796,8.00145,-79.7511,17.2252,2,0.01,0.012,0.00955556
juelich_pilot_d30_r2_log_distance_s02_w1,juelich,12345,2,2,log-distance,22,23,veh6,veh1,2,2,0,221.913,1,7.25796,8.29159,-73.6013,23.375,2,0.01,0.01,0.00955556
juelich_pilot_d30_r2_log_distance_s02_w1,juelich,12345,2,2,log-distance,22,23,veh6,veh4,2,2,0,100.351,1,7.25796,7.89809,-66.7081,30.2682,2,0.01,0.01,0.00955556
juelich_pilot_d30_r2_log_distance_s02_w1,juelich,12345,2,2,log-distance,22,23,veh6,veh5,2,0,1,845.987,0,7.25796,7.46586,nan,nan,0,0.01,0.008,0.00955556
juelich_pilot_d30_r2_log_distance_s02_w1,juelich,12345,2,2,log-distance,22,23,veh7,veh0,2,0,1,759.853,0,6.71234,8.00145,nan,nan,0,0.01,0.012,0.00955556
juelich_pilot_d30_r2_log_distance_s02_w1,juelich,12345,2,2,log-distance,22,23,veh7,veh2,2,2,0,386.172,1,6.71234,7.83612,-78.4133,18.563,2,0.01,0.008,0.00955556
juelich_pilot_d30_r2_log_distance_s02_w1,juelich,12345,2,2,log-distance,22,23,veh7,veh3,2,2,0,390.737,1,6.71234,12.7356,-78.5154,18.4609,2,0.01,0.008,0.00955556
juelich_pilot_d30_r2_log_distance_s02_w1,juelich,12345,2,2,log-distance,22,23,veh7,veh5,2,2,0,568.669,0,6.71234,7.46586,-81.7748,15.2015,2,0.01,0.008,0.00955556
juelich_pilot_d30_r2_log_distance_s02_w1,juelich,12345,2,2,log-distance,22,23,veh7,veh8,2,2,0,47.0372,1,6.71234,1.4965,-60.1231,36.8532,2,0.01,0.01,0.00955556
juelich_pilot_d30_r2_log_distance_s02_w1,juelich,12345,2,2,log-distance,22,23,veh8,veh0,2,0,1,782.1,0,1.4965,8.00145,nan,nan,0,0.01,0.012,0.00955556
juelich_pilot_d30_r2_log_distance_s02_w1,juelich,12345,2,2,log-distance,22,23,veh8,veh2,2,2,0,355.603,1,1.4965,7.83612,-77.6969,8.16662,2,0.01,0.008,0.00955556
juelich_pilot_d30_r2_log_distance_s02_w1,juelich,12345,2,2,log-distance,22,23,veh8,veh3,2,2,0,377.33,1,1.4965,12.7356,-78.2121,7.32796,2,0.01,0.008,0.00955556
juelich_pilot_d30_r2_log_distance_s02_w1,juelich,12345,2,2,log-distance,22,23,veh8,veh5,2,0,1,608.763,0,1.4965,7.46586,nan,nan,0,0.01,0.008,0.00955556
juelich_pilot_d30_r2_log_distance_s02_w1,juelich,12345,2,2,log-distance,22,23,veh8,veh7,2,2,0,47.0372,1,1.4965,6.71234,-60.1231,21.5226,2,0.01,0.01,0.00955556
juelich_pilot_d30_r2_log_distance_s02_w1,juelich,12345,2,2,log-distance,23,24,veh0,veh1,2,0,1,606.217,0,8.04733,8.34525,nan,nan,0,0.012,0.01,0.00955556
juelich_pilot_d30_r2_log_distance_s02_w1,juelich,12345,2,2,log-distance,23,24,veh0,veh4,2,2,0,339.677,1,8.04733,7.87218,-77.2987,19.6776,2,0.012,0.01,0.00955556
juelich_pilot_d30_r2_log_distance_s02_w1,juelich,12345,2,2,log-distance,23,24,veh0,veh5,2,2,0,409.386,1,8.04733,7.48459,-78.9201,18.0562,2,0.012,0.008,0.00955556
juelich_pilot_d30_r2_log_distance_s02_w1,juelich,12345,2,2,log-distance,23,24,veh0,veh6,2,2,0,440.042,1,8.04733,4.08612,-79.5475,17.4288,2,0.012,0.01,0.00955556
juelich_pilot_d30_r2_log_distance_s02_w1,juelich,12345,2,2,log-distance,23,24,veh0,veh7,2,0,1,762.223,0,8.04733,3.71896,nan,nan,0,0.012,0.01,0.00955556
juelich_pilot_d30_r2_log_distance_s02_w1,juelich,12345,2,2,log-distance,23,24,veh0,veh8,2,0,1,789.308,0,8.04733,3.561,nan,nan,0,0.012,0.01,0.00955556
juelich_pilot_d30_r2_log_distance_s02_w1,juelich,12345,2,2,log-distance,23,24,veh1,veh0,2,0,1,606.217,0,8.34525,8.04733,nan,nan,0,0.01,0.012,0.00955556
juelich_pilot_d30_r2_log_distance_s02_w1,juelich,12345,2,2,log-distance,23,24,veh1,veh4,2,2,0,308.861,1,8.34525,7.87218,-76.4728,20.5035,2,0.01,0.01,0.00955556
juelich_pilot_d30_r2_log_distance_s02_w1,juelich,12345,2,2,log-distance,23,24,veh1,veh5,2,0,1,995.532,0,8.34525,7.48459,nan,nan,0,0.01,0.008,0.00955556
juelich_pilot_d30_r2_log_distance_s02_w1,juelich,12345,2,2,log-distance,23,24,veh1,veh6,2,2,0,224.191,1,8.34525,4.08612,-73.6901,23.2862,2,0.01,0.01,0.00955556
juelich_pilot_d30_r2_log_distance_s02_w1,juelich,12345,2,2,log-distance,23,24,veh2,veh3,2,2,0,143.917,1,3.33612,12.7578,-69.8377,27.1386,2,0.008,0.008,0.00955556
juelich_pilot_d30_r2_log_distance_s02_w1,juelich,12345,2,2,log-distance,23,24,veh2,veh5,2,0,1,936.91,0,3.33612,7.48459,nan,nan,0,0.008,0.008,0.00955556
juelich_pilot_d30_r2_log_distance_s02_w1,juelich,12345,2,2,log-distance,23,24,veh2,veh7,2,2,0,386.248,1,3.33612,3.71896,-78.415,18.5613,2,0.008,0.01,0.00955556
juelich_pilot_d30_r2_log_distance_s02_w1,juelich,12345,2,2,log-distance,23,24,veh2,veh8,2,2,0,350.344,1,3.33612,3.561,-77.5676,19.4087,2,0.008,0.01,0.00955556
juelich_pilot_d30_r2_log_distance_s02_w1,juelich,12345,2,2,log-distance,23,24,veh3,veh2,2,2,0,143.917,1,12.7578,3.33612,-69.8377,27.1386,2,0.008,0.008,0.00955556
juelich_pilot_d30_r2_log_distance_s02_w1,juelich,12345,2,2,log-distance,23,24,veh3,veh5,2,0,1,903.276,0,12.7578,7.48459,nan,nan,0,0.008,0.008,0.00955556
juelich_pilot_d30_r2_log_distance_s02_w1,juelich,12345,2,2,log-distance,23,24,veh3,veh7,2,2,0,390.45,1,12.7578,3.71896,-78.509,18.4673,2,0.008,0.01,0.00955556
juelich_pilot_d30_r2_log_distance_s02_w1,juelich,12345,2,2,log-distance,23,24,veh3,veh8,2,2,0,371.533,1,12.7578,3.561,-78.0776,18.8987,2,0.008,0.01,0.00955556
juelich_pilot_d30_r2_log_distance_s02_w1,juelich,12345,2,2,log-distance,23,24,veh4,veh0,2,2,0,339.677,1,7.87218,8.04733,-77.2987,19.6776,2,0.01,0.012,0.00955556
juelich_pilot_d30_r2_log_distance_s02_w1,juelich,12345,2,2,log-distance,23,24,veh4,veh1,2,2,0,308.861,1,7.87218,8.34525,-76.4728,20.5035,2,0.01,0.01,0.00955556
juelich_pilot_d30_r2_log_distance_s02_w1,juelich,12345,2,2,log-distance,23,24,veh4,veh5,2,0,1,748.724,0,7.87218,7.48459,nan,nan,0,0.01,0.008,0.00955556
juelich_pilot_d30_r2_log_distance_s02_w1,juelich,12345,2,2,log-distance,23,24,veh4,veh6,2,2,0,102.468,1,7.87218,4.08612,-66.8889,30.0874,2,0.01,0.01,0.00955556
juelich_pilot_d30_r2_log_distance_s02_w1,juelich,12345,2,2,log-distance,23,24,veh5,veh0,2,2,0,409.386,1,7.48459,8.04733,-78.9201,5.45702,2,0.008,0.012,0.00955556
juelich_pilot_d30_r2_log_distance_s02_w1,juelich,12345,2,2,log-distance,23,24,veh5,veh1,2,0,1,995.532,0,7.48459,8.34525,nan,nan,0,0.008,0.01,0.00955556
juelich_pilot_d30_r2_log_distance_s02_w1,juelich,12345,2,2,log-distance,23,24,veh5,veh2,2,0,1,936.91,0,7.48459,3.33612,nan,nan,0,0.008,0.008,0.00955556
juelich_pilot_d30_r2_log_distance_s02_w1,juelich,12345,2,2,log-distance,23,24,veh5,veh3,2,0,1,903.276,0,7.48459,12.7578,nan,nan,0,0.008,0.008,0.00955556
juelich_pilot_d30_r2_log_distance_s02_w1,juelich,12345,2,2,log-distance,23,24,veh5,veh4,2,0,1,748.724,0,7.48459,7.87218,nan,nan,0,0.008,0.01,0.00955556
juelich_pilot_d30_r2_log_distance_s02_w1,juelich,12345,2,2,log-distance,23,24,veh5,veh6,2,0,1,848.053,0,7.48459,4.08612,nan,nan,0,0.008,0.01,0.00955556
juelich_pilot_d30_r2_log_distance_s02_w1,juelich,12345,2,2,log-distance,23,24,veh5,veh7,2,0,1,558.356,0,7.48459,3.71896,nan,nan,0,0.008,0.01,0.00955556
juelich_pilot_d30_r2_log_distance_s02_w1,juelich,12345,2,2,log-distance,23,24,veh5,veh8,2,0,1,604.754,0,7.48459,3.561,nan,nan,0,0.008,0.01,0.00955556
juelich_pilot_d30_r2_log_distance_s02_w1,juelich,12345,2,2,log-distance,23,24,veh6,veh0,2,2,0,440.042,1,4.08612,8.04733,-79.5475,17.4288,2,0.01,0.012,0.00955556
juelich_pilot_d30_r2_log_distance_s02_w1,juelich,12345,2,2,log-distance,23,24,veh6,veh1,2,2,0,224.191,1,4.08612,8.34525,-73.6901,23.2862,2,0.01,0.01,0.00955556
juelich_pilot_d30_r2_log_distance_s02_w1,juelich,12345,2,2,log-distance,23,24,veh6,veh4,2,2,0,102.468,1,4.08612,7.87218,-66.8889,30.0874,2,0.01,0.01,0.00955556
juelich_pilot_d30_r2_log_distance_s02_w1,juelich,12345,2,2,log-distance,23,24,veh6,veh5,2,0,1,848.053,0,4.08612,7.48459,nan,nan,0,0.01,0.008,0.00955556
juelich_pilot_d30_r2_log_distance_s02_w1,juelich,12345,2,2,log-distance,23,24,veh7,veh0,2,0,1,762.223,0,3.71896,8.04733,nan,nan,0,0.01,0.012,0.00955556
juelich_pilot_d30_r2_log_distance_s02_w1,juelich,12345,2,2,log-distance,23,24,veh7,veh2,2,2,0,386.248,1,3.71896,3.33612,-78.415,18.5613,2,0.01,0.008,0.00955556
juelich_pilot_d30_r2_log_distance_s02_w1,juelich,12345,2,2,log-distance,23,24,veh7,veh3,2,2,0,390.45,1,3.71896,12.7578,-78.509,18.4673,2,0.01,0.008,0.00955556
juelich_pilot_d30_r2_log_distance_s02_w1,juelich,12345,2,2,log-distance,23,24,veh7,veh5,2,2,0,558.356,0,3.71896,7.48459,-81.6159,15.3604,2,0.01,0.008,0.00955556
juelich_pilot_d30_r2_log_distance_s02_w1,juelich,12345,2,2,log-distance,23,24,veh7,veh8,2,2,0,52.4327,1,3.71896,3.561,-61.0673,35.909,2,0.01,0.01,0.00955556
juelich_pilot_d30_r2_log_distance_s02_w1,juelich,12345,2,2,log-distance,23,24,veh8,veh0,2,0,1,789.308,0,3.561,8.04733,nan,nan,0,0.01,0.012,0.00955556
juelich_pilot_d30_r2_log_distance_s02_w1,juelich,12345,2,2,log-distance,23,24,veh8,veh2,2,2,0,350.344,1,3.561,3.33612,-77.5676,8.202,2,0.01,0.008,0.00955556
juelich_pilot_d30_r2_log_distance_s02_w1,juelich,12345,2,2,log-distance,23,24,veh8,veh3,2,2,0,371.533,1,3.561,12.7578,-78.0776,7.3977,2,0.01,0.008,0.00955556
juelich_pilot_d30_r2_log_distance_s02_w1,juelich,12345,2,2,log-distance,23,24,veh8,veh5,2,0,1,604.754,0,3.561,7.48459,nan,nan,0,0.01,0.008,0.00955556
juelich_pilot_d30_r2_log_distance_s02_w1,juelich,12345,2,2,log-distance,23,24,veh8,veh7,2,2,0,52.4327,1,3.561,3.71896,-61.0673,20.424,2,0.01,0.01,0.00955556
juelich_pilot_d30_r2_log_distance_s02_w1,juelich,12345,2,2,log-distance,24,25,veh0,veh1,2,0,1,599.218,0,7.99805,8.31587,nan,nan,0,0.013,0.011,0.00995714
juelich_pilot_d30_r2_log_distance_s02_w1,juelich,12345,2,2,log-distance,24,25,veh0,veh4,2,2,0,329.145,1,7.99805,4.97504,-77.0252,19.9511,2,0.013,0.011,0.00995714
juelich_pilot_d30_r2_log_distance_s02_w1,juelich,12345,2,2,log-distance,24,25,veh0,veh5,2,2,0,422.596,1,7.99805,7.4793,-79.1959,17.7803,2,0.013,0.009,0.00995714
juelich_pilot_d30_r2_log_distance_s02_w1,juelich,12345,2,2,log-distance,24,25,veh0,veh6,2,2,0,435.185,1,7.99805,3.79832,-79.4512,17.5251,2,0.013,0.011,0.00995714
juelich_pilot_d30_r2_log_distance_s02_w1,juelich,12345,2,2,log-distance,24,25,veh0,veh7,2,0,1,768.201,0,7.99805,0.191735,nan,nan,0,0.013,0.01,0.00995714
juelich_pilot_d30_r2_log_distance_s02_w1,juelich,12345,2,2,log-distance,24,25,veh0,veh8,2,0,1,796.213,0,7.99805,5.56141,nan,nan,0,0.013,0.01,0.00995714
juelich_pilot_d30_r2_log_distance_s02_w1,juelich,12345,2,2,log-distance,24,25,veh0,veh9,1,1,0,386.112,1,8.00523,0.505473,-78.412,18.5643,1,0.013,0.00857143,0.00995714
juelich_pilot_d30_r2_log_distance_s02_w1,juelich,12345,2,2,log-distance,24,25,veh1,veh0,2,0,1,599.218,0,8.31587,7.99805,nan,nan,0,0.011,0.013,0.00995714
juelich_pilot_d30_r2_log_distance_s02_w1,juelich,12345,2,2,log-distance,24,25,veh1,veh4,2,2,0,316.245,1,8.31587,4.97504,-76.6781,20.2982,2,0.011,0.011,0.00995714
juelich_pilot_d30_r2_log_distance_s02_w1,juelich,12345,2,2,log-distance,24,25,veh1,veh5,2,0,1,996.876,0,8.31587,7.4793,nan,nan,0,0.011,0.009,0.00995714
juelich_pilot_d30_r2_log_distance_s02_w1,juelich,12345,2,2,log-distance,24,25,veh1,veh6,2,2,0,224.469,1,8.31587,3.79832,-73.7008,23.2755,2,0.011,0.011,0.00995714
juelich_pilot_d30_r2_log_distance_s02_w1,juelich,12345,2,2,log-distance,24,25,veh1,veh9,1,1,0,219.978,1,8.36409,0.505473,-73.5253,23.451,1,0.011,0.00857143,0.00995714
juelich_pilot_d30_r2_log_distance_s02_w1,juelich,12345,2,2,log-distance,24,25,veh2,veh3,2,2,0,131.276,1,0.00321135,12.7239,-69.039,27.9373,2,0.008,0.008,0.00995714
juelich_pilot_d30_r2_log_distance_s02_w1,juelich,12345,2,2,log-distance,24,25,veh2,veh5,2,0,1,929.754,0,0.00321135,7.4793,nan,nan,0,0.008,0.009,0.00995714
juelich_pilot_d30_r2_log_distance_s02_w1,juelich,12345,2,2,log-distance,24,25,veh2,veh7,2,2,0,386.379,1,0.00321135,0.191735,-78.418,18.5583,2,0.008,0.01,0.00995714
juelich_pilot_d30_r2_log_distance_s02_w1,juelich,12345,2,2,log-distance,24,25,veh2,veh8,2,2,0,349.294,1,0.00321135,5.56141,-77.5415,19.4348,2,0.008,0.01,0.00995714
juelich_pilot_d30_r2_log_distance_s02_w1,juelich,12345,2,2,log-distance,24,25,veh3,veh2,2,2,0,131.276,1,12.7239,0.00321135,-69.039,27.9373,2,0.008,0.008,0.00995714
juelich_pilot_d30_r2_log_distance_s02_w1,juelich,12345,2,2,log-distance,24,25,veh3,veh5,2,0,1,896.128,0,12.7239,7.4793,nan,nan,0,0.008,0.009,0.00995714
juelich_pilot_d30_r2_log_distance_s02_w1,juelich,12345,2,2,log-distance,24,25,veh3,veh7,2,2,0,387.145,1,12.7239,0.191735,-78.4352,18.5411,2,0.008,0.01,0.00995714
juelich_pilot_d30_r2_log_distance_s02_w1,juelich,12345,2,2,log-distance,24,25,veh3,veh8,2,2,0,366.746,1,12.7239,5.56141,-77.965,19.0113,2,0.008,0.01,0.00995714
juelich_pilot_d30_r2_log_distance_s02_w1,juelich,12345,2,2,log-distance,24,25,veh4,veh0,2,2,0,329.145,1,4.97504,7.99805,-77.0252,19.9511,2,0.011,0.013,0.00995714
juelich_pilot_d30_r2_log_distance_s02_w1,juelich,12345,2,2,log-distance,24,25,veh4,veh1,2,2,0,316.245,1,4.97504,8.31587,-76.6781,20.2982,2,0.011,0.011,0.00995714
juelich_pilot_d30_r2_log_distance_s02_w1,juelich,12345,2,2,log-distance,24,25,veh4,veh5,2,0,1,751.192,0,4.97504,7.4793,nan,nan,0,0.011,0.009,0.00995714
juelich_pilot_d30_r2_log_distance_s02_w1,juelich,12345,2,2,log-distance,24,25,veh4,veh6,2,2,0,109.434,1,4.97504,3.79832,-67.4596,29.5167,2,0.011,0.011,0.00995714
juelich_pilot_d30_r2_log_distance_s02_w1,juelich,12345,2,2,log-distance,24,25,veh4,veh9,1,1,0,187.131,1,3.85417,0.505473,-72.1206,24.8557,1,0.011,0.00857143,0.00995714
juelich_pilot_d30_r2_log_distance_s02_w1,juelich,12345,2,2,log-distance,24,25,veh5,veh0,2,2,0,422.596,1,7.4793,7.99805,-79.1959,5.25261,2,0.009,0.013,0.00995714
juelich_pilot_d30_r2_log_distance_s02_w1,juelich,12345,2,2,log-distance,24,25,veh5,veh1,2,0,1,996.876,0,7.4793,8.31587,nan,nan,0,0.009,0.011,0.00995714
juelich_pilot_d30_r2_log_distance_s02_w1,juelich,12345,2,2,log-distance,24,25,veh5,veh2,2,0,1,929.754,0,7.4793,0.00321135,nan,nan,0,0.009,0.008,0.00995714
juelich_pilot_d30_r2_log_distance_s02_w1,juelich,12345,2,2,log-distance,24,25,veh5,veh3,2,0,1,896.128,0,7.4793,12.7239,nan,nan,0,0.009,0.008,0.00995714
juelich_pilot_d30_r2_log_distance_s02_w1,juelich,12345,2,2,log-distance,24,25,veh5,veh4,2,0,1,751.192,0,7.4793,4.97504,nan,nan,0,0.009,0.011,0.00995714
juelich_pilot_d30_r2_log_distance_s02_w1,juelich,12345,2,2,log-distance,24,25,veh5,veh6,2,0,1,855.419,0,7.4793,3.79832,nan,nan,0,0.009,0.011,0.00995714
juelich_pilot_d30_r2_log_distance_s02_w1,juelich,12345,2,2,log-distance,24,25,veh5,veh7,2,0,1,552.104,0,7.4793,0.191735,nan,nan,0,0.009,0.01,0.00995714
juelich_pilot_d30_r2_log_distance_s02_w1,juelich,12345,2,2,log-distance,24,25,veh5,veh8,2,0,1,601.322,0,7.4793,5.56141,nan,nan,0,0.009,0.01,0.00995714
juelich_pilot_d30_r2_log_distance_s02_w1,juelich,12345,2,2,log-distance,24,25,veh5,veh9,1,0,1,777.376,0,7.51981,0.505473,nan,nan,0,0.009,0.00857143,0.00995714
juelich_pilot_d30_r2_log_distance_s02_w1,juelich,12345,2,2,log-distance,24,25,veh6,veh0,2,2,0,435.185,1,3.79832,7.99805,-79.4512,17.5251,2,0.011,0.013,0.00995714
juelich_pilot_d30_r2_log_distance_s02_w1,juelich,12345,2,2,log-distance,24,25,veh6,veh1,2,2,0,224.469,1,3.79832,8.31587,-73.7008,23.2755,2,0.011,0.011,0.00995714
juelich_pilot_d30_r2_log_distance_s02_w1,juelich,12345,2,2,log-distance,24,25,veh6,veh4,2,2,0,109.434,1,3.79832,4.97504,-67.4596,29.5167,2,0.011,0.011,0.00995714
juelich_pilot_d30_r2_log_distance_s02_w1,juelich,12345,2,2,log-distance,24,25,veh6,veh5,2,0,1,855.419,0,3.79832,7.4793,nan,nan,0,0.011,0.009,0.00995714
juelich_pilot_d30_r2_log_distance_s02_w1,juelich,12345,2,2,log-distance,24,25,veh6,veh9,1,1,0,181.957,1,3.8506,0.505473,-71.8771,25.0992,1,0.011,0.00857143,0.00995714
juelich_pilot_d30_r2_log_distance_s02_w1,juelich,12345,2,2,log-distance,24,25,veh7,veh0,2,0,1,768.201,0,0.191735,7.99805,nan,nan,0,0.01,0.013,0.00995714
juelich_pilot_d30_r2_log_distance_s02_w1,juelich,12345,2,2,log-distance,24,25,veh7,veh2,2,2,0,386.379,1,0.191735,0.00321135,-78.418,18.5583,2,0.01,0.008,0.00995714
juelich_pilot_d30_r2_log_distance_s02_w1,juelich,12345,2,2,log-distance,24,25,veh7,veh3,2,2,0,387.145,1,0.191735,12.7239,-78.4352,18.5411,2,0.01,0.008,0.00995714
juelich_pilot_d30_r2_log_distance_s02_w1,juelich,12345,2,2,log-distance,24,25,veh7,veh5,2,2,0,552.104,0,0.191735,7.4793,-81.5181,15.4582,2,0.01,0.009,0.00995714
juelich_pilot_d30_r2_log_distance_s02_w1,juelich,12345,2,2,log-distance,24,25,veh7,veh8,2,2,0,55.6767,1,0.191735,5.56141,-61.5911,35.3852,2,0.01,0.01,0.00995714
juelich_pilot_d30_r2_log_distance_s02_w1,juelich,12345,2,2,log-distance,24,25,veh7,veh9,1,0,1,931.101,0,0,0.505473,nan,nan,0,0.01,0.00857143,0.00995714
juelich_pilot_d30_r2_log_distance_s02_w1,juelich,12345,2,2,log-distance,24,25,veh8,veh0,2,0,1,796.213,0,5.56141,7.99805,nan,nan,0,0.01,0.013,0.00995714
juelich_pilot_d30_r2_log_distance_s02_w1,juelich,12345,2,2,log-distance,24,25,veh8,veh2,2,2,0,349.294,1,5.56141,0.00321135,-77.5415,8.16648,2,0.01,0.008,0.00995714
juelich_pilot_d30_r2_log_distance_s02_w1,juelich,12345,2,2,log-distance,24,25,veh8,veh3,2,2,0,366.746,1,5.56141,12.7239,-77.965,7.44617,2,0.01,0.008,0.00995714
juelich_pilot_d30_r2_log_distance_s02_w1,juelich,12345,2,2,log-distance,24,25,veh8,veh5,2,0,1,601.322,0,5.56141,7.4793,nan,nan,0,0.01,0.009,0.00995714
juelich_pilot_d30_r2_log_distance_s02_w1,juelich,12345,2,2,log-distance,24,25,veh8,veh7,2,2,0,55.6767,1,5.56141,0.191735,-61.5911,19.8051,2,0.01,0.01,0.00995714
juelich_pilot_d30_r2_log_distance_s02_w1,juelich,12345,2,2,log-distance,24,25,veh8,veh9,1,0,1,937.285,0,6.07866,0.505473,nan,nan,0,0.01,0.00857143,0.00995714
juelich_pilot_d30_r2_log_distance_s02_w1,juelich,12345,2,2,log-distance,24,25,veh9,veh0,1,1,0,386.112,1,0.505473,8.00523,-78.412,18.5643,1,0.00857143,0.013,0.00995714
juelich_pilot_d30_r2_log_distance_s02_w1,juelich,12345,2,2,log-distance,24,25,veh9,veh1,1,1,0,219.978,1,0.505473,8.36409,-73.5253,23.451,1,0.00857143,0.011,0.00995714
juelich_pilot_d30_r2_log_distance_s02_w1,juelich,12345,2,2,log-distance,24,25,veh9,veh4,1,1,0,187.131,1,0.505473,3.85417,-72.1206,24.8557,1,0.00857143,0.011,0.00995714
juelich_pilot_d30_r2_log_distance_s02_w1,juelich,12345,2,2,log-distance,24,25,veh9,veh5,1,0,1,777.376,0,0.505473,7.51981,nan,nan,0,0.00857143,0.009,0.00995714
juelich_pilot_d30_r2_log_distance_s02_w1,juelich,12345,2,2,log-distance,24,25,veh9,veh6,1,1,0,181.957,1,0.505473,3.8506,-71.8771,25.0992,1,0.00857143,0.011,0.00995714
juelich_pilot_d30_r2_log_distance_s02_w1,juelich,12345,2,2,log-distance,24,25,veh9,veh7,1,0,1,931.101,0,0.505473,0,nan,nan,0,0.00857143,0.01,0.00995714
juelich_pilot_d30_r2_log_distance_s02_w1,juelich,12345,2,2,log-distance,24,25,veh9,veh8,1,0,1,937.285,0,0.505473,6.07866,nan,nan,0,0.00857143,0.01,0.00995714
juelich_pilot_d30_r2_log_distance_s02_w1,juelich,12345,2,2,log-distance,25,26,veh0,veh1,2,0,1,592.604,0,7.99122,8.27268,nan,nan,0,0.014,0.012,0.0108
juelich_pilot_d30_r2_log_distance_s02_w1,juelich,12345,2,2,log-distance,25,26,veh0,veh4,2,2,0,320.995,1,7.99122,0.806252,-76.8075,20.1687,2,0.014,0.012,0.0108
juelich_pilot_d30_r2_log_distance_s02_w1,juelich,12345,2,2,log-distance,25,26,veh0,veh5,2,2,0,435.887,1,7.99122,7.40374,-79.4649,17.5114,2,0.014,0.01,0.0108
juelich_pilot_d30_r2_log_distance_s02_w1,juelich,12345,2,2,log-distance,25,26,veh0,veh6,2,2,0,432.605,1,7.99122,5.44821,-79.3995,17.5768,2,0.014,0.012,0.0108
juelich_pilot_d30_r2_log_distance_s02_w1,juelich,12345,2,2,log-distance,25,26,veh0,veh7,2,0,1,775.61,0,7.99122,0,nan,nan,0,0.014,0.01,0.0108
juelich_pilot_d30_r2_log_distance_s02_w1,juelich,12345,2,2,log-distance,25,26,veh0,veh8,2,0,1,802.803,0,7.99122,7.12948,nan,nan,0,0.014,0.01,0.0108
juelich_pilot_d30_r2_log_distance_s02_w1,juelich,12345,2,2,log-distance,25,26,veh0,veh9,2,2,0,383.905,1,7.99122,2.13962,-78.3622,18.6141,2,0.014,0.012,0.0108
juelich_pilot_d30_r2_log_distance_s02_w1,juelich,12345,2,2,log-distance,25,26,veh1,veh0,2,0,1,592.604,0,8.27268,7.99122,nan,nan,0,0.012,0.014,0.0108
juelich_pilot_d30_r2_log_distance_s02_w1,juelich,12345,2,2,log-distance,25,26,veh1,veh4,2,2,0,319.875,1,8.27268,0.806252,-76.7773,20.199,2,0.012,0.012,0.0108
juelich_pilot_d30_r2_log_distance_s02_w1,juelich,12345,2,2,log-distance,25,26,veh1,veh5,2,0,1,998.18,0,8.27268,7.40374,nan,nan,0,0.012,0.01,0.0108
juelich_pilot_d30_r2_log_distance_s02_w1,juelich,12345,2,2,log-distance,25,26,veh1,veh6,2,2,0,227.276,1,8.27268,5.44821,-73.8087,23.1676,2,0.012,0.012,0.0108
juelich_pilot_d30_r2_log_distance_s02_w1,juelich,12345,2,2,log-distance,25,26,veh1,veh9,2,2,0,216.328,1,8.27268,2.13962,-73.3798,23.5965,2,0.012,0.012,0.0108
juelich_pilot_d30_r2_log_distance_s02_w1,juelich,12345,2,2,log-distance,25,26,veh2,veh3,2,2,0,118.896,1,0,12.7493,-68.1781,28.7982,2,0.008,0.008,0.0108
juelich_pilot_d30_r2_log_distance_s02_w1,juelich,12345,2,2,log-distance,25,26,veh2,veh5,2,0,1,923.766,0,0,7.40374,nan,nan,0,0.008,0.01,0.0108
juelich_pilot_d30_r2_log_distance_s02_w1,juelich,12345,2,2,log-distance,25,26,veh2,veh7,2,2,0,386.238,1,0,0,-78.4148,18.5615,2,0.008,0.01,0.0108
juelich_pilot_d30_r2_log_distance_s02_w1,juelich,12345,2,2,log-distance,25,26,veh2,veh8,2,2,0,349.622,1,0,7.12948,-77.5497,19.4266,2,0.008,0.01,0.0108
juelich_pilot_d30_r2_log_distance_s02_w1,juelich,12345,2,2,log-distance,25,26,veh3,veh2,2,2,0,118.896,1,12.7493,0,-68.1781,28.7982,2,0.008,0.008,0.0108
juelich_pilot_d30_r2_log_distance_s02_w1,juelich,12345,2,2,log-distance,25,26,veh3,veh5,2,0,1,889.285,0,12.7493,7.40374,nan,nan,0,0.008,0.01,0.0108
juelich_pilot_d30_r2_log_distance_s02_w1,juelich,12345,2,2,log-distance,25,26,veh3,veh7,2,2,0,382.741,1,12.7493,0,-78.3358,18.6405,2,0.008,0.01,0.0108
juelich_pilot_d30_r2_log_distance_s02_w1,juelich,12345,2,2,log-distance,25,26,veh3,veh8,2,2,0,362.848,1,12.7493,7.12948,-77.8722,19.1041,2,0.008,0.01,0.0108
juelich_pilot_d30_r2_log_distance_s02_w1,juelich,12345,2,2,log-distance,25,26,veh4,veh0,2,2,0,320.995,1,0.806252,7.99122,-76.8075,20.1687,2,0.012,0.014,0.0108
juelich_pilot_d30_r2_log_distance_s02_w1,juelich,12345,2,2,log-distance,25,26,veh4,veh1,2,2,0,319.875,1,0.806252,8.27268,-76.7773,20.199,2,0.012,0.012,0.0108
juelich_pilot_d30_r2_log_distance_s02_w1,juelich,12345,2,2,log-distance,25,26,veh4,veh5,2,0,1,755.904,0,0.806252,7.40374,nan,nan,0,0.012,0.01,0.0108
juelich_pilot_d30_r2_log_distance_s02_w1,juelich,12345,2,2,log-distance,25,26,veh4,veh6,2,2,0,114.602,1,0.806252,5.44821,-67.8612,29.1151,2,0.012,0.012,0.0108
juelich_pilot_d30_r2_log_distance_s02_w1,juelich,12345,2,2,log-distance,25,26,veh4,veh9,2,2,0,187.72,1,0.806252,2.13962,-72.1479,24.8284,2,0.012,0.012,0.0108
juelich_pilot_d30_r2_log_distance_s02_w1,juelich,12345,2,2,log-distance,25,26,veh5,veh0,2,2,0,435.887,1,7.40374,7.99122,-79.4649,5.05119,2,0.01,0.014,0.0108
juelich_pilot_d30_r2_log_distance_s02_w1,juelich,12345,2,2,log-distance,25,26,veh5,veh1,2,0,1,998.18,0,7.40374,8.27268,nan,nan,0,0.01,0.012,0.0108
juelich_pilot_d30_r2_log_distance_s02_w1,juelich,12345,2,2,log-distance,25,26,veh5,veh2,2,0,1,923.766,0,7.40374,0,nan,nan,0,0.01,0.008,0.0108
juelich_pilot_d30_r2_log_distance_s02_w1,juelich,12345,2,2,log-distance,25,26,veh5,veh3,2,0,1,889.285,0,7.40374,12.7493,nan,nan,0,0.01,0.008,0.0108
juelich_pilot_d30_r2_log_distance_s02_w1,juelich,12345,2,2,log-distance,25,26,veh5,veh4,2,0,1,755.904,0,7.40374,0.806252,nan,nan,0,0.01,0.012,0.0108
juelich_pilot_d30_r2_log_distance_s02_w1,juelich,12345,2,2,log-distance,25,26,veh5,veh6,2,0,1,865.266,0,7.40374,5.44821,nan,nan,0,0.01,0.012,0.0108
juelich_pilot_d30_r2_log_distance_s02_w1,juelich,12345,2,2,log-distance,25,26,veh5,veh7,2,0,1,547.257,0,7.40374,0,nan,nan,0,0.01,0.01,0.0108
juelich_pilot_d30_r2_log_distance_s02_w1,juelich,12345,2,2,log-distance,25,26,veh5,veh8,2,0,1,598.725,0,7.40374,7.12948,nan,nan,0,0.01,0.01,0.0108
juelich_pilot_d30_r2_log_distance_s02_w1,juelich,12345,2,2,log-distance,25,26,veh5,veh9,2,0,1,781.869,0,7.40374,2.13962,nan,nan,0,0.01,0.012,0.0108
juelich_pilot_d30_r2_log_distance_s02_w1,juelich,12345,2,2,log-distance,25,26,veh6,veh0,2,2,0,432.605,1,5.44821,7.99122,-79.3995,17.5768,2,0.012,0.014,0.0108
juelich_pilot_d30_r2_log_distance_s02_w1,juelich,12345,2,2,log-distance,25,26,veh6,veh1,2,2,0,227.276,1,5.44821,8.27268,-73.8087,23.1676,2,0.012,0.012,0.0108
juelich_pilot_d30_r2_log_distance_s02_w1,juelich,12345,2,2,log-distance,25,26,veh6,veh4,2,2,0,114.602,1,5.44821,0.806252,-67.8612,29.1151,2,0.012,0.012,0.0108
juelich_pilot_d30_r2_log_distance_s02_w1,juelich,12345,2,2,log-distance,25,26,veh6,veh5,2,0,1,865.266,0,5.44821,7.40374,nan,nan,0,0.012,0.01,0.0108
juelich_pilot_d30_r2_log_distance_s02_w1,juelich,12345,2,2,log-distance,25,26,veh6,veh9,2,2,0,184.246,1,5.44821,2.13962,-71.9856,24.9907,2,0.012,0.012,0.0108
juelich_pilot_d30_r2_log_distance_s02_w1,juelich,12345,2,2,log-distance,25,26,veh7,veh0,2,0,1,775.61,0,0,7.99122,nan,nan,0,0.01,0.014,0.0108
juelich_pilot_d30_r2_log_distance_s02_w1,juelich,12345,2,2,log-distance,25,26,veh7,veh2,2,2,0,386.238,1,0,0,-78.4148,18.5615,2,0.01,0.008,0.0108
juelich_pilot_d30_r2_log_distance_s02_w1,juelich,12345,2,2,log-distance,25,26,veh7,veh3,2,2,0,382.741,1,0,12.7493,-78.3358,18.6405,2,0.01,0.008,0.0108
juelich_pilot_d30_r2_log_distance_s02_w1,juelich,12345,2,2,log-distance,25,26,veh7,veh5,2,2,0,547.257,0,0,7.40374,-81.4415,15.5348,2,0.01,0.01,0.0108
juelich_pilot_d30_r2_log_distance_s02_w1,juelich,12345,2,2,log-distance,25,26,veh7,veh8,2,2,0,59.4905,1,0,7.12948,-62.1642,34.8121,2,0.01,0.01,0.0108
juelich_pilot_d30_r2_log_distance_s02_w1,juelich,12345,2,2,log-distance,25,26,veh7,veh9,2,0,1,932.242,0,0,2.13962,nan,nan,0,0.01,0.012,0.0108
juelich_pilot_d30_r2_log_distance_s02_w1,juelich,12345,2,2,log-distance,25,26,veh8,veh0,2,0,1,802.803,0,7.12948,7.99122,nan,nan,0,0.01,0.014,0.0108
juelich_pilot_d30_r2_log_distance_s02_w1,juelich,12345,2,2,log-distance,25,26,veh8,veh2,2,2,0,349.622,1,7.12948,0,-77.5497,8.10636,2,0.01,0.008,0.0108
juelich_pilot_d30_r2_log_distance_s02_w1,juelich,12345,2,2,log-distance,25,26,veh8,veh3,2,2,0,362.848,1,7.12948,12.7493,-77.8722,7.47699,2,0.01,0.008,0.0108
juelich_pilot_d30_r2_log_distance_s02_w1,juelich,12345,2,2,log-distance,25,26,veh8,veh5,2,0,1,598.725,0,7.12948,7.40374,nan,nan,0,0.01,0.01,0.0108
juelich_pilot_d30_r2_log_distance_s02_w1,juelich,12345,2,2,log-distance,25,26,veh8,veh7,2,2,0,59.4905,1,7.12948,0,-62.1642,19.1575,2,0.01,0.01,0.0108
juelich_pilot_d30_r2_log_distance_s02_w1,juelich,12345,2,2,log-distance,25,26,veh8,veh9,2,0,1,935.672,0,7.12948,2.13962,nan,nan,0,0.01,0.012,0.0108
juelich_pilot_d30_r2_log_distance_s02_w1,juelich,12345,2,2,log-distance,25,26,veh9,veh0,2,2,0,383.905,1,2.13962,7.99122,-78.3622,18.6141,2,0.012,0.014,0.0108
juelich_pilot_d30_r2_log_distance_s02_w1,juelich,12345,2,2,log-distance,25,26,veh9,veh1,2,2,0,216.328,1,2.13962,8.27268,-73.3798,23.5965,2,0.012,0.012,0.0108
juelich_pilot_d30_r2_log_distance_s02_w1,juelich,12345,2,2,log-distance,25,26,veh9,veh4,2,2,0,187.72,1,2.13962,0.806252,-72.1479,24.8284,2,0.012,0.012,0.0108
juelich_pilot_d30_r2_log_distance_s02_w1,juelich,12345,2,2,log-distance,25,26,veh9,veh5,2,0,1,781.869,0,2.13962,7.40374,nan,nan,0,0.012,0.01,0.0108
juelich_pilot_d30_r2_log_distance_s02_w1,juelich,12345,2,2,log-distance,25,26,veh9,veh6,2,2,0,184.246,1,2.13962,5.44821,-71.9856,24.9907,2,0.012,0.012,0.0108
juelich_pilot_d30_r2_log_distance_s02_w1,juelich,12345,2,2,log-distance,25,26,veh9,veh7,2,0,1,932.242,0,2.13962,0,nan,nan,0,0.012,0.01,0.0108
juelich_pilot_d30_r2_log_distance_s02_w1,juelich,12345,2,2,log-distance,25,26,veh9,veh8,2,0,1,935.672,0,2.13962,7.12948,nan,nan,0,0.012,0.01,0.0108
juelich_pilot_d30_r2_log_distance_s02_w1,juelich,12345,2,2,log-distance,26,27,veh0,veh1,2,0,1,586.378,0,8.07622,8.35641,nan,nan,0,0.014,0.012,0.0108
juelich_pilot_d30_r2_log_distance_s02_w1,juelich,12345,2,2,log-distance,26,27,veh0,veh4,2,2,0,314.3,1,8.07622,0,-76.6245,20.3518,2,0.014,0.012,0.0108
juelich_pilot_d30_r2_log_distance_s02_w1,juelich,12345,2,2,log-distance,26,27,veh0,veh5,2,2,0,449.333,1,8.07622,7.51443,-79.7288,17.2475,2,0.014,0.01,0.0108
juelich_pilot_d30_r2_log_distance_s02_w1,juelich,12345,2,2,log-distance,26,27,veh0,veh6,2,2,0,431.417,1,8.07622,7.44667,-79.3756,17.6006,2,0.014,0.012,0.0108
juelich_pilot_d30_r2_log_distance_s02_w1,juelich,12345,2,2,log-distance,26,27,veh0,veh7,2,0,1,783.101,0,8.07622,0.83263,nan,nan,0,0.014,0.01,0.0108
juelich_pilot_d30_r2_log_distance_s02_w1,juelich,12345,2,2,log-distance,26,27,veh0,veh8,2,0,1,809.345,0,8.07622,7.12665,nan,nan,0,0.014,0.01,0.0108
juelich_pilot_d30_r2_log_distance_s02_w1,juelich,12345,2,2,log-distance,26,27,veh0,veh9,2,2,0,381.789,1,8.07622,4.16721,-78.3142,18.6621,2,0.014,0.012,0.0108
juelich_pilot_d30_r2_log_distance_s02_w1,juelich,12345,2,2,log-distance,26,27,veh1,veh0,2,0,1,586.378,0,8.35641,8.07622,nan,nan,0,0.012,0.014,0.0108
juelich_pilot_d30_r2_log_distance_s02_w1,juelich,12345,2,2,log-distance,26,27,veh1,veh4,2,2,0,321.369,1,8.35641,0,-76.8178,20.1585,2,0.012,0.012,0.0108
juelich_pilot_d30_r2_log_distance_s02_w1,juelich,12345,2,2,log-distance,26,27,veh1,veh5,2,0,1,999.508,0,8.35641,7.51443,nan,nan,0,0.012,0.01,0.0108
juelich_pilot_d30_r2_log_distance_s02_w1,juelich,12345,2,2,log-distance,26,27,veh1,veh6,2,2,0,231.391,1,8.35641,7.44667,-73.9645,23.0118,2,0.012,0.012,0.0108
juelich_pilot_d30_r2_log_distance_s02_w1,juelich,12345,2,2,log-distance,26,27,veh1,veh9,2,2,0,210.583,1,8.35641,4.16721,-73.1459,23.8303,2,0.012,0.012,0.0108
juelich_pilot_d30_r2_log_distance_s02_w1,juelich,12345,2,2,log-distance,26,27,veh2,veh3,2,2,0,107.64,1,0,12.7683,-67.3145,29.6618,2,0.008,0.008,0.0108
juelich_pilot_d30_r2_log_distance_s02_w1,juelich,12345,2,2,log-distance,26,27,veh2,veh5,2,0,1,917.804,0,0,7.51443,nan,nan,0,0.008,0.01,0.0108
juelich_pilot_d30_r2_log_distance_s02_w1,juelich,12345,2,2,log-distance,26,27,veh2,veh7,2,2,0,386.504,1,0,0.83263,-78.4208,18.5555,2,0.008,0.01,0.0108
juelich_pilot_d30_r2_log_distance_s02_w1,juelich,12345,2,2,log-distance,26,27,veh2,veh8,2,2,0,350.119,1,0,7.12665,-77.562,19.4143,2,0.008,0.01,0.0108
juelich_pilot_d30_r2_log_distance_s02_w1,juelich,12345,2,2,log-distance,26,27,veh3,veh2,2,2,0,107.64,1,12.7683,0,-67.3145,29.6618,2,0.008,0.008,0.0108
juelich_pilot_d30_r2_log_distance_s02_w1,juelich,12345,2,2,log-distance,26,27,veh3,veh5,2,0,1,882.192,0,12.7683,7.51443,nan,nan,0,0.008,0.01,0.0108
juelich_pilot_d30_r2_log_distance_s02_w1,juelich,12345,2,2,log-distance,26,27,veh3,veh7,2,2,0,378.338,1,12.7683,0.83263,-78.2353,18.741,2,0.008,0.01,0.0108
juelich_pilot_d30_r2_log_distance_s02_w1,juelich,12345,2,2,log-distance,26,27,veh3,veh8,2,2,0,359.214,1,12.7683,7.12665,-77.7847,19.1916,2,0.008,0.01,0.0108
juelich_pilot_d30_r2_log_distance_s02_w1,juelich,12345,2,2,log-distance,26,27,veh4,veh0,2,2,0,314.3,1,0,8.07622,-76.6245,20.3518,2,0.012,0.014,0.0108
juelich_pilot_d30_r2_log_distance_s02_w1,juelich,12345,2,2,log-distance,26,27,veh4,veh1,2,2,0,321.369,1,0,8.35641,-76.8178,20.1585,2,0.012,0.012,0.0108
juelich_pilot_d30_r2_log_distance_s02_w1,juelich,12345,2,2,log-distance,26,27,veh4,veh5,2,0,1,761.969,0,0,7.51443,nan,nan,0,0.012,0.01,0.0108
juelich_pilot_d30_r2_log_distance_s02_w1,juelich,12345,2,2,log-distance,26,27,veh4,veh6,2,2,0,119.045,1,0,7.44667,-68.1914,28.7849,2,0.012,0.012,0.0108
juelich_pilot_d30_r2_log_distance_s02_w1,juelich,12345,2,2,log-distance,26,27,veh4,veh9,2,2,0,186.251,1,0,4.16721,-72.0796,24.8967,2,0.012,0.012,0.0108
juelich_pilot_d30_r2_log_distance_s02_w1,juelich,12345,2,2,log-distance,26,27,veh5,veh0,2,2,0,449.333,1,7.51443,8.07622,-79.7288,4.85376,2,0.01,0.014,0.0108
juelich_pilot_d30_r2_log_distance_s02_w1,juelich,12345,2,2,log-distance,26,27,veh5,veh1,2,0,1,999.508,0,7.51443,8.35641,nan,nan,0,0.01,0.012,0.0108
juelich_pilot_d30_r2_log_distance_s02_w1,juelich,12345,2,2,log-distance,26,27,veh5,veh2,2,0,1,917.804,0,7.51443,0,nan,nan,0,0.01,0.008,0.0108
juelich_pilot_d30_r2_log_distance_s02_w1,juelich,12345,2,2,log-distance,26,27,veh5,veh3,2,0,1,882.192,0,7.51443,12.7683,nan,nan,0,0.01,0.008,0.0108
juelich_pilot_d30_r2_log_distance_s02_w1,juelich,12345,2,2,log-distance,26,27,veh5,veh4,2,0,1,761.969,0,7.51443,0,nan,nan,0,0.01,0.012,0.0108
juelich_pilot_d30_r2_log_distance_s02_w1,juelich,12345,2,2,log-distance,26,27,veh5,veh6,2,0,1,876.704,0,7.51443,7.44667,nan,nan,0,0.01,0.012,0.0108
juelich_pilot_d30_r2_log_distance_s02_w1,juelich,12345,2,2,log-distance,26,27,veh5,veh7,2,0,1,541.649,0,7.51443,0.83263,nan,nan,0,0.01,0.01,0.0108
juelich_pilot_d30_r2_log_distance_s02_w1,juelich,12345,2,2,log-distance,26,27,veh5,veh8,2,0,1,596.605,0,7.51443,7.12665,nan,nan,0,0.01,0.01,0.0108
juelich_pilot_d30_r2_log_distance_s02_w1,juelich,12345,2,2,log-distance,26,27,veh5,veh9,2,0,1,789.151,0,7.51443,4.16721,nan,nan,0,0.01,0.012,0.0108
juelich_pilot_d30_r2_log_distance_s02_w1,juelich,12345,2,2,log-distance,26,27,veh6,veh0,2,2,0,431.417,1,7.44667,8.07622,-79.3756,17.6006,2,0.012,0.014,0.0108
juelich_pilot_d30_r2_log_distance_s02_w1,juelich,12345,2,2,log-distance,26,27,veh6,veh1,2,2,0,231.391,1,7.44667,8.35641,-73.9645,23.0118,2,0.012,0.012,0.0108
juelich_pilot_d30_r2_log_distance_s02_w1,juelich,12345,2,2,log-distance,26,27,veh6,veh4,2,2,0,119.045,1,7.44667,0,-68.1914,28.7849,2,0.012,0.012,0.0108
juelich_pilot_d30_r2_log_distance_s02_w1,juelich,12345,2,2,log-distance,26,27,veh6,veh5,2,0,1,876.704,0,7.44667,7.51443,nan,nan,0,0.012,0.01,0.0108
juelich_pilot_d30_r2_log_distance_s02_w1,juelich,12345,2,2,log-distance,26,27,veh6,veh9,2,2,0,187.277,1,7.44667,4.16721,-72.1273,24.849,2,0.012,0.012,0.0108
juelich_pilot_d30_r2_log_distance_s02_w1,juelich,12345,2,2,log-distance,26,27,veh7,veh0,2,0,1,783.101,0,0.83263,8.07622,nan,nan,0,0.01,0.014,0.0108
juelich_pilot_d30_r2_log_distance_s02_w1,juelich,12345,2,2,log-distance,26,27,veh7,veh2,2,2,0,386.504,1,0.83263,0,-78.4208,18.5555,2,0.01,0.008,0.0108
juelich_pilot_d30_r2_log_distance_s02_w1,juelich,12345,2,2,log-distance,26,27,veh7,veh3,2,2,0,378.338,1,0.83263,12.7683,-78.2353,18.741,2,0.01,0.008,0.0108
juelich_pilot_d30_r2_log_distance_s02_w1,juelich,12345,2,2,log-distance,26,27,veh7,veh5,2,2,0,541.649,0,0.83263,7.51443,-81.352,15.6243,2,0.01,0.01,0.0108
juelich_pilot_d30_r2_log_distance_s02_w1,juelich,12345,2,2,log-distance,26,27,veh7,veh8,2,2,0,65.4269,1,0.83263,7.12665,-62.9902,33.9861,2,0.01,0.01,0.0108
juelich_pilot_d30_r2_log_distance_s02_w1,juelich,12345,2,2,log-distance,26,27,veh7,veh9,2,0,1,935.245,0,0.83263,4.16721,nan,nan,0,0.01,0.012,0.0108
juelich_pilot_d30_r2_log_distance_s02_w1,juelich,12345,2,2,log-distance,26,27,veh8,veh0,2,0,1,809.345,0,7.12665,8.07622,nan,nan,0,0.01,0.014,0.0108
juelich_pilot_d30_r2_log_distance_s02_w1,juelich,12345,2,2,log-distance,26,27,veh8,veh2,2,2,0,350.119,1,7.12665,0,-77.562,8.04192,2,0.01,0.008,0.0108
juelich_pilot_d30_r2_log_distance_s02_w1,juelich,12345,2,2,log-distance,26,27,veh8,veh3,2,2,0,359.214,1,7.12665,12.7683,-77.7847,7.49961,2,0.01,0.008,0.0108
juelich_pilot_d30_r2_log_distance_s02_w1,juelich,12345,2,2,log-distance,26,27,veh8,veh5,2,0,1,596.605,0,7.12665,7.51443,nan,nan,0,0.01,0.01,0.0108
juelich_pilot_d30_r2_log_distance_s02_w1,juelich,12345,2,2,log-distance,26,27,veh8,veh7,2,2,0,65.4269,1,7.12665,0.83263,-62.9902,18.2445,2,0.01,0.01,0.0108
juelich_pilot_d30_r2_log_distance_s02_w1,juelich,12345,2,2,log-distance,26,27,veh8,veh9,2,0,1,935.097,0,7.12665,4.16721,nan,nan,0,0.01,0.012,0.0108
juelich_pilot_d30_r2_log_distance_s02_w1,juelich,12345,2,2,log-distance,26,27,veh9,veh0,2,2,0,381.789,1,4.16721,8.07622,-78.3142,18.6621,2,0.012,0.014,0.0108
juelich_pilot_d30_r2_log_distance_s02_w1,juelich,12345,2,2,log-distance,26,27,veh9,veh1,2,2,0,210.583,1,4.16721,8.35641,-73.1459,23.8303,2,0.012,0.012,0.0108
juelich_pilot_d30_r2_log_distance_s02_w1,juelich,12345,2,2,log-distance,26,27,veh9,veh4,2,2,0,186.251,1,4.16721,0,-72.0796,24.8967,2,0.012,0.012,0.0108
juelich_pilot_d30_r2_log_distance_s02_w1,juelich,12345,2,2,log-distance,26,27,veh9,veh5,2,0,1,789.151,0,4.16721,7.51443,nan,nan,0,0.012,0.01,0.0108
juelich_pilot_d30_r2_log_distance_s02_w1,juelich,12345,2,2,log-distance,26,27,veh9,veh6,2,2,0,187.277,1,4.16721,7.44667,-72.1273,24.849,2,0.012,0.012,0.0108
juelich_pilot_d30_r2_log_distance_s02_w1,juelich,12345,2,2,log-distance,26,27,veh9,veh7,2,0,1,935.245,0,4.16721,0.83263,nan,nan,0,0.012,0.01,0.0108
juelich_pilot_d30_r2_log_distance_s02_w1,juelich,12345,2,2,log-distance,26,27,veh9,veh8,2,0,1,935.097,0,4.16721,7.12665,nan,nan,0,0.012,0.01,0.0108
juelich_pilot_d30_r2_log_distance_s02_w1,juelich,12345,2,2,log-distance,27,28,veh0,veh1,2,2,0,580.787,0,8.03018,8.36272,-81.958,15.0183,2,0.016,0.014,0.012
juelich_pilot_d30_r2_log_distance_s02_w1,juelich,12345,2,2,log-distance,27,28,veh0,veh10,2,2,0,420.893,1,8.03018,0.586933,-79.1611,17.8152,2,0.016,0.014,0.012
juelich_pilot_d30_r2_log_distance_s02_w1,juelich,12345,2,2,log-distance,27,28,veh0,veh4,2,2,0,307.728,1,8.03018,0,-76.4409,20.5354,2,0.016,0.014,0.012
juelich_pilot_d30_r2_log_distance_s02_w1,juelich,12345,2,2,log-distance,27,28,veh0,veh5,2,2,0,462.917,1,8.03018,7.42796,-79.9875,16.9888,2,0.016,0.01,0.012
juelich_pilot_d30_r2_log_distance_s02_w1,juelich,12345,2,2,log-distance,27,28,veh0,veh6,2,2,0,431.531,1,8.03018,8.45881,-79.3779,17.5983,2,0.016,0.014,0.012
juelich_pilot_d30_r2_log_distance_s02_w1,juelich,12345,2,2,log-distance,27,28,veh0,veh7,2,0,1,788.881,0,8.03018,2.93187,nan,nan,0,0.016,0.01,0.012
juelich_pilot_d30_r2_log_distance_s02_w1,juelich,12345,2,2,log-distance,27,28,veh0,veh8,2,0,1,815.918,0,8.03018,7.12572,nan,nan,0,0.016,0.01,0.012
juelich_pilot_d30_r2_log_distance_s02_w1,juelich,12345,2,2,log-distance,27,28,veh0,veh9,2,2,0,380.604,1,8.03018,6.0987,-78.2872,18.6891,2,0.016,0.014,0.012
juelich_pilot_d30_r2_log_distance_s02_w1,juelich,12345,2,2,log-distance,27,28,veh1,veh0,2,2,0,580.787,0,8.36272,8.03018,-81.958,15.0183,2,0.014,0.016,0.012
juelich_pilot_d30_r2_log_distance_s02_w1,juelich,12345,2,2,log-distance,27,28,veh1,veh10,2,2,0,234.696,1,8.36272,0.586933,-74.0877,22.8885,2,0.014,0.014,0.012
juelich_pilot_d30_r2_log_distance_s02_w1,juelich,12345,2,2,log-distance,27,28,veh1,veh4,2,2,0,323.219,1,8.36272,0,-76.8676,20.1087,2,0.014,0.014,0.012
juelich_pilot_d30_r2_log_distance_s02_w1,juelich,12345,2,2,log-distance,27,28,veh1,veh6,2,2,0,236.868,1,8.36272,8.45881,-74.1677,22.8086,2,0.014,0.014,0.012
juelich_pilot_d30_r2_log_distance_s02_w1,juelich,12345,2,2,log-distance,27,28,veh1,veh9,2,2,0,204.256,1,8.36272,6.0987,-72.8809,24.0954,2,0.014,0.014,0.012
juelich_pilot_d30_r2_log_distance_s02_w1,juelich,12345,2,2,log-distance,27,28,veh10,veh0,2,2,0,420.893,1,0.586933,8.03018,-79.1611,17.8152,2,0.014,0.016,0.012
juelich_pilot_d30_r2_log_distance_s02_w1,juelich,12345,2,2,log-distance,27,28,veh10,veh1,2,2,0,234.696,1,0.586933,8.36272,-74.0877,22.8885,2,0.014,0.014,0.012
juelich_pilot_d30_r2_log_distance_s02_w1,juelich,12345,2,2,log-distance,27,28,veh10,veh4,2,2,0,115.395,1,0.586933,0,-67.9215,29.0548,2,0.014,0.014,0.012
juelich_pilot_d30_r2_log_distance_s02_w1,juelich,12345,2,2,log-distance,27,28,veh10,veh5,2,0,1,878.082,0,0.586933,7.42796,nan,nan,0,0.014,0.01,0.012
juelich_pilot_d30_r2_log_distance_s02_w1,juelich,12345,2,2,log-distance,27,28,veh10,veh6,2,2,0,13.68,1,0.586933,8.45881,-49.3109,47.6654,2,0.014,0.014,0.012
juelich_pilot_d30_r2_log_distance_s02_w1,juelich,12345,2,2,log-distance,27,28,veh10,veh9,2,2,0,177.552,1,0.586933,6.0987,-71.664,25.3123,2,0.014,0.014,0.012
juelich_pilot_d30_r2_log_distance_s02_w1,juelich,12345,2,2,log-distance,27,28,veh2,veh3,2,2,0,95.9961,1,0,12.7441,-66.3185,30.6578,2,0.008,0.008,0.012
juelich_pilot_d30_r2_log_distance_s02_w1,juelich,12345,2,2,log-distance,27,28,veh2,veh5,2,0,1,911.862,0,0,7.42796,nan,nan,0,0.008,0.01,0.012
juelich_pilot_d30_r2_log_distance_s02_w1,juelich,12345,2,2,log-distance,27,28,veh2,veh7,2,2,0,388.524,1,0,2.93187,-78.466,18.5102,2,0.008,0.01,0.012
juelich_pilot_d30_r2_log_distance_s02_w1,juelich,12345,2,2,log-distance,27,28,veh2,veh8,2,2,0,350.76,1,0,7.12572,-77.5779,19.3984,2,0.008,0.01,0.012
juelich_pilot_d30_r2_log_distance_s02_w1,juelich,12345,2,2,log-distance,27,28,veh3,veh2,2,2,0,95.9961,1,12.7441,0,-66.3185,30.6578,2,0.008,0.008,0.012
juelich_pilot_d30_r2_log_distance_s02_w1,juelich,12345,2,2,log-distance,27,28,veh3,veh5,2,0,1,875.014,0,12.7441,7.42796,nan,nan,0,0.008,0.01,0.012
juelich_pilot_d30_r2_log_distance_s02_w1,juelich,12345,2,2,log-distance,27,28,veh3,veh7,2,2,0,375.434,1,12.7441,2.93187,-78.1684,18.8079,2,0.008,0.01,0.012
juelich_pilot_d30_r2_log_distance_s02_w1,juelich,12345,2,2,log-distance,27,28,veh3,veh8,2,2,0,354.961,1,12.7441,7.12572,-77.6813,19.295,2,0.008,0.01,0.012
juelich_pilot_d30_r2_log_distance_s02_w1,juelich,12345,2,2,log-distance,27,28,veh4,veh0,2,2,0,307.728,1,0,8.03018,-76.4409,20.5354,2,0.014,0.016,0.012
juelich_pilot_d30_r2_log_distance_s02_w1,juelich,12345,2,2,log-distance,27,28,veh4,veh1,2,2,0,323.219,1,0,8.36272,-76.8676,20.1087,2,0.014,0.014,0.012
juelich_pilot_d30_r2_log_distance_s02_w1,juelich,12345,2,2,log-distance,27,28,veh4,veh10,2,2,0,115.395,1,0,0.586933,-67.9215,29.0548,2,0.014,0.014,0.012
juelich_pilot_d30_r2_log_distance_s02_w1,juelich,12345,2,2,log-distance,27,28,veh4,veh5,2,0,1,768.118,0,0,7.42796,nan,nan,0,0.014,0.01,0.012
juelich_pilot_d30_r2_log_distance_s02_w1,juelich,12345,2,2,log-distance,27,28,veh4,veh6,2,2,0,124.782,1,0,8.45881,-68.6001,28.3762,2,0.014,0.014,0.012
juelich_pilot_d30_r2_log_distance_s02_w1,juelich,12345,2,2,log-distance,27,28,veh4,veh9,2,2,0,183.818,1,0,6.0987,-71.9654,25.0109,2,0.014,0.014,0.012
juelich_pilot_d30_r2_log_distance_s02_w1,juelich,12345,2,2,log-distance,27,28,veh5,veh0,2,2,0,462.917,1,7.42796,8.03018,-79.9875,4.66123,2,0.01,0.016,0.012
juelich_pilot_d30_r2_log_distance_s02_w1,juelich,12345,2,2,log-distance,27,28,veh5,veh10,2,0,1,878.082,0,7.42796,0.586933,nan,nan,0,0.01,0.014,0.012
juelich_pilot_d30_r2_log_distance_s02_w1,juelich,12345,2,2,log-distance,27,28,veh5,veh2,2,0,1,911.862,0,7.42796,0,nan,nan,0,0.01,0.008,0.012
juelich_pilot_d30_r2_log_distance_s02_w1,juelich,12345,2,2,log-distance,27,28,veh5,veh3,2,0,1,875.014,0,7.42796,12.7441,nan,nan,0,0.01,0.008,0.012
juelich_pilot_d30_r2_log_distance_s02_w1,juelich,12345,2,2,log-distance,27,28,veh5,veh4,2,0,1,768.118,0,7.42796,0,nan,nan,0,0.01,0.014,0.012
juelich_pilot_d30_r2_log_distance_s02_w1,juelich,12345,2,2,log-distance,27,28,veh5,veh6,2,0,1,889.629,0,7.42796,8.45881,nan,nan,0,0.01,0.014,0.012
juelich_pilot_d30_r2_log_distance_s02_w1,juelich,12345,2,2,log-distance,27,28,veh5,veh7,2,0,1,534.468,0,7.42796,2.93187,nan,nan,0,0.01,0.01,0.012
juelich_pilot_d30_r2_log_distance_s02_w1,juelich,12345,2,2,log-distance,27,28,veh5,veh8,2,0,1,594.725,0,7.42796,7.12572,nan,nan,0,0.01,0.01,0.012
juelich_pilot_d30_r2_log_distance_s02_w1,juelich,12345,2,2,log-distance,27,28,veh5,veh9,2,0,1,797.984,0,7.42796,6.0987,nan,nan,0,0.01,0.014,0.012
juelich_pilot_d30_r2_log_distance_s02_w1,juelich,12345,2,2,log-distance,27,28,veh6,veh0,2,2,0,431.531,1,8.45881,8.03018,-79.3779,17.5983,2,0.014,0.016,0.012
juelich_pilot_d30_r2_log_distance_s02_w1,juelich,12345,2,2,log-distance,27,28,veh6,veh1,2,2,0,236.868,1,8.45881,8.36272,-74.1677,22.8086,2,0.014,0.014,0.012
juelich_pilot_d30_r2_log_distance_s02_w1,juelich,12345,2,2,log-distance,27,28,veh6,veh10,2,2,0,13.68,1,8.45881,0.586933,-49.3109,47.6654,2,0.014,0.014,0.012
juelich_pilot_d30_r2_log_distance_s02_w1,juelich,12345,2,2,log-distance,27,28,veh6,veh4,2,2,0,124.782,1,8.45881,0,-68.6001,28.3762,2,0.014,0.014,0.012
juelich_pilot_d30_r2_log_distance_s02_w1,juelich,12345,2,2,log-distance,27,28,veh6,veh5,2,0,1,889.629,0,8.45881,7.42796,nan,nan,0,0.014,0.01,0.012
juelich_pilot_d30_r2_log_distance_s02_w1,juelich,12345,2,2,log-distance,27,28,veh6,veh9,2,2,0,190.019,1,8.45881,6.0987,-72.2536,24.7227,2,0.014,0.014,0.012
juelich_pilot_d30_r2_log_distance_s02_w1,juelich,12345,2,2,log-distance,27,28,veh7,veh0,2,0,1,788.881,0,2.93187,8.03018,nan,nan,0,0.01,0.016,0.012
juelich_pilot_d30_r2_log_distance_s02_w1,juelich,12345,2,2,log-distance,27,28,veh7,veh2,2,2,0,388.524,1,2.93187,0,-78.466,18.5102,2,0.01,0.008,0.012
juelich_pilot_d30_r2_log_distance_s02_w1,juelich,12345,2,2,log-distance,27,28,veh7,veh3,2,2,0,375.434,1,2.93187,12.7441,-78.1684,18.8079,2,0.01,0.008,0.012
juelich_pilot_d30_r2_log_distance_s02_w1,juelich,12345,2,2,log-distance,27,28,veh7,veh5,2,2,0,534.468,0,2.93187,7.42796,-81.2361,15.7402,2,0.01,0.01,0.012
juelich_pilot_d30_r2_log_distance_s02_w1,juelich,12345,2,2,log-distance,27,28,veh7,veh8,2,2,0,72.4801,1,2.93187,7.12572,-63.8791,33.0972,2,0.01,0.01,0.012
juelich_pilot_d30_r2_log_distance_s02_w1,juelich,12345,2,2,log-distance,27,28,veh7,veh9,2,0,1,938.796,0,2.93187,6.0987,nan,nan,0,0.01,0.014,0.012
juelich_pilot_d30_r2_log_distance_s02_w1,juelich,12345,2,2,log-distance,27,28,veh8,veh0,2,0,1,815.918,0,7.12572,8.03018,nan,nan,0,0.01,0.016,0.012
juelich_pilot_d30_r2_log_distance_s02_w1,juelich,12345,2,2,log-distance,27,28,veh8,veh2,2,2,0,350.76,1,7.12572,0,-77.5779,7.9737,2,0.01,0.008,0.012
juelich_pilot_d30_r2_log_distance_s02_w1,juelich,12345,2,2,log-distance,27,28,veh8,veh3,2,2,0,354.961,1,7.12572,12.7441,-77.6813,7.53688,2,0.01,0.008,0.012
juelich_pilot_d30_r2_log_distance_s02_w1,juelich,12345,2,2,log-distance,27,28,veh8,veh5,2,0,1,594.725,0,7.12572,7.42796,nan,nan,0,0.01,0.01,0.012
juelich_pilot_d30_r2_log_distance_s02_w1,juelich,12345,2,2,log-distance,27,28,veh8,veh7,2,2,0,72.4801,1,7.12572,2.93187,-63.8791,17.2427,2,0.01,0.01,0.012
juelich_pilot_d30_r2_log_distance_s02_w1,juelich,12345,2,2,log-distance,27,28,veh8,veh9,2,0,1,936.568,0,7.12572,6.0987,nan,nan,0,0.01,0.014,0.012
juelich_pilot_d30_r2_log_distance_s02_w1,juelich,12345,2,2,log-distance,27,28,veh9,veh0,2,2,0,380.604,1,6.0987,8.03018,-78.2872,18.6891,2,0.014,0.016,0.012
juelich_pilot_d30_r2_log_distance_s02_w1,juelich,12345,2,2,log-distance,27,28,veh9,veh1,2,2,0,204.256,1,6.0987,8.36272,-72.8809,24.0954,2,0.014,0.014,0.012
juelich_pilot_d30_r2_log_distance_s02_w1,juelich,12345,2,2,log-distance,27,28,veh9,veh10,2,2,0,177.552,1,6.0987,0.586933,-71.664,25.3123,2,0.014,0.014,0.012
juelich_pilot_d30_r2_log_distance_s02_w1,juelich,12345,2,2,log-distance,27,28,veh9,veh4,2,2,0,183.818,1,6.0987,0,-71.9654,25.0109,2,0.014,0.014,0.012
juelich_pilot_d30_r2_log_distance_s02_w1,juelich,12345,2,2,log-distance,27,28,veh9,veh5,2,0,1,797.984,0,6.0987,7.42796,nan,nan,0,0.014,0.01,0.012
juelich_pilot_d30_r2_log_distance_s02_w1,juelich,12345,2,2,log-distance,27,28,veh9,veh6,2,2,0,190.019,1,6.0987,8.45881,-72.2536,24.7227,2,0.014,0.014,0.012
juelich_pilot_d30_r2_log_distance_s02_w1,juelich,12345,2,2,log-distance,27,28,veh9,veh7,2,0,1,938.796,0,6.0987,2.93187,nan,nan,0,0.014,0.01,0.012
juelich_pilot_d30_r2_log_distance_s02_w1,juelich,12345,2,2,log-distance,27,28,veh9,veh8,2,0,1,936.568,0,6.0987,7.12572,nan,nan,0,0.014,0.01,0.012
juelich_pilot_d30_r2_log_distance_s02_w1,juelich,12345,2,2,log-distance,28,29,veh0,veh1,2,2,0,575.655,0,8.0938,8.27927,-81.8809,15.0954,2,0.016,0.014,0.012
juelich_pilot_d30_r2_log_distance_s02_w1,juelich,12345,2,2,log-distance,28,29,veh0,veh10,2,2,0,416.057,1,8.0938,2.70893,-79.0607,17.9156,2,0.016,0.014,0.012
juelich_pilot_d30_r2_log_distance_s02_w1,juelich,12345,2,2,log-distance,28,29,veh0,veh4,2,2,0,301.225,1,8.0938,0,-76.2554,20.7209,2,0.016,0.014,0.012
juelich_pilot_d30_r2_log_distance_s02_w1,juelich,12345,2,2,log-distance,28,29,veh0,veh5,2,2,0,476.608,1,8.0938,7.46661,-80.2407,16.7356,2,0.016,0.01,0.012
juelich_pilot_d30_r2_log_distance_s02_w1,juelich,12345,2,2,log-distance,28,29,veh0,veh6,2,2,0,431.864,1,8.0938,8.4733,-79.3846,17.5916,2,0.016,0.014,0.012
juelich_pilot_d30_r2_log_distance_s02_w1,juelich,12345,2,2,log-distance,28,29,veh0,veh7,2,0,1,792.741,0,8.0938,4.86472,nan,nan,0,0.016,0.01,0.012
juelich_pilot_d30_r2_log_distance_s02_w1,juelich,12345,2,2,log-distance,28,29,veh0,veh8,2,0,1,822.54,0,8.0938,7.11314,nan,nan,0,0.016,0.01,0.012
juelich_pilot_d30_r2_log_distance_s02_w1,juelich,12345,2,2,log-distance,28,29,veh0,veh9,2,2,0,380.278,1,8.0938,8.05851,-78.2797,18.6966,2,0.016,0.014,0.012
juelich_pilot_d30_r2_log_distance_s02_w1,juelich,12345,2,2,log-distance,28,29,veh1,veh0,2,2,0,575.655,0,8.27927,8.0938,-81.8809,15.0954,2,0.014,0.016,0.012
juelich_pilot_d30_r2_log_distance_s02_w1,juelich,12345,2,2,log-distance,28,29,veh1,veh10,2,2,0,239.183,1,8.27927,2.70893,-74.2522,22.7241,2,0.014,0.014,0.012
juelich_pilot_d30_r2_log_distance_s02_w1,juelich,12345,2,2,log-distance,28,29,veh1,veh4,2,2,0,325.328,1,8.27927,0,-76.9241,20.0522,2,0.014,0.014,0.012
juelich_pilot_d30_r2_log_distance_s02_w1,juelich,12345,2,2,log-distance,28,29,veh1,veh6,2,2,0,243.418,1,8.27927,8.4733,-74.4045,22.5718,2,0.014,0.014,0.012
juelich_pilot_d30_r2_log_distance_s02_w1,juelich,12345,2,2,log-distance,28,29,veh1,veh9,2,2,0,197.542,1,8.27927,8.05851,-72.5905,24.3857,2,0.014,0.014,0.012
juelich_pilot_d30_r2_log_distance_s02_w1,juelich,12345,2,2,log-distance,28,29,veh10,veh0,2,2,0,416.057,1,2.70893,8.0938,-79.0607,17.9156,2,0.014,0.016,0.012
juelich_pilot_d30_r2_log_distance_s02_w1,juelich,12345,2,2,log-distance,28,29,veh10,veh1,2,2,0,239.183,1,2.70893,8.27927,-74.2522,22.7241,2,0.014,0.014,0.012
juelich_pilot_d30_r2_log_distance_s02_w1,juelich,12345,2,2,log-distance,28,29,veh10,veh4,2,2,0,116.575,1,2.70893,0,-68.0097,28.9666,2,0.014,0.014,0.012
juelich_pilot_d30_r2_log_distance_s02_w1,juelich,12345,2,2,log-distance,28,29,veh10,veh5,2,0,1,885.57,0,2.70893,7.46661,nan,nan,0,0.014,0.01,0.012
juelich_pilot_d30_r2_log_distance_s02_w1,juelich,12345,2,2,log-distance,28,29,veh10,veh6,2,2,0,20.397,1,2.70893,8.4733,-52.8481,44.1282,2,0.014,0.014,0.012
juelich_pilot_d30_r2_log_distance_s02_w1,juelich,12345,2,2,log-distance,28,29,veh10,veh9,2,2,0,172.726,1,2.70893,8.05851,-71.4246,25.5516,2,0.014,0.014,0.012
juelich_pilot_d30_r2_log_distance_s02_w1,juelich,12345,2,2,log-distance,28,29,veh2,veh3,2,2,0,83.9515,1,0,12.7499,-65.1527,31.8235,2,0.008,0.008,0.012
juelich_pilot_d30_r2_log_distance_s02_w1,juelich,12345,2,2,log-distance,28,29,veh2,veh5,2,0,1,905.954,0,0,7.46661,nan,nan,0,0.008,0.01,0.012
juelich_pilot_d30_r2_log_distance_s02_w1,juelich,12345,2,2,log-distance,28,29,veh2,veh7,2,2,0,392.511,1,0,4.86472,-78.5547,18.4216,2,0.008,0.01,0.012
juelich_pilot_d30_r2_log_distance_s02_w1,juelich,12345,2,2,log-distance,28,29,veh2,veh8,2,2,0,351.523,1,0,7.11314,-77.5968,19.3795,2,0.008,0.01,0.012
juelich_pilot_d30_r2_log_distance_s02_w1,juelich,12345,2,2,log-distance,28,29,veh3,veh2,2,2,0,83.9515,1,12.7499,0,-65.1527,31.8235,2,0.008,0.008,0.012
juelich_pilot_d30_r2_log_distance_s02_w1,juelich,12345,2,2,log-distance,28,29,veh3,veh5,2,0,1,868.944,0,12.7499,7.46661,nan,nan,0,0.008,0.01,0.012
juelich_pilot_d30_r2_log_distance_s02_w1,juelich,12345,2,2,log-distance,28,29,veh3,veh7,2,2,0,375.498,1,12.7499,4.86472,-78.1699,18.8064,2,0.008,0.01,0.012
juelich_pilot_d30_r2_log_distance_s02_w1,juelich,12345,2,2,log-distance,28,29,veh3,veh8,2,2,0,351.225,1,12.7499,7.11314,-77.5894,19.3869,2,0.008,0.01,0.012
juelich_pilot_d30_r2_log_distance_s02_w1,juelich,12345,2,2,log-distance,28,29,veh4,veh0,2,2,0,301.225,1,0,8.0938,-76.2554,20.7209,2,0.014,0.016,0.012
juelich_pilot_d30_r2_log_distance_s02_w1,juelich,12345,2,2,log-distance,28,29,veh4,veh1,2,2,0,325.328,1,0,8.27927,-76.9241,20.0522,2,0.014,0.014,0.012
juelich_pilot_d30_r2_log_distance_s02_w1,juelich,12345,2,2,log-distance,28,29,veh4,veh10,2,2,0,116.575,1,0,2.70893,-68.0097,28.9666,2,0.014,0.014,0.012
juelich_pilot_d30_r2_log_distance_s02_w1,juelich,12345,2,2,log-distance,28,29,veh4,veh5,2,0,1,774.28,0,0,7.46661,nan,nan,0,0.014,0.01,0.012
juelich_pilot_d30_r2_log_distance_s02_w1,juelich,12345,2,2,log-distance,28,29,veh4,veh6,2,2,0,130.992,1,0,8.4733,-69.022,27.9543,2,0.014,0.014,0.012
juelich_pilot_d30_r2_log_distance_s02_w1,juelich,12345,2,2,log-distance,28,29,veh4,veh9,2,2,0,180.69,1,0,8.05851,-71.8163,25.16,2,0.014,0.014,0.012
juelich_pilot_d30_r2_log_distance_s02_w1,juelich,12345,2,2,log-distance,28,29,veh5,veh0,2,2,0,476.608,1,7.46661,8.0938,-80.2407,4.47412,2,0.01,0.016,0.012
juelich_pilot_d30_r2_log_distance_s02_w1,juelich,12345,2,2,log-distance,28,29,veh5,veh10,2,0,1,885.57,0,7.46661,2.70893,nan,nan,0,0.01,0.014,0.012
juelich_pilot_d30_r2_log_distance_s02_w1,juelich,12345,2,2,log-distance,28,29,veh5,veh2,2,0,1,905.954,0,7.46661,0,nan,nan,0,0.01,0.008,0.012
juelich_pilot_d30_r2_log_distance_s02_w1,juelich,12345,2,2,log-distance,28,29,veh5,veh3,2,0,1,868.944,0,7.46661,12.7499,nan,nan,0,0.01,0.008,0.012
juelich_pilot_d30_r2_log_distance_s02_w1,juelich,12345,2,2,log-distance,28,29,veh5,veh4,2,0,1,774.28,0,7.46661,0,nan,nan,0,0.01,0.014,0.012
juelich_pilot_d30_r2_log_distance_s02_w1,juelich,12345,2,2,log-distance,28,29,veh5,veh6,2,0,1,902.871,0,7.46661,8.4733,nan,nan,0,0.01,0.014,0.012
juelich_pilot_d30_r2_log_distance_s02_w1,juelich,12345,2,2,log-distance,28,29,veh5,veh7,2,0,1,525.559,0,7.46661,4.86472,nan,nan,0,0.01,0.01,0.012
juelich_pilot_d30_r2_log_distance_s02_w1,juelich,12345,2,2,log-distance,28,29,veh5,veh8,2,0,1,593.115,0,7.46661,7.11314,nan,nan,0,0.01,0.01,0.012
juelich_pilot_d30_r2_log_distance_s02_w1,juelich,12345,2,2,log-distance,28,29,veh5,veh9,2,0,1,808.339,0,7.46661,8.05851,nan,nan,0,0.01,0.014,0.012
juelich_pilot_d30_r2_log_distance_s02_w1,juelich,12345,2,2,log-distance,28,29,veh6,veh0,2,2,0,431.864,1,8.4733,8.0938,-79.3846,17.5916,2,0.014,0.016,0.012
juelich_pilot_d30_r2_log_distance_s02_w1,juelich,12345,2,2,log-distance,28,29,veh6,veh1,2,2,0,243.418,1,8.4733,8.27927,-74.4045,22.5718,2,0.014,0.014,0.012
juelich_pilot_d30_r2_log_distance_s02_w1,juelich,12345,2,2,log-distance,28,29,veh6,veh10,2,2,0,20.397,1,8.4733,2.70893,-52.8481,44.1282,2,0.014,0.014,0.012
juelich_pilot_d30_r2_log_distance_s02_w1,juelich,12345,2,2,log-distance,28,29,veh6,veh4,2,2,0,130.992,1,8.4733,0,-69.022,27.9543,2,0.014,0.014,0.012
juelich_pilot_d30_r2_log_distance_s02_w1,juelich,12345,2,2,log-distance,28,29,veh6,veh5,2,0,1,902.871,0,8.4733,7.46661,nan,nan,0,0.014,0.01,0.012
juelich_pilot_d30_r2_log_distance_s02_w1,juelich,12345,2,2,log-distance,28,29,veh6,veh9,2,2,0,191.269,1,8.4733,8.05851,-72.3106,24.6657,2,0.014,0.014,0.012
juelich_pilot_d30_r2_log_distance_s02_w1,juelich,12345,2,2,log-distance,28,29,veh7,veh0,2,0,1,792.741,0,4.86472,8.0938,nan,nan,0,0.01,0.016,0.012
juelich_pilot_d30_r2_log_distance_s02_w1,juelich,12345,2,2,log-distance,28,29,veh7,veh2,2,2,0,392.511,1,4.86472,0,-78.5547,18.4216,2,0.01,0.008,0.012
juelich_pilot_d30_r2_log_distance_s02_w1,juelich,12345,2,2,log-distance,28,29,veh7,veh3,2,2,0,375.498,1,4.86472,12.7499,-78.1699,18.8064,2,0.01,0.008,0.012
juelich_pilot_d30_r2_log_distance_s02_w1,juelich,12345,2,2,log-distance,28,29,veh7,veh5,2,2,0,525.559,0,4.86472,7.46661,-81.09,15.8862,2,0.01,0.01,0.012
juelich_pilot_d30_r2_log_distance_s02_w1,juelich,12345,2,2,log-distance,28,29,veh7,veh8,2,2,0,80.5966,1,4.86472,7.11314,-64.8009,32.1754,2,0.01,0.01,0.012
juelich_pilot_d30_r2_log_distance_s02_w1,juelich,12345,2,2,log-distance,28,29,veh7,veh9,2,0,1,942.637,0,4.86472,8.05851,nan,nan,0,0.01,0.014,0.012
juelich_pilot_d30_r2_log_distance_s02_w1,juelich,12345,2,2,log-distance,28,29,veh8,veh0,2,0,1,822.54,0,7.11314,8.0938,nan,nan,0,0.01,0.016,0.012
juelich_pilot_d30_r2_log_distance_s02_w1,juelich,12345,2,2,log-distance,28,29,veh8,veh2,2,2,0,351.523,1,7.11314,0,-77.5968,7.9024,2,0.01,0.008,0.012
juelich_pilot_d30_r2_log_distance_s02_w1,juelich,12345,2,2,log-distance,28,29,veh8,veh3,2,2,0,351.225,1,7.11314,12.7499,-77.5894,7.57233,2,0.01,0.008,0.012
juelich_pilot_d30_r2_log_distance_s02_w1,juelich,12345,2,2,log-distance,28,29,veh8,veh5,2,0,1,593.115,0,7.11314,7.46661,nan,nan,0,0.01,0.01,0.012
juelich_pilot_d30_r2_log_distance_s02_w1,juelich,12345,2,2,log-distance,28,29,veh8,veh7,2,2,0,80.5966,1,7.11314,4.86472,-64.8009,16.1786,2,0.01,0.01,0.012
juelich_pilot_d30_r2_log_distance_s02_w1,juelich,12345,2,2,log-distance,28,29,veh8,veh9,2,0,1,940.026,0,7.11314,8.05851,nan,nan,0,0.01,0.014,0.012
juelich_pilot_d30_r2_log_distance_s02_w1,juelich,12345,2,2,log-distance,28,29,veh9,veh0,2,2,0,380.278,1,8.05851,8.0938,-78.2797,18.6966,2,0.014,0.016,0.012
juelich_pilot_d30_r2_log_distance_s02_w1,juelich,12345,2,2,log-distance,28,29,veh9,veh1,2,2,0,197.542,1,8.05851,8.27927,-72.5905,24.3857,2,0.014,0.014,0.012
juelich_pilot_d30_r2_log_distance_s02_w1,juelich,12345,2,2,log-distance,28,29,veh9,veh10,2,2,0,172.726,1,8.05851,2.70893,-71.4246,25.5516,2,0.014,0.014,0.012
juelich_pilot_d30_r2_log_distance_s02_w1,juelich,12345,2,2,log-distance,28,29,veh9,veh4,2,2,0,180.69,1,8.05851,0,-71.8163,25.16,2,0.014,0.014,0.012
juelich_pilot_d30_r2_log_distance_s02_w1,juelich,12345,2,2,log-distance,28,29,veh9,veh5,2,0,1,808.339,0,8.05851,7.46661,nan,nan,0,0.014,0.01,0.012
juelich_pilot_d30_r2_log_distance_s02_w1,juelich,12345,2,2,log-distance,28,29,veh9,veh6,2,2,0,191.269,1,8.05851,8.4733,-72.3106,24.6657,2,0.014,0.014,0.012
juelich_pilot_d30_r2_log_distance_s02_w1,juelich,12345,2,2,log-distance,28,29,veh9,veh7,2,0,1,942.637,0,8.05851,4.86472,nan,nan,0,0.014,0.01,0.012
juelich_pilot_d30_r2_log_distance_s02_w1,juelich,12345,2,2,log-distance,28,29,veh9,veh8,2,0,1,940.026,0,8.05851,7.11314,nan,nan,0,0.014,0.01,0.012
juelich_pilot_d30_r2_log_distance_s02_w1,juelich,12345,2,2,log-distance,29,30,veh0,veh1,2,2,0,570.93,0,8.04071,8.37561,-81.8093,15.1669,2,0.016,0.014,0.0108333
juelich_pilot_d30_r2_log_distance_s02_w1,juelich,12345,2,2,log-distance,29,30,veh0,veh10,2,2,0,412.789,1,8.04071,4.66493,-78.9923,17.984,2,0.016,0.014,0.0108333
juelich_pilot_d30_r2_log_distance_s02_w1,juelich,12345,2,2,log-distance,29,30,veh0,veh4,2,2,0,294.807,1,8.04071,0,-76.0683,20.908,2,0.016,0.014,0.0108333
juelich_pilot_d30_r2_log_distance_s02_w1,juelich,12345,2,2,log-distance,29,30,veh0,veh5,2,2,0,490.396,1,8.04071,7.45782,-80.4884,16.4879,2,0.016,0.01,0.0108333
juelich_pilot_d30_r2_log_distance_s02_w1,juelich,12345,2,2,log-distance,29,30,veh0,veh6,2,2,0,432.214,1,8.04071,8.50007,-79.3917,17.5846,2,0.016,0.014,0.0108333
juelich_pilot_d30_r2_log_distance_s02_w1,juelich,12345,2,2,log-distance,29,30,veh0,veh7,2,0,1,794.84,0,8.04071,6.57423,nan,nan,0,0.016,0.01,0.0108333
juelich_pilot_d30_r2_log_distance_s02_w1,juelich,12345,2,2,log-distance,29,30,veh0,veh8,2,0,1,829.227,0,8.04071,7.12265,nan,nan,0,0.016,0.008,0.0108333
juelich_pilot_d30_r2_log_distance_s02_w1,juelich,12345,2,2,log-distance,29,30,veh0,veh9,2,2,0,380.545,1,8.04071,8.64792,-78.2858,18.6905,2,0.016,0.014,0.0108333
juelich_pilot_d30_r2_log_distance_s02_w1,juelich,12345,2,2,log-distance,29,30,veh1,veh0,2,2,0,570.93,0,8.37561,8.04071,-81.8093,15.1669,2,0.014,0.016,0.0108333
juelich_pilot_d30_r2_log_distance_s02_w1,juelich,12345,2,2,log-distance,29,30,veh1,veh10,2,2,0,244.424,1,8.37561,4.66493,-74.4404,22.5358,2,0.014,0.014,0.0108333
juelich_pilot_d30_r2_log_distance_s02_w1,juelich,12345,2,2,log-distance,29,30,veh1,veh4,2,2,0,327.644,1,8.37561,0,-76.9857,19.9906,2,0.014,0.014,0.0108333
juelich_pilot_d30_r2_log_distance_s02_w1,juelich,12345,2,2,log-distance,29,30,veh1,veh6,2,2,0,250.906,1,8.37561,8.50007,-74.6676,22.3086,2,0.014,0.014,0.0108333
juelich_pilot_d30_r2_log_distance_s02_w1,juelich,12345,2,2,log-distance,29,30,veh1,veh9,2,2,0,191.078,1,8.37561,8.64792,-72.3016,24.6746,2,0.014,0.014,0.0108333
juelich_pilot_d30_r2_log_distance_s02_w1,juelich,12345,2,2,log-distance,29,30,veh10,veh0,2,2,0,412.789,1,4.66493,8.04071,-78.9923,17.984,2,0.014,0.016,0.0108333
juelich_pilot_d30_r2_log_distance_s02_w1,juelich,12345,2,2,log-distance,29,30,veh10,veh1,2,2,0,244.424,1,4.66493,8.37561,-74.4404,22.5358,2,0.014,0.014,0.0108333
juelich_pilot_d30_r2_log_distance_s02_w1,juelich,12345,2,2,log-distance,29,30,veh10,veh4,2,2,0,119.122,1,4.66493,0,-68.1973,28.7789,2,0.014,0.014,0.0108333
juelich_pilot_d30_r2_log_distance_s02_w1,juelich,12345,2,2,log-distance,29,30,veh10,veh5,2,0,1,894.788,0,4.66493,7.45782,nan,nan,0,0.014,0.01,0.0108333
juelich_pilot_d30_r2_log_distance_s02_w1,juelich,12345,2,2,log-distance,29,30,veh10,veh6,2,2,0,25.1229,1,4.66493,8.50007,-54.6732,42.3031,2,0.014,0.014,0.0108333
juelich_pilot_d30_r2_log_distance_s02_w1,juelich,12345,2,2,log-distance,29,30,veh10,veh9,2,2,0,168.54,1,4.66493,8.64792,-71.2117,25.7646,2,0.014,0.014,0.0108333
juelich_pilot_d30_r2_log_distance_s02_w1,juelich,12345,2,2,log-distance,29,30,veh2,veh3,2,2,0,72.152,1,0,12.7437,-63.8356,33.1406,2,0.008,0.008,0.0108333
juelich_pilot_d30_r2_log_distance_s02_w1,juelich,12345,2,2,log-distance,29,30,veh2,veh5,2,0,1,900.068,0,0,7.45782,nan,nan,0,0.008,0.01,0.0108333
juelich_pilot_d30_r2_log_distance_s02_w1,juelich,12345,2,2,log-distance,29,30,veh2,veh7,2,2,0,398.291,1,0,6.57423,-78.6816,18.2946,2,0.008,0.01,0.0108333
juelich_pilot_d30_r2_log_distance_s02_w1,juelich,12345,2,2,log-distance,29,30,veh2,veh8,2,2,0,352.375,1,0,7.12265,-77.6178,19.3585,2,0.008,0.008,0.0108333
juelich_pilot_d30_r2_log_distance_s02_w1,juelich,12345,2,2,log-distance,29,30,veh3,veh2,2,2,0,72.152,1,12.7437,0,-63.8356,33.1406,2,0.008,0.008,0.0108333
juelich_pilot_d30_r2_log_distance_s02_w1,juelich,12345,2,2,log-distance,29,30,veh3,veh5,2,0,1,863.315,0,12.7437,7.45782,nan,nan,0,0.008,0.01,0.0108333
juelich_pilot_d30_r2_log_distance_s02_w1,juelich,12345,2,2,log-distance,29,30,veh3,veh7,2,2,0,377.903,1,12.7437,6.57423,-78.2253,18.751,2,0.008,0.01,0.0108333
juelich_pilot_d30_r2_log_distance_s02_w1,juelich,12345,2,2,log-distance,29,30,veh3,veh8,2,2,0,347.599,1,12.7437,7.12265,-77.4992,19.477,2,0.008,0.008,0.0108333
juelich_pilot_d30_r2_log_distance_s02_w1,juelich,12345,2,2,log-distance,29,30,veh4,veh0,2,2,0,294.807,1,0,8.04071,-76.0683,20.908,2,0.014,0.016,0.0108333
juelich_pilot_d30_r2_log_distance_s02_w1,juelich,12345,2,2,log-distance,29,30,veh4,veh1,2,2,0,327.644,1,0,8.37561,-76.9857,19.9906,2,0.014,0.014,0.0108333
juelich_pilot_d30_r2_log_distance_s02_w1,juelich,12345,2,2,log-distance,29,30,veh4,veh10,2,2,0,119.122,1,0,4.66493,-68.1973,28.7789,2,0.014,0.014,0.0108333
juelich_pilot_d30_r2_log_distance_s02_w1,juelich,12345,2,2,log-distance,29,30,veh4,veh5,2,0,1,780.464,0,0,7.45782,nan,nan,0,0.014,0.01,0.0108333
juelich_pilot_d30_r2_log_distance_s02_w1,juelich,12345,2,2,log-distance,29,30,veh4,veh6,2,2,0,137.456,1,0,8.50007,-69.4404,27.5359,2,0.014,0.014,0.0108333
juelich_pilot_d30_r2_log_distance_s02_w1,juelich,12345,2,2,log-distance,29,30,veh4,veh9,2,2,0,177.285,1,0,8.64792,-71.6511,25.3252,2,0.014,0.014,0.0108333
juelich_pilot_d30_r2_log_distance_s02_w1,juelich,12345,2,2,log-distance,29,30,veh5,veh0,2,2,0,490.396,1,7.45782,8.04071,-80.4884,4.29253,2,0.01,0.016,0.0108333
juelich_pilot_d30_r2_log_distance_s02_w1,juelich,12345,2,2,log-distance,29,30,veh5,veh10,2,0,1,894.788,0,7.45782,4.66493,nan,nan,0,0.01,0.014,0.0108333
juelich_pilot_d30_r2_log_distance_s02_w1,juelich,12345,2,2,log-distance,29,30,veh5,veh2,2,0,1,900.068,0,7.45782,0,nan,nan,0,0.01,0.008,0.0108333
juelich_pilot_d30_r2_log_distance_s02_w1,juelich,12345,2,2,log-distance,29,30,veh5,veh3,2,0,1,863.315,0,7.45782,12.7437,nan,nan,0,0.01,0.008,0.0108333
juelich_pilot_d30_r2_log_distance_s02_w1,juelich,12345,2,2,log-distance,29,30,veh5,veh4,2,0,1,780.464,0,7.45782,0,nan,nan,0,0.01,0.014,0.0108333
juelich_pilot_d30_r2_log_distance_s02_w1,juelich,12345,2,2,log-distance,29,30,veh5,veh6,2,0,1,916.208,0,7.45782,8.50007,nan,nan,0,0.01,0.014,0.0108333
juelich_pilot_d30_r2_log_distance_s02_w1,juelich,12345,2,2,log-distance,29,30,veh5,veh7,2,0,1,515.106,0,7.45782,6.57423,nan,nan,0,0.01,0.01,0.0108333
juelich_pilot_d30_r2_log_distance_s02_w1,juelich,12345,2,2,log-distance,29,30,veh5,veh8,2,0,1,591.801,0,7.45782,7.12265,nan,nan,0,0.01,0.008,0.0108333
juelich_pilot_d30_r2_log_distance_s02_w1,juelich,12345,2,2,log-distance,29,30,veh5,veh9,2,0,1,819.823,0,7.45782,8.64792,nan,nan,0,0.01,0.014,0.0108333
juelich_pilot_d30_r2_log_distance_s02_w1,juelich,12345,2,2,log-distance,29,30,veh6,veh0,2,2,0,432.214,1,8.50007,8.04071,-79.3917,17.5846,2,0.014,0.016,0.0108333
juelich_pilot_d30_r2_log_distance_s02_w1,juelich,12345,2,2,log-distance,29,30,veh6,veh1,2,2,0,250.906,1,8.50007,8.37561,-74.6676,22.3086,2,0.014,0.014,0.0108333
juelich_pilot_d30_r2_log_distance_s02_w1,juelich,12345,2,2,log-distance,29,30,veh6,veh10,2,2,0,25.1229,1,8.50007,4.66493,-54.6732,42.3031,2,0.014,0.014,0.0108333
juelich_pilot_d30_r2_log_distance_s02_w1,juelich,12345,2,2,log-distance,29,30,veh6,veh4,2,2,0,137.456,1,8.50007,0,-69.4404,27.5359,2,0.014,0.014,0.0108333
juelich_pilot_d30_r2_log_distance_s02_w1,juelich,12345,2,2,log-distance,29,30,veh6,veh5,2,0,1,916.208,0,8.50007,7.45782,nan,nan,0,0.014,0.01,0.0108333
juelich_pilot_d30_r2_log_distance_s02_w1,juelich,12345,2,2,log-distance,29,30,veh6,veh9,2,2,0,191.314,1,8.50007,8.64792,-72.3126,24.6637,2,0.014,0.014,0.0108333
juelich_pilot_d30_r2_log_distance_s02_w1,juelich,12345,2,2,log-distance,29,30,veh7,veh0,2,0,1,794.84,0,6.57423,8.04071,nan,nan,0,0.01,0.016,0.0108333
juelich_pilot_d30_r2_log_distance_s02_w1,juelich,12345,2,2,log-distance,29,30,veh7,veh2,2,2,0,398.291,1,6.57423,0,-78.6816,18.2946,2,0.01,0.008,0.0108333
juelich_pilot_d30_r2_log_distance_s02_w1,juelich,12345,2,2,log-distance,29,30,veh7,veh3,2,2,0,377.903,1,6.57423,12.7437,-78.2253,18.751,2,0.01,0.008,0.0108333
juelich_pilot_d30_r2_log_distance_s02_w1,juelich,12345,2,2,log-distance,29,30,veh7,veh5,2,2,0,515.106,0,6.57423,7.45782,-80.9155,16.0608,2,0.01,0.01,0.0108333
juelich_pilot_d30_r2_log_distance_s02_w1,juelich,12345,2,2,log-distance,29,30,veh7,veh8,2,2,0,89.6806,1,6.57423,7.12265,-65.7286,31.2477,2,0.01,0.008,0.0108333
juelich_pilot_d30_r2_log_distance_s02_w1,juelich,12345,2,2,log-distance,29,30,veh7,veh9,2,0,1,946.327,0,6.57423,8.64792,nan,nan,0,0.01,0.014,0.0108333
juelich_pilot_d30_r2_log_distance_s02_w1,juelich,12345,2,2,log-distance,29,30,veh8,veh0,2,0,1,829.227,0,7.12265,8.04071,nan,nan,0,0.008,0.016,0.0108333
juelich_pilot_d30_r2_log_distance_s02_w1,juelich,12345,2,2,log-distance,29,30,veh8,veh2,2,2,0,352.375,1,7.12265,0,-77.6178,7.82878,2,0.008,0.008,0.0108333
juelich_pilot_d30_r2_log_distance_s02_w1,juelich,12345,2,2,log-distance,29,30,veh8,veh3,2,2,0,347.599,1,7.12265,12.7437,-77.4992,7.6097,2,0.008,0.008,0.0108333
juelich_pilot_d30_r2_log_distance_s02_w1,juelich,12345,2,2,log-distance,29,30,veh8,veh5,2,0,1,591.801,0,7.12265,7.45782,nan,nan,0,0.008,0.01,0.0108333
juelich_pilot_d30_r2_log_distance_s02_w1,juelich,12345,2,2,log-distance,29,30,veh8,veh7,2,2,0,89.6806,1,7.12265,6.57423,-65.7286,15.0806,2,0.008,0.01,0.0108333
juelich_pilot_d30_r2_log_distance_s02_w1,juelich,12345,2,2,log-distance,29,30,veh8,veh9,2,0,1,944.902,0,7.12265,8.64792,nan,nan,0,0.008,0.014,0.0108333
juelich_pilot_d30_r2_log_distance_s02_w1,juelich,12345,2,2,log-distance,29,30,veh9,veh0,2,2,0,380.545,1,8.64792,8.04071,-78.2858,18.6905,2,0.014,0.016,0.0108333
juelich_pilot_d30_r2_log_distance_s02_w1,juelich,12345,2,2,log-distance,29,30,veh9,veh1,2,2,0,191.078,1,8.64792,8.37561,-72.3016,24.6746,2,0.014,0.014,0.0108333
juelich_pilot_d30_r2_log_distance_s02_w1,juelich,12345,2,2,log-distance,29,30,veh9,veh10,2,2,0,168.54,1,8.64792,4.66493,-71.2117,25.7646,2,0.014,0.014,0.0108333
juelich_pilot_d30_r2_log_distance_s02_w1,juelich,12345,2,2,log-distance,29,30,veh9,veh4,2,2,0,177.285,1,8.64792,0,-71.6511,25.3252,2,0.014,0.014,0.0108333
juelich_pilot_d30_r2_log_distance_s02_w1,juelich,12345,2,2,log-distance,29,30,veh9,veh5,2,0,1,819.823,0,8.64792,7.45782,nan,nan,0,0.014,0.01,0.0108333
juelich_pilot_d30_r2_log_distance_s02_w1,juelich,12345,2,2,log-distance,29,30,veh9,veh6,2,2,0,191.314,1,8.64792,8.50007,-72.3126,24.6637,2,0.014,0.014,0.0108333
juelich_pilot_d30_r2_log_distance_s02_w1,juelich,12345,2,2,log-distance,29,30,veh9,veh7,2,0,1,946.327,0,8.64792,6.57423,nan,nan,0,0.014,0.01,0.0108333
juelich_pilot_d30_r2_log_distance_s02_w1,juelich,12345,2,2,log-distance,29,30,veh9,veh8,2,0,1,944.902,0,8.64792,7.12265,nan,nan,0,0.014,0.008,0.0108333
juelich_pilot_d30_r2_log_distance_s02_w1,juelich,12345,2,2,log-distance,30,31,veh0,veh1,2,2,0,566.817,0,7.13385,7.15331,-81.7465,15.2297,2,0.018,0.016,0.013
juelich_pilot_d30_r2_log_distance_s02_w1,juelich,12345,2,2,log-distance,30,31,veh0,veh10,2,2,0,411.258,1,7.13385,6.55149,-78.96,18.0163,2,0.018,0.016,0.013
juelich_pilot_d30_r2_log_distance_s02_w1,juelich,12345,2,2,log-distance,30,31,veh0,veh11,2,2,0,527.948,0,7.13385,1.31273,-81.1295,15.8468,2,0.018,0.016,0.013
juelich_pilot_d30_r2_log_distance_s02_w1,juelich,12345,2,2,log-distance,30,31,veh0,veh4,2,2,0,288.744,1,7.13385,0,-75.8879,21.0884,2,0.018,0.016,0.013
juelich_pilot_d30_r2_log_distance_s02_w1,juelich,12345,2,2,log-distance,30,31,veh0,veh5,2,2,0,503.976,0,7.13385,7.49549,-80.7257,16.2506,2,0.018,0.008,0.013
juelich_pilot_d30_r2_log_distance_s02_w1,juelich,12345,2,2,log-distance,30,31,veh0,veh6,2,2,0,432.674,1,7.13385,8.30027,-79.4009,17.5754,2,0.018,0.016,0.013
juelich_pilot_d30_r2_log_distance_s02_w1,juelich,12345,2,2,log-distance,30,31,veh0,veh7,2,0,1,794.789,0,7.13385,8.64403,nan,nan,0,0.018,0.01,0.013
juelich_pilot_d30_r2_log_distance_s02_w1,juelich,12345,2,2,log-distance,30,31,veh0,veh8,2,0,1,835.62,0,7.13385,7.11979,nan,nan,0,0.018,0.008,0.013
juelich_pilot_d30_r2_log_distance_s02_w1,juelich,12345,2,2,log-distance,30,31,veh0,veh9,2,2,0,381.023,1,7.13385,8.6515,-78.2967,18.6796,2,0.018,0.016,0.013
juelich_pilot_d30_r2_log_distance_s02_w1,juelich,12345,2,2,log-distance,30,31,veh1,veh0,2,2,0,566.817,0,7.15331,7.13385,-81.7465,15.2297,2,0.016,0.018,0.013
juelich_pilot_d30_r2_log_distance_s02_w1,juelich,12345,2,2,log-distance,30,31,veh1,veh10,2,2,0,250.208,1,7.15331,6.55149,-74.6436,22.3327,2,0.016,0.016,0.013
juelich_pilot_d30_r2_log_distance_s02_w1,juelich,12345,2,2,log-distance,30,31,veh1,veh11,2,2,0,39.3677,1,7.15331,1.31273,-58.5805,38.3958,2,0.016,0.016,0.013
juelich_pilot_d30_r2_log_distance_s02_w1,juelich,12345,2,2,log-distance,30,31,veh1,veh4,2,2,0,329.943,1,7.15331,0,-77.0465,19.9298,2,0.016,0.016,0.013
juelich_pilot_d30_r2_log_distance_s02_w1,juelich,12345,2,2,log-distance,30,31,veh1,veh6,2,2,0,258.891,1,7.15331,8.30027,-74.9398,22.0365,2,0.016,0.016,0.013
juelich_pilot_d30_r2_log_distance_s02_w1,juelich,12345,2,2,log-distance,30,31,veh1,veh9,2,2,0,185.846,1,7.15331,8.6515,-72.0606,24.9157,2,0.016,0.016,0.013
juelich_pilot_d30_r2_log_distance_s02_w1,juelich,12345,2,2,log-distance,30,31,veh10,veh0,2,2,0,411.258,1,6.55149,7.13385,-78.96,18.0163,2,0.016,0.018,0.013
juelich_pilot_d30_r2_log_distance_s02_w1,juelich,12345,2,2,log-distance,30,31,veh10,veh1,2,2,0,250.208,1,6.55149,7.15331,-74.6436,22.3327,2,0.016,0.016,0.013
juelich_pilot_d30_r2_log_distance_s02_w1,juelich,12345,2,2,log-distance,30,31,veh10,veh11,2,2,0,226.501,1,6.55149,1.31273,-73.7791,23.1972,2,0.016,0.016,0.013
juelich_pilot_d30_r2_log_distance_s02_w1,juelich,12345,2,2,log-distance,30,31,veh10,veh4,2,2,0,123.076,1,6.55149,0,-68.4808,28.4955,2,0.016,0.016,0.013
juelich_pilot_d30_r2_log_distance_s02_w1,juelich,12345,2,2,log-distance,30,31,veh10,veh5,2,0,1,905.698,0,6.55149,7.49549,nan,nan,0,0.016,0.008,0.013
juelich_pilot_d30_r2_log_distance_s02_w1,juelich,12345,2,2,log-distance,30,31,veh10,veh6,2,2,0,27.8477,1,6.55149,8.30027,-55.5726,41.4037,2,0.016,0.016,0.013
juelich_pilot_d30_r2_log_distance_s02_w1,juelich,12345,2,2,log-distance,30,31,veh10,veh9,2,2,0,165.969,1,6.55149,8.6515,-71.0782,25.8981,2,0.016,0.016,0.013
juelich_pilot_d30_r2_log_distance_s02_w1,juelich,12345,2,2,log-distance,30,31,veh11,veh0,2,2,0,527.948,0,1.31273,7.13385,-81.1295,15.8468,2,0.016,0.018,0.013
juelich_pilot_d30_r2_log_distance_s02_w1,juelich,12345,2,2,log-distance,30,31,veh11,veh1,2,2,0,39.3677,1,1.31273,7.15331,-58.5805,38.3958,2,0.016,0.016,0.013
juelich_pilot_d30_r2_log_distance_s02_w1,juelich,12345,2,2,log-distance,30,31,veh11,veh10,2,2,0,226.501,1,1.31273,6.55149,-73.7791,23.1972,2,0.016,0.016,0.013
juelich_pilot_d30_r2_log_distance_s02_w1,juelich,12345,2,2,log-distance,30,31,veh11,veh4,2,2,0,296.723,1,1.31273,0,-76.1247,20.8516,2,0.016,0.016,0.013
juelich_pilot_d30_r2_log_distance_s02_w1,juelich,12345,2,2,log-distance,30,31,veh11,veh5,2,0,1,967.59,0,1.31273,7.49549,nan,nan,0,0.016,0.008,0.013
juelich_pilot_d30_r2_log_distance_s02_w1,juelich,12345,2,2,log-distance,30,31,veh11,veh6,2,2,0,238.644,1,1.31273,8.30027,-74.2327,22.7436,2,0.016,0.016,0.013
juelich_pilot_d30_r2_log_distance_s02_w1,juelich,12345,2,2,log-distance,30,31,veh11,veh9,2,2,0,146.949,1,1.31273,8.6515,-70.0207,26.9556,2,0.016,0.016,0.013
juelich_pilot_d30_r2_log_distance_s02_w1,juelich,12345,2,2,log-distance,30,31,veh2,veh3,2,2,0,60.8012,1,0,12.7594,-62.3469,34.6293,2,0.008,0.008,0.013
juelich_pilot_d30_r2_log_distance_s02_w1,juelich,12345,2,2,log-distance,30,31,veh2,veh5,2,0,1,894.192,0,0,7.49549,nan,nan,0,0.008,0.008,0.013
juelich_pilot_d30_r2_log_distance_s02_w1,juelich,12345,2,2,log-distance,30,31,veh2,veh7,2,2,0,405.932,1,0,8.64403,-78.8466,18.1297,2,0.008,0.01,0.013
juelich_pilot_d30_r2_log_distance_s02_w1,juelich,12345,2,2,log-distance,30,31,veh2,veh8,2,2,0,353.357,1,0,7.11979,-77.642,19.3343,2,0.008,0.008,0.013
juelich_pilot_d30_r2_log_distance_s02_w1,juelich,12345,2,2,log-distance,30,31,veh3,veh2,2,2,0,60.8012,1,12.7594,0,-62.3469,34.6293,2,0.008,0.008,0.013
juelich_pilot_d30_r2_log_distance_s02_w1,juelich,12345,2,2,log-distance,30,31,veh3,veh5,2,0,1,858.005,0,12.7594,7.49549,nan,nan,0,0.008,0.008,0.013
juelich_pilot_d30_r2_log_distance_s02_w1,juelich,12345,2,2,log-distance,30,31,veh3,veh7,2,2,0,382.621,1,12.7594,8.64403,-78.333,18.6433,2,0.008,0.01,0.013
juelich_pilot_d30_r2_log_distance_s02_w1,juelich,12345,2,2,log-distance,30,31,veh3,veh8,2,2,0,344.032,1,12.7594,7.11979,-77.4096,19.5666,2,0.008,0.008,0.013
juelich_pilot_d30_r2_log_distance_s02_w1,juelich,12345,2,2,log-distance,30,31,veh4,veh0,2,2,0,288.744,1,0,7.13385,-75.8879,21.0884,2,0.016,0.018,0.013
juelich_pilot_d30_r2_log_distance_s02_w1,juelich,12345,2,2,log-distance,30,31,veh4,veh1,2,2,0,329.943,1,0,7.15331,-77.0465,19.9298,2,0.016,0.016,0.013
juelich_pilot_d30_r2_log_distance_s02_w1,juelich,12345,2,2,log-distance,30,31,veh4,veh10,2,2,0,123.076,1,0,6.55149,-68.4808,28.4955,2,0.016,0.016,0.013
juelich_pilot_d30_r2_log_distance_s02_w1,juelich,12345,2,2,log-distance,30,31,veh4,veh11,2,2,0,296.723,1,0,1.31273,-76.1247,20.8516,2,0.016,0.016,0.013
juelich_pilot_d30_r2_log_distance_s02_w1,juelich,12345,2,2,log-distance,30,31,veh4,veh5,2,0,1,786.684,0,0,7.49549,nan,nan,0,0.016,0.008,0.013
juelich_pilot_d30_r2_log_distance_s02_w1,juelich,12345,2,2,log-distance,30,31,veh4,veh6,2,2,0,143.969,1,0,8.30027,-69.8426,27.1337,2,0.016,0.016,0.013
juelich_pilot_d30_r2_log_distance_s02_w1,juelich,12345,2,2,log-distance,30,31,veh4,veh7,2,0,1,997.081,0,0,8.64403,nan,nan,0,0.016,0.01,0.013
juelich_pilot_d30_r2_log_distance_s02_w1,juelich,12345,2,2,log-distance,30,31,veh4,veh9,2,2,0,174.185,1,0,8.6515,-71.4978,25.4785,2,0.016,0.016,0.013
juelich_pilot_d30_r2_log_distance_s02_w1,juelich,12345,2,2,log-distance,30,31,veh5,veh0,2,2,0,503.976,0,7.49549,7.13385,-80.7257,4.11788,2,0.008,0.018,0.013
juelich_pilot_d30_r2_log_distance_s02_w1,juelich,12345,2,2,log-distance,30,31,veh5,veh10,2,0,1,905.698,0,7.49549,6.55149,nan,nan,0,0.008,0.016,0.013
juelich_pilot_d30_r2_log_distance_s02_w1,juelich,12345,2,2,log-distance,30,31,veh5,veh11,2,0,1,967.59,0,7.49549,1.31273,nan,nan,0,0.008,0.016,0.013
juelich_pilot_d30_r2_log_distance_s02_w1,juelich,12345,2,2,log-distance,30,31,veh5,veh2,2,0,1,894.192,0,7.49549,0,nan,nan,0,0.008,0.008,0.013
juelich_pilot_d30_r2_log_distance_s02_w1,juelich,12345,2,2,log-distance,30,31,veh5,veh3,2,0,1,858.005,0,7.49549,12.7594,nan,nan,0,0.008,0.008,0.013
juelich_pilot_d30_r2_log_distance_s02_w1,juelich,12345,2,2,log-distance,30,31,veh5,veh4,2,0,1,786.684,0,7.49549,0,nan,nan,0,0.008,0.016,0.013
juelich_pilot_d30_r2_log_distance_s02_w1,juelich,12345,2,2,log-distance,30,31,veh5,veh6,2,0,1,929.486,0,7.49549,8.30027,nan,nan,0,0.008,0.016,0.013
juelich_pilot_d30_r2_log_distance_s02_w1,juelich,12345,2,2,log-distance,30,31,veh5,veh7,2,0,1,503.076,0,7.49549,8.64403,nan,nan,0,0.008,0.01,0.013
juelich_pilot_d30_r2_log_distance_s02_w1,juelich,12345,2,2,log-distance,30,31,veh5,veh8,2,0,1,590.73,0,7.49549,7.11979,nan,nan,0,0.008,0.008,0.013
juelich_pilot_d30_r2_log_distance_s02_w1,juelich,12345,2,2,log-distance,30,31,veh5,veh9,2,0,1,831.566,0,7.49549,8.6515,nan,nan,0,0.008,0.016,0.013
juelich_pilot_d30_r2_log_distance_s02_w1,juelich,12345,2,2,log-distance,30,31,veh6,veh0,2,2,0,432.674,1,8.30027,7.13385,-79.4009,17.5754,2,0.016,0.018,0.013
juelich_pilot_d30_r2_log_distance_s02_w1,juelich,12345,2,2,log-distance,30,31,veh6,veh1,2,2,0,258.891,1,8.30027,7.15331,-74.9398,22.0365,2,0.016,0.016,0.013
juelich_pilot_d30_r2_log_distance_s02_w1,juelich,12345,2,2,log-distance,30,31,veh6,veh10,2,2,0,27.8477,1,8.30027,6.55149,-55.5726,41.4037,2,0.016,0.016,0.013
juelich_pilot_d30_r2_log_distance_s02_w1,juelich,12345,2,2,log-distance,30,31,veh6,veh11,2,2,0,238.644,1,8.30027,1.31273,-74.2327,22.7436,2,0.016,0.016,0.013
juelich_pilot_d30_r2_log_distance_s02_w1,juelich,12345,2,2,log-distance,30,31,veh6,veh4,2,2,0,143.969,1,8.30027,0,-69.8426,27.1337,2,0.016,0.016,0.013
juelich_pilot_d30_r2_log_distance_s02_w1,juelich,12345,2,2,log-distance,30,31,veh6,veh5,2,0,1,929.486,0,8.30027,7.49549,nan,nan,0,0.016,0.008,0.013
juelich_pilot_d30_r2_log_distance_s02_w1,juelich,12345,2,2,log-distance,30,31,veh6,veh9,2,2,0,191.222,1,8.30027,8.6515,-72.3085,24.6678,2,0.016,0.016,0.013
juelich_pilot_d30_r2_log_distance_s02_w1,juelich,12345,2,2,log-distance,30,31,veh7,veh0,2,0,1,794.789,0,8.64403,7.13385,nan,nan,0,0.01,0.018,0.013
juelich_pilot_d30_r2_log_distance_s02_w1,juelich,12345,2,2,log-distance,30,31,veh7,veh2,2,2,0,405.932,1,8.64403,0,-78.8466,18.1297,2,0.01,0.008,0.013
juelich_pilot_d30_r2_log_distance_s02_w1,juelich,12345,2,2,log-distance,30,31,veh7,veh3,2,2,0,382.621,1,8.64403,12.7594,-78.333,18.6433,2,0.01,0.008,0.013
juelich_pilot_d30_r2_log_distance_s02_w1,juelich,12345,2,2,log-distance,30,31,veh7,veh4,2,0,1,997.081,0,8.64403,0,nan,nan,0,0.01,0.016,0.013
juelich_pilot_d30_r2_log_distance_s02_w1,juelich,12345,2,2,log-distance,30,31,veh7,veh5,2,2,0,503.076,0,8.64403,7.49549,-80.7102,16.2661,2,0.01,0.008,0.013
juelich_pilot_d30_r2_log_distance_s02_w1,juelich,12345,2,2,log-distance,30,31,veh7,veh8,2,2,0,99.7935,1,8.64403,7.11979,-66.6566,30.3197,2,0.01,0.008,0.013
juelich_pilot_d30_r2_log_distance_s02_w1,juelich,12345,2,2,log-distance,30,31,veh7,veh9,2,0,1,948.632,0,8.64403,8.6515,nan,nan,0,0.01,0.016,0.013
juelich_pilot_d30_r2_log_distance_s02_w1,juelich,12345,2,2,log-distance,30,31,veh8,veh0,2,0,1,835.62,0,7.11979,7.13385,nan,nan,0,0.008,0.018,0.013
juelich_pilot_d30_r2_log_distance_s02_w1,juelich,12345,2,2,log-distance,30,31,veh8,veh2,2,2,0,353.357,1,7.11979,0,-77.642,7.75167,2,0.008,0.008,0.013
juelich_pilot_d30_r2_log_distance_s02_w1,juelich,12345,2,2,log-distance,30,31,veh8,veh3,2,2,0,344.032,1,7.11979,12.7594,-77.4096,7.64918,2,0.008,0.008,0.013
juelich_pilot_d30_r2_log_distance_s02_w1,juelich,12345,2,2,log-distance,30,31,veh8,veh5,2,0,1,590.73,0,7.11979,7.49549,nan,nan,0,0.008,0.008,0.013
juelich_pilot_d30_r2_log_distance_s02_w1,juelich,12345,2,2,log-distance,30,31,veh8,veh7,2,2,0,99.7935,1,7.11979,8.64403,-66.6566,13.9522,2,0.008,0.01,0.013
juelich_pilot_d30_r2_log_distance_s02_w1,juelich,12345,2,2,log-distance,30,31,veh8,veh9,2,0,1,949.965,0,7.11979,8.6515,nan,nan,0,0.008,0.016,0.013
juelich_pilot_d30_r2_log_distance_s02_w1,juelich,12345,2,2,log-distance,30,31,veh9,veh0,2,2,0,381.023,1,8.6515,7.13385,-78.2967,18.6796,2,0.016,0.018,0.013
juelich_pilot_d30_r2_log_distance_s02_w1,juelich,12345,2,2,log-distance,30,31,veh9,veh1,2,2,0,185.846,1,8.6515,7.15331,-72.0606,24.9157,2,0.016,0.016,0.013
juelich_pilot_d30_r2_log_distance_s02_w1,juelich,12345,2,2,log-distance,30,31,veh9,veh10,2,2,0,165.969,1,8.6515,6.55149,-71.0782,25.8981,2,0.016,0.016,0.013
juelich_pilot_d30_r2_log_distance_s02_w1,juelich,12345,2,2,log-distance,30,31,veh9,veh11,2,2,0,146.949,1,8.6515,1.31273,-70.0207,26.9556,2,0.016,0.016,0.013
juelich_pilot_d30_r2_log_distance_s02_w1,juelich,12345,2,2,log-distance,30,31,veh9,veh4,2,2,0,174.185,1,8.6515,0,-71.4978,25.4785,2,0.016,0.016,0.013
juelich_pilot_d30_r2_log_distance_s02_w1,juelich,12345,2,2,log-distance,30,31,veh9,veh5,2,0,1,831.566,0,8.6515,7.49549,nan,nan,0,0.016,0.008,0.013
juelich_pilot_d30_r2_log_distance_s02_w1,juelich,12345,2,2,log-distance,30,31,veh9,veh6,2,2,0,191.222,1,8.6515,8.30027,-72.3085,24.6678,2,0.016,0.016,0.013
juelich_pilot_d30_r2_log_distance_s02_w1,juelich,12345,2,2,log-distance,30,31,veh9,veh7,2,0,1,948.632,0,8.6515,8.64403,nan,nan,0,0.016,0.01,0.013
juelich_pilot_d30_r2_log_distance_s02_w1,juelich,12345,2,2,log-distance,30,31,veh9,veh8,2,0,1,949.965,0,8.6515,7.11979,nan,nan,0,0.016,0.008,0.013
juelich_pilot_d30_r2_log_distance_s02_w1,juelich,12345,2,2,log-distance,31,32,veh0,veh1,2,2,0,563.202,0,8.07491,8.3334,-81.691,15.2853,2,0.018,0.016,0.013
juelich_pilot_d30_r2_log_distance_s02_w1,juelich,12345,2,2,log-distance,31,32,veh0,veh10,2,2,0,411.707,1,8.07491,8.32516,-78.9695,18.0068,2,0.018,0.016,0.013
juelich_pilot_d30_r2_log_distance_s02_w1,juelich,12345,2,2,log-distance,31,32,veh0,veh11,2,2,0,522.923,0,8.07491,3.37105,-81.0464,15.9299,2,0.018,0.016,0.013
juelich_pilot_d30_r2_log_distance_s02_w1,juelich,12345,2,2,log-distance,31,32,veh0,veh4,2,2,0,283.292,1,8.07491,0,-75.7223,21.254,2,0.018,0.016,0.013
juelich_pilot_d30_r2_log_distance_s02_w1,juelich,12345,2,2,log-distance,31,32,veh0,veh5,2,2,0,517.133,0,8.07491,7.50572,-80.9496,16.0267,2,0.018,0.008,0.013
juelich_pilot_d30_r2_log_distance_s02_w1,juelich,12345,2,2,log-distance,31,32,veh0,veh6,2,2,0,430.591,1,8.07491,8.14216,-79.3589,17.6173,2,0.018,0.016,0.013
juelich_pilot_d30_r2_log_distance_s02_w1,juelich,12345,2,2,log-distance,31,32,veh0,veh7,2,0,1,792.529,0,8.07491,10.4552,nan,nan,0,0.018,0.01,0.013
juelich_pilot_d30_r2_log_distance_s02_w1,juelich,12345,2,2,log-distance,31,32,veh0,veh8,2,0,1,841.754,0,8.07491,7.14918,nan,nan,0,0.018,0.008,0.013
juelich_pilot_d30_r2_log_distance_s02_w1,juelich,12345,2,2,log-distance,31,32,veh0,veh9,2,2,0,381.969,1,8.07491,8.678,-78.3183,18.658,2,0.018,0.016,0.013
juelich_pilot_d30_r2_log_distance_s02_w1,juelich,12345,2,2,log-distance,31,32,veh1,veh0,2,2,0,563.202,0,8.3334,8.07491,-81.691,15.2853,2,0.016,0.018,0.013
juelich_pilot_d30_r2_log_distance_s02_w1,juelich,12345,2,2,log-distance,31,32,veh1,veh10,2,2,0,256.983,1,8.3334,8.32516,-74.8755,22.1007,2,0.016,0.016,0.013
juelich_pilot_d30_r2_log_distance_s02_w1,juelich,12345,2,2,log-distance,31,32,veh1,veh11,2,2,0,40.3952,1,8.3334,3.37105,-58.8031,38.1732,2,0.016,0.016,0.013
juelich_pilot_d30_r2_log_distance_s02_w1,juelich,12345,2,2,log-distance,31,32,veh1,veh4,2,2,0,332.149,1,8.3334,0,-77.1043,19.8719,2,0.016,0.016,0.013
juelich_pilot_d30_r2_log_distance_s02_w1,juelich,12345,2,2,log-distance,31,32,veh1,veh6,2,2,0,269.705,1,8.3334,8.14216,-75.2948,21.6815,2,0.016,0.016,0.013
juelich_pilot_d30_r2_log_distance_s02_w1,juelich,12345,2,2,log-distance,31,32,veh1,veh9,2,2,0,181.551,1,8.3334,8.678,-71.8576,25.1187,2,0.016,0.016,0.013
juelich_pilot_d30_r2_log_distance_s02_w1,juelich,12345,2,2,log-distance,31,32,veh10,veh0,2,2,0,411.707,1,8.32516,8.07491,-78.9695,18.0068,2,0.016,0.018,0.013
juelich_pilot_d30_r2_log_distance_s02_w1,juelich,12345,2,2,log-distance,31,32,veh10,veh1,2,2,0,256.983,1,8.32516,8.3334,-74.8755,22.1007,2,0.016,0.016,0.013
juelich_pilot_d30_r2_log_distance_s02_w1,juelich,12345,2,2,log-distance,31,32,veh10,veh11,2,2,0,227.296,1,8.32516,3.37105,-73.8095,23.1668,2,0.016,0.016,0.013
juelich_pilot_d30_r2_log_distance_s02_w1,juelich,12345,2,2,log-distance,31,32,veh10,veh4,2,2,0,128.559,1,8.32516,0,-68.8591,28.1172,2,0.016,0.016,0.013
juelich_pilot_d30_r2_log_distance_s02_w1,juelich,12345,2,2,log-distance,31,32,veh10,veh5,2,0,1,918.31,0,8.32516,7.50572,nan,nan,0,0.016,0.008,0.013
juelich_pilot_d30_r2_log_distance_s02_w1,juelich,12345,2,2,log-distance,31,32,veh10,veh6,2,2,0,27.4353,1,8.32516,8.14216,-55.4407,41.5356,2,0.016,0.016,0.013
juelich_pilot_d30_r2_log_distance_s02_w1,juelich,12345,2,2,log-distance,31,32,veh10,veh9,2,2,0,165.102,1,8.32516,8.678,-71.0327,25.9435,2,0.016,0.016,0.013
juelich_pilot_d30_r2_log_distance_s02_w1,juelich,12345,2,2,log-distance,31,32,veh11,veh0,2,2,0,522.923,0,3.37105,8.07491,-81.0464,15.9299,2,0.016,0.018,0.013
juelich_pilot_d30_r2_log_distance_s02_w1,juelich,12345,2,2,log-distance,31,32,veh11,veh1,2,2,0,40.3952,1,3.37105,8.3334,-58.8031,38.1732,2,0.016,0.016,0.013
juelich_pilot_d30_r2_log_distance_s02_w1,juelich,12345,2,2,log-distance,31,32,veh11,veh10,2,2,0,227.296,1,3.37105,8.32516,-73.8095,23.1668,2,0.016,0.016,0.013
juelich_pilot_d30_r2_log_distance_s02_w1,juelich,12345,2,2,log-distance,31,32,veh11,veh4,2,2,0,294.289,1,3.37105,0,-76.0531,20.9232,2,0.016,0.016,0.013
juelich_pilot_d30_r2_log_distance_s02_w1,juelich,12345,2,2,log-distance,31,32,veh11,veh5,2,0,1,970.809,0,3.37105,7.50572,nan,nan,0,0.016,0.008,0.013
juelich_pilot_d30_r2_log_distance_s02_w1,juelich,12345,2,2,log-distance,31,32,veh11,veh6,2,2,0,242.732,1,3.37105,8.14216,-74.3801,22.5962,2,0.016,0.016,0.013
juelich_pilot_d30_r2_log_distance_s02_w1,juelich,12345,2,2,log-distance,31,32,veh11,veh9,2,2,0,141.192,1,3.37105,8.678,-69.6733,27.303,2,0.016,0.016,0.013
juelich_pilot_d30_r2_log_distance_s02_w1,juelich,12345,2,2,log-distance,31,32,veh2,veh3,2,2,0,50.1736,1,0,12.6785,-60.6761,36.3002,2,0.008,0.008,0.013
juelich_pilot_d30_r2_log_distance_s02_w1,juelich,12345,2,2,log-distance,31,32,veh2,veh5,2,0,1,888.337,0,0,7.50572,nan,nan,0,0.008,0.008,0.013
juelich_pilot_d30_r2_log_distance_s02_w1,juelich,12345,2,2,log-distance,31,32,veh2,veh7,2,2,0,415.503,1,0,10.4552,-79.049,17.9273,2,0.008,0.01,0.013
juelich_pilot_d30_r2_log_distance_s02_w1,juelich,12345,2,2,log-distance,31,32,veh2,veh8,2,2,0,354.48,1,0,7.14918,-77.6695,19.3067,2,0.008,0.008,0.013
juelich_pilot_d30_r2_log_distance_s02_w1,juelich,12345,2,2,log-distance,31,32,veh3,veh2,2,2,0,50.1736,1,12.6785,0,-60.6761,36.3002,2,0.008,0.008,0.013
juelich_pilot_d30_r2_log_distance_s02_w1,juelich,12345,2,2,log-distance,31,32,veh3,veh5,2,0,1,853.065,0,12.6785,7.50572,nan,nan,0,0.008,0.008,0.013
juelich_pilot_d30_r2_log_distance_s02_w1,juelich,12345,2,2,log-distance,31,32,veh3,veh7,2,2,0,389.753,1,12.6785,10.4552,-78.4934,18.4829,2,0.008,0.01,0.013
juelich_pilot_d30_r2_log_distance_s02_w1,juelich,12345,2,2,log-distance,31,32,veh3,veh8,2,2,0,340.564,1,12.6785,7.14918,-77.3216,19.6546,2,0.008,0.008,0.013
juelich_pilot_d30_r2_log_distance_s02_w1,juelich,12345,2,2,log-distance,31,32,veh4,veh0,2,2,0,283.292,1,0,8.07491,-75.7223,21.254,2,0.016,0.018,0.013
juelich_pilot_d30_r2_log_distance_s02_w1,juelich,12345,2,2,log-distance,31,32,veh4,veh1,2,2,0,332.149,1,0,8.3334,-77.1043,19.8719,2,0.016,0.016,0.013
juelich_pilot_d30_r2_log_distance_s02_w1,juelich,12345,2,2,log-distance,31,32,veh4,veh10,2,2,0,128.559,1,0,8.32516,-68.8591,28.1172,2,0.016,0.016,0.013
juelich_pilot_d30_r2_log_distance_s02_w1,juelich,12345,2,2,log-distance,31,32,veh4,veh11,2,2,0,294.289,1,0,3.37105,-76.0531,20.9232,2,0.016,0.016,0.013
juelich_pilot_d30_r2_log_distance_s02_w1,juelich,12345,2,2,log-distance,31,32,veh4,veh5,2,0,1,792.93,0,0,7.50572,nan,nan,0,0.016,0.008,0.013
juelich_pilot_d30_r2_log_distance_s02_w1,juelich,12345,2,2,log-distance,31,32,veh4,veh6,2,2,0,147.689,1,0,8.14216,-70.0647,26.9116,2,0.016,0.016,0.013
juelich_pilot_d30_r2_log_distance_s02_w1,juelich,12345,2,2,log-distance,31,32,veh4,veh7,2,0,1,988.433,0,0,10.4552,nan,nan,0,0.016,0.01,0.013
juelich_pilot_d30_r2_log_distance_s02_w1,juelich,12345,2,2,log-distance,31,32,veh4,veh9,2,2,0,171.458,1,0,8.678,-71.3608,25.6155,2,0.016,0.016,0.013
juelich_pilot_d30_r2_log_distance_s02_w1,juelich,12345,2,2,log-distance,31,32,veh5,veh0,2,0,1,517.133,0,7.50572,8.07491,nan,nan,0,0.008,0.018,0.013
juelich_pilot_d30_r2_log_distance_s02_w1,juelich,12345,2,2,log-distance,31,32,veh5,veh10,2,0,1,918.31,0,7.50572,8.32516,nan,nan,0,0.008,0.016,0.013
juelich_pilot_d30_r2_log_distance_s02_w1,juelich,12345,2,2,log-distance,31,32,veh5,veh11,2,0,1,970.809,0,7.50572,3.37105,nan,nan,0,0.008,0.016,0.013
juelich_pilot_d30_r2_log_distance_s02_w1,juelich,12345,2,2,log-distance,31,32,veh5,veh2,2,0,1,888.337,0,7.50572,0,nan,nan,0,0.008,0.008,0.013
juelich_pilot_d30_r2_log_distance_s02_w1,juelich,12345,2,2,log-distance,31,32,veh5,veh3,2,0,1,853.065,0,7.50572,12.6785,nan,nan,0,0.008,0.008,0.013
juelich_pilot_d30_r2_log_distance_s02_w1,juelich,12345,2,2,log-distance,31,32,veh5,veh4,2,0,1,792.93,0,7.50572,0,nan,nan,0,0.008,0.016,0.013
juelich_pilot_d30_r2_log_distance_s02_w1,juelich,12345,2,2,log-distance,31,32,veh5,veh6,2,0,1,940.018,0,7.50572,8.14216,nan,nan,0,0.008,0.016,0.013
juelich_pilot_d30_r2_log_distance_s02_w1,juelich,12345,2,2,log-distance,31,32,veh5,veh7,2,0,1,489.469,1,7.50572,10.4552,nan,nan,0,0.008,0.01,0.013
juelich_pilot_d30_r2_log_distance_s02_w1,juelich,12345,2,2,log-distance,31,32,veh5,veh8,2,0,1,589.902,0,7.50572,7.14918,nan,nan,0,0.008,0.008,0.013
juelich_pilot_d30_r2_log_distance_s02_w1,juelich,12345,2,2,log-distance,31,32,veh5,veh9,2,0,1,843.453,0,7.50572,8.678,nan,nan,0,0.008,0.016,0.013
juelich_pilot_d30_r2_log_distance_s02_w1,juelich,12345,2,2,log-distance,31,32,veh6,veh0,2,2,0,430.591,1,8.14216,8.07491,-79.3589,17.6173,2,0.016,0.018,0.013
juelich_pilot_d30_r2_log_distance_s02_w1,juelich,12345,2,2,log-distance,31,32,veh6,veh1,2,2,0,269.705,1,8.14216,8.3334,-75.2948,21.6815,2,0.016,0.016,0.013
juelich_pilot_d30_r2_log_distance_s02_w1,juelich,12345,2,2,log-distance,31,32,veh6,veh10,2,2,0,27.4353,1,8.14216,8.32516,-55.4407,41.5356,2,0.016,0.016,0.013
juelich_pilot_d30_r2_log_distance_s02_w1,juelich,12345,2,2,log-distance,31,32,veh6,veh11,2,2,0,242.732,1,8.14216,3.37105,-74.3801,22.5962,2,0.016,0.016,0.013
juelich_pilot_d30_r2_log_distance_s02_w1,juelich,12345,2,2,log-distance,31,32,veh6,veh4,2,2,0,147.689,1,8.14216,0,-70.0647,26.9116,2,0.016,0.016,0.013
juelich_pilot_d30_r2_log_distance_s02_w1,juelich,12345,2,2,log-distance,31,32,veh6,veh5,2,0,1,940.018,0,8.14216,7.50572,nan,nan,0,0.016,0.008,0.013
juelich_pilot_d30_r2_log_distance_s02_w1,juelich,12345,2,2,log-distance,31,32,veh6,veh9,2,2,0,191.033,1,8.14216,8.678,-72.2998,24.6764,2,0.016,0.016,0.013
juelich_pilot_d30_r2_log_distance_s02_w1,juelich,12345,2,2,log-distance,31,32,veh7,veh0,2,0,1,792.529,0,10.4552,8.07491,nan,nan,0,0.01,0.018,0.013
juelich_pilot_d30_r2_log_distance_s02_w1,juelich,12345,2,2,log-distance,31,32,veh7,veh2,2,2,0,415.503,1,10.4552,0,-79.049,17.9273,2,0.01,0.008,0.013
juelich_pilot_d30_r2_log_distance_s02_w1,juelich,12345,2,2,log-distance,31,32,veh7,veh3,2,2,0,389.753,1,10.4552,12.6785,-78.4934,18.4829,2,0.01,0.008,0.013
juelich_pilot_d30_r2_log_distance_s02_w1,juelich,12345,2,2,log-distance,31,32,veh7,veh4,2,0,1,988.433,0,10.4552,0,nan,nan,0,0.01,0.016,0.013
juelich_pilot_d30_r2_log_distance_s02_w1,juelich,12345,2,2,log-distance,31,32,veh7,veh5,2,2,0,489.469,1,10.4552,7.50572,-80.472,16.5043,2,0.01,0.008,0.013
juelich_pilot_d30_r2_log_distance_s02_w1,juelich,12345,2,2,log-distance,31,32,veh7,veh8,2,2,0,111.073,1,10.4552,7.14918,-67.5868,29.3895,2,0.01,0.008,0.013
juelich_pilot_d30_r2_log_distance_s02_w1,juelich,12345,2,2,log-distance,31,32,veh7,veh9,2,0,1,949.376,0,10.4552,8.678,nan,nan,0,0.01,0.016,0.013
juelich_pilot_d30_r2_log_distance_s02_w1,juelich,12345,2,2,log-distance,31,32,veh8,veh0,2,0,1,841.754,0,7.14918,8.07491,nan,nan,0,0.008,0.018,0.013
juelich_pilot_d30_r2_log_distance_s02_w1,juelich,12345,2,2,log-distance,31,32,veh8,veh2,2,2,0,354.48,1,7.14918,0,-77.6695,7.67099,2,0.008,0.008,0.013
juelich_pilot_d30_r2_log_distance_s02_w1,juelich,12345,2,2,log-distance,31,32,veh8,veh3,2,2,0,340.564,1,7.14918,12.6785,-77.3216,7.69024,2,0.008,0.008,0.013
juelich_pilot_d30_r2_log_distance_s02_w1,juelich,12345,2,2,log-distance,31,32,veh8,veh5,2,0,1,589.902,0,7.14918,7.50572,nan,nan,0,0.008,0.008,0.013
juelich_pilot_d30_r2_log_distance_s02_w1,juelich,12345,2,2,log-distance,31,32,veh8,veh7,2,2,0,111.073,1,7.14918,10.4552,-67.5868,12.7891,2,0.008,0.01,0.013
juelich_pilot_d30_r2_log_distance_s02_w1,juelich,12345,2,2,log-distance,31,32,veh8,veh9,2,0,1,955.078,0,7.14918,8.678,nan,nan,0,0.008,0.016,0.013
juelich_pilot_d30_r2_log_distance_s02_w1,juelich,12345,2,2,log-distance,31,32,veh9,veh0,2,2,0,381.969,1,8.678,8.07491,-78.3183,18.658,2,0.016,0.018,0.013
juelich_pilot_d30_r2_log_distance_s02_w1,juelich,12345,2,2,log-distance,31,32,veh9,veh1,2,2,0,181.551,1,8.678,8.3334,-71.8576,25.1187,2,0.016,0.016,0.013
juelich_pilot_d30_r2_log_distance_s02_w1,juelich,12345,2,2,log-distance,31,32,veh9,veh10,2,2,0,165.102,1,8.678,8.32516,-71.0327,25.9435,2,0.016,0.016,0.013
juelich_pilot_d30_r2_log_distance_s02_w1,juelich,12345,2,2,log-distance,31,32,veh9,veh11,2,2,0,141.192,1,8.678,3.37105,-69.6733,27.303,2,0.016,0.016,0.013
juelich_pilot_d30_r2_log_distance_s02_w1,juelich,12345,2,2,log-distance,31,32,veh9,veh4,2,2,0,171.458,1,8.678,0,-71.3608,25.6155,2,0.016,0.016,0.013
juelich_pilot_d30_r2_log_distance_s02_w1,juelich,12345,2,2,log-distance,31,32,veh9,veh5,2,0,1,843.453,0,8.678,7.50572,nan,nan,0,0.016,0.008,0.013
juelich_pilot_d30_r2_log_distance_s02_w1,juelich,12345,2,2,log-distance,31,32,veh9,veh6,2,2,0,191.033,1,8.678,8.14216,-72.2998,24.6764,2,0.016,0.016,0.013
juelich_pilot_d30_r2_log_distance_s02_w1,juelich,12345,2,2,log-distance,31,32,veh9,veh7,2,0,1,949.376,0,8.678,10.4552,nan,nan,0,0.016,0.01,0.013
juelich_pilot_d30_r2_log_distance_s02_w1,juelich,12345,2,2,log-distance,31,32,veh9,veh8,2,0,1,955.078,0,8.678,7.14918,nan,nan,0,0.016,0.008,0.013
juelich_pilot_d30_r2_log_distance_s02_w1,juelich,12345,2,2,log-distance,32,33,veh0,veh1,2,2,0,561.188,0,9.46239,8.33242,-81.6599,15.3164,2,0.019,0.017,0.0135641
juelich_pilot_d30_r2_log_distance_s02_w1,juelich,12345,2,2,log-distance,32,33,veh0,veh10,2,2,0,414.386,1,9.46239,8.5483,-79.0258,17.9505,2,0.019,0.017,0.0135641
juelich_pilot_d30_r2_log_distance_s02_w1,juelich,12345,2,2,log-distance,32,33,veh0,veh11,2,2,0,518.655,0,9.46239,5.40793,-80.9753,16.001,2,0.019,0.017,0.0135641
juelich_pilot_d30_r2_log_distance_s02_w1,juelich,12345,2,2,log-distance,32,33,veh0,veh12,1,1,0,452.962,1,9.50817,0.252354,-79.7989,17.1774,1,0.019,0.0133333,0.0135641
juelich_pilot_d30_r2_log_distance_s02_w1,juelich,12345,2,2,log-distance,32,33,veh0,veh4,2,2,0,279.471,1,9.46239,0,-75.6044,21.3718,2,0.019,0.017,0.0135641
juelich_pilot_d30_r2_log_distance_s02_w1,juelich,12345,2,2,log-distance,32,33,veh0,veh5,2,2,0,529.783,0,9.46239,7.47734,-81.1596,15.8167,2,0.019,0.008,0.0135641
juelich_pilot_d30_r2_log_distance_s02_w1,juelich,12345,2,2,log-distance,32,33,veh0,veh6,2,2,0,422.993,1,9.46239,8.31074,-79.2043,17.772,2,0.019,0.017,0.0135641
juelich_pilot_d30_r2_log_distance_s02_w1,juelich,12345,2,2,log-distance,32,33,veh0,veh7,2,0,1,790.294,0,9.46239,11.1816,nan,nan,0,0.019,0.01,0.0135641
juelich_pilot_d30_r2_log_distance_s02_w1,juelich,12345,2,2,log-distance,32,33,veh0,veh8,2,0,1,849.606,0,9.46239,7.09919,nan,nan,0,0.019,0.008,0.0135641
juelich_pilot_d30_r2_log_distance_s02_w1,juelich,12345,2,2,log-distance,32,33,veh0,veh9,2,2,0,385.414,1,9.46239,8.60537,-78.3962,18.5801,2,0.019,0.017,0.0135641
juelich_pilot_d30_r2_log_distance_s02_w1,juelich,12345,2,2,log-distance,32,33,veh1,veh0,2,2,0,561.188,0,8.33242,9.46239,-81.6599,15.3164,2,0.017,0.019,0.0135641
juelich_pilot_d30_r2_log_distance_s02_w1,juelich,12345,2,2,log-distance,32,33,veh1,veh10,2,2,0,263.917,1,8.33242,8.5483,-75.1069,21.8694,2,0.017,0.017,0.0135641
juelich_pilot_d30_r2_log_distance_s02_w1,juelich,12345,2,2,log-distance,32,33,veh1,veh11,2,2,0,43.9926,1,8.33242,5.40793,-59.5427,37.4336,2,0.017,0.017,0.0135641
juelich_pilot_d30_r2_log_distance_s02_w1,juelich,12345,2,2,log-distance,32,33,veh1,veh12,1,0,1,676.914,0,8.37099,0.252354,nan,nan,0,0.017,0.0133333,0.0135641
juelich_pilot_d30_r2_log_distance_s02_w1,juelich,12345,2,2,log-distance,32,33,veh1,veh4,2,2,0,333.313,1,8.33242,0,-77.1348,19.8415,2,0.017,0.017,0.0135641
juelich_pilot_d30_r2_log_distance_s02_w1,juelich,12345,2,2,log-distance,32,33,veh1,veh6,2,2,0,282.073,1,8.33242,8.31074,-75.6845,21.2918,2,0.017,0.017,0.0135641
juelich_pilot_d30_r2_log_distance_s02_w1,juelich,12345,2,2,log-distance,32,33,veh1,veh9,2,2,0,177.294,1,8.33242,8.60537,-71.6514,25.3249,2,0.017,0.017,0.0135641
juelich_pilot_d30_r2_log_distance_s02_w1,juelich,12345,2,2,log-distance,32,33,veh10,veh0,2,2,0,414.386,1,8.5483,9.46239,-79.0258,17.9505,2,0.017,0.019,0.0135641
juelich_pilot_d30_r2_log_distance_s02_w1,juelich,12345,2,2,log-distance,32,33,veh10,veh1,2,2,0,263.917,1,8.5483,8.33242,-75.1069,21.8694,2,0.017,0.017,0.0135641
juelich_pilot_d30_r2_log_distance_s02_w1,juelich,12345,2,2,log-distance,32,33,veh10,veh11,2,2,0,226.948,1,8.5483,5.40793,-73.7962,23.1801,2,0.017,0.017,0.0135641
juelich_pilot_d30_r2_log_distance_s02_w1,juelich,12345,2,2,log-distance,32,33,veh10,veh12,1,1,0,411.968,1,8.56172,0.252354,-78.975,18.0013,1,0.017,0.0133333,0.0135641
juelich_pilot_d30_r2_log_distance_s02_w1,juelich,12345,2,2,log-distance,32,33,veh10,veh4,2,2,0,134.941,1,8.5483,0,-69.28,27.6963,2,0.017,0.017,0.0135641
juelich_pilot_d30_r2_log_distance_s02_w1,juelich,12345,2,2,log-distance,32,33,veh10,veh5,2,0,1,931.779,0,8.5483,7.47734,nan,nan,0,0.017,0.008,0.0135641
juelich_pilot_d30_r2_log_distance_s02_w1,juelich,12345,2,2,log-distance,32,33,veh10,veh6,2,2,0,23.3832,1,8.5483,8.31074,-54.05,42.9263,2,0.017,0.017,0.0135641
juelich_pilot_d30_r2_log_distance_s02_w1,juelich,12345,2,2,log-distance,32,33,veh10,veh9,2,2,0,165.064,1,8.5483,8.60537,-71.0307,25.9456,2,0.017,0.017,0.0135641
juelich_pilot_d30_r2_log_distance_s02_w1,juelich,12345,2,2,log-distance,32,33,veh11,veh0,2,2,0,518.655,0,5.40793,9.46239,-80.9753,16.001,2,0.017,0.019,0.0135641
juelich_pilot_d30_r2_log_distance_s02_w1,juelich,12345,2,2,log-distance,32,33,veh11,veh1,2,2,0,43.9926,1,5.40793,8.33242,-59.5427,37.4336,2,0.017,0.017,0.0135641
juelich_pilot_d30_r2_log_distance_s02_w1,juelich,12345,2,2,log-distance,32,33,veh11,veh10,2,2,0,226.948,1,5.40793,8.5483,-73.7962,23.1801,2,0.017,0.017,0.0135641
juelich_pilot_d30_r2_log_distance_s02_w1,juelich,12345,2,2,log-distance,32,33,veh11,veh12,1,0,1,636.4,0,5.93998,0.252354,nan,nan,0,0.017,0.0133333,0.0135641
juelich_pilot_d30_r2_log_distance_s02_w1,juelich,12345,2,2,log-distance,32,33,veh11,veh4,2,2,0,289.813,1,5.40793,0,-75.9199,21.0563,2,0.017,0.017,0.0135641
juelich_pilot_d30_r2_log_distance_s02_w1,juelich,12345,2,2,log-distance,32,33,veh11,veh5,2,0,1,972.667,0,5.40793,7.47734,nan,nan,0,0.017,0.008,0.0135641
juelich_pilot_d30_r2_log_distance_s02_w1,juelich,12345,2,2,log-distance,32,33,veh11,veh6,2,2,0,246.433,1,5.40793,8.31074,-74.5116,22.4647,2,0.017,0.017,0.0135641
juelich_pilot_d30_r2_log_distance_s02_w1,juelich,12345,2,2,log-distance,32,33,veh11,veh9,2,2,0,133.868,1,5.40793,8.60537,-69.2103,27.766,2,0.017,0.017,0.0135641
juelich_pilot_d30_r2_log_distance_s02_w1,juelich,12345,2,2,log-distance,32,33,veh12,veh0,1,1,0,452.962,1,0.252354,9.50817,-79.7989,-0.111083,1,0.0133333,0.019,0.0135641
juelich_pilot_d30_r2_log_distance_s02_w1,juelich,12345,2,2,log-distance,32,33,veh12,veh1,1,0,1,676.914,0,0.252354,8.37099,nan,nan,0,0.0133333,0.017,0.0135641
juelich_pilot_d30_r2_log_distance_s02_w1,juelich,12345,2,2,log-distance,32,33,veh12,veh10,1,1,0,411.968,1,0.252354,8.56172,-78.975,4.58127,1,0.0133333,0.017,0.0135641
juelich_pilot_d30_r2_log_distance_s02_w1,juelich,12345,2,2,log-distance,32,33,veh12,veh11,1,0,1,636.4,0,0.252354,5.93998,nan,nan,0,0.0133333,0.017,0.0135641
juelich_pilot_d30_r2_log_distance_s02_w1,juelich,12345,2,2,log-distance,32,33,veh12,veh4,1,1,0,381.563,1,0.252354,0,-78.309,4.16274,1,0.0133333,0.017,0.0135641
juelich_pilot_d30_r2_log_distance_s02_w1,juelich,12345,2,2,log-distance,32,33,veh12,veh5,1,0,1,934.073,0,0.252354,7.5053,nan,nan,0,0.0133333,0.008,0.0135641
juelich_pilot_d30_r2_log_distance_s02_w1,juelich,12345,2,2,log-distance,32,33,veh12,veh6,1,1,0,394.072,1,0.252354,8.45402,-78.5892,5.07216,1,0.0133333,0.017,0.0135641
juelich_pilot_d30_r2_log_distance_s02_w1,juelich,12345,2,2,log-distance,32,33,veh12,veh9,1,1,0,541.195,0,0.252354,8.57728,-81.3448,1.29841,1,0.0133333,0.017,0.0135641
juelich_pilot_d30_r2_log_distance_s02_w1,juelich,12345,2,2,log-distance,32,33,veh2,veh3,2,2,0,41.4449,1,0,11.856,-59.0187,37.9576,2,0.008,0.008,0.0135641
juelich_pilot_d30_r2_log_distance_s02_w1,juelich,12345,2,2,log-distance,32,33,veh2,veh5,2,0,1,882.508,0,0,7.47734,nan,nan,0,0.008,0.008,0.0135641
juelich_pilot_d30_r2_log_distance_s02_w1,juelich,12345,2,2,log-distance,32,33,veh2,veh7,2,2,0,426.422,1,0,11.1816,-79.2743,17.702,2,0.008,0.01,0.0135641
juelich_pilot_d30_r2_log_distance_s02_w1,juelich,12345,2,2,log-distance,32,33,veh2,veh8,2,2,0,355.745,1,0,7.09919,-77.7005,19.2758,2,0.008,0.008,0.0135641
juelich_pilot_d30_r2_log_distance_s02_w1,juelich,12345,2,2,log-distance,32,33,veh3,veh2,2,2,0,41.4449,1,11.856,0,-59.0187,37.9576,2,0.008,0.008,0.0135641
juelich_pilot_d30_r2_log_distance_s02_w1,juelich,12345,2,2,log-distance,32,33,veh3,veh5,2,0,1,847.937,0,11.856,7.47734,nan,nan,0,0.008,0.008,0.0135641
juelich_pilot_d30_r2_log_distance_s02_w1,juelich,12345,2,2,log-distance,32,33,veh3,veh7,2,2,0,398.217,1,11.856,11.1816,-78.68,18.2963,2,0.008,0.01,0.0135641
juelich_pilot_d30_r2_log_distance_s02_w1,juelich,12345,2,2,log-distance,32,33,veh3,veh8,2,2,0,336.856,1,11.856,7.09919,-77.2266,19.7497,2,0.008,0.008,0.0135641
juelich_pilot_d30_r2_log_distance_s02_w1,juelich,12345,2,2,log-distance,32,33,veh4,veh0,2,2,0,279.471,1,0,9.46239,-75.6044,21.3718,2,0.017,0.019,0.0135641
juelich_pilot_d30_r2_log_distance_s02_w1,juelich,12345,2,2,log-distance,32,33,veh4,veh1,2,2,0,333.313,1,0,8.33242,-77.1348,19.8415,2,0.017,0.017,0.0135641
juelich_pilot_d30_r2_log_distance_s02_w1,juelich,12345,2,2,log-distance,32,33,veh4,veh10,2,2,0,134.941,1,0,8.5483,-69.28,27.6963,2,0.017,0.017,0.0135641
juelich_pilot_d30_r2_log_distance_s02_w1,juelich,12345,2,2,log-distance,32,33,veh4,veh11,2,2,0,289.813,1,0,5.40793,-75.9199,21.0563,2,0.017,0.017,0.0135641
juelich_pilot_d30_r2_log_distance_s02_w1,juelich,12345,2,2,log-distance,32,33,veh4,veh12,1,1,0,381.563,1,0,0.252354,-78.309,18.6673,1,0.017,0.0133333,0.0135641
juelich_pilot_d30_r2_log_distance_s02_w1,juelich,12345,2,2,log-distance,32,33,veh4,veh5,2,0,1,799.195,0,0,7.47734,nan,nan,0,0.017,0.008,0.0135641
juelich_pilot_d30_r2_log_distance_s02_w1,juelich,12345,2,2,log-distance,32,33,veh4,veh6,2,2,0,144.852,1,0,8.31074,-69.8959,27.0804,2,0.017,0.017,0.0135641
juelich_pilot_d30_r2_log_distance_s02_w1,juelich,12345,2,2,log-distance,32,33,veh4,veh7,2,0,1,978.589,0,0,11.1816,nan,nan,0,0.017,0.01,0.0135641
juelich_pilot_d30_r2_log_distance_s02_w1,juelich,12345,2,2,log-distance,32,33,veh4,veh9,2,2,0,169.136,1,0,8.60537,-71.2424,25.7339,2,0.017,0.017,0.0135641
juelich_pilot_d30_r2_log_distance_s02_w1,juelich,12345,2,2,log-distance,32,33,veh5,veh0,2,0,1,529.783,0,7.47734,9.46239,nan,nan,0,0.008,0.019,0.0135641
juelich_pilot_d30_r2_log_distance_s02_w1,juelich,12345,2,2,log-distance,32,33,veh5,veh10,2,0,1,931.779,0,7.47734,8.5483,nan,nan,0,0.008,0.017,0.0135641
juelich_pilot_d30_r2_log_distance_s02_w1,juelich,12345,2,2,log-distance,32,33,veh5,veh11,2,0,1,972.667,0,7.47734,5.40793,nan,nan,0,0.008,0.017,0.0135641
juelich_pilot_d30_r2_log_distance_s02_w1,juelich,12345,2,2,log-distance,32,33,veh5,veh12,1,0,1,934.073,0,7.5053,0.252354,nan,nan,0,0.008,0.0133333,0.0135641
juelich_pilot_d30_r2_log_distance_s02_w1,juelich,12345,2,2,log-distance,32,33,veh5,veh2,2,0,1,882.508,0,7.47734,0,nan,nan,0,0.008,0.008,0.0135641
juelich_pilot_d30_r2_log_distance_s02_w1,juelich,12345,2,2,log-distance,32,33,veh5,veh3,2,0,1,847.937,0,7.47734,11.856,nan,nan,0,0.008,0.008,0.0135641
juelich_pilot_d30_r2_log_distance_s02_w1,juelich,12345,2,2,log-distance,32,33,veh5,veh4,2,0,1,799.195,0,7.47734,0,nan,nan,0,0.008,0.017,0.0135641
juelich_pilot_d30_r2_log_distance_s02_w1,juelich,12345,2,2,log-distance,32,33,veh5,veh6,2,0,1,943.875,0,7.47734,8.31074,nan,nan,0,0.008,0.017,0.0135641
juelich_pilot_d30_r2_log_distance_s02_w1,juelich,12345,2,2,log-distance,32,33,veh5,veh7,2,0,1,474.871,1,7.47734,11.1816,nan,nan,0,0.008,0.01,0.0135641
juelich_pilot_d30_r2_log_distance_s02_w1,juelich,12345,2,2,log-distance,32,33,veh5,veh8,2,0,1,589.313,0,7.47734,7.09919,nan,nan,0,0.008,0.008,0.0135641
juelich_pilot_d30_r2_log_distance_s02_w1,juelich,12345,2,2,log-distance,32,33,veh5,veh9,2,0,1,855.461,0,7.47734,8.60537,nan,nan,0,0.008,0.017,0.0135641
juelich_pilot_d30_r2_log_distance_s02_w1,juelich,12345,2,2,log-distance,32,33,veh6,veh0,2,2,0,422.993,1,8.31074,9.46239,-79.2043,17.772,2,0.017,0.019,0.0135641
juelich_pilot_d30_r2_log_distance_s02_w1,juelich,12345,2,2,log-distance,32,33,veh6,veh1,2,2,0,282.073,1,8.31074,8.33242,-75.6845,21.2918,2,0.017,0.017,0.0135641
juelich_pilot_d30_r2_log_distance_s02_w1,juelich,12345,2,2,log-distance,32,33,veh6,veh10,2,2,0,23.3832,1,8.31074,8.5483,-54.05,42.9263,2,0.017,0.017,0.0135641
juelich_pilot_d30_r2_log_distance_s02_w1,juelich,12345,2,2,log-distance,32,33,veh6,veh11,2,2,0,246.433,1,8.31074,5.40793,-74.5116,22.4647,2,0.017,0.017,0.0135641
juelich_pilot_d30_r2_log_distance_s02_w1,juelich,12345,2,2,log-distance,32,33,veh6,veh12,1,1,0,394.072,1,8.45402,0.252354,-78.5892,18.3871,1,0.017,0.0133333,0.0135641
juelich_pilot_d30_r2_log_distance_s02_w1,juelich,12345,2,2,log-distance,32,33,veh6,veh4,2,2,0,144.852,1,8.31074,0,-69.8959,27.0804,2,0.017,0.017,0.0135641
juelich_pilot_d30_r2_log_distance_s02_w1,juelich,12345,2,2,log-distance,32,33,veh6,veh5,2,0,1,943.875,0,8.31074,7.47734,nan,nan,0,0.017,0.008,0.0135641
juelich_pilot_d30_r2_log_distance_s02_w1,juelich,12345,2,2,log-distance,32,33,veh6,veh9,2,2,0,188.284,1,8.31074,8.60537,-72.1739,24.8024,2,0.017,0.017,0.0135641
juelich_pilot_d30_r2_log_distance_s02_w1,juelich,12345,2,2,log-distance,32,33,veh7,veh0,2,0,1,790.294,0,11.1816,9.46239,nan,nan,0,0.01,0.019,0.0135641
juelich_pilot_d30_r2_log_distance_s02_w1,juelich,12345,2,2,log-distance,32,33,veh7,veh2,2,2,0,426.422,1,11.1816,0,-79.2743,17.702,2,0.01,0.008,0.0135641
juelich_pilot_d30_r2_log_distance_s02_w1,juelich,12345,2,2,log-distance,32,33,veh7,veh3,2,2,0,398.217,1,11.1816,11.856,-78.68,18.2963,2,0.01,0.008,0.0135641
juelich_pilot_d30_r2_log_distance_s02_w1,juelich,12345,2,2,log-distance,32,33,veh7,veh4,2,0,1,978.589,0,11.1816,0,nan,nan,0,0.01,0.017,0.0135641
juelich_pilot_d30_r2_log_distance_s02_w1,juelich,12345,2,2,log-distance,32,33,veh7,veh5,2,2,0,474.871,1,11.1816,7.47734,-80.209,16.7673,2,0.01,0.008,0.0135641
juelich_pilot_d30_r2_log_distance_s02_w1,juelich,12345,2,2,log-distance,32,33,veh7,veh8,2,2,0,123.278,1,11.1816,7.09919,-68.4927,28.4836,2,0.01,0.008,0.0135641
juelich_pilot_d30_r2_log_distance_s02_w1,juelich,12345,2,2,log-distance,32,33,veh7,veh9,2,0,1,949.026,0,11.1816,8.60537,nan,nan,0,0.01,0.017,0.0135641
juelich_pilot_d30_r2_log_distance_s02_w1,juelich,12345,2,2,log-distance,32,33,veh8,veh0,2,0,1,849.606,0,7.09919,9.46239,nan,nan,0,0.008,0.019,0.0135641
juelich_pilot_d30_r2_log_distance_s02_w1,juelich,12345,2,2,log-distance,32,33,veh8,veh2,2,2,0,355.745,1,7.09919,0,-77.7005,7.58678,2,0.008,0.008,0.0135641
juelich_pilot_d30_r2_log_distance_s02_w1,juelich,12345,2,2,log-distance,32,33,veh8,veh3,2,2,0,336.856,1,7.09919,11.856,-77.2266,7.73626,2,0.008,0.008,0.0135641
juelich_pilot_d30_r2_log_distance_s02_w1,juelich,12345,2,2,log-distance,32,33,veh8,veh5,2,0,1,589.313,0,7.09919,7.47734,nan,nan,0,0.008,0.008,0.0135641
juelich_pilot_d30_r2_log_distance_s02_w1,juelich,12345,2,2,log-distance,32,33,veh8,veh7,2,2,0,123.278,1,7.09919,11.1816,-68.4927,11.6258,2,0.008,0.01,0.0135641
juelich_pilot_d30_r2_log_distance_s02_w1,juelich,12345,2,2,log-distance,32,33,veh8,veh9,2,0,1,960.216,0,7.09919,8.60537,nan,nan,0,0.008,0.017,0.0135641
juelich_pilot_d30_r2_log_distance_s02_w1,juelich,12345,2,2,log-distance,32,33,veh9,veh0,2,2,0,385.414,1,8.60537,9.46239,-78.3962,18.5801,2,0.017,0.019,0.0135641
juelich_pilot_d30_r2_log_distance_s02_w1,juelich,12345,2,2,log-distance,32,33,veh9,veh1,2,2,0,177.294,1,8.60537,8.33242,-71.6514,25.3249,2,0.017,0.017,0.0135641
juelich_pilot_d30_r2_log_distance_s02_w1,juelich,12345,2,2,log-distance,32,33,veh9,veh10,2,2,0,165.064,1,8.60537,8.5483,-71.0307,25.9456,2,0.017,0.017,0.0135641
juelich_pilot_d30_r2_log_distance_s02_w1,juelich,12345,2,2,log-distance,32,33,veh9,veh11,2,2,0,133.868,1,8.60537,5.40793,-69.2103,27.766,2,0.017,0.017,0.0135641
juelich_pilot_d30_r2_log_distance_s02_w1,juelich,12345,2,2,log-distance,32,33,veh9,veh12,1,1,0,541.195,0,8.57728,0.252354,-81.3448,15.6315,1,0.017,0.0133333,0.0135641
juelich_pilot_d30_r2_log_distance_s02_w1,juelich,12345,2,2,log-distance,32,33,veh9,veh4,2,2,0,169.136,1,8.60537,0,-71.2424,25.7339,2,0.017,0.017,0.0135641
juelich_pilot_d30_r2_log_distance_s02_w1,juelich,12345,2,2,log-distance,32,33,veh9,veh5,2,0,1,855.461,0,8.60537,7.47734,nan,nan,0,0.017,0.008,0.0135641
juelich_pilot_d30_r2_log_distance_s02_w1,juelich,12345,2,2,log-distance,32,33,veh9,veh6,2,2,0,188.284,1,8.60537,8.31074,-72.1739,24.8024,2,0.017,0.017,0.0135641
juelich_pilot_d30_r2_log_distance_s02_w1,juelich,12345,2,2,log-distance,32,33,veh9,veh7,2,0,1,949.026,0,8.60537,11.1816,nan,nan,0,0.017,0.01,0.0135641
juelich_pilot_d30_r2_log_distance_s02_w1,juelich,12345,2,2,log-distance,32,33,veh9,veh8,2,0,1,960.216,0,8.60537,7.09919,nan,nan,0,0.017,0.008,0.0135641
juelich_pilot_d30_r2_log_distance_s02_w1,juelich,12345,2,2,log-distance,33,34,veh0,veh1,2,2,0,561.278,0,9.56793,8.32068,-81.6613,15.315,2,0.02,0.018,0.0143077
juelich_pilot_d30_r2_log_distance_s02_w1,juelich,12345,2,2,log-distance,33,34,veh0,veh10,2,2,0,423.472,1,9.56793,8.50792,-79.214,17.7623,2,0.02,0.018,0.0143077
juelich_pilot_d30_r2_log_distance_s02_w1,juelich,12345,2,2,log-distance,33,34,veh0,veh11,2,2,0,518.823,0,9.56793,7.12874,-80.9781,15.9982,2,0.02,0.018,0.0143077
juelich_pilot_d30_r2_log_distance_s02_w1,juelich,12345,2,2,log-distance,33,34,veh0,veh12,2,2,0,450.306,1,9.56793,1.8399,-79.7479,17.2284,2,0.02,0.016,0.0143077
juelich_pilot_d30_r2_log_distance_s02_w1,juelich,12345,2,2,log-distance,33,34,veh0,veh4,2,2,0,282.288,1,9.56793,0,-75.6915,21.2848,2,0.02,0.018,0.0143077
juelich_pilot_d30_r2_log_distance_s02_w1,juelich,12345,2,2,log-distance,33,34,veh0,veh5,2,2,0,536.871,0,9.56793,7.47596,-81.2751,15.7012,2,0.02,0.008,0.0143077
juelich_pilot_d30_r2_log_distance_s02_w1,juelich,12345,2,2,log-distance,33,34,veh0,veh6,2,2,0,419.942,1,9.56793,8.49077,-79.1415,17.8348,2,0.02,0.018,0.0143077
juelich_pilot_d30_r2_log_distance_s02_w1,juelich,12345,2,2,log-distance,33,34,veh0,veh7,2,0,1,784.993,0,9.56793,11.1727,nan,nan,0,0.02,0.01,0.0143077
juelich_pilot_d30_r2_log_distance_s02_w1,juelich,12345,2,2,log-distance,33,34,veh0,veh8,2,0,1,855.298,0,9.56793,7.11505,nan,nan,0,0.02,0.008,0.0143077
juelich_pilot_d30_r2_log_distance_s02_w1,juelich,12345,2,2,log-distance,33,34,veh0,veh9,2,2,0,395.096,1,9.56793,8.63528,-78.6115,18.3648,2,0.02,0.018,0.0143077
juelich_pilot_d30_r2_log_distance_s02_w1,juelich,12345,2,2,log-distance,33,34,veh1,veh0,2,2,0,561.278,0,8.32068,9.56793,-81.6613,15.315,2,0.018,0.02,0.0143077
juelich_pilot_d30_r2_log_distance_s02_w1,juelich,12345,2,2,log-distance,33,34,veh1,veh10,2,2,0,265.795,1,8.32068,8.50792,-75.1686,21.8077,2,0.018,0.018,0.0143077
juelich_pilot_d30_r2_log_distance_s02_w1,juelich,12345,2,2,log-distance,33,34,veh1,veh11,2,2,0,45.7412,1,8.32068,7.12874,-59.8838,37.0925,2,0.018,0.018,0.0143077
juelich_pilot_d30_r2_log_distance_s02_w1,juelich,12345,2,2,log-distance,33,34,veh1,veh12,2,0,1,674.858,0,8.32068,1.8399,nan,nan,0,0.018,0.016,0.0143077
juelich_pilot_d30_r2_log_distance_s02_w1,juelich,12345,2,2,log-distance,33,34,veh1,veh4,2,2,0,329.104,1,8.32068,0,-77.0242,19.9521,2,0.018,0.018,0.0143077
juelich_pilot_d30_r2_log_distance_s02_w1,juelich,12345,2,2,log-distance,33,34,veh1,veh6,2,2,0,288.572,1,8.32068,8.49077,-75.8828,21.0935,2,0.018,0.018,0.0143077
juelich_pilot_d30_r2_log_distance_s02_w1,juelich,12345,2,2,log-distance,33,34,veh1,veh9,2,2,0,169.47,1,8.32068,8.63528,-71.2586,25.7177,2,0.018,0.018,0.0143077
juelich_pilot_d30_r2_log_distance_s02_w1,juelich,12345,2,2,log-distance,33,34,veh10,veh0,2,2,0,423.472,1,8.50792,9.56793,-79.214,17.7623,2,0.018,0.02,0.0143077
juelich_pilot_d30_r2_log_distance_s02_w1,juelich,12345,2,2,log-distance,33,34,veh10,veh1,2,2,0,265.795,1,8.50792,8.32068,-75.1686,21.8077,2,0.018,0.018,0.0143077
juelich_pilot_d30_r2_log_distance_s02_w1,juelich,12345,2,2,log-distance,33,34,veh10,veh11,2,2,0,225.284,1,8.50792,7.12874,-73.7323,23.244,2,0.018,0.018,0.0143077
juelich_pilot_d30_r2_log_distance_s02_w1,juelich,12345,2,2,log-distance,33,34,veh10,veh12,2,2,0,410.605,1,8.50792,1.8399,-78.9462,18.0301,2,0.018,0.016,0.0143077
juelich_pilot_d30_r2_log_distance_s02_w1,juelich,12345,2,2,log-distance,33,34,veh10,veh4,2,2,0,141.536,1,8.50792,0,-69.6944,27.2819,2,0.018,0.018,0.0143077
juelich_pilot_d30_r2_log_distance_s02_w1,juelich,12345,2,2,log-distance,33,34,veh10,veh5,2,0,1,945.308,0,8.50792,7.47596,nan,nan,0,0.018,0.008,0.0143077
juelich_pilot_d30_r2_log_distance_s02_w1,juelich,12345,2,2,log-distance,33,34,veh10,veh6,2,2,0,23.115,1,8.50792,8.49077,-53.9514,43.0249,2,0.018,0.018,0.0143077
juelich_pilot_d30_r2_log_distance_s02_w1,juelich,12345,2,2,log-distance,33,34,veh10,veh9,2,2,0,165.011,1,8.50792,8.63528,-71.028,25.9483,2,0.018,0.018,0.0143077
juelich_pilot_d30_r2_log_distance_s02_w1,juelich,12345,2,2,log-distance,33,34,veh11,veh0,2,2,0,518.823,0,7.12874,9.56793,-80.9781,15.9982,2,0.018,0.02,0.0143077
juelich_pilot_d30_r2_log_distance_s02_w1,juelich,12345,2,2,log-distance,33,34,veh11,veh1,2,2,0,45.7412,1,7.12874,8.32068,-59.8838,37.0925,2,0.018,0.018,0.0143077
juelich_pilot_d30_r2_log_distance_s02_w1,juelich,12345,2,2,log-distance,33,34,veh11,veh10,2,2,0,225.284,1,7.12874,8.50792,-73.7323,23.244,2,0.018,0.018,0.0143077
juelich_pilot_d30_r2_log_distance_s02_w1,juelich,12345,2,2,log-distance,33,34,veh11,veh12,2,0,1,632.22,0,7.12874,1.8399,nan,nan,0,0.018,0.016,0.0143077
juelich_pilot_d30_r2_log_distance_s02_w1,juelich,12345,2,2,log-distance,33,34,veh11,veh4,2,2,0,283.368,1,7.12874,0,-75.7245,21.2517,2,0.018,0.018,0.0143077
juelich_pilot_d30_r2_log_distance_s02_w1,juelich,12345,2,2,log-distance,33,34,veh11,veh5,2,0,1,973.253,0,7.12874,7.47596,nan,nan,0,0.018,0.008,0.0143077
juelich_pilot_d30_r2_log_distance_s02_w1,juelich,12345,2,2,log-distance,33,34,veh11,veh6,2,2,0,248.19,1,7.12874,8.49077,-74.5734,22.4029,2,0.018,0.018,0.0143077
juelich_pilot_d30_r2_log_distance_s02_w1,juelich,12345,2,2,log-distance,33,34,veh11,veh9,2,2,0,124.982,1,7.12874,8.63528,-68.6131,28.3632,2,0.018,0.018,0.0143077
juelich_pilot_d30_r2_log_distance_s02_w1,juelich,12345,2,2,log-distance,33,34,veh12,veh0,2,2,0,450.306,1,1.8399,9.56793,-79.7479,0.00154749,2,0.016,0.02,0.0143077
juelich_pilot_d30_r2_log_distance_s02_w1,juelich,12345,2,2,log-distance,33,34,veh12,veh1,2,0,1,674.858,0,1.8399,8.32068,nan,nan,0,0.016,0.018,0.0143077
juelich_pilot_d30_r2_log_distance_s02_w1,juelich,12345,2,2,log-distance,33,34,veh12,veh10,2,2,0,410.605,1,1.8399,8.50792,-78.9462,4.67484,2,0.016,0.018,0.0143077
juelich_pilot_d30_r2_log_distance_s02_w1,juelich,12345,2,2,log-distance,33,34,veh12,veh11,2,0,1,632.22,0,1.8399,7.12874,nan,nan,0,0.016,0.018,0.0143077
juelich_pilot_d30_r2_log_distance_s02_w1,juelich,12345,2,2,log-distance,33,34,veh12,veh4,2,2,0,382.307,1,1.8399,0,-78.3259,4.16997,2,0.016,0.018,0.0143077
juelich_pilot_d30_r2_log_distance_s02_w1,juelich,12345,2,2,log-distance,33,34,veh12,veh5,2,0,1,940.507,0,1.8399,7.47596,nan,nan,0,0.016,0.008,0.0143077
juelich_pilot_d30_r2_log_distance_s02_w1,juelich,12345,2,2,log-distance,33,34,veh12,veh6,2,2,0,388.423,1,1.8399,8.49077,-78.4637,5.20007,2,0.016,0.018,0.0143077
juelich_pilot_d30_r2_log_distance_s02_w1,juelich,12345,2,2,log-distance,33,34,veh12,veh9,2,2,0,538.738,0,1.8399,8.63528,-81.3052,1.40174,2,0.016,0.018,0.0143077
juelich_pilot_d30_r2_log_distance_s02_w1,juelich,12345,2,2,log-distance,33,34,veh2,veh3,2,2,0,37.7712,1,0,7.759,-58.2208,38.7555,2,0.008,0.008,0.0143077
juelich_pilot_d30_r2_log_distance_s02_w1,juelich,12345,2,2,log-distance,33,34,veh2,veh5,2,0,1,876.707,0,0,7.47596,nan,nan,0,0.008,0.008,0.0143077
juelich_pilot_d30_r2_log_distance_s02_w1,juelich,12345,2,2,log-distance,33,34,veh2,veh7,2,2,0,437.905,1,0,11.1727,-79.5051,17.4712,2,0.008,0.01,0.0143077
juelich_pilot_d30_r2_log_distance_s02_w1,juelich,12345,2,2,log-distance,33,34,veh2,veh8,2,2,0,357.225,1,0,7.11505,-77.7365,19.2397,2,0.008,0.008,0.0143077
juelich_pilot_d30_r2_log_distance_s02_w1,juelich,12345,2,2,log-distance,33,34,veh3,veh2,2,2,0,37.7712,1,7.759,0,-58.2208,38.7555,2,0.008,0.008,0.0143077
juelich_pilot_d30_r2_log_distance_s02_w1,juelich,12345,2,2,log-distance,33,34,veh3,veh5,2,0,1,841.203,0,7.759,7.47596,nan,nan,0,0.008,0.008,0.0143077
juelich_pilot_d30_r2_log_distance_s02_w1,juelich,12345,2,2,log-distance,33,34,veh3,veh7,2,2,0,406.378,1,7.759,11.1727,-78.8562,18.1201,2,0.008,0.01,0.0143077
juelich_pilot_d30_r2_log_distance_s02_w1,juelich,12345,2,2,log-distance,33,34,veh3,veh8,2,2,0,333.168,1,7.759,7.11505,-77.1309,19.8454,2,0.008,0.008,0.0143077
juelich_pilot_d30_r2_log_distance_s02_w1,juelich,12345,2,2,log-distance,33,34,veh4,veh0,2,2,0,282.288,1,0,9.56793,-75.6915,21.2848,2,0.018,0.02,0.0143077
juelich_pilot_d30_r2_log_distance_s02_w1,juelich,12345,2,2,log-distance,33,34,veh4,veh1,2,2,0,329.104,1,0,8.32068,-77.0242,19.9521,2,0.018,0.018,0.0143077
juelich_pilot_d30_r2_log_distance_s02_w1,juelich,12345,2,2,log-distance,33,34,veh4,veh10,2,2,0,141.536,1,0,8.50792,-69.6944,27.2819,2,0.018,0.018,0.0143077
juelich_pilot_d30_r2_log_distance_s02_w1,juelich,12345,2,2,log-distance,33,34,veh4,veh11,2,2,0,283.368,1,0,7.12874,-75.7245,21.2517,2,0.018,0.018,0.0143077
juelich_pilot_d30_r2_log_distance_s02_w1,juelich,12345,2,2,log-distance,33,34,veh4,veh12,2,2,0,382.307,1,0,1.8399,-78.3259,18.6504,2,0.018,0.016,0.0143077
juelich_pilot_d30_r2_log_distance_s02_w1,juelich,12345,2,2,log-distance,33,34,veh4,veh5,2,0,1,805.478,0,0,7.47596,nan,nan,0,0.018,0.008,0.0143077
juelich_pilot_d30_r2_log_distance_s02_w1,juelich,12345,2,2,log-distance,33,34,veh4,veh6,2,2,0,140.54,1,0,8.49077,-69.6335,27.3428,2,0.018,0.018,0.0143077
juelich_pilot_d30_r2_log_distance_s02_w1,juelich,12345,2,2,log-distance,33,34,veh4,veh7,2,0,1,969.097,0,0,11.1727,nan,nan,0,0.018,0.01,0.0143077
juelich_pilot_d30_r2_log_distance_s02_w1,juelich,12345,2,2,log-distance,33,34,veh4,veh9,2,2,0,167.231,1,0,8.63528,-71.144,25.8323,2,0.018,0.018,0.0143077
juelich_pilot_d30_r2_log_distance_s02_w1,juelich,12345,2,2,log-distance,33,34,veh5,veh0,2,0,1,536.871,0,7.47596,9.56793,nan,nan,0,0.008,0.02,0.0143077
juelich_pilot_d30_r2_log_distance_s02_w1,juelich,12345,2,2,log-distance,33,34,veh5,veh10,2,0,1,945.308,0,7.47596,8.50792,nan,nan,0,0.008,0.018,0.0143077
juelich_pilot_d30_r2_log_distance_s02_w1,juelich,12345,2,2,log-distance,33,34,veh5,veh11,2,0,1,973.253,0,7.47596,7.12874,nan,nan,0,0.008,0.018,0.0143077
juelich_pilot_d30_r2_log_distance_s02_w1,juelich,12345,2,2,log-distance,33,34,veh5,veh12,2,0,1,940.507,0,7.47596,1.8399,nan,nan,0,0.008,0.016,0.0143077
juelich_pilot_d30_r2_log_distance_s02_w1,juelich,12345,2,2,log-distance,33,34,veh5,veh2,2,0,1,876.707,0,7.47596,0,nan,nan,0,0.008,0.008,0.0143077
juelich_pilot_d30_r2_log_distance_s02_w1,juelich,12345,2,2,log-distance,33,34,veh5,veh3,2,0,1,841.203,0,7.47596,7.759,nan,nan,0,0.008,0.008,0.0143077
juelich_pilot_d30_r2_log_distance_s02_w1,juelich,12345,2,2,log-distance,33,34,veh5,veh4,2,0,1,805.478,0,7.47596,0,nan,nan,0,0.008,0.018,0.0143077
juelich_pilot_d30_r2_log_distance_s02_w1,juelich,12345,2,2,log-distance,33,34,veh5,veh6,2,0,1,946.007,0,7.47596,8.49077,nan,nan,0,0.008,0.018,0.0143077
juelich_pilot_d30_r2_log_distance_s02_w1,juelich,12345,2,2,log-distance,33,34,veh5,veh7,2,0,1,459.357,1,7.47596,11.1727,nan,nan,0,0.008,0.01,0.0143077
juelich_pilot_d30_r2_log_distance_s02_w1,juelich,12345,2,2,log-distance,33,34,veh5,veh8,2,0,1,588.918,0,7.47596,7.11505,nan,nan,0,0.008,0.008,0.0143077
juelich_pilot_d30_r2_log_distance_s02_w1,juelich,12345,2,2,log-distance,33,34,veh5,veh9,2,0,1,867.601,0,7.47596,8.63528,nan,nan,0,0.008,0.018,0.0143077
juelich_pilot_d30_r2_log_distance_s02_w1,juelich,12345,2,2,log-distance,33,34,veh6,veh0,2,2,0,419.942,1,8.49077,9.56793,-79.1415,17.8348,2,0.018,0.02,0.0143077
juelich_pilot_d30_r2_log_distance_s02_w1,juelich,12345,2,2,log-distance,33,34,veh6,veh1,2,2,0,288.572,1,8.49077,8.32068,-75.8828,21.0935,2,0.018,0.018,0.0143077
juelich_pilot_d30_r2_log_distance_s02_w1,juelich,12345,2,2,log-distance,33,34,veh6,veh10,2,2,0,23.115,1,8.49077,8.50792,-53.9514,43.0249,2,0.018,0.018,0.0143077
juelich_pilot_d30_r2_log_distance_s02_w1,juelich,12345,2,2,log-distance,33,34,veh6,veh11,2,2,0,248.19,1,8.49077,7.12874,-74.5734,22.4029,2,0.018,0.018,0.0143077
juelich_pilot_d30_r2_log_distance_s02_w1,juelich,12345,2,2,log-distance,33,34,veh6,veh12,2,2,0,388.423,1,8.49077,1.8399,-78.4637,18.5126,2,0.018,0.016,0.0143077
juelich_pilot_d30_r2_log_distance_s02_w1,juelich,12345,2,2,log-distance,33,34,veh6,veh4,2,2,0,140.54,1,8.49077,0,-69.6335,27.3428,2,0.018,0.018,0.0143077
juelich_pilot_d30_r2_log_distance_s02_w1,juelich,12345,2,2,log-distance,33,34,veh6,veh5,2,0,1,946.007,0,8.49077,7.47596,nan,nan,0,0.018,0.008,0.0143077
juelich_pilot_d30_r2_log_distance_s02_w1,juelich,12345,2,2,log-distance,33,34,veh6,veh9,2,2,0,184.963,1,8.49077,8.63528,-72.0193,24.9569,2,0.018,0.018,0.0143077
juelich_pilot_d30_r2_log_distance_s02_w1,juelich,12345,2,2,log-distance,33,34,veh7,veh0,2,0,1,784.993,0,11.1727,9.56793,nan,nan,0,0.01,0.02,0.0143077
juelich_pilot_d30_r2_log_distance_s02_w1,juelich,12345,2,2,log-distance,33,34,veh7,veh2,2,2,0,437.905,1,11.1727,0,-79.5051,17.4712,2,0.01,0.008,0.0143077
juelich_pilot_d30_r2_log_distance_s02_w1,juelich,12345,2,2,log-distance,33,34,veh7,veh3,2,2,0,406.378,1,11.1727,7.759,-78.8562,18.1201,2,0.01,0.008,0.0143077
juelich_pilot_d30_r2_log_distance_s02_w1,juelich,12345,2,2,log-distance,33,34,veh7,veh4,2,0,1,969.097,0,11.1727,0,nan,nan,0,0.01,0.018,0.0143077
juelich_pilot_d30_r2_log_distance_s02_w1,juelich,12345,2,2,log-distance,33,34,veh7,veh5,2,2,0,459.357,1,11.1727,7.47596,-79.9203,17.056,2,0.01,0.008,0.0143077
juelich_pilot_d30_r2_log_distance_s02_w1,juelich,12345,2,2,log-distance,33,34,veh7,veh8,2,2,0,137.104,1,11.1727,7.11505,-69.414,27.5623,2,0.01,0.008,0.0143077
juelich_pilot_d30_r2_log_distance_s02_w1,juelich,12345,2,2,log-distance,33,34,veh7,veh9,2,0,1,949.308,0,11.1727,8.63528,nan,nan,0,0.01,0.018,0.0143077
juelich_pilot_d30_r2_log_distance_s02_w1,juelich,12345,2,2,log-distance,33,34,veh8,veh0,2,0,1,855.298,0,7.11505,9.56793,nan,nan,0,0.008,0.02,0.0143077
juelich_pilot_d30_r2_log_distance_s02_w1,juelich,12345,2,2,log-distance,33,34,veh8,veh2,2,2,0,357.225,1,7.11505,0,-77.7365,7.49728,2,0.008,0.008,0.0143077
juelich_pilot_d30_r2_log_distance_s02_w1,juelich,12345,2,2,log-distance,33,34,veh8,veh3,2,2,0,333.168,1,7.11505,7.759,-77.1309,7.76694,2,0.008,0.008,0.0143077
juelich_pilot_d30_r2_log_distance_s02_w1,juelich,12345,2,2,log-distance,33,34,veh8,veh5,2,0,1,588.918,0,7.11505,7.47596,nan,nan,0,0.008,0.008,0.0143077
juelich_pilot_d30_r2_log_distance_s02_w1,juelich,12345,2,2,log-distance,33,34,veh8,veh7,2,2,0,137.104,1,7.11505,11.1727,-69.414,10.4215,2,0.008,0.01,0.0143077
juelich_pilot_d30_r2_log_distance_s02_w1,juelich,12345,2,2,log-distance,33,34,veh8,veh9,2,0,1,965.325,0,7.11505,8.63528,nan,nan,0,0.008,0.018,0.0143077
juelich_pilot_d30_r2_log_distance_s02_w1,juelich,12345,2,2,log-distance,33,34,veh9,veh0,2,2,0,395.096,1,8.63528,9.56793,-78.6115,18.3648,2,0.018,0.02,0.0143077
juelich_pilot_d30_r2_log_distance_s02_w1,juelich,12345,2,2,log-distance,33,34,veh9,veh1,2,2,0,169.47,1,8.63528,8.32068,-71.2586,25.7177,2,0.018,0.018,0.0143077
juelich_pilot_d30_r2_log_distance_s02_w1,juelich,12345,2,2,log-distance,33,34,veh9,veh10,2,2,0,165.011,1,8.63528,8.50792,-71.028,25.9483,2,0.018,0.018,0.0143077
juelich_pilot_d30_r2_log_distance_s02_w1,juelich,12345,2,2,log-distance,33,34,veh9,veh11,2,2,0,124.982,1,8.63528,7.12874,-68.6131,28.3632,2,0.018,0.018,0.0143077
juelich_pilot_d30_r2_log_distance_s02_w1,juelich,12345,2,2,log-distance,33,34,veh9,veh12,2,2,0,538.738,0,8.63528,1.8399,-81.3052,15.671,2,0.018,0.016,0.0143077
juelich_pilot_d30_r2_log_distance_s02_w1,juelich,12345,2,2,log-distance,33,34,veh9,veh4,2,2,0,167.231,1,8.63528,0,-71.144,25.8323,2,0.018,0.018,0.0143077
juelich_pilot_d30_r2_log_distance_s02_w1,juelich,12345,2,2,log-distance,33,34,veh9,veh5,2,0,1,867.601,0,8.63528,7.47596,nan,nan,0,0.018,0.008,0.0143077
juelich_pilot_d30_r2_log_distance_s02_w1,juelich,12345,2,2,log-distance,33,34,veh9,veh6,2,2,0,184.963,1,8.63528,8.49077,-72.0193,24.9569,2,0.018,0.018,0.0143077
juelich_pilot_d30_r2_log_distance_s02_w1,juelich,12345,2,2,log-distance,33,34,veh9,veh7,2,0,1,949.308,0,8.63528,11.1727,nan,nan,0,0.018,0.01,0.0143077
juelich_pilot_d30_r2_log_distance_s02_w1,juelich,12345,2,2,log-distance,33,34,veh9,veh8,2,0,1,965.325,0,8.63528,7.11505,nan,nan,0,0.018,0.008,0.0143077
juelich_pilot_d30_r2_log_distance_s02_w1,juelich,12345,2,2,log-distance,34,35,veh0,veh1,2,2,0,562.289,0,11.0319,8.32039,-81.6769,15.2994,2,0.02,0.018,0.0143077
juelich_pilot_d30_r2_log_distance_s02_w1,juelich,12345,2,2,log-distance,34,35,veh0,veh10,2,2,0,434.22,1,11.0319,8.17143,-79.4318,17.5445,2,0.02,0.018,0.0143077
juelich_pilot_d30_r2_log_distance_s02_w1,juelich,12345,2,2,log-distance,34,35,veh0,veh11,2,2,0,520.862,0,11.0319,7.31167,-81.0122,15.9641,2,0.02,0.018,0.0143077
juelich_pilot_d30_r2_log_distance_s02_w1,juelich,12345,2,2,log-distance,34,35,veh0,veh12,2,2,0,449.484,1,11.0319,3.78603,-79.732,17.2443,2,0.02,0.016,0.0143077
juelich_pilot_d30_r2_log_distance_s02_w1,juelich,12345,2,2,log-distance,34,35,veh0,veh4,2,2,0,288.33,1,11.0319,0,-75.8754,21.1009,2,0.02,0.018,0.0143077
juelich_pilot_d30_r2_log_distance_s02_w1,juelich,12345,2,2,log-distance,34,35,veh0,veh5,2,2,0,541.36,0,11.0319,7.08776,-81.3474,15.6289,2,0.02,0.008,0.0143077
juelich_pilot_d30_r2_log_distance_s02_w1,juelich,12345,2,2,log-distance,34,35,veh0,veh6,2,2,0,419.878,1,11.0319,8.45675,-79.1402,17.8361,2,0.02,0.018,0.0143077
juelich_pilot_d30_r2_log_distance_s02_w1,juelich,12345,2,2,log-distance,34,35,veh0,veh7,2,0,1,777.812,0,11.0319,11.1859,nan,nan,0,0.02,0.01,0.0143077
juelich_pilot_d30_r2_log_distance_s02_w1,juelich,12345,2,2,log-distance,34,35,veh0,veh8,2,0,1,859.717,0,11.0319,7.11486,nan,nan,0,0.02,0.008,0.0143077
juelich_pilot_d30_r2_log_distance_s02_w1,juelich,12345,2,2,log-distance,34,35,veh0,veh9,2,2,0,407.472,1,11.0319,8.61598,-78.8794,18.0969,2,0.02,0.018,0.0143077
juelich_pilot_d30_r2_log_distance_s02_w1,juelich,12345,2,2,log-distance,34,35,veh1,veh0,2,2,0,562.289,0,8.32039,11.0319,-81.6769,15.2994,2,0.018,0.02,0.0143077
juelich_pilot_d30_r2_log_distance_s02_w1,juelich,12345,2,2,log-distance,34,35,veh1,veh10,2,2,0,263.347,1,8.32039,8.17143,-75.0883,21.888,2,0.018,0.018,0.0143077
juelich_pilot_d30_r2_log_distance_s02_w1,juelich,12345,2,2,log-distance,34,35,veh1,veh11,2,2,0,44.7933,1,8.32039,7.31167,-59.7018,37.2745,2,0.018,0.018,0.0143077
juelich_pilot_d30_r2_log_distance_s02_w1,juelich,12345,2,2,log-distance,34,35,veh1,veh12,2,0,1,668.972,0,8.32039,3.78603,nan,nan,0,0.018,0.016,0.0143077
juelich_pilot_d30_r2_log_distance_s02_w1,juelich,12345,2,2,log-distance,34,35,veh1,veh4,2,2,0,320.856,1,8.32039,0,-76.8037,20.1726,2,0.018,0.018,0.0143077
juelich_pilot_d30_r2_log_distance_s02_w1,juelich,12345,2,2,log-distance,34,35,veh1,veh6,2,2,0,289.037,1,8.32039,8.45675,-75.8968,21.0795,2,0.018,0.018,0.0143077
juelich_pilot_d30_r2_log_distance_s02_w1,juelich,12345,2,2,log-distance,34,35,veh1,veh9,2,2,0,159.498,1,8.32039,8.61598,-70.7318,26.2445,2,0.018,0.018,0.0143077
juelich_pilot_d30_r2_log_distance_s02_w1,juelich,12345,2,2,log-distance,34,35,veh10,veh0,2,2,0,434.22,1,8.17143,11.0319,-79.4318,17.5445,2,0.018,0.02,0.0143077
juelich_pilot_d30_r2_log_distance_s02_w1,juelich,12345,2,2,log-distance,34,35,veh10,veh1,2,2,0,263.347,1,8.17143,8.32039,-75.0883,21.888,2,0.018,0.018,0.0143077
juelich_pilot_d30_r2_log_distance_s02_w1,juelich,12345,2,2,log-distance,34,35,veh10,veh11,2,2,0,224.293,1,8.17143,7.31167,-73.694,23.2823,2,0.018,0.018,0.0143077
juelich_pilot_d30_r2_log_distance_s02_w1,juelich,12345,2,2,log-distance,34,35,veh10,veh12,2,2,0,408.504,1,8.17143,3.78603,-78.9016,18.0747,2,0.018,0.016,0.0143077
juelich_pilot_d30_r2_log_distance_s02_w1,juelich,12345,2,2,log-distance,34,35,veh10,veh4,2,2,0,147.076,1,8.17143,0,-70.0284,26.9479,2,0.018,0.018,0.0143077
juelich_pilot_d30_r2_log_distance_s02_w1,juelich,12345,2,2,log-distance,34,35,veh10,veh5,2,0,1,957.701,0,8.17143,7.08776,nan,nan,0,0.018,0.008,0.0143077
juelich_pilot_d30_r2_log_distance_s02_w1,juelich,12345,2,2,log-distance,34,35,veh10,veh6,2,2,0,27.0814,1,8.17143,8.45675,-55.3263,41.65,2,0.018,0.018,0.0143077
juelich_pilot_d30_r2_log_distance_s02_w1,juelich,12345,2,2,log-distance,34,35,veh10,veh9,2,2,0,165.154,1,8.17143,8.61598,-71.0355,25.9408,2,0.018,0.018,0.0143077
juelich_pilot_d30_r2_log_distance_s02_w1,juelich,12345,2,2,log-distance,34,35,veh11,veh0,2,2,0,520.862,0,7.31167,11.0319,-81.0122,15.9641,2,0.018,0.02,0.0143077
juelich_pilot_d30_r2_log_distance_s02_w1,juelich,12345,2,2,log-distance,34,35,veh11,veh1,2,2,0,44.7933,1,7.31167,8.32039,-59.7018,37.2745,2,0.018,0.018,0.0143077
juelich_pilot_d30_r2_log_distance_s02_w1,juelich,12345,2,2,log-distance,34,35,veh11,veh10,2,2,0,224.293,1,7.31167,8.17143,-73.694,23.2823,2,0.018,0.018,0.0143077
juelich_pilot_d30_r2_log_distance_s02_w1,juelich,12345,2,2,log-distance,34,35,veh11,veh12,2,0,1,627.135,0,7.31167,3.78603,nan,nan,0,0.018,0.016,0.0143077
juelich_pilot_d30_r2_log_distance_s02_w1,juelich,12345,2,2,log-distance,34,35,veh11,veh4,2,2,0,276.062,1,7.31167,0,-75.4977,21.4786,2,0.018,0.018,0.0143077
juelich_pilot_d30_r2_log_distance_s02_w1,juelich,12345,2,2,log-distance,34,35,veh11,veh5,2,0,1,973.308,0,7.31167,7.08776,nan,nan,0,0.018,0.008,0.0143077
juelich_pilot_d30_r2_log_distance_s02_w1,juelich,12345,2,2,log-distance,34,35,veh11,veh6,2,2,0,249.204,1,7.31167,8.45675,-74.6088,22.3675,2,0.018,0.018,0.0143077
juelich_pilot_d30_r2_log_distance_s02_w1,juelich,12345,2,2,log-distance,34,35,veh11,veh7,1,0,1,999.603,0,7.3107,11.1756,nan,nan,0,0.018,0.01,0.0143077
juelich_pilot_d30_r2_log_distance_s02_w1,juelich,12345,2,2,log-distance,34,35,veh11,veh9,2,2,0,115.59,1,7.31167,8.61598,-67.9344,29.0419,2,0.018,0.018,0.0143077
juelich_pilot_d30_r2_log_distance_s02_w1,juelich,12345,2,2,log-distance,34,35,veh12,veh0,2,2,0,449.484,1,3.78603,11.0319,-79.732,0.0806866,2,0.016,0.02,0.0143077
juelich_pilot_d30_r2_log_distance_s02_w1,juelich,12345,2,2,log-distance,34,35,veh12,veh1,2,0,1,668.972,0,3.78603,8.32039,nan,nan,0,0.016,0.018,0.0143077
juelich_pilot_d30_r2_log_distance_s02_w1,juelich,12345,2,2,log-distance,34,35,veh12,veh10,2,2,0,408.504,1,3.78603,8.17143,-78.9016,4.79736,2,0.016,0.018,0.0143077
juelich_pilot_d30_r2_log_distance_s02_w1,juelich,12345,2,2,log-distance,34,35,veh12,veh11,2,0,1,627.135,0,3.78603,7.31167,nan,nan,0,0.016,0.018,0.0143077
juelich_pilot_d30_r2_log_distance_s02_w1,juelich,12345,2,2,log-distance,34,35,veh12,veh4,2,2,0,384.583,1,3.78603,0,-78.3775,4.14961,2,0.016,0.018,0.0143077
juelich_pilot_d30_r2_log_distance_s02_w1,juelich,12345,2,2,log-distance,34,35,veh12,veh5,2,0,1,950.548,0,3.78603,7.08776,nan,nan,0,0.016,0.008,0.0143077
juelich_pilot_d30_r2_log_distance_s02_w1,juelich,12345,2,2,log-distance,34,35,veh12,veh6,2,2,0,381.773,1,3.78603,8.45675,-78.3137,5.35377,2,0.016,0.018,0.0143077
juelich_pilot_d30_r2_log_distance_s02_w1,juelich,12345,2,2,log-distance,34,35,veh12,veh9,2,2,0,536.654,0,3.78603,8.61598,-81.2716,1.5195,2,0.016,0.018,0.0143077
juelich_pilot_d30_r2_log_distance_s02_w1,juelich,12345,2,2,log-distance,34,35,veh2,veh3,2,2,0,38.3731,1,0,7.69518,-58.3564,38.6199,2,0.008,0.008,0.0143077
juelich_pilot_d30_r2_log_distance_s02_w1,juelich,12345,2,2,log-distance,34,35,veh2,veh5,2,0,1,870.988,0,0,7.08776,nan,nan,0,0.008,0.008,0.0143077
juelich_pilot_d30_r2_log_distance_s02_w1,juelich,12345,2,2,log-distance,34,35,veh2,veh7,2,2,0,449.467,1,0,11.1859,-79.7315,17.2448,2,0.008,0.01,0.0143077
juelich_pilot_d30_r2_log_distance_s02_w1,juelich,12345,2,2,log-distance,34,35,veh2,veh8,2,2,0,358.913,1,0,7.11486,-77.7775,19.1988,2,0.008,0.008,0.0143077
juelich_pilot_d30_r2_log_distance_s02_w1,juelich,12345,2,2,log-distance,34,35,veh3,veh2,2,2,0,38.3731,1,7.69518,0,-58.3564,38.6199,2,0.008,0.008,0.0143077
juelich_pilot_d30_r2_log_distance_s02_w1,juelich,12345,2,2,log-distance,34,35,veh3,veh5,2,0,1,833.087,0,7.69518,7.08776,nan,nan,0,0.008,0.008,0.0143077
juelich_pilot_d30_r2_log_distance_s02_w1,juelich,12345,2,2,log-distance,34,35,veh3,veh7,2,2,0,413.963,1,7.69518,11.1859,-79.0169,17.9594,2,0.008,0.01,0.0143077
juelich_pilot_d30_r2_log_distance_s02_w1,juelich,12345,2,2,log-distance,34,35,veh3,veh8,2,2,0,329.777,1,7.69518,7.11486,-77.0421,19.9342,2,0.008,0.008,0.0143077
juelich_pilot_d30_r2_log_distance_s02_w1,juelich,12345,2,2,log-distance,34,35,veh4,veh0,2,2,0,288.33,1,0,11.0319,-75.8754,21.1009,2,0.018,0.02,0.0143077
juelich_pilot_d30_r2_log_distance_s02_w1,juelich,12345,2,2,log-distance,34,35,veh4,veh1,2,2,0,320.856,1,0,8.32039,-76.8037,20.1726,2,0.018,0.018,0.0143077
juelich_pilot_d30_r2_log_distance_s02_w1,juelich,12345,2,2,log-distance,34,35,veh4,veh10,2,2,0,147.076,1,0,8.17143,-70.0284,26.9479,2,0.018,0.018,0.0143077
juelich_pilot_d30_r2_log_distance_s02_w1,juelich,12345,2,2,log-distance,34,35,veh4,veh11,2,2,0,276.062,1,0,7.31167,-75.4977,21.4786,2,0.018,0.018,0.0143077
juelich_pilot_d30_r2_log_distance_s02_w1,juelich,12345,2,2,log-distance,34,35,veh4,veh12,2,2,0,384.583,1,0,3.78603,-78.3775,18.5988,2,0.018,0.016,0.0143077
juelich_pilot_d30_r2_log_distance_s02_w1,juelich,12345,2,2,log-distance,34,35,veh4,veh5,2,0,1,811.719,0,0,7.08776,nan,nan,0,0.018,0.008,0.0143077
juelich_pilot_d30_r2_log_distance_s02_w1,juelich,12345,2,2,log-distance,34,35,veh4,veh6,2,2,0,136.621,1,0,8.45675,-69.3878,27.5884,2,0.018,0.018,0.0143077
juelich_pilot_d30_r2_log_distance_s02_w1,juelich,12345,2,2,log-distance,34,35,veh4,veh7,2,0,1,959.535,0,0,11.1859,nan,nan,0,0.018,0.01,0.0143077
juelich_pilot_d30_r2_log_distance_s02_w1,juelich,12345,2,2,log-distance,34,35,veh4,veh9,2,2,0,165.754,1,0,8.61598,-71.0669,25.9093,2,0.018,0.018,0.0143077
juelich_pilot_d30_r2_log_distance_s02_w1,juelich,12345,2,2,log-distance,34,35,veh5,veh0,2,0,1,541.36,0,7.08776,11.0319,nan,nan,0,0.008,0.02,0.0143077
juelich_pilot_d30_r2_log_distance_s02_w1,juelich,12345,2,2,log-distance,34,35,veh5,veh10,2,0,1,957.701,0,7.08776,8.17143,nan,nan,0,0.008,0.018,0.0143077
juelich_pilot_d30_r2_log_distance_s02_w1,juelich,12345,2,2,log-distance,34,35,veh5,veh11,2,0,1,973.308,0,7.08776,7.31167,nan,nan,0,0.008,0.018,0.0143077
juelich_pilot_d30_r2_log_distance_s02_w1,juelich,12345,2,2,log-distance,34,35,veh5,veh12,2,0,1,950.548,0,7.08776,3.78603,nan,nan,0,0.008,0.016,0.0143077
juelich_pilot_d30_r2_log_distance_s02_w1,juelich,12345,2,2,log-distance,34,35,veh5,veh2,2,0,1,870.988,0,7.08776,0,nan,nan,0,0.008,0.008,0.0143077
juelich_pilot_d30_r2_log_distance_s02_w1,juelich,12345,2,2,log-distance,34,35,veh5,veh3,2,0,1,833.087,0,7.08776,7.69518,nan,nan,0,0.008,0.008,0.0143077
juelich_pilot_d30_r2_log_distance_s02_w1,juelich,12345,2,2,log-distance,34,35,veh5,veh4,2,0,1,811.719,0,7.08776,0,nan,nan,0,0.008,0.018,0.0143077
juelich_pilot_d30_r2_log_distance_s02_w1,juelich,12345,2,2,log-distance,34,35,veh5,veh6,2,0,1,948.218,0,7.08776,8.45675,nan,nan,0,0.008,0.018,0.0143077
juelich_pilot_d30_r2_log_distance_s02_w1,juelich,12345,2,2,log-distance,34,35,veh5,veh7,2,0,1,444.074,1,7.08776,11.1859,nan,nan,0,0.008,0.01,0.0143077
juelich_pilot_d30_r2_log_distance_s02_w1,juelich,12345,2,2,log-distance,34,35,veh5,veh8,2,0,1,588.754,0,7.08776,7.11486,nan,nan,0,0.008,0.008,0.0143077
juelich_pilot_d30_r2_log_distance_s02_w1,juelich,12345,2,2,log-distance,34,35,veh5,veh9,2,0,1,879.815,0,7.08776,8.61598,nan,nan,0,0.008,0.018,0.0143077
juelich_pilot_d30_r2_log_distance_s02_w1,juelich,12345,2,2,log-distance,34,35,veh6,veh0,2,2,0,419.878,1,8.45675,11.0319,-79.1402,17.8361,2,0.018,0.02,0.0143077
juelich_pilot_d30_r2_log_distance_s02_w1,juelich,12345,2,2,log-distance,34,35,veh6,veh1,2,2,0,289.037,1,8.45675,8.32039,-75.8968,21.0795,2,0.018,0.018,0.0143077
juelich_pilot_d30_r2_log_distance_s02_w1,juelich,12345,2,2,log-distance,34,35,veh6,veh10,2,2,0,27.0814,1,8.45675,8.17143,-55.3263,41.65,2,0.018,0.018,0.0143077
juelich_pilot_d30_r2_log_distance_s02_w1,juelich,12345,2,2,log-distance,34,35,veh6,veh11,2,2,0,249.204,1,8.45675,7.31167,-74.6088,22.3675,2,0.018,0.018,0.0143077
juelich_pilot_d30_r2_log_distance_s02_w1,juelich,12345,2,2,log-distance,34,35,veh6,veh12,2,2,0,381.773,1,8.45675,3.78603,-78.3137,18.6626,2,0.018,0.016,0.0143077
juelich_pilot_d30_r2_log_distance_s02_w1,juelich,12345,2,2,log-distance,34,35,veh6,veh4,2,2,0,136.621,1,8.45675,0,-69.3878,27.5884,2,0.018,0.018,0.0143077
juelich_pilot_d30_r2_log_distance_s02_w1,juelich,12345,2,2,log-distance,34,35,veh6,veh5,2,0,1,948.218,0,8.45675,7.08776,nan,nan,0,0.018,0.008,0.0143077
juelich_pilot_d30_r2_log_distance_s02_w1,juelich,12345,2,2,log-distance,34,35,veh6,veh9,2,2,0,182.4,1,8.45675,8.61598,-71.8982,25.0781,2,0.018,0.018,0.0143077
juelich_pilot_d30_r2_log_distance_s02_w1,juelich,12345,2,2,log-distance,34,35,veh7,veh0,2,0,1,777.812,0,11.1859,11.0319,nan,nan,0,0.01,0.02,0.0143077
juelich_pilot_d30_r2_log_distance_s02_w1,juelich,12345,2,2,log-distance,34,35,veh7,veh11,1,0,1,999.603,0,11.1756,7.3107,nan,nan,0,0.01,0.018,0.0143077
juelich_pilot_d30_r2_log_distance_s02_w1,juelich,12345,2,2,log-distance,34,35,veh7,veh2,2,2,0,449.467,1,11.1859,0,-79.7315,17.2448,2,0.01,0.008,0.0143077
juelich_pilot_d30_r2_log_distance_s02_w1,juelich,12345,2,2,log-distance,34,35,veh7,veh3,2,2,0,413.963,1,11.1859,7.69518,-79.0169,17.9594,2,0.01,0.008,0.0143077
juelich_pilot_d30_r2_log_distance_s02_w1,juelich,12345,2,2,log-distance,34,35,veh7,veh4,2,0,1,959.535,0,11.1859,0,nan,nan,0,0.01,0.018,0.0143077
juelich_pilot_d30_r2_log_distance_s02_w1,juelich,12345,2,2,log-distance,34,35,veh7,veh5,2,2,0,444.074,1,11.1859,7.08776,-79.6265,17.3498,2,0.01,0.008,0.0143077
juelich_pilot_d30_r2_log_distance_s02_w1,juelich,12345,2,2,log-distance,34,35,veh7,veh8,2,2,0,150.976,1,11.1859,7.11486,-70.254,26.7223,2,0.01,0.008,0.0143077
juelich_pilot_d30_r2_log_distance_s02_w1,juelich,12345,2,2,log-distance,34,35,veh7,veh9,2,0,1,949.522,0,11.1859,8.61598,nan,nan,0,0.01,0.018,0.0143077
juelich_pilot_d30_r2_log_distance_s02_w1,juelich,12345,2,2,log-distance,34,35,veh8,veh0,2,0,1,859.717,0,7.11486,11.0319,nan,nan,0,0.008,0.02,0.0143077
juelich_pilot_d30_r2_log_distance_s02_w1,juelich,12345,2,2,log-distance,34,35,veh8,veh2,2,2,0,358.913,1,7.11486,0,-77.7775,7.40329,2,0.008,0.008,0.0143077
juelich_pilot_d30_r2_log_distance_s02_w1,juelich,12345,2,2,log-distance,34,35,veh8,veh3,2,2,0,329.777,1,7.11486,7.69518,-77.0421,7.77676,2,0.008,0.008,0.0143077
juelich_pilot_d30_r2_log_distance_s02_w1,juelich,12345,2,2,log-distance,34,35,veh8,veh5,2,0,1,588.754,0,7.11486,7.08776,nan,nan,0,0.008,0.008,0.0143077
juelich_pilot_d30_r2_log_distance_s02_w1,juelich,12345,2,2,log-distance,34,35,veh8,veh7,2,2,0,150.976,1,7.11486,11.1859,-70.254,9.29328,2,0.008,0.01,0.0143077
juelich_pilot_d30_r2_log_distance_s02_w1,juelich,12345,2,2,log-distance,34,35,veh8,veh9,2,0,1,970.413,0,7.11486,8.61598,nan,nan,0,0.008,0.018,0.0143077
juelich_pilot_d30_r2_log_distance_s02_w1,juelich,12345,2,2,log-distance,34,35,veh9,veh0,2,2,0,407.472,1,8.61598,11.0319,-78.8794,18.0969,2,0.018,0.02,0.0143077
juelich_pilot_d30_r2_log_distance_s02_w1,juelich,12345,2,2,log-distance,34,35,veh9,veh1,2,2,0,159.498,1,8.61598,8.32039,-70.7318,26.2445,2,0.018,0.018,0.0143077
juelich_pilot_d30_r2_log_distance_s02_w1,juelich,12345,2,2,log-distance,34,35,veh9,veh10,2,2,0,165.154,1,8.61598,8.17143,-71.0355,25.9408,2,0.018,0.018,0.0143077
juelich_pilot_d30_r2_log_distance_s02_w1,juelich,12345,2,2,log-distance,34,35,veh9,veh11,2,2,0,115.59,1,8.61598,7.31167,-67.9344,29.0419,2,0.018,0.018,0.0143077
juelich_pilot_d30_r2_log_distance_s02_w1,juelich,12345,2,2,log-distance,34,35,veh9,veh12,2,2,0,536.654,0,8.61598,3.78603,-81.2716,15.7047,2,0.018,0.016,0.0143077
juelich_pilot_d30_r2_log_distance_s02_w1,juelich,12345,2,2,log-distance,34,35,veh9,veh4,2,2,0,165.754,1,8.61598,0,-71.0669,25.9093,2,0.018,0.018,0.0143077
juelich_pilot_d30_r2_log_distance_s02_w1,juelich,12345,2,2,log-distance,34,35,veh9,veh5,2,0,1,879.815,0,8.61598,7.08776,nan,nan,0,0.018,0.008,0.0143077
juelich_pilot_d30_r2_log_distance_s02_w1,juelich,12345,2,2,log-distance,34,35,veh9,veh6,2,2,0,182.4,1,8.61598,8.45675,-71.8982,25.0781,2,0.018,0.018,0.0143077
juelich_pilot_d30_r2_log_distance_s02_w1,juelich,12345,2,2,log-distance,34,35,veh9,veh7,2,0,1,949.522,0,8.61598,11.1859,nan,nan,0,0.018,0.01,0.0143077
juelich_pilot_d30_r2_log_distance_s02_w1,juelich,12345,2,2,log-distance,34,35,veh9,veh8,2,0,1,970.413,0,8.61598,7.11486,nan,nan,0,0.018,0.008,0.0143077
juelich_pilot_d30_r2_log_distance_s02_w1,juelich,12345,2,2,log-distance,35,36,veh0,veh1,2,2,0,564.898,0,12.9814,8.38314,-81.7171,15.2592,2,0.02,0.017,0.0143651
juelich_pilot_d30_r2_log_distance_s02_w1,juelich,12345,2,2,log-distance,35,36,veh0,veh10,2,2,0,439.114,1,12.9814,8.33074,-79.5292,17.4471,2,0.02,0.017,0.0143651
juelich_pilot_d30_r2_log_distance_s02_w1,juelich,12345,2,2,log-distance,35,36,veh0,veh11,2,2,0,524.312,0,12.9814,7.35772,-81.0695,15.9068,2,0.02,0.017,0.0143651
juelich_pilot_d30_r2_log_distance_s02_w1,juelich,12345,2,2,log-distance,35,36,veh0,veh12,2,2,0,449.943,1,12.9814,5.56575,-79.7408,17.2354,2,0.02,0.016,0.0143651
juelich_pilot_d30_r2_log_distance_s02_w1,juelich,12345,2,2,log-distance,35,36,veh0,veh13,1,1,0,72.0762,1,13.4145,0.938479,-63.8335,33.1427,1,0.02,0.0111111,0.0143651
juelich_pilot_d30_r2_log_distance_s02_w1,juelich,12345,2,2,log-distance,35,36,veh0,veh4,2,2,0,295.56,1,12.9814,0,-76.0903,20.8859,2,0.02,0.018,0.0143651
juelich_pilot_d30_r2_log_distance_s02_w1,juelich,12345,2,2,log-distance,35,36,veh0,veh5,2,2,0,545.11,0,12.9814,7.38284,-81.4074,15.5689,2,0.02,0.012,0.0143651
juelich_pilot_d30_r2_log_distance_s02_w1,juelich,12345,2,2,log-distance,35,36,veh0,veh6,2,2,0,420.588,1,12.9814,8.52514,-79.1548,17.8215,2,0.02,0.017,0.0143651
juelich_pilot_d30_r2_log_distance_s02_w1,juelich,12345,2,2,log-distance,35,36,veh0,veh7,2,0,1,771.325,0,12.9814,11.146,nan,nan,0,0.02,0.012,0.0143651
juelich_pilot_d30_r2_log_distance_s02_w1,juelich,12345,2,2,log-distance,35,36,veh0,veh8,2,0,1,865.561,0,12.9814,7.07303,nan,nan,0,0.02,0.01,0.0143651
juelich_pilot_d30_r2_log_distance_s02_w1,juelich,12345,2,2,log-distance,35,36,veh0,veh9,2,2,0,421.187,1,12.9814,8.12482,-79.1668,17.8095,2,0.02,0.017,0.0143651
juelich_pilot_d30_r2_log_distance_s02_w1,juelich,12345,2,2,log-distance,35,36,veh1,veh0,2,2,0,564.898,0,8.38314,12.9814,-81.7171,15.2592,2,0.017,0.02,0.0143651
juelich_pilot_d30_r2_log_distance_s02_w1,juelich,12345,2,2,log-distance,35,36,veh1,veh10,2,2,0,263.501,1,8.38314,8.33074,-75.0934,21.8829,2,0.017,0.017,0.0143651
juelich_pilot_d30_r2_log_distance_s02_w1,juelich,12345,2,2,log-distance,35,36,veh1,veh11,2,2,0,43.7821,1,8.38314,7.35772,-59.5035,37.4728,2,0.017,0.017,0.0143651
juelich_pilot_d30_r2_log_distance_s02_w1,juelich,12345,2,2,log-distance,35,36,veh1,veh12,2,0,1,663.901,0,8.38314,5.56575,nan,nan,0,0.017,0.016,0.0143651
juelich_pilot_d30_r2_log_distance_s02_w1,juelich,12345,2,2,log-distance,35,36,veh1,veh13,1,1,0,511.127,0,8.38681,0.938479,-80.8483,16.128,1,0.017,0.0111111,0.0143651
juelich_pilot_d30_r2_log_distance_s02_w1,juelich,12345,2,2,log-distance,35,36,veh1,veh4,2,2,0,312.508,1,8.38314,0,-76.5747,20.4016,2,0.017,0.018,0.0143651
juelich_pilot_d30_r2_log_distance_s02_w1,juelich,12345,2,2,log-distance,35,36,veh1,veh6,2,2,0,289.179,1,8.38314,8.52514,-75.901,21.0752,2,0.017,0.017,0.0143651
juelich_pilot_d30_r2_log_distance_s02_w1,juelich,12345,2,2,log-distance,35,36,veh1,veh9,2,2,0,149.889,1,8.38314,8.12482,-70.192,26.7843,2,0.017,0.017,0.0143651
juelich_pilot_d30_r2_log_distance_s02_w1,juelich,12345,2,2,log-distance,35,36,veh10,veh0,2,2,0,439.114,1,8.33074,12.9814,-79.5292,17.4471,2,0.017,0.02,0.0143651
juelich_pilot_d30_r2_log_distance_s02_w1,juelich,12345,2,2,log-distance,35,36,veh10,veh1,2,2,0,263.501,1,8.33074,8.38314,-75.0934,21.8829,2,0.017,0.017,0.0143651
juelich_pilot_d30_r2_log_distance_s02_w1,juelich,12345,2,2,log-distance,35,36,veh10,veh11,2,2,0,225.662,1,8.33074,7.35772,-73.7469,23.2294,2,0.017,0.017,0.0143651
juelich_pilot_d30_r2_log_distance_s02_w1,juelich,12345,2,2,log-distance,35,36,veh10,veh12,2,2,0,403.55,1,8.33074,5.56575,-78.7956,18.1807,2,0.017,0.016,0.0143651
juelich_pilot_d30_r2_log_distance_s02_w1,juelich,12345,2,2,log-distance,35,36,veh10,veh13,1,1,0,369.616,1,8.4331,0.938479,-78.0327,18.9436,1,0.017,0.0111111,0.0143651
juelich_pilot_d30_r2_log_distance_s02_w1,juelich,12345,2,2,log-distance,35,36,veh10,veh4,2,2,0,146.356,1,8.33074,0,-69.9858,26.9905,2,0.017,0.018,0.0143651
juelich_pilot_d30_r2_log_distance_s02_w1,juelich,12345,2,2,log-distance,35,36,veh10,veh5,2,0,1,962.84,0,8.33074,7.38284,nan,nan,0,0.017,0.012,0.0143651
juelich_pilot_d30_r2_log_distance_s02_w1,juelich,12345,2,2,log-distance,35,36,veh10,veh6,2,2,0,28.6216,1,8.33074,8.52514,-55.8115,41.1647,2,0.017,0.017,0.0143651
juelich_pilot_d30_r2_log_distance_s02_w1,juelich,12345,2,2,log-distance,35,36,veh10,veh9,2,2,0,164.256,1,8.33074,8.12482,-70.9881,25.9882,2,0.017,0.017,0.0143651
juelich_pilot_d30_r2_log_distance_s02_w1,juelich,12345,2,2,log-distance,35,36,veh11,veh0,2,2,0,524.312,0,7.35772,12.9814,-81.0695,15.9068,2,0.017,0.02,0.0143651
juelich_pilot_d30_r2_log_distance_s02_w1,juelich,12345,2,2,log-distance,35,36,veh11,veh1,2,2,0,43.7821,1,7.35772,8.38314,-59.5035,37.4728,2,0.017,0.017,0.0143651
juelich_pilot_d30_r2_log_distance_s02_w1,juelich,12345,2,2,log-distance,35,36,veh11,veh10,2,2,0,225.662,1,7.35772,8.33074,-73.7469,23.2294,2,0.017,0.017,0.0143651
juelich_pilot_d30_r2_log_distance_s02_w1,juelich,12345,2,2,log-distance,35,36,veh11,veh12,2,0,1,623.171,0,7.35772,5.56575,nan,nan,0,0.017,0.016,0.0143651
juelich_pilot_d30_r2_log_distance_s02_w1,juelich,12345,2,2,log-distance,35,36,veh11,veh13,1,1,0,469.471,1,7.35032,0.938479,-80.1099,16.8664,1,0.017,0.0111111,0.0143651
juelich_pilot_d30_r2_log_distance_s02_w1,juelich,12345,2,2,log-distance,35,36,veh11,veh4,2,2,0,268.726,1,7.35772,0,-75.2637,21.7126,2,0.017,0.018,0.0143651
juelich_pilot_d30_r2_log_distance_s02_w1,juelich,12345,2,2,log-distance,35,36,veh11,veh5,2,0,1,972.309,0,7.35772,7.38284,nan,nan,0,0.017,0.012,0.0143651
juelich_pilot_d30_r2_log_distance_s02_w1,juelich,12345,2,2,log-distance,35,36,veh11,veh6,2,2,0,250.218,1,7.35772,8.52514,-74.6441,22.3322,2,0.017,0.017,0.0143651
juelich_pilot_d30_r2_log_distance_s02_w1,juelich,12345,2,2,log-distance,35,36,veh11,veh7,2,0,1,991.448,0,7.35772,11.146,nan,nan,0,0.017,0.012,0.0143651
juelich_pilot_d30_r2_log_distance_s02_w1,juelich,12345,2,2,log-distance,35,36,veh11,veh9,2,2,0,106.57,1,7.35772,8.12482,-67.2286,29.7477,2,0.017,0.017,0.0143651
juelich_pilot_d30_r2_log_distance_s02_w1,juelich,12345,2,2,log-distance,35,36,veh12,veh0,2,1,0.5,449.943,1,5.56575,12.9814,-79.7275,0.136107,1,0.016,0.02,0.0143651
juelich_pilot_d30_r2_log_distance_s02_w1,juelich,12345,2,2,log-distance,35,36,veh12,veh1,2,0,1,663.901,0,5.56575,8.38314,nan,nan,0,0.016,0.017,0.0143651
juelich_pilot_d30_r2_log_distance_s02_w1,juelich,12345,2,2,log-distance,35,36,veh12,veh10,2,1,0.5,403.55,1,5.56575,8.33074,-78.8235,4.90414,1,0.016,0.017,0.0143651
juelich_pilot_d30_r2_log_distance_s02_w1,juelich,12345,2,2,log-distance,35,36,veh12,veh11,2,0,1,623.171,0,5.56575,7.35772,nan,nan,0,0.016,0.017,0.0143651
juelich_pilot_d30_r2_log_distance_s02_w1,juelich,12345,2,2,log-distance,35,36,veh12,veh13,1,0,1,400.474,1,6.03089,0.938479,nan,nan,0,0.016,0.0111111,0.0143651
juelich_pilot_d30_r2_log_distance_s02_w1,juelich,12345,2,2,log-distance,35,36,veh12,veh4,2,1,0.5,388.326,1,5.56575,0,-78.4368,4.11003,1,0.016,0.018,0.0143651
juelich_pilot_d30_r2_log_distance_s02_w1,juelich,12345,2,2,log-distance,35,36,veh12,veh5,2,0,1,961.644,0,5.56575,7.38284,nan,nan,0,0.016,0.012,0.0143651
juelich_pilot_d30_r2_log_distance_s02_w1,juelich,12345,2,2,log-distance,35,36,veh12,veh6,2,1,0.5,376.145,1,5.56575,8.52514,-78.2144,5.45385,1,0.016,0.017,0.0143651
juelich_pilot_d30_r2_log_distance_s02_w1,juelich,12345,2,2,log-distance,35,36,veh12,veh9,2,1,0.5,535.93,0,5.56575,8.12482,-81.2598,1.59122,1,0.016,0.017,0.0143651
juelich_pilot_d30_r2_log_distance_s02_w1,juelich,12345,2,2,log-distance,35,36,veh13,veh0,1,1,0,72.0762,1,0.938479,13.4145,-63.8335,15.8391,1,0.0111111,0.02,0.0143651
juelich_pilot_d30_r2_log_distance_s02_w1,juelich,12345,2,2,log-distance,35,36,veh13,veh1,1,0,1,511.127,0,0.938479,8.38681,nan,nan,0,0.0111111,0.017,0.0143651
juelich_pilot_d30_r2_log_distance_s02_w1,juelich,12345,2,2,log-distance,35,36,veh13,veh10,1,0,1,369.616,1,0.938479,8.4331,nan,nan,0,0.0111111,0.017,0.0143651
juelich_pilot_d30_r2_log_distance_s02_w1,juelich,12345,2,2,log-distance,35,36,veh13,veh11,1,0,1,469.471,1,0.938479,7.35032,nan,nan,0,0.0111111,0.017,0.0143651
juelich_pilot_d30_r2_log_distance_s02_w1,juelich,12345,2,2,log-distance,35,36,veh13,veh12,1,0,1,400.474,1,0.938479,6.03089,nan,nan,0,0.0111111,0.016,0.0143651
juelich_pilot_d30_r2_log_distance_s02_w1,juelich,12345,2,2,log-distance,35,36,veh13,veh4,1,1,0,229.509,1,0.938479,0,-73.8937,4.53167,1,0.0111111,0.018,0.0143651
juelich_pilot_d30_r2_log_distance_s02_w1,juelich,12345,2,2,log-distance,35,36,veh13,veh5,1,0,1,615.791,0,0.938479,7.47298,nan,nan,0,0.0111111,0.012,0.0143651
juelich_pilot_d30_r2_log_distance_s02_w1,juelich,12345,2,2,log-distance,35,36,veh13,veh6,1,0,1,350.123,1,0.938479,8.56466,nan,nan,0,0.0111111,0.017,0.0143651
juelich_pilot_d30_r2_log_distance_s02_w1,juelich,12345,2,2,log-distance,35,36,veh13,veh7,1,0,1,821.154,0,0.938479,11.1379,nan,nan,0,0.0111111,0.012,0.0143651
juelich_pilot_d30_r2_log_distance_s02_w1,juelich,12345,2,2,log-distance,35,36,veh13,veh8,1,0,1,909.704,0,0.938479,7.06811,nan,nan,0,0.0111111,0.01,0.0143651
juelich_pilot_d30_r2_log_distance_s02_w1,juelich,12345,2,2,log-distance,35,36,veh13,veh9,1,0,1,366.63,1,0.938479,7.56546,nan,nan,0,0.0111111,0.017,0.0143651
juelich_pilot_d30_r2_log_distance_s02_w1,juelich,12345,2,2,log-distance,35,36,veh2,veh3,2,2,0,43.88,1,0,9.60187,-59.5145,37.4618,2,0.008,0.009,0.0143651
juelich_pilot_d30_r2_log_distance_s02_w1,juelich,12345,2,2,log-distance,35,36,veh2,veh5,2,0,1,865.006,0,0,7.38284,nan,nan,0,0.008,0.012,0.0143651
juelich_pilot_d30_r2_log_distance_s02_w1,juelich,12345,2,2,log-distance,35,36,veh2,veh7,2,2,0,460.589,1,0,11.146,-79.9438,17.0325,2,0.008,0.012,0.0143651
juelich_pilot_d30_r2_log_distance_s02_w1,juelich,12345,2,2,log-distance,35,36,veh2,veh8,2,2,0,360.682,1,0,7.07303,-77.8202,19.1561,2,0.008,0.01,0.0143651
juelich_pilot_d30_r2_log_distance_s02_w1,juelich,12345,2,2,log-distance,35,36,veh3,veh2,2,2,0,43.88,1,9.60187,0,-59.5145,37.4618,2,0.009,0.008,0.0143651
juelich_pilot_d30_r2_log_distance_s02_w1,juelich,12345,2,2,log-distance,35,36,veh3,veh5,2,0,1,821.154,0,9.60187,7.38284,nan,nan,0,0.009,0.012,0.0143651
juelich_pilot_d30_r2_log_distance_s02_w1,juelich,12345,2,2,log-distance,35,36,veh3,veh7,2,2,0,417.838,1,9.60187,11.146,-79.0979,17.8784,2,0.009,0.012,0.0143651
juelich_pilot_d30_r2_log_distance_s02_w1,juelich,12345,2,2,log-distance,35,36,veh3,veh8,2,2,0,323.651,1,9.60187,7.07303,-76.8791,20.0972,2,0.009,0.01,0.0143651
juelich_pilot_d30_r2_log_distance_s02_w1,juelich,12345,2,2,log-distance,35,36,veh4,veh0,2,2,0,295.56,1,0,12.9814,-76.0903,20.8859,2,0.018,0.02,0.0143651
juelich_pilot_d30_r2_log_distance_s02_w1,juelich,12345,2,2,log-distance,35,36,veh4,veh1,2,2,0,312.508,1,0,8.38314,-76.5747,20.4016,2,0.018,0.017,0.0143651
juelich_pilot_d30_r2_log_distance_s02_w1,juelich,12345,2,2,log-distance,35,36,veh4,veh10,2,2,0,146.356,1,0,8.33074,-69.9858,26.9905,2,0.018,0.017,0.0143651
juelich_pilot_d30_r2_log_distance_s02_w1,juelich,12345,2,2,log-distance,35,36,veh4,veh11,2,2,0,268.726,1,0,7.35772,-75.2637,21.7126,2,0.018,0.017,0.0143651
juelich_pilot_d30_r2_log_distance_s02_w1,juelich,12345,2,2,log-distance,35,36,veh4,veh12,2,2,0,388.326,1,0,5.56575,-78.4616,18.5147,2,0.018,0.016,0.0143651
juelich_pilot_d30_r2_log_distance_s02_w1,juelich,12345,2,2,log-distance,35,36,veh4,veh13,1,1,0,229.509,1,0,0.938479,-73.8937,23.0826,1,0.018,0.0111111,0.0143651
juelich_pilot_d30_r2_log_distance_s02_w1,juelich,12345,2,2,log-distance,35,36,veh4,veh5,2,0,1,816.952,0,0,7.38284,nan,nan,0,0.018,0.012,0.0143651
juelich_pilot_d30_r2_log_distance_s02_w1,juelich,12345,2,2,log-distance,35,36,veh4,veh6,2,2,0,133.132,1,0,8.52514,-69.1632,27.8131,2,0.018,0.017,0.0143651
juelich_pilot_d30_r2_log_distance_s02_w1,juelich,12345,2,2,log-distance,35,36,veh4,veh7,2,0,1,949.241,0,0,11.146,nan,nan,0,0.018,0.012,0.0143651
juelich_pilot_d30_r2_log_distance_s02_w1,juelich,12345,2,2,log-distance,35,36,veh4,veh9,2,2,0,164.723,1,0,8.12482,-71.0128,25.9635,2,0.018,0.017,0.0143651
juelich_pilot_d30_r2_log_distance_s02_w1,juelich,12345,2,2,log-distance,35,36,veh5,veh0,2,1,0.5,545.11,0,7.38284,12.9814,-81.4131,15.5632,1,0.012,0.02,0.0143651
juelich_pilot_d30_r2_log_distance_s02_w1,juelich,12345,2,2,log-distance,35,36,veh5,veh10,2,0,1,962.84,0,7.38284,8.33074,nan,nan,0,0.012,0.017,0.0143651
juelich_pilot_d30_r2_log_distance_s02_w1,juelich,12345,2,2,log-distance,35,36,veh5,veh11,2,0,1,972.309,0,7.38284,7.35772,nan,nan,0,0.012,0.017,0.0143651
juelich_pilot_d30_r2_log_distance_s02_w1,juelich,12345,2,2,log-distance,35,36,veh5,veh12,2,0,1,961.644,0,7.38284,5.56575,nan,nan,0,0.012,0.016,0.0143651
juelich_pilot_d30_r2_log_distance_s02_w1,juelich,12345,2,2,log-distance,35,36,veh5,veh13,1,0,1,615.791,0,7.47298,0.938479,nan,nan,0,0.012,0.0111111,0.0143651
juelich_pilot_d30_r2_log_distance_s02_w1,juelich,12345,2,2,log-distance,35,36,veh5,veh2,2,0,1,865.006,0,7.38284,0,nan,nan,0,0.012,0.008,0.0143651
juelich_pilot_d30_r2_log_distance_s02_w1,juelich,12345,2,2,log-distance,35,36,veh5,veh3,2,0,1,821.154,0,7.38284,9.60187,nan,nan,0,0.012,0.009,0.0143651
juelich_pilot_d30_r2_log_distance_s02_w1,juelich,12345,2,2,log-distance,35,36,veh5,veh4,2,0,1,816.952,0,7.38284,0,nan,nan,0,0.012,0.018,0.0143651
juelich_pilot_d30_r2_log_distance_s02_w1,juelich,12345,2,2,log-distance,35,36,veh5,veh6,2,0,1,949.548,0,7.38284,8.52514,nan,nan,0,0.012,0.017,0.0143651
juelich_pilot_d30_r2_log_distance_s02_w1,juelich,12345,2,2,log-distance,35,36,veh5,veh7,2,1,0.5,429.854,1,7.38284,11.146,-79.2675,17.7088,1,0.012,0.012,0.0143651
juelich_pilot_d30_r2_log_distance_s02_w1,juelich,12345,2,2,log-distance,35,36,veh5,veh8,2,0,1,588.213,0,7.38284,7.07303,nan,nan,0,0.012,0.01,0.0143651
juelich_pilot_d30_r2_log_distance_s02_w1,juelich,12345,2,2,log-distance,35,36,veh5,veh9,2,0,1,890.952,0,7.38284,8.12482,nan,nan,0,0.012,0.017,0.0143651
juelich_pilot_d30_r2_log_distance_s02_w1,juelich,12345,2,2,log-distance,35,36,veh6,veh0,2,2,0,420.588,1,8.52514,12.9814,-79.1548,17.8215,2,0.017,0.02,0.0143651
juelich_pilot_d30_r2_log_distance_s02_w1,juelich,12345,2,2,log-distance,35,36,veh6,veh1,2,2,0,289.179,1,8.52514,8.38314,-75.901,21.0752,2,0.017,0.017,0.0143651
juelich_pilot_d30_r2_log_distance_s02_w1,juelich,12345,2,2,log-distance,35,36,veh6,veh10,2,2,0,28.6216,1,8.52514,8.33074,-55.8115,41.1647,2,0.017,0.017,0.0143651
juelich_pilot_d30_r2_log_distance_s02_w1,juelich,12345,2,2,log-distance,35,36,veh6,veh11,2,2,0,250.218,1,8.52514,7.35772,-74.6441,22.3322,2,0.017,0.017,0.0143651
juelich_pilot_d30_r2_log_distance_s02_w1,juelich,12345,2,2,log-distance,35,36,veh6,veh12,2,2,0,376.145,1,8.52514,5.56575,-78.1848,18.7915,2,0.017,0.016,0.0143651
juelich_pilot_d30_r2_log_distance_s02_w1,juelich,12345,2,2,log-distance,35,36,veh6,veh13,1,1,0,350.123,1,8.56466,0.938479,-77.5621,19.4142,1,0.017,0.0111111,0.0143651
juelich_pilot_d30_r2_log_distance_s02_w1,juelich,12345,2,2,log-distance,35,36,veh6,veh4,2,2,0,133.132,1,8.52514,0,-69.1632,27.8131,2,0.017,0.018,0.0143651
juelich_pilot_d30_r2_log_distance_s02_w1,juelich,12345,2,2,log-distance,35,36,veh6,veh5,2,0,1,949.548,0,8.52514,7.38284,nan,nan,0,0.017,0.012,0.0143651
juelich_pilot_d30_r2_log_distance_s02_w1,juelich,12345,2,2,log-distance,35,36,veh6,veh9,2,2,0,180.723,1,8.52514,8.12482,-71.818,25.1583,2,0.017,0.017,0.0143651
juelich_pilot_d30_r2_log_distance_s02_w1,juelich,12345,2,2,log-distance,35,36,veh7,veh0,2,0,1,771.325,0,11.146,12.9814,nan,nan,0,0.012,0.02,0.0143651
juelich_pilot_d30_r2_log_distance_s02_w1,juelich,12345,2,2,log-distance,35,36,veh7,veh11,2,0,1,991.448,0,11.146,7.35772,nan,nan,0,0.012,0.017,0.0143651
juelich_pilot_d30_r2_log_distance_s02_w1,juelich,12345,2,2,log-distance,35,36,veh7,veh13,1,0,1,821.154,0,11.1379,0.938479,nan,nan,0,0.012,0.0111111,0.0143651
juelich_pilot_d30_r2_log_distance_s02_w1,juelich,12345,2,2,log-distance,35,36,veh7,veh2,2,2,0,460.589,1,11.146,0,-79.9438,17.0325,2,0.012,0.008,0.0143651
juelich_pilot_d30_r2_log_distance_s02_w1,juelich,12345,2,2,log-distance,35,36,veh7,veh3,2,2,0,417.838,1,11.146,9.60187,-79.0979,17.8784,2,0.012,0.009,0.0143651
juelich_pilot_d30_r2_log_distance_s02_w1,juelich,12345,2,2,log-distance,35,36,veh7,veh4,2,0,1,949.241,0,11.146,0,nan,nan,0,0.012,0.018,0.0143651
juelich_pilot_d30_r2_log_distance_s02_w1,juelich,12345,2,2,log-distance,35,36,veh7,veh5,2,2,0,429.854,1,11.146,7.38284,-79.3438,17.6325,2,0.012,0.012,0.0143651
juelich_pilot_d30_r2_log_distance_s02_w1,juelich,12345,2,2,log-distance,35,36,veh7,veh8,2,2,0,163.084,1,11.146,7.07303,-70.9244,26.0519,2,0.012,0.01,0.0143651
juelich_pilot_d30_r2_log_distance_s02_w1,juelich,12345,2,2,log-distance,35,36,veh7,veh9,2,0,1,948.564,0,11.146,8.12482,nan,nan,0,0.012,0.017,0.0143651
juelich_pilot_d30_r2_log_distance_s02_w1,juelich,12345,2,2,log-distance,35,36,veh8,veh0,2,0,1,865.561,0,7.07303,12.9814,nan,nan,0,0.01,0.02,0.0143651
juelich_pilot_d30_r2_log_distance_s02_w1,juelich,12345,2,2,log-distance,35,36,veh8,veh13,1,0,1,909.704,0,7.06811,0.938479,nan,nan,0,0.01,0.0111111,0.0143651
juelich_pilot_d30_r2_log_distance_s02_w1,juelich,12345,2,2,log-distance,35,36,veh8,veh2,2,2,0,360.682,1,7.07303,0,-77.8202,13.2385,2,0.01,0.008,0.0143651
juelich_pilot_d30_r2_log_distance_s02_w1,juelich,12345,2,2,log-distance,35,36,veh8,veh3,2,2,0,323.651,1,7.07303,9.60187,-76.8791,13.9777,2,0.01,0.009,0.0143651
juelich_pilot_d30_r2_log_distance_s02_w1,juelich,12345,2,2,log-distance,35,36,veh8,veh5,2,0,1,588.213,0,7.07303,7.38284,nan,nan,0,0.01,0.012,0.0143651
juelich_pilot_d30_r2_log_distance_s02_w1,juelich,12345,2,2,log-distance,35,36,veh8,veh7,2,2,0,163.084,1,7.07303,11.146,-70.9244,17.236,2,0.01,0.012,0.0143651
juelich_pilot_d30_r2_log_distance_s02_w1,juelich,12345,2,2,log-distance,35,36,veh8,veh9,2,0,1,975.503,0,7.07303,8.12482,nan,nan,0,0.01,0.017,0.0143651
juelich_pilot_d30_r2_log_distance_s02_w1,juelich,12345,2,2,log-distance,35,36,veh9,veh0,2,2,0,421.187,1,8.12482,12.9814,-79.1668,17.8095,2,0.017,0.02,0.0143651
juelich_pilot_d30_r2_log_distance_s02_w1,juelich,12345,2,2,log-distance,35,36,veh9,veh1,2,2,0,149.889,1,8.12482,8.38314,-70.192,26.7843,2,0.017,0.017,0.0143651
juelich_pilot_d30_r2_log_distance_s02_w1,juelich,12345,2,2,log-distance,35,36,veh9,veh10,2,2,0,164.256,1,8.12482,8.33074,-70.9881,25.9882,2,0.017,0.017,0.0143651
juelich_pilot_d30_r2_log_distance_s02_w1,juelich,12345,2,2,log-distance,35,36,veh9,veh11,2,2,0,106.57,1,8.12482,7.35772,-67.2286,29.7477,2,0.017,0.017,0.0143651
juelich_pilot_d30_r2_log_distance_s02_w1,juelich,12345,2,2,log-distance,35,36,veh9,veh12,2,2,0,535.93,0,8.12482,5.56575,-81.2599,15.7164,2,0.017,0.016,0.0143651
juelich_pilot_d30_r2_log_distance_s02_w1,juelich,12345,2,2,log-distance,35,36,veh9,veh13,1,1,0,366.63,1,7.56546,0.938479,-77.9623,19.014,1,0.017,0.0111111,0.0143651
juelich_pilot_d30_r2_log_distance_s02_w1,juelich,12345,2,2,log-distance,35,36,veh9,veh4,2,2,0,164.723,1,8.12482,0,-71.0128,25.9635,2,0.017,0.018,0.0143651
juelich_pilot_d30_r2_log_distance_s02_w1,juelich,12345,2,2,log-distance,35,36,veh9,veh5,2,0,1,890.952,0,8.12482,7.38284,nan,nan,0,0.017,0.012,0.0143651
juelich_pilot_d30_r2_log_distance_s02_w1,juelich,12345,2,2,log-distance,35,36,veh9,veh6,2,2,0,180.723,1,8.12482,8.52514,-71.818,25.1583,2,0.017,0.017,0.0143651
juelich_pilot_d30_r2_log_distance_s02_w1,juelich,12345,2,2,log-distance,35,36,veh9,veh7,2,0,1,948.564,0,8.12482,11.146,nan,nan,0,0.017,0.012,0.0143651
juelich_pilot_d30_r2_log_distance_s02_w1,juelich,12345,2,2,log-distance,35,36,veh9,veh8,2,0,1,975.503,0,8.12482,7.07303,nan,nan,0,0.017,0.01,0.0143651
juelich_pilot_d30_r2_log_distance_s02_w1,juelich,12345,2,2,log-distance,36,37,veh0,veh1,2,2,0,569.573,0,13.4385,8.31141,-81.7887,15.1876,2,0.02,0.016,0.0151429
juelich_pilot_d30_r2_log_distance_s02_w1,juelich,12345,2,2,log-distance,36,37,veh0,veh10,2,2,0,442.472,1,13.4385,8.49666,-79.5954,17.3809,2,0.02,0.016,0.0151429
juelich_pilot_d30_r2_log_distance_s02_w1,juelich,12345,2,2,log-distance,36,37,veh0,veh11,2,2,0,529.845,0,13.4385,7.293,-81.1606,15.8156,2,0.02,0.016,0.0151429
juelich_pilot_d30_r2_log_distance_s02_w1,juelich,12345,2,2,log-distance,36,37,veh0,veh12,2,2,0,453.84,1,13.4385,7.53883,-79.8157,17.1606,2,0.02,0.016,0.0151429
juelich_pilot_d30_r2_log_distance_s02_w1,juelich,12345,2,2,log-distance,36,37,veh0,veh13,2,2,0,78.8544,1,13.4385,2.47923,-64.6099,32.3664,2,0.02,0.02,0.0151429
juelich_pilot_d30_r2_log_distance_s02_w1,juelich,12345,2,2,log-distance,36,37,veh0,veh4,2,2,0,305.322,1,13.4385,0,-76.3726,20.6037,2,0.02,0.018,0.0151429
juelich_pilot_d30_r2_log_distance_s02_w1,juelich,12345,2,2,log-distance,36,37,veh0,veh5,2,2,0,544.403,0,13.4385,7.47847,-81.3961,15.5802,2,0.02,0.014,0.0151429
juelich_pilot_d30_r2_log_distance_s02_w1,juelich,12345,2,2,log-distance,36,37,veh0,veh6,2,2,0,423.628,1,13.4385,8.45808,-79.2174,17.7589,2,0.02,0.016,0.0151429
juelich_pilot_d30_r2_log_distance_s02_w1,juelich,12345,2,2,log-distance,36,37,veh0,veh7,2,0,1,763.78,0,13.4385,11.1519,nan,nan,0,0.02,0.014,0.0151429
juelich_pilot_d30_r2_log_distance_s02_w1,juelich,12345,2,2,log-distance,36,37,veh0,veh8,2,0,1,871.035,0,13.4385,7.173,nan,nan,0,0.02,0.012,0.0151429
juelich_pilot_d30_r2_log_distance_s02_w1,juelich,12345,2,2,log-distance,36,37,veh0,veh9,2,2,0,435.944,1,13.4385,4.22912,-79.466,17.5102,2,0.02,0.016,0.0151429
juelich_pilot_d30_r2_log_distance_s02_w1,juelich,12345,2,2,log-distance,36,37,veh1,veh0,2,2,0,569.573,0,8.31141,13.4385,-81.7887,15.1876,2,0.016,0.02,0.0151429
juelich_pilot_d30_r2_log_distance_s02_w1,juelich,12345,2,2,log-distance,36,37,veh1,veh10,2,2,0,263.673,1,8.31141,8.49666,-75.099,21.8773,2,0.016,0.016,0.0151429
juelich_pilot_d30_r2_log_distance_s02_w1,juelich,12345,2,2,log-distance,36,37,veh1,veh11,2,2,0,42.7881,1,8.31141,7.293,-59.304,37.6723,2,0.016,0.016,0.0151429
juelich_pilot_d30_r2_log_distance_s02_w1,juelich,12345,2,2,log-distance,36,37,veh1,veh12,2,0,1,660.042,0,8.31141,7.53883,nan,nan,0,0.016,0.016,0.0151429
juelich_pilot_d30_r2_log_distance_s02_w1,juelich,12345,2,2,log-distance,36,37,veh1,veh13,2,2,0,504.738,0,8.31141,2.47923,-80.7389,16.2373,2,0.016,0.02,0.0151429
juelich_pilot_d30_r2_log_distance_s02_w1,juelich,12345,2,2,log-distance,36,37,veh1,veh4,2,2,0,304.182,1,8.31141,0,-76.3402,20.6361,2,0.016,0.018,0.0151429
juelich_pilot_d30_r2_log_distance_s02_w1,juelich,12345,2,2,log-distance,36,37,veh1,veh5,2,0,1,996.263,0,8.31141,7.47847,nan,nan,0,0.016,0.014,0.0151429
juelich_pilot_d30_r2_log_distance_s02_w1,juelich,12345,2,2,log-distance,36,37,veh1,veh6,2,2,0,289.359,1,8.31141,8.45808,-75.9065,21.0698,2,0.016,0.016,0.0151429
juelich_pilot_d30_r2_log_distance_s02_w1,juelich,12345,2,2,log-distance,36,37,veh1,veh7,2,0,1,993.337,0,8.31141,11.1519,nan,nan,0,0.016,0.014,0.0151429
juelich_pilot_d30_r2_log_distance_s02_w1,juelich,12345,2,2,log-distance,36,37,veh1,veh9,2,2,0,140.876,1,8.31141,4.22912,-69.6534,27.3229,2,0.016,0.016,0.0151429
juelich_pilot_d30_r2_log_distance_s02_w1,juelich,12345,2,2,log-distance,36,37,veh10,veh0,2,2,0,442.472,1,8.49666,13.4385,-79.5954,17.3809,2,0.016,0.02,0.0151429
juelich_pilot_d30_r2_log_distance_s02_w1,juelich,12345,2,2,log-distance,36,37,veh10,veh1,2,2,0,263.673,1,8.49666,8.31141,-75.099,21.8773,2,0.016,0.016,0.0151429
juelich_pilot_d30_r2_log_distance_s02_w1,juelich,12345,2,2,log-distance,36,37,veh10,veh11,2,2,0,226.678,1,8.49666,7.293,-73.7859,23.1904,2,0.016,0.016,0.0151429
juelich_pilot_d30_r2_log_distance_s02_w1,juelich,12345,2,2,log-distance,36,37,veh10,veh12,2,2,0,398.926,1,8.49666,7.53883,-78.6955,18.2808,2,0.016,0.016,0.0151429
juelich_pilot_d30_r2_log_distance_s02_w1,juelich,12345,2,2,log-distance,36,37,veh10,veh13,2,2,0,364.131,1,8.49666,2.47923,-77.9027,19.0735,2,0.016,0.02,0.0151429
juelich_pilot_d30_r2_log_distance_s02_w1,juelich,12345,2,2,log-distance,36,37,veh10,veh4,2,2,0,142.11,1,8.49666,0,-69.7299,27.2464,2,0.016,0.018,0.0151429
juelich_pilot_d30_r2_log_distance_s02_w1,juelich,12345,2,2,log-distance,36,37,veh10,veh5,2,0,1,960.751,0,8.49666,7.47847,nan,nan,0,0.016,0.014,0.0151429
juelich_pilot_d30_r2_log_distance_s02_w1,juelich,12345,2,2,log-distance,36,37,veh10,veh6,2,2,0,28.6881,1,8.49666,8.45808,-55.8317,41.1446,2,0.016,0.016,0.0151429
juelich_pilot_d30_r2_log_distance_s02_w1,juelich,12345,2,2,log-distance,36,37,veh10,veh9,2,2,0,163.802,1,8.49666,4.22912,-70.9641,26.0122,2,0.016,0.016,0.0151429
juelich_pilot_d30_r2_log_distance_s02_w1,juelich,12345,2,2,log-distance,36,37,veh11,veh0,2,2,0,529.845,0,7.293,13.4385,-81.1606,15.8156,2,0.016,0.02,0.0151429
juelich_pilot_d30_r2_log_distance_s02_w1,juelich,12345,2,2,log-distance,36,37,veh11,veh1,2,2,0,42.7881,1,7.293,8.31141,-59.304,37.6723,2,0.016,0.016,0.0151429
juelich_pilot_d30_r2_log_distance_s02_w1,juelich,12345,2,2,log-distance,36,37,veh11,veh10,2,2,0,226.678,1,7.293,8.49666,-73.7859,23.1904,2,0.016,0.016,0.0151429
juelich_pilot_d30_r2_log_distance_s02_w1,juelich,12345,2,2,log-distance,36,37,veh11,veh12,2,0,1,620.441,0,7.293,7.53883,nan,nan,0,0.016,0.016,0.0151429
juelich_pilot_d30_r2_log_distance_s02_w1,juelich,12345,2,2,log-distance,36,37,veh11,veh13,2,2,0,463.801,1,7.293,2.47923,-80.0043,16.972,2,0.016,0.02,0.0151429
juelich_pilot_d30_r2_log_distance_s02_w1,juelich,12345,2,2,log-distance,36,37,veh11,veh4,2,2,0,261.394,1,7.293,0,-75.0234,21.9529,2,0.016,0.018,0.0151429
juelich_pilot_d30_r2_log_distance_s02_w1,juelich,12345,2,2,log-distance,36,37,veh11,veh5,2,0,1,967.543,0,7.293,7.47847,nan,nan,0,0.016,0.014,0.0151429
juelich_pilot_d30_r2_log_distance_s02_w1,juelich,12345,2,2,log-distance,36,37,veh11,veh6,2,2,0,251.263,1,7.293,8.45808,-74.6803,22.296,2,0.016,0.016,0.0151429
juelich_pilot_d30_r2_log_distance_s02_w1,juelich,12345,2,2,log-distance,36,37,veh11,veh7,2,0,1,980.211,0,7.293,11.1519,nan,nan,0,0.016,0.014,0.0151429
juelich_pilot_d30_r2_log_distance_s02_w1,juelich,12345,2,2,log-distance,36,37,veh11,veh8,2,0,1,996.858,0,7.293,7.173,nan,nan,0,0.016,0.012,0.0151429
juelich_pilot_d30_r2_log_distance_s02_w1,juelich,12345,2,2,log-distance,36,37,veh11,veh9,2,2,0,98.3153,1,7.293,4.22912,-66.5284,30.4479,2,0.016,0.016,0.0151429
juelich_pilot_d30_r2_log_distance_s02_w1,juelich,12345,2,2,log-distance,36,37,veh12,veh0,2,0,1,453.84,1,7.53883,13.4385,nan,nan,0,0.016,0.02,0.0151429
juelich_pilot_d30_r2_log_distance_s02_w1,juelich,12345,2,2,log-distance,36,37,veh12,veh1,2,0,1,660.042,0,7.53883,8.31141,nan,nan,0,0.016,0.016,0.0151429
juelich_pilot_d30_r2_log_distance_s02_w1,juelich,12345,2,2,log-distance,36,37,veh12,veh10,2,0,1,398.926,1,7.53883,8.49666,nan,nan,0,0.016,0.016,0.0151429
juelich_pilot_d30_r2_log_distance_s02_w1,juelich,12345,2,2,log-distance,36,37,veh12,veh11,2,0,1,620.441,0,7.53883,7.293,nan,nan,0,0.016,0.016,0.0151429
juelich_pilot_d30_r2_log_distance_s02_w1,juelich,12345,2,2,log-distance,36,37,veh12,veh13,2,0,1,404.328,1,7.53883,2.47923,nan,nan,0,0.016,0.02,0.0151429
juelich_pilot_d30_r2_log_distance_s02_w1,juelich,12345,2,2,log-distance,36,37,veh12,veh4,2,0,1,393.6,1,7.53883,0,nan,nan,0,0.016,0.018,0.0151429
juelich_pilot_d30_r2_log_distance_s02_w1,juelich,12345,2,2,log-distance,36,37,veh12,veh5,2,0,1,972.3,0,7.53883,7.47847,nan,nan,0,0.016,0.014,0.0151429
juelich_pilot_d30_r2_log_distance_s02_w1,juelich,12345,2,2,log-distance,36,37,veh12,veh6,2,0,1,371.669,1,7.53883,8.45808,nan,nan,0,0.016,0.016,0.0151429
juelich_pilot_d30_r2_log_distance_s02_w1,juelich,12345,2,2,log-distance,36,37,veh12,veh9,2,0,1,537.606,0,7.53883,4.22912,nan,nan,0,0.016,0.016,0.0151429
juelich_pilot_d30_r2_log_distance_s02_w1,juelich,12345,2,2,log-distance,36,37,veh13,veh0,2,2,0,78.8544,1,2.47923,13.4385,-64.6099,15.1231,2,0.02,0.02,0.0151429
juelich_pilot_d30_r2_log_distance_s02_w1,juelich,12345,2,2,log-distance,36,37,veh13,veh1,2,0,1,504.738,0,2.47923,8.31141,nan,nan,0,0.02,0.016,0.0151429
juelich_pilot_d30_r2_log_distance_s02_w1,juelich,12345,2,2,log-distance,36,37,veh13,veh10,2,0,1,364.131,1,2.47923,8.49666,nan,nan,0,0.02,0.016,0.0151429
juelich_pilot_d30_r2_log_distance_s02_w1,juelich,12345,2,2,log-distance,36,37,veh13,veh11,2,0,1,463.801,1,2.47923,7.293,nan,nan,0,0.02,0.016,0.0151429
juelich_pilot_d30_r2_log_distance_s02_w1,juelich,12345,2,2,log-distance,36,37,veh13,veh12,2,0,1,404.328,1,2.47923,7.53883,nan,nan,0,0.02,0.016,0.0151429
juelich_pilot_d30_r2_log_distance_s02_w1,juelich,12345,2,2,log-distance,36,37,veh13,veh4,2,2,0,228.625,1,2.47923,0,-73.8602,4.6562,2,0.02,0.018,0.0151429
juelich_pilot_d30_r2_log_distance_s02_w1,juelich,12345,2,2,log-distance,36,37,veh13,veh5,2,0,1,618.685,0,2.47923,7.47847,nan,nan,0,0.02,0.014,0.0151429
juelich_pilot_d30_r2_log_distance_s02_w1,juelich,12345,2,2,log-distance,36,37,veh13,veh6,2,0,1,344.931,1,2.47923,8.45808,nan,nan,0,0.02,0.016,0.0151429
juelich_pilot_d30_r2_log_distance_s02_w1,juelich,12345,2,2,log-distance,36,37,veh13,veh7,2,0,1,814.202,0,2.47923,11.1519,nan,nan,0,0.02,0.014,0.0151429
juelich_pilot_d30_r2_log_distance_s02_w1,juelich,12345,2,2,log-distance,36,37,veh13,veh8,2,0,1,910.502,0,2.47923,7.173,nan,nan,0,0.02,0.012,0.0151429
juelich_pilot_d30_r2_log_distance_s02_w1,juelich,12345,2,2,log-distance,36,37,veh13,veh9,2,0,1,367.613,1,2.47923,4.22912,nan,nan,0,0.02,0.016,0.0151429
juelich_pilot_d30_r2_log_distance_s02_w1,juelich,12345,2,2,log-distance,36,37,veh2,veh3,2,2,0,53.8745,1,0,11.5843,-61.2931,35.6832,2,0.008,0.01,0.0151429
juelich_pilot_d30_r2_log_distance_s02_w1,juelich,12345,2,2,log-distance,36,37,veh2,veh5,2,0,1,857.94,0,0,7.47847,nan,nan,0,0.008,0.014,0.0151429
juelich_pilot_d30_r2_log_distance_s02_w1,juelich,12345,2,2,log-distance,36,37,veh2,veh7,2,2,0,471.571,1,0,11.1519,-80.1485,16.8278,2,0.008,0.014,0.0151429
juelich_pilot_d30_r2_log_distance_s02_w1,juelich,12345,2,2,log-distance,36,37,veh2,veh8,2,2,0,362.518,1,0,7.173,-77.8643,19.112,2,0.008,0.012,0.0151429
juelich_pilot_d30_r2_log_distance_s02_w1,juelich,12345,2,2,log-distance,36,37,veh3,veh2,2,2,0,53.8745,1,11.5843,0,-61.2931,35.6832,2,0.01,0.008,0.0151429
juelich_pilot_d30_r2_log_distance_s02_w1,juelich,12345,2,2,log-distance,36,37,veh3,veh5,2,0,1,804.265,0,11.5843,7.47847,nan,nan,0,0.01,0.014,0.0151429
juelich_pilot_d30_r2_log_distance_s02_w1,juelich,12345,2,2,log-distance,36,37,veh3,veh7,2,2,0,418.406,1,11.5843,11.1519,-79.1097,17.8666,2,0.01,0.014,0.0151429
juelich_pilot_d30_r2_log_distance_s02_w1,juelich,12345,2,2,log-distance,36,37,veh3,veh8,2,2,0,315.852,1,11.5843,7.173,-76.6672,20.3091,2,0.01,0.012,0.0151429
juelich_pilot_d30_r2_log_distance_s02_w1,juelich,12345,2,2,log-distance,36,37,veh4,veh0,2,2,0,305.322,1,0,13.4385,-76.3726,20.6037,2,0.018,0.02,0.0151429
juelich_pilot_d30_r2_log_distance_s02_w1,juelich,12345,2,2,log-distance,36,37,veh4,veh1,2,2,0,304.182,1,0,8.31141,-76.3402,20.6361,2,0.018,0.016,0.0151429
juelich_pilot_d30_r2_log_distance_s02_w1,juelich,12345,2,2,log-distance,36,37,veh4,veh10,2,2,0,142.11,1,0,8.49666,-69.7299,27.2464,2,0.018,0.016,0.0151429
juelich_pilot_d30_r2_log_distance_s02_w1,juelich,12345,2,2,log-distance,36,37,veh4,veh11,2,2,0,261.394,1,0,7.293,-75.0234,21.9529,2,0.018,0.016,0.0151429
juelich_pilot_d30_r2_log_distance_s02_w1,juelich,12345,2,2,log-distance,36,37,veh4,veh12,2,2,0,393.6,1,0,7.53883,-78.5787,18.3976,2,0.018,0.016,0.0151429
juelich_pilot_d30_r2_log_distance_s02_w1,juelich,12345,2,2,log-distance,36,37,veh4,veh13,2,2,0,228.625,1,0,2.47923,-73.8602,23.1161,2,0.018,0.02,0.0151429
juelich_pilot_d30_r2_log_distance_s02_w1,juelich,12345,2,2,log-distance,36,37,veh4,veh5,2,0,1,818.766,0,0,7.47847,nan,nan,0,0.018,0.014,0.0151429
juelich_pilot_d30_r2_log_distance_s02_w1,juelich,12345,2,2,log-distance,36,37,veh4,veh6,2,2,0,130.186,1,0,8.45808,-68.9689,28.0074,2,0.018,0.016,0.0151429
juelich_pilot_d30_r2_log_distance_s02_w1,juelich,12345,2,2,log-distance,36,37,veh4,veh7,2,0,1,938.697,0,0,11.1519,nan,nan,0,0.018,0.014,0.0151429
juelich_pilot_d30_r2_log_distance_s02_w1,juelich,12345,2,2,log-distance,36,37,veh4,veh9,2,2,0,164.241,1,0,4.22912,-70.9873,25.989,2,0.018,0.016,0.0151429
juelich_pilot_d30_r2_log_distance_s02_w1,juelich,12345,2,2,log-distance,36,37,veh5,veh0,2,2,0,544.403,0,7.47847,13.4385,-81.3961,15.5802,2,0.014,0.02,0.0151429
juelich_pilot_d30_r2_log_distance_s02_w1,juelich,12345,2,2,log-distance,36,37,veh5,veh1,2,0,1,996.263,0,7.47847,8.31141,nan,nan,0,0.014,0.016,0.0151429
juelich_pilot_d30_r2_log_distance_s02_w1,juelich,12345,2,2,log-distance,36,37,veh5,veh10,2,0,1,960.751,0,7.47847,8.49666,nan,nan,0,0.014,0.016,0.0151429
juelich_pilot_d30_r2_log_distance_s02_w1,juelich,12345,2,2,log-distance,36,37,veh5,veh11,2,0,1,967.543,0,7.47847,7.293,nan,nan,0,0.014,0.016,0.0151429
juelich_pilot_d30_r2_log_distance_s02_w1,juelich,12345,2,2,log-distance,36,37,veh5,veh12,2,0,1,972.3,0,7.47847,7.53883,nan,nan,0,0.014,0.016,0.0151429
juelich_pilot_d30_r2_log_distance_s02_w1,juelich,12345,2,2,log-distance,36,37,veh5,veh13,2,0,1,618.685,0,7.47847,2.47923,nan,nan,0,0.014,0.02,0.0151429
juelich_pilot_d30_r2_log_distance_s02_w1,juelich,12345,2,2,log-distance,36,37,veh5,veh2,2,0,1,857.94,0,7.47847,0,nan,nan,0,0.014,0.008,0.0151429
juelich_pilot_d30_r2_log_distance_s02_w1,juelich,12345,2,2,log-distance,36,37,veh5,veh3,2,0,1,804.265,0,7.47847,11.5843,nan,nan,0,0.014,0.01,0.0151429
juelich_pilot_d30_r2_log_distance_s02_w1,juelich,12345,2,2,log-distance,36,37,veh5,veh4,2,0,1,818.766,0,7.47847,0,nan,nan,0,0.014,0.018,0.0151429
juelich_pilot_d30_r2_log_distance_s02_w1,juelich,12345,2,2,log-distance,36,37,veh5,veh6,2,0,1,947.712,0,7.47847,8.45808,nan,nan,0,0.014,0.016,0.0151429
juelich_pilot_d30_r2_log_distance_s02_w1,juelich,12345,2,2,log-distance,36,37,veh5,veh7,2,2,0,414.301,1,7.47847,11.1519,-79.0236,17.9527,2,0.014,0.014,0.0151429
juelich_pilot_d30_r2_log_distance_s02_w1,juelich,12345,2,2,log-distance,36,37,veh5,veh8,2,0,1,585.581,0,7.47847,7.173,nan,nan,0,0.014,0.012,0.0151429
juelich_pilot_d30_r2_log_distance_s02_w1,juelich,12345,2,2,log-distance,36,37,veh5,veh9,2,0,1,896.533,0,7.47847,4.22912,nan,nan,0,0.014,0.016,0.0151429
juelich_pilot_d30_r2_log_distance_s02_w1,juelich,12345,2,2,log-distance,36,37,veh6,veh0,2,2,0,423.628,1,8.45808,13.4385,-79.2174,17.7589,2,0.016,0.02,0.0151429
juelich_pilot_d30_r2_log_distance_s02_w1,juelich,12345,2,2,log-distance,36,37,veh6,veh1,2,2,0,289.359,1,8.45808,8.31141,-75.9065,21.0698,2,0.016,0.016,0.0151429
juelich_pilot_d30_r2_log_distance_s02_w1,juelich,12345,2,2,log-distance,36,37,veh6,veh10,2,2,0,28.6881,1,8.45808,8.49666,-55.8317,41.1446,2,0.016,0.016,0.0151429
juelich_pilot_d30_r2_log_distance_s02_w1,juelich,12345,2,2,log-distance,36,37,veh6,veh11,2,2,0,251.263,1,8.45808,7.293,-74.6803,22.296,2,0.016,0.016,0.0151429
juelich_pilot_d30_r2_log_distance_s02_w1,juelich,12345,2,2,log-distance,36,37,veh6,veh12,2,2,0,371.669,1,8.45808,7.53883,-78.0808,18.8955,2,0.016,0.016,0.0151429
juelich_pilot_d30_r2_log_distance_s02_w1,juelich,12345,2,2,log-distance,36,37,veh6,veh13,2,2,0,344.931,1,8.45808,2.47923,-77.4322,19.5441,2,0.016,0.02,0.0151429
juelich_pilot_d30_r2_log_distance_s02_w1,juelich,12345,2,2,log-distance,36,37,veh6,veh4,2,2,0,130.186,1,8.45808,0,-68.9689,28.0074,2,0.016,0.018,0.0151429
juelich_pilot_d30_r2_log_distance_s02_w1,juelich,12345,2,2,log-distance,36,37,veh6,veh5,2,0,1,947.712,0,8.45808,7.47847,nan,nan,0,0.016,0.014,0.0151429
juelich_pilot_d30_r2_log_distance_s02_w1,juelich,12345,2,2,log-distance,36,37,veh6,veh9,2,2,0,181.61,1,8.45808,4.22912,-71.8604,25.1159,2,0.016,0.016,0.0151429
juelich_pilot_d30_r2_log_distance_s02_w1,juelich,12345,2,2,log-distance,36,37,veh7,veh0,2,0,1,763.78,0,11.1519,13.4385,nan,nan,0,0.014,0.02,0.0151429
juelich_pilot_d30_r2_log_distance_s02_w1,juelich,12345,2,2,log-distance,36,37,veh7,veh1,2,0,1,993.337,0,11.1519,8.31141,nan,nan,0,0.014,0.016,0.0151429
juelich_pilot_d30_r2_log_distance_s02_w1,juelich,12345,2,2,log-distance,36,37,veh7,veh11,2,0,1,980.211,0,11.1519,7.293,nan,nan,0,0.014,0.016,0.0151429
juelich_pilot_d30_r2_log_distance_s02_w1,juelich,12345,2,2,log-distance,36,37,veh7,veh13,2,0,1,814.202,0,11.1519,2.47923,nan,nan,0,0.014,0.02,0.0151429
juelich_pilot_d30_r2_log_distance_s02_w1,juelich,12345,2,2,log-distance,36,37,veh7,veh2,2,2,0,471.571,1,11.1519,0,-80.1485,16.8278,2,0.014,0.008,0.0151429
juelich_pilot_d30_r2_log_distance_s02_w1,juelich,12345,2,2,log-distance,36,37,veh7,veh3,2,2,0,418.406,1,11.1519,11.5843,-79.1097,17.8666,2,0.014,0.01,0.0151429
juelich_pilot_d30_r2_log_distance_s02_w1,juelich,12345,2,2,log-distance,36,37,veh7,veh4,2,0,1,938.697,0,11.1519,0,nan,nan,0,0.014,0.018,0.0151429
juelich_pilot_d30_r2_log_distance_s02_w1,juelich,12345,2,2,log-distance,36,37,veh7,veh5,2,2,0,414.301,1,11.1519,7.47847,-79.0236,17.9527,2,0.014,0.014,0.0151429
juelich_pilot_d30_r2_log_distance_s02_w1,juelich,12345,2,2,log-distance,36,37,veh7,veh8,2,2,0,174.737,1,11.1519,7.173,-71.5242,25.4521,2,0.014,0.012,0.0151429
juelich_pilot_d30_r2_log_distance_s02_w1,juelich,12345,2,2,log-distance,36,37,veh7,veh9,2,0,1,944.922,0,11.1519,4.22912,nan,nan,0,0.014,0.016,0.0151429
juelich_pilot_d30_r2_log_distance_s02_w1,juelich,12345,2,2,log-distance,36,37,veh8,veh0,2,0,1,871.035,0,7.173,13.4385,nan,nan,0,0.012,0.02,0.0151429
juelich_pilot_d30_r2_log_distance_s02_w1,juelich,12345,2,2,log-distance,36,37,veh8,veh11,2,0,1,996.858,0,7.173,7.293,nan,nan,0,0.012,0.016,0.0151429
juelich_pilot_d30_r2_log_distance_s02_w1,juelich,12345,2,2,log-distance,36,37,veh8,veh13,2,0,1,910.502,0,7.173,2.47923,nan,nan,0,0.012,0.02,0.0151429
juelich_pilot_d30_r2_log_distance_s02_w1,juelich,12345,2,2,log-distance,36,37,veh8,veh2,2,2,0,362.518,1,7.173,0,-77.8643,19.112,2,0.012,0.008,0.0151429
juelich_pilot_d30_r2_log_distance_s02_w1,juelich,12345,2,2,log-distance,36,37,veh8,veh3,2,2,0,315.852,1,7.173,11.5843,-76.6672,20.3091,2,0.012,0.01,0.0151429
juelich_pilot_d30_r2_log_distance_s02_w1,juelich,12345,2,2,log-distance,36,37,veh8,veh5,2,0,1,585.581,0,7.173,7.47847,nan,nan,0,0.012,0.014,0.0151429
juelich_pilot_d30_r2_log_distance_s02_w1,juelich,12345,2,2,log-distance,36,37,veh8,veh7,2,2,0,174.737,1,7.173,11.1519,-71.5242,25.4521,2,0.012,0.014,0.0151429
juelich_pilot_d30_r2_log_distance_s02_w1,juelich,12345,2,2,log-distance,36,37,veh8,veh9,2,0,1,978.331,0,7.173,4.22912,nan,nan,0,0.012,0.016,0.0151429
juelich_pilot_d30_r2_log_distance_s02_w1,juelich,12345,2,2,log-distance,36,37,veh9,veh0,2,2,0,435.944,1,4.22912,13.4385,-79.466,17.5102,2,0.016,0.02,0.0151429
juelich_pilot_d30_r2_log_distance_s02_w1,juelich,12345,2,2,log-distance,36,37,veh9,veh1,2,2,0,140.876,1,4.22912,8.31141,-69.6534,27.3229,2,0.016,0.016,0.0151429
juelich_pilot_d30_r2_log_distance_s02_w1,juelich,12345,2,2,log-distance,36,37,veh9,veh10,2,2,0,163.802,1,4.22912,8.49666,-70.9641,26.0122,2,0.016,0.016,0.0151429
juelich_pilot_d30_r2_log_distance_s02_w1,juelich,12345,2,2,log-distance,36,37,veh9,veh11,2,2,0,98.3153,1,4.22912,7.293,-66.5284,30.4479,2,0.016,0.016,0.0151429
juelich_pilot_d30_r2_log_distance_s02_w1,juelich,12345,2,2,log-distance,36,37,veh9,veh12,2,2,0,537.606,0,4.22912,7.53883,-81.287,15.6893,2,0.016,0.016,0.0151429
juelich_pilot_d30_r2_log_distance_s02_w1,juelich,12345,2,2,log-distance,36,37,veh9,veh13,2,2,0,367.613,1,4.22912,2.47923,-77.9855,18.9908,2,0.016,0.02,0.0151429
juelich_pilot_d30_r2_log_distance_s02_w1,juelich,12345,2,2,log-distance,36,37,veh9,veh4,2,2,0,164.241,1,4.22912,0,-70.9873,25.989,2,0.016,0.018,0.0151429
juelich_pilot_d30_r2_log_distance_s02_w1,juelich,12345,2,2,log-distance,36,37,veh9,veh5,2,0,1,896.533,0,4.22912,7.47847,nan,nan,0,0.016,0.014,0.0151429
juelich_pilot_d30_r2_log_distance_s02_w1,juelich,12345,2,2,log-distance,36,37,veh9,veh6,2,2,0,181.61,1,4.22912,8.45808,-71.8604,25.1159,2,0.016,0.016,0.0151429
juelich_pilot_d30_r2_log_distance_s02_w1,juelich,12345,2,2,log-distance,36,37,veh9,veh7,2,0,1,944.922,0,4.22912,11.1519,nan,nan,0,0.016,0.014,0.0151429
juelich_pilot_d30_r2_log_distance_s02_w1,juelich,12345,2,2,log-distance,36,37,veh9,veh8,2,0,1,978.331,0,4.22912,7.173,nan,nan,0,0.016,0.012,0.0151429
juelich_pilot_d30_r2_log_distance_s02_w1,juelich,12345,2,2,log-distance,37,38,veh0,veh1,2,2,0,574.521,0,13.4394,8.30115,-81.8638,15.1125,2,0.02,0.017,0.0142667
juelich_pilot_d30_r2_log_distance_s02_w1,juelich,12345,2,2,log-distance,37,38,veh0,veh10,2,2,0,446.145,1,13.4394,8.52778,-79.6672,17.3091,2,0.02,0.017,0.0142667
juelich_pilot_d30_r2_log_distance_s02_w1,juelich,12345,2,2,log-distance,37,38,veh0,veh11,2,2,0,535.662,0,13.4394,7.29258,-81.2555,15.7208,2,0.02,0.017,0.0142667
juelich_pilot_d30_r2_log_distance_s02_w1,juelich,12345,2,2,log-distance,37,38,veh0,veh12,2,2,0,460.411,1,13.4394,8.57743,-79.9405,17.0358,2,0.02,0.017,0.0142667
juelich_pilot_d30_r2_log_distance_s02_w1,juelich,12345,2,2,log-distance,37,38,veh0,veh13,2,2,0,90.4699,1,13.4394,4.37553,-65.8015,31.1748,2,0.02,0.02,0.0142667
juelich_pilot_d30_r2_log_distance_s02_w1,juelich,12345,2,2,log-distance,37,38,veh0,veh4,2,2,0,315.782,1,13.4394,0,-76.6651,20.3112,2,0.02,0.018,0.0142667
juelich_pilot_d30_r2_log_distance_s02_w1,juelich,12345,2,2,log-distance,37,38,veh0,veh5,2,2,0,539.555,0,13.4394,7.45573,-81.3184,15.6579,2,0.02,0.013,0.0142667
juelich_pilot_d30_r2_log_distance_s02_w1,juelich,12345,2,2,log-distance,37,38,veh0,veh6,2,2,0,427.265,1,13.4394,8.52013,-79.2916,17.6847,2,0.02,0.017,0.0142667
juelich_pilot_d30_r2_log_distance_s02_w1,juelich,12345,2,2,log-distance,37,38,veh0,veh7,2,0,1,755.796,0,13.4394,11.2165,nan,nan,0,0.02,0.013,0.0142667
juelich_pilot_d30_r2_log_distance_s02_w1,juelich,12345,2,2,log-distance,37,38,veh0,veh8,2,0,1,876.37,0,13.4394,7.13676,nan,nan,0,0.02,0.011,0.0142667
juelich_pilot_d30_r2_log_distance_s02_w1,juelich,12345,2,2,log-distance,37,38,veh0,veh9,2,2,0,449.095,1,13.4394,0.448589,-79.7242,17.252,2,0.02,0.017,0.0142667
juelich_pilot_d30_r2_log_distance_s02_w1,juelich,12345,2,2,log-distance,37,38,veh1,veh0,2,2,0,574.521,0,8.30115,13.4394,-81.8638,15.1125,2,0.017,0.02,0.0142667
juelich_pilot_d30_r2_log_distance_s02_w1,juelich,12345,2,2,log-distance,37,38,veh1,veh10,2,2,0,263.833,1,8.30115,8.52778,-75.1043,21.872,2,0.017,0.017,0.0142667
juelich_pilot_d30_r2_log_distance_s02_w1,juelich,12345,2,2,log-distance,37,38,veh1,veh11,2,2,0,41.8016,1,8.30115,7.29258,-59.1014,37.8749,2,0.017,0.017,0.0142667
juelich_pilot_d30_r2_log_distance_s02_w1,juelich,12345,2,2,log-distance,37,38,veh1,veh12,2,0,1,657.176,0,8.30115,8.57743,nan,nan,0,0.017,0.017,0.0142667
juelich_pilot_d30_r2_log_distance_s02_w1,juelich,12345,2,2,log-distance,37,38,veh1,veh13,2,2,0,495.781,1,8.30115,4.37553,-80.5834,16.3929,2,0.017,0.02,0.0142667
juelich_pilot_d30_r2_log_distance_s02_w1,juelich,12345,2,2,log-distance,37,38,veh1,veh4,2,2,0,295.87,1,8.30115,0,-76.0995,20.8768,2,0.017,0.018,0.0142667
juelich_pilot_d30_r2_log_distance_s02_w1,juelich,12345,2,2,log-distance,37,38,veh1,veh5,2,0,1,986.396,0,8.30115,7.45573,nan,nan,0,0.017,0.013,0.0142667
juelich_pilot_d30_r2_log_distance_s02_w1,juelich,12345,2,2,log-distance,37,38,veh1,veh6,2,2,0,289.588,1,8.30115,8.52013,-75.9133,21.063,2,0.017,0.017,0.0142667
juelich_pilot_d30_r2_log_distance_s02_w1,juelich,12345,2,2,log-distance,37,38,veh1,veh7,2,0,1,981.321,0,8.30115,11.2165,nan,nan,0,0.017,0.013,0.0142667
juelich_pilot_d30_r2_log_distance_s02_w1,juelich,12345,2,2,log-distance,37,38,veh1,veh8,2,0,1,997.287,0,8.30115,7.13676,nan,nan,0,0.017,0.011,0.0142667
juelich_pilot_d30_r2_log_distance_s02_w1,juelich,12345,2,2,log-distance,37,38,veh1,veh9,2,2,0,132.409,1,8.30115,0.448589,-69.115,27.8613,2,0.017,0.017,0.0142667
juelich_pilot_d30_r2_log_distance_s02_w1,juelich,12345,2,2,log-distance,37,38,veh10,veh0,2,2,0,446.145,1,8.52778,13.4394,-79.6672,17.3091,2,0.017,0.02,0.0142667
juelich_pilot_d30_r2_log_distance_s02_w1,juelich,12345,2,2,log-distance,37,38,veh10,veh1,2,2,0,263.833,1,8.52778,8.30115,-75.1043,21.872,2,0.017,0.017,0.0142667
juelich_pilot_d30_r2_log_distance_s02_w1,juelich,12345,2,2,log-distance,37,38,veh10,veh11,2,2,0,227.658,1,8.52778,7.29258,-73.8234,23.1529,2,0.017,0.017,0.0142667
juelich_pilot_d30_r2_log_distance_s02_w1,juelich,12345,2,2,log-distance,37,38,veh10,veh12,2,2,0,395.231,1,8.52778,8.57743,-78.6147,18.3616,2,0.017,0.017,0.0142667
juelich_pilot_d30_r2_log_distance_s02_w1,juelich,12345,2,2,log-distance,37,38,veh10,veh13,2,2,0,355.699,1,8.52778,4.37553,-77.6992,19.2771,2,0.017,0.02,0.0142667
juelich_pilot_d30_r2_log_distance_s02_w1,juelich,12345,2,2,log-distance,37,38,veh10,veh4,2,2,0,138.03,1,8.52778,0,-69.477,27.4993,2,0.017,0.018,0.0142667
juelich_pilot_d30_r2_log_distance_s02_w1,juelich,12345,2,2,log-distance,37,38,veh10,veh5,2,0,1,954.338,0,8.52778,7.45573,nan,nan,0,0.017,0.013,0.0142667
juelich_pilot_d30_r2_log_distance_s02_w1,juelich,12345,2,2,log-distance,37,38,veh10,veh6,2,2,0,28.6813,1,8.52778,8.52013,-55.8297,41.1466,2,0.017,0.017,0.0142667
juelich_pilot_d30_r2_log_distance_s02_w1,juelich,12345,2,2,log-distance,37,38,veh10,veh9,2,2,0,167.233,1,8.52778,0.448589,-71.1439,25.8324,2,0.017,0.017,0.0142667
juelich_pilot_d30_r2_log_distance_s02_w1,juelich,12345,2,2,log-distance,37,38,veh11,veh0,2,2,0,535.662,0,7.29258,13.4394,-81.2555,15.7208,2,0.017,0.02,0.0142667
juelich_pilot_d30_r2_log_distance_s02_w1,juelich,12345,2,2,log-distance,37,38,veh11,veh1,2,2,0,41.8016,1,7.29258,8.30115,-59.1014,37.8749,2,0.017,0.017,0.0142667
juelich_pilot_d30_r2_log_distance_s02_w1,juelich,12345,2,2,log-distance,37,38,veh11,veh10,2,2,0,227.658,1,7.29258,8.52778,-73.8234,23.1529,2,0.017,0.017,0.0142667
juelich_pilot_d30_r2_log_distance_s02_w1,juelich,12345,2,2,log-distance,37,38,veh11,veh12,2,0,1,618.735,0,7.29258,8.57743,nan,nan,0,0.017,0.017,0.0142667
juelich_pilot_d30_r2_log_distance_s02_w1,juelich,12345,2,2,log-distance,37,38,veh11,veh13,2,2,0,455.759,1,7.29258,4.37553,-79.8523,17.124,2,0.017,0.02,0.0142667
juelich_pilot_d30_r2_log_distance_s02_w1,juelich,12345,2,2,log-distance,37,38,veh11,veh4,2,2,0,254.069,1,7.29258,0,-74.7765,22.1998,2,0.017,0.018,0.0142667
juelich_pilot_d30_r2_log_distance_s02_w1,juelich,12345,2,2,log-distance,37,38,veh11,veh5,2,0,1,958.715,0,7.29258,7.45573,nan,nan,0,0.017,0.013,0.0142667
juelich_pilot_d30_r2_log_distance_s02_w1,juelich,12345,2,2,log-distance,37,38,veh11,veh6,2,2,0,252.357,1,7.29258,8.52013,-74.718,22.2583,2,0.017,0.017,0.0142667
juelich_pilot_d30_r2_log_distance_s02_w1,juelich,12345,2,2,log-distance,37,38,veh11,veh7,2,0,1,968.548,0,7.29258,11.2165,nan,nan,0,0.017,0.013,0.0142667
juelich_pilot_d30_r2_log_distance_s02_w1,juelich,12345,2,2,log-distance,37,38,veh11,veh8,2,0,1,992.176,0,7.29258,7.13676,nan,nan,0,0.017,0.011,0.0142667
juelich_pilot_d30_r2_log_distance_s02_w1,juelich,12345,2,2,log-distance,37,38,veh11,veh9,2,2,0,90.7881,1,7.29258,0.448589,-65.8365,31.1397,2,0.017,0.017,0.0142667
juelich_pilot_d30_r2_log_distance_s02_w1,juelich,12345,2,2,log-distance,37,38,veh12,veh0,2,0,1,460.411,1,8.57743,13.4394,nan,nan,0,0.017,0.02,0.0142667
juelich_pilot_d30_r2_log_distance_s02_w1,juelich,12345,2,2,log-distance,37,38,veh12,veh1,2,0,1,657.176,0,8.57743,8.30115,nan,nan,0,0.017,0.017,0.0142667
juelich_pilot_d30_r2_log_distance_s02_w1,juelich,12345,2,2,log-distance,37,38,veh12,veh10,2,0,1,395.231,1,8.57743,8.52778,nan,nan,0,0.017,0.017,0.0142667
juelich_pilot_d30_r2_log_distance_s02_w1,juelich,12345,2,2,log-distance,37,38,veh12,veh11,2,0,1,618.735,0,8.57743,7.29258,nan,nan,0,0.017,0.017,0.0142667
juelich_pilot_d30_r2_log_distance_s02_w1,juelich,12345,2,2,log-distance,37,38,veh12,veh13,2,0,1,409.265,1,8.57743,4.37553,nan,nan,0,0.017,0.02,0.0142667
juelich_pilot_d30_r2_log_distance_s02_w1,juelich,12345,2,2,log-distance,37,38,veh12,veh4,2,0,1,400.159,1,8.57743,0,nan,nan,0,0.017,0.018,0.0142667
juelich_pilot_d30_r2_log_distance_s02_w1,juelich,12345,2,2,log-distance,37,38,veh12,veh5,2,0,1,980.752,0,8.57743,7.45573,nan,nan,0,0.017,0.013,0.0142667
juelich_pilot_d30_r2_log_distance_s02_w1,juelich,12345,2,2,log-distance,37,38,veh12,veh6,2,0,1,368.161,1,8.57743,8.52013,nan,nan,0,0.017,0.017,0.0142667
juelich_pilot_d30_r2_log_distance_s02_w1,juelich,12345,2,2,log-distance,37,38,veh12,veh9,2,0,1,542.293,0,8.57743,0.448589,nan,nan,0,0.017,0.017,0.0142667
juelich_pilot_d30_r2_log_distance_s02_w1,juelich,12345,2,2,log-distance,37,38,veh13,veh0,2,2,0,90.4699,1,4.37553,13.4394,-65.8015,14.0539,2,0.02,0.02,0.0142667
juelich_pilot_d30_r2_log_distance_s02_w1,juelich,12345,2,2,log-distance,37,38,veh13,veh1,2,0,1,495.781,1,4.37553,8.30115,nan,nan,0,0.02,0.017,0.0142667
juelich_pilot_d30_r2_log_distance_s02_w1,juelich,12345,2,2,log-distance,37,38,veh13,veh10,2,0,1,355.699,1,4.37553,8.52778,nan,nan,0,0.02,0.017,0.0142667
juelich_pilot_d30_r2_log_distance_s02_w1,juelich,12345,2,2,log-distance,37,38,veh13,veh11,2,0,1,455.759,1,4.37553,7.29258,nan,nan,0,0.02,0.017,0.0142667
juelich_pilot_d30_r2_log_distance_s02_w1,juelich,12345,2,2,log-distance,37,38,veh13,veh12,2,0,1,409.265,1,4.37553,8.57743,nan,nan,0,0.02,0.017,0.0142667
juelich_pilot_d30_r2_log_distance_s02_w1,juelich,12345,2,2,log-distance,37,38,veh13,veh4,2,2,0,226.487,1,4.37553,0,-73.7785,4.87931,2,0.02,0.018,0.0142667
juelich_pilot_d30_r2_log_distance_s02_w1,juelich,12345,2,2,log-distance,37,38,veh13,veh5,2,0,1,620.707,0,4.37553,7.45573,nan,nan,0,0.02,0.013,0.0142667
juelich_pilot_d30_r2_log_distance_s02_w1,juelich,12345,2,2,log-distance,37,38,veh13,veh6,2,0,1,336.874,1,4.37553,8.52013,nan,nan,0,0.02,0.017,0.0142667
juelich_pilot_d30_r2_log_distance_s02_w1,juelich,12345,2,2,log-distance,37,38,veh13,veh7,2,0,1,806.447,0,4.37553,11.2165,nan,nan,0,0.02,0.013,0.0142667
juelich_pilot_d30_r2_log_distance_s02_w1,juelich,12345,2,2,log-distance,37,38,veh13,veh8,2,0,1,913.097,0,4.37553,7.13676,nan,nan,0,0.02,0.011,0.0142667
juelich_pilot_d30_r2_log_distance_s02_w1,juelich,12345,2,2,log-distance,37,38,veh13,veh9,2,0,1,367.084,1,4.37553,0.448589,nan,nan,0,0.02,0.017,0.0142667
juelich_pilot_d30_r2_log_distance_s02_w1,juelich,12345,2,2,log-distance,37,38,veh2,veh3,2,2,0,66.5076,1,0,12.6923,-63.1252,33.851,2,0.008,0.009,0.0142667
juelich_pilot_d30_r2_log_distance_s02_w1,juelich,12345,2,2,log-distance,37,38,veh2,veh5,2,0,1,852.773,0,0,7.45573,nan,nan,0,0.008,0.013,0.0142667
juelich_pilot_d30_r2_log_distance_s02_w1,juelich,12345,2,2,log-distance,37,38,veh2,veh7,2,2,0,482.252,1,0,11.2165,-80.3431,16.6332,2,0.008,0.013,0.0142667
juelich_pilot_d30_r2_log_distance_s02_w1,juelich,12345,2,2,log-distance,37,38,veh2,veh8,2,2,0,363.251,1,0,7.13676,-77.8818,19.0945,2,0.008,0.011,0.0142667
juelich_pilot_d30_r2_log_distance_s02_w1,juelich,12345,2,2,log-distance,37,38,veh3,veh2,2,2,0,66.5076,1,12.6923,0,-63.1252,33.851,2,0.009,0.008,0.0142667
juelich_pilot_d30_r2_log_distance_s02_w1,juelich,12345,2,2,log-distance,37,38,veh3,veh5,2,0,1,786.346,0,12.6923,7.45573,nan,nan,0,0.009,0.013,0.0142667
juelich_pilot_d30_r2_log_distance_s02_w1,juelich,12345,2,2,log-distance,37,38,veh3,veh7,2,2,0,417.078,1,12.6923,11.2165,-79.082,17.8942,2,0.009,0.013,0.0142667
juelich_pilot_d30_r2_log_distance_s02_w1,juelich,12345,2,2,log-distance,37,38,veh3,veh8,2,2,0,307.691,1,12.6923,7.13676,-76.4398,20.5365,2,0.009,0.011,0.0142667
juelich_pilot_d30_r2_log_distance_s02_w1,juelich,12345,2,2,log-distance,37,38,veh4,veh0,2,2,0,315.782,1,0,13.4394,-76.6651,20.3112,2,0.018,0.02,0.0142667
juelich_pilot_d30_r2_log_distance_s02_w1,juelich,12345,2,2,log-distance,37,38,veh4,veh1,2,2,0,295.87,1,0,8.30115,-76.0995,20.8768,2,0.018,0.017,0.0142667
juelich_pilot_d30_r2_log_distance_s02_w1,juelich,12345,2,2,log-distance,37,38,veh4,veh10,2,2,0,138.03,1,0,8.52778,-69.477,27.4993,2,0.018,0.017,0.0142667
juelich_pilot_d30_r2_log_distance_s02_w1,juelich,12345,2,2,log-distance,37,38,veh4,veh11,2,2,0,254.069,1,0,7.29258,-74.7765,22.1998,2,0.018,0.017,0.0142667
juelich_pilot_d30_r2_log_distance_s02_w1,juelich,12345,2,2,log-distance,37,38,veh4,veh12,2,2,0,400.159,1,0,8.57743,-78.7223,18.254,2,0.018,0.017,0.0142667
juelich_pilot_d30_r2_log_distance_s02_w1,juelich,12345,2,2,log-distance,37,38,veh4,veh13,2,2,0,226.487,1,0,4.37553,-73.7785,23.1978,2,0.018,0.02,0.0142667
juelich_pilot_d30_r2_log_distance_s02_w1,juelich,12345,2,2,log-distance,37,38,veh4,veh5,2,0,1,816.316,0,0,7.45573,nan,nan,0,0.018,0.013,0.0142667
juelich_pilot_d30_r2_log_distance_s02_w1,juelich,12345,2,2,log-distance,37,38,veh4,veh6,2,2,0,127.808,1,0,8.52013,-68.8088,28.1675,2,0.018,0.017,0.0142667
juelich_pilot_d30_r2_log_distance_s02_w1,juelich,12345,2,2,log-distance,37,38,veh4,veh7,2,0,1,927.916,0,0,11.2165,nan,nan,0,0.018,0.013,0.0142667
juelich_pilot_d30_r2_log_distance_s02_w1,juelich,12345,2,2,log-distance,37,38,veh4,veh8,2,0,1,998.438,0,0,7.13676,nan,nan,0,0.018,0.011,0.0142667
juelich_pilot_d30_r2_log_distance_s02_w1,juelich,12345,2,2,log-distance,37,38,veh4,veh9,2,2,0,164.138,1,0,0.448589,-70.9819,25.9944,2,0.018,0.017,0.0142667
juelich_pilot_d30_r2_log_distance_s02_w1,juelich,12345,2,2,log-distance,37,38,veh5,veh0,2,1,0.5,539.555,0,7.45573,13.4394,-81.3461,15.6302,1,0.013,0.02,0.0142667
juelich_pilot_d30_r2_log_distance_s02_w1,juelich,12345,2,2,log-distance,37,38,veh5,veh1,2,0,1,986.396,0,7.45573,8.30115,nan,nan,0,0.013,0.017,0.0142667
juelich_pilot_d30_r2_log_distance_s02_w1,juelich,12345,2,2,log-distance,37,38,veh5,veh10,2,0,1,954.338,0,7.45573,8.52778,nan,nan,0,0.013,0.017,0.0142667
juelich_pilot_d30_r2_log_distance_s02_w1,juelich,12345,2,2,log-distance,37,38,veh5,veh11,2,0,1,958.715,0,7.45573,7.29258,nan,nan,0,0.013,0.017,0.0142667
juelich_pilot_d30_r2_log_distance_s02_w1,juelich,12345,2,2,log-distance,37,38,veh5,veh12,2,0,1,980.752,0,7.45573,8.57743,nan,nan,0,0.013,0.017,0.0142667
juelich_pilot_d30_r2_log_distance_s02_w1,juelich,12345,2,2,log-distance,37,38,veh5,veh13,2,0,1,620.707,0,7.45573,4.37553,nan,nan,0,0.013,0.02,0.0142667
juelich_pilot_d30_r2_log_distance_s02_w1,juelich,12345,2,2,log-distance,37,38,veh5,veh2,2,0,1,852.773,0,7.45573,0,nan,nan,0,0.013,0.008,0.0142667
juelich_pilot_d30_r2_log_distance_s02_w1,juelich,12345,2,2,log-distance,37,38,veh5,veh3,2,0,1,786.346,0,7.45573,12.6923,nan,nan,0,0.013,0.009,0.0142667
juelich_pilot_d30_r2_log_distance_s02_w1,juelich,12345,2,2,log-distance,37,38,veh5,veh4,2,0,1,816.316,0,7.45573,0,nan,nan,0,0.013,0.018,0.0142667
juelich_pilot_d30_r2_log_distance_s02_w1,juelich,12345,2,2,log-distance,37,38,veh5,veh6,2,0,1,941.843,0,7.45573,8.52013,nan,nan,0,0.013,0.017,0.0142667
juelich_pilot_d30_r2_log_distance_s02_w1,juelich,12345,2,2,log-distance,37,38,veh5,veh7,2,1,0.5,399.515,1,7.45573,11.2165,-78.7841,18.1922,1,0.013,0.013,0.0142667
juelich_pilot_d30_r2_log_distance_s02_w1,juelich,12345,2,2,log-distance,37,38,veh5,veh8,2,1,0.5,582.872,0,7.45573,7.13676,-81.9983,14.978,1,0.013,0.011,0.0142667
juelich_pilot_d30_r2_log_distance_s02_w1,juelich,12345,2,2,log-distance,37,38,veh5,veh9,2,0,1,894.496,0,7.45573,0.448589,nan,nan,0,0.013,0.017,0.0142667
juelich_pilot_d30_r2_log_distance_s02_w1,juelich,12345,2,2,log-distance,37,38,veh6,veh0,2,2,0,427.265,1,8.52013,13.4394,-79.2916,17.6847,2,0.017,0.02,0.0142667
juelich_pilot_d30_r2_log_distance_s02_w1,juelich,12345,2,2,log-distance,37,38,veh6,veh1,2,2,0,289.588,1,8.52013,8.30115,-75.9133,21.063,2,0.017,0.017,0.0142667
juelich_pilot_d30_r2_log_distance_s02_w1,juelich,12345,2,2,log-distance,37,38,veh6,veh10,2,2,0,28.6813,1,8.52013,8.52778,-55.8297,41.1466,2,0.017,0.017,0.0142667
juelich_pilot_d30_r2_log_distance_s02_w1,juelich,12345,2,2,log-distance,37,38,veh6,veh11,2,2,0,252.357,1,8.52013,7.29258,-74.718,22.2583,2,0.017,0.017,0.0142667
juelich_pilot_d30_r2_log_distance_s02_w1,juelich,12345,2,2,log-distance,37,38,veh6,veh12,2,2,0,368.161,1,8.52013,8.57743,-77.9984,18.9778,2,0.017,0.017,0.0142667
juelich_pilot_d30_r2_log_distance_s02_w1,juelich,12345,2,2,log-distance,37,38,veh6,veh13,2,2,0,336.874,1,8.52013,4.37553,-77.2269,19.7494,2,0.017,0.02,0.0142667
juelich_pilot_d30_r2_log_distance_s02_w1,juelich,12345,2,2,log-distance,37,38,veh6,veh4,2,2,0,127.808,1,8.52013,0,-68.8088,28.1675,2,0.017,0.018,0.0142667
juelich_pilot_d30_r2_log_distance_s02_w1,juelich,12345,2,2,log-distance,37,38,veh6,veh5,2,0,1,941.843,0,8.52013,7.45573,nan,nan,0,0.017,0.013,0.0142667
juelich_pilot_d30_r2_log_distance_s02_w1,juelich,12345,2,2,log-distance,37,38,veh6,veh9,2,2,0,186.144,1,8.52013,0.448589,-72.0744,24.9019,2,0.017,0.017,0.0142667
juelich_pilot_d30_r2_log_distance_s02_w1,juelich,12345,2,2,log-distance,37,38,veh7,veh0,2,0,1,755.796,0,11.2165,13.4394,nan,nan,0,0.013,0.02,0.0142667
juelich_pilot_d30_r2_log_distance_s02_w1,juelich,12345,2,2,log-distance,37,38,veh7,veh1,2,0,1,981.321,0,11.2165,8.30115,nan,nan,0,0.013,0.017,0.0142667
juelich_pilot_d30_r2_log_distance_s02_w1,juelich,12345,2,2,log-distance,37,38,veh7,veh11,2,0,1,968.548,0,11.2165,7.29258,nan,nan,0,0.013,0.017,0.0142667
juelich_pilot_d30_r2_log_distance_s02_w1,juelich,12345,2,2,log-distance,37,38,veh7,veh13,2,0,1,806.447,0,11.2165,4.37553,nan,nan,0,0.013,0.02,0.0142667
juelich_pilot_d30_r2_log_distance_s02_w1,juelich,12345,2,2,log-distance,37,38,veh7,veh2,2,2,0,482.252,1,11.2165,0,-80.3431,16.6332,2,0.013,0.008,0.0142667
juelich_pilot_d30_r2_log_distance_s02_w1,juelich,12345,2,2,log-distance,37,38,veh7,veh3,2,2,0,417.078,1,11.2165,12.6923,-79.082,17.8942,2,0.013,0.009,0.0142667
juelich_pilot_d30_r2_log_distance_s02_w1,juelich,12345,2,2,log-distance,37,38,veh7,veh4,2,0,1,927.916,0,11.2165,0,nan,nan,0,0.013,0.018,0.0142667
juelich_pilot_d30_r2_log_distance_s02_w1,juelich,12345,2,2,log-distance,37,38,veh7,veh5,2,2,0,399.515,1,11.2165,7.45573,-78.708,18.2683,2,0.013,0.013,0.0142667
juelich_pilot_d30_r2_log_distance_s02_w1,juelich,12345,2,2,log-distance,37,38,veh7,veh8,2,2,0,185.901,1,11.2165,7.13676,-72.0624,24.9139,2,0.013,0.011,0.0142667
juelich_pilot_d30_r2_log_distance_s02_w1,juelich,12345,2,2,log-distance,37,38,veh7,veh9,2,0,1,936.739,0,11.2165,0.448589,nan,nan,0,0.013,0.017,0.0142667
juelich_pilot_d30_r2_log_distance_s02_w1,juelich,12345,2,2,log-distance,37,38,veh8,veh0,2,0,1,876.37,0,7.13676,13.4394,nan,nan,0,0.011,0.02,0.0142667
juelich_pilot_d30_r2_log_distance_s02_w1,juelich,12345,2,2,log-distance,37,38,veh8,veh1,2,0,1,997.287,0,7.13676,8.30115,nan,nan,0,0.011,0.017,0.0142667
juelich_pilot_d30_r2_log_distance_s02_w1,juelich,12345,2,2,log-distance,37,38,veh8,veh11,2,0,1,992.176,0,7.13676,7.29258,nan,nan,0,0.011,0.017,0.0142667
juelich_pilot_d30_r2_log_distance_s02_w1,juelich,12345,2,2,log-distance,37,38,veh8,veh13,2,0,1,913.097,0,7.13676,4.37553,nan,nan,0,0.011,0.02,0.0142667
juelich_pilot_d30_r2_log_distance_s02_w1,juelich,12345,2,2,log-distance,37,38,veh8,veh2,2,2,0,363.251,1,7.13676,0,-77.8818,13.1046,2,0.011,0.008,0.0142667
juelich_pilot_d30_r2_log_distance_s02_w1,juelich,12345,2,2,log-distance,37,38,veh8,veh3,2,2,0,307.691,1,7.13676,12.6923,-76.4398,14.1981,2,0.011,0.009,0.0142667
juelich_pilot_d30_r2_log_distance_s02_w1,juelich,12345,2,2,log-distance,37,38,veh8,veh4,2,0,1,998.438,0,7.13676,0,nan,nan,0,0.011,0.018,0.0142667
juelich_pilot_d30_r2_log_distance_s02_w1,juelich,12345,2,2,log-distance,37,38,veh8,veh5,2,1,0.5,582.872,0,7.13676,7.45573,-81.9983,14.978,1,0.011,0.013,0.0142667
juelich_pilot_d30_r2_log_distance_s02_w1,juelich,12345,2,2,log-distance,37,38,veh8,veh7,2,2,0,185.901,1,7.13676,11.2165,-72.0624,24.9139,2,0.011,0.013,0.0142667
juelich_pilot_d30_r2_log_distance_s02_w1,juelich,12345,2,2,log-distance,37,38,veh8,veh9,2,0,1,976.939,0,7.13676,0.448589,nan,nan,0,0.011,0.017,0.0142667
juelich_pilot_d30_r2_log_distance_s02_w1,juelich,12345,2,2,log-distance,37,38,veh9,veh0,2,2,0,449.095,1,0.448589,13.4394,-79.7242,17.252,2,0.017,0.02,0.0142667
juelich_pilot_d30_r2_log_distance_s02_w1,juelich,12345,2,2,log-distance,37,38,veh9,veh1,2,2,0,132.409,1,0.448589,8.30115,-69.115,27.8613,2,0.017,0.017,0.0142667
juelich_pilot_d30_r2_log_distance_s02_w1,juelich,12345,2,2,log-distance,37,38,veh9,veh10,2,2,0,167.233,1,0.448589,8.52778,-71.1439,25.8324,2,0.017,0.017,0.0142667
juelich_pilot_d30_r2_log_distance_s02_w1,juelich,12345,2,2,log-distance,37,38,veh9,veh11,2,2,0,90.7881,1,0.448589,7.29258,-65.8365,31.1397,2,0.017,0.017,0.0142667
juelich_pilot_d30_r2_log_distance_s02_w1,juelich,12345,2,2,log-distance,37,38,veh9,veh12,2,2,0,542.293,0,0.448589,8.57743,-81.3624,15.6139,2,0.017,0.017,0.0142667
juelich_pilot_d30_r2_log_distance_s02_w1,juelich,12345,2,2,log-distance,37,38,veh9,veh13,2,2,0,367.084,1,0.448589,4.37553,-77.973,19.0033,2,0.017,0.02,0.0142667
juelich_pilot_d30_r2_log_distance_s02_w1,juelich,12345,2,2,log-distance,37,38,veh9,veh4,2,2,0,164.138,1,0.448589,0,-70.9819,25.9944,2,0.017,0.018,0.0142667
juelich_pilot_d30_r2_log_distance_s02_w1,juelich,12345,2,2,log-distance,37,38,veh9,veh5,2,0,1,894.496,0,0.448589,7.45573,nan,nan,0,0.017,0.013,0.0142667
juelich_pilot_d30_r2_log_distance_s02_w1,juelich,12345,2,2,log-distance,37,38,veh9,veh6,2,2,0,186.144,1,0.448589,8.52013,-72.0744,24.9019,2,0.017,0.017,0.0142667
juelich_pilot_d30_r2_log_distance_s02_w1,juelich,12345,2,2,log-distance,37,38,veh9,veh7,2,0,1,936.739,0,0.448589,11.2165,nan,nan,0,0.017,0.013,0.0142667
juelich_pilot_d30_r2_log_distance_s02_w1,juelich,12345,2,2,log-distance,37,38,veh9,veh8,2,0,1,976.939,0,0.448589,7.13676,nan,nan,0,0.017,0.011,0.0142667
juelich_pilot_d30_r2_log_distance_s02_w1,juelich,12345,2,2,log-distance,38,39,veh0,veh1,2,2,0,579.92,0,13.4698,8.3073,-81.945,15.0312,2,0.022,0.018,0.0165333
juelich_pilot_d30_r2_log_distance_s02_w1,juelich,12345,2,2,log-distance,38,39,veh0,veh10,2,2,0,450.907,1,13.4698,8.51438,-79.7594,17.2169,2,0.022,0.018,0.0165333
juelich_pilot_d30_r2_log_distance_s02_w1,juelich,12345,2,2,log-distance,38,39,veh0,veh11,2,2,0,541.994,0,13.4698,7.33411,-81.3576,15.6187,2,0.022,0.018,0.0165333
juelich_pilot_d30_r2_log_distance_s02_w1,juelich,12345,2,2,log-distance,38,39,veh0,veh12,2,2,0,468.45,1,13.4698,6.5075,-80.0909,16.8854,2,0.022,0.018,0.0165333
juelich_pilot_d30_r2_log_distance_s02_w1,juelich,12345,2,2,log-distance,38,39,veh0,veh13,2,2,0,105.108,1,13.4698,6.32444,-67.1046,29.8717,2,0.022,0.022,0.0165333
juelich_pilot_d30_r2_log_distance_s02_w1,juelich,12345,2,2,log-distance,38,39,veh0,veh14,2,2,0,507.893,0,13.4698,1.10004,-80.7931,16.1832,2,0.022,0.018,0.0165333
juelich_pilot_d30_r2_log_distance_s02_w1,juelich,12345,2,2,log-distance,38,39,veh0,veh4,2,2,0,327.366,1,13.4698,0,-76.978,19.9983,2,0.022,0.02,0.0165333
juelich_pilot_d30_r2_log_distance_s02_w1,juelich,12345,2,2,log-distance,38,39,veh0,veh5,2,2,0,532.772,0,13.4698,7.44276,-81.2085,15.7678,2,0.022,0.014,0.0165333
juelich_pilot_d30_r2_log_distance_s02_w1,juelich,12345,2,2,log-distance,38,39,veh0,veh6,2,2,0,432.069,1,13.4698,8.50119,-79.3887,17.5876,2,0.022,0.018,0.0165333
juelich_pilot_d30_r2_log_distance_s02_w1,juelich,12345,2,2,log-distance,38,39,veh0,veh7,2,0,1,746.691,0,13.4698,11.1821,nan,nan,0,0.022,0.014,0.0165333
juelich_pilot_d30_r2_log_distance_s02_w1,juelich,12345,2,2,log-distance,38,39,veh0,veh8,2,0,1,880.718,0,13.4698,7.08641,nan,nan,0,0.022,0.012,0.0165333
juelich_pilot_d30_r2_log_distance_s02_w1,juelich,12345,2,2,log-distance,38,39,veh0,veh9,2,2,0,462.027,1,13.4698,0,-79.9708,17.0055,2,0.022,0.018,0.0165333
juelich_pilot_d30_r2_log_distance_s02_w1,juelich,12345,2,2,log-distance,38,39,veh1,veh0,2,2,0,579.92,0,8.3073,13.4698,-81.945,15.0312,2,0.018,0.022,0.0165333
juelich_pilot_d30_r2_log_distance_s02_w1,juelich,12345,2,2,log-distance,38,39,veh1,veh10,2,2,0,263.983,1,8.3073,8.51438,-75.1092,21.8671,2,0.018,0.018,0.0165333
juelich_pilot_d30_r2_log_distance_s02_w1,juelich,12345,2,2,log-distance,38,39,veh1,veh11,2,2,0,40.7945,1,8.3073,7.33411,-58.8896,38.0867,2,0.018,0.018,0.0165333
juelich_pilot_d30_r2_log_distance_s02_w1,juelich,12345,2,2,log-distance,38,39,veh1,veh12,2,0,1,654.123,0,8.3073,6.5075,nan,nan,0,0.018,0.018,0.0165333
juelich_pilot_d30_r2_log_distance_s02_w1,juelich,12345,2,2,log-distance,38,39,veh1,veh13,2,2,0,486.273,1,8.3073,6.32444,-80.4152,16.5611,2,0.018,0.022,0.0165333
juelich_pilot_d30_r2_log_distance_s02_w1,juelich,12345,2,2,log-distance,38,39,veh1,veh14,2,0,1,817.885,0,8.3073,1.10004,nan,nan,0,0.018,0.018,0.0165333
juelich_pilot_d30_r2_log_distance_s02_w1,juelich,12345,2,2,log-distance,38,39,veh1,veh4,2,2,0,287.539,1,8.3073,0,-75.8514,21.1249,2,0.018,0.02,0.0165333
juelich_pilot_d30_r2_log_distance_s02_w1,juelich,12345,2,2,log-distance,38,39,veh1,veh5,2,0,1,975.677,0,8.3073,7.44276,nan,nan,0,0.018,0.014,0.0165333
juelich_pilot_d30_r2_log_distance_s02_w1,juelich,12345,2,2,log-distance,38,39,veh1,veh6,2,2,0,289.799,1,8.3073,8.50119,-75.9196,21.0566,2,0.018,0.018,0.0165333
juelich_pilot_d30_r2_log_distance_s02_w1,juelich,12345,2,2,log-distance,38,39,veh1,veh7,2,0,1,968.664,0,8.3073,11.1821,nan,nan,0,0.018,0.014,0.0165333
juelich_pilot_d30_r2_log_distance_s02_w1,juelich,12345,2,2,log-distance,38,39,veh1,veh8,2,0,1,992.12,0,8.3073,7.08641,nan,nan,0,0.018,0.012,0.0165333
juelich_pilot_d30_r2_log_distance_s02_w1,juelich,12345,2,2,log-distance,38,39,veh1,veh9,2,2,0,124.103,1,8.3073,0,-68.5521,28.4242,2,0.018,0.018,0.0165333
juelich_pilot_d30_r2_log_distance_s02_w1,juelich,12345,2,2,log-distance,38,39,veh10,veh0,2,2,0,450.907,1,8.51438,13.4698,-79.7594,17.2169,2,0.018,0.022,0.0165333
juelich_pilot_d30_r2_log_distance_s02_w1,juelich,12345,2,2,log-distance,38,39,veh10,veh1,2,2,0,263.983,1,8.51438,8.3073,-75.1092,21.8671,2,0.018,0.018,0.0165333
juelich_pilot_d30_r2_log_distance_s02_w1,juelich,12345,2,2,log-distance,38,39,veh10,veh11,2,2,0,228.649,1,8.51438,7.33411,-73.8611,23.1152,2,0.018,0.018,0.0165333
juelich_pilot_d30_r2_log_distance_s02_w1,juelich,12345,2,2,log-distance,38,39,veh10,veh12,2,2,0,391.469,1,8.51438,6.5075,-78.5316,18.4447,2,0.018,0.018,0.0165333
juelich_pilot_d30_r2_log_distance_s02_w1,juelich,12345,2,2,log-distance,38,39,veh10,veh13,2,2,0,345.849,1,8.51438,6.32444,-77.4552,19.5211,2,0.018,0.022,0.0165333
juelich_pilot_d30_r2_log_distance_s02_w1,juelich,12345,2,2,log-distance,38,39,veh10,veh14,2,2,0,560.426,0,8.51438,1.10004,-81.648,15.3283,2,0.018,0.018,0.0165333
juelich_pilot_d30_r2_log_distance_s02_w1,juelich,12345,2,2,log-distance,38,39,veh10,veh4,2,2,0,134.363,1,8.51438,0,-69.2431,27.7332,2,0.018,0.02,0.0165333
juelich_pilot_d30_r2_log_distance_s02_w1,juelich,12345,2,2,log-distance,38,39,veh10,veh5,2,0,1,947.009,0,8.51438,7.44276,nan,nan,0,0.018,0.014,0.0165333
juelich_pilot_d30_r2_log_distance_s02_w1,juelich,12345,2,2,log-distance,38,39,veh10,veh6,2,2,0,28.6603,1,8.51438,8.50119,-55.8233,41.153,2,0.018,0.018,0.0165333
juelich_pilot_d30_r2_log_distance_s02_w1,juelich,12345,2,2,log-distance,38,39,veh10,veh9,2,2,0,172.493,1,8.51438,0,-71.4129,25.5634,2,0.018,0.018,0.0165333
juelich_pilot_d30_r2_log_distance_s02_w1,juelich,12345,2,2,log-distance,38,39,veh11,veh0,2,2,0,541.994,0,7.33411,13.4698,-81.3576,15.6187,2,0.018,0.022,0.0165333
juelich_pilot_d30_r2_log_distance_s02_w1,juelich,12345,2,2,log-distance,38,39,veh11,veh1,2,2,0,40.7945,1,7.33411,8.3073,-58.8896,38.0867,2,0.018,0.018,0.0165333
juelich_pilot_d30_r2_log_distance_s02_w1,juelich,12345,2,2,log-distance,38,39,veh11,veh10,2,2,0,228.649,1,7.33411,8.51438,-73.8611,23.1152,2,0.018,0.018,0.0165333
juelich_pilot_d30_r2_log_distance_s02_w1,juelich,12345,2,2,log-distance,38,39,veh11,veh12,2,0,1,616.851,0,7.33411,6.5075,nan,nan,0,0.018,0.018,0.0165333
juelich_pilot_d30_r2_log_distance_s02_w1,juelich,12345,2,2,log-distance,38,39,veh11,veh13,2,2,0,447.139,1,7.33411,6.32444,-79.6864,17.2898,2,0.018,0.022,0.0165333
juelich_pilot_d30_r2_log_distance_s02_w1,juelich,12345,2,2,log-distance,38,39,veh11,veh14,2,0,1,779,0,7.33411,1.10004,nan,nan,0,0.018,0.018,0.0165333
juelich_pilot_d30_r2_log_distance_s02_w1,juelich,12345,2,2,log-distance,38,39,veh11,veh4,2,2,0,246.745,1,7.33411,0,-74.5224,22.4539,2,0.018,0.02,0.0165333
juelich_pilot_d30_r2_log_distance_s02_w1,juelich,12345,2,2,log-distance,38,39,veh11,veh5,2,0,1,949.02,0,7.33411,7.44276,nan,nan,0,0.018,0.014,0.0165333
juelich_pilot_d30_r2_log_distance_s02_w1,juelich,12345,2,2,log-distance,38,39,veh11,veh6,2,2,0,253.453,1,7.33411,8.50119,-74.7556,22.2206,2,0.018,0.018,0.0165333
juelich_pilot_d30_r2_log_distance_s02_w1,juelich,12345,2,2,log-distance,38,39,veh11,veh7,2,0,1,956.295,0,7.33411,11.1821,nan,nan,0,0.018,0.014,0.0165333
juelich_pilot_d30_r2_log_distance_s02_w1,juelich,12345,2,2,log-distance,38,39,veh11,veh8,2,0,1,987.688,0,7.33411,7.08641,nan,nan,0,0.018,0.012,0.0165333
juelich_pilot_d30_r2_log_distance_s02_w1,juelich,12345,2,2,log-distance,38,39,veh11,veh9,2,2,0,83.5111,1,7.33411,0,-65.1105,31.8658,2,0.018,0.018,0.0165333
juelich_pilot_d30_r2_log_distance_s02_w1,juelich,12345,2,2,log-distance,38,39,veh12,veh0,2,0,1,468.45,1,6.5075,13.4698,nan,nan,0,0.018,0.022,0.0165333
juelich_pilot_d30_r2_log_distance_s02_w1,juelich,12345,2,2,log-distance,38,39,veh12,veh1,2,0,1,654.123,0,6.5075,8.3073,nan,nan,0,0.018,0.018,0.0165333
juelich_pilot_d30_r2_log_distance_s02_w1,juelich,12345,2,2,log-distance,38,39,veh12,veh10,2,0,1,391.469,1,6.5075,8.51438,nan,nan,0,0.018,0.018,0.0165333
juelich_pilot_d30_r2_log_distance_s02_w1,juelich,12345,2,2,log-distance,38,39,veh12,veh11,2,0,1,616.851,0,6.5075,7.33411,nan,nan,0,0.018,0.018,0.0165333
juelich_pilot_d30_r2_log_distance_s02_w1,juelich,12345,2,2,log-distance,38,39,veh12,veh13,2,0,1,411.89,1,6.5075,6.32444,nan,nan,0,0.018,0.022,0.0165333
juelich_pilot_d30_r2_log_distance_s02_w1,juelich,12345,2,2,log-distance,38,39,veh12,veh14,2,2,0,181.256,1,6.5075,1.10004,-71.8435,8.49236,2,0.018,0.018,0.0165333
juelich_pilot_d30_r2_log_distance_s02_w1,juelich,12345,2,2,log-distance,38,39,veh12,veh4,2,0,1,406.391,1,6.5075,0,nan,nan,0,0.018,0.02,0.0165333
juelich_pilot_d30_r2_log_distance_s02_w1,juelich,12345,2,2,log-distance,38,39,veh12,veh5,2,0,1,987.708,0,6.5075,7.44276,nan,nan,0,0.018,0.014,0.0165333
juelich_pilot_d30_r2_log_distance_s02_w1,juelich,12345,2,2,log-distance,38,39,veh12,veh6,2,0,1,364.601,1,6.5075,8.50119,nan,nan,0,0.018,0.018,0.0165333
juelich_pilot_d30_r2_log_distance_s02_w1,juelich,12345,2,2,log-distance,38,39,veh12,veh9,2,0,1,547.571,0,6.5075,0,nan,nan,0,0.018,0.018,0.0165333
juelich_pilot_d30_r2_log_distance_s02_w1,juelich,12345,2,2,log-distance,38,39,veh13,veh0,2,2,0,105.108,1,6.32444,13.4698,-67.1046,12.8983,2,0.022,0.022,0.0165333
juelich_pilot_d30_r2_log_distance_s02_w1,juelich,12345,2,2,log-distance,38,39,veh13,veh1,2,0,1,486.273,1,6.32444,8.3073,nan,nan,0,0.022,0.018,0.0165333
juelich_pilot_d30_r2_log_distance_s02_w1,juelich,12345,2,2,log-distance,38,39,veh13,veh10,2,0,1,345.849,1,6.32444,8.51438,nan,nan,0,0.022,0.018,0.0165333
juelich_pilot_d30_r2_log_distance_s02_w1,juelich,12345,2,2,log-distance,38,39,veh13,veh11,2,0,1,447.139,1,6.32444,7.33411,nan,nan,0,0.022,0.018,0.0165333
juelich_pilot_d30_r2_log_distance_s02_w1,juelich,12345,2,2,log-distance,38,39,veh13,veh12,2,0,1,411.89,1,6.32444,6.5075,nan,nan,0,0.022,0.018,0.0165333
juelich_pilot_d30_r2_log_distance_s02_w1,juelich,12345,2,2,log-distance,38,39,veh13,veh14,2,0,1,487.158,1,6.32444,1.10004,nan,nan,0,0.022,0.018,0.0165333
juelich_pilot_d30_r2_log_distance_s02_w1,juelich,12345,2,2,log-distance,38,39,veh13,veh4,2,2,0,223.22,1,6.32444,0,-73.6523,5.1378,2,0.022,0.02,0.0165333
juelich_pilot_d30_r2_log_distance_s02_w1,juelich,12345,2,2,log-distance,38,39,veh13,veh5,2,0,1,623.549,0,6.32444,7.44276,nan,nan,0,0.022,0.014,0.0165333
juelich_pilot_d30_r2_log_distance_s02_w1,juelich,12345,2,2,log-distance,38,39,veh13,veh6,2,0,1,327.354,1,6.32444,8.50119,nan,nan,0,0.022,0.018,0.0165333
juelich_pilot_d30_r2_log_distance_s02_w1,juelich,12345,2,2,log-distance,38,39,veh13,veh7,2,0,1,800.632,0,6.32444,11.1821,nan,nan,0,0.022,0.014,0.0165333
juelich_pilot_d30_r2_log_distance_s02_w1,juelich,12345,2,2,log-distance,38,39,veh13,veh8,2,0,1,917.565,0,6.32444,7.08641,nan,nan,0,0.022,0.012,0.0165333
juelich_pilot_d30_r2_log_distance_s02_w1,juelich,12345,2,2,log-distance,38,39,veh13,veh9,2,0,1,365.235,1,6.32444,0,nan,nan,0,0.022,0.018,0.0165333
juelich_pilot_d30_r2_log_distance_s02_w1,juelich,12345,2,2,log-distance,38,39,veh14,veh0,2,2,0,507.893,0,1.10004,13.4698,-80.7931,16.1832,2,0.018,0.022,0.0165333
juelich_pilot_d30_r2_log_distance_s02_w1,juelich,12345,2,2,log-distance,38,39,veh14,veh1,2,0,1,817.885,0,1.10004,8.3073,nan,nan,0,0.018,0.018,0.0165333
juelich_pilot_d30_r2_log_distance_s02_w1,juelich,12345,2,2,log-distance,38,39,veh14,veh10,2,2,0,560.426,0,1.10004,8.51438,-81.648,15.3283,2,0.018,0.018,0.0165333
juelich_pilot_d30_r2_log_distance_s02_w1,juelich,12345,2,2,log-distance,38,39,veh14,veh11,2,0,1,779,0,1.10004,7.33411,nan,nan,0,0.018,0.018,0.0165333
juelich_pilot_d30_r2_log_distance_s02_w1,juelich,12345,2,2,log-distance,38,39,veh14,veh12,2,2,0,181.256,1,1.10004,6.5075,-71.8435,25.1328,2,0.018,0.018,0.0165333
juelich_pilot_d30_r2_log_distance_s02_w1,juelich,12345,2,2,log-distance,38,39,veh14,veh13,2,2,0,487.158,1,1.10004,6.32444,-80.4311,16.5452,2,0.018,0.022,0.0165333
juelich_pilot_d30_r2_log_distance_s02_w1,juelich,12345,2,2,log-distance,38,39,veh14,veh4,2,2,0,549.928,0,1.10004,0,-81.4838,15.4925,2,0.018,0.02,0.0165333
juelich_pilot_d30_r2_log_distance_s02_w1,juelich,12345,2,2,log-distance,38,39,veh14,veh5,2,0,1,978.646,0,1.10004,7.44276,nan,nan,0,0.018,0.014,0.0165333
juelich_pilot_d30_r2_log_distance_s02_w1,juelich,12345,2,2,log-distance,38,39,veh14,veh6,2,2,0,532.382,0,1.10004,8.50119,-81.2021,15.7742,2,0.018,0.018,0.0165333
juelich_pilot_d30_r2_log_distance_s02_w1,juelich,12345,2,2,log-distance,38,39,veh14,veh9,2,0,1,704.21,0,1.10004,0,nan,nan,0,0.018,0.018,0.0165333
juelich_pilot_d30_r2_log_distance_s02_w1,juelich,12345,2,2,log-distance,38,39,veh2,veh3,2,2,0,79.1878,1,0,12.6832,-64.6439,25.4547,2,0.008,0.01,0.0165333
juelich_pilot_d30_r2_log_distance_s02_w1,juelich,12345,2,2,log-distance,38,39,veh2,veh5,2,0,1,847.767,0,0,7.44276,nan,nan,0,0.008,0.014,0.0165333
juelich_pilot_d30_r2_log_distance_s02_w1,juelich,12345,2,2,log-distance,38,39,veh2,veh7,2,2,0,492.676,1,0,11.1821,-80.5288,7.49421,2,0.008,0.014,0.0165333
juelich_pilot_d30_r2_log_distance_s02_w1,juelich,12345,2,2,log-distance,38,39,veh2,veh8,2,2,0,365.276,1,0,7.08641,-77.9301,10.8802,2,0.008,0.012,0.0165333
juelich_pilot_d30_r2_log_distance_s02_w1,juelich,12345,2,2,log-distance,38,39,veh3,veh2,2,2,0,79.1878,1,12.6832,0,-64.6439,32.3324,2,0.01,0.008,0.0165333
juelich_pilot_d30_r2_log_distance_s02_w1,juelich,12345,2,2,log-distance,38,39,veh3,veh5,2,0,1,768.705,0,12.6832,7.44276,nan,nan,0,0.01,0.014,0.0165333
juelich_pilot_d30_r2_log_distance_s02_w1,juelich,12345,2,2,log-distance,38,39,veh3,veh7,2,2,0,415.042,1,12.6832,11.1821,-79.0395,17.9367,2,0.01,0.014,0.0165333
juelich_pilot_d30_r2_log_distance_s02_w1,juelich,12345,2,2,log-distance,38,39,veh3,veh8,2,2,0,299.894,1,12.6832,7.08641,-76.2169,20.7594,2,0.01,0.012,0.0165333
juelich_pilot_d30_r2_log_distance_s02_w1,juelich,12345,2,2,log-distance,38,39,veh4,veh0,2,2,0,327.366,1,0,13.4698,-76.978,19.9983,2,0.02,0.022,0.0165333
juelich_pilot_d30_r2_log_distance_s02_w1,juelich,12345,2,2,log-distance,38,39,veh4,veh1,2,2,0,287.539,1,0,8.3073,-75.8514,21.1249,2,0.02,0.018,0.0165333
juelich_pilot_d30_r2_log_distance_s02_w1,juelich,12345,2,2,log-distance,38,39,veh4,veh10,2,2,0,134.363,1,0,8.51438,-69.2431,27.7332,2,0.02,0.018,0.0165333
juelich_pilot_d30_r2_log_distance_s02_w1,juelich,12345,2,2,log-distance,38,39,veh4,veh11,2,2,0,246.745,1,0,7.33411,-74.5224,22.4539,2,0.02,0.018,0.0165333
juelich_pilot_d30_r2_log_distance_s02_w1,juelich,12345,2,2,log-distance,38,39,veh4,veh12,2,2,0,406.391,1,0,6.5075,-78.8565,18.1197,2,0.02,0.018,0.0165333
juelich_pilot_d30_r2_log_distance_s02_w1,juelich,12345,2,2,log-distance,38,39,veh4,veh13,2,2,0,223.22,1,0,6.32444,-73.6523,23.324,2,0.02,0.022,0.0165333
juelich_pilot_d30_r2_log_distance_s02_w1,juelich,12345,2,2,log-distance,38,39,veh4,veh14,2,2,0,549.928,0,0,1.10004,-81.4838,15.4925,2,0.02,0.018,0.0165333
juelich_pilot_d30_r2_log_distance_s02_w1,juelich,12345,2,2,log-distance,38,39,veh4,veh5,2,0,1,812.795,0,0,7.44276,nan,nan,0,0.02,0.014,0.0165333
juelich_pilot_d30_r2_log_distance_s02_w1,juelich,12345,2,2,log-distance,38,39,veh4,veh6,2,2,0,125.976,1,0,8.50119,-68.6834,28.2929,2,0.02,0.018,0.0165333
juelich_pilot_d30_r2_log_distance_s02_w1,juelich,12345,2,2,log-distance,38,39,veh4,veh7,2,0,1,916.865,0,0,11.1821,nan,nan,0,0.02,0.014,0.0165333
juelich_pilot_d30_r2_log_distance_s02_w1,juelich,12345,2,2,log-distance,38,39,veh4,veh8,2,0,1,996.267,0,0,7.08641,nan,nan,0,0.02,0.012,0.0165333
juelich_pilot_d30_r2_log_distance_s02_w1,juelich,12345,2,2,log-distance,38,39,veh4,veh9,2,2,0,164.137,1,0,0,-70.9818,25.9944,2,0.02,0.018,0.0165333
juelich_pilot_d30_r2_log_distance_s02_w1,juelich,12345,2,2,log-distance,38,39,veh5,veh0,2,2,0,532.772,0,7.44276,13.4698,-81.2085,15.7678,2,0.014,0.022,0.0165333
juelich_pilot_d30_r2_log_distance_s02_w1,juelich,12345,2,2,log-distance,38,39,veh5,veh1,2,0,1,975.677,0,7.44276,8.3073,nan,nan,0,0.014,0.018,0.0165333
juelich_pilot_d30_r2_log_distance_s02_w1,juelich,12345,2,2,log-distance,38,39,veh5,veh10,2,0,1,947.009,0,7.44276,8.51438,nan,nan,0,0.014,0.018,0.0165333
juelich_pilot_d30_r2_log_distance_s02_w1,juelich,12345,2,2,log-distance,38,39,veh5,veh11,2,0,1,949.02,0,7.44276,7.33411,nan,nan,0,0.014,0.018,0.0165333
juelich_pilot_d30_r2_log_distance_s02_w1,juelich,12345,2,2,log-distance,38,39,veh5,veh12,2,0,1,987.708,0,7.44276,6.5075,nan,nan,0,0.014,0.018,0.0165333
juelich_pilot_d30_r2_log_distance_s02_w1,juelich,12345,2,2,log-distance,38,39,veh5,veh13,2,0,1,623.549,0,7.44276,6.32444,nan,nan,0,0.014,0.022,0.0165333
juelich_pilot_d30_r2_log_distance_s02_w1,juelich,12345,2,2,log-distance,38,39,veh5,veh14,2,0,1,978.646,0,7.44276,1.10004,nan,nan,0,0.014,0.018,0.0165333
juelich_pilot_d30_r2_log_distance_s02_w1,juelich,12345,2,2,log-distance,38,39,veh5,veh2,2,0,1,847.767,0,7.44276,0,nan,nan,0,0.014,0.008,0.0165333
juelich_pilot_d30_r2_log_distance_s02_w1,juelich,12345,2,2,log-distance,38,39,veh5,veh3,2,0,1,768.705,0,7.44276,12.6832,nan,nan,0,0.014,0.01,0.0165333
juelich_pilot_d30_r2_log_distance_s02_w1,juelich,12345,2,2,log-distance,38,39,veh5,veh4,2,0,1,812.795,0,7.44276,0,nan,nan,0,0.014,0.02,0.0165333
juelich_pilot_d30_r2_log_distance_s02_w1,juelich,12345,2,2,log-distance,38,39,veh5,veh6,2,0,1,935.079,0,7.44276,8.50119,nan,nan,0,0.014,0.018,0.0165333
juelich_pilot_d30_r2_log_distance_s02_w1,juelich,12345,2,2,log-distance,38,39,veh5,veh7,2,2,0,386.206,1,7.44276,11.1821,-78.4138,18.5625,2,0.014,0.014,0.0165333
juelich_pilot_d30_r2_log_distance_s02_w1,juelich,12345,2,2,log-distance,38,39,veh5,veh8,2,2,0,580.54,0,7.44276,7.08641,-81.9543,15.0219,2,0.014,0.012,0.0165333
juelich_pilot_d30_r2_log_distance_s02_w1,juelich,12345,2,2,log-distance,38,39,veh5,veh9,2,0,1,889.932,0,7.44276,0,nan,nan,0,0.014,0.018,0.0165333
juelich_pilot_d30_r2_log_distance_s02_w1,juelich,12345,2,2,log-distance,38,39,veh6,veh0,2,2,0,432.069,1,8.50119,13.4698,-79.3887,17.5876,2,0.018,0.022,0.0165333
juelich_pilot_d30_r2_log_distance_s02_w1,juelich,12345,2,2,log-distance,38,39,veh6,veh1,2,2,0,289.799,1,8.50119,8.3073,-75.9196,21.0566,2,0.018,0.018,0.0165333
juelich_pilot_d30_r2_log_distance_s02_w1,juelich,12345,2,2,log-distance,38,39,veh6,veh10,2,2,0,28.6603,1,8.50119,8.51438,-55.8233,41.153,2,0.018,0.018,0.0165333
juelich_pilot_d30_r2_log_distance_s02_w1,juelich,12345,2,2,log-distance,38,39,veh6,veh11,2,2,0,253.453,1,8.50119,7.33411,-74.7556,22.2206,2,0.018,0.018,0.0165333
juelich_pilot_d30_r2_log_distance_s02_w1,juelich,12345,2,2,log-distance,38,39,veh6,veh12,2,2,0,364.601,1,8.50119,6.5075,-77.914,19.0623,2,0.018,0.018,0.0165333
juelich_pilot_d30_r2_log_distance_s02_w1,juelich,12345,2,2,log-distance,38,39,veh6,veh13,2,2,0,327.354,1,8.50119,6.32444,-76.9778,19.9985,2,0.018,0.022,0.0165333
juelich_pilot_d30_r2_log_distance_s02_w1,juelich,12345,2,2,log-distance,38,39,veh6,veh14,2,2,0,532.382,0,8.50119,1.10004,-81.2021,15.7742,2,0.018,0.018,0.0165333
juelich_pilot_d30_r2_log_distance_s02_w1,juelich,12345,2,2,log-distance,38,39,veh6,veh4,2,2,0,125.976,1,8.50119,0,-68.6834,28.2929,2,0.018,0.02,0.0165333
juelich_pilot_d30_r2_log_distance_s02_w1,juelich,12345,2,2,log-distance,38,39,veh6,veh5,2,0,1,935.079,0,8.50119,7.44276,nan,nan,0,0.018,0.014,0.0165333
juelich_pilot_d30_r2_log_distance_s02_w1,juelich,12345,2,2,log-distance,38,39,veh6,veh9,2,2,0,192.268,1,8.50119,0,-72.3555,24.6207,2,0.018,0.018,0.0165333
juelich_pilot_d30_r2_log_distance_s02_w1,juelich,12345,2,2,log-distance,38,39,veh7,veh0,2,0,1,746.691,0,11.1821,13.4698,nan,nan,0,0.014,0.022,0.0165333
juelich_pilot_d30_r2_log_distance_s02_w1,juelich,12345,2,2,log-distance,38,39,veh7,veh1,2,0,1,968.664,0,11.1821,8.3073,nan,nan,0,0.014,0.018,0.0165333
juelich_pilot_d30_r2_log_distance_s02_w1,juelich,12345,2,2,log-distance,38,39,veh7,veh11,2,0,1,956.295,0,11.1821,7.33411,nan,nan,0,0.014,0.018,0.0165333
juelich_pilot_d30_r2_log_distance_s02_w1,juelich,12345,2,2,log-distance,38,39,veh7,veh13,2,0,1,800.632,0,11.1821,6.32444,nan,nan,0,0.014,0.022,0.0165333
juelich_pilot_d30_r2_log_distance_s02_w1,juelich,12345,2,2,log-distance,38,39,veh7,veh2,2,2,0,492.676,1,11.1821,0,-80.5288,16.4475,2,0.014,0.008,0.0165333
juelich_pilot_d30_r2_log_distance_s02_w1,juelich,12345,2,2,log-distance,38,39,veh7,veh3,2,2,0,415.042,1,11.1821,12.6832,-79.0395,17.9367,2,0.014,0.01,0.0165333
juelich_pilot_d30_r2_log_distance_s02_w1,juelich,12345,2,2,log-distance,38,39,veh7,veh4,2,0,1,916.865,0,11.1821,0,nan,nan,0,0.014,0.02,0.0165333
juelich_pilot_d30_r2_log_distance_s02_w1,juelich,12345,2,2,log-distance,38,39,veh7,veh5,2,2,0,386.206,1,11.1821,7.44276,-78.4138,18.5625,2,0.014,0.014,0.0165333
juelich_pilot_d30_r2_log_distance_s02_w1,juelich,12345,2,2,log-distance,38,39,veh7,veh8,2,2,0,196.051,1,11.1821,7.08641,-72.5244,24.4519,2,0.014,0.012,0.0165333
juelich_pilot_d30_r2_log_distance_s02_w1,juelich,12345,2,2,log-distance,38,39,veh7,veh9,2,0,1,926.224,0,11.1821,0,nan,nan,0,0.014,0.018,0.0165333
juelich_pilot_d30_r2_log_distance_s02_w1,juelich,12345,2,2,log-distance,38,39,veh8,veh0,2,0,1,880.718,0,7.08641,13.4698,nan,nan,0,0.012,0.022,0.0165333
juelich_pilot_d30_r2_log_distance_s02_w1,juelich,12345,2,2,log-distance,38,39,veh8,veh1,2,0,1,992.12,0,7.08641,8.3073,nan,nan,0,0.012,0.018,0.0165333
juelich_pilot_d30_r2_log_distance_s02_w1,juelich,12345,2,2,log-distance,38,39,veh8,veh11,2,0,1,987.688,0,7.08641,7.33411,nan,nan,0,0.012,0.018,0.0165333
juelich_pilot_d30_r2_log_distance_s02_w1,juelich,12345,2,2,log-distance,38,39,veh8,veh13,2,0,1,917.565,0,7.08641,6.32444,nan,nan,0,0.012,0.022,0.0165333
juelich_pilot_d30_r2_log_distance_s02_w1,juelich,12345,2,2,log-distance,38,39,veh8,veh2,2,2,0,365.276,1,7.08641,0,-77.9301,19.0462,2,0.012,0.008,0.0165333
juelich_pilot_d30_r2_log_distance_s02_w1,juelich,12345,2,2,log-distance,38,39,veh8,veh3,2,2,0,299.894,1,7.08641,12.6832,-76.2169,20.7594,2,0.012,0.01,0.0165333
juelich_pilot_d30_r2_log_distance_s02_w1,juelich,12345,2,2,log-distance,38,39,veh8,veh4,2,0,1,996.267,0,7.08641,0,nan,nan,0,0.012,0.02,0.0165333
juelich_pilot_d30_r2_log_distance_s02_w1,juelich,12345,2,2,log-distance,38,39,veh8,veh5,2,2,0,580.54,0,7.08641,7.44276,-81.9543,15.0219,2,0.012,0.014,0.0165333
juelich_pilot_d30_r2_log_distance_s02_w1,juelich,12345,2,2,log-distance,38,39,veh8,veh7,2,2,0,196.051,1,7.08641,11.1821,-72.5244,24.4519,2,0.012,0.014,0.0165333
juelich_pilot_d30_r2_log_distance_s02_w1,juelich,12345,2,2,log-distance,38,39,veh8,veh9,2,0,1,973.709,0,7.08641,0,nan,nan,0,0.012,0.018,0.0165333
juelich_pilot_d30_r2_log_distance_s02_w1,juelich,12345,2,2,log-distance,38,39,veh9,veh0,2,2,0,462.027,1,0,13.4698,-79.9708,17.0055,2,0.018,0.022,0.0165333
juelich_pilot_d30_r2_log_distance_s02_w1,juelich,12345,2,2,log-distance,38,39,veh9,veh1,2,2,0,124.103,1,0,8.3073,-68.5521,28.4242,2,0.018,0.018,0.0165333
juelich_pilot_d30_r2_log_distance_s02_w1,juelich,12345,2,2,log-distance,38,39,veh9,veh10,2,2,0,172.493,1,0,8.51438,-71.4129,25.5634,2,0.018,0.018,0.0165333
juelich_pilot_d30_r2_log_distance_s02_w1,juelich,12345,2,2,log-distance,38,39,veh9,veh11,2,2,0,83.5111,1,0,7.33411,-65.1105,31.8658,2,0.018,0.018,0.0165333
juelich_pilot_d30_r2_log_distance_s02_w1,juelich,12345,2,2,log-distance,38,39,veh9,veh12,2,2,0,547.571,0,0,6.5075,-81.4465,15.5298,2,0.018,0.018,0.0165333
juelich_pilot_d30_r2_log_distance_s02_w1,juelich,12345,2,2,log-distance,38,39,veh9,veh13,2,2,0,365.235,1,0,6.32444,-77.9291,19.0471,2,0.018,0.022,0.0165333
juelich_pilot_d30_r2_log_distance_s02_w1,juelich,12345,2,2,log-distance,38,39,veh9,veh14,2,0,1,704.21,0,0,1.10004,nan,nan,0,0.018,0.018,0.0165333
juelich_pilot_d30_r2_log_distance_s02_w1,juelich,12345,2,2,log-distance,38,39,veh9,veh4,2,2,0,164.137,1,0,0,-70.9818,25.9944,2,0.018,0.02,0.0165333
juelich_pilot_d30_r2_log_distance_s02_w1,juelich,12345,2,2,log-distance,38,39,veh9,veh5,2,0,1,889.932,0,0,7.44276,nan,nan,0,0.018,0.014,0.0165333
juelich_pilot_d30_r2_log_distance_s02_w1,juelich,12345,2,2,log-distance,38,39,veh9,veh6,2,2,0,192.268,1,0,8.50119,-72.3555,24.6207,2,0.018,0.018,0.0165333
juelich_pilot_d30_r2_log_distance_s02_w1,juelich,12345,2,2,log-distance,38,39,veh9,veh7,2,0,1,926.224,0,0,11.1821,nan,nan,0,0.018,0.014,0.0165333
juelich_pilot_d30_r2_log_distance_s02_w1,juelich,12345,2,2,log-distance,38,39,veh9,veh8,2,0,1,973.709,0,0,7.08641,nan,nan,0,0.018,0.012,0.0165333
juelich_pilot_d30_r2_log_distance_s02_w1,juelich,12345,2,2,log-distance,39,40,veh0,veh1,2,0,1,585.043,0,13.4279,8.3237,nan,nan,0,0.022,0.019,0.0167333
juelich_pilot_d30_r2_log_distance_s02_w1,juelich,12345,2,2,log-distance,39,40,veh0,veh10,2,2,0,455.069,1,13.4279,8.50955,-79.8392,17.137,2,0.022,0.019,0.0167333
juelich_pilot_d30_r2_log_distance_s02_w1,juelich,12345,2,2,log-distance,39,40,veh0,veh11,2,2,0,548.004,0,13.4279,7.31233,-81.4533,15.5229,2,0.022,0.019,0.0167333
juelich_pilot_d30_r2_log_distance_s02_w1,juelich,12345,2,2,log-distance,39,40,veh0,veh12,2,2,0,472.114,1,13.4279,2.06111,-80.1586,16.8177,2,0.022,0.019,0.0167333
juelich_pilot_d30_r2_log_distance_s02_w1,juelich,12345,2,2,log-distance,39,40,veh0,veh13,2,2,0,120.464,1,13.4279,7.58513,-68.2907,28.6855,2,0.022,0.022,0.0167333
juelich_pilot_d30_r2_log_distance_s02_w1,juelich,12345,2,2,log-distance,39,40,veh0,veh14,2,2,0,502.176,0,13.4279,3.12579,-80.6948,16.2815,2,0.022,0.019,0.0167333
juelich_pilot_d30_r2_log_distance_s02_w1,juelich,12345,2,2,log-distance,39,40,veh0,veh4,2,2,0,338.557,1,13.4279,0,-77.2701,19.7062,2,0.022,0.02,0.0167333
juelich_pilot_d30_r2_log_distance_s02_w1,juelich,12345,2,2,log-distance,39,40,veh0,veh5,2,2,0,527.57,0,13.4279,7.47357,-81.1233,15.853,2,0.022,0.013,0.0167333
juelich_pilot_d30_r2_log_distance_s02_w1,juelich,12345,2,2,log-distance,39,40,veh0,veh6,2,2,0,436.212,1,13.4279,8.50728,-79.4716,17.5047,2,0.022,0.019,0.0167333
juelich_pilot_d30_r2_log_distance_s02_w1,juelich,12345,2,2,log-distance,39,40,veh0,veh7,2,0,1,739.041,0,13.4279,11.1433,nan,nan,0,0.022,0.013,0.0167333
juelich_pilot_d30_r2_log_distance_s02_w1,juelich,12345,2,2,log-distance,39,40,veh0,veh8,2,0,1,886.354,0,13.4279,7.08922,nan,nan,0,0.022,0.011,0.0167333
juelich_pilot_d30_r2_log_distance_s02_w1,juelich,12345,2,2,log-distance,39,40,veh0,veh9,2,2,0,474.635,1,13.4279,0,-80.2047,16.7716,2,0.022,0.019,0.0167333
juelich_pilot_d30_r2_log_distance_s02_w1,juelich,12345,2,2,log-distance,39,40,veh1,veh0,2,0,1,585.043,0,8.3237,13.4279,nan,nan,0,0.019,0.022,0.0167333
juelich_pilot_d30_r2_log_distance_s02_w1,juelich,12345,2,2,log-distance,39,40,veh1,veh10,2,2,0,264.181,1,8.3237,8.50955,-75.1157,21.8605,2,0.019,0.019,0.0167333
juelich_pilot_d30_r2_log_distance_s02_w1,juelich,12345,2,2,log-distance,39,40,veh1,veh11,2,2,0,39.8123,1,8.3237,7.31233,-58.6779,38.2984,2,0.019,0.019,0.0167333
juelich_pilot_d30_r2_log_distance_s02_w1,juelich,12345,2,2,log-distance,39,40,veh1,veh12,2,0,1,648.907,0,8.3237,2.06111,nan,nan,0,0.019,0.019,0.0167333
juelich_pilot_d30_r2_log_distance_s02_w1,juelich,12345,2,2,log-distance,39,40,veh1,veh13,2,2,0,476.355,1,8.3237,7.58513,-80.2362,16.7401,2,0.019,0.022,0.0167333
juelich_pilot_d30_r2_log_distance_s02_w1,juelich,12345,2,2,log-distance,39,40,veh1,veh14,2,0,1,807.974,0,8.3237,3.12579,nan,nan,0,0.019,0.019,0.0167333
juelich_pilot_d30_r2_log_distance_s02_w1,juelich,12345,2,2,log-distance,39,40,veh1,veh4,2,2,0,279.218,1,8.3237,0,-75.5963,21.3799,2,0.019,0.02,0.0167333
juelich_pilot_d30_r2_log_distance_s02_w1,juelich,12345,2,2,log-distance,39,40,veh1,veh5,2,0,1,965.052,0,8.3237,7.47357,nan,nan,0,0.019,0.013,0.0167333
juelich_pilot_d30_r2_log_distance_s02_w1,juelich,12345,2,2,log-distance,39,40,veh1,veh6,2,2,0,290.011,1,8.3237,8.50728,-75.926,21.0503,2,0.019,0.019,0.0167333
juelich_pilot_d30_r2_log_distance_s02_w1,juelich,12345,2,2,log-distance,39,40,veh1,veh7,2,0,1,955.531,0,8.3237,11.1433,nan,nan,0,0.019,0.013,0.0167333
juelich_pilot_d30_r2_log_distance_s02_w1,juelich,12345,2,2,log-distance,39,40,veh1,veh8,2,0,1,987.145,0,8.3237,7.08922,nan,nan,0,0.019,0.011,0.0167333
juelich_pilot_d30_r2_log_distance_s02_w1,juelich,12345,2,2,log-distance,39,40,veh1,veh9,2,2,0,115.812,1,8.3237,0,-67.9514,29.0249,2,0.019,0.019,0.0167333
juelich_pilot_d30_r2_log_distance_s02_w1,juelich,12345,2,2,log-distance,39,40,veh10,veh0,2,2,0,455.069,1,8.50955,13.4279,-79.8392,17.137,2,0.019,0.022,0.0167333
juelich_pilot_d30_r2_log_distance_s02_w1,juelich,12345,2,2,log-distance,39,40,veh10,veh1,2,2,0,264.181,1,8.50955,8.3237,-75.1157,21.8605,2,0.019,0.019,0.0167333
juelich_pilot_d30_r2_log_distance_s02_w1,juelich,12345,2,2,log-distance,39,40,veh10,veh11,2,2,0,229.671,1,8.50955,7.31233,-73.8998,23.0765,2,0.019,0.019,0.0167333
juelich_pilot_d30_r2_log_distance_s02_w1,juelich,12345,2,2,log-distance,39,40,veh10,veh12,2,2,0,385.728,1,8.50955,2.06111,-78.4032,18.573,2,0.019,0.019,0.0167333
juelich_pilot_d30_r2_log_distance_s02_w1,juelich,12345,2,2,log-distance,39,40,veh10,veh13,2,2,0,334.817,1,8.50955,7.58513,-77.1735,19.8028,2,0.019,0.022,0.0167333
juelich_pilot_d30_r2_log_distance_s02_w1,juelich,12345,2,2,log-distance,39,40,veh10,veh14,2,2,0,550.033,0,8.50955,3.12579,-81.4854,15.4909,2,0.019,0.019,0.0167333
juelich_pilot_d30_r2_log_distance_s02_w1,juelich,12345,2,2,log-distance,39,40,veh10,veh4,2,2,0,131.202,1,8.50955,0,-69.0364,27.9399,2,0.019,0.02,0.0167333
juelich_pilot_d30_r2_log_distance_s02_w1,juelich,12345,2,2,log-distance,39,40,veh10,veh5,2,0,1,939.877,0,8.50955,7.47357,nan,nan,0,0.019,0.013,0.0167333
juelich_pilot_d30_r2_log_distance_s02_w1,juelich,12345,2,2,log-distance,39,40,veh10,veh6,2,2,0,28.6178,1,8.50955,8.50728,-55.8104,41.1659,2,0.019,0.019,0.0167333
juelich_pilot_d30_r2_log_distance_s02_w1,juelich,12345,2,2,log-distance,39,40,veh10,veh9,2,2,0,178.076,1,8.50955,0,-71.6895,25.2867,2,0.019,0.019,0.0167333
juelich_pilot_d30_r2_log_distance_s02_w1,juelich,12345,2,2,log-distance,39,40,veh11,veh0,2,2,0,548.004,0,7.31233,13.4279,-81.4533,15.5229,2,0.019,0.022,0.0167333
juelich_pilot_d30_r2_log_distance_s02_w1,juelich,12345,2,2,log-distance,39,40,veh11,veh1,2,2,0,39.8123,1,7.31233,8.3237,-58.6779,38.2984,2,0.019,0.019,0.0167333
juelich_pilot_d30_r2_log_distance_s02_w1,juelich,12345,2,2,log-distance,39,40,veh11,veh10,2,2,0,229.671,1,7.31233,8.50955,-73.8998,23.0765,2,0.019,0.019,0.0167333
juelich_pilot_d30_r2_log_distance_s02_w1,juelich,12345,2,2,log-distance,39,40,veh11,veh12,2,0,1,612.701,0,7.31233,2.06111,nan,nan,0,0.019,0.019,0.0167333
juelich_pilot_d30_r2_log_distance_s02_w1,juelich,12345,2,2,log-distance,39,40,veh11,veh13,2,2,0,438.049,1,7.31233,7.58513,-79.508,17.4683,2,0.019,0.022,0.0167333
juelich_pilot_d30_r2_log_distance_s02_w1,juelich,12345,2,2,log-distance,39,40,veh11,veh14,2,0,1,770.08,0,7.31233,3.12579,nan,nan,0,0.019,0.019,0.0167333
juelich_pilot_d30_r2_log_distance_s02_w1,juelich,12345,2,2,log-distance,39,40,veh11,veh4,2,2,0,239.406,1,7.31233,0,-74.2602,22.7161,2,0.019,0.02,0.0167333
juelich_pilot_d30_r2_log_distance_s02_w1,juelich,12345,2,2,log-distance,39,40,veh11,veh5,2,0,1,939.396,0,7.31233,7.47357,nan,nan,0,0.019,0.013,0.0167333
juelich_pilot_d30_r2_log_distance_s02_w1,juelich,12345,2,2,log-distance,39,40,veh11,veh6,2,2,0,254.529,1,7.31233,8.50728,-74.7924,22.1839,2,0.019,0.019,0.0167333
juelich_pilot_d30_r2_log_distance_s02_w1,juelich,12345,2,2,log-distance,39,40,veh11,veh7,2,0,1,943.598,0,7.31233,11.1433,nan,nan,0,0.019,0.013,0.0167333
juelich_pilot_d30_r2_log_distance_s02_w1,juelich,12345,2,2,log-distance,39,40,veh11,veh8,2,0,1,983.368,0,7.31233,7.08922,nan,nan,0,0.019,0.011,0.0167333
juelich_pilot_d30_r2_log_distance_s02_w1,juelich,12345,2,2,log-distance,39,40,veh11,veh9,2,2,0,76.2321,1,7.31233,0,-64.318,32.6583,2,0.019,0.019,0.0167333
juelich_pilot_d30_r2_log_distance_s02_w1,juelich,12345,2,2,log-distance,39,40,veh12,veh0,2,0,1,472.114,1,2.06111,13.4279,nan,nan,0,0.019,0.022,0.0167333
juelich_pilot_d30_r2_log_distance_s02_w1,juelich,12345,2,2,log-distance,39,40,veh12,veh1,2,0,1,648.907,0,2.06111,8.3237,nan,nan,0,0.019,0.019,0.0167333
juelich_pilot_d30_r2_log_distance_s02_w1,juelich,12345,2,2,log-distance,39,40,veh12,veh10,2,0,1,385.728,1,2.06111,8.50955,nan,nan,0,0.019,0.019,0.0167333
juelich_pilot_d30_r2_log_distance_s02_w1,juelich,12345,2,2,log-distance,39,40,veh12,veh11,2,0,1,612.701,0,2.06111,7.31233,nan,nan,0,0.019,0.019,0.0167333
juelich_pilot_d30_r2_log_distance_s02_w1,juelich,12345,2,2,log-distance,39,40,veh12,veh13,2,0,1,409.136,1,2.06111,7.58513,nan,nan,0,0.019,0.022,0.0167333
juelich_pilot_d30_r2_log_distance_s02_w1,juelich,12345,2,2,log-distance,39,40,veh12,veh14,2,2,0,178.513,1,2.06111,3.12579,-71.711,8.5097,2,0.019,0.019,0.0167333
juelich_pilot_d30_r2_log_distance_s02_w1,juelich,12345,2,2,log-distance,39,40,veh12,veh4,2,0,1,409.618,1,2.06111,0,nan,nan,0,0.019,0.02,0.0167333
juelich_pilot_d30_r2_log_distance_s02_w1,juelich,12345,2,2,log-distance,39,40,veh12,veh5,2,0,1,991.001,0,2.06111,7.47357,nan,nan,0,0.019,0.013,0.0167333
juelich_pilot_d30_r2_log_distance_s02_w1,juelich,12345,2,2,log-distance,39,40,veh12,veh6,2,0,1,359.031,1,2.06111,8.50728,nan,nan,0,0.019,0.019,0.0167333
juelich_pilot_d30_r2_log_distance_s02_w1,juelich,12345,2,2,log-distance,39,40,veh12,veh9,2,0,1,550.312,0,2.06111,0,nan,nan,0,0.019,0.019,0.0167333
juelich_pilot_d30_r2_log_distance_s02_w1,juelich,12345,2,2,log-distance,39,40,veh13,veh0,2,2,0,120.464,1,7.58513,13.4279,-68.2907,11.7784,2,0.022,0.022,0.0167333
juelich_pilot_d30_r2_log_distance_s02_w1,juelich,12345,2,2,log-distance,39,40,veh13,veh1,2,0,1,476.355,1,7.58513,8.3237,nan,nan,0,0.022,0.019,0.0167333
juelich_pilot_d30_r2_log_distance_s02_w1,juelich,12345,2,2,log-distance,39,40,veh13,veh10,2,0,1,334.817,1,7.58513,8.50955,nan,nan,0,0.022,0.019,0.0167333
juelich_pilot_d30_r2_log_distance_s02_w1,juelich,12345,2,2,log-distance,39,40,veh13,veh11,2,0,1,438.049,1,7.58513,7.31233,nan,nan,0,0.022,0.019,0.0167333
juelich_pilot_d30_r2_log_distance_s02_w1,juelich,12345,2,2,log-distance,39,40,veh13,veh12,2,0,1,409.136,1,7.58513,2.06111,nan,nan,0,0.022,0.019,0.0167333
juelich_pilot_d30_r2_log_distance_s02_w1,juelich,12345,2,2,log-distance,39,40,veh13,veh14,2,0,1,480.601,1,7.58513,3.12579,nan,nan,0,0.022,0.019,0.0167333
juelich_pilot_d30_r2_log_distance_s02_w1,juelich,12345,2,2,log-distance,39,40,veh13,veh4,2,2,0,219.09,1,7.58513,0,-73.49,5.36774,2,0.022,0.02,0.0167333
juelich_pilot_d30_r2_log_distance_s02_w1,juelich,12345,2,2,log-distance,39,40,veh13,veh5,2,0,1,628.048,0,7.58513,7.47357,nan,nan,0,0.022,0.013,0.0167333
juelich_pilot_d30_r2_log_distance_s02_w1,juelich,12345,2,2,log-distance,39,40,veh13,veh6,2,0,1,316.561,1,7.58513,8.50728,nan,nan,0,0.022,0.019,0.0167333
juelich_pilot_d30_r2_log_distance_s02_w1,juelich,12345,2,2,log-distance,39,40,veh13,veh7,2,0,1,796.553,0,7.58513,11.1433,nan,nan,0,0.022,0.013,0.0167333
juelich_pilot_d30_r2_log_distance_s02_w1,juelich,12345,2,2,log-distance,39,40,veh13,veh8,2,0,1,923.614,0,7.58513,7.08922,nan,nan,0,0.022,0.011,0.0167333
juelich_pilot_d30_r2_log_distance_s02_w1,juelich,12345,2,2,log-distance,39,40,veh13,veh9,2,0,1,362.922,1,7.58513,0,nan,nan,0,0.022,0.019,0.0167333
juelich_pilot_d30_r2_log_distance_s02_w1,juelich,12345,2,2,log-distance,39,40,veh14,veh0,2,2,0,502.176,0,3.12579,13.4279,-80.6948,16.2815,2,0.019,0.022,0.0167333
juelich_pilot_d30_r2_log_distance_s02_w1,juelich,12345,2,2,log-distance,39,40,veh14,veh1,2,0,1,807.974,0,3.12579,8.3237,nan,nan,0,0.019,0.019,0.0167333
juelich_pilot_d30_r2_log_distance_s02_w1,juelich,12345,2,2,log-distance,39,40,veh14,veh10,2,2,0,550.033,0,3.12579,8.50955,-81.4854,15.4909,2,0.019,0.019,0.0167333
juelich_pilot_d30_r2_log_distance_s02_w1,juelich,12345,2,2,log-distance,39,40,veh14,veh11,2,0,1,770.08,0,3.12579,7.31233,nan,nan,0,0.019,0.019,0.0167333
juelich_pilot_d30_r2_log_distance_s02_w1,juelich,12345,2,2,log-distance,39,40,veh14,veh12,2,2,0,178.513,1,3.12579,2.06111,-71.711,25.2653,2,0.019,0.019,0.0167333
juelich_pilot_d30_r2_log_distance_s02_w1,juelich,12345,2,2,log-distance,39,40,veh14,veh13,2,2,0,480.601,1,3.12579,7.58513,-80.3133,16.6629,2,0.019,0.022,0.0167333
juelich_pilot_d30_r2_log_distance_s02_w1,juelich,12345,2,2,log-distance,39,40,veh14,veh4,2,2,0,548.154,0,3.12579,0,-81.4558,15.5205,2,0.019,0.02,0.0167333
juelich_pilot_d30_r2_log_distance_s02_w1,juelich,12345,2,2,log-distance,39,40,veh14,veh5,2,0,1,979.542,0,3.12579,7.47357,nan,nan,0,0.019,0.013,0.0167333
juelich_pilot_d30_r2_log_distance_s02_w1,juelich,12345,2,2,log-distance,39,40,veh14,veh6,2,2,0,522.036,0,3.12579,8.50728,-81.0316,15.9447,2,0.019,0.019,0.0167333
juelich_pilot_d30_r2_log_distance_s02_w1,juelich,12345,2,2,log-distance,39,40,veh14,veh9,2,0,1,702.319,0,3.12579,0,nan,nan,0,0.019,0.019,0.0167333
juelich_pilot_d30_r2_log_distance_s02_w1,juelich,12345,2,2,log-distance,39,40,veh2,veh3,2,2,0,91.8895,1,0,12.7453,-65.9378,24.1072,2,0.008,0.009,0.0167333
juelich_pilot_d30_r2_log_distance_s02_w1,juelich,12345,2,2,log-distance,39,40,veh2,veh5,2,0,1,842.878,0,0,7.47357,nan,nan,0,0.008,0.013,0.0167333
juelich_pilot_d30_r2_log_distance_s02_w1,juelich,12345,2,2,log-distance,39,40,veh2,veh7,2,2,0,502.697,0,0,11.1433,-80.7037,7.25217,2,0.008,0.013,0.0167333
juelich_pilot_d30_r2_log_distance_s02_w1,juelich,12345,2,2,log-distance,39,40,veh2,veh8,2,2,0,367.434,1,0,7.08922,-77.9813,10.8266,2,0.008,0.011,0.0167333
juelich_pilot_d30_r2_log_distance_s02_w1,juelich,12345,2,2,log-distance,39,40,veh3,veh2,2,2,0,91.8895,1,12.7453,0,-65.9378,31.0385,2,0.009,0.008,0.0167333
juelich_pilot_d30_r2_log_distance_s02_w1,juelich,12345,2,2,log-distance,39,40,veh3,veh5,2,0,1,751.152,0,12.7453,7.47357,nan,nan,0,0.009,0.013,0.0167333
juelich_pilot_d30_r2_log_distance_s02_w1,juelich,12345,2,2,log-distance,39,40,veh3,veh7,2,2,0,412.676,1,12.7453,11.1433,-78.9899,17.9864,2,0.009,0.013,0.0167333
juelich_pilot_d30_r2_log_distance_s02_w1,juelich,12345,2,2,log-distance,39,40,veh3,veh8,2,2,0,292.719,1,12.7453,7.08922,-76.0066,20.9697,2,0.009,0.011,0.0167333
juelich_pilot_d30_r2_log_distance_s02_w1,juelich,12345,2,2,log-distance,39,40,veh4,veh0,2,2,0,338.557,1,0,13.4279,-77.2701,19.7062,2,0.02,0.022,0.0167333
juelich_pilot_d30_r2_log_distance_s02_w1,juelich,12345,2,2,log-distance,39,40,veh4,veh1,2,2,0,279.218,1,0,8.3237,-75.5963,21.3799,2,0.02,0.019,0.0167333
juelich_pilot_d30_r2_log_distance_s02_w1,juelich,12345,2,2,log-distance,39,40,veh4,veh10,2,2,0,131.202,1,0,8.50955,-69.0364,27.9399,2,0.02,0.019,0.0167333
juelich_pilot_d30_r2_log_distance_s02_w1,juelich,12345,2,2,log-distance,39,40,veh4,veh11,2,2,0,239.406,1,0,7.31233,-74.2602,22.7161,2,0.02,0.019,0.0167333
juelich_pilot_d30_r2_log_distance_s02_w1,juelich,12345,2,2,log-distance,39,40,veh4,veh12,2,2,0,409.618,1,0,2.06111,-78.9253,18.051,2,0.02,0.019,0.0167333
juelich_pilot_d30_r2_log_distance_s02_w1,juelich,12345,2,2,log-distance,39,40,veh4,veh13,2,2,0,219.09,1,0,7.58513,-73.49,23.4863,2,0.02,0.022,0.0167333
juelich_pilot_d30_r2_log_distance_s02_w1,juelich,12345,2,2,log-distance,39,40,veh4,veh14,2,2,0,548.154,0,0,3.12579,-81.4558,15.5205,2,0.02,0.019,0.0167333
juelich_pilot_d30_r2_log_distance_s02_w1,juelich,12345,2,2,log-distance,39,40,veh4,veh5,2,0,1,809.259,0,0,7.47357,nan,nan,0,0.02,0.013,0.0167333
juelich_pilot_d30_r2_log_distance_s02_w1,juelich,12345,2,2,log-distance,39,40,veh4,veh6,2,2,0,124.699,1,0,8.50728,-68.595,28.3813,2,0.02,0.019,0.0167333
juelich_pilot_d30_r2_log_distance_s02_w1,juelich,12345,2,2,log-distance,39,40,veh4,veh7,2,0,1,905.653,0,0,11.1433,nan,nan,0,0.02,0.013,0.0167333
juelich_pilot_d30_r2_log_distance_s02_w1,juelich,12345,2,2,log-distance,39,40,veh4,veh8,2,0,1,994.136,0,0,7.08922,nan,nan,0,0.02,0.011,0.0167333
juelich_pilot_d30_r2_log_distance_s02_w1,juelich,12345,2,2,log-distance,39,40,veh4,veh9,2,2,0,164.137,1,0,0,-70.9818,25.9944,2,0.02,0.019,0.0167333
juelich_pilot_d30_r2_log_distance_s02_w1,juelich,12345,2,2,log-distance,39,40,veh5,veh0,2,2,0,527.57,0,7.47357,13.4279,-81.1233,10.0181,2,0.013,0.022,0.0167333
juelich_pilot_d30_r2_log_distance_s02_w1,juelich,12345,2,2,log-distance,39,40,veh5,veh1,2,0,1,965.052,0,7.47357,8.3237,nan,nan,0,0.013,0.019,0.0167333
juelich_pilot_d30_r2_log_distance_s02_w1,juelich,12345,2,2,log-distance,39,40,veh5,veh10,2,0,1,939.877,0,7.47357,8.50955,nan,nan,0,0.013,0.019,0.0167333
juelich_pilot_d30_r2_log_distance_s02_w1,juelich,12345,2,2,log-distance,39,40,veh5,veh11,2,0,1,939.396,0,7.47357,7.31233,nan,nan,0,0.013,0.019,0.0167333
juelich_pilot_d30_r2_log_distance_s02_w1,juelich,12345,2,2,log-distance,39,40,veh5,veh12,2,0,1,991.001,0,7.47357,2.06111,nan,nan,0,0.013,0.019,0.0167333
juelich_pilot_d30_r2_log_distance_s02_w1,juelich,12345,2,2,log-distance,39,40,veh5,veh13,2,0,1,628.048,0,7.47357,7.58513,nan,nan,0,0.013,0.022,0.0167333
juelich_pilot_d30_r2_log_distance_s02_w1,juelich,12345,2,2,log-distance,39,40,veh5,veh14,2,0,1,979.542,0,7.47357,3.12579,nan,nan,0,0.013,0.019,0.0167333
juelich_pilot_d30_r2_log_distance_s02_w1,juelich,12345,2,2,log-distance,39,40,veh5,veh2,2,0,1,842.878,0,7.47357,0,nan,nan,0,0.013,0.008,0.0167333
juelich_pilot_d30_r2_log_distance_s02_w1,juelich,12345,2,2,log-distance,39,40,veh5,veh3,2,0,1,751.152,0,7.47357,12.7453,nan,nan,0,0.013,0.009,0.0167333
juelich_pilot_d30_r2_log_distance_s02_w1,juelich,12345,2,2,log-distance,39,40,veh5,veh4,2,0,1,809.259,0,7.47357,0,nan,nan,0,0.013,0.02,0.0167333
juelich_pilot_d30_r2_log_distance_s02_w1,juelich,12345,2,2,log-distance,39,40,veh5,veh6,2,0,1,928.472,0,7.47357,8.50728,nan,nan,0,0.013,0.019,0.0167333
juelich_pilot_d30_r2_log_distance_s02_w1,juelich,12345,2,2,log-distance,39,40,veh5,veh7,2,1,0.5,373.953,1,7.47357,11.1433,-78.0639,18.9124,1,0.013,0.013,0.0167333
juelich_pilot_d30_r2_log_distance_s02_w1,juelich,12345,2,2,log-distance,39,40,veh5,veh8,2,1,0.5,578.283,0,7.47357,7.08922,-81.912,15.0643,1,0.013,0.011,0.0167333
juelich_pilot_d30_r2_log_distance_s02_w1,juelich,12345,2,2,log-distance,39,40,veh5,veh9,2,0,1,885.331,0,7.47357,0,nan,nan,0,0.013,0.019,0.0167333
juelich_pilot_d30_r2_log_distance_s02_w1,juelich,12345,2,2,log-distance,39,40,veh6,veh0,2,2,0,436.212,1,8.50728,13.4279,-79.4716,17.5047,2,0.019,0.022,0.0167333
juelich_pilot_d30_r2_log_distance_s02_w1,juelich,12345,2,2,log-distance,39,40,veh6,veh1,2,2,0,290.011,1,8.50728,8.3237,-75.926,21.0503,2,0.019,0.019,0.0167333
juelich_pilot_d30_r2_log_distance_s02_w1,juelich,12345,2,2,log-distance,39,40,veh6,veh10,2,2,0,28.6178,1,8.50728,8.50955,-55.8104,41.1659,2,0.019,0.019,0.0167333
juelich_pilot_d30_r2_log_distance_s02_w1,juelich,12345,2,2,log-distance,39,40,veh6,veh11,2,2,0,254.529,1,8.50728,7.31233,-74.7924,22.1839,2,0.019,0.019,0.0167333
juelich_pilot_d30_r2_log_distance_s02_w1,juelich,12345,2,2,log-distance,39,40,veh6,veh12,2,2,0,359.031,1,8.50728,2.06111,-77.7802,19.196,2,0.019,0.019,0.0167333
juelich_pilot_d30_r2_log_distance_s02_w1,juelich,12345,2,2,log-distance,39,40,veh6,veh13,2,2,0,316.561,1,8.50728,7.58513,-76.6865,20.2898,2,0.019,0.022,0.0167333
juelich_pilot_d30_r2_log_distance_s02_w1,juelich,12345,2,2,log-distance,39,40,veh6,veh14,2,2,0,522.036,0,8.50728,3.12579,-81.0316,15.9447,2,0.019,0.019,0.0167333
juelich_pilot_d30_r2_log_distance_s02_w1,juelich,12345,2,2,log-distance,39,40,veh6,veh4,2,2,0,124.699,1,8.50728,0,-68.595,28.3813,2,0.019,0.02,0.0167333
juelich_pilot_d30_r2_log_distance_s02_w1,juelich,12345,2,2,log-distance,39,40,veh6,veh5,2,0,1,928.472,0,8.50728,7.47357,nan,nan,0,0.019,0.013,0.0167333
juelich_pilot_d30_r2_log_distance_s02_w1,juelich,12345,2,2,log-distance,39,40,veh6,veh9,2,2,0,198.574,1,8.50728,0,-72.6359,24.3404,2,0.019,0.019,0.0167333
juelich_pilot_d30_r2_log_distance_s02_w1,juelich,12345,2,2,log-distance,39,40,veh7,veh0,2,0,1,739.041,0,11.1433,13.4279,nan,nan,0,0.013,0.022,0.0167333
juelich_pilot_d30_r2_log_distance_s02_w1,juelich,12345,2,2,log-distance,39,40,veh7,veh1,2,0,1,955.531,0,11.1433,8.3237,nan,nan,0,0.013,0.019,0.0167333
juelich_pilot_d30_r2_log_distance_s02_w1,juelich,12345,2,2,log-distance,39,40,veh7,veh11,2,0,1,943.598,0,11.1433,7.31233,nan,nan,0,0.013,0.019,0.0167333
juelich_pilot_d30_r2_log_distance_s02_w1,juelich,12345,2,2,log-distance,39,40,veh7,veh13,2,0,1,796.553,0,11.1433,7.58513,nan,nan,0,0.013,0.022,0.0167333
juelich_pilot_d30_r2_log_distance_s02_w1,juelich,12345,2,2,log-distance,39,40,veh7,veh2,2,2,0,502.697,0,11.1433,0,-80.7037,16.2726,2,0.013,0.008,0.0167333
juelich_pilot_d30_r2_log_distance_s02_w1,juelich,12345,2,2,log-distance,39,40,veh7,veh3,2,2,0,412.676,1,11.1433,12.7453,-78.9899,17.9864,2,0.013,0.009,0.0167333
juelich_pilot_d30_r2_log_distance_s02_w1,juelich,12345,2,2,log-distance,39,40,veh7,veh4,2,0,1,905.653,0,11.1433,0,nan,nan,0,0.013,0.02,0.0167333
juelich_pilot_d30_r2_log_distance_s02_w1,juelich,12345,2,2,log-distance,39,40,veh7,veh5,2,2,0,373.953,1,11.1433,7.47357,-78.1337,18.8425,2,0.013,0.013,0.0167333
juelich_pilot_d30_r2_log_distance_s02_w1,juelich,12345,2,2,log-distance,39,40,veh7,veh8,2,2,0,205.321,1,11.1433,7.08922,-72.9258,24.0505,2,0.013,0.011,0.0167333
juelich_pilot_d30_r2_log_distance_s02_w1,juelich,12345,2,2,log-distance,39,40,veh7,veh9,2,0,1,915.34,0,11.1433,0,nan,nan,0,0.013,0.019,0.0167333
juelich_pilot_d30_r2_log_distance_s02_w1,juelich,12345,2,2,log-distance,39,40,veh8,veh0,2,0,1,886.354,0,7.08922,13.4279,nan,nan,0,0.011,0.022,0.0167333
juelich_pilot_d30_r2_log_distance_s02_w1,juelich,12345,2,2,log-distance,39,40,veh8,veh1,2,0,1,987.145,0,7.08922,8.3237,nan,nan,0,0.011,0.019,0.0167333
juelich_pilot_d30_r2_log_distance_s02_w1,juelich,12345,2,2,log-distance,39,40,veh8,veh11,2,0,1,983.368,0,7.08922,7.31233,nan,nan,0,0.011,0.019,0.0167333
juelich_pilot_d30_r2_log_distance_s02_w1,juelich,12345,2,2,log-distance,39,40,veh8,veh13,2,0,1,923.614,0,7.08922,7.58513,nan,nan,0,0.011,0.022,0.0167333
juelich_pilot_d30_r2_log_distance_s02_w1,juelich,12345,2,2,log-distance,39,40,veh8,veh2,2,2,0,367.434,1,7.08922,0,-77.9813,12.9698,2,0.011,0.008,0.0167333
juelich_pilot_d30_r2_log_distance_s02_w1,juelich,12345,2,2,log-distance,39,40,veh8,veh3,2,2,0,292.719,1,7.08922,12.7453,-76.0066,14.4903,2,0.011,0.009,0.0167333
juelich_pilot_d30_r2_log_distance_s02_w1,juelich,12345,2,2,log-distance,39,40,veh8,veh4,2,0,1,994.136,0,7.08922,0,nan,nan,0,0.011,0.02,0.0167333
juelich_pilot_d30_r2_log_distance_s02_w1,juelich,12345,2,2,log-distance,39,40,veh8,veh5,2,1,0.5,578.283,0,7.08922,7.47357,-81.912,15.0643,1,0.011,0.013,0.0167333
juelich_pilot_d30_r2_log_distance_s02_w1,juelich,12345,2,2,log-distance,39,40,veh8,veh7,2,2,0,205.321,1,7.08922,11.1433,-72.9258,24.0505,2,0.011,0.013,0.0167333
juelich_pilot_d30_r2_log_distance_s02_w1,juelich,12345,2,2,log-distance,39,40,veh8,veh9,2,0,1,970.488,0,7.08922,0,nan,nan,0,0.011,0.019,0.0167333
juelich_pilot_d30_r2_log_distance_s02_w1,juelich,12345,2,2,log-distance,39,40,veh9,veh0,2,2,0,474.635,1,0,13.4279,-80.2047,16.7716,2,0.019,0.022,0.0167333
juelich_pilot_d30_r2_log_distance_s02_w1,juelich,12345,2,2,log-distance,39,40,veh9,veh1,2,2,0,115.812,1,0,8.3237,-67.9514,29.0249,2,0.019,0.019,0.0167333
juelich_pilot_d30_r2_log_distance_s02_w1,juelich,12345,2,2,log-distance,39,40,veh9,veh10,2,2,0,178.076,1,0,8.50955,-71.6895,25.2867,2,0.019,0.019,0.0167333
juelich_pilot_d30_r2_log_distance_s02_w1,juelich,12345,2,2,log-distance,39,40,veh9,veh11,2,2,0,76.2321,1,0,7.31233,-64.318,32.6583,2,0.019,0.019,0.0167333
juelich_pilot_d30_r2_log_distance_s02_w1,juelich,12345,2,2,log-distance,39,40,veh9,veh12,2,2,0,550.312,0,0,2.06111,-81.4899,15.4864,2,0.019,0.019,0.0167333
juelich_pilot_d30_r2_log_distance_s02_w1,juelich,12345,2,2,log-distance,39,40,veh9,veh13,2,2,0,362.922,1,0,7.58513,-77.874,19.1023,2,0.019,0.022,0.0167333
juelich_pilot_d30_r2_log_distance_s02_w1,juelich,12345,2,2,log-distance,39,40,veh9,veh14,2,0,1,702.319,0,0,3.12579,nan,nan,0,0.019,0.019,0.0167333
juelich_pilot_d30_r2_log_distance_s02_w1,juelich,12345,2,2,log-distance,39,40,veh9,veh4,2,2,0,164.137,1,0,0,-70.9818,25.9944,2,0.019,0.02,0.0167333
juelich_pilot_d30_r2_log_distance_s02_w1,juelich,12345,2,2,log-distance,39,40,veh9,veh5,2,0,1,885.331,0,0,7.47357,nan,nan,0,0.019,0.013,0.0167333
juelich_pilot_d30_r2_log_distance_s02_w1,juelich,12345,2,2,log-distance,39,40,veh9,veh6,2,2,0,198.574,1,0,8.50728,-72.6359,24.3404,2,0.019,0.019,0.0167333
juelich_pilot_d30_r2_log_distance_s02_w1,juelich,12345,2,2,log-distance,39,40,veh9,veh7,2,0,1,915.34,0,0,11.1433,nan,nan,0,0.019,0.013,0.0167333
juelich_pilot_d30_r2_log_distance_s02_w1,juelich,12345,2,2,log-distance,39,40,veh9,veh8,2,0,1,970.488,0,0,7.08922,nan,nan,0,0.019,0.011,0.0167333
juelich_pilot_d30_r2_log_distance_s02_w1,juelich,12345,2,2,log-distance,40,41,veh0,veh1,2,0,1,589.593,0,13.4755,8.37046,nan,nan,0,0.023,0.018,0.0165625
juelich_pilot_d30_r2_log_distance_s02_w1,juelich,12345,2,2,log-distance,40,41,veh0,veh10,2,2,0,458.122,1,13.4755,8.51326,-79.8973,17.079,2,0.023,0.018,0.0165625
juelich_pilot_d30_r2_log_distance_s02_w1,juelich,12345,2,2,log-distance,40,41,veh0,veh11,2,2,0,553.433,0,13.4755,7.33194,-81.539,15.4373,2,0.023,0.018,0.0165625
juelich_pilot_d30_r2_log_distance_s02_w1,juelich,12345,2,2,log-distance,40,41,veh0,veh12,2,2,0,470.926,1,13.4755,0,-80.1367,16.8395,2,0.023,0.018,0.0165625
juelich_pilot_d30_r2_log_distance_s02_w1,juelich,12345,2,2,log-distance,40,41,veh0,veh13,2,2,0,135.062,1,13.4755,7.55422,-69.2853,27.691,2,0.023,0.023,0.0165625
juelich_pilot_d30_r2_log_distance_s02_w1,juelich,12345,2,2,log-distance,40,41,veh0,veh14,2,2,0,494.877,1,13.4755,5.05575,-80.5676,16.4087,2,0.023,0.018,0.0165625
juelich_pilot_d30_r2_log_distance_s02_w1,juelich,12345,2,2,log-distance,40,41,veh0,veh15,1,1,0,539.573,0,13.4968,0,-81.3187,15.6576,1,0.023,0.012,0.0165625
juelich_pilot_d30_r2_log_distance_s02_w1,juelich,12345,2,2,log-distance,40,41,veh0,veh4,2,2,0,348.704,1,13.4755,0.831935,-77.5266,19.4496,2,0.023,0.02,0.0165625
juelich_pilot_d30_r2_log_distance_s02_w1,juelich,12345,2,2,log-distance,40,41,veh0,veh5,2,2,0,524.839,0,13.4755,7.46223,-81.0782,15.8981,2,0.023,0.015,0.0165625
juelich_pilot_d30_r2_log_distance_s02_w1,juelich,12345,2,2,log-distance,40,41,veh0,veh6,2,2,0,439.106,1,13.4755,8.47993,-79.5291,17.4472,2,0.023,0.018,0.0165625
juelich_pilot_d30_r2_log_distance_s02_w1,juelich,12345,2,2,log-distance,40,41,veh0,veh7,2,0,1,733.443,0,13.4755,11.2328,nan,nan,0,0.023,0.015,0.0165625
juelich_pilot_d30_r2_log_distance_s02_w1,juelich,12345,2,2,log-distance,40,41,veh0,veh8,2,0,1,893.918,0,13.4755,7.15834,nan,nan,0,0.023,0.013,0.0165625
juelich_pilot_d30_r2_log_distance_s02_w1,juelich,12345,2,2,log-distance,40,41,veh0,veh9,2,2,0,486.748,1,13.4755,0.830337,-80.4236,16.5527,2,0.023,0.018,0.0165625
juelich_pilot_d30_r2_log_distance_s02_w1,juelich,12345,2,2,log-distance,40,41,veh1,veh0,2,0,1,589.593,0,8.37046,13.4755,nan,nan,0,0.018,0.023,0.0165625
juelich_pilot_d30_r2_log_distance_s02_w1,juelich,12345,2,2,log-distance,40,41,veh1,veh10,2,2,0,264.378,1,8.37046,8.51326,-75.1222,21.8541,2,0.018,0.018,0.0165625
juelich_pilot_d30_r2_log_distance_s02_w1,juelich,12345,2,2,log-distance,40,41,veh1,veh11,2,2,0,38.798,1,8.37046,7.33194,-58.4537,38.5226,2,0.018,0.018,0.0165625
juelich_pilot_d30_r2_log_distance_s02_w1,juelich,12345,2,2,log-distance,40,41,veh1,veh12,2,0,1,641.591,0,8.37046,0,nan,nan,0,0.018,0.018,0.0165625
juelich_pilot_d30_r2_log_distance_s02_w1,juelich,12345,2,2,log-distance,40,41,veh1,veh13,2,2,0,466.364,1,8.37046,7.55422,-80.0521,16.9242,2,0.018,0.023,0.0165625
juelich_pilot_d30_r2_log_distance_s02_w1,juelich,12345,2,2,log-distance,40,41,veh1,veh14,2,0,1,796.387,0,8.37046,5.05575,nan,nan,0,0.018,0.018,0.0165625
juelich_pilot_d30_r2_log_distance_s02_w1,juelich,12345,2,2,log-distance,40,41,veh1,veh4,2,2,0,271.148,1,8.37046,0.831935,-75.3416,21.6347,2,0.018,0.02,0.0165625
juelich_pilot_d30_r2_log_distance_s02_w1,juelich,12345,2,2,log-distance,40,41,veh1,veh5,2,0,1,954.544,0,8.37046,7.46223,nan,nan,0,0.018,0.015,0.0165625
juelich_pilot_d30_r2_log_distance_s02_w1,juelich,12345,2,2,log-distance,40,41,veh1,veh6,2,2,0,290.22,1,8.37046,8.47993,-75.9322,21.044,2,0.018,0.018,0.0165625
juelich_pilot_d30_r2_log_distance_s02_w1,juelich,12345,2,2,log-distance,40,41,veh1,veh7,2,0,1,942.263,0,8.37046,11.2328,nan,nan,0,0.018,0.015,0.0165625
juelich_pilot_d30_r2_log_distance_s02_w1,juelich,12345,2,2,log-distance,40,41,veh1,veh8,2,0,1,982.368,0,8.37046,7.15834,nan,nan,0,0.018,0.013,0.0165625
juelich_pilot_d30_r2_log_distance_s02_w1,juelich,12345,2,2,log-distance,40,41,veh1,veh9,2,2,0,107.478,1,8.37046,0.830337,-67.3025,29.6738,2,0.018,0.018,0.0165625
juelich_pilot_d30_r2_log_distance_s02_w1,juelich,12345,2,2,log-distance,40,41,veh10,veh0,2,2,0,458.122,1,8.51326,13.4755,-79.8973,17.079,2,0.018,0.023,0.0165625
juelich_pilot_d30_r2_log_distance_s02_w1,juelich,12345,2,2,log-distance,40,41,veh10,veh1,2,2,0,264.378,1,8.51326,8.37046,-75.1222,21.8541,2,0.018,0.018,0.0165625
juelich_pilot_d30_r2_log_distance_s02_w1,juelich,12345,2,2,log-distance,40,41,veh10,veh11,2,2,0,230.727,1,8.51326,7.33194,-73.9396,23.0366,2,0.018,0.018,0.0165625
juelich_pilot_d30_r2_log_distance_s02_w1,juelich,12345,2,2,log-distance,40,41,veh10,veh12,2,2,0,378.055,1,8.51326,0,-78.2287,18.7476,2,0.018,0.018,0.0165625
juelich_pilot_d30_r2_log_distance_s02_w1,juelich,12345,2,2,log-distance,40,41,veh10,veh13,2,2,0,323.572,1,8.51326,7.55422,-76.8768,20.0995,2,0.018,0.023,0.0165625
juelich_pilot_d30_r2_log_distance_s02_w1,juelich,12345,2,2,log-distance,40,41,veh10,veh14,2,2,0,537.912,0,8.51326,5.05575,-81.2918,15.6845,2,0.018,0.018,0.0165625
juelich_pilot_d30_r2_log_distance_s02_w1,juelich,12345,2,2,log-distance,40,41,veh10,veh15,1,0,1,981.719,0,8.54632,0,nan,nan,0,0.018,0.012,0.0165625
juelich_pilot_d30_r2_log_distance_s02_w1,juelich,12345,2,2,log-distance,40,41,veh10,veh4,2,2,0,128.695,1,8.51326,0.831935,-68.8688,28.1074,2,0.018,0.02,0.0165625
juelich_pilot_d30_r2_log_distance_s02_w1,juelich,12345,2,2,log-distance,40,41,veh10,veh5,2,0,1,933.039,0,8.51326,7.46223,nan,nan,0,0.018,0.015,0.0165625
juelich_pilot_d30_r2_log_distance_s02_w1,juelich,12345,2,2,log-distance,40,41,veh10,veh6,2,2,0,28.614,1,8.51326,8.47993,-55.8093,41.167,2,0.018,0.018,0.0165625
juelich_pilot_d30_r2_log_distance_s02_w1,juelich,12345,2,2,log-distance,40,41,veh10,veh9,2,2,0,183.736,1,8.51326,0.830337,-71.9614,25.0149,2,0.018,0.018,0.0165625
juelich_pilot_d30_r2_log_distance_s02_w1,juelich,12345,2,2,log-distance,40,41,veh11,veh0,2,2,0,553.433,0,7.33194,13.4755,-81.539,15.4373,2,0.018,0.023,0.0165625
juelich_pilot_d30_r2_log_distance_s02_w1,juelich,12345,2,2,log-distance,40,41,veh11,veh1,2,2,0,38.798,1,7.33194,8.37046,-58.4537,38.5226,2,0.018,0.018,0.0165625
juelich_pilot_d30_r2_log_distance_s02_w1,juelich,12345,2,2,log-distance,40,41,veh11,veh10,2,2,0,230.727,1,7.33194,8.51326,-73.9396,23.0366,2,0.018,0.018,0.0165625
juelich_pilot_d30_r2_log_distance_s02_w1,juelich,12345,2,2,log-distance,40,41,veh11,veh12,2,0,1,606.403,0,7.33194,0,nan,nan,0,0.018,0.018,0.0165625
juelich_pilot_d30_r2_log_distance_s02_w1,juelich,12345,2,2,log-distance,40,41,veh11,veh13,2,2,0,428.915,1,7.33194,7.55422,-79.325,17.6513,2,0.018,0.023,0.0165625
juelich_pilot_d30_r2_log_distance_s02_w1,juelich,12345,2,2,log-distance,40,41,veh11,veh14,2,0,1,759.528,0,7.33194,5.05575,nan,nan,0,0.018,0.018,0.0165625
juelich_pilot_d30_r2_log_distance_s02_w1,juelich,12345,2,2,log-distance,40,41,veh11,veh4,2,2,0,232.35,1,7.33194,0.831935,-74.0003,22.9759,2,0.018,0.02,0.0165625
juelich_pilot_d30_r2_log_distance_s02_w1,juelich,12345,2,2,log-distance,40,41,veh11,veh5,2,0,1,929.906,0,7.33194,7.46223,nan,nan,0,0.018,0.015,0.0165625
juelich_pilot_d30_r2_log_distance_s02_w1,juelich,12345,2,2,log-distance,40,41,veh11,veh6,2,2,0,255.629,1,7.33194,8.47993,-74.8299,22.1464,2,0.018,0.018,0.0165625
juelich_pilot_d30_r2_log_distance_s02_w1,juelich,12345,2,2,log-distance,40,41,veh11,veh7,2,0,1,930.788,0,7.33194,11.2328,nan,nan,0,0.018,0.015,0.0165625
juelich_pilot_d30_r2_log_distance_s02_w1,juelich,12345,2,2,log-distance,40,41,veh11,veh8,2,0,1,979.232,0,7.33194,7.15834,nan,nan,0,0.018,0.013,0.0165625
juelich_pilot_d30_r2_log_distance_s02_w1,juelich,12345,2,2,log-distance,40,41,veh11,veh9,2,2,0,68.9357,1,7.33194,0.830337,-63.4435,33.5328,2,0.018,0.018,0.0165625
juelich_pilot_d30_r2_log_distance_s02_w1,juelich,12345,2,2,log-distance,40,41,veh12,veh0,2,0,1,470.926,1,0,13.4755,nan,nan,0,0.018,0.023,0.0165625
juelich_pilot_d30_r2_log_distance_s02_w1,juelich,12345,2,2,log-distance,40,41,veh12,veh1,2,0,1,641.591,0,0,8.37046,nan,nan,0,0.018,0.018,0.0165625
juelich_pilot_d30_r2_log_distance_s02_w1,juelich,12345,2,2,log-distance,40,41,veh12,veh10,2,0,1,378.055,1,0,8.51326,nan,nan,0,0.018,0.018,0.0165625
juelich_pilot_d30_r2_log_distance_s02_w1,juelich,12345,2,2,log-distance,40,41,veh12,veh11,2,0,1,606.403,0,0,7.33194,nan,nan,0,0.018,0.018,0.0165625
juelich_pilot_d30_r2_log_distance_s02_w1,juelich,12345,2,2,log-distance,40,41,veh12,veh13,2,0,1,402.503,1,0,7.55422,nan,nan,0,0.018,0.023,0.0165625
juelich_pilot_d30_r2_log_distance_s02_w1,juelich,12345,2,2,log-distance,40,41,veh12,veh14,2,2,0,174.312,1,0,5.05575,-71.504,8.57802,2,0.018,0.018,0.0165625
juelich_pilot_d30_r2_log_distance_s02_w1,juelich,12345,2,2,log-distance,40,41,veh12,veh15,1,0,1,982.973,0,0,0,nan,nan,0,0.018,0.012,0.0165625
juelich_pilot_d30_r2_log_distance_s02_w1,juelich,12345,2,2,log-distance,40,41,veh12,veh4,2,0,1,409.825,1,0,0.831935,nan,nan,0,0.018,0.02,0.0165625
juelich_pilot_d30_r2_log_distance_s02_w1,juelich,12345,2,2,log-distance,40,41,veh12,veh5,2,0,1,990.955,0,0,7.46223,nan,nan,0,0.018,0.015,0.0165625
juelich_pilot_d30_r2_log_distance_s02_w1,juelich,12345,2,2,log-distance,40,41,veh12,veh6,2,0,1,351.447,1,0,8.47993,nan,nan,0,0.018,0.018,0.0165625
juelich_pilot_d30_r2_log_distance_s02_w1,juelich,12345,2,2,log-distance,40,41,veh12,veh9,2,0,1,550.526,0,0,0.830337,nan,nan,0,0.018,0.018,0.0165625
juelich_pilot_d30_r2_log_distance_s02_w1,juelich,12345,2,2,log-distance,40,41,veh13,veh0,2,2,0,135.062,1,7.55422,13.4755,-69.2853,10.7625,2,0.023,0.023,0.0165625
juelich_pilot_d30_r2_log_distance_s02_w1,juelich,12345,2,2,log-distance,40,41,veh13,veh1,2,0,1,466.364,1,7.55422,8.37046,nan,nan,0,0.023,0.018,0.0165625
juelich_pilot_d30_r2_log_distance_s02_w1,juelich,12345,2,2,log-distance,40,41,veh13,veh10,2,0,1,323.572,1,7.55422,8.51326,nan,nan,0,0.023,0.018,0.0165625
juelich_pilot_d30_r2_log_distance_s02_w1,juelich,12345,2,2,log-distance,40,41,veh13,veh11,2,0,1,428.915,1,7.55422,7.33194,nan,nan,0,0.023,0.018,0.0165625
juelich_pilot_d30_r2_log_distance_s02_w1,juelich,12345,2,2,log-distance,40,41,veh13,veh12,2,0,1,402.503,1,7.55422,0,nan,nan,0,0.023,0.018,0.0165625
juelich_pilot_d30_r2_log_distance_s02_w1,juelich,12345,2,2,log-distance,40,41,veh13,veh14,2,0,1,472.832,1,7.55422,5.05575,nan,nan,0,0.023,0.018,0.0165625
juelich_pilot_d30_r2_log_distance_s02_w1,juelich,12345,2,2,log-distance,40,41,veh13,veh15,1,0,1,667.4,0,7.53143,0,nan,nan,0,0.023,0.012,0.0165625
juelich_pilot_d30_r2_log_distance_s02_w1,juelich,12345,2,2,log-distance,40,41,veh13,veh4,2,2,0,214.671,1,7.55422,0.831935,-73.313,5.54909,2,0.023,0.02,0.0165625
juelich_pilot_d30_r2_log_distance_s02_w1,juelich,12345,2,2,log-distance,40,41,veh13,veh5,2,0,1,633.055,0,7.55422,7.46223,nan,nan,0,0.023,0.015,0.0165625
juelich_pilot_d30_r2_log_distance_s02_w1,juelich,12345,2,2,log-distance,40,41,veh13,veh6,2,0,1,305.462,1,7.55422,8.47993,nan,nan,0,0.023,0.018,0.0165625
juelich_pilot_d30_r2_log_distance_s02_w1,juelich,12345,2,2,log-distance,40,41,veh13,veh7,2,0,1,792.885,0,7.55422,11.2328,nan,nan,0,0.023,0.015,0.0165625
juelich_pilot_d30_r2_log_distance_s02_w1,juelich,12345,2,2,log-distance,40,41,veh13,veh8,2,0,1,930.052,0,7.55422,7.15834,nan,nan,0,0.023,0.013,0.0165625
juelich_pilot_d30_r2_log_distance_s02_w1,juelich,12345,2,2,log-distance,40,41,veh13,veh9,2,0,1,360.699,1,7.55422,0.830337,nan,nan,0,0.023,0.018,0.0165625
juelich_pilot_d30_r2_log_distance_s02_w1,juelich,12345,2,2,log-distance,40,41,veh14,veh0,2,2,0,494.877,1,5.05575,13.4755,-80.5676,16.4087,2,0.018,0.023,0.0165625
juelich_pilot_d30_r2_log_distance_s02_w1,juelich,12345,2,2,log-distance,40,41,veh14,veh1,2,0,1,796.387,0,5.05575,8.37046,nan,nan,0,0.018,0.018,0.0165625
juelich_pilot_d30_r2_log_distance_s02_w1,juelich,12345,2,2,log-distance,40,41,veh14,veh10,2,2,0,537.912,0,5.05575,8.51326,-81.2918,15.6845,2,0.018,0.018,0.0165625
juelich_pilot_d30_r2_log_distance_s02_w1,juelich,12345,2,2,log-distance,40,41,veh14,veh11,2,0,1,759.528,0,5.05575,7.33194,nan,nan,0,0.018,0.018,0.0165625
juelich_pilot_d30_r2_log_distance_s02_w1,juelich,12345,2,2,log-distance,40,41,veh14,veh12,2,2,0,174.312,1,5.05575,0,-71.504,25.4723,2,0.018,0.018,0.0165625
juelich_pilot_d30_r2_log_distance_s02_w1,juelich,12345,2,2,log-distance,40,41,veh14,veh13,2,2,0,472.832,1,5.05575,7.55422,-80.1717,16.8045,2,0.018,0.023,0.0165625
juelich_pilot_d30_r2_log_distance_s02_w1,juelich,12345,2,2,log-distance,40,41,veh14,veh15,1,0,1,946.475,0,5.58799,0,nan,nan,0,0.018,0.012,0.0165625
juelich_pilot_d30_r2_log_distance_s02_w1,juelich,12345,2,2,log-distance,40,41,veh14,veh4,2,2,0,544.637,0,5.05575,0.831935,-81.3998,15.5765,2,0.018,0.02,0.0165625
juelich_pilot_d30_r2_log_distance_s02_w1,juelich,12345,2,2,log-distance,40,41,veh14,veh5,2,0,1,980.585,0,5.05575,7.46223,nan,nan,0,0.018,0.015,0.0165625
juelich_pilot_d30_r2_log_distance_s02_w1,juelich,12345,2,2,log-distance,40,41,veh14,veh6,2,2,0,509.951,0,5.05575,8.47993,-80.8281,16.1482,2,0.018,0.018,0.0165625
juelich_pilot_d30_r2_log_distance_s02_w1,juelich,12345,2,2,log-distance,40,41,veh14,veh9,2,0,1,698.723,0,5.05575,0.830337,nan,nan,0,0.018,0.018,0.0165625
juelich_pilot_d30_r2_log_distance_s02_w1,juelich,12345,2,2,log-distance,40,41,veh15,veh0,1,1,0,539.573,0,0,13.4968,-81.3187,15.6576,1,0.012,0.023,0.0165625
juelich_pilot_d30_r2_log_distance_s02_w1,juelich,12345,2,2,log-distance,40,41,veh15,veh10,1,0,1,981.719,0,0,8.54632,nan,nan,0,0.012,0.018,0.0165625
juelich_pilot_d30_r2_log_distance_s02_w1,juelich,12345,2,2,log-distance,40,41,veh15,veh12,1,0,1,982.973,0,0,0,nan,nan,0,0.012,0.018,0.0165625
juelich_pilot_d30_r2_log_distance_s02_w1,juelich,12345,2,2,log-distance,40,41,veh15,veh13,1,0,1,667.4,0,0,7.53143,nan,nan,0,0.012,0.023,0.0165625
juelich_pilot_d30_r2_log_distance_s02_w1,juelich,12345,2,2,log-distance,40,41,veh15,veh14,1,0,1,946.475,0,0,5.58799,nan,nan,0,0.012,0.018,0.0165625
juelich_pilot_d30_r2_log_distance_s02_w1,juelich,12345,2,2,log-distance,40,41,veh15,veh2,1,0,1,961.078,0,0,0,nan,nan,0,0.012,0.008,0.0165625
juelich_pilot_d30_r2_log_distance_s02_w1,juelich,12345,2,2,log-distance,40,41,veh15,veh3,1,0,1,854.73,0,0,12.6795,nan,nan,0,0.012,0.01,0.0165625
juelich_pilot_d30_r2_log_distance_s02_w1,juelich,12345,2,2,log-distance,40,41,veh15,veh4,1,0,1,859.775,0,0,1.41555,nan,nan,0,0.012,0.02,0.0165625
juelich_pilot_d30_r2_log_distance_s02_w1,juelich,12345,2,2,log-distance,40,41,veh15,veh5,1,1,0,152.412,1,0,7.45396,-70.3381,26.6382,1,0.012,0.015,0.0165625
juelich_pilot_d30_r2_log_distance_s02_w1,juelich,12345,2,2,log-distance,40,41,veh15,veh6,1,0,1,966.977,0,0,8.50056,nan,nan,0,0.012,0.018,0.0165625
juelich_pilot_d30_r2_log_distance_s02_w1,juelich,12345,2,2,log-distance,40,41,veh15,veh7,1,1,0,506.249,0,0,11.2242,-80.765,16.2113,1,0.012,0.015,0.0165625
juelich_pilot_d30_r2_log_distance_s02_w1,juelich,12345,2,2,log-distance,40,41,veh15,veh8,1,0,1,722.892,0,0,7.18673,nan,nan,0,0.012,0.013,0.0165625
juelich_pilot_d30_r2_log_distance_s02_w1,juelich,12345,2,2,log-distance,40,41,veh15,veh9,1,0,1,957.134,0,0,1.41011,nan,nan,0,0.012,0.018,0.0165625
juelich_pilot_d30_r2_log_distance_s02_w1,juelich,12345,2,2,log-distance,40,41,veh2,veh15,1,0,1,961.078,0,0,0,nan,nan,0,0.008,0.012,0.0165625
juelich_pilot_d30_r2_log_distance_s02_w1,juelich,12345,2,2,log-distance,40,41,veh2,veh3,2,2,0,104.623,1,0,12.7097,-67.0663,22.9229,2,0.008,0.01,0.0165625
juelich_pilot_d30_r2_log_distance_s02_w1,juelich,12345,2,2,log-distance,40,41,veh2,veh5,2,0,1,838.016,0,0,7.46223,nan,nan,0,0.008,0.015,0.0165625
juelich_pilot_d30_r2_log_distance_s02_w1,juelich,12345,2,2,log-distance,40,41,veh2,veh7,2,2,0,512.652,0,0,11.2328,-80.874,7.01233,2,0.008,0.015,0.0165625
juelich_pilot_d30_r2_log_distance_s02_w1,juelich,12345,2,2,log-distance,40,41,veh2,veh8,2,2,0,369.717,1,0,7.15834,-78.0351,10.7675,2,0.008,0.013,0.0165625
juelich_pilot_d30_r2_log_distance_s02_w1,juelich,12345,2,2,log-distance,40,41,veh3,veh15,1,0,1,854.73,0,12.6795,0,nan,nan,0,0.01,0.012,0.0165625
juelich_pilot_d30_r2_log_distance_s02_w1,juelich,12345,2,2,log-distance,40,41,veh3,veh2,2,2,0,104.623,1,12.7097,0,-67.0663,29.91,2,0.01,0.008,0.0165625
juelich_pilot_d30_r2_log_distance_s02_w1,juelich,12345,2,2,log-distance,40,41,veh3,veh5,2,0,1,733.585,0,12.7097,7.46223,nan,nan,0,0.01,0.015,0.0165625
juelich_pilot_d30_r2_log_distance_s02_w1,juelich,12345,2,2,log-distance,40,41,veh3,veh7,2,2,0,410.292,1,12.7097,11.2328,-78.9395,18.0367,2,0.01,0.015,0.0165625
juelich_pilot_d30_r2_log_distance_s02_w1,juelich,12345,2,2,log-distance,40,41,veh3,veh8,2,2,0,286.195,1,12.7097,7.15834,-75.8108,21.1655,2,0.01,0.013,0.0165625
juelich_pilot_d30_r2_log_distance_s02_w1,juelich,12345,2,2,log-distance,40,41,veh4,veh0,2,2,0,348.704,1,0.831935,13.4755,-77.5266,19.4496,2,0.02,0.023,0.0165625
juelich_pilot_d30_r2_log_distance_s02_w1,juelich,12345,2,2,log-distance,40,41,veh4,veh1,2,2,0,271.148,1,0.831935,8.37046,-75.3416,21.6347,2,0.02,0.018,0.0165625
juelich_pilot_d30_r2_log_distance_s02_w1,juelich,12345,2,2,log-distance,40,41,veh4,veh10,2,2,0,128.695,1,0.831935,8.51326,-68.8688,28.1074,2,0.02,0.018,0.0165625
juelich_pilot_d30_r2_log_distance_s02_w1,juelich,12345,2,2,log-distance,40,41,veh4,veh11,2,2,0,232.35,1,0.831935,7.33194,-74.0003,22.9759,2,0.02,0.018,0.0165625
juelich_pilot_d30_r2_log_distance_s02_w1,juelich,12345,2,2,log-distance,40,41,veh4,veh12,2,2,0,409.825,1,0.831935,0,-78.9297,18.0466,2,0.02,0.018,0.0165625
juelich_pilot_d30_r2_log_distance_s02_w1,juelich,12345,2,2,log-distance,40,41,veh4,veh13,2,2,0,214.671,1,0.831935,7.55422,-73.313,23.6633,2,0.02,0.023,0.0165625
juelich_pilot_d30_r2_log_distance_s02_w1,juelich,12345,2,2,log-distance,40,41,veh4,veh14,2,2,0,544.637,0,0.831935,5.05575,-81.3998,15.5765,2,0.02,0.018,0.0165625
juelich_pilot_d30_r2_log_distance_s02_w1,juelich,12345,2,2,log-distance,40,41,veh4,veh15,1,0,1,859.775,0,1.41555,0,nan,nan,0,0.02,0.012,0.0165625
juelich_pilot_d30_r2_log_distance_s02_w1,juelich,12345,2,2,log-distance,40,41,veh4,veh5,2,0,1,805.646,0,0.831935,7.46223,nan,nan,0,0.02,0.015,0.0165625
juelich_pilot_d30_r2_log_distance_s02_w1,juelich,12345,2,2,log-distance,40,41,veh4,veh6,2,2,0,124.013,1,0.831935,8.47993,-68.5471,28.4292,2,0.02,0.018,0.0165625
juelich_pilot_d30_r2_log_distance_s02_w1,juelich,12345,2,2,log-distance,40,41,veh4,veh7,2,0,1,894.374,0,0.831935,11.2328,nan,nan,0,0.02,0.015,0.0165625
juelich_pilot_d30_r2_log_distance_s02_w1,juelich,12345,2,2,log-distance,40,41,veh4,veh8,2,0,1,992.091,0,0.831935,7.15834,nan,nan,0,0.02,0.013,0.0165625
juelich_pilot_d30_r2_log_distance_s02_w1,juelich,12345,2,2,log-distance,40,41,veh4,veh9,2,2,0,164.394,1,0.831935,0.830337,-70.9954,25.9809,2,0.02,0.018,0.0165625
juelich_pilot_d30_r2_log_distance_s02_w1,juelich,12345,2,2,log-distance,40,41,veh5,veh0,2,2,0,524.839,0,7.46223,13.4755,-81.0782,15.8981,2,0.015,0.023,0.0165625
juelich_pilot_d30_r2_log_distance_s02_w1,juelich,12345,2,2,log-distance,40,41,veh5,veh1,2,0,1,954.544,0,7.46223,8.37046,nan,nan,0,0.015,0.018,0.0165625
juelich_pilot_d30_r2_log_distance_s02_w1,juelich,12345,2,2,log-distance,40,41,veh5,veh10,2,0,1,933.039,0,7.46223,8.51326,nan,nan,0,0.015,0.018,0.0165625
juelich_pilot_d30_r2_log_distance_s02_w1,juelich,12345,2,2,log-distance,40,41,veh5,veh11,2,0,1,929.906,0,7.46223,7.33194,nan,nan,0,0.015,0.018,0.0165625
juelich_pilot_d30_r2_log_distance_s02_w1,juelich,12345,2,2,log-distance,40,41,veh5,veh12,2,0,1,990.955,0,7.46223,0,nan,nan,0,0.015,0.018,0.0165625
juelich_pilot_d30_r2_log_distance_s02_w1,juelich,12345,2,2,log-distance,40,41,veh5,veh13,2,0,1,633.055,0,7.46223,7.55422,nan,nan,0,0.015,0.023,0.0165625
juelich_pilot_d30_r2_log_distance_s02_w1,juelich,12345,2,2,log-distance,40,41,veh5,veh14,2,0,1,980.585,0,7.46223,5.05575,nan,nan,0,0.015,0.018,0.0165625
juelich_pilot_d30_r2_log_distance_s02_w1,juelich,12345,2,2,log-distance,40,41,veh5,veh15,1,1,0,152.412,1,7.45396,0,-70.3381,26.6382,1,0.015,0.012,0.0165625
juelich_pilot_d30_r2_log_distance_s02_w1,juelich,12345,2,2,log-distance,40,41,veh5,veh2,2,0,1,838.016,0,7.46223,0,nan,nan,0,0.015,0.008,0.0165625
juelich_pilot_d30_r2_log_distance_s02_w1,juelich,12345,2,2,log-distance,40,41,veh5,veh3,2,0,1,733.585,0,7.46223,12.7097,nan,nan,0,0.015,0.01,0.0165625
juelich_pilot_d30_r2_log_distance_s02_w1,juelich,12345,2,2,log-distance,40,41,veh5,veh4,2,0,1,805.646,0,7.46223,0.831935,nan,nan,0,0.015,0.02,0.0165625
juelich_pilot_d30_r2_log_distance_s02_w1,juelich,12345,2,2,log-distance,40,41,veh5,veh6,2,0,1,922.082,0,7.46223,8.47993,nan,nan,0,0.015,0.018,0.0165625
juelich_pilot_d30_r2_log_distance_s02_w1,juelich,12345,2,2,log-distance,40,41,veh5,veh7,2,2,0,362.042,1,7.46223,11.2328,-77.8526,19.1237,2,0.015,0.015,0.0165625
juelich_pilot_d30_r2_log_distance_s02_w1,juelich,12345,2,2,log-distance,40,41,veh5,veh8,2,2,0,576.022,0,7.46223,7.15834,-81.8865,15.0898,2,0.015,0.013,0.0165625
juelich_pilot_d30_r2_log_distance_s02_w1,juelich,12345,2,2,log-distance,40,41,veh5,veh9,2,0,1,880.98,0,7.46223,0.830337,nan,nan,0,0.015,0.018,0.0165625
juelich_pilot_d30_r2_log_distance_s02_w1,juelich,12345,2,2,log-distance,40,41,veh6,veh0,2,2,0,439.106,1,8.47993,13.4755,-79.5291,17.4472,2,0.018,0.023,0.0165625
juelich_pilot_d30_r2_log_distance_s02_w1,juelich,12345,2,2,log-distance,40,41,veh6,veh1,2,2,0,290.22,1,8.47993,8.37046,-75.9322,21.044,2,0.018,0.018,0.0165625
juelich_pilot_d30_r2_log_distance_s02_w1,juelich,12345,2,2,log-distance,40,41,veh6,veh10,2,2,0,28.614,1,8.47993,8.51326,-55.8093,41.167,2,0.018,0.018,0.0165625
juelich_pilot_d30_r2_log_distance_s02_w1,juelich,12345,2,2,log-distance,40,41,veh6,veh11,2,2,0,255.629,1,8.47993,7.33194,-74.8299,22.1464,2,0.018,0.018,0.0165625
juelich_pilot_d30_r2_log_distance_s02_w1,juelich,12345,2,2,log-distance,40,41,veh6,veh12,2,2,0,351.447,1,8.47993,0,-77.5948,19.3815,2,0.018,0.018,0.0165625
juelich_pilot_d30_r2_log_distance_s02_w1,juelich,12345,2,2,log-distance,40,41,veh6,veh13,2,2,0,305.462,1,8.47993,7.55422,-76.3765,20.5998,2,0.018,0.023,0.0165625
juelich_pilot_d30_r2_log_distance_s02_w1,juelich,12345,2,2,log-distance,40,41,veh6,veh14,2,2,0,509.951,0,8.47993,5.05575,-80.8281,16.1482,2,0.018,0.018,0.0165625
juelich_pilot_d30_r2_log_distance_s02_w1,juelich,12345,2,2,log-distance,40,41,veh6,veh15,1,0,1,966.977,0,8.50056,0,nan,nan,0,0.018,0.012,0.0165625
juelich_pilot_d30_r2_log_distance_s02_w1,juelich,12345,2,2,log-distance,40,41,veh6,veh4,2,2,0,124.013,1,8.47993,0.831935,-68.5471,28.4292,2,0.018,0.02,0.0165625
juelich_pilot_d30_r2_log_distance_s02_w1,juelich,12345,2,2,log-distance,40,41,veh6,veh5,2,0,1,922.082,0,8.47993,7.46223,nan,nan,0,0.018,0.015,0.0165625
juelich_pilot_d30_r2_log_distance_s02_w1,juelich,12345,2,2,log-distance,40,41,veh6,veh9,2,2,0,204.879,1,8.47993,0.830337,-72.9074,24.0689,2,0.018,0.018,0.0165625
juelich_pilot_d30_r2_log_distance_s02_w1,juelich,12345,2,2,log-distance,40,41,veh7,veh0,2,0,1,733.443,0,11.2328,13.4755,nan,nan,0,0.015,0.023,0.0165625
juelich_pilot_d30_r2_log_distance_s02_w1,juelich,12345,2,2,log-distance,40,41,veh7,veh1,2,0,1,942.263,0,11.2328,8.37046,nan,nan,0,0.015,0.018,0.0165625
juelich_pilot_d30_r2_log_distance_s02_w1,juelich,12345,2,2,log-distance,40,41,veh7,veh11,2,0,1,930.788,0,11.2328,7.33194,nan,nan,0,0.015,0.018,0.0165625
juelich_pilot_d30_r2_log_distance_s02_w1,juelich,12345,2,2,log-distance,40,41,veh7,veh13,2,0,1,792.885,0,11.2328,7.55422,nan,nan,0,0.015,0.023,0.0165625
juelich_pilot_d30_r2_log_distance_s02_w1,juelich,12345,2,2,log-distance,40,41,veh7,veh15,1,1,0,506.249,0,11.2242,0,-80.765,16.2113,1,0.015,0.012,0.0165625
juelich_pilot_d30_r2_log_distance_s02_w1,juelich,12345,2,2,log-distance,40,41,veh7,veh2,2,2,0,512.652,0,11.2328,0,-80.874,16.1022,2,0.015,0.008,0.0165625
juelich_pilot_d30_r2_log_distance_s02_w1,juelich,12345,2,2,log-distance,40,41,veh7,veh3,2,2,0,410.292,1,11.2328,12.7097,-78.9395,18.0367,2,0.015,0.01,0.0165625
juelich_pilot_d30_r2_log_distance_s02_w1,juelich,12345,2,2,log-distance,40,41,veh7,veh4,2,0,1,894.374,0,11.2328,0.831935,nan,nan,0,0.015,0.02,0.0165625
juelich_pilot_d30_r2_log_distance_s02_w1,juelich,12345,2,2,log-distance,40,41,veh7,veh5,2,2,0,362.042,1,11.2328,7.46223,-77.8526,19.1237,2,0.015,0.015,0.0165625
juelich_pilot_d30_r2_log_distance_s02_w1,juelich,12345,2,2,log-distance,40,41,veh7,veh8,2,2,0,214.432,1,11.2328,7.15834,-73.303,23.6733,2,0.015,0.013,0.0165625
juelich_pilot_d30_r2_log_distance_s02_w1,juelich,12345,2,2,log-distance,40,41,veh7,veh9,2,0,1,904.618,0,11.2328,0.830337,nan,nan,0,0.015,0.018,0.0165625
juelich_pilot_d30_r2_log_distance_s02_w1,juelich,12345,2,2,log-distance,40,41,veh8,veh0,2,0,1,893.918,0,7.15834,13.4755,nan,nan,0,0.013,0.023,0.0165625
juelich_pilot_d30_r2_log_distance_s02_w1,juelich,12345,2,2,log-distance,40,41,veh8,veh1,2,0,1,982.368,0,7.15834,8.37046,nan,nan,0,0.013,0.018,0.0165625
juelich_pilot_d30_r2_log_distance_s02_w1,juelich,12345,2,2,log-distance,40,41,veh8,veh11,2,0,1,979.232,0,7.15834,7.33194,nan,nan,0,0.013,0.018,0.0165625
juelich_pilot_d30_r2_log_distance_s02_w1,juelich,12345,2,2,log-distance,40,41,veh8,veh13,2,0,1,930.052,0,7.15834,7.55422,nan,nan,0,0.013,0.023,0.0165625
juelich_pilot_d30_r2_log_distance_s02_w1,juelich,12345,2,2,log-distance,40,41,veh8,veh15,1,0,1,722.892,0,7.18673,0,nan,nan,0,0.013,0.012,0.0165625
juelich_pilot_d30_r2_log_distance_s02_w1,juelich,12345,2,2,log-distance,40,41,veh8,veh2,2,2,0,369.717,1,7.15834,0,-78.0351,18.9412,2,0.013,0.008,0.0165625
juelich_pilot_d30_r2_log_distance_s02_w1,juelich,12345,2,2,log-distance,40,41,veh8,veh3,2,2,0,286.195,1,7.15834,12.7097,-75.8108,21.1655,2,0.013,0.01,0.0165625
juelich_pilot_d30_r2_log_distance_s02_w1,juelich,12345,2,2,log-distance,40,41,veh8,veh4,2,0,1,992.091,0,7.15834,0.831935,nan,nan,0,0.013,0.02,0.0165625
juelich_pilot_d30_r2_log_distance_s02_w1,juelich,12345,2,2,log-distance,40,41,veh8,veh5,2,2,0,576.022,0,7.15834,7.46223,-81.8865,15.0898,2,0.013,0.015,0.0165625
juelich_pilot_d30_r2_log_distance_s02_w1,juelich,12345,2,2,log-distance,40,41,veh8,veh7,2,2,0,214.432,1,7.15834,11.2328,-73.303,23.6733,2,0.013,0.015,0.0165625
juelich_pilot_d30_r2_log_distance_s02_w1,juelich,12345,2,2,log-distance,40,41,veh8,veh9,2,0,1,967.575,0,7.15834,0.830337,nan,nan,0,0.013,0.018,0.0165625
juelich_pilot_d30_r2_log_distance_s02_w1,juelich,12345,2,2,log-distance,40,41,veh9,veh0,2,2,0,486.748,1,0.830337,13.4755,-80.4236,16.5527,2,0.018,0.023,0.0165625
juelich_pilot_d30_r2_log_distance_s02_w1,juelich,12345,2,2,log-distance,40,41,veh9,veh1,2,2,0,107.478,1,0.830337,8.37046,-67.3025,29.6738,2,0.018,0.018,0.0165625
juelich_pilot_d30_r2_log_distance_s02_w1,juelich,12345,2,2,log-distance,40,41,veh9,veh10,2,2,0,183.736,1,0.830337,8.51326,-71.9614,25.0149,2,0.018,0.018,0.0165625
juelich_pilot_d30_r2_log_distance_s02_w1,juelich,12345,2,2,log-distance,40,41,veh9,veh11,2,2,0,68.9357,1,0.830337,7.33194,-63.4435,33.5328,2,0.018,0.018,0.0165625
juelich_pilot_d30_r2_log_distance_s02_w1,juelich,12345,2,2,log-distance,40,41,veh9,veh12,2,2,0,550.526,0,0.830337,0,-81.4933,15.483,2,0.018,0.018,0.0165625
juelich_pilot_d30_r2_log_distance_s02_w1,juelich,12345,2,2,log-distance,40,41,veh9,veh13,2,2,0,360.699,1,0.830337,7.55422,-77.8206,19.1557,2,0.018,0.023,0.0165625
juelich_pilot_d30_r2_log_distance_s02_w1,juelich,12345,2,2,log-distance,40,41,veh9,veh14,2,0,1,698.723,0,0.830337,5.05575,nan,nan,0,0.018,0.018,0.0165625
juelich_pilot_d30_r2_log_distance_s02_w1,juelich,12345,2,2,log-distance,40,41,veh9,veh15,1,0,1,957.134,0,1.41011,0,nan,nan,0,0.018,0.012,0.0165625
juelich_pilot_d30_r2_log_distance_s02_w1,juelich,12345,2,2,log-distance,40,41,veh9,veh4,2,2,0,164.394,1,0.830337,0.831935,-70.9954,25.9809,2,0.018,0.02,0.0165625
juelich_pilot_d30_r2_log_distance_s02_w1,juelich,12345,2,2,log-distance,40,41,veh9,veh5,2,0,1,880.98,0,0.830337,7.46223,nan,nan,0,0.018,0.015,0.0165625
juelich_pilot_d30_r2_log_distance_s02_w1,juelich,12345,2,2,log-distance,40,41,veh9,veh6,2,2,0,204.879,1,0.830337,8.47993,-72.9074,24.0689,2,0.018,0.018,0.0165625
juelich_pilot_d30_r2_log_distance_s02_w1,juelich,12345,2,2,log-distance,40,41,veh9,veh7,2,0,1,904.618,0,0.830337,11.2328,nan,nan,0,0.018,0.015,0.0165625
juelich_pilot_d30_r2_log_distance_s02_w1,juelich,12345,2,2,log-distance,40,41,veh9,veh8,2,0,1,967.575,0,0.830337,7.15834,nan,nan,0,0.018,0.013,0.0165625
juelich_pilot_d30_r2_log_distance_s02_w1,juelich,12345,2,2,log-distance,41,42,veh0,veh1,2,0,1,594.16,0,13.4568,8.33647,nan,nan,0,0.024,0.018,0.016875
juelich_pilot_d30_r2_log_distance_s02_w1,juelich,12345,2,2,log-distance,41,42,veh0,veh10,2,2,0,461.187,1,13.4568,8.48249,-79.9552,17.0211,2,0.024,0.018,0.016875
juelich_pilot_d30_r2_log_distance_s02_w1,juelich,12345,2,2,log-distance,41,42,veh0,veh11,2,2,0,558.846,0,13.4568,7.38299,-81.6235,15.3528,2,0.024,0.018,0.016875
juelich_pilot_d30_r2_log_distance_s02_w1,juelich,12345,2,2,log-distance,41,42,veh0,veh12,2,2,0,469.817,1,13.4568,0.91,-80.1163,16.86,2,0.024,0.018,0.016875
juelich_pilot_d30_r2_log_distance_s02_w1,juelich,12345,2,2,log-distance,41,42,veh0,veh13,2,2,0,149.722,1,13.4568,7.57309,-70.1807,26.7956,2,0.024,0.024,0.016875
juelich_pilot_d30_r2_log_distance_s02_w1,juelich,12345,2,2,log-distance,41,42,veh0,veh14,2,2,0,487.676,1,13.4568,6.87528,-80.4403,16.536,2,0.024,0.018,0.016875
juelich_pilot_d30_r2_log_distance_s02_w1,juelich,12345,2,2,log-distance,41,42,veh0,veh15,2,2,0,535.423,0,13.4568,1.67628,-81.2516,15.7247,2,0.024,0.012,0.016875
juelich_pilot_d30_r2_log_distance_s02_w1,juelich,12345,2,2,log-distance,41,42,veh0,veh4,2,2,0,357.591,1,13.4568,2.90802,-77.7453,19.231,2,0.024,0.02,0.016875
juelich_pilot_d30_r2_log_distance_s02_w1,juelich,12345,2,2,log-distance,41,42,veh0,veh5,2,2,0,522.99,0,13.4568,7.45052,-81.0476,15.9287,2,0.024,0.016,0.016875
juelich_pilot_d30_r2_log_distance_s02_w1,juelich,12345,2,2,log-distance,41,42,veh0,veh6,2,2,0,442.109,1,13.4568,7.72312,-79.5883,17.388,2,0.024,0.018,0.016875
juelich_pilot_d30_r2_log_distance_s02_w1,juelich,12345,2,2,log-distance,41,42,veh0,veh7,2,0,1,728.404,0,13.4568,11.2012,nan,nan,0,0.024,0.016,0.016875
juelich_pilot_d30_r2_log_distance_s02_w1,juelich,12345,2,2,log-distance,41,42,veh0,veh8,2,0,1,901.916,0,13.4568,7.08132,nan,nan,0,0.024,0.014,0.016875
juelich_pilot_d30_r2_log_distance_s02_w1,juelich,12345,2,2,log-distance,41,42,veh0,veh9,2,2,0,499.493,1,13.4568,3.30647,-80.6481,16.3282,2,0.024,0.018,0.016875
juelich_pilot_d30_r2_log_distance_s02_w1,juelich,12345,2,2,log-distance,41,42,veh1,veh0,2,0,1,594.16,0,8.33647,13.4568,nan,nan,0,0.018,0.024,0.016875
juelich_pilot_d30_r2_log_distance_s02_w1,juelich,12345,2,2,log-distance,41,42,veh1,veh10,2,2,0,264.626,1,8.33647,8.48249,-75.1303,21.8459,2,0.018,0.018,0.016875
juelich_pilot_d30_r2_log_distance_s02_w1,juelich,12345,2,2,log-distance,41,42,veh1,veh11,2,2,0,37.8241,1,8.33647,7.38299,-58.2329,38.7434,2,0.018,0.018,0.016875
juelich_pilot_d30_r2_log_distance_s02_w1,juelich,12345,2,2,log-distance,41,42,veh1,veh12,2,0,1,634.175,0,8.33647,0.91,nan,nan,0,0.018,0.018,0.016875
juelich_pilot_d30_r2_log_distance_s02_w1,juelich,12345,2,2,log-distance,41,42,veh1,veh13,2,2,0,456.457,1,8.33647,7.57309,-79.8656,17.1107,2,0.018,0.024,0.016875
juelich_pilot_d30_r2_log_distance_s02_w1,juelich,12345,2,2,log-distance,41,42,veh1,veh14,2,0,1,783.175,0,8.33647,6.87528,nan,nan,0,0.018,0.018,0.016875
juelich_pilot_d30_r2_log_distance_s02_w1,juelich,12345,2,2,log-distance,41,42,veh1,veh4,2,2,0,264.81,1,8.33647,2.90802,-75.1363,21.84,2,0.018,0.02,0.016875
juelich_pilot_d30_r2_log_distance_s02_w1,juelich,12345,2,2,log-distance,41,42,veh1,veh5,2,0,1,944.211,0,8.33647,7.45052,nan,nan,0,0.018,0.016,0.016875
juelich_pilot_d30_r2_log_distance_s02_w1,juelich,12345,2,2,log-distance,41,42,veh1,veh6,2,2,0,290.282,1,8.33647,7.72312,-75.9341,21.0422,2,0.018,0.018,0.016875
juelich_pilot_d30_r2_log_distance_s02_w1,juelich,12345,2,2,log-distance,41,42,veh1,veh7,2,0,1,929.054,0,8.33647,11.2012,nan,nan,0,0.018,0.016,0.016875
juelich_pilot_d30_r2_log_distance_s02_w1,juelich,12345,2,2,log-distance,41,42,veh1,veh8,2,0,1,977.803,0,8.33647,7.08132,nan,nan,0,0.018,0.014,0.016875
juelich_pilot_d30_r2_log_distance_s02_w1,juelich,12345,2,2,log-distance,41,42,veh1,veh9,2,2,0,99.1869,1,8.33647,3.30647,-66.605,30.3713,2,0.018,0.018,0.016875
juelich_pilot_d30_r2_log_distance_s02_w1,juelich,12345,2,2,log-distance,41,42,veh10,veh0,2,2,0,461.187,1,8.48249,13.4568,-79.9552,17.0211,2,0.018,0.024,0.016875
juelich_pilot_d30_r2_log_distance_s02_w1,juelich,12345,2,2,log-distance,41,42,veh10,veh1,2,2,0,264.626,1,8.48249,8.33647,-75.1303,21.8459,2,0.018,0.018,0.016875
juelich_pilot_d30_r2_log_distance_s02_w1,juelich,12345,2,2,log-distance,41,42,veh10,veh11,2,2,0,231.8,1,8.48249,7.38299,-73.98,22.9963,2,0.018,0.018,0.016875
juelich_pilot_d30_r2_log_distance_s02_w1,juelich,12345,2,2,log-distance,41,42,veh10,veh12,2,2,0,370.251,1,8.48249,0.91,-78.0475,18.9288,2,0.018,0.018,0.016875
juelich_pilot_d30_r2_log_distance_s02_w1,juelich,12345,2,2,log-distance,41,42,veh10,veh13,2,2,0,312.362,1,8.48249,7.57309,-76.5705,20.4058,2,0.018,0.024,0.016875
juelich_pilot_d30_r2_log_distance_s02_w1,juelich,12345,2,2,log-distance,41,42,veh10,veh14,2,2,0,524.044,0,8.48249,6.87528,-81.0648,15.9114,2,0.018,0.018,0.016875
juelich_pilot_d30_r2_log_distance_s02_w1,juelich,12345,2,2,log-distance,41,42,veh10,veh15,2,0,1,977.759,0,8.48249,1.67628,nan,nan,0,0.018,0.012,0.016875
juelich_pilot_d30_r2_log_distance_s02_w1,juelich,12345,2,2,log-distance,41,42,veh10,veh4,2,2,0,127.152,1,8.48249,2.90802,-68.7641,28.2121,2,0.018,0.02,0.016875
juelich_pilot_d30_r2_log_distance_s02_w1,juelich,12345,2,2,log-distance,41,42,veh10,veh5,2,0,1,926.464,0,8.48249,7.45052,nan,nan,0,0.018,0.016,0.016875
juelich_pilot_d30_r2_log_distance_s02_w1,juelich,12345,2,2,log-distance,41,42,veh10,veh6,2,2,0,28.417,1,8.48249,7.72312,-55.7491,41.2272,2,0.018,0.018,0.016875
juelich_pilot_d30_r2_log_distance_s02_w1,juelich,12345,2,2,log-distance,41,42,veh10,veh9,2,2,0,188.204,1,8.48249,3.30647,-72.1702,24.8061,2,0.018,0.018,0.016875
juelich_pilot_d30_r2_log_distance_s02_w1,juelich,12345,2,2,log-distance,41,42,veh11,veh0,2,2,0,558.846,0,7.38299,13.4568,-81.6235,15.3528,2,0.018,0.024,0.016875
juelich_pilot_d30_r2_log_distance_s02_w1,juelich,12345,2,2,log-distance,41,42,veh11,veh1,2,2,0,37.8241,1,7.38299,8.33647,-58.2329,38.7434,2,0.018,0.018,0.016875
juelich_pilot_d30_r2_log_distance_s02_w1,juelich,12345,2,2,log-distance,41,42,veh11,veh10,2,2,0,231.8,1,7.38299,8.48249,-73.98,22.9963,2,0.018,0.018,0.016875
juelich_pilot_d30_r2_log_distance_s02_w1,juelich,12345,2,2,log-distance,41,42,veh11,veh12,2,0,1,599.961,0,7.38299,0.91,nan,nan,0,0.018,0.018,0.016875
juelich_pilot_d30_r2_log_distance_s02_w1,juelich,12345,2,2,log-distance,41,42,veh11,veh13,2,2,0,419.831,1,7.38299,7.57309,-79.1391,17.8372,2,0.018,0.024,0.016875
juelich_pilot_d30_r2_log_distance_s02_w1,juelich,12345,2,2,log-distance,41,42,veh11,veh14,2,0,1,747.326,0,7.38299,6.87528,nan,nan,0,0.018,0.018,0.016875
juelich_pilot_d30_r2_log_distance_s02_w1,juelich,12345,2,2,log-distance,41,42,veh11,veh4,2,2,0,226.986,1,7.38299,2.90802,-73.7976,23.1787,2,0.018,0.02,0.016875
juelich_pilot_d30_r2_log_distance_s02_w1,juelich,12345,2,2,log-distance,41,42,veh11,veh5,2,0,1,920.557,0,7.38299,7.45052,nan,nan,0,0.018,0.016,0.016875
juelich_pilot_d30_r2_log_distance_s02_w1,juelich,12345,2,2,log-distance,41,42,veh11,veh6,2,2,0,256.552,1,7.38299,7.72312,-74.8612,22.1151,2,0.018,0.018,0.016875
juelich_pilot_d30_r2_log_distance_s02_w1,juelich,12345,2,2,log-distance,41,42,veh11,veh7,2,0,1,918.03,0,7.38299,11.2012,nan,nan,0,0.018,0.016,0.016875
juelich_pilot_d30_r2_log_distance_s02_w1,juelich,12345,2,2,log-distance,41,42,veh11,veh8,2,0,1,975.283,0,7.38299,7.08132,nan,nan,0,0.018,0.014,0.016875
juelich_pilot_d30_r2_log_distance_s02_w1,juelich,12345,2,2,log-distance,41,42,veh11,veh9,2,2,0,61.5481,1,7.38299,3.30647,-62.4582,34.5181,2,0.018,0.018,0.016875
juelich_pilot_d30_r2_log_distance_s02_w1,juelich,12345,2,2,log-distance,41,42,veh12,veh0,2,0,1,469.817,1,0.91,13.4568,nan,nan,0,0.018,0.024,0.016875
juelich_pilot_d30_r2_log_distance_s02_w1,juelich,12345,2,2,log-distance,41,42,veh12,veh1,2,0,1,634.175,0,0.91,8.33647,nan,nan,0,0.018,0.018,0.016875
juelich_pilot_d30_r2_log_distance_s02_w1,juelich,12345,2,2,log-distance,41,42,veh12,veh10,2,0,1,370.251,1,0.91,8.48249,nan,nan,0,0.018,0.018,0.016875
juelich_pilot_d30_r2_log_distance_s02_w1,juelich,12345,2,2,log-distance,41,42,veh12,veh11,2,0,1,599.961,0,0.91,7.38299,nan,nan,0,0.018,0.018,0.016875
juelich_pilot_d30_r2_log_distance_s02_w1,juelich,12345,2,2,log-distance,41,42,veh12,veh13,2,0,1,395.663,1,0.91,7.57309,nan,nan,0,0.018,0.024,0.016875
juelich_pilot_d30_r2_log_distance_s02_w1,juelich,12345,2,2,log-distance,41,42,veh12,veh14,2,2,0,168.215,1,0.91,6.87528,-71.1945,8.72977,2,0.018,0.018,0.016875
juelich_pilot_d30_r2_log_distance_s02_w1,juelich,12345,2,2,log-distance,41,42,veh12,veh15,2,0,1,982.478,0,0.91,1.67628,nan,nan,0,0.018,0.012,0.016875
juelich_pilot_d30_r2_log_distance_s02_w1,juelich,12345,2,2,log-distance,41,42,veh12,veh4,2,0,1,408.565,1,0.91,2.90802,nan,nan,0,0.018,0.02,0.016875
juelich_pilot_d30_r2_log_distance_s02_w1,juelich,12345,2,2,log-distance,41,42,veh12,veh5,2,0,1,990.739,0,0.91,7.45052,nan,nan,0,0.018,0.016,0.016875
juelich_pilot_d30_r2_log_distance_s02_w1,juelich,12345,2,2,log-distance,41,42,veh12,veh6,2,0,1,343.928,1,0.91,7.72312,nan,nan,0,0.018,0.018,0.016875
juelich_pilot_d30_r2_log_distance_s02_w1,juelich,12345,2,2,log-distance,41,42,veh12,veh9,2,0,1,549.491,0,0.91,3.30647,nan,nan,0,0.018,0.018,0.016875
juelich_pilot_d30_r2_log_distance_s02_w1,juelich,12345,2,2,log-distance,41,42,veh13,veh0,2,2,0,149.722,1,7.57309,13.4568,-70.1807,9.84696,2,0.024,0.024,0.016875
juelich_pilot_d30_r2_log_distance_s02_w1,juelich,12345,2,2,log-distance,41,42,veh13,veh1,2,0,1,456.457,1,7.57309,8.33647,nan,nan,0,0.024,0.018,0.016875
juelich_pilot_d30_r2_log_distance_s02_w1,juelich,12345,2,2,log-distance,41,42,veh13,veh10,2,0,1,312.362,1,7.57309,8.48249,nan,nan,0,0.024,0.018,0.016875
juelich_pilot_d30_r2_log_distance_s02_w1,juelich,12345,2,2,log-distance,41,42,veh13,veh11,2,0,1,419.831,1,7.57309,7.38299,nan,nan,0,0.024,0.018,0.016875
juelich_pilot_d30_r2_log_distance_s02_w1,juelich,12345,2,2,log-distance,41,42,veh13,veh12,2,0,1,395.663,1,7.57309,0.91,nan,nan,0,0.024,0.018,0.016875
juelich_pilot_d30_r2_log_distance_s02_w1,juelich,12345,2,2,log-distance,41,42,veh13,veh14,2,0,1,464.15,1,7.57309,6.87528,nan,nan,0,0.024,0.018,0.016875
juelich_pilot_d30_r2_log_distance_s02_w1,juelich,12345,2,2,log-distance,41,42,veh13,veh15,2,0,1,671.749,0,7.57309,1.67628,nan,nan,0,0.024,0.012,0.016875
juelich_pilot_d30_r2_log_distance_s02_w1,juelich,12345,2,2,log-distance,41,42,veh13,veh4,2,2,0,208.951,1,7.57309,2.90802,-73.0783,5.75743,2,0.024,0.02,0.016875
juelich_pilot_d30_r2_log_distance_s02_w1,juelich,12345,2,2,log-distance,41,42,veh13,veh5,2,0,1,638.185,0,7.57309,7.45052,nan,nan,0,0.024,0.016,0.016875
juelich_pilot_d30_r2_log_distance_s02_w1,juelich,12345,2,2,log-distance,41,42,veh13,veh6,2,0,1,294.49,1,7.57309,7.72312,nan,nan,0,0.024,0.018,0.016875
juelich_pilot_d30_r2_log_distance_s02_w1,juelich,12345,2,2,log-distance,41,42,veh13,veh7,2,0,1,789.322,0,7.57309,11.2012,nan,nan,0,0.024,0.016,0.016875
juelich_pilot_d30_r2_log_distance_s02_w1,juelich,12345,2,2,log-distance,41,42,veh13,veh8,2,0,1,936.494,0,7.57309,7.08132,nan,nan,0,0.024,0.014,0.016875
juelich_pilot_d30_r2_log_distance_s02_w1,juelich,12345,2,2,log-distance,41,42,veh13,veh9,2,0,1,358.97,1,7.57309,3.30647,nan,nan,0,0.024,0.018,0.016875
juelich_pilot_d30_r2_log_distance_s02_w1,juelich,12345,2,2,log-distance,41,42,veh14,veh0,2,2,0,487.676,1,6.87528,13.4568,-80.4403,16.536,2,0.018,0.024,0.016875
juelich_pilot_d30_r2_log_distance_s02_w1,juelich,12345,2,2,log-distance,41,42,veh14,veh1,2,0,1,783.175,0,6.87528,8.33647,nan,nan,0,0.018,0.018,0.016875
juelich_pilot_d30_r2_log_distance_s02_w1,juelich,12345,2,2,log-distance,41,42,veh14,veh10,2,2,0,524.044,0,6.87528,8.48249,-81.0648,15.9114,2,0.018,0.018,0.016875
juelich_pilot_d30_r2_log_distance_s02_w1,juelich,12345,2,2,log-distance,41,42,veh14,veh11,2,0,1,747.326,0,6.87528,7.38299,nan,nan,0,0.018,0.018,0.016875
juelich_pilot_d30_r2_log_distance_s02_w1,juelich,12345,2,2,log-distance,41,42,veh14,veh12,2,2,0,168.215,1,6.87528,0.91,-71.1945,25.7818,2,0.018,0.018,0.016875
juelich_pilot_d30_r2_log_distance_s02_w1,juelich,12345,2,2,log-distance,41,42,veh14,veh13,2,2,0,464.15,1,6.87528,7.57309,-80.0108,16.9655,2,0.018,0.024,0.016875
juelich_pilot_d30_r2_log_distance_s02_w1,juelich,12345,2,2,log-distance,41,42,veh14,veh15,2,0,1,946.725,0,6.87528,1.67628,nan,nan,0,0.018,0.012,0.016875
juelich_pilot_d30_r2_log_distance_s02_w1,juelich,12345,2,2,log-distance,41,42,veh14,veh4,2,2,0,538.122,0,6.87528,2.90802,-81.2953,15.681,2,0.018,0.02,0.016875
juelich_pilot_d30_r2_log_distance_s02_w1,juelich,12345,2,2,log-distance,41,42,veh14,veh5,2,0,1,981.753,0,6.87528,7.45052,nan,nan,0,0.018,0.016,0.016875
juelich_pilot_d30_r2_log_distance_s02_w1,juelich,12345,2,2,log-distance,41,42,veh14,veh6,2,2,0,496.33,1,6.87528,7.72312,-80.5929,16.3834,2,0.018,0.018,0.016875
juelich_pilot_d30_r2_log_distance_s02_w1,juelich,12345,2,2,log-distance,41,42,veh14,veh9,2,0,1,692.66,0,6.87528,3.30647,nan,nan,0,0.018,0.018,0.016875
juelich_pilot_d30_r2_log_distance_s02_w1,juelich,12345,2,2,log-distance,41,42,veh15,veh0,2,2,0,535.423,0,1.67628,13.4568,-81.2516,15.7247,2,0.012,0.024,0.016875
juelich_pilot_d30_r2_log_distance_s02_w1,juelich,12345,2,2,log-distance,41,42,veh15,veh10,2,0,1,977.759,0,1.67628,8.48249,nan,nan,0,0.012,0.018,0.016875
juelich_pilot_d30_r2_log_distance_s02_w1,juelich,12345,2,2,log-distance,41,42,veh15,veh12,2,0,1,982.478,0,1.67628,0.91,nan,nan,0,0.012,0.018,0.016875
juelich_pilot_d30_r2_log_distance_s02_w1,juelich,12345,2,2,log-distance,41,42,veh15,veh13,2,0,1,671.749,0,1.67628,7.57309,nan,nan,0,0.012,0.024,0.016875
juelich_pilot_d30_r2_log_distance_s02_w1,juelich,12345,2,2,log-distance,41,42,veh15,veh14,2,0,1,946.725,0,1.67628,6.87528,nan,nan,0,0.012,0.018,0.016875
juelich_pilot_d30_r2_log_distance_s02_w1,juelich,12345,2,2,log-distance,41,42,veh15,veh2,2,0,1,961.692,0,1.67628,0,nan,nan,0,0.012,0.008,0.016875
juelich_pilot_d30_r2_log_distance_s02_w1,juelich,12345,2,2,log-distance,41,42,veh15,veh3,2,0,1,846.025,0,1.67628,12.7185,nan,nan,0,0.012,0.01,0.016875
juelich_pilot_d30_r2_log_distance_s02_w1,juelich,12345,2,2,log-distance,41,42,veh15,veh4,2,0,1,858.149,0,1.67628,2.90802,nan,nan,0,0.012,0.02,0.016875
juelich_pilot_d30_r2_log_distance_s02_w1,juelich,12345,2,2,log-distance,41,42,veh15,veh5,2,2,0,158.115,1,1.67628,7.45052,-70.6565,26.3198,2,0.012,0.016,0.016875
juelich_pilot_d30_r2_log_distance_s02_w1,juelich,12345,2,2,log-distance,41,42,veh15,veh6,2,0,1,963.233,0,1.67628,7.72312,nan,nan,0,0.012,0.018,0.016875
juelich_pilot_d30_r2_log_distance_s02_w1,juelich,12345,2,2,log-distance,41,42,veh15,veh7,2,2,0,503.558,0,1.67628,11.2012,-80.7187,16.2576,2,0.012,0.016,0.016875
juelich_pilot_d30_r2_log_distance_s02_w1,juelich,12345,2,2,log-distance,41,42,veh15,veh8,2,0,1,726.803,0,1.67628,7.08132,nan,nan,0,0.012,0.014,0.016875
juelich_pilot_d30_r2_log_distance_s02_w1,juelich,12345,2,2,log-distance,41,42,veh15,veh9,2,0,1,957.897,0,1.67628,3.30647,nan,nan,0,0.012,0.018,0.016875
juelich_pilot_d30_r2_log_distance_s02_w1,juelich,12345,2,2,log-distance,41,42,veh2,veh15,2,0,1,961.692,0,0,1.67628,nan,nan,0,0.008,0.012,0.016875
juelich_pilot_d30_r2_log_distance_s02_w1,juelich,12345,2,2,log-distance,41,42,veh2,veh3,2,2,0,117.344,1,0,12.7185,-68.0637,21.8675,2,0.008,0.01,0.016875
juelich_pilot_d30_r2_log_distance_s02_w1,juelich,12345,2,2,log-distance,41,42,veh2,veh5,2,0,1,833.204,0,0,7.45052,nan,nan,0,0.008,0.016,0.016875
juelich_pilot_d30_r2_log_distance_s02_w1,juelich,12345,2,2,log-distance,41,42,veh2,veh7,2,2,0,522.502,0,0,11.2012,-81.0394,6.77547,2,0.008,0.016,0.016875
juelich_pilot_d30_r2_log_distance_s02_w1,juelich,12345,2,2,log-distance,41,42,veh2,veh8,2,2,0,372.121,1,0,7.08132,-78.0914,10.703,2,0.008,0.014,0.016875
juelich_pilot_d30_r2_log_distance_s02_w1,juelich,12345,2,2,log-distance,41,42,veh3,veh15,2,0,1,846.025,0,12.7185,1.67628,nan,nan,0,0.01,0.012,0.016875
juelich_pilot_d30_r2_log_distance_s02_w1,juelich,12345,2,2,log-distance,41,42,veh3,veh2,2,2,0,117.344,1,12.7185,0,-68.0637,28.9125,2,0.01,0.008,0.016875
juelich_pilot_d30_r2_log_distance_s02_w1,juelich,12345,2,2,log-distance,41,42,veh3,veh5,2,0,1,716.071,0,12.7185,7.45052,nan,nan,0,0.01,0.016,0.016875
juelich_pilot_d30_r2_log_distance_s02_w1,juelich,12345,2,2,log-distance,41,42,veh3,veh7,2,2,0,407.893,1,12.7185,11.2012,-78.8886,18.0877,2,0.01,0.016,0.016875
juelich_pilot_d30_r2_log_distance_s02_w1,juelich,12345,2,2,log-distance,41,42,veh3,veh8,2,2,0,280.397,1,12.7185,7.08132,-75.6331,21.3432,2,0.01,0.014,0.016875
juelich_pilot_d30_r2_log_distance_s02_w1,juelich,12345,2,2,log-distance,41,42,veh4,veh0,2,2,0,357.591,1,2.90802,13.4568,-77.7453,19.231,2,0.02,0.024,0.016875
juelich_pilot_d30_r2_log_distance_s02_w1,juelich,12345,2,2,log-distance,41,42,veh4,veh1,2,2,0,264.81,1,2.90802,8.33647,-75.1363,21.84,2,0.02,0.018,0.016875
juelich_pilot_d30_r2_log_distance_s02_w1,juelich,12345,2,2,log-distance,41,42,veh4,veh10,2,2,0,127.152,1,2.90802,8.48249,-68.7641,28.2121,2,0.02,0.018,0.016875
juelich_pilot_d30_r2_log_distance_s02_w1,juelich,12345,2,2,log-distance,41,42,veh4,veh11,2,2,0,226.986,1,2.90802,7.38299,-73.7976,23.1787,2,0.02,0.018,0.016875
juelich_pilot_d30_r2_log_distance_s02_w1,juelich,12345,2,2,log-distance,41,42,veh4,veh12,2,2,0,408.565,1,2.90802,0.91,-78.9029,18.0734,2,0.02,0.018,0.016875
juelich_pilot_d30_r2_log_distance_s02_w1,juelich,12345,2,2,log-distance,41,42,veh4,veh13,2,2,0,208.951,1,2.90802,7.57309,-73.0783,23.8979,2,0.02,0.024,0.016875
juelich_pilot_d30_r2_log_distance_s02_w1,juelich,12345,2,2,log-distance,41,42,veh4,veh14,2,2,0,538.122,0,2.90802,6.87528,-81.2953,15.681,2,0.02,0.018,0.016875
juelich_pilot_d30_r2_log_distance_s02_w1,juelich,12345,2,2,log-distance,41,42,veh4,veh15,2,0,1,858.149,0,2.90802,1.67628,nan,nan,0,0.02,0.012,0.016875
juelich_pilot_d30_r2_log_distance_s02_w1,juelich,12345,2,2,log-distance,41,42,veh4,veh5,2,0,1,801.337,0,2.90802,7.45052,nan,nan,0,0.02,0.016,0.016875
juelich_pilot_d30_r2_log_distance_s02_w1,juelich,12345,2,2,log-distance,41,42,veh4,veh6,2,2,0,123.922,1,2.90802,7.72312,-68.5406,28.4356,2,0.02,0.018,0.016875
juelich_pilot_d30_r2_log_distance_s02_w1,juelich,12345,2,2,log-distance,41,42,veh4,veh7,2,0,1,883.087,0,2.90802,11.2012,nan,nan,0,0.02,0.016,0.016875
juelich_pilot_d30_r2_log_distance_s02_w1,juelich,12345,2,2,log-distance,41,42,veh4,veh8,2,0,1,990.362,0,2.90802,7.08132,nan,nan,0,0.02,0.014,0.016875
juelich_pilot_d30_r2_log_distance_s02_w1,juelich,12345,2,2,log-distance,41,42,veh4,veh9,2,2,0,166.085,1,2.90802,3.30647,-71.0842,25.892,2,0.02,0.018,0.016875
juelich_pilot_d30_r2_log_distance_s02_w1,juelich,12345,2,2,log-distance,41,42,veh5,veh0,2,2,0,522.99,0,7.45052,13.4568,-81.0476,15.9287,2,0.016,0.024,0.016875
juelich_pilot_d30_r2_log_distance_s02_w1,juelich,12345,2,2,log-distance,41,42,veh5,veh1,2,0,1,944.211,0,7.45052,8.33647,nan,nan,0,0.016,0.018,0.016875
juelich_pilot_d30_r2_log_distance_s02_w1,juelich,12345,2,2,log-distance,41,42,veh5,veh10,2,0,1,926.464,0,7.45052,8.48249,nan,nan,0,0.016,0.018,0.016875
juelich_pilot_d30_r2_log_distance_s02_w1,juelich,12345,2,2,log-distance,41,42,veh5,veh11,2,0,1,920.557,0,7.45052,7.38299,nan,nan,0,0.016,0.018,0.016875
juelich_pilot_d30_r2_log_distance_s02_w1,juelich,12345,2,2,log-distance,41,42,veh5,veh12,2,0,1,990.739,0,7.45052,0.91,nan,nan,0,0.016,0.018,0.016875
juelich_pilot_d30_r2_log_distance_s02_w1,juelich,12345,2,2,log-distance,41,42,veh5,veh13,2,0,1,638.185,0,7.45052,7.57309,nan,nan,0,0.016,0.024,0.016875
juelich_pilot_d30_r2_log_distance_s02_w1,juelich,12345,2,2,log-distance,41,42,veh5,veh14,2,0,1,981.753,0,7.45052,6.87528,nan,nan,0,0.016,0.018,0.016875
juelich_pilot_d30_r2_log_distance_s02_w1,juelich,12345,2,2,log-distance,41,42,veh5,veh15,2,2,0,158.115,1,7.45052,1.67628,-70.6565,26.3198,2,0.016,0.012,0.016875
juelich_pilot_d30_r2_log_distance_s02_w1,juelich,12345,2,2,log-distance,41,42,veh5,veh2,2,0,1,833.204,0,7.45052,0,nan,nan,0,0.016,0.008,0.016875
juelich_pilot_d30_r2_log_distance_s02_w1,juelich,12345,2,2,log-distance,41,42,veh5,veh3,2,0,1,716.071,0,7.45052,12.7185,nan,nan,0,0.016,0.01,0.016875
juelich_pilot_d30_r2_log_distance_s02_w1,juelich,12345,2,2,log-distance,41,42,veh5,veh4,2,0,1,801.337,0,7.45052,2.90802,nan,nan,0,0.016,0.02,0.016875
juelich_pilot_d30_r2_log_distance_s02_w1,juelich,12345,2,2,log-distance,41,42,veh5,veh6,2,0,1,915.989,0,7.45052,7.72312,nan,nan,0,0.016,0.018,0.016875
juelich_pilot_d30_r2_log_distance_s02_w1,juelich,12345,2,2,log-distance,41,42,veh5,veh7,2,2,0,350.444,1,7.45052,11.2012,-77.5698,19.4065,2,0.016,0.016,0.016875
juelich_pilot_d30_r2_log_distance_s02_w1,juelich,12345,2,2,log-distance,41,42,veh5,veh8,2,2,0,573.783,0,7.45052,7.08132,-81.8526,15.1236,2,0.016,0.014,0.016875
juelich_pilot_d30_r2_log_distance_s02_w1,juelich,12345,2,2,log-distance,41,42,veh5,veh9,2,0,1,878.126,0,7.45052,3.30647,nan,nan,0,0.016,0.018,0.016875
juelich_pilot_d30_r2_log_distance_s02_w1,juelich,12345,2,2,log-distance,41,42,veh6,veh0,2,2,0,442.109,1,7.72312,13.4568,-79.5883,17.388,2,0.018,0.024,0.016875
juelich_pilot_d30_r2_log_distance_s02_w1,juelich,12345,2,2,log-distance,41,42,veh6,veh1,2,2,0,290.282,1,7.72312,8.33647,-75.9341,21.0422,2,0.018,0.018,0.016875
juelich_pilot_d30_r2_log_distance_s02_w1,juelich,12345,2,2,log-distance,41,42,veh6,veh10,2,2,0,28.417,1,7.72312,8.48249,-55.7491,41.2272,2,0.018,0.018,0.016875
juelich_pilot_d30_r2_log_distance_s02_w1,juelich,12345,2,2,log-distance,41,42,veh6,veh11,2,2,0,256.552,1,7.72312,7.38299,-74.8612,22.1151,2,0.018,0.018,0.016875
juelich_pilot_d30_r2_log_distance_s02_w1,juelich,12345,2,2,log-distance,41,42,veh6,veh12,2,2,0,343.928,1,7.72312,0.91,-77.407,19.5693,2,0.018,0.018,0.016875
juelich_pilot_d30_r2_log_distance_s02_w1,juelich,12345,2,2,log-distance,41,42,veh6,veh13,2,2,0,294.49,1,7.72312,7.57309,-76.0588,20.9175,2,0.018,0.024,0.016875
juelich_pilot_d30_r2_log_distance_s02_w1,juelich,12345,2,2,log-distance,41,42,veh6,veh14,2,2,0,496.33,1,7.72312,6.87528,-80.5929,16.3834,2,0.018,0.018,0.016875
juelich_pilot_d30_r2_log_distance_s02_w1,juelich,12345,2,2,log-distance,41,42,veh6,veh15,2,0,1,963.233,0,7.72312,1.67628,nan,nan,0,0.018,0.012,0.016875
juelich_pilot_d30_r2_log_distance_s02_w1,juelich,12345,2,2,log-distance,41,42,veh6,veh4,2,2,0,123.922,1,7.72312,2.90802,-68.5406,28.4356,2,0.018,0.02,0.016875
juelich_pilot_d30_r2_log_distance_s02_w1,juelich,12345,2,2,log-distance,41,42,veh6,veh5,2,0,1,915.989,0,7.72312,7.45052,nan,nan,0,0.018,0.016,0.016875
juelich_pilot_d30_r2_log_distance_s02_w1,juelich,12345,2,2,log-distance,41,42,veh6,veh9,2,2,0,209.869,1,7.72312,3.30647,-73.1166,23.8597,2,0.018,0.018,0.016875
juelich_pilot_d30_r2_log_distance_s02_w1,juelich,12345,2,2,log-distance,41,42,veh7,veh0,2,0,1,728.404,0,11.2012,13.4568,nan,nan,0,0.016,0.024,0.016875
juelich_pilot_d30_r2_log_distance_s02_w1,juelich,12345,2,2,log-distance,41,42,veh7,veh1,2,0,1,929.054,0,11.2012,8.33647,nan,nan,0,0.016,0.018,0.016875
juelich_pilot_d30_r2_log_distance_s02_w1,juelich,12345,2,2,log-distance,41,42,veh7,veh11,2,0,1,918.03,0,11.2012,7.38299,nan,nan,0,0.016,0.018,0.016875
juelich_pilot_d30_r2_log_distance_s02_w1,juelich,12345,2,2,log-distance,41,42,veh7,veh13,2,0,1,789.322,0,11.2012,7.57309,nan,nan,0,0.016,0.024,0.016875
juelich_pilot_d30_r2_log_distance_s02_w1,juelich,12345,2,2,log-distance,41,42,veh7,veh15,2,2,0,503.558,0,11.2012,1.67628,-80.7187,16.2576,2,0.016,0.012,0.016875
juelich_pilot_d30_r2_log_distance_s02_w1,juelich,12345,2,2,log-distance,41,42,veh7,veh2,2,2,0,522.502,0,11.2012,0,-81.0394,15.9369,2,0.016,0.008,0.016875
juelich_pilot_d30_r2_log_distance_s02_w1,juelich,12345,2,2,log-distance,41,42,veh7,veh3,2,2,0,407.893,1,11.2012,12.7185,-78.8886,18.0877,2,0.016,0.01,0.016875
juelich_pilot_d30_r2_log_distance_s02_w1,juelich,12345,2,2,log-distance,41,42,veh7,veh4,2,0,1,883.087,0,11.2012,2.90802,nan,nan,0,0.016,0.02,0.016875
juelich_pilot_d30_r2_log_distance_s02_w1,juelich,12345,2,2,log-distance,41,42,veh7,veh5,2,2,0,350.444,1,11.2012,7.45052,-77.5698,19.4065,2,0.016,0.016,0.016875
juelich_pilot_d30_r2_log_distance_s02_w1,juelich,12345,2,2,log-distance,41,42,veh7,veh8,2,2,0,223.464,1,11.2012,7.08132,-73.6614,23.3149,2,0.016,0.014,0.016875
juelich_pilot_d30_r2_log_distance_s02_w1,juelich,12345,2,2,log-distance,41,42,veh7,veh9,2,0,1,895.763,0,11.2012,3.30647,nan,nan,0,0.016,0.018,0.016875
juelich_pilot_d30_r2_log_distance_s02_w1,juelich,12345,2,2,log-distance,41,42,veh8,veh0,2,0,1,901.916,0,7.08132,13.4568,nan,nan,0,0.014,0.024,0.016875
juelich_pilot_d30_r2_log_distance_s02_w1,juelich,12345,2,2,log-distance,41,42,veh8,veh1,2,0,1,977.803,0,7.08132,8.33647,nan,nan,0,0.014,0.018,0.016875
juelich_pilot_d30_r2_log_distance_s02_w1,juelich,12345,2,2,log-distance,41,42,veh8,veh11,2,0,1,975.283,0,7.08132,7.38299,nan,nan,0,0.014,0.018,0.016875
juelich_pilot_d30_r2_log_distance_s02_w1,juelich,12345,2,2,log-distance,41,42,veh8,veh13,2,0,1,936.494,0,7.08132,7.57309,nan,nan,0,0.014,0.024,0.016875
juelich_pilot_d30_r2_log_distance_s02_w1,juelich,12345,2,2,log-distance,41,42,veh8,veh15,2,0,1,726.803,0,7.08132,1.67628,nan,nan,0,0.014,0.012,0.016875
juelich_pilot_d30_r2_log_distance_s02_w1,juelich,12345,2,2,log-distance,41,42,veh8,veh2,2,2,0,372.121,1,7.08132,0,-78.0914,18.8849,2,0.014,0.008,0.016875
juelich_pilot_d30_r2_log_distance_s02_w1,juelich,12345,2,2,log-distance,41,42,veh8,veh3,2,2,0,280.397,1,7.08132,12.7185,-75.6331,21.3432,2,0.014,0.01,0.016875
juelich_pilot_d30_r2_log_distance_s02_w1,juelich,12345,2,2,log-distance,41,42,veh8,veh4,2,0,1,990.362,0,7.08132,2.90802,nan,nan,0,0.014,0.02,0.016875
juelich_pilot_d30_r2_log_distance_s02_w1,juelich,12345,2,2,log-distance,41,42,veh8,veh5,2,2,0,573.783,0,7.08132,7.45052,-81.8526,15.1236,2,0.014,0.016,0.016875
juelich_pilot_d30_r2_log_distance_s02_w1,juelich,12345,2,2,log-distance,41,42,veh8,veh7,2,2,0,223.464,1,7.08132,11.2012,-73.6614,23.3149,2,0.014,0.016,0.016875
juelich_pilot_d30_r2_log_distance_s02_w1,juelich,12345,2,2,log-distance,41,42,veh8,veh9,2,0,1,966.597,0,7.08132,3.30647,nan,nan,0,0.014,0.018,0.016875
juelich_pilot_d30_r2_log_distance_s02_w1,juelich,12345,2,2,log-distance,41,42,veh9,veh0,2,2,0,499.493,1,3.30647,13.4568,-80.6481,16.3282,2,0.018,0.024,0.016875
juelich_pilot_d30_r2_log_distance_s02_w1,juelich,12345,2,2,log-distance,41,42,veh9,veh1,2,2,0,99.1869,1,3.30647,8.33647,-66.605,30.3713,2,0.018,0.018,0.016875
juelich_pilot_d30_r2_log_distance_s02_w1,juelich,12345,2,2,log-distance,41,42,veh9,veh10,2,2,0,188.204,1,3.30647,8.48249,-72.1702,24.8061,2,0.018,0.018,0.016875
juelich_pilot_d30_r2_log_distance_s02_w1,juelich,12345,2,2,log-distance,41,42,veh9,veh11,2,2,0,61.5481,1,3.30647,7.38299,-62.4582,34.5181,2,0.018,0.018,0.016875
juelich_pilot_d30_r2_log_distance_s02_w1,juelich,12345,2,2,log-distance,41,42,veh9,veh12,2,2,0,549.491,0,3.30647,0.91,-81.4769,15.4994,2,0.018,0.018,0.016875
juelich_pilot_d30_r2_log_distance_s02_w1,juelich,12345,2,2,log-distance,41,42,veh9,veh13,2,2,0,358.97,1,3.30647,7.57309,-77.7788,19.1974,2,0.018,0.024,0.016875
juelich_pilot_d30_r2_log_distance_s02_w1,juelich,12345,2,2,log-distance,41,42,veh9,veh14,2,0,1,692.66,0,3.30647,6.87528,nan,nan,0,0.018,0.018,0.016875
juelich_pilot_d30_r2_log_distance_s02_w1,juelich,12345,2,2,log-distance,41,42,veh9,veh15,2,0,1,957.897,0,3.30647,1.67628,nan,nan,0,0.018,0.012,0.016875
juelich_pilot_d30_r2_log_distance_s02_w1,juelich,12345,2,2,log-distance,41,42,veh9,veh4,2,2,0,166.085,1,3.30647,2.90802,-71.0842,25.892,2,0.018,0.02,0.016875
juelich_pilot_d30_r2_log_distance_s02_w1,juelich,12345,2,2,log-distance,41,42,veh9,veh5,2,0,1,878.126,0,3.30647,7.45052,nan,nan,0,0.018,0.016,0.016875
juelich_pilot_d30_r2_log_distance_s02_w1,juelich,12345,2,2,log-distance,41,42,veh9,veh6,2,2,0,209.869,1,3.30647,7.72312,-73.1166,23.8597,2,0.018,0.018,0.016875
juelich_pilot_d30_r2_log_distance_s02_w1,juelich,12345,2,2,log-distance,41,42,veh9,veh7,2,0,1,895.763,0,3.30647,11.2012,nan,nan,0,0.018,0.016,0.016875
juelich_pilot_d30_r2_log_distance_s02_w1,juelich,12345,2,2,log-distance,41,42,veh9,veh8,2,0,1,966.597,0,3.30647,7.08132,nan,nan,0,0.018,0.014,0.016875
juelich_pilot_d30_r2_log_distance_s02_w1,juelich,12345,2,2,log-distance,42,43,veh0,veh1,2,0,1,598.889,0,13.4467,8.31767,nan,nan,0,0.024,0.019,0.017
juelich_pilot_d30_r2_log_distance_s02_w1,juelich,12345,2,2,log-distance,42,43,veh0,veh10,2,2,0,464.604,1,13.4467,8.50169,-80.0193,16.9569,2,0.024,0.019,0.017
juelich_pilot_d30_r2_log_distance_s02_w1,juelich,12345,2,2,log-distance,42,43,veh0,veh11,2,2,0,564.44,0,13.4467,7.3595,-81.71,15.2663,2,0.024,0.019,0.017
juelich_pilot_d30_r2_log_distance_s02_w1,juelich,12345,2,2,log-distance,42,43,veh0,veh12,2,2,0,470.833,1,13.4467,3.31166,-80.135,16.8412,2,0.024,0.019,0.017
juelich_pilot_d30_r2_log_distance_s02_w1,juelich,12345,2,2,log-distance,42,43,veh0,veh13,2,2,0,164.748,1,13.4467,7.58117,-71.0119,25.9644,2,0.024,0.024,0.017
juelich_pilot_d30_r2_log_distance_s02_w1,juelich,12345,2,2,log-distance,42,43,veh0,veh14,2,2,0,481.284,1,13.4467,8.84221,-80.3257,16.6506,2,0.024,0.019,0.017
juelich_pilot_d30_r2_log_distance_s02_w1,juelich,12345,2,2,log-distance,42,43,veh0,veh15,2,2,0,528.271,0,13.4467,3.65556,-81.1348,15.8415,2,0.024,0.011,0.017
juelich_pilot_d30_r2_log_distance_s02_w1,juelich,12345,2,2,log-distance,42,43,veh0,veh4,2,2,0,365.173,1,13.4467,4.90623,-77.9276,19.0487,2,0.024,0.02,0.017
juelich_pilot_d30_r2_log_distance_s02_w1,juelich,12345,2,2,log-distance,42,43,veh0,veh5,2,2,0,521.527,0,13.4467,7.4563,-81.0232,15.9531,2,0.024,0.015,0.017
juelich_pilot_d30_r2_log_distance_s02_w1,juelich,12345,2,2,log-distance,42,43,veh0,veh6,2,2,0,445.955,1,13.4467,8.08566,-79.6635,17.3128,2,0.024,0.019,0.017
juelich_pilot_d30_r2_log_distance_s02_w1,juelich,12345,2,2,log-distance,42,43,veh0,veh7,2,0,1,723.347,0,13.4467,11.142,nan,nan,0,0.024,0.015,0.017
juelich_pilot_d30_r2_log_distance_s02_w1,juelich,12345,2,2,log-distance,42,43,veh0,veh8,2,0,1,909.918,0,13.4467,7.14255,nan,nan,0,0.024,0.013,0.017
juelich_pilot_d30_r2_log_distance_s02_w1,juelich,12345,2,2,log-distance,42,43,veh0,veh9,2,2,0,512.073,0,13.4467,5.67727,-80.8642,16.1121,2,0.024,0.019,0.017
juelich_pilot_d30_r2_log_distance_s02_w1,juelich,12345,2,2,log-distance,42,43,veh1,veh0,2,0,1,598.889,0,8.31767,13.4467,nan,nan,0,0.019,0.024,0.017
juelich_pilot_d30_r2_log_distance_s02_w1,juelich,12345,2,2,log-distance,42,43,veh1,veh10,2,2,0,264.865,1,8.31767,8.50169,-75.1382,21.8381,2,0.019,0.019,0.017
juelich_pilot_d30_r2_log_distance_s02_w1,juelich,12345,2,2,log-distance,42,43,veh1,veh11,2,2,0,36.845,1,8.31767,7.3595,-58.0051,38.9712,2,0.019,0.019,0.017
juelich_pilot_d30_r2_log_distance_s02_w1,juelich,12345,2,2,log-distance,42,43,veh1,veh12,2,0,1,628.495,0,8.31767,3.31166,nan,nan,0,0.019,0.019,0.017
juelich_pilot_d30_r2_log_distance_s02_w1,juelich,12345,2,2,log-distance,42,43,veh1,veh13,2,2,0,446.603,1,8.31767,7.58117,-79.676,17.3003,2,0.019,0.024,0.017
juelich_pilot_d30_r2_log_distance_s02_w1,juelich,12345,2,2,log-distance,42,43,veh1,veh14,2,0,1,768.405,0,8.31767,8.84221,nan,nan,0,0.019,0.019,0.017
juelich_pilot_d30_r2_log_distance_s02_w1,juelich,12345,2,2,log-distance,42,43,veh1,veh4,2,2,0,260.487,1,8.31767,4.90623,-74.9934,21.9829,2,0.019,0.02,0.017
juelich_pilot_d30_r2_log_distance_s02_w1,juelich,12345,2,2,log-distance,42,43,veh1,veh5,2,0,1,934.02,0,8.31767,7.4563,nan,nan,0,0.019,0.015,0.017
juelich_pilot_d30_r2_log_distance_s02_w1,juelich,12345,2,2,log-distance,42,43,veh1,veh6,2,2,0,289.555,1,8.31767,8.08566,-75.9123,21.0639,2,0.019,0.019,0.017
juelich_pilot_d30_r2_log_distance_s02_w1,juelich,12345,2,2,log-distance,42,43,veh1,veh7,2,0,1,915.881,0,8.31767,11.142,nan,nan,0,0.019,0.015,0.017
juelich_pilot_d30_r2_log_distance_s02_w1,juelich,12345,2,2,log-distance,42,43,veh1,veh8,2,0,1,973.441,0,8.31767,7.14255,nan,nan,0,0.019,0.013,0.017
juelich_pilot_d30_r2_log_distance_s02_w1,juelich,12345,2,2,log-distance,42,43,veh1,veh9,2,2,0,92.1264,1,8.31767,5.67727,-65.9645,31.0118,2,0.019,0.019,0.017
juelich_pilot_d30_r2_log_distance_s02_w1,juelich,12345,2,2,log-distance,42,43,veh10,veh0,2,2,0,464.604,1,8.50169,13.4467,-80.0193,16.9569,2,0.019,0.024,0.017
juelich_pilot_d30_r2_log_distance_s02_w1,juelich,12345,2,2,log-distance,42,43,veh10,veh1,2,2,0,264.865,1,8.50169,8.31767,-75.1382,21.8381,2,0.019,0.019,0.017
juelich_pilot_d30_r2_log_distance_s02_w1,juelich,12345,2,2,log-distance,42,43,veh10,veh11,2,2,0,232.871,1,8.50169,7.3595,-74.02,22.9563,2,0.019,0.019,0.017
juelich_pilot_d30_r2_log_distance_s02_w1,juelich,12345,2,2,log-distance,42,43,veh10,veh12,2,2,0,364.177,1,8.50169,3.31166,-77.9039,19.0724,2,0.019,0.019,0.017
juelich_pilot_d30_r2_log_distance_s02_w1,juelich,12345,2,2,log-distance,42,43,veh10,veh13,2,2,0,301.16,1,8.50169,7.58117,-76.2533,20.723,2,0.019,0.024,0.017
juelich_pilot_d30_r2_log_distance_s02_w1,juelich,12345,2,2,log-distance,42,43,veh10,veh14,2,2,0,508.553,0,8.50169,8.84221,-80.8041,16.1721,2,0.019,0.019,0.017
juelich_pilot_d30_r2_log_distance_s02_w1,juelich,12345,2,2,log-distance,42,43,veh10,veh15,2,0,1,971.212,0,8.50169,3.65556,nan,nan,0,0.019,0.011,0.017
juelich_pilot_d30_r2_log_distance_s02_w1,juelich,12345,2,2,log-distance,42,43,veh10,veh4,2,2,0,126.386,1,8.50169,4.90623,-68.7116,28.2646,2,0.019,0.02,0.017
juelich_pilot_d30_r2_log_distance_s02_w1,juelich,12345,2,2,log-distance,42,43,veh10,veh5,2,0,1,920.117,0,8.50169,7.4563,nan,nan,0,0.019,0.015,0.017
juelich_pilot_d30_r2_log_distance_s02_w1,juelich,12345,2,2,log-distance,42,43,veh10,veh6,2,2,0,27.4033,1,8.50169,8.08566,-55.4337,41.5426,2,0.019,0.019,0.017
juelich_pilot_d30_r2_log_distance_s02_w1,juelich,12345,2,2,log-distance,42,43,veh10,veh7,2,0,1,996.225,0,8.50169,11.142,nan,nan,0,0.019,0.015,0.017
juelich_pilot_d30_r2_log_distance_s02_w1,juelich,12345,2,2,log-distance,42,43,veh10,veh9,2,2,0,190.549,1,8.50169,5.67727,-72.2778,24.6985,2,0.019,0.019,0.017
juelich_pilot_d30_r2_log_distance_s02_w1,juelich,12345,2,2,log-distance,42,43,veh11,veh0,2,2,0,564.44,0,7.3595,13.4467,-81.71,15.2663,2,0.019,0.024,0.017
juelich_pilot_d30_r2_log_distance_s02_w1,juelich,12345,2,2,log-distance,42,43,veh11,veh1,2,2,0,36.845,1,7.3595,8.31767,-58.0051,38.9712,2,0.019,0.019,0.017
juelich_pilot_d30_r2_log_distance_s02_w1,juelich,12345,2,2,log-distance,42,43,veh11,veh10,2,2,0,232.871,1,7.3595,8.50169,-74.02,22.9563,2,0.019,0.019,0.017
juelich_pilot_d30_r2_log_distance_s02_w1,juelich,12345,2,2,log-distance,42,43,veh11,veh12,2,0,1,595.275,0,7.3595,3.31166,nan,nan,0,0.019,0.019,0.017
juelich_pilot_d30_r2_log_distance_s02_w1,juelich,12345,2,2,log-distance,42,43,veh11,veh13,2,2,0,410.814,1,7.3595,7.58117,-78.9505,18.0258,2,0.019,0.024,0.017
juelich_pilot_d30_r2_log_distance_s02_w1,juelich,12345,2,2,log-distance,42,43,veh11,veh14,2,0,1,733.587,0,7.3595,8.84221,nan,nan,0,0.019,0.019,0.017
juelich_pilot_d30_r2_log_distance_s02_w1,juelich,12345,2,2,log-distance,42,43,veh11,veh15,1,0,1,997.495,0,7.34473,4.20046,nan,nan,0,0.019,0.011,0.017
juelich_pilot_d30_r2_log_distance_s02_w1,juelich,12345,2,2,log-distance,42,43,veh11,veh4,2,2,0,223.642,1,7.3595,4.90623,-73.6687,23.3075,2,0.019,0.02,0.017
juelich_pilot_d30_r2_log_distance_s02_w1,juelich,12345,2,2,log-distance,42,43,veh11,veh5,2,0,1,911.347,0,7.3595,7.4563,nan,nan,0,0.019,0.015,0.017
juelich_pilot_d30_r2_log_distance_s02_w1,juelich,12345,2,2,log-distance,42,43,veh11,veh6,2,2,0,256.707,1,7.3595,8.08566,-74.8665,22.1098,2,0.019,0.019,0.017
juelich_pilot_d30_r2_log_distance_s02_w1,juelich,12345,2,2,log-distance,42,43,veh11,veh7,2,0,1,905.307,0,7.3595,11.142,nan,nan,0,0.019,0.015,0.017
juelich_pilot_d30_r2_log_distance_s02_w1,juelich,12345,2,2,log-distance,42,43,veh11,veh8,2,0,1,971.516,0,7.3595,7.14255,nan,nan,0,0.019,0.013,0.017
juelich_pilot_d30_r2_log_distance_s02_w1,juelich,12345,2,2,log-distance,42,43,veh11,veh9,2,2,0,55.3282,1,7.3595,5.67727,-61.5349,35.4413,2,0.019,0.019,0.017
juelich_pilot_d30_r2_log_distance_s02_w1,juelich,12345,2,2,log-distance,42,43,veh12,veh0,2,0,1,470.833,1,3.31166,13.4467,nan,nan,0,0.019,0.024,0.017
juelich_pilot_d30_r2_log_distance_s02_w1,juelich,12345,2,2,log-distance,42,43,veh12,veh1,2,0,1,628.495,0,3.31166,8.31767,nan,nan,0,0.019,0.019,0.017
juelich_pilot_d30_r2_log_distance_s02_w1,juelich,12345,2,2,log-distance,42,43,veh12,veh10,2,0,1,364.177,1,3.31166,8.50169,nan,nan,0,0.019,0.019,0.017
juelich_pilot_d30_r2_log_distance_s02_w1,juelich,12345,2,2,log-distance,42,43,veh12,veh11,2,0,1,595.275,0,3.31166,7.3595,nan,nan,0,0.019,0.019,0.017
juelich_pilot_d30_r2_log_distance_s02_w1,juelich,12345,2,2,log-distance,42,43,veh12,veh13,2,0,1,390.503,1,3.31166,7.58117,nan,nan,0,0.019,0.024,0.017
juelich_pilot_d30_r2_log_distance_s02_w1,juelich,12345,2,2,log-distance,42,43,veh12,veh14,2,2,0,159.14,1,3.31166,8.84221,-70.7118,9.03511,2,0.019,0.019,0.017
juelich_pilot_d30_r2_log_distance_s02_w1,juelich,12345,2,2,log-distance,42,43,veh12,veh15,2,0,1,981.141,0,3.31166,3.65556,nan,nan,0,0.019,0.011,0.017
juelich_pilot_d30_r2_log_distance_s02_w1,juelich,12345,2,2,log-distance,42,43,veh12,veh4,2,0,1,407.634,1,3.31166,4.90623,nan,nan,0,0.019,0.02,0.017
juelich_pilot_d30_r2_log_distance_s02_w1,juelich,12345,2,2,log-distance,42,43,veh12,veh5,2,0,1,991.846,0,3.31166,7.4563,nan,nan,0,0.019,0.015,0.017
juelich_pilot_d30_r2_log_distance_s02_w1,juelich,12345,2,2,log-distance,42,43,veh12,veh6,2,0,1,338.949,1,3.31166,8.08566,nan,nan,0,0.019,0.019,0.017
juelich_pilot_d30_r2_log_distance_s02_w1,juelich,12345,2,2,log-distance,42,43,veh12,veh9,2,0,1,548.038,0,3.31166,5.67727,nan,nan,0,0.019,0.019,0.017
juelich_pilot_d30_r2_log_distance_s02_w1,juelich,12345,2,2,log-distance,42,43,veh13,veh0,2,2,0,164.748,1,7.58117,13.4467,-71.0119,9.03422,2,0.024,0.024,0.017
juelich_pilot_d30_r2_log_distance_s02_w1,juelich,12345,2,2,log-distance,42,43,veh13,veh1,2,0,1,446.603,1,7.58117,8.31767,nan,nan,0,0.024,0.019,0.017
juelich_pilot_d30_r2_log_distance_s02_w1,juelich,12345,2,2,log-distance,42,43,veh13,veh10,2,0,1,301.16,1,7.58117,8.50169,nan,nan,0,0.024,0.019,0.017
juelich_pilot_d30_r2_log_distance_s02_w1,juelich,12345,2,2,log-distance,42,43,veh13,veh11,2,0,1,410.814,1,7.58117,7.3595,nan,nan,0,0.024,0.019,0.017
juelich_pilot_d30_r2_log_distance_s02_w1,juelich,12345,2,2,log-distance,42,43,veh13,veh12,2,0,1,390.503,1,7.58117,3.31166,nan,nan,0,0.024,0.019,0.017
juelich_pilot_d30_r2_log_distance_s02_w1,juelich,12345,2,2,log-distance,42,43,veh13,veh14,2,0,1,454.588,1,7.58117,8.84221,nan,nan,0,0.024,0.019,0.017
juelich_pilot_d30_r2_log_distance_s02_w1,juelich,12345,2,2,log-distance,42,43,veh13,veh15,2,0,1,676.172,0,7.58117,3.65556,nan,nan,0,0.024,0.011,0.017
juelich_pilot_d30_r2_log_distance_s02_w1,juelich,12345,2,2,log-distance,42,43,veh13,veh4,2,2,0,201.598,1,7.58117,4.90623,-72.767,6.04928,2,0.024,0.02,0.017
juelich_pilot_d30_r2_log_distance_s02_w1,juelich,12345,2,2,log-distance,42,43,veh13,veh5,2,0,1,643.438,0,7.58117,7.4563,nan,nan,0,0.024,0.015,0.017
juelich_pilot_d30_r2_log_distance_s02_w1,juelich,12345,2,2,log-distance,42,43,veh13,veh6,2,0,1,283.948,1,7.58117,8.08566,nan,nan,0,0.024,0.019,0.017
juelich_pilot_d30_r2_log_distance_s02_w1,juelich,12345,2,2,log-distance,42,43,veh13,veh7,2,0,1,785.777,0,7.58117,11.142,nan,nan,0,0.024,0.015,0.017
juelich_pilot_d30_r2_log_distance_s02_w1,juelich,12345,2,2,log-distance,42,43,veh13,veh8,2,0,1,942.953,0,7.58117,7.14255,nan,nan,0,0.024,0.013,0.017
juelich_pilot_d30_r2_log_distance_s02_w1,juelich,12345,2,2,log-distance,42,43,veh13,veh9,2,0,1,356.623,1,7.58117,5.67727,nan,nan,0,0.024,0.019,0.017
juelich_pilot_d30_r2_log_distance_s02_w1,juelich,12345,2,2,log-distance,42,43,veh14,veh0,2,2,0,481.284,1,8.84221,13.4467,-80.3257,16.6506,2,0.019,0.024,0.017
juelich_pilot_d30_r2_log_distance_s02_w1,juelich,12345,2,2,log-distance,42,43,veh14,veh1,2,0,1,768.405,0,8.84221,8.31767,nan,nan,0,0.019,0.019,0.017
juelich_pilot_d30_r2_log_distance_s02_w1,juelich,12345,2,2,log-distance,42,43,veh14,veh10,2,2,0,508.553,0,8.84221,8.50169,-80.8041,16.1721,2,0.019,0.019,0.017
juelich_pilot_d30_r2_log_distance_s02_w1,juelich,12345,2,2,log-distance,42,43,veh14,veh11,2,0,1,733.587,0,8.84221,7.3595,nan,nan,0,0.019,0.019,0.017
juelich_pilot_d30_r2_log_distance_s02_w1,juelich,12345,2,2,log-distance,42,43,veh14,veh12,2,2,0,159.14,1,8.84221,3.31166,-70.7118,26.2645,2,0.019,0.019,0.017
juelich_pilot_d30_r2_log_distance_s02_w1,juelich,12345,2,2,log-distance,42,43,veh14,veh13,2,2,0,454.588,1,8.84221,7.58117,-79.8299,17.1464,2,0.019,0.024,0.017
juelich_pilot_d30_r2_log_distance_s02_w1,juelich,12345,2,2,log-distance,42,43,veh14,veh15,2,0,1,945.752,0,8.84221,3.65556,nan,nan,0,0.019,0.011,0.017
juelich_pilot_d30_r2_log_distance_s02_w1,juelich,12345,2,2,log-distance,42,43,veh14,veh4,2,2,0,528.459,0,8.84221,4.90623,-81.1378,15.8385,2,0.019,0.02,0.017
juelich_pilot_d30_r2_log_distance_s02_w1,juelich,12345,2,2,log-distance,42,43,veh14,veh5,2,0,1,983.027,0,8.84221,7.4563,nan,nan,0,0.019,0.015,0.017
juelich_pilot_d30_r2_log_distance_s02_w1,juelich,12345,2,2,log-distance,42,43,veh14,veh6,2,2,0,481.916,1,8.84221,8.08566,-80.3368,16.6395,2,0.019,0.019,0.017
juelich_pilot_d30_r2_log_distance_s02_w1,juelich,12345,2,2,log-distance,42,43,veh14,veh9,2,0,1,683.054,0,8.84221,5.67727,nan,nan,0,0.019,0.019,0.017
juelich_pilot_d30_r2_log_distance_s02_w1,juelich,12345,2,2,log-distance,42,43,veh15,veh0,2,2,0,528.271,0,3.65556,13.4467,-81.1348,15.8415,2,0.011,0.024,0.017
juelich_pilot_d30_r2_log_distance_s02_w1,juelich,12345,2,2,log-distance,42,43,veh15,veh10,2,0,1,971.212,0,3.65556,8.50169,nan,nan,0,0.011,0.019,0.017
juelich_pilot_d30_r2_log_distance_s02_w1,juelich,12345,2,2,log-distance,42,43,veh15,veh11,1,0,1,997.495,0,4.20046,7.34473,nan,nan,0,0.011,0.019,0.017
juelich_pilot_d30_r2_log_distance_s02_w1,juelich,12345,2,2,log-distance,42,43,veh15,veh12,2,0,1,981.141,0,3.65556,3.31166,nan,nan,0,0.011,0.019,0.017
juelich_pilot_d30_r2_log_distance_s02_w1,juelich,12345,2,2,log-distance,42,43,veh15,veh13,2,0,1,676.172,0,3.65556,7.58117,nan,nan,0,0.011,0.024,0.017
juelich_pilot_d30_r2_log_distance_s02_w1,juelich,12345,2,2,log-distance,42,43,veh15,veh14,2,0,1,945.752,0,3.65556,8.84221,nan,nan,0,0.011,0.019,0.017
juelich_pilot_d30_r2_log_distance_s02_w1,juelich,12345,2,2,log-distance,42,43,veh15,veh2,2,0,1,963.813,0,3.65556,0,nan,nan,0,0.011,0.008,0.017
juelich_pilot_d30_r2_log_distance_s02_w1,juelich,12345,2,2,log-distance,42,43,veh15,veh3,2,0,1,835.987,0,3.65556,12.7399,nan,nan,0,0.011,0.009,0.017
juelich_pilot_d30_r2_log_distance_s02_w1,juelich,12345,2,2,log-distance,42,43,veh15,veh4,2,0,1,853.731,0,3.65556,4.90623,nan,nan,0,0.011,0.02,0.017
juelich_pilot_d30_r2_log_distance_s02_w1,juelich,12345,2,2,log-distance,42,43,veh15,veh5,2,2,0,166.231,1,3.65556,7.4563,-71.0913,25.885,2,0.011,0.015,0.017
juelich_pilot_d30_r2_log_distance_s02_w1,juelich,12345,2,2,log-distance,42,43,veh15,veh6,2,0,1,957.245,0,3.65556,8.08566,nan,nan,0,0.011,0.019,0.017
juelich_pilot_d30_r2_log_distance_s02_w1,juelich,12345,2,2,log-distance,42,43,veh15,veh7,2,2,0,500.922,0,3.65556,11.142,-80.6731,16.3032,2,0.011,0.015,0.017
juelich_pilot_d30_r2_log_distance_s02_w1,juelich,12345,2,2,log-distance,42,43,veh15,veh8,2,0,1,732.893,0,3.65556,7.14255,nan,nan,0,0.011,0.013,0.017
juelich_pilot_d30_r2_log_distance_s02_w1,juelich,12345,2,2,log-distance,42,43,veh15,veh9,2,0,1,958.239,0,3.65556,5.67727,nan,nan,0,0.011,0.019,0.017
juelich_pilot_d30_r2_log_distance_s02_w1,juelich,12345,2,2,log-distance,42,43,veh2,veh15,2,0,1,963.813,0,0,3.65556,nan,nan,0,0.008,0.011,0.017
juelich_pilot_d30_r2_log_distance_s02_w1,juelich,12345,2,2,log-distance,42,43,veh2,veh3,2,2,0,129.915,1,0,12.7399,-68.9485,20.9226,2,0.008,0.009,0.017
juelich_pilot_d30_r2_log_distance_s02_w1,juelich,12345,2,2,log-distance,42,43,veh2,veh5,2,0,1,828.429,0,0,7.4563,nan,nan,0,0.008,0.015,0.017
juelich_pilot_d30_r2_log_distance_s02_w1,juelich,12345,2,2,log-distance,42,43,veh2,veh7,2,2,0,532.388,0,0,11.142,-81.2022,6.53831,2,0.008,0.015,0.017
juelich_pilot_d30_r2_log_distance_s02_w1,juelich,12345,2,2,log-distance,42,43,veh2,veh8,2,2,0,374.65,1,0,7.14255,-78.1502,10.6331,2,0.008,0.013,0.017
juelich_pilot_d30_r2_log_distance_s02_w1,juelich,12345,2,2,log-distance,42,43,veh3,veh15,2,0,1,835.987,0,12.7399,3.65556,nan,nan,0,0.009,0.011,0.017
juelich_pilot_d30_r2_log_distance_s02_w1,juelich,12345,2,2,log-distance,42,43,veh3,veh2,2,2,0,129.915,1,12.7399,0,-68.9485,28.0278,2,0.009,0.008,0.017
juelich_pilot_d30_r2_log_distance_s02_w1,juelich,12345,2,2,log-distance,42,43,veh3,veh5,2,0,1,698.783,0,12.7399,7.4563,nan,nan,0,0.009,0.015,0.017
juelich_pilot_d30_r2_log_distance_s02_w1,juelich,12345,2,2,log-distance,42,43,veh3,veh7,2,2,0,405.563,1,12.7399,11.142,-78.8389,18.1374,2,0.009,0.015,0.017
juelich_pilot_d30_r2_log_distance_s02_w1,juelich,12345,2,2,log-distance,42,43,veh3,veh8,2,2,0,274.91,1,12.7399,7.14255,-75.4614,21.5149,2,0.009,0.013,0.017
juelich_pilot_d30_r2_log_distance_s02_w1,juelich,12345,2,2,log-distance,42,43,veh4,veh0,2,2,0,365.173,1,4.90623,13.4467,-77.9276,19.0487,2,0.02,0.024,0.017
juelich_pilot_d30_r2_log_distance_s02_w1,juelich,12345,2,2,log-distance,42,43,veh4,veh1,2,2,0,260.487,1,4.90623,8.31767,-74.9934,21.9829,2,0.02,0.019,0.017
juelich_pilot_d30_r2_log_distance_s02_w1,juelich,12345,2,2,log-distance,42,43,veh4,veh10,2,2,0,126.386,1,4.90623,8.50169,-68.7116,28.2646,2,0.02,0.019,0.017
juelich_pilot_d30_r2_log_distance_s02_w1,juelich,12345,2,2,log-distance,42,43,veh4,veh11,2,2,0,223.642,1,4.90623,7.3595,-73.6687,23.3075,2,0.02,0.019,0.017
juelich_pilot_d30_r2_log_distance_s02_w1,juelich,12345,2,2,log-distance,42,43,veh4,veh12,2,2,0,407.634,1,4.90623,3.31166,-78.8831,18.0932,2,0.02,0.019,0.017
juelich_pilot_d30_r2_log_distance_s02_w1,juelich,12345,2,2,log-distance,42,43,veh4,veh13,2,2,0,201.598,1,4.90623,7.58117,-72.767,24.2093,2,0.02,0.024,0.017
juelich_pilot_d30_r2_log_distance_s02_w1,juelich,12345,2,2,log-distance,42,43,veh4,veh14,2,2,0,528.459,0,4.90623,8.84221,-81.1378,15.8385,2,0.02,0.019,0.017
juelich_pilot_d30_r2_log_distance_s02_w1,juelich,12345,2,2,log-distance,42,43,veh4,veh15,2,0,1,853.731,0,4.90623,3.65556,nan,nan,0,0.02,0.011,0.017
juelich_pilot_d30_r2_log_distance_s02_w1,juelich,12345,2,2,log-distance,42,43,veh4,veh5,2,0,1,796.235,0,4.90623,7.4563,nan,nan,0,0.02,0.015,0.017
juelich_pilot_d30_r2_log_distance_s02_w1,juelich,12345,2,2,log-distance,42,43,veh4,veh6,2,2,0,124.046,1,4.90623,8.08566,-68.5494,28.4269,2,0.02,0.019,0.017
juelich_pilot_d30_r2_log_distance_s02_w1,juelich,12345,2,2,log-distance,42,43,veh4,veh7,2,0,1,871.722,0,4.90623,11.142,nan,nan,0,0.02,0.015,0.017
juelich_pilot_d30_r2_log_distance_s02_w1,juelich,12345,2,2,log-distance,42,43,veh4,veh8,2,0,1,989.044,0,4.90623,7.14255,nan,nan,0,0.02,0.013,0.017
juelich_pilot_d30_r2_log_distance_s02_w1,juelich,12345,2,2,log-distance,42,43,veh4,veh9,2,2,0,168.459,1,4.90623,5.67727,-71.2076,25.7687,2,0.02,0.019,0.017
juelich_pilot_d30_r2_log_distance_s02_w1,juelich,12345,2,2,log-distance,42,43,veh5,veh0,2,2,0,521.527,0,7.4563,13.4467,-81.0232,10.2229,2,0.015,0.024,0.017
juelich_pilot_d30_r2_log_distance_s02_w1,juelich,12345,2,2,log-distance,42,43,veh5,veh1,2,0,1,934.02,0,7.4563,8.31767,nan,nan,0,0.015,0.019,0.017
juelich_pilot_d30_r2_log_distance_s02_w1,juelich,12345,2,2,log-distance,42,43,veh5,veh10,2,0,1,920.117,0,7.4563,8.50169,nan,nan,0,0.015,0.019,0.017
juelich_pilot_d30_r2_log_distance_s02_w1,juelich,12345,2,2,log-distance,42,43,veh5,veh11,2,0,1,911.347,0,7.4563,7.3595,nan,nan,0,0.015,0.019,0.017
juelich_pilot_d30_r2_log_distance_s02_w1,juelich,12345,2,2,log-distance,42,43,veh5,veh12,2,0,1,991.846,0,7.4563,3.31166,nan,nan,0,0.015,0.019,0.017
juelich_pilot_d30_r2_log_distance_s02_w1,juelich,12345,2,2,log-distance,42,43,veh5,veh13,2,0,1,643.438,0,7.4563,7.58117,nan,nan,0,0.015,0.024,0.017
juelich_pilot_d30_r2_log_distance_s02_w1,juelich,12345,2,2,log-distance,42,43,veh5,veh14,2,0,1,983.027,0,7.4563,8.84221,nan,nan,0,0.015,0.019,0.017
juelich_pilot_d30_r2_log_distance_s02_w1,juelich,12345,2,2,log-distance,42,43,veh5,veh15,2,2,0,166.231,1,7.4563,3.65556,-71.0913,19.2706,2,0.015,0.011,0.017
juelich_pilot_d30_r2_log_distance_s02_w1,juelich,12345,2,2,log-distance,42,43,veh5,veh2,2,0,1,828.429,0,7.4563,0,nan,nan,0,0.015,0.008,0.017
juelich_pilot_d30_r2_log_distance_s02_w1,juelich,12345,2,2,log-distance,42,43,veh5,veh3,2,0,1,698.783,0,7.4563,12.7399,nan,nan,0,0.015,0.009,0.017
juelich_pilot_d30_r2_log_distance_s02_w1,juelich,12345,2,2,log-distance,42,43,veh5,veh4,2,0,1,796.235,0,7.4563,4.90623,nan,nan,0,0.015,0.02,0.017
juelich_pilot_d30_r2_log_distance_s02_w1,juelich,12345,2,2,log-distance,42,43,veh5,veh6,2,0,1,910.321,0,7.4563,8.08566,nan,nan,0,0.015,0.019,0.017
juelich_pilot_d30_r2_log_distance_s02_w1,juelich,12345,2,2,log-distance,42,43,veh5,veh7,2,1,0.5,338.969,1,7.4563,11.142,-77.2074,19.7689,1,0.015,0.015,0.017
juelich_pilot_d30_r2_log_distance_s02_w1,juelich,12345,2,2,log-distance,42,43,veh5,veh8,2,1,0.5,571.556,0,7.4563,7.14255,-81.8104,15.1659,1,0.015,0.013,0.017
juelich_pilot_d30_r2_log_distance_s02_w1,juelich,12345,2,2,log-distance,42,43,veh5,veh9,2,0,1,876.334,0,7.4563,5.67727,nan,nan,0,0.015,0.019,0.017
juelich_pilot_d30_r2_log_distance_s02_w1,juelich,12345,2,2,log-distance,42,43,veh6,veh0,2,2,0,445.955,1,8.08566,13.4467,-79.6635,17.3128,2,0.019,0.024,0.017
juelich_pilot_d30_r2_log_distance_s02_w1,juelich,12345,2,2,log-distance,42,43,veh6,veh1,2,2,0,289.555,1,8.08566,8.31767,-75.9123,21.0639,2,0.019,0.019,0.017
juelich_pilot_d30_r2_log_distance_s02_w1,juelich,12345,2,2,log-distance,42,43,veh6,veh10,2,2,0,27.4033,1,8.08566,8.50169,-55.4337,41.5426,2,0.019,0.019,0.017
juelich_pilot_d30_r2_log_distance_s02_w1,juelich,12345,2,2,log-distance,42,43,veh6,veh11,2,2,0,256.707,1,8.08566,7.3595,-74.8665,22.1098,2,0.019,0.019,0.017
juelich_pilot_d30_r2_log_distance_s02_w1,juelich,12345,2,2,log-distance,42,43,veh6,veh12,2,2,0,338.949,1,8.08566,3.31166,-77.2804,19.6959,2,0.019,0.019,0.017
juelich_pilot_d30_r2_log_distance_s02_w1,juelich,12345,2,2,log-distance,42,43,veh6,veh13,2,2,0,283.948,1,8.08566,7.58117,-75.7421,21.2342,2,0.019,0.024,0.017
juelich_pilot_d30_r2_log_distance_s02_w1,juelich,12345,2,2,log-distance,42,43,veh6,veh14,2,2,0,481.916,1,8.08566,8.84221,-80.3368,16.6395,2,0.019,0.019,0.017
juelich_pilot_d30_r2_log_distance_s02_w1,juelich,12345,2,2,log-distance,42,43,veh6,veh15,2,0,1,957.245,0,8.08566,3.65556,nan,nan,0,0.019,0.011,0.017
juelich_pilot_d30_r2_log_distance_s02_w1,juelich,12345,2,2,log-distance,42,43,veh6,veh4,2,2,0,124.046,1,8.08566,4.90623,-68.5494,28.4269,2,0.019,0.02,0.017
juelich_pilot_d30_r2_log_distance_s02_w1,juelich,12345,2,2,log-distance,42,43,veh6,veh5,2,0,1,910.321,0,8.08566,7.4563,nan,nan,0,0.019,0.015,0.017
juelich_pilot_d30_r2_log_distance_s02_w1,juelich,12345,2,2,log-distance,42,43,veh6,veh7,2,0,1,995.705,0,8.08566,11.142,nan,nan,0,0.019,0.015,0.017
juelich_pilot_d30_r2_log_distance_s02_w1,juelich,12345,2,2,log-distance,42,43,veh6,veh9,2,2,0,212.027,1,8.08566,5.67727,-73.2055,23.7708,2,0.019,0.019,0.017
juelich_pilot_d30_r2_log_distance_s02_w1,juelich,12345,2,2,log-distance,42,43,veh7,veh0,2,0,1,723.347,0,11.142,13.4467,nan,nan,0,0.015,0.024,0.017
juelich_pilot_d30_r2_log_distance_s02_w1,juelich,12345,2,2,log-distance,42,43,veh7,veh1,2,0,1,915.881,0,11.142,8.31767,nan,nan,0,0.015,0.019,0.017
juelich_pilot_d30_r2_log_distance_s02_w1,juelich,12345,2,2,log-distance,42,43,veh7,veh10,2,0,1,996.225,0,11.142,8.50169,nan,nan,0,0.015,0.019,0.017
juelich_pilot_d30_r2_log_distance_s02_w1,juelich,12345,2,2,log-distance,42,43,veh7,veh11,2,0,1,905.307,0,11.142,7.3595,nan,nan,0,0.015,0.019,0.017
juelich_pilot_d30_r2_log_distance_s02_w1,juelich,12345,2,2,log-distance,42,43,veh7,veh13,2,0,1,785.777,0,11.142,7.58117,nan,nan,0,0.015,0.024,0.017
juelich_pilot_d30_r2_log_distance_s02_w1,juelich,12345,2,2,log-distance,42,43,veh7,veh15,2,2,0,500.922,0,11.142,3.65556,-80.6731,16.3032,2,0.015,0.011,0.017
juelich_pilot_d30_r2_log_distance_s02_w1,juelich,12345,2,2,log-distance,42,43,veh7,veh2,2,2,0,532.388,0,11.142,0,-81.2022,15.7741,2,0.015,0.008,0.017
juelich_pilot_d30_r2_log_distance_s02_w1,juelich,12345,2,2,log-distance,42,43,veh7,veh3,2,2,0,405.563,1,11.142,12.7399,-78.8389,18.1374,2,0.015,0.009,0.017
juelich_pilot_d30_r2_log_distance_s02_w1,juelich,12345,2,2,log-distance,42,43,veh7,veh4,2,0,1,871.722,0,11.142,4.90623,nan,nan,0,0.015,0.02,0.017
juelich_pilot_d30_r2_log_distance_s02_w1,juelich,12345,2,2,log-distance,42,43,veh7,veh5,2,2,0,338.969,1,11.142,7.4563,-77.2806,19.6957,2,0.015,0.015,0.017
juelich_pilot_d30_r2_log_distance_s02_w1,juelich,12345,2,2,log-distance,42,43,veh7,veh6,2,0,1,995.705,0,11.142,8.08566,nan,nan,0,0.015,0.019,0.017
juelich_pilot_d30_r2_log_distance_s02_w1,juelich,12345,2,2,log-distance,42,43,veh7,veh8,2,2,0,232.594,1,11.142,7.14255,-74.0093,22.967,2,0.015,0.013,0.017
juelich_pilot_d30_r2_log_distance_s02_w1,juelich,12345,2,2,log-distance,42,43,veh7,veh9,2,0,1,888.722,0,11.142,5.67727,nan,nan,0,0.015,0.019,0.017
juelich_pilot_d30_r2_log_distance_s02_w1,juelich,12345,2,2,log-distance,42,43,veh8,veh0,2,0,1,909.918,0,7.14255,13.4467,nan,nan,0,0.013,0.024,0.017
juelich_pilot_d30_r2_log_distance_s02_w1,juelich,12345,2,2,log-distance,42,43,veh8,veh1,2,0,1,973.441,0,7.14255,8.31767,nan,nan,0,0.013,0.019,0.017
juelich_pilot_d30_r2_log_distance_s02_w1,juelich,12345,2,2,log-distance,42,43,veh8,veh11,2,0,1,971.516,0,7.14255,7.3595,nan,nan,0,0.013,0.019,0.017
juelich_pilot_d30_r2_log_distance_s02_w1,juelich,12345,2,2,log-distance,42,43,veh8,veh13,2,0,1,942.953,0,7.14255,7.58117,nan,nan,0,0.013,0.024,0.017
juelich_pilot_d30_r2_log_distance_s02_w1,juelich,12345,2,2,log-distance,42,43,veh8,veh15,2,0,1,732.893,0,7.14255,3.65556,nan,nan,0,0.013,0.011,0.017
juelich_pilot_d30_r2_log_distance_s02_w1,juelich,12345,2,2,log-distance,42,43,veh8,veh2,2,2,0,374.65,1,7.14255,0,-78.1502,12.7304,2,0.013,0.008,0.017
juelich_pilot_d30_r2_log_distance_s02_w1,juelich,12345,2,2,log-distance,42,43,veh8,veh3,2,2,0,274.91,1,7.14255,12.7399,-75.4614,14.7371,2,0.013,0.009,0.017
juelich_pilot_d30_r2_log_distance_s02_w1,juelich,12345,2,2,log-distance,42,43,veh8,veh4,2,0,1,989.044,0,7.14255,4.90623,nan,nan,0,0.013,0.02,0.017
juelich_pilot_d30_r2_log_distance_s02_w1,juelich,12345,2,2,log-distance,42,43,veh8,veh5,2,1,0.5,571.556,0,7.14255,7.4563,-81.8104,15.1659,1,0.013,0.015,0.017
juelich_pilot_d30_r2_log_distance_s02_w1,juelich,12345,2,2,log-distance,42,43,veh8,veh7,2,1,0.5,232.594,1,7.14255,11.142,-74.095,22.8813,1,0.013,0.015,0.017
juelich_pilot_d30_r2_log_distance_s02_w1,juelich,12345,2,2,log-distance,42,43,veh8,veh9,2,0,1,967.808,0,7.14255,5.67727,nan,nan,0,0.013,0.019,0.017
juelich_pilot_d30_r2_log_distance_s02_w1,juelich,12345,2,2,log-distance,42,43,veh9,veh0,2,2,0,512.073,0,5.67727,13.4467,-80.8642,16.1121,2,0.019,0.024,0.017
juelich_pilot_d30_r2_log_distance_s02_w1,juelich,12345,2,2,log-distance,42,43,veh9,veh1,2,2,0,92.1264,1,5.67727,8.31767,-65.9645,31.0118,2,0.019,0.019,0.017
juelich_pilot_d30_r2_log_distance_s02_w1,juelich,12345,2,2,log-distance,42,43,veh9,veh10,2,2,0,190.549,1,5.67727,8.50169,-72.2778,24.6985,2,0.019,0.019,0.017
juelich_pilot_d30_r2_log_distance_s02_w1,juelich,12345,2,2,log-distance,42,43,veh9,veh11,2,2,0,55.3282,1,5.67727,7.3595,-61.5349,35.4413,2,0.019,0.019,0.017
juelich_pilot_d30_r2_log_distance_s02_w1,juelich,12345,2,2,log-distance,42,43,veh9,veh12,2,2,0,548.038,0,5.67727,3.31166,-81.4539,15.5224,2,0.019,0.019,0.017
juelich_pilot_d30_r2_log_distance_s02_w1,juelich,12345,2,2,log-distance,42,43,veh9,veh13,2,2,0,356.623,1,5.67727,7.58117,-77.7218,19.2544,2,0.019,0.024,0.017
juelich_pilot_d30_r2_log_distance_s02_w1,juelich,12345,2,2,log-distance,42,43,veh9,veh14,2,0,1,683.054,0,5.67727,8.84221,nan,nan,0,0.019,0.019,0.017
juelich_pilot_d30_r2_log_distance_s02_w1,juelich,12345,2,2,log-distance,42,43,veh9,veh15,2,0,1,958.239,0,5.67727,3.65556,nan,nan,0,0.019,0.011,0.017
juelich_pilot_d30_r2_log_distance_s02_w1,juelich,12345,2,2,log-distance,42,43,veh9,veh4,2,2,0,168.459,1,5.67727,4.90623,-71.2076,25.7687,2,0.019,0.02,0.017
juelich_pilot_d30_r2_log_distance_s02_w1,juelich,12345,2,2,log-distance,42,43,veh9,veh5,2,0,1,876.334,0,5.67727,7.4563,nan,nan,0,0.019,0.015,0.017
juelich_pilot_d30_r2_log_distance_s02_w1,juelich,12345,2,2,log-distance,42,43,veh9,veh6,2,2,0,212.027,1,5.67727,8.08566,-73.2055,23.7708,2,0.019,0.019,0.017
juelich_pilot_d30_r2_log_distance_s02_w1,juelich,12345,2,2,log-distance,42,43,veh9,veh7,2,0,1,888.722,0,5.67727,11.142,nan,nan,0,0.019,0.015,0.017
juelich_pilot_d30_r2_log_distance_s02_w1,juelich,12345,2,2,log-distance,42,43,veh9,veh8,2,0,1,967.808,0,5.67727,7.14255,nan,nan,0,0.019,0.013,0.017
juelich_pilot_d30_r2_log_distance_s02_w1,juelich,12345,2,2,log-distance,43,44,veh0,veh1,2,0,1,602.838,0,13.4231,8.37305,nan,nan,0,0.024,0.019,0.0171618
juelich_pilot_d30_r2_log_distance_s02_w1,juelich,12345,2,2,log-distance,43,44,veh0,veh10,2,2,0,466.676,1,13.4231,8.51418,-80.058,16.9183,2,0.024,0.019,0.0171618
juelich_pilot_d30_r2_log_distance_s02_w1,juelich,12345,2,2,log-distance,43,44,veh0,veh11,2,2,0,569.23,0,13.4231,7.32862,-81.7834,15.1928,2,0.024,0.019,0.0171618
juelich_pilot_d30_r2_log_distance_s02_w1,juelich,12345,2,2,log-distance,43,44,veh0,veh12,2,2,0,466.717,1,13.4231,4.05796,-80.0587,16.9176,2,0.024,0.019,0.0171618
juelich_pilot_d30_r2_log_distance_s02_w1,juelich,12345,2,2,log-distance,43,44,veh0,veh13,2,2,0,178.578,1,13.4231,7.57172,-71.7126,25.2637,2,0.024,0.024,0.0171618
juelich_pilot_d30_r2_log_distance_s02_w1,juelich,12345,2,2,log-distance,43,44,veh0,veh14,2,2,0,473.895,1,13.4231,10.8469,-80.1913,16.785,2,0.024,0.019,0.0171618
juelich_pilot_d30_r2_log_distance_s02_w1,juelich,12345,2,2,log-distance,43,44,veh0,veh15,2,2,0,521.34,0,13.4231,5.62059,-81.0201,15.9562,2,0.024,0.013,0.0171618
juelich_pilot_d30_r2_log_distance_s02_w1,juelich,12345,2,2,log-distance,43,44,veh0,veh4,2,2,0,370.096,1,13.4231,6.78991,-78.044,18.9323,2,0.024,0.02,0.0171618
juelich_pilot_d30_r2_log_distance_s02_w1,juelich,12345,2,2,log-distance,43,44,veh0,veh5,2,2,0,522.66,0,13.4231,7.45787,-81.0421,15.9342,2,0.024,0.018,0.0171618
juelich_pilot_d30_r2_log_distance_s02_w1,juelich,12345,2,2,log-distance,43,44,veh0,veh6,2,2,0,447.242,1,13.4231,10.1156,-79.6885,17.2877,2,0.024,0.019,0.0171618
juelich_pilot_d30_r2_log_distance_s02_w1,juelich,12345,2,2,log-distance,43,44,veh0,veh7,2,0,1,720.191,0,13.4231,11.1825,nan,nan,0,0.024,0.016,0.0171618
juelich_pilot_d30_r2_log_distance_s02_w1,juelich,12345,2,2,log-distance,43,44,veh0,veh8,2,0,1,919.636,0,13.4231,7.14206,nan,nan,0,0.024,0.014,0.0171618
juelich_pilot_d30_r2_log_distance_s02_w1,juelich,12345,2,2,log-distance,43,44,veh0,veh9,2,2,0,519.335,0,13.4231,7.68202,-80.9866,15.9896,2,0.024,0.019,0.0171618
juelich_pilot_d30_r2_log_distance_s02_w1,juelich,12345,2,2,log-distance,43,44,veh1,veh0,2,0,1,602.838,0,8.37305,13.4231,nan,nan,0,0.019,0.024,0.0171618
juelich_pilot_d30_r2_log_distance_s02_w1,juelich,12345,2,2,log-distance,43,44,veh1,veh10,2,2,0,265.094,1,8.37305,8.51418,-75.1457,21.8306,2,0.019,0.019,0.0171618
juelich_pilot_d30_r2_log_distance_s02_w1,juelich,12345,2,2,log-distance,43,44,veh1,veh11,2,2,0,35.8596,1,8.37305,7.32862,-57.7696,39.2067,2,0.019,0.019,0.0171618
juelich_pilot_d30_r2_log_distance_s02_w1,juelich,12345,2,2,log-distance,43,44,veh1,veh12,2,0,1,621.598,0,8.37305,4.05796,nan,nan,0,0.019,0.019,0.0171618
juelich_pilot_d30_r2_log_distance_s02_w1,juelich,12345,2,2,log-distance,43,44,veh1,veh13,2,2,0,436.817,1,8.37305,7.57172,-79.4836,17.4927,2,0.019,0.024,0.0171618
juelich_pilot_d30_r2_log_distance_s02_w1,juelich,12345,2,2,log-distance,43,44,veh1,veh14,2,0,1,751.95,0,8.37305,10.8469,nan,nan,0,0.019,0.019,0.0171618
juelich_pilot_d30_r2_log_distance_s02_w1,juelich,12345,2,2,log-distance,43,44,veh1,veh4,2,2,0,258.057,1,8.37305,6.78991,-74.912,22.0643,2,0.019,0.02,0.0171618
juelich_pilot_d30_r2_log_distance_s02_w1,juelich,12345,2,2,log-distance,43,44,veh1,veh5,2,0,1,923.973,0,8.37305,7.45787,nan,nan,0,0.019,0.018,0.0171618
juelich_pilot_d30_r2_log_distance_s02_w1,juelich,12345,2,2,log-distance,43,44,veh1,veh6,2,2,0,290.355,1,8.37305,10.1156,-75.9363,21.04,2,0.019,0.019,0.0171618
juelich_pilot_d30_r2_log_distance_s02_w1,juelich,12345,2,2,log-distance,43,44,veh1,veh7,2,0,1,902.726,0,8.37305,11.1825,nan,nan,0,0.019,0.016,0.0171618
juelich_pilot_d30_r2_log_distance_s02_w1,juelich,12345,2,2,log-distance,43,44,veh1,veh8,2,0,1,969.299,0,8.37305,7.14206,nan,nan,0,0.019,0.014,0.0171618
juelich_pilot_d30_r2_log_distance_s02_w1,juelich,12345,2,2,log-distance,43,44,veh1,veh9,2,2,0,89.4588,1,8.37305,7.68202,-65.7102,31.2661,2,0.019,0.019,0.0171618
juelich_pilot_d30_r2_log_distance_s02_w1,juelich,12345,2,2,log-distance,43,44,veh10,veh0,2,2,0,466.676,1,8.51418,13.4231,-80.058,16.9183,2,0.019,0.024,0.0171618
juelich_pilot_d30_r2_log_distance_s02_w1,juelich,12345,2,2,log-distance,43,44,veh10,veh1,2,2,0,265.094,1,8.51418,8.37305,-75.1457,21.8306,2,0.019,0.019,0.0171618
juelich_pilot_d30_r2_log_distance_s02_w1,juelich,12345,2,2,log-distance,43,44,veh10,veh11,2,2,0,233.938,1,8.51418,7.32862,-74.0597,22.9166,2,0.019,0.019,0.0171618
juelich_pilot_d30_r2_log_distance_s02_w1,juelich,12345,2,2,log-distance,43,44,veh10,veh12,2,2,0,357.028,1,8.51418,4.05796,-77.7315,19.2447,2,0.019,0.019,0.0171618
juelich_pilot_d30_r2_log_distance_s02_w1,juelich,12345,2,2,log-distance,43,44,veh10,veh13,2,2,0,289.97,1,8.51418,7.57172,-75.9244,21.0519,2,0.019,0.024,0.0171618
juelich_pilot_d30_r2_log_distance_s02_w1,juelich,12345,2,2,log-distance,43,44,veh10,veh14,2,2,0,491.312,1,8.51418,10.8469,-80.5045,16.4718,2,0.019,0.019,0.0171618
juelich_pilot_d30_r2_log_distance_s02_w1,juelich,12345,2,2,log-distance,43,44,veh10,veh15,2,0,1,963.185,0,8.51418,5.62059,nan,nan,0,0.019,0.013,0.0171618
juelich_pilot_d30_r2_log_distance_s02_w1,juelich,12345,2,2,log-distance,43,44,veh10,veh4,2,2,0,126.169,1,8.51418,6.78991,-68.6967,28.2796,2,0.019,0.02,0.0171618
juelich_pilot_d30_r2_log_distance_s02_w1,juelich,12345,2,2,log-distance,43,44,veh10,veh5,2,0,1,914,0,8.51418,7.45787,nan,nan,0,0.019,0.018,0.0171618
juelich_pilot_d30_r2_log_distance_s02_w1,juelich,12345,2,2,log-distance,43,44,veh10,veh6,2,2,0,28.1011,1,8.51418,10.1156,-55.6512,41.3251,2,0.019,0.019,0.0171618
juelich_pilot_d30_r2_log_distance_s02_w1,juelich,12345,2,2,log-distance,43,44,veh10,veh7,2,0,1,984.855,0,8.51418,11.1825,nan,nan,0,0.019,0.016,0.0171618
juelich_pilot_d30_r2_log_distance_s02_w1,juelich,12345,2,2,log-distance,43,44,veh10,veh9,2,2,0,190.851,1,8.51418,7.68202,-72.2916,24.6847,2,0.019,0.019,0.0171618
juelich_pilot_d30_r2_log_distance_s02_w1,juelich,12345,2,2,log-distance,43,44,veh11,veh0,2,2,0,569.23,0,7.32862,13.4231,-81.7834,15.1928,2,0.019,0.024,0.0171618
juelich_pilot_d30_r2_log_distance_s02_w1,juelich,12345,2,2,log-distance,43,44,veh11,veh1,2,2,0,35.8596,1,7.32862,8.37305,-57.7696,39.2067,2,0.019,0.019,0.0171618
juelich_pilot_d30_r2_log_distance_s02_w1,juelich,12345,2,2,log-distance,43,44,veh11,veh10,2,2,0,233.938,1,7.32862,8.51418,-74.0597,22.9166,2,0.019,0.019,0.0171618
juelich_pilot_d30_r2_log_distance_s02_w1,juelich,12345,2,2,log-distance,43,44,veh11,veh12,2,0,1,589.285,0,7.32862,4.05796,nan,nan,0,0.019,0.019,0.0171618
juelich_pilot_d30_r2_log_distance_s02_w1,juelich,12345,2,2,log-distance,43,44,veh11,veh13,2,2,0,401.877,1,7.32862,7.57172,-78.7594,18.2169,2,0.019,0.024,0.0171618
juelich_pilot_d30_r2_log_distance_s02_w1,juelich,12345,2,2,log-distance,43,44,veh11,veh14,2,0,1,718.186,0,7.32862,10.8469,nan,nan,0,0.019,0.019,0.0171618
juelich_pilot_d30_r2_log_distance_s02_w1,juelich,12345,2,2,log-distance,43,44,veh11,veh15,2,0,1,991.304,0,7.32862,5.62059,nan,nan,0,0.019,0.013,0.0171618
juelich_pilot_d30_r2_log_distance_s02_w1,juelich,12345,2,2,log-distance,43,44,veh11,veh4,2,2,0,222.197,1,7.32862,6.78991,-73.6125,23.3638,2,0.019,0.02,0.0171618
juelich_pilot_d30_r2_log_distance_s02_w1,juelich,12345,2,2,log-distance,43,44,veh11,veh5,2,0,1,902.278,0,7.32862,7.45787,nan,nan,0,0.019,0.018,0.0171618
juelich_pilot_d30_r2_log_distance_s02_w1,juelich,12345,2,2,log-distance,43,44,veh11,veh6,2,2,0,258.346,1,7.32862,10.1156,-74.9217,22.0546,2,0.019,0.019,0.0171618
juelich_pilot_d30_r2_log_distance_s02_w1,juelich,12345,2,2,log-distance,43,44,veh11,veh7,2,0,1,892.599,0,7.32862,11.1825,nan,nan,0,0.019,0.016,0.0171618
juelich_pilot_d30_r2_log_distance_s02_w1,juelich,12345,2,2,log-distance,43,44,veh11,veh8,2,0,1,967.944,0,7.32862,7.14206,nan,nan,0,0.019,0.014,0.0171618
juelich_pilot_d30_r2_log_distance_s02_w1,juelich,12345,2,2,log-distance,43,44,veh11,veh9,2,2,0,53.6006,1,7.32862,7.68202,-61.2611,35.7152,2,0.019,0.019,0.0171618
juelich_pilot_d30_r2_log_distance_s02_w1,juelich,12345,2,2,log-distance,43,44,veh12,veh0,2,0,1,466.717,1,4.05796,13.4231,nan,nan,0,0.019,0.024,0.0171618
juelich_pilot_d30_r2_log_distance_s02_w1,juelich,12345,2,2,log-distance,43,44,veh12,veh1,2,0,1,621.598,0,4.05796,8.37305,nan,nan,0,0.019,0.019,0.0171618
juelich_pilot_d30_r2_log_distance_s02_w1,juelich,12345,2,2,log-distance,43,44,veh12,veh10,2,0,1,357.028,1,4.05796,8.51418,nan,nan,0,0.019,0.019,0.0171618
juelich_pilot_d30_r2_log_distance_s02_w1,juelich,12345,2,2,log-distance,43,44,veh12,veh11,2,0,1,589.285,0,4.05796,7.32862,nan,nan,0,0.019,0.019,0.0171618
juelich_pilot_d30_r2_log_distance_s02_w1,juelich,12345,2,2,log-distance,43,44,veh12,veh13,2,0,1,382.048,1,4.05796,7.57172,nan,nan,0,0.019,0.024,0.0171618
juelich_pilot_d30_r2_log_distance_s02_w1,juelich,12345,2,2,log-distance,43,44,veh12,veh14,2,2,0,147.303,1,4.05796,10.8469,-70.0404,9.50666,2,0.019,0.019,0.0171618
juelich_pilot_d30_r2_log_distance_s02_w1,juelich,12345,2,2,log-distance,43,44,veh12,veh15,2,0,1,974.248,0,4.05796,5.62059,nan,nan,0,0.019,0.013,0.0171618
juelich_pilot_d30_r2_log_distance_s02_w1,juelich,12345,2,2,log-distance,43,44,veh12,veh4,2,0,1,403.182,1,4.05796,6.78991,nan,nan,0,0.019,0.02,0.0171618
juelich_pilot_d30_r2_log_distance_s02_w1,juelich,12345,2,2,log-distance,43,44,veh12,veh5,2,0,1,989.341,0,4.05796,7.45787,nan,nan,0,0.019,0.018,0.0171618
juelich_pilot_d30_r2_log_distance_s02_w1,juelich,12345,2,2,log-distance,43,44,veh12,veh6,2,0,1,331.246,1,4.05796,10.1156,nan,nan,0,0.019,0.019,0.0171618
juelich_pilot_d30_r2_log_distance_s02_w1,juelich,12345,2,2,log-distance,43,44,veh12,veh9,2,0,1,542.097,0,4.05796,7.68202,nan,nan,0,0.019,0.019,0.0171618
juelich_pilot_d30_r2_log_distance_s02_w1,juelich,12345,2,2,log-distance,43,44,veh13,veh0,2,2,0,178.578,1,7.57172,13.4231,-71.7126,8.25868,2,0.024,0.024,0.0171618
juelich_pilot_d30_r2_log_distance_s02_w1,juelich,12345,2,2,log-distance,43,44,veh13,veh1,2,0,1,436.817,1,7.57172,8.37305,nan,nan,0,0.024,0.019,0.0171618
juelich_pilot_d30_r2_log_distance_s02_w1,juelich,12345,2,2,log-distance,43,44,veh13,veh10,2,0,1,289.97,1,7.57172,8.51418,nan,nan,0,0.024,0.019,0.0171618
juelich_pilot_d30_r2_log_distance_s02_w1,juelich,12345,2,2,log-distance,43,44,veh13,veh11,2,0,1,401.877,1,7.57172,7.32862,nan,nan,0,0.024,0.019,0.0171618
juelich_pilot_d30_r2_log_distance_s02_w1,juelich,12345,2,2,log-distance,43,44,veh13,veh12,2,0,1,382.048,1,7.57172,4.05796,nan,nan,0,0.024,0.019,0.0171618
juelich_pilot_d30_r2_log_distance_s02_w1,juelich,12345,2,2,log-distance,43,44,veh13,veh14,2,0,1,444.057,1,7.57172,10.8469,nan,nan,0,0.024,0.019,0.0171618
juelich_pilot_d30_r2_log_distance_s02_w1,juelich,12345,2,2,log-distance,43,44,veh13,veh15,2,0,1,679,0,7.57172,5.62059,nan,nan,0,0.024,0.013,0.0171618
juelich_pilot_d30_r2_log_distance_s02_w1,juelich,12345,2,2,log-distance,43,44,veh13,veh4,2,2,0,192.668,1,7.57172,6.78991,-72.3732,6.34902,2,0.024,0.02,0.0171618
juelich_pilot_d30_r2_log_distance_s02_w1,juelich,12345,2,2,log-distance,43,44,veh13,veh5,2,0,1,648.815,0,7.57172,7.45787,nan,nan,0,0.024,0.018,0.0171618
juelich_pilot_d30_r2_log_distance_s02_w1,juelich,12345,2,2,log-distance,43,44,veh13,veh6,2,0,1,272.364,1,7.57172,10.1156,nan,nan,0,0.024,0.019,0.0171618
juelich_pilot_d30_r2_log_distance_s02_w1,juelich,12345,2,2,log-distance,43,44,veh13,veh7,2,0,1,782.23,0,7.57172,11.1825,nan,nan,0,0.024,0.016,0.0171618
juelich_pilot_d30_r2_log_distance_s02_w1,juelich,12345,2,2,log-distance,43,44,veh13,veh8,2,0,1,949.434,0,7.57172,7.14206,nan,nan,0,0.024,0.014,0.0171618
juelich_pilot_d30_r2_log_distance_s02_w1,juelich,12345,2,2,log-distance,43,44,veh13,veh9,2,0,1,349.846,1,7.57172,7.68202,nan,nan,0,0.024,0.019,0.0171618
juelich_pilot_d30_r2_log_distance_s02_w1,juelich,12345,2,2,log-distance,43,44,veh14,veh0,2,2,0,473.895,1,10.8469,13.4231,-80.1913,16.785,2,0.019,0.024,0.0171618
juelich_pilot_d30_r2_log_distance_s02_w1,juelich,12345,2,2,log-distance,43,44,veh14,veh1,2,0,1,751.95,0,10.8469,8.37305,nan,nan,0,0.019,0.019,0.0171618
juelich_pilot_d30_r2_log_distance_s02_w1,juelich,12345,2,2,log-distance,43,44,veh14,veh10,2,2,0,491.312,1,10.8469,8.51418,-80.5045,16.4718,2,0.019,0.019,0.0171618
juelich_pilot_d30_r2_log_distance_s02_w1,juelich,12345,2,2,log-distance,43,44,veh14,veh11,2,0,1,718.186,0,10.8469,7.32862,nan,nan,0,0.019,0.019,0.0171618
juelich_pilot_d30_r2_log_distance_s02_w1,juelich,12345,2,2,log-distance,43,44,veh14,veh12,2,2,0,147.303,1,10.8469,4.05796,-70.0404,26.9359,2,0.019,0.019,0.0171618
juelich_pilot_d30_r2_log_distance_s02_w1,juelich,12345,2,2,log-distance,43,44,veh14,veh13,2,2,0,444.057,1,10.8469,7.57172,-79.6263,17.35,2,0.019,0.024,0.0171618
juelich_pilot_d30_r2_log_distance_s02_w1,juelich,12345,2,2,log-distance,43,44,veh14,veh15,2,0,1,943.349,0,10.8469,5.62059,nan,nan,0,0.019,0.013,0.0171618
juelich_pilot_d30_r2_log_distance_s02_w1,juelich,12345,2,2,log-distance,43,44,veh14,veh4,2,2,0,515.7,0,10.8469,6.78991,-80.9254,16.0508,2,0.019,0.02,0.0171618
juelich_pilot_d30_r2_log_distance_s02_w1,juelich,12345,2,2,log-distance,43,44,veh14,veh5,2,0,1,984.394,0,10.8469,7.45787,nan,nan,0,0.019,0.018,0.0171618
juelich_pilot_d30_r2_log_distance_s02_w1,juelich,12345,2,2,log-distance,43,44,veh14,veh6,2,2,0,464.126,1,10.8469,10.1156,-80.0099,16.9663,2,0.019,0.019,0.0171618
juelich_pilot_d30_r2_log_distance_s02_w1,juelich,12345,2,2,log-distance,43,44,veh14,veh9,2,0,1,668.34,0,10.8469,7.68202,nan,nan,0,0.019,0.019,0.0171618
juelich_pilot_d30_r2_log_distance_s02_w1,juelich,12345,2,2,log-distance,43,44,veh15,veh0,2,2,0,521.34,0,5.62059,13.4231,-81.0201,15.9562,2,0.013,0.024,0.0171618
juelich_pilot_d30_r2_log_distance_s02_w1,juelich,12345,2,2,log-distance,43,44,veh15,veh10,2,0,1,963.185,0,5.62059,8.51418,nan,nan,0,0.013,0.019,0.0171618
juelich_pilot_d30_r2_log_distance_s02_w1,juelich,12345,2,2,log-distance,43,44,veh15,veh11,2,0,1,991.304,0,5.62059,7.32862,nan,nan,0,0.013,0.019,0.0171618
juelich_pilot_d30_r2_log_distance_s02_w1,juelich,12345,2,2,log-distance,43,44,veh15,veh12,2,0,1,974.248,0,5.62059,4.05796,nan,nan,0,0.013,0.019,0.0171618
juelich_pilot_d30_r2_log_distance_s02_w1,juelich,12345,2,2,log-distance,43,44,veh15,veh13,2,0,1,679,0,5.62059,7.57172,nan,nan,0,0.013,0.024,0.0171618
juelich_pilot_d30_r2_log_distance_s02_w1,juelich,12345,2,2,log-distance,43,44,veh15,veh14,2,0,1,943.349,0,5.62059,10.8469,nan,nan,0,0.013,0.019,0.0171618
juelich_pilot_d30_r2_log_distance_s02_w1,juelich,12345,2,2,log-distance,43,44,veh15,veh16,1,0,1,610.648,0,6.12608,0.721205,nan,nan,0,0.013,0.00875,0.0171618
juelich_pilot_d30_r2_log_distance_s02_w1,juelich,12345,2,2,log-distance,43,44,veh15,veh2,2,0,1,967.448,0,5.62059,0,nan,nan,0,0.013,0.01,0.0171618
juelich_pilot_d30_r2_log_distance_s02_w1,juelich,12345,2,2,log-distance,43,44,veh15,veh3,2,0,1,827.324,0,5.62059,12.6988,nan,nan,0,0.013,0.011,0.0171618
juelich_pilot_d30_r2_log_distance_s02_w1,juelich,12345,2,2,log-distance,43,44,veh15,veh4,2,0,1,846.743,0,5.62059,6.78991,nan,nan,0,0.013,0.02,0.0171618
juelich_pilot_d30_r2_log_distance_s02_w1,juelich,12345,2,2,log-distance,43,44,veh15,veh5,2,2,0,174.987,1,5.62059,7.45787,-71.5371,25.4392,2,0.013,0.018,0.0171618
juelich_pilot_d30_r2_log_distance_s02_w1,juelich,12345,2,2,log-distance,43,44,veh15,veh6,2,0,1,948.849,0,5.62059,10.1156,nan,nan,0,0.013,0.019,0.0171618
juelich_pilot_d30_r2_log_distance_s02_w1,juelich,12345,2,2,log-distance,43,44,veh15,veh7,2,2,0,499.315,1,5.62059,11.1825,-80.6452,16.3311,2,0.013,0.016,0.0171618
juelich_pilot_d30_r2_log_distance_s02_w1,juelich,12345,2,2,log-distance,43,44,veh15,veh8,2,0,1,739.958,0,5.62059,7.14206,nan,nan,0,0.013,0.014,0.0171618
juelich_pilot_d30_r2_log_distance_s02_w1,juelich,12345,2,2,log-distance,43,44,veh15,veh9,2,0,1,953.425,0,5.62059,7.68202,nan,nan,0,0.013,0.019,0.0171618
juelich_pilot_d30_r2_log_distance_s02_w1,juelich,12345,2,2,log-distance,43,44,veh16,veh15,1,0,1,610.648,0,0.721205,6.12608,nan,nan,0,0.00875,0.013,0.0171618
juelich_pilot_d30_r2_log_distance_s02_w1,juelich,12345,2,2,log-distance,43,44,veh16,veh2,1,0,1,670.412,0,0.721205,0,nan,nan,0,0.00875,0.01,0.0171618
juelich_pilot_d30_r2_log_distance_s02_w1,juelich,12345,2,2,log-distance,43,44,veh16,veh3,1,1,0,583.564,0,0.721205,12.7137,-81.9995,14.9768,1,0.00875,0.011,0.0171618
juelich_pilot_d30_r2_log_distance_s02_w1,juelich,12345,2,2,log-distance,43,44,veh16,veh5,1,0,1,589.166,0,0.721205,7.45783,nan,nan,0,0.00875,0.018,0.0171618
juelich_pilot_d30_r2_log_distance_s02_w1,juelich,12345,2,2,log-distance,43,44,veh16,veh7,1,0,1,613.05,0,0.721205,11.2011,nan,nan,0,0.00875,0.016,0.0171618
juelich_pilot_d30_r2_log_distance_s02_w1,juelich,12345,2,2,log-distance,43,44,veh16,veh8,1,0,1,723.403,0,0.721205,7.12175,nan,nan,0,0.00875,0.014,0.0171618
juelich_pilot_d30_r2_log_distance_s02_w1,juelich,12345,2,2,log-distance,43,44,veh2,veh15,2,0,1,967.448,0,0,5.62059,nan,nan,0,0.01,0.013,0.0171618
juelich_pilot_d30_r2_log_distance_s02_w1,juelich,12345,2,2,log-distance,43,44,veh2,veh16,1,0,1,670.412,0,0,0.721205,nan,nan,0,0.01,0.00875,0.0171618
juelich_pilot_d30_r2_log_distance_s02_w1,juelich,12345,2,2,log-distance,43,44,veh2,veh3,2,2,0,142.498,1,0,12.6988,-69.7517,20.0577,2,0.01,0.011,0.0171618
juelich_pilot_d30_r2_log_distance_s02_w1,juelich,12345,2,2,log-distance,43,44,veh2,veh5,2,0,1,823.681,0,0,7.45787,nan,nan,0,0.01,0.018,0.0171618
juelich_pilot_d30_r2_log_distance_s02_w1,juelich,12345,2,2,log-distance,43,44,veh2,veh7,2,2,0,542.328,0,0,11.1825,-81.3629,6.29998,2,0.01,0.016,0.0171618
juelich_pilot_d30_r2_log_distance_s02_w1,juelich,12345,2,2,log-distance,43,44,veh2,veh8,2,2,0,377.292,1,0,7.14206,-78.2112,10.5577,2,0.01,0.014,0.0171618
juelich_pilot_d30_r2_log_distance_s02_w1,juelich,12345,2,2,log-distance,43,44,veh3,veh15,2,0,1,827.324,0,12.6988,5.62059,nan,nan,0,0.011,0.013,0.0171618
juelich_pilot_d30_r2_log_distance_s02_w1,juelich,12345,2,2,log-distance,43,44,veh3,veh16,1,1,0,583.564,0,12.7137,0.721205,-81.9995,14.9768,1,0.011,0.00875,0.0171618
juelich_pilot_d30_r2_log_distance_s02_w1,juelich,12345,2,2,log-distance,43,44,veh3,veh2,2,2,0,142.498,1,12.6988,0,-69.7517,27.2246,2,0.011,0.01,0.0171618
juelich_pilot_d30_r2_log_distance_s02_w1,juelich,12345,2,2,log-distance,43,44,veh3,veh5,2,0,1,681.463,0,12.6988,7.45787,nan,nan,0,0.011,0.018,0.0171618
juelich_pilot_d30_r2_log_distance_s02_w1,juelich,12345,2,2,log-distance,43,44,veh3,veh7,2,2,0,403.467,1,12.6988,11.1825,-78.7938,18.1824,2,0.011,0.016,0.0171618
juelich_pilot_d30_r2_log_distance_s02_w1,juelich,12345,2,2,log-distance,43,44,veh3,veh8,2,2,0,270.539,1,12.6988,7.14206,-75.3223,21.654,2,0.011,0.014,0.0171618
juelich_pilot_d30_r2_log_distance_s02_w1,juelich,12345,2,2,log-distance,43,44,veh4,veh0,2,2,0,370.096,1,6.78991,13.4231,-78.044,18.9323,2,0.02,0.024,0.0171618
juelich_pilot_d30_r2_log_distance_s02_w1,juelich,12345,2,2,log-distance,43,44,veh4,veh1,2,2,0,258.057,1,6.78991,8.37305,-74.912,22.0643,2,0.02,0.019,0.0171618
juelich_pilot_d30_r2_log_distance_s02_w1,juelich,12345,2,2,log-distance,43,44,veh4,veh10,2,2,0,126.169,1,6.78991,8.51418,-68.6967,28.2796,2,0.02,0.019,0.0171618
juelich_pilot_d30_r2_log_distance_s02_w1,juelich,12345,2,2,log-distance,43,44,veh4,veh11,2,2,0,222.197,1,6.78991,7.32862,-73.6125,23.3638,2,0.02,0.019,0.0171618
juelich_pilot_d30_r2_log_distance_s02_w1,juelich,12345,2,2,log-distance,43,44,veh4,veh12,2,2,0,403.182,1,6.78991,4.05796,-78.7876,18.1887,2,0.02,0.019,0.0171618
juelich_pilot_d30_r2_log_distance_s02_w1,juelich,12345,2,2,log-distance,43,44,veh4,veh13,2,2,0,192.668,1,6.78991,7.57172,-72.3732,24.6031,2,0.02,0.024,0.0171618
juelich_pilot_d30_r2_log_distance_s02_w1,juelich,12345,2,2,log-distance,43,44,veh4,veh14,2,2,0,515.7,0,6.78991,10.8469,-80.9254,16.0508,2,0.02,0.019,0.0171618
juelich_pilot_d30_r2_log_distance_s02_w1,juelich,12345,2,2,log-distance,43,44,veh4,veh15,2,0,1,846.743,0,6.78991,5.62059,nan,nan,0,0.02,0.013,0.0171618
juelich_pilot_d30_r2_log_distance_s02_w1,juelich,12345,2,2,log-distance,43,44,veh4,veh5,2,0,1,790.461,0,6.78991,7.45787,nan,nan,0,0.02,0.018,0.0171618
juelich_pilot_d30_r2_log_distance_s02_w1,juelich,12345,2,2,log-distance,43,44,veh4,veh6,2,2,0,124.289,1,6.78991,10.1156,-68.5663,28.41,2,0.02,0.019,0.0171618
juelich_pilot_d30_r2_log_distance_s02_w1,juelich,12345,2,2,log-distance,43,44,veh4,veh7,2,0,1,860.283,0,6.78991,11.1825,nan,nan,0,0.02,0.016,0.0171618
juelich_pilot_d30_r2_log_distance_s02_w1,juelich,12345,2,2,log-distance,43,44,veh4,veh8,2,0,1,988.185,0,6.78991,7.14206,nan,nan,0,0.02,0.014,0.0171618
juelich_pilot_d30_r2_log_distance_s02_w1,juelich,12345,2,2,log-distance,43,44,veh4,veh9,2,2,0,168.599,1,6.78991,7.68202,-71.2148,25.7615,2,0.02,0.019,0.0171618
juelich_pilot_d30_r2_log_distance_s02_w1,juelich,12345,2,2,log-distance,43,44,veh5,veh0,2,2,0,522.66,0,7.45787,13.4231,-81.0421,10.245,2,0.018,0.024,0.0171618
juelich_pilot_d30_r2_log_distance_s02_w1,juelich,12345,2,2,log-distance,43,44,veh5,veh1,2,0,1,923.973,0,7.45787,8.37305,nan,nan,0,0.018,0.019,0.0171618
juelich_pilot_d30_r2_log_distance_s02_w1,juelich,12345,2,2,log-distance,43,44,veh5,veh10,2,0,1,914,0,7.45787,8.51418,nan,nan,0,0.018,0.019,0.0171618
juelich_pilot_d30_r2_log_distance_s02_w1,juelich,12345,2,2,log-distance,43,44,veh5,veh11,2,0,1,902.278,0,7.45787,7.32862,nan,nan,0,0.018,0.019,0.0171618
juelich_pilot_d30_r2_log_distance_s02_w1,juelich,12345,2,2,log-distance,43,44,veh5,veh12,2,0,1,989.341,0,7.45787,4.05796,nan,nan,0,0.018,0.019,0.0171618
juelich_pilot_d30_r2_log_distance_s02_w1,juelich,12345,2,2,log-distance,43,44,veh5,veh13,2,0,1,648.815,0,7.45787,7.57172,nan,nan,0,0.018,0.024,0.0171618
juelich_pilot_d30_r2_log_distance_s02_w1,juelich,12345,2,2,log-distance,43,44,veh5,veh14,2,0,1,984.394,0,7.45787,10.8469,nan,nan,0,0.018,0.019,0.0171618
juelich_pilot_d30_r2_log_distance_s02_w1,juelich,12345,2,2,log-distance,43,44,veh5,veh15,2,2,0,174.987,1,7.45787,5.62059,-71.5371,18.8632,2,0.018,0.013,0.0171618
juelich_pilot_d30_r2_log_distance_s02_w1,juelich,12345,2,2,log-distance,43,44,veh5,veh16,1,0,1,589.166,0,7.45783,0.721205,nan,nan,0,0.018,0.00875,0.0171618
juelich_pilot_d30_r2_log_distance_s02_w1,juelich,12345,2,2,log-distance,43,44,veh5,veh2,2,0,1,823.681,0,7.45787,0,nan,nan,0,0.018,0.01,0.0171618
juelich_pilot_d30_r2_log_distance_s02_w1,juelich,12345,2,2,log-distance,43,44,veh5,veh3,2,0,1,681.463,0,7.45787,12.6988,nan,nan,0,0.018,0.011,0.0171618
juelich_pilot_d30_r2_log_distance_s02_w1,juelich,12345,2,2,log-distance,43,44,veh5,veh4,2,0,1,790.461,0,7.45787,6.78991,nan,nan,0,0.018,0.02,0.0171618
juelich_pilot_d30_r2_log_distance_s02_w1,juelich,12345,2,2,log-distance,43,44,veh5,veh6,2,0,1,904.253,0,7.45787,10.1156,nan,nan,0,0.018,0.019,0.0171618
juelich_pilot_d30_r2_log_distance_s02_w1,juelich,12345,2,2,log-distance,43,44,veh5,veh7,2,1,0.5,327.604,1,7.45787,11.1825,-76.9094,20.0668,1,0.018,0.016,0.0171618
juelich_pilot_d30_r2_log_distance_s02_w1,juelich,12345,2,2,log-distance,43,44,veh5,veh8,2,1,0.5,569.314,0,7.45787,7.14206,-81.7762,15.2001,1,0.018,0.014,0.0171618
juelich_pilot_d30_r2_log_distance_s02_w1,juelich,12345,2,2,log-distance,43,44,veh5,veh9,2,0,1,871.123,0,7.45787,7.68202,nan,nan,0,0.018,0.019,0.0171618
juelich_pilot_d30_r2_log_distance_s02_w1,juelich,12345,2,2,log-distance,43,44,veh6,veh0,2,2,0,447.242,1,10.1156,13.4231,-79.6885,17.2877,2,0.019,0.024,0.0171618
juelich_pilot_d30_r2_log_distance_s02_w1,juelich,12345,2,2,log-distance,43,44,veh6,veh1,2,2,0,290.355,1,10.1156,8.37305,-75.9363,21.04,2,0.019,0.019,0.0171618
juelich_pilot_d30_r2_log_distance_s02_w1,juelich,12345,2,2,log-distance,43,44,veh6,veh10,2,2,0,28.1011,1,10.1156,8.51418,-55.6512,41.3251,2,0.019,0.019,0.0171618
juelich_pilot_d30_r2_log_distance_s02_w1,juelich,12345,2,2,log-distance,43,44,veh6,veh11,2,2,0,258.346,1,10.1156,7.32862,-74.9217,22.0546,2,0.019,0.019,0.0171618
juelich_pilot_d30_r2_log_distance_s02_w1,juelich,12345,2,2,log-distance,43,44,veh6,veh12,2,2,0,331.246,1,10.1156,4.05796,-77.0804,19.8959,2,0.019,0.019,0.0171618
juelich_pilot_d30_r2_log_distance_s02_w1,juelich,12345,2,2,log-distance,43,44,veh6,veh13,2,2,0,272.364,1,10.1156,7.57172,-75.3801,21.5961,2,0.019,0.024,0.0171618
juelich_pilot_d30_r2_log_distance_s02_w1,juelich,12345,2,2,log-distance,43,44,veh6,veh14,2,2,0,464.126,1,10.1156,10.8469,-80.0099,16.9663,2,0.019,0.019,0.0171618
juelich_pilot_d30_r2_log_distance_s02_w1,juelich,12345,2,2,log-distance,43,44,veh6,veh15,2,0,1,948.849,0,10.1156,5.62059,nan,nan,0,0.019,0.013,0.0171618
juelich_pilot_d30_r2_log_distance_s02_w1,juelich,12345,2,2,log-distance,43,44,veh6,veh4,2,2,0,124.289,1,10.1156,6.78991,-68.5663,28.41,2,0.019,0.02,0.0171618
juelich_pilot_d30_r2_log_distance_s02_w1,juelich,12345,2,2,log-distance,43,44,veh6,veh5,2,0,1,904.253,0,10.1156,7.45787,nan,nan,0,0.019,0.018,0.0171618
juelich_pilot_d30_r2_log_distance_s02_w1,juelich,12345,2,2,log-distance,43,44,veh6,veh7,2,0,1,984.413,0,10.1156,11.1825,nan,nan,0,0.019,0.016,0.0171618
juelich_pilot_d30_r2_log_distance_s02_w1,juelich,12345,2,2,log-distance,43,44,veh6,veh9,2,2,0,213.139,1,10.1156,7.68202,-73.251,23.7253,2,0.019,0.019,0.0171618
juelich_pilot_d30_r2_log_distance_s02_w1,juelich,12345,2,2,log-distance,43,44,veh7,veh0,2,0,1,720.191,0,11.1825,13.4231,nan,nan,0,0.016,0.024,0.0171618
juelich_pilot_d30_r2_log_distance_s02_w1,juelich,12345,2,2,log-distance,43,44,veh7,veh1,2,0,1,902.726,0,11.1825,8.37305,nan,nan,0,0.016,0.019,0.0171618
juelich_pilot_d30_r2_log_distance_s02_w1,juelich,12345,2,2,log-distance,43,44,veh7,veh10,2,0,1,984.855,0,11.1825,8.51418,nan,nan,0,0.016,0.019,0.0171618
juelich_pilot_d30_r2_log_distance_s02_w1,juelich,12345,2,2,log-distance,43,44,veh7,veh11,2,0,1,892.599,0,11.1825,7.32862,nan,nan,0,0.016,0.019,0.0171618
juelich_pilot_d30_r2_log_distance_s02_w1,juelich,12345,2,2,log-distance,43,44,veh7,veh13,2,0,1,782.23,0,11.1825,7.57172,nan,nan,0,0.016,0.024,0.0171618
juelich_pilot_d30_r2_log_distance_s02_w1,juelich,12345,2,2,log-distance,43,44,veh7,veh15,2,2,0,499.315,1,11.1825,5.62059,-80.6452,16.3311,2,0.016,0.013,0.0171618
juelich_pilot_d30_r2_log_distance_s02_w1,juelich,12345,2,2,log-distance,43,44,veh7,veh16,1,0,1,613.05,0,11.2011,0.721205,nan,nan,0,0.016,0.00875,0.0171618
juelich_pilot_d30_r2_log_distance_s02_w1,juelich,12345,2,2,log-distance,43,44,veh7,veh2,2,2,0,542.328,0,11.1825,0,-81.3629,15.6134,2,0.016,0.01,0.0171618
juelich_pilot_d30_r2_log_distance_s02_w1,juelich,12345,2,2,log-distance,43,44,veh7,veh3,2,2,0,403.467,1,11.1825,12.6988,-78.7938,18.1824,2,0.016,0.011,0.0171618
juelich_pilot_d30_r2_log_distance_s02_w1,juelich,12345,2,2,log-distance,43,44,veh7,veh4,2,0,1,860.283,0,11.1825,6.78991,nan,nan,0,0.016,0.02,0.0171618
juelich_pilot_d30_r2_log_distance_s02_w1,juelich,12345,2,2,log-distance,43,44,veh7,veh5,2,2,0,327.604,1,11.1825,7.45787,-76.9844,19.9919,2,0.016,0.018,0.0171618
juelich_pilot_d30_r2_log_distance_s02_w1,juelich,12345,2,2,log-distance,43,44,veh7,veh6,2,0,1,984.413,0,11.1825,10.1156,nan,nan,0,0.016,0.019,0.0171618
juelich_pilot_d30_r2_log_distance_s02_w1,juelich,12345,2,2,log-distance,43,44,veh7,veh8,2,2,0,241.806,1,11.1825,7.14206,-74.3467,22.6296,2,0.016,0.014,0.0171618
juelich_pilot_d30_r2_log_distance_s02_w1,juelich,12345,2,2,log-distance,43,44,veh7,veh9,2,0,1,879.415,0,11.1825,7.68202,nan,nan,0,0.016,0.019,0.0171618
juelich_pilot_d30_r2_log_distance_s02_w1,juelich,12345,2,2,log-distance,43,44,veh8,veh0,2,0,1,919.636,0,7.14206,13.4231,nan,nan,0,0.014,0.024,0.0171618
juelich_pilot_d30_r2_log_distance_s02_w1,juelich,12345,2,2,log-distance,43,44,veh8,veh1,2,0,1,969.299,0,7.14206,8.37305,nan,nan,0,0.014,0.019,0.0171618
juelich_pilot_d30_r2_log_distance_s02_w1,juelich,12345,2,2,log-distance,43,44,veh8,veh11,2,0,1,967.944,0,7.14206,7.32862,nan,nan,0,0.014,0.019,0.0171618
juelich_pilot_d30_r2_log_distance_s02_w1,juelich,12345,2,2,log-distance,43,44,veh8,veh13,2,0,1,949.434,0,7.14206,7.57172,nan,nan,0,0.014,0.024,0.0171618
juelich_pilot_d30_r2_log_distance_s02_w1,juelich,12345,2,2,log-distance,43,44,veh8,veh15,2,0,1,739.958,0,7.14206,5.62059,nan,nan,0,0.014,0.013,0.0171618
juelich_pilot_d30_r2_log_distance_s02_w1,juelich,12345,2,2,log-distance,43,44,veh8,veh16,1,0,1,723.403,0,7.12175,0.721205,nan,nan,0,0.014,0.00875,0.0171618
juelich_pilot_d30_r2_log_distance_s02_w1,juelich,12345,2,2,log-distance,43,44,veh8,veh2,2,2,0,377.292,1,7.14206,0,-78.2112,12.6458,2,0.014,0.01,0.0171618
juelich_pilot_d30_r2_log_distance_s02_w1,juelich,12345,2,2,log-distance,43,44,veh8,veh3,2,2,0,270.539,1,7.14206,12.6988,-75.3223,14.7736,2,0.014,0.011,0.0171618
juelich_pilot_d30_r2_log_distance_s02_w1,juelich,12345,2,2,log-distance,43,44,veh8,veh4,2,0,1,988.185,0,7.14206,6.78991,nan,nan,0,0.014,0.02,0.0171618
juelich_pilot_d30_r2_log_distance_s02_w1,juelich,12345,2,2,log-distance,43,44,veh8,veh5,2,1,0.5,569.314,0,7.14206,7.45787,-81.7762,15.2001,1,0.014,0.018,0.0171618
juelich_pilot_d30_r2_log_distance_s02_w1,juelich,12345,2,2,log-distance,43,44,veh8,veh7,2,1,0.5,241.806,1,7.14206,11.1825,-74.4298,22.5465,1,0.014,0.016,0.0171618
juelich_pilot_d30_r2_log_distance_s02_w1,juelich,12345,2,2,log-distance,43,44,veh8,veh9,2,0,1,967.826,0,7.14206,7.68202,nan,nan,0,0.014,0.019,0.0171618
juelich_pilot_d30_r2_log_distance_s02_w1,juelich,12345,2,2,log-distance,43,44,veh9,veh0,2,2,0,519.335,0,7.68202,13.4231,-80.9866,15.9896,2,0.019,0.024,0.0171618
juelich_pilot_d30_r2_log_distance_s02_w1,juelich,12345,2,2,log-distance,43,44,veh9,veh1,2,2,0,89.4588,1,7.68202,8.37305,-65.7102,31.2661,2,0.019,0.019,0.0171618
juelich_pilot_d30_r2_log_distance_s02_w1,juelich,12345,2,2,log-distance,43,44,veh9,veh10,2,2,0,190.851,1,7.68202,8.51418,-72.2916,24.6847,2,0.019,0.019,0.0171618
juelich_pilot_d30_r2_log_distance_s02_w1,juelich,12345,2,2,log-distance,43,44,veh9,veh11,2,2,0,53.6006,1,7.68202,7.32862,-61.2611,35.7152,2,0.019,0.019,0.0171618
juelich_pilot_d30_r2_log_distance_s02_w1,juelich,12345,2,2,log-distance,43,44,veh9,veh12,2,2,0,542.097,0,7.68202,4.05796,-81.3592,15.6171,2,0.019,0.019,0.0171618
juelich_pilot_d30_r2_log_distance_s02_w1,juelich,12345,2,2,log-distance,43,44,veh9,veh13,2,2,0,349.846,1,7.68202,7.57172,-77.5551,19.4212,2,0.019,0.024,0.0171618
juelich_pilot_d30_r2_log_distance_s02_w1,juelich,12345,2,2,log-distance,43,44,veh9,veh14,2,0,1,668.34,0,7.68202,10.8469,nan,nan,0,0.019,0.019,0.0171618
juelich_pilot_d30_r2_log_distance_s02_w1,juelich,12345,2,2,log-distance,43,44,veh9,veh15,2,0,1,953.425,0,7.68202,5.62059,nan,nan,0,0.019,0.013,0.0171618
juelich_pilot_d30_r2_log_distance_s02_w1,juelich,12345,2,2,log-distance,43,44,veh9,veh4,2,2,0,168.599,1,7.68202,6.78991,-71.2148,25.7615,2,0.019,0.02,0.0171618
juelich_pilot_d30_r2_log_distance_s02_w1,juelich,12345,2,2,log-distance,43,44,veh9,veh5,2,0,1,871.123,0,7.68202,7.45787,nan,nan,0,0.019,0.018,0.0171618
juelich_pilot_d30_r2_log_distance_s02_w1,juelich,12345,2,2,log-distance,43,44,veh9,veh6,2,2,0,213.139,1,7.68202,10.1156,-73.251,23.7253,2,0.019,0.019,0.0171618
juelich_pilot_d30_r2_log_distance_s02_w1,juelich,12345,2,2,log-distance,43,44,veh9,veh7,2,0,1,879.415,0,7.68202,11.1825,nan,nan,0,0.019,0.016,0.0171618
juelich_pilot_d30_r2_log_distance_s02_w1,juelich,12345,2,2,log-distance,43,44,veh9,veh8,2,0,1,967.826,0,7.68202,7.14206,nan,nan,0,0.019,0.014,0.0171618
juelich_pilot_d30_r2_log_distance_s02_w1,juelich,12345,2,2,log-distance,44,45,veh0,veh1,2,0,1,607.21,0,13.4982,8.31732,nan,nan,0,0.024,0.018,0.0178824
juelich_pilot_d30_r2_log_distance_s02_w1,juelich,12345,2,2,log-distance,44,45,veh0,veh10,2,2,0,469.459,1,13.4982,8.55546,-80.1096,16.8667,2,0.024,0.018,0.0178824
juelich_pilot_d30_r2_log_distance_s02_w1,juelich,12345,2,2,log-distance,44,45,veh0,veh11,2,2,0,574.479,0,13.4982,7.34588,-81.8631,15.1131,2,0.024,0.018,0.0178824
juelich_pilot_d30_r2_log_distance_s02_w1,juelich,12345,2,2,log-distance,44,45,veh0,veh12,2,2,0,461.078,1,13.4982,5.86504,-79.9531,17.0231,2,0.024,0.018,0.0178824
juelich_pilot_d30_r2_log_distance_s02_w1,juelich,12345,2,2,log-distance,44,45,veh0,veh13,2,2,0,193.1,1,13.4982,7.54145,-72.3916,24.5847,2,0.024,0.024,0.0178824
juelich_pilot_d30_r2_log_distance_s02_w1,juelich,12345,2,2,log-distance,44,45,veh0,veh14,2,2,0,468.163,1,13.4982,12.878,-80.0856,16.8907,2,0.024,0.018,0.0178824
juelich_pilot_d30_r2_log_distance_s02_w1,juelich,12345,2,2,log-distance,44,45,veh0,veh15,2,2,0,511.928,0,13.4982,7.83353,-80.8617,16.1145,2,0.024,0.016,0.0178824
juelich_pilot_d30_r2_log_distance_s02_w1,juelich,12345,2,2,log-distance,44,45,veh0,veh4,2,2,0,373.998,1,13.4982,8.79628,-78.1351,18.8412,2,0.024,0.02,0.0178824
juelich_pilot_d30_r2_log_distance_s02_w1,juelich,12345,2,2,log-distance,44,45,veh0,veh5,2,2,0,523.853,0,13.4982,7.44051,-81.0619,15.9144,2,0.024,0.02,0.0178824
juelich_pilot_d30_r2_log_distance_s02_w1,juelich,12345,2,2,log-distance,44,45,veh0,veh6,2,2,0,448.14,1,13.4982,10.7616,-79.706,17.2703,2,0.024,0.018,0.0178824
juelich_pilot_d30_r2_log_distance_s02_w1,juelich,12345,2,2,log-distance,44,45,veh0,veh7,2,0,1,716.676,0,13.4982,11.2096,nan,nan,0,0.024,0.018,0.0178824
juelich_pilot_d30_r2_log_distance_s02_w1,juelich,12345,2,2,log-distance,44,45,veh0,veh8,2,0,1,929.069,0,13.4982,7.09823,nan,nan,0,0.024,0.016,0.0178824
juelich_pilot_d30_r2_log_distance_s02_w1,juelich,12345,2,2,log-distance,44,45,veh0,veh9,2,2,0,523.532,0,13.4982,8.61562,-81.0565,15.9197,2,0.024,0.018,0.0178824
juelich_pilot_d30_r2_log_distance_s02_w1,juelich,12345,2,2,log-distance,44,45,veh1,veh0,2,0,1,607.21,0,8.31732,13.4982,nan,nan,0,0.018,0.024,0.0178824
juelich_pilot_d30_r2_log_distance_s02_w1,juelich,12345,2,2,log-distance,44,45,veh1,veh10,2,2,0,265.332,1,8.31732,8.55546,-75.1535,21.8228,2,0.018,0.018,0.0178824
juelich_pilot_d30_r2_log_distance_s02_w1,juelich,12345,2,2,log-distance,44,45,veh1,veh11,2,2,0,34.86,1,8.31732,7.34588,-57.524,39.4523,2,0.018,0.018,0.0178824
juelich_pilot_d30_r2_log_distance_s02_w1,juelich,12345,2,2,log-distance,44,45,veh1,veh12,2,0,1,611.096,0,8.31732,5.86504,nan,nan,0,0.018,0.018,0.0178824
juelich_pilot_d30_r2_log_distance_s02_w1,juelich,12345,2,2,log-distance,44,45,veh1,veh13,2,2,0,427.094,1,8.31732,7.54145,-79.288,17.6882,2,0.018,0.024,0.0178824
juelich_pilot_d30_r2_log_distance_s02_w1,juelich,12345,2,2,log-distance,44,45,veh1,veh14,2,0,1,733.857,0,8.31732,12.878,nan,nan,0,0.018,0.018,0.0178824
juelich_pilot_d30_r2_log_distance_s02_w1,juelich,12345,2,2,log-distance,44,45,veh1,veh4,2,2,0,257.576,1,8.31732,8.79628,-74.8958,22.0805,2,0.018,0.02,0.0178824
juelich_pilot_d30_r2_log_distance_s02_w1,juelich,12345,2,2,log-distance,44,45,veh1,veh5,2,0,1,914.129,0,8.31732,7.44051,nan,nan,0,0.018,0.02,0.0178824
juelich_pilot_d30_r2_log_distance_s02_w1,juelich,12345,2,2,log-distance,44,45,veh1,veh6,2,2,0,292.644,1,8.31732,10.7616,-76.0045,20.9718,2,0.018,0.018,0.0178824
juelich_pilot_d30_r2_log_distance_s02_w1,juelich,12345,2,2,log-distance,44,45,veh1,veh7,2,0,1,889.568,0,8.31732,11.2096,nan,nan,0,0.018,0.018,0.0178824
juelich_pilot_d30_r2_log_distance_s02_w1,juelich,12345,2,2,log-distance,44,45,veh1,veh8,2,0,1,965.371,0,8.31732,7.09823,nan,nan,0,0.018,0.016,0.0178824
juelich_pilot_d30_r2_log_distance_s02_w1,juelich,12345,2,2,log-distance,44,45,veh1,veh9,2,2,0,89.5074,1,8.31732,8.61562,-65.7149,31.2614,2,0.018,0.018,0.0178824
juelich_pilot_d30_r2_log_distance_s02_w1,juelich,12345,2,2,log-distance,44,45,veh10,veh0,2,2,0,469.459,1,8.55546,13.4982,-80.1096,16.8667,2,0.018,0.024,0.0178824
juelich_pilot_d30_r2_log_distance_s02_w1,juelich,12345,2,2,log-distance,44,45,veh10,veh1,2,2,0,265.332,1,8.55546,8.31732,-75.1535,21.8228,2,0.018,0.018,0.0178824
juelich_pilot_d30_r2_log_distance_s02_w1,juelich,12345,2,2,log-distance,44,45,veh10,veh11,2,2,0,235.027,1,8.55546,7.34588,-74.1001,22.8762,2,0.018,0.018,0.0178824
juelich_pilot_d30_r2_log_distance_s02_w1,juelich,12345,2,2,log-distance,44,45,veh10,veh12,2,2,0,346.315,1,8.55546,5.86504,-77.4668,19.5094,2,0.018,0.018,0.0178824
juelich_pilot_d30_r2_log_distance_s02_w1,juelich,12345,2,2,log-distance,44,45,veh10,veh13,2,2,0,278.772,1,8.55546,7.54145,-75.5823,21.394,2,0.018,0.024,0.0178824
juelich_pilot_d30_r2_log_distance_s02_w1,juelich,12345,2,2,log-distance,44,45,veh10,veh14,2,2,0,472.352,1,8.55546,12.878,-80.1625,16.8137,2,0.018,0.018,0.0178824
juelich_pilot_d30_r2_log_distance_s02_w1,juelich,12345,2,2,log-distance,44,45,veh10,veh15,2,0,1,953.553,0,8.55546,7.83353,nan,nan,0,0.018,0.016,0.0178824
juelich_pilot_d30_r2_log_distance_s02_w1,juelich,12345,2,2,log-distance,44,45,veh10,veh4,2,2,0,126.394,1,8.55546,8.79628,-68.7122,28.264,2,0.018,0.02,0.0178824
juelich_pilot_d30_r2_log_distance_s02_w1,juelich,12345,2,2,log-distance,44,45,veh10,veh5,2,0,1,908.175,0,8.55546,7.44051,nan,nan,0,0.018,0.02,0.0178824
juelich_pilot_d30_r2_log_distance_s02_w1,juelich,12345,2,2,log-distance,44,45,veh10,veh6,2,2,0,30.4318,1,8.55546,10.7616,-56.3426,40.6336,2,0.018,0.018,0.0178824
juelich_pilot_d30_r2_log_distance_s02_w1,juelich,12345,2,2,log-distance,44,45,veh10,veh7,2,0,1,973.528,0,8.55546,11.2096,nan,nan,0,0.018,0.018,0.0178824
juelich_pilot_d30_r2_log_distance_s02_w1,juelich,12345,2,2,log-distance,44,45,veh10,veh9,2,2,0,190.999,1,8.55546,8.61562,-72.2983,24.678,2,0.018,0.018,0.0178824
juelich_pilot_d30_r2_log_distance_s02_w1,juelich,12345,2,2,log-distance,44,45,veh11,veh0,2,2,0,574.479,0,7.34588,13.4982,-81.8631,15.1131,2,0.018,0.024,0.0178824
juelich_pilot_d30_r2_log_distance_s02_w1,juelich,12345,2,2,log-distance,44,45,veh11,veh1,2,2,0,34.86,1,7.34588,8.31732,-57.524,39.4523,2,0.018,0.018,0.0178824
juelich_pilot_d30_r2_log_distance_s02_w1,juelich,12345,2,2,log-distance,44,45,veh11,veh10,2,2,0,235.027,1,7.34588,8.55546,-74.1001,22.8762,2,0.018,0.018,0.0178824
juelich_pilot_d30_r2_log_distance_s02_w1,juelich,12345,2,2,log-distance,44,45,veh11,veh12,2,2,0,579.668,0,7.34588,5.86504,-81.9412,15.0351,2,0.018,0.018,0.0178824
juelich_pilot_d30_r2_log_distance_s02_w1,juelich,12345,2,2,log-distance,44,45,veh11,veh13,2,2,0,393.024,1,7.34588,7.54145,-78.566,18.4103,2,0.018,0.024,0.0178824
juelich_pilot_d30_r2_log_distance_s02_w1,juelich,12345,2,2,log-distance,44,45,veh11,veh14,2,0,1,701.181,0,7.34588,12.878,nan,nan,0,0.018,0.018,0.0178824
juelich_pilot_d30_r2_log_distance_s02_w1,juelich,12345,2,2,log-distance,44,45,veh11,veh15,2,0,1,981.997,0,7.34588,7.83353,nan,nan,0,0.018,0.016,0.0178824
juelich_pilot_d30_r2_log_distance_s02_w1,juelich,12345,2,2,log-distance,44,45,veh11,veh4,2,2,0,222.716,1,7.34588,8.79628,-73.6327,23.3436,2,0.018,0.02,0.0178824
juelich_pilot_d30_r2_log_distance_s02_w1,juelich,12345,2,2,log-distance,44,45,veh11,veh5,2,0,1,893.412,0,7.34588,7.44051,nan,nan,0,0.018,0.02,0.0178824
juelich_pilot_d30_r2_log_distance_s02_w1,juelich,12345,2,2,log-distance,44,45,veh11,veh6,2,2,0,261.449,1,7.34588,10.7616,-75.0254,21.9509,2,0.018,0.018,0.0178824
juelich_pilot_d30_r2_log_distance_s02_w1,juelich,12345,2,2,log-distance,44,45,veh11,veh7,2,0,1,879.889,0,7.34588,11.2096,nan,nan,0,0.018,0.018,0.0178824
juelich_pilot_d30_r2_log_distance_s02_w1,juelich,12345,2,2,log-distance,44,45,veh11,veh8,2,0,1,964.563,0,7.34588,7.09823,nan,nan,0,0.018,0.016,0.0178824
juelich_pilot_d30_r2_log_distance_s02_w1,juelich,12345,2,2,log-distance,44,45,veh11,veh9,2,2,0,54.6482,1,7.34588,8.61562,-61.4291,35.5472,2,0.018,0.018,0.0178824
juelich_pilot_d30_r2_log_distance_s02_w1,juelich,12345,2,2,log-distance,44,45,veh12,veh0,2,0,1,461.078,1,5.86504,13.4982,nan,nan,0,0.018,0.024,0.0178824
juelich_pilot_d30_r2_log_distance_s02_w1,juelich,12345,2,2,log-distance,44,45,veh12,veh1,2,0,1,611.096,0,5.86504,8.31732,nan,nan,0,0.018,0.018,0.0178824
juelich_pilot_d30_r2_log_distance_s02_w1,juelich,12345,2,2,log-distance,44,45,veh12,veh10,2,0,1,346.315,1,5.86504,8.55546,nan,nan,0,0.018,0.018,0.0178824
juelich_pilot_d30_r2_log_distance_s02_w1,juelich,12345,2,2,log-distance,44,45,veh12,veh11,2,0,1,579.668,0,5.86504,7.34588,nan,nan,0,0.018,0.018,0.0178824
juelich_pilot_d30_r2_log_distance_s02_w1,juelich,12345,2,2,log-distance,44,45,veh12,veh13,2,0,1,370.111,1,5.86504,7.54145,nan,nan,0,0.018,0.024,0.0178824
juelich_pilot_d30_r2_log_distance_s02_w1,juelich,12345,2,2,log-distance,44,45,veh12,veh14,2,2,0,136.051,1,5.86504,12.878,-69.3497,9.97469,2,0.018,0.018,0.0178824
juelich_pilot_d30_r2_log_distance_s02_w1,juelich,12345,2,2,log-distance,44,45,veh12,veh15,2,0,1,963.177,0,5.86504,7.83353,nan,nan,0,0.018,0.016,0.0178824
juelich_pilot_d30_r2_log_distance_s02_w1,juelich,12345,2,2,log-distance,44,45,veh12,veh4,2,0,1,393.459,1,5.86504,8.79628,nan,nan,0,0.018,0.02,0.0178824
juelich_pilot_d30_r2_log_distance_s02_w1,juelich,12345,2,2,log-distance,44,45,veh12,veh5,2,0,1,984.24,0,5.86504,7.44051,nan,nan,0,0.018,0.02,0.0178824
juelich_pilot_d30_r2_log_distance_s02_w1,juelich,12345,2,2,log-distance,44,45,veh12,veh6,2,0,1,318.452,1,5.86504,10.7616,nan,nan,0,0.018,0.018,0.0178824
juelich_pilot_d30_r2_log_distance_s02_w1,juelich,12345,2,2,log-distance,44,45,veh12,veh9,2,0,1,531.504,0,5.86504,8.61562,nan,nan,0,0.018,0.018,0.0178824
juelich_pilot_d30_r2_log_distance_s02_w1,juelich,12345,2,2,log-distance,44,45,veh13,veh0,2,2,0,193.1,1,7.54145,13.4982,-72.3916,7.47618,2,0.024,0.024,0.0178824
juelich_pilot_d30_r2_log_distance_s02_w1,juelich,12345,2,2,log-distance,44,45,veh13,veh1,2,0,1,427.094,1,7.54145,8.31732,nan,nan,0,0.024,0.018,0.0178824
juelich_pilot_d30_r2_log_distance_s02_w1,juelich,12345,2,2,log-distance,44,45,veh13,veh10,2,0,1,278.772,1,7.54145,8.55546,nan,nan,0,0.024,0.018,0.0178824
juelich_pilot_d30_r2_log_distance_s02_w1,juelich,12345,2,2,log-distance,44,45,veh13,veh11,2,0,1,393.024,1,7.54145,7.34588,nan,nan,0,0.024,0.018,0.0178824
juelich_pilot_d30_r2_log_distance_s02_w1,juelich,12345,2,2,log-distance,44,45,veh13,veh12,2,0,1,370.111,1,7.54145,5.86504,nan,nan,0,0.024,0.018,0.0178824
juelich_pilot_d30_r2_log_distance_s02_w1,juelich,12345,2,2,log-distance,44,45,veh13,veh14,2,0,1,432.618,1,7.54145,12.878,nan,nan,0,0.024,0.018,0.0178824
juelich_pilot_d30_r2_log_distance_s02_w1,juelich,12345,2,2,log-distance,44,45,veh13,veh15,2,0,1,680.131,0,7.54145,7.83353,nan,nan,0,0.024,0.016,0.0178824
juelich_pilot_d30_r2_log_distance_s02_w1,juelich,12345,2,2,log-distance,44,45,veh13,veh4,2,2,0,182.061,1,7.54145,8.79628,-71.8809,6.63221,2,0.024,0.02,0.0178824
juelich_pilot_d30_r2_log_distance_s02_w1,juelich,12345,2,2,log-distance,44,45,veh13,veh5,2,0,1,654.379,0,7.54145,7.44051,nan,nan,0,0.024,0.02,0.0178824
juelich_pilot_d30_r2_log_distance_s02_w1,juelich,12345,2,2,log-distance,44,45,veh13,veh6,2,0,1,259.831,1,7.54145,10.7616,nan,nan,0,0.024,0.018,0.0178824
juelich_pilot_d30_r2_log_distance_s02_w1,juelich,12345,2,2,log-distance,44,45,veh13,veh7,2,0,1,778.669,0,7.54145,11.2096,nan,nan,0,0.024,0.018,0.0178824
juelich_pilot_d30_r2_log_distance_s02_w1,juelich,12345,2,2,log-distance,44,45,veh13,veh8,2,0,1,955.938,0,7.54145,7.09823,nan,nan,0,0.024,0.016,0.0178824
juelich_pilot_d30_r2_log_distance_s02_w1,juelich,12345,2,2,log-distance,44,45,veh13,veh9,2,0,1,339.814,1,7.54145,8.61562,nan,nan,0,0.024,0.018,0.0178824
juelich_pilot_d30_r2_log_distance_s02_w1,juelich,12345,2,2,log-distance,44,45,veh14,veh0,2,2,0,468.163,1,12.878,13.4982,-80.0856,16.8907,2,0.018,0.024,0.0178824
juelich_pilot_d30_r2_log_distance_s02_w1,juelich,12345,2,2,log-distance,44,45,veh14,veh1,2,0,1,733.857,0,12.878,8.31732,nan,nan,0,0.018,0.018,0.0178824
juelich_pilot_d30_r2_log_distance_s02_w1,juelich,12345,2,2,log-distance,44,45,veh14,veh10,2,2,0,472.352,1,12.878,8.55546,-80.1625,16.8137,2,0.018,0.018,0.0178824
juelich_pilot_d30_r2_log_distance_s02_w1,juelich,12345,2,2,log-distance,44,45,veh14,veh11,2,0,1,701.181,0,12.878,7.34588,nan,nan,0,0.018,0.018,0.0178824
juelich_pilot_d30_r2_log_distance_s02_w1,juelich,12345,2,2,log-distance,44,45,veh14,veh12,2,2,0,136.051,1,12.878,5.86504,-69.3497,27.6266,2,0.018,0.018,0.0178824
juelich_pilot_d30_r2_log_distance_s02_w1,juelich,12345,2,2,log-distance,44,45,veh14,veh13,2,2,0,432.618,1,12.878,7.54145,-79.3996,17.5767,2,0.018,0.024,0.0178824
juelich_pilot_d30_r2_log_distance_s02_w1,juelich,12345,2,2,log-distance,44,45,veh14,veh15,2,0,1,939.474,0,12.878,7.83353,nan,nan,0,0.018,0.016,0.0178824
juelich_pilot_d30_r2_log_distance_s02_w1,juelich,12345,2,2,log-distance,44,45,veh14,veh4,2,2,0,499.94,1,12.878,8.79628,-80.6557,16.3206,2,0.018,0.02,0.0178824
juelich_pilot_d30_r2_log_distance_s02_w1,juelich,12345,2,2,log-distance,44,45,veh14,veh5,2,0,1,985.935,0,12.878,7.44051,nan,nan,0,0.018,0.02,0.0178824
juelich_pilot_d30_r2_log_distance_s02_w1,juelich,12345,2,2,log-distance,44,45,veh14,veh6,2,2,0,443.091,1,12.878,10.7616,-79.6069,17.3694,2,0.018,0.018,0.0178824
juelich_pilot_d30_r2_log_distance_s02_w1,juelich,12345,2,2,log-distance,44,45,veh14,veh9,2,0,1,650.603,0,12.878,8.61562,nan,nan,0,0.018,0.018,0.0178824
juelich_pilot_d30_r2_log_distance_s02_w1,juelich,12345,2,2,log-distance,44,45,veh15,veh0,2,2,0,511.928,0,7.83353,13.4982,-80.8617,16.1145,2,0.016,0.024,0.0178824
juelich_pilot_d30_r2_log_distance_s02_w1,juelich,12345,2,2,log-distance,44,45,veh15,veh10,2,0,1,953.553,0,7.83353,8.55546,nan,nan,0,0.016,0.018,0.0178824
juelich_pilot_d30_r2_log_distance_s02_w1,juelich,12345,2,2,log-distance,44,45,veh15,veh11,2,0,1,981.997,0,7.83353,7.34588,nan,nan,0,0.016,0.018,0.0178824
juelich_pilot_d30_r2_log_distance_s02_w1,juelich,12345,2,2,log-distance,44,45,veh15,veh12,2,0,1,963.177,0,7.83353,5.86504,nan,nan,0,0.016,0.018,0.0178824
juelich_pilot_d30_r2_log_distance_s02_w1,juelich,12345,2,2,log-distance,44,45,veh15,veh13,2,0,1,680.131,0,7.83353,7.54145,nan,nan,0,0.016,0.024,0.0178824
juelich_pilot_d30_r2_log_distance_s02_w1,juelich,12345,2,2,log-distance,44,45,veh15,veh14,2,0,1,939.474,0,7.83353,12.878,nan,nan,0,0.016,0.018,0.0178824
juelich_pilot_d30_r2_log_distance_s02_w1,juelich,12345,2,2,log-distance,44,45,veh15,veh16,2,0,1,615.399,0,7.83353,2.3616,nan,nan,0,0.016,0.014,0.0178824
juelich_pilot_d30_r2_log_distance_s02_w1,juelich,12345,2,2,log-distance,44,45,veh15,veh2,2,0,1,972.7,0,7.83353,0,nan,nan,0,0.016,0.012,0.0178824
juelich_pilot_d30_r2_log_distance_s02_w1,juelich,12345,2,2,log-distance,44,45,veh15,veh3,2,0,1,819.93,0,7.83353,12.719,nan,nan,0,0.016,0.014,0.0178824
juelich_pilot_d30_r2_log_distance_s02_w1,juelich,12345,2,2,log-distance,44,45,veh15,veh4,2,0,1,837.059,0,7.83353,8.79628,nan,nan,0,0.016,0.02,0.0178824
juelich_pilot_d30_r2_log_distance_s02_w1,juelich,12345,2,2,log-distance,44,45,veh15,veh5,2,2,0,184.513,1,7.83353,7.44051,-71.9975,24.9788,2,0.016,0.02,0.0178824
juelich_pilot_d30_r2_log_distance_s02_w1,juelich,12345,2,2,log-distance,44,45,veh15,veh6,2,0,1,938.005,0,7.83353,10.7616,nan,nan,0,0.016,0.018,0.0178824
juelich_pilot_d30_r2_log_distance_s02_w1,juelich,12345,2,2,log-distance,44,45,veh15,veh7,2,2,0,498.722,1,7.83353,11.2096,-80.6349,16.3414,2,0.016,0.018,0.0178824
juelich_pilot_d30_r2_log_distance_s02_w1,juelich,12345,2,2,log-distance,44,45,veh15,veh8,2,0,1,748.058,0,7.83353,7.09823,nan,nan,0,0.016,0.016,0.0178824
juelich_pilot_d30_r2_log_distance_s02_w1,juelich,12345,2,2,log-distance,44,45,veh15,veh9,2,0,1,943.454,0,7.83353,8.61562,nan,nan,0,0.016,0.018,0.0178824
juelich_pilot_d30_r2_log_distance_s02_w1,juelich,12345,2,2,log-distance,44,45,veh16,veh15,2,0,1,615.399,0,2.3616,7.83353,nan,nan,0,0.014,0.016,0.0178824
juelich_pilot_d30_r2_log_distance_s02_w1,juelich,12345,2,2,log-distance,44,45,veh16,veh2,2,0,1,669.359,0,2.3616,0,nan,nan,0,0.014,0.012,0.0178824
juelich_pilot_d30_r2_log_distance_s02_w1,juelich,12345,2,2,log-distance,44,45,veh16,veh3,2,2,0,577.407,0,2.3616,12.719,-81.9073,15.069,2,0.014,0.014,0.0178824
juelich_pilot_d30_r2_log_distance_s02_w1,juelich,12345,2,2,log-distance,44,45,veh16,veh5,2,0,1,589.563,0,2.3616,7.44051,nan,nan,0,0.014,0.02,0.0178824
juelich_pilot_d30_r2_log_distance_s02_w1,juelich,12345,2,2,log-distance,44,45,veh16,veh7,2,0,1,617.856,0,2.3616,11.2096,nan,nan,0,0.014,0.018,0.0178824
juelich_pilot_d30_r2_log_distance_s02_w1,juelich,12345,2,2,log-distance,44,45,veh16,veh8,2,0,1,727.427,0,2.3616,7.09823,nan,nan,0,0.014,0.016,0.0178824
juelich_pilot_d30_r2_log_distance_s02_w1,juelich,12345,2,2,log-distance,44,45,veh2,veh15,2,0,1,972.7,0,0,7.83353,nan,nan,0,0.012,0.016,0.0178824
juelich_pilot_d30_r2_log_distance_s02_w1,juelich,12345,2,2,log-distance,44,45,veh2,veh16,2,0,1,669.359,0,0,2.3616,nan,nan,0,0.012,0.014,0.0178824
juelich_pilot_d30_r2_log_distance_s02_w1,juelich,12345,2,2,log-distance,44,45,veh2,veh3,2,2,0,155.223,1,0,12.719,-70.495,19.2512,2,0.012,0.014,0.0178824
juelich_pilot_d30_r2_log_distance_s02_w1,juelich,12345,2,2,log-distance,44,45,veh2,veh5,2,0,1,818.917,0,0,7.44051,nan,nan,0,0.012,0.02,0.0178824
juelich_pilot_d30_r2_log_distance_s02_w1,juelich,12345,2,2,log-distance,44,45,veh2,veh7,2,2,0,552.335,0,0,11.2096,-81.5217,6.06026,2,0.012,0.018,0.0178824
juelich_pilot_d30_r2_log_distance_s02_w1,juelich,12345,2,2,log-distance,44,45,veh2,veh8,2,2,0,380.051,1,0,7.09823,-78.2745,10.4769,2,0.012,0.016,0.0178824
juelich_pilot_d30_r2_log_distance_s02_w1,juelich,12345,2,2,log-distance,44,45,veh3,veh15,2,0,1,819.93,0,12.719,7.83353,nan,nan,0,0.014,0.016,0.0178824
juelich_pilot_d30_r2_log_distance_s02_w1,juelich,12345,2,2,log-distance,44,45,veh3,veh16,2,2,0,577.407,0,12.719,2.3616,-81.9073,15.069,2,0.014,0.014,0.0178824
juelich_pilot_d30_r2_log_distance_s02_w1,juelich,12345,2,2,log-distance,44,45,veh3,veh2,2,2,0,155.223,1,12.719,0,-70.495,26.4813,2,0.014,0.012,0.0178824
juelich_pilot_d30_r2_log_distance_s02_w1,juelich,12345,2,2,log-distance,44,45,veh3,veh5,2,0,1,663.924,0,12.719,7.44051,nan,nan,0,0.014,0.02,0.0178824
juelich_pilot_d30_r2_log_distance_s02_w1,juelich,12345,2,2,log-distance,44,45,veh3,veh7,2,2,0,401.605,1,12.719,11.2096,-78.7537,18.2226,2,0.014,0.018,0.0178824
juelich_pilot_d30_r2_log_distance_s02_w1,juelich,12345,2,2,log-distance,44,45,veh3,veh8,2,2,0,267.563,1,12.719,7.09823,-75.2262,21.7501,2,0.014,0.016,0.0178824
juelich_pilot_d30_r2_log_distance_s02_w1,juelich,12345,2,2,log-distance,44,45,veh4,veh0,2,2,0,373.998,1,8.79628,13.4982,-78.1351,18.8412,2,0.02,0.024,0.0178824
juelich_pilot_d30_r2_log_distance_s02_w1,juelich,12345,2,2,log-distance,44,45,veh4,veh1,2,2,0,257.576,1,8.79628,8.31732,-74.8958,22.0805,2,0.02,0.018,0.0178824
juelich_pilot_d30_r2_log_distance_s02_w1,juelich,12345,2,2,log-distance,44,45,veh4,veh10,2,2,0,126.394,1,8.79628,8.55546,-68.7122,28.264,2,0.02,0.018,0.0178824
juelich_pilot_d30_r2_log_distance_s02_w1,juelich,12345,2,2,log-distance,44,45,veh4,veh11,2,2,0,222.716,1,8.79628,7.34588,-73.6327,23.3436,2,0.02,0.018,0.0178824
juelich_pilot_d30_r2_log_distance_s02_w1,juelich,12345,2,2,log-distance,44,45,veh4,veh12,2,2,0,393.459,1,8.79628,5.86504,-78.5755,18.4008,2,0.02,0.018,0.0178824
juelich_pilot_d30_r2_log_distance_s02_w1,juelich,12345,2,2,log-distance,44,45,veh4,veh13,2,2,0,182.061,1,8.79628,7.54145,-71.8809,25.0954,2,0.02,0.024,0.0178824
juelich_pilot_d30_r2_log_distance_s02_w1,juelich,12345,2,2,log-distance,44,45,veh4,veh14,2,2,0,499.94,1,8.79628,12.878,-80.6557,16.3206,2,0.02,0.018,0.0178824
juelich_pilot_d30_r2_log_distance_s02_w1,juelich,12345,2,2,log-distance,44,45,veh4,veh15,2,0,1,837.059,0,8.79628,7.83353,nan,nan,0,0.02,0.016,0.0178824
juelich_pilot_d30_r2_log_distance_s02_w1,juelich,12345,2,2,log-distance,44,45,veh4,veh5,2,0,1,784.135,0,8.79628,7.44051,nan,nan,0,0.02,0.02,0.0178824
juelich_pilot_d30_r2_log_distance_s02_w1,juelich,12345,2,2,log-distance,44,45,veh4,veh6,2,2,0,124.653,1,8.79628,10.7616,-68.5918,28.3845,2,0.02,0.018,0.0178824
juelich_pilot_d30_r2_log_distance_s02_w1,juelich,12345,2,2,log-distance,44,45,veh4,veh7,2,0,1,848.792,0,8.79628,11.2096,nan,nan,0,0.02,0.018,0.0178824
juelich_pilot_d30_r2_log_distance_s02_w1,juelich,12345,2,2,log-distance,44,45,veh4,veh8,2,0,1,987.865,0,8.79628,7.09823,nan,nan,0,0.02,0.016,0.0178824
juelich_pilot_d30_r2_log_distance_s02_w1,juelich,12345,2,2,log-distance,44,45,veh4,veh9,2,2,0,168.069,1,8.79628,8.61562,-71.1874,25.7888,2,0.02,0.018,0.0178824
juelich_pilot_d30_r2_log_distance_s02_w1,juelich,12345,2,2,log-distance,44,45,veh5,veh0,2,2,0,523.853,0,7.44051,13.4982,-81.0619,15.9144,2,0.02,0.024,0.0178824
juelich_pilot_d30_r2_log_distance_s02_w1,juelich,12345,2,2,log-distance,44,45,veh5,veh1,2,0,1,914.129,0,7.44051,8.31732,nan,nan,0,0.02,0.018,0.0178824
juelich_pilot_d30_r2_log_distance_s02_w1,juelich,12345,2,2,log-distance,44,45,veh5,veh10,2,0,1,908.175,0,7.44051,8.55546,nan,nan,0,0.02,0.018,0.0178824
juelich_pilot_d30_r2_log_distance_s02_w1,juelich,12345,2,2,log-distance,44,45,veh5,veh11,2,0,1,893.412,0,7.44051,7.34588,nan,nan,0,0.02,0.018,0.0178824
juelich_pilot_d30_r2_log_distance_s02_w1,juelich,12345,2,2,log-distance,44,45,veh5,veh12,2,0,1,984.24,0,7.44051,5.86504,nan,nan,0,0.02,0.018,0.0178824
juelich_pilot_d30_r2_log_distance_s02_w1,juelich,12345,2,2,log-distance,44,45,veh5,veh13,2,0,1,654.379,0,7.44051,7.54145,nan,nan,0,0.02,0.024,0.0178824
juelich_pilot_d30_r2_log_distance_s02_w1,juelich,12345,2,2,log-distance,44,45,veh5,veh14,2,0,1,985.935,0,7.44051,12.878,nan,nan,0,0.02,0.018,0.0178824
juelich_pilot_d30_r2_log_distance_s02_w1,juelich,12345,2,2,log-distance,44,45,veh5,veh15,2,2,0,184.513,1,7.44051,7.83353,-71.9975,24.9788,2,0.02,0.016,0.0178824
juelich_pilot_d30_r2_log_distance_s02_w1,juelich,12345,2,2,log-distance,44,45,veh5,veh16,2,0,1,589.563,0,7.44051,2.3616,nan,nan,0,0.02,0.014,0.0178824
juelich_pilot_d30_r2_log_distance_s02_w1,juelich,12345,2,2,log-distance,44,45,veh5,veh2,2,0,1,818.917,0,7.44051,0,nan,nan,0,0.02,0.012,0.0178824
juelich_pilot_d30_r2_log_distance_s02_w1,juelich,12345,2,2,log-distance,44,45,veh5,veh3,2,0,1,663.924,0,7.44051,12.719,nan,nan,0,0.02,0.014,0.0178824
juelich_pilot_d30_r2_log_distance_s02_w1,juelich,12345,2,2,log-distance,44,45,veh5,veh4,2,0,1,784.135,0,7.44051,8.79628,nan,nan,0,0.02,0.02,0.0178824
juelich_pilot_d30_r2_log_distance_s02_w1,juelich,12345,2,2,log-distance,44,45,veh5,veh6,2,0,1,897.979,0,7.44051,10.7616,nan,nan,0,0.02,0.018,0.0178824
juelich_pilot_d30_r2_log_distance_s02_w1,juelich,12345,2,2,log-distance,44,45,veh5,veh7,2,2,0,316.343,1,7.44051,11.2096,-76.6805,20.2958,2,0.02,0.018,0.0178824
juelich_pilot_d30_r2_log_distance_s02_w1,juelich,12345,2,2,log-distance,44,45,veh5,veh8,2,2,0,567.045,0,7.44051,7.09823,-81.75,15.2262,2,0.02,0.016,0.0178824
juelich_pilot_d30_r2_log_distance_s02_w1,juelich,12345,2,2,log-distance,44,45,veh5,veh9,2,0,1,862.361,0,7.44051,8.61562,nan,nan,0,0.02,0.018,0.0178824
juelich_pilot_d30_r2_log_distance_s02_w1,juelich,12345,2,2,log-distance,44,45,veh6,veh0,2,2,0,448.14,1,10.7616,13.4982,-79.706,17.2703,2,0.018,0.024,0.0178824
juelich_pilot_d30_r2_log_distance_s02_w1,juelich,12345,2,2,log-distance,44,45,veh6,veh1,2,2,0,292.644,1,10.7616,8.31732,-76.0045,20.9718,2,0.018,0.018,0.0178824
juelich_pilot_d30_r2_log_distance_s02_w1,juelich,12345,2,2,log-distance,44,45,veh6,veh10,2,2,0,30.4318,1,10.7616,8.55546,-56.3426,40.6336,2,0.018,0.018,0.0178824
juelich_pilot_d30_r2_log_distance_s02_w1,juelich,12345,2,2,log-distance,44,45,veh6,veh11,2,2,0,261.449,1,10.7616,7.34588,-75.0254,21.9509,2,0.018,0.018,0.0178824
juelich_pilot_d30_r2_log_distance_s02_w1,juelich,12345,2,2,log-distance,44,45,veh6,veh12,2,2,0,318.452,1,10.7616,5.86504,-76.7381,20.2382,2,0.018,0.018,0.0178824
juelich_pilot_d30_r2_log_distance_s02_w1,juelich,12345,2,2,log-distance,44,45,veh6,veh13,2,2,0,259.831,1,10.7616,7.54145,-74.9709,22.0054,2,0.018,0.024,0.0178824
juelich_pilot_d30_r2_log_distance_s02_w1,juelich,12345,2,2,log-distance,44,45,veh6,veh14,2,2,0,443.091,1,10.7616,12.878,-79.6069,17.3694,2,0.018,0.018,0.0178824
juelich_pilot_d30_r2_log_distance_s02_w1,juelich,12345,2,2,log-distance,44,45,veh6,veh15,2,0,1,938.005,0,10.7616,7.83353,nan,nan,0,0.018,0.016,0.0178824
juelich_pilot_d30_r2_log_distance_s02_w1,juelich,12345,2,2,log-distance,44,45,veh6,veh4,2,2,0,124.653,1,10.7616,8.79628,-68.5918,28.3845,2,0.018,0.02,0.0178824
juelich_pilot_d30_r2_log_distance_s02_w1,juelich,12345,2,2,log-distance,44,45,veh6,veh5,2,0,1,897.979,0,10.7616,7.44051,nan,nan,0,0.018,0.02,0.0178824
juelich_pilot_d30_r2_log_distance_s02_w1,juelich,12345,2,2,log-distance,44,45,veh6,veh7,2,0,1,973.187,0,10.7616,11.2096,nan,nan,0,0.018,0.018,0.0178824
juelich_pilot_d30_r2_log_distance_s02_w1,juelich,12345,2,2,log-distance,44,45,veh6,veh9,2,2,0,215.11,1,10.7616,8.61562,-73.3309,23.6454,2,0.018,0.018,0.0178824
juelich_pilot_d30_r2_log_distance_s02_w1,juelich,12345,2,2,log-distance,44,45,veh7,veh0,2,0,1,716.676,0,11.2096,13.4982,nan,nan,0,0.018,0.024,0.0178824
juelich_pilot_d30_r2_log_distance_s02_w1,juelich,12345,2,2,log-distance,44,45,veh7,veh1,2,0,1,889.568,0,11.2096,8.31732,nan,nan,0,0.018,0.018,0.0178824
juelich_pilot_d30_r2_log_distance_s02_w1,juelich,12345,2,2,log-distance,44,45,veh7,veh10,2,0,1,973.528,0,11.2096,8.55546,nan,nan,0,0.018,0.018,0.0178824
juelich_pilot_d30_r2_log_distance_s02_w1,juelich,12345,2,2,log-distance,44,45,veh7,veh11,2,0,1,879.889,0,11.2096,7.34588,nan,nan,0,0.018,0.018,0.0178824
juelich_pilot_d30_r2_log_distance_s02_w1,juelich,12345,2,2,log-distance,44,45,veh7,veh13,2,0,1,778.669,0,11.2096,7.54145,nan,nan,0,0.018,0.024,0.0178824
juelich_pilot_d30_r2_log_distance_s02_w1,juelich,12345,2,2,log-distance,44,45,veh7,veh15,2,2,0,498.722,1,11.2096,7.83353,-80.6349,16.3414,2,0.018,0.016,0.0178824
juelich_pilot_d30_r2_log_distance_s02_w1,juelich,12345,2,2,log-distance,44,45,veh7,veh16,2,0,1,617.856,0,11.2096,2.3616,nan,nan,0,0.018,0.014,0.0178824
juelich_pilot_d30_r2_log_distance_s02_w1,juelich,12345,2,2,log-distance,44,45,veh7,veh2,2,2,0,552.335,0,11.2096,0,-81.5217,15.4546,2,0.018,0.012,0.0178824
juelich_pilot_d30_r2_log_distance_s02_w1,juelich,12345,2,2,log-distance,44,45,veh7,veh3,2,2,0,401.605,1,11.2096,12.719,-78.7537,18.2226,2,0.018,0.014,0.0178824
juelich_pilot_d30_r2_log_distance_s02_w1,juelich,12345,2,2,log-distance,44,45,veh7,veh4,2,0,1,848.792,0,11.2096,8.79628,nan,nan,0,0.018,0.02,0.0178824
juelich_pilot_d30_r2_log_distance_s02_w1,juelich,12345,2,2,log-distance,44,45,veh7,veh5,2,2,0,316.343,1,11.2096,7.44051,-76.6805,20.2958,2,0.018,0.02,0.0178824
juelich_pilot_d30_r2_log_distance_s02_w1,juelich,12345,2,2,log-distance,44,45,veh7,veh6,2,0,1,973.187,0,11.2096,10.7616,nan,nan,0,0.018,0.018,0.0178824
juelich_pilot_d30_r2_log_distance_s02_w1,juelich,12345,2,2,log-distance,44,45,veh7,veh8,2,2,0,251.105,1,11.2096,7.09823,-74.6744,22.3019,2,0.018,0.016,0.0178824
juelich_pilot_d30_r2_log_distance_s02_w1,juelich,12345,2,2,log-distance,44,45,veh7,veh9,2,0,1,866.841,0,11.2096,8.61562,nan,nan,0,0.018,0.018,0.0178824
juelich_pilot_d30_r2_log_distance_s02_w1,juelich,12345,2,2,log-distance,44,45,veh8,veh0,2,0,1,929.069,0,7.09823,13.4982,nan,nan,0,0.016,0.024,0.0178824
juelich_pilot_d30_r2_log_distance_s02_w1,juelich,12345,2,2,log-distance,44,45,veh8,veh1,2,0,1,965.371,0,7.09823,8.31732,nan,nan,0,0.016,0.018,0.0178824
juelich_pilot_d30_r2_log_distance_s02_w1,juelich,12345,2,2,log-distance,44,45,veh8,veh11,2,0,1,964.563,0,7.09823,7.34588,nan,nan,0,0.016,0.018,0.0178824
juelich_pilot_d30_r2_log_distance_s02_w1,juelich,12345,2,2,log-distance,44,45,veh8,veh13,2,0,1,955.938,0,7.09823,7.54145,nan,nan,0,0.016,0.024,0.0178824
juelich_pilot_d30_r2_log_distance_s02_w1,juelich,12345,2,2,log-distance,44,45,veh8,veh15,2,0,1,748.058,0,7.09823,7.83353,nan,nan,0,0.016,0.016,0.0178824
juelich_pilot_d30_r2_log_distance_s02_w1,juelich,12345,2,2,log-distance,44,45,veh8,veh16,2,0,1,727.427,0,7.09823,2.3616,nan,nan,0,0.016,0.014,0.0178824
juelich_pilot_d30_r2_log_distance_s02_w1,juelich,12345,2,2,log-distance,44,45,veh8,veh2,2,2,0,380.051,1,7.09823,0,-78.2745,18.7018,2,0.016,0.012,0.0178824
juelich_pilot_d30_r2_log_distance_s02_w1,juelich,12345,2,2,log-distance,44,45,veh8,veh3,2,2,0,267.563,1,7.09823,12.719,-75.2262,21.7501,2,0.016,0.014,0.0178824
juelich_pilot_d30_r2_log_distance_s02_w1,juelich,12345,2,2,log-distance,44,45,veh8,veh4,2,0,1,987.865,0,7.09823,8.79628,nan,nan,0,0.016,0.02,0.0178824
juelich_pilot_d30_r2_log_distance_s02_w1,juelich,12345,2,2,log-distance,44,45,veh8,veh5,2,2,0,567.045,0,7.09823,7.44051,-81.75,15.2262,2,0.016,0.02,0.0178824
juelich_pilot_d30_r2_log_distance_s02_w1,juelich,12345,2,2,log-distance,44,45,veh8,veh7,2,2,0,251.105,1,7.09823,11.2096,-74.6744,22.3019,2,0.016,0.018,0.0178824
juelich_pilot_d30_r2_log_distance_s02_w1,juelich,12345,2,2,log-distance,44,45,veh8,veh9,2,0,1,965.344,0,7.09823,8.61562,nan,nan,0,0.016,0.018,0.0178824
juelich_pilot_d30_r2_log_distance_s02_w1,juelich,12345,2,2,log-distance,44,45,veh9,veh0,2,2,0,523.532,0,8.61562,13.4982,-81.0565,15.9197,2,0.018,0.024,0.0178824
juelich_pilot_d30_r2_log_distance_s02_w1,juelich,12345,2,2,log-distance,44,45,veh9,veh1,2,2,0,89.5074,1,8.61562,8.31732,-65.7149,31.2614,2,0.018,0.018,0.0178824
juelich_pilot_d30_r2_log_distance_s02_w1,juelich,12345,2,2,log-distance,44,45,veh9,veh10,2,2,0,190.999,1,8.61562,8.55546,-72.2983,24.678,2,0.018,0.018,0.0178824
juelich_pilot_d30_r2_log_distance_s02_w1,juelich,12345,2,2,log-distance,44,45,veh9,veh11,2,2,0,54.6482,1,8.61562,7.34588,-61.4291,35.5472,2,0.018,0.018,0.0178824
juelich_pilot_d30_r2_log_distance_s02_w1,juelich,12345,2,2,log-distance,44,45,veh9,veh12,2,2,0,531.504,0,8.61562,5.86504,-81.1877,15.7886,2,0.018,0.018,0.0178824
juelich_pilot_d30_r2_log_distance_s02_w1,juelich,12345,2,2,log-distance,44,45,veh9,veh13,2,2,0,339.814,1,8.61562,7.54145,-77.3023,19.674,2,0.018,0.024,0.0178824
juelich_pilot_d30_r2_log_distance_s02_w1,juelich,12345,2,2,log-distance,44,45,veh9,veh14,2,0,1,650.603,0,8.61562,12.878,nan,nan,0,0.018,0.018,0.0178824
juelich_pilot_d30_r2_log_distance_s02_w1,juelich,12345,2,2,log-distance,44,45,veh9,veh15,2,0,1,943.454,0,8.61562,7.83353,nan,nan,0,0.018,0.016,0.0178824
juelich_pilot_d30_r2_log_distance_s02_w1,juelich,12345,2,2,log-distance,44,45,veh9,veh4,2,2,0,168.069,1,8.61562,8.79628,-71.1874,25.7888,2,0.018,0.02,0.0178824
juelich_pilot_d30_r2_log_distance_s02_w1,juelich,12345,2,2,log-distance,44,45,veh9,veh5,2,0,1,862.361,0,8.61562,7.44051,nan,nan,0,0.018,0.02,0.0178824
juelich_pilot_d30_r2_log_distance_s02_w1,juelich,12345,2,2,log-distance,44,45,veh9,veh6,2,2,0,215.11,1,8.61562,10.7616,-73.3309,23.6454,2,0.018,0.018,0.0178824
juelich_pilot_d30_r2_log_distance_s02_w1,juelich,12345,2,2,log-distance,44,45,veh9,veh7,2,0,1,866.841,0,8.61562,11.2096,nan,nan,0,0.018,0.018,0.0178824
juelich_pilot_d30_r2_log_distance_s02_w1,juelich,12345,2,2,log-distance,44,45,veh9,veh8,2,0,1,965.344,0,8.61562,7.09823,nan,nan,0,0.018,0.016,0.0178824
juelich_pilot_d30_r2_log_distance_s02_w1,juelich,12345,2,2,log-distance,45,46,veh0,veh1,2,0,1,612.039,0,13.4239,8.33948,nan,nan,0,0.024,0.018,0.017
juelich_pilot_d30_r2_log_distance_s02_w1,juelich,12345,2,2,log-distance,45,46,veh0,veh10,2,2,0,473.815,1,13.4239,6.95018,-80.1899,16.7864,2,0.024,0.018,0.017
juelich_pilot_d30_r2_log_distance_s02_w1,juelich,12345,2,2,log-distance,45,46,veh0,veh11,2,2,0,580.219,0,13.4239,7.32663,-81.9495,15.0268,2,0.024,0.018,0.017
juelich_pilot_d30_r2_log_distance_s02_w1,juelich,12345,2,2,log-distance,45,46,veh0,veh12,2,2,0,455.123,1,13.4239,7.99485,-79.8402,17.1361,2,0.024,0.018,0.017
juelich_pilot_d30_r2_log_distance_s02_w1,juelich,12345,2,2,log-distance,45,46,veh0,veh13,2,2,0,208.408,1,13.4239,7.55564,-73.0545,23.9218,2,0.024,0.024,0.017
juelich_pilot_d30_r2_log_distance_s02_w1,juelich,12345,2,2,log-distance,45,46,veh0,veh14,2,2,0,464.846,1,13.4239,14.7607,-80.0239,16.9524,2,0.024,0.018,0.017
juelich_pilot_d30_r2_log_distance_s02_w1,juelich,12345,2,2,log-distance,45,46,veh0,veh15,2,2,0,499.868,1,13.4239,9.25739,-80.6546,16.3216,2,0.024,0.017,0.017
juelich_pilot_d30_r2_log_distance_s02_w1,juelich,12345,2,2,log-distance,45,46,veh0,veh4,2,2,0,376.873,1,13.4239,10.7582,-78.2016,18.7747,2,0.024,0.021,0.017
juelich_pilot_d30_r2_log_distance_s02_w1,juelich,12345,2,2,log-distance,45,46,veh0,veh5,2,2,0,524.797,0,13.4239,7.4982,-81.0775,15.8988,2,0.024,0.02,0.017
juelich_pilot_d30_r2_log_distance_s02_w1,juelich,12345,2,2,log-distance,45,46,veh0,veh6,2,2,0,451.398,1,13.4239,7.32547,-79.7689,17.2074,2,0.024,0.018,0.017
juelich_pilot_d30_r2_log_distance_s02_w1,juelich,12345,2,2,log-distance,45,46,veh0,veh7,2,0,1,712.541,0,13.4239,11.1711,nan,nan,0,0.024,0.018,0.017
juelich_pilot_d30_r2_log_distance_s02_w1,juelich,12345,2,2,log-distance,45,46,veh0,veh8,2,0,1,937.927,0,13.4239,7.13189,nan,nan,0,0.024,0.016,0.017
juelich_pilot_d30_r2_log_distance_s02_w1,juelich,12345,2,2,log-distance,45,46,veh0,veh9,2,2,0,527.94,0,13.4239,8.61955,-81.1294,15.8469,2,0.024,0.018,0.017
juelich_pilot_d30_r2_log_distance_s02_w1,juelich,12345,2,2,log-distance,45,46,veh1,veh0,2,0,1,612.039,0,8.33948,13.4239,nan,nan,0,0.018,0.024,0.017
juelich_pilot_d30_r2_log_distance_s02_w1,juelich,12345,2,2,log-distance,45,46,veh1,veh10,2,2,0,264.627,1,8.33948,6.95018,-75.1304,21.8459,2,0.018,0.018,0.017
juelich_pilot_d30_r2_log_distance_s02_w1,juelich,12345,2,2,log-distance,45,46,veh1,veh11,2,2,0,33.8503,1,8.33948,7.32663,-57.2687,39.7076,2,0.018,0.018,0.017
juelich_pilot_d30_r2_log_distance_s02_w1,juelich,12345,2,2,log-distance,45,46,veh1,veh12,2,0,1,599.203,0,8.33948,7.99485,nan,nan,0,0.018,0.018,0.017
juelich_pilot_d30_r2_log_distance_s02_w1,juelich,12345,2,2,log-distance,45,46,veh1,veh13,2,2,0,417.448,1,8.33948,7.55564,-79.0896,17.8867,2,0.018,0.024,0.017
juelich_pilot_d30_r2_log_distance_s02_w1,juelich,12345,2,2,log-distance,45,46,veh1,veh14,2,0,1,714.104,0,8.33948,14.7607,nan,nan,0,0.018,0.018,0.017
juelich_pilot_d30_r2_log_distance_s02_w1,juelich,12345,2,2,log-distance,45,46,veh1,veh15,2,0,1,996.03,0,8.33948,9.25739,nan,nan,0,0.018,0.017,0.017
juelich_pilot_d30_r2_log_distance_s02_w1,juelich,12345,2,2,log-distance,45,46,veh1,veh4,2,2,0,259.123,1,8.33948,10.7582,-74.9478,22.0285,2,0.018,0.021,0.017
juelich_pilot_d30_r2_log_distance_s02_w1,juelich,12345,2,2,log-distance,45,46,veh1,veh5,2,0,1,904.523,0,8.33948,7.4982,nan,nan,0,0.018,0.02,0.017
juelich_pilot_d30_r2_log_distance_s02_w1,juelich,12345,2,2,log-distance,45,46,veh1,veh6,2,2,0,293.013,1,8.33948,7.32547,-76.0154,20.9609,2,0.018,0.018,0.017
juelich_pilot_d30_r2_log_distance_s02_w1,juelich,12345,2,2,log-distance,45,46,veh1,veh7,2,0,1,876.444,0,8.33948,11.1711,nan,nan,0,0.018,0.018,0.017
juelich_pilot_d30_r2_log_distance_s02_w1,juelich,12345,2,2,log-distance,45,46,veh1,veh8,2,0,1,961.659,0,8.33948,7.13189,nan,nan,0,0.018,0.016,0.017
juelich_pilot_d30_r2_log_distance_s02_w1,juelich,12345,2,2,log-distance,45,46,veh1,veh9,2,2,0,89.814,1,8.33948,8.61955,-65.7446,31.2317,2,0.018,0.018,0.017
juelich_pilot_d30_r2_log_distance_s02_w1,juelich,12345,2,2,log-distance,45,46,veh10,veh0,2,2,0,473.815,1,6.95018,13.4239,-80.1899,16.7864,2,0.018,0.024,0.017
juelich_pilot_d30_r2_log_distance_s02_w1,juelich,12345,2,2,log-distance,45,46,veh10,veh1,2,2,0,264.627,1,6.95018,8.33948,-75.1304,21.8459,2,0.018,0.018,0.017
juelich_pilot_d30_r2_log_distance_s02_w1,juelich,12345,2,2,log-distance,45,46,veh10,veh11,2,2,0,235.211,1,6.95018,7.32663,-74.1069,22.8694,2,0.018,0.018,0.017
juelich_pilot_d30_r2_log_distance_s02_w1,juelich,12345,2,2,log-distance,45,46,veh10,veh12,2,2,0,335.257,1,6.95018,7.99485,-77.1849,19.7913,2,0.018,0.018,0.017
juelich_pilot_d30_r2_log_distance_s02_w1,juelich,12345,2,2,log-distance,45,46,veh10,veh13,2,2,0,268.196,1,6.95018,7.55564,-75.2463,21.7299,2,0.018,0.024,0.017
juelich_pilot_d30_r2_log_distance_s02_w1,juelich,12345,2,2,log-distance,45,46,veh10,veh14,2,2,0,452.672,1,6.95018,14.7607,-79.7928,17.1834,2,0.018,0.018,0.017
juelich_pilot_d30_r2_log_distance_s02_w1,juelich,12345,2,2,log-distance,45,46,veh10,veh15,2,0,1,942.933,0,6.95018,9.25739,nan,nan,0,0.018,0.017,0.017
juelich_pilot_d30_r2_log_distance_s02_w1,juelich,12345,2,2,log-distance,45,46,veh10,veh4,2,2,0,127.177,1,6.95018,10.7582,-68.7659,28.2104,2,0.018,0.021,0.017
juelich_pilot_d30_r2_log_distance_s02_w1,juelich,12345,2,2,log-distance,45,46,veh10,veh5,2,0,1,902.946,0,6.95018,7.4982,nan,nan,0,0.018,0.02,0.017
juelich_pilot_d30_r2_log_distance_s02_w1,juelich,12345,2,2,log-distance,45,46,veh10,veh6,2,2,0,31.6713,1,6.95018,7.32547,-56.691,40.2853,2,0.018,0.018,0.017
juelich_pilot_d30_r2_log_distance_s02_w1,juelich,12345,2,2,log-distance,45,46,veh10,veh7,2,0,1,962.227,0,6.95018,11.1711,nan,nan,0,0.018,0.018,0.017
juelich_pilot_d30_r2_log_distance_s02_w1,juelich,12345,2,2,log-distance,45,46,veh10,veh9,2,2,0,190.239,1,6.95018,8.61955,-72.2637,24.7126,2,0.018,0.018,0.017
juelich_pilot_d30_r2_log_distance_s02_w1,juelich,12345,2,2,log-distance,45,46,veh11,veh0,2,2,0,580.219,0,7.32663,13.4239,-81.9495,15.0268,2,0.018,0.024,0.017
juelich_pilot_d30_r2_log_distance_s02_w1,juelich,12345,2,2,log-distance,45,46,veh11,veh1,2,2,0,33.8503,1,7.32663,8.33948,-57.2687,39.7076,2,0.018,0.018,0.017
juelich_pilot_d30_r2_log_distance_s02_w1,juelich,12345,2,2,log-distance,45,46,veh11,veh10,2,2,0,235.211,1,7.32663,6.95018,-74.1069,22.8694,2,0.018,0.018,0.017
juelich_pilot_d30_r2_log_distance_s02_w1,juelich,12345,2,2,log-distance,45,46,veh11,veh12,2,2,0,568.632,0,7.32663,7.99485,-81.7742,15.2021,2,0.018,0.018,0.017
juelich_pilot_d30_r2_log_distance_s02_w1,juelich,12345,2,2,log-distance,45,46,veh11,veh13,2,2,0,384.266,1,7.32663,7.55564,-78.3702,18.6061,2,0.018,0.024,0.017
juelich_pilot_d30_r2_log_distance_s02_w1,juelich,12345,2,2,log-distance,45,46,veh11,veh14,2,0,1,682.547,0,7.32663,14.7607,nan,nan,0,0.018,0.018,0.017
juelich_pilot_d30_r2_log_distance_s02_w1,juelich,12345,2,2,log-distance,45,46,veh11,veh15,2,0,1,971.569,0,7.32663,9.25739,nan,nan,0,0.018,0.017,0.017
juelich_pilot_d30_r2_log_distance_s02_w1,juelich,12345,2,2,log-distance,45,46,veh11,veh4,2,2,0,225.273,1,7.32663,10.7582,-73.7318,23.2445,2,0.018,0.021,0.017
juelich_pilot_d30_r2_log_distance_s02_w1,juelich,12345,2,2,log-distance,45,46,veh11,veh5,2,0,1,884.782,0,7.32663,7.4982,nan,nan,0,0.018,0.02,0.017
juelich_pilot_d30_r2_log_distance_s02_w1,juelich,12345,2,2,log-distance,45,46,veh11,veh6,2,2,0,262.697,1,7.32663,7.32547,-75.0668,21.9095,2,0.018,0.018,0.017
juelich_pilot_d30_r2_log_distance_s02_w1,juelich,12345,2,2,log-distance,45,46,veh11,veh7,2,0,1,867.212,0,7.32663,11.1711,nan,nan,0,0.018,0.018,0.017
juelich_pilot_d30_r2_log_distance_s02_w1,juelich,12345,2,2,log-distance,45,46,veh11,veh8,2,0,1,961.376,0,7.32663,7.13189,nan,nan,0,0.018,0.016,0.017
juelich_pilot_d30_r2_log_distance_s02_w1,juelich,12345,2,2,log-distance,45,46,veh11,veh9,2,2,0,55.9649,1,7.32663,8.61955,-61.6359,35.3404,2,0.018,0.018,0.017
juelich_pilot_d30_r2_log_distance_s02_w1,juelich,12345,2,2,log-distance,45,46,veh12,veh0,2,0,1,455.123,1,7.99485,13.4239,nan,nan,0,0.018,0.024,0.017
juelich_pilot_d30_r2_log_distance_s02_w1,juelich,12345,2,2,log-distance,45,46,veh12,veh1,2,0,1,599.203,0,7.99485,8.33948,nan,nan,0,0.018,0.018,0.017
juelich_pilot_d30_r2_log_distance_s02_w1,juelich,12345,2,2,log-distance,45,46,veh12,veh10,2,0,1,335.257,1,7.99485,6.95018,nan,nan,0,0.018,0.018,0.017
juelich_pilot_d30_r2_log_distance_s02_w1,juelich,12345,2,2,log-distance,45,46,veh12,veh11,2,0,1,568.632,0,7.99485,7.32663,nan,nan,0,0.018,0.018,0.017
juelich_pilot_d30_r2_log_distance_s02_w1,juelich,12345,2,2,log-distance,45,46,veh12,veh13,2,0,1,356.138,1,7.99485,7.55564,nan,nan,0,0.018,0.024,0.017
juelich_pilot_d30_r2_log_distance_s02_w1,juelich,12345,2,2,log-distance,45,46,veh12,veh14,2,2,0,123.71,1,7.99485,14.7607,-68.523,10.555,2,0.018,0.018,0.017
juelich_pilot_d30_r2_log_distance_s02_w1,juelich,12345,2,2,log-distance,45,46,veh12,veh15,2,0,1,948.494,0,7.99485,9.25739,nan,nan,0,0.018,0.017,0.017
juelich_pilot_d30_r2_log_distance_s02_w1,juelich,12345,2,2,log-distance,45,46,veh12,veh4,2,0,1,380.494,1,7.99485,10.7582,nan,nan,0,0.018,0.021,0.017
juelich_pilot_d30_r2_log_distance_s02_w1,juelich,12345,2,2,log-distance,45,46,veh12,veh5,2,0,1,977.272,0,7.99485,7.4982,nan,nan,0,0.018,0.02,0.017
juelich_pilot_d30_r2_log_distance_s02_w1,juelich,12345,2,2,log-distance,45,46,veh12,veh6,2,0,1,306.194,1,7.99485,7.32547,nan,nan,0,0.018,0.018,0.017
juelich_pilot_d30_r2_log_distance_s02_w1,juelich,12345,2,2,log-distance,45,46,veh12,veh9,2,0,1,519.273,0,7.99485,8.61955,nan,nan,0,0.018,0.018,0.017
juelich_pilot_d30_r2_log_distance_s02_w1,juelich,12345,2,2,log-distance,45,46,veh13,veh0,2,2,0,208.408,1,7.55564,13.4239,-73.0545,6.70252,2,0.024,0.024,0.017
juelich_pilot_d30_r2_log_distance_s02_w1,juelich,12345,2,2,log-distance,45,46,veh13,veh1,2,0,1,417.448,1,7.55564,8.33948,nan,nan,0,0.024,0.018,0.017
juelich_pilot_d30_r2_log_distance_s02_w1,juelich,12345,2,2,log-distance,45,46,veh13,veh10,2,0,1,268.196,1,7.55564,6.95018,nan,nan,0,0.024,0.018,0.017
juelich_pilot_d30_r2_log_distance_s02_w1,juelich,12345,2,2,log-distance,45,46,veh13,veh11,2,0,1,384.266,1,7.55564,7.32663,nan,nan,0,0.024,0.018,0.017
juelich_pilot_d30_r2_log_distance_s02_w1,juelich,12345,2,2,log-distance,45,46,veh13,veh12,2,0,1,356.138,1,7.55564,7.99485,nan,nan,0,0.024,0.018,0.017
juelich_pilot_d30_r2_log_distance_s02_w1,juelich,12345,2,2,log-distance,45,46,veh13,veh14,2,0,1,420.322,1,7.55564,14.7607,nan,nan,0,0.024,0.018,0.017
juelich_pilot_d30_r2_log_distance_s02_w1,juelich,12345,2,2,log-distance,45,46,veh13,veh15,2,0,1,679.722,0,7.55564,9.25739,nan,nan,0,0.024,0.017,0.017
juelich_pilot_d30_r2_log_distance_s02_w1,juelich,12345,2,2,log-distance,45,46,veh13,veh4,2,2,0,169.678,1,7.55564,10.7582,-71.2686,6.9574,2,0.024,0.021,0.017
juelich_pilot_d30_r2_log_distance_s02_w1,juelich,12345,2,2,log-distance,45,46,veh13,veh5,2,0,1,660.144,0,7.55564,7.4982,nan,nan,0,0.024,0.02,0.017
juelich_pilot_d30_r2_log_distance_s02_w1,juelich,12345,2,2,log-distance,45,46,veh13,veh6,2,0,1,248.587,1,7.55564,7.32547,nan,nan,0,0.024,0.018,0.017
juelich_pilot_d30_r2_log_distance_s02_w1,juelich,12345,2,2,log-distance,45,46,veh13,veh7,2,0,1,775.121,0,7.55564,11.1711,nan,nan,0,0.024,0.018,0.017
juelich_pilot_d30_r2_log_distance_s02_w1,juelich,12345,2,2,log-distance,45,46,veh13,veh8,2,0,1,962.462,0,7.55564,7.13189,nan,nan,0,0.024,0.016,0.017
juelich_pilot_d30_r2_log_distance_s02_w1,juelich,12345,2,2,log-distance,45,46,veh13,veh9,2,0,1,329.564,1,7.55564,8.61955,nan,nan,0,0.024,0.018,0.017
juelich_pilot_d30_r2_log_distance_s02_w1,juelich,12345,2,2,log-distance,45,46,veh14,veh0,2,2,0,464.846,1,14.7607,13.4239,-80.0239,16.9524,2,0.018,0.024,0.017
juelich_pilot_d30_r2_log_distance_s02_w1,juelich,12345,2,2,log-distance,45,46,veh14,veh1,2,0,1,714.104,0,14.7607,8.33948,nan,nan,0,0.018,0.018,0.017
juelich_pilot_d30_r2_log_distance_s02_w1,juelich,12345,2,2,log-distance,45,46,veh14,veh10,2,2,0,452.672,1,14.7607,6.95018,-79.7928,17.1834,2,0.018,0.018,0.017
juelich_pilot_d30_r2_log_distance_s02_w1,juelich,12345,2,2,log-distance,45,46,veh14,veh11,2,0,1,682.547,0,14.7607,7.32663,nan,nan,0,0.018,0.018,0.017
juelich_pilot_d30_r2_log_distance_s02_w1,juelich,12345,2,2,log-distance,45,46,veh14,veh12,2,2,0,123.71,1,14.7607,7.99485,-68.523,28.4533,2,0.018,0.018,0.017
juelich_pilot_d30_r2_log_distance_s02_w1,juelich,12345,2,2,log-distance,45,46,veh14,veh13,2,2,0,420.322,1,14.7607,7.55564,-79.1491,17.8272,2,0.018,0.024,0.017
juelich_pilot_d30_r2_log_distance_s02_w1,juelich,12345,2,2,log-distance,45,46,veh14,veh15,2,0,1,934.451,0,14.7607,9.25739,nan,nan,0,0.018,0.017,0.017
juelich_pilot_d30_r2_log_distance_s02_w1,juelich,12345,2,2,log-distance,45,46,veh14,veh4,2,2,0,481.252,1,14.7607,10.7582,-80.3247,16.6516,2,0.018,0.021,0.017
juelich_pilot_d30_r2_log_distance_s02_w1,juelich,12345,2,2,log-distance,45,46,veh14,veh5,2,0,1,987.714,0,14.7607,7.4982,nan,nan,0,0.018,0.02,0.017
juelich_pilot_d30_r2_log_distance_s02_w1,juelich,12345,2,2,log-distance,45,46,veh14,veh6,2,2,0,422.418,1,14.7607,7.32547,-79.192,17.7843,2,0.018,0.018,0.017
juelich_pilot_d30_r2_log_distance_s02_w1,juelich,12345,2,2,log-distance,45,46,veh14,veh9,2,0,1,631.139,0,14.7607,8.61955,nan,nan,0,0.018,0.018,0.017
juelich_pilot_d30_r2_log_distance_s02_w1,juelich,12345,2,2,log-distance,45,46,veh15,veh0,2,2,0,499.868,1,9.25739,13.4239,-80.6546,16.3216,2,0.017,0.024,0.017
juelich_pilot_d30_r2_log_distance_s02_w1,juelich,12345,2,2,log-distance,45,46,veh15,veh1,2,0,1,996.03,0,9.25739,8.33948,nan,nan,0,0.017,0.018,0.017
juelich_pilot_d30_r2_log_distance_s02_w1,juelich,12345,2,2,log-distance,45,46,veh15,veh10,2,0,1,942.933,0,9.25739,6.95018,nan,nan,0,0.017,0.018,0.017
juelich_pilot_d30_r2_log_distance_s02_w1,juelich,12345,2,2,log-distance,45,46,veh15,veh11,2,0,1,971.569,0,9.25739,7.32663,nan,nan,0,0.017,0.018,0.017
juelich_pilot_d30_r2_log_distance_s02_w1,juelich,12345,2,2,log-distance,45,46,veh15,veh12,2,0,1,948.494,0,9.25739,7.99485,nan,nan,0,0.017,0.018,0.017
juelich_pilot_d30_r2_log_distance_s02_w1,juelich,12345,2,2,log-distance,45,46,veh15,veh13,2,0,1,679.722,0,9.25739,7.55564,nan,nan,0,0.017,0.024,0.017
juelich_pilot_d30_r2_log_distance_s02_w1,juelich,12345,2,2,log-distance,45,46,veh15,veh14,2,0,1,934.451,0,9.25739,14.7607,nan,nan,0,0.017,0.018,0.017
juelich_pilot_d30_r2_log_distance_s02_w1,juelich,12345,2,2,log-distance,45,46,veh15,veh16,2,0,1,622.481,0,9.25739,4.2719,nan,nan,0,0.017,0.014,0.017
juelich_pilot_d30_r2_log_distance_s02_w1,juelich,12345,2,2,log-distance,45,46,veh15,veh2,2,0,1,979.448,0,9.25739,0,nan,nan,0,0.017,0.012,0.017
juelich_pilot_d30_r2_log_distance_s02_w1,juelich,12345,2,2,log-distance,45,46,veh15,veh3,2,0,1,813.971,0,9.25739,12.7518,nan,nan,0,0.017,0.014,0.017
juelich_pilot_d30_r2_log_distance_s02_w1,juelich,12345,2,2,log-distance,45,46,veh15,veh4,2,0,1,824.777,0,9.25739,10.7582,nan,nan,0,0.017,0.021,0.017
juelich_pilot_d30_r2_log_distance_s02_w1,juelich,12345,2,2,log-distance,45,46,veh15,veh5,2,2,0,194.87,1,9.25739,7.4982,-72.4718,24.5045,2,0.017,0.02,0.017
juelich_pilot_d30_r2_log_distance_s02_w1,juelich,12345,2,2,log-distance,45,46,veh15,veh6,2,0,1,926.735,0,9.25739,7.32547,nan,nan,0,0.017,0.018,0.017
juelich_pilot_d30_r2_log_distance_s02_w1,juelich,12345,2,2,log-distance,45,46,veh15,veh7,2,2,0,499.03,1,9.25739,11.1711,-80.6402,16.3361,2,0.017,0.018,0.017
juelich_pilot_d30_r2_log_distance_s02_w1,juelich,12345,2,2,log-distance,45,46,veh15,veh8,2,0,1,757.109,0,9.25739,7.13189,nan,nan,0,0.017,0.016,0.017
juelich_pilot_d30_r2_log_distance_s02_w1,juelich,12345,2,2,log-distance,45,46,veh15,veh9,2,0,1,931.984,0,9.25739,8.61955,nan,nan,0,0.017,0.018,0.017
juelich_pilot_d30_r2_log_distance_s02_w1,juelich,12345,2,2,log-distance,45,46,veh16,veh15,2,0,1,622.481,0,4.2719,9.25739,nan,nan,0,0.014,0.017,0.017
juelich_pilot_d30_r2_log_distance_s02_w1,juelich,12345,2,2,log-distance,45,46,veh16,veh2,2,0,1,666.655,0,4.2719,0,nan,nan,0,0.014,0.012,0.017
juelich_pilot_d30_r2_log_distance_s02_w1,juelich,12345,2,2,log-distance,45,46,veh16,veh3,2,2,0,567.858,0,4.2719,12.7518,-81.7624,15.2139,2,0.014,0.014,0.017
juelich_pilot_d30_r2_log_distance_s02_w1,juelich,12345,2,2,log-distance,45,46,veh16,veh5,2,0,1,588.883,0,4.2719,7.4982,nan,nan,0,0.014,0.02,0.017
juelich_pilot_d30_r2_log_distance_s02_w1,juelich,12345,2,2,log-distance,45,46,veh16,veh7,2,0,1,622.749,0,4.2719,11.1711,nan,nan,0,0.014,0.018,0.017
juelich_pilot_d30_r2_log_distance_s02_w1,juelich,12345,2,2,log-distance,45,46,veh16,veh8,2,0,1,731.165,0,4.2719,7.13189,nan,nan,0,0.014,0.016,0.017
juelich_pilot_d30_r2_log_distance_s02_w1,juelich,12345,2,2,log-distance,45,46,veh2,veh15,2,0,1,979.448,0,0,9.25739,nan,nan,0,0.012,0.017,0.017
juelich_pilot_d30_r2_log_distance_s02_w1,juelich,12345,2,2,log-distance,45,46,veh2,veh16,2,0,1,666.655,0,0,4.2719,nan,nan,0,0.012,0.014,0.017
juelich_pilot_d30_r2_log_distance_s02_w1,juelich,12345,2,2,log-distance,45,46,veh2,veh3,2,2,0,167.958,1,0,12.7518,-71.1801,18.5012,2,0.012,0.014,0.017
juelich_pilot_d30_r2_log_distance_s02_w1,juelich,12345,2,2,log-distance,45,46,veh2,veh5,2,0,1,814.141,0,0,7.4982,nan,nan,0,0.012,0.02,0.017
juelich_pilot_d30_r2_log_distance_s02_w1,juelich,12345,2,2,log-distance,45,46,veh2,veh7,2,2,0,562.373,0,0,11.1711,-81.6781,5.82001,2,0.012,0.018,0.017
juelich_pilot_d30_r2_log_distance_s02_w1,juelich,12345,2,2,log-distance,45,46,veh2,veh8,2,2,0,382.925,1,0,7.13189,-78.34,10.3908,2,0.012,0.016,0.017
juelich_pilot_d30_r2_log_distance_s02_w1,juelich,12345,2,2,log-distance,45,46,veh3,veh15,2,0,1,813.971,0,12.7518,9.25739,nan,nan,0,0.014,0.017,0.017
juelich_pilot_d30_r2_log_distance_s02_w1,juelich,12345,2,2,log-distance,45,46,veh3,veh16,2,2,0,567.858,0,12.7518,4.2719,-81.7624,15.2139,2,0.014,0.014,0.017
juelich_pilot_d30_r2_log_distance_s02_w1,juelich,12345,2,2,log-distance,45,46,veh3,veh2,2,2,0,167.958,1,12.7518,0,-71.1801,25.7961,2,0.014,0.012,0.017
juelich_pilot_d30_r2_log_distance_s02_w1,juelich,12345,2,2,log-distance,45,46,veh3,veh5,2,0,1,646.362,0,12.7518,7.4982,nan,nan,0,0.014,0.02,0.017
juelich_pilot_d30_r2_log_distance_s02_w1,juelich,12345,2,2,log-distance,45,46,veh3,veh7,2,2,0,399.873,1,12.7518,11.1711,-78.7161,18.2601,2,0.014,0.018,0.017
juelich_pilot_d30_r2_log_distance_s02_w1,juelich,12345,2,2,log-distance,45,46,veh3,veh8,2,2,0,265.489,1,12.7518,7.13189,-75.1586,21.8177,2,0.014,0.016,0.017
juelich_pilot_d30_r2_log_distance_s02_w1,juelich,12345,2,2,log-distance,45,46,veh4,veh0,2,2,0,376.873,1,10.7582,13.4239,-78.2016,18.7747,2,0.021,0.024,0.017
juelich_pilot_d30_r2_log_distance_s02_w1,juelich,12345,2,2,log-distance,45,46,veh4,veh1,2,2,0,259.123,1,10.7582,8.33948,-74.9478,22.0285,2,0.021,0.018,0.017
juelich_pilot_d30_r2_log_distance_s02_w1,juelich,12345,2,2,log-distance,45,46,veh4,veh10,2,2,0,127.177,1,10.7582,6.95018,-68.7659,28.2104,2,0.021,0.018,0.017
juelich_pilot_d30_r2_log_distance_s02_w1,juelich,12345,2,2,log-distance,45,46,veh4,veh11,2,2,0,225.273,1,10.7582,7.32663,-73.7318,23.2445,2,0.021,0.018,0.017
juelich_pilot_d30_r2_log_distance_s02_w1,juelich,12345,2,2,log-distance,45,46,veh4,veh12,2,2,0,380.494,1,10.7582,7.99485,-78.2843,18.692,2,0.021,0.018,0.017
juelich_pilot_d30_r2_log_distance_s02_w1,juelich,12345,2,2,log-distance,45,46,veh4,veh13,2,2,0,169.678,1,10.7582,7.55564,-71.2686,25.7077,2,0.021,0.024,0.017
juelich_pilot_d30_r2_log_distance_s02_w1,juelich,12345,2,2,log-distance,45,46,veh4,veh14,2,2,0,481.252,1,10.7582,14.7607,-80.3247,16.6516,2,0.021,0.018,0.017
juelich_pilot_d30_r2_log_distance_s02_w1,juelich,12345,2,2,log-distance,45,46,veh4,veh15,2,0,1,824.777,0,10.7582,9.25739,nan,nan,0,0.021,0.017,0.017
juelich_pilot_d30_r2_log_distance_s02_w1,juelich,12345,2,2,log-distance,45,46,veh4,veh5,2,0,1,777.351,0,10.7582,7.4982,nan,nan,0,0.021,0.02,0.017
juelich_pilot_d30_r2_log_distance_s02_w1,juelich,12345,2,2,log-distance,45,46,veh4,veh6,2,2,0,124.861,1,10.7582,7.32547,-68.6062,28.3701,2,0.021,0.018,0.017
juelich_pilot_d30_r2_log_distance_s02_w1,juelich,12345,2,2,log-distance,45,46,veh4,veh7,2,0,1,837.332,0,10.7582,11.1711,nan,nan,0,0.021,0.018,0.017
juelich_pilot_d30_r2_log_distance_s02_w1,juelich,12345,2,2,log-distance,45,46,veh4,veh8,2,0,1,988.182,0,10.7582,7.13189,nan,nan,0,0.021,0.016,0.017
juelich_pilot_d30_r2_log_distance_s02_w1,juelich,12345,2,2,log-distance,45,46,veh4,veh9,2,2,0,169.309,1,10.7582,8.61955,-71.2512,25.725,2,0.021,0.018,0.017
juelich_pilot_d30_r2_log_distance_s02_w1,juelich,12345,2,2,log-distance,45,46,veh5,veh0,2,2,0,524.797,0,7.4982,13.4239,-81.0775,15.8988,2,0.02,0.024,0.017
juelich_pilot_d30_r2_log_distance_s02_w1,juelich,12345,2,2,log-distance,45,46,veh5,veh1,2,0,1,904.523,0,7.4982,8.33948,nan,nan,0,0.02,0.018,0.017
juelich_pilot_d30_r2_log_distance_s02_w1,juelich,12345,2,2,log-distance,45,46,veh5,veh10,2,0,1,902.946,0,7.4982,6.95018,nan,nan,0,0.02,0.018,0.017
juelich_pilot_d30_r2_log_distance_s02_w1,juelich,12345,2,2,log-distance,45,46,veh5,veh11,2,0,1,884.782,0,7.4982,7.32663,nan,nan,0,0.02,0.018,0.017
juelich_pilot_d30_r2_log_distance_s02_w1,juelich,12345,2,2,log-distance,45,46,veh5,veh12,2,0,1,977.272,0,7.4982,7.99485,nan,nan,0,0.02,0.018,0.017
juelich_pilot_d30_r2_log_distance_s02_w1,juelich,12345,2,2,log-distance,45,46,veh5,veh13,2,0,1,660.144,0,7.4982,7.55564,nan,nan,0,0.02,0.024,0.017
juelich_pilot_d30_r2_log_distance_s02_w1,juelich,12345,2,2,log-distance,45,46,veh5,veh14,2,0,1,987.714,0,7.4982,14.7607,nan,nan,0,0.02,0.018,0.017
juelich_pilot_d30_r2_log_distance_s02_w1,juelich,12345,2,2,log-distance,45,46,veh5,veh15,2,2,0,194.87,1,7.4982,9.25739,-72.4718,24.5045,2,0.02,0.017,0.017
juelich_pilot_d30_r2_log_distance_s02_w1,juelich,12345,2,2,log-distance,45,46,veh5,veh16,2,0,1,588.883,0,7.4982,4.2719,nan,nan,0,0.02,0.014,0.017
juelich_pilot_d30_r2_log_distance_s02_w1,juelich,12345,2,2,log-distance,45,46,veh5,veh2,2,0,1,814.141,0,7.4982,0,nan,nan,0,0.02,0.012,0.017
juelich_pilot_d30_r2_log_distance_s02_w1,juelich,12345,2,2,log-distance,45,46,veh5,veh3,2,0,1,646.362,0,7.4982,12.7518,nan,nan,0,0.02,0.014,0.017
juelich_pilot_d30_r2_log_distance_s02_w1,juelich,12345,2,2,log-distance,45,46,veh5,veh4,2,0,1,777.351,0,7.4982,10.7582,nan,nan,0,0.02,0.021,0.017
juelich_pilot_d30_r2_log_distance_s02_w1,juelich,12345,2,2,log-distance,45,46,veh5,veh6,2,0,1,892.753,0,7.4982,7.32547,nan,nan,0,0.02,0.018,0.017
juelich_pilot_d30_r2_log_distance_s02_w1,juelich,12345,2,2,log-distance,45,46,veh5,veh7,2,2,0,305.234,1,7.4982,11.1711,-76.37,20.6063,2,0.02,0.018,0.017
juelich_pilot_d30_r2_log_distance_s02_w1,juelich,12345,2,2,log-distance,45,46,veh5,veh8,2,2,0,564.765,0,7.4982,7.13189,-81.715,15.2612,2,0.02,0.016,0.017
juelich_pilot_d30_r2_log_distance_s02_w1,juelich,12345,2,2,log-distance,45,46,veh5,veh9,2,0,1,853.586,0,7.4982,8.61955,nan,nan,0,0.02,0.018,0.017
juelich_pilot_d30_r2_log_distance_s02_w1,juelich,12345,2,2,log-distance,45,46,veh6,veh0,2,2,0,451.398,1,7.32547,13.4239,-79.7689,17.2074,2,0.018,0.024,0.017
juelich_pilot_d30_r2_log_distance_s02_w1,juelich,12345,2,2,log-distance,45,46,veh6,veh1,2,2,0,293.013,1,7.32547,8.33948,-76.0154,20.9609,2,0.018,0.018,0.017
juelich_pilot_d30_r2_log_distance_s02_w1,juelich,12345,2,2,log-distance,45,46,veh6,veh10,2,2,0,31.6713,1,7.32547,6.95018,-56.691,40.2853,2,0.018,0.018,0.017
juelich_pilot_d30_r2_log_distance_s02_w1,juelich,12345,2,2,log-distance,45,46,veh6,veh11,2,2,0,262.697,1,7.32547,7.32663,-75.0668,21.9095,2,0.018,0.018,0.017
juelich_pilot_d30_r2_log_distance_s02_w1,juelich,12345,2,2,log-distance,45,46,veh6,veh12,2,2,0,306.194,1,7.32547,7.99485,-76.3973,20.579,2,0.018,0.018,0.017
juelich_pilot_d30_r2_log_distance_s02_w1,juelich,12345,2,2,log-distance,45,46,veh6,veh13,2,2,0,248.587,1,7.32547,7.55564,-74.5868,22.3895,2,0.018,0.024,0.017
juelich_pilot_d30_r2_log_distance_s02_w1,juelich,12345,2,2,log-distance,45,46,veh6,veh14,2,2,0,422.418,1,7.32547,14.7607,-79.192,17.7843,2,0.018,0.018,0.017
juelich_pilot_d30_r2_log_distance_s02_w1,juelich,12345,2,2,log-distance,45,46,veh6,veh15,2,0,1,926.735,0,7.32547,9.25739,nan,nan,0,0.018,0.017,0.017
juelich_pilot_d30_r2_log_distance_s02_w1,juelich,12345,2,2,log-distance,45,46,veh6,veh4,2,2,0,124.861,1,7.32547,10.7582,-68.6062,28.3701,2,0.018,0.021,0.017
juelich_pilot_d30_r2_log_distance_s02_w1,juelich,12345,2,2,log-distance,45,46,veh6,veh5,2,0,1,892.753,0,7.32547,7.4982,nan,nan,0,0.018,0.02,0.017
juelich_pilot_d30_r2_log_distance_s02_w1,juelich,12345,2,2,log-distance,45,46,veh6,veh7,2,0,1,962.061,0,7.32547,11.1711,nan,nan,0,0.018,0.018,0.017
juelich_pilot_d30_r2_log_distance_s02_w1,juelich,12345,2,2,log-distance,45,46,veh6,veh9,2,2,0,215.247,1,7.32547,8.61955,-73.3364,23.6398,2,0.018,0.018,0.017
juelich_pilot_d30_r2_log_distance_s02_w1,juelich,12345,2,2,log-distance,45,46,veh7,veh0,2,0,1,712.541,0,11.1711,13.4239,nan,nan,0,0.018,0.024,0.017
juelich_pilot_d30_r2_log_distance_s02_w1,juelich,12345,2,2,log-distance,45,46,veh7,veh1,2,0,1,876.444,0,11.1711,8.33948,nan,nan,0,0.018,0.018,0.017
juelich_pilot_d30_r2_log_distance_s02_w1,juelich,12345,2,2,log-distance,45,46,veh7,veh10,2,0,1,962.227,0,11.1711,6.95018,nan,nan,0,0.018,0.018,0.017
juelich_pilot_d30_r2_log_distance_s02_w1,juelich,12345,2,2,log-distance,45,46,veh7,veh11,2,0,1,867.212,0,11.1711,7.32663,nan,nan,0,0.018,0.018,0.017
juelich_pilot_d30_r2_log_distance_s02_w1,juelich,12345,2,2,log-distance,45,46,veh7,veh13,2,0,1,775.121,0,11.1711,7.55564,nan,nan,0,0.018,0.024,0.017
juelich_pilot_d30_r2_log_distance_s02_w1,juelich,12345,2,2,log-distance,45,46,veh7,veh15,2,2,0,499.03,1,11.1711,9.25739,-80.6402,16.3361,2,0.018,0.017,0.017
juelich_pilot_d30_r2_log_distance_s02_w1,juelich,12345,2,2,log-distance,45,46,veh7,veh16,2,0,1,622.749,0,11.1711,4.2719,nan,nan,0,0.018,0.014,0.017
juelich_pilot_d30_r2_log_distance_s02_w1,juelich,12345,2,2,log-distance,45,46,veh7,veh2,2,2,0,562.373,0,11.1711,0,-81.6781,15.2982,2,0.018,0.012,0.017
juelich_pilot_d30_r2_log_distance_s02_w1,juelich,12345,2,2,log-distance,45,46,veh7,veh3,2,2,0,399.873,1,11.1711,12.7518,-78.7161,18.2601,2,0.018,0.014,0.017
juelich_pilot_d30_r2_log_distance_s02_w1,juelich,12345,2,2,log-distance,45,46,veh7,veh4,2,0,1,837.332,0,11.1711,10.7582,nan,nan,0,0.018,0.021,0.017
juelich_pilot_d30_r2_log_distance_s02_w1,juelich,12345,2,2,log-distance,45,46,veh7,veh5,2,2,0,305.234,1,11.1711,7.4982,-76.37,20.6063,2,0.018,0.02,0.017
juelich_pilot_d30_r2_log_distance_s02_w1,juelich,12345,2,2,log-distance,45,46,veh7,veh6,2,0,1,962.061,0,11.1711,7.32547,nan,nan,0,0.018,0.018,0.017
juelich_pilot_d30_r2_log_distance_s02_w1,juelich,12345,2,2,log-distance,45,46,veh7,veh8,2,2,0,260.466,1,11.1711,7.13189,-74.9924,21.9839,2,0.018,0.016,0.017
juelich_pilot_d30_r2_log_distance_s02_w1,juelich,12345,2,2,log-distance,45,46,veh7,veh9,2,0,1,854.091,0,11.1711,8.61955,nan,nan,0,0.018,0.018,0.017
juelich_pilot_d30_r2_log_distance_s02_w1,juelich,12345,2,2,log-distance,45,46,veh8,veh0,2,0,1,937.927,0,7.13189,13.4239,nan,nan,0,0.016,0.024,0.017
juelich_pilot_d30_r2_log_distance_s02_w1,juelich,12345,2,2,log-distance,45,46,veh8,veh1,2,0,1,961.659,0,7.13189,8.33948,nan,nan,0,0.016,0.018,0.017
juelich_pilot_d30_r2_log_distance_s02_w1,juelich,12345,2,2,log-distance,45,46,veh8,veh11,2,0,1,961.376,0,7.13189,7.32663,nan,nan,0,0.016,0.018,0.017
juelich_pilot_d30_r2_log_distance_s02_w1,juelich,12345,2,2,log-distance,45,46,veh8,veh13,2,0,1,962.462,0,7.13189,7.55564,nan,nan,0,0.016,0.024,0.017
juelich_pilot_d30_r2_log_distance_s02_w1,juelich,12345,2,2,log-distance,45,46,veh8,veh15,2,0,1,757.109,0,7.13189,9.25739,nan,nan,0,0.016,0.017,0.017
juelich_pilot_d30_r2_log_distance_s02_w1,juelich,12345,2,2,log-distance,45,46,veh8,veh16,2,0,1,731.165,0,7.13189,4.2719,nan,nan,0,0.016,0.014,0.017
juelich_pilot_d30_r2_log_distance_s02_w1,juelich,12345,2,2,log-distance,45,46,veh8,veh2,2,2,0,382.925,1,7.13189,0,-78.34,18.6363,2,0.016,0.012,0.017
juelich_pilot_d30_r2_log_distance_s02_w1,juelich,12345,2,2,log-distance,45,46,veh8,veh3,2,2,0,265.489,1,7.13189,12.7518,-75.1586,21.8177,2,0.016,0.014,0.017
juelich_pilot_d30_r2_log_distance_s02_w1,juelich,12345,2,2,log-distance,45,46,veh8,veh4,2,0,1,988.182,0,7.13189,10.7582,nan,nan,0,0.016,0.021,0.017
juelich_pilot_d30_r2_log_distance_s02_w1,juelich,12345,2,2,log-distance,45,46,veh8,veh5,2,2,0,564.765,0,7.13189,7.4982,-81.715,15.2612,2,0.016,0.02,0.017
juelich_pilot_d30_r2_log_distance_s02_w1,juelich,12345,2,2,log-distance,45,46,veh8,veh7,2,2,0,260.466,1,7.13189,11.1711,-74.9924,21.9839,2,0.016,0.018,0.017
juelich_pilot_d30_r2_log_distance_s02_w1,juelich,12345,2,2,log-distance,45,46,veh8,veh9,2,0,1,962.927,0,7.13189,8.61955,nan,nan,0,0.016,0.018,0.017
juelich_pilot_d30_r2_log_distance_s02_w1,juelich,12345,2,2,log-distance,45,46,veh9,veh0,2,2,0,527.94,0,8.61955,13.4239,-81.1294,15.8469,2,0.018,0.024,0.017
juelich_pilot_d30_r2_log_distance_s02_w1,juelich,12345,2,2,log-distance,45,46,veh9,veh1,2,2,0,89.814,1,8.61955,8.33948,-65.7446,31.2317,2,0.018,0.018,0.017
juelich_pilot_d30_r2_log_distance_s02_w1,juelich,12345,2,2,log-distance,45,46,veh9,veh10,2,2,0,190.239,1,8.61955,6.95018,-72.2637,24.7126,2,0.018,0.018,0.017
juelich_pilot_d30_r2_log_distance_s02_w1,juelich,12345,2,2,log-distance,45,46,veh9,veh11,2,2,0,55.9649,1,8.61955,7.32663,-61.6359,35.3404,2,0.018,0.018,0.017
juelich_pilot_d30_r2_log_distance_s02_w1,juelich,12345,2,2,log-distance,45,46,veh9,veh12,2,2,0,519.273,0,8.61955,7.99485,-80.9854,15.9908,2,0.018,0.018,0.017
juelich_pilot_d30_r2_log_distance_s02_w1,juelich,12345,2,2,log-distance,45,46,veh9,veh13,2,2,0,329.564,1,8.61955,7.55564,-77.0362,19.94,2,0.018,0.024,0.017
juelich_pilot_d30_r2_log_distance_s02_w1,juelich,12345,2,2,log-distance,45,46,veh9,veh14,2,0,1,631.139,0,8.61955,14.7607,nan,nan,0,0.018,0.018,0.017
juelich_pilot_d30_r2_log_distance_s02_w1,juelich,12345,2,2,log-distance,45,46,veh9,veh15,2,0,1,931.984,0,8.61955,9.25739,nan,nan,0,0.018,0.017,0.017
juelich_pilot_d30_r2_log_distance_s02_w1,juelich,12345,2,2,log-distance,45,46,veh9,veh4,2,2,0,169.309,1,8.61955,10.7582,-71.2512,25.725,2,0.018,0.021,0.017
juelich_pilot_d30_r2_log_distance_s02_w1,juelich,12345,2,2,log-distance,45,46,veh9,veh5,2,0,1,853.586,0,8.61955,7.4982,nan,nan,0,0.018,0.02,0.017
juelich_pilot_d30_r2_log_distance_s02_w1,juelich,12345,2,2,log-distance,45,46,veh9,veh6,2,2,0,215.247,1,8.61955,7.32547,-73.3364,23.6398,2,0.018,0.018,0.017
juelich_pilot_d30_r2_log_distance_s02_w1,juelich,12345,2,2,log-distance,45,46,veh9,veh7,2,0,1,854.091,0,8.61955,11.1711,nan,nan,0,0.018,0.018,0.017
juelich_pilot_d30_r2_log_distance_s02_w1,juelich,12345,2,2,log-distance,45,46,veh9,veh8,2,0,1,962.927,0,8.61955,7.13189,nan,nan,0,0.018,0.016,0.017
juelich_pilot_d30_r2_log_distance_s02_w1,juelich,12345,2,2,log-distance,46,47,veh0,veh1,2,0,1,616.892,0,13.5024,8.29717,nan,nan,0,0.026,0.018,0.0195556
juelich_pilot_d30_r2_log_distance_s02_w1,juelich,12345,2,2,log-distance,46,47,veh0,veh10,2,2,0,477.706,1,13.5024,9.09361,-80.2609,16.7154,2,0.026,0.018,0.0195556
juelich_pilot_d30_r2_log_distance_s02_w1,juelich,12345,2,2,log-distance,46,47,veh0,veh11,2,0,1,585.981,0,13.5024,7.32376,nan,nan,0,0.026,0.018,0.0195556
juelich_pilot_d30_r2_log_distance_s02_w1,juelich,12345,2,2,log-distance,46,47,veh0,veh12,2,2,0,448.367,1,13.5024,8.62466,-79.7103,17.266,2,0.026,0.018,0.0195556
juelich_pilot_d30_r2_log_distance_s02_w1,juelich,12345,2,2,log-distance,46,47,veh0,veh13,2,2,0,223.755,1,13.5024,7.58032,-73.6719,23.3044,2,0.026,0.026,0.0195556
juelich_pilot_d30_r2_log_distance_s02_w1,juelich,12345,2,2,log-distance,46,47,veh0,veh14,2,2,0,463.2,1,13.5024,14.9878,-79.9931,16.9832,2,0.026,0.018,0.0195556
juelich_pilot_d30_r2_log_distance_s02_w1,juelich,12345,2,2,log-distance,46,47,veh0,veh15,2,2,0,487.407,1,13.5024,9.21435,-80.4354,16.5409,2,0.026,0.02,0.0195556
juelich_pilot_d30_r2_log_distance_s02_w1,juelich,12345,2,2,log-distance,46,47,veh0,veh17,2,0,1,611.713,0,13.5024,0.821671,nan,nan,0,0.026,0.022,0.0195556
juelich_pilot_d30_r2_log_distance_s02_w1,juelich,12345,2,2,log-distance,46,47,veh0,veh4,2,2,0,379.063,1,13.5024,9.55858,-78.2519,18.7244,2,0.026,0.025,0.0195556
juelich_pilot_d30_r2_log_distance_s02_w1,juelich,12345,2,2,log-distance,46,47,veh0,veh5,2,2,0,526.543,0,13.5024,7.40122,-81.1064,15.8699,2,0.026,0.022,0.0195556
juelich_pilot_d30_r2_log_distance_s02_w1,juelich,12345,2,2,log-distance,46,47,veh0,veh6,2,2,0,455.661,1,13.5024,6.1937,-79.8505,17.1258,2,0.026,0.018,0.0195556
juelich_pilot_d30_r2_log_distance_s02_w1,juelich,12345,2,2,log-distance,46,47,veh0,veh7,2,0,1,708.797,0,13.5024,11.1834,nan,nan,0,0.026,0.021,0.0195556
juelich_pilot_d30_r2_log_distance_s02_w1,juelich,12345,2,2,log-distance,46,47,veh0,veh8,2,0,1,947.11,0,13.5024,7.13197,nan,nan,0,0.026,0.018,0.0195556
juelich_pilot_d30_r2_log_distance_s02_w1,juelich,12345,2,2,log-distance,46,47,veh0,veh9,2,2,0,532.402,0,13.5024,8.59861,-81.2025,15.7738,2,0.026,0.018,0.0195556
juelich_pilot_d30_r2_log_distance_s02_w1,juelich,12345,2,2,log-distance,46,47,veh1,veh0,2,0,1,616.892,0,8.29717,13.5024,nan,nan,0,0.018,0.026,0.0195556
juelich_pilot_d30_r2_log_distance_s02_w1,juelich,12345,2,2,log-distance,46,47,veh1,veh10,2,2,0,264.472,1,8.29717,9.09361,-75.1253,21.851,2,0.018,0.018,0.0195556
juelich_pilot_d30_r2_log_distance_s02_w1,juelich,12345,2,2,log-distance,46,47,veh1,veh11,2,2,0,32.8493,1,8.29717,7.32376,-57.008,39.9683,2,0.018,0.018,0.0195556
juelich_pilot_d30_r2_log_distance_s02_w1,juelich,12345,2,2,log-distance,46,47,veh1,veh12,2,1,0.5,586.393,0,8.29717,8.62466,-81.9932,14.9831,1,0.018,0.018,0.0195556
juelich_pilot_d30_r2_log_distance_s02_w1,juelich,12345,2,2,log-distance,46,47,veh1,veh13,2,2,0,407.89,1,8.29717,7.58032,-78.8884,18.0879,2,0.018,0.026,0.0195556
juelich_pilot_d30_r2_log_distance_s02_w1,juelich,12345,2,2,log-distance,46,47,veh1,veh14,2,0,1,693.734,0,8.29717,14.9878,nan,nan,0,0.018,0.018,0.0195556
juelich_pilot_d30_r2_log_distance_s02_w1,juelich,12345,2,2,log-distance,46,47,veh1,veh15,2,0,1,984.418,0,8.29717,9.21435,nan,nan,0,0.018,0.02,0.0195556
juelich_pilot_d30_r2_log_distance_s02_w1,juelich,12345,2,2,log-distance,46,47,veh1,veh17,2,0,1,877.86,0,8.29717,0.821671,nan,nan,0,0.018,0.022,0.0195556
juelich_pilot_d30_r2_log_distance_s02_w1,juelich,12345,2,2,log-distance,46,47,veh1,veh4,2,2,0,260.496,1,8.29717,9.55858,-74.9937,21.9826,2,0.018,0.025,0.0195556
juelich_pilot_d30_r2_log_distance_s02_w1,juelich,12345,2,2,log-distance,46,47,veh1,veh5,2,0,1,895.113,0,8.29717,7.40122,nan,nan,0,0.018,0.022,0.0195556
juelich_pilot_d30_r2_log_distance_s02_w1,juelich,12345,2,2,log-distance,46,47,veh1,veh6,2,2,0,290.579,1,8.29717,6.1937,-75.9429,21.0334,2,0.018,0.018,0.0195556
juelich_pilot_d30_r2_log_distance_s02_w1,juelich,12345,2,2,log-distance,46,47,veh1,veh7,2,0,1,863.348,0,8.29717,11.1834,nan,nan,0,0.018,0.021,0.0195556
juelich_pilot_d30_r2_log_distance_s02_w1,juelich,12345,2,2,log-distance,46,47,veh1,veh8,2,0,1,958.171,0,8.29717,7.13197,nan,nan,0,0.018,0.018,0.0195556
juelich_pilot_d30_r2_log_distance_s02_w1,juelich,12345,2,2,log-distance,46,47,veh1,veh9,2,2,0,90.1016,1,8.29717,8.59861,-65.7723,31.2039,2,0.018,0.018,0.0195556
juelich_pilot_d30_r2_log_distance_s02_w1,juelich,12345,2,2,log-distance,46,47,veh10,veh0,2,2,0,477.706,1,9.09361,13.5024,-80.2609,16.7154,2,0.018,0.026,0.0195556
juelich_pilot_d30_r2_log_distance_s02_w1,juelich,12345,2,2,log-distance,46,47,veh10,veh1,2,2,0,264.472,1,9.09361,8.29717,-75.1253,21.851,2,0.018,0.018,0.0195556
juelich_pilot_d30_r2_log_distance_s02_w1,juelich,12345,2,2,log-distance,46,47,veh10,veh11,2,2,0,235.912,1,9.09361,7.32376,-74.1327,22.8436,2,0.018,0.018,0.0195556
juelich_pilot_d30_r2_log_distance_s02_w1,juelich,12345,2,2,log-distance,46,47,veh10,veh12,2,2,0,322.767,1,9.09361,8.62466,-76.855,20.1213,2,0.018,0.018,0.0195556
juelich_pilot_d30_r2_log_distance_s02_w1,juelich,12345,2,2,log-distance,46,47,veh10,veh13,2,2,0,257.146,1,9.09361,7.58032,-74.8807,22.0956,2,0.018,0.026,0.0195556
juelich_pilot_d30_r2_log_distance_s02_w1,juelich,12345,2,2,log-distance,46,47,veh10,veh14,2,2,0,431.753,1,9.09361,14.9878,-79.3817,17.5946,2,0.018,0.018,0.0195556
juelich_pilot_d30_r2_log_distance_s02_w1,juelich,12345,2,2,log-distance,46,47,veh10,veh15,2,0,1,931.379,0,9.09361,9.21435,nan,nan,0,0.018,0.02,0.0195556
juelich_pilot_d30_r2_log_distance_s02_w1,juelich,12345,2,2,log-distance,46,47,veh10,veh17,2,0,1,922.196,0,9.09361,0.821671,nan,nan,0,0.018,0.022,0.0195556
juelich_pilot_d30_r2_log_distance_s02_w1,juelich,12345,2,2,log-distance,46,47,veh10,veh4,2,2,0,129.397,1,9.09361,9.55858,-68.9158,28.0605,2,0.018,0.025,0.0195556
juelich_pilot_d30_r2_log_distance_s02_w1,juelich,12345,2,2,log-distance,46,47,veh10,veh5,2,0,1,897.676,0,9.09361,7.40122,nan,nan,0,0.018,0.022,0.0195556
juelich_pilot_d30_r2_log_distance_s02_w1,juelich,12345,2,2,log-distance,46,47,veh10,veh6,2,2,0,29.7441,1,9.09361,6.1937,-56.1384,40.8379,2,0.018,0.018,0.0195556
juelich_pilot_d30_r2_log_distance_s02_w1,juelich,12345,2,2,log-distance,46,47,veh10,veh7,2,0,1,950.907,0,9.09361,11.1834,nan,nan,0,0.018,0.021,0.0195556
juelich_pilot_d30_r2_log_distance_s02_w1,juelich,12345,2,2,log-distance,46,47,veh10,veh9,2,2,0,189.937,1,9.09361,8.59861,-72.2499,24.7264,2,0.018,0.018,0.0195556
juelich_pilot_d30_r2_log_distance_s02_w1,juelich,12345,2,2,log-distance,46,47,veh11,veh0,2,0,1,585.981,0,7.32376,13.5024,nan,nan,0,0.018,0.026,0.0195556
juelich_pilot_d30_r2_log_distance_s02_w1,juelich,12345,2,2,log-distance,46,47,veh11,veh1,2,2,0,32.8493,1,7.32376,8.29717,-57.008,39.9683,2,0.018,0.018,0.0195556
juelich_pilot_d30_r2_log_distance_s02_w1,juelich,12345,2,2,log-distance,46,47,veh11,veh10,2,2,0,235.912,1,7.32376,9.09361,-74.1327,22.8436,2,0.018,0.018,0.0195556
juelich_pilot_d30_r2_log_distance_s02_w1,juelich,12345,2,2,log-distance,46,47,veh11,veh12,2,2,0,556.644,0,7.32376,8.62466,-81.5891,15.3872,2,0.018,0.018,0.0195556
juelich_pilot_d30_r2_log_distance_s02_w1,juelich,12345,2,2,log-distance,46,47,veh11,veh13,2,2,0,375.597,1,7.32376,7.58032,-78.172,18.8043,2,0.018,0.026,0.0195556
juelich_pilot_d30_r2_log_distance_s02_w1,juelich,12345,2,2,log-distance,46,47,veh11,veh14,2,0,1,663.303,0,7.32376,14.9878,nan,nan,0,0.018,0.018,0.0195556
juelich_pilot_d30_r2_log_distance_s02_w1,juelich,12345,2,2,log-distance,46,47,veh11,veh15,2,0,1,960.639,0,7.32376,9.21435,nan,nan,0,0.018,0.02,0.0195556
juelich_pilot_d30_r2_log_distance_s02_w1,juelich,12345,2,2,log-distance,46,47,veh11,veh17,2,0,1,863.659,0,7.32376,0.821671,nan,nan,0,0.018,0.022,0.0195556
juelich_pilot_d30_r2_log_distance_s02_w1,juelich,12345,2,2,log-distance,46,47,veh11,veh4,2,2,0,227.65,1,7.32376,9.55858,-73.8231,23.1532,2,0.018,0.025,0.0195556
juelich_pilot_d30_r2_log_distance_s02_w1,juelich,12345,2,2,log-distance,46,47,veh11,veh5,2,0,1,876.333,0,7.32376,7.40122,nan,nan,0,0.018,0.022,0.0195556
juelich_pilot_d30_r2_log_distance_s02_w1,juelich,12345,2,2,log-distance,46,47,veh11,veh6,2,2,0,261.14,1,7.32376,6.1937,-75.0151,21.9612,2,0.018,0.018,0.0195556
juelich_pilot_d30_r2_log_distance_s02_w1,juelich,12345,2,2,log-distance,46,47,veh11,veh7,2,0,1,854.557,0,7.32376,11.1834,nan,nan,0,0.018,0.021,0.0195556
juelich_pilot_d30_r2_log_distance_s02_w1,juelich,12345,2,2,log-distance,46,47,veh11,veh8,2,0,1,958.386,0,7.32376,7.13197,nan,nan,0,0.018,0.018,0.0195556
juelich_pilot_d30_r2_log_distance_s02_w1,juelich,12345,2,2,log-distance,46,47,veh11,veh9,2,2,0,57.2538,1,7.32376,8.59861,-61.8336,35.1426,2,0.018,0.018,0.0195556
juelich_pilot_d30_r2_log_distance_s02_w1,juelich,12345,2,2,log-distance,46,47,veh12,veh0,2,0,1,448.367,1,8.62466,13.5024,nan,nan,0,0.018,0.026,0.0195556
juelich_pilot_d30_r2_log_distance_s02_w1,juelich,12345,2,2,log-distance,46,47,veh12,veh1,2,0,1,586.393,0,8.62466,8.29717,nan,nan,0,0.018,0.018,0.0195556
juelich_pilot_d30_r2_log_distance_s02_w1,juelich,12345,2,2,log-distance,46,47,veh12,veh10,2,0,1,322.767,1,8.62466,9.09361,nan,nan,0,0.018,0.018,0.0195556
juelich_pilot_d30_r2_log_distance_s02_w1,juelich,12345,2,2,log-distance,46,47,veh12,veh11,2,0,1,556.644,0,8.62466,7.32376,nan,nan,0,0.018,0.018,0.0195556
juelich_pilot_d30_r2_log_distance_s02_w1,juelich,12345,2,2,log-distance,46,47,veh12,veh13,2,0,1,340.76,1,8.62466,7.58032,nan,nan,0,0.018,0.026,0.0195556
juelich_pilot_d30_r2_log_distance_s02_w1,juelich,12345,2,2,log-distance,46,47,veh12,veh14,2,2,0,111.808,1,8.62466,14.9878,-67.6445,11.1744,2,0.018,0.018,0.0195556
juelich_pilot_d30_r2_log_distance_s02_w1,juelich,12345,2,2,log-distance,46,47,veh12,veh15,2,0,1,932.012,0,8.62466,9.21435,nan,nan,0,0.018,0.02,0.0195556
juelich_pilot_d30_r2_log_distance_s02_w1,juelich,12345,2,2,log-distance,46,47,veh12,veh4,2,0,1,367.598,1,8.62466,9.55858,nan,nan,0,0.018,0.025,0.0195556
juelich_pilot_d30_r2_log_distance_s02_w1,juelich,12345,2,2,log-distance,46,47,veh12,veh5,2,0,1,968.929,0,8.62466,7.40122,nan,nan,0,0.018,0.022,0.0195556
juelich_pilot_d30_r2_log_distance_s02_w1,juelich,12345,2,2,log-distance,46,47,veh12,veh6,2,0,1,295.833,1,8.62466,6.1937,nan,nan,0,0.018,0.018,0.0195556
juelich_pilot_d30_r2_log_distance_s02_w1,juelich,12345,2,2,log-distance,46,47,veh12,veh9,2,0,1,506.045,0,8.62466,8.59861,nan,nan,0,0.018,0.018,0.0195556
juelich_pilot_d30_r2_log_distance_s02_w1,juelich,12345,2,2,log-distance,46,47,veh13,veh0,2,2,0,223.755,1,7.58032,13.5024,-73.6719,5.95769,2,0.026,0.026,0.0195556
juelich_pilot_d30_r2_log_distance_s02_w1,juelich,12345,2,2,log-distance,46,47,veh13,veh1,2,0,1,407.89,1,7.58032,8.29717,nan,nan,0,0.026,0.018,0.0195556
juelich_pilot_d30_r2_log_distance_s02_w1,juelich,12345,2,2,log-distance,46,47,veh13,veh10,2,0,1,257.146,1,7.58032,9.09361,nan,nan,0,0.026,0.018,0.0195556
juelich_pilot_d30_r2_log_distance_s02_w1,juelich,12345,2,2,log-distance,46,47,veh13,veh11,2,0,1,375.597,1,7.58032,7.32376,nan,nan,0,0.026,0.018,0.0195556
juelich_pilot_d30_r2_log_distance_s02_w1,juelich,12345,2,2,log-distance,46,47,veh13,veh12,2,0,1,340.76,1,7.58032,8.62466,nan,nan,0,0.026,0.018,0.0195556
juelich_pilot_d30_r2_log_distance_s02_w1,juelich,12345,2,2,log-distance,46,47,veh13,veh14,2,0,1,407.775,1,7.58032,14.9878,nan,nan,0,0.026,0.018,0.0195556
juelich_pilot_d30_r2_log_distance_s02_w1,juelich,12345,2,2,log-distance,46,47,veh13,veh15,2,0,1,678.776,0,7.58032,9.21435,nan,nan,0,0.026,0.02,0.0195556
juelich_pilot_d30_r2_log_distance_s02_w1,juelich,12345,2,2,log-distance,46,47,veh13,veh17,2,0,1,713.426,0,7.58032,0.821671,nan,nan,0,0.026,0.022,0.0195556
juelich_pilot_d30_r2_log_distance_s02_w1,juelich,12345,2,2,log-distance,46,47,veh13,veh4,2,2,0,156.784,1,7.58032,9.55858,-70.5821,7.34844,2,0.026,0.025,0.0195556
juelich_pilot_d30_r2_log_distance_s02_w1,juelich,12345,2,2,log-distance,46,47,veh13,veh5,2,0,1,666.035,0,7.58032,7.40122,nan,nan,0,0.026,0.022,0.0195556
juelich_pilot_d30_r2_log_distance_s02_w1,juelich,12345,2,2,log-distance,46,47,veh13,veh6,2,0,1,237.896,1,7.58032,6.1937,nan,nan,0,0.026,0.018,0.0195556
juelich_pilot_d30_r2_log_distance_s02_w1,juelich,12345,2,2,log-distance,46,47,veh13,veh7,2,0,1,771.581,0,7.58032,11.1834,nan,nan,0,0.026,0.021,0.0195556
juelich_pilot_d30_r2_log_distance_s02_w1,juelich,12345,2,2,log-distance,46,47,veh13,veh8,2,0,1,969.008,0,7.58032,7.13197,nan,nan,0,0.026,0.018,0.0195556
juelich_pilot_d30_r2_log_distance_s02_w1,juelich,12345,2,2,log-distance,46,47,veh13,veh9,2,0,1,319.433,1,7.58032,8.59861,nan,nan,0,0.026,0.018,0.0195556
juelich_pilot_d30_r2_log_distance_s02_w1,juelich,12345,2,2,log-distance,46,47,veh14,veh0,2,2,0,463.2,1,14.9878,13.5024,-79.9931,16.9832,2,0.018,0.026,0.0195556
juelich_pilot_d30_r2_log_distance_s02_w1,juelich,12345,2,2,log-distance,46,47,veh14,veh1,2,0,1,693.734,0,14.9878,8.29717,nan,nan,0,0.018,0.018,0.0195556
juelich_pilot_d30_r2_log_distance_s02_w1,juelich,12345,2,2,log-distance,46,47,veh14,veh10,2,2,0,431.753,1,14.9878,9.09361,-79.3817,17.5946,2,0.018,0.018,0.0195556
juelich_pilot_d30_r2_log_distance_s02_w1,juelich,12345,2,2,log-distance,46,47,veh14,veh11,2,0,1,663.303,0,14.9878,7.32376,nan,nan,0,0.018,0.018,0.0195556
juelich_pilot_d30_r2_log_distance_s02_w1,juelich,12345,2,2,log-distance,46,47,veh14,veh12,2,2,0,111.808,1,14.9878,8.62466,-67.6445,29.3318,2,0.018,0.018,0.0195556
juelich_pilot_d30_r2_log_distance_s02_w1,juelich,12345,2,2,log-distance,46,47,veh14,veh13,2,2,0,407.775,1,14.9878,7.58032,-78.8859,18.0904,2,0.018,0.026,0.0195556
juelich_pilot_d30_r2_log_distance_s02_w1,juelich,12345,2,2,log-distance,46,47,veh14,veh15,2,0,1,929.419,0,14.9878,9.21435,nan,nan,0,0.018,0.02,0.0195556
juelich_pilot_d30_r2_log_distance_s02_w1,juelich,12345,2,2,log-distance,46,47,veh14,veh4,2,2,0,463.49,1,14.9878,9.55858,-79.9983,16.978,2,0.018,0.025,0.0195556
juelich_pilot_d30_r2_log_distance_s02_w1,juelich,12345,2,2,log-distance,46,47,veh14,veh5,2,0,1,989.605,0,14.9878,7.40122,nan,nan,0,0.018,0.022,0.0195556
juelich_pilot_d30_r2_log_distance_s02_w1,juelich,12345,2,2,log-distance,46,47,veh14,veh6,2,2,0,403.969,1,14.9878,6.1937,-78.8043,18.172,2,0.018,0.018,0.0195556
juelich_pilot_d30_r2_log_distance_s02_w1,juelich,12345,2,2,log-distance,46,47,veh14,veh9,2,0,1,611.156,0,14.9878,8.59861,nan,nan,0,0.018,0.018,0.0195556
juelich_pilot_d30_r2_log_distance_s02_w1,juelich,12345,2,2,log-distance,46,47,veh15,veh0,2,2,0,487.407,1,9.21435,13.5024,-80.4354,16.5409,2,0.02,0.026,0.0195556
juelich_pilot_d30_r2_log_distance_s02_w1,juelich,12345,2,2,log-distance,46,47,veh15,veh1,2,0,1,984.418,0,9.21435,8.29717,nan,nan,0,0.02,0.018,0.0195556
juelich_pilot_d30_r2_log_distance_s02_w1,juelich,12345,2,2,log-distance,46,47,veh15,veh10,2,0,1,931.379,0,9.21435,9.09361,nan,nan,0,0.02,0.018,0.0195556
juelich_pilot_d30_r2_log_distance_s02_w1,juelich,12345,2,2,log-distance,46,47,veh15,veh11,2,0,1,960.639,0,9.21435,7.32376,nan,nan,0,0.02,0.018,0.0195556
juelich_pilot_d30_r2_log_distance_s02_w1,juelich,12345,2,2,log-distance,46,47,veh15,veh12,2,0,1,932.012,0,9.21435,8.62466,nan,nan,0,0.02,0.018,0.0195556
juelich_pilot_d30_r2_log_distance_s02_w1,juelich,12345,2,2,log-distance,46,47,veh15,veh13,2,0,1,678.776,0,9.21435,7.58032,nan,nan,0,0.02,0.026,0.0195556
juelich_pilot_d30_r2_log_distance_s02_w1,juelich,12345,2,2,log-distance,46,47,veh15,veh14,2,0,1,929.419,0,9.21435,14.9878,nan,nan,0,0.02,0.018,0.0195556
juelich_pilot_d30_r2_log_distance_s02_w1,juelich,12345,2,2,log-distance,46,47,veh15,veh16,2,0,1,629.115,0,9.21435,6.33312,nan,nan,0,0.02,0.016,0.0195556
juelich_pilot_d30_r2_log_distance_s02_w1,juelich,12345,2,2,log-distance,46,47,veh15,veh17,2,2,0,346.875,1,9.21435,0.821671,-77.4811,19.4951,2,0.02,0.022,0.0195556
juelich_pilot_d30_r2_log_distance_s02_w1,juelich,12345,2,2,log-distance,46,47,veh15,veh2,2,0,1,986.406,0,9.21435,0,nan,nan,0,0.02,0.014,0.0195556
juelich_pilot_d30_r2_log_distance_s02_w1,juelich,12345,2,2,log-distance,46,47,veh15,veh3,2,0,1,808.469,0,9.21435,12.7469,nan,nan,0,0.02,0.016,0.0195556
juelich_pilot_d30_r2_log_distance_s02_w1,juelich,12345,2,2,log-distance,46,47,veh15,veh4,2,0,1,810.694,0,9.21435,9.55858,nan,nan,0,0.02,0.025,0.0195556
juelich_pilot_d30_r2_log_distance_s02_w1,juelich,12345,2,2,log-distance,46,47,veh15,veh5,2,2,0,205.321,1,9.21435,7.40122,-72.9257,24.0506,2,0.02,0.022,0.0195556
juelich_pilot_d30_r2_log_distance_s02_w1,juelich,12345,2,2,log-distance,46,47,veh15,veh6,2,0,1,915.199,0,9.21435,6.1937,nan,nan,0,0.02,0.018,0.0195556
juelich_pilot_d30_r2_log_distance_s02_w1,juelich,12345,2,2,log-distance,46,47,veh15,veh7,2,2,0,499.306,1,9.21435,11.1834,-80.645,16.3312,2,0.02,0.021,0.0195556
juelich_pilot_d30_r2_log_distance_s02_w1,juelich,12345,2,2,log-distance,46,47,veh15,veh8,2,0,1,766.151,0,9.21435,7.13197,nan,nan,0,0.02,0.018,0.0195556
juelich_pilot_d30_r2_log_distance_s02_w1,juelich,12345,2,2,log-distance,46,47,veh15,veh9,2,0,1,920.034,0,9.21435,8.59861,nan,nan,0,0.02,0.018,0.0195556
juelich_pilot_d30_r2_log_distance_s02_w1,juelich,12345,2,2,log-distance,46,47,veh16,veh15,2,0,1,629.115,0,6.33312,9.21435,nan,nan,0,0.016,0.02,0.0195556
juelich_pilot_d30_r2_log_distance_s02_w1,juelich,12345,2,2,log-distance,46,47,veh16,veh17,2,2,0,577.516,0,6.33312,0.821671,-81.909,15.0673,2,0.016,0.022,0.0195556
juelich_pilot_d30_r2_log_distance_s02_w1,juelich,12345,2,2,log-distance,46,47,veh16,veh2,2,0,1,662.372,0,6.33312,0,nan,nan,0,0.016,0.014,0.0195556
juelich_pilot_d30_r2_log_distance_s02_w1,juelich,12345,2,2,log-distance,46,47,veh16,veh3,2,2,0,558.07,0,6.33312,12.7469,-81.6114,15.3649,2,0.016,0.016,0.0195556
juelich_pilot_d30_r2_log_distance_s02_w1,juelich,12345,2,2,log-distance,46,47,veh16,veh5,2,0,1,586.772,0,6.33312,7.40122,nan,nan,0,0.016,0.022,0.0195556
juelich_pilot_d30_r2_log_distance_s02_w1,juelich,12345,2,2,log-distance,46,47,veh16,veh7,2,0,1,625.825,0,6.33312,11.1834,nan,nan,0,0.016,0.021,0.0195556
juelich_pilot_d30_r2_log_distance_s02_w1,juelich,12345,2,2,log-distance,46,47,veh16,veh8,2,0,1,732.914,0,6.33312,7.13197,nan,nan,0,0.016,0.018,0.0195556
juelich_pilot_d30_r2_log_distance_s02_w1,juelich,12345,2,2,log-distance,46,47,veh17,veh0,2,0,1,611.713,0,0.821671,13.5024,nan,nan,0,0.022,0.026,0.0195556
juelich_pilot_d30_r2_log_distance_s02_w1,juelich,12345,2,2,log-distance,46,47,veh17,veh1,2,0,1,877.86,0,0.821671,8.29717,nan,nan,0,0.022,0.018,0.0195556
juelich_pilot_d30_r2_log_distance_s02_w1,juelich,12345,2,2,log-distance,46,47,veh17,veh10,2,0,1,922.196,0,0.821671,9.09361,nan,nan,0,0.022,0.018,0.0195556
juelich_pilot_d30_r2_log_distance_s02_w1,juelich,12345,2,2,log-distance,46,47,veh17,veh11,2,0,1,863.659,0,0.821671,7.32376,nan,nan,0,0.022,0.018,0.0195556
juelich_pilot_d30_r2_log_distance_s02_w1,juelich,12345,2,2,log-distance,46,47,veh17,veh13,2,0,1,713.426,0,0.821671,7.58032,nan,nan,0,0.022,0.026,0.0195556
juelich_pilot_d30_r2_log_distance_s02_w1,juelich,12345,2,2,log-distance,46,47,veh17,veh15,2,2,0,346.875,1,0.821671,9.21435,-77.4811,19.4951,2,0.022,0.02,0.0195556
juelich_pilot_d30_r2_log_distance_s02_w1,juelich,12345,2,2,log-distance,46,47,veh17,veh16,2,2,0,577.516,0,0.821671,6.33312,-81.909,15.0673,2,0.022,0.016,0.0195556
juelich_pilot_d30_r2_log_distance_s02_w1,juelich,12345,2,2,log-distance,46,47,veh17,veh2,2,0,1,683.538,0,0.821671,0,nan,nan,0,0.022,0.014,0.0195556
juelich_pilot_d30_r2_log_distance_s02_w1,juelich,12345,2,2,log-distance,46,47,veh17,veh3,2,2,0,503.097,0,0.821671,12.7469,-80.7106,16.2657,2,0.022,0.016,0.0195556
juelich_pilot_d30_r2_log_distance_s02_w1,juelich,12345,2,2,log-distance,46,47,veh17,veh4,2,0,1,792.884,0,0.821671,9.55858,nan,nan,0,0.022,0.025,0.0195556
juelich_pilot_d30_r2_log_distance_s02_w1,juelich,12345,2,2,log-distance,46,47,veh17,veh5,2,2,0,142.48,1,0.821671,7.40122,-69.7521,27.2242,2,0.022,0.022,0.0195556
juelich_pilot_d30_r2_log_distance_s02_w1,juelich,12345,2,2,log-distance,46,47,veh17,veh6,2,0,1,916.38,0,0.821671,6.1937,nan,nan,0,0.022,0.018,0.0195556
juelich_pilot_d30_r2_log_distance_s02_w1,juelich,12345,2,2,log-distance,46,47,veh17,veh7,2,2,0,152.609,1,0.821671,11.1834,-70.3492,26.6271,2,0.022,0.021,0.0195556
juelich_pilot_d30_r2_log_distance_s02_w1,juelich,12345,2,2,log-distance,46,47,veh17,veh8,2,2,0,420.04,1,0.821671,7.13197,-79.1435,17.8328,2,0.022,0.018,0.0195556
juelich_pilot_d30_r2_log_distance_s02_w1,juelich,12345,2,2,log-distance,46,47,veh17,veh9,2,0,1,840.768,0,0.821671,8.59861,nan,nan,0,0.022,0.018,0.0195556
juelich_pilot_d30_r2_log_distance_s02_w1,juelich,12345,2,2,log-distance,46,47,veh2,veh15,2,0,1,986.406,0,0,9.21435,nan,nan,0,0.014,0.02,0.0195556
juelich_pilot_d30_r2_log_distance_s02_w1,juelich,12345,2,2,log-distance,46,47,veh2,veh16,2,0,1,662.372,0,0,6.33312,nan,nan,0,0.014,0.016,0.0195556
juelich_pilot_d30_r2_log_distance_s02_w1,juelich,12345,2,2,log-distance,46,47,veh2,veh17,2,0,1,683.538,0,0,0.821671,nan,nan,0,0.014,0.022,0.0195556
juelich_pilot_d30_r2_log_distance_s02_w1,juelich,12345,2,2,log-distance,46,47,veh2,veh3,2,2,0,180.725,1,0,12.7469,-71.8167,17.7967,2,0.014,0.016,0.0195556
juelich_pilot_d30_r2_log_distance_s02_w1,juelich,12345,2,2,log-distance,46,47,veh2,veh5,2,0,1,809.422,0,0,7.40122,nan,nan,0,0.014,0.022,0.0195556
juelich_pilot_d30_r2_log_distance_s02_w1,juelich,12345,2,2,log-distance,46,47,veh2,veh7,2,2,0,572.451,0,0,11.1834,-81.8324,5.58043,2,0.014,0.021,0.0195556
juelich_pilot_d30_r2_log_distance_s02_w1,juelich,12345,2,2,log-distance,46,47,veh2,veh8,2,2,0,385.909,1,0,7.13197,-78.4074,10.3013,2,0.014,0.018,0.0195556
juelich_pilot_d30_r2_log_distance_s02_w1,juelich,12345,2,2,log-distance,46,47,veh3,veh15,2,0,1,808.469,0,12.7469,9.21435,nan,nan,0,0.016,0.02,0.0195556
juelich_pilot_d30_r2_log_distance_s02_w1,juelich,12345,2,2,log-distance,46,47,veh3,veh16,2,2,0,558.07,0,12.7469,6.33312,-81.6114,15.3649,2,0.016,0.016,0.0195556
juelich_pilot_d30_r2_log_distance_s02_w1,juelich,12345,2,2,log-distance,46,47,veh3,veh17,2,2,0,503.097,0,12.7469,0.821671,-80.7106,16.2657,2,0.016,0.022,0.0195556
juelich_pilot_d30_r2_log_distance_s02_w1,juelich,12345,2,2,log-distance,46,47,veh3,veh2,2,2,0,180.725,1,12.7469,0,-71.8167,25.1596,2,0.016,0.014,0.0195556
juelich_pilot_d30_r2_log_distance_s02_w1,juelich,12345,2,2,log-distance,46,47,veh3,veh5,2,0,1,628.911,0,12.7469,7.40122,nan,nan,0,0.016,0.022,0.0195556
juelich_pilot_d30_r2_log_distance_s02_w1,juelich,12345,2,2,log-distance,46,47,veh3,veh7,2,2,0,397.755,1,12.7469,11.1834,-78.67,18.3063,2,0.016,0.021,0.0195556
juelich_pilot_d30_r2_log_distance_s02_w1,juelich,12345,2,2,log-distance,46,47,veh3,veh8,2,2,0,262.904,1,12.7469,7.13197,-75.0735,21.9028,2,0.016,0.018,0.0195556
juelich_pilot_d30_r2_log_distance_s02_w1,juelich,12345,2,2,log-distance,46,47,veh4,veh0,2,2,0,379.063,1,9.55858,13.5024,-78.2519,18.7244,2,0.025,0.026,0.0195556
juelich_pilot_d30_r2_log_distance_s02_w1,juelich,12345,2,2,log-distance,46,47,veh4,veh1,2,2,0,260.496,1,9.55858,8.29717,-74.9937,21.9826,2,0.025,0.018,0.0195556
juelich_pilot_d30_r2_log_distance_s02_w1,juelich,12345,2,2,log-distance,46,47,veh4,veh10,2,2,0,129.397,1,9.55858,9.09361,-68.9158,28.0605,2,0.025,0.018,0.0195556
juelich_pilot_d30_r2_log_distance_s02_w1,juelich,12345,2,2,log-distance,46,47,veh4,veh11,2,2,0,227.65,1,9.55858,7.32376,-73.8231,23.1532,2,0.025,0.018,0.0195556
juelich_pilot_d30_r2_log_distance_s02_w1,juelich,12345,2,2,log-distance,46,47,veh4,veh12,2,2,0,367.598,1,9.55858,8.62466,-77.985,18.9913,2,0.025,0.018,0.0195556
juelich_pilot_d30_r2_log_distance_s02_w1,juelich,12345,2,2,log-distance,46,47,veh4,veh13,2,2,0,156.784,1,9.55858,7.58032,-70.5821,26.3942,2,0.025,0.026,0.0195556
juelich_pilot_d30_r2_log_distance_s02_w1,juelich,12345,2,2,log-distance,46,47,veh4,veh14,2,2,0,463.49,1,9.55858,14.9878,-79.9983,16.978,2,0.025,0.018,0.0195556
juelich_pilot_d30_r2_log_distance_s02_w1,juelich,12345,2,2,log-distance,46,47,veh4,veh15,2,0,1,810.694,0,9.55858,9.21435,nan,nan,0,0.025,0.02,0.0195556
juelich_pilot_d30_r2_log_distance_s02_w1,juelich,12345,2,2,log-distance,46,47,veh4,veh17,2,0,1,792.884,0,9.55858,0.821671,nan,nan,0,0.025,0.022,0.0195556
juelich_pilot_d30_r2_log_distance_s02_w1,juelich,12345,2,2,log-distance,46,47,veh4,veh5,2,0,1,769.385,0,9.55858,7.40122,nan,nan,0,0.025,0.022,0.0195556
juelich_pilot_d30_r2_log_distance_s02_w1,juelich,12345,2,2,log-distance,46,47,veh4,veh6,2,2,0,125.514,1,9.55858,6.1937,-68.6515,28.3248,2,0.025,0.018,0.0195556
juelich_pilot_d30_r2_log_distance_s02_w1,juelich,12345,2,2,log-distance,46,47,veh4,veh7,2,0,1,824.303,0,9.55858,11.1834,nan,nan,0,0.025,0.021,0.0195556
juelich_pilot_d30_r2_log_distance_s02_w1,juelich,12345,2,2,log-distance,46,47,veh4,veh8,2,0,1,987.097,0,9.55858,7.13197,nan,nan,0,0.025,0.018,0.0195556
juelich_pilot_d30_r2_log_distance_s02_w1,juelich,12345,2,2,log-distance,46,47,veh4,veh9,2,2,0,170.398,1,9.55858,8.59861,-71.307,25.6693,2,0.025,0.018,0.0195556
juelich_pilot_d30_r2_log_distance_s02_w1,juelich,12345,2,2,log-distance,46,47,veh5,veh0,2,2,0,526.543,0,7.40122,13.5024,-81.1064,15.8699,2,0.022,0.026,0.0195556
juelich_pilot_d30_r2_log_distance_s02_w1,juelich,12345,2,2,log-distance,46,47,veh5,veh1,2,0,1,895.113,0,7.40122,8.29717,nan,nan,0,0.022,0.018,0.0195556
juelich_pilot_d30_r2_log_distance_s02_w1,juelich,12345,2,2,log-distance,46,47,veh5,veh10,2,0,1,897.676,0,7.40122,9.09361,nan,nan,0,0.022,0.018,0.0195556
juelich_pilot_d30_r2_log_distance_s02_w1,juelich,12345,2,2,log-distance,46,47,veh5,veh11,2,0,1,876.333,0,7.40122,7.32376,nan,nan,0,0.022,0.018,0.0195556
juelich_pilot_d30_r2_log_distance_s02_w1,juelich,12345,2,2,log-distance,46,47,veh5,veh12,2,0,1,968.929,0,7.40122,8.62466,nan,nan,0,0.022,0.018,0.0195556
juelich_pilot_d30_r2_log_distance_s02_w1,juelich,12345,2,2,log-distance,46,47,veh5,veh13,2,0,1,666.035,0,7.40122,7.58032,nan,nan,0,0.022,0.026,0.0195556
juelich_pilot_d30_r2_log_distance_s02_w1,juelich,12345,2,2,log-distance,46,47,veh5,veh14,2,0,1,989.605,0,7.40122,14.9878,nan,nan,0,0.022,0.018,0.0195556
juelich_pilot_d30_r2_log_distance_s02_w1,juelich,12345,2,2,log-distance,46,47,veh5,veh15,2,2,0,205.321,1,7.40122,9.21435,-72.9257,24.0506,2,0.022,0.02,0.0195556
juelich_pilot_d30_r2_log_distance_s02_w1,juelich,12345,2,2,log-distance,46,47,veh5,veh16,2,0,1,586.772,0,7.40122,6.33312,nan,nan,0,0.022,0.016,0.0195556
juelich_pilot_d30_r2_log_distance_s02_w1,juelich,12345,2,2,log-distance,46,47,veh5,veh17,2,2,0,142.48,1,7.40122,0.821671,-69.7521,27.2242,2,0.022,0.022,0.0195556
juelich_pilot_d30_r2_log_distance_s02_w1,juelich,12345,2,2,log-distance,46,47,veh5,veh2,2,0,1,809.422,0,7.40122,0,nan,nan,0,0.022,0.014,0.0195556
juelich_pilot_d30_r2_log_distance_s02_w1,juelich,12345,2,2,log-distance,46,47,veh5,veh3,2,0,1,628.911,0,7.40122,12.7469,nan,nan,0,0.022,0.016,0.0195556
juelich_pilot_d30_r2_log_distance_s02_w1,juelich,12345,2,2,log-distance,46,47,veh5,veh4,2,0,1,769.385,0,7.40122,9.55858,nan,nan,0,0.022,0.025,0.0195556
juelich_pilot_d30_r2_log_distance_s02_w1,juelich,12345,2,2,log-distance,46,47,veh5,veh6,2,0,1,887.436,0,7.40122,6.1937,nan,nan,0,0.022,0.018,0.0195556
juelich_pilot_d30_r2_log_distance_s02_w1,juelich,12345,2,2,log-distance,46,47,veh5,veh7,2,2,0,294.341,1,7.40122,11.1834,-76.0543,20.9219,2,0.022,0.021,0.0195556
juelich_pilot_d30_r2_log_distance_s02_w1,juelich,12345,2,2,log-distance,46,47,veh5,veh8,2,2,0,562.518,0,7.40122,7.13197,-81.6804,15.2959,2,0.022,0.018,0.0195556
juelich_pilot_d30_r2_log_distance_s02_w1,juelich,12345,2,2,log-distance,46,47,veh5,veh9,2,0,1,845.073,0,7.40122,8.59861,nan,nan,0,0.022,0.018,0.0195556
juelich_pilot_d30_r2_log_distance_s02_w1,juelich,12345,2,2,log-distance,46,47,veh6,veh0,2,2,0,455.661,1,6.1937,13.5024,-79.8505,17.1258,2,0.018,0.026,0.0195556
juelich_pilot_d30_r2_log_distance_s02_w1,juelich,12345,2,2,log-distance,46,47,veh6,veh1,2,2,0,290.579,1,6.1937,8.29717,-75.9429,21.0334,2,0.018,0.018,0.0195556
juelich_pilot_d30_r2_log_distance_s02_w1,juelich,12345,2,2,log-distance,46,47,veh6,veh10,2,2,0,29.7441,1,6.1937,9.09361,-56.1384,40.8379,2,0.018,0.018,0.0195556
juelich_pilot_d30_r2_log_distance_s02_w1,juelich,12345,2,2,log-distance,46,47,veh6,veh11,2,2,0,261.14,1,6.1937,7.32376,-75.0151,21.9612,2,0.018,0.018,0.0195556
juelich_pilot_d30_r2_log_distance_s02_w1,juelich,12345,2,2,log-distance,46,47,veh6,veh12,2,2,0,295.833,1,6.1937,8.62466,-76.0984,20.8778,2,0.018,0.018,0.0195556
juelich_pilot_d30_r2_log_distance_s02_w1,juelich,12345,2,2,log-distance,46,47,veh6,veh13,2,2,0,237.896,1,6.1937,7.58032,-74.2047,22.7715,2,0.018,0.026,0.0195556
juelich_pilot_d30_r2_log_distance_s02_w1,juelich,12345,2,2,log-distance,46,47,veh6,veh14,2,2,0,403.969,1,6.1937,14.9878,-78.8043,18.172,2,0.018,0.018,0.0195556
juelich_pilot_d30_r2_log_distance_s02_w1,juelich,12345,2,2,log-distance,46,47,veh6,veh15,2,0,1,915.199,0,6.1937,9.21435,nan,nan,0,0.018,0.02,0.0195556
juelich_pilot_d30_r2_log_distance_s02_w1,juelich,12345,2,2,log-distance,46,47,veh6,veh17,2,0,1,916.38,0,6.1937,0.821671,nan,nan,0,0.018,0.022,0.0195556
juelich_pilot_d30_r2_log_distance_s02_w1,juelich,12345,2,2,log-distance,46,47,veh6,veh4,2,2,0,125.514,1,6.1937,9.55858,-68.6515,28.3248,2,0.018,0.025,0.0195556
juelich_pilot_d30_r2_log_distance_s02_w1,juelich,12345,2,2,log-distance,46,47,veh6,veh5,2,0,1,887.436,0,6.1937,7.40122,nan,nan,0,0.018,0.022,0.0195556
juelich_pilot_d30_r2_log_distance_s02_w1,juelich,12345,2,2,log-distance,46,47,veh6,veh7,2,0,1,949.81,0,6.1937,11.1834,nan,nan,0,0.018,0.021,0.0195556
juelich_pilot_d30_r2_log_distance_s02_w1,juelich,12345,2,2,log-distance,46,47,veh6,veh9,2,2,0,212.634,1,6.1937,8.59861,-73.2301,23.7461,2,0.018,0.018,0.0195556
juelich_pilot_d30_r2_log_distance_s02_w1,juelich,12345,2,2,log-distance,46,47,veh7,veh0,2,0,1,708.797,0,11.1834,13.5024,nan,nan,0,0.021,0.026,0.0195556
juelich_pilot_d30_r2_log_distance_s02_w1,juelich,12345,2,2,log-distance,46,47,veh7,veh1,2,0,1,863.348,0,11.1834,8.29717,nan,nan,0,0.021,0.018,0.0195556
juelich_pilot_d30_r2_log_distance_s02_w1,juelich,12345,2,2,log-distance,46,47,veh7,veh10,2,0,1,950.907,0,11.1834,9.09361,nan,nan,0,0.021,0.018,0.0195556
juelich_pilot_d30_r2_log_distance_s02_w1,juelich,12345,2,2,log-distance,46,47,veh7,veh11,2,0,1,854.557,0,11.1834,7.32376,nan,nan,0,0.021,0.018,0.0195556
juelich_pilot_d30_r2_log_distance_s02_w1,juelich,12345,2,2,log-distance,46,47,veh7,veh13,2,0,1,771.581,0,11.1834,7.58032,nan,nan,0,0.021,0.026,0.0195556
juelich_pilot_d30_r2_log_distance_s02_w1,juelich,12345,2,2,log-distance,46,47,veh7,veh15,2,2,0,499.306,1,11.1834,9.21435,-80.645,16.3312,2,0.021,0.02,0.0195556
juelich_pilot_d30_r2_log_distance_s02_w1,juelich,12345,2,2,log-distance,46,47,veh7,veh16,2,0,1,625.825,0,11.1834,6.33312,nan,nan,0,0.021,0.016,0.0195556
juelich_pilot_d30_r2_log_distance_s02_w1,juelich,12345,2,2,log-distance,46,47,veh7,veh17,2,2,0,152.609,1,11.1834,0.821671,-70.3492,26.6271,2,0.021,0.022,0.0195556
juelich_pilot_d30_r2_log_distance_s02_w1,juelich,12345,2,2,log-distance,46,47,veh7,veh2,2,2,0,572.451,0,11.1834,0,-81.8324,15.1439,2,0.021,0.014,0.0195556
juelich_pilot_d30_r2_log_distance_s02_w1,juelich,12345,2,2,log-distance,46,47,veh7,veh3,2,2,0,397.755,1,11.1834,12.7469,-78.67,18.3063,2,0.021,0.016,0.0195556
juelich_pilot_d30_r2_log_distance_s02_w1,juelich,12345,2,2,log-distance,46,47,veh7,veh4,2,0,1,824.303,0,11.1834,9.55858,nan,nan,0,0.021,0.025,0.0195556
juelich_pilot_d30_r2_log_distance_s02_w1,juelich,12345,2,2,log-distance,46,47,veh7,veh5,2,2,0,294.341,1,11.1834,7.40122,-76.0543,20.9219,2,0.021,0.022,0.0195556
juelich_pilot_d30_r2_log_distance_s02_w1,juelich,12345,2,2,log-distance,46,47,veh7,veh6,2,0,1,949.81,0,11.1834,6.1937,nan,nan,0,0.021,0.018,0.0195556
juelich_pilot_d30_r2_log_distance_s02_w1,juelich,12345,2,2,log-distance,46,47,veh7,veh8,2,2,0,269.884,1,11.1834,7.13197,-75.3009,21.6754,2,0.021,0.018,0.0195556
juelich_pilot_d30_r2_log_distance_s02_w1,juelich,12345,2,2,log-distance,46,47,veh7,veh9,2,0,1,841.413,0,11.1834,8.59861,nan,nan,0,0.021,0.018,0.0195556
juelich_pilot_d30_r2_log_distance_s02_w1,juelich,12345,2,2,log-distance,46,47,veh8,veh0,2,0,1,947.11,0,7.13197,13.5024,nan,nan,0,0.018,0.026,0.0195556
juelich_pilot_d30_r2_log_distance_s02_w1,juelich,12345,2,2,log-distance,46,47,veh8,veh1,2,0,1,958.171,0,7.13197,8.29717,nan,nan,0,0.018,0.018,0.0195556
juelich_pilot_d30_r2_log_distance_s02_w1,juelich,12345,2,2,log-distance,46,47,veh8,veh11,2,0,1,958.386,0,7.13197,7.32376,nan,nan,0,0.018,0.018,0.0195556
juelich_pilot_d30_r2_log_distance_s02_w1,juelich,12345,2,2,log-distance,46,47,veh8,veh13,2,0,1,969.008,0,7.13197,7.58032,nan,nan,0,0.018,0.026,0.0195556
juelich_pilot_d30_r2_log_distance_s02_w1,juelich,12345,2,2,log-distance,46,47,veh8,veh15,2,0,1,766.151,0,7.13197,9.21435,nan,nan,0,0.018,0.02,0.0195556
juelich_pilot_d30_r2_log_distance_s02_w1,juelich,12345,2,2,log-distance,46,47,veh8,veh16,2,0,1,732.914,0,7.13197,6.33312,nan,nan,0,0.018,0.016,0.0195556
juelich_pilot_d30_r2_log_distance_s02_w1,juelich,12345,2,2,log-distance,46,47,veh8,veh17,2,2,0,420.04,1,7.13197,0.821671,-79.1435,17.8328,2,0.018,0.022,0.0195556
juelich_pilot_d30_r2_log_distance_s02_w1,juelich,12345,2,2,log-distance,46,47,veh8,veh2,2,2,0,385.909,1,7.13197,0,-78.4074,18.5689,2,0.018,0.014,0.0195556
juelich_pilot_d30_r2_log_distance_s02_w1,juelich,12345,2,2,log-distance,46,47,veh8,veh3,2,2,0,262.904,1,7.13197,12.7469,-75.0735,21.9028,2,0.018,0.016,0.0195556
juelich_pilot_d30_r2_log_distance_s02_w1,juelich,12345,2,2,log-distance,46,47,veh8,veh4,2,0,1,987.097,0,7.13197,9.55858,nan,nan,0,0.018,0.025,0.0195556
juelich_pilot_d30_r2_log_distance_s02_w1,juelich,12345,2,2,log-distance,46,47,veh8,veh5,2,2,0,562.518,0,7.13197,7.40122,-81.6804,15.2959,2,0.018,0.022,0.0195556
juelich_pilot_d30_r2_log_distance_s02_w1,juelich,12345,2,2,log-distance,46,47,veh8,veh7,2,2,0,269.884,1,7.13197,11.1834,-75.3009,21.6754,2,0.018,0.021,0.0195556
juelich_pilot_d30_r2_log_distance_s02_w1,juelich,12345,2,2,log-distance,46,47,veh8,veh9,2,0,1,960.767,0,7.13197,8.59861,nan,nan,0,0.018,0.018,0.0195556
juelich_pilot_d30_r2_log_distance_s02_w1,juelich,12345,2,2,log-distance,46,47,veh9,veh0,2,2,0,532.402,0,8.59861,13.5024,-81.2025,15.7738,2,0.018,0.026,0.0195556
juelich_pilot_d30_r2_log_distance_s02_w1,juelich,12345,2,2,log-distance,46,47,veh9,veh1,2,2,0,90.1016,1,8.59861,8.29717,-65.7723,31.2039,2,0.018,0.018,0.0195556
juelich_pilot_d30_r2_log_distance_s02_w1,juelich,12345,2,2,log-distance,46,47,veh9,veh10,2,2,0,189.937,1,8.59861,9.09361,-72.2499,24.7264,2,0.018,0.018,0.0195556
juelich_pilot_d30_r2_log_distance_s02_w1,juelich,12345,2,2,log-distance,46,47,veh9,veh11,2,2,0,57.2538,1,8.59861,7.32376,-61.8336,35.1426,2,0.018,0.018,0.0195556
juelich_pilot_d30_r2_log_distance_s02_w1,juelich,12345,2,2,log-distance,46,47,veh9,veh12,2,2,0,506.045,0,8.59861,8.62466,-80.7613,16.215,2,0.018,0.018,0.0195556
juelich_pilot_d30_r2_log_distance_s02_w1,juelich,12345,2,2,log-distance,46,47,veh9,veh13,2,2,0,319.433,1,8.59861,7.58032,-76.765,20.2113,2,0.018,0.026,0.0195556
juelich_pilot_d30_r2_log_distance_s02_w1,juelich,12345,2,2,log-distance,46,47,veh9,veh14,2,0,1,611.156,0,8.59861,14.9878,nan,nan,0,0.018,0.018,0.0195556
juelich_pilot_d30_r2_log_distance_s02_w1,juelich,12345,2,2,log-distance,46,47,veh9,veh15,2,0,1,920.034,0,8.59861,9.21435,nan,nan,0,0.018,0.02,0.0195556
juelich_pilot_d30_r2_log_distance_s02_w1,juelich,12345,2,2,log-distance,46,47,veh9,veh17,2,0,1,840.768,0,8.59861,0.821671,nan,nan,0,0.018,0.022,0.0195556
juelich_pilot_d30_r2_log_distance_s02_w1,juelich,12345,2,2,log-distance,46,47,veh9,veh4,2,2,0,170.398,1,8.59861,9.55858,-71.307,25.6693,2,0.018,0.025,0.0195556
juelich_pilot_d30_r2_log_distance_s02_w1,juelich,12345,2,2,log-distance,46,47,veh9,veh5,2,0,1,845.073,0,8.59861,7.40122,nan,nan,0,0.018,0.022,0.0195556
juelich_pilot_d30_r2_log_distance_s02_w1,juelich,12345,2,2,log-distance,46,47,veh9,veh6,2,2,0,212.634,1,8.59861,6.1937,-73.2301,23.7461,2,0.018,0.018,0.0195556
juelich_pilot_d30_r2_log_distance_s02_w1,juelich,12345,2,2,log-distance,46,47,veh9,veh7,2,0,1,841.413,0,8.59861,11.1834,nan,nan,0,0.018,0.021,0.0195556
juelich_pilot_d30_r2_log_distance_s02_w1,juelich,12345,2,2,log-distance,46,47,veh9,veh8,2,0,1,960.767,0,8.59861,7.13197,nan,nan,0,0.018,0.018,0.0195556
juelich_pilot_d30_r2_log_distance_s02_w1,juelich,12345,2,2,log-distance,47,48,veh0,veh1,2,0,1,622.047,0,13.4877,8.35017,nan,nan,0,0.026,0.018,0.0196667
juelich_pilot_d30_r2_log_distance_s02_w1,juelich,12345,2,2,log-distance,47,48,veh0,veh10,2,2,0,481.04,1,13.4877,10.66,-80.3213,16.655,2,0.026,0.018,0.0196667
juelich_pilot_d30_r2_log_distance_s02_w1,juelich,12345,2,2,log-distance,47,48,veh0,veh11,2,0,1,592.109,0,13.4877,6.99305,nan,nan,0,0.026,0.018,0.0196667
juelich_pilot_d30_r2_log_distance_s02_w1,juelich,12345,2,2,log-distance,47,48,veh0,veh12,2,2,0,443.548,1,13.4877,8.65533,-79.6165,17.3598,2,0.026,0.018,0.0196667
juelich_pilot_d30_r2_log_distance_s02_w1,juelich,12345,2,2,log-distance,47,48,veh0,veh13,2,2,0,239.799,1,13.4877,7.54838,-74.2734,22.7029,2,0.026,0.026,0.0196667
juelich_pilot_d30_r2_log_distance_s02_w1,juelich,12345,2,2,log-distance,47,48,veh0,veh14,2,2,0,464.735,1,13.4877,14.9635,-80.0218,16.9545,2,0.026,0.018,0.0196667
juelich_pilot_d30_r2_log_distance_s02_w1,juelich,12345,2,2,log-distance,47,48,veh0,veh15,2,2,0,473.328,1,13.4877,9.17758,-80.1807,16.7956,2,0.026,0.02,0.0196667
juelich_pilot_d30_r2_log_distance_s02_w1,juelich,12345,2,2,log-distance,47,48,veh0,veh17,2,0,1,612.526,0,13.4877,2.89579,nan,nan,0,0.026,0.022,0.0196667
juelich_pilot_d30_r2_log_distance_s02_w1,juelich,12345,2,2,log-distance,47,48,veh0,veh4,2,2,0,383.7,1,13.4877,9.56812,-78.3575,18.6188,2,0.026,0.026,0.0196667
juelich_pilot_d30_r2_log_distance_s02_w1,juelich,12345,2,2,log-distance,47,48,veh0,veh5,2,2,0,527.588,0,13.4877,7.02512,-81.1236,15.8527,2,0.026,0.022,0.0196667
juelich_pilot_d30_r2_log_distance_s02_w1,juelich,12345,2,2,log-distance,47,48,veh0,veh6,2,2,0,461.011,1,13.4877,6.45256,-79.9519,17.0244,2,0.026,0.018,0.0196667
juelich_pilot_d30_r2_log_distance_s02_w1,juelich,12345,2,2,log-distance,47,48,veh0,veh7,2,0,1,704.114,0,13.4877,11.1738,nan,nan,0,0.026,0.022,0.0196667
juelich_pilot_d30_r2_log_distance_s02_w1,juelich,12345,2,2,log-distance,47,48,veh0,veh8,2,0,1,955.362,0,13.4877,7.00168,nan,nan,0,0.026,0.018,0.0196667
juelich_pilot_d30_r2_log_distance_s02_w1,juelich,12345,2,2,log-distance,47,48,veh0,veh9,2,2,0,537.228,0,13.4877,8.60268,-81.2809,15.6954,2,0.026,0.018,0.0196667
juelich_pilot_d30_r2_log_distance_s02_w1,juelich,12345,2,2,log-distance,47,48,veh1,veh0,2,0,1,622.047,0,8.35017,13.4877,nan,nan,0,0.018,0.026,0.0196667
juelich_pilot_d30_r2_log_distance_s02_w1,juelich,12345,2,2,log-distance,47,48,veh1,veh10,2,2,0,266.047,1,8.35017,10.66,-75.1768,21.7994,2,0.018,0.018,0.0196667
juelich_pilot_d30_r2_log_distance_s02_w1,juelich,12345,2,2,log-distance,47,48,veh1,veh11,2,2,0,31.8076,1,8.35017,6.99305,-56.7279,40.2483,2,0.018,0.018,0.0196667
juelich_pilot_d30_r2_log_distance_s02_w1,juelich,12345,2,2,log-distance,47,48,veh1,veh12,2,2,0,573.38,0,8.35017,8.65533,-81.8464,15.1299,2,0.018,0.018,0.0196667
juelich_pilot_d30_r2_log_distance_s02_w1,juelich,12345,2,2,log-distance,47,48,veh1,veh13,2,2,0,398.43,1,8.35017,7.54838,-78.6846,18.2917,2,0.018,0.026,0.0196667
juelich_pilot_d30_r2_log_distance_s02_w1,juelich,12345,2,2,log-distance,47,48,veh1,veh14,2,0,1,673.563,0,8.35017,14.9635,nan,nan,0,0.018,0.018,0.0196667
juelich_pilot_d30_r2_log_distance_s02_w1,juelich,12345,2,2,log-distance,47,48,veh1,veh15,2,0,1,971.169,0,8.35017,9.17758,nan,nan,0,0.018,0.02,0.0196667
juelich_pilot_d30_r2_log_distance_s02_w1,juelich,12345,2,2,log-distance,47,48,veh1,veh17,2,0,1,872.656,0,8.35017,2.89579,nan,nan,0,0.018,0.022,0.0196667
juelich_pilot_d30_r2_log_distance_s02_w1,juelich,12345,2,2,log-distance,47,48,veh1,veh4,2,2,0,256.256,1,8.35017,9.56812,-74.851,22.1253,2,0.018,0.026,0.0196667
juelich_pilot_d30_r2_log_distance_s02_w1,juelich,12345,2,2,log-distance,47,48,veh1,veh5,2,0,1,886.094,0,8.35017,7.02512,nan,nan,0,0.018,0.022,0.0196667
juelich_pilot_d30_r2_log_distance_s02_w1,juelich,12345,2,2,log-distance,47,48,veh1,veh6,2,2,0,282.094,1,8.35017,6.45256,-75.6852,21.2911,2,0.018,0.018,0.0196667
juelich_pilot_d30_r2_log_distance_s02_w1,juelich,12345,2,2,log-distance,47,48,veh1,veh7,2,0,1,850.282,0,8.35017,11.1738,nan,nan,0,0.018,0.022,0.0196667
juelich_pilot_d30_r2_log_distance_s02_w1,juelich,12345,2,2,log-distance,47,48,veh1,veh8,2,0,1,954.906,0,8.35017,7.00168,nan,nan,0,0.018,0.018,0.0196667
juelich_pilot_d30_r2_log_distance_s02_w1,juelich,12345,2,2,log-distance,47,48,veh1,veh9,2,2,0,90.4068,1,8.35017,8.60268,-65.8017,31.1746,2,0.018,0.018,0.0196667
juelich_pilot_d30_r2_log_distance_s02_w1,juelich,12345,2,2,log-distance,47,48,veh10,veh0,2,2,0,481.04,1,10.66,13.4877,-80.3213,16.655,2,0.018,0.026,0.0196667
juelich_pilot_d30_r2_log_distance_s02_w1,juelich,12345,2,2,log-distance,47,48,veh10,veh1,2,2,0,266.047,1,10.66,8.35017,-75.1768,21.7994,2,0.018,0.018,0.0196667
juelich_pilot_d30_r2_log_distance_s02_w1,juelich,12345,2,2,log-distance,47,48,veh10,veh11,2,2,0,238.321,1,10.66,6.99305,-74.2209,22.7554,2,0.018,0.018,0.0196667
juelich_pilot_d30_r2_log_distance_s02_w1,juelich,12345,2,2,log-distance,47,48,veh10,veh12,2,2,0,308.28,1,10.66,8.65533,-76.456,20.5203,2,0.018,0.018,0.0196667
juelich_pilot_d30_r2_log_distance_s02_w1,juelich,12345,2,2,log-distance,47,48,veh10,veh13,2,2,0,244.85,1,10.66,7.54838,-74.455,22.5213,2,0.018,0.026,0.0196667
juelich_pilot_d30_r2_log_distance_s02_w1,juelich,12345,2,2,log-distance,47,48,veh10,veh14,2,2,0,409.23,1,10.66,14.9635,-78.9162,18.0601,2,0.018,0.018,0.0196667
juelich_pilot_d30_r2_log_distance_s02_w1,juelich,12345,2,2,log-distance,47,48,veh10,veh15,2,0,1,917.721,0,10.66,9.17758,nan,nan,0,0.018,0.02,0.0196667
juelich_pilot_d30_r2_log_distance_s02_w1,juelich,12345,2,2,log-distance,47,48,veh10,veh17,2,0,1,918.682,0,10.66,2.89579,nan,nan,0,0.018,0.022,0.0196667
juelich_pilot_d30_r2_log_distance_s02_w1,juelich,12345,2,2,log-distance,47,48,veh10,veh4,2,2,0,136.349,1,10.66,9.56812,-69.3698,27.6065,2,0.018,0.026,0.0196667
juelich_pilot_d30_r2_log_distance_s02_w1,juelich,12345,2,2,log-distance,47,48,veh10,veh5,2,0,1,892.161,0,10.66,7.02512,nan,nan,0,0.018,0.022,0.0196667
juelich_pilot_d30_r2_log_distance_s02_w1,juelich,12345,2,2,log-distance,47,48,veh10,veh6,2,2,0,22.3733,1,10.66,6.45256,-53.6369,43.3394,2,0.018,0.018,0.0196667
juelich_pilot_d30_r2_log_distance_s02_w1,juelich,12345,2,2,log-distance,47,48,veh10,veh7,2,0,1,939.65,0,10.66,11.1738,nan,nan,0,0.018,0.022,0.0196667
juelich_pilot_d30_r2_log_distance_s02_w1,juelich,12345,2,2,log-distance,47,48,veh10,veh9,2,2,0,191.106,1,10.66,8.60268,-72.3031,24.6731,2,0.018,0.018,0.0196667
juelich_pilot_d30_r2_log_distance_s02_w1,juelich,12345,2,2,log-distance,47,48,veh11,veh0,2,0,1,592.109,0,6.99305,13.4877,nan,nan,0,0.018,0.026,0.0196667
juelich_pilot_d30_r2_log_distance_s02_w1,juelich,12345,2,2,log-distance,47,48,veh11,veh1,2,2,0,31.8076,1,6.99305,8.35017,-56.7279,40.2483,2,0.018,0.018,0.0196667
juelich_pilot_d30_r2_log_distance_s02_w1,juelich,12345,2,2,log-distance,47,48,veh11,veh10,2,2,0,238.321,1,6.99305,10.66,-74.2209,22.7554,2,0.018,0.018,0.0196667
juelich_pilot_d30_r2_log_distance_s02_w1,juelich,12345,2,2,log-distance,47,48,veh11,veh12,2,2,0,544.495,0,6.99305,8.65533,-81.3974,15.5788,2,0.018,0.018,0.0196667
juelich_pilot_d30_r2_log_distance_s02_w1,juelich,12345,2,2,log-distance,47,48,veh11,veh13,2,2,0,367.073,1,6.99305,7.54838,-77.9726,19.0037,2,0.018,0.026,0.0196667
juelich_pilot_d30_r2_log_distance_s02_w1,juelich,12345,2,2,log-distance,47,48,veh11,veh14,2,0,1,644.305,0,6.99305,14.9635,nan,nan,0,0.018,0.018,0.0196667
juelich_pilot_d30_r2_log_distance_s02_w1,juelich,12345,2,2,log-distance,47,48,veh11,veh15,2,0,1,948.143,0,6.99305,9.17758,nan,nan,0,0.018,0.02,0.0196667
juelich_pilot_d30_r2_log_distance_s02_w1,juelich,12345,2,2,log-distance,47,48,veh11,veh17,2,0,1,859.096,0,6.99305,2.89579,nan,nan,0,0.018,0.022,0.0196667
juelich_pilot_d30_r2_log_distance_s02_w1,juelich,12345,2,2,log-distance,47,48,veh11,veh4,2,2,0,224.486,1,6.99305,9.56812,-73.7014,23.2749,2,0.018,0.026,0.0196667
juelich_pilot_d30_r2_log_distance_s02_w1,juelich,12345,2,2,log-distance,47,48,veh11,veh5,2,0,1,868.273,0,6.99305,7.02512,nan,nan,0,0.018,0.022,0.0196667
juelich_pilot_d30_r2_log_distance_s02_w1,juelich,12345,2,2,log-distance,47,48,veh11,veh6,2,2,0,253.467,1,6.99305,6.45256,-74.7558,22.2205,2,0.018,0.018,0.0196667
juelich_pilot_d30_r2_log_distance_s02_w1,juelich,12345,2,2,log-distance,47,48,veh11,veh7,2,0,1,841.934,0,6.99305,11.1738,nan,nan,0,0.018,0.022,0.0196667
juelich_pilot_d30_r2_log_distance_s02_w1,juelich,12345,2,2,log-distance,47,48,veh11,veh8,2,0,1,955.588,0,6.99305,7.00168,nan,nan,0,0.018,0.018,0.0196667
juelich_pilot_d30_r2_log_distance_s02_w1,juelich,12345,2,2,log-distance,47,48,veh11,veh9,2,2,0,58.6009,1,6.99305,8.60268,-62.0356,34.9407,2,0.018,0.018,0.0196667
juelich_pilot_d30_r2_log_distance_s02_w1,juelich,12345,2,2,log-distance,47,48,veh12,veh0,2,0,1,443.548,1,8.65533,13.4877,nan,nan,0,0.018,0.026,0.0196667
juelich_pilot_d30_r2_log_distance_s02_w1,juelich,12345,2,2,log-distance,47,48,veh12,veh1,2,0,1,573.38,0,8.65533,8.35017,nan,nan,0,0.018,0.018,0.0196667
juelich_pilot_d30_r2_log_distance_s02_w1,juelich,12345,2,2,log-distance,47,48,veh12,veh10,2,0,1,308.28,1,8.65533,10.66,nan,nan,0,0.018,0.018,0.0196667
juelich_pilot_d30_r2_log_distance_s02_w1,juelich,12345,2,2,log-distance,47,48,veh12,veh11,2,0,1,544.495,0,8.65533,6.99305,nan,nan,0,0.018,0.018,0.0196667
juelich_pilot_d30_r2_log_distance_s02_w1,juelich,12345,2,2,log-distance,47,48,veh12,veh13,2,0,1,325.281,1,8.65533,7.54838,nan,nan,0,0.018,0.026,0.0196667
juelich_pilot_d30_r2_log_distance_s02_w1,juelich,12345,2,2,log-distance,47,48,veh12,veh14,2,2,0,101.584,1,8.65533,14.9635,-66.8119,11.7442,2,0.018,0.018,0.0196667
juelich_pilot_d30_r2_log_distance_s02_w1,juelich,12345,2,2,log-distance,47,48,veh12,veh15,2,0,1,915.221,0,8.65533,9.17758,nan,nan,0,0.018,0.02,0.0196667
juelich_pilot_d30_r2_log_distance_s02_w1,juelich,12345,2,2,log-distance,47,48,veh12,veh4,2,0,1,363.016,1,8.65533,9.56812,nan,nan,0,0.018,0.026,0.0196667
juelich_pilot_d30_r2_log_distance_s02_w1,juelich,12345,2,2,log-distance,47,48,veh12,veh5,2,0,1,960.523,0,8.65533,7.02512,nan,nan,0,0.018,0.022,0.0196667
juelich_pilot_d30_r2_log_distance_s02_w1,juelich,12345,2,2,log-distance,47,48,veh12,veh6,2,0,1,291.295,1,8.65533,6.45256,nan,nan,0,0.018,0.018,0.0196667
juelich_pilot_d30_r2_log_distance_s02_w1,juelich,12345,2,2,log-distance,47,48,veh12,veh9,2,0,1,492.59,1,8.65533,8.60268,nan,nan,0,0.018,0.018,0.0196667
juelich_pilot_d30_r2_log_distance_s02_w1,juelich,12345,2,2,log-distance,47,48,veh13,veh0,2,2,0,239.799,1,7.54838,13.4877,-74.2734,5.2641,2,0.026,0.026,0.0196667
juelich_pilot_d30_r2_log_distance_s02_w1,juelich,12345,2,2,log-distance,47,48,veh13,veh1,2,0,1,398.43,1,7.54838,8.35017,nan,nan,0,0.026,0.018,0.0196667
juelich_pilot_d30_r2_log_distance_s02_w1,juelich,12345,2,2,log-distance,47,48,veh13,veh10,2,0,1,244.85,1,7.54838,10.66,nan,nan,0,0.026,0.018,0.0196667
juelich_pilot_d30_r2_log_distance_s02_w1,juelich,12345,2,2,log-distance,47,48,veh13,veh11,2,0,1,367.073,1,7.54838,6.99305,nan,nan,0,0.026,0.018,0.0196667
juelich_pilot_d30_r2_log_distance_s02_w1,juelich,12345,2,2,log-distance,47,48,veh13,veh12,2,0,1,325.281,1,7.54838,8.65533,nan,nan,0,0.026,0.018,0.0196667
juelich_pilot_d30_r2_log_distance_s02_w1,juelich,12345,2,2,log-distance,47,48,veh13,veh14,2,0,1,395.441,1,7.54838,14.9635,nan,nan,0,0.026,0.018,0.0196667
juelich_pilot_d30_r2_log_distance_s02_w1,juelich,12345,2,2,log-distance,47,48,veh13,veh15,2,0,1,676.855,0,7.54838,9.17758,nan,nan,0,0.026,0.02,0.0196667
juelich_pilot_d30_r2_log_distance_s02_w1,juelich,12345,2,2,log-distance,47,48,veh13,veh17,2,0,1,719.05,0,7.54838,2.89579,nan,nan,0,0.026,0.022,0.0196667
juelich_pilot_d30_r2_log_distance_s02_w1,juelich,12345,2,2,log-distance,47,48,veh13,veh4,2,2,0,147.049,1,7.54838,9.56812,-70.0262,7.79689,2,0.026,0.026,0.0196667
juelich_pilot_d30_r2_log_distance_s02_w1,juelich,12345,2,2,log-distance,47,48,veh13,veh5,2,0,1,672.091,0,7.54838,7.02512,nan,nan,0,0.026,0.022,0.0196667
juelich_pilot_d30_r2_log_distance_s02_w1,juelich,12345,2,2,log-distance,47,48,veh13,veh6,2,0,1,226.32,1,7.54838,6.45256,nan,nan,0,0.026,0.018,0.0196667
juelich_pilot_d30_r2_log_distance_s02_w1,juelich,12345,2,2,log-distance,47,48,veh13,veh7,2,0,1,768.036,0,7.54838,11.1738,nan,nan,0,0.026,0.022,0.0196667
juelich_pilot_d30_r2_log_distance_s02_w1,juelich,12345,2,2,log-distance,47,48,veh13,veh8,2,0,1,975.56,0,7.54838,7.00168,nan,nan,0,0.026,0.018,0.0196667
juelich_pilot_d30_r2_log_distance_s02_w1,juelich,12345,2,2,log-distance,47,48,veh13,veh9,2,0,1,309.39,1,7.54838,8.60268,nan,nan,0,0.026,0.018,0.0196667
juelich_pilot_d30_r2_log_distance_s02_w1,juelich,12345,2,2,log-distance,47,48,veh14,veh0,2,2,0,464.735,1,14.9635,13.4877,-80.0218,16.9545,2,0.018,0.026,0.0196667
juelich_pilot_d30_r2_log_distance_s02_w1,juelich,12345,2,2,log-distance,47,48,veh14,veh1,2,0,1,673.563,0,14.9635,8.35017,nan,nan,0,0.018,0.018,0.0196667
juelich_pilot_d30_r2_log_distance_s02_w1,juelich,12345,2,2,log-distance,47,48,veh14,veh10,2,2,0,409.23,1,14.9635,10.66,-78.9162,18.0601,2,0.018,0.018,0.0196667
juelich_pilot_d30_r2_log_distance_s02_w1,juelich,12345,2,2,log-distance,47,48,veh14,veh11,2,0,1,644.305,0,14.9635,6.99305,nan,nan,0,0.018,0.018,0.0196667
juelich_pilot_d30_r2_log_distance_s02_w1,juelich,12345,2,2,log-distance,47,48,veh14,veh12,2,2,0,101.584,1,14.9635,8.65533,-66.8119,30.1644,2,0.018,0.018,0.0196667
juelich_pilot_d30_r2_log_distance_s02_w1,juelich,12345,2,2,log-distance,47,48,veh14,veh13,2,2,0,395.441,1,14.9635,7.54838,-78.6191,18.3572,2,0.018,0.026,0.0196667
juelich_pilot_d30_r2_log_distance_s02_w1,juelich,12345,2,2,log-distance,47,48,veh14,veh15,2,0,1,924.612,0,14.9635,9.17758,nan,nan,0,0.018,0.02,0.0196667
juelich_pilot_d30_r2_log_distance_s02_w1,juelich,12345,2,2,log-distance,47,48,veh14,veh4,2,2,0,454.79,1,14.9635,9.56812,-79.8339,17.1424,2,0.018,0.026,0.0196667
juelich_pilot_d30_r2_log_distance_s02_w1,juelich,12345,2,2,log-distance,47,48,veh14,veh5,2,0,1,991.508,0,14.9635,7.02512,nan,nan,0,0.018,0.022,0.0196667
juelich_pilot_d30_r2_log_distance_s02_w1,juelich,12345,2,2,log-distance,47,48,veh14,veh6,2,2,0,391.729,1,14.9635,6.45256,-78.5372,18.4391,2,0.018,0.018,0.0196667
juelich_pilot_d30_r2_log_distance_s02_w1,juelich,12345,2,2,log-distance,47,48,veh14,veh9,2,0,1,591.432,0,14.9635,8.60268,nan,nan,0,0.018,0.018,0.0196667
juelich_pilot_d30_r2_log_distance_s02_w1,juelich,12345,2,2,log-distance,47,48,veh15,veh0,2,2,0,473.328,1,9.17758,13.4877,-80.1807,16.7956,2,0.02,0.026,0.0196667
juelich_pilot_d30_r2_log_distance_s02_w1,juelich,12345,2,2,log-distance,47,48,veh15,veh1,2,0,1,971.169,0,9.17758,8.35017,nan,nan,0,0.02,0.018,0.0196667
juelich_pilot_d30_r2_log_distance_s02_w1,juelich,12345,2,2,log-distance,47,48,veh15,veh10,2,0,1,917.721,0,9.17758,10.66,nan,nan,0,0.02,0.018,0.0196667
juelich_pilot_d30_r2_log_distance_s02_w1,juelich,12345,2,2,log-distance,47,48,veh15,veh11,2,0,1,948.143,0,9.17758,6.99305,nan,nan,0,0.02,0.018,0.0196667
juelich_pilot_d30_r2_log_distance_s02_w1,juelich,12345,2,2,log-distance,47,48,veh15,veh12,2,0,1,915.221,0,9.17758,8.65533,nan,nan,0,0.02,0.018,0.0196667
juelich_pilot_d30_r2_log_distance_s02_w1,juelich,12345,2,2,log-distance,47,48,veh15,veh13,2,0,1,676.855,0,9.17758,7.54838,nan,nan,0,0.02,0.026,0.0196667
juelich_pilot_d30_r2_log_distance_s02_w1,juelich,12345,2,2,log-distance,47,48,veh15,veh14,2,0,1,924.612,0,9.17758,14.9635,nan,nan,0,0.02,0.018,0.0196667
juelich_pilot_d30_r2_log_distance_s02_w1,juelich,12345,2,2,log-distance,47,48,veh15,veh16,2,0,1,634.381,0,9.17758,8.42504,nan,nan,0,0.02,0.016,0.0196667
juelich_pilot_d30_r2_log_distance_s02_w1,juelich,12345,2,2,log-distance,47,48,veh15,veh17,2,2,0,347.439,1,9.17758,2.89579,-77.4953,19.481,2,0.02,0.022,0.0196667
juelich_pilot_d30_r2_log_distance_s02_w1,juelich,12345,2,2,log-distance,47,48,veh15,veh2,2,0,1,991.513,0,9.17758,0,nan,nan,0,0.02,0.014,0.0196667
juelich_pilot_d30_r2_log_distance_s02_w1,juelich,12345,2,2,log-distance,47,48,veh15,veh3,2,0,1,801.142,0,9.17758,12.73,nan,nan,0,0.02,0.016,0.0196667
juelich_pilot_d30_r2_log_distance_s02_w1,juelich,12345,2,2,log-distance,47,48,veh15,veh4,2,0,1,793.614,0,9.17758,9.56812,nan,nan,0,0.02,0.026,0.0196667
juelich_pilot_d30_r2_log_distance_s02_w1,juelich,12345,2,2,log-distance,47,48,veh15,veh5,2,2,0,213.26,1,9.17758,7.02512,-73.2556,23.7206,2,0.02,0.022,0.0196667
juelich_pilot_d30_r2_log_distance_s02_w1,juelich,12345,2,2,log-distance,47,48,veh15,veh6,2,0,1,901.04,0,9.17758,6.45256,nan,nan,0,0.02,0.018,0.0196667
juelich_pilot_d30_r2_log_distance_s02_w1,juelich,12345,2,2,log-distance,47,48,veh15,veh7,2,2,0,497.232,1,9.17758,11.1738,-80.6089,16.3674,2,0.02,0.022,0.0196667
juelich_pilot_d30_r2_log_distance_s02_w1,juelich,12345,2,2,log-distance,47,48,veh15,veh8,2,0,1,772.882,0,9.17758,7.00168,nan,nan,0,0.02,0.018,0.0196667
juelich_pilot_d30_r2_log_distance_s02_w1,juelich,12345,2,2,log-distance,47,48,veh15,veh9,2,0,1,906.557,0,9.17758,8.60268,nan,nan,0,0.02,0.018,0.0196667
juelich_pilot_d30_r2_log_distance_s02_w1,juelich,12345,2,2,log-distance,47,48,veh16,veh15,2,0,1,634.381,0,8.42504,9.17758,nan,nan,0,0.016,0.02,0.0196667
juelich_pilot_d30_r2_log_distance_s02_w1,juelich,12345,2,2,log-distance,47,48,veh16,veh17,2,2,0,572.449,0,8.42504,2.89579,-81.8324,15.1439,2,0.016,0.022,0.0196667
juelich_pilot_d30_r2_log_distance_s02_w1,juelich,12345,2,2,log-distance,47,48,veh16,veh2,2,0,1,656.469,0,8.42504,0,nan,nan,0,0.016,0.014,0.0196667
juelich_pilot_d30_r2_log_distance_s02_w1,juelich,12345,2,2,log-distance,47,48,veh16,veh3,2,2,0,546.706,0,8.42504,12.73,-81.4326,15.5437,2,0.016,0.016,0.0196667
juelich_pilot_d30_r2_log_distance_s02_w1,juelich,12345,2,2,log-distance,47,48,veh16,veh5,2,1,0.5,583.067,0,8.42504,7.02512,-81.9757,15.0006,1,0.016,0.022,0.0196667
juelich_pilot_d30_r2_log_distance_s02_w1,juelich,12345,2,2,log-distance,47,48,veh16,veh7,2,0,1,627.025,0,8.42504,11.1738,nan,nan,0,0.016,0.022,0.0196667
juelich_pilot_d30_r2_log_distance_s02_w1,juelich,12345,2,2,log-distance,47,48,veh16,veh8,2,0,1,732.591,0,8.42504,7.00168,nan,nan,0,0.016,0.018,0.0196667
juelich_pilot_d30_r2_log_distance_s02_w1,juelich,12345,2,2,log-distance,47,48,veh17,veh0,2,0,1,612.526,0,2.89579,13.4877,nan,nan,0,0.022,0.026,0.0196667
juelich_pilot_d30_r2_log_distance_s02_w1,juelich,12345,2,2,log-distance,47,48,veh17,veh1,2,0,1,872.656,0,2.89579,8.35017,nan,nan,0,0.022,0.018,0.0196667
juelich_pilot_d30_r2_log_distance_s02_w1,juelich,12345,2,2,log-distance,47,48,veh17,veh10,2,0,1,918.682,0,2.89579,10.66,nan,nan,0,0.022,0.018,0.0196667
juelich_pilot_d30_r2_log_distance_s02_w1,juelich,12345,2,2,log-distance,47,48,veh17,veh11,2,0,1,859.096,0,2.89579,6.99305,nan,nan,0,0.022,0.018,0.0196667
juelich_pilot_d30_r2_log_distance_s02_w1,juelich,12345,2,2,log-distance,47,48,veh17,veh13,2,0,1,719.05,0,2.89579,7.54838,nan,nan,0,0.022,0.026,0.0196667
juelich_pilot_d30_r2_log_distance_s02_w1,juelich,12345,2,2,log-distance,47,48,veh17,veh15,2,2,0,347.439,1,2.89579,9.17758,-77.4953,19.481,2,0.022,0.02,0.0196667
juelich_pilot_d30_r2_log_distance_s02_w1,juelich,12345,2,2,log-distance,47,48,veh17,veh16,2,2,0,572.449,0,2.89579,8.42504,-81.8324,15.1439,2,0.022,0.016,0.0196667
juelich_pilot_d30_r2_log_distance_s02_w1,juelich,12345,2,2,log-distance,47,48,veh17,veh2,2,0,1,685.411,0,2.89579,0,nan,nan,0,0.022,0.014,0.0196667
juelich_pilot_d30_r2_log_distance_s02_w1,juelich,12345,2,2,log-distance,47,48,veh17,veh3,2,2,0,492.223,1,2.89579,12.73,-80.5208,16.4555,2,0.022,0.016,0.0196667
juelich_pilot_d30_r2_log_distance_s02_w1,juelich,12345,2,2,log-distance,47,48,veh17,veh4,2,0,1,782.371,0,2.89579,9.56812,nan,nan,0,0.022,0.026,0.0196667
juelich_pilot_d30_r2_log_distance_s02_w1,juelich,12345,2,2,log-distance,47,48,veh17,veh5,2,2,0,134.842,1,2.89579,7.02512,-69.2732,27.7031,2,0.022,0.022,0.0196667
juelich_pilot_d30_r2_log_distance_s02_w1,juelich,12345,2,2,log-distance,47,48,veh17,veh6,2,0,1,908.72,0,2.89579,6.45256,nan,nan,0,0.022,0.018,0.0196667
juelich_pilot_d30_r2_log_distance_s02_w1,juelich,12345,2,2,log-distance,47,48,veh17,veh7,2,2,0,150.76,1,2.89579,11.1738,-70.2434,26.7329,2,0.022,0.022,0.0196667
juelich_pilot_d30_r2_log_distance_s02_w1,juelich,12345,2,2,log-distance,47,48,veh17,veh8,2,2,0,425.78,1,2.89579,7.00168,-79.2614,17.7149,2,0.022,0.018,0.0196667
juelich_pilot_d30_r2_log_distance_s02_w1,juelich,12345,2,2,log-distance,47,48,veh17,veh9,2,0,1,835.998,0,2.89579,8.60268,nan,nan,0,0.022,0.018,0.0196667
juelich_pilot_d30_r2_log_distance_s02_w1,juelich,12345,2,2,log-distance,47,48,veh2,veh15,2,0,1,991.513,0,0,9.17758,nan,nan,0,0.014,0.02,0.0196667
juelich_pilot_d30_r2_log_distance_s02_w1,juelich,12345,2,2,log-distance,47,48,veh2,veh16,2,0,1,656.469,0,0,8.42504,nan,nan,0,0.014,0.016,0.0196667
juelich_pilot_d30_r2_log_distance_s02_w1,juelich,12345,2,2,log-distance,47,48,veh2,veh17,2,0,1,685.411,0,0,2.89579,nan,nan,0,0.014,0.022,0.0196667
juelich_pilot_d30_r2_log_distance_s02_w1,juelich,12345,2,2,log-distance,47,48,veh2,veh3,2,2,0,193.407,1,0,12.73,-72.406,17.1398,2,0.014,0.016,0.0196667
juelich_pilot_d30_r2_log_distance_s02_w1,juelich,12345,2,2,log-distance,47,48,veh2,veh5,2,0,1,804.977,0,0,7.02512,nan,nan,0,0.014,0.022,0.0196667
juelich_pilot_d30_r2_log_distance_s02_w1,juelich,12345,2,2,log-distance,47,48,veh2,veh7,2,1,0.5,582.567,0,0,11.1738,-81.9467,5.40183,1,0.014,0.022,0.0196667
juelich_pilot_d30_r2_log_distance_s02_w1,juelich,12345,2,2,log-distance,47,48,veh2,veh8,2,2,0,389.001,1,0,7.00168,-78.4767,10.2101,2,0.014,0.018,0.0196667
juelich_pilot_d30_r2_log_distance_s02_w1,juelich,12345,2,2,log-distance,47,48,veh3,veh15,2,0,1,801.142,0,12.73,9.17758,nan,nan,0,0.016,0.02,0.0196667
juelich_pilot_d30_r2_log_distance_s02_w1,juelich,12345,2,2,log-distance,47,48,veh3,veh16,2,2,0,546.706,0,12.73,8.42504,-81.4326,15.5437,2,0.016,0.016,0.0196667
juelich_pilot_d30_r2_log_distance_s02_w1,juelich,12345,2,2,log-distance,47,48,veh3,veh17,2,2,0,492.223,1,12.73,2.89579,-80.5208,16.4555,2,0.016,0.022,0.0196667
juelich_pilot_d30_r2_log_distance_s02_w1,juelich,12345,2,2,log-distance,47,48,veh3,veh2,2,2,0,193.407,1,12.73,0,-72.406,24.5703,2,0.016,0.014,0.0196667
juelich_pilot_d30_r2_log_distance_s02_w1,juelich,12345,2,2,log-distance,47,48,veh3,veh5,2,0,1,611.811,0,12.73,7.02512,nan,nan,0,0.016,0.022,0.0196667
juelich_pilot_d30_r2_log_distance_s02_w1,juelich,12345,2,2,log-distance,47,48,veh3,veh7,2,2,0,395.774,1,12.73,11.1738,-78.6266,18.3497,2,0.016,0.022,0.0196667
juelich_pilot_d30_r2_log_distance_s02_w1,juelich,12345,2,2,log-distance,47,48,veh3,veh8,2,2,0,261.094,1,12.73,7.00168,-75.0136,21.9626,2,0.016,0.018,0.0196667
juelich_pilot_d30_r2_log_distance_s02_w1,juelich,12345,2,2,log-distance,47,48,veh4,veh0,2,2,0,383.7,1,9.56812,13.4877,-78.3575,18.6188,2,0.026,0.026,0.0196667
juelich_pilot_d30_r2_log_distance_s02_w1,juelich,12345,2,2,log-distance,47,48,veh4,veh1,2,2,0,256.256,1,9.56812,8.35017,-74.851,22.1253,2,0.026,0.018,0.0196667
juelich_pilot_d30_r2_log_distance_s02_w1,juelich,12345,2,2,log-distance,47,48,veh4,veh10,2,2,0,136.349,1,9.56812,10.66,-69.3698,27.6065,2,0.026,0.018,0.0196667
juelich_pilot_d30_r2_log_distance_s02_w1,juelich,12345,2,2,log-distance,47,48,veh4,veh11,2,2,0,224.486,1,9.56812,6.99305,-73.7014,23.2749,2,0.026,0.018,0.0196667
juelich_pilot_d30_r2_log_distance_s02_w1,juelich,12345,2,2,log-distance,47,48,veh4,veh12,2,2,0,363.016,1,9.56812,8.65533,-77.8762,19.1001,2,0.026,0.018,0.0196667
juelich_pilot_d30_r2_log_distance_s02_w1,juelich,12345,2,2,log-distance,47,48,veh4,veh13,2,2,0,147.049,1,9.56812,7.54838,-70.0262,26.9501,2,0.026,0.026,0.0196667
juelich_pilot_d30_r2_log_distance_s02_w1,juelich,12345,2,2,log-distance,47,48,veh4,veh14,2,2,0,454.79,1,9.56812,14.9635,-79.8339,17.1424,2,0.026,0.018,0.0196667
juelich_pilot_d30_r2_log_distance_s02_w1,juelich,12345,2,2,log-distance,47,48,veh4,veh15,2,0,1,793.614,0,9.56812,9.17758,nan,nan,0,0.026,0.02,0.0196667
juelich_pilot_d30_r2_log_distance_s02_w1,juelich,12345,2,2,log-distance,47,48,veh4,veh17,2,0,1,782.371,0,9.56812,2.89579,nan,nan,0,0.026,0.022,0.0196667
juelich_pilot_d30_r2_log_distance_s02_w1,juelich,12345,2,2,log-distance,47,48,veh4,veh5,2,0,1,757.886,0,9.56812,7.02512,nan,nan,0,0.026,0.022,0.0196667
juelich_pilot_d30_r2_log_distance_s02_w1,juelich,12345,2,2,log-distance,47,48,veh4,veh6,2,2,0,127.99,1,9.56812,6.45256,-68.8211,28.1552,2,0.026,0.018,0.0196667
juelich_pilot_d30_r2_log_distance_s02_w1,juelich,12345,2,2,log-distance,47,48,veh4,veh7,2,0,1,805.035,0,9.56812,11.1738,nan,nan,0,0.026,0.022,0.0196667
juelich_pilot_d30_r2_log_distance_s02_w1,juelich,12345,2,2,log-distance,47,48,veh4,veh8,2,0,1,978.746,0,9.56812,7.00168,nan,nan,0,0.026,0.018,0.0196667
juelich_pilot_d30_r2_log_distance_s02_w1,juelich,12345,2,2,log-distance,47,48,veh4,veh9,2,2,0,165.948,1,9.56812,8.60268,-71.0767,25.8996,2,0.026,0.018,0.0196667
juelich_pilot_d30_r2_log_distance_s02_w1,juelich,12345,2,2,log-distance,47,48,veh5,veh0,2,2,0,527.588,0,7.02512,13.4877,-81.1236,15.8527,2,0.022,0.026,0.0196667
juelich_pilot_d30_r2_log_distance_s02_w1,juelich,12345,2,2,log-distance,47,48,veh5,veh1,2,0,1,886.094,0,7.02512,8.35017,nan,nan,0,0.022,0.018,0.0196667
juelich_pilot_d30_r2_log_distance_s02_w1,juelich,12345,2,2,log-distance,47,48,veh5,veh10,2,0,1,892.161,0,7.02512,10.66,nan,nan,0,0.022,0.018,0.0196667
juelich_pilot_d30_r2_log_distance_s02_w1,juelich,12345,2,2,log-distance,47,48,veh5,veh11,2,0,1,868.273,0,7.02512,6.99305,nan,nan,0,0.022,0.018,0.0196667
juelich_pilot_d30_r2_log_distance_s02_w1,juelich,12345,2,2,log-distance,47,48,veh5,veh12,2,0,1,960.523,0,7.02512,8.65533,nan,nan,0,0.022,0.018,0.0196667
juelich_pilot_d30_r2_log_distance_s02_w1,juelich,12345,2,2,log-distance,47,48,veh5,veh13,2,0,1,672.091,0,7.02512,7.54838,nan,nan,0,0.022,0.026,0.0196667
juelich_pilot_d30_r2_log_distance_s02_w1,juelich,12345,2,2,log-distance,47,48,veh5,veh14,2,0,1,991.508,0,7.02512,14.9635,nan,nan,0,0.022,0.018,0.0196667
juelich_pilot_d30_r2_log_distance_s02_w1,juelich,12345,2,2,log-distance,47,48,veh5,veh15,2,2,0,213.26,1,7.02512,9.17758,-73.2556,23.7206,2,0.022,0.02,0.0196667
juelich_pilot_d30_r2_log_distance_s02_w1,juelich,12345,2,2,log-distance,47,48,veh5,veh16,2,1,0.5,583.067,0,7.02512,8.42504,-81.9757,15.0006,1,0.022,0.016,0.0196667
juelich_pilot_d30_r2_log_distance_s02_w1,juelich,12345,2,2,log-distance,47,48,veh5,veh17,2,2,0,134.842,1,7.02512,2.89579,-69.2732,27.7031,2,0.022,0.022,0.0196667
juelich_pilot_d30_r2_log_distance_s02_w1,juelich,12345,2,2,log-distance,47,48,veh5,veh2,2,0,1,804.977,0,7.02512,0,nan,nan,0,0.022,0.014,0.0196667
juelich_pilot_d30_r2_log_distance_s02_w1,juelich,12345,2,2,log-distance,47,48,veh5,veh3,2,0,1,611.811,0,7.02512,12.73,nan,nan,0,0.022,0.016,0.0196667
juelich_pilot_d30_r2_log_distance_s02_w1,juelich,12345,2,2,log-distance,47,48,veh5,veh4,2,0,1,757.886,0,7.02512,9.56812,nan,nan,0,0.022,0.026,0.0196667
juelich_pilot_d30_r2_log_distance_s02_w1,juelich,12345,2,2,log-distance,47,48,veh5,veh6,2,0,1,879.39,0,7.02512,6.45256,nan,nan,0,0.022,0.018,0.0196667
juelich_pilot_d30_r2_log_distance_s02_w1,juelich,12345,2,2,log-distance,47,48,veh5,veh7,2,2,0,283.999,1,7.02512,11.1738,-75.7437,21.2326,2,0.022,0.022,0.0196667
juelich_pilot_d30_r2_log_distance_s02_w1,juelich,12345,2,2,log-distance,47,48,veh5,veh8,2,2,0,560.604,0,7.02512,7.00168,-81.6508,15.3255,2,0.022,0.018,0.0196667
juelich_pilot_d30_r2_log_distance_s02_w1,juelich,12345,2,2,log-distance,47,48,veh5,veh9,2,0,1,836.954,0,7.02512,8.60268,nan,nan,0,0.022,0.018,0.0196667
juelich_pilot_d30_r2_log_distance_s02_w1,juelich,12345,2,2,log-distance,47,48,veh6,veh0,2,2,0,461.011,1,6.45256,13.4877,-79.9519,17.0244,2,0.018,0.026,0.0196667
juelich_pilot_d30_r2_log_distance_s02_w1,juelich,12345,2,2,log-distance,47,48,veh6,veh1,2,2,0,282.094,1,6.45256,8.35017,-75.6852,21.2911,2,0.018,0.018,0.0196667
juelich_pilot_d30_r2_log_distance_s02_w1,juelich,12345,2,2,log-distance,47,48,veh6,veh10,2,2,0,22.3733,1,6.45256,10.66,-53.6369,43.3394,2,0.018,0.018,0.0196667
juelich_pilot_d30_r2_log_distance_s02_w1,juelich,12345,2,2,log-distance,47,48,veh6,veh11,2,2,0,253.467,1,6.45256,6.99305,-74.7558,22.2205,2,0.018,0.018,0.0196667
juelich_pilot_d30_r2_log_distance_s02_w1,juelich,12345,2,2,log-distance,47,48,veh6,veh12,2,2,0,291.295,1,6.45256,8.65533,-75.9643,21.0119,2,0.018,0.018,0.0196667
juelich_pilot_d30_r2_log_distance_s02_w1,juelich,12345,2,2,log-distance,47,48,veh6,veh13,2,2,0,226.32,1,6.45256,7.54838,-73.7715,23.2048,2,0.018,0.026,0.0196667
juelich_pilot_d30_r2_log_distance_s02_w1,juelich,12345,2,2,log-distance,47,48,veh6,veh14,2,2,0,391.729,1,6.45256,14.9635,-78.5372,18.4391,2,0.018,0.018,0.0196667
juelich_pilot_d30_r2_log_distance_s02_w1,juelich,12345,2,2,log-distance,47,48,veh6,veh15,2,0,1,901.04,0,6.45256,9.17758,nan,nan,0,0.018,0.02,0.0196667
juelich_pilot_d30_r2_log_distance_s02_w1,juelich,12345,2,2,log-distance,47,48,veh6,veh17,2,0,1,908.72,0,6.45256,2.89579,nan,nan,0,0.018,0.022,0.0196667
juelich_pilot_d30_r2_log_distance_s02_w1,juelich,12345,2,2,log-distance,47,48,veh6,veh4,2,2,0,127.99,1,6.45256,9.56812,-68.8211,28.1552,2,0.018,0.026,0.0196667
juelich_pilot_d30_r2_log_distance_s02_w1,juelich,12345,2,2,log-distance,47,48,veh6,veh5,2,0,1,879.39,0,6.45256,7.02512,nan,nan,0,0.018,0.022,0.0196667
juelich_pilot_d30_r2_log_distance_s02_w1,juelich,12345,2,2,log-distance,47,48,veh6,veh7,2,0,1,933.012,0,6.45256,11.1738,nan,nan,0,0.018,0.022,0.0196667
juelich_pilot_d30_r2_log_distance_s02_w1,juelich,12345,2,2,log-distance,47,48,veh6,veh9,2,2,0,203.66,1,6.45256,8.60268,-72.8551,24.1212,2,0.018,0.018,0.0196667
juelich_pilot_d30_r2_log_distance_s02_w1,juelich,12345,2,2,log-distance,47,48,veh7,veh0,2,0,1,704.114,0,11.1738,13.4877,nan,nan,0,0.022,0.026,0.0196667
juelich_pilot_d30_r2_log_distance_s02_w1,juelich,12345,2,2,log-distance,47,48,veh7,veh1,2,0,1,850.282,0,11.1738,8.35017,nan,nan,0,0.022,0.018,0.0196667
juelich_pilot_d30_r2_log_distance_s02_w1,juelich,12345,2,2,log-distance,47,48,veh7,veh10,2,0,1,939.65,0,11.1738,10.66,nan,nan,0,0.022,0.018,0.0196667
juelich_pilot_d30_r2_log_distance_s02_w1,juelich,12345,2,2,log-distance,47,48,veh7,veh11,2,0,1,841.934,0,11.1738,6.99305,nan,nan,0,0.022,0.018,0.0196667
juelich_pilot_d30_r2_log_distance_s02_w1,juelich,12345,2,2,log-distance,47,48,veh7,veh13,2,0,1,768.036,0,11.1738,7.54838,nan,nan,0,0.022,0.026,0.0196667
juelich_pilot_d30_r2_log_distance_s02_w1,juelich,12345,2,2,log-distance,47,48,veh7,veh15,2,2,0,497.232,1,11.1738,9.17758,-80.6089,16.3674,2,0.022,0.02,0.0196667
juelich_pilot_d30_r2_log_distance_s02_w1,juelich,12345,2,2,log-distance,47,48,veh7,veh16,2,0,1,627.025,0,11.1738,8.42504,nan,nan,0,0.022,0.016,0.0196667
juelich_pilot_d30_r2_log_distance_s02_w1,juelich,12345,2,2,log-distance,47,48,veh7,veh17,2,2,0,150.76,1,11.1738,2.89579,-70.2434,26.7329,2,0.022,0.022,0.0196667
juelich_pilot_d30_r2_log_distance_s02_w1,juelich,12345,2,2,log-distance,47,48,veh7,veh2,2,1,0.5,582.567,0,11.1738,0,-81.9467,15.0295,1,0.022,0.014,0.0196667
juelich_pilot_d30_r2_log_distance_s02_w1,juelich,12345,2,2,log-distance,47,48,veh7,veh3,2,2,0,395.774,1,11.1738,12.73,-78.6266,18.3497,2,0.022,0.016,0.0196667
juelich_pilot_d30_r2_log_distance_s02_w1,juelich,12345,2,2,log-distance,47,48,veh7,veh4,2,0,1,805.035,0,11.1738,9.56812,nan,nan,0,0.022,0.026,0.0196667
juelich_pilot_d30_r2_log_distance_s02_w1,juelich,12345,2,2,log-distance,47,48,veh7,veh5,2,2,0,283.999,1,11.1738,7.02512,-75.7437,21.2326,2,0.022,0.022,0.0196667
juelich_pilot_d30_r2_log_distance_s02_w1,juelich,12345,2,2,log-distance,47,48,veh7,veh6,2,0,1,933.012,0,11.1738,6.45256,nan,nan,0,0.022,0.018,0.0196667
juelich_pilot_d30_r2_log_distance_s02_w1,juelich,12345,2,2,log-distance,47,48,veh7,veh8,2,2,0,279.349,1,11.1738,7.00168,-75.6003,21.3759,2,0.022,0.018,0.0196667
juelich_pilot_d30_r2_log_distance_s02_w1,juelich,12345,2,2,log-distance,47,48,veh7,veh9,2,0,1,828.783,0,11.1738,8.60268,nan,nan,0,0.022,0.018,0.0196667
juelich_pilot_d30_r2_log_distance_s02_w1,juelich,12345,2,2,log-distance,47,48,veh8,veh0,2,0,1,955.362,0,7.00168,13.4877,nan,nan,0,0.018,0.026,0.0196667
juelich_pilot_d30_r2_log_distance_s02_w1,juelich,12345,2,2,log-distance,47,48,veh8,veh1,2,0,1,954.906,0,7.00168,8.35017,nan,nan,0,0.018,0.018,0.0196667
juelich_pilot_d30_r2_log_distance_s02_w1,juelich,12345,2,2,log-distance,47,48,veh8,veh11,2,0,1,955.588,0,7.00168,6.99305,nan,nan,0,0.018,0.018,0.0196667
juelich_pilot_d30_r2_log_distance_s02_w1,juelich,12345,2,2,log-distance,47,48,veh8,veh13,2,0,1,975.56,0,7.00168,7.54838,nan,nan,0,0.018,0.026,0.0196667
juelich_pilot_d30_r2_log_distance_s02_w1,juelich,12345,2,2,log-distance,47,48,veh8,veh15,2,0,1,772.882,0,7.00168,9.17758,nan,nan,0,0.018,0.02,0.0196667
juelich_pilot_d30_r2_log_distance_s02_w1,juelich,12345,2,2,log-distance,47,48,veh8,veh16,2,0,1,732.591,0,7.00168,8.42504,nan,nan,0,0.018,0.016,0.0196667
juelich_pilot_d30_r2_log_distance_s02_w1,juelich,12345,2,2,log-distance,47,48,veh8,veh17,2,2,0,425.78,1,7.00168,2.89579,-79.2614,17.7149,2,0.018,0.022,0.0196667
juelich_pilot_d30_r2_log_distance_s02_w1,juelich,12345,2,2,log-distance,47,48,veh8,veh2,2,2,0,389.001,1,7.00168,0,-78.4767,18.4996,2,0.018,0.014,0.0196667
juelich_pilot_d30_r2_log_distance_s02_w1,juelich,12345,2,2,log-distance,47,48,veh8,veh3,2,2,0,261.094,1,7.00168,12.73,-75.0136,21.9626,2,0.018,0.016,0.0196667
juelich_pilot_d30_r2_log_distance_s02_w1,juelich,12345,2,2,log-distance,47,48,veh8,veh4,2,0,1,978.746,0,7.00168,9.56812,nan,nan,0,0.018,0.026,0.0196667
juelich_pilot_d30_r2_log_distance_s02_w1,juelich,12345,2,2,log-distance,47,48,veh8,veh5,2,2,0,560.604,0,7.00168,7.02512,-81.6508,15.3255,2,0.018,0.022,0.0196667
juelich_pilot_d30_r2_log_distance_s02_w1,juelich,12345,2,2,log-distance,47,48,veh8,veh7,2,2,0,279.349,1,7.00168,11.1738,-75.6003,21.3759,2,0.018,0.022,0.0196667
juelich_pilot_d30_r2_log_distance_s02_w1,juelich,12345,2,2,log-distance,47,48,veh8,veh9,2,0,1,958.849,0,7.00168,8.60268,nan,nan,0,0.018,0.018,0.0196667
juelich_pilot_d30_r2_log_distance_s02_w1,juelich,12345,2,2,log-distance,47,48,veh9,veh0,2,2,0,537.228,0,8.60268,13.4877,-81.2809,15.6954,2,0.018,0.026,0.0196667
juelich_pilot_d30_r2_log_distance_s02_w1,juelich,12345,2,2,log-distance,47,48,veh9,veh1,2,2,0,90.4068,1,8.60268,8.35017,-65.8017,31.1746,2,0.018,0.018,0.0196667
juelich_pilot_d30_r2_log_distance_s02_w1,juelich,12345,2,2,log-distance,47,48,veh9,veh10,2,2,0,191.106,1,8.60268,10.66,-72.3031,24.6731,2,0.018,0.018,0.0196667
juelich_pilot_d30_r2_log_distance_s02_w1,juelich,12345,2,2,log-distance,47,48,veh9,veh11,2,2,0,58.6009,1,8.60268,6.99305,-62.0356,34.9407,2,0.018,0.018,0.0196667
juelich_pilot_d30_r2_log_distance_s02_w1,juelich,12345,2,2,log-distance,47,48,veh9,veh12,2,2,0,492.59,1,8.60268,8.65533,-80.5272,16.4491,2,0.018,0.018,0.0196667
juelich_pilot_d30_r2_log_distance_s02_w1,juelich,12345,2,2,log-distance,47,48,veh9,veh13,2,2,0,309.39,1,8.60268,7.54838,-76.4875,20.4887,2,0.018,0.026,0.0196667
juelich_pilot_d30_r2_log_distance_s02_w1,juelich,12345,2,2,log-distance,47,48,veh9,veh14,2,0,1,591.432,0,8.60268,14.9635,nan,nan,0,0.018,0.018,0.0196667
juelich_pilot_d30_r2_log_distance_s02_w1,juelich,12345,2,2,log-distance,47,48,veh9,veh15,2,0,1,906.557,0,8.60268,9.17758,nan,nan,0,0.018,0.02,0.0196667
juelich_pilot_d30_r2_log_distance_s02_w1,juelich,12345,2,2,log-distance,47,48,veh9,veh17,2,0,1,835.998,0,8.60268,2.89579,nan,nan,0,0.018,0.022,0.0196667
juelich_pilot_d30_r2_log_distance_s02_w1,juelich,12345,2,2,log-distance,47,48,veh9,veh4,2,2,0,165.948,1,8.60268,9.56812,-71.0767,25.8996,2,0.018,0.026,0.0196667
juelich_pilot_d30_r2_log_distance_s02_w1,juelich,12345,2,2,log-distance,47,48,veh9,veh5,2,0,1,836.954,0,8.60268,7.02512,nan,nan,0,0.018,0.022,0.0196667
juelich_pilot_d30_r2_log_distance_s02_w1,juelich,12345,2,2,log-distance,47,48,veh9,veh6,2,2,0,203.66,1,8.60268,6.45256,-72.8551,24.1212,2,0.018,0.018,0.0196667
juelich_pilot_d30_r2_log_distance_s02_w1,juelich,12345,2,2,log-distance,47,48,veh9,veh7,2,0,1,828.783,0,8.60268,11.1738,nan,nan,0,0.018,0.022,0.0196667
juelich_pilot_d30_r2_log_distance_s02_w1,juelich,12345,2,2,log-distance,47,48,veh9,veh8,2,0,1,958.849,0,8.60268,7.00168,nan,nan,0,0.018,0.018,0.0196667
juelich_pilot_d30_r2_log_distance_s02_w1,juelich,12345,2,2,log-distance,48,49,veh0,veh1,2,0,1,627.101,0,13.4583,8.32089,nan,nan,0,0.026,0.019,0.0187895
juelich_pilot_d30_r2_log_distance_s02_w1,juelich,12345,2,2,log-distance,48,49,veh0,veh10,2,2,0,484.147,1,13.4583,8.64495,-80.3772,16.5991,2,0.026,0.019,0.0187895
juelich_pilot_d30_r2_log_distance_s02_w1,juelich,12345,2,2,log-distance,48,49,veh0,veh11,2,0,1,599.424,0,13.4583,5.55364,nan,nan,0,0.026,0.019,0.0187895
juelich_pilot_d30_r2_log_distance_s02_w1,juelich,12345,2,2,log-distance,48,49,veh0,veh12,2,2,0,438.744,1,13.4583,8.61314,-79.5219,17.4544,2,0.026,0.019,0.0187895
juelich_pilot_d30_r2_log_distance_s02_w1,juelich,12345,2,2,log-distance,48,49,veh0,veh13,2,2,0,255.575,1,13.4583,7.62744,-74.8271,22.1492,2,0.026,0.026,0.0187895
juelich_pilot_d30_r2_log_distance_s02_w1,juelich,12345,2,2,log-distance,48,49,veh0,veh14,2,2,0,467.328,1,13.4583,14.9337,-80.0701,16.9062,2,0.026,0.019,0.0187895
juelich_pilot_d30_r2_log_distance_s02_w1,juelich,12345,2,2,log-distance,48,49,veh0,veh15,2,2,0,460.111,1,13.4583,9.18595,-79.9348,17.0415,2,0.026,0.019,0.0187895
juelich_pilot_d30_r2_log_distance_s02_w1,juelich,12345,2,2,log-distance,48,49,veh0,veh17,2,0,1,612.182,0,13.4583,5.09126,nan,nan,0,0.026,0.021,0.0187895
juelich_pilot_d30_r2_log_distance_s02_w1,juelich,12345,2,2,log-distance,48,49,veh0,veh4,2,2,0,390.52,1,13.4583,9.67587,-78.5105,18.4658,2,0.026,0.026,0.0187895
juelich_pilot_d30_r2_log_distance_s02_w1,juelich,12345,2,2,log-distance,48,49,veh0,veh5,2,2,0,529.268,0,13.4583,8.0371,-81.1512,15.8251,2,0.026,0.021,0.0187895
juelich_pilot_d30_r2_log_distance_s02_w1,juelich,12345,2,2,log-distance,48,49,veh0,veh6,2,2,0,466.265,1,13.4583,8.23717,-80.0503,16.926,2,0.026,0.019,0.0187895
juelich_pilot_d30_r2_log_distance_s02_w1,juelich,12345,2,2,log-distance,48,49,veh0,veh7,2,0,1,700.491,0,13.4583,11.2231,nan,nan,0,0.026,0.023,0.0187895
juelich_pilot_d30_r2_log_distance_s02_w1,juelich,12345,2,2,log-distance,48,49,veh0,veh8,2,0,1,964.153,0,13.4583,3.52386,nan,nan,0,0.026,0.017,0.0187895
juelich_pilot_d30_r2_log_distance_s02_w1,juelich,12345,2,2,log-distance,48,49,veh0,veh9,2,2,0,541.905,0,13.4583,8.6753,-81.3561,15.6201,2,0.026,0.021,0.0187895
juelich_pilot_d30_r2_log_distance_s02_w1,juelich,12345,2,2,log-distance,48,49,veh1,veh0,2,0,1,627.101,0,8.32089,13.4583,nan,nan,0,0.019,0.026,0.0187895
juelich_pilot_d30_r2_log_distance_s02_w1,juelich,12345,2,2,log-distance,48,49,veh1,veh10,2,2,0,267.469,1,8.32089,8.64495,-75.2232,21.7531,2,0.019,0.019,0.0187895
juelich_pilot_d30_r2_log_distance_s02_w1,juelich,12345,2,2,log-distance,48,49,veh1,veh11,2,2,0,29.3808,1,8.32089,5.55364,-56.0367,40.9396,2,0.019,0.019,0.0187895
juelich_pilot_d30_r2_log_distance_s02_w1,juelich,12345,2,2,log-distance,48,49,veh1,veh12,2,2,0,560.389,0,8.32089,8.61314,-81.6473,15.3289,2,0.019,0.019,0.0187895
juelich_pilot_d30_r2_log_distance_s02_w1,juelich,12345,2,2,log-distance,48,49,veh1,veh13,2,2,0,389.054,1,8.32089,7.62744,-78.4777,18.4985,2,0.019,0.026,0.0187895
juelich_pilot_d30_r2_log_distance_s02_w1,juelich,12345,2,2,log-distance,48,49,veh1,veh14,2,0,1,653.579,0,8.32089,14.9337,nan,nan,0,0.019,0.019,0.0187895
juelich_pilot_d30_r2_log_distance_s02_w1,juelich,12345,2,2,log-distance,48,49,veh1,veh15,2,0,1,956.615,0,8.32089,9.18595,nan,nan,0,0.019,0.019,0.0187895
juelich_pilot_d30_r2_log_distance_s02_w1,juelich,12345,2,2,log-distance,48,49,veh1,veh17,2,0,1,865.896,0,8.32089,5.09126,nan,nan,0,0.019,0.021,0.0187895
juelich_pilot_d30_r2_log_distance_s02_w1,juelich,12345,2,2,log-distance,48,49,veh1,veh4,2,2,0,249.285,1,8.32089,9.67587,-74.6114,22.3649,2,0.019,0.026,0.0187895
juelich_pilot_d30_r2_log_distance_s02_w1,juelich,12345,2,2,log-distance,48,49,veh1,veh5,2,0,1,876.125,0,8.32089,8.0371,nan,nan,0,0.019,0.021,0.0187895
juelich_pilot_d30_r2_log_distance_s02_w1,juelich,12345,2,2,log-distance,48,49,veh1,veh6,2,2,0,271.52,1,8.32089,8.23717,-75.3533,21.623,2,0.019,0.019,0.0187895
juelich_pilot_d30_r2_log_distance_s02_w1,juelich,12345,2,2,log-distance,48,49,veh1,veh7,2,0,1,837.236,0,8.32089,11.2231,nan,nan,0,0.019,0.023,0.0187895
juelich_pilot_d30_r2_log_distance_s02_w1,juelich,12345,2,2,log-distance,48,49,veh1,veh8,2,0,1,952.621,0,8.32089,3.52386,nan,nan,0,0.019,0.017,0.0187895
juelich_pilot_d30_r2_log_distance_s02_w1,juelich,12345,2,2,log-distance,48,49,veh1,veh9,2,2,0,90.7272,1,8.32089,8.6753,-65.8324,31.1438,2,0.019,0.021,0.0187895
juelich_pilot_d30_r2_log_distance_s02_w1,juelich,12345,2,2,log-distance,48,49,veh10,veh0,2,2,0,484.147,1,8.64495,13.4583,-80.3772,16.5991,2,0.019,0.026,0.0187895
juelich_pilot_d30_r2_log_distance_s02_w1,juelich,12345,2,2,log-distance,48,49,veh10,veh1,2,2,0,267.469,1,8.64495,8.32089,-75.2232,21.7531,2,0.019,0.019,0.0187895
juelich_pilot_d30_r2_log_distance_s02_w1,juelich,12345,2,2,log-distance,48,49,veh10,veh11,2,2,0,241.781,1,8.64495,5.55364,-74.3461,22.6302,2,0.019,0.019,0.0187895
juelich_pilot_d30_r2_log_distance_s02_w1,juelich,12345,2,2,log-distance,48,49,veh10,veh12,2,2,0,293.994,1,8.64495,8.61314,-76.044,20.9323,2,0.019,0.019,0.0187895
juelich_pilot_d30_r2_log_distance_s02_w1,juelich,12345,2,2,log-distance,48,49,veh10,veh13,2,2,0,232.679,1,8.64495,7.62744,-74.0122,22.9641,2,0.019,0.026,0.0187895
juelich_pilot_d30_r2_log_distance_s02_w1,juelich,12345,2,2,log-distance,48,49,veh10,veh14,2,2,0,387.152,1,8.64495,14.9337,-78.4346,18.5417,2,0.019,0.019,0.0187895
juelich_pilot_d30_r2_log_distance_s02_w1,juelich,12345,2,2,log-distance,48,49,veh10,veh15,2,0,1,903.465,0,8.64495,9.18595,nan,nan,0,0.019,0.019,0.0187895
juelich_pilot_d30_r2_log_distance_s02_w1,juelich,12345,2,2,log-distance,48,49,veh10,veh17,2,0,1,913.354,0,8.64495,5.09126,nan,nan,0,0.019,0.021,0.0187895
juelich_pilot_d30_r2_log_distance_s02_w1,juelich,12345,2,2,log-distance,48,49,veh10,veh4,2,2,0,144.74,1,8.64495,9.67587,-69.8884,27.0878,2,0.019,0.026,0.0187895
juelich_pilot_d30_r2_log_distance_s02_w1,juelich,12345,2,2,log-distance,48,49,veh10,veh5,2,0,1,885.906,0,8.64495,8.0371,nan,nan,0,0.019,0.021,0.0187895
juelich_pilot_d30_r2_log_distance_s02_w1,juelich,12345,2,2,log-distance,48,49,veh10,veh6,2,2,0,18.3508,1,8.64495,8.23717,-51.9495,45.0268,2,0.019,0.019,0.0187895
juelich_pilot_d30_r2_log_distance_s02_w1,juelich,12345,2,2,log-distance,48,49,veh10,veh7,2,0,1,928.487,0,8.64495,11.2231,nan,nan,0,0.019,0.023,0.0187895
juelich_pilot_d30_r2_log_distance_s02_w1,juelich,12345,2,2,log-distance,48,49,veh10,veh9,2,2,0,192.131,1,8.64495,8.6753,-72.3497,24.6266,2,0.019,0.021,0.0187895
juelich_pilot_d30_r2_log_distance_s02_w1,juelich,12345,2,2,log-distance,48,49,veh11,veh0,2,0,1,599.424,0,5.55364,13.4583,nan,nan,0,0.019,0.026,0.0187895
juelich_pilot_d30_r2_log_distance_s02_w1,juelich,12345,2,2,log-distance,48,49,veh11,veh1,2,2,0,29.3808,1,5.55364,8.32089,-56.0367,40.9396,2,0.019,0.019,0.0187895
juelich_pilot_d30_r2_log_distance_s02_w1,juelich,12345,2,2,log-distance,48,49,veh11,veh10,2,2,0,241.781,1,5.55364,8.64495,-74.3461,22.6302,2,0.019,0.019,0.0187895
juelich_pilot_d30_r2_log_distance_s02_w1,juelich,12345,2,2,log-distance,48,49,veh11,veh12,2,2,0,533.628,0,5.55364,8.61314,-81.2224,15.7539,2,0.019,0.019,0.0187895
juelich_pilot_d30_r2_log_distance_s02_w1,juelich,12345,2,2,log-distance,48,49,veh11,veh13,2,2,0,360.011,1,5.55364,7.62744,-77.8039,19.1724,2,0.019,0.026,0.0187895
juelich_pilot_d30_r2_log_distance_s02_w1,juelich,12345,2,2,log-distance,48,49,veh11,veh14,2,0,1,626.762,0,5.55364,14.9337,nan,nan,0,0.019,0.019,0.0187895
juelich_pilot_d30_r2_log_distance_s02_w1,juelich,12345,2,2,log-distance,48,49,veh11,veh15,2,0,1,935.37,0,5.55364,9.18595,nan,nan,0,0.019,0.019,0.0187895
juelich_pilot_d30_r2_log_distance_s02_w1,juelich,12345,2,2,log-distance,48,49,veh11,veh17,2,0,1,853.484,0,5.55364,5.09126,nan,nan,0,0.019,0.021,0.0187895
juelich_pilot_d30_r2_log_distance_s02_w1,juelich,12345,2,2,log-distance,48,49,veh11,veh4,2,2,0,220.023,1,5.55364,9.67587,-73.5269,23.4493,2,0.019,0.026,0.0187895
juelich_pilot_d30_r2_log_distance_s02_w1,juelich,12345,2,2,log-distance,48,49,veh11,veh5,2,0,1,859.986,0,5.55364,8.0371,nan,nan,0,0.019,0.021,0.0187895
juelich_pilot_d30_r2_log_distance_s02_w1,juelich,12345,2,2,log-distance,48,49,veh11,veh6,2,2,0,244.907,1,5.55364,8.23717,-74.4574,22.5189,2,0.019,0.019,0.0187895
juelich_pilot_d30_r2_log_distance_s02_w1,juelich,12345,2,2,log-distance,48,49,veh11,veh7,2,0,1,829.653,0,5.55364,11.2231,nan,nan,0,0.019,0.023,0.0187895
juelich_pilot_d30_r2_log_distance_s02_w1,juelich,12345,2,2,log-distance,48,49,veh11,veh8,2,0,1,953.613,0,5.55364,3.52386,nan,nan,0,0.019,0.017,0.0187895
juelich_pilot_d30_r2_log_distance_s02_w1,juelich,12345,2,2,log-distance,48,49,veh11,veh9,2,2,0,61.3482,1,5.55364,8.6753,-62.4331,34.5432,2,0.019,0.021,0.0187895
juelich_pilot_d30_r2_log_distance_s02_w1,juelich,12345,2,2,log-distance,48,49,veh12,veh0,2,0,1,438.744,1,8.61314,13.4583,nan,nan,0,0.019,0.026,0.0187895
juelich_pilot_d30_r2_log_distance_s02_w1,juelich,12345,2,2,log-distance,48,49,veh12,veh1,2,0,1,560.389,0,8.61314,8.32089,nan,nan,0,0.019,0.019,0.0187895
juelich_pilot_d30_r2_log_distance_s02_w1,juelich,12345,2,2,log-distance,48,49,veh12,veh10,2,0,1,293.994,1,8.61314,8.64495,nan,nan,0,0.019,0.019,0.0187895
juelich_pilot_d30_r2_log_distance_s02_w1,juelich,12345,2,2,log-distance,48,49,veh12,veh11,2,0,1,533.628,0,8.61314,5.55364,nan,nan,0,0.019,0.019,0.0187895
juelich_pilot_d30_r2_log_distance_s02_w1,juelich,12345,2,2,log-distance,48,49,veh12,veh13,2,0,1,309.875,1,8.61314,7.62744,nan,nan,0,0.019,0.026,0.0187895
juelich_pilot_d30_r2_log_distance_s02_w1,juelich,12345,2,2,log-distance,48,49,veh12,veh14,2,2,0,93.2787,1,8.61314,14.9337,-66.0717,12.2176,2,0.019,0.019,0.0187895
juelich_pilot_d30_r2_log_distance_s02_w1,juelich,12345,2,2,log-distance,48,49,veh12,veh15,2,0,1,898.527,0,8.61314,9.18595,nan,nan,0,0.019,0.019,0.0187895
juelich_pilot_d30_r2_log_distance_s02_w1,juelich,12345,2,2,log-distance,48,49,veh12,veh4,2,0,1,361.673,1,8.61314,9.67587,nan,nan,0,0.019,0.026,0.0187895
juelich_pilot_d30_r2_log_distance_s02_w1,juelich,12345,2,2,log-distance,48,49,veh12,veh5,2,0,1,951.242,0,8.61314,8.0371,nan,nan,0,0.019,0.021,0.0187895
juelich_pilot_d30_r2_log_distance_s02_w1,juelich,12345,2,2,log-distance,48,49,veh12,veh6,2,0,1,288.87,1,8.61314,8.23717,nan,nan,0,0.019,0.019,0.0187895
juelich_pilot_d30_r2_log_distance_s02_w1,juelich,12345,2,2,log-distance,48,49,veh12,veh9,2,0,1,479.136,1,8.61314,8.6753,nan,nan,0,0.019,0.021,0.0187895
juelich_pilot_d30_r2_log_distance_s02_w1,juelich,12345,2,2,log-distance,48,49,veh13,veh0,2,2,0,255.575,1,7.62744,13.4583,-74.8271,4.61744,2,0.026,0.026,0.0187895
juelich_pilot_d30_r2_log_distance_s02_w1,juelich,12345,2,2,log-distance,48,49,veh13,veh1,2,0,1,389.054,1,7.62744,8.32089,nan,nan,0,0.026,0.019,0.0187895
juelich_pilot_d30_r2_log_distance_s02_w1,juelich,12345,2,2,log-distance,48,49,veh13,veh10,2,0,1,232.679,1,7.62744,8.64495,nan,nan,0,0.026,0.019,0.0187895
juelich_pilot_d30_r2_log_distance_s02_w1,juelich,12345,2,2,log-distance,48,49,veh13,veh11,2,0,1,360.011,1,7.62744,5.55364,nan,nan,0,0.026,0.019,0.0187895
juelich_pilot_d30_r2_log_distance_s02_w1,juelich,12345,2,2,log-distance,48,49,veh13,veh12,2,0,1,309.875,1,7.62744,8.61314,nan,nan,0,0.026,0.019,0.0187895
juelich_pilot_d30_r2_log_distance_s02_w1,juelich,12345,2,2,log-distance,48,49,veh13,veh14,2,0,1,383.314,1,7.62744,14.9337,nan,nan,0,0.026,0.019,0.0187895
juelich_pilot_d30_r2_log_distance_s02_w1,juelich,12345,2,2,log-distance,48,49,veh13,veh15,2,0,1,674.354,0,7.62744,9.18595,nan,nan,0,0.026,0.019,0.0187895
juelich_pilot_d30_r2_log_distance_s02_w1,juelich,12345,2,2,log-distance,48,49,veh13,veh17,2,0,1,722.649,0,7.62744,5.09126,nan,nan,0,0.026,0.021,0.0187895
juelich_pilot_d30_r2_log_distance_s02_w1,juelich,12345,2,2,log-distance,48,49,veh13,veh4,2,2,0,141.152,1,7.62744,9.67587,-69.6712,8.12014,2,0.026,0.026,0.0187895
juelich_pilot_d30_r2_log_distance_s02_w1,juelich,12345,2,2,log-distance,48,49,veh13,veh5,2,0,1,677.233,0,7.62744,8.0371,nan,nan,0,0.026,0.021,0.0187895
juelich_pilot_d30_r2_log_distance_s02_w1,juelich,12345,2,2,log-distance,48,49,veh13,veh6,2,0,1,214.584,1,7.62744,8.23717,nan,nan,0,0.026,0.019,0.0187895
juelich_pilot_d30_r2_log_distance_s02_w1,juelich,12345,2,2,log-distance,48,49,veh13,veh7,2,0,1,764.499,0,7.62744,11.2231,nan,nan,0,0.026,0.023,0.0187895
juelich_pilot_d30_r2_log_distance_s02_w1,juelich,12345,2,2,log-distance,48,49,veh13,veh8,2,0,1,982.212,0,7.62744,3.52386,nan,nan,0,0.026,0.017,0.0187895
juelich_pilot_d30_r2_log_distance_s02_w1,juelich,12345,2,2,log-distance,48,49,veh13,veh9,2,1,0.5,299.428,1,7.62744,8.6753,-76.1315,4.00352,1,0.026,0.021,0.0187895
juelich_pilot_d30_r2_log_distance_s02_w1,juelich,12345,2,2,log-distance,48,49,veh14,veh0,2,2,0,467.328,1,14.9337,13.4583,-80.0701,16.9062,2,0.019,0.026,0.0187895
juelich_pilot_d30_r2_log_distance_s02_w1,juelich,12345,2,2,log-distance,48,49,veh14,veh1,2,0,1,653.579,0,14.9337,8.32089,nan,nan,0,0.019,0.019,0.0187895
juelich_pilot_d30_r2_log_distance_s02_w1,juelich,12345,2,2,log-distance,48,49,veh14,veh10,2,2,0,387.152,1,14.9337,8.64495,-78.4346,18.5417,2,0.019,0.019,0.0187895
juelich_pilot_d30_r2_log_distance_s02_w1,juelich,12345,2,2,log-distance,48,49,veh14,veh11,2,0,1,626.762,0,14.9337,5.55364,nan,nan,0,0.019,0.019,0.0187895
juelich_pilot_d30_r2_log_distance_s02_w1,juelich,12345,2,2,log-distance,48,49,veh14,veh12,2,2,0,93.2787,1,14.9337,8.61314,-66.0717,30.9045,2,0.019,0.019,0.0187895
juelich_pilot_d30_r2_log_distance_s02_w1,juelich,12345,2,2,log-distance,48,49,veh14,veh13,2,2,0,383.314,1,14.9337,7.62744,-78.3485,18.6278,2,0.019,0.026,0.0187895
juelich_pilot_d30_r2_log_distance_s02_w1,juelich,12345,2,2,log-distance,48,49,veh14,veh15,2,0,1,920.295,0,14.9337,9.18595,nan,nan,0,0.019,0.019,0.0187895
juelich_pilot_d30_r2_log_distance_s02_w1,juelich,12345,2,2,log-distance,48,49,veh14,veh4,2,2,0,450.213,1,14.9337,9.67587,-79.746,17.2302,2,0.019,0.026,0.0187895
juelich_pilot_d30_r2_log_distance_s02_w1,juelich,12345,2,2,log-distance,48,49,veh14,veh5,2,0,1,992.602,0,14.9337,8.0371,nan,nan,0,0.019,0.021,0.0187895
juelich_pilot_d30_r2_log_distance_s02_w1,juelich,12345,2,2,log-distance,48,49,veh14,veh6,2,2,0,382.077,1,14.9337,8.23717,-78.3206,18.6557,2,0.019,0.019,0.0187895
juelich_pilot_d30_r2_log_distance_s02_w1,juelich,12345,2,2,log-distance,48,49,veh14,veh9,2,2,0,571.967,0,14.9337,8.6753,-81.8248,15.1515,2,0.019,0.021,0.0187895
juelich_pilot_d30_r2_log_distance_s02_w1,juelich,12345,2,2,log-distance,48,49,veh15,veh0,2,2,0,460.111,1,9.18595,13.4583,-79.9348,17.0415,2,0.019,0.026,0.0187895
juelich_pilot_d30_r2_log_distance_s02_w1,juelich,12345,2,2,log-distance,48,49,veh15,veh1,2,0,1,956.615,0,9.18595,8.32089,nan,nan,0,0.019,0.019,0.0187895
juelich_pilot_d30_r2_log_distance_s02_w1,juelich,12345,2,2,log-distance,48,49,veh15,veh10,2,0,1,903.465,0,9.18595,8.64495,nan,nan,0,0.019,0.019,0.0187895
juelich_pilot_d30_r2_log_distance_s02_w1,juelich,12345,2,2,log-distance,48,49,veh15,veh11,2,0,1,935.37,0,9.18595,5.55364,nan,nan,0,0.019,0.019,0.0187895
juelich_pilot_d30_r2_log_distance_s02_w1,juelich,12345,2,2,log-distance,48,49,veh15,veh12,2,0,1,898.527,0,9.18595,8.61314,nan,nan,0,0.019,0.019,0.0187895
juelich_pilot_d30_r2_log_distance_s02_w1,juelich,12345,2,2,log-distance,48,49,veh15,veh13,2,0,1,674.354,0,9.18595,7.62744,nan,nan,0,0.019,0.026,0.0187895
juelich_pilot_d30_r2_log_distance_s02_w1,juelich,12345,2,2,log-distance,48,49,veh15,veh14,2,0,1,920.295,0,9.18595,14.9337,nan,nan,0,0.019,0.019,0.0187895
juelich_pilot_d30_r2_log_distance_s02_w1,juelich,12345,2,2,log-distance,48,49,veh15,veh16,2,0,1,637.939,0,9.18595,10.6031,nan,nan,0,0.019,0.015,0.0187895
juelich_pilot_d30_r2_log_distance_s02_w1,juelich,12345,2,2,log-distance,48,49,veh15,veh17,2,2,0,344.598,1,9.18595,5.09126,-77.4239,19.5524,2,0.019,0.021,0.0187895
juelich_pilot_d30_r2_log_distance_s02_w1,juelich,12345,2,2,log-distance,48,49,veh15,veh2,2,0,1,994.665,0,9.18595,0,nan,nan,0,0.019,0.013,0.0187895
juelich_pilot_d30_r2_log_distance_s02_w1,juelich,12345,2,2,log-distance,48,49,veh15,veh3,2,0,1,791.774,0,9.18595,12.7576,nan,nan,0,0.019,0.015,0.0187895
juelich_pilot_d30_r2_log_distance_s02_w1,juelich,12345,2,2,log-distance,48,49,veh15,veh4,2,0,1,776.403,0,9.18595,9.67587,nan,nan,0,0.019,0.026,0.0187895
juelich_pilot_d30_r2_log_distance_s02_w1,juelich,12345,2,2,log-distance,48,49,veh15,veh5,2,2,0,219.344,1,9.18595,8.0371,-73.5,23.4762,2,0.019,0.021,0.0187895
juelich_pilot_d30_r2_log_distance_s02_w1,juelich,12345,2,2,log-distance,48,49,veh15,veh6,2,0,1,885.523,0,9.18595,8.23717,nan,nan,0,0.019,0.019,0.0187895
juelich_pilot_d30_r2_log_distance_s02_w1,juelich,12345,2,2,log-distance,48,49,veh15,veh7,2,2,0,492.831,1,9.18595,11.2231,-80.5316,16.4447,2,0.019,0.023,0.0187895
juelich_pilot_d30_r2_log_distance_s02_w1,juelich,12345,2,2,log-distance,48,49,veh15,veh8,2,0,1,776.174,0,9.18595,3.52386,nan,nan,0,0.019,0.017,0.0187895
juelich_pilot_d30_r2_log_distance_s02_w1,juelich,12345,2,2,log-distance,48,49,veh15,veh9,2,0,1,891.902,0,9.18595,8.6753,nan,nan,0,0.019,0.021,0.0187895
juelich_pilot_d30_r2_log_distance_s02_w1,juelich,12345,2,2,log-distance,48,49,veh16,veh15,2,0,1,637.939,0,10.6031,9.18595,nan,nan,0,0.015,0.019,0.0187895
juelich_pilot_d30_r2_log_distance_s02_w1,juelich,12345,2,2,log-distance,48,49,veh16,veh17,2,2,0,567.177,0,10.6031,5.09126,-81.7521,15.2242,2,0.015,0.021,0.0187895
juelich_pilot_d30_r2_log_distance_s02_w1,juelich,12345,2,2,log-distance,48,49,veh16,veh2,2,0,1,648.927,0,10.6031,0,nan,nan,0,0.015,0.013,0.0187895
juelich_pilot_d30_r2_log_distance_s02_w1,juelich,12345,2,2,log-distance,48,49,veh16,veh3,2,2,0,533.159,0,10.6031,12.7576,-81.2147,15.7616,2,0.015,0.015,0.0187895
juelich_pilot_d30_r2_log_distance_s02_w1,juelich,12345,2,2,log-distance,48,49,veh16,veh5,2,2,0,578.878,0,10.6031,8.0371,-81.9294,15.0469,2,0.015,0.021,0.0187895
juelich_pilot_d30_r2_log_distance_s02_w1,juelich,12345,2,2,log-distance,48,49,veh16,veh7,2,0,1,626.34,0,10.6031,11.2231,nan,nan,0,0.015,0.023,0.0187895
juelich_pilot_d30_r2_log_distance_s02_w1,juelich,12345,2,2,log-distance,48,49,veh16,veh8,2,0,1,728.401,0,10.6031,3.52386,nan,nan,0,0.015,0.017,0.0187895
juelich_pilot_d30_r2_log_distance_s02_w1,juelich,12345,2,2,log-distance,48,49,veh17,veh0,2,0,1,612.182,0,5.09126,13.4583,nan,nan,0,0.021,0.026,0.0187895
juelich_pilot_d30_r2_log_distance_s02_w1,juelich,12345,2,2,log-distance,48,49,veh17,veh1,2,0,1,865.896,0,5.09126,8.32089,nan,nan,0,0.021,0.019,0.0187895
juelich_pilot_d30_r2_log_distance_s02_w1,juelich,12345,2,2,log-distance,48,49,veh17,veh10,2,0,1,913.354,0,5.09126,8.64495,nan,nan,0,0.021,0.019,0.0187895
juelich_pilot_d30_r2_log_distance_s02_w1,juelich,12345,2,2,log-distance,48,49,veh17,veh11,2,0,1,853.484,0,5.09126,5.55364,nan,nan,0,0.021,0.019,0.0187895
juelich_pilot_d30_r2_log_distance_s02_w1,juelich,12345,2,2,log-distance,48,49,veh17,veh13,2,0,1,722.649,0,5.09126,7.62744,nan,nan,0,0.021,0.026,0.0187895
juelich_pilot_d30_r2_log_distance_s02_w1,juelich,12345,2,2,log-distance,48,49,veh17,veh15,2,2,0,344.598,1,5.09126,9.18595,-77.4239,19.5524,2,0.021,0.019,0.0187895
juelich_pilot_d30_r2_log_distance_s02_w1,juelich,12345,2,2,log-distance,48,49,veh17,veh16,2,2,0,567.177,0,5.09126,10.6031,-81.7521,15.2242,2,0.021,0.015,0.0187895
juelich_pilot_d30_r2_log_distance_s02_w1,juelich,12345,2,2,log-distance,48,49,veh17,veh2,2,0,1,689.254,0,5.09126,0,nan,nan,0,0.021,0.013,0.0187895
juelich_pilot_d30_r2_log_distance_s02_w1,juelich,12345,2,2,log-distance,48,49,veh17,veh3,2,2,0,483.445,1,5.09126,12.7576,-80.3646,16.6117,2,0.021,0.015,0.0187895
juelich_pilot_d30_r2_log_distance_s02_w1,juelich,12345,2,2,log-distance,48,49,veh17,veh4,2,0,1,769.151,0,5.09126,9.67587,nan,nan,0,0.021,0.026,0.0187895
juelich_pilot_d30_r2_log_distance_s02_w1,juelich,12345,2,2,log-distance,48,49,veh17,veh5,2,2,0,125.725,1,5.09126,8.0371,-68.6646,28.3117,2,0.021,0.021,0.0187895
juelich_pilot_d30_r2_log_distance_s02_w1,juelich,12345,2,2,log-distance,48,49,veh17,veh6,2,0,1,897.658,0,5.09126,8.23717,nan,nan,0,0.021,0.019,0.0187895
juelich_pilot_d30_r2_log_distance_s02_w1,juelich,12345,2,2,log-distance,48,49,veh17,veh7,2,2,0,150.328,1,5.09126,11.2231,-70.2185,26.7578,2,0.021,0.023,0.0187895
juelich_pilot_d30_r2_log_distance_s02_w1,juelich,12345,2,2,log-distance,48,49,veh17,veh8,2,2,0,431.728,1,5.09126,3.52386,-79.3819,17.5944,2,0.021,0.017,0.0187895
juelich_pilot_d30_r2_log_distance_s02_w1,juelich,12345,2,2,log-distance,48,49,veh17,veh9,2,0,1,829.556,0,5.09126,8.6753,nan,nan,0,0.021,0.021,0.0187895
juelich_pilot_d30_r2_log_distance_s02_w1,juelich,12345,2,2,log-distance,48,49,veh2,veh15,2,0,1,994.665,0,0,9.18595,nan,nan,0,0.013,0.019,0.0187895
juelich_pilot_d30_r2_log_distance_s02_w1,juelich,12345,2,2,log-distance,48,49,veh2,veh16,2,0,1,648.927,0,0,10.6031,nan,nan,0,0.013,0.015,0.0187895
juelich_pilot_d30_r2_log_distance_s02_w1,juelich,12345,2,2,log-distance,48,49,veh2,veh17,2,0,1,689.254,0,0,5.09126,nan,nan,0,0.013,0.021,0.0187895
juelich_pilot_d30_r2_log_distance_s02_w1,juelich,12345,2,2,log-distance,48,49,veh2,veh3,2,2,0,206.017,1,0,12.7576,-72.9548,16.5244,2,0.013,0.015,0.0187895
juelich_pilot_d30_r2_log_distance_s02_w1,juelich,12345,2,2,log-distance,48,49,veh2,veh5,2,0,1,800.912,0,0,8.0371,nan,nan,0,0.013,0.021,0.0187895
juelich_pilot_d30_r2_log_distance_s02_w1,juelich,12345,2,2,log-distance,48,49,veh2,veh7,2,0,1,592.726,0,0,11.2231,nan,nan,0,0.013,0.023,0.0187895
juelich_pilot_d30_r2_log_distance_s02_w1,juelich,12345,2,2,log-distance,48,49,veh2,veh8,2,2,0,391.406,1,0,3.52386,-78.5302,10.1348,2,0.013,0.017,0.0187895
juelich_pilot_d30_r2_log_distance_s02_w1,juelich,12345,2,2,log-distance,48,49,veh3,veh15,2,0,1,791.774,0,12.7576,9.18595,nan,nan,0,0.015,0.019,0.0187895
juelich_pilot_d30_r2_log_distance_s02_w1,juelich,12345,2,2,log-distance,48,49,veh3,veh16,2,2,0,533.159,0,12.7576,10.6031,-81.2147,15.7616,2,0.015,0.015,0.0187895
juelich_pilot_d30_r2_log_distance_s02_w1,juelich,12345,2,2,log-distance,48,49,veh3,veh17,2,2,0,483.445,1,12.7576,5.09126,-80.3646,16.6117,2,0.015,0.021,0.0187895
juelich_pilot_d30_r2_log_distance_s02_w1,juelich,12345,2,2,log-distance,48,49,veh3,veh2,2,2,0,206.017,1,12.7576,0,-72.9548,24.0215,2,0.015,0.013,0.0187895
juelich_pilot_d30_r2_log_distance_s02_w1,juelich,12345,2,2,log-distance,48,49,veh3,veh5,2,0,1,595.118,0,12.7576,8.0371,nan,nan,0,0.015,0.021,0.0187895
juelich_pilot_d30_r2_log_distance_s02_w1,juelich,12345,2,2,log-distance,48,49,veh3,veh7,2,2,0,394.12,1,12.7576,11.2231,-78.5903,18.386,2,0.015,0.023,0.0187895
juelich_pilot_d30_r2_log_distance_s02_w1,juelich,12345,2,2,log-distance,48,49,veh3,veh8,2,2,0,259.121,1,12.7576,3.52386,-74.9477,22.0286,2,0.015,0.017,0.0187895
juelich_pilot_d30_r2_log_distance_s02_w1,juelich,12345,2,2,log-distance,48,49,veh4,veh0,2,2,0,390.52,1,9.67587,13.4583,-78.5105,18.4658,2,0.026,0.026,0.0187895
juelich_pilot_d30_r2_log_distance_s02_w1,juelich,12345,2,2,log-distance,48,49,veh4,veh1,2,2,0,249.285,1,9.67587,8.32089,-74.6114,22.3649,2,0.026,0.019,0.0187895
juelich_pilot_d30_r2_log_distance_s02_w1,juelich,12345,2,2,log-distance,48,49,veh4,veh10,2,2,0,144.74,1,9.67587,8.64495,-69.8884,27.0878,2,0.026,0.019,0.0187895
juelich_pilot_d30_r2_log_distance_s02_w1,juelich,12345,2,2,log-distance,48,49,veh4,veh11,2,2,0,220.023,1,9.67587,5.55364,-73.5269,23.4493,2,0.026,0.019,0.0187895
juelich_pilot_d30_r2_log_distance_s02_w1,juelich,12345,2,2,log-distance,48,49,veh4,veh12,2,2,0,361.673,1,9.67587,8.61314,-77.844,19.1323,2,0.026,0.019,0.0187895
juelich_pilot_d30_r2_log_distance_s02_w1,juelich,12345,2,2,log-distance,48,49,veh4,veh13,2,2,0,141.152,1,9.67587,7.62744,-69.6712,27.3051,2,0.026,0.026,0.0187895
juelich_pilot_d30_r2_log_distance_s02_w1,juelich,12345,2,2,log-distance,48,49,veh4,veh14,2,2,0,450.213,1,9.67587,14.9337,-79.746,17.2302,2,0.026,0.019,0.0187895
juelich_pilot_d30_r2_log_distance_s02_w1,juelich,12345,2,2,log-distance,48,49,veh4,veh15,2,0,1,776.403,0,9.67587,9.18595,nan,nan,0,0.026,0.019,0.0187895
juelich_pilot_d30_r2_log_distance_s02_w1,juelich,12345,2,2,log-distance,48,49,veh4,veh17,2,0,1,769.151,0,9.67587,5.09126,nan,nan,0,0.026,0.021,0.0187895
juelich_pilot_d30_r2_log_distance_s02_w1,juelich,12345,2,2,log-distance,48,49,veh4,veh5,2,0,1,745.125,0,9.67587,8.0371,nan,nan,0,0.026,0.021,0.0187895
juelich_pilot_d30_r2_log_distance_s02_w1,juelich,12345,2,2,log-distance,48,49,veh4,veh6,2,2,0,130.125,1,9.67587,8.23717,-68.9649,28.0114,2,0.026,0.019,0.0187895
juelich_pilot_d30_r2_log_distance_s02_w1,juelich,12345,2,2,log-distance,48,49,veh4,veh7,2,0,1,784.376,0,9.67587,11.2231,nan,nan,0,0.026,0.023,0.0187895
juelich_pilot_d30_r2_log_distance_s02_w1,juelich,12345,2,2,log-distance,48,49,veh4,veh8,2,0,1,968.747,0,9.67587,3.52386,nan,nan,0,0.026,0.017,0.0187895
juelich_pilot_d30_r2_log_distance_s02_w1,juelich,12345,2,2,log-distance,48,49,veh4,veh9,2,2,0,158.966,1,9.67587,8.6753,-70.7033,26.273,2,0.026,0.021,0.0187895
juelich_pilot_d30_r2_log_distance_s02_w1,juelich,12345,2,2,log-distance,48,49,veh5,veh0,2,2,0,529.268,0,8.0371,13.4583,-81.1512,10.327,2,0.021,0.026,0.0187895
juelich_pilot_d30_r2_log_distance_s02_w1,juelich,12345,2,2,log-distance,48,49,veh5,veh1,2,0,1,876.125,0,8.0371,8.32089,nan,nan,0,0.021,0.019,0.0187895
juelich_pilot_d30_r2_log_distance_s02_w1,juelich,12345,2,2,log-distance,48,49,veh5,veh10,2,0,1,885.906,0,8.0371,8.64495,nan,nan,0,0.021,0.019,0.0187895
juelich_pilot_d30_r2_log_distance_s02_w1,juelich,12345,2,2,log-distance,48,49,veh5,veh11,2,0,1,859.986,0,8.0371,5.55364,nan,nan,0,0.021,0.019,0.0187895
juelich_pilot_d30_r2_log_distance_s02_w1,juelich,12345,2,2,log-distance,48,49,veh5,veh12,2,0,1,951.242,0,8.0371,8.61314,nan,nan,0,0.021,0.019,0.0187895
juelich_pilot_d30_r2_log_distance_s02_w1,juelich,12345,2,2,log-distance,48,49,veh5,veh13,2,0,1,677.233,0,8.0371,7.62744,nan,nan,0,0.021,0.026,0.0187895
juelich_pilot_d30_r2_log_distance_s02_w1,juelich,12345,2,2,log-distance,48,49,veh5,veh14,2,0,1,992.602,0,8.0371,14.9337,nan,nan,0,0.021,0.019,0.0187895
juelich_pilot_d30_r2_log_distance_s02_w1,juelich,12345,2,2,log-distance,48,49,veh5,veh15,2,2,0,219.344,1,8.0371,9.18595,-73.5,17.1053,2,0.021,0.019,0.0187895
juelich_pilot_d30_r2_log_distance_s02_w1,juelich,12345,2,2,log-distance,48,49,veh5,veh16,2,1,0.5,578.878,0,8.0371,10.6031,-81.9151,15.0612,1,0.021,0.015,0.0187895
juelich_pilot_d30_r2_log_distance_s02_w1,juelich,12345,2,2,log-distance,48,49,veh5,veh17,2,2,0,125.725,1,8.0371,5.09126,-68.6646,19.4638,2,0.021,0.021,0.0187895
juelich_pilot_d30_r2_log_distance_s02_w1,juelich,12345,2,2,log-distance,48,49,veh5,veh2,2,0,1,800.912,0,8.0371,0,nan,nan,0,0.021,0.013,0.0187895
juelich_pilot_d30_r2_log_distance_s02_w1,juelich,12345,2,2,log-distance,48,49,veh5,veh3,2,0,1,595.118,0,8.0371,12.7576,nan,nan,0,0.021,0.015,0.0187895
juelich_pilot_d30_r2_log_distance_s02_w1,juelich,12345,2,2,log-distance,48,49,veh5,veh4,2,0,1,745.125,0,8.0371,9.67587,nan,nan,0,0.021,0.026,0.0187895
juelich_pilot_d30_r2_log_distance_s02_w1,juelich,12345,2,2,log-distance,48,49,veh5,veh6,2,0,1,869.112,0,8.0371,8.23717,nan,nan,0,0.021,0.019,0.0187895
juelich_pilot_d30_r2_log_distance_s02_w1,juelich,12345,2,2,log-distance,48,49,veh5,veh7,2,1,0.5,273.582,1,8.0371,11.2231,-75.34,21.6363,1,0.021,0.023,0.0187895
juelich_pilot_d30_r2_log_distance_s02_w1,juelich,12345,2,2,log-distance,48,49,veh5,veh8,2,1,0.5,557.411,0,8.0371,3.52386,-81.5857,15.3906,1,0.021,0.017,0.0187895
juelich_pilot_d30_r2_log_distance_s02_w1,juelich,12345,2,2,log-distance,48,49,veh5,veh9,2,0,1,827.922,0,8.0371,8.6753,nan,nan,0,0.021,0.021,0.0187895
juelich_pilot_d30_r2_log_distance_s02_w1,juelich,12345,2,2,log-distance,48,49,veh6,veh0,2,2,0,466.265,1,8.23717,13.4583,-80.0503,16.926,2,0.019,0.026,0.0187895
juelich_pilot_d30_r2_log_distance_s02_w1,juelich,12345,2,2,log-distance,48,49,veh6,veh1,2,2,0,271.52,1,8.23717,8.32089,-75.3533,21.623,2,0.019,0.019,0.0187895
juelich_pilot_d30_r2_log_distance_s02_w1,juelich,12345,2,2,log-distance,48,49,veh6,veh10,2,2,0,18.3508,1,8.23717,8.64495,-51.9495,45.0268,2,0.019,0.019,0.0187895
juelich_pilot_d30_r2_log_distance_s02_w1,juelich,12345,2,2,log-distance,48,49,veh6,veh11,2,2,0,244.907,1,8.23717,5.55364,-74.4574,22.5189,2,0.019,0.019,0.0187895
juelich_pilot_d30_r2_log_distance_s02_w1,juelich,12345,2,2,log-distance,48,49,veh6,veh12,2,2,0,288.87,1,8.23717,8.61314,-75.8917,21.0845,2,0.019,0.019,0.0187895
juelich_pilot_d30_r2_log_distance_s02_w1,juelich,12345,2,2,log-distance,48,49,veh6,veh13,2,2,0,214.584,1,8.23717,7.62744,-73.3087,23.6675,2,0.019,0.026,0.0187895
juelich_pilot_d30_r2_log_distance_s02_w1,juelich,12345,2,2,log-distance,48,49,veh6,veh14,2,2,0,382.077,1,8.23717,14.9337,-78.3206,18.6557,2,0.019,0.019,0.0187895
juelich_pilot_d30_r2_log_distance_s02_w1,juelich,12345,2,2,log-distance,48,49,veh6,veh15,2,0,1,885.523,0,8.23717,9.18595,nan,nan,0,0.019,0.019,0.0187895
juelich_pilot_d30_r2_log_distance_s02_w1,juelich,12345,2,2,log-distance,48,49,veh6,veh17,2,0,1,897.658,0,8.23717,5.09126,nan,nan,0,0.019,0.021,0.0187895
juelich_pilot_d30_r2_log_distance_s02_w1,juelich,12345,2,2,log-distance,48,49,veh6,veh4,2,2,0,130.125,1,8.23717,9.67587,-68.9649,28.0114,2,0.019,0.026,0.0187895
juelich_pilot_d30_r2_log_distance_s02_w1,juelich,12345,2,2,log-distance,48,49,veh6,veh5,2,0,1,869.112,0,8.23717,8.0371,nan,nan,0,0.019,0.021,0.0187895
juelich_pilot_d30_r2_log_distance_s02_w1,juelich,12345,2,2,log-distance,48,49,veh6,veh7,2,0,1,914.474,0,8.23717,11.2231,nan,nan,0,0.019,0.023,0.0187895
juelich_pilot_d30_r2_log_distance_s02_w1,juelich,12345,2,2,log-distance,48,49,veh6,veh9,2,2,0,192.426,1,8.23717,8.6753,-72.3619,24.6143,2,0.019,0.021,0.0187895
juelich_pilot_d30_r2_log_distance_s02_w1,juelich,12345,2,2,log-distance,48,49,veh7,veh0,2,0,1,700.491,0,11.2231,13.4583,nan,nan,0,0.023,0.026,0.0187895
juelich_pilot_d30_r2_log_distance_s02_w1,juelich,12345,2,2,log-distance,48,49,veh7,veh1,2,0,1,837.236,0,11.2231,8.32089,nan,nan,0,0.023,0.019,0.0187895
juelich_pilot_d30_r2_log_distance_s02_w1,juelich,12345,2,2,log-distance,48,49,veh7,veh10,2,0,1,928.487,0,11.2231,8.64495,nan,nan,0,0.023,0.019,0.0187895
juelich_pilot_d30_r2_log_distance_s02_w1,juelich,12345,2,2,log-distance,48,49,veh7,veh11,2,0,1,829.653,0,11.2231,5.55364,nan,nan,0,0.023,0.019,0.0187895
juelich_pilot_d30_r2_log_distance_s02_w1,juelich,12345,2,2,log-distance,48,49,veh7,veh13,2,0,1,764.499,0,11.2231,7.62744,nan,nan,0,0.023,0.026,0.0187895
juelich_pilot_d30_r2_log_distance_s02_w1,juelich,12345,2,2,log-distance,48,49,veh7,veh15,2,2,0,492.831,1,11.2231,9.18595,-80.5316,16.4447,2,0.023,0.019,0.0187895
juelich_pilot_d30_r2_log_distance_s02_w1,juelich,12345,2,2,log-distance,48,49,veh7,veh16,2,0,1,626.34,0,11.2231,10.6031,nan,nan,0,0.023,0.015,0.0187895
juelich_pilot_d30_r2_log_distance_s02_w1,juelich,12345,2,2,log-distance,48,49,veh7,veh17,2,2,0,150.328,1,11.2231,5.09126,-70.2185,26.7578,2,0.023,0.021,0.0187895
juelich_pilot_d30_r2_log_distance_s02_w1,juelich,12345,2,2,log-distance,48,49,veh7,veh2,2,0,1,592.726,0,11.2231,0,nan,nan,0,0.023,0.013,0.0187895
juelich_pilot_d30_r2_log_distance_s02_w1,juelich,12345,2,2,log-distance,48,49,veh7,veh3,2,2,0,394.12,1,11.2231,12.7576,-78.5903,18.386,2,0.023,0.015,0.0187895
juelich_pilot_d30_r2_log_distance_s02_w1,juelich,12345,2,2,log-distance,48,49,veh7,veh4,2,0,1,784.376,0,11.2231,9.67587,nan,nan,0,0.023,0.026,0.0187895
juelich_pilot_d30_r2_log_distance_s02_w1,juelich,12345,2,2,log-distance,48,49,veh7,veh5,2,2,0,273.582,1,11.2231,8.0371,-75.4191,21.5572,2,0.023,0.021,0.0187895
juelich_pilot_d30_r2_log_distance_s02_w1,juelich,12345,2,2,log-distance,48,49,veh7,veh6,2,0,1,914.474,0,11.2231,8.23717,nan,nan,0,0.023,0.019,0.0187895
juelich_pilot_d30_r2_log_distance_s02_w1,juelich,12345,2,2,log-distance,48,49,veh7,veh8,2,2,0,287.92,1,11.2231,3.52386,-75.863,21.1133,2,0.023,0.017,0.0187895
juelich_pilot_d30_r2_log_distance_s02_w1,juelich,12345,2,2,log-distance,48,49,veh7,veh9,2,0,1,816.195,0,11.2231,8.6753,nan,nan,0,0.023,0.021,0.0187895
juelich_pilot_d30_r2_log_distance_s02_w1,juelich,12345,2,2,log-distance,48,49,veh8,veh0,2,0,1,964.153,0,3.52386,13.4583,nan,nan,0,0.017,0.026,0.0187895
juelich_pilot_d30_r2_log_distance_s02_w1,juelich,12345,2,2,log-distance,48,49,veh8,veh1,2,0,1,952.621,0,3.52386,8.32089,nan,nan,0,0.017,0.019,0.0187895
juelich_pilot_d30_r2_log_distance_s02_w1,juelich,12345,2,2,log-distance,48,49,veh8,veh11,2,0,1,953.613,0,3.52386,5.55364,nan,nan,0,0.017,0.019,0.0187895
juelich_pilot_d30_r2_log_distance_s02_w1,juelich,12345,2,2,log-distance,48,49,veh8,veh13,2,0,1,982.212,0,3.52386,7.62744,nan,nan,0,0.017,0.026,0.0187895
juelich_pilot_d30_r2_log_distance_s02_w1,juelich,12345,2,2,log-distance,48,49,veh8,veh15,2,0,1,776.174,0,3.52386,9.18595,nan,nan,0,0.017,0.019,0.0187895
juelich_pilot_d30_r2_log_distance_s02_w1,juelich,12345,2,2,log-distance,48,49,veh8,veh16,2,0,1,728.401,0,3.52386,10.6031,nan,nan,0,0.017,0.015,0.0187895
juelich_pilot_d30_r2_log_distance_s02_w1,juelich,12345,2,2,log-distance,48,49,veh8,veh17,2,1,0.5,431.728,1,3.52386,5.09126,-79.4086,17.5676,1,0.017,0.021,0.0187895
juelich_pilot_d30_r2_log_distance_s02_w1,juelich,12345,2,2,log-distance,48,49,veh8,veh2,2,2,0,391.406,1,3.52386,0,-78.5302,12.2103,2,0.017,0.013,0.0187895
juelich_pilot_d30_r2_log_distance_s02_w1,juelich,12345,2,2,log-distance,48,49,veh8,veh3,2,2,0,259.121,1,3.52386,12.7576,-74.9477,14.5823,2,0.017,0.015,0.0187895
juelich_pilot_d30_r2_log_distance_s02_w1,juelich,12345,2,2,log-distance,48,49,veh8,veh4,2,0,1,968.747,0,3.52386,9.67587,nan,nan,0,0.017,0.026,0.0187895
juelich_pilot_d30_r2_log_distance_s02_w1,juelich,12345,2,2,log-distance,48,49,veh8,veh5,2,1,0.5,557.411,0,3.52386,8.0371,-81.5857,15.3906,1,0.017,0.021,0.0187895
juelich_pilot_d30_r2_log_distance_s02_w1,juelich,12345,2,2,log-distance,48,49,veh8,veh7,2,1,0.5,287.92,1,3.52386,11.2231,-75.9197,21.0566,1,0.017,0.023,0.0187895
juelich_pilot_d30_r2_log_distance_s02_w1,juelich,12345,2,2,log-distance,48,49,veh8,veh9,2,0,1,957.774,0,3.52386,8.6753,nan,nan,0,0.017,0.021,0.0187895
juelich_pilot_d30_r2_log_distance_s02_w1,juelich,12345,2,2,log-distance,48,49,veh9,veh0,2,2,0,541.905,0,8.6753,13.4583,-81.3561,15.6201,2,0.021,0.026,0.0187895
juelich_pilot_d30_r2_log_distance_s02_w1,juelich,12345,2,2,log-distance,48,49,veh9,veh1,2,2,0,90.7272,1,8.6753,8.32089,-65.8324,31.1438,2,0.021,0.019,0.0187895
juelich_pilot_d30_r2_log_distance_s02_w1,juelich,12345,2,2,log-distance,48,49,veh9,veh10,2,2,0,192.131,1,8.6753,8.64495,-72.3497,24.6266,2,0.021,0.019,0.0187895
juelich_pilot_d30_r2_log_distance_s02_w1,juelich,12345,2,2,log-distance,48,49,veh9,veh11,2,2,0,61.3482,1,8.6753,5.55364,-62.4331,34.5432,2,0.021,0.019,0.0187895
juelich_pilot_d30_r2_log_distance_s02_w1,juelich,12345,2,2,log-distance,48,49,veh9,veh12,2,2,0,479.136,1,8.6753,8.61314,-80.2867,16.6896,2,0.021,0.019,0.0187895
juelich_pilot_d30_r2_log_distance_s02_w1,juelich,12345,2,2,log-distance,48,49,veh9,veh13,2,2,0,299.428,1,8.6753,7.62744,-76.2032,20.773,2,0.021,0.026,0.0187895
juelich_pilot_d30_r2_log_distance_s02_w1,juelich,12345,2,2,log-distance,48,49,veh9,veh14,2,2,0,571.967,0,8.6753,14.9337,-81.8248,15.1515,2,0.021,0.019,0.0187895
juelich_pilot_d30_r2_log_distance_s02_w1,juelich,12345,2,2,log-distance,48,49,veh9,veh15,2,0,1,891.902,0,8.6753,9.18595,nan,nan,0,0.021,0.019,0.0187895
juelich_pilot_d30_r2_log_distance_s02_w1,juelich,12345,2,2,log-distance,48,49,veh9,veh17,2,0,1,829.556,0,8.6753,5.09126,nan,nan,0,0.021,0.021,0.0187895
juelich_pilot_d30_r2_log_distance_s02_w1,juelich,12345,2,2,log-distance,48,49,veh9,veh4,2,2,0,158.966,1,8.6753,9.67587,-70.7033,26.273,2,0.021,0.026,0.0187895
juelich_pilot_d30_r2_log_distance_s02_w1,juelich,12345,2,2,log-distance,48,49,veh9,veh5,2,0,1,827.922,0,8.6753,8.0371,nan,nan,0,0.021,0.021,0.0187895
juelich_pilot_d30_r2_log_distance_s02_w1,juelich,12345,2,2,log-distance,48,49,veh9,veh6,2,2,0,192.426,1,8.6753,8.23717,-72.3619,24.6143,2,0.021,0.019,0.0187895
juelich_pilot_d30_r2_log_distance_s02_w1,juelich,12345,2,2,log-distance,48,49,veh9,veh7,2,0,1,816.195,0,8.6753,11.2231,nan,nan,0,0.021,0.023,0.0187895
juelich_pilot_d30_r2_log_distance_s02_w1,juelich,12345,2,2,log-distance,48,49,veh9,veh8,2,0,1,957.774,0,8.6753,3.52386,nan,nan,0,0.021,0.017,0.0187895
juelich_pilot_d30_r2_log_distance_s02_w1,juelich,12345,2,2,log-distance,49,50,veh0,veh1,2,0,1,631.923,0,13.4638,8.33239,nan,nan,0,0.028,0.02,0.0217895
juelich_pilot_d30_r2_log_distance_s02_w1,juelich,12345,2,2,log-distance,49,50,veh0,veh10,2,2,0,488.71,1,13.4638,6.46376,-80.4587,16.5176,2,0.028,0.019,0.0217895
juelich_pilot_d30_r2_log_distance_s02_w1,juelich,12345,2,2,log-distance,49,50,veh0,veh11,2,0,1,605.814,0,13.4638,7.20358,nan,nan,0,0.028,0.021,0.0217895
juelich_pilot_d30_r2_log_distance_s02_w1,juelich,12345,2,2,log-distance,49,50,veh0,veh12,2,2,0,433.637,1,13.4638,8.61912,-79.4202,17.5561,2,0.028,0.019,0.0217895
juelich_pilot_d30_r2_log_distance_s02_w1,juelich,12345,2,2,log-distance,49,50,veh0,veh13,2,2,0,270.874,1,13.4638,7.55472,-75.3322,21.6441,2,0.028,0.028,0.0217895
juelich_pilot_d30_r2_log_distance_s02_w1,juelich,12345,2,2,log-distance,49,50,veh0,veh14,2,2,0,470.66,1,13.4638,14.9691,-80.1318,16.8445,2,0.028,0.018,0.0217895
juelich_pilot_d30_r2_log_distance_s02_w1,juelich,12345,2,2,log-distance,49,50,veh0,veh15,2,2,0,448.301,1,13.4638,9.21604,-79.7089,17.2674,2,0.028,0.021,0.0217895
juelich_pilot_d30_r2_log_distance_s02_w1,juelich,12345,2,2,log-distance,49,50,veh0,veh17,2,0,1,610.841,0,13.4638,7.30174,nan,nan,0,0.028,0.025,0.0217895
juelich_pilot_d30_r2_log_distance_s02_w1,juelich,12345,2,2,log-distance,49,50,veh0,veh18,2,0,1,648.33,0,13.4638,1.51583,nan,nan,0,0.028,0.023,0.0217895
juelich_pilot_d30_r2_log_distance_s02_w1,juelich,12345,2,2,log-distance,49,50,veh0,veh4,2,2,0,397.642,1,13.4638,11.3771,-78.6675,18.3088,2,0.028,0.028,0.0217895
juelich_pilot_d30_r2_log_distance_s02_w1,juelich,12345,2,2,log-distance,49,50,veh0,veh5,2,2,0,528.888,0,13.4638,8.0518,-81.145,15.8313,2,0.028,0.025,0.0217895
juelich_pilot_d30_r2_log_distance_s02_w1,juelich,12345,2,2,log-distance,49,50,veh0,veh6,2,2,0,470.11,1,13.4638,10.1344,-80.1217,16.8546,2,0.028,0.019,0.0217895
juelich_pilot_d30_r2_log_distance_s02_w1,juelich,12345,2,2,log-distance,49,50,veh0,veh7,2,0,1,698.157,0,13.4638,11.1611,nan,nan,0,0.028,0.028,0.0217895
juelich_pilot_d30_r2_log_distance_s02_w1,juelich,12345,2,2,log-distance,49,50,veh0,veh8,2,0,1,973.365,0,13.4638,2.39886,nan,nan,0,0.028,0.019,0.0217895
juelich_pilot_d30_r2_log_distance_s02_w1,juelich,12345,2,2,log-distance,49,50,veh0,veh9,2,2,0,546.312,0,13.4638,8.68851,-81.4265,15.5498,2,0.028,0.024,0.0217895
juelich_pilot_d30_r2_log_distance_s02_w1,juelich,12345,2,2,log-distance,49,50,veh1,veh0,2,0,1,631.923,0,8.33239,13.4638,nan,nan,0,0.02,0.028,0.0217895
juelich_pilot_d30_r2_log_distance_s02_w1,juelich,12345,2,2,log-distance,49,50,veh1,veh10,2,2,0,266.346,1,8.33239,6.46376,-75.1866,21.7897,2,0.02,0.019,0.0217895
juelich_pilot_d30_r2_log_distance_s02_w1,juelich,12345,2,2,log-distance,49,50,veh1,veh11,2,2,0,27.6452,1,8.33239,7.20358,-55.5097,41.4666,2,0.02,0.021,0.0217895
juelich_pilot_d30_r2_log_distance_s02_w1,juelich,12345,2,2,log-distance,49,50,veh1,veh12,2,2,0,547.441,0,8.33239,8.61912,-81.4443,15.532,2,0.02,0.019,0.0217895
juelich_pilot_d30_r2_log_distance_s02_w1,juelich,12345,2,2,log-distance,49,50,veh1,veh13,2,2,0,379.778,1,8.33239,7.55472,-78.2681,18.7081,2,0.02,0.028,0.0217895
juelich_pilot_d30_r2_log_distance_s02_w1,juelich,12345,2,2,log-distance,49,50,veh1,veh14,2,0,1,633.811,0,8.33239,14.9691,nan,nan,0,0.02,0.018,0.0217895
juelich_pilot_d30_r2_log_distance_s02_w1,juelich,12345,2,2,log-distance,49,50,veh1,veh15,2,0,1,942.006,0,8.33239,9.21604,nan,nan,0,0.02,0.021,0.0217895
juelich_pilot_d30_r2_log_distance_s02_w1,juelich,12345,2,2,log-distance,49,50,veh1,veh17,2,0,1,857.478,0,8.33239,7.30174,nan,nan,0,0.02,0.025,0.0217895
juelich_pilot_d30_r2_log_distance_s02_w1,juelich,12345,2,2,log-distance,49,50,veh1,veh18,2,0,1,867.099,0,8.33239,1.51583,nan,nan,0,0.02,0.023,0.0217895
juelich_pilot_d30_r2_log_distance_s02_w1,juelich,12345,2,2,log-distance,49,50,veh1,veh4,2,2,0,242.183,1,8.33239,11.3771,-74.3604,22.6159,2,0.02,0.028,0.0217895
juelich_pilot_d30_r2_log_distance_s02_w1,juelich,12345,2,2,log-distance,49,50,veh1,veh5,2,0,1,864.336,0,8.33239,8.0518,nan,nan,0,0.02,0.025,0.0217895
juelich_pilot_d30_r2_log_distance_s02_w1,juelich,12345,2,2,log-distance,49,50,veh1,veh6,2,2,0,260.213,1,8.33239,10.1344,-74.9837,21.9926,2,0.02,0.019,0.0217895
juelich_pilot_d30_r2_log_distance_s02_w1,juelich,12345,2,2,log-distance,49,50,veh1,veh7,2,0,1,824.216,0,8.33239,11.1611,nan,nan,0,0.02,0.028,0.0217895
juelich_pilot_d30_r2_log_distance_s02_w1,juelich,12345,2,2,log-distance,49,50,veh1,veh8,2,0,1,951.678,0,8.33239,2.39886,nan,nan,0,0.02,0.019,0.0217895
juelich_pilot_d30_r2_log_distance_s02_w1,juelich,12345,2,2,log-distance,49,50,veh1,veh9,2,2,0,91.0375,1,8.33239,8.68851,-65.8621,31.1142,2,0.02,0.024,0.0217895
juelich_pilot_d30_r2_log_distance_s02_w1,juelich,12345,2,2,log-distance,49,50,veh10,veh0,2,2,0,488.71,1,6.46376,13.4638,-80.4587,16.5176,2,0.019,0.028,0.0217895
juelich_pilot_d30_r2_log_distance_s02_w1,juelich,12345,2,2,log-distance,49,50,veh10,veh1,2,2,0,266.346,1,6.46376,8.33239,-75.1866,21.7897,2,0.019,0.02,0.0217895
juelich_pilot_d30_r2_log_distance_s02_w1,juelich,12345,2,2,log-distance,49,50,veh10,veh11,2,2,0,242.234,1,6.46376,7.20358,-74.3624,22.6139,2,0.019,0.021,0.0217895
juelich_pilot_d30_r2_log_distance_s02_w1,juelich,12345,2,2,log-distance,49,50,veh10,veh12,2,2,0,282.47,1,6.46376,8.61912,-75.6967,21.2796,2,0.019,0.019,0.0217895
juelich_pilot_d30_r2_log_distance_s02_w1,juelich,12345,2,2,log-distance,49,50,veh10,veh13,2,2,0,222.252,1,6.46376,7.55472,-73.614,23.3623,2,0.019,0.028,0.0217895
juelich_pilot_d30_r2_log_distance_s02_w1,juelich,12345,2,2,log-distance,49,50,veh10,veh14,2,2,0,368.062,1,6.46376,14.9691,-77.9954,18.9809,2,0.019,0.018,0.0217895
juelich_pilot_d30_r2_log_distance_s02_w1,juelich,12345,2,2,log-distance,49,50,veh10,veh15,2,0,1,890.613,0,6.46376,9.21604,nan,nan,0,0.019,0.021,0.0217895
juelich_pilot_d30_r2_log_distance_s02_w1,juelich,12345,2,2,log-distance,49,50,veh10,veh17,2,0,1,906.4,0,6.46376,7.30174,nan,nan,0,0.019,0.025,0.0217895
juelich_pilot_d30_r2_log_distance_s02_w1,juelich,12345,2,2,log-distance,49,50,veh10,veh18,2,0,1,927.869,0,6.46376,1.51583,nan,nan,0,0.019,0.023,0.0217895
juelich_pilot_d30_r2_log_distance_s02_w1,juelich,12345,2,2,log-distance,49,50,veh10,veh4,2,2,0,154.75,1,6.46376,11.3771,-70.4689,26.5073,2,0.019,0.028,0.0217895
juelich_pilot_d30_r2_log_distance_s02_w1,juelich,12345,2,2,log-distance,49,50,veh10,veh5,2,0,1,877.717,0,6.46376,8.0518,nan,nan,0,0.019,0.025,0.0217895
juelich_pilot_d30_r2_log_distance_s02_w1,juelich,12345,2,2,log-distance,49,50,veh10,veh6,2,2,0,23.8629,1,6.46376,10.1344,-54.1971,42.7792,2,0.019,0.019,0.0217895
juelich_pilot_d30_r2_log_distance_s02_w1,juelich,12345,2,2,log-distance,49,50,veh10,veh7,2,0,1,917.298,0,6.46376,11.1611,nan,nan,0,0.019,0.028,0.0217895
juelich_pilot_d30_r2_log_distance_s02_w1,juelich,12345,2,2,log-distance,49,50,veh10,veh9,2,2,0,190.959,1,6.46376,8.68851,-72.2965,24.6798,2,0.019,0.024,0.0217895
juelich_pilot_d30_r2_log_distance_s02_w1,juelich,12345,2,2,log-distance,49,50,veh11,veh0,2,0,1,605.814,0,7.20358,13.4638,nan,nan,0,0.021,0.028,0.0217895
juelich_pilot_d30_r2_log_distance_s02_w1,juelich,12345,2,2,log-distance,49,50,veh11,veh1,2,2,0,27.6452,1,7.20358,8.33239,-55.5097,41.4666,2,0.021,0.02,0.0217895
juelich_pilot_d30_r2_log_distance_s02_w1,juelich,12345,2,2,log-distance,49,50,veh11,veh10,2,2,0,242.234,1,7.20358,6.46376,-74.3624,22.6139,2,0.021,0.019,0.0217895
juelich_pilot_d30_r2_log_distance_s02_w1,juelich,12345,2,2,log-distance,49,50,veh11,veh12,2,2,0,522.229,0,7.20358,8.61912,-81.0348,15.9415,2,0.021,0.019,0.0217895
juelich_pilot_d30_r2_log_distance_s02_w1,juelich,12345,2,2,log-distance,49,50,veh11,veh13,2,2,0,352.367,1,7.20358,7.55472,-77.6175,19.3588,2,0.021,0.028,0.0217895
juelich_pilot_d30_r2_log_distance_s02_w1,juelich,12345,2,2,log-distance,49,50,veh11,veh14,2,0,1,608.844,0,7.20358,14.9691,nan,nan,0,0.021,0.018,0.0217895
juelich_pilot_d30_r2_log_distance_s02_w1,juelich,12345,2,2,log-distance,49,50,veh11,veh15,2,0,1,921.978,0,7.20358,9.21604,nan,nan,0,0.021,0.021,0.0217895
juelich_pilot_d30_r2_log_distance_s02_w1,juelich,12345,2,2,log-distance,49,50,veh11,veh17,2,0,1,845.782,0,7.20358,7.30174,nan,nan,0,0.021,0.025,0.0217895
juelich_pilot_d30_r2_log_distance_s02_w1,juelich,12345,2,2,log-distance,49,50,veh11,veh18,2,0,1,856.649,0,7.20358,1.51583,nan,nan,0,0.021,0.023,0.0217895
juelich_pilot_d30_r2_log_distance_s02_w1,juelich,12345,2,2,log-distance,49,50,veh11,veh4,2,2,0,214.788,1,7.20358,11.3771,-73.3177,23.6586,2,0.021,0.028,0.0217895
juelich_pilot_d30_r2_log_distance_s02_w1,juelich,12345,2,2,log-distance,49,50,veh11,veh5,2,0,1,849.295,0,7.20358,8.0518,nan,nan,0,0.021,0.025,0.0217895
juelich_pilot_d30_r2_log_distance_s02_w1,juelich,12345,2,2,log-distance,49,50,veh11,veh6,2,2,0,234.971,1,7.20358,10.1344,-74.0974,22.8789,2,0.021,0.019,0.0217895
juelich_pilot_d30_r2_log_distance_s02_w1,juelich,12345,2,2,log-distance,49,50,veh11,veh7,2,0,1,817.117,0,7.20358,11.1611,nan,nan,0,0.021,0.028,0.0217895
juelich_pilot_d30_r2_log_distance_s02_w1,juelich,12345,2,2,log-distance,49,50,veh11,veh8,2,0,1,952.791,0,7.20358,2.39886,nan,nan,0,0.021,0.019,0.0217895
juelich_pilot_d30_r2_log_distance_s02_w1,juelich,12345,2,2,log-distance,49,50,veh11,veh9,2,2,0,63.393,1,7.20358,8.68851,-62.7184,34.2579,2,0.021,0.024,0.0217895
juelich_pilot_d30_r2_log_distance_s02_w1,juelich,12345,2,2,log-distance,49,50,veh12,veh0,2,0,1,433.637,1,8.61912,13.4638,nan,nan,0,0.019,0.028,0.0217895
juelich_pilot_d30_r2_log_distance_s02_w1,juelich,12345,2,2,log-distance,49,50,veh12,veh1,2,0,1,547.441,0,8.61912,8.33239,nan,nan,0,0.019,0.02,0.0217895
juelich_pilot_d30_r2_log_distance_s02_w1,juelich,12345,2,2,log-distance,49,50,veh12,veh10,2,0,1,282.47,1,8.61912,6.46376,nan,nan,0,0.019,0.019,0.0217895
juelich_pilot_d30_r2_log_distance_s02_w1,juelich,12345,2,2,log-distance,49,50,veh12,veh11,2,0,1,522.229,0,8.61912,7.20358,nan,nan,0,0.019,0.021,0.0217895
juelich_pilot_d30_r2_log_distance_s02_w1,juelich,12345,2,2,log-distance,49,50,veh12,veh13,2,0,1,294.529,1,8.61912,7.55472,nan,nan,0,0.019,0.028,0.0217895
juelich_pilot_d30_r2_log_distance_s02_w1,juelich,12345,2,2,log-distance,49,50,veh12,veh14,2,2,0,87.4296,1,8.61912,14.9691,-65.5102,12.5091,2,0.019,0.018,0.0217895
juelich_pilot_d30_r2_log_distance_s02_w1,juelich,12345,2,2,log-distance,49,50,veh12,veh15,2,0,1,881.851,0,8.61912,9.21604,nan,nan,0,0.019,0.021,0.0217895
juelich_pilot_d30_r2_log_distance_s02_w1,juelich,12345,2,2,log-distance,49,50,veh12,veh17,1,0,1,995.085,0,8.66486,7.85324,nan,nan,0,0.019,0.025,0.0217895
juelich_pilot_d30_r2_log_distance_s02_w1,juelich,12345,2,2,log-distance,49,50,veh12,veh4,2,0,1,361.531,1,8.61912,11.3771,nan,nan,0,0.019,0.028,0.0217895
juelich_pilot_d30_r2_log_distance_s02_w1,juelich,12345,2,2,log-distance,49,50,veh12,veh5,2,0,1,938.398,0,8.61912,8.0518,nan,nan,0,0.019,0.025,0.0217895
juelich_pilot_d30_r2_log_distance_s02_w1,juelich,12345,2,2,log-distance,49,50,veh12,veh6,2,0,1,287.284,1,8.61912,10.1344,nan,nan,0,0.019,0.019,0.0217895
juelich_pilot_d30_r2_log_distance_s02_w1,juelich,12345,2,2,log-distance,49,50,veh12,veh9,2,0,1,465.721,1,8.61912,8.68851,nan,nan,0,0.019,0.024,0.0217895
juelich_pilot_d30_r2_log_distance_s02_w1,juelich,12345,2,2,log-distance,49,50,veh13,veh0,2,1,0.5,270.874,1,7.55472,13.4638,-75.2096,4.15876,1,0.028,0.028,0.0217895
juelich_pilot_d30_r2_log_distance_s02_w1,juelich,12345,2,2,log-distance,49,50,veh13,veh1,2,0,1,379.778,1,7.55472,8.33239,nan,nan,0,0.028,0.02,0.0217895
juelich_pilot_d30_r2_log_distance_s02_w1,juelich,12345,2,2,log-distance,49,50,veh13,veh10,2,0,1,222.252,1,7.55472,6.46376,nan,nan,0,0.028,0.019,0.0217895
juelich_pilot_d30_r2_log_distance_s02_w1,juelich,12345,2,2,log-distance,49,50,veh13,veh11,2,0,1,352.367,1,7.55472,7.20358,nan,nan,0,0.028,0.021,0.0217895
juelich_pilot_d30_r2_log_distance_s02_w1,juelich,12345,2,2,log-distance,49,50,veh13,veh12,2,0,1,294.529,1,7.55472,8.61912,nan,nan,0,0.028,0.019,0.0217895
juelich_pilot_d30_r2_log_distance_s02_w1,juelich,12345,2,2,log-distance,49,50,veh13,veh14,2,0,1,371.422,1,7.55472,14.9691,nan,nan,0,0.028,0.018,0.0217895
juelich_pilot_d30_r2_log_distance_s02_w1,juelich,12345,2,2,log-distance,49,50,veh13,veh15,2,0,1,671.865,0,7.55472,9.21604,nan,nan,0,0.028,0.021,0.0217895
juelich_pilot_d30_r2_log_distance_s02_w1,juelich,12345,2,2,log-distance,49,50,veh13,veh17,2,0,1,724.11,0,7.55472,7.30174,nan,nan,0,0.028,0.025,0.0217895
juelich_pilot_d30_r2_log_distance_s02_w1,juelich,12345,2,2,log-distance,49,50,veh13,veh18,2,0,1,751.292,0,7.55472,1.51583,nan,nan,0,0.028,0.023,0.0217895
juelich_pilot_d30_r2_log_distance_s02_w1,juelich,12345,2,2,log-distance,49,50,veh13,veh4,2,2,0,137.693,1,7.55472,11.3771,-69.4559,8.33208,2,0.028,0.028,0.0217895
juelich_pilot_d30_r2_log_distance_s02_w1,juelich,12345,2,2,log-distance,49,50,veh13,veh5,2,0,1,679.246,0,7.55472,8.0518,nan,nan,0,0.028,0.025,0.0217895
juelich_pilot_d30_r2_log_distance_s02_w1,juelich,12345,2,2,log-distance,49,50,veh13,veh6,2,0,1,201.834,1,7.55472,10.1344,nan,nan,0,0.028,0.019,0.0217895
juelich_pilot_d30_r2_log_distance_s02_w1,juelich,12345,2,2,log-distance,49,50,veh13,veh7,2,0,1,760.963,0,7.55472,11.1611,nan,nan,0,0.028,0.028,0.0217895
juelich_pilot_d30_r2_log_distance_s02_w1,juelich,12345,2,2,log-distance,49,50,veh13,veh8,2,0,1,988.991,0,7.55472,2.39886,nan,nan,0,0.028,0.019,0.0217895
juelich_pilot_d30_r2_log_distance_s02_w1,juelich,12345,2,2,log-distance,49,50,veh13,veh9,2,2,0,289.59,1,7.55472,8.68851,-75.9131,4.03986,2,0.028,0.024,0.0217895
juelich_pilot_d30_r2_log_distance_s02_w1,juelich,12345,2,2,log-distance,49,50,veh14,veh0,2,2,0,470.66,1,14.9691,13.4638,-80.1318,16.8445,2,0.018,0.028,0.0217895
juelich_pilot_d30_r2_log_distance_s02_w1,juelich,12345,2,2,log-distance,49,50,veh14,veh1,2,0,1,633.811,0,14.9691,8.33239,nan,nan,0,0.018,0.02,0.0217895
juelich_pilot_d30_r2_log_distance_s02_w1,juelich,12345,2,2,log-distance,49,50,veh14,veh10,2,2,0,368.062,1,14.9691,6.46376,-77.9954,18.9809,2,0.018,0.019,0.0217895
juelich_pilot_d30_r2_log_distance_s02_w1,juelich,12345,2,2,log-distance,49,50,veh14,veh11,2,0,1,608.844,0,14.9691,7.20358,nan,nan,0,0.018,0.021,0.0217895
juelich_pilot_d30_r2_log_distance_s02_w1,juelich,12345,2,2,log-distance,49,50,veh14,veh12,2,2,0,87.4296,1,14.9691,8.61912,-65.5102,31.4661,2,0.018,0.019,0.0217895
juelich_pilot_d30_r2_log_distance_s02_w1,juelich,12345,2,2,log-distance,49,50,veh14,veh13,2,2,0,371.422,1,14.9691,7.55472,-78.0748,18.9015,2,0.018,0.028,0.0217895
juelich_pilot_d30_r2_log_distance_s02_w1,juelich,12345,2,2,log-distance,49,50,veh14,veh15,2,0,1,916.172,0,14.9691,9.21604,nan,nan,0,0.018,0.021,0.0217895
juelich_pilot_d30_r2_log_distance_s02_w1,juelich,12345,2,2,log-distance,49,50,veh14,veh4,2,2,0,447.627,1,14.9691,11.3771,-79.696,17.2803,2,0.018,0.028,0.0217895
juelich_pilot_d30_r2_log_distance_s02_w1,juelich,12345,2,2,log-distance,49,50,veh14,veh5,2,0,1,990.061,0,14.9691,8.0518,nan,nan,0,0.018,0.025,0.0217895
juelich_pilot_d30_r2_log_distance_s02_w1,juelich,12345,2,2,log-distance,49,50,veh14,veh6,2,2,0,373.917,1,14.9691,10.1344,-78.1331,18.8432,2,0.018,0.019,0.0217895
juelich_pilot_d30_r2_log_distance_s02_w1,juelich,12345,2,2,log-distance,49,50,veh14,veh9,2,2,0,552.824,0,14.9691,8.68851,-81.5291,15.4472,2,0.018,0.024,0.0217895
juelich_pilot_d30_r2_log_distance_s02_w1,juelich,12345,2,2,log-distance,49,50,veh15,veh0,2,2,0,448.301,1,9.21604,13.4638,-79.7089,17.2674,2,0.021,0.028,0.0217895
juelich_pilot_d30_r2_log_distance_s02_w1,juelich,12345,2,2,log-distance,49,50,veh15,veh1,2,0,1,942.006,0,9.21604,8.33239,nan,nan,0,0.021,0.02,0.0217895
juelich_pilot_d30_r2_log_distance_s02_w1,juelich,12345,2,2,log-distance,49,50,veh15,veh10,2,0,1,890.613,0,9.21604,6.46376,nan,nan,0,0.021,0.019,0.0217895
juelich_pilot_d30_r2_log_distance_s02_w1,juelich,12345,2,2,log-distance,49,50,veh15,veh11,2,0,1,921.978,0,9.21604,7.20358,nan,nan,0,0.021,0.021,0.0217895
juelich_pilot_d30_r2_log_distance_s02_w1,juelich,12345,2,2,log-distance,49,50,veh15,veh12,2,0,1,881.851,0,9.21604,8.61912,nan,nan,0,0.021,0.019,0.0217895
juelich_pilot_d30_r2_log_distance_s02_w1,juelich,12345,2,2,log-distance,49,50,veh15,veh13,2,0,1,671.865,0,9.21604,7.55472,nan,nan,0,0.021,0.028,0.0217895
juelich_pilot_d30_r2_log_distance_s02_w1,juelich,12345,2,2,log-distance,49,50,veh15,veh14,2,0,1,916.172,0,9.21604,14.9691,nan,nan,0,0.021,0.018,0.0217895
juelich_pilot_d30_r2_log_distance_s02_w1,juelich,12345,2,2,log-distance,49,50,veh15,veh16,2,0,1,640.486,0,9.21604,12.6549,nan,nan,0,0.021,0.017,0.0217895
juelich_pilot_d30_r2_log_distance_s02_w1,juelich,12345,2,2,log-distance,49,50,veh15,veh17,2,2,0,340.365,1,9.21604,7.30174,-77.3165,19.6598,2,0.021,0.025,0.0217895
juelich_pilot_d30_r2_log_distance_s02_w1,juelich,12345,2,2,log-distance,49,50,veh15,veh18,2,2,0,382.434,1,9.21604,1.51583,-78.3288,18.6474,2,0.021,0.023,0.0217895
juelich_pilot_d30_r2_log_distance_s02_w1,juelich,12345,2,2,log-distance,49,50,veh15,veh2,2,0,1,997.741,0,9.21604,0,nan,nan,0,0.021,0.015,0.0217895
juelich_pilot_d30_r2_log_distance_s02_w1,juelich,12345,2,2,log-distance,49,50,veh15,veh3,2,0,1,782.576,0,9.21604,12.7346,nan,nan,0,0.021,0.017,0.0217895
juelich_pilot_d30_r2_log_distance_s02_w1,juelich,12345,2,2,log-distance,49,50,veh15,veh4,2,0,1,758.827,0,9.21604,11.3771,nan,nan,0,0.021,0.028,0.0217895
juelich_pilot_d30_r2_log_distance_s02_w1,juelich,12345,2,2,log-distance,49,50,veh15,veh5,2,2,0,222.576,1,9.21604,8.0518,-73.6273,23.349,2,0.021,0.025,0.0217895
juelich_pilot_d30_r2_log_distance_s02_w1,juelich,12345,2,2,log-distance,49,50,veh15,veh6,2,0,1,868.352,0,9.21604,10.1344,nan,nan,0,0.021,0.019,0.0217895
juelich_pilot_d30_r2_log_distance_s02_w1,juelich,12345,2,2,log-distance,49,50,veh15,veh7,2,2,0,488.275,1,9.21604,11.1611,-80.451,16.5253,2,0.021,0.028,0.0217895
juelich_pilot_d30_r2_log_distance_s02_w1,juelich,12345,2,2,log-distance,49,50,veh15,veh8,2,0,1,777.568,0,9.21604,2.39886,nan,nan,0,0.021,0.019,0.0217895
juelich_pilot_d30_r2_log_distance_s02_w1,juelich,12345,2,2,log-distance,49,50,veh15,veh9,2,0,1,877.216,0,9.21604,8.68851,nan,nan,0,0.021,0.024,0.0217895
juelich_pilot_d30_r2_log_distance_s02_w1,juelich,12345,2,2,log-distance,49,50,veh16,veh15,2,0,1,640.486,0,12.6549,9.21604,nan,nan,0,0.017,0.021,0.0217895
juelich_pilot_d30_r2_log_distance_s02_w1,juelich,12345,2,2,log-distance,49,50,veh16,veh17,2,2,0,561.89,0,12.6549,7.30174,-81.6707,15.3056,2,0.017,0.025,0.0217895
juelich_pilot_d30_r2_log_distance_s02_w1,juelich,12345,2,2,log-distance,49,50,veh16,veh18,2,2,0,554.667,0,12.6549,1.51583,-81.5582,15.418,2,0.017,0.023,0.0217895
juelich_pilot_d30_r2_log_distance_s02_w1,juelich,12345,2,2,log-distance,49,50,veh16,veh2,2,0,1,639.803,0,12.6549,0,nan,nan,0,0.017,0.015,0.0217895
juelich_pilot_d30_r2_log_distance_s02_w1,juelich,12345,2,2,log-distance,49,50,veh16,veh3,2,2,0,518.691,0,12.6549,12.7346,-80.9756,16.0006,2,0.017,0.017,0.0217895
juelich_pilot_d30_r2_log_distance_s02_w1,juelich,12345,2,2,log-distance,49,50,veh16,veh5,2,2,0,576.172,0,12.6549,8.0518,-81.8887,15.0875,2,0.017,0.025,0.0217895
juelich_pilot_d30_r2_log_distance_s02_w1,juelich,12345,2,2,log-distance,49,50,veh16,veh7,2,0,1,623.807,0,12.6549,11.1611,nan,nan,0,0.017,0.028,0.0217895
juelich_pilot_d30_r2_log_distance_s02_w1,juelich,12345,2,2,log-distance,49,50,veh16,veh8,2,0,1,719.369,0,12.6549,2.39886,nan,nan,0,0.017,0.019,0.0217895
juelich_pilot_d30_r2_log_distance_s02_w1,juelich,12345,2,2,log-distance,49,50,veh17,veh0,2,0,1,610.841,0,7.30174,13.4638,nan,nan,0,0.025,0.028,0.0217895
juelich_pilot_d30_r2_log_distance_s02_w1,juelich,12345,2,2,log-distance,49,50,veh17,veh1,2,0,1,857.478,0,7.30174,8.33239,nan,nan,0,0.025,0.02,0.0217895
juelich_pilot_d30_r2_log_distance_s02_w1,juelich,12345,2,2,log-distance,49,50,veh17,veh10,2,0,1,906.4,0,7.30174,6.46376,nan,nan,0,0.025,0.019,0.0217895
juelich_pilot_d30_r2_log_distance_s02_w1,juelich,12345,2,2,log-distance,49,50,veh17,veh11,2,0,1,845.782,0,7.30174,7.20358,nan,nan,0,0.025,0.021,0.0217895
juelich_pilot_d30_r2_log_distance_s02_w1,juelich,12345,2,2,log-distance,49,50,veh17,veh12,1,0,1,995.085,0,7.85324,8.66486,nan,nan,0,0.025,0.019,0.0217895
juelich_pilot_d30_r2_log_distance_s02_w1,juelich,12345,2,2,log-distance,49,50,veh17,veh13,2,0,1,724.11,0,7.30174,7.55472,nan,nan,0,0.025,0.028,0.0217895
juelich_pilot_d30_r2_log_distance_s02_w1,juelich,12345,2,2,log-distance,49,50,veh17,veh15,2,2,0,340.365,1,7.30174,9.21604,-77.3165,13.297,2,0.025,0.021,0.0217895
juelich_pilot_d30_r2_log_distance_s02_w1,juelich,12345,2,2,log-distance,49,50,veh17,veh16,2,1,0.5,561.89,0,7.30174,12.6549,-81.6506,15.3257,1,0.025,0.017,0.0217895
juelich_pilot_d30_r2_log_distance_s02_w1,juelich,12345,2,2,log-distance,49,50,veh17,veh18,2,2,0,43.3812,1,7.30174,1.51583,-59.4164,28.3471,2,0.025,0.023,0.0217895
juelich_pilot_d30_r2_log_distance_s02_w1,juelich,12345,2,2,log-distance,49,50,veh17,veh2,2,0,1,695.183,0,7.30174,0,nan,nan,0,0.025,0.015,0.0217895
juelich_pilot_d30_r2_log_distance_s02_w1,juelich,12345,2,2,log-distance,49,50,veh17,veh3,2,1,0.5,476.812,1,7.30174,12.7346,-80.2192,16.7571,1,0.025,0.017,0.0217895
juelich_pilot_d30_r2_log_distance_s02_w1,juelich,12345,2,2,log-distance,49,50,veh17,veh4,2,0,1,753.081,0,7.30174,11.3771,nan,nan,0,0.025,0.028,0.0217895
juelich_pilot_d30_r2_log_distance_s02_w1,juelich,12345,2,2,log-distance,49,50,veh17,veh5,2,2,0,118.27,1,7.30174,8.0518,-68.1348,21.0751,2,0.025,0.025,0.0217895
juelich_pilot_d30_r2_log_distance_s02_w1,juelich,12345,2,2,log-distance,49,50,veh17,veh6,2,0,1,882.639,0,7.30174,10.1344,nan,nan,0,0.025,0.019,0.0217895
juelich_pilot_d30_r2_log_distance_s02_w1,juelich,12345,2,2,log-distance,49,50,veh17,veh7,2,2,0,151.093,1,7.30174,11.1611,-70.2626,16.2211,2,0.025,0.028,0.0217895
juelich_pilot_d30_r2_log_distance_s02_w1,juelich,12345,2,2,log-distance,49,50,veh17,veh8,2,1,0.5,437.316,1,7.30174,2.39886,-79.5238,17.4525,1,0.025,0.019,0.0217895
juelich_pilot_d30_r2_log_distance_s02_w1,juelich,12345,2,2,log-distance,49,50,veh17,veh9,2,0,1,821.335,0,7.30174,8.68851,nan,nan,0,0.025,0.024,0.0217895
juelich_pilot_d30_r2_log_distance_s02_w1,juelich,12345,2,2,log-distance,49,50,veh18,veh0,2,0,1,648.33,0,1.51583,13.4638,nan,nan,0,0.023,0.028,0.0217895
juelich_pilot_d30_r2_log_distance_s02_w1,juelich,12345,2,2,log-distance,49,50,veh18,veh1,2,0,1,867.099,0,1.51583,8.33239,nan,nan,0,0.023,0.02,0.0217895
juelich_pilot_d30_r2_log_distance_s02_w1,juelich,12345,2,2,log-distance,49,50,veh18,veh10,2,0,1,927.869,0,1.51583,6.46376,nan,nan,0,0.023,0.019,0.0217895
juelich_pilot_d30_r2_log_distance_s02_w1,juelich,12345,2,2,log-distance,49,50,veh18,veh11,2,0,1,856.649,0,1.51583,7.20358,nan,nan,0,0.023,0.021,0.0217895
juelich_pilot_d30_r2_log_distance_s02_w1,juelich,12345,2,2,log-distance,49,50,veh18,veh13,2,0,1,751.292,0,1.51583,7.55472,nan,nan,0,0.023,0.028,0.0217895
juelich_pilot_d30_r2_log_distance_s02_w1,juelich,12345,2,2,log-distance,49,50,veh18,veh15,2,2,0,382.434,1,1.51583,9.21604,-78.3288,18.6474,2,0.023,0.021,0.0217895
juelich_pilot_d30_r2_log_distance_s02_w1,juelich,12345,2,2,log-distance,49,50,veh18,veh16,2,2,0,554.667,0,1.51583,12.6549,-81.5582,15.418,2,0.023,0.017,0.0217895
juelich_pilot_d30_r2_log_distance_s02_w1,juelich,12345,2,2,log-distance,49,50,veh18,veh17,2,2,0,43.3812,1,1.51583,7.30174,-59.4164,37.5599,2,0.023,0.025,0.0217895
juelich_pilot_d30_r2_log_distance_s02_w1,juelich,12345,2,2,log-distance,49,50,veh18,veh2,2,0,1,654.109,0,1.51583,0,nan,nan,0,0.023,0.015,0.0217895
juelich_pilot_d30_r2_log_distance_s02_w1,juelich,12345,2,2,log-distance,49,50,veh18,veh3,2,2,0,436.029,1,1.51583,12.7346,-79.4678,17.5085,2,0.023,0.017,0.0217895
juelich_pilot_d30_r2_log_distance_s02_w1,juelich,12345,2,2,log-distance,49,50,veh18,veh4,2,0,1,773.757,0,1.51583,11.3771,nan,nan,0,0.023,0.028,0.0217895
juelich_pilot_d30_r2_log_distance_s02_w1,juelich,12345,2,2,log-distance,49,50,veh18,veh5,2,2,0,161.088,1,1.51583,8.0518,-70.8189,26.1573,2,0.023,0.025,0.0217895
juelich_pilot_d30_r2_log_distance_s02_w1,juelich,12345,2,2,log-distance,49,50,veh18,veh6,2,0,1,904.153,0,1.51583,10.1344,nan,nan,0,0.023,0.019,0.0217895
juelich_pilot_d30_r2_log_distance_s02_w1,juelich,12345,2,2,log-distance,49,50,veh18,veh7,2,2,0,115.176,1,1.51583,11.1611,-67.9049,29.0714,2,0.023,0.028,0.0217895
juelich_pilot_d30_r2_log_distance_s02_w1,juelich,12345,2,2,log-distance,49,50,veh18,veh8,2,2,0,395.174,1,1.51583,2.39886,-78.6135,18.3628,2,0.023,0.019,0.0217895
juelich_pilot_d30_r2_log_distance_s02_w1,juelich,12345,2,2,log-distance,49,50,veh18,veh9,2,0,1,835.129,0,1.51583,8.68851,nan,nan,0,0.023,0.024,0.0217895
juelich_pilot_d30_r2_log_distance_s02_w1,juelich,12345,2,2,log-distance,49,50,veh2,veh15,2,0,1,997.741,0,0,9.21604,nan,nan,0,0.015,0.021,0.0217895
juelich_pilot_d30_r2_log_distance_s02_w1,juelich,12345,2,2,log-distance,49,50,veh2,veh16,2,0,1,639.803,0,0,12.6549,nan,nan,0,0.015,0.017,0.0217895
juelich_pilot_d30_r2_log_distance_s02_w1,juelich,12345,2,2,log-distance,49,50,veh2,veh17,2,0,1,695.183,0,0,7.30174,nan,nan,0,0.015,0.025,0.0217895
juelich_pilot_d30_r2_log_distance_s02_w1,juelich,12345,2,2,log-distance,49,50,veh2,veh18,2,0,1,654.109,0,0,1.51583,nan,nan,0,0.015,0.023,0.0217895
juelich_pilot_d30_r2_log_distance_s02_w1,juelich,12345,2,2,log-distance,49,50,veh2,veh3,2,2,0,218.534,1,0,12.7346,-73.4672,15.9445,2,0.015,0.017,0.0217895
juelich_pilot_d30_r2_log_distance_s02_w1,juelich,12345,2,2,log-distance,49,50,veh2,veh5,2,0,1,800.733,0,0,8.0518,nan,nan,0,0.015,0.025,0.0217895
juelich_pilot_d30_r2_log_distance_s02_w1,juelich,12345,2,2,log-distance,49,50,veh2,veh7,2,0,1,602.925,0,0,11.1611,nan,nan,0,0.015,0.028,0.0217895
juelich_pilot_d30_r2_log_distance_s02_w1,juelich,12345,2,2,log-distance,49,50,veh2,veh8,2,2,0,392.614,1,0,2.39886,-78.557,10.0865,2,0.015,0.019,0.0217895
juelich_pilot_d30_r2_log_distance_s02_w1,juelich,12345,2,2,log-distance,49,50,veh3,veh15,2,0,1,782.576,0,12.7346,9.21604,nan,nan,0,0.017,0.021,0.0217895
juelich_pilot_d30_r2_log_distance_s02_w1,juelich,12345,2,2,log-distance,49,50,veh3,veh16,2,2,0,518.691,0,12.7346,12.6549,-80.9756,16.0006,2,0.017,0.017,0.0217895
juelich_pilot_d30_r2_log_distance_s02_w1,juelich,12345,2,2,log-distance,49,50,veh3,veh17,2,2,0,476.812,1,12.7346,7.30174,-80.2446,16.7317,2,0.017,0.025,0.0217895
juelich_pilot_d30_r2_log_distance_s02_w1,juelich,12345,2,2,log-distance,49,50,veh3,veh18,2,2,0,436.029,1,12.7346,1.51583,-79.4678,17.5085,2,0.017,0.023,0.0217895
juelich_pilot_d30_r2_log_distance_s02_w1,juelich,12345,2,2,log-distance,49,50,veh3,veh2,2,2,0,218.534,1,12.7346,0,-73.4672,23.5091,2,0.017,0.015,0.0217895
juelich_pilot_d30_r2_log_distance_s02_w1,juelich,12345,2,2,log-distance,49,50,veh3,veh5,2,1,0.5,582.434,0,12.7346,8.0518,-81.9486,15.0277,1,0.017,0.025,0.0217895
juelich_pilot_d30_r2_log_distance_s02_w1,juelich,12345,2,2,log-distance,49,50,veh3,veh7,2,2,0,392.353,1,12.7346,11.1611,-78.5512,18.425,2,0.017,0.028,0.0217895
juelich_pilot_d30_r2_log_distance_s02_w1,juelich,12345,2,2,log-distance,49,50,veh3,veh8,2,2,0,254.724,1,12.7346,2.39886,-74.799,22.1773,2,0.017,0.019,0.0217895
juelich_pilot_d30_r2_log_distance_s02_w1,juelich,12345,2,2,log-distance,49,50,veh4,veh0,2,2,0,397.642,1,11.3771,13.4638,-78.6675,18.3088,2,0.028,0.028,0.0217895
juelich_pilot_d30_r2_log_distance_s02_w1,juelich,12345,2,2,log-distance,49,50,veh4,veh1,2,2,0,242.183,1,11.3771,8.33239,-74.3604,22.6159,2,0.028,0.02,0.0217895
juelich_pilot_d30_r2_log_distance_s02_w1,juelich,12345,2,2,log-distance,49,50,veh4,veh10,2,2,0,154.75,1,11.3771,6.46376,-70.4689,26.5073,2,0.028,0.019,0.0217895
juelich_pilot_d30_r2_log_distance_s02_w1,juelich,12345,2,2,log-distance,49,50,veh4,veh11,2,2,0,214.788,1,11.3771,7.20358,-73.3177,23.6586,2,0.028,0.021,0.0217895
juelich_pilot_d30_r2_log_distance_s02_w1,juelich,12345,2,2,log-distance,49,50,veh4,veh12,2,2,0,361.531,1,11.3771,8.61912,-77.8406,19.1357,2,0.028,0.019,0.0217895
juelich_pilot_d30_r2_log_distance_s02_w1,juelich,12345,2,2,log-distance,49,50,veh4,veh13,2,2,0,137.693,1,11.3771,7.55472,-69.4559,27.5204,2,0.028,0.028,0.0217895
juelich_pilot_d30_r2_log_distance_s02_w1,juelich,12345,2,2,log-distance,49,50,veh4,veh14,2,2,0,447.627,1,11.3771,14.9691,-79.696,17.2803,2,0.028,0.018,0.0217895
juelich_pilot_d30_r2_log_distance_s02_w1,juelich,12345,2,2,log-distance,49,50,veh4,veh15,2,0,1,758.827,0,11.3771,9.21604,nan,nan,0,0.028,0.021,0.0217895
juelich_pilot_d30_r2_log_distance_s02_w1,juelich,12345,2,2,log-distance,49,50,veh4,veh17,2,0,1,753.081,0,11.3771,7.30174,nan,nan,0,0.028,0.025,0.0217895
juelich_pilot_d30_r2_log_distance_s02_w1,juelich,12345,2,2,log-distance,49,50,veh4,veh18,2,0,1,773.757,0,11.3771,1.51583,nan,nan,0,0.028,0.023,0.0217895
juelich_pilot_d30_r2_log_distance_s02_w1,juelich,12345,2,2,log-distance,49,50,veh4,veh5,2,0,1,728.896,0,11.3771,8.0518,nan,nan,0,0.028,0.025,0.0217895
juelich_pilot_d30_r2_log_distance_s02_w1,juelich,12345,2,2,log-distance,49,50,veh4,veh6,2,2,0,131.287,1,11.3771,10.1344,-69.0421,27.9342,2,0.028,0.019,0.0217895
juelich_pilot_d30_r2_log_distance_s02_w1,juelich,12345,2,2,log-distance,49,50,veh4,veh7,2,0,1,762.72,0,11.3771,11.1611,nan,nan,0,0.028,0.028,0.0217895
juelich_pilot_d30_r2_log_distance_s02_w1,juelich,12345,2,2,log-distance,49,50,veh4,veh8,2,0,1,958.19,0,11.3771,2.39886,nan,nan,0,0.028,0.019,0.0217895
juelich_pilot_d30_r2_log_distance_s02_w1,juelich,12345,2,2,log-distance,49,50,veh4,veh9,2,2,0,152.208,1,11.3771,8.68851,-70.326,26.6503,2,0.028,0.024,0.0217895
juelich_pilot_d30_r2_log_distance_s02_w1,juelich,12345,2,2,log-distance,49,50,veh5,veh0,2,2,0,528.888,0,8.0518,13.4638,-81.145,15.8313,2,0.025,0.028,0.0217895
juelich_pilot_d30_r2_log_distance_s02_w1,juelich,12345,2,2,log-distance,49,50,veh5,veh1,2,0,1,864.336,0,8.0518,8.33239,nan,nan,0,0.025,0.02,0.0217895
juelich_pilot_d30_r2_log_distance_s02_w1,juelich,12345,2,2,log-distance,49,50,veh5,veh10,2,0,1,877.717,0,8.0518,6.46376,nan,nan,0,0.025,0.019,0.0217895
juelich_pilot_d30_r2_log_distance_s02_w1,juelich,12345,2,2,log-distance,49,50,veh5,veh11,2,0,1,849.295,0,8.0518,7.20358,nan,nan,0,0.025,0.021,0.0217895
juelich_pilot_d30_r2_log_distance_s02_w1,juelich,12345,2,2,log-distance,49,50,veh5,veh12,2,0,1,938.398,0,8.0518,8.61912,nan,nan,0,0.025,0.019,0.0217895
juelich_pilot_d30_r2_log_distance_s02_w1,juelich,12345,2,2,log-distance,49,50,veh5,veh13,2,0,1,679.246,0,8.0518,7.55472,nan,nan,0,0.025,0.028,0.0217895
juelich_pilot_d30_r2_log_distance_s02_w1,juelich,12345,2,2,log-distance,49,50,veh5,veh14,2,0,1,990.061,0,8.0518,14.9691,nan,nan,0,0.025,0.018,0.0217895
juelich_pilot_d30_r2_log_distance_s02_w1,juelich,12345,2,2,log-distance,49,50,veh5,veh15,2,2,0,222.576,1,8.0518,9.21604,-73.6273,23.349,2,0.025,0.021,0.0217895
juelich_pilot_d30_r2_log_distance_s02_w1,juelich,12345,2,2,log-distance,49,50,veh5,veh16,2,2,0,576.172,0,8.0518,12.6549,-81.8887,15.0875,2,0.025,0.017,0.0217895
juelich_pilot_d30_r2_log_distance_s02_w1,juelich,12345,2,2,log-distance,49,50,veh5,veh17,2,2,0,118.27,1,8.0518,7.30174,-68.1348,28.8415,2,0.025,0.025,0.0217895
juelich_pilot_d30_r2_log_distance_s02_w1,juelich,12345,2,2,log-distance,49,50,veh5,veh18,2,2,0,161.088,1,8.0518,1.51583,-70.8189,26.1573,2,0.025,0.023,0.0217895
juelich_pilot_d30_r2_log_distance_s02_w1,juelich,12345,2,2,log-distance,49,50,veh5,veh2,2,0,1,800.733,0,8.0518,0,nan,nan,0,0.025,0.015,0.0217895
juelich_pilot_d30_r2_log_distance_s02_w1,juelich,12345,2,2,log-distance,49,50,veh5,veh3,2,1,0.5,582.434,0,8.0518,12.7346,-81.9486,15.0277,1,0.025,0.017,0.0217895
juelich_pilot_d30_r2_log_distance_s02_w1,juelich,12345,2,2,log-distance,49,50,veh5,veh4,2,0,1,728.896,0,8.0518,11.3771,nan,nan,0,0.025,0.028,0.0217895
juelich_pilot_d30_r2_log_distance_s02_w1,juelich,12345,2,2,log-distance,49,50,veh5,veh6,2,0,1,854.07,0,8.0518,10.1344,nan,nan,0,0.025,0.019,0.0217895
juelich_pilot_d30_r2_log_distance_s02_w1,juelich,12345,2,2,log-distance,49,50,veh5,veh7,2,2,0,265.978,1,8.0518,11.1611,-75.1746,21.8017,2,0.025,0.028,0.0217895
juelich_pilot_d30_r2_log_distance_s02_w1,juelich,12345,2,2,log-distance,49,50,veh5,veh8,2,2,0,555.517,0,8.0518,2.39886,-81.5716,15.4046,2,0.025,0.019,0.0217895
juelich_pilot_d30_r2_log_distance_s02_w1,juelich,12345,2,2,log-distance,49,50,veh5,veh9,2,0,1,816.814,0,8.0518,8.68851,nan,nan,0,0.025,0.024,0.0217895
juelich_pilot_d30_r2_log_distance_s02_w1,juelich,12345,2,2,log-distance,49,50,veh6,veh0,2,2,0,470.11,1,10.1344,13.4638,-80.1217,16.8546,2,0.019,0.028,0.0217895
juelich_pilot_d30_r2_log_distance_s02_w1,juelich,12345,2,2,log-distance,49,50,veh6,veh1,2,2,0,260.213,1,10.1344,8.33239,-74.9837,21.9926,2,0.019,0.02,0.0217895
juelich_pilot_d30_r2_log_distance_s02_w1,juelich,12345,2,2,log-distance,49,50,veh6,veh10,2,2,0,23.8629,1,10.1344,6.46376,-54.1971,42.7792,2,0.019,0.019,0.0217895
juelich_pilot_d30_r2_log_distance_s02_w1,juelich,12345,2,2,log-distance,49,50,veh6,veh11,2,2,0,234.971,1,10.1344,7.20358,-74.0974,22.8789,2,0.019,0.021,0.0217895
juelich_pilot_d30_r2_log_distance_s02_w1,juelich,12345,2,2,log-distance,49,50,veh6,veh12,2,2,0,287.284,1,10.1344,8.61912,-75.8439,21.1324,2,0.019,0.019,0.0217895
juelich_pilot_d30_r2_log_distance_s02_w1,juelich,12345,2,2,log-distance,49,50,veh6,veh13,2,2,0,201.834,1,10.1344,7.55472,-72.7764,24.1998,2,0.019,0.028,0.0217895
juelich_pilot_d30_r2_log_distance_s02_w1,juelich,12345,2,2,log-distance,49,50,veh6,veh14,2,2,0,373.917,1,10.1344,14.9691,-78.1331,18.8432,2,0.019,0.018,0.0217895
juelich_pilot_d30_r2_log_distance_s02_w1,juelich,12345,2,2,log-distance,49,50,veh6,veh15,2,0,1,868.352,0,10.1344,9.21604,nan,nan,0,0.019,0.021,0.0217895
juelich_pilot_d30_r2_log_distance_s02_w1,juelich,12345,2,2,log-distance,49,50,veh6,veh17,2,0,1,882.639,0,10.1344,7.30174,nan,nan,0,0.019,0.025,0.0217895
juelich_pilot_d30_r2_log_distance_s02_w1,juelich,12345,2,2,log-distance,49,50,veh6,veh18,2,0,1,904.153,0,10.1344,1.51583,nan,nan,0,0.019,0.023,0.0217895
juelich_pilot_d30_r2_log_distance_s02_w1,juelich,12345,2,2,log-distance,49,50,veh6,veh4,2,2,0,131.287,1,10.1344,11.3771,-69.0421,27.9342,2,0.019,0.028,0.0217895
juelich_pilot_d30_r2_log_distance_s02_w1,juelich,12345,2,2,log-distance,49,50,veh6,veh5,2,0,1,854.07,0,10.1344,8.0518,nan,nan,0,0.019,0.025,0.0217895
juelich_pilot_d30_r2_log_distance_s02_w1,juelich,12345,2,2,log-distance,49,50,veh6,veh7,2,0,1,893.977,0,10.1344,11.1611,nan,nan,0,0.019,0.028,0.0217895
juelich_pilot_d30_r2_log_distance_s02_w1,juelich,12345,2,2,log-distance,49,50,veh6,veh9,2,2,0,180.087,1,10.1344,8.68851,-71.7859,25.1903,2,0.019,0.024,0.0217895
juelich_pilot_d30_r2_log_distance_s02_w1,juelich,12345,2,2,log-distance,49,50,veh7,veh0,2,0,1,698.157,0,11.1611,13.4638,nan,nan,0,0.028,0.028,0.0217895
juelich_pilot_d30_r2_log_distance_s02_w1,juelich,12345,2,2,log-distance,49,50,veh7,veh1,2,0,1,824.216,0,11.1611,8.33239,nan,nan,0,0.028,0.02,0.0217895
juelich_pilot_d30_r2_log_distance_s02_w1,juelich,12345,2,2,log-distance,49,50,veh7,veh10,2,0,1,917.298,0,11.1611,6.46376,nan,nan,0,0.028,0.019,0.0217895
juelich_pilot_d30_r2_log_distance_s02_w1,juelich,12345,2,2,log-distance,49,50,veh7,veh11,2,0,1,817.117,0,11.1611,7.20358,nan,nan,0,0.028,0.021,0.0217895
juelich_pilot_d30_r2_log_distance_s02_w1,juelich,12345,2,2,log-distance,49,50,veh7,veh13,2,0,1,760.963,0,11.1611,7.55472,nan,nan,0,0.028,0.028,0.0217895
juelich_pilot_d30_r2_log_distance_s02_w1,juelich,12345,2,2,log-distance,49,50,veh7,veh15,2,2,0,488.275,1,11.1611,9.21604,-80.451,16.5253,2,0.028,0.021,0.0217895
juelich_pilot_d30_r2_log_distance_s02_w1,juelich,12345,2,2,log-distance,49,50,veh7,veh16,2,0,1,623.807,0,11.1611,12.6549,nan,nan,0,0.028,0.017,0.0217895
juelich_pilot_d30_r2_log_distance_s02_w1,juelich,12345,2,2,log-distance,49,50,veh7,veh17,2,2,0,151.093,1,11.1611,7.30174,-70.2626,26.7137,2,0.028,0.025,0.0217895
juelich_pilot_d30_r2_log_distance_s02_w1,juelich,12345,2,2,log-distance,49,50,veh7,veh18,2,2,0,115.176,1,11.1611,1.51583,-67.9049,29.0714,2,0.028,0.023,0.0217895
juelich_pilot_d30_r2_log_distance_s02_w1,juelich,12345,2,2,log-distance,49,50,veh7,veh2,2,0,1,602.925,0,11.1611,0,nan,nan,0,0.028,0.015,0.0217895
juelich_pilot_d30_r2_log_distance_s02_w1,juelich,12345,2,2,log-distance,49,50,veh7,veh3,2,2,0,392.353,1,11.1611,12.7346,-78.5512,18.425,2,0.028,0.017,0.0217895
juelich_pilot_d30_r2_log_distance_s02_w1,juelich,12345,2,2,log-distance,49,50,veh7,veh4,2,0,1,762.72,0,11.1611,11.3771,nan,nan,0,0.028,0.028,0.0217895
juelich_pilot_d30_r2_log_distance_s02_w1,juelich,12345,2,2,log-distance,49,50,veh7,veh5,2,2,0,265.978,1,11.1611,8.0518,-75.1746,21.8017,2,0.028,0.025,0.0217895
juelich_pilot_d30_r2_log_distance_s02_w1,juelich,12345,2,2,log-distance,49,50,veh7,veh6,2,0,1,893.977,0,11.1611,10.1344,nan,nan,0,0.028,0.019,0.0217895
juelich_pilot_d30_r2_log_distance_s02_w1,juelich,12345,2,2,log-distance,49,50,veh7,veh8,2,2,0,295.152,1,11.1611,2.39886,-76.0785,20.8978,2,0.028,0.019,0.0217895
juelich_pilot_d30_r2_log_distance_s02_w1,juelich,12345,2,2,log-distance,49,50,veh7,veh9,2,0,1,803.656,0,11.1611,8.68851,nan,nan,0,0.028,0.024,0.0217895
juelich_pilot_d30_r2_log_distance_s02_w1,juelich,12345,2,2,log-distance,49,50,veh8,veh0,2,0,1,973.365,0,2.39886,13.4638,nan,nan,0,0.019,0.028,0.0217895
juelich_pilot_d30_r2_log_distance_s02_w1,juelich,12345,2,2,log-distance,49,50,veh8,veh1,2,0,1,951.678,0,2.39886,8.33239,nan,nan,0,0.019,0.02,0.0217895
juelich_pilot_d30_r2_log_distance_s02_w1,juelich,12345,2,2,log-distance,49,50,veh8,veh11,2,0,1,952.791,0,2.39886,7.20358,nan,nan,0,0.019,0.021,0.0217895
juelich_pilot_d30_r2_log_distance_s02_w1,juelich,12345,2,2,log-distance,49,50,veh8,veh13,2,0,1,988.991,0,2.39886,7.55472,nan,nan,0,0.019,0.028,0.0217895
juelich_pilot_d30_r2_log_distance_s02_w1,juelich,12345,2,2,log-distance,49,50,veh8,veh15,2,0,1,777.568,0,2.39886,9.21604,nan,nan,0,0.019,0.021,0.0217895
juelich_pilot_d30_r2_log_distance_s02_w1,juelich,12345,2,2,log-distance,49,50,veh8,veh16,2,0,1,719.369,0,2.39886,12.6549,nan,nan,0,0.019,0.017,0.0217895
juelich_pilot_d30_r2_log_distance_s02_w1,juelich,12345,2,2,log-distance,49,50,veh8,veh17,2,1,0.5,437.316,1,2.39886,7.30174,-79.5238,17.4525,1,0.019,0.025,0.0217895
juelich_pilot_d30_r2_log_distance_s02_w1,juelich,12345,2,2,log-distance,49,50,veh8,veh18,2,1,0.5,395.174,1,2.39886,1.51583,-78.6134,18.3629,1,0.019,0.023,0.0217895
juelich_pilot_d30_r2_log_distance_s02_w1,juelich,12345,2,2,log-distance,49,50,veh8,veh2,2,2,0,392.614,1,2.39886,0,-78.557,11.5847,2,0.019,0.015,0.0217895
juelich_pilot_d30_r2_log_distance_s02_w1,juelich,12345,2,2,log-distance,49,50,veh8,veh3,2,2,0,254.724,1,2.39886,12.7346,-74.799,22.1773,2,0.019,0.017,0.0217895
juelich_pilot_d30_r2_log_distance_s02_w1,juelich,12345,2,2,log-distance,49,50,veh8,veh4,2,0,1,958.19,0,2.39886,11.3771,nan,nan,0,0.019,0.028,0.0217895
juelich_pilot_d30_r2_log_distance_s02_w1,juelich,12345,2,2,log-distance,49,50,veh8,veh5,2,1,0.5,555.517,0,2.39886,8.0518,-81.5766,15.3996,1,0.019,0.025,0.0217895
juelich_pilot_d30_r2_log_distance_s02_w1,juelich,12345,2,2,log-distance,49,50,veh8,veh7,2,1,0.5,295.152,1,2.39886,11.1611,-76.131,20.8453,1,0.019,0.028,0.0217895
juelich_pilot_d30_r2_log_distance_s02_w1,juelich,12345,2,2,log-distance,49,50,veh8,veh9,2,0,1,957.81,0,2.39886,8.68851,nan,nan,0,0.019,0.024,0.0217895
juelich_pilot_d30_r2_log_distance_s02_w1,juelich,12345,2,2,log-distance,49,50,veh9,veh0,2,2,0,546.312,0,8.68851,13.4638,-81.4265,15.5498,2,0.024,0.028,0.0217895
juelich_pilot_d30_r2_log_distance_s02_w1,juelich,12345,2,2,log-distance,49,50,veh9,veh1,2,2,0,91.0375,1,8.68851,8.33239,-65.8621,31.1142,2,0.024,0.02,0.0217895
juelich_pilot_d30_r2_log_distance_s02_w1,juelich,12345,2,2,log-distance,49,50,veh9,veh10,2,2,0,190.959,1,8.68851,6.46376,-72.2965,24.6798,2,0.024,0.019,0.0217895
juelich_pilot_d30_r2_log_distance_s02_w1,juelich,12345,2,2,log-distance,49,50,veh9,veh11,2,2,0,63.393,1,8.68851,7.20358,-62.7184,34.2579,2,0.024,0.021,0.0217895
juelich_pilot_d30_r2_log_distance_s02_w1,juelich,12345,2,2,log-distance,49,50,veh9,veh12,2,2,0,465.721,1,8.68851,8.61912,-80.04,16.9363,2,0.024,0.019,0.0217895
juelich_pilot_d30_r2_log_distance_s02_w1,juelich,12345,2,2,log-distance,49,50,veh9,veh13,2,2,0,289.59,1,8.68851,7.55472,-75.9131,21.0632,2,0.024,0.028,0.0217895
juelich_pilot_d30_r2_log_distance_s02_w1,juelich,12345,2,2,log-distance,49,50,veh9,veh14,2,2,0,552.824,0,8.68851,14.9691,-81.5291,15.4472,2,0.024,0.018,0.0217895
juelich_pilot_d30_r2_log_distance_s02_w1,juelich,12345,2,2,log-distance,49,50,veh9,veh15,2,0,1,877.216,0,8.68851,9.21604,nan,nan,0,0.024,0.021,0.0217895
juelich_pilot_d30_r2_log_distance_s02_w1,juelich,12345,2,2,log-distance,49,50,veh9,veh17,2,0,1,821.335,0,8.68851,7.30174,nan,nan,0,0.024,0.025,0.0217895
juelich_pilot_d30_r2_log_distance_s02_w1,juelich,12345,2,2,log-distance,49,50,veh9,veh18,2,0,1,835.129,0,8.68851,1.51583,nan,nan,0,0.024,0.023,0.0217895
juelich_pilot_d30_r2_log_distance_s02_w1,juelich,12345,2,2,log-distance,49,50,veh9,veh4,2,2,0,152.208,1,8.68851,11.3771,-70.326,26.6503,2,0.024,0.028,0.0217895
juelich_pilot_d30_r2_log_distance_s02_w1,juelich,12345,2,2,log-distance,49,50,veh9,veh5,2,0,1,816.814,0,8.68851,8.0518,nan,nan,0,0.024,0.025,0.0217895
juelich_pilot_d30_r2_log_distance_s02_w1,juelich,12345,2,2,log-distance,49,50,veh9,veh6,2,2,0,180.087,1,8.68851,10.1344,-71.7859,25.1903,2,0.024,0.019,0.0217895
juelich_pilot_d30_r2_log_distance_s02_w1,juelich,12345,2,2,log-distance,49,50,veh9,veh7,2,0,1,803.656,0,8.68851,11.1611,nan,nan,0,0.024,0.028,0.0217895
juelich_pilot_d30_r2_log_distance_s02_w1,juelich,12345,2,2,log-distance,49,50,veh9,veh8,2,0,1,957.81,0,8.68851,2.39886,nan,nan,0,0.024,0.019,0.0217895
